central and south florida,Cubanelles,2020,8,17.35,ProduceIQ,Winter
central and south florida,Jalapeno,2020,8,24.6,ProduceIQ,Winter
mexico crossings through nogales arizona,Serrano,2020,8,19.0,ProduceIQ,Winter
mexico crossings through nogales arizona,Jalapeno,2020,8,20.14,ProduceIQ,Winter
mexico crossings through nogales arizona,Poblano,2020,8,26.6,ProduceIQ,Winter
mexico crossings through texas,Habanero,2020,8,17.0,ProduceIQ,Winter
mexico crossings through texas,Poblano,2020,8,17.0,ProduceIQ,Winter
mexico crossings through texas,Serrano,2020,8,18.0,ProduceIQ,Winter
mexico crossings through texas,Jalapeno,2020,8,17.0,ProduceIQ,Winter
mexico crossings through texas,Anaheim,2020,8,15.5,ProduceIQ,Winter
mexico crossings through nogales arizona,Anaheim,2020,8,26.6,ProduceIQ,Winter
central and south florida,Jalapeno,2020,15,24.6,ProduceIQ,Winter
mexico crossings through nogales arizona,Anaheim,2020,15,34.2,ProduceIQ,Winter
central and south florida,Cubanelles,2020,15,20.35,ProduceIQ,Winter
mexico crossings through nogales arizona,Serrano,2020,15,22.04,ProduceIQ,Winter
mexico crossings through nogales arizona,Poblano,2020,15,24.7,ProduceIQ,Winter
mexico crossings through nogales arizona,Jalapeno,2020,15,13.3,ProduceIQ,Winter
mexico crossings through texas,Poblano,2020,15,17.0,ProduceIQ,Winter
mexico crossings through texas,Jalapeno,2020,15,15.0,ProduceIQ,Winter
mexico crossings through texas,Serrano,2020,15,17.0,ProduceIQ,Winter
mexico crossings through texas,Habanero,2020,15,16.0,ProduceIQ,Winter
mexico crossings through nogales arizona,Jalapeno,2020,22,12.54,ProduceIQ,Winter
mexico crossings through nogales arizona,Serrano,2020,22,19.0,ProduceIQ,Winter
central and south florida,Jalapeno,2020,22,22.35,ProduceIQ,Winter
mexico crossings through nogales arizona,Anaheim,2020,22,27.74,ProduceIQ,Winter
mexico crossings through texas,Jalapeno,2020,22,14.0,ProduceIQ,Winter
mexico crossings through texas,Habanero,2020,22,14.0,ProduceIQ,Winter
mexico crossings through texas,Poblano,2020,22,17.0,ProduceIQ,Winter
mexico crossings through texas,Serrano,2020,22,16.5,ProduceIQ,Winter
central and south florida,Long Hot,2020,22,10.6,ProduceIQ,Winter
mexico crossings through nogales arizona,Poblano,2020,22,27.74,ProduceIQ,Winter
central and south florida,Jalapeno,2020,29,21.35,ProduceIQ,Winter
mexico crossings through nogales arizona,Jalapeno,2020,29,13.3,ProduceIQ,Winter
mexico crossings through nogales arizona,Poblano,2020,29,23.94,ProduceIQ,Winter
central and south florida,Long Hot,2020,29,10.35,ProduceIQ,Winter
mexico crossings through nogales arizona,Anaheim,2020,29,23.94,ProduceIQ,Winter
mexico crossings through texas,Serrano,2020,29,18.0,ProduceIQ,Winter
mexico crossings through nogales arizona,Serrano,2020,29,16.34,ProduceIQ,Winter
mexico crossings through texas,Habanero,2020,29,13.0,ProduceIQ,Winter
mexico crossings through texas,Jalapeno,2020,29,13.25,ProduceIQ,Winter
mexico crossings through texas,Poblano,2020,29,16.0,ProduceIQ,Winter
mexico crossings through nogales arizona,Serrano,2020,36,18.24,ProduceIQ,Winter
mexico crossings through texas,Serrano,2020,36,18.18,ProduceIQ,Winter
mexico crossings through nogales arizona,Jalapeno,2020,36,15.2,ProduceIQ,Winter
mexico crossings through texas,Anaheim,2020,36,21.35,ProduceIQ,Winter
mexico crossings through texas,Jalapeno,2020,36,17.68,ProduceIQ,Winter
mexico crossings through texas,Habanero,2020,36,13.5,ProduceIQ,Winter
mexico crossings through texas,Poblano,2020,36,15.35,ProduceIQ,Winter
mexico crossings through nogales arizona,Poblano,2020,36,25.84,ProduceIQ,Winter
mexico crossings through nogales arizona,Anaheim,2020,36,30.4,ProduceIQ,Winter
mexico crossings through nogales arizona,Poblano,2020,43,23.94,ProduceIQ,Winter
mexico crossings through nogales arizona,Jalapeno,2020,43,18.62,ProduceIQ,Winter
mexico crossings through nogales arizona,Anaheim,2020,43,30.4,ProduceIQ,Winter
mexico crossings through nogales arizona,Serrano,2020,43,20.14,ProduceIQ,Winter
mexico crossings through texas,Jalapeno,2020,43,17.75,ProduceIQ,Winter
mexico crossings through texas,Poblano,2020,43,13.85,ProduceIQ,Winter
mexico crossings through texas,Serrano,2020,43,19.85,ProduceIQ,Winter
mexico crossings through texas,Anaheim,2020,43,20.85,ProduceIQ,Winter
mexico crossings through texas,Habanero,2020,43,13.0,ProduceIQ,Winter
mexico crossings through nogales arizona,Jalapeno,2020,50,15.2,ProduceIQ,Winter
mexico crossings through nogales arizona,Anaheim,2020,50,29.64,ProduceIQ,Winter
mexico crossings through nogales arizona,Poblano,2020,50,20.14,ProduceIQ,Winter
mexico crossings through texas,Habanero,2020,50,13.5,ProduceIQ,Winter
mexico crossings through nogales arizona,Serrano,2020,50,17.1,ProduceIQ,Winter
mexico crossings through texas,Jalapeno,2020,50,16.5,ProduceIQ,Winter
mexico crossings through texas,Serrano,2020,50,20.35,ProduceIQ,Winter
mexico crossings through texas,Anaheim,2020,50,20.85,ProduceIQ,Winter
mexico crossings through texas,Poblano,2020,50,13.35,ProduceIQ,Winter
central and south florida,Long Hot,2020,57,23.85,ProduceIQ,Winter
mexico crossings through nogales arizona,Poblano,2020,57,22.8,ProduceIQ,Winter
mexico crossings through nogales arizona,Jalapeno,2020,57,17.1,ProduceIQ,Winter
central and south florida,Cubanelles,2020,57,32.35,ProduceIQ,Winter
central and south florida,Jalapeno,2020,57,22.35,ProduceIQ,Winter
mexico crossings through nogales arizona,Serrano,2020,57,23.94,ProduceIQ,Winter
mexico crossings through texas,Serrano,2020,57,22.35,ProduceIQ,Winter
mexico crossings through texas,Poblano,2020,57,13.18,ProduceIQ,Winter
mexico crossings through texas,Anaheim,2020,57,18.85,ProduceIQ,Winter
mexico crossings through texas,Habanero,2020,57,10.25,ProduceIQ,Winter
mexico crossings through texas,Jalapeno,2020,57,15.25,ProduceIQ,Winter
mexico crossings through nogales arizona,Anaheim,2020,57,34.2,ProduceIQ,Winter
mexico crossings through nogales arizona,Anaheim,2020,64,34.2,ProduceIQ,Winter
mexico crossings through nogales arizona,Serrano,2020,64,27.74,ProduceIQ,Winter
mexico crossings through texas,Serrano,2020,64,20.85,ProduceIQ,Winter
mexico crossings through nogales arizona,Poblano,2020,64,22.8,ProduceIQ,Winter
mexico crossings through texas,Poblano,2020,64,12.75,ProduceIQ,Winter
mexico crossings through texas,Anaheim,2020,64,19.35,ProduceIQ,Winter
mexico crossings through texas,Habanero,2020,64,11.25,ProduceIQ,Winter
mexico crossings through nogales arizona,Jalapeno,2020,64,17.1,ProduceIQ,Winter
mexico crossings through texas,Jalapeno,2020,64,15.25,ProduceIQ,Winter
central and south florida,Cubanelles,2020,71,26.35,ProduceIQ,Winter
mexico crossings through nogales arizona,Serrano,2020,71,31.54,ProduceIQ,Winter
mexico crossings through texas,Poblano,2020,71,13.25,ProduceIQ,Winter
mexico crossings through texas,Serrano,2020,71,25.35,ProduceIQ,Winter
mexico crossings through nogales arizona,Jalapeno,2020,71,19.0,ProduceIQ,Winter
mexico crossings through nogales arizona,Anaheim,2020,71,26.6,ProduceIQ,Winter
mexico crossings through texas,Habanero,2020,71,13.5,ProduceIQ,Winter
mexico crossings through nogales arizona,Poblano,2020,71,26.6,ProduceIQ,Winter
mexico crossings through texas,Anaheim,2020,71,19.85,ProduceIQ,Winter
central and south florida,Jalapeno,2020,71,21.35,ProduceIQ,Winter
mexico crossings through texas,Jalapeno,2020,71,18.45,ProduceIQ,Winter
central and south florida,Cubanelles,2020,78,25.35,ProduceIQ,Winter
mexico crossings through texas,Poblano,2020,78,20.5,ProduceIQ,Winter
mexico crossings through texas,Habanero,2020,78,14.5,ProduceIQ,Winter
mexico crossings through nogales arizona,Anaheim,2020,78,29.64,ProduceIQ,Winter
mexico crossings through nogales arizona,Poblano,2020,78,29.64,ProduceIQ,Winter
mexico crossings through texas,Serrano,2020,78,31.85,ProduceIQ,Winter
central and south florida,Long Hot,2020,78,31.35,ProduceIQ,Winter
mexico crossings through texas,Jalapeno,2020,78,25.45,ProduceIQ,Winter
mexico crossings through texas,Anaheim,2020,78,21.4,ProduceIQ,Winter
mexico crossings through nogales arizona,Serrano,2020,78,35.34,ProduceIQ,Winter
mexico crossings through nogales arizona,Jalapeno,2020,78,24.7,ProduceIQ,Winter
central and south florida,Jalapeno,2020,78,23.35,ProduceIQ,Winter
mexico crossings through nogales arizona,Jalapeno,2020,85,16.34,ProduceIQ,Winter
mexico crossings through nogales arizona,Poblano,2020,85,22.8,ProduceIQ,Winter
mexico crossings through texas,Jalapeno,2020,85,20.45,ProduceIQ,Winter
mexico crossings through nogales arizona,Serrano,2020,85,35.34,ProduceIQ,Winter
mexico crossings through nogales arizona,Anaheim,2020,85,23.94,ProduceIQ,Winter
mexico crossings through texas,Anaheim,2020,85,21.4,ProduceIQ,Winter
mexico crossings through texas,Habanero,2020,85,13.5,ProduceIQ,Winter
mexico crossings through texas,Serrano,2020,85,30.35,ProduceIQ,Winter
mexico crossings through texas,Poblano,2020,85,18.35,ProduceIQ,Winter
mexico crossings through nogales arizona,Poblano,2020,92,16.34,ProduceIQ,Winter
mexico crossings through texas,Serrano,2020,92,26.35,ProduceIQ,Winter
mexico crossings through texas,Habanero,2020,92,10.75,ProduceIQ,Winter
mexico crossings through nogales arizona,Serrano,2020,92,22.04,ProduceIQ,Winter
mexico crossings through texas,Jalapeno,2020,92,16.45,ProduceIQ,Winter
central and south florida,Jalapeno,2020,92,17.35,ProduceIQ,Winter
mexico crossings through texas,Anaheim,2020,92,17.4,ProduceIQ,Winter
mexico crossings through nogales arizona,Anaheim,2020,92,13.3,ProduceIQ,Winter
mexico crossings through texas,Poblano,2020,92,15.35,ProduceIQ,Winter
mexico crossings through nogales arizona,Jalapeno,2020,92,12.54,ProduceIQ,Winter
central and south florida,Jalapeno,2020,99,15.35,ProduceIQ,Winter
mexico crossings through texas,Jalapeno,2020,99,17.45,ProduceIQ,Winter
mexico crossings through nogales arizona,Poblano,2020,99,16.34,ProduceIQ,Winter
mexico crossings through nogales arizona,Jalapeno,2020,99,14.44,ProduceIQ,Winter
mexico crossings through nogales arizona,Anaheim,2020,99,23.94,ProduceIQ,Winter
mexico crossings through texas,Serrano,2020,99,28.35,ProduceIQ,Winter
mexico crossings through texas,Anaheim,2020,99,19.35,ProduceIQ,Winter
mexico crossings through nogales arizona,Serrano,2020,99,22.04,ProduceIQ,Winter
mexico crossings through texas,Habanero,2020,99,11.5,ProduceIQ,Winter
mexico crossings through texas,Poblano,2020,99,13.85,ProduceIQ,Winter
mexico crossings through nogales arizona,Anaheim,2020,106,22.8,ProduceIQ,Winter
mexico crossings through nogales arizona,Jalapeno,2020,106,20.14,ProduceIQ,Winter
central and south florida,Jalapeno,2020,106,18.35,ProduceIQ,Winter
mexico crossings through texas,Poblano,2020,106,13.85,ProduceIQ,Winter
mexico crossings through nogales arizona,Serrano,2020,106,22.04,ProduceIQ,Winter
mexico crossings through texas,Habanero,2020,106,13.5,ProduceIQ,Winter
mexico crossings through texas,Anaheim,2020,106,20.35,ProduceIQ,Winter
mexico crossings through nogales arizona,Poblano,2020,106,17.1,ProduceIQ,Winter
mexico crossings through texas,Jalapeno,2020,106,21.45,ProduceIQ,Winter
mexico crossings through texas,Serrano,2020,106,32.35,ProduceIQ,Winter
mexico crossings through nogales arizona,Serrano,2020,113,37.24,ProduceIQ,Winter
mexico crossings through texas,Anaheim,2020,113,21.35,ProduceIQ,Winter
central and south florida,Jalapeno,2020,113,19.35,ProduceIQ,Winter
mexico crossings through nogales arizona,Poblano,2020,113,20.9,ProduceIQ,Winter
mexico crossings through texas,Jalapeno,2020,113,22.45,ProduceIQ,Winter
mexico crossings through nogales arizona,Anaheim,2020,113,25.84,ProduceIQ,Winter
mexico crossings through texas,Habanero,2020,113,13.5,ProduceIQ,Winter
mexico crossings through texas,Serrano,2020,113,34.35,ProduceIQ,Winter
mexico crossings through nogales arizona,Jalapeno,2020,113,18.24,ProduceIQ,Winter
mexico crossings through texas,Poblano,2020,113,14.35,ProduceIQ,Winter
mexico crossings through texas,Poblano,2020,120,14.35,ProduceIQ,Winter
mexico crossings through texas,Serrano,2020,120,30.35,ProduceIQ,Winter
mexico crossings through nogales arizona,Anaheim,2020,120,19.0,ProduceIQ,Winter
mexico crossings through nogales arizona,Serrano,2020,120,31.54,ProduceIQ,Winter
mexico crossings through texas,Habanero,2020,120,14.0,ProduceIQ,Winter
mexico crossings through nogales arizona,Poblano,2020,120,19.0,ProduceIQ,Winter
mexico crossings through nogales arizona,Jalapeno,2020,120,15.2,ProduceIQ,Winter
mexico crossings through texas,Jalapeno,2020,120,18.45,ProduceIQ,Winter
central and south florida,Jalapeno,2020,120,20.35,ProduceIQ,Winter
mexico crossings through texas,Anaheim,2020,120,22.35,ProduceIQ,Winter
mexico crossings through nogales arizona,Poblano,2020,127,19.0,ProduceIQ,Winter
mexico crossings through texas,Anaheim,2020,127,22.35,ProduceIQ,Winter
mexico crossings through texas,Habanero,2020,127,18.0,ProduceIQ,Winter
mexico crossings through texas,Jalapeno,2020,127,15.45,ProduceIQ,Winter
mexico crossings through texas,Poblano,2020,127,16.35,ProduceIQ,Winter
mexico crossings through nogales arizona,Serrano,2020,127,31.54,ProduceIQ,Winter
central and south florida,Poblano,2020,127,18.35,ProduceIQ,Winter
mexico crossings through nogales arizona,Anaheim,2020,127,17.1,ProduceIQ,Winter
mexico crossings through nogales arizona,Jalapeno,2020,127,13.3,ProduceIQ,Winter
central and south florida,Jalapeno,2020,127,21.35,ProduceIQ,Winter
mexico crossings through texas,Serrano,2020,127,31.35,ProduceIQ,Winter
central and south florida,Cubanelles,2020,127,22.35,ProduceIQ,Winter
mexico crossings through texas,Anaheim,2020,134,23.35,ProduceIQ,Winter
central and south florida,Cubanelles,2020,134,22.35,ProduceIQ,Winter
mexico crossings through nogales arizona,Serrano,2020,134,31.54,ProduceIQ,Winter
mexico crossings through texas,Poblano,2020,134,17.35,ProduceIQ,Winter
mexico crossings through texas,Serrano,2020,134,38.35,ProduceIQ,Winter
mexico crossings through nogales arizona,Poblano,2020,134,20.9,ProduceIQ,Winter
mexico crossings through texas,Jalapeno,2020,134,18.45,ProduceIQ,Winter
mexico crossings through texas,Habanero,2020,134,18.5,ProduceIQ,Winter
mexico crossings through nogales arizona,Anaheim,2020,134,15.2,ProduceIQ,Winter
mexico crossings through nogales arizona,Jalapeno,2020,134,14.44,ProduceIQ,Winter
central and south florida,Jalapeno,2020,134,21.35,ProduceIQ,Winter
central and south florida,Poblano,2020,134,18.35,ProduceIQ,Winter
mexico crossings through texas,Habanero,2020,141,18.5,ProduceIQ,Winter
mexico crossings through texas,Jalapeno,2020,141,15.4,ProduceIQ,Winter
mexico crossings through texas,Anaheim,2020,141,21.85,ProduceIQ,Winter
mexico crossings through nogales arizona,Serrano,2020,141,34.2,ProduceIQ,Winter
mexico crossings through nogales arizona,Poblano,2020,141,19.0,ProduceIQ,Winter
mexico crossings through nogales arizona,Anaheim,2020,141,18.24,ProduceIQ,Winter
mexico crossings through texas,Poblano,2020,141,15.18,ProduceIQ,Winter
mexico crossings through texas,Serrano,2020,141,28.85,ProduceIQ,Winter
central and south florida,Jalapeno,2020,141,15.35,ProduceIQ,Winter
mexico crossings through nogales arizona,Jalapeno,2020,141,13.3,ProduceIQ,Winter
central and south florida,Jalapeno,2020,148,12.85,ProduceIQ,Winter
mexico crossings through nogales arizona,Anaheim,2020,148,20.14,ProduceIQ,Winter
mexico crossings through texas,Jalapeno,2020,148,15.4,ProduceIQ,Winter
mexico crossings through nogales arizona,Jalapeno,2020,148,13.3,ProduceIQ,Winter
mexico crossings through texas,Habanero,2020,148,20.5,ProduceIQ,Winter
mexico crossings through texas,Serrano,2020,148,27.85,ProduceIQ,Winter
mexico crossings through texas,Poblano,2020,148,15.18,ProduceIQ,Winter
mexico crossings through nogales arizona,Poblano,2020,148,20.14,ProduceIQ,Winter
mexico crossings through texas,Anaheim,2020,148,21.85,ProduceIQ,Winter
mexico crossings through texas,Serrano,2020,155,25.85,ProduceIQ,Winter
mexico crossings through texas,Jalapeno,2020,155,15.4,ProduceIQ,Winter
south georgia,Hungarian Wax,2020,155,24.6,ProduceIQ,Winter
south georgia,Jalapeno,2020,155,13.6,ProduceIQ,Winter
mexico crossings through texas,Anaheim,2020,155,21.85,ProduceIQ,Winter
mexico crossings through nogales arizona,Jalapeno,2020,155,10.64,ProduceIQ,Winter
mexico crossings through nogales arizona,Poblano,2020,155,20.14,ProduceIQ,Winter
south georgia,Cubanelles,2020,155,17.6,ProduceIQ,Winter
mexico crossings through texas,Habanero,2020,155,20.5,ProduceIQ,Winter
mexico crossings through nogales arizona,Anaheim,2020,155,22.04,ProduceIQ,Winter
mexico crossings through texas,Poblano,2020,155,14.0,ProduceIQ,Winter
south georgia,Hungarian Wax,2020,162,24.6,ProduceIQ,Winter
south georgia,Cubanelles,2020,162,16.6,ProduceIQ,Winter
mexico crossings through texas,Serrano,2020,162,26.85,ProduceIQ,Winter
mexico crossings through texas,Anaheim,2020,162,21.85,ProduceIQ,Winter
south georgia,Poblano,2020,162,16.6,ProduceIQ,Winter
mexico crossings through texas,Poblano,2020,162,14.0,ProduceIQ,Winter
south georgia,Jalapeno,2020,162,13.6,ProduceIQ,Winter
south georgia,Hungarian Wax,2020,162,12.6,ProduceIQ,Winter
mexico crossings through texas,Habanero,2020,162,22.5,ProduceIQ,Winter
mexico crossings through texas,Jalapeno,2020,162,12.4,ProduceIQ,Winter
south georgia,Hungarian Wax,2020,169,12.6,ProduceIQ,Winter
south georgia,Poblano,2020,169,16.6,ProduceIQ,Winter
south georgia,Jalapeno,2020,169,13.6,ProduceIQ,Winter
south georgia,Cubanelles,2020,169,16.6,ProduceIQ,Winter
south georgia,Hungarian Wax,2020,169,24.6,ProduceIQ,Winter
mexico crossings through texas,Serrano,2020,169,25.35,ProduceIQ,Winter
mexico crossings through texas,Poblano,2020,169,13.0,ProduceIQ,Winter
mexico crossings through texas,Jalapeno,2020,169,12.4,ProduceIQ,Winter
mexico crossings through texas,Anaheim,2020,169,21.85,ProduceIQ,Winter
mexico crossings through texas,Habanero,2020,169,22.5,ProduceIQ,Winter
mexico crossings through texas,Habanero,2020,176,22.5,ProduceIQ,Winter
mexico crossings through texas,Poblano,2020,176,13.0,ProduceIQ,Winter
mexico crossings through texas,Jalapeno,2020,176,12.9,ProduceIQ,Winter
mexico crossings through texas,Serrano,2020,176,25.35,ProduceIQ,Winter
mexico crossings through texas,Anaheim,2020,176,21.85,ProduceIQ,Winter
mexico crossings through texas,Poblano,2020,183,12.5,ProduceIQ,Winter
mexico crossings through texas,Serrano,2020,183,22.35,ProduceIQ,Winter
mexico crossings through texas,Jalapeno,2020,183,12.9,ProduceIQ,Winter
mexico crossings through texas,Habanero,2020,183,22.5,ProduceIQ,Winter
mexico crossings through texas,Anaheim,2020,183,21.85,ProduceIQ,Winter
mexico crossings through texas,Anaheim,2020,190,21.85,ProduceIQ,Winter
mexico crossings through texas,Serrano,2020,190,17.35,ProduceIQ,Winter
mexico crossings through texas,Habanero,2020,190,23.5,ProduceIQ,Winter
mexico crossings through texas,Poblano,2020,190,12.5,ProduceIQ,Winter
mexico crossings through texas,Jalapeno,2020,190,12.95,ProduceIQ,Winter
mexico crossings through texas,Anaheim,2020,197,19.85,ProduceIQ,Winter
mexico crossings through texas,Serrano,2020,197,13.35,ProduceIQ,Winter
mexico crossings through texas,Habanero,2020,197,24.5,ProduceIQ,Winter
mexico crossings through texas,Jalapeno,2020,197,12.95,ProduceIQ,Winter
mexico crossings through texas,Poblano,2020,197,12.5,ProduceIQ,Winter
mexico crossings through texas,Serrano,2020,204,11.35,ProduceIQ,Winter
mexico crossings through texas,Poblano,2020,204,12.5,ProduceIQ,Winter
mexico crossings through texas,Jalapeno,2020,204,11.0,ProduceIQ,Winter
mexico crossings through texas,Anaheim,2020,204,17.85,ProduceIQ,Winter
mexico crossings through texas,Habanero,2020,204,22.5,ProduceIQ,Winter
mexico crossings through texas,Serrano,2020,211,13.35,ProduceIQ,Winter
mexico crossings through texas,Poblano,2020,211,12.5,ProduceIQ,Winter
mexico crossings through texas,Anaheim,2020,211,17.85,ProduceIQ,Winter
mexico crossings through texas,Jalapeno,2020,211,11.5,ProduceIQ,Winter
mexico crossings through texas,Habanero,2020,211,18.5,ProduceIQ,Winter
mexico crossings through texas,Habanero,2020,218,18.5,ProduceIQ,Winter
mexico crossings through texas,Poblano,2020,218,12.5,ProduceIQ,Winter
mexico crossings through texas,Anaheim,2020,218,18.85,ProduceIQ,Winter
mexico crossings through texas,Jalapeno,2020,218,12.5,ProduceIQ,Winter
mexico crossings through texas,Serrano,2020,218,13.35,ProduceIQ,Winter
mexico crossings through texas,Serrano,2020,225,13.35,ProduceIQ,Winter
mexico crossings through texas,Anaheim,2020,225,17.85,ProduceIQ,Winter
mexico crossings through texas,Jalapeno,2020,225,12.0,ProduceIQ,Winter
mexico crossings through texas,Poblano,2020,225,12.5,ProduceIQ,Winter
mexico crossings through texas,Habanero,2020,225,18.5,ProduceIQ,Winter
mexico crossings through texas,Habanero,2020,232,13.35,ProduceIQ,Winter
mexico crossings through texas,Jalapeno,2020,232,10.23,ProduceIQ,Winter
mexico crossings through texas,Anaheim,2020,232,13.95,ProduceIQ,Winter
mexico crossings through texas,Serrano,2020,232,13.0,ProduceIQ,Winter
mexico crossings through texas,Poblano,2020,232,11.5,ProduceIQ,Winter
mexico crossings through texas,Poblano,2020,239,13.0,ProduceIQ,Winter
mexico crossings through texas,Habanero,2020,239,14.0,ProduceIQ,Winter
mexico crossings through texas,Anaheim,2020,239,16.95,ProduceIQ,Winter
mexico crossings through texas,Jalapeno,2020,239,14.48,ProduceIQ,Winter
mexico crossings through texas,Serrano,2020,239,18.25,ProduceIQ,Winter
mexico crossings through texas,Anaheim,2020,246,16.95,ProduceIQ,Winter
mexico crossings through texas,Habanero,2020,246,13.93,ProduceIQ,Winter
mexico crossings through texas,Jalapeno,2020,246,13.5,ProduceIQ,Winter
mexico crossings through texas,Poblano,2020,246,13.0,ProduceIQ,Winter
mexico crossings through texas,Serrano,2020,246,19.0,ProduceIQ,Winter
mexico crossings through texas,Poblano,2020,253,14.5,ProduceIQ,Winter
mexico crossings through texas,Jalapeno,2020,253,14.5,ProduceIQ,Winter
mexico crossings through texas,Habanero,2020,253,14.5,ProduceIQ,Winter
mexico crossings through texas,Anaheim,2020,253,17.95,ProduceIQ,Winter
mexico crossings through texas,Serrano,2020,253,20.0,ProduceIQ,Winter
mexico crossings through texas,Jalapeno,2020,260,14.5,ProduceIQ,Winter
mexico crossings through texas,Habanero,2020,260,14.5,ProduceIQ,Winter
mexico crossings through texas,Anaheim,2020,260,18.95,ProduceIQ,Winter
mexico crossings through texas,Poblano,2020,260,14.5,ProduceIQ,Winter
mexico crossings through texas,Serrano,2020,260,18.5,ProduceIQ,Winter
mexico crossings through texas,Anaheim,2020,267,22.45,ProduceIQ,Winter
mexico crossings through texas,Habanero,2020,267,15.0,ProduceIQ,Winter
mexico crossings through texas,Poblano,2020,267,15.5,ProduceIQ,Winter
mexico crossings through texas,Jalapeno,2020,267,17.5,ProduceIQ,Winter
mexico crossings through texas,Serrano,2020,267,18.5,ProduceIQ,Winter
mexico crossings through texas,Habanero,2020,274,17.5,ProduceIQ,Winter
mexico crossings through texas,Anaheim,2020,274,23.45,ProduceIQ,Winter
mexico crossings through texas,Poblano,2020,274,14.5,ProduceIQ,Winter
mexico crossings through texas,Serrano,2020,274,17.5,ProduceIQ,Winter
mexico crossings through texas,Jalapeno,2020,274,17.5,ProduceIQ,Winter
south georgia,Long Hot,2020,281,30.6,ProduceIQ,Winter
mexico crossings through texas,Poblano,2020,281,12.5,ProduceIQ,Winter
mexico crossings through texas,Habanero,2020,281,17.5,ProduceIQ,Winter
mexico crossings through texas,Jalapeno,2020,281,15.0,ProduceIQ,Winter
mexico crossings through texas,Anaheim,2020,281,24.45,ProduceIQ,Winter
south georgia,Hungarian Wax,2020,281,14.6,ProduceIQ,Winter
mexico crossings through texas,Serrano,2020,281,17.0,ProduceIQ,Winter
south georgia,Jalapeno,2020,281,20.6,ProduceIQ,Winter
mexico crossings through texas,Serrano,2020,288,19.5,ProduceIQ,Winter
mexico crossings through texas,Anaheim,2020,288,24.45,ProduceIQ,Winter
south georgia,Hungarian Wax,2020,288,14.6,ProduceIQ,Winter
mexico crossings through texas,Jalapeno,2020,288,15.5,ProduceIQ,Winter
south georgia,Poblano,2020,288,16.6,ProduceIQ,Winter
south georgia,Jalapeno,2020,288,20.6,ProduceIQ,Winter
south georgia,Long Hot,2020,288,30.6,ProduceIQ,Winter
mexico crossings through texas,Poblano,2020,288,15.0,ProduceIQ,Winter
mexico crossings through texas,Habanero,2020,288,17.5,ProduceIQ,Winter
south georgia,Jalapeno,2020,295,22.6,ProduceIQ,Winter
south georgia,Hungarian Wax,2020,295,14.6,ProduceIQ,Winter
south georgia,Poblano,2020,295,16.6,ProduceIQ,Winter
south georgia,Long Hot,2020,295,30.6,ProduceIQ,Winter
mexico crossings through texas,Serrano,2020,295,19.5,ProduceIQ,Winter
mexico crossings through texas,Jalapeno,2020,295,15.5,ProduceIQ,Winter
mexico crossings through texas,Poblano,2020,295,15.5,ProduceIQ,Winter
mexico crossings through texas,Anaheim,2020,295,22.45,ProduceIQ,Winter
mexico crossings through texas,Habanero,2020,295,19.5,ProduceIQ,Winter
south georgia,Poblano,2020,302,16.6,ProduceIQ,Winter
south georgia,Jalapeno,2020,302,22.6,ProduceIQ,Winter
south georgia,Hungarian Wax,2020,302,14.6,ProduceIQ,Winter
mexico crossings through texas,Jalapeno,2020,302,15.0,ProduceIQ,Winter
mexico crossings through texas,Serrano,2020,302,18.5,ProduceIQ,Winter
mexico crossings through texas,Habanero,2020,302,16.5,ProduceIQ,Winter
mexico crossings through texas,Anaheim,2020,302,24.45,ProduceIQ,Winter
mexico crossings through texas,Poblano,2020,302,15.5,ProduceIQ,Winter
south georgia,Long Hot,2020,302,30.6,ProduceIQ,Winter
mexico crossings through texas,Anaheim,2020,309,25.45,ProduceIQ,Winter
mexico crossings through texas,Serrano,2020,309,17.5,ProduceIQ,Winter
south georgia,Jalapeno,2020,309,16.6,ProduceIQ,Winter
mexico crossings through texas,Poblano,2020,309,15.5,ProduceIQ,Winter
mexico crossings through nogales arizona,Jalapeno,2020,309,12.54,ProduceIQ,Winter
south georgia,Cubanelles,2020,309,20.6,ProduceIQ,Winter
mexico crossings through texas,Jalapeno,2020,309,15.5,ProduceIQ,Winter
mexico crossings through texas,Habanero,2020,309,15.5,ProduceIQ,Winter
mexico crossings through texas,Serrano,2020,323,15.5,ProduceIQ,Winter
central and south florida,Cubanelles,2020,323,13.35,ProduceIQ,Winter
mexico crossings through texas,Jalapeno,2020,323,14.5,ProduceIQ,Winter
central and south florida,Jalapeno,2020,323,15.35,ProduceIQ,Winter
mexico crossings through nogales arizona,Serrano,2020,323,15.2,ProduceIQ,Winter
mexico crossings through nogales arizona,Jalapeno,2020,323,12.92,ProduceIQ,Winter
mexico crossings through nogales arizona,Anaheim,2020,323,30.4,ProduceIQ,Winter
mexico crossings through texas,Anaheim,2020,323,24.95,ProduceIQ,Winter
mexico crossings through texas,Poblano,2020,323,15.5,ProduceIQ,Winter
mexico crossings through texas,Habanero,2020,323,17.5,ProduceIQ,Winter
central and south florida,Cubanelles,2020,330,12.35,ProduceIQ,Winter
mexico crossings through nogales arizona,Serrano,2020,330,11.4,ProduceIQ,Winter
mexico crossings through texas,Poblano,2020,330,15.0,ProduceIQ,Winter
mexico crossings through nogales arizona,Anaheim,2020,330,22.8,ProduceIQ,Winter
mexico crossings through nogales arizona,Jalapeno,2020,330,11.4,ProduceIQ,Winter
mexico crossings through texas,Habanero,2020,330,17.0,ProduceIQ,Winter
mexico crossings through texas,Anaheim,2020,330,20.95,ProduceIQ,Winter
mexico crossings through texas,Jalapeno,2020,330,14.0,ProduceIQ,Winter
central and south florida,Jalapeno,2020,330,14.35,ProduceIQ,Winter
mexico crossings through texas,Serrano,2020,330,14.5,ProduceIQ,Winter
mexico crossings through nogales arizona,Jalapeno,2020,337,8.74,ProduceIQ,Winter
mexico crossings through texas,Habanero,2020,337,15.43,ProduceIQ,Winter
mexico crossings through nogales arizona,Poblano,2020,337,18.24,ProduceIQ,Winter
mexico crossings through nogales arizona,Serrano,2020,337,10.64,ProduceIQ,Winter
mexico crossings through texas,Poblano,2020,337,12.25,ProduceIQ,Winter
mexico crossings through texas,Anaheim,2020,337,15.48,ProduceIQ,Winter
central and south florida,Jalapeno,2020,337,12.35,ProduceIQ,Winter
mexico crossings through nogales arizona,Anaheim,2020,337,18.24,ProduceIQ,Winter
central and south florida,Cubanelles,2020,337,12.35,ProduceIQ,Winter
mexico crossings through texas,Serrano,2020,337,10.5,ProduceIQ,Winter
mexico crossings through texas,Jalapeno,2020,337,10.0,ProduceIQ,Winter
mexico crossings through nogales arizona,Anaheim,2020,344,11.4,ProduceIQ,Winter
mexico crossings through texas,Poblano,2020,344,11.25,ProduceIQ,Winter
mexico crossings through texas,Serrano,2020,344,9.75,ProduceIQ,Winter
central and south florida,Jalapeno,2020,344,12.35,ProduceIQ,Winter
mexico crossings through texas,Habanero,2020,344,14.75,ProduceIQ,Winter
mexico crossings through nogales arizona,Serrano,2020,344,8.74,ProduceIQ,Winter
mexico crossings through nogales arizona,Poblano,2020,344,13.3,ProduceIQ,Winter
mexico crossings through nogales arizona,Jalapeno,2020,344,6.46,ProduceIQ,Winter
mexico crossings through texas,Jalapeno,2020,344,9.0,ProduceIQ,Winter
central and south florida,Cubanelles,2020,344,12.35,ProduceIQ,Winter
mexico crossings through texas,Anaheim,2020,344,13.9,ProduceIQ,Winter
mexico crossings through nogales arizona,Anaheim,2020,351,16.34,ProduceIQ,Winter
mexico crossings through texas,Poblano,2020,351,13.0,ProduceIQ,Winter
mexico crossings through nogales arizona,Serrano,2020,351,8.74,ProduceIQ,Winter
mexico crossings through texas,Habanero,2020,351,14.5,ProduceIQ,Winter
mexico crossings through nogales arizona,Jalapeno,2020,351,7.22,ProduceIQ,Winter
central and south florida,Jalapeno,2020,351,13.35,ProduceIQ,Winter
mexico crossings through texas,Anaheim,2020,351,12.4,ProduceIQ,Winter
central and south florida,Cubanelles,2020,351,13.35,ProduceIQ,Winter
mexico crossings through nogales arizona,Poblano,2020,351,16.34,ProduceIQ,Winter
mexico crossings through texas,Jalapeno,2020,351,8.5,ProduceIQ,Winter
mexico crossings through texas,Serrano,2020,351,9.5,ProduceIQ,Winter
central and south florida,Long Hot,2020,358,20.35,ProduceIQ,Winter
central and south florida,Cubanelles,2020,358,12.35,ProduceIQ,Winter
central and south florida,Jalapeno,2020,358,12.35,ProduceIQ,Winter
mexico crossings through nogales arizona,Anaheim,2020,358,16.34,ProduceIQ,Winter
mexico crossings through texas,Habanero,2020,358,13.5,ProduceIQ,Winter
mexico crossings through nogales arizona,Serrano,2020,358,9.88,ProduceIQ,Winter
mexico crossings through texas,Anaheim,2020,358,10.45,ProduceIQ,Winter
mexico crossings through texas,Serrano,2020,358,9.5,ProduceIQ,Winter
mexico crossings through texas,Jalapeno,2020,358,8.5,ProduceIQ,Winter
mexico crossings through texas,Poblano,2020,358,14.0,ProduceIQ,Winter
mexico crossings through nogales arizona,Poblano,2020,358,19.0,ProduceIQ,Winter
mexico crossings through nogales arizona,Jalapeno,2020,358,7.6,ProduceIQ,Winter
central and south florida,Long Hot,2020,365,22.35,ProduceIQ,Winter
central and south florida,Cubanelles,2020,365,16.35,ProduceIQ,Winter
central and south florida,Jalapeno,2020,365,14.35,ProduceIQ,Winter
mexico crossings through texas,Habanero,2020,365,13.5,ProduceIQ,Winter
mexico crossings through texas,Anaheim,2020,365,12.45,ProduceIQ,Winter
mexico crossings through texas,Jalapeno,2020,365,9.0,ProduceIQ,Winter
mexico crossings through texas,Serrano,2020,365,9.5,ProduceIQ,Winter
mexico crossings through texas,Poblano,2020,365,14.0,ProduceIQ,Winter
mexico crossings through nogales arizona,Anaheim,2020,365,19.0,ProduceIQ,Winter
mexico crossings through nogales arizona,Jalapeno,2020,365,7.6,ProduceIQ,Winter
mexico crossings through nogales arizona,Serrano,2020,365,10.64,ProduceIQ,Winter
mexico crossings through nogales arizona,Poblano,2020,365,22.8,ProduceIQ,Winter
mexico crossings through texas,Habanero,2021,6,13.5,ProduceIQ,Winter
mexico crossings through texas,Anaheim,2021,6,16.45,ProduceIQ,Winter
mexico crossings through texas,Jalapeno,2021,6,11.0,ProduceIQ,Winter
mexico crossings through texas,Serrano,2021,6,11.5,ProduceIQ,Winter
mexico crossings through texas,Poblano,2021,6,14.0,ProduceIQ,Winter
mexico crossings through nogales arizona,Anaheim,2021,6,22.8,ProduceIQ,Winter
mexico crossings through nogales arizona,Jalapeno,2021,6,8.74,ProduceIQ,Winter
mexico crossings through nogales arizona,Serrano,2021,6,8.74,ProduceIQ,Winter
mexico crossings through nogales arizona,Poblano,2021,6,22.04,ProduceIQ,Winter
central and south florida,Jalapeno,2021,13,15.35,ProduceIQ,Winter
mexico crossings through texas,Habanero,2021,13,22.5,ProduceIQ,Winter
mexico crossings through texas,Anaheim,2021,13,18.45,ProduceIQ,Winter
mexico crossings through texas,Jalapeno,2021,13,9.5,ProduceIQ,Winter
mexico crossings through texas,Serrano,2021,13,10.0,ProduceIQ,Winter
mexico crossings through texas,Poblano,2021,13,14.0,ProduceIQ,Winter
mexico crossings through nogales arizona,Anaheim,2021,13,18.24,ProduceIQ,Winter
mexico crossings through nogales arizona,Jalapeno,2021,13,7.22,ProduceIQ,Winter
mexico crossings through nogales arizona,Serrano,2021,13,7.6,ProduceIQ,Winter
mexico crossings through nogales arizona,Poblano,2021,13,17.1,ProduceIQ,Winter
central and south florida,Long Hot,2021,20,23.35,ProduceIQ,Winter
central and south florida,Cubanelles,2021,20,25.35,ProduceIQ,Winter
central and south florida,Jalapeno,2021,20,15.35,ProduceIQ,Winter
mexico crossings through texas,Habanero,2021,20,19.5,ProduceIQ,Winter
mexico crossings through texas,Anaheim,2021,20,15.45,ProduceIQ,Winter
mexico crossings through texas,Jalapeno,2021,20,8.5,ProduceIQ,Winter
mexico crossings through texas,Serrano,2021,20,8.0,ProduceIQ,Winter
mexico crossings through texas,Poblano,2021,20,11.0,ProduceIQ,Winter
mexico crossings through nogales arizona,Anaheim,2021,20,16.34,ProduceIQ,Winter
mexico crossings through nogales arizona,Jalapeno,2021,20,6.08,ProduceIQ,Winter
mexico crossings through nogales arizona,Serrano,2021,20,8.74,ProduceIQ,Winter
mexico crossings through nogales arizona,Poblano,2021,20,15.2,ProduceIQ,Winter
mexico crossings through texas,Habanero,2021,27,19.5,ProduceIQ,Winter
mexico crossings through texas,Anaheim,2021,27,14.45,ProduceIQ,Winter
mexico crossings through texas,Jalapeno,2021,27,8.0,ProduceIQ,Winter
mexico crossings through texas,Serrano,2021,27,8.0,ProduceIQ,Winter
mexico crossings through texas,Poblano,2021,27,10.5,ProduceIQ,Winter
mexico crossings through nogales arizona,Anaheim,2021,27,18.24,ProduceIQ,Winter
mexico crossings through nogales arizona,Jalapeno,2021,27,7.98,ProduceIQ,Winter
mexico crossings through nogales arizona,Serrano,2021,27,8.74,ProduceIQ,Winter
mexico crossings through nogales arizona,Poblano,2021,27,13.3,ProduceIQ,Winter
mexico crossings through texas,Habanero,2021,34,14.5,ProduceIQ,Winter
mexico crossings through texas,Anaheim,2021,34,14.45,ProduceIQ,Winter
mexico crossings through texas,Jalapeno,2021,34,7.5,ProduceIQ,Winter
mexico crossings through texas,Serrano,2021,34,8.0,ProduceIQ,Winter
mexico crossings through texas,Poblano,2021,34,9.5,ProduceIQ,Winter
mexico crossings through nogales arizona,Anaheim,2021,34,18.24,ProduceIQ,Winter
mexico crossings through nogales arizona,Jalapeno,2021,34,9.5,ProduceIQ,Winter
mexico crossings through nogales arizona,Serrano,2021,34,9.5,ProduceIQ,Winter
mexico crossings through nogales arizona,Poblano,2021,34,13.3,ProduceIQ,Winter
central and south florida,Long Hot,2021,41,25.35,ProduceIQ,Winter
central and south florida,Jalapeno,2021,41,15.35,ProduceIQ,Winter
mexico crossings through texas,Habanero,2021,41,14.5,ProduceIQ,Winter
mexico crossings through texas,Anaheim,2021,41,14.45,ProduceIQ,Winter
mexico crossings through texas,Jalapeno,2021,41,8.5,ProduceIQ,Winter
mexico crossings through texas,Serrano,2021,41,9.5,ProduceIQ,Winter
mexico crossings through texas,Poblano,2021,41,10.0,ProduceIQ,Winter
mexico crossings through nogales arizona,Anaheim,2021,41,18.24,ProduceIQ,Winter
mexico crossings through nogales arizona,Jalapeno,2021,41,7.98,ProduceIQ,Winter
mexico crossings through nogales arizona,Serrano,2021,41,10.64,ProduceIQ,Winter
mexico crossings through nogales arizona,Poblano,2021,41,14.44,ProduceIQ,Winter
central and south florida,Jalapeno,2021,48,15.35,ProduceIQ,Winter
mexico crossings through texas,Habanero,2021,48,12.75,ProduceIQ,Winter
mexico crossings through texas,Anaheim,2021,48,13.23,ProduceIQ,Winter
mexico crossings through texas,Jalapeno,2021,48,8.43,ProduceIQ,Winter
mexico crossings through texas,Serrano,2021,48,9.85,ProduceIQ,Winter
mexico crossings through texas,Poblano,2021,48,9.98,ProduceIQ,Winter
mexico crossings through nogales arizona,Anaheim,2021,48,16.72,ProduceIQ,Winter
mexico crossings through nogales arizona,Jalapeno,2021,48,9.12,ProduceIQ,Winter
mexico crossings through nogales arizona,Serrano,2021,48,11.02,ProduceIQ,Winter
mexico crossings through nogales arizona,Poblano,2021,48,18.24,ProduceIQ,Winter
central and south florida,Long Hot,2021,55,30.6,ProduceIQ,Winter
central and south florida,Cubanelles,2021,55,16.35,ProduceIQ,Winter
central and south florida,Jalapeno,2021,55,17.35,ProduceIQ,Winter
mexico crossings through texas,Habanero,2021,55,13.25,ProduceIQ,Winter
mexico crossings through texas,Anaheim,2021,55,15.23,ProduceIQ,Winter
mexico crossings through texas,Jalapeno,2021,55,9.93,ProduceIQ,Winter
mexico crossings through texas,Serrano,2021,55,11.35,ProduceIQ,Winter
mexico crossings through texas,Poblano,2021,55,9.73,ProduceIQ,Winter
mexico crossings through nogales arizona,Anaheim,2021,55,18.24,ProduceIQ,Winter
mexico crossings through nogales arizona,Jalapeno,2021,55,10.64,ProduceIQ,Winter
mexico crossings through nogales arizona,Serrano,2021,55,11.02,ProduceIQ,Winter
mexico crossings through nogales arizona,Poblano,2021,55,18.24,ProduceIQ,Winter
central and south florida,Long Hot,2021,62,29.35,ProduceIQ,Winter
central and south florida,Cubanelles,2021,62,16.35,ProduceIQ,Winter
central and south florida,Jalapeno,2021,62,16.35,ProduceIQ,Winter
mexico crossings through texas,Habanero,2021,62,11.5,ProduceIQ,Winter
mexico crossings through texas,Anaheim,2021,62,15.23,ProduceIQ,Winter
mexico crossings through texas,Jalapeno,2021,62,10.35,ProduceIQ,Winter
mexico crossings through texas,Serrano,2021,62,11.35,ProduceIQ,Winter
mexico crossings through texas,Poblano,2021,62,10.23,ProduceIQ,Winter
mexico crossings through nogales arizona,Anaheim,2021,62,19.0,ProduceIQ,Winter
mexico crossings through nogales arizona,Jalapeno,2021,62,10.64,ProduceIQ,Winter
mexico crossings through nogales arizona,Serrano,2021,62,11.78,ProduceIQ,Winter
mexico crossings through nogales arizona,Poblano,2021,62,17.1,ProduceIQ,Winter
central and south florida,Jalapeno,2021,69,13.35,ProduceIQ,Winter
mexico crossings through texas,Habanero,2021,69,14.5,ProduceIQ,Winter
mexico crossings through texas,Anaheim,2021,69,15.23,ProduceIQ,Winter
mexico crossings through texas,Jalapeno,2021,69,11.35,ProduceIQ,Winter
mexico crossings through texas,Serrano,2021,69,12.35,ProduceIQ,Winter
mexico crossings through texas,Poblano,2021,69,11.0,ProduceIQ,Winter
mexico crossings through nogales arizona,Anaheim,2021,69,18.24,ProduceIQ,Winter
mexico crossings through nogales arizona,Jalapeno,2021,69,10.64,ProduceIQ,Winter
mexico crossings through nogales arizona,Serrano,2021,69,14.06,ProduceIQ,Winter
mexico crossings through nogales arizona,Poblano,2021,69,16.34,ProduceIQ,Winter
mexico crossings through texas,Habanero,2021,76,14.5,ProduceIQ,Winter
mexico crossings through texas,Anaheim,2021,76,15.23,ProduceIQ,Winter
mexico crossings through texas,Jalapeno,2021,76,13.35,ProduceIQ,Winter
mexico crossings through texas,Serrano,2021,76,14.35,ProduceIQ,Winter
mexico crossings through texas,Poblano,2021,76,11.0,ProduceIQ,Winter
mexico crossings through nogales arizona,Anaheim,2021,76,16.34,ProduceIQ,Winter
mexico crossings through nogales arizona,Jalapeno,2021,76,15.2,ProduceIQ,Winter
mexico crossings through nogales arizona,Serrano,2021,76,16.34,ProduceIQ,Winter
mexico crossings through nogales arizona,Poblano,2021,76,15.2,ProduceIQ,Winter
central and south florida,Jalapeno,2021,83,15.35,ProduceIQ,Winter
mexico crossings through texas,Habanero,2021,83,22.5,ProduceIQ,Winter
mexico crossings through texas,Anaheim,2021,83,15.23,ProduceIQ,Winter
mexico crossings through texas,Jalapeno,2021,83,13.35,ProduceIQ,Winter
mexico crossings through texas,Serrano,2021,83,14.35,ProduceIQ,Winter
mexico crossings through texas,Poblano,2021,83,11.0,ProduceIQ,Winter
mexico crossings through nogales arizona,Anaheim,2021,83,15.2,ProduceIQ,Winter
mexico crossings through nogales arizona,Jalapeno,2021,83,13.3,ProduceIQ,Winter
mexico crossings through nogales arizona,Serrano,2021,83,14.44,ProduceIQ,Winter
mexico crossings through nogales arizona,Poblano,2021,83,14.44,ProduceIQ,Winter
central and south florida,Jalapeno,2021,90,16.35,ProduceIQ,Winter
mexico crossings through texas,Habanero,2021,90,24.5,ProduceIQ,Winter
mexico crossings through texas,Anaheim,2021,90,15.45,ProduceIQ,Winter
mexico crossings through texas,Jalapeno,2021,90,13.35,ProduceIQ,Winter
mexico crossings through texas,Serrano,2021,90,15.85,ProduceIQ,Winter
mexico crossings through texas,Poblano,2021,90,12.0,ProduceIQ,Winter
mexico crossings through nogales arizona,Anaheim,2021,90,15.2,ProduceIQ,Winter
mexico crossings through nogales arizona,Jalapeno,2021,90,13.3,ProduceIQ,Winter
mexico crossings through nogales arizona,Serrano,2021,90,15.2,ProduceIQ,Winter
mexico crossings through nogales arizona,Poblano,2021,90,16.34,ProduceIQ,Winter
central and south florida,Long Hot,2021,97,10.6,ProduceIQ,Winter
central and south florida,Jalapeno,2021,97,18.35,ProduceIQ,Winter
mexico crossings through texas,Habanero,2021,97,26.5,ProduceIQ,Winter
mexico crossings through texas,Anaheim,2021,97,15.45,ProduceIQ,Winter
mexico crossings through texas,Jalapeno,2021,97,20.35,ProduceIQ,Winter
mexico crossings through texas,Serrano,2021,97,22.35,ProduceIQ,Winter
mexico crossings through texas,Poblano,2021,97,12.0,ProduceIQ,Winter
mexico crossings through nogales arizona,Anaheim,2021,97,15.2,ProduceIQ,Winter
mexico crossings through nogales arizona,Jalapeno,2021,97,15.2,ProduceIQ,Winter
mexico crossings through nogales arizona,Serrano,2021,97,17.1,ProduceIQ,Winter
mexico crossings through nogales arizona,Poblano,2021,97,16.34,ProduceIQ,Winter
central and south florida,Jalapeno,2021,104,19.35,ProduceIQ,Winter
mexico crossings through texas,Habanero,2021,104,26.5,ProduceIQ,Winter
mexico crossings through texas,Anaheim,2021,104,17.45,ProduceIQ,Winter
mexico crossings through texas,Jalapeno,2021,104,24.35,ProduceIQ,Winter
mexico crossings through texas,Serrano,2021,104,32.35,ProduceIQ,Winter
mexico crossings through texas,Poblano,2021,104,12.0,ProduceIQ,Winter
mexico crossings through nogales arizona,Anaheim,2021,104,15.2,ProduceIQ,Winter
mexico crossings through nogales arizona,Jalapeno,2021,104,20.9,ProduceIQ,Winter
mexico crossings through nogales arizona,Serrano,2021,104,20.9,ProduceIQ,Winter
mexico crossings through nogales arizona,Poblano,2021,104,15.2,ProduceIQ,Winter
central and south florida,Jalapeno,2021,111,21.35,ProduceIQ,Winter
mexico crossings through texas,Habanero,2021,111,22.5,ProduceIQ,Winter
mexico crossings through texas,Anaheim,2021,111,15.35,ProduceIQ,Winter
mexico crossings through texas,Jalapeno,2021,111,23.35,ProduceIQ,Winter
mexico crossings through texas,Serrano,2021,111,31.35,ProduceIQ,Winter
mexico crossings through texas,Poblano,2021,111,10.0,ProduceIQ,Winter
mexico crossings through nogales arizona,Anaheim,2021,111,14.44,ProduceIQ,Winter
mexico crossings through nogales arizona,Jalapeno,2021,111,16.34,ProduceIQ,Winter
mexico crossings through nogales arizona,Serrano,2021,111,20.9,ProduceIQ,Winter
mexico crossings through nogales arizona,Poblano,2021,111,14.44,ProduceIQ,Winter
central and south florida,Cubanelles,2021,118,15.35,ProduceIQ,Winter
central and south florida,Jalapeno,2021,118,22.35,ProduceIQ,Winter
mexico crossings through texas,Habanero,2021,118,18.5,ProduceIQ,Winter
mexico crossings through texas,Anaheim,2021,118,14.85,ProduceIQ,Winter
mexico crossings through texas,Jalapeno,2021,118,22.35,ProduceIQ,Winter
mexico crossings through texas,Serrano,2021,118,31.35,ProduceIQ,Winter
mexico crossings through texas,Poblano,2021,118,10.75,ProduceIQ,Winter
mexico crossings through nogales arizona,Anaheim,2021,118,15.2,ProduceIQ,Winter
mexico crossings through nogales arizona,Jalapeno,2021,118,14.44,ProduceIQ,Winter
mexico crossings through nogales arizona,Serrano,2021,118,22.8,ProduceIQ,Winter
mexico crossings through nogales arizona,Poblano,2021,118,17.1,ProduceIQ,Winter
central and south florida,Cubanelles,2021,125,16.35,ProduceIQ,Winter
central and south florida,Jalapeno,2021,125,22.35,ProduceIQ,Winter
mexico crossings through texas,Habanero,2021,125,18.5,ProduceIQ,Winter
mexico crossings through texas,Anaheim,2021,125,15.4,ProduceIQ,Winter
mexico crossings through texas,Jalapeno,2021,125,21.35,ProduceIQ,Winter
mexico crossings through texas,Serrano,2021,125,31.35,ProduceIQ,Winter
mexico crossings through texas,Poblano,2021,125,14.45,ProduceIQ,Winter
mexico crossings through nogales arizona,Anaheim,2021,125,16.34,ProduceIQ,Winter
mexico crossings through nogales arizona,Jalapeno,2021,125,14.44,ProduceIQ,Winter
mexico crossings through nogales arizona,Serrano,2021,125,22.8,ProduceIQ,Winter
mexico crossings through nogales arizona,Poblano,2021,125,17.86,ProduceIQ,Winter
central and south florida,Cubanelles,2021,132,15.35,ProduceIQ,Winter
central and south florida,Jalapeno,2021,132,21.35,ProduceIQ,Winter
mexico crossings through texas,Habanero,2021,132,20.5,ProduceIQ,Winter
mexico crossings through texas,Anaheim,2021,132,16.85,ProduceIQ,Winter
mexico crossings through texas,Jalapeno,2021,132,19.45,ProduceIQ,Winter
mexico crossings through texas,Serrano,2021,132,31.35,ProduceIQ,Winter
mexico crossings through texas,Poblano,2021,132,15.45,ProduceIQ,Winter
mexico crossings through nogales arizona,Anaheim,2021,132,15.2,ProduceIQ,Winter
mexico crossings through nogales arizona,Jalapeno,2021,132,10.64,ProduceIQ,Winter
mexico crossings through nogales arizona,Serrano,2021,132,25.84,ProduceIQ,Winter
mexico crossings through nogales arizona,Poblano,2021,132,22.8,ProduceIQ,Winter
central and south florida,Cubanelles,2021,139,15.35,ProduceIQ,Winter
central and south florida,Jalapeno,2021,139,15.35,ProduceIQ,Winter
mexico crossings through texas,Habanero,2021,139,20.5,ProduceIQ,Winter
mexico crossings through texas,Anaheim,2021,139,15.35,ProduceIQ,Winter
mexico crossings through texas,Jalapeno,2021,139,16.45,ProduceIQ,Winter
mexico crossings through texas,Serrano,2021,139,29.35,ProduceIQ,Winter
mexico crossings through texas,Poblano,2021,139,18.45,ProduceIQ,Winter
mexico crossings through nogales arizona,Anaheim,2021,139,14.44,ProduceIQ,Winter
mexico crossings through nogales arizona,Jalapeno,2021,139,9.5,ProduceIQ,Winter
mexico crossings through nogales arizona,Serrano,2021,139,22.8,ProduceIQ,Winter
mexico crossings through nogales arizona,Poblano,2021,139,23.94,ProduceIQ,Winter
central and south florida,Long Hot,2021,146,15.35,ProduceIQ,Winter
central and south florida,Cubanelles,2021,146,13.35,ProduceIQ,Winter
central and south florida,Hungarian Wax,2021,146,18.35,ProduceIQ,Winter
central and south florida,Jalapeno,2021,146,9.35,ProduceIQ,Winter
mexico crossings through texas,Habanero,2021,146,19.5,ProduceIQ,Winter
mexico crossings through texas,Anaheim,2021,146,14.35,ProduceIQ,Winter
mexico crossings through texas,Jalapeno,2021,146,15.45,ProduceIQ,Winter
mexico crossings through texas,Serrano,2021,146,28.35,ProduceIQ,Winter
mexico crossings through texas,Poblano,2021,146,16.95,ProduceIQ,Winter
mexico crossings through nogales arizona,Anaheim,2021,146,13.3,ProduceIQ,Winter
mexico crossings through nogales arizona,Jalapeno,2021,146,7.6,ProduceIQ,Winter
mexico crossings through nogales arizona,Serrano,2021,146,17.1,ProduceIQ,Winter
mexico crossings through nogales arizona,Poblano,2021,146,22.8,ProduceIQ,Winter
central and south florida,Long Hot,2021,153,11.35,ProduceIQ,Winter
central and south florida,Cubanelles,2021,153,11.35,ProduceIQ,Winter
central and south florida,Jalapeno,2021,153,9.35,ProduceIQ,Winter
mexico crossings through texas,Habanero,2021,153,19.5,ProduceIQ,Winter
mexico crossings through texas,Anaheim,2021,153,13.35,ProduceIQ,Winter
mexico crossings through texas,Jalapeno,2021,153,14.35,ProduceIQ,Winter
mexico crossings through texas,Serrano,2021,153,23.35,ProduceIQ,Winter
mexico crossings through texas,Poblano,2021,153,15.35,ProduceIQ,Winter
mexico crossings through nogales arizona,Anaheim,2021,153,12.54,ProduceIQ,Winter
mexico crossings through nogales arizona,Jalapeno,2021,153,7.22,ProduceIQ,Winter
mexico crossings through nogales arizona,Serrano,2021,153,11.4,ProduceIQ,Winter
mexico crossings through nogales arizona,Poblano,2021,153,22.04,ProduceIQ,Winter
south georgia,Long Hot,2021,153,14.6,ProduceIQ,Winter
south georgia,Cubanelles,2021,153,15.6,ProduceIQ,Winter
south georgia,Hungarian Wax,2021,153,20.6,ProduceIQ,Winter
south georgia,Jalapeno,2021,153,12.6,ProduceIQ,Winter
mexico crossings through texas,Habanero,2021,160,24.5,ProduceIQ,Winter
mexico crossings through texas,Anaheim,2021,160,14.35,ProduceIQ,Winter
mexico crossings through texas,Jalapeno,2021,160,12.35,ProduceIQ,Winter
mexico crossings through texas,Serrano,2021,160,15.35,ProduceIQ,Winter
mexico crossings through texas,Poblano,2021,160,13.35,ProduceIQ,Winter
mexico crossings through nogales arizona,Anaheim,2021,160,13.3,ProduceIQ,Winter
mexico crossings through nogales arizona,Jalapeno,2021,160,10.64,ProduceIQ,Winter
mexico crossings through nogales arizona,Serrano,2021,160,13.3,ProduceIQ,Winter
south georgia,Long Hot,2021,160,13.6,ProduceIQ,Winter
south georgia,Cubanelles,2021,160,12.6,ProduceIQ,Winter
south georgia,Hungarian Wax,2021,160,13.6,ProduceIQ,Winter
south georgia,Jalapeno,2021,160,11.6,ProduceIQ,Winter
mexico crossings through texas,Habanero,2021,167,24.5,ProduceIQ,Winter
mexico crossings through texas,Anaheim,2021,167,14.35,ProduceIQ,Winter
mexico crossings through texas,Jalapeno,2021,167,11.35,ProduceIQ,Winter
mexico crossings through texas,Serrano,2021,167,15.35,ProduceIQ,Winter
mexico crossings through texas,Poblano,2021,167,13.35,ProduceIQ,Winter
south georgia,Long Hot,2021,167,12.6,ProduceIQ,Winter
south georgia,Cubanelles,2021,167,9.6,ProduceIQ,Winter
south georgia,Hungarian Wax,2021,167,10.6,ProduceIQ,Winter
south georgia,Jalapeno,2021,167,9.6,ProduceIQ,Winter
south georgia,Poblano,2021,167,16.6,ProduceIQ,Winter
mexico crossings through texas,Habanero,2021,174,21.5,ProduceIQ,Winter
mexico crossings through texas,Anaheim,2021,174,12.35,ProduceIQ,Winter
mexico crossings through texas,Jalapeno,2021,174,15.35,ProduceIQ,Winter
mexico crossings through texas,Serrano,2021,174,13.35,ProduceIQ,Winter
mexico crossings through texas,Poblano,2021,174,13.35,ProduceIQ,Winter
south georgia,Long Hot,2021,174,11.6,ProduceIQ,Winter
south georgia,Cubanelles,2021,174,9.6,ProduceIQ,Winter
south georgia,Hungarian Wax,2021,174,10.6,ProduceIQ,Winter
south georgia,Jalapeno,2021,174,9.6,ProduceIQ,Winter
south georgia,Poblano,2021,174,15.6,ProduceIQ,Winter
south georgia,Hungarian Wax,2021,174,8.6,ProduceIQ,Winter
mexico crossings through texas,Habanero,2021,181,19.5,ProduceIQ,Winter
mexico crossings through texas,Anaheim,2021,181,13.35,ProduceIQ,Winter
mexico crossings through texas,Jalapeno,2021,181,17.35,ProduceIQ,Winter
mexico crossings through texas,Serrano,2021,181,14.35,ProduceIQ,Winter
mexico crossings through texas,Poblano,2021,181,13.35,ProduceIQ,Winter
south georgia,Long Hot,2021,181,9.6,ProduceIQ,Winter
south georgia,Cubanelles,2021,181,9.6,ProduceIQ,Winter
south georgia,Hungarian Wax,2021,181,12.6,ProduceIQ,Winter
south georgia,Anaheim,2021,181,24.6,ProduceIQ,Winter
south georgia,Jalapeno,2021,181,11.6,ProduceIQ,Winter
south georgia,Poblano,2021,181,13.6,ProduceIQ,Winter
south georgia,Hungarian Wax,2021,181,8.6,ProduceIQ,Winter
south georgia,Anaheim,2021,181,12.6,ProduceIQ,Winter
south georgia,Jalapeno,2021,181,8.6,ProduceIQ,Winter
south georgia,Serrano,2021,181,12.6,ProduceIQ,Winter
mexico crossings through texas,Habanero,2021,188,19.5,ProduceIQ,Winter
mexico crossings through texas,Anaheim,2021,188,13.85,ProduceIQ,Winter
mexico crossings through texas,Jalapeno,2021,188,17.85,ProduceIQ,Winter
mexico crossings through texas,Serrano,2021,188,15.35,ProduceIQ,Winter
mexico crossings through texas,Poblano,2021,188,13.35,ProduceIQ,Winter
south georgia,Long Hot,2021,188,10.6,ProduceIQ,Winter
south georgia,Cubanelles,2021,188,12.6,ProduceIQ,Winter
south georgia,Jalapeno,2021,188,12.6,ProduceIQ,Winter
south georgia,Poblano,2021,188,12.6,ProduceIQ,Winter
south georgia,Jalapeno,2021,188,8.6,ProduceIQ,Winter
mexico crossings through texas,Habanero,2021,195,19.5,ProduceIQ,Winter
mexico crossings through texas,Anaheim,2021,195,16.45,ProduceIQ,Winter
mexico crossings through texas,Jalapeno,2021,195,17.85,ProduceIQ,Winter
mexico crossings through texas,Serrano,2021,195,16.35,ProduceIQ,Winter
mexico crossings through texas,Poblano,2021,195,13.35,ProduceIQ,Winter
mexico crossings through texas,Habanero,2021,202,19.5,ProduceIQ,Winter
mexico crossings through texas,Anaheim,2021,202,18.45,ProduceIQ,Winter
mexico crossings through texas,Jalapeno,2021,202,17.85,ProduceIQ,Winter
mexico crossings through texas,Serrano,2021,202,18.35,ProduceIQ,Winter
mexico crossings through texas,Poblano,2021,202,13.35,ProduceIQ,Winter
mexico crossings through texas,Habanero,2021,209,19.5,ProduceIQ,Winter
mexico crossings through texas,Anaheim,2021,209,18.45,ProduceIQ,Winter
mexico crossings through texas,Jalapeno,2021,209,17.85,ProduceIQ,Winter
mexico crossings through texas,Serrano,2021,209,18.35,ProduceIQ,Winter
mexico crossings through texas,Poblano,2021,209,13.35,ProduceIQ,Winter
mexico crossings through texas,Habanero,2021,216,17.5,ProduceIQ,Winter
mexico crossings through texas,Anaheim,2021,216,18.45,ProduceIQ,Winter
mexico crossings through texas,Jalapeno,2021,216,13.35,ProduceIQ,Winter
mexico crossings through texas,Serrano,2021,216,22.35,ProduceIQ,Winter
mexico crossings through texas,Poblano,2021,216,13.35,ProduceIQ,Winter
mexico crossings through texas,Habanero,2021,223,16.5,ProduceIQ,Winter
mexico crossings through texas,Anaheim,2021,223,15.0,ProduceIQ,Winter
mexico crossings through texas,Jalapeno,2021,223,13.68,ProduceIQ,Winter
mexico crossings through texas,Serrano,2021,223,30.93,ProduceIQ,Winter
mexico crossings through texas,Poblano,2021,223,13.35,ProduceIQ,Winter
mexico crossings through texas,Habanero,2021,230,16.5,ProduceIQ,Winter
mexico crossings through texas,Anaheim,2021,230,13.0,ProduceIQ,Winter
mexico crossings through texas,Jalapeno,2021,230,13.68,ProduceIQ,Winter
mexico crossings through texas,Serrano,2021,230,30.75,ProduceIQ,Winter
mexico crossings through texas,Poblano,2021,230,12.85,ProduceIQ,Winter
mexico crossings through texas,Habanero,2021,237,15.0,ProduceIQ,Winter
mexico crossings through texas,Anaheim,2021,237,13.0,ProduceIQ,Winter
mexico crossings through texas,Jalapeno,2021,237,13.68,ProduceIQ,Winter
mexico crossings through texas,Serrano,2021,237,33.5,ProduceIQ,Winter
mexico crossings through texas,Poblano,2021,237,13.35,ProduceIQ,Winter
mexico crossings through texas,Habanero,2021,244,14.0,ProduceIQ,Winter
mexico crossings through texas,Anaheim,2021,244,13.0,ProduceIQ,Winter
mexico crossings through texas,Jalapeno,2021,244,13.68,ProduceIQ,Winter
mexico crossings through texas,Serrano,2021,244,34.5,ProduceIQ,Winter
mexico crossings through texas,Poblano,2021,244,13.35,ProduceIQ,Winter
mexico crossings through texas,Habanero,2021,251,14.0,ProduceIQ,Winter
mexico crossings through texas,Anaheim,2021,251,13.0,ProduceIQ,Winter
mexico crossings through texas,Jalapeno,2021,251,13.68,ProduceIQ,Winter
mexico crossings through texas,Serrano,2021,251,36.0,ProduceIQ,Winter
mexico crossings through texas,Poblano,2021,251,15.35,ProduceIQ,Winter
mexico crossings through texas,Habanero,2021,258,14.0,ProduceIQ,Winter
mexico crossings through texas,Anaheim,2021,258,13.0,ProduceIQ,Winter
mexico crossings through texas,Jalapeno,2021,258,15.0,ProduceIQ,Winter
mexico crossings through texas,Serrano,2021,258,36.0,ProduceIQ,Winter
mexico crossings through texas,Poblano,2021,258,15.35,ProduceIQ,Winter
mexico crossings through texas,Habanero,2021,265,16.5,ProduceIQ,Winter
mexico crossings through texas,Anaheim,2021,265,15.5,ProduceIQ,Winter
mexico crossings through texas,Jalapeno,2021,265,19.0,ProduceIQ,Winter
mexico crossings through texas,Serrano,2021,265,38.5,ProduceIQ,Winter
mexico crossings through texas,Poblano,2021,265,19.35,ProduceIQ,Winter
mexico crossings through texas,Habanero,2021,272,16.5,ProduceIQ,Winter
mexico crossings through texas,Anaheim,2021,272,15.5,ProduceIQ,Winter
mexico crossings through texas,Jalapeno,2021,272,17.5,ProduceIQ,Winter
mexico crossings through texas,Serrano,2021,272,36.5,ProduceIQ,Winter
mexico crossings through texas,Poblano,2021,272,19.35,ProduceIQ,Winter
south georgia,Jalapeno,2021,272,22.6,ProduceIQ,Winter
south georgia,Hungarian Wax,2021,272,12.6,ProduceIQ,Winter
mexico crossings through texas,Habanero,2021,279,16.5,ProduceIQ,Winter
mexico crossings through texas,Anaheim,2021,279,17.0,ProduceIQ,Winter
mexico crossings through texas,Jalapeno,2021,279,19.5,ProduceIQ,Winter
mexico crossings through texas,Serrano,2021,279,37.5,ProduceIQ,Winter
mexico crossings through texas,Poblano,2021,279,17.35,ProduceIQ,Winter
south georgia,Cubanelles,2021,279,20.6,ProduceIQ,Winter
south georgia,Jalapeno,2021,279,20.6,ProduceIQ,Winter
mexico crossings through texas,Habanero,2021,286,18.5,ProduceIQ,Winter
mexico crossings through texas,Anaheim,2021,286,18.5,ProduceIQ,Winter
mexico crossings through texas,Jalapeno,2021,286,23.0,ProduceIQ,Winter
mexico crossings through texas,Serrano,2021,286,43.5,ProduceIQ,Winter
mexico crossings through texas,Poblano,2021,286,18.4,ProduceIQ,Winter
south georgia,Long Hot,2021,286,18.6,ProduceIQ,Winter
south georgia,Cubanelles,2021,286,20.6,ProduceIQ,Winter
south georgia,Jalapeno,2021,286,22.6,ProduceIQ,Winter
mexico crossings through texas,Habanero,2021,293,19.0,ProduceIQ,Winter
mexico crossings through texas,Anaheim,2021,293,20.5,ProduceIQ,Winter
mexico crossings through texas,Jalapeno,2021,293,24.5,ProduceIQ,Winter
mexico crossings through texas,Serrano,2021,293,45.5,ProduceIQ,Winter
mexico crossings through texas,Poblano,2021,293,17.35,ProduceIQ,Winter
south georgia,Long Hot,2021,293,18.6,ProduceIQ,Winter
south georgia,Jalapeno,2021,293,22.6,ProduceIQ,Winter
mexico crossings through texas,Habanero,2021,300,20.0,ProduceIQ,Winter
mexico crossings through texas,Anaheim,2021,300,22.5,ProduceIQ,Winter
mexico crossings through texas,Jalapeno,2021,300,24.5,ProduceIQ,Winter
mexico crossings through texas,Serrano,2021,300,45.5,ProduceIQ,Winter
mexico crossings through texas,Poblano,2021,300,17.35,ProduceIQ,Winter
south georgia,Long Hot,2021,300,16.6,ProduceIQ,Winter
south georgia,Cubanelles,2021,300,20.6,ProduceIQ,Winter
south georgia,Hungarian Wax,2021,300,20.6,ProduceIQ,Winter
south georgia,Jalapeno,2021,300,25.6,ProduceIQ,Winter
mexico crossings through texas,Habanero,2021,307,20.0,ProduceIQ,Winter
mexico crossings through texas,Anaheim,2021,307,24.5,ProduceIQ,Winter
mexico crossings through texas,Jalapeno,2021,307,41.0,ProduceIQ,Winter
mexico crossings through texas,Serrano,2021,307,45.5,ProduceIQ,Winter
mexico crossings through texas,Poblano,2021,307,20.85,ProduceIQ,Winter
south georgia,Long Hot,2021,307,16.6,ProduceIQ,Winter
south georgia,Cubanelles,2021,307,20.6,ProduceIQ,Winter
south georgia,Hungarian Wax,2021,307,20.6,ProduceIQ,Winter
south georgia,Jalapeno,2021,307,25.6,ProduceIQ,Winter
central and south florida,Cubanelles,2021,314,17.35,ProduceIQ,Winter
mexico crossings through texas,Habanero,2021,314,20.5,ProduceIQ,Winter
mexico crossings through texas,Anaheim,2021,314,32.0,ProduceIQ,Winter
mexico crossings through texas,Jalapeno,2021,314,51.0,ProduceIQ,Winter
mexico crossings through texas,Serrano,2021,314,47.0,ProduceIQ,Winter
mexico crossings through texas,Poblano,2021,314,20.5,ProduceIQ,Winter
mexico crossings through nogales arizona,Anaheim,2021,314,26.6,ProduceIQ,Winter
mexico crossings through nogales arizona,Jalapeno,2021,314,48.64,ProduceIQ,Winter
mexico crossings through nogales arizona,Serrano,2021,314,48.64,ProduceIQ,Winter
mexico crossings through nogales arizona,Poblano,2021,314,38.0,ProduceIQ,Winter
central and south florida,Cubanelles,2021,321,16.35,ProduceIQ,Winter
central and south florida,Hungarian Wax,2021,321,16.35,ProduceIQ,Winter
central and south florida,Jalapeno,2021,321,40.35,ProduceIQ,Winter
mexico crossings through texas,Habanero,2021,321,21.5,ProduceIQ,Winter
mexico crossings through texas,Anaheim,2021,321,23.0,ProduceIQ,Winter
mexico crossings through texas,Jalapeno,2021,321,40.0,ProduceIQ,Winter
mexico crossings through texas,Serrano,2021,321,41.0,ProduceIQ,Winter
mexico crossings through texas,Poblano,2021,321,18.5,ProduceIQ,Winter
mexico crossings through nogales arizona,Anaheim,2021,321,22.8,ProduceIQ,Winter
mexico crossings through nogales arizona,Jalapeno,2021,321,38.0,ProduceIQ,Winter
mexico crossings through nogales arizona,Serrano,2021,321,45.6,ProduceIQ,Winter
mexico crossings through nogales arizona,Poblano,2021,321,32.3,ProduceIQ,Winter
central and south florida,Cubanelles,2021,328,16.35,ProduceIQ,Winter
central and south florida,Hungarian Wax,2021,328,16.35,ProduceIQ,Winter
central and south florida,Jalapeno,2021,328,40.35,ProduceIQ,Winter
mexico crossings through texas,Habanero,2021,328,22.0,ProduceIQ,Winter
mexico crossings through texas,Anaheim,2021,328,23.0,ProduceIQ,Winter
mexico crossings through texas,Jalapeno,2021,328,39.0,ProduceIQ,Winter
mexico crossings through texas,Serrano,2021,328,41.0,ProduceIQ,Winter
mexico crossings through texas,Poblano,2021,328,17.88,ProduceIQ,Winter
mexico crossings through nogales arizona,Anaheim,2021,328,19.0,ProduceIQ,Winter
mexico crossings through nogales arizona,Jalapeno,2021,328,30.4,ProduceIQ,Winter
mexico crossings through nogales arizona,Serrano,2021,328,39.9,ProduceIQ,Winter
mexico crossings through nogales arizona,Poblano,2021,328,30.4,ProduceIQ,Winter
central and south florida,Hungarian Wax,2021,335,16.35,ProduceIQ,Winter
central and south florida,Jalapeno,2021,335,29.35,ProduceIQ,Winter
mexico crossings through texas,Habanero,2021,335,22.0,ProduceIQ,Winter
mexico crossings through texas,Anaheim,2021,335,22.0,ProduceIQ,Winter
mexico crossings through texas,Jalapeno,2021,335,28.0,ProduceIQ,Winter
mexico crossings through texas,Serrano,2021,335,36.0,ProduceIQ,Winter
mexico crossings through texas,Poblano,2021,335,23.5,ProduceIQ,Winter
mexico crossings through nogales arizona,Anaheim,2021,335,20.14,ProduceIQ,Winter
mexico crossings through nogales arizona,Jalapeno,2021,335,18.24,ProduceIQ,Winter
mexico crossings through nogales arizona,Serrano,2021,335,31.54,ProduceIQ,Winter
mexico crossings through nogales arizona,Poblano,2021,335,39.14,ProduceIQ,Winter
central and south florida,Cubanelles,2021,342,19.35,ProduceIQ,Winter
central and south florida,Hungarian Wax,2021,342,18.35,ProduceIQ,Winter
central and south florida,Jalapeno,2021,342,23.35,ProduceIQ,Winter
central and south florida,Hungarian Wax,2021,342,10.35,ProduceIQ,Winter
mexico crossings through texas,Habanero,2021,342,19.5,ProduceIQ,Winter
mexico crossings through texas,Anaheim,2021,342,17.5,ProduceIQ,Winter
mexico crossings through texas,Jalapeno,2021,342,18.5,ProduceIQ,Winter
mexico crossings through texas,Serrano,2021,342,23.0,ProduceIQ,Winter
mexico crossings through texas,Poblano,2021,342,30.5,ProduceIQ,Winter
mexico crossings through nogales arizona,Anaheim,2021,342,18.24,ProduceIQ,Winter
mexico crossings through nogales arizona,Jalapeno,2021,342,11.4,ProduceIQ,Winter
mexico crossings through nogales arizona,Serrano,2021,342,22.8,ProduceIQ,Winter
mexico crossings through nogales arizona,Poblano,2021,342,49.4,ProduceIQ,Winter
central and south florida,Cubanelles,2021,349,21.35,ProduceIQ,Winter
central and south florida,Hungarian Wax,2021,349,18.35,ProduceIQ,Winter
central and south florida,Jalapeno,2021,349,17.35,ProduceIQ,Winter
central and south florida,Poblano,2021,349,26.35,ProduceIQ,Winter
central and south florida,Hungarian Wax,2021,349,10.35,ProduceIQ,Winter
mexico crossings through texas,Habanero,2021,349,18.5,ProduceIQ,Winter
mexico crossings through texas,Anaheim,2021,349,20.0,ProduceIQ,Winter
mexico crossings through texas,Jalapeno,2021,349,15.5,ProduceIQ,Winter
mexico crossings through texas,Serrano,2021,349,20.5,ProduceIQ,Winter
mexico crossings through texas,Poblano,2021,349,30.5,ProduceIQ,Winter
mexico crossings through nogales arizona,Anaheim,2021,349,10.64,ProduceIQ,Winter
mexico crossings through nogales arizona,Jalapeno,2021,349,8.74,ProduceIQ,Winter
mexico crossings through nogales arizona,Serrano,2021,349,15.2,ProduceIQ,Winter
mexico crossings through nogales arizona,Poblano,2021,349,36.1,ProduceIQ,Winter
central and south florida,Long Hot,2021,356,30.35,ProduceIQ,Winter
central and south florida,Cubanelles,2021,356,17.35,ProduceIQ,Winter
central and south florida,Hungarian Wax,2021,356,14.35,ProduceIQ,Winter
central and south florida,Jalapeno,2021,356,13.35,ProduceIQ,Winter
central and south florida,Poblano,2021,356,22.35,ProduceIQ,Winter
central and south florida,Hungarian Wax,2021,356,8.35,ProduceIQ,Winter
mexico crossings through texas,Habanero,2021,356,15.5,ProduceIQ,Winter
mexico crossings through texas,Anaheim,2021,356,14.5,ProduceIQ,Winter
mexico crossings through texas,Jalapeno,2021,356,14.5,ProduceIQ,Winter
mexico crossings through texas,Serrano,2021,356,18.0,ProduceIQ,Winter
mexico crossings through texas,Poblano,2021,356,30.0,ProduceIQ,Winter
mexico crossings through nogales arizona,Anaheim,2021,356,12.54,ProduceIQ,Winter
mexico crossings through nogales arizona,Jalapeno,2021,356,10.26,ProduceIQ,Winter
mexico crossings through nogales arizona,Serrano,2021,356,14.82,ProduceIQ,Winter
mexico crossings through nogales arizona,Poblano,2021,356,32.68,ProduceIQ,Winter
central and south florida,Cubanelles,2021,363,16.35,ProduceIQ,Winter
central and south florida,Hungarian Wax,2021,363,12.35,ProduceIQ,Winter
central and south florida,Jalapeno,2021,363,11.35,ProduceIQ,Winter
central and south florida,Hungarian Wax,2021,363,7.35,ProduceIQ,Winter
mexico crossings through texas,Habanero,2021,363,14.5,ProduceIQ,Winter
mexico crossings through texas,Anaheim,2021,363,13.5,ProduceIQ,Winter
mexico crossings through texas,Jalapeno,2021,363,12.0,ProduceIQ,Winter
mexico crossings through texas,Serrano,2021,363,14.5,ProduceIQ,Winter
mexico crossings through texas,Poblano,2021,363,21.0,ProduceIQ,Winter
mexico crossings through nogales arizona,Anaheim,2021,363,19.0,ProduceIQ,Winter
mexico crossings through nogales arizona,Jalapeno,2021,363,12.54,ProduceIQ,Winter
mexico crossings through nogales arizona,Serrano,2021,363,14.44,ProduceIQ,Winter
mexico crossings through nogales arizona,Poblano,2021,363,31.54,ProduceIQ,Winter
central and south florida,Long Hot,2022,5,17.35,ProduceIQ,Winter
central and south florida,Cubanelles,2022,5,14.35,ProduceIQ,Winter
central and south florida,Hungarian Wax,2022,5,12.35,ProduceIQ,Winter
central and south florida,Jalapeno,2022,5,13.35,ProduceIQ,Winter
central and south florida,Poblano,2022,5,19.35,ProduceIQ,Winter
mexico crossings through texas,Habanero,2022,5,14.5,ProduceIQ,Winter
mexico crossings through texas,Anaheim,2022,5,15.5,ProduceIQ,Winter
mexico crossings through texas,Jalapeno,2022,5,17.5,ProduceIQ,Winter
mexico crossings through texas,Serrano,2022,5,15.5,ProduceIQ,Winter
mexico crossings through texas,Poblano,2022,5,21.0,ProduceIQ,Winter
mexico crossings through nogales arizona,Anaheim,2022,5,17.1,ProduceIQ,Winter
mexico crossings through nogales arizona,Jalapeno,2022,5,12.54,ProduceIQ,Winter
mexico crossings through nogales arizona,Serrano,2022,5,14.82,ProduceIQ,Winter
mexico crossings through nogales arizona,Poblano,2022,5,29.64,ProduceIQ,Winter
central and south florida,Cubanelles,2022,12,14.35,ProduceIQ,Winter
central and south florida,Jalapeno,2022,12,13.35,ProduceIQ,Winter
mexico crossings through texas,Habanero,2022,12,17.5,ProduceIQ,Winter
mexico crossings through texas,Anaheim,2022,12,17.0,ProduceIQ,Winter
mexico crossings through texas,Jalapeno,2022,12,15.5,ProduceIQ,Winter
mexico crossings through texas,Serrano,2022,12,17.0,ProduceIQ,Winter
mexico crossings through texas,Poblano,2022,12,21.5,ProduceIQ,Winter
mexico crossings through nogales arizona,Anaheim,2022,12,15.2,ProduceIQ,Winter
mexico crossings through nogales arizona,Jalapeno,2022,12,11.4,ProduceIQ,Winter
mexico crossings through nogales arizona,Serrano,2022,12,14.82,ProduceIQ,Winter
mexico crossings through nogales arizona,Poblano,2022,12,29.64,ProduceIQ,Winter
central and south florida,Cubanelles,2022,19,15.35,ProduceIQ,Winter
central and south florida,Jalapeno,2022,19,15.35,ProduceIQ,Winter
central and south florida,Poblano,2022,19,19.35,ProduceIQ,Winter
mexico crossings through texas,Habanero,2022,19,14.5,ProduceIQ,Winter
mexico crossings through texas,Anaheim,2022,19,15.0,ProduceIQ,Winter
mexico crossings through texas,Jalapeno,2022,19,11.75,ProduceIQ,Winter
mexico crossings through texas,Serrano,2022,19,13.5,ProduceIQ,Winter
mexico crossings through texas,Poblano,2022,19,18.5,ProduceIQ,Winter
mexico crossings through nogales arizona,Anaheim,2022,19,16.34,ProduceIQ,Winter
mexico crossings through nogales arizona,Jalapeno,2022,19,10.64,ProduceIQ,Winter
mexico crossings through nogales arizona,Serrano,2022,19,12.54,ProduceIQ,Winter
mexico crossings through nogales arizona,Poblano,2022,19,26.6,ProduceIQ,Winter
mexico crossings through texas,Habanero,2022,26,13.5,ProduceIQ,Winter
mexico crossings through texas,Anaheim,2022,26,14.0,ProduceIQ,Winter
mexico crossings through texas,Jalapeno,2022,26,12.0,ProduceIQ,Winter
mexico crossings through texas,Serrano,2022,26,11.5,ProduceIQ,Winter
mexico crossings through texas,Poblano,2022,26,15.5,ProduceIQ,Winter
mexico crossings through nogales arizona,Anaheim,2022,26,14.44,ProduceIQ,Winter
mexico crossings through nogales arizona,Jalapeno,2022,26,9.12,ProduceIQ,Winter
mexico crossings through nogales arizona,Serrano,2022,26,12.16,ProduceIQ,Winter
mexico crossings through nogales arizona,Poblano,2022,26,24.7,ProduceIQ,Winter
mexico crossings through texas,Habanero,2022,33,13.5,ProduceIQ,Winter
mexico crossings through texas,Anaheim,2022,33,14.0,ProduceIQ,Winter
mexico crossings through texas,Jalapeno,2022,33,12.5,ProduceIQ,Winter
mexico crossings through texas,Serrano,2022,33,13.5,ProduceIQ,Winter
mexico crossings through texas,Poblano,2022,33,14.0,ProduceIQ,Winter
mexico crossings through nogales arizona,Anaheim,2022,33,18.62,ProduceIQ,Winter
mexico crossings through nogales arizona,Jalapeno,2022,33,14.44,ProduceIQ,Winter
mexico crossings through nogales arizona,Serrano,2022,33,15.96,ProduceIQ,Winter
mexico crossings through nogales arizona,Poblano,2022,33,28.88,ProduceIQ,Winter
central and south florida,Long Hot,2022,40,16.35,ProduceIQ,Winter
mexico crossings through texas,Habanero,2022,40,13.5,ProduceIQ,Winter
mexico crossings through texas,Anaheim,2022,40,15.5,ProduceIQ,Winter
mexico crossings through texas,Jalapeno,2022,40,15.5,ProduceIQ,Winter
mexico crossings through texas,Serrano,2022,40,13.0,ProduceIQ,Winter
mexico crossings through texas,Poblano,2022,40,14.0,ProduceIQ,Winter
mexico crossings through nogales arizona,Anaheim,2022,40,18.62,ProduceIQ,Winter
mexico crossings through nogales arizona,Jalapeno,2022,40,11.78,ProduceIQ,Winter
mexico crossings through nogales arizona,Serrano,2022,40,14.06,ProduceIQ,Winter
mexico crossings through nogales arizona,Poblano,2022,40,29.26,ProduceIQ,Winter
central and south florida,Long Hot,2022,47,16.35,ProduceIQ,Winter
mexico crossings through texas,Habanero,2022,47,12.5,ProduceIQ,Winter
mexico crossings through texas,Anaheim,2022,47,15.5,ProduceIQ,Winter
mexico crossings through texas,Jalapeno,2022,47,15.5,ProduceIQ,Winter
mexico crossings through texas,Serrano,2022,47,15.0,ProduceIQ,Winter
mexico crossings through texas,Poblano,2022,47,13.0,ProduceIQ,Winter
mexico crossings through nogales arizona,Anaheim,2022,47,18.62,ProduceIQ,Winter
mexico crossings through nogales arizona,Jalapeno,2022,47,14.82,ProduceIQ,Winter
mexico crossings through nogales arizona,Serrano,2022,47,12.16,ProduceIQ,Winter
mexico crossings through nogales arizona,Poblano,2022,47,20.52,ProduceIQ,Winter
central and south florida,Long Hot,2022,54,19.35,ProduceIQ,Winter
central and south florida,Cubanelles,2022,54,30.35,ProduceIQ,Winter
central and south florida,Jalapeno,2022,54,23.35,ProduceIQ,Winter
mexico crossings through texas,Habanero,2022,54,12.5,ProduceIQ,Winter
mexico crossings through texas,Anaheim,2022,54,18.5,ProduceIQ,Winter
mexico crossings through texas,Jalapeno,2022,54,15.5,ProduceIQ,Winter
mexico crossings through texas,Serrano,2022,54,33.5,ProduceIQ,Winter
mexico crossings through texas,Poblano,2022,54,13.5,ProduceIQ,Winter
mexico crossings through nogales arizona,Anaheim,2022,54,21.28,ProduceIQ,Winter
mexico crossings through nogales arizona,Jalapeno,2022,54,15.58,ProduceIQ,Winter
mexico crossings through nogales arizona,Serrano,2022,54,14.82,ProduceIQ,Winter
mexico crossings through nogales arizona,Poblano,2022,54,19.0,ProduceIQ,Winter
central and south florida,Long Hot,2022,61,17.35,ProduceIQ,Winter
central and south florida,Cubanelles,2022,61,29.35,ProduceIQ,Winter
central and south florida,Jalapeno,2022,61,23.35,ProduceIQ,Winter
mexico crossings through texas,Habanero,2022,61,12.5,ProduceIQ,Winter
mexico crossings through texas,Anaheim,2022,61,20.0,ProduceIQ,Winter
mexico crossings through texas,Jalapeno,2022,61,16.5,ProduceIQ,Winter
mexico crossings through texas,Serrano,2022,61,29.5,ProduceIQ,Winter
mexico crossings through texas,Poblano,2022,61,14.5,ProduceIQ,Winter
mexico crossings through nogales arizona,Anaheim,2022,61,25.08,ProduceIQ,Winter
mexico crossings through nogales arizona,Jalapeno,2022,61,17.48,ProduceIQ,Winter
mexico crossings through nogales arizona,Serrano,2022,61,29.64,ProduceIQ,Winter
mexico crossings through nogales arizona,Poblano,2022,61,20.52,ProduceIQ,Winter
central and south florida,Long Hot,2022,68,17.35,ProduceIQ,Winter
central and south florida,Jalapeno,2022,68,21.35,ProduceIQ,Winter
mexico crossings through texas,Habanero,2022,68,16.0,ProduceIQ,Winter
mexico crossings through texas,Anaheim,2022,68,24.5,ProduceIQ,Winter
mexico crossings through texas,Jalapeno,2022,68,17.5,ProduceIQ,Winter
mexico crossings through texas,Serrano,2022,68,27.5,ProduceIQ,Winter
mexico crossings through texas,Poblano,2022,68,17.5,ProduceIQ,Winter
mexico crossings through nogales arizona,Anaheim,2022,68,30.4,ProduceIQ,Winter
mexico crossings through nogales arizona,Jalapeno,2022,68,15.58,ProduceIQ,Winter
mexico crossings through nogales arizona,Serrano,2022,68,27.74,ProduceIQ,Winter
mexico crossings through nogales arizona,Poblano,2022,68,28.5,ProduceIQ,Winter
mexico crossings through texas,Habanero,2022,75,16.0,ProduceIQ,Winter
mexico crossings through texas,Anaheim,2022,75,25.0,ProduceIQ,Winter
mexico crossings through texas,Jalapeno,2022,75,16.5,ProduceIQ,Winter
mexico crossings through texas,Serrano,2022,75,25.0,ProduceIQ,Winter
mexico crossings through texas,Poblano,2022,75,17.0,ProduceIQ,Winter
mexico crossings through nogales arizona,Anaheim,2022,75,27.74,ProduceIQ,Winter
mexico crossings through nogales arizona,Jalapeno,2022,75,15.2,ProduceIQ,Winter
mexico crossings through nogales arizona,Serrano,2022,75,27.74,ProduceIQ,Winter
mexico crossings through nogales arizona,Poblano,2022,75,28.5,ProduceIQ,Winter
central and south florida,Cubanelles,2022,82,28.35,ProduceIQ,Winter
central and south florida,Jalapeno,2022,82,25.35,ProduceIQ,Winter
mexico crossings through texas,Habanero,2022,82,14.0,ProduceIQ,Winter
mexico crossings through texas,Anaheim,2022,82,23.5,ProduceIQ,Winter
mexico crossings through texas,Jalapeno,2022,82,16.5,ProduceIQ,Winter
mexico crossings through texas,Serrano,2022,82,26.5,ProduceIQ,Winter
mexico crossings through texas,Poblano,2022,82,17.75,ProduceIQ,Winter
mexico crossings through nogales arizona,Anaheim,2022,82,20.9,ProduceIQ,Winter
mexico crossings through nogales arizona,Jalapeno,2022,82,16.34,ProduceIQ,Winter
mexico crossings through nogales arizona,Serrano,2022,82,26.6,ProduceIQ,Winter
mexico crossings through nogales arizona,Poblano,2022,82,34.2,ProduceIQ,Winter
central and south florida,Cubanelles,2022,89,27.35,ProduceIQ,Winter
central and south florida,Jalapeno,2022,89,24.35,ProduceIQ,Winter
mexico crossings through texas,Habanero,2022,89,19.5,ProduceIQ,Winter
mexico crossings through texas,Anaheim,2022,89,25.0,ProduceIQ,Winter
mexico crossings through texas,Jalapeno,2022,89,19.0,ProduceIQ,Winter
mexico crossings through texas,Serrano,2022,89,32.5,ProduceIQ,Winter
mexico crossings through texas,Poblano,2022,89,20.5,ProduceIQ,Winter
mexico crossings through nogales arizona,Anaheim,2022,89,19.0,ProduceIQ,Winter
mexico crossings through nogales arizona,Jalapeno,2022,89,17.1,ProduceIQ,Winter
mexico crossings through nogales arizona,Serrano,2022,89,26.6,ProduceIQ,Winter
mexico crossings through nogales arizona,Poblano,2022,89,34.2,ProduceIQ,Winter
central and south florida,Cubanelles,2022,96,28.35,ProduceIQ,Winter
central and south florida,Jalapeno,2022,96,24.35,ProduceIQ,Winter
mexico crossings through texas,Habanero,2022,96,19.5,ProduceIQ,Winter
mexico crossings through texas,Anaheim,2022,96,22.75,ProduceIQ,Winter
mexico crossings through texas,Jalapeno,2022,96,19.0,ProduceIQ,Winter
mexico crossings through texas,Serrano,2022,96,36.5,ProduceIQ,Winter
mexico crossings through texas,Poblano,2022,96,20.5,ProduceIQ,Winter
mexico crossings through nogales arizona,Anaheim,2022,96,19.0,ProduceIQ,Winter
mexico crossings through nogales arizona,Jalapeno,2022,96,18.24,ProduceIQ,Winter
mexico crossings through nogales arizona,Serrano,2022,96,35.34,ProduceIQ,Winter
mexico crossings through nogales arizona,Poblano,2022,96,30.4,ProduceIQ,Winter
central and south florida,Long Hot,2022,103,28.35,ProduceIQ,Winter
central and south florida,Cubanelles,2022,103,28.35,ProduceIQ,Winter
central and south florida,Jalapeno,2022,103,24.35,ProduceIQ,Winter
central and south florida,Poblano,2022,103,24.35,ProduceIQ,Winter
mexico crossings through texas,Habanero,2022,103,19.0,ProduceIQ,Winter
mexico crossings through texas,Anaheim,2022,103,22.75,ProduceIQ,Winter
mexico crossings through texas,Jalapeno,2022,103,24.5,ProduceIQ,Winter
mexico crossings through texas,Serrano,2022,103,36.5,ProduceIQ,Winter
mexico crossings through texas,Poblano,2022,103,21.0,ProduceIQ,Winter
mexico crossings through nogales arizona,Anaheim,2022,103,23.94,ProduceIQ,Winter
mexico crossings through nogales arizona,Jalapeno,2022,103,18.24,ProduceIQ,Winter
mexico crossings through nogales arizona,Serrano,2022,103,36.1,ProduceIQ,Winter
mexico crossings through nogales arizona,Poblano,2022,103,30.4,ProduceIQ,Winter
central and south florida,Long Hot,2022,110,19.35,ProduceIQ,Winter
central and south florida,Cubanelles,2022,110,28.35,ProduceIQ,Winter
central and south florida,Jalapeno,2022,110,24.35,ProduceIQ,Winter
central and south florida,Poblano,2022,110,24.35,ProduceIQ,Winter
mexico crossings through texas,Habanero,2022,110,16.5,ProduceIQ,Winter
mexico crossings through texas,Anaheim,2022,110,23.0,ProduceIQ,Winter
mexico crossings through texas,Jalapeno,2022,110,28.5,ProduceIQ,Winter
mexico crossings through texas,Serrano,2022,110,39.5,ProduceIQ,Winter
mexico crossings through texas,Poblano,2022,110,23.5,ProduceIQ,Winter
mexico crossings through nogales arizona,Anaheim,2022,110,25.84,ProduceIQ,Winter
mexico crossings through nogales arizona,Jalapeno,2022,110,25.84,ProduceIQ,Winter
mexico crossings through nogales arizona,Serrano,2022,110,36.1,ProduceIQ,Winter
mexico crossings through nogales arizona,Poblano,2022,110,30.4,ProduceIQ,Winter
central and south florida,Long Hot,2022,117,28.35,ProduceIQ,Winter
central and south florida,Cubanelles,2022,117,29.35,ProduceIQ,Winter
central and south florida,Jalapeno,2022,117,24.35,ProduceIQ,Winter
central and south florida,Poblano,2022,117,24.35,ProduceIQ,Winter
mexico crossings through texas,Habanero,2022,117,16.5,ProduceIQ,Winter
mexico crossings through texas,Anaheim,2022,117,23.5,ProduceIQ,Winter
mexico crossings through texas,Jalapeno,2022,117,23.75,ProduceIQ,Winter
mexico crossings through texas,Serrano,2022,117,33.0,ProduceIQ,Winter
mexico crossings through texas,Poblano,2022,117,22.0,ProduceIQ,Winter
mexico crossings through nogales arizona,Anaheim,2022,117,22.04,ProduceIQ,Winter
mexico crossings through nogales arizona,Jalapeno,2022,117,25.84,ProduceIQ,Winter
mexico crossings through nogales arizona,Serrano,2022,117,35.34,ProduceIQ,Winter
mexico crossings through nogales arizona,Poblano,2022,117,33.44,ProduceIQ,Winter
central and south florida,Long Hot,2022,124,29.35,ProduceIQ,Winter
central and south florida,Cubanelles,2022,124,20.35,ProduceIQ,Winter
central and south florida,Jalapeno,2022,124,25.35,ProduceIQ,Winter
central and south florida,Poblano,2022,124,24.35,ProduceIQ,Winter
mexico crossings through texas,Habanero,2022,124,18.5,ProduceIQ,Winter
mexico crossings through texas,Anaheim,2022,124,22.0,ProduceIQ,Winter
mexico crossings through texas,Jalapeno,2022,124,20.5,ProduceIQ,Winter
mexico crossings through texas,Serrano,2022,124,22.0,ProduceIQ,Winter
mexico crossings through texas,Poblano,2022,124,21.5,ProduceIQ,Winter
mexico crossings through nogales arizona,Anaheim,2022,124,16.34,ProduceIQ,Winter
mexico crossings through nogales arizona,Jalapeno,2022,124,16.34,ProduceIQ,Winter
mexico crossings through nogales arizona,Serrano,2022,124,29.64,ProduceIQ,Winter
mexico crossings through nogales arizona,Poblano,2022,124,25.84,ProduceIQ,Winter
central and south florida,Long Hot,2022,131,27.35,ProduceIQ,Winter
central and south florida,Cubanelles,2022,131,11.35,ProduceIQ,Winter
central and south florida,Jalapeno,2022,131,20.35,ProduceIQ,Winter
central and south florida,Poblano,2022,131,24.85,ProduceIQ,Winter
mexico crossings through texas,Habanero,2022,131,19.0,ProduceIQ,Winter
mexico crossings through texas,Anaheim,2022,131,22.0,ProduceIQ,Winter
mexico crossings through texas,Jalapeno,2022,131,22.5,ProduceIQ,Winter
mexico crossings through texas,Serrano,2022,131,23.0,ProduceIQ,Winter
mexico crossings through texas,Poblano,2022,131,23.0,ProduceIQ,Winter
mexico crossings through nogales arizona,Anaheim,2022,131,13.3,ProduceIQ,Winter
mexico crossings through nogales arizona,Jalapeno,2022,131,11.4,ProduceIQ,Winter
mexico crossings through nogales arizona,Serrano,2022,131,24.7,ProduceIQ,Winter
mexico crossings through nogales arizona,Poblano,2022,131,25.84,ProduceIQ,Winter
central and south florida,Long Hot,2022,138,27.35,ProduceIQ,Winter
central and south florida,Cubanelles,2022,138,8.35,ProduceIQ,Winter
central and south florida,Jalapeno,2022,138,14.35,ProduceIQ,Winter
mexico crossings through texas,Habanero,2022,138,23.0,ProduceIQ,Winter
mexico crossings through texas,Anaheim,2022,138,27.0,ProduceIQ,Winter
mexico crossings through texas,Jalapeno,2022,138,21.0,ProduceIQ,Winter
mexico crossings through texas,Serrano,2022,138,25.0,ProduceIQ,Winter
mexico crossings through texas,Poblano,2022,138,25.5,ProduceIQ,Winter
mexico crossings through nogales arizona,Anaheim,2022,138,20.14,ProduceIQ,Winter
mexico crossings through nogales arizona,Jalapeno,2022,138,14.44,ProduceIQ,Winter
mexico crossings through nogales arizona,Serrano,2022,138,19.0,ProduceIQ,Winter
mexico crossings through nogales arizona,Poblano,2022,138,23.94,ProduceIQ,Winter
central and south florida,Long Hot,2022,145,25.35,ProduceIQ,Winter
central and south florida,Cubanelles,2022,145,9.35,ProduceIQ,Winter
central and south florida,Jalapeno,2022,145,15.35,ProduceIQ,Winter
mexico crossings through texas,Habanero,2022,145,28.0,ProduceIQ,Winter
mexico crossings through texas,Anaheim,2022,145,27.0,ProduceIQ,Winter
mexico crossings through texas,Jalapeno,2022,145,19.0,ProduceIQ,Winter
mexico crossings through texas,Serrano,2022,145,17.5,ProduceIQ,Winter
mexico crossings through texas,Poblano,2022,145,25.5,ProduceIQ,Winter
mexico crossings through nogales arizona,Anaheim,2022,145,27.74,ProduceIQ,Winter
mexico crossings through nogales arizona,Jalapeno,2022,145,13.3,ProduceIQ,Winter
mexico crossings through nogales arizona,Serrano,2022,145,18.24,ProduceIQ,Winter
mexico crossings through nogales arizona,Poblano,2022,145,28.5,ProduceIQ,Winter
south georgia,Cubanelles,2022,145,12.6,ProduceIQ,Winter
south georgia,Hungarian Wax,2022,145,36.6,ProduceIQ,Winter
south georgia,Jalapeno,2022,145,15.6,ProduceIQ,Winter
central and south florida,Long Hot,2022,152,18.35,ProduceIQ,Winter
central and south florida,Jalapeno,2022,152,14.35,ProduceIQ,Winter
mexico crossings through texas,Habanero,2022,152,33.5,ProduceIQ,Winter
mexico crossings through texas,Anaheim,2022,152,31.0,ProduceIQ,Winter
mexico crossings through texas,Jalapeno,2022,152,17.5,ProduceIQ,Winter
mexico crossings through texas,Serrano,2022,152,17.5,ProduceIQ,Winter
mexico crossings through texas,Poblano,2022,152,25.5,ProduceIQ,Winter
mexico crossings through nogales arizona,Anaheim,2022,152,25.84,ProduceIQ,Winter
mexico crossings through nogales arizona,Jalapeno,2022,152,13.3,ProduceIQ,Winter
mexico crossings through nogales arizona,Poblano,2022,152,28.5,ProduceIQ,Winter
south georgia,Long Hot,2022,152,27.6,ProduceIQ,Winter
south georgia,Cubanelles,2022,152,10.6,ProduceIQ,Winter
south georgia,Hungarian Wax,2022,152,27.6,ProduceIQ,Winter
south georgia,Jalapeno,2022,152,15.6,ProduceIQ,Winter
south georgia,Poblano,2022,152,27.6,ProduceIQ,Winter
mexico crossings through texas,Habanero,2022,159,32.5,ProduceIQ,Winter
mexico crossings through texas,Anaheim,2022,159,34.0,ProduceIQ,Winter
mexico crossings through texas,Jalapeno,2022,159,17.5,ProduceIQ,Winter
mexico crossings through texas,Serrano,2022,159,17.5,ProduceIQ,Winter
mexico crossings through texas,Poblano,2022,159,23.0,ProduceIQ,Winter
mexico crossings through nogales arizona,Anaheim,2022,159,41.04,ProduceIQ,Winter
mexico crossings through nogales arizona,Jalapeno,2022,159,14.44,ProduceIQ,Winter
south georgia,Long Hot,2022,159,19.6,ProduceIQ,Winter
south georgia,Cubanelles,2022,159,11.6,ProduceIQ,Winter
south georgia,Hungarian Wax,2022,159,20.6,ProduceIQ,Winter
south georgia,Jalapeno,2022,159,15.6,ProduceIQ,Winter
south georgia,Poblano,2022,159,30.6,ProduceIQ,Winter
mexico crossings through texas,Habanero,2022,166,22.0,ProduceIQ,Winter
mexico crossings through texas,Anaheim,2022,166,42.5,ProduceIQ,Winter
mexico crossings through texas,Jalapeno,2022,166,18.0,ProduceIQ,Winter
mexico crossings through texas,Serrano,2022,166,17.5,ProduceIQ,Winter
mexico crossings through texas,Poblano,2022,166,21.0,ProduceIQ,Winter
south georgia,Long Hot,2022,166,14.6,ProduceIQ,Winter
south georgia,Cubanelles,2022,166,10.6,ProduceIQ,Winter
south georgia,Jalapeno,2022,166,15.6,ProduceIQ,Winter
south georgia,Poblano,2022,166,24.6,ProduceIQ,Winter
mexico crossings through texas,Habanero,2022,173,23.0,ProduceIQ,Winter
mexico crossings through texas,Anaheim,2022,173,39.25,ProduceIQ,Winter
mexico crossings through texas,Jalapeno,2022,173,17.5,ProduceIQ,Winter
mexico crossings through texas,Serrano,2022,173,17.0,ProduceIQ,Winter
mexico crossings through texas,Poblano,2022,173,20.5,ProduceIQ,Winter
south georgia,Long Hot,2022,173,14.6,ProduceIQ,Winter
south georgia,Cubanelles,2022,173,11.6,ProduceIQ,Winter
south georgia,Jalapeno,2022,173,18.6,ProduceIQ,Winter
south georgia,Poblano,2022,173,24.6,ProduceIQ,Winter
mexico crossings through texas,Habanero,2022,180,23.0,ProduceIQ,Winter
mexico crossings through texas,Anaheim,2022,180,29.5,ProduceIQ,Winter
mexico crossings through texas,Jalapeno,2022,180,18.5,ProduceIQ,Winter
mexico crossings through texas,Serrano,2022,180,18.0,ProduceIQ,Winter
mexico crossings through texas,Poblano,2022,180,18.5,ProduceIQ,Winter
mexico crossings through texas,Habanero,2022,187,24.5,ProduceIQ,Winter
mexico crossings through texas,Anaheim,2022,187,31.0,ProduceIQ,Winter
mexico crossings through texas,Jalapeno,2022,187,17.5,ProduceIQ,Winter
mexico crossings through texas,Serrano,2022,187,18.0,ProduceIQ,Winter
mexico crossings through texas,Poblano,2022,187,18.0,ProduceIQ,Winter
mexico crossings through texas,Habanero,2022,194,24.5,ProduceIQ,Winter
mexico crossings through texas,Anaheim,2022,194,32.0,ProduceIQ,Winter
mexico crossings through texas,Jalapeno,2022,194,17.5,ProduceIQ,Winter
mexico crossings through texas,Serrano,2022,194,18.0,ProduceIQ,Winter
mexico crossings through texas,Poblano,2022,194,18.0,ProduceIQ,Winter
mexico crossings through texas,Habanero,2022,201,31.0,ProduceIQ,Winter
mexico crossings through texas,Anaheim,2022,201,28.5,ProduceIQ,Winter
mexico crossings through texas,Jalapeno,2022,201,17.5,ProduceIQ,Winter
mexico crossings through texas,Serrano,2022,201,18.0,ProduceIQ,Winter
mexico crossings through texas,Poblano,2022,201,18.0,ProduceIQ,Winter
mexico crossings through texas,Habanero,2022,208,29.5,ProduceIQ,Winter
mexico crossings through texas,Anaheim,2022,208,27.5,ProduceIQ,Winter
mexico crossings through texas,Jalapeno,2022,208,16.0,ProduceIQ,Winter
mexico crossings through texas,Serrano,2022,208,16.0,ProduceIQ,Winter
mexico crossings through texas,Poblano,2022,208,17.5,ProduceIQ,Winter
mexico crossings through texas,Habanero,2022,215,30.0,ProduceIQ,Winter
mexico crossings through texas,Anaheim,2022,215,20.5,ProduceIQ,Winter
mexico crossings through texas,Jalapeno,2022,215,17.0,ProduceIQ,Winter
mexico crossings through texas,Serrano,2022,215,17.0,ProduceIQ,Winter
mexico crossings through texas,Poblano,2022,215,17.5,ProduceIQ,Winter
mexico crossings through texas,Habanero,2022,222,24.0,ProduceIQ,Winter
mexico crossings through texas,Anaheim,2022,222,20.5,ProduceIQ,Winter
mexico crossings through texas,Jalapeno,2022,222,17.0,ProduceIQ,Winter
mexico crossings through texas,Serrano,2022,222,17.5,ProduceIQ,Winter
mexico crossings through texas,Poblano,2022,222,18.0,ProduceIQ,Winter
mexico crossings through texas,Habanero,2022,229,22.0,ProduceIQ,Winter
mexico crossings through texas,Anaheim,2022,229,17.0,ProduceIQ,Winter
mexico crossings through texas,Jalapeno,2022,229,16.5,ProduceIQ,Winter
mexico crossings through texas,Serrano,2022,229,21.5,ProduceIQ,Winter
mexico crossings through texas,Poblano,2022,229,16.0,ProduceIQ,Winter
mexico crossings through texas,Habanero,2022,236,17.5,ProduceIQ,Winter
mexico crossings through texas,Anaheim,2022,236,19.75,ProduceIQ,Winter
mexico crossings through texas,Jalapeno,2022,236,18.5,ProduceIQ,Winter
mexico crossings through texas,Serrano,2022,236,31.5,ProduceIQ,Winter
mexico crossings through texas,Poblano,2022,236,15.0,ProduceIQ,Winter
mexico crossings through texas,Habanero,2022,243,13.0,ProduceIQ,Winter
mexico crossings through texas,Anaheim,2022,243,23.0,ProduceIQ,Winter
mexico crossings through texas,Jalapeno,2022,243,19.5,ProduceIQ,Winter
mexico crossings through texas,Serrano,2022,243,28.5,ProduceIQ,Winter
mexico crossings through texas,Poblano,2022,243,16.0,ProduceIQ,Winter
mexico crossings through texas,Habanero,2022,250,13.5,ProduceIQ,Winter
mexico crossings through texas,Anaheim,2022,250,25.5,ProduceIQ,Winter
mexico crossings through texas,Jalapeno,2022,250,25.0,ProduceIQ,Winter
mexico crossings through texas,Serrano,2022,250,24.0,ProduceIQ,Winter
mexico crossings through texas,Poblano,2022,250,16.0,ProduceIQ,Winter
mexico crossings through texas,Habanero,2022,257,14.5,ProduceIQ,Winter
mexico crossings through texas,Anaheim,2022,257,31.0,ProduceIQ,Winter
mexico crossings through texas,Jalapeno,2022,257,25.0,ProduceIQ,Winter
mexico crossings through texas,Serrano,2022,257,24.0,ProduceIQ,Winter
mexico crossings through texas,Poblano,2022,257,17.5,ProduceIQ,Winter
mexico crossings through texas,Habanero,2022,264,14.5,ProduceIQ,Winter
mexico crossings through texas,Anaheim,2022,264,31.0,ProduceIQ,Winter
mexico crossings through texas,Jalapeno,2022,264,22.0,ProduceIQ,Winter
mexico crossings through texas,Serrano,2022,264,24.5,ProduceIQ,Winter
mexico crossings through texas,Poblano,2022,264,18.0,ProduceIQ,Winter
mexico crossings through texas,Habanero,2022,271,16.5,ProduceIQ,Winter
mexico crossings through texas,Anaheim,2022,271,33.0,ProduceIQ,Winter
mexico crossings through texas,Jalapeno,2022,271,23.0,ProduceIQ,Winter
mexico crossings through texas,Serrano,2022,271,24.0,ProduceIQ,Winter
mexico crossings through texas,Poblano,2022,271,19.5,ProduceIQ,Winter
mexico crossings through texas,Habanero,2022,278,19.0,ProduceIQ,Winter
mexico crossings through texas,Anaheim,2022,278,33.5,ProduceIQ,Winter
mexico crossings through texas,Jalapeno,2022,278,23.0,ProduceIQ,Winter
mexico crossings through texas,Serrano,2022,278,24.0,ProduceIQ,Winter
mexico crossings through texas,Poblano,2022,278,19.0,ProduceIQ,Winter
south georgia,Long Hot,2022,278,18.6,ProduceIQ,Winter
south georgia,Cubanelles,2022,278,20.6,ProduceIQ,Winter
south georgia,Jalapeno,2022,278,22.6,ProduceIQ,Winter
mexico crossings through texas,Habanero,2022,285,17.0,ProduceIQ,Winter
mexico crossings through texas,Anaheim,2022,285,41.5,ProduceIQ,Winter
mexico crossings through texas,Serrano,2022,285,21.5,ProduceIQ,Winter
mexico crossings through texas,Poblano,2022,285,19.0,ProduceIQ,Winter
mexico crossings through texas,Jalapeno,2022,285,19.0,ProduceIQ,Winter
south georgia,Long Hot,2022,285,18.6,ProduceIQ,Winter
south georgia,Cubanelles,2022,285,21.6,ProduceIQ,Winter
south georgia,Jalapeno,2022,285,23.6,ProduceIQ,Winter
south georgia,Poblano,2022,285,24.6,ProduceIQ,Winter
mexico crossings through texas,Habanero,2022,292,19.0,ProduceIQ,Winter
mexico crossings through texas,Anaheim,2022,292,39.5,ProduceIQ,Winter
mexico crossings through texas,Jalapeno,2022,292,20.0,ProduceIQ,Winter
mexico crossings through texas,Serrano,2022,292,19.5,ProduceIQ,Winter
mexico crossings through texas,Poblano,2022,292,19.0,ProduceIQ,Winter
south georgia,Cubanelles,2022,292,22.6,ProduceIQ,Winter
south georgia,Jalapeno,2022,292,22.6,ProduceIQ,Winter
south georgia,Poblano,2022,292,22.6,ProduceIQ,Winter
mexico crossings through texas,Habanero,2022,299,19.0,ProduceIQ,Winter
mexico crossings through texas,Anaheim,2022,299,38.0,ProduceIQ,Winter
mexico crossings through texas,Jalapeno,2022,299,20.0,ProduceIQ,Winter
mexico crossings through texas,Serrano,2022,299,21.5,ProduceIQ,Winter
mexico crossings through texas,Poblano,2022,299,18.0,ProduceIQ,Winter
south georgia,Cubanelles,2022,299,23.6,ProduceIQ,Winter
south georgia,Jalapeno,2022,299,23.6,ProduceIQ,Winter
mexico crossings through texas,Habanero,2022,306,19.0,ProduceIQ,Winter
mexico crossings through texas,Anaheim,2022,306,35.0,ProduceIQ,Winter
mexico crossings through texas,Jalapeno,2022,306,21.5,ProduceIQ,Winter
mexico crossings through texas,Serrano,2022,306,32.0,ProduceIQ,Winter
mexico crossings through texas,Poblano,2022,306,18.5,ProduceIQ,Winter
south georgia,Cubanelles,2022,306,23.6,ProduceIQ,Winter
south georgia,Jalapeno,2022,306,23.6,ProduceIQ,Winter
south georgia,Poblano,2022,306,24.6,ProduceIQ,Winter
mexico crossings through texas,Habanero,2022,313,17.0,ProduceIQ,Winter
mexico crossings through texas,Anaheim,2022,313,35.0,ProduceIQ,Winter
mexico crossings through texas,Jalapeno,2022,313,19.0,ProduceIQ,Winter
mexico crossings through texas,Serrano,2022,313,35.0,ProduceIQ,Winter
mexico crossings through texas,Poblano,2022,313,20.0,ProduceIQ,Winter
south georgia,Cubanelles,2022,313,20.6,ProduceIQ,Winter
south georgia,Jalapeno,2022,313,23.6,ProduceIQ,Winter
south georgia,Poblano,2022,313,24.6,ProduceIQ,Winter
central and south florida,Jalapeno,2022,320,20.6,ProduceIQ,Winter
mexico crossings through texas,Habanero,2022,320,17.0,ProduceIQ,Winter
mexico crossings through texas,Anaheim,2022,320,39.0,ProduceIQ,Winter
mexico crossings through texas,Jalapeno,2022,320,21.5,ProduceIQ,Winter
mexico crossings through texas,Serrano,2022,320,41.5,ProduceIQ,Winter
mexico crossings through texas,Poblano,2022,320,20.0,ProduceIQ,Winter
south georgia,Cubanelles,2022,320,20.6,ProduceIQ,Winter
south georgia,Jalapeno,2022,320,21.6,ProduceIQ,Winter
central and south florida,Jalapeno,2022,327,20.6,ProduceIQ,Winter
mexico crossings through nogales arizona,Jalapeno,2022,327,23.18,ProduceIQ,Winter
mexico crossings through texas,Habanero,2022,327,21.0,ProduceIQ,Winter
mexico crossings through texas,Anaheim,2022,327,43.0,ProduceIQ,Winter
mexico crossings through texas,Jalapeno,2022,327,25.5,ProduceIQ,Winter
mexico crossings through texas,Serrano,2022,327,70.5,ProduceIQ,Winter
mexico crossings through texas,Poblano,2022,327,25.0,ProduceIQ,Winter
central and south florida,Jalapeno,2022,334,20.35,ProduceIQ,Winter
mexico crossings through texas,Habanero,2022,334,24.45,ProduceIQ,Winter
mexico crossings through texas,Anaheim,2022,334,43.0,ProduceIQ,Winter
mexico crossings through texas,Jalapeno,2022,334,27.0,ProduceIQ,Winter
mexico crossings through texas,Serrano,2022,334,60.5,ProduceIQ,Winter
mexico crossings through texas,Poblano,2022,334,25.0,ProduceIQ,Winter
mexico crossings through nogales arizona,Jalapeno,2022,334,22.42,ProduceIQ,Winter
central and south florida,Long Hot,2022,341,28.35,ProduceIQ,Winter
central and south florida,Hungarian Wax,2022,341,12.35,ProduceIQ,Winter
central and south florida,Jalapeno,2022,341,22.35,ProduceIQ,Winter
central and south florida,Poblano,2022,341,23.35,ProduceIQ,Winter
mexico crossings through texas,Habanero,2022,341,29.95,ProduceIQ,Winter
mexico crossings through texas,Anaheim,2022,341,39.93,ProduceIQ,Winter
mexico crossings through texas,Jalapeno,2022,341,25.93,ProduceIQ,Winter
mexico crossings through texas,Serrano,2022,341,57.93,ProduceIQ,Winter
mexico crossings through texas,Poblano,2022,341,24.43,ProduceIQ,Winter
mexico crossings through nogales arizona,Anaheim,2022,341,33.44,ProduceIQ,Winter
mexico crossings through nogales arizona,Jalapeno,2022,341,20.9,ProduceIQ,Winter
mexico crossings through nogales arizona,Poblano,2022,341,39.9,ProduceIQ,Winter
central and south florida,Long Hot,2022,348,29.35,ProduceIQ,Winter
central and south florida,Jalapeno,2022,348,21.35,ProduceIQ,Winter
mexico crossings through texas,Habanero,2022,348,32.5,ProduceIQ,Winter
mexico crossings through texas,Anaheim,2022,348,29.0,ProduceIQ,Winter
mexico crossings through texas,Jalapeno,2022,348,27.0,ProduceIQ,Winter
mexico crossings through texas,Serrano,2022,348,53.0,ProduceIQ,Winter
mexico crossings through texas,Poblano,2022,348,23.0,ProduceIQ,Winter
mexico crossings through nogales arizona,Anaheim,2022,348,33.06,ProduceIQ,Winter
mexico crossings through nogales arizona,Jalapeno,2022,348,22.8,ProduceIQ,Winter
mexico crossings through nogales arizona,Serrano,2022,348,50.16,ProduceIQ,Winter
mexico crossings through nogales arizona,Poblano,2022,348,36.48,ProduceIQ,Winter
central and south florida,Long Hot,2022,355,26.6,ProduceIQ,Winter
central and south florida,Cubanelles,2022,355,22.35,ProduceIQ,Winter
central and south florida,Hungarian Wax,2022,355,12.35,ProduceIQ,Winter
central and south florida,Jalapeno,2022,355,22.35,ProduceIQ,Winter
mexico crossings through texas,Habanero,2022,355,33.0,ProduceIQ,Winter
mexico crossings through texas,Anaheim,2022,355,25.0,ProduceIQ,Winter
mexico crossings through texas,Jalapeno,2022,355,24.5,ProduceIQ,Winter
mexico crossings through texas,Serrano,2022,355,42.0,ProduceIQ,Winter
mexico crossings through texas,Poblano,2022,355,19.0,ProduceIQ,Winter
mexico crossings through nogales arizona,Anaheim,2022,355,26.22,ProduceIQ,Winter
mexico crossings through nogales arizona,Jalapeno,2022,355,22.04,ProduceIQ,Winter
mexico crossings through nogales arizona,Serrano,2022,355,57.0,ProduceIQ,Winter
mexico crossings through nogales arizona,Poblano,2022,355,27.36,ProduceIQ,Winter
mexico crossings through texas,Habanero,2022,362,24.5,ProduceIQ,Winter
mexico crossings through texas,Anaheim,2022,362,24.5,ProduceIQ,Winter
mexico crossings through texas,Jalapeno,2022,362,23.0,ProduceIQ,Winter
mexico crossings through texas,Serrano,2022,362,39.0,ProduceIQ,Winter
mexico crossings through texas,Poblano,2022,362,16.5,ProduceIQ,Winter
mexico crossings through nogales arizona,Anaheim,2022,362,27.74,ProduceIQ,Winter
mexico crossings through nogales arizona,Jalapeno,2022,362,25.08,ProduceIQ,Winter
mexico crossings through nogales arizona,Serrano,2022,362,50.54,ProduceIQ,Winter
mexico crossings through nogales arizona,Poblano,2022,362,22.42,ProduceIQ,Winter
central and south florida,Long Hot,2023,4,28.35,ProduceIQ,Winter
central and south florida,Cubanelles,2023,4,26.35,ProduceIQ,Winter
central and south florida,Hungarian Wax,2023,4,12.35,ProduceIQ,Winter
central and south florida,Jalapeno,2023,4,27.35,ProduceIQ,Winter
mexico crossings through texas,Habanero,2023,4,25.0,ProduceIQ,Winter
mexico crossings through texas,Anaheim,2023,4,26.5,ProduceIQ,Winter
mexico crossings through texas,Jalapeno,2023,4,26.0,ProduceIQ,Winter
mexico crossings through texas,Serrano,2023,4,43.0,ProduceIQ,Winter
mexico crossings through texas,Poblano,2023,4,16.5,ProduceIQ,Winter
mexico crossings through nogales arizona,Anaheim,2023,4,26.98,ProduceIQ,Winter
mexico crossings through nogales arizona,Jalapeno,2023,4,25.08,ProduceIQ,Winter
mexico crossings through nogales arizona,Serrano,2023,4,50.92,ProduceIQ,Winter
mexico crossings through nogales arizona,Poblano,2023,4,22.42,ProduceIQ,Winter
central and south florida,Cubanelles,2023,11,25.35,ProduceIQ,Winter
central and south florida,Serrano,2023,11,49.35,ProduceIQ,Winter
mexico crossings through texas,Habanero,2023,11,23.5,ProduceIQ,Winter
mexico crossings through texas,Anaheim,2023,11,29.0,ProduceIQ,Winter
mexico crossings through texas,Jalapeno,2023,11,30.0,ProduceIQ,Winter
mexico crossings through texas,Serrano,2023,11,56.5,ProduceIQ,Winter
mexico crossings through texas,Poblano,2023,11,17.5,ProduceIQ,Winter
mexico crossings through nogales arizona,Anaheim,2023,11,26.98,ProduceIQ,Winter
mexico crossings through nogales arizona,Jalapeno,2023,11,22.8,ProduceIQ,Winter
mexico crossings through nogales arizona,Serrano,2023,11,49.02,ProduceIQ,Winter
mexico crossings through nogales arizona,Poblano,2023,11,25.84,ProduceIQ,Winter
central and south florida,Long Hot,2023,18,28.35,ProduceIQ,Winter
central and south florida,Jalapeno,2023,18,29.35,ProduceIQ,Winter
mexico crossings through texas,Habanero,2023,18,23.5,ProduceIQ,Winter
mexico crossings through texas,Anaheim,2023,18,27.0,ProduceIQ,Winter
mexico crossings through texas,Jalapeno,2023,18,27.0,ProduceIQ,Winter
mexico crossings through texas,Serrano,2023,18,40.5,ProduceIQ,Winter
mexico crossings through texas,Poblano,2023,18,14.5,ProduceIQ,Winter
mexico crossings through nogales arizona,Anaheim,2023,18,25.08,ProduceIQ,Winter
mexico crossings through nogales arizona,Jalapeno,2023,18,21.28,ProduceIQ,Winter
mexico crossings through nogales arizona,Serrano,2023,18,44.08,ProduceIQ,Winter
mexico crossings through nogales arizona,Poblano,2023,18,17.1,ProduceIQ,Winter
central and south florida,Cubanelles,2023,25,25.35,ProduceIQ,Winter
central and south florida,Jalapeno,2023,25,29.35,ProduceIQ,Winter
mexico crossings through texas,Habanero,2023,25,21.0,ProduceIQ,Winter
mexico crossings through texas,Anaheim,2023,25,24.5,ProduceIQ,Winter
mexico crossings through texas,Jalapeno,2023,25,27.5,ProduceIQ,Winter
mexico crossings through texas,Serrano,2023,25,36.5,ProduceIQ,Winter
mexico crossings through texas,Poblano,2023,25,14.5,ProduceIQ,Winter
mexico crossings through nogales arizona,Anaheim,2023,25,27.74,ProduceIQ,Winter
mexico crossings through nogales arizona,Jalapeno,2023,25,23.94,ProduceIQ,Winter
mexico crossings through nogales arizona,Serrano,2023,25,42.94,ProduceIQ,Winter
mexico crossings through nogales arizona,Poblano,2023,25,20.9,ProduceIQ,Winter
mexico crossings through texas,Habanero,2023,32,21.0,ProduceIQ,Winter
mexico crossings through texas,Anaheim,2023,32,22.0,ProduceIQ,Winter
mexico crossings through texas,Jalapeno,2023,32,27.0,ProduceIQ,Winter
mexico crossings through texas,Serrano,2023,32,33.5,ProduceIQ,Winter
mexico crossings through texas,Poblano,2023,32,13.0,ProduceIQ,Winter
mexico crossings through nogales arizona,Anaheim,2023,32,29.26,ProduceIQ,Winter
mexico crossings through nogales arizona,Jalapeno,2023,32,23.18,ProduceIQ,Winter
mexico crossings through nogales arizona,Serrano,2023,32,38.0,ProduceIQ,Winter
mexico crossings through nogales arizona,Poblano,2023,32,21.66,ProduceIQ,Winter
central and south florida,Long Hot,2023,39,18.35,ProduceIQ,Winter
central and south florida,Cubanelles,2023,39,23.35,ProduceIQ,Winter
central and south florida,Jalapeno,2023,39,25.35,ProduceIQ,Winter
mexico crossings through texas,Habanero,2023,39,19.0,ProduceIQ,Winter
mexico crossings through texas,Anaheim,2023,39,19.0,ProduceIQ,Winter
mexico crossings through texas,Jalapeno,2023,39,26.5,ProduceIQ,Winter
mexico crossings through texas,Serrano,2023,39,30.0,ProduceIQ,Winter
mexico crossings through texas,Poblano,2023,39,13.0,ProduceIQ,Winter
mexico crossings through nogales arizona,Anaheim,2023,39,27.74,ProduceIQ,Winter
mexico crossings through nogales arizona,Jalapeno,2023,39,26.98,ProduceIQ,Winter
mexico crossings through nogales arizona,Serrano,2023,39,33.44,ProduceIQ,Winter
mexico crossings through nogales arizona,Poblano,2023,39,25.08,ProduceIQ,Winter
central and south florida,Long Hot,2023,46,16.35,ProduceIQ,Winter
central and south florida,Cubanelles,2023,46,22.35,ProduceIQ,Winter
mexico crossings through texas,Habanero,2023,46,19.0,ProduceIQ,Winter
mexico crossings through texas,Anaheim,2023,46,19.0,ProduceIQ,Winter
mexico crossings through texas,Jalapeno,2023,46,27.5,ProduceIQ,Winter
mexico crossings through texas,Serrano,2023,46,31.5,ProduceIQ,Winter
mexico crossings through texas,Poblano,2023,46,15.0,ProduceIQ,Winter
mexico crossings through nogales arizona,Anaheim,2023,46,28.5,ProduceIQ,Winter
mexico crossings through nogales arizona,Jalapeno,2023,46,33.06,ProduceIQ,Winter
mexico crossings through nogales arizona,Serrano,2023,46,33.06,ProduceIQ,Winter
mexico crossings through nogales arizona,Poblano,2023,46,25.08,ProduceIQ,Winter
central and south florida,Long Hot,2023,53,17.35,ProduceIQ,Winter
central and south florida,Cubanelles,2023,53,22.35,ProduceIQ,Winter
central and south florida,Jalapeno,2023,53,31.35,ProduceIQ,Winter
mexico crossings through texas,Habanero,2023,53,19.0,ProduceIQ,Winter
mexico crossings through texas,Anaheim,2023,53,19.0,ProduceIQ,Winter
mexico crossings through texas,Jalapeno,2023,53,27.5,ProduceIQ,Winter
mexico crossings through texas,Serrano,2023,53,31.5,ProduceIQ,Winter
mexico crossings through texas,Poblano,2023,53,16.5,ProduceIQ,Winter
mexico crossings through nogales arizona,Anaheim,2023,53,27.74,ProduceIQ,Winter
mexico crossings through nogales arizona,Jalapeno,2023,53,32.3,ProduceIQ,Winter
mexico crossings through nogales arizona,Serrano,2023,53,34.96,ProduceIQ,Winter
mexico crossings through nogales arizona,Poblano,2023,53,23.18,ProduceIQ,Winter
central and south florida,Long Hot,2023,60,15.35,ProduceIQ,Winter
central and south florida,Cubanelles,2023,60,23.35,ProduceIQ,Winter
central and south florida,Jalapeno,2023,60,29.35,ProduceIQ,Winter
mexico crossings through texas,Habanero,2023,60,19.0,ProduceIQ,Winter
mexico crossings through texas,Anaheim,2023,60,20.5,ProduceIQ,Winter
mexico crossings through texas,Jalapeno,2023,60,26.25,ProduceIQ,Winter
mexico crossings through texas,Serrano,2023,60,31.5,ProduceIQ,Winter
mexico crossings through texas,Poblano,2023,60,16.5,ProduceIQ,Winter
mexico crossings through nogales arizona,Anaheim,2023,60,23.18,ProduceIQ,Winter
mexico crossings through nogales arizona,Jalapeno,2023,60,29.26,ProduceIQ,Winter
mexico crossings through nogales arizona,Serrano,2023,60,30.02,ProduceIQ,Winter
mexico crossings through nogales arizona,Poblano,2023,60,25.08,ProduceIQ,Winter
central and south florida,Long Hot,2023,67,14.35,ProduceIQ,Winter
central and south florida,Cubanelles,2023,67,22.35,ProduceIQ,Winter
central and south florida,Jalapeno,2023,67,28.35,ProduceIQ,Winter
mexico crossings through texas,Habanero,2023,67,17.0,ProduceIQ,Winter
mexico crossings through texas,Anaheim,2023,67,23.0,ProduceIQ,Winter
mexico crossings through texas,Jalapeno,2023,67,26.25,ProduceIQ,Winter
mexico crossings through texas,Serrano,2023,67,31.5,ProduceIQ,Winter
mexico crossings through texas,Poblano,2023,67,15.5,ProduceIQ,Winter
mexico crossings through nogales arizona,Anaheim,2023,67,23.18,ProduceIQ,Winter
mexico crossings through nogales arizona,Jalapeno,2023,67,29.26,ProduceIQ,Winter
mexico crossings through nogales arizona,Serrano,2023,67,30.02,ProduceIQ,Winter
mexico crossings through nogales arizona,Poblano,2023,67,25.08,ProduceIQ,Winter
mexico crossings through texas,Habanero,2023,74,18.0,ProduceIQ,Winter
mexico crossings through texas,Anaheim,2023,74,23.0,ProduceIQ,Winter
mexico crossings through texas,Jalapeno,2023,74,24.0,ProduceIQ,Winter
mexico crossings through texas,Serrano,2023,74,27.5,ProduceIQ,Winter
mexico crossings through texas,Poblano,2023,74,17.5,ProduceIQ,Winter
mexico crossings through nogales arizona,Anaheim,2023,74,23.56,ProduceIQ,Winter
mexico crossings through nogales arizona,Jalapeno,2023,74,25.08,ProduceIQ,Winter
mexico crossings through nogales arizona,Serrano,2023,74,30.02,ProduceIQ,Winter
mexico crossings through nogales arizona,Poblano,2023,74,25.08,ProduceIQ,Winter
central and south florida,Cubanelles,2023,81,23.35,ProduceIQ,Winter
central and south florida,Jalapeno,2023,81,25.35,ProduceIQ,Winter
mexico crossings through texas,Habanero,2023,81,18.0,ProduceIQ,Winter
mexico crossings through texas,Anaheim,2023,81,23.0,ProduceIQ,Winter
mexico crossings through texas,Jalapeno,2023,81,22.5,ProduceIQ,Winter
mexico crossings through texas,Serrano,2023,81,24.5,ProduceIQ,Winter
mexico crossings through texas,Poblano,2023,81,17.5,ProduceIQ,Winter
mexico crossings through nogales arizona,Anaheim,2023,81,28.5,ProduceIQ,Winter
mexico crossings through nogales arizona,Jalapeno,2023,81,25.08,ProduceIQ,Winter
mexico crossings through nogales arizona,Serrano,2023,81,30.02,ProduceIQ,Winter
mexico crossings through nogales arizona,Poblano,2023,81,25.08,ProduceIQ,Winter
central and south florida,Cubanelles,2023,88,22.35,ProduceIQ,Winter
mexico crossings through texas,Habanero,2023,88,17.0,ProduceIQ,Winter
mexico crossings through texas,Anaheim,2023,88,23.0,ProduceIQ,Winter
mexico crossings through texas,Jalapeno,2023,88,20.5,ProduceIQ,Winter
mexico crossings through texas,Serrano,2023,88,22.5,ProduceIQ,Winter
mexico crossings through texas,Poblano,2023,88,17.5,ProduceIQ,Winter
mexico crossings through nogales arizona,Anaheim,2023,88,26.98,ProduceIQ,Winter
mexico crossings through nogales arizona,Jalapeno,2023,88,19.0,ProduceIQ,Winter
mexico crossings through nogales arizona,Serrano,2023,88,25.08,ProduceIQ,Winter
mexico crossings through nogales arizona,Poblano,2023,88,26.6,ProduceIQ,Winter
central and south florida,Jalapeno,2023,95,18.35,ProduceIQ,Winter
mexico crossings through texas,Habanero,2023,95,17.0,ProduceIQ,Winter
mexico crossings through texas,Anaheim,2023,95,23.0,ProduceIQ,Winter
mexico crossings through texas,Jalapeno,2023,95,18.5,ProduceIQ,Winter
mexico crossings through texas,Serrano,2023,95,19.0,ProduceIQ,Winter
mexico crossings through texas,Poblano,2023,95,17.5,ProduceIQ,Winter
mexico crossings through nogales arizona,Anaheim,2023,95,26.98,ProduceIQ,Winter
mexico crossings through nogales arizona,Jalapeno,2023,95,20.14,ProduceIQ,Winter
mexico crossings through nogales arizona,Serrano,2023,95,24.7,ProduceIQ,Winter
mexico crossings through nogales arizona,Poblano,2023,95,22.8,ProduceIQ,Winter
central and south florida,Long Hot,2023,102,14.35,ProduceIQ,Winter
central and south florida,Cubanelles,2023,102,16.35,ProduceIQ,Winter
central and south florida,Jalapeno,2023,102,16.35,ProduceIQ,Winter
mexico crossings through texas,Habanero,2023,102,17.0,ProduceIQ,Winter
mexico crossings through texas,Anaheim,2023,102,24.5,ProduceIQ,Winter
mexico crossings through texas,Jalapeno,2023,102,22.0,ProduceIQ,Winter
mexico crossings through texas,Serrano,2023,102,21.5,ProduceIQ,Winter
mexico crossings through texas,Poblano,2023,102,17.5,ProduceIQ,Winter
mexico crossings through nogales arizona,Anaheim,2023,102,25.46,ProduceIQ,Winter
mexico crossings through nogales arizona,Jalapeno,2023,102,20.14,ProduceIQ,Winter
mexico crossings through nogales arizona,Serrano,2023,102,20.9,ProduceIQ,Winter
mexico crossings through nogales arizona,Poblano,2023,102,23.94,ProduceIQ,Winter
central and south florida,Long Hot,2023,109,14.35,ProduceIQ,Winter
central and south florida,Cubanelles,2023,109,18.35,ProduceIQ,Winter
central and south florida,Jalapeno,2023,109,18.35,ProduceIQ,Winter
central and south florida,Poblano,2023,109,12.35,ProduceIQ,Winter
mexico crossings through texas,Habanero,2023,109,17.0,ProduceIQ,Winter
mexico crossings through texas,Anaheim,2023,109,28.5,ProduceIQ,Winter
mexico crossings through texas,Jalapeno,2023,109,20.5,ProduceIQ,Winter
mexico crossings through texas,Serrano,2023,109,20.5,ProduceIQ,Winter
mexico crossings through texas,Poblano,2023,109,19.0,ProduceIQ,Winter
mexico crossings through nogales arizona,Anaheim,2023,109,27.74,ProduceIQ,Winter
mexico crossings through nogales arizona,Jalapeno,2023,109,20.9,ProduceIQ,Winter
mexico crossings through nogales arizona,Serrano,2023,109,23.18,ProduceIQ,Winter
mexico crossings through nogales arizona,Poblano,2023,109,25.84,ProduceIQ,Winter
central and south florida,Cubanelles,2023,116,18.35,ProduceIQ,Winter
central and south florida,Jalapeno,2023,116,18.35,ProduceIQ,Winter
mexico crossings through texas,Habanero,2023,116,17.0,ProduceIQ,Winter
mexico crossings through texas,Anaheim,2023,116,30.0,ProduceIQ,Winter
mexico crossings through texas,Jalapeno,2023,116,19.5,ProduceIQ,Winter
mexico crossings through texas,Serrano,2023,116,19.5,ProduceIQ,Winter
mexico crossings through texas,Poblano,2023,116,19.0,ProduceIQ,Winter
mexico crossings through nogales arizona,Anaheim,2023,116,25.46,ProduceIQ,Winter
mexico crossings through nogales arizona,Jalapeno,2023,116,15.2,ProduceIQ,Winter
mexico crossings through nogales arizona,Serrano,2023,116,16.34,ProduceIQ,Winter
mexico crossings through nogales arizona,Poblano,2023,116,28.5,ProduceIQ,Winter
central and south florida,Long Hot,2023,123,16.35,ProduceIQ,Winter
central and south florida,Cubanelles,2023,123,24.35,ProduceIQ,Winter
central and south florida,Jalapeno,2023,123,16.35,ProduceIQ,Winter
mexico crossings through texas,Habanero,2023,123,14.5,ProduceIQ,Winter
mexico crossings through texas,Anaheim,2023,123,28.0,ProduceIQ,Winter
mexico crossings through texas,Jalapeno,2023,123,19.0,ProduceIQ,Winter
mexico crossings through texas,Serrano,2023,123,20.5,ProduceIQ,Winter
mexico crossings through texas,Poblano,2023,123,21.5,ProduceIQ,Winter
mexico crossings through nogales arizona,Anaheim,2023,123,25.84,ProduceIQ,Winter
mexico crossings through nogales arizona,Jalapeno,2023,123,16.34,ProduceIQ,Winter
mexico crossings through nogales arizona,Serrano,2023,123,16.34,ProduceIQ,Winter
mexico crossings through nogales arizona,Poblano,2023,123,29.26,ProduceIQ,Winter
central and south florida,Long Hot,2023,130,17.35,ProduceIQ,Winter
central and south florida,Cubanelles,2023,130,24.35,ProduceIQ,Winter
central and south florida,Jalapeno,2023,130,14.35,ProduceIQ,Winter
central and south florida,Hungarian Wax,2023,130,30.35,ProduceIQ,Winter
mexico crossings through texas,Habanero,2023,130,14.5,ProduceIQ,Winter
mexico crossings through texas,Anaheim,2023,130,29.0,ProduceIQ,Winter
mexico crossings through texas,Jalapeno,2023,130,15.0,ProduceIQ,Winter
mexico crossings through texas,Serrano,2023,130,20.5,ProduceIQ,Winter
mexico crossings through texas,Poblano,2023,130,25.0,ProduceIQ,Winter
mexico crossings through nogales arizona,Anaheim,2023,130,19.0,ProduceIQ,Winter
mexico crossings through nogales arizona,Jalapeno,2023,130,16.34,ProduceIQ,Winter
mexico crossings through nogales arizona,Serrano,2023,130,16.34,ProduceIQ,Winter
mexico crossings through nogales arizona,Poblano,2023,130,27.74,ProduceIQ,Winter
central and south florida,Long Hot,2023,137,20.35,ProduceIQ,Winter
central and south florida,Cubanelles,2023,137,19.35,ProduceIQ,Winter
central and south florida,Hungarian Wax,2023,137,29.35,ProduceIQ,Winter
central and south florida,Jalapeno,2023,137,14.35,ProduceIQ,Winter
central and south florida,Poblano,2023,137,24.35,ProduceIQ,Winter
mexico crossings through texas,Habanero,2023,137,14.5,ProduceIQ,Winter
mexico crossings through texas,Anaheim,2023,137,29.0,ProduceIQ,Winter
mexico crossings through texas,Jalapeno,2023,137,14.5,ProduceIQ,Winter
mexico crossings through texas,Serrano,2023,137,23.0,ProduceIQ,Winter
mexico crossings through texas,Poblano,2023,137,28.5,ProduceIQ,Winter
mexico crossings through nogales arizona,Anaheim,2023,137,17.48,ProduceIQ,Winter
mexico crossings through nogales arizona,Jalapeno,2023,137,13.3,ProduceIQ,Winter
mexico crossings through nogales arizona,Serrano,2023,137,15.96,ProduceIQ,Winter
mexico crossings through nogales arizona,Poblano,2023,137,34.58,ProduceIQ,Winter
central and south florida,Long Hot,2023,144,19.35,ProduceIQ,Winter
central and south florida,Cubanelles,2023,144,16.35,ProduceIQ,Winter
central and south florida,Jalapeno,2023,144,14.35,ProduceIQ,Winter
mexico crossings through texas,Habanero,2023,144,15.5,ProduceIQ,Winter
mexico crossings through texas,Anaheim,2023,144,29.0,ProduceIQ,Winter
mexico crossings through texas,Jalapeno,2023,144,15.5,ProduceIQ,Winter
mexico crossings through texas,Serrano,2023,144,23.0,ProduceIQ,Winter
mexico crossings through texas,Poblano,2023,144,24.5,ProduceIQ,Winter
mexico crossings through nogales arizona,Anaheim,2023,144,23.56,ProduceIQ,Winter
mexico crossings through nogales arizona,Jalapeno,2023,144,13.68,ProduceIQ,Winter
mexico crossings through nogales arizona,Serrano,2023,144,21.28,ProduceIQ,Winter
central and south florida,Jalapeno,2023,151,16.35,ProduceIQ,Winter
mexico crossings through texas,Habanero,2023,151,15.5,ProduceIQ,Winter
mexico crossings through texas,Anaheim,2023,151,30.5,ProduceIQ,Winter
mexico crossings through texas,Jalapeno,2023,151,14.5,ProduceIQ,Winter
mexico crossings through texas,Serrano,2023,151,24.0,ProduceIQ,Winter
mexico crossings through texas,Poblano,2023,151,23.5,ProduceIQ,Winter
mexico crossings through nogales arizona,Anaheim,2023,151,23.56,ProduceIQ,Winter
mexico crossings through nogales arizona,Jalapeno,2023,151,13.68,ProduceIQ,Winter
mexico crossings through nogales arizona,Serrano,2023,151,21.28,ProduceIQ,Winter
south georgia,Cubanelles,2023,151,20.85,ProduceIQ,Winter
south georgia,Hungarian Wax,2023,151,28.85,ProduceIQ,Winter
south georgia,Jalapeno,2023,151,18.85,ProduceIQ,Winter
mexico crossings through texas,Habanero,2023,158,19.0,ProduceIQ,Winter
mexico crossings through texas,Anaheim,2023,158,28.5,ProduceIQ,Winter
mexico crossings through texas,Jalapeno,2023,158,14.5,ProduceIQ,Winter
mexico crossings through texas,Serrano,2023,158,26.0,ProduceIQ,Winter
mexico crossings through texas,Poblano,2023,158,23.0,ProduceIQ,Winter
mexico crossings through nogales arizona,Anaheim,2023,158,23.56,ProduceIQ,Winter
mexico crossings through nogales arizona,Jalapeno,2023,158,11.02,ProduceIQ,Winter
mexico crossings through nogales arizona,Serrano,2023,158,20.52,ProduceIQ,Winter
south georgia,Long Hot,2023,158,19.85,ProduceIQ,Winter
south georgia,Cubanelles,2023,158,19.85,ProduceIQ,Winter
south georgia,Hungarian Wax,2023,158,27.85,ProduceIQ,Winter
south georgia,Jalapeno,2023,158,17.85,ProduceIQ,Winter
south georgia,Serrano,2023,158,23.85,ProduceIQ,Winter
south georgia,Poblano,2023,158,19.85,ProduceIQ,Winter
mexico crossings through texas,Habanero,2023,165,21.0,ProduceIQ,Winter
mexico crossings through texas,Anaheim,2023,165,28.5,ProduceIQ,Winter
mexico crossings through texas,Jalapeno,2023,165,23.0,ProduceIQ,Winter
mexico crossings through texas,Serrano,2023,165,26.0,ProduceIQ,Winter
mexico crossings through texas,Poblano,2023,165,23.0,ProduceIQ,Winter
mexico crossings through nogales arizona,Jalapeno,2023,165,13.3,ProduceIQ,Winter
south georgia,Long Hot,2023,165,17.85,ProduceIQ,Winter
south georgia,Cubanelles,2023,165,13.85,ProduceIQ,Winter
south georgia,Jalapeno,2023,165,15.85,ProduceIQ,Winter
south georgia,Serrano,2023,165,15.85,ProduceIQ,Winter
south georgia,Poblano,2023,165,17.85,ProduceIQ,Winter
mexico crossings through texas,Habanero,2023,172,21.0,ProduceIQ,Winter
mexico crossings through texas,Anaheim,2023,172,29.5,ProduceIQ,Winter
mexico crossings through texas,Jalapeno,2023,172,25.5,ProduceIQ,Winter
mexico crossings through texas,Serrano,2023,172,26.0,ProduceIQ,Winter
mexico crossings through texas,Poblano,2023,172,23.0,ProduceIQ,Winter
mexico crossings through nogales arizona,Jalapeno,2023,172,12.16,ProduceIQ,Winter
south georgia,Cubanelles,2023,172,12.85,ProduceIQ,Winter
south georgia,Jalapeno,2023,172,16.85,ProduceIQ,Winter
south georgia,Serrano,2023,172,16.85,ProduceIQ,Winter
south georgia,Poblano,2023,172,16.85,ProduceIQ,Winter
mexico crossings through texas,Habanero,2023,179,24.5,ProduceIQ,Winter
mexico crossings through texas,Anaheim,2023,179,29.5,ProduceIQ,Winter
mexico crossings through texas,Jalapeno,2023,179,27.0,ProduceIQ,Winter
mexico crossings through texas,Serrano,2023,179,33.5,ProduceIQ,Winter
mexico crossings through texas,Poblano,2023,179,29.0,ProduceIQ,Winter
mexico crossings through nogales arizona,Jalapeno,2023,179,11.4,ProduceIQ,Winter
south georgia,Long Hot,2023,179,14.85,ProduceIQ,Winter
south georgia,Cubanelles,2023,179,12.85,ProduceIQ,Winter
south georgia,Jalapeno,2023,179,22.85,ProduceIQ,Winter
south georgia,Serrano,2023,179,16.85,ProduceIQ,Winter
south georgia,Poblano,2023,179,16.85,ProduceIQ,Winter
mexico crossings through texas,Habanero,2023,186,27.0,ProduceIQ,Winter
mexico crossings through texas,Anaheim,2023,186,29.5,ProduceIQ,Winter
mexico crossings through texas,Jalapeno,2023,186,25.0,ProduceIQ,Winter
mexico crossings through texas,Serrano,2023,186,35.0,ProduceIQ,Winter
mexico crossings through texas,Poblano,2023,186,29.0,ProduceIQ,Winter
south georgia,Long Hot,2023,186,14.85,ProduceIQ,Winter
south georgia,Jalapeno,2023,186,24.85,ProduceIQ,Winter
mexico crossings through texas,Anaheim,2023,186,29.5,ProduceIQ,Winter
mexico crossings through texas,Habanero,2023,186,27.0,ProduceIQ,Winter
mexico crossings through texas,Jalapeno,2023,186,25.0,ProduceIQ,Winter
south georgia,Jalapeno,2023,186,24.85,ProduceIQ,Winter
south georgia,Long Hot,2023,186,14.85,ProduceIQ,Winter
mexico crossings through texas,Poblano,2023,186,29.0,ProduceIQ,Winter
mexico crossings through texas,Serrano,2023,186,35.0,ProduceIQ,Winter
mexico crossings through texas,Habanero,2023,193,37.0,ProduceIQ,Winter
mexico crossings through texas,Anaheim,2023,193,27.0,ProduceIQ,Winter
mexico crossings through texas,Jalapeno,2023,193,23.5,ProduceIQ,Winter
mexico crossings through texas,Serrano,2023,193,38.5,ProduceIQ,Winter
mexico crossings through texas,Poblano,2023,193,37.0,ProduceIQ,Winter
mexico crossings through texas,Anaheim,2023,193,27.0,ProduceIQ,Winter
mexico crossings through texas,Habanero,2023,193,37.0,ProduceIQ,Winter
mexico crossings through texas,Jalapeno,2023,193,23.5,ProduceIQ,Winter
mexico crossings through texas,Poblano,2023,193,37.0,ProduceIQ,Winter
mexico crossings through texas,Serrano,2023,193,38.5,ProduceIQ,Winter
mexico crossings through texas,Habanero,2023,200,39.0,ProduceIQ,Winter
mexico crossings through texas,Anaheim,2023,200,29.0,ProduceIQ,Winter
mexico crossings through texas,Jalapeno,2023,200,22.5,ProduceIQ,Winter
mexico crossings through texas,Serrano,2023,200,41.5,ProduceIQ,Winter
mexico crossings through texas,Poblano,2023,200,39.0,ProduceIQ,Winter
mexico crossings through texas,Anaheim,2023,200,29.0,ProduceIQ,Winter
mexico crossings through texas,Habanero,2023,200,39.0,ProduceIQ,Winter
mexico crossings through texas,Jalapeno,2023,200,22.5,ProduceIQ,Winter
mexico crossings through texas,Poblano,2023,200,39.0,ProduceIQ,Winter
mexico crossings through texas,Serrano,2023,200,41.5,ProduceIQ,Winter
mexico crossings through texas,Habanero,2023,207,39.0,ProduceIQ,Winter
mexico crossings through texas,Anaheim,2023,207,31.0,ProduceIQ,Winter
mexico crossings through texas,Jalapeno,2023,207,22.5,ProduceIQ,Winter
mexico crossings through texas,Serrano,2023,207,33.0,ProduceIQ,Winter
mexico crossings through texas,Poblano,2023,207,39.0,ProduceIQ,Winter
mexico crossings through texas,Anaheim,2023,207,31.0,ProduceIQ,Winter
mexico crossings through texas,Habanero,2023,207,39.0,ProduceIQ,Winter
mexico crossings through texas,Jalapeno,2023,207,22.5,ProduceIQ,Winter
mexico crossings through texas,Poblano,2023,207,39.0,ProduceIQ,Winter
mexico crossings through texas,Serrano,2023,207,33.0,ProduceIQ,Winter
mexico crossings through texas,Habanero,2023,214,27.5,ProduceIQ,Winter
mexico crossings through texas,Anaheim,2023,214,33.0,ProduceIQ,Winter
mexico crossings through texas,Jalapeno,2023,214,25.5,ProduceIQ,Winter
mexico crossings through texas,Serrano,2023,214,32.0,ProduceIQ,Winter
mexico crossings through texas,Poblano,2023,214,30.5,ProduceIQ,Winter
mexico crossings through texas,Anaheim,2023,214,33.0,ProduceIQ,Winter
mexico crossings through texas,Habanero,2023,214,27.5,ProduceIQ,Winter
mexico crossings through texas,Jalapeno,2023,214,25.5,ProduceIQ,Winter
mexico crossings through texas,Poblano,2023,214,30.5,ProduceIQ,Winter
mexico crossings through texas,Serrano,2023,214,32.0,ProduceIQ,Winter
mexico crossings through texas,Habanero,2023,221,24.0,ProduceIQ,Winter
mexico crossings through texas,Anaheim,2023,221,28.5,ProduceIQ,Winter
mexico crossings through texas,Jalapeno,2023,221,24.5,ProduceIQ,Winter
mexico crossings through texas,Serrano,2023,221,33.0,ProduceIQ,Winter
mexico crossings through texas,Poblano,2023,221,29.5,ProduceIQ,Winter
mexico crossings through texas,Anaheim,2023,221,28.5,ProduceIQ,Winter
mexico crossings through texas,Habanero,2023,221,24.0,ProduceIQ,Winter
mexico crossings through texas,Jalapeno,2023,221,24.5,ProduceIQ,Winter
mexico crossings through texas,Poblano,2023,221,29.5,ProduceIQ,Winter
mexico crossings through texas,Serrano,2023,221,33.0,ProduceIQ,Winter
mexico crossings through texas,Habanero,2023,228,25.0,ProduceIQ,Winter
mexico crossings through texas,Anaheim,2023,228,26.5,ProduceIQ,Winter
mexico crossings through texas,Jalapeno,2023,228,22.5,ProduceIQ,Winter
mexico crossings through texas,Serrano,2023,228,33.0,ProduceIQ,Winter
mexico crossings through texas,Poblano,2023,228,27.0,ProduceIQ,Winter
mexico crossings through texas,Anaheim,2023,228,26.5,ProduceIQ,Winter
mexico crossings through texas,Habanero,2023,228,25.0,ProduceIQ,Winter
mexico crossings through texas,Jalapeno,2023,228,22.5,ProduceIQ,Winter
mexico crossings through texas,Poblano,2023,228,27.0,ProduceIQ,Winter
mexico crossings through texas,Serrano,2023,228,33.0,ProduceIQ,Winter
mexico crossings through texas,Habanero,2023,235,26.5,ProduceIQ,Winter
mexico crossings through texas,Anaheim,2023,235,33.0,ProduceIQ,Winter
mexico crossings through texas,Jalapeno,2023,235,30.5,ProduceIQ,Winter
mexico crossings through texas,Serrano,2023,235,35.5,ProduceIQ,Winter
mexico crossings through texas,Poblano,2023,235,31.0,ProduceIQ,Winter
mexico crossings through texas,Anaheim,2023,235,33.0,ProduceIQ,Winter
mexico crossings through texas,Habanero,2023,235,26.5,ProduceIQ,Winter
mexico crossings through texas,Jalapeno,2023,235,30.5,ProduceIQ,Winter
mexico crossings through texas,Poblano,2023,235,31.0,ProduceIQ,Winter
mexico crossings through texas,Serrano,2023,235,35.5,ProduceIQ,Winter
mexico crossings through texas,Habanero,2023,242,27.0,ProduceIQ,Winter
mexico crossings through texas,Anaheim,2023,242,31.0,ProduceIQ,Winter
mexico crossings through texas,Jalapeno,2023,242,30.5,ProduceIQ,Winter
mexico crossings through texas,Serrano,2023,242,37.0,ProduceIQ,Winter
mexico crossings through texas,Poblano,2023,242,31.0,ProduceIQ,Winter
mexico crossings through texas,Anaheim,2023,242,31.0,ProduceIQ,Winter
mexico crossings through texas,Habanero,2023,242,27.0,ProduceIQ,Winter
mexico crossings through texas,Jalapeno,2023,242,30.5,ProduceIQ,Winter
mexico crossings through texas,Poblano,2023,242,31.0,ProduceIQ,Winter
mexico crossings through texas,Serrano,2023,242,37.0,ProduceIQ,Winter
mexico crossings through texas,Habanero,2023,249,27.0,ProduceIQ,Winter
mexico crossings through texas,Anaheim,2023,249,27.5,ProduceIQ,Winter
mexico crossings through texas,Jalapeno,2023,249,28.5,ProduceIQ,Winter
mexico crossings through texas,Serrano,2023,249,33.5,ProduceIQ,Winter
mexico crossings through texas,Poblano,2023,249,31.0,ProduceIQ,Winter
mexico crossings through texas,Anaheim,2023,249,27.5,ProduceIQ,Winter
mexico crossings through texas,Habanero,2023,249,27.0,ProduceIQ,Winter
mexico crossings through texas,Jalapeno,2023,249,28.5,ProduceIQ,Winter
mexico crossings through texas,Poblano,2023,249,31.0,ProduceIQ,Winter
mexico crossings through texas,Serrano,2023,249,33.5,ProduceIQ,Winter
mexico crossings through texas,Habanero,2023,256,30.5,ProduceIQ,Winter
mexico crossings through texas,Anaheim,2023,256,26.5,ProduceIQ,Winter
mexico crossings through texas,Jalapeno,2023,256,26.5,ProduceIQ,Winter
mexico crossings through texas,Serrano,2023,256,28.5,ProduceIQ,Winter
mexico crossings through texas,Poblano,2023,256,29.5,ProduceIQ,Winter
mexico crossings through texas,Anaheim,2023,256,26.5,ProduceIQ,Winter
mexico crossings through texas,Habanero,2023,256,30.5,ProduceIQ,Winter
mexico crossings through texas,Jalapeno,2023,256,26.5,ProduceIQ,Winter
mexico crossings through texas,Poblano,2023,256,29.5,ProduceIQ,Winter
mexico crossings through texas,Serrano,2023,256,28.5,ProduceIQ,Winter
mexico crossings through texas,Habanero,2023,263,34.5,ProduceIQ,Winter
mexico crossings through texas,Anaheim,2023,263,28.5,ProduceIQ,Winter
mexico crossings through texas,Jalapeno,2023,263,27.0,ProduceIQ,Winter
mexico crossings through texas,Serrano,2023,263,25.0,ProduceIQ,Winter
mexico crossings through texas,Poblano,2023,263,29.0,ProduceIQ,Winter
mexico crossings through texas,Anaheim,2023,263,28.5,ProduceIQ,Winter
mexico crossings through texas,Habanero,2023,263,34.5,ProduceIQ,Winter
mexico crossings through texas,Jalapeno,2023,263,27.0,ProduceIQ,Winter
mexico crossings through texas,Poblano,2023,263,29.0,ProduceIQ,Winter
mexico crossings through texas,Serrano,2023,263,25.0,ProduceIQ,Winter
mexico crossings through texas,Habanero,2023,270,38.0,ProduceIQ,Winter
mexico crossings through texas,Anaheim,2023,270,27.0,ProduceIQ,Winter
mexico crossings through texas,Jalapeno,2023,270,24.5,ProduceIQ,Winter
mexico crossings through texas,Serrano,2023,270,29.0,ProduceIQ,Winter
mexico crossings through texas,Poblano,2023,270,28.0,ProduceIQ,Winter
mexico crossings through texas,Anaheim,2023,270,27.0,ProduceIQ,Winter
mexico crossings through texas,Habanero,2023,270,38.0,ProduceIQ,Winter
mexico crossings through texas,Jalapeno,2023,270,24.5,ProduceIQ,Winter
mexico crossings through texas,Poblano,2023,270,28.0,ProduceIQ,Winter
mexico crossings through texas,Serrano,2023,270,29.0,ProduceIQ,Winter
mexico crossings through texas,Habanero,2023,277,38.0,ProduceIQ,Winter
mexico crossings through texas,Anaheim,2023,277,28.5,ProduceIQ,Winter
mexico crossings through texas,Jalapeno,2023,277,27.5,ProduceIQ,Winter
mexico crossings through texas,Serrano,2023,277,29.0,ProduceIQ,Winter
mexico crossings through texas,Poblano,2023,277,29.5,ProduceIQ,Winter
mexico crossings through texas,Anaheim,2023,277,28.5,ProduceIQ,Winter
mexico crossings through texas,Habanero,2023,277,38.0,ProduceIQ,Winter
mexico crossings through texas,Jalapeno,2023,277,27.5,ProduceIQ,Winter
mexico crossings through texas,Poblano,2023,277,29.5,ProduceIQ,Winter
mexico crossings through texas,Serrano,2023,277,29.0,ProduceIQ,Winter
mexico crossings through texas,Habanero,2023,284,42.5,ProduceIQ,Winter
mexico crossings through texas,Anaheim,2023,284,34.0,ProduceIQ,Winter
mexico crossings through texas,Jalapeno,2023,284,33.5,ProduceIQ,Winter
mexico crossings through texas,Serrano,2023,284,36.0,ProduceIQ,Winter
mexico crossings through texas,Poblano,2023,284,39.0,ProduceIQ,Winter
mexico crossings through texas,Anaheim,2023,284,34.0,ProduceIQ,Winter
mexico crossings through texas,Habanero,2023,284,42.5,ProduceIQ,Winter
mexico crossings through texas,Jalapeno,2023,284,33.5,ProduceIQ,Winter
mexico crossings through texas,Poblano,2023,284,39.0,ProduceIQ,Winter
mexico crossings through texas,Serrano,2023,284,36.0,ProduceIQ,Winter
mexico crossings through texas,Habanero,2023,291,37.5,ProduceIQ,Winter
mexico crossings through texas,Anaheim,2023,291,29.0,ProduceIQ,Winter
mexico crossings through texas,Jalapeno,2023,291,29.0,ProduceIQ,Winter
mexico crossings through texas,Serrano,2023,291,34.0,ProduceIQ,Winter
mexico crossings through texas,Poblano,2023,291,31.5,ProduceIQ,Winter
mexico crossings through texas,Anaheim,2023,291,29.0,ProduceIQ,Winter
mexico crossings through texas,Habanero,2023,291,37.5,ProduceIQ,Winter
mexico crossings through texas,Jalapeno,2023,291,29.0,ProduceIQ,Winter
mexico crossings through texas,Poblano,2023,291,31.5,ProduceIQ,Winter
mexico crossings through texas,Serrano,2023,291,34.0,ProduceIQ,Winter
mexico crossings through texas,Habanero,2023,298,32.5,ProduceIQ,Winter
mexico crossings through texas,Anaheim,2023,298,27.5,ProduceIQ,Winter
mexico crossings through texas,Jalapeno,2023,298,26.5,ProduceIQ,Winter
mexico crossings through texas,Serrano,2023,298,32.5,ProduceIQ,Winter
mexico crossings through texas,Poblano,2023,298,39.0,ProduceIQ,Winter
mexico crossings through texas,Anaheim,2023,298,27.5,ProduceIQ,Winter
mexico crossings through texas,Habanero,2023,298,32.5,ProduceIQ,Winter
mexico crossings through texas,Jalapeno,2023,298,26.5,ProduceIQ,Winter
mexico crossings through texas,Poblano,2023,298,39.0,ProduceIQ,Winter
mexico crossings through texas,Serrano,2023,298,32.5,ProduceIQ,Winter
mexico crossings through texas,Habanero,2023,305,33.5,ProduceIQ,Winter
mexico crossings through texas,Anaheim,2023,305,28.5,ProduceIQ,Winter
mexico crossings through texas,Jalapeno,2023,305,31.5,ProduceIQ,Winter
mexico crossings through texas,Serrano,2023,305,35.5,ProduceIQ,Winter
mexico crossings through texas,Poblano,2023,305,39.0,ProduceIQ,Winter
mexico crossings through texas,Anaheim,2023,305,28.5,ProduceIQ,Winter
mexico crossings through texas,Habanero,2023,305,33.5,ProduceIQ,Winter
mexico crossings through texas,Jalapeno,2023,305,31.5,ProduceIQ,Winter
mexico crossings through texas,Poblano,2023,305,39.0,ProduceIQ,Winter
mexico crossings through texas,Serrano,2023,305,35.5,ProduceIQ,Winter
mexico crossings through texas,Habanero,2023,312,33.0,ProduceIQ,Winter
mexico crossings through texas,Anaheim,2023,312,29.0,ProduceIQ,Winter
mexico crossings through texas,Jalapeno,2023,312,37.0,ProduceIQ,Winter
mexico crossings through texas,Serrano,2023,312,35.0,ProduceIQ,Winter
mexico crossings through texas,Poblano,2023,312,41.0,ProduceIQ,Winter
mexico crossings through texas,Anaheim,2023,312,29.0,ProduceIQ,Winter
mexico crossings through texas,Habanero,2023,312,33.0,ProduceIQ,Winter
mexico crossings through texas,Jalapeno,2023,312,37.0,ProduceIQ,Winter
mexico crossings through texas,Poblano,2023,312,41.0,ProduceIQ,Winter
mexico crossings through texas,Serrano,2023,312,35.0,ProduceIQ,Winter
central and south florida,Long Hot,2023,319,27.35,ProduceIQ,Winter
central and south florida,Hungarian Wax,2023,319,24.35,ProduceIQ,Winter
central and south florida,Jalapeno,2023,319,22.6,ProduceIQ,Winter
central and south florida,Poblano,2023,319,23.35,ProduceIQ,Winter
mexico crossings through texas,Habanero,2023,319,35.0,ProduceIQ,Winter
mexico crossings through texas,Anaheim,2023,319,36.5,ProduceIQ,Winter
mexico crossings through texas,Jalapeno,2023,319,33.0,ProduceIQ,Winter
mexico crossings through texas,Serrano,2023,319,32.5,ProduceIQ,Winter
mexico crossings through texas,Poblano,2023,319,35.0,ProduceIQ,Winter
mexico crossings through texas,Anaheim,2023,319,36.5,ProduceIQ,Winter
mexico crossings through texas,Habanero,2023,319,35.0,ProduceIQ,Winter
central and south florida,Hungarian Wax,2023,319,24.35,ProduceIQ,Winter
mexico crossings through texas,Jalapeno,2023,319,33.0,ProduceIQ,Winter
central and south florida,Jalapeno,2023,319,22.6,ProduceIQ,Winter
central and south florida,Long Hot,2023,319,27.35,ProduceIQ,Winter
mexico crossings through texas,Poblano,2023,319,35.0,ProduceIQ,Winter
central and south florida,Poblano,2023,319,23.35,ProduceIQ,Winter
mexico crossings through texas,Serrano,2023,319,32.5,ProduceIQ,Winter
central and south florida,Long Hot,2023,326,25.6,ProduceIQ,Winter
central and south florida,Cubanelles,2023,326,20.85,ProduceIQ,Winter
central and south florida,Hungarian Wax,2023,326,26.43,ProduceIQ,Winter
central and south florida,Jalapeno,2023,326,24.85,ProduceIQ,Winter
mexico crossings through texas,Habanero,2023,326,37.0,ProduceIQ,Winter
mexico crossings through texas,Anaheim,2023,326,38.5,ProduceIQ,Winter
mexico crossings through texas,Jalapeno,2023,326,34.5,ProduceIQ,Winter
mexico crossings through texas,Serrano,2023,326,32.5,ProduceIQ,Winter
mexico crossings through texas,Poblano,2023,326,35.0,ProduceIQ,Winter
mexico crossings through texas,Anaheim,2023,326,38.5,ProduceIQ,Winter
central and south florida,Cubanelles,2023,326,20.85,ProduceIQ,Winter
mexico crossings through texas,Habanero,2023,326,37.0,ProduceIQ,Winter
central and south florida,Hungarian Wax,2023,326,26.43,ProduceIQ,Winter
mexico crossings through texas,Jalapeno,2023,326,34.5,ProduceIQ,Winter
central and south florida,Jalapeno,2023,326,24.85,ProduceIQ,Winter
central and south florida,Long Hot,2023,326,25.6,ProduceIQ,Winter
mexico crossings through texas,Poblano,2023,326,35.0,ProduceIQ,Winter
mexico crossings through texas,Serrano,2023,326,32.5,ProduceIQ,Winter
central and south florida,Long Hot,2023,333,25.6,ProduceIQ,Winter
central and south florida,Cubanelles,2023,333,21.85,ProduceIQ,Winter
central and south florida,Hungarian Wax,2023,333,23.6,ProduceIQ,Winter
central and south florida,Jalapeno,2023,333,23.85,ProduceIQ,Winter
central and south florida,Serrano,2023,333,27.6,ProduceIQ,Winter
central and south florida,Poblano,2023,333,25.6,ProduceIQ,Winter
mexico crossings through texas,Habanero,2023,333,43.5,ProduceIQ,Winter
mexico crossings through texas,Anaheim,2023,333,36.5,ProduceIQ,Winter
mexico crossings through texas,Jalapeno,2023,333,34.5,ProduceIQ,Winter
mexico crossings through texas,Serrano,2023,333,32.5,ProduceIQ,Winter
mexico crossings through texas,Poblano,2023,333,51.5,ProduceIQ,Winter
mexico crossings through texas,Anaheim,2023,333,36.5,ProduceIQ,Winter
central and south florida,Cubanelles,2023,333,21.85,ProduceIQ,Winter
mexico crossings through texas,Habanero,2023,333,43.5,ProduceIQ,Winter
central and south florida,Hungarian Wax,2023,333,23.6,ProduceIQ,Winter
mexico crossings through texas,Jalapeno,2023,333,34.5,ProduceIQ,Winter
central and south florida,Jalapeno,2023,333,23.85,ProduceIQ,Winter
central and south florida,Long Hot,2023,333,25.6,ProduceIQ,Winter
mexico crossings through texas,Poblano,2023,333,51.5,ProduceIQ,Winter
central and south florida,Poblano,2023,333,25.6,ProduceIQ,Winter
mexico crossings through texas,Serrano,2023,333,32.5,ProduceIQ,Winter
central and south florida,Serrano,2023,333,27.6,ProduceIQ,Winter
central and south florida,Long Hot,2023,340,21.0,ProduceIQ,Winter
central and south florida,Cubanelles,2023,340,19.0,ProduceIQ,Winter
central and south florida,Hungarian Wax,2023,340,15.0,ProduceIQ,Winter
central and south florida,Jalapeno,2023,340,17.0,ProduceIQ,Winter
central and south florida,Poblano,2023,340,27.5,ProduceIQ,Winter
mexico crossings through texas,Habanero,2023,340,43.5,ProduceIQ,Winter
mexico crossings through texas,Anaheim,2023,340,36.5,ProduceIQ,Winter
mexico crossings through texas,Jalapeno,2023,340,23.0,ProduceIQ,Winter
mexico crossings through texas,Serrano,2023,340,19.5,ProduceIQ,Winter
mexico crossings through texas,Poblano,2023,340,54.0,ProduceIQ,Winter
mexico crossings through nogales arizona,Anaheim,2023,340,22.8,ProduceIQ,Winter
mexico crossings through nogales arizona,Jalapeno,2023,340,12.92,ProduceIQ,Winter
mexico crossings through nogales arizona,Serrano,2023,340,14.82,ProduceIQ,Winter
mexico crossings through texas,Anaheim,2023,340,36.5,ProduceIQ,Winter
mexico crossings through nogales arizona,Anaheim,2023,340,0.6,ProduceIQ,Winter
central and south florida,Cubanelles,2023,340,19.0,ProduceIQ,Winter
mexico crossings through texas,Habanero,2023,340,43.5,ProduceIQ,Winter
central and south florida,Hungarian Wax,2023,340,15.0,ProduceIQ,Winter
mexico crossings through texas,Jalapeno,2023,340,23.0,ProduceIQ,Winter
mexico crossings through nogales arizona,Jalapeno,2023,340,0.34,ProduceIQ,Winter
central and south florida,Jalapeno,2023,340,17.0,ProduceIQ,Winter
central and south florida,Long Hot,2023,340,21.0,ProduceIQ,Winter
mexico crossings through texas,Poblano,2023,340,54.0,ProduceIQ,Winter
central and south florida,Poblano,2023,340,27.5,ProduceIQ,Winter
mexico crossings through texas,Serrano,2023,340,19.5,ProduceIQ,Winter
mexico crossings through nogales arizona,Serrano,2023,340,0.39,ProduceIQ,Winter
central and south florida,Jalapeno,2023,347,15.35,ProduceIQ,Winter
mexico crossings through texas,Habanero,2023,347,49.0,ProduceIQ,Winter
mexico crossings through texas,Anaheim,2023,347,26.0,ProduceIQ,Winter
mexico crossings through texas,Jalapeno,2023,347,22.0,ProduceIQ,Winter
mexico crossings through texas,Serrano,2023,347,17.5,ProduceIQ,Winter
mexico crossings through texas,Poblano,2023,347,50.0,ProduceIQ,Winter
mexico crossings through nogales arizona,Anaheim,2023,347,22.8,ProduceIQ,Winter
mexico crossings through nogales arizona,Jalapeno,2023,347,11.4,ProduceIQ,Winter
mexico crossings through nogales arizona,Serrano,2023,347,14.82,ProduceIQ,Winter
mexico crossings through texas,Anaheim,2023,347,26.0,ProduceIQ,Winter
mexico crossings through nogales arizona,Anaheim,2023,347,0.6,ProduceIQ,Winter
mexico crossings through texas,Habanero,2023,347,49.0,ProduceIQ,Winter
mexico crossings through texas,Jalapeno,2023,347,22.0,ProduceIQ,Winter
mexico crossings through nogales arizona,Jalapeno,2023,347,0.3,ProduceIQ,Winter
central and south florida,Jalapeno,2023,347,15.35,ProduceIQ,Winter
mexico crossings through texas,Poblano,2023,347,50.0,ProduceIQ,Winter
mexico crossings through texas,Serrano,2023,347,17.5,ProduceIQ,Winter
mexico crossings through nogales arizona,Serrano,2023,347,0.39,ProduceIQ,Winter
central and south florida,Cubanelles,2023,354,16.35,ProduceIQ,Winter
central and south florida,Jalapeno,2023,354,16.35,ProduceIQ,Winter
central and south florida,Poblano,2023,354,30.35,ProduceIQ,Winter
mexico crossings through texas,Habanero,2023,354,43.0,ProduceIQ,Winter
mexico crossings through texas,Anaheim,2023,354,33.0,ProduceIQ,Winter
mexico crossings through texas,Jalapeno,2023,354,21.5,ProduceIQ,Winter
mexico crossings through texas,Serrano,2023,354,19.0,ProduceIQ,Winter
mexico crossings through texas,Poblano,2023,354,41.0,ProduceIQ,Winter
mexico crossings through nogales arizona,Anaheim,2023,354,25.84,ProduceIQ,Winter
mexico crossings through nogales arizona,Jalapeno,2023,354,14.82,ProduceIQ,Winter
mexico crossings through nogales arizona,Serrano,2023,354,14.82,ProduceIQ,Winter
mexico crossings through texas,Anaheim,2023,354,33.0,ProduceIQ,Winter
mexico crossings through nogales arizona,Anaheim,2023,354,0.68,ProduceIQ,Winter
central and south florida,Cubanelles,2023,354,16.35,ProduceIQ,Winter
mexico crossings through texas,Habanero,2023,354,43.0,ProduceIQ,Winter
mexico crossings through texas,Jalapeno,2023,354,21.5,ProduceIQ,Winter
mexico crossings through nogales arizona,Jalapeno,2023,354,0.39,ProduceIQ,Winter
central and south florida,Jalapeno,2023,354,16.35,ProduceIQ,Winter
mexico crossings through texas,Poblano,2023,354,41.0,ProduceIQ,Winter
central and south florida,Poblano,2023,354,30.35,ProduceIQ,Winter
mexico crossings through texas,Serrano,2023,354,19.0,ProduceIQ,Winter
mexico crossings through nogales arizona,Serrano,2023,354,0.39,ProduceIQ,Winter
central and south florida,Cubanelles,2023,361,16.35,ProduceIQ,Winter
central and south florida,Jalapeno,2023,361,16.35,ProduceIQ,Winter
central and south florida,Poblano,2023,361,31.35,ProduceIQ,Winter
mexico crossings through texas,Habanero,2023,361,45.0,ProduceIQ,Winter
mexico crossings through texas,Anaheim,2023,361,33.0,ProduceIQ,Winter
mexico crossings through texas,Jalapeno,2023,361,19.0,ProduceIQ,Winter
mexico crossings through texas,Serrano,2023,361,19.0,ProduceIQ,Winter
mexico crossings through texas,Poblano,2023,361,41.0,ProduceIQ,Winter
mexico crossings through nogales arizona,Anaheim,2023,361,25.84,ProduceIQ,Winter
mexico crossings through nogales arizona,Jalapeno,2023,361,14.82,ProduceIQ,Winter
mexico crossings through nogales arizona,Serrano,2023,361,17.1,ProduceIQ,Winter
mexico crossings through texas,Anaheim,2023,361,33.0,ProduceIQ,Winter
mexico crossings through nogales arizona,Anaheim,2023,361,0.68,ProduceIQ,Winter
central and south florida,Cubanelles,2023,361,16.35,ProduceIQ,Winter
mexico crossings through texas,Habanero,2023,361,45.0,ProduceIQ,Winter
mexico crossings through texas,Jalapeno,2023,361,19.0,ProduceIQ,Winter
mexico crossings through nogales arizona,Jalapeno,2023,361,0.39,ProduceIQ,Winter
central and south florida,Jalapeno,2023,361,16.35,ProduceIQ,Winter
mexico crossings through texas,Poblano,2023,361,41.0,ProduceIQ,Winter
central and south florida,Poblano,2023,361,31.35,ProduceIQ,Winter
mexico crossings through texas,Serrano,2023,361,19.0,ProduceIQ,Winter
mexico crossings through nogales arizona,Serrano,2023,361,0.45,ProduceIQ,Winter
central and south florida,Cubanelles,2024,3,19.35,ProduceIQ,Winter
central and south florida,Jalapeno,2024,3,19.35,ProduceIQ,Winter
mexico crossings through texas,Habanero,2024,3,41.0,ProduceIQ,Winter
mexico crossings through texas,Anaheim,2024,3,32.0,ProduceIQ,Winter
mexico crossings through texas,Jalapeno,2024,3,18.5,ProduceIQ,Winter
mexico crossings through texas,Serrano,2024,3,18.5,ProduceIQ,Winter
mexico crossings through texas,Poblano,2024,3,34.0,ProduceIQ,Winter
mexico crossings through nogales arizona,Anaheim,2024,3,27.74,ProduceIQ,Winter
mexico crossings through nogales arizona,Jalapeno,2024,3,15.96,ProduceIQ,Winter
mexico crossings through nogales arizona,Serrano,2024,3,17.1,ProduceIQ,Winter
mexico crossings through nogales arizona,Poblano,2024,3,60.42,ProduceIQ,Winter
mexico crossings through texas,Anaheim,2024,3,32.0,ProduceIQ,Winter
mexico crossings through nogales arizona,Anaheim,2024,3,0.73,ProduceIQ,Winter
central and south florida,Cubanelles,2024,3,19.35,ProduceIQ,Winter
mexico crossings through texas,Habanero,2024,3,41.0,ProduceIQ,Winter
mexico crossings through texas,Jalapeno,2024,3,18.5,ProduceIQ,Winter
mexico crossings through nogales arizona,Jalapeno,2024,3,0.42,ProduceIQ,Winter
central and south florida,Jalapeno,2024,3,19.35,ProduceIQ,Winter
mexico crossings through texas,Poblano,2024,3,34.0,ProduceIQ,Winter
mexico crossings through nogales arizona,Poblano,2024,3,1.59,ProduceIQ,Winter
mexico crossings through texas,Serrano,2024,3,18.5,ProduceIQ,Winter
mexico crossings through nogales arizona,Serrano,2024,3,0.45,ProduceIQ,Winter
central and south florida,Long Hot,2024,10,21.35,ProduceIQ,Winter
central and south florida,Cubanelles,2024,10,20.35,ProduceIQ,Winter
central and south florida,Jalapeno,2024,10,20.35,ProduceIQ,Winter
mexico crossings through texas,Habanero,2024,10,26.5,ProduceIQ,Winter
mexico crossings through texas,Anaheim,2024,10,24.5,ProduceIQ,Winter
mexico crossings through texas,Jalapeno,2024,10,18.5,ProduceIQ,Winter
mexico crossings through texas,Serrano,2024,10,18.5,ProduceIQ,Winter
mexico crossings through texas,Poblano,2024,10,22.5,ProduceIQ,Winter
mexico crossings through nogales arizona,Anaheim,2024,10,23.56,ProduceIQ,Winter
mexico crossings through nogales arizona,Jalapeno,2024,10,16.34,ProduceIQ,Winter
mexico crossings through nogales arizona,Serrano,2024,10,16.34,ProduceIQ,Winter
mexico crossings through nogales arizona,Poblano,2024,10,39.9,ProduceIQ,Winter
mexico crossings through texas,Anaheim,2024,10,24.5,ProduceIQ,Winter
mexico crossings through nogales arizona,Anaheim,2024,10,0.62,ProduceIQ,Winter
central and south florida,Cubanelles,2024,10,20.35,ProduceIQ,Winter
mexico crossings through texas,Habanero,2024,10,26.5,ProduceIQ,Winter
mexico crossings through texas,Jalapeno,2024,10,18.5,ProduceIQ,Winter
mexico crossings through nogales arizona,Jalapeno,2024,10,0.43,ProduceIQ,Winter
central and south florida,Jalapeno,2024,10,20.35,ProduceIQ,Winter
central and south florida,Long Hot,2024,10,21.35,ProduceIQ,Winter
mexico crossings through texas,Poblano,2024,10,22.5,ProduceIQ,Winter
mexico crossings through nogales arizona,Poblano,2024,10,1.05,ProduceIQ,Winter
mexico crossings through texas,Serrano,2024,10,18.5,ProduceIQ,Winter
mexico crossings through nogales arizona,Serrano,2024,10,0.43,ProduceIQ,Winter
central and south florida,Long Hot,2024,17,20.6,ProduceIQ,Winter
central and south florida,Cubanelles,2024,17,20.35,ProduceIQ,Winter
central and south florida,Jalapeno,2024,17,20.35,ProduceIQ,Winter
mexico crossings through texas,Habanero,2024,17,21.0,ProduceIQ,Winter
mexico crossings through texas,Anaheim,2024,17,21.0,ProduceIQ,Winter
mexico crossings through texas,Jalapeno,2024,17,18.5,ProduceIQ,Winter
mexico crossings through texas,Serrano,2024,17,18.5,ProduceIQ,Winter
mexico crossings through texas,Poblano,2024,17,18.5,ProduceIQ,Winter
mexico crossings through nogales arizona,Anaheim,2024,17,23.56,ProduceIQ,Winter
mexico crossings through nogales arizona,Jalapeno,2024,17,16.34,ProduceIQ,Winter
mexico crossings through nogales arizona,Serrano,2024,17,16.34,ProduceIQ,Winter
mexico crossings through nogales arizona,Poblano,2024,17,39.9,ProduceIQ,Winter
mexico crossings through texas,Anaheim,2024,17,21.0,ProduceIQ,Winter
mexico crossings through nogales arizona,Anaheim,2024,17,0.62,ProduceIQ,Winter
central and south florida,Cubanelles,2024,17,20.35,ProduceIQ,Winter
mexico crossings through texas,Habanero,2024,17,21.0,ProduceIQ,Winter
mexico crossings through texas,Jalapeno,2024,17,18.5,ProduceIQ,Winter
mexico crossings through nogales arizona,Jalapeno,2024,17,0.43,ProduceIQ,Winter
central and south florida,Jalapeno,2024,17,20.35,ProduceIQ,Winter
central and south florida,Long Hot,2024,17,20.6,ProduceIQ,Winter
mexico crossings through texas,Poblano,2024,17,18.5,ProduceIQ,Winter
mexico crossings through nogales arizona,Poblano,2024,17,1.05,ProduceIQ,Winter
mexico crossings through texas,Serrano,2024,17,18.5,ProduceIQ,Winter
mexico crossings through nogales arizona,Serrano,2024,17,0.43,ProduceIQ,Winter
central and south florida,Long Hot,2024,24,28.35,ProduceIQ,Winter
central and south florida,Cubanelles,2024,24,20.35,ProduceIQ,Winter
central and south florida,Jalapeno,2024,24,16.35,ProduceIQ,Winter
mexico crossings through texas,Habanero,2024,24,19.5,ProduceIQ,Winter
mexico crossings through texas,Anaheim,2024,24,19.5,ProduceIQ,Winter
mexico crossings through texas,Jalapeno,2024,24,15.5,ProduceIQ,Winter
mexico crossings through texas,Serrano,2024,24,16.5,ProduceIQ,Winter
mexico crossings through texas,Poblano,2024,24,15.5,ProduceIQ,Winter
mexico crossings through nogales arizona,Anaheim,2024,24,23.56,ProduceIQ,Winter
mexico crossings through nogales arizona,Jalapeno,2024,24,16.34,ProduceIQ,Winter
mexico crossings through nogales arizona,Serrano,2024,24,16.34,ProduceIQ,Winter
mexico crossings through nogales arizona,Poblano,2024,24,39.9,ProduceIQ,Winter
mexico crossings through texas,Anaheim,2024,24,19.5,ProduceIQ,Winter
mexico crossings through nogales arizona,Anaheim,2024,24,0.62,ProduceIQ,Winter
central and south florida,Cubanelles,2024,24,20.35,ProduceIQ,Winter
mexico crossings through texas,Habanero,2024,24,19.5,ProduceIQ,Winter
mexico crossings through texas,Jalapeno,2024,24,15.5,ProduceIQ,Winter
mexico crossings through nogales arizona,Jalapeno,2024,24,0.43,ProduceIQ,Winter
central and south florida,Jalapeno,2024,24,16.35,ProduceIQ,Winter
central and south florida,Long Hot,2024,24,28.35,ProduceIQ,Winter
mexico crossings through texas,Poblano,2024,24,15.5,ProduceIQ,Winter
mexico crossings through nogales arizona,Poblano,2024,24,1.05,ProduceIQ,Winter
mexico crossings through texas,Serrano,2024,24,16.5,ProduceIQ,Winter
mexico crossings through nogales arizona,Serrano,2024,24,0.43,ProduceIQ,Winter
central and south florida,Jalapeno,2024,31,16.35,ProduceIQ,Winter
mexico crossings through texas,Habanero,2024,31,13.5,ProduceIQ,Winter
mexico crossings through texas,Anaheim,2024,31,17.5,ProduceIQ,Winter
mexico crossings through texas,Jalapeno,2024,31,13.5,ProduceIQ,Winter
mexico crossings through texas,Serrano,2024,31,13.5,ProduceIQ,Winter
mexico crossings through texas,Poblano,2024,31,13.5,ProduceIQ,Winter
mexico crossings through nogales arizona,Anaheim,2024,31,24.7,ProduceIQ,Winter
mexico crossings through nogales arizona,Jalapeno,2024,31,13.3,ProduceIQ,Winter
mexico crossings through nogales arizona,Serrano,2024,31,15.2,ProduceIQ,Winter
mexico crossings through nogales arizona,Poblano,2024,31,22.42,ProduceIQ,Winter
mexico crossings through texas,Anaheim,2024,31,17.5,ProduceIQ,Winter
mexico crossings through nogales arizona,Anaheim,2024,31,0.65,ProduceIQ,Winter
mexico crossings through texas,Habanero,2024,31,13.5,ProduceIQ,Winter
mexico crossings through texas,Jalapeno,2024,31,13.5,ProduceIQ,Winter
mexico crossings through nogales arizona,Jalapeno,2024,31,0.35,ProduceIQ,Winter
central and south florida,Jalapeno,2024,31,16.35,ProduceIQ,Winter
mexico crossings through texas,Poblano,2024,31,13.5,ProduceIQ,Winter
mexico crossings through nogales arizona,Poblano,2024,31,0.59,ProduceIQ,Winter
mexico crossings through texas,Serrano,2024,31,13.5,ProduceIQ,Winter
mexico crossings through nogales arizona,Serrano,2024,31,0.4,ProduceIQ,Winter
mexico crossings through texas,Habanero,2024,38,15.5,ProduceIQ,Winter
mexico crossings through texas,Anaheim,2024,38,20.5,ProduceIQ,Winter
mexico crossings through texas,Jalapeno,2024,38,18.0,ProduceIQ,Winter
mexico crossings through texas,Serrano,2024,38,18.5,ProduceIQ,Winter
mexico crossings through texas,Poblano,2024,38,16.5,ProduceIQ,Winter
mexico crossings through nogales arizona,Anaheim,2024,38,23.56,ProduceIQ,Winter
mexico crossings through nogales arizona,Jalapeno,2024,38,15.96,ProduceIQ,Winter
mexico crossings through nogales arizona,Serrano,2024,38,15.2,ProduceIQ,Winter
mexico crossings through nogales arizona,Poblano,2024,38,22.42,ProduceIQ,Winter
mexico crossings through texas,Anaheim,2024,38,20.5,ProduceIQ,Winter
mexico crossings through nogales arizona,Anaheim,2024,38,0.62,ProduceIQ,Winter
mexico crossings through texas,Habanero,2024,38,15.5,ProduceIQ,Winter
mexico crossings through texas,Jalapeno,2024,38,18.0,ProduceIQ,Winter
mexico crossings through nogales arizona,Jalapeno,2024,38,0.42,ProduceIQ,Winter
mexico crossings through texas,Poblano,2024,38,16.5,ProduceIQ,Winter
mexico crossings through nogales arizona,Poblano,2024,38,0.59,ProduceIQ,Winter
mexico crossings through texas,Serrano,2024,38,18.5,ProduceIQ,Winter
mexico crossings through nogales arizona,Serrano,2024,38,0.4,ProduceIQ,Winter
central and south florida,Cubanelles,2024,45,24.35,ProduceIQ,Winter
central and south florida,Jalapeno,2024,45,17.85,ProduceIQ,Winter
mexico crossings through texas,Habanero,2024,45,14.5,ProduceIQ,Winter
mexico crossings through texas,Anaheim,2024,45,18.5,ProduceIQ,Winter
mexico crossings through texas,Jalapeno,2024,45,16.5,ProduceIQ,Winter
mexico crossings through texas,Serrano,2024,45,18.5,ProduceIQ,Winter
mexico crossings through texas,Poblano,2024,45,24.0,ProduceIQ,Winter
mexico crossings through nogales arizona,Anaheim,2024,45,30.02,ProduceIQ,Winter
mexico crossings through nogales arizona,Jalapeno,2024,45,19.38,ProduceIQ,Winter
mexico crossings through nogales arizona,Serrano,2024,45,19.0,ProduceIQ,Winter
mexico crossings through nogales arizona,Poblano,2024,45,39.9,ProduceIQ,Winter
mexico crossings through texas,Anaheim,2024,45,18.5,ProduceIQ,Winter
mexico crossings through nogales arizona,Anaheim,2024,45,0.79,ProduceIQ,Winter
central and south florida,Cubanelles,2024,45,24.35,ProduceIQ,Winter
mexico crossings through texas,Habanero,2024,45,14.5,ProduceIQ,Winter
mexico crossings through texas,Jalapeno,2024,45,16.5,ProduceIQ,Winter
central and south florida,Jalapeno,2024,45,17.85,ProduceIQ,Winter
mexico crossings through nogales arizona,Jalapeno,2024,45,0.51,ProduceIQ,Winter
mexico crossings through texas,Poblano,2024,45,24.0,ProduceIQ,Winter
mexico crossings through nogales arizona,Poblano,2024,45,1.05,ProduceIQ,Winter
mexico crossings through texas,Serrano,2024,45,18.5,ProduceIQ,Winter
mexico crossings through nogales arizona,Serrano,2024,45,0.5,ProduceIQ,Winter
mexico crossings through texas,Habanero,2024,52,14.5,ProduceIQ,Winter
mexico crossings through texas,Anaheim,2024,52,19.5,ProduceIQ,Winter
mexico crossings through texas,Jalapeno,2024,52,19.0,ProduceIQ,Winter
mexico crossings through texas,Serrano,2024,52,23.0,ProduceIQ,Winter
mexico crossings through texas,Poblano,2024,52,26.5,ProduceIQ,Winter
mexico crossings through nogales arizona,Anaheim,2024,52,24.32,ProduceIQ,Winter
mexico crossings through nogales arizona,Jalapeno,2024,52,17.1,ProduceIQ,Winter
mexico crossings through nogales arizona,Serrano,2024,52,17.1,ProduceIQ,Winter
mexico crossings through nogales arizona,Poblano,2024,52,29.64,ProduceIQ,Winter
mexico crossings through texas,Anaheim,2024,52,19.5,ProduceIQ,Winter
mexico crossings through nogales arizona,Anaheim,2024,52,0.64,ProduceIQ,Winter
mexico crossings through texas,Habanero,2024,52,14.5,ProduceIQ,Winter
mexico crossings through texas,Jalapeno,2024,52,19.0,ProduceIQ,Winter
mexico crossings through nogales arizona,Jalapeno,2024,52,0.45,ProduceIQ,Winter
mexico crossings through texas,Poblano,2024,52,26.5,ProduceIQ,Winter
mexico crossings through nogales arizona,Poblano,2024,52,0.78,ProduceIQ,Winter
mexico crossings through texas,Serrano,2024,52,23.0,ProduceIQ,Winter
mexico crossings through nogales arizona,Serrano,2024,52,0.45,ProduceIQ,Winter
central and south florida,Jalapeno,2024,59,21.35,ProduceIQ,Winter
mexico crossings through texas,Habanero,2024,59,16.0,ProduceIQ,Winter
mexico crossings through texas,Anaheim,2024,59,19.0,ProduceIQ,Winter
mexico crossings through texas,Jalapeno,2024,59,18.0,ProduceIQ,Winter
mexico crossings through texas,Serrano,2024,59,23.0,ProduceIQ,Winter
mexico crossings through texas,Poblano,2024,59,19.5,ProduceIQ,Winter
mexico crossings through nogales arizona,Anaheim,2024,59,26.98,ProduceIQ,Winter
mexico crossings through nogales arizona,Jalapeno,2024,59,17.48,ProduceIQ,Winter
mexico crossings through nogales arizona,Serrano,2024,59,19.38,ProduceIQ,Winter
mexico crossings through nogales arizona,Poblano,2024,59,30.02,ProduceIQ,Winter
mexico crossings through texas,Anaheim,2024,59,19.0,ProduceIQ,Winter
mexico crossings through nogales arizona,Anaheim,2024,59,0.71,ProduceIQ,Winter
mexico crossings through texas,Habanero,2024,59,16.0,ProduceIQ,Winter
mexico crossings through texas,Jalapeno,2024,59,18.0,ProduceIQ,Winter
mexico crossings through nogales arizona,Jalapeno,2024,59,0.46,ProduceIQ,Winter
central and south florida,Jalapeno,2024,59,21.35,ProduceIQ,Winter
mexico crossings through texas,Poblano,2024,59,19.5,ProduceIQ,Winter
mexico crossings through nogales arizona,Poblano,2024,59,0.79,ProduceIQ,Winter
mexico crossings through texas,Serrano,2024,59,23.0,ProduceIQ,Winter
mexico crossings through nogales arizona,Serrano,2024,59,0.51,ProduceIQ,Winter
central and south florida,Long Hot,2024,66,40.35,ProduceIQ,Winter
central and south florida,Cubanelles,2024,66,24.35,ProduceIQ,Winter
central and south florida,Jalapeno,2024,66,20.35,ProduceIQ,Winter
mexico crossings through texas,Habanero,2024,66,14.5,ProduceIQ,Winter
mexico crossings through texas,Anaheim,2024,66,19.0,ProduceIQ,Winter
mexico crossings through texas,Jalapeno,2024,66,19.0,ProduceIQ,Winter
mexico crossings through texas,Serrano,2024,66,24.5,ProduceIQ,Winter
mexico crossings through texas,Poblano,2024,66,20.0,ProduceIQ,Winter
mexico crossings through nogales arizona,Anaheim,2024,66,26.98,ProduceIQ,Winter
mexico crossings through nogales arizona,Jalapeno,2024,66,16.34,ProduceIQ,Winter
mexico crossings through nogales arizona,Serrano,2024,66,25.84,ProduceIQ,Winter
mexico crossings through nogales arizona,Poblano,2024,66,30.02,ProduceIQ,Winter
mexico crossings through texas,Anaheim,2024,66,19.0,ProduceIQ,Winter
mexico crossings through nogales arizona,Anaheim,2024,66,0.71,ProduceIQ,Winter
central and south florida,Cubanelles,2024,66,24.35,ProduceIQ,Winter
mexico crossings through texas,Habanero,2024,66,14.5,ProduceIQ,Winter
mexico crossings through texas,Jalapeno,2024,66,19.0,ProduceIQ,Winter
mexico crossings through nogales arizona,Jalapeno,2024,66,0.43,ProduceIQ,Winter
central and south florida,Jalapeno,2024,66,20.35,ProduceIQ,Winter
central and south florida,Long Hot,2024,66,40.35,ProduceIQ,Winter
mexico crossings through texas,Poblano,2024,66,20.0,ProduceIQ,Winter
mexico crossings through nogales arizona,Poblano,2024,66,0.79,ProduceIQ,Winter
mexico crossings through texas,Serrano,2024,66,24.5,ProduceIQ,Winter
mexico crossings through nogales arizona,Serrano,2024,66,0.68,ProduceIQ,Winter
central and south florida,Long Hot,2024,73,40.35,ProduceIQ,Winter
central and south florida,Cubanelles,2024,73,24.35,ProduceIQ,Winter
central and south florida,Jalapeno,2024,73,19.35,ProduceIQ,Winter
mexico crossings through texas,Habanero,2024,73,15.0,ProduceIQ,Winter
mexico crossings through texas,Anaheim,2024,73,26.93,ProduceIQ,Winter
mexico crossings through texas,Jalapeno,2024,73,20.0,ProduceIQ,Winter
mexico crossings through texas,Serrano,2024,73,31.0,ProduceIQ,Winter
mexico crossings through texas,Poblano,2024,73,18.5,ProduceIQ,Winter
mexico crossings through nogales arizona,Anaheim,2024,73,34.96,ProduceIQ,Winter
mexico crossings through nogales arizona,Jalapeno,2024,73,18.24,ProduceIQ,Winter
mexico crossings through nogales arizona,Serrano,2024,73,31.54,ProduceIQ,Winter
mexico crossings through nogales arizona,Poblano,2024,73,28.5,ProduceIQ,Winter
mexico crossings through texas,Anaheim,2024,73,26.93,ProduceIQ,Winter
mexico crossings through nogales arizona,Anaheim,2024,73,0.92,ProduceIQ,Winter
central and south florida,Cubanelles,2024,73,24.35,ProduceIQ,Winter
mexico crossings through texas,Habanero,2024,73,15.0,ProduceIQ,Winter
mexico crossings through texas,Jalapeno,2024,73,20.0,ProduceIQ,Winter
mexico crossings through nogales arizona,Jalapeno,2024,73,0.48,ProduceIQ,Winter
central and south florida,Jalapeno,2024,73,19.35,ProduceIQ,Winter
central and south florida,Long Hot,2024,73,40.35,ProduceIQ,Winter
mexico crossings through texas,Poblano,2024,73,18.5,ProduceIQ,Winter
mexico crossings through nogales arizona,Poblano,2024,73,0.75,ProduceIQ,Winter
mexico crossings through texas,Serrano,2024,73,31.0,ProduceIQ,Winter
mexico crossings through nogales arizona,Serrano,2024,73,0.83,ProduceIQ,Winter
central and south florida,Cubanelles,2024,80,24.35,ProduceIQ,Winter
central and south florida,Jalapeno,2024,80,20.35,ProduceIQ,Winter
mexico crossings through texas,Habanero,2024,80,16.0,ProduceIQ,Winter
mexico crossings through texas,Anaheim,2024,80,29.0,ProduceIQ,Winter
mexico crossings through texas,Jalapeno,2024,80,28.0,ProduceIQ,Winter
mexico crossings through texas,Serrano,2024,80,33.0,ProduceIQ,Winter
mexico crossings through texas,Poblano,2024,80,23.0,ProduceIQ,Winter
mexico crossings through nogales arizona,Anaheim,2024,80,42.94,ProduceIQ,Winter
mexico crossings through nogales arizona,Jalapeno,2024,80,25.08,ProduceIQ,Winter
mexico crossings through nogales arizona,Serrano,2024,80,28.88,ProduceIQ,Winter
mexico crossings through nogales arizona,Poblano,2024,80,27.74,ProduceIQ,Winter
mexico crossings through texas,Anaheim,2024,80,29.0,ProduceIQ,Winter
mexico crossings through nogales arizona,Anaheim,2024,80,1.13,ProduceIQ,Winter
central and south florida,Cubanelles,2024,80,24.35,ProduceIQ,Winter
mexico crossings through texas,Habanero,2024,80,16.0,ProduceIQ,Winter
mexico crossings through texas,Jalapeno,2024,80,28.0,ProduceIQ,Winter
mexico crossings through nogales arizona,Jalapeno,2024,80,0.66,ProduceIQ,Winter
central and south florida,Jalapeno,2024,80,20.35,ProduceIQ,Winter
mexico crossings through texas,Poblano,2024,80,23.0,ProduceIQ,Winter
mexico crossings through nogales arizona,Poblano,2024,80,0.73,ProduceIQ,Winter
mexico crossings through texas,Serrano,2024,80,33.0,ProduceIQ,Winter
mexico crossings through nogales arizona,Serrano,2024,80,0.76,ProduceIQ,Winter
central and south florida,Long Hot,2024,87,40.35,ProduceIQ,Winter
central and south florida,Cubanelles,2024,87,23.35,ProduceIQ,Winter
central and south florida,Jalapeno,2024,87,24.35,ProduceIQ,Winter
mexico crossings through texas,Habanero,2024,87,17.0,ProduceIQ,Winter
mexico crossings through texas,Anaheim,2024,87,33.0,ProduceIQ,Winter
mexico crossings through texas,Jalapeno,2024,87,33.0,ProduceIQ,Winter
mexico crossings through texas,Serrano,2024,87,37.0,ProduceIQ,Winter
mexico crossings through texas,Poblano,2024,87,23.0,ProduceIQ,Winter
mexico crossings through nogales arizona,Anaheim,2024,87,41.8,ProduceIQ,Winter
mexico crossings through nogales arizona,Jalapeno,2024,87,28.5,ProduceIQ,Winter
mexico crossings through nogales arizona,Serrano,2024,87,33.06,ProduceIQ,Winter
mexico crossings through nogales arizona,Poblano,2024,87,29.64,ProduceIQ,Winter
mexico crossings through texas,Anaheim,2024,87,33.0,ProduceIQ,Winter
mexico crossings through nogales arizona,Anaheim,2024,87,1.1,ProduceIQ,Winter
central and south florida,Cubanelles,2024,87,23.35,ProduceIQ,Winter
mexico crossings through texas,Habanero,2024,87,17.0,ProduceIQ,Winter
mexico crossings through texas,Jalapeno,2024,87,33.0,ProduceIQ,Winter
mexico crossings through nogales arizona,Jalapeno,2024,87,0.75,ProduceIQ,Winter
central and south florida,Jalapeno,2024,87,24.35,ProduceIQ,Winter
central and south florida,Long Hot,2024,87,40.35,ProduceIQ,Winter
mexico crossings through texas,Poblano,2024,87,23.0,ProduceIQ,Winter
mexico crossings through nogales arizona,Poblano,2024,87,0.78,ProduceIQ,Winter
mexico crossings through texas,Serrano,2024,87,37.0,ProduceIQ,Winter
mexico crossings through nogales arizona,Serrano,2024,87,0.87,ProduceIQ,Winter
central and south florida,Long Hot,2024,94,39.35,ProduceIQ,Winter
central and south florida,Cubanelles,2024,94,23.35,ProduceIQ,Winter
central and south florida,Jalapeno,2024,94,26.35,ProduceIQ,Winter
central and south florida,Poblano,2024,94,19.35,ProduceIQ,Winter
mexico crossings through texas,Habanero,2024,94,23.0,ProduceIQ,Winter
mexico crossings through texas,Anaheim,2024,94,35.0,ProduceIQ,Winter
mexico crossings through texas,Jalapeno,2024,94,39.0,ProduceIQ,Winter
mexico crossings through texas,Serrano,2024,94,43.0,ProduceIQ,Winter
mexico crossings through texas,Poblano,2024,94,31.0,ProduceIQ,Winter
mexico crossings through nogales arizona,Anaheim,2024,94,41.8,ProduceIQ,Winter
mexico crossings through nogales arizona,Jalapeno,2024,94,29.26,ProduceIQ,Winter
mexico crossings through nogales arizona,Serrano,2024,94,35.34,ProduceIQ,Winter
mexico crossings through nogales arizona,Poblano,2024,94,29.64,ProduceIQ,Winter
mexico crossings through texas,Anaheim,2024,94,35.0,ProduceIQ,Winter
mexico crossings through nogales arizona,Anaheim,2024,94,1.1,ProduceIQ,Winter
central and south florida,Cubanelles,2024,94,23.35,ProduceIQ,Winter
mexico crossings through texas,Habanero,2024,94,23.0,ProduceIQ,Winter
mexico crossings through texas,Jalapeno,2024,94,39.0,ProduceIQ,Winter
mexico crossings through nogales arizona,Jalapeno,2024,94,0.77,ProduceIQ,Winter
central and south florida,Jalapeno,2024,94,26.35,ProduceIQ,Winter
central and south florida,Long Hot,2024,94,39.35,ProduceIQ,Winter
mexico crossings through texas,Poblano,2024,94,31.0,ProduceIQ,Winter
mexico crossings through nogales arizona,Poblano,2024,94,0.78,ProduceIQ,Winter
central and south florida,Poblano,2024,94,19.35,ProduceIQ,Winter
mexico crossings through texas,Serrano,2024,94,43.0,ProduceIQ,Winter
mexico crossings through nogales arizona,Serrano,2024,94,0.93,ProduceIQ,Winter
central and south florida,Long Hot,2024,101,29.35,ProduceIQ,Winter
central and south florida,Cubanelles,2024,101,16.6,ProduceIQ,Winter
central and south florida,Jalapeno,2024,101,28.35,ProduceIQ,Winter
central and south florida,Poblano,2024,101,14.35,ProduceIQ,Winter
mexico crossings through texas,Habanero,2024,101,21.0,ProduceIQ,Winter
mexico crossings through texas,Anaheim,2024,101,35.0,ProduceIQ,Winter
mexico crossings through texas,Jalapeno,2024,101,43.0,ProduceIQ,Winter
mexico crossings through texas,Serrano,2024,101,45.5,ProduceIQ,Winter
mexico crossings through texas,Poblano,2024,101,28.5,ProduceIQ,Winter
mexico crossings through nogales arizona,Anaheim,2024,101,41.8,ProduceIQ,Winter
mexico crossings through nogales arizona,Jalapeno,2024,101,38.0,ProduceIQ,Winter
mexico crossings through nogales arizona,Serrano,2024,101,41.04,ProduceIQ,Winter
mexico crossings through nogales arizona,Poblano,2024,101,41.04,ProduceIQ,Winter
mexico crossings through texas,Anaheim,2024,101,35.0,ProduceIQ,Winter
mexico crossings through nogales arizona,Anaheim,2024,101,1.1,ProduceIQ,Winter
central and south florida,Cubanelles,2024,101,16.6,ProduceIQ,Winter
mexico crossings through texas,Habanero,2024,101,21.0,ProduceIQ,Winter
mexico crossings through texas,Jalapeno,2024,101,43.0,ProduceIQ,Winter
mexico crossings through nogales arizona,Jalapeno,2024,101,1.0,ProduceIQ,Winter
central and south florida,Jalapeno,2024,101,28.35,ProduceIQ,Winter
central and south florida,Long Hot,2024,101,29.35,ProduceIQ,Winter
mexico crossings through texas,Poblano,2024,101,28.5,ProduceIQ,Winter
mexico crossings through nogales arizona,Poblano,2024,101,1.08,ProduceIQ,Winter
central and south florida,Poblano,2024,101,14.35,ProduceIQ,Winter
mexico crossings through texas,Serrano,2024,101,45.5,ProduceIQ,Winter
mexico crossings through nogales arizona,Serrano,2024,101,1.08,ProduceIQ,Winter
central and south florida,Cubanelles,2024,108,19.35,ProduceIQ,Winter
central and south florida,Jalapeno,2024,108,35.35,ProduceIQ,Winter
mexico crossings through texas,Habanero,2024,108,25.5,ProduceIQ,Winter
mexico crossings through texas,Anaheim,2024,108,37.0,ProduceIQ,Winter
mexico crossings through texas,Jalapeno,2024,108,69.0,ProduceIQ,Winter
mexico crossings through texas,Serrano,2024,108,71.0,ProduceIQ,Winter
mexico crossings through texas,Poblano,2024,108,36.0,ProduceIQ,Winter
mexico crossings through nogales arizona,Anaheim,2024,108,42.56,ProduceIQ,Winter
mexico crossings through nogales arizona,Jalapeno,2024,108,42.18,ProduceIQ,Winter
mexico crossings through nogales arizona,Serrano,2024,108,58.14,ProduceIQ,Winter
mexico crossings through nogales arizona,Poblano,2024,108,46.36,ProduceIQ,Winter
mexico crossings through texas,Anaheim,2024,108,37.0,ProduceIQ,Winter
mexico crossings through nogales arizona,Anaheim,2024,108,1.12,ProduceIQ,Winter
central and south florida,Cubanelles,2024,108,19.35,ProduceIQ,Winter
mexico crossings through texas,Habanero,2024,108,25.5,ProduceIQ,Winter
mexico crossings through texas,Jalapeno,2024,108,69.0,ProduceIQ,Winter
mexico crossings through nogales arizona,Jalapeno,2024,108,1.11,ProduceIQ,Winter
central and south florida,Jalapeno,2024,108,35.35,ProduceIQ,Winter
mexico crossings through texas,Poblano,2024,108,36.0,ProduceIQ,Winter
mexico crossings through nogales arizona,Poblano,2024,108,1.22,ProduceIQ,Winter
mexico crossings through texas,Serrano,2024,108,71.0,ProduceIQ,Winter
mexico crossings through nogales arizona,Serrano,2024,108,1.53,ProduceIQ,Winter
central and south florida,Cubanelles,2024,115,20.35,ProduceIQ,Winter
central and south florida,Jalapeno,2024,115,40.35,ProduceIQ,Winter
mexico crossings through texas,Habanero,2024,115,26.5,ProduceIQ,Winter
mexico crossings through texas,Anaheim,2024,115,35.0,ProduceIQ,Winter
mexico crossings through texas,Jalapeno,2024,115,54.0,ProduceIQ,Winter
mexico crossings through texas,Serrano,2024,115,65.5,ProduceIQ,Winter
mexico crossings through texas,Poblano,2024,115,39.0,ProduceIQ,Winter
mexico crossings through nogales arizona,Anaheim,2024,115,39.14,ProduceIQ,Winter
mexico crossings through nogales arizona,Jalapeno,2024,115,38.76,ProduceIQ,Winter
mexico crossings through nogales arizona,Serrano,2024,115,61.18,ProduceIQ,Winter
mexico crossings through nogales arizona,Poblano,2024,115,43.32,ProduceIQ,Winter
mexico crossings through texas,Anaheim,2024,115,35.0,ProduceIQ,Winter
mexico crossings through nogales arizona,Anaheim,2024,115,1.03,ProduceIQ,Winter
central and south florida,Cubanelles,2024,115,20.35,ProduceIQ,Winter
mexico crossings through texas,Habanero,2024,115,26.5,ProduceIQ,Winter
mexico crossings through texas,Jalapeno,2024,115,54.0,ProduceIQ,Winter
mexico crossings through nogales arizona,Jalapeno,2024,115,1.02,ProduceIQ,Winter
central and south florida,Jalapeno,2024,115,40.35,ProduceIQ,Winter
mexico crossings through texas,Poblano,2024,115,39.0,ProduceIQ,Winter
mexico crossings through nogales arizona,Poblano,2024,115,1.14,ProduceIQ,Winter
mexico crossings through texas,Serrano,2024,115,65.5,ProduceIQ,Winter
mexico crossings through nogales arizona,Serrano,2024,115,1.61,ProduceIQ,Winter
central and south florida,Long Hot,2024,122,16.35,ProduceIQ,Winter
central and south florida,Cubanelles,2024,122,14.35,ProduceIQ,Winter
central and south florida,Jalapeno,2024,122,35.6,ProduceIQ,Winter
mexico crossings through texas,Habanero,2024,122,21.0,ProduceIQ,Winter
mexico crossings through texas,Anaheim,2024,122,31.0,ProduceIQ,Winter
mexico crossings through texas,Jalapeno,2024,122,45.0,ProduceIQ,Winter
mexico crossings through texas,Serrano,2024,122,61.0,ProduceIQ,Winter
mexico crossings through texas,Poblano,2024,122,35.0,ProduceIQ,Winter
mexico crossings through nogales arizona,Anaheim,2024,122,34.96,ProduceIQ,Winter
mexico crossings through nogales arizona,Jalapeno,2024,122,32.3,ProduceIQ,Winter
mexico crossings through nogales arizona,Serrano,2024,122,61.94,ProduceIQ,Winter
mexico crossings through nogales arizona,Poblano,2024,122,45.22,ProduceIQ,Winter
mexico crossings through texas,Anaheim,2024,122,31.0,ProduceIQ,Winter
mexico crossings through nogales arizona,Anaheim,2024,122,0.92,ProduceIQ,Winter
central and south florida,Cubanelles,2024,122,14.35,ProduceIQ,Winter
mexico crossings through texas,Habanero,2024,122,21.0,ProduceIQ,Winter
mexico crossings through texas,Jalapeno,2024,122,45.0,ProduceIQ,Winter
mexico crossings through nogales arizona,Jalapeno,2024,122,0.85,ProduceIQ,Winter
central and south florida,Jalapeno,2024,122,35.6,ProduceIQ,Winter
central and south florida,Long Hot,2024,122,16.35,ProduceIQ,Winter
mexico crossings through texas,Poblano,2024,122,35.0,ProduceIQ,Winter
mexico crossings through nogales arizona,Poblano,2024,122,1.19,ProduceIQ,Winter
mexico crossings through texas,Serrano,2024,122,61.0,ProduceIQ,Winter
mexico crossings through nogales arizona,Serrano,2024,122,1.63,ProduceIQ,Winter
central and south florida,Long Hot,2024,129,15.35,ProduceIQ,Winter
central and south florida,Cubanelles,2024,129,10.35,ProduceIQ,Winter
central and south florida,Jalapeno,2024,129,16.35,ProduceIQ,Winter
central and south florida,Poblano,2024,129,35.35,ProduceIQ,Winter
mexico crossings through texas,Habanero,2024,129,19.0,ProduceIQ,Winter
mexico crossings through texas,Anaheim,2024,129,29.0,ProduceIQ,Winter
mexico crossings through texas,Jalapeno,2024,129,33.0,ProduceIQ,Winter
mexico crossings through texas,Serrano,2024,129,53.0,ProduceIQ,Winter
mexico crossings through texas,Poblano,2024,129,43.0,ProduceIQ,Winter
mexico crossings through nogales arizona,Anaheim,2024,129,30.4,ProduceIQ,Winter
mexico crossings through nogales arizona,Jalapeno,2024,129,21.28,ProduceIQ,Winter
mexico crossings through nogales arizona,Serrano,2024,129,59.28,ProduceIQ,Winter
mexico crossings through nogales arizona,Poblano,2024,129,46.74,ProduceIQ,Winter
mexico crossings through texas,Anaheim,2024,129,29.0,ProduceIQ,Winter
mexico crossings through nogales arizona,Anaheim,2024,129,0.8,ProduceIQ,Winter
central and south florida,Cubanelles,2024,129,10.35,ProduceIQ,Winter
mexico crossings through texas,Habanero,2024,129,19.0,ProduceIQ,Winter
mexico crossings through texas,Jalapeno,2024,129,33.0,ProduceIQ,Winter
mexico crossings through nogales arizona,Jalapeno,2024,129,0.56,ProduceIQ,Winter
central and south florida,Jalapeno,2024,129,16.35,ProduceIQ,Winter
central and south florida,Long Hot,2024,129,15.35,ProduceIQ,Winter
mexico crossings through texas,Poblano,2024,129,43.0,ProduceIQ,Winter
mexico crossings through nogales arizona,Poblano,2024,129,1.23,ProduceIQ,Winter
central and south florida,Poblano,2024,129,35.35,ProduceIQ,Winter
mexico crossings through texas,Serrano,2024,129,53.0,ProduceIQ,Winter
mexico crossings through nogales arizona,Serrano,2024,129,1.56,ProduceIQ,Winter
mexico crossings through texas,Anaheim,2024,136,31.0,ProduceIQ,Winter
mexico crossings through nogales arizona,Anaheim,2024,136,0.63,ProduceIQ,Winter
central and south florida,Cubanelles,2024,136,7.35,ProduceIQ,Winter
mexico crossings through texas,Habanero,2024,136,21.0,ProduceIQ,Winter
mexico crossings through texas,Jalapeno,2024,136,30.0,ProduceIQ,Winter
mexico crossings through nogales arizona,Jalapeno,2024,136,0.5,ProduceIQ,Winter
central and south florida,Jalapeno,2024,136,12.35,ProduceIQ,Winter
central and south florida,Long Hot,2024,136,13.35,ProduceIQ,Winter
mexico crossings through texas,Poblano,2024,136,45.0,ProduceIQ,Winter
mexico crossings through texas,Serrano,2024,136,59.0,ProduceIQ,Winter
mexico crossings through nogales arizona,Serrano,2024,136,1.56,ProduceIQ,Winter
mexico crossings through texas,Anaheim,2024,143,29.0,ProduceIQ,Winter
mexico crossings through texas,Habanero,2024,143,21.0,ProduceIQ,Winter
central and south florida,Jalapeno,2024,143,11.35,ProduceIQ,Winter
mexico crossings through texas,Jalapeno,2024,143,27.0,ProduceIQ,Winter
mexico crossings through texas,Poblano,2024,143,37.0,ProduceIQ,Winter
mexico crossings through texas,Serrano,2024,143,39.0,ProduceIQ,Winter
mexico crossings through texas,Anaheim,2024,150,31.0,ProduceIQ,Winter
mexico crossings through texas,Habanero,2024,150,21.0,ProduceIQ,Winter
mexico crossings through texas,Jalapeno,2024,150,26.0,ProduceIQ,Winter
central and south florida,Jalapeno,2024,150,11.35,ProduceIQ,Winter
mexico crossings through texas,Poblano,2024,150,32.0,ProduceIQ,Winter
mexico crossings through texas,Serrano,2024,150,37.0,ProduceIQ,Winter
mexico crossings through texas,Anaheim,2024,157,37.0,ProduceIQ,Winter
mexico crossings through texas,Habanero,2024,157,21.0,ProduceIQ,Winter
mexico crossings through texas,Jalapeno,2024,157,24.0,ProduceIQ,Winter
mexico crossings through texas,Poblano,2024,157,32.0,ProduceIQ,Winter
mexico crossings through texas,Serrano,2024,157,33.0,ProduceIQ,Winter
mexico crossings through texas,Anaheim,2024,164,40.43,ProduceIQ,Winter
mexico crossings through texas,Habanero,2024,164,21.0,ProduceIQ,Winter
mexico crossings through texas,Jalapeno,2024,164,23.98,ProduceIQ,Winter
mexico crossings through texas,Poblano,2024,164,31.0,ProduceIQ,Winter
mexico crossings through texas,Serrano,2024,164,31.48,ProduceIQ,Winter
mexico crossings through texas,Anaheim,2024,178,40.0,ProduceIQ,Winter
mexico crossings through texas,Habanero,2024,178,28.0,ProduceIQ,Winter
mexico crossings through texas,Jalapeno,2024,178,30.5,ProduceIQ,Winter
mexico crossings through texas,Poblano,2024,178,33.0,ProduceIQ,Winter
mexico crossings through texas,Serrano,2024,178,31.0,ProduceIQ,Winter
mexico crossings through texas,Anaheim,2024,185,43.0,ProduceIQ,Winter
mexico crossings through texas,Habanero,2024,185,29.0,ProduceIQ,Winter
mexico crossings through texas,Jalapeno,2024,185,24.0,ProduceIQ,Winter
mexico crossings through texas,Poblano,2024,185,29.0,ProduceIQ,Winter
mexico crossings through texas,Serrano,2024,185,25.0,ProduceIQ,Winter
mexico crossings through texas,Anaheim,2024,192,45.0,ProduceIQ,Winter
mexico crossings through texas,Serrano,2024,192,25.0,ProduceIQ,Winter
mexico crossings through texas,Jalapeno,2024,192,21.0,ProduceIQ,Winter
mexico crossings through texas,Habanero,2024,192,47.0,ProduceIQ,Winter
mexico crossings through texas,Poblano,2024,192,25.0,ProduceIQ,Winter
mexico crossings through texas,Anaheim,2024,199,39.0,ProduceIQ,Winter
mexico crossings through texas,Jalapeno,2024,199,20.5,ProduceIQ,Winter
mexico crossings through texas,Habanero,2024,199,59.0,ProduceIQ,Winter
mexico crossings through texas,Serrano,2024,199,23.0,ProduceIQ,Winter
mexico crossings through texas,Poblano,2024,199,29.0,ProduceIQ,Winter
mexico crossings through texas,Anaheim,2024,206,29.93,ProduceIQ,Winter
mexico crossings through texas,Serrano,2024,206,16.0,ProduceIQ,Winter
mexico crossings through texas,Poblano,2024,206,23.0,ProduceIQ,Winter
mexico crossings through texas,Jalapeno,2024,206,15.0,ProduceIQ,Winter
mexico crossings through texas,Habanero,2024,206,51.43,ProduceIQ,Winter
mexico crossings through texas,Anaheim,2024,213,30.0,ProduceIQ,Winter
mexico crossings through texas,Serrano,2024,213,16.0,ProduceIQ,Winter
mexico crossings through texas,Poblano,2024,213,23.0,ProduceIQ,Winter
mexico crossings through texas,Jalapeno,2024,213,15.5,ProduceIQ,Winter
mexico crossings through texas,Habanero,2024,213,53.0,ProduceIQ,Winter
mexico crossings through texas,Anaheim,2024,220,26.5,ProduceIQ,Winter
mexico crossings through texas,Serrano,2024,220,18.5,ProduceIQ,Winter
mexico crossings through texas,Poblano,2024,220,20.0,ProduceIQ,Winter
mexico crossings through texas,Jalapeno,2024,220,17.0,ProduceIQ,Winter
mexico crossings through texas,Habanero,2024,220,51.0,ProduceIQ,Winter
mexico crossings through texas,Jalapeno,2024,227,14.5,ProduceIQ,Winter
mexico crossings through texas,Habanero,2024,227,36.0,ProduceIQ,Winter
mexico crossings through texas,Anaheim,2024,227,24.0,ProduceIQ,Winter
mexico crossings through texas,Poblano,2024,227,17.0,ProduceIQ,Winter
mexico crossings through texas,Serrano,2024,227,17.0,ProduceIQ,Winter
mexico crossings through texas,Jalapeno,2024,234,16.5,ProduceIQ,Winter
mexico crossings through texas,Habanero,2024,234,33.0,ProduceIQ,Winter
mexico crossings through texas,Anaheim,2024,234,26.0,ProduceIQ,Winter
mexico crossings through texas,Serrano,2024,234,16.5,ProduceIQ,Winter
mexico crossings through texas,Poblano,2024,234,18.0,ProduceIQ,Winter
mexico crossings through texas,Jalapeno,2024,241,17.5,ProduceIQ,Winter
mexico crossings through texas,Habanero,2024,241,19.5,ProduceIQ,Winter
mexico crossings through texas,Anaheim,2024,241,23.0,ProduceIQ,Winter
mexico crossings through texas,Serrano,2024,241,19.0,ProduceIQ,Winter
mexico crossings through texas,Poblano,2024,241,18.0,ProduceIQ,Winter
mexico crossings through texas,Serrano,2024,248,25.0,ProduceIQ,Winter
mexico crossings through texas,Habanero,2024,248,19.5,ProduceIQ,Winter
mexico crossings through texas,Anaheim,2024,248,28.0,ProduceIQ,Winter
mexico crossings through texas,Jalapeno,2024,248,19.0,ProduceIQ,Winter
mexico crossings through texas,Poblano,2024,248,21.0,ProduceIQ,Winter
mexico crossings through texas,Jalapeno,2024,255,20.0,ProduceIQ,Winter
mexico crossings through texas,Habanero,2024,255,19.5,ProduceIQ,Winter
mexico crossings through texas,Anaheim,2024,255,28.0,ProduceIQ,Winter
mexico crossings through texas,Poblano,2024,255,21.0,ProduceIQ,Winter
mexico crossings through texas,Serrano,2024,255,30.0,ProduceIQ,Winter
mexico crossings through texas,Jalapeno,2024,262,20.0,ProduceIQ,Winter
mexico crossings through texas,Habanero,2024,262,19.5,ProduceIQ,Winter
mexico crossings through texas,Anaheim,2024,262,30.0,ProduceIQ,Winter
mexico crossings through texas,Poblano,2024,262,19.0,ProduceIQ,Winter
mexico crossings through texas,Serrano,2024,262,28.0,ProduceIQ,Winter
mexico crossings through texas,Serrano,2024,269,22.0,ProduceIQ,Winter
mexico crossings through texas,Jalapeno,2024,269,20.0,ProduceIQ,Winter
mexico crossings through texas,Habanero,2024,269,19.5,ProduceIQ,Winter
mexico crossings through texas,Anaheim,2024,269,22.0,ProduceIQ,Winter
mexico crossings through texas,Poblano,2024,269,18.0,ProduceIQ,Winter
mexico crossings through texas,Jalapeno,2024,276,23.0,ProduceIQ,Winter
mexico crossings through texas,Habanero,2024,276,21.5,ProduceIQ,Winter
mexico crossings through texas,Anaheim,2024,276,25.0,ProduceIQ,Winter
mexico crossings through texas,Serrano,2024,276,25.0,ProduceIQ,Winter
mexico crossings through texas,Poblano,2024,276,19.5,ProduceIQ,Winter
mexico crossings through texas,Anaheim,2024,283,25.5,ProduceIQ,Winter
mexico crossings through texas,Serrano,2024,283,25.0,ProduceIQ,Winter
mexico crossings through texas,Jalapeno,2024,283,23.0,ProduceIQ,Winter
mexico crossings through texas,Habanero,2024,283,25.0,ProduceIQ,Winter
mexico crossings through texas,Poblano,2024,283,21.0,ProduceIQ,Winter
mexico crossings through texas,Habanero,2024,290,29.0,ProduceIQ,Winter
mexico crossings through texas,Anaheim,2024,290,29.0,ProduceIQ,Winter
mexico crossings through texas,Jalapeno,2024,290,25.0,ProduceIQ,Winter
mexico crossings through texas,Serrano,2024,290,24.5,ProduceIQ,Winter
mexico crossings through texas,Poblano,2024,290,19.0,ProduceIQ,Winter
south georgia,Jalapeno,2024,297,24.18,ProduceIQ,Winter
mexico crossings through texas,Jalapeno,2024,297,26.0,ProduceIQ,Winter
mexico crossings through texas,Habanero,2024,297,29.0,ProduceIQ,Winter
mexico crossings through texas,Serrano,2024,297,25.0,ProduceIQ,Winter
mexico crossings through texas,Poblano,2024,297,21.0,ProduceIQ,Winter
mexico crossings through texas,Anaheim,2024,297,28.0,ProduceIQ,Winter
south georgia,Jalapeno,2024,304,25.35,ProduceIQ,Winter
mexico crossings through texas,Jalapeno,2024,304,27.0,ProduceIQ,Winter
mexico crossings through texas,Habanero,2024,304,22.0,ProduceIQ,Winter
mexico crossings through texas,Serrano,2024,304,31.0,ProduceIQ,Winter
mexico crossings through texas,Poblano,2024,304,25.0,ProduceIQ,Winter
mexico crossings through texas,Anaheim,2024,304,26.0,ProduceIQ,Winter
south georgia,Jalapeno,2024,311,25.0,ProduceIQ,Winter
mexico crossings through texas,Jalapeno,2024,311,27.0,ProduceIQ,Winter
mexico crossings through texas,Habanero,2024,311,22.0,ProduceIQ,Winter
mexico crossings through texas,Anaheim,2024,311,27.0,ProduceIQ,Winter
mexico crossings through texas,Serrano,2024,311,31.0,ProduceIQ,Winter
mexico crossings through texas,Poblano,2024,311,26.0,ProduceIQ,Winter
south georgia,Jalapeno,2024,318,25.0,ProduceIQ,Winter
mexico crossings through texas,Jalapeno,2024,318,20.0,ProduceIQ,Winter
mexico crossings through texas,Habanero,2024,318,21.0,ProduceIQ,Winter
mexico crossings through texas,Anaheim,2024,318,34.0,ProduceIQ,Winter
mexico crossings through texas,Serrano,2024,318,23.0,ProduceIQ,Winter
mexico crossings through texas,Poblano,2024,318,23.0,ProduceIQ,Winter
south georgia,Jalapeno,2024,325,25.35,ProduceIQ,Winter
mexico crossings through texas,Jalapeno,2024,325,23.0,ProduceIQ,Winter
mexico crossings through texas,Habanero,2024,325,24.5,ProduceIQ,Winter
mexico crossings through texas,Anaheim,2024,325,36.5,ProduceIQ,Winter
mexico crossings through texas,Poblano,2024,325,23.0,ProduceIQ,Winter
mexico crossings through texas,Serrano,2024,325,23.0,ProduceIQ,Winter
south georgia,Jalapeno,2024,332,23.85,ProduceIQ,Winter
mexico crossings through nogales arizona,Jalapeno,2024,332,0.58,ProduceIQ,Winter
mexico crossings through texas,Jalapeno,2024,332,17.0,ProduceIQ,Winter
mexico crossings through texas,Habanero,2024,332,24.5,ProduceIQ,Winter
mexico crossings through nogales arizona,Serrano,2024,332,0.79,ProduceIQ,Winter
mexico crossings through texas,Serrano,2024,332,17.0,ProduceIQ,Winter
mexico crossings through nogales arizona,Poblano,2024,332,0.95,ProduceIQ,Winter
mexico crossings through texas,Poblano,2024,332,17.0,ProduceIQ,Winter
mexico crossings through nogales arizona,Anaheim,2024,332,1.06,ProduceIQ,Winter
mexico crossings through texas,Anaheim,2024,332,32.0,ProduceIQ,Winter
mexico crossings through nogales arizona,Serrano,2024,339,0.55,ProduceIQ,Winter
mexico crossings through texas,Serrano,2024,339,16.0,ProduceIQ,Winter
mexico crossings through nogales arizona,Poblano,2024,339,0.95,ProduceIQ,Winter
mexico crossings through texas,Poblano,2024,339,17.0,ProduceIQ,Winter
central and south florida,Jalapeno,2024,339,25.0,ProduceIQ,Winter
mexico crossings through nogales arizona,Jalapeno,2024,339,0.38,ProduceIQ,Winter
mexico crossings through texas,Jalapeno,2024,339,17.0,ProduceIQ,Winter
mexico crossings through texas,Habanero,2024,339,19.0,ProduceIQ,Winter
mexico crossings through nogales arizona,Anaheim,2024,339,0.8,ProduceIQ,Winter
mexico crossings through texas,Anaheim,2024,339,29.0,ProduceIQ,Winter
central and south florida,Cubanelles,2024,346,33.35,ProduceIQ,Winter
mexico crossings through texas,Habanero,2024,346,22.0,ProduceIQ,Winter
mexico crossings through nogales arizona,Anaheim,2024,346,0.8,ProduceIQ,Winter
mexico crossings through texas,Anaheim,2024,346,27.0,ProduceIQ,Winter
central and south florida,Jalapeno,2024,346,21.35,ProduceIQ,Winter
mexico crossings through nogales arizona,Jalapeno,2024,346,0.38,ProduceIQ,Winter
mexico crossings through texas,Jalapeno,2024,346,18.0,ProduceIQ,Winter
mexico crossings through nogales arizona,Serrano,2024,346,0.55,ProduceIQ,Winter
mexico crossings through texas,Serrano,2024,346,17.0,ProduceIQ,Winter
mexico crossings through nogales arizona,Poblano,2024,346,0.95,ProduceIQ,Winter
mexico crossings through texas,Poblano,2024,346,23.5,ProduceIQ,Winter
central and south florida,Cubanelles,2024,353,35.35,ProduceIQ,Winter
mexico crossings through texas,Habanero,2024,353,23.0,ProduceIQ,Winter
mexico crossings through nogales arizona,Anaheim,2024,353,0.69,ProduceIQ,Winter
mexico crossings through texas,Anaheim,2024,353,27.0,ProduceIQ,Winter
central and south florida,Jalapeno,2024,353,21.35,ProduceIQ,Winter
mexico crossings through nogales arizona,Jalapeno,2024,353,0.33,ProduceIQ,Winter
mexico crossings through texas,Jalapeno,2024,353,18.0,ProduceIQ,Winter
mexico crossings through nogales arizona,Serrano,2024,353,0.38,ProduceIQ,Winter
mexico crossings through texas,Serrano,2024,353,17.0,ProduceIQ,Winter
mexico crossings through nogales arizona,Poblano,2024,353,0.95,ProduceIQ,Winter
mexico crossings through texas,Poblano,2024,353,22.5,ProduceIQ,Winter
