CityName,Year,Day,Price
BALTIMORE,2024,366,
BALTIMORE,2024,365,
BALTIMORE,2024,364,
BALTIMORE,2024,363,
BALTIMORE,2024,362,
BALTIMORE,2024,361,
BALTIMORE,2024,360,
BALTIMORE,2024,359,
BALTIMORE,2024,358,
BALTIMORE,2024,357,
BALTIMORE,2024,356,
BALTIMORE,2024,355,
BALTIMORE,2024,354,
BALTIMORE,2024,353,
BALTIMORE,2024,352,
BALTIMORE,2024,351,
BALTIMORE,2024,350,
BALTIMORE,2024,349,
BALTIMORE,2024,348,
BALTIMORE,2024,347,
BALTIMORE,2024,346,
BALTIMORE,2024,345,
BALTIMORE,2024,344,
BALTIMORE,2024,343,
BALTIMORE,2024,342,
BALTIMORE,2024,341,
BALTIMORE,2024,340,
BALTIMORE,2024,339,
BALTIMORE,2024,338,
BALTIMORE,2024,337,
BALTIMORE,2024,336,
BALTIMORE,2024,335,
BALTIMORE,2024,334,
BALTIMORE,2024,333,
BALTIMORE,2024,332,
BALTIMORE,2024,331,
BALTIMORE,2024,330,
BALTIMORE,2024,329,
BALTIMORE,2024,328,
BALTIMORE,2024,327,
BALTIMORE,2024,326,
BALTIMORE,2024,325,
BALTIMORE,2024,324,
BALTIMORE,2024,323,
BALTIMORE,2024,322,
BALTIMORE,2024,321,
BALTIMORE,2024,320,
BALTIMORE,2024,319,
BALTIMORE,2024,318,
BALTIMORE,2024,317,
BALTIMORE,2024,316,
BALTIMORE,2024,315,
BALTIMORE,2024,314,
BALTIMORE,2024,313,
BALTIMORE,2024,312,
BALTIMORE,2024,311,
BALTIMORE,2024,310,
BALTIMORE,2024,309,
BALTIMORE,2024,308,
BALTIMORE,2024,307,
BALTIMORE,2024,306,
BALTIMORE,2024,305,
BALTIMORE,2024,304,
BALTIMORE,2024,303,
BALTIMORE,2024,302,
BALTIMORE,2024,301,
BALTIMORE,2024,300,
BALTIMORE,2024,299,
BALTIMORE,2024,298,
BALTIMORE,2024,297,
BALTIMORE,2024,296,
BALTIMORE,2024,295,
BALTIMORE,2024,294,
BALTIMORE,2024,293,
BALTIMORE,2024,292,
BALTIMORE,2024,291,
BALTIMORE,2024,290,
BALTIMORE,2024,289,
BALTIMORE,2024,288,
BALTIMORE,2024,287,
BALTIMORE,2024,286,
BALTIMORE,2024,285,
BALTIMORE,2024,284,
BALTIMORE,2024,283,
BALTIMORE,2024,282,
BALTIMORE,2024,281,
BALTIMORE,2024,280,
BALTIMORE,2024,279,
BALTIMORE,2024,278,
BALTIMORE,2024,277,
BALTIMORE,2024,276,
BALTIMORE,2024,275,
BALTIMORE,2024,274,23.000000
BALTIMORE,2024,273,
BALTIMORE,2024,272,
BALTIMORE,2024,271,23.000000
BALTIMORE,2024,270,23.000000
BALTIMORE,2024,269,24.000000
BALTIMORE,2024,268,24.000000
BALTIMORE,2024,267,24.000000
BALTIMORE,2024,266,
BALTIMORE,2024,265,
BALTIMORE,2024,264,24.000000
BALTIMORE,2024,263,24.000000
BALTIMORE,2024,262,24.000000
BALTIMORE,2024,261,24.000000
BALTIMORE,2024,260,24.000000
BALTIMORE,2024,259,
BALTIMORE,2024,258,
BALTIMORE,2024,257,24.000000
BALTIMORE,2024,256,24.000000
BALTIMORE,2024,255,24.000000
BALTIMORE,2024,254,24.000000
BALTIMORE,2024,253,24.000000
BALTIMORE,2024,252,
BALTIMORE,2024,251,
BALTIMORE,2024,250,24.000000
BALTIMORE,2024,249,24.000000
BALTIMORE,2024,248,24.000000
BALTIMORE,2024,247,24.000000
BALTIMORE,2024,246,
BALTIMORE,2024,245,
BALTIMORE,2024,244,
BALTIMORE,2024,243,24.000000
BALTIMORE,2024,242,24.000000
BALTIMORE,2024,241,24.000000
BALTIMORE,2024,240,24.000000
BALTIMORE,2024,239,38.000000
BALTIMORE,2024,238,
BALTIMORE,2024,237,
BALTIMORE,2024,236,38.000000
BALTIMORE,2024,235,38.000000
BALTIMORE,2024,234,38.000000
BALTIMORE,2024,233,38.000000
BALTIMORE,2024,232,38.000000
BALTIMORE,2024,231,
BALTIMORE,2024,230,
BALTIMORE,2024,229,38.000000
BALTIMORE,2024,228,38.000000
BALTIMORE,2024,227,38.000000
BALTIMORE,2024,226,38.000000
BALTIMORE,2024,225,38.000000
BALTIMORE,2024,224,
BALTIMORE,2024,223,
BALTIMORE,2024,222,38.000000
BALTIMORE,2024,221,38.000000
BALTIMORE,2024,220,38.000000
BALTIMORE,2024,219,38.000000
BALTIMORE,2024,218,38.000000
BALTIMORE,2024,217,
BALTIMORE,2024,216,
BALTIMORE,2024,215,38.000000
BALTIMORE,2024,214,38.000000
BALTIMORE,2024,213,
BALTIMORE,2024,212,38.000000
BALTIMORE,2024,211,38.000000
BALTIMORE,2024,210,
BALTIMORE,2024,209,
BALTIMORE,2024,208,38.000000
BALTIMORE,2024,207,38.000000
BALTIMORE,2024,206,
BALTIMORE,2024,205,
BALTIMORE,2024,204,
BALTIMORE,2024,203,
BALTIMORE,2024,202,
BALTIMORE,2024,201,
BALTIMORE,2024,200,
BALTIMORE,2024,199,
BALTIMORE,2024,198,
BALTIMORE,2024,197,
BALTIMORE,2024,196,
BALTIMORE,2024,195,
BALTIMORE,2024,194,
BALTIMORE,2024,193,
BALTIMORE,2024,192,
BALTIMORE,2024,191,
BALTIMORE,2024,190,
BALTIMORE,2024,189,
BALTIMORE,2024,188,
BALTIMORE,2024,187,
BALTIMORE,2024,186,
BALTIMORE,2024,185,
BALTIMORE,2024,184,
BALTIMORE,2024,183,
BALTIMORE,2024,182,
BALTIMORE,2024,181,
BALTIMORE,2024,180,
BALTIMORE,2024,179,
BALTIMORE,2024,178,
BALTIMORE,2024,177,
BALTIMORE,2024,176,
BALTIMORE,2024,175,
BALTIMORE,2024,174,
BALTIMORE,2024,173,
BALTIMORE,2024,172,
BALTIMORE,2024,171,
BALTIMORE,2024,170,
BALTIMORE,2024,169,
BALTIMORE,2024,168,
BALTIMORE,2024,167,
BALTIMORE,2024,166,
BALTIMORE,2024,165,
BALTIMORE,2024,164,
BALTIMORE,2024,163,
BALTIMORE,2024,162,
BALTIMORE,2024,161,
BALTIMORE,2024,160,
BALTIMORE,2024,159,
BALTIMORE,2024,158,
BALTIMORE,2024,157,
BALTIMORE,2024,156,
BALTIMORE,2024,155,
BALTIMORE,2024,154,
BALTIMORE,2024,153,
BALTIMORE,2024,152,
BALTIMORE,2024,151,
BALTIMORE,2024,150,
BALTIMORE,2024,149,
BALTIMORE,2024,148,
BALTIMORE,2024,147,
BALTIMORE,2024,146,
BALTIMORE,2024,145,
BALTIMORE,2024,144,
BALTIMORE,2024,143,
BALTIMORE,2024,142,
BALTIMORE,2024,141,
BALTIMORE,2024,140,
BALTIMORE,2024,139,
BALTIMORE,2024,138,
BALTIMORE,2024,137,
BALTIMORE,2024,136,
BALTIMORE,2024,135,
BALTIMORE,2024,134,
BALTIMORE,2024,133,
BALTIMORE,2024,132,
BALTIMORE,2024,131,
BALTIMORE,2024,130,
BALTIMORE,2024,129,
BALTIMORE,2024,128,
BALTIMORE,2024,127,
BALTIMORE,2024,126,
BALTIMORE,2024,125,
BALTIMORE,2024,124,
BALTIMORE,2024,123,
BALTIMORE,2024,122,
BALTIMORE,2024,121,
BALTIMORE,2024,120,
BALTIMORE,2024,119,
BALTIMORE,2024,118,
BALTIMORE,2024,117,
BALTIMORE,2024,116,
BALTIMORE,2024,115,
BALTIMORE,2024,114,
BALTIMORE,2024,113,
BALTIMORE,2024,112,
BALTIMORE,2024,111,
BALTIMORE,2024,110,
BALTIMORE,2024,109,
BALTIMORE,2024,108,
BALTIMORE,2024,107,
BALTIMORE,2024,106,
BALTIMORE,2024,105,
BALTIMORE,2024,104,
BALTIMORE,2024,103,
BALTIMORE,2024,102,
BALTIMORE,2024,101,
BALTIMORE,2024,100,
BALTIMORE,2024,99,
BALTIMORE,2024,98,
BALTIMORE,2024,97,
BALTIMORE,2024,96,
BALTIMORE,2024,95,
BALTIMORE,2024,94,
BALTIMORE,2024,93,
BALTIMORE,2024,92,
BALTIMORE,2024,91,
BALTIMORE,2024,90,
BALTIMORE,2024,89,
BALTIMORE,2024,88,
BALTIMORE,2024,87,
BALTIMORE,2024,86,
BALTIMORE,2024,85,
BALTIMORE,2024,84,
BALTIMORE,2024,83,
BALTIMORE,2024,82,
BALTIMORE,2024,81,
BALTIMORE,2024,80,
BALTIMORE,2024,79,
BALTIMORE,2024,78,
BALTIMORE,2024,77,
BALTIMORE,2024,76,
BALTIMORE,2024,75,
BALTIMORE,2024,74,
BALTIMORE,2024,73,
BALTIMORE,2024,72,
BALTIMORE,2024,71,
BALTIMORE,2024,70,
BALTIMORE,2024,69,
BALTIMORE,2024,68,
BALTIMORE,2024,67,
BALTIMORE,2024,66,
BALTIMORE,2024,65,
BALTIMORE,2024,64,
BALTIMORE,2024,63,
BALTIMORE,2024,62,
BALTIMORE,2024,61,
BALTIMORE,2024,60,
BALTIMORE,2024,59,
BALTIMORE,2024,58,
BALTIMORE,2024,57,
BALTIMORE,2024,56,
BALTIMORE,2024,55,
BALTIMORE,2024,54,
BALTIMORE,2024,53,
BALTIMORE,2024,52,
BALTIMORE,2024,51,
BALTIMORE,2024,50,
BALTIMORE,2024,49,
BALTIMORE,2024,48,
BALTIMORE,2024,47,
BALTIMORE,2024,46,
BALTIMORE,2024,45,
BALTIMORE,2024,44,
BALTIMORE,2024,43,
BALTIMORE,2024,42,
BALTIMORE,2024,41,
BALTIMORE,2024,40,
BALTIMORE,2024,39,
BALTIMORE,2024,38,
BALTIMORE,2024,37,
BALTIMORE,2024,36,
BALTIMORE,2024,35,
BALTIMORE,2024,34,
BALTIMORE,2024,33,
BALTIMORE,2024,32,
BALTIMORE,2024,31,
BALTIMORE,2024,30,
BALTIMORE,2024,29,
BALTIMORE,2024,28,
BALTIMORE,2024,27,
BALTIMORE,2024,26,
BALTIMORE,2024,25,
BALTIMORE,2024,24,
BALTIMORE,2024,23,
BALTIMORE,2024,22,
BALTIMORE,2024,21,
BALTIMORE,2024,20,
BALTIMORE,2024,19,
BALTIMORE,2024,18,
BALTIMORE,2024,17,
BALTIMORE,2024,16,
BALTIMORE,2024,15,
BALTIMORE,2024,14,
BALTIMORE,2024,13,
BALTIMORE,2024,12,
BALTIMORE,2024,11,
BALTIMORE,2024,10,
BALTIMORE,2024,9,
BALTIMORE,2024,8,
BALTIMORE,2024,7,
BALTIMORE,2024,6,
BALTIMORE,2024,5,
BALTIMORE,2024,4,
BALTIMORE,2024,3,
BALTIMORE,2024,2,
BOSTON,2024,366,
BOSTON,2024,365,
BOSTON,2024,364,
BOSTON,2024,363,
BOSTON,2024,362,
BOSTON,2024,361,
BOSTON,2024,360,
BOSTON,2024,359,
BOSTON,2024,358,
BOSTON,2024,357,
BOSTON,2024,356,
BOSTON,2024,355,
BOSTON,2024,354,
BOSTON,2024,353,
BOSTON,2024,352,
BOSTON,2024,351,
BOSTON,2024,350,
BOSTON,2024,349,
BOSTON,2024,348,
BOSTON,2024,347,
BOSTON,2024,346,
BOSTON,2024,345,
BOSTON,2024,344,
BOSTON,2024,343,
BOSTON,2024,342,
BOSTON,2024,341,
BOSTON,2024,340,
BOSTON,2024,339,
BOSTON,2024,338,
BOSTON,2024,337,
BOSTON,2024,336,
BOSTON,2024,335,
BOSTON,2024,334,
BOSTON,2024,333,
BOSTON,2024,332,
BOSTON,2024,331,
BOSTON,2024,330,
BOSTON,2024,329,
BOSTON,2024,328,
BOSTON,2024,327,
BOSTON,2024,326,
BOSTON,2024,325,
BOSTON,2024,324,
BOSTON,2024,323,
BOSTON,2024,322,
BOSTON,2024,321,
BOSTON,2024,320,
BOSTON,2024,319,
BOSTON,2024,318,
BOSTON,2024,317,
BOSTON,2024,316,
BOSTON,2024,315,
BOSTON,2024,314,
BOSTON,2024,313,
BOSTON,2024,312,
BOSTON,2024,311,
BOSTON,2024,310,
BOSTON,2024,309,
BOSTON,2024,308,
BOSTON,2024,307,
BOSTON,2024,306,
BOSTON,2024,305,
BOSTON,2024,304,
BOSTON,2024,303,
BOSTON,2024,302,
BOSTON,2024,301,
BOSTON,2024,300,
BOSTON,2024,299,
BOSTON,2024,298,
BOSTON,2024,297,
BOSTON,2024,296,
BOSTON,2024,295,
BOSTON,2024,294,
BOSTON,2024,293,
BOSTON,2024,292,
BOSTON,2024,291,
BOSTON,2024,290,
BOSTON,2024,289,
BOSTON,2024,288,
BOSTON,2024,287,
BOSTON,2024,286,
BOSTON,2024,285,
BOSTON,2024,284,
BOSTON,2024,283,
BOSTON,2024,282,
BOSTON,2024,281,
BOSTON,2024,280,
BOSTON,2024,279,
BOSTON,2024,278,
BOSTON,2024,277,
BOSTON,2024,276,
BOSTON,2024,275,
BOSTON,2024,274,23.000000
BOSTON,2024,273,
BOSTON,2024,272,
BOSTON,2024,271,23.000000
BOSTON,2024,270,23.000000
BOSTON,2024,269,23.000000
BOSTON,2024,268,23.000000
BOSTON,2024,267,23.000000
BOSTON,2024,266,
BOSTON,2024,265,
BOSTON,2024,264,23.000000
BOSTON,2024,263,22.000000
BOSTON,2024,262,22.000000
BOSTON,2024,261,22.000000
BOSTON,2024,260,22.000000
BOSTON,2024,259,
BOSTON,2024,258,
BOSTON,2024,257,22.000000
BOSTON,2024,256,22.000000
BOSTON,2024,255,22.000000
BOSTON,2024,254,22.000000
BOSTON,2024,253,22.000000
BOSTON,2024,252,
BOSTON,2024,251,
BOSTON,2024,250,22.000000
BOSTON,2024,249,22.000000
BOSTON,2024,248,22.000000
BOSTON,2024,247,22.000000
BOSTON,2024,246,
BOSTON,2024,245,
BOSTON,2024,244,
BOSTON,2024,243,22.000000
BOSTON,2024,242,22.000000
BOSTON,2024,241,22.000000
BOSTON,2024,240,22.000000
BOSTON,2024,239,22.000000
BOSTON,2024,238,
BOSTON,2024,237,
BOSTON,2024,236,22.000000
BOSTON,2024,235,22.000000
BOSTON,2024,234,22.000000
BOSTON,2024,233,22.000000
BOSTON,2024,232,22.000000
BOSTON,2024,231,
BOSTON,2024,230,
BOSTON,2024,229,22.000000
BOSTON,2024,228,22.000000
BOSTON,2024,227,22.000000
BOSTON,2024,226,22.000000
BOSTON,2024,225,22.000000
BOSTON,2024,224,
BOSTON,2024,223,
BOSTON,2024,222,22.000000
BOSTON,2024,221,22.000000
BOSTON,2024,220,22.000000
BOSTON,2024,219,22.000000
BOSTON,2024,218,22.000000
BOSTON,2024,217,
BOSTON,2024,216,
BOSTON,2024,215,22.000000
BOSTON,2024,214,22.000000
BOSTON,2024,213,22.000000
BOSTON,2024,212,22.000000
BOSTON,2024,211,22.000000
BOSTON,2024,210,
BOSTON,2024,209,
BOSTON,2024,208,22.000000
BOSTON,2024,207,22.000000
BOSTON,2024,206,22.000000
BOSTON,2024,205,22.000000
BOSTON,2024,204,22.000000
BOSTON,2024,203,
BOSTON,2024,202,
BOSTON,2024,201,22.000000
BOSTON,2024,200,22.000000
BOSTON,2024,199,22.000000
BOSTON,2024,198,22.000000
BOSTON,2024,197,
BOSTON,2024,196,
BOSTON,2024,195,
BOSTON,2024,194,22.000000
BOSTON,2024,193,22.000000
BOSTON,2024,192,22.000000
BOSTON,2024,191,22.000000
BOSTON,2024,190,22.000000
BOSTON,2024,189,
BOSTON,2024,188,
BOSTON,2024,187,22.000000
BOSTON,2024,186,
BOSTON,2024,185,22.000000
BOSTON,2024,184,22.000000
BOSTON,2024,183,22.000000
BOSTON,2024,182,
BOSTON,2024,181,
BOSTON,2024,180,22.000000
BOSTON,2024,179,22.000000
BOSTON,2024,178,22.000000
BOSTON,2024,177,22.000000
BOSTON,2024,176,22.000000
BOSTON,2024,175,
BOSTON,2024,174,
BOSTON,2024,173,22.000000
BOSTON,2024,172,22.000000
BOSTON,2024,171,
BOSTON,2024,170,22.000000
BOSTON,2024,169,22.000000
BOSTON,2024,168,
BOSTON,2024,167,
BOSTON,2024,166,22.000000
BOSTON,2024,165,22.000000
BOSTON,2024,164,22.000000
BOSTON,2024,163,22.000000
BOSTON,2024,162,22.000000
BOSTON,2024,161,
BOSTON,2024,160,
BOSTON,2024,159,22.000000
BOSTON,2024,158,22.000000
BOSTON,2024,157,22.000000
BOSTON,2024,156,22.000000
BOSTON,2024,155,22.000000
BOSTON,2024,154,
BOSTON,2024,153,
BOSTON,2024,152,22.000000
BOSTON,2024,151,22.000000
BOSTON,2024,150,22.000000
BOSTON,2024,149,22.000000
BOSTON,2024,148,
BOSTON,2024,147,
BOSTON,2024,146,
BOSTON,2024,145,22.000000
BOSTON,2024,144,22.000000
BOSTON,2024,143,22.000000
BOSTON,2024,142,22.000000
BOSTON,2024,141,22.000000
BOSTON,2024,140,
BOSTON,2024,139,
BOSTON,2024,138,22.000000
BOSTON,2024,137,22.000000
BOSTON,2024,136,22.000000
BOSTON,2024,135,22.000000
BOSTON,2024,134,22.000000
BOSTON,2024,133,
BOSTON,2024,132,
BOSTON,2024,131,22.000000
BOSTON,2024,130,22.000000
BOSTON,2024,129,22.000000
BOSTON,2024,128,22.000000
BOSTON,2024,127,22.000000
BOSTON,2024,126,
BOSTON,2024,125,
BOSTON,2024,124,22.000000
BOSTON,2024,123,22.000000
BOSTON,2024,122,22.000000
BOSTON,2024,121,22.000000
BOSTON,2024,120,22.000000
BOSTON,2024,119,
BOSTON,2024,118,
BOSTON,2024,117,22.000000
BOSTON,2024,116,22.000000
BOSTON,2024,115,22.000000
BOSTON,2024,114,22.000000
BOSTON,2024,113,22.000000
BOSTON,2024,112,
BOSTON,2024,111,
BOSTON,2024,110,22.000000
BOSTON,2024,109,22.000000
BOSTON,2024,108,22.000000
BOSTON,2024,107,22.000000
BOSTON,2024,106,22.000000
BOSTON,2024,105,
BOSTON,2024,104,
BOSTON,2024,103,22.000000
BOSTON,2024,102,22.000000
BOSTON,2024,101,22.000000
BOSTON,2024,100,22.000000
BOSTON,2024,99,22.000000
BOSTON,2024,98,
BOSTON,2024,97,
BOSTON,2024,96,22.000000
BOSTON,2024,95,22.000000
BOSTON,2024,94,22.000000
BOSTON,2024,93,22.000000
BOSTON,2024,92,22.000000
BOSTON,2024,91,
BOSTON,2024,90,
BOSTON,2024,89,22.000000
BOSTON,2024,88,22.000000
BOSTON,2024,87,22.000000
BOSTON,2024,86,22.000000
BOSTON,2024,85,22.000000
BOSTON,2024,84,
BOSTON,2024,83,
BOSTON,2024,82,22.000000
BOSTON,2024,81,22.000000
BOSTON,2024,80,22.000000
BOSTON,2024,79,22.000000
BOSTON,2024,78,22.000000
BOSTON,2024,77,
BOSTON,2024,76,
BOSTON,2024,75,22.000000
BOSTON,2024,74,22.000000
BOSTON,2024,73,22.000000
BOSTON,2024,72,22.000000
BOSTON,2024,71,22.000000
BOSTON,2024,70,
BOSTON,2024,69,
BOSTON,2024,68,22.000000
BOSTON,2024,67,22.000000
BOSTON,2024,66,22.000000
BOSTON,2024,65,22.000000
BOSTON,2024,64,22.000000
BOSTON,2024,63,
BOSTON,2024,62,
BOSTON,2024,61,22.000000
BOSTON,2024,60,22.000000
BOSTON,2024,59,22.000000
BOSTON,2024,58,22.000000
BOSTON,2024,57,22.000000
BOSTON,2024,56,
BOSTON,2024,55,
BOSTON,2024,54,22.000000
BOSTON,2024,53,22.000000
BOSTON,2024,52,22.000000
BOSTON,2024,51,22.000000
BOSTON,2024,50,
BOSTON,2024,49,
BOSTON,2024,48,
BOSTON,2024,47,22.000000
BOSTON,2024,46,22.000000
BOSTON,2024,45,22.000000
BOSTON,2024,44,22.000000
BOSTON,2024,43,22.000000
BOSTON,2024,42,
BOSTON,2024,41,
BOSTON,2024,40,22.000000
BOSTON,2024,39,22.000000
BOSTON,2024,38,22.000000
BOSTON,2024,37,22.000000
BOSTON,2024,36,22.000000
BOSTON,2024,35,
BOSTON,2024,34,
BOSTON,2024,33,22.000000
BOSTON,2024,32,22.000000
BOSTON,2024,31,22.000000
BOSTON,2024,30,22.000000
BOSTON,2024,29,22.000000
BOSTON,2024,28,
BOSTON,2024,27,
BOSTON,2024,26,22.000000
BOSTON,2024,25,22.000000
BOSTON,2024,24,22.000000
BOSTON,2024,23,22.000000
BOSTON,2024,22,22.000000
BOSTON,2024,21,
BOSTON,2024,20,
BOSTON,2024,19,22.000000
BOSTON,2024,18,22.000000
BOSTON,2024,17,22.000000
BOSTON,2024,16,22.000000
BOSTON,2024,15,
BOSTON,2024,14,
BOSTON,2024,13,
BOSTON,2024,12,22.000000
BOSTON,2024,11,22.000000
BOSTON,2024,10,22.000000
BOSTON,2024,9,22.000000
BOSTON,2024,8,22.000000
BOSTON,2024,7,
BOSTON,2024,6,
BOSTON,2024,5,22.000000
BOSTON,2024,4,22.000000
BOSTON,2024,3,22.000000
BOSTON,2024,2,22.000000
CHICAGO,2024,366,
CHICAGO,2024,365,
CHICAGO,2024,364,
CHICAGO,2024,363,
CHICAGO,2024,362,
CHICAGO,2024,361,
CHICAGO,2024,360,
CHICAGO,2024,359,
CHICAGO,2024,358,
CHICAGO,2024,357,
CHICAGO,2024,356,
CHICAGO,2024,355,
CHICAGO,2024,354,
CHICAGO,2024,353,
CHICAGO,2024,352,
CHICAGO,2024,351,
CHICAGO,2024,350,
CHICAGO,2024,349,
CHICAGO,2024,348,
CHICAGO,2024,347,
CHICAGO,2024,346,
CHICAGO,2024,345,
CHICAGO,2024,344,
CHICAGO,2024,343,
CHICAGO,2024,342,
CHICAGO,2024,341,
CHICAGO,2024,340,
CHICAGO,2024,339,
CHICAGO,2024,338,
CHICAGO,2024,337,
CHICAGO,2024,336,
CHICAGO,2024,335,
CHICAGO,2024,334,
CHICAGO,2024,333,
CHICAGO,2024,332,
CHICAGO,2024,331,
CHICAGO,2024,330,
CHICAGO,2024,329,
CHICAGO,2024,328,
CHICAGO,2024,327,
CHICAGO,2024,326,
CHICAGO,2024,325,
CHICAGO,2024,324,
CHICAGO,2024,323,
CHICAGO,2024,322,
CHICAGO,2024,321,
CHICAGO,2024,320,
CHICAGO,2024,319,
CHICAGO,2024,318,
CHICAGO,2024,317,
CHICAGO,2024,316,
CHICAGO,2024,315,
CHICAGO,2024,314,
CHICAGO,2024,313,
CHICAGO,2024,312,
CHICAGO,2024,311,
CHICAGO,2024,310,
CHICAGO,2024,309,
CHICAGO,2024,308,
CHICAGO,2024,307,
CHICAGO,2024,306,
CHICAGO,2024,305,
CHICAGO,2024,304,
CHICAGO,2024,303,
CHICAGO,2024,302,
CHICAGO,2024,301,
CHICAGO,2024,300,
CHICAGO,2024,299,
CHICAGO,2024,298,
CHICAGO,2024,297,
CHICAGO,2024,296,
CHICAGO,2024,295,
CHICAGO,2024,294,
CHICAGO,2024,293,
CHICAGO,2024,292,
CHICAGO,2024,291,
CHICAGO,2024,290,
CHICAGO,2024,289,
CHICAGO,2024,288,
CHICAGO,2024,287,
CHICAGO,2024,286,
CHICAGO,2024,285,
CHICAGO,2024,284,
CHICAGO,2024,283,
CHICAGO,2024,282,
CHICAGO,2024,281,
CHICAGO,2024,280,
CHICAGO,2024,279,
CHICAGO,2024,278,
CHICAGO,2024,277,
CHICAGO,2024,276,
CHICAGO,2024,275,
CHICAGO,2024,274,45.750000
CHICAGO,2024,273,
CHICAGO,2024,272,
CHICAGO,2024,271,45.750000
CHICAGO,2024,270,45.750000
CHICAGO,2024,269,45.750000
CHICAGO,2024,268,45.750000
CHICAGO,2024,267,
CHICAGO,2024,266,
CHICAGO,2024,265,
CHICAGO,2024,264,45.750000
CHICAGO,2024,263,45.750000
CHICAGO,2024,262,45.750000
CHICAGO,2024,261,45.750000
CHICAGO,2024,260,45.750000
CHICAGO,2024,259,
CHICAGO,2024,258,
CHICAGO,2024,257,45.750000
CHICAGO,2024,256,45.750000
CHICAGO,2024,255,45.750000
CHICAGO,2024,254,45.750000
CHICAGO,2024,253,45.750000
CHICAGO,2024,252,
CHICAGO,2024,251,
CHICAGO,2024,250,45.750000
CHICAGO,2024,249,43.000000
CHICAGO,2024,248,43.000000
CHICAGO,2024,247,43.000000
CHICAGO,2024,246,
CHICAGO,2024,245,
CHICAGO,2024,244,
CHICAGO,2024,243,43.000000
CHICAGO,2024,242,43.000000
CHICAGO,2024,241,43.000000
CHICAGO,2024,240,43.000000
CHICAGO,2024,239,43.000000
CHICAGO,2024,238,
CHICAGO,2024,237,
CHICAGO,2024,236,43.000000
CHICAGO,2024,235,43.000000
CHICAGO,2024,234,43.000000
CHICAGO,2024,233,43.000000
CHICAGO,2024,232,43.000000
CHICAGO,2024,231,
CHICAGO,2024,230,
CHICAGO,2024,229,43.000000
CHICAGO,2024,228,43.000000
CHICAGO,2024,227,43.000000
CHICAGO,2024,226,43.000000
CHICAGO,2024,225,43.000000
CHICAGO,2024,224,
CHICAGO,2024,223,
CHICAGO,2024,222,43.000000
CHICAGO,2024,221,40.500000
CHICAGO,2024,220,40.500000
CHICAGO,2024,219,40.500000
CHICAGO,2024,218,40.500000
CHICAGO,2024,217,
CHICAGO,2024,216,
CHICAGO,2024,215,40.500000
CHICAGO,2024,214,40.500000
CHICAGO,2024,213,40.500000
CHICAGO,2024,212,40.500000
CHICAGO,2024,211,40.500000
CHICAGO,2024,210,
CHICAGO,2024,209,
CHICAGO,2024,208,40.500000
CHICAGO,2024,207,40.500000
CHICAGO,2024,206,40.500000
CHICAGO,2024,205,40.500000
CHICAGO,2024,204,40.500000
CHICAGO,2024,203,
CHICAGO,2024,202,
CHICAGO,2024,201,40.500000
CHICAGO,2024,200,40.500000
CHICAGO,2024,199,47.500000
CHICAGO,2024,198,47.500000
CHICAGO,2024,197,47.500000
CHICAGO,2024,196,
CHICAGO,2024,195,
CHICAGO,2024,194,47.500000
CHICAGO,2024,193,47.500000
CHICAGO,2024,192,47.500000
CHICAGO,2024,191,47.500000
CHICAGO,2024,190,47.500000
CHICAGO,2024,189,
CHICAGO,2024,188,
CHICAGO,2024,187,32.000000
CHICAGO,2024,186,
CHICAGO,2024,185,32.000000
CHICAGO,2024,184,32.000000
CHICAGO,2024,183,32.000000
CHICAGO,2024,182,
CHICAGO,2024,181,
CHICAGO,2024,180,32.000000
CHICAGO,2024,179,32.000000
CHICAGO,2024,178,32.000000
CHICAGO,2024,177,32.000000
CHICAGO,2024,176,32.000000
CHICAGO,2024,175,
CHICAGO,2024,174,
CHICAGO,2024,173,32.000000
CHICAGO,2024,172,23.500000
CHICAGO,2024,171,
CHICAGO,2024,170,23.500000
CHICAGO,2024,169,23.500000
CHICAGO,2024,168,
CHICAGO,2024,167,
CHICAGO,2024,166,23.500000
CHICAGO,2024,165,23.500000
CHICAGO,2024,164,23.500000
CHICAGO,2024,163,23.500000
CHICAGO,2024,162,23.500000
CHICAGO,2024,161,
CHICAGO,2024,160,
CHICAGO,2024,159,23.500000
CHICAGO,2024,158,24.500000
CHICAGO,2024,157,24.500000
CHICAGO,2024,156,24.500000
CHICAGO,2024,155,24.500000
CHICAGO,2024,154,
CHICAGO,2024,153,
CHICAGO,2024,152,24.500000
CHICAGO,2024,151,24.500000
CHICAGO,2024,150,24.500000
CHICAGO,2024,149,24.500000
CHICAGO,2024,148,
CHICAGO,2024,147,
CHICAGO,2024,146,
CHICAGO,2024,145,24.500000
CHICAGO,2024,144,24.500000
CHICAGO,2024,143,24.500000
CHICAGO,2024,142,24.500000
CHICAGO,2024,141,24.500000
CHICAGO,2024,140,
CHICAGO,2024,139,
CHICAGO,2024,138,24.500000
CHICAGO,2024,137,24.500000
CHICAGO,2024,136,24.500000
CHICAGO,2024,135,24.500000
CHICAGO,2024,134,24.500000
CHICAGO,2024,133,
CHICAGO,2024,132,
CHICAGO,2024,131,24.500000
CHICAGO,2024,130,24.500000
CHICAGO,2024,129,24.500000
CHICAGO,2024,128,24.500000
CHICAGO,2024,127,24.500000
CHICAGO,2024,126,
CHICAGO,2024,125,
CHICAGO,2024,124,24.500000
CHICAGO,2024,123,24.500000
CHICAGO,2024,122,24.500000
CHICAGO,2024,121,24.500000
CHICAGO,2024,120,24.500000
CHICAGO,2024,119,
CHICAGO,2024,118,
CHICAGO,2024,117,24.500000
CHICAGO,2024,116,24.500000
CHICAGO,2024,115,24.500000
CHICAGO,2024,114,24.500000
CHICAGO,2024,113,24.500000
CHICAGO,2024,112,
CHICAGO,2024,111,
CHICAGO,2024,110,24.500000
CHICAGO,2024,109,24.500000
CHICAGO,2024,108,24.500000
CHICAGO,2024,107,24.500000
CHICAGO,2024,106,24.500000
CHICAGO,2024,105,
CHICAGO,2024,104,
CHICAGO,2024,103,24.500000
CHICAGO,2024,102,24.500000
CHICAGO,2024,101,24.500000
CHICAGO,2024,100,24.500000
CHICAGO,2024,99,24.500000
CHICAGO,2024,98,
CHICAGO,2024,97,
CHICAGO,2024,96,24.500000
CHICAGO,2024,95,
CHICAGO,2024,94,24.500000
CHICAGO,2024,93,24.500000
CHICAGO,2024,92,24.500000
CHICAGO,2024,91,
CHICAGO,2024,90,
CHICAGO,2024,89,24.500000
CHICAGO,2024,88,24.500000
CHICAGO,2024,87,24.500000
CHICAGO,2024,86,24.500000
CHICAGO,2024,85,24.500000
CHICAGO,2024,84,
CHICAGO,2024,83,
CHICAGO,2024,82,24.500000
CHICAGO,2024,81,24.500000
CHICAGO,2024,80,24.500000
CHICAGO,2024,79,24.500000
CHICAGO,2024,78,24.500000
CHICAGO,2024,77,
CHICAGO,2024,76,
CHICAGO,2024,75,24.500000
CHICAGO,2024,74,24.500000
CHICAGO,2024,73,24.500000
CHICAGO,2024,72,27.000000
CHICAGO,2024,71,27.000000
CHICAGO,2024,70,
CHICAGO,2024,69,
CHICAGO,2024,68,27.000000
CHICAGO,2024,67,27.000000
CHICAGO,2024,66,27.000000
CHICAGO,2024,65,27.000000
CHICAGO,2024,64,27.000000
CHICAGO,2024,63,
CHICAGO,2024,62,
CHICAGO,2024,61,27.000000
CHICAGO,2024,60,27.000000
CHICAGO,2024,59,27.000000
CHICAGO,2024,58,27.000000
CHICAGO,2024,57,27.000000
CHICAGO,2024,56,
CHICAGO,2024,55,
CHICAGO,2024,54,27.000000
CHICAGO,2024,53,27.000000
CHICAGO,2024,52,27.000000
CHICAGO,2024,51,27.000000
CHICAGO,2024,50,
CHICAGO,2024,49,
CHICAGO,2024,48,
CHICAGO,2024,47,27.000000
CHICAGO,2024,46,27.000000
CHICAGO,2024,45,27.000000
CHICAGO,2024,44,27.000000
CHICAGO,2024,43,27.000000
CHICAGO,2024,42,
CHICAGO,2024,41,
CHICAGO,2024,40,27.000000
CHICAGO,2024,39,27.000000
CHICAGO,2024,38,27.000000
CHICAGO,2024,37,27.000000
CHICAGO,2024,36,27.000000
CHICAGO,2024,35,
CHICAGO,2024,34,
CHICAGO,2024,33,27.000000
CHICAGO,2024,32,27.000000
CHICAGO,2024,31,
CHICAGO,2024,30,27.000000
CHICAGO,2024,29,27.000000
CHICAGO,2024,28,
CHICAGO,2024,27,
CHICAGO,2024,26,27.000000
CHICAGO,2024,25,27.000000
CHICAGO,2024,24,28.250000
CHICAGO,2024,23,28.250000
CHICAGO,2024,22,28.250000
CHICAGO,2024,21,
CHICAGO,2024,20,
CHICAGO,2024,19,28.250000
CHICAGO,2024,18,28.250000
CHICAGO,2024,17,28.250000
CHICAGO,2024,16,28.250000
CHICAGO,2024,15,
CHICAGO,2024,14,
CHICAGO,2024,13,
CHICAGO,2024,12,28.250000
CHICAGO,2024,11,28.250000
CHICAGO,2024,10,28.250000
CHICAGO,2024,9,28.125000
CHICAGO,2024,8,28.125000
CHICAGO,2024,7,
CHICAGO,2024,6,
CHICAGO,2024,5,28.125000
CHICAGO,2024,4,28.125000
CHICAGO,2024,3,28.125000
CHICAGO,2024,2,28.125000
LOS ANGELES,2024,366,
LOS ANGELES,2024,365,
LOS ANGELES,2024,364,
LOS ANGELES,2024,363,
LOS ANGELES,2024,362,
LOS ANGELES,2024,361,
LOS ANGELES,2024,360,
LOS ANGELES,2024,359,
LOS ANGELES,2024,358,
LOS ANGELES,2024,357,
LOS ANGELES,2024,356,
LOS ANGELES,2024,355,
LOS ANGELES,2024,354,
LOS ANGELES,2024,353,
LOS ANGELES,2024,352,
LOS ANGELES,2024,351,
LOS ANGELES,2024,350,
LOS ANGELES,2024,349,
LOS ANGELES,2024,348,
LOS ANGELES,2024,347,
LOS ANGELES,2024,346,
LOS ANGELES,2024,345,
LOS ANGELES,2024,344,
LOS ANGELES,2024,343,
LOS ANGELES,2024,342,
LOS ANGELES,2024,341,
LOS ANGELES,2024,340,
LOS ANGELES,2024,339,
LOS ANGELES,2024,338,
LOS ANGELES,2024,337,
LOS ANGELES,2024,336,
LOS ANGELES,2024,335,
LOS ANGELES,2024,334,
LOS ANGELES,2024,333,
LOS ANGELES,2024,332,
LOS ANGELES,2024,331,
LOS ANGELES,2024,330,
LOS ANGELES,2024,329,
LOS ANGELES,2024,328,
LOS ANGELES,2024,327,
LOS ANGELES,2024,326,
LOS ANGELES,2024,325,
LOS ANGELES,2024,324,
LOS ANGELES,2024,323,
LOS ANGELES,2024,322,
LOS ANGELES,2024,321,
LOS ANGELES,2024,320,
LOS ANGELES,2024,319,
LOS ANGELES,2024,318,
LOS ANGELES,2024,317,
LOS ANGELES,2024,316,
LOS ANGELES,2024,315,
LOS ANGELES,2024,314,
LOS ANGELES,2024,313,
LOS ANGELES,2024,312,
LOS ANGELES,2024,311,
LOS ANGELES,2024,310,
LOS ANGELES,2024,309,
LOS ANGELES,2024,308,
LOS ANGELES,2024,307,
LOS ANGELES,2024,306,
LOS ANGELES,2024,305,
LOS ANGELES,2024,304,
LOS ANGELES,2024,303,
LOS ANGELES,2024,302,
LOS ANGELES,2024,301,
LOS ANGELES,2024,300,
LOS ANGELES,2024,299,
LOS ANGELES,2024,298,
LOS ANGELES,2024,297,
LOS ANGELES,2024,296,
LOS ANGELES,2024,295,
LOS ANGELES,2024,294,
LOS ANGELES,2024,293,
LOS ANGELES,2024,292,
LOS ANGELES,2024,291,
LOS ANGELES,2024,290,
LOS ANGELES,2024,289,
LOS ANGELES,2024,288,
LOS ANGELES,2024,287,
LOS ANGELES,2024,286,
LOS ANGELES,2024,285,
LOS ANGELES,2024,284,
LOS ANGELES,2024,283,
LOS ANGELES,2024,282,
LOS ANGELES,2024,281,
LOS ANGELES,2024,280,
LOS ANGELES,2024,279,
LOS ANGELES,2024,278,
LOS ANGELES,2024,277,
LOS ANGELES,2024,276,
LOS ANGELES,2024,275,
LOS ANGELES,2024,274,28.000000
LOS ANGELES,2024,273,
LOS ANGELES,2024,272,
LOS ANGELES,2024,271,28.000000
LOS ANGELES,2024,270,28.000000
LOS ANGELES,2024,269,28.000000
LOS ANGELES,2024,268,28.000000
LOS ANGELES,2024,267,28.000000
LOS ANGELES,2024,266,
LOS ANGELES,2024,265,
LOS ANGELES,2024,264,28.000000
LOS ANGELES,2024,263,28.000000
LOS ANGELES,2024,262,35.000000
LOS ANGELES,2024,261,35.000000
LOS ANGELES,2024,260,35.000000
LOS ANGELES,2024,259,
LOS ANGELES,2024,258,
LOS ANGELES,2024,257,35.000000
LOS ANGELES,2024,256,35.000000
LOS ANGELES,2024,255,35.000000
LOS ANGELES,2024,254,35.000000
LOS ANGELES,2024,253,35.000000
LOS ANGELES,2024,252,
LOS ANGELES,2024,251,
LOS ANGELES,2024,250,35.000000
LOS ANGELES,2024,249,35.000000
LOS ANGELES,2024,248,35.000000
LOS ANGELES,2024,247,35.000000
LOS ANGELES,2024,246,
LOS ANGELES,2024,245,
LOS ANGELES,2024,244,
LOS ANGELES,2024,243,35.000000
LOS ANGELES,2024,242,35.000000
LOS ANGELES,2024,241,35.000000
LOS ANGELES,2024,240,35.000000
LOS ANGELES,2024,239,35.000000
LOS ANGELES,2024,238,
LOS ANGELES,2024,237,
LOS ANGELES,2024,236,35.000000
LOS ANGELES,2024,235,35.000000
LOS ANGELES,2024,234,35.000000
LOS ANGELES,2024,233,35.000000
LOS ANGELES,2024,232,35.000000
LOS ANGELES,2024,231,
LOS ANGELES,2024,230,
LOS ANGELES,2024,229,35.000000
LOS ANGELES,2024,228,35.000000
LOS ANGELES,2024,227,35.000000
LOS ANGELES,2024,226,35.000000
LOS ANGELES,2024,225,35.000000
LOS ANGELES,2024,224,
LOS ANGELES,2024,223,
LOS ANGELES,2024,222,35.000000
LOS ANGELES,2024,221,35.000000
LOS ANGELES,2024,220,35.000000
LOS ANGELES,2024,219,35.000000
LOS ANGELES,2024,218,35.000000
LOS ANGELES,2024,217,
LOS ANGELES,2024,216,
LOS ANGELES,2024,215,35.000000
LOS ANGELES,2024,214,35.000000
LOS ANGELES,2024,213,35.000000
LOS ANGELES,2024,212,35.000000
LOS ANGELES,2024,211,31.000000
LOS ANGELES,2024,210,
LOS ANGELES,2024,209,
LOS ANGELES,2024,208,31.000000
LOS ANGELES,2024,207,31.000000
LOS ANGELES,2024,206,31.000000
LOS ANGELES,2024,205,31.000000
LOS ANGELES,2024,204,55.000000
LOS ANGELES,2024,203,
LOS ANGELES,2024,202,
LOS ANGELES,2024,201,55.000000
LOS ANGELES,2024,200,55.000000
LOS ANGELES,2024,199,55.000000
LOS ANGELES,2024,198,55.000000
LOS ANGELES,2024,197,55.000000
LOS ANGELES,2024,196,
LOS ANGELES,2024,195,
LOS ANGELES,2024,194,55.000000
LOS ANGELES,2024,193,55.000000
LOS ANGELES,2024,192,55.000000
LOS ANGELES,2024,191,55.000000
LOS ANGELES,2024,190,55.000000
LOS ANGELES,2024,189,
LOS ANGELES,2024,188,
LOS ANGELES,2024,187,55.000000
LOS ANGELES,2024,186,
LOS ANGELES,2024,185,55.000000
LOS ANGELES,2024,184,55.000000
LOS ANGELES,2024,183,55.000000
LOS ANGELES,2024,182,
LOS ANGELES,2024,181,
LOS ANGELES,2024,180,55.000000
LOS ANGELES,2024,179,55.000000
LOS ANGELES,2024,178,55.000000
LOS ANGELES,2024,177,55.000000
LOS ANGELES,2024,176,55.000000
LOS ANGELES,2024,175,
LOS ANGELES,2024,174,
LOS ANGELES,2024,173,59.500000
LOS ANGELES,2024,172,59.500000
LOS ANGELES,2024,171,
LOS ANGELES,2024,170,59.500000
LOS ANGELES,2024,169,59.500000
LOS ANGELES,2024,168,
LOS ANGELES,2024,167,
LOS ANGELES,2024,166,59.500000
LOS ANGELES,2024,165,48.250000
LOS ANGELES,2024,164,48.250000
LOS ANGELES,2024,163,25.750000
LOS ANGELES,2024,162,25.750000
LOS ANGELES,2024,161,
LOS ANGELES,2024,160,
LOS ANGELES,2024,159,25.750000
LOS ANGELES,2024,158,25.750000
LOS ANGELES,2024,157,25.750000
LOS ANGELES,2024,156,25.750000
LOS ANGELES,2024,155,25.750000
LOS ANGELES,2024,154,
LOS ANGELES,2024,153,
LOS ANGELES,2024,152,25.750000
LOS ANGELES,2024,151,25.750000
LOS ANGELES,2024,150,25.750000
LOS ANGELES,2024,149,25.750000
LOS ANGELES,2024,148,
LOS ANGELES,2024,147,
LOS ANGELES,2024,146,
LOS ANGELES,2024,145,25.750000
LOS ANGELES,2024,144,25.750000
LOS ANGELES,2024,143,30.500000
LOS ANGELES,2024,142,30.500000
LOS ANGELES,2024,141,30.500000
LOS ANGELES,2024,140,
LOS ANGELES,2024,139,
LOS ANGELES,2024,138,30.500000
LOS ANGELES,2024,137,34.750000
LOS ANGELES,2024,136,34.750000
LOS ANGELES,2024,135,34.250000
LOS ANGELES,2024,134,34.250000
LOS ANGELES,2024,133,
LOS ANGELES,2024,132,
LOS ANGELES,2024,131,34.250000
LOS ANGELES,2024,130,34.250000
LOS ANGELES,2024,129,34.250000
LOS ANGELES,2024,128,34.250000
LOS ANGELES,2024,127,34.250000
LOS ANGELES,2024,126,
LOS ANGELES,2024,125,
LOS ANGELES,2024,124,34.500000
LOS ANGELES,2024,123,34.500000
LOS ANGELES,2024,122,34.500000
LOS ANGELES,2024,121,34.500000
LOS ANGELES,2024,120,34.500000
LOS ANGELES,2024,119,
LOS ANGELES,2024,118,
LOS ANGELES,2024,117,34.500000
LOS ANGELES,2024,116,34.500000
LOS ANGELES,2024,115,34.500000
LOS ANGELES,2024,114,34.500000
LOS ANGELES,2024,113,34.500000
LOS ANGELES,2024,112,
LOS ANGELES,2024,111,
LOS ANGELES,2024,110,33.500000
LOS ANGELES,2024,109,33.500000
LOS ANGELES,2024,108,33.500000
LOS ANGELES,2024,107,33.500000
LOS ANGELES,2024,106,33.500000
LOS ANGELES,2024,105,
LOS ANGELES,2024,104,
LOS ANGELES,2024,103,33.500000
LOS ANGELES,2024,102,33.500000
LOS ANGELES,2024,101,33.500000
LOS ANGELES,2024,100,33.500000
LOS ANGELES,2024,99,32.500000
LOS ANGELES,2024,98,
LOS ANGELES,2024,97,
LOS ANGELES,2024,96,30.000000
LOS ANGELES,2024,95,30.000000
LOS ANGELES,2024,94,30.000000
LOS ANGELES,2024,93,30.000000
LOS ANGELES,2024,92,30.000000
LOS ANGELES,2024,91,
LOS ANGELES,2024,90,
LOS ANGELES,2024,89,30.000000
LOS ANGELES,2024,88,30.000000
LOS ANGELES,2024,87,30.000000
LOS ANGELES,2024,86,30.000000
LOS ANGELES,2024,85,30.000000
LOS ANGELES,2024,84,
LOS ANGELES,2024,83,
LOS ANGELES,2024,82,31.000000
LOS ANGELES,2024,81,31.000000
LOS ANGELES,2024,80,31.000000
LOS ANGELES,2024,79,31.000000
LOS ANGELES,2024,78,27.000000
LOS ANGELES,2024,77,
LOS ANGELES,2024,76,
LOS ANGELES,2024,75,27.000000
LOS ANGELES,2024,74,27.000000
LOS ANGELES,2024,73,27.000000
LOS ANGELES,2024,72,23.750000
LOS ANGELES,2024,71,23.750000
LOS ANGELES,2024,70,
LOS ANGELES,2024,69,
LOS ANGELES,2024,68,23.750000
LOS ANGELES,2024,67,23.750000
LOS ANGELES,2024,66,23.750000
LOS ANGELES,2024,65,23.750000
LOS ANGELES,2024,64,23.750000
LOS ANGELES,2024,63,
LOS ANGELES,2024,62,
LOS ANGELES,2024,61,23.750000
LOS ANGELES,2024,60,23.750000
LOS ANGELES,2024,59,23.750000
LOS ANGELES,2024,58,23.750000
LOS ANGELES,2024,57,23.750000
LOS ANGELES,2024,56,
LOS ANGELES,2024,55,
LOS ANGELES,2024,54,23.750000
LOS ANGELES,2024,53,23.750000
LOS ANGELES,2024,52,23.750000
LOS ANGELES,2024,51,23.750000
LOS ANGELES,2024,50,
LOS ANGELES,2024,49,
LOS ANGELES,2024,48,
LOS ANGELES,2024,47,23.750000
LOS ANGELES,2024,46,23.750000
LOS ANGELES,2024,45,23.750000
LOS ANGELES,2024,44,23.750000
LOS ANGELES,2024,43,23.750000
LOS ANGELES,2024,42,
LOS ANGELES,2024,41,
LOS ANGELES,2024,40,23.750000
LOS ANGELES,2024,39,23.750000
LOS ANGELES,2024,38,23.750000
LOS ANGELES,2024,37,23.750000
LOS ANGELES,2024,36,23.750000
LOS ANGELES,2024,35,
LOS ANGELES,2024,34,
LOS ANGELES,2024,33,23.750000
LOS ANGELES,2024,32,23.750000
LOS ANGELES,2024,31,23.500000
LOS ANGELES,2024,30,23.500000
LOS ANGELES,2024,29,23.500000
LOS ANGELES,2024,28,
LOS ANGELES,2024,27,
LOS ANGELES,2024,26,23.500000
LOS ANGELES,2024,25,23.500000
LOS ANGELES,2024,24,23.500000
LOS ANGELES,2024,23,23.500000
LOS ANGELES,2024,22,23.500000
LOS ANGELES,2024,21,
LOS ANGELES,2024,20,
LOS ANGELES,2024,19,23.500000
LOS ANGELES,2024,18,23.500000
LOS ANGELES,2024,17,23.500000
LOS ANGELES,2024,16,23.500000
LOS ANGELES,2024,15,
LOS ANGELES,2024,14,
LOS ANGELES,2024,13,
LOS ANGELES,2024,12,23.500000
LOS ANGELES,2024,11,23.500000
LOS ANGELES,2024,10,23.500000
LOS ANGELES,2024,9,23.500000
LOS ANGELES,2024,8,23.500000
LOS ANGELES,2024,7,
LOS ANGELES,2024,6,
LOS ANGELES,2024,5,23.500000
LOS ANGELES,2024,4,23.500000
LOS ANGELES,2024,3,23.500000
LOS ANGELES,2024,2,23.500000
NEW YORK,2024,366,
NEW YORK,2024,365,
NEW YORK,2024,364,
NEW YORK,2024,363,
NEW YORK,2024,362,
NEW YORK,2024,361,
NEW YORK,2024,360,
NEW YORK,2024,359,
NEW YORK,2024,358,
NEW YORK,2024,357,
NEW YORK,2024,356,
NEW YORK,2024,355,
NEW YORK,2024,354,
NEW YORK,2024,353,
NEW YORK,2024,352,
NEW YORK,2024,351,
NEW YORK,2024,350,
NEW YORK,2024,349,
NEW YORK,2024,348,
NEW YORK,2024,347,
NEW YORK,2024,346,
NEW YORK,2024,345,
NEW YORK,2024,344,
NEW YORK,2024,343,
NEW YORK,2024,342,
NEW YORK,2024,341,
NEW YORK,2024,340,
NEW YORK,2024,339,
NEW YORK,2024,338,
NEW YORK,2024,337,
NEW YORK,2024,336,
NEW YORK,2024,335,
NEW YORK,2024,334,
NEW YORK,2024,333,
NEW YORK,2024,332,
NEW YORK,2024,331,
NEW YORK,2024,330,
NEW YORK,2024,329,
NEW YORK,2024,328,
NEW YORK,2024,327,
NEW YORK,2024,326,
NEW YORK,2024,325,
NEW YORK,2024,324,
NEW YORK,2024,323,
NEW YORK,2024,322,
NEW YORK,2024,321,
NEW YORK,2024,320,
NEW YORK,2024,319,
NEW YORK,2024,318,
NEW YORK,2024,317,
NEW YORK,2024,316,
NEW YORK,2024,315,
NEW YORK,2024,314,
NEW YORK,2024,313,
NEW YORK,2024,312,
NEW YORK,2024,311,
NEW YORK,2024,310,
NEW YORK,2024,309,
NEW YORK,2024,308,
NEW YORK,2024,307,
NEW YORK,2024,306,
NEW YORK,2024,305,
NEW YORK,2024,304,
NEW YORK,2024,303,
NEW YORK,2024,302,
NEW YORK,2024,301,
NEW YORK,2024,300,
NEW YORK,2024,299,
NEW YORK,2024,298,
NEW YORK,2024,297,
NEW YORK,2024,296,
NEW YORK,2024,295,
NEW YORK,2024,294,
NEW YORK,2024,293,
NEW YORK,2024,292,
NEW YORK,2024,291,
NEW YORK,2024,290,
NEW YORK,2024,289,
NEW YORK,2024,288,
NEW YORK,2024,287,
NEW YORK,2024,286,
NEW YORK,2024,285,
NEW YORK,2024,284,
NEW YORK,2024,283,
NEW YORK,2024,282,
NEW YORK,2024,281,
NEW YORK,2024,280,
NEW YORK,2024,279,
NEW YORK,2024,278,
NEW YORK,2024,277,
NEW YORK,2024,276,
NEW YORK,2024,275,
NEW YORK,2024,274,22.000000
NEW YORK,2024,273,
NEW YORK,2024,272,
NEW YORK,2024,271,22.000000
NEW YORK,2024,270,22.000000
NEW YORK,2024,269,22.000000
NEW YORK,2024,268,22.000000
NEW YORK,2024,267,22.000000
NEW YORK,2024,266,
NEW YORK,2024,265,
NEW YORK,2024,264,22.000000
NEW YORK,2024,263,22.000000
NEW YORK,2024,262,22.000000
NEW YORK,2024,261,22.000000
NEW YORK,2024,260,22.000000
NEW YORK,2024,259,
NEW YORK,2024,258,
NEW YORK,2024,257,22.000000
NEW YORK,2024,256,22.000000
NEW YORK,2024,255,22.000000
NEW YORK,2024,254,22.000000
NEW YORK,2024,253,22.000000
NEW YORK,2024,252,
NEW YORK,2024,251,
NEW YORK,2024,250,22.000000
NEW YORK,2024,249,22.000000
NEW YORK,2024,248,22.000000
NEW YORK,2024,247,22.000000
NEW YORK,2024,246,
NEW YORK,2024,245,
NEW YORK,2024,244,
NEW YORK,2024,243,24.000000
NEW YORK,2024,242,24.000000
NEW YORK,2024,241,24.000000
NEW YORK,2024,240,24.000000
NEW YORK,2024,239,24.000000
NEW YORK,2024,238,
NEW YORK,2024,237,
NEW YORK,2024,236,24.000000
NEW YORK,2024,235,24.000000
NEW YORK,2024,234,24.000000
NEW YORK,2024,233,24.000000
NEW YORK,2024,232,24.000000
NEW YORK,2024,231,
NEW YORK,2024,230,
NEW YORK,2024,229,24.000000
NEW YORK,2024,228,24.000000
NEW YORK,2024,227,24.000000
NEW YORK,2024,226,24.000000
NEW YORK,2024,225,26.000000
NEW YORK,2024,224,
NEW YORK,2024,223,
NEW YORK,2024,222,26.000000
NEW YORK,2024,221,26.000000
NEW YORK,2024,220,26.000000
NEW YORK,2024,219,26.000000
NEW YORK,2024,218,26.000000
NEW YORK,2024,217,
NEW YORK,2024,216,
NEW YORK,2024,215,26.000000
NEW YORK,2024,214,26.000000
NEW YORK,2024,213,26.000000
NEW YORK,2024,212,26.000000
NEW YORK,2024,211,28.000000
NEW YORK,2024,210,
NEW YORK,2024,209,
NEW YORK,2024,208,28.000000
NEW YORK,2024,207,28.000000
NEW YORK,2024,206,28.000000
NEW YORK,2024,205,28.000000
NEW YORK,2024,204,32.000000
NEW YORK,2024,203,
NEW YORK,2024,202,
NEW YORK,2024,201,32.000000
NEW YORK,2024,200,32.000000
NEW YORK,2024,199,32.000000
NEW YORK,2024,198,32.000000
NEW YORK,2024,197,32.000000
NEW YORK,2024,196,
NEW YORK,2024,195,
NEW YORK,2024,194,32.000000
NEW YORK,2024,193,32.000000
NEW YORK,2024,192,32.000000
NEW YORK,2024,191,32.000000
NEW YORK,2024,190,26.000000
NEW YORK,2024,189,
NEW YORK,2024,188,
NEW YORK,2024,187,
NEW YORK,2024,186,
NEW YORK,2024,185,26.000000
NEW YORK,2024,184,26.000000
NEW YORK,2024,183,26.000000
NEW YORK,2024,182,
NEW YORK,2024,181,
NEW YORK,2024,180,26.000000
NEW YORK,2024,179,26.000000
NEW YORK,2024,178,26.000000
NEW YORK,2024,177,26.000000
NEW YORK,2024,176,26.000000
NEW YORK,2024,175,
NEW YORK,2024,174,
NEW YORK,2024,173,26.000000
NEW YORK,2024,172,26.000000
NEW YORK,2024,171,
NEW YORK,2024,170,26.000000
NEW YORK,2024,169,26.000000
NEW YORK,2024,168,
NEW YORK,2024,167,
NEW YORK,2024,166,26.000000
NEW YORK,2024,165,26.000000
NEW YORK,2024,164,26.000000
NEW YORK,2024,163,26.000000
NEW YORK,2024,162,26.000000
NEW YORK,2024,161,
NEW YORK,2024,160,
NEW YORK,2024,159,26.000000
NEW YORK,2024,158,26.000000
NEW YORK,2024,157,26.000000
NEW YORK,2024,156,26.000000
NEW YORK,2024,155,26.000000
NEW YORK,2024,154,
NEW YORK,2024,153,
NEW YORK,2024,152,26.000000
NEW YORK,2024,151,26.000000
NEW YORK,2024,150,26.000000
NEW YORK,2024,149,26.000000
NEW YORK,2024,148,
NEW YORK,2024,147,
NEW YORK,2024,146,
NEW YORK,2024,145,26.000000
NEW YORK,2024,144,26.000000
NEW YORK,2024,143,26.000000
NEW YORK,2024,142,26.000000
NEW YORK,2024,141,26.000000
NEW YORK,2024,140,
NEW YORK,2024,139,
NEW YORK,2024,138,26.000000
NEW YORK,2024,137,26.000000
NEW YORK,2024,136,26.000000
NEW YORK,2024,135,26.000000
NEW YORK,2024,134,26.000000
NEW YORK,2024,133,
NEW YORK,2024,132,
NEW YORK,2024,131,26.000000
NEW YORK,2024,130,26.000000
NEW YORK,2024,129,26.000000
NEW YORK,2024,128,26.000000
NEW YORK,2024,127,26.000000
NEW YORK,2024,126,
NEW YORK,2024,125,
NEW YORK,2024,124,26.000000
NEW YORK,2024,123,26.000000
NEW YORK,2024,122,26.000000
NEW YORK,2024,121,26.000000
NEW YORK,2024,120,26.000000
NEW YORK,2024,119,
NEW YORK,2024,118,
NEW YORK,2024,117,26.000000
NEW YORK,2024,116,26.000000
NEW YORK,2024,115,26.000000
NEW YORK,2024,114,26.000000
NEW YORK,2024,113,26.000000
NEW YORK,2024,112,
NEW YORK,2024,111,
NEW YORK,2024,110,23.000000
NEW YORK,2024,109,23.000000
NEW YORK,2024,108,23.000000
NEW YORK,2024,107,23.000000
NEW YORK,2024,106,23.000000
NEW YORK,2024,105,
NEW YORK,2024,104,
NEW YORK,2024,103,23.000000
NEW YORK,2024,102,23.000000
NEW YORK,2024,101,23.000000
NEW YORK,2024,100,23.000000
NEW YORK,2024,99,23.000000
NEW YORK,2024,98,
NEW YORK,2024,97,
NEW YORK,2024,96,23.000000
NEW YORK,2024,95,23.000000
NEW YORK,2024,94,23.000000
NEW YORK,2024,93,23.000000
NEW YORK,2024,92,
NEW YORK,2024,91,
NEW YORK,2024,90,
NEW YORK,2024,89,23.000000
NEW YORK,2024,88,23.000000
NEW YORK,2024,87,23.000000
NEW YORK,2024,86,23.000000
NEW YORK,2024,85,23.000000
NEW YORK,2024,84,
NEW YORK,2024,83,
NEW YORK,2024,82,23.000000
NEW YORK,2024,81,23.000000
NEW YORK,2024,80,23.000000
NEW YORK,2024,79,23.000000
NEW YORK,2024,78,23.000000
NEW YORK,2024,77,
NEW YORK,2024,76,
NEW YORK,2024,75,23.000000
NEW YORK,2024,74,23.000000
NEW YORK,2024,73,23.000000
NEW YORK,2024,72,23.000000
NEW YORK,2024,71,23.000000
NEW YORK,2024,70,
NEW YORK,2024,69,
NEW YORK,2024,68,23.000000
NEW YORK,2024,67,23.000000
NEW YORK,2024,66,23.000000
NEW YORK,2024,65,25.000000
NEW YORK,2024,64,25.000000
NEW YORK,2024,63,
NEW YORK,2024,62,
NEW YORK,2024,61,25.000000
NEW YORK,2024,60,25.000000
NEW YORK,2024,59,25.000000
NEW YORK,2024,58,26.000000
NEW YORK,2024,57,26.000000
NEW YORK,2024,56,
NEW YORK,2024,55,
NEW YORK,2024,54,26.000000
NEW YORK,2024,53,26.000000
NEW YORK,2024,52,26.000000
NEW YORK,2024,51,26.000000
NEW YORK,2024,50,
NEW YORK,2024,49,
NEW YORK,2024,48,
NEW YORK,2024,47,26.000000
NEW YORK,2024,46,26.000000
NEW YORK,2024,45,26.000000
NEW YORK,2024,44,26.000000
NEW YORK,2024,43,26.000000
NEW YORK,2024,42,
NEW YORK,2024,41,
NEW YORK,2024,40,26.000000
NEW YORK,2024,39,26.000000
NEW YORK,2024,38,26.000000
NEW YORK,2024,37,26.000000
NEW YORK,2024,36,26.000000
NEW YORK,2024,35,
NEW YORK,2024,34,
NEW YORK,2024,33,26.000000
NEW YORK,2024,32,26.000000
NEW YORK,2024,31,26.000000
NEW YORK,2024,30,26.000000
NEW YORK,2024,29,26.000000
NEW YORK,2024,28,
NEW YORK,2024,27,
NEW YORK,2024,26,26.000000
NEW YORK,2024,25,26.000000
NEW YORK,2024,24,26.000000
NEW YORK,2024,23,26.000000
NEW YORK,2024,22,26.000000
NEW YORK,2024,21,
NEW YORK,2024,20,
NEW YORK,2024,19,26.000000
NEW YORK,2024,18,26.000000
NEW YORK,2024,17,26.000000
NEW YORK,2024,16,26.000000
NEW YORK,2024,15,
NEW YORK,2024,14,
NEW YORK,2024,13,
NEW YORK,2024,12,26.000000
NEW YORK,2024,11,26.000000
NEW YORK,2024,10,26.000000
NEW YORK,2024,9,26.000000
NEW YORK,2024,8,
NEW YORK,2024,7,
NEW YORK,2024,6,
NEW YORK,2024,5,
NEW YORK,2024,4,24.000000
NEW YORK,2024,3,24.000000
NEW YORK,2024,2,24.000000
BALTIMORE,2023,366,
BALTIMORE,2023,365,
BALTIMORE,2023,364,
BALTIMORE,2023,363,
BALTIMORE,2023,362,
BALTIMORE,2023,361,
BALTIMORE,2023,360,
BALTIMORE,2023,359,
BALTIMORE,2023,358,
BALTIMORE,2023,357,
BALTIMORE,2023,356,
BALTIMORE,2023,355,
BALTIMORE,2023,354,
BALTIMORE,2023,353,
BALTIMORE,2023,352,
BALTIMORE,2023,351,
BALTIMORE,2023,350,
BALTIMORE,2023,349,
BALTIMORE,2023,348,
BALTIMORE,2023,347,
BALTIMORE,2023,346,
BALTIMORE,2023,345,
BALTIMORE,2023,344,
BALTIMORE,2023,343,
BALTIMORE,2023,342,
BALTIMORE,2023,341,
BALTIMORE,2023,340,
BALTIMORE,2023,339,
BALTIMORE,2023,338,
BALTIMORE,2023,337,
BALTIMORE,2023,336,
BALTIMORE,2023,335,
BALTIMORE,2023,334,39.000000
BALTIMORE,2023,333,39.000000
BALTIMORE,2023,332,39.000000
BALTIMORE,2023,331,39.000000
BALTIMORE,2023,330,
BALTIMORE,2023,329,
BALTIMORE,2023,328,39.000000
BALTIMORE,2023,327,
BALTIMORE,2023,326,39.000000
BALTIMORE,2023,325,39.000000
BALTIMORE,2023,324,39.000000
BALTIMORE,2023,323,
BALTIMORE,2023,322,
BALTIMORE,2023,321,39.000000
BALTIMORE,2023,320,39.000000
BALTIMORE,2023,319,39.000000
BALTIMORE,2023,318,39.000000
BALTIMORE,2023,317,39.000000
BALTIMORE,2023,316,
BALTIMORE,2023,315,
BALTIMORE,2023,314,
BALTIMORE,2023,313,39.000000
BALTIMORE,2023,312,39.000000
BALTIMORE,2023,311,39.000000
BALTIMORE,2023,310,35.500000
BALTIMORE,2023,309,
BALTIMORE,2023,308,
BALTIMORE,2023,307,35.500000
BALTIMORE,2023,306,35.500000
BALTIMORE,2023,305,35.500000
BALTIMORE,2023,304,35.500000
BALTIMORE,2023,303,35.500000
BALTIMORE,2023,302,
BALTIMORE,2023,301,
BALTIMORE,2023,300,35.500000
BALTIMORE,2023,299,35.500000
BALTIMORE,2023,298,35.500000
BALTIMORE,2023,297,35.500000
BALTIMORE,2023,296,
BALTIMORE,2023,295,
BALTIMORE,2023,294,
BALTIMORE,2023,293,
BALTIMORE,2023,292,
BALTIMORE,2023,291,
BALTIMORE,2023,290,
BALTIMORE,2023,289,
BALTIMORE,2023,288,
BALTIMORE,2023,287,
BALTIMORE,2023,286,
BALTIMORE,2023,285,
BALTIMORE,2023,284,
BALTIMORE,2023,283,
BALTIMORE,2023,282,
BALTIMORE,2023,281,
BALTIMORE,2023,280,
BALTIMORE,2023,279,
BALTIMORE,2023,278,
BALTIMORE,2023,277,
BALTIMORE,2023,276,
BALTIMORE,2023,275,
BALTIMORE,2023,274,
BALTIMORE,2023,273,
BALTIMORE,2023,272,
BALTIMORE,2023,271,
BALTIMORE,2023,270,
BALTIMORE,2023,269,
BALTIMORE,2023,268,
BALTIMORE,2023,267,
BALTIMORE,2023,266,
BALTIMORE,2023,265,
BALTIMORE,2023,264,
BALTIMORE,2023,263,
BALTIMORE,2023,262,
BALTIMORE,2023,261,
BALTIMORE,2023,260,
BALTIMORE,2023,259,
BALTIMORE,2023,258,
BALTIMORE,2023,257,
BALTIMORE,2023,256,
BALTIMORE,2023,255,
BALTIMORE,2023,254,
BALTIMORE,2023,253,
BALTIMORE,2023,252,
BALTIMORE,2023,251,
BALTIMORE,2023,250,
BALTIMORE,2023,249,
BALTIMORE,2023,248,
BALTIMORE,2023,247,
BALTIMORE,2023,246,
BALTIMORE,2023,245,
BALTIMORE,2023,244,32.000000
BALTIMORE,2023,243,32.000000
BALTIMORE,2023,242,28.000000
BALTIMORE,2023,241,28.000000
BALTIMORE,2023,240,28.000000
BALTIMORE,2023,239,
BALTIMORE,2023,238,
BALTIMORE,2023,237,28.000000
BALTIMORE,2023,236,28.000000
BALTIMORE,2023,235,28.000000
BALTIMORE,2023,234,28.000000
BALTIMORE,2023,233,28.000000
BALTIMORE,2023,232,
BALTIMORE,2023,231,
BALTIMORE,2023,230,28.000000
BALTIMORE,2023,229,28.000000
BALTIMORE,2023,228,28.000000
BALTIMORE,2023,227,28.000000
BALTIMORE,2023,226,28.000000
BALTIMORE,2023,225,
BALTIMORE,2023,224,
BALTIMORE,2023,223,28.000000
BALTIMORE,2023,222,33.000000
BALTIMORE,2023,221,33.000000
BALTIMORE,2023,220,33.000000
BALTIMORE,2023,219,33.000000
BALTIMORE,2023,218,
BALTIMORE,2023,217,
BALTIMORE,2023,216,
BALTIMORE,2023,215,
BALTIMORE,2023,214,
BALTIMORE,2023,213,
BALTIMORE,2023,212,
BALTIMORE,2023,211,
BALTIMORE,2023,210,
BALTIMORE,2023,209,
BALTIMORE,2023,208,
BALTIMORE,2023,207,
BALTIMORE,2023,206,
BALTIMORE,2023,205,
BALTIMORE,2023,204,
BALTIMORE,2023,203,
BALTIMORE,2023,202,
BALTIMORE,2023,201,
BALTIMORE,2023,200,
BALTIMORE,2023,199,
BALTIMORE,2023,198,
BALTIMORE,2023,197,
BALTIMORE,2023,196,
BALTIMORE,2023,195,
BALTIMORE,2023,194,
BALTIMORE,2023,193,
BALTIMORE,2023,192,
BALTIMORE,2023,191,
BALTIMORE,2023,190,
BALTIMORE,2023,189,
BALTIMORE,2023,188,
BALTIMORE,2023,187,
BALTIMORE,2023,186,
BALTIMORE,2023,185,
BALTIMORE,2023,184,
BALTIMORE,2023,183,
BALTIMORE,2023,182,
BALTIMORE,2023,181,
BALTIMORE,2023,180,
BALTIMORE,2023,179,
BALTIMORE,2023,178,
BALTIMORE,2023,177,
BALTIMORE,2023,176,
BALTIMORE,2023,175,
BALTIMORE,2023,174,
BALTIMORE,2023,173,
BALTIMORE,2023,172,
BALTIMORE,2023,171,
BALTIMORE,2023,170,
BALTIMORE,2023,169,
BALTIMORE,2023,168,
BALTIMORE,2023,167,
BALTIMORE,2023,166,
BALTIMORE,2023,165,
BALTIMORE,2023,164,
BALTIMORE,2023,163,
BALTIMORE,2023,162,
BALTIMORE,2023,161,
BALTIMORE,2023,160,
BALTIMORE,2023,159,
BALTIMORE,2023,158,
BALTIMORE,2023,157,
BALTIMORE,2023,156,
BALTIMORE,2023,155,
BALTIMORE,2023,154,
BALTIMORE,2023,153,
BALTIMORE,2023,152,
BALTIMORE,2023,151,
BALTIMORE,2023,150,
BALTIMORE,2023,149,
BALTIMORE,2023,148,
BALTIMORE,2023,147,
BALTIMORE,2023,146,36.000000
BALTIMORE,2023,145,36.000000
BALTIMORE,2023,144,36.000000
BALTIMORE,2023,143,36.000000
BALTIMORE,2023,142,36.000000
BALTIMORE,2023,141,
BALTIMORE,2023,140,
BALTIMORE,2023,139,36.000000
BALTIMORE,2023,138,36.000000
BALTIMORE,2023,137,36.000000
BALTIMORE,2023,136,36.000000
BALTIMORE,2023,135,36.000000
BALTIMORE,2023,134,
BALTIMORE,2023,133,
BALTIMORE,2023,132,36.000000
BALTIMORE,2023,131,36.000000
BALTIMORE,2023,130,36.000000
BALTIMORE,2023,129,36.000000
BALTIMORE,2023,128,36.000000
BALTIMORE,2023,127,
BALTIMORE,2023,126,
BALTIMORE,2023,125,37.000000
BALTIMORE,2023,124,37.000000
BALTIMORE,2023,123,32.000000
BALTIMORE,2023,122,32.000000
BALTIMORE,2023,121,32.000000
BALTIMORE,2023,120,
BALTIMORE,2023,119,
BALTIMORE,2023,118,32.000000
BALTIMORE,2023,117,32.000000
BALTIMORE,2023,116,32.000000
BALTIMORE,2023,115,32.000000
BALTIMORE,2023,114,32.000000
BALTIMORE,2023,113,
BALTIMORE,2023,112,
BALTIMORE,2023,111,36.000000
BALTIMORE,2023,110,36.000000
BALTIMORE,2023,109,34.000000
BALTIMORE,2023,108,34.000000
BALTIMORE,2023,107,34.000000
BALTIMORE,2023,106,
BALTIMORE,2023,105,
BALTIMORE,2023,104,35.000000
BALTIMORE,2023,103,35.000000
BALTIMORE,2023,102,33.000000
BALTIMORE,2023,101,33.000000
BALTIMORE,2023,100,33.000000
BALTIMORE,2023,99,
BALTIMORE,2023,98,
BALTIMORE,2023,97,34.666666
BALTIMORE,2023,96,34.666666
BALTIMORE,2023,95,34.666666
BALTIMORE,2023,94,34.500000
BALTIMORE,2023,93,34.500000
BALTIMORE,2023,92,
BALTIMORE,2023,91,
BALTIMORE,2023,90,
BALTIMORE,2023,89,
BALTIMORE,2023,88,
BALTIMORE,2023,87,
BALTIMORE,2023,86,
BALTIMORE,2023,85,
BALTIMORE,2023,84,
BALTIMORE,2023,83,
BALTIMORE,2023,82,
BALTIMORE,2023,81,
BALTIMORE,2023,80,
BALTIMORE,2023,79,
BALTIMORE,2023,78,
BALTIMORE,2023,77,
BALTIMORE,2023,76,
BALTIMORE,2023,75,
BALTIMORE,2023,74,
BALTIMORE,2023,73,
BALTIMORE,2023,72,40.000000
BALTIMORE,2023,71,
BALTIMORE,2023,70,
BALTIMORE,2023,69,40.000000
BALTIMORE,2023,68,40.000000
BALTIMORE,2023,67,40.000000
BALTIMORE,2023,66,40.000000
BALTIMORE,2023,65,40.000000
BALTIMORE,2023,64,
BALTIMORE,2023,63,
BALTIMORE,2023,62,40.000000
BALTIMORE,2023,61,40.000000
BALTIMORE,2023,60,40.000000
BALTIMORE,2023,59,40.000000
BALTIMORE,2023,58,40.000000
BALTIMORE,2023,57,
BALTIMORE,2023,56,
BALTIMORE,2023,55,40.000000
BALTIMORE,2023,54,40.000000
BALTIMORE,2023,53,40.000000
BALTIMORE,2023,52,40.000000
BALTIMORE,2023,51,
BALTIMORE,2023,50,
BALTIMORE,2023,49,
BALTIMORE,2023,48,40.000000
BALTIMORE,2023,47,40.000000
BALTIMORE,2023,46,40.000000
BALTIMORE,2023,45,40.000000
BALTIMORE,2023,44,40.000000
BALTIMORE,2023,43,
BALTIMORE,2023,42,
BALTIMORE,2023,41,40.000000
BALTIMORE,2023,40,40.000000
BALTIMORE,2023,39,40.000000
BALTIMORE,2023,38,40.000000
BALTIMORE,2023,37,40.000000
BALTIMORE,2023,36,
BALTIMORE,2023,35,
BALTIMORE,2023,34,40.000000
BALTIMORE,2023,33,40.000000
BALTIMORE,2023,32,40.000000
BALTIMORE,2023,31,40.000000
BALTIMORE,2023,30,40.000000
BALTIMORE,2023,29,
BALTIMORE,2023,28,
BALTIMORE,2023,27,40.000000
BALTIMORE,2023,26,40.000000
BALTIMORE,2023,25,40.000000
BALTIMORE,2023,24,40.000000
BALTIMORE,2023,23,40.000000
BALTIMORE,2023,22,
BALTIMORE,2023,21,
BALTIMORE,2023,20,40.000000
BALTIMORE,2023,19,40.000000
BALTIMORE,2023,18,40.000000
BALTIMORE,2023,17,40.000000
BALTIMORE,2023,16,
BALTIMORE,2023,15,
BALTIMORE,2023,14,
BALTIMORE,2023,13,40.000000
BALTIMORE,2023,12,40.000000
BALTIMORE,2023,11,40.000000
BALTIMORE,2023,10,40.000000
BALTIMORE,2023,9,40.000000
BALTIMORE,2023,8,
BALTIMORE,2023,7,
BALTIMORE,2023,6,40.000000
BALTIMORE,2023,5,40.000000
BALTIMORE,2023,4,40.000000
BALTIMORE,2023,3,40.000000
BALTIMORE,2023,2,
BOSTON,2023,366,
BOSTON,2023,365,
BOSTON,2023,364,
BOSTON,2023,363,22.000000
BOSTON,2023,362,22.000000
BOSTON,2023,361,22.000000
BOSTON,2023,360,22.000000
BOSTON,2023,359,
BOSTON,2023,358,
BOSTON,2023,357,
BOSTON,2023,356,22.000000
BOSTON,2023,355,22.000000
BOSTON,2023,354,22.000000
BOSTON,2023,353,22.000000
BOSTON,2023,352,22.000000
BOSTON,2023,351,
BOSTON,2023,350,
BOSTON,2023,349,22.000000
BOSTON,2023,348,22.000000
BOSTON,2023,347,22.000000
BOSTON,2023,346,22.000000
BOSTON,2023,345,22.000000
BOSTON,2023,344,
BOSTON,2023,343,
BOSTON,2023,342,22.000000
BOSTON,2023,341,22.000000
BOSTON,2023,340,22.000000
BOSTON,2023,339,22.000000
BOSTON,2023,338,22.000000
BOSTON,2023,337,
BOSTON,2023,336,
BOSTON,2023,335,22.000000
BOSTON,2023,334,22.000000
BOSTON,2023,333,22.000000
BOSTON,2023,332,22.000000
BOSTON,2023,331,22.000000
BOSTON,2023,330,
BOSTON,2023,329,
BOSTON,2023,328,22.000000
BOSTON,2023,327,
BOSTON,2023,326,22.000000
BOSTON,2023,325,22.000000
BOSTON,2023,324,22.000000
BOSTON,2023,323,
BOSTON,2023,322,
BOSTON,2023,321,22.000000
BOSTON,2023,320,22.000000
BOSTON,2023,319,22.000000
BOSTON,2023,318,22.000000
BOSTON,2023,317,22.000000
BOSTON,2023,316,
BOSTON,2023,315,
BOSTON,2023,314,
BOSTON,2023,313,22.000000
BOSTON,2023,312,22.000000
BOSTON,2023,311,22.000000
BOSTON,2023,310,22.000000
BOSTON,2023,309,
BOSTON,2023,308,
BOSTON,2023,307,22.000000
BOSTON,2023,306,22.000000
BOSTON,2023,305,22.000000
BOSTON,2023,304,22.000000
BOSTON,2023,303,22.000000
BOSTON,2023,302,
BOSTON,2023,301,
BOSTON,2023,300,22.000000
BOSTON,2023,299,22.000000
BOSTON,2023,298,22.000000
BOSTON,2023,297,22.000000
BOSTON,2023,296,22.000000
BOSTON,2023,295,
BOSTON,2023,294,
BOSTON,2023,293,22.000000
BOSTON,2023,292,22.000000
BOSTON,2023,291,22.000000
BOSTON,2023,290,22.000000
BOSTON,2023,289,22.000000
BOSTON,2023,288,
BOSTON,2023,287,
BOSTON,2023,286,22.000000
BOSTON,2023,285,22.000000
BOSTON,2023,284,22.000000
BOSTON,2023,283,22.000000
BOSTON,2023,282,
BOSTON,2023,281,
BOSTON,2023,280,
BOSTON,2023,279,22.000000
BOSTON,2023,278,22.000000
BOSTON,2023,277,22.000000
BOSTON,2023,276,22.000000
BOSTON,2023,275,22.000000
BOSTON,2023,274,
BOSTON,2023,273,
BOSTON,2023,272,22.000000
BOSTON,2023,271,22.000000
BOSTON,2023,270,22.000000
BOSTON,2023,269,22.000000
BOSTON,2023,268,22.000000
BOSTON,2023,267,
BOSTON,2023,266,
BOSTON,2023,265,22.000000
BOSTON,2023,264,22.000000
BOSTON,2023,263,22.000000
BOSTON,2023,262,22.000000
BOSTON,2023,261,22.000000
BOSTON,2023,260,
BOSTON,2023,259,
BOSTON,2023,258,22.000000
BOSTON,2023,257,22.000000
BOSTON,2023,256,22.000000
BOSTON,2023,255,22.000000
BOSTON,2023,254,22.000000
BOSTON,2023,253,
BOSTON,2023,252,
BOSTON,2023,251,22.000000
BOSTON,2023,250,22.000000
BOSTON,2023,249,22.000000
BOSTON,2023,248,22.000000
BOSTON,2023,247,
BOSTON,2023,246,
BOSTON,2023,245,
BOSTON,2023,244,22.000000
BOSTON,2023,243,22.000000
BOSTON,2023,242,22.000000
BOSTON,2023,241,22.000000
BOSTON,2023,240,22.000000
BOSTON,2023,239,
BOSTON,2023,238,
BOSTON,2023,237,22.000000
BOSTON,2023,236,22.000000
BOSTON,2023,235,22.000000
BOSTON,2023,234,22.000000
BOSTON,2023,233,22.000000
BOSTON,2023,232,
BOSTON,2023,231,
BOSTON,2023,230,22.000000
BOSTON,2023,229,22.000000
BOSTON,2023,228,22.000000
BOSTON,2023,227,22.000000
BOSTON,2023,226,22.000000
BOSTON,2023,225,
BOSTON,2023,224,
BOSTON,2023,223,22.000000
BOSTON,2023,222,22.000000
BOSTON,2023,221,22.000000
BOSTON,2023,220,22.000000
BOSTON,2023,219,22.000000
BOSTON,2023,218,
BOSTON,2023,217,
BOSTON,2023,216,22.000000
BOSTON,2023,215,22.000000
BOSTON,2023,214,22.000000
BOSTON,2023,213,22.000000
BOSTON,2023,212,22.000000
BOSTON,2023,211,
BOSTON,2023,210,
BOSTON,2023,209,22.000000
BOSTON,2023,208,22.000000
BOSTON,2023,207,22.000000
BOSTON,2023,206,22.000000
BOSTON,2023,205,22.000000
BOSTON,2023,204,
BOSTON,2023,203,
BOSTON,2023,202,22.000000
BOSTON,2023,201,22.000000
BOSTON,2023,200,22.000000
BOSTON,2023,199,22.000000
BOSTON,2023,198,22.000000
BOSTON,2023,197,
BOSTON,2023,196,
BOSTON,2023,195,22.000000
BOSTON,2023,194,22.000000
BOSTON,2023,193,22.000000
BOSTON,2023,192,22.000000
BOSTON,2023,191,22.000000
BOSTON,2023,190,
BOSTON,2023,189,
BOSTON,2023,188,22.000000
BOSTON,2023,187,22.000000
BOSTON,2023,186,22.000000
BOSTON,2023,185,
BOSTON,2023,184,22.000000
BOSTON,2023,183,
BOSTON,2023,182,
BOSTON,2023,181,22.000000
BOSTON,2023,180,22.000000
BOSTON,2023,179,22.000000
BOSTON,2023,178,22.000000
BOSTON,2023,177,22.000000
BOSTON,2023,176,
BOSTON,2023,175,
BOSTON,2023,174,22.000000
BOSTON,2023,173,22.000000
BOSTON,2023,172,22.000000
BOSTON,2023,171,22.000000
BOSTON,2023,170,
BOSTON,2023,169,
BOSTON,2023,168,
BOSTON,2023,167,22.000000
BOSTON,2023,166,22.000000
BOSTON,2023,165,22.000000
BOSTON,2023,164,22.000000
BOSTON,2023,163,22.000000
BOSTON,2023,162,
BOSTON,2023,161,
BOSTON,2023,160,22.000000
BOSTON,2023,159,22.000000
BOSTON,2023,158,22.000000
BOSTON,2023,157,22.000000
BOSTON,2023,156,22.000000
BOSTON,2023,155,
BOSTON,2023,154,
BOSTON,2023,153,22.000000
BOSTON,2023,152,22.000000
BOSTON,2023,151,22.000000
BOSTON,2023,150,22.000000
BOSTON,2023,149,
BOSTON,2023,148,
BOSTON,2023,147,
BOSTON,2023,146,22.000000
BOSTON,2023,145,22.000000
BOSTON,2023,144,22.000000
BOSTON,2023,143,22.000000
BOSTON,2023,142,22.000000
BOSTON,2023,141,
BOSTON,2023,140,
BOSTON,2023,139,22.000000
BOSTON,2023,138,22.000000
BOSTON,2023,137,22.000000
BOSTON,2023,136,22.000000
BOSTON,2023,135,22.000000
BOSTON,2023,134,
BOSTON,2023,133,
BOSTON,2023,132,22.000000
BOSTON,2023,131,22.000000
BOSTON,2023,130,22.000000
BOSTON,2023,129,22.000000
BOSTON,2023,128,22.000000
BOSTON,2023,127,
BOSTON,2023,126,
BOSTON,2023,125,22.000000
BOSTON,2023,124,22.000000
BOSTON,2023,123,23.000000
BOSTON,2023,122,23.000000
BOSTON,2023,121,23.000000
BOSTON,2023,120,
BOSTON,2023,119,
BOSTON,2023,118,23.000000
BOSTON,2023,117,23.000000
BOSTON,2023,116,23.000000
BOSTON,2023,115,23.000000
BOSTON,2023,114,23.000000
BOSTON,2023,113,
BOSTON,2023,112,
BOSTON,2023,111,23.000000
BOSTON,2023,110,23.000000
BOSTON,2023,109,23.000000
BOSTON,2023,108,23.000000
BOSTON,2023,107,23.000000
BOSTON,2023,106,
BOSTON,2023,105,
BOSTON,2023,104,23.000000
BOSTON,2023,103,23.000000
BOSTON,2023,102,23.000000
BOSTON,2023,101,23.000000
BOSTON,2023,100,23.000000
BOSTON,2023,99,
BOSTON,2023,98,
BOSTON,2023,97,23.000000
BOSTON,2023,96,23.000000
BOSTON,2023,95,23.000000
BOSTON,2023,94,23.000000
BOSTON,2023,93,23.000000
BOSTON,2023,92,
BOSTON,2023,91,
BOSTON,2023,90,23.000000
BOSTON,2023,89,23.000000
BOSTON,2023,88,23.000000
BOSTON,2023,87,23.000000
BOSTON,2023,86,23.000000
BOSTON,2023,85,
BOSTON,2023,84,
BOSTON,2023,83,22.500000
BOSTON,2023,82,22.500000
BOSTON,2023,81,22.500000
BOSTON,2023,80,22.500000
BOSTON,2023,79,22.500000
BOSTON,2023,78,
BOSTON,2023,77,
BOSTON,2023,76,23.000000
BOSTON,2023,75,23.000000
BOSTON,2023,74,23.000000
BOSTON,2023,73,23.000000
BOSTON,2023,72,23.000000
BOSTON,2023,71,
BOSTON,2023,70,
BOSTON,2023,69,22.500000
BOSTON,2023,68,22.500000
BOSTON,2023,67,22.500000
BOSTON,2023,66,23.500000
BOSTON,2023,65,23.000000
BOSTON,2023,64,
BOSTON,2023,63,
BOSTON,2023,62,23.000000
BOSTON,2023,61,22.500000
BOSTON,2023,60,22.500000
BOSTON,2023,59,22.500000
BOSTON,2023,58,22.500000
BOSTON,2023,57,
BOSTON,2023,56,
BOSTON,2023,55,22.500000
BOSTON,2023,54,22.500000
BOSTON,2023,53,22.500000
BOSTON,2023,52,22.500000
BOSTON,2023,51,
BOSTON,2023,50,
BOSTON,2023,49,
BOSTON,2023,48,22.500000
BOSTON,2023,47,22.500000
BOSTON,2023,46,22.500000
BOSTON,2023,45,22.500000
BOSTON,2023,44,22.500000
BOSTON,2023,43,
BOSTON,2023,42,
BOSTON,2023,41,22.500000
BOSTON,2023,40,22.500000
BOSTON,2023,39,22.500000
BOSTON,2023,38,22.500000
BOSTON,2023,37,22.500000
BOSTON,2023,36,
BOSTON,2023,35,
BOSTON,2023,34,22.500000
BOSTON,2023,33,22.500000
BOSTON,2023,32,22.500000
BOSTON,2023,31,22.500000
BOSTON,2023,30,22.500000
BOSTON,2023,29,
BOSTON,2023,28,
BOSTON,2023,27,22.500000
BOSTON,2023,26,22.500000
BOSTON,2023,25,22.500000
BOSTON,2023,24,22.500000
BOSTON,2023,23,22.500000
BOSTON,2023,22,
BOSTON,2023,21,
BOSTON,2023,20,22.500000
BOSTON,2023,19,22.500000
BOSTON,2023,18,22.250000
BOSTON,2023,17,22.250000
BOSTON,2023,16,
BOSTON,2023,15,
BOSTON,2023,14,
BOSTON,2023,13,22.250000
BOSTON,2023,12,22.250000
BOSTON,2023,11,22.250000
BOSTON,2023,10,22.250000
BOSTON,2023,9,22.250000
BOSTON,2023,8,
BOSTON,2023,7,
BOSTON,2023,6,22.250000
BOSTON,2023,5,22.250000
BOSTON,2023,4,22.250000
BOSTON,2023,3,22.250000
BOSTON,2023,2,
CHICAGO,2023,366,
CHICAGO,2023,365,
CHICAGO,2023,364,
CHICAGO,2023,363,28.125000
CHICAGO,2023,362,28.125000
CHICAGO,2023,361,28.125000
CHICAGO,2023,360,28.125000
CHICAGO,2023,359,
CHICAGO,2023,358,
CHICAGO,2023,357,
CHICAGO,2023,356,28.125000
CHICAGO,2023,355,28.125000
CHICAGO,2023,354,28.125000
CHICAGO,2023,353,28.125000
CHICAGO,2023,352,28.125000
CHICAGO,2023,351,
CHICAGO,2023,350,
CHICAGO,2023,349,28.125000
CHICAGO,2023,348,28.125000
CHICAGO,2023,347,28.125000
CHICAGO,2023,346,28.125000
CHICAGO,2023,345,28.125000
CHICAGO,2023,344,
CHICAGO,2023,343,
CHICAGO,2023,342,28.125000
CHICAGO,2023,341,28.125000
CHICAGO,2023,340,28.125000
CHICAGO,2023,339,28.125000
CHICAGO,2023,338,28.125000
CHICAGO,2023,337,
CHICAGO,2023,336,
CHICAGO,2023,335,28.125000
CHICAGO,2023,334,28.125000
CHICAGO,2023,333,28.125000
CHICAGO,2023,332,28.125000
CHICAGO,2023,331,28.125000
CHICAGO,2023,330,
CHICAGO,2023,329,
CHICAGO,2023,328,28.125000
CHICAGO,2023,327,
CHICAGO,2023,326,28.125000
CHICAGO,2023,325,28.125000
CHICAGO,2023,324,28.125000
CHICAGO,2023,323,
CHICAGO,2023,322,
CHICAGO,2023,321,28.125000
CHICAGO,2023,320,28.125000
CHICAGO,2023,319,28.125000
CHICAGO,2023,318,28.125000
CHICAGO,2023,317,28.125000
CHICAGO,2023,316,
CHICAGO,2023,315,
CHICAGO,2023,314,
CHICAGO,2023,313,28.125000
CHICAGO,2023,312,28.125000
CHICAGO,2023,311,28.125000
CHICAGO,2023,310,28.125000
CHICAGO,2023,309,
CHICAGO,2023,308,
CHICAGO,2023,307,28.125000
CHICAGO,2023,306,28.125000
CHICAGO,2023,305,28.125000
CHICAGO,2023,304,28.125000
CHICAGO,2023,303,25.000000
CHICAGO,2023,302,
CHICAGO,2023,301,
CHICAGO,2023,300,25.000000
CHICAGO,2023,299,25.000000
CHICAGO,2023,298,25.000000
CHICAGO,2023,297,25.000000
CHICAGO,2023,296,25.000000
CHICAGO,2023,295,
CHICAGO,2023,294,
CHICAGO,2023,293,25.000000
CHICAGO,2023,292,22.000000
CHICAGO,2023,291,22.000000
CHICAGO,2023,290,22.000000
CHICAGO,2023,289,22.000000
CHICAGO,2023,288,
CHICAGO,2023,287,
CHICAGO,2023,286,22.000000
CHICAGO,2023,285,22.000000
CHICAGO,2023,284,22.000000
CHICAGO,2023,283,22.000000
CHICAGO,2023,282,
CHICAGO,2023,281,
CHICAGO,2023,280,
CHICAGO,2023,279,22.000000
CHICAGO,2023,278,22.000000
CHICAGO,2023,277,22.000000
CHICAGO,2023,276,22.000000
CHICAGO,2023,275,25.750000
CHICAGO,2023,274,
CHICAGO,2023,273,
CHICAGO,2023,272,25.750000
CHICAGO,2023,271,25.500000
CHICAGO,2023,270,25.500000
CHICAGO,2023,269,25.500000
CHICAGO,2023,268,25.500000
CHICAGO,2023,267,
CHICAGO,2023,266,
CHICAGO,2023,265,25.500000
CHICAGO,2023,264,25.500000
CHICAGO,2023,263,25.500000
CHICAGO,2023,262,25.500000
CHICAGO,2023,261,25.500000
CHICAGO,2023,260,
CHICAGO,2023,259,
CHICAGO,2023,258,25.500000
CHICAGO,2023,257,33.000000
CHICAGO,2023,256,33.000000
CHICAGO,2023,255,33.000000
CHICAGO,2023,254,33.000000
CHICAGO,2023,253,
CHICAGO,2023,252,
CHICAGO,2023,251,33.000000
CHICAGO,2023,250,33.000000
CHICAGO,2023,249,33.000000
CHICAGO,2023,248,33.000000
CHICAGO,2023,247,
CHICAGO,2023,246,
CHICAGO,2023,245,
CHICAGO,2023,244,33.000000
CHICAGO,2023,243,33.000000
CHICAGO,2023,242,33.000000
CHICAGO,2023,241,33.000000
CHICAGO,2023,240,33.000000
CHICAGO,2023,239,
CHICAGO,2023,238,
CHICAGO,2023,237,33.000000
CHICAGO,2023,236,33.000000
CHICAGO,2023,235,33.000000
CHICAGO,2023,234,33.000000
CHICAGO,2023,233,33.000000
CHICAGO,2023,232,
CHICAGO,2023,231,
CHICAGO,2023,230,33.000000
CHICAGO,2023,229,33.000000
CHICAGO,2023,228,33.000000
CHICAGO,2023,227,33.000000
CHICAGO,2023,226,33.000000
CHICAGO,2023,225,
CHICAGO,2023,224,
CHICAGO,2023,223,33.000000
CHICAGO,2023,222,33.000000
CHICAGO,2023,221,33.000000
CHICAGO,2023,220,33.000000
CHICAGO,2023,219,33.000000
CHICAGO,2023,218,
CHICAGO,2023,217,
CHICAGO,2023,216,33.000000
CHICAGO,2023,215,33.000000
CHICAGO,2023,214,33.000000
CHICAGO,2023,213,33.000000
CHICAGO,2023,212,33.000000
CHICAGO,2023,211,
CHICAGO,2023,210,
CHICAGO,2023,209,33.000000
CHICAGO,2023,208,33.000000
CHICAGO,2023,207,33.000000
CHICAGO,2023,206,33.000000
CHICAGO,2023,205,28.500000
CHICAGO,2023,204,
CHICAGO,2023,203,
CHICAGO,2023,202,28.500000
CHICAGO,2023,201,28.500000
CHICAGO,2023,200,28.500000
CHICAGO,2023,199,28.500000
CHICAGO,2023,198,28.500000
CHICAGO,2023,197,
CHICAGO,2023,196,
CHICAGO,2023,195,28.500000
CHICAGO,2023,194,25.500000
CHICAGO,2023,193,25.500000
CHICAGO,2023,192,25.500000
CHICAGO,2023,191,25.500000
CHICAGO,2023,190,
CHICAGO,2023,189,
CHICAGO,2023,188,25.500000
CHICAGO,2023,187,25.500000
CHICAGO,2023,186,25.500000
CHICAGO,2023,185,
CHICAGO,2023,184,25.500000
CHICAGO,2023,183,
CHICAGO,2023,182,
CHICAGO,2023,181,25.500000
CHICAGO,2023,180,25.500000
CHICAGO,2023,179,25.500000
CHICAGO,2023,178,27.000000
CHICAGO,2023,177,28.000000
CHICAGO,2023,176,
CHICAGO,2023,175,
CHICAGO,2023,174,28.000000
CHICAGO,2023,173,28.000000
CHICAGO,2023,172,28.000000
CHICAGO,2023,171,28.000000
CHICAGO,2023,170,
CHICAGO,2023,169,
CHICAGO,2023,168,
CHICAGO,2023,167,28.000000
CHICAGO,2023,166,31.500000
CHICAGO,2023,165,31.500000
CHICAGO,2023,164,31.500000
CHICAGO,2023,163,31.500000
CHICAGO,2023,162,
CHICAGO,2023,161,
CHICAGO,2023,160,31.500000
CHICAGO,2023,159,31.500000
CHICAGO,2023,158,31.500000
CHICAGO,2023,157,31.500000
CHICAGO,2023,156,31.500000
CHICAGO,2023,155,
CHICAGO,2023,154,
CHICAGO,2023,153,31.500000
CHICAGO,2023,152,31.500000
CHICAGO,2023,151,31.500000
CHICAGO,2023,150,31.500000
CHICAGO,2023,149,
CHICAGO,2023,148,
CHICAGO,2023,147,
CHICAGO,2023,146,31.500000
CHICAGO,2023,145,31.500000
CHICAGO,2023,144,31.500000
CHICAGO,2023,143,31.500000
CHICAGO,2023,142,31.500000
CHICAGO,2023,141,
CHICAGO,2023,140,
CHICAGO,2023,139,31.500000
CHICAGO,2023,138,31.500000
CHICAGO,2023,137,31.500000
CHICAGO,2023,136,31.500000
CHICAGO,2023,135,31.500000
CHICAGO,2023,134,
CHICAGO,2023,133,
CHICAGO,2023,132,31.500000
CHICAGO,2023,131,31.500000
CHICAGO,2023,130,31.500000
CHICAGO,2023,129,31.500000
CHICAGO,2023,128,31.500000
CHICAGO,2023,127,
CHICAGO,2023,126,
CHICAGO,2023,125,31.500000
CHICAGO,2023,124,31.500000
CHICAGO,2023,123,31.500000
CHICAGO,2023,122,31.500000
CHICAGO,2023,121,31.500000
CHICAGO,2023,120,
CHICAGO,2023,119,
CHICAGO,2023,118,31.500000
CHICAGO,2023,117,31.500000
CHICAGO,2023,116,31.500000
CHICAGO,2023,115,31.500000
CHICAGO,2023,114,31.500000
CHICAGO,2023,113,
CHICAGO,2023,112,
CHICAGO,2023,111,31.500000
CHICAGO,2023,110,31.500000
CHICAGO,2023,109,31.500000
CHICAGO,2023,108,31.500000
CHICAGO,2023,107,31.500000
CHICAGO,2023,106,
CHICAGO,2023,105,
CHICAGO,2023,104,31.500000
CHICAGO,2023,103,31.500000
CHICAGO,2023,102,31.500000
CHICAGO,2023,101,31.500000
CHICAGO,2023,100,31.500000
CHICAGO,2023,99,
CHICAGO,2023,98,
CHICAGO,2023,97,31.500000
CHICAGO,2023,96,31.500000
CHICAGO,2023,95,31.500000
CHICAGO,2023,94,31.500000
CHICAGO,2023,93,31.500000
CHICAGO,2023,92,
CHICAGO,2023,91,
CHICAGO,2023,90,31.500000
CHICAGO,2023,89,31.500000
CHICAGO,2023,88,31.500000
CHICAGO,2023,87,31.500000
CHICAGO,2023,86,31.500000
CHICAGO,2023,85,
CHICAGO,2023,84,
CHICAGO,2023,83,31.500000
CHICAGO,2023,82,31.500000
CHICAGO,2023,81,31.500000
CHICAGO,2023,80,30.000000
CHICAGO,2023,79,30.000000
CHICAGO,2023,78,
CHICAGO,2023,77,
CHICAGO,2023,76,30.000000
CHICAGO,2023,75,30.000000
CHICAGO,2023,74,30.000000
CHICAGO,2023,73,30.000000
CHICAGO,2023,72,30.000000
CHICAGO,2023,71,
CHICAGO,2023,70,
CHICAGO,2023,69,30.000000
CHICAGO,2023,68,30.000000
CHICAGO,2023,67,30.000000
CHICAGO,2023,66,30.000000
CHICAGO,2023,65,30.000000
CHICAGO,2023,64,
CHICAGO,2023,63,
CHICAGO,2023,62,30.000000
CHICAGO,2023,61,31.000000
CHICAGO,2023,60,31.000000
CHICAGO,2023,59,31.000000
CHICAGO,2023,58,31.000000
CHICAGO,2023,57,
CHICAGO,2023,56,
CHICAGO,2023,55,31.000000
CHICAGO,2023,54,31.000000
CHICAGO,2023,53,31.000000
CHICAGO,2023,52,31.000000
CHICAGO,2023,51,
CHICAGO,2023,50,
CHICAGO,2023,49,
CHICAGO,2023,48,31.000000
CHICAGO,2023,47,31.000000
CHICAGO,2023,46,31.000000
CHICAGO,2023,45,31.000000
CHICAGO,2023,44,31.000000
CHICAGO,2023,43,
CHICAGO,2023,42,
CHICAGO,2023,41,31.000000
CHICAGO,2023,40,31.000000
CHICAGO,2023,39,31.000000
CHICAGO,2023,38,31.000000
CHICAGO,2023,37,31.000000
CHICAGO,2023,36,
CHICAGO,2023,35,
CHICAGO,2023,34,31.000000
CHICAGO,2023,33,29.666666
CHICAGO,2023,32,29.666666
CHICAGO,2023,31,29.666666
CHICAGO,2023,30,29.666666
CHICAGO,2023,29,
CHICAGO,2023,28,
CHICAGO,2023,27,29.666666
CHICAGO,2023,26,29.666666
CHICAGO,2023,25,29.666666
CHICAGO,2023,24,29.666666
CHICAGO,2023,23,29.666666
CHICAGO,2023,22,
CHICAGO,2023,21,
CHICAGO,2023,20,29.666666
CHICAGO,2023,19,29.666666
CHICAGO,2023,18,29.666666
CHICAGO,2023,17,29.666666
CHICAGO,2023,16,
CHICAGO,2023,15,
CHICAGO,2023,14,
CHICAGO,2023,13,29.666666
CHICAGO,2023,12,29.666666
CHICAGO,2023,11,29.666666
CHICAGO,2023,10,29.666666
CHICAGO,2023,9,29.666666
CHICAGO,2023,8,
CHICAGO,2023,7,
CHICAGO,2023,6,29.666666
CHICAGO,2023,5,29.666666
CHICAGO,2023,4,29.666666
CHICAGO,2023,3,29.666666
CHICAGO,2023,2,
COLUMBIA,2023,366,
COLUMBIA,2023,365,
COLUMBIA,2023,364,
COLUMBIA,2023,363,
COLUMBIA,2023,362,
COLUMBIA,2023,361,
COLUMBIA,2023,360,
COLUMBIA,2023,359,
COLUMBIA,2023,358,
COLUMBIA,2023,357,
COLUMBIA,2023,356,
COLUMBIA,2023,355,
COLUMBIA,2023,354,
COLUMBIA,2023,353,
COLUMBIA,2023,352,
COLUMBIA,2023,351,
COLUMBIA,2023,350,
COLUMBIA,2023,349,
COLUMBIA,2023,348,
COLUMBIA,2023,347,
COLUMBIA,2023,346,
COLUMBIA,2023,345,
COLUMBIA,2023,344,
COLUMBIA,2023,343,
COLUMBIA,2023,342,
COLUMBIA,2023,341,
COLUMBIA,2023,340,
COLUMBIA,2023,339,
COLUMBIA,2023,338,
COLUMBIA,2023,337,
COLUMBIA,2023,336,
COLUMBIA,2023,335,
COLUMBIA,2023,334,
COLUMBIA,2023,333,
COLUMBIA,2023,332,
COLUMBIA,2023,331,
COLUMBIA,2023,330,
COLUMBIA,2023,329,
COLUMBIA,2023,328,
COLUMBIA,2023,327,
COLUMBIA,2023,326,
COLUMBIA,2023,325,
COLUMBIA,2023,324,
COLUMBIA,2023,323,
COLUMBIA,2023,322,
COLUMBIA,2023,321,
COLUMBIA,2023,320,
COLUMBIA,2023,319,
COLUMBIA,2023,318,
COLUMBIA,2023,317,
COLUMBIA,2023,316,
COLUMBIA,2023,315,
COLUMBIA,2023,314,
COLUMBIA,2023,313,
COLUMBIA,2023,312,
COLUMBIA,2023,311,
COLUMBIA,2023,310,
COLUMBIA,2023,309,
COLUMBIA,2023,308,
COLUMBIA,2023,307,
COLUMBIA,2023,306,
COLUMBIA,2023,305,
COLUMBIA,2023,304,
COLUMBIA,2023,303,
COLUMBIA,2023,302,
COLUMBIA,2023,301,
COLUMBIA,2023,300,
COLUMBIA,2023,299,
COLUMBIA,2023,298,
COLUMBIA,2023,297,
COLUMBIA,2023,296,
COLUMBIA,2023,295,
COLUMBIA,2023,294,
COLUMBIA,2023,293,
COLUMBIA,2023,292,
COLUMBIA,2023,291,
COLUMBIA,2023,290,
COLUMBIA,2023,289,
COLUMBIA,2023,288,
COLUMBIA,2023,287,
COLUMBIA,2023,286,
COLUMBIA,2023,285,
COLUMBIA,2023,284,
COLUMBIA,2023,283,
COLUMBIA,2023,282,
COLUMBIA,2023,281,
COLUMBIA,2023,280,
COLUMBIA,2023,279,
COLUMBIA,2023,278,
COLUMBIA,2023,277,
COLUMBIA,2023,276,
COLUMBIA,2023,275,
COLUMBIA,2023,274,
COLUMBIA,2023,273,
COLUMBIA,2023,272,
COLUMBIA,2023,271,
COLUMBIA,2023,270,
COLUMBIA,2023,269,
COLUMBIA,2023,268,
COLUMBIA,2023,267,
COLUMBIA,2023,266,
COLUMBIA,2023,265,
COLUMBIA,2023,264,
COLUMBIA,2023,263,
COLUMBIA,2023,262,
COLUMBIA,2023,261,
COLUMBIA,2023,260,
COLUMBIA,2023,259,
COLUMBIA,2023,258,
COLUMBIA,2023,257,
COLUMBIA,2023,256,
COLUMBIA,2023,255,
COLUMBIA,2023,254,
COLUMBIA,2023,253,
COLUMBIA,2023,252,
COLUMBIA,2023,251,
COLUMBIA,2023,250,
COLUMBIA,2023,249,
COLUMBIA,2023,248,
COLUMBIA,2023,247,
COLUMBIA,2023,246,
COLUMBIA,2023,245,
COLUMBIA,2023,244,
COLUMBIA,2023,243,
COLUMBIA,2023,242,
COLUMBIA,2023,241,
COLUMBIA,2023,240,
COLUMBIA,2023,239,
COLUMBIA,2023,238,
COLUMBIA,2023,237,
COLUMBIA,2023,236,
COLUMBIA,2023,235,
COLUMBIA,2023,234,
COLUMBIA,2023,233,
COLUMBIA,2023,232,
COLUMBIA,2023,231,
COLUMBIA,2023,230,
COLUMBIA,2023,229,
COLUMBIA,2023,228,
COLUMBIA,2023,227,
COLUMBIA,2023,226,
COLUMBIA,2023,225,
COLUMBIA,2023,224,
COLUMBIA,2023,223,
COLUMBIA,2023,222,
COLUMBIA,2023,221,
COLUMBIA,2023,220,
COLUMBIA,2023,219,
COLUMBIA,2023,218,
COLUMBIA,2023,217,
COLUMBIA,2023,216,
COLUMBIA,2023,215,
COLUMBIA,2023,214,
COLUMBIA,2023,213,
COLUMBIA,2023,212,
COLUMBIA,2023,211,
COLUMBIA,2023,210,
COLUMBIA,2023,209,
COLUMBIA,2023,208,
COLUMBIA,2023,207,
COLUMBIA,2023,206,
COLUMBIA,2023,205,
COLUMBIA,2023,204,
COLUMBIA,2023,203,
COLUMBIA,2023,202,30.000000
COLUMBIA,2023,201,30.000000
COLUMBIA,2023,200,30.000000
COLUMBIA,2023,199,30.000000
COLUMBIA,2023,198,30.000000
COLUMBIA,2023,197,
COLUMBIA,2023,196,
COLUMBIA,2023,195,30.000000
COLUMBIA,2023,194,30.000000
COLUMBIA,2023,193,30.000000
COLUMBIA,2023,192,30.000000
COLUMBIA,2023,191,30.000000
COLUMBIA,2023,190,
COLUMBIA,2023,189,
COLUMBIA,2023,188,30.000000
COLUMBIA,2023,187,30.000000
COLUMBIA,2023,186,30.000000
COLUMBIA,2023,185,
COLUMBIA,2023,184,30.000000
COLUMBIA,2023,183,
COLUMBIA,2023,182,
COLUMBIA,2023,181,30.000000
COLUMBIA,2023,180,30.000000
COLUMBIA,2023,179,30.000000
COLUMBIA,2023,178,
COLUMBIA,2023,177,
COLUMBIA,2023,176,
COLUMBIA,2023,175,
COLUMBIA,2023,174,
COLUMBIA,2023,173,
COLUMBIA,2023,172,
COLUMBIA,2023,171,
COLUMBIA,2023,170,
COLUMBIA,2023,169,
COLUMBIA,2023,168,
COLUMBIA,2023,167,
COLUMBIA,2023,166,
COLUMBIA,2023,165,
COLUMBIA,2023,164,
COLUMBIA,2023,163,
COLUMBIA,2023,162,
COLUMBIA,2023,161,
COLUMBIA,2023,160,
COLUMBIA,2023,159,
COLUMBIA,2023,158,
COLUMBIA,2023,157,
COLUMBIA,2023,156,
COLUMBIA,2023,155,
COLUMBIA,2023,154,
COLUMBIA,2023,153,
COLUMBIA,2023,152,
COLUMBIA,2023,151,
COLUMBIA,2023,150,
COLUMBIA,2023,149,
COLUMBIA,2023,148,
COLUMBIA,2023,147,
COLUMBIA,2023,146,
COLUMBIA,2023,145,
COLUMBIA,2023,144,
COLUMBIA,2023,143,
COLUMBIA,2023,142,
COLUMBIA,2023,141,
COLUMBIA,2023,140,
COLUMBIA,2023,139,
COLUMBIA,2023,138,
COLUMBIA,2023,137,
COLUMBIA,2023,136,
COLUMBIA,2023,135,
COLUMBIA,2023,134,
COLUMBIA,2023,133,
COLUMBIA,2023,132,
COLUMBIA,2023,131,
COLUMBIA,2023,130,
COLUMBIA,2023,129,
COLUMBIA,2023,128,
COLUMBIA,2023,127,
COLUMBIA,2023,126,
COLUMBIA,2023,125,
COLUMBIA,2023,124,
COLUMBIA,2023,123,
COLUMBIA,2023,122,
COLUMBIA,2023,121,
COLUMBIA,2023,120,
COLUMBIA,2023,119,
COLUMBIA,2023,118,
COLUMBIA,2023,117,
COLUMBIA,2023,116,
COLUMBIA,2023,115,
COLUMBIA,2023,114,
COLUMBIA,2023,113,
COLUMBIA,2023,112,
COLUMBIA,2023,111,
COLUMBIA,2023,110,
COLUMBIA,2023,109,
COLUMBIA,2023,108,
COLUMBIA,2023,107,
COLUMBIA,2023,106,
COLUMBIA,2023,105,
COLUMBIA,2023,104,
COLUMBIA,2023,103,
COLUMBIA,2023,102,
COLUMBIA,2023,101,
COLUMBIA,2023,100,
COLUMBIA,2023,99,
COLUMBIA,2023,98,
COLUMBIA,2023,97,
COLUMBIA,2023,96,
COLUMBIA,2023,95,
COLUMBIA,2023,94,
COLUMBIA,2023,93,
COLUMBIA,2023,92,
COLUMBIA,2023,91,
COLUMBIA,2023,90,
COLUMBIA,2023,89,
COLUMBIA,2023,88,
COLUMBIA,2023,87,
COLUMBIA,2023,86,
COLUMBIA,2023,85,
COLUMBIA,2023,84,
COLUMBIA,2023,83,
COLUMBIA,2023,82,
COLUMBIA,2023,81,
COLUMBIA,2023,80,
COLUMBIA,2023,79,
COLUMBIA,2023,78,
COLUMBIA,2023,77,
COLUMBIA,2023,76,
COLUMBIA,2023,75,
COLUMBIA,2023,74,
COLUMBIA,2023,73,
COLUMBIA,2023,72,
COLUMBIA,2023,71,
COLUMBIA,2023,70,
COLUMBIA,2023,69,
COLUMBIA,2023,68,
COLUMBIA,2023,67,
COLUMBIA,2023,66,
COLUMBIA,2023,65,
COLUMBIA,2023,64,
COLUMBIA,2023,63,
COLUMBIA,2023,62,
COLUMBIA,2023,61,
COLUMBIA,2023,60,
COLUMBIA,2023,59,
COLUMBIA,2023,58,
COLUMBIA,2023,57,
COLUMBIA,2023,56,
COLUMBIA,2023,55,
COLUMBIA,2023,54,
COLUMBIA,2023,53,
COLUMBIA,2023,52,
COLUMBIA,2023,51,
COLUMBIA,2023,50,
COLUMBIA,2023,49,
COLUMBIA,2023,48,
COLUMBIA,2023,47,
COLUMBIA,2023,46,
COLUMBIA,2023,45,
COLUMBIA,2023,44,
COLUMBIA,2023,43,
COLUMBIA,2023,42,
COLUMBIA,2023,41,
COLUMBIA,2023,40,
COLUMBIA,2023,39,
COLUMBIA,2023,38,
COLUMBIA,2023,37,
COLUMBIA,2023,36,
COLUMBIA,2023,35,
COLUMBIA,2023,34,
COLUMBIA,2023,33,
COLUMBIA,2023,32,
COLUMBIA,2023,31,
COLUMBIA,2023,30,
COLUMBIA,2023,29,
COLUMBIA,2023,28,
COLUMBIA,2023,27,
COLUMBIA,2023,26,
COLUMBIA,2023,25,
COLUMBIA,2023,24,
COLUMBIA,2023,23,
COLUMBIA,2023,22,
COLUMBIA,2023,21,
COLUMBIA,2023,20,
COLUMBIA,2023,19,
COLUMBIA,2023,18,
COLUMBIA,2023,17,
COLUMBIA,2023,16,
COLUMBIA,2023,15,
COLUMBIA,2023,14,
COLUMBIA,2023,13,
COLUMBIA,2023,12,
COLUMBIA,2023,11,
COLUMBIA,2023,10,
COLUMBIA,2023,9,
COLUMBIA,2023,8,
COLUMBIA,2023,7,
COLUMBIA,2023,6,
COLUMBIA,2023,5,
COLUMBIA,2023,4,
COLUMBIA,2023,3,
COLUMBIA,2023,2,
LOS ANGELES,2023,366,
LOS ANGELES,2023,365,
LOS ANGELES,2023,364,
LOS ANGELES,2023,363,23.500000
LOS ANGELES,2023,362,23.500000
LOS ANGELES,2023,361,23.500000
LOS ANGELES,2023,360,23.500000
LOS ANGELES,2023,359,
LOS ANGELES,2023,358,
LOS ANGELES,2023,357,
LOS ANGELES,2023,356,24.500000
LOS ANGELES,2023,355,24.000000
LOS ANGELES,2023,354,24.000000
LOS ANGELES,2023,353,24.000000
LOS ANGELES,2023,352,24.000000
LOS ANGELES,2023,351,
LOS ANGELES,2023,350,
LOS ANGELES,2023,349,27.250000
LOS ANGELES,2023,348,27.250000
LOS ANGELES,2023,347,27.250000
LOS ANGELES,2023,346,27.250000
LOS ANGELES,2023,345,27.250000
LOS ANGELES,2023,344,
LOS ANGELES,2023,343,
LOS ANGELES,2023,342,27.250000
LOS ANGELES,2023,341,27.250000
LOS ANGELES,2023,340,27.250000
LOS ANGELES,2023,339,27.250000
LOS ANGELES,2023,338,25.500000
LOS ANGELES,2023,337,
LOS ANGELES,2023,336,
LOS ANGELES,2023,335,27.000000
LOS ANGELES,2023,334,27.000000
LOS ANGELES,2023,333,27.000000
LOS ANGELES,2023,332,27.000000
LOS ANGELES,2023,331,27.000000
LOS ANGELES,2023,330,
LOS ANGELES,2023,329,
LOS ANGELES,2023,328,27.000000
LOS ANGELES,2023,327,
LOS ANGELES,2023,326,27.000000
LOS ANGELES,2023,325,27.000000
LOS ANGELES,2023,324,27.000000
LOS ANGELES,2023,323,
LOS ANGELES,2023,322,
LOS ANGELES,2023,321,24.666666
LOS ANGELES,2023,320,24.000000
LOS ANGELES,2023,319,24.000000
LOS ANGELES,2023,318,20.000000
LOS ANGELES,2023,317,20.000000
LOS ANGELES,2023,316,
LOS ANGELES,2023,315,
LOS ANGELES,2023,314,
LOS ANGELES,2023,313,20.000000
LOS ANGELES,2023,312,20.000000
LOS ANGELES,2023,311,20.000000
LOS ANGELES,2023,310,20.000000
LOS ANGELES,2023,309,
LOS ANGELES,2023,308,
LOS ANGELES,2023,307,20.000000
LOS ANGELES,2023,306,20.000000
LOS ANGELES,2023,305,20.000000
LOS ANGELES,2023,304,20.000000
LOS ANGELES,2023,303,19.500000
LOS ANGELES,2023,302,
LOS ANGELES,2023,301,
LOS ANGELES,2023,300,19.500000
LOS ANGELES,2023,299,19.500000
LOS ANGELES,2023,298,19.500000
LOS ANGELES,2023,297,19.500000
LOS ANGELES,2023,296,16.166666
LOS ANGELES,2023,295,
LOS ANGELES,2023,294,
LOS ANGELES,2023,293,16.166666
LOS ANGELES,2023,292,16.166666
LOS ANGELES,2023,291,16.166666
LOS ANGELES,2023,290,16.166666
LOS ANGELES,2023,289,16.166666
LOS ANGELES,2023,288,
LOS ANGELES,2023,287,
LOS ANGELES,2023,286,15.833333
LOS ANGELES,2023,285,15.833333
LOS ANGELES,2023,284,15.833333
LOS ANGELES,2023,283,15.833333
LOS ANGELES,2023,282,
LOS ANGELES,2023,281,
LOS ANGELES,2023,280,
LOS ANGELES,2023,279,15.833333
LOS ANGELES,2023,278,15.000000
LOS ANGELES,2023,277,15.000000
LOS ANGELES,2023,276,15.000000
LOS ANGELES,2023,275,20.625000
LOS ANGELES,2023,274,
LOS ANGELES,2023,273,
LOS ANGELES,2023,272,24.000000
LOS ANGELES,2023,271,24.000000
LOS ANGELES,2023,270,24.000000
LOS ANGELES,2023,269,24.000000
LOS ANGELES,2023,268,24.000000
LOS ANGELES,2023,267,
LOS ANGELES,2023,266,
LOS ANGELES,2023,265,24.000000
LOS ANGELES,2023,264,24.000000
LOS ANGELES,2023,263,24.000000
LOS ANGELES,2023,262,24.000000
LOS ANGELES,2023,261,24.000000
LOS ANGELES,2023,260,
LOS ANGELES,2023,259,
LOS ANGELES,2023,258,24.000000
LOS ANGELES,2023,257,24.000000
LOS ANGELES,2023,256,24.000000
LOS ANGELES,2023,255,24.000000
LOS ANGELES,2023,254,24.000000
LOS ANGELES,2023,253,
LOS ANGELES,2023,252,
LOS ANGELES,2023,251,24.000000
LOS ANGELES,2023,250,26.500000
LOS ANGELES,2023,249,26.500000
LOS ANGELES,2023,248,26.500000
LOS ANGELES,2023,247,
LOS ANGELES,2023,246,
LOS ANGELES,2023,245,
LOS ANGELES,2023,244,26.500000
LOS ANGELES,2023,243,26.500000
LOS ANGELES,2023,242,26.500000
LOS ANGELES,2023,241,29.833333
LOS ANGELES,2023,240,26.375000
LOS ANGELES,2023,239,
LOS ANGELES,2023,238,
LOS ANGELES,2023,237,26.375000
LOS ANGELES,2023,236,26.375000
LOS ANGELES,2023,235,26.375000
LOS ANGELES,2023,234,26.375000
LOS ANGELES,2023,233,26.375000
LOS ANGELES,2023,232,
LOS ANGELES,2023,231,
LOS ANGELES,2023,230,26.375000
LOS ANGELES,2023,229,26.375000
LOS ANGELES,2023,228,26.375000
LOS ANGELES,2023,227,26.375000
LOS ANGELES,2023,226,26.375000
LOS ANGELES,2023,225,
LOS ANGELES,2023,224,
LOS ANGELES,2023,223,26.375000
LOS ANGELES,2023,222,26.375000
LOS ANGELES,2023,221,28.625000
LOS ANGELES,2023,220,28.625000
LOS ANGELES,2023,219,28.625000
LOS ANGELES,2023,218,
LOS ANGELES,2023,217,
LOS ANGELES,2023,216,29.750000
LOS ANGELES,2023,215,29.750000
LOS ANGELES,2023,214,29.750000
LOS ANGELES,2023,213,28.500000
LOS ANGELES,2023,212,28.500000
LOS ANGELES,2023,211,
LOS ANGELES,2023,210,
LOS ANGELES,2023,209,28.500000
LOS ANGELES,2023,208,28.500000
LOS ANGELES,2023,207,28.500000
LOS ANGELES,2023,206,28.500000
LOS ANGELES,2023,205,28.500000
LOS ANGELES,2023,204,
LOS ANGELES,2023,203,
LOS ANGELES,2023,202,26.500000
LOS ANGELES,2023,201,27.833333
LOS ANGELES,2023,200,27.833333
LOS ANGELES,2023,199,27.833333
LOS ANGELES,2023,198,28.166666
LOS ANGELES,2023,197,
LOS ANGELES,2023,196,
LOS ANGELES,2023,195,28.375000
LOS ANGELES,2023,194,28.375000
LOS ANGELES,2023,193,28.375000
LOS ANGELES,2023,192,28.375000
LOS ANGELES,2023,191,28.375000
LOS ANGELES,2023,190,
LOS ANGELES,2023,189,
LOS ANGELES,2023,188,28.375000
LOS ANGELES,2023,187,28.375000
LOS ANGELES,2023,186,28.375000
LOS ANGELES,2023,185,
LOS ANGELES,2023,184,28.375000
LOS ANGELES,2023,183,
LOS ANGELES,2023,182,
LOS ANGELES,2023,181,28.375000
LOS ANGELES,2023,180,28.375000
LOS ANGELES,2023,179,28.375000
LOS ANGELES,2023,178,28.375000
LOS ANGELES,2023,177,28.375000
LOS ANGELES,2023,176,
LOS ANGELES,2023,175,
LOS ANGELES,2023,174,28.375000
LOS ANGELES,2023,173,26.333333
LOS ANGELES,2023,172,26.333333
LOS ANGELES,2023,171,26.333333
LOS ANGELES,2023,170,
LOS ANGELES,2023,169,
LOS ANGELES,2023,168,
LOS ANGELES,2023,167,25.500000
LOS ANGELES,2023,166,25.500000
LOS ANGELES,2023,165,25.500000
LOS ANGELES,2023,164,25.500000
LOS ANGELES,2023,163,27.166666
LOS ANGELES,2023,162,
LOS ANGELES,2023,161,
LOS ANGELES,2023,160,25.625000
LOS ANGELES,2023,159,25.625000
LOS ANGELES,2023,158,25.625000
LOS ANGELES,2023,157,25.833333
LOS ANGELES,2023,156,25.833333
LOS ANGELES,2023,155,
LOS ANGELES,2023,154,
LOS ANGELES,2023,153,25.833333
LOS ANGELES,2023,152,25.833333
LOS ANGELES,2023,151,25.833333
LOS ANGELES,2023,150,25.833333
LOS ANGELES,2023,149,
LOS ANGELES,2023,148,
LOS ANGELES,2023,147,
LOS ANGELES,2023,146,25.833333
LOS ANGELES,2023,145,25.833333
LOS ANGELES,2023,144,25.833333
LOS ANGELES,2023,143,25.833333
LOS ANGELES,2023,142,25.833333
LOS ANGELES,2023,141,
LOS ANGELES,2023,140,
LOS ANGELES,2023,139,25.833333
LOS ANGELES,2023,138,25.833333
LOS ANGELES,2023,137,25.833333
LOS ANGELES,2023,136,25.833333
LOS ANGELES,2023,135,25.833333
LOS ANGELES,2023,134,
LOS ANGELES,2023,133,
LOS ANGELES,2023,132,25.833333
LOS ANGELES,2023,131,25.833333
LOS ANGELES,2023,130,25.833333
LOS ANGELES,2023,129,25.833333
LOS ANGELES,2023,128,24.500000
LOS ANGELES,2023,127,
LOS ANGELES,2023,126,
LOS ANGELES,2023,125,24.500000
LOS ANGELES,2023,124,24.500000
LOS ANGELES,2023,123,24.500000
LOS ANGELES,2023,122,24.500000
LOS ANGELES,2023,121,24.500000
LOS ANGELES,2023,120,
LOS ANGELES,2023,119,
LOS ANGELES,2023,118,24.500000
LOS ANGELES,2023,117,24.166666
LOS ANGELES,2023,116,24.750000
LOS ANGELES,2023,115,24.750000
LOS ANGELES,2023,114,24.750000
LOS ANGELES,2023,113,
LOS ANGELES,2023,112,
LOS ANGELES,2023,111,24.750000
LOS ANGELES,2023,110,24.750000
LOS ANGELES,2023,109,24.750000
LOS ANGELES,2023,108,24.750000
LOS ANGELES,2023,107,24.750000
LOS ANGELES,2023,106,
LOS ANGELES,2023,105,
LOS ANGELES,2023,104,24.750000
LOS ANGELES,2023,103,24.750000
LOS ANGELES,2023,102,24.750000
LOS ANGELES,2023,101,24.750000
LOS ANGELES,2023,100,26.750000
LOS ANGELES,2023,99,
LOS ANGELES,2023,98,
LOS ANGELES,2023,97,26.500000
LOS ANGELES,2023,96,26.500000
LOS ANGELES,2023,95,26.500000
LOS ANGELES,2023,94,26.500000
LOS ANGELES,2023,93,26.500000
LOS ANGELES,2023,92,
LOS ANGELES,2023,91,
LOS ANGELES,2023,90,26.500000
LOS ANGELES,2023,89,26.500000
LOS ANGELES,2023,88,26.500000
LOS ANGELES,2023,87,26.500000
LOS ANGELES,2023,86,26.500000
LOS ANGELES,2023,85,
LOS ANGELES,2023,84,
LOS ANGELES,2023,83,26.500000
LOS ANGELES,2023,82,26.500000
LOS ANGELES,2023,81,26.500000
LOS ANGELES,2023,80,26.500000
LOS ANGELES,2023,79,26.000000
LOS ANGELES,2023,78,
LOS ANGELES,2023,77,
LOS ANGELES,2023,76,26.000000
LOS ANGELES,2023,75,26.000000
LOS ANGELES,2023,74,26.000000
LOS ANGELES,2023,73,26.000000
LOS ANGELES,2023,72,26.000000
LOS ANGELES,2023,71,
LOS ANGELES,2023,70,
LOS ANGELES,2023,69,26.000000
LOS ANGELES,2023,68,26.000000
LOS ANGELES,2023,67,26.000000
LOS ANGELES,2023,66,26.000000
LOS ANGELES,2023,65,26.000000
LOS ANGELES,2023,64,
LOS ANGELES,2023,63,
LOS ANGELES,2023,62,26.750000
LOS ANGELES,2023,61,26.750000
LOS ANGELES,2023,60,26.750000
LOS ANGELES,2023,59,26.750000
LOS ANGELES,2023,58,24.750000
LOS ANGELES,2023,57,
LOS ANGELES,2023,56,
LOS ANGELES,2023,55,24.750000
LOS ANGELES,2023,54,24.750000
LOS ANGELES,2023,53,24.750000
LOS ANGELES,2023,52,24.750000
LOS ANGELES,2023,51,
LOS ANGELES,2023,50,
LOS ANGELES,2023,49,
LOS ANGELES,2023,48,24.750000
LOS ANGELES,2023,47,24.750000
LOS ANGELES,2023,46,24.750000
LOS ANGELES,2023,45,24.750000
LOS ANGELES,2023,44,24.750000
LOS ANGELES,2023,43,
LOS ANGELES,2023,42,
LOS ANGELES,2023,41,24.750000
LOS ANGELES,2023,40,24.750000
LOS ANGELES,2023,39,24.750000
LOS ANGELES,2023,38,24.750000
LOS ANGELES,2023,37,24.750000
LOS ANGELES,2023,36,
LOS ANGELES,2023,35,
LOS ANGELES,2023,34,24.750000
LOS ANGELES,2023,33,24.750000
LOS ANGELES,2023,32,27.000000
LOS ANGELES,2023,31,27.000000
LOS ANGELES,2023,30,27.000000
LOS ANGELES,2023,29,
LOS ANGELES,2023,28,
LOS ANGELES,2023,27,27.000000
LOS ANGELES,2023,26,27.000000
LOS ANGELES,2023,25,27.000000
LOS ANGELES,2023,24,29.250000
LOS ANGELES,2023,23,29.250000
LOS ANGELES,2023,22,
LOS ANGELES,2023,21,
LOS ANGELES,2023,20,29.250000
LOS ANGELES,2023,19,25.250000
LOS ANGELES,2023,18,25.250000
LOS ANGELES,2023,17,25.250000
LOS ANGELES,2023,16,
LOS ANGELES,2023,15,
LOS ANGELES,2023,14,
LOS ANGELES,2023,13,25.250000
LOS ANGELES,2023,12,25.250000
LOS ANGELES,2023,11,24.750000
LOS ANGELES,2023,10,27.500000
LOS ANGELES,2023,9,27.500000
LOS ANGELES,2023,8,
LOS ANGELES,2023,7,
LOS ANGELES,2023,6,27.500000
LOS ANGELES,2023,5,27.500000
LOS ANGELES,2023,4,27.500000
LOS ANGELES,2023,3,27.500000
LOS ANGELES,2023,2,
NEW YORK,2023,366,
NEW YORK,2023,365,
NEW YORK,2023,364,
NEW YORK,2023,363,24.000000
NEW YORK,2023,362,24.000000
NEW YORK,2023,361,24.000000
NEW YORK,2023,360,
NEW YORK,2023,359,
NEW YORK,2023,358,
NEW YORK,2023,357,
NEW YORK,2023,356,
NEW YORK,2023,355,
NEW YORK,2023,354,
NEW YORK,2023,353,
NEW YORK,2023,352,
NEW YORK,2023,351,
NEW YORK,2023,350,
NEW YORK,2023,349,28.000000
NEW YORK,2023,348,28.000000
NEW YORK,2023,347,28.000000
NEW YORK,2023,346,28.000000
NEW YORK,2023,345,28.000000
NEW YORK,2023,344,
NEW YORK,2023,343,
NEW YORK,2023,342,
NEW YORK,2023,341,26.000000
NEW YORK,2023,340,26.000000
NEW YORK,2023,339,26.000000
NEW YORK,2023,338,26.000000
NEW YORK,2023,337,
NEW YORK,2023,336,
NEW YORK,2023,335,
NEW YORK,2023,334,
NEW YORK,2023,333,22.000000
NEW YORK,2023,332,22.000000
NEW YORK,2023,331,22.000000
NEW YORK,2023,330,
NEW YORK,2023,329,
NEW YORK,2023,328,
NEW YORK,2023,327,
NEW YORK,2023,326,22.000000
NEW YORK,2023,325,22.000000
NEW YORK,2023,324,22.000000
NEW YORK,2023,323,
NEW YORK,2023,322,
NEW YORK,2023,321,22.000000
NEW YORK,2023,320,22.000000
NEW YORK,2023,319,22.000000
NEW YORK,2023,318,22.000000
NEW YORK,2023,317,22.000000
NEW YORK,2023,316,
NEW YORK,2023,315,
NEW YORK,2023,314,
NEW YORK,2023,313,22.000000
NEW YORK,2023,312,22.000000
NEW YORK,2023,311,22.000000
NEW YORK,2023,310,22.000000
NEW YORK,2023,309,
NEW YORK,2023,308,
NEW YORK,2023,307,22.000000
NEW YORK,2023,306,22.000000
NEW YORK,2023,305,22.000000
NEW YORK,2023,304,22.000000
NEW YORK,2023,303,22.000000
NEW YORK,2023,302,
NEW YORK,2023,301,
NEW YORK,2023,300,22.000000
NEW YORK,2023,299,22.000000
NEW YORK,2023,298,22.000000
NEW YORK,2023,297,22.000000
NEW YORK,2023,296,22.000000
NEW YORK,2023,295,
NEW YORK,2023,294,
NEW YORK,2023,293,22.000000
NEW YORK,2023,292,22.000000
NEW YORK,2023,291,24.000000
NEW YORK,2023,290,24.000000
NEW YORK,2023,289,24.000000
NEW YORK,2023,288,
NEW YORK,2023,287,
NEW YORK,2023,286,24.000000
NEW YORK,2023,285,24.000000
NEW YORK,2023,284,24.000000
NEW YORK,2023,283,24.000000
NEW YORK,2023,282,
NEW YORK,2023,281,
NEW YORK,2023,280,
NEW YORK,2023,279,
NEW YORK,2023,278,
NEW YORK,2023,277,
NEW YORK,2023,276,
NEW YORK,2023,275,
NEW YORK,2023,274,
NEW YORK,2023,273,
NEW YORK,2023,272,28.000000
NEW YORK,2023,271,28.000000
NEW YORK,2023,270,28.000000
NEW YORK,2023,269,26.000000
NEW YORK,2023,268,26.000000
NEW YORK,2023,267,
NEW YORK,2023,266,
NEW YORK,2023,265,26.000000
NEW YORK,2023,264,26.000000
NEW YORK,2023,263,26.000000
NEW YORK,2023,262,26.000000
NEW YORK,2023,261,28.000000
NEW YORK,2023,260,
NEW YORK,2023,259,
NEW YORK,2023,258,28.000000
NEW YORK,2023,257,28.000000
NEW YORK,2023,256,28.000000
NEW YORK,2023,255,26.000000
NEW YORK,2023,254,26.000000
NEW YORK,2023,253,
NEW YORK,2023,252,
NEW YORK,2023,251,26.000000
NEW YORK,2023,250,26.000000
NEW YORK,2023,249,26.000000
NEW YORK,2023,248,26.000000
NEW YORK,2023,247,
NEW YORK,2023,246,
NEW YORK,2023,245,
NEW YORK,2023,244,26.000000
NEW YORK,2023,243,26.000000
NEW YORK,2023,242,26.000000
NEW YORK,2023,241,26.000000
NEW YORK,2023,240,26.000000
NEW YORK,2023,239,
NEW YORK,2023,238,
NEW YORK,2023,237,26.000000
NEW YORK,2023,236,26.000000
NEW YORK,2023,235,26.000000
NEW YORK,2023,234,26.000000
NEW YORK,2023,233,28.000000
NEW YORK,2023,232,
NEW YORK,2023,231,
NEW YORK,2023,230,28.000000
NEW YORK,2023,229,28.000000
NEW YORK,2023,228,28.000000
NEW YORK,2023,227,28.000000
NEW YORK,2023,226,28.000000
NEW YORK,2023,225,
NEW YORK,2023,224,
NEW YORK,2023,223,28.000000
NEW YORK,2023,222,28.000000
NEW YORK,2023,221,28.000000
NEW YORK,2023,220,28.000000
NEW YORK,2023,219,28.000000
NEW YORK,2023,218,
NEW YORK,2023,217,
NEW YORK,2023,216,28.000000
NEW YORK,2023,215,28.000000
NEW YORK,2023,214,28.000000
NEW YORK,2023,213,28.000000
NEW YORK,2023,212,28.000000
NEW YORK,2023,211,
NEW YORK,2023,210,
NEW YORK,2023,209,28.000000
NEW YORK,2023,208,28.000000
NEW YORK,2023,207,28.000000
NEW YORK,2023,206,28.000000
NEW YORK,2023,205,28.000000
NEW YORK,2023,204,
NEW YORK,2023,203,
NEW YORK,2023,202,28.000000
NEW YORK,2023,201,28.000000
NEW YORK,2023,200,28.000000
NEW YORK,2023,199,28.000000
NEW YORK,2023,198,28.000000
NEW YORK,2023,197,
NEW YORK,2023,196,
NEW YORK,2023,195,28.000000
NEW YORK,2023,194,28.000000
NEW YORK,2023,193,28.000000
NEW YORK,2023,192,28.000000
NEW YORK,2023,191,28.000000
NEW YORK,2023,190,
NEW YORK,2023,189,
NEW YORK,2023,188,28.000000
NEW YORK,2023,187,28.000000
NEW YORK,2023,186,
NEW YORK,2023,185,
NEW YORK,2023,184,
NEW YORK,2023,183,
NEW YORK,2023,182,
NEW YORK,2023,181,
NEW YORK,2023,180,26.000000
NEW YORK,2023,179,26.000000
NEW YORK,2023,178,26.000000
NEW YORK,2023,177,26.000000
NEW YORK,2023,176,
NEW YORK,2023,175,
NEW YORK,2023,174,
NEW YORK,2023,173,
NEW YORK,2023,172,
NEW YORK,2023,171,
NEW YORK,2023,170,
NEW YORK,2023,169,
NEW YORK,2023,168,
NEW YORK,2023,167,
NEW YORK,2023,166,
NEW YORK,2023,165,
NEW YORK,2023,164,22.000000
NEW YORK,2023,163,22.000000
NEW YORK,2023,162,
NEW YORK,2023,161,
NEW YORK,2023,160,22.000000
NEW YORK,2023,159,22.000000
NEW YORK,2023,158,22.000000
NEW YORK,2023,157,22.000000
NEW YORK,2023,156,22.000000
NEW YORK,2023,155,
NEW YORK,2023,154,
NEW YORK,2023,153,22.000000
NEW YORK,2023,152,22.000000
NEW YORK,2023,151,22.000000
NEW YORK,2023,150,22.000000
NEW YORK,2023,149,
NEW YORK,2023,148,
NEW YORK,2023,147,
NEW YORK,2023,146,24.000000
NEW YORK,2023,145,24.000000
NEW YORK,2023,144,24.000000
NEW YORK,2023,143,24.000000
NEW YORK,2023,142,24.000000
NEW YORK,2023,141,
NEW YORK,2023,140,
NEW YORK,2023,139,24.000000
NEW YORK,2023,138,24.000000
NEW YORK,2023,137,24.000000
NEW YORK,2023,136,24.000000
NEW YORK,2023,135,24.000000
NEW YORK,2023,134,
NEW YORK,2023,133,
NEW YORK,2023,132,24.000000
NEW YORK,2023,131,24.000000
NEW YORK,2023,130,
NEW YORK,2023,129,
NEW YORK,2023,128,
NEW YORK,2023,127,
NEW YORK,2023,126,
NEW YORK,2023,125,22.000000
NEW YORK,2023,124,22.000000
NEW YORK,2023,123,22.000000
NEW YORK,2023,122,22.000000
NEW YORK,2023,121,22.000000
NEW YORK,2023,120,
NEW YORK,2023,119,
NEW YORK,2023,118,26.000000
NEW YORK,2023,117,26.000000
NEW YORK,2023,116,26.000000
NEW YORK,2023,115,26.000000
NEW YORK,2023,114,26.000000
NEW YORK,2023,113,
NEW YORK,2023,112,
NEW YORK,2023,111,26.000000
NEW YORK,2023,110,26.000000
NEW YORK,2023,109,26.000000
NEW YORK,2023,108,26.000000
NEW YORK,2023,107,26.000000
NEW YORK,2023,106,
NEW YORK,2023,105,
NEW YORK,2023,104,26.000000
NEW YORK,2023,103,26.000000
NEW YORK,2023,102,26.000000
NEW YORK,2023,101,26.000000
NEW YORK,2023,100,
NEW YORK,2023,99,
NEW YORK,2023,98,
NEW YORK,2023,97,26.000000
NEW YORK,2023,96,26.000000
NEW YORK,2023,95,26.000000
NEW YORK,2023,94,26.000000
NEW YORK,2023,93,26.000000
NEW YORK,2023,92,
NEW YORK,2023,91,
NEW YORK,2023,90,
NEW YORK,2023,89,
NEW YORK,2023,88,26.000000
NEW YORK,2023,87,26.000000
NEW YORK,2023,86,26.000000
NEW YORK,2023,85,
NEW YORK,2023,84,
NEW YORK,2023,83,26.000000
NEW YORK,2023,82,26.000000
NEW YORK,2023,81,26.000000
NEW YORK,2023,80,26.000000
NEW YORK,2023,79,26.000000
NEW YORK,2023,78,
NEW YORK,2023,77,
NEW YORK,2023,76,
NEW YORK,2023,75,
NEW YORK,2023,74,
NEW YORK,2023,73,
NEW YORK,2023,72,26.000000
NEW YORK,2023,71,
NEW YORK,2023,70,
NEW YORK,2023,69,26.000000
NEW YORK,2023,68,26.000000
NEW YORK,2023,67,26.000000
NEW YORK,2023,66,26.000000
NEW YORK,2023,65,26.000000
NEW YORK,2023,64,
NEW YORK,2023,63,
NEW YORK,2023,62,
NEW YORK,2023,61,
NEW YORK,2023,60,26.000000
NEW YORK,2023,59,26.000000
NEW YORK,2023,58,26.000000
NEW YORK,2023,57,
NEW YORK,2023,56,
NEW YORK,2023,55,26.000000
NEW YORK,2023,54,26.000000
NEW YORK,2023,53,
NEW YORK,2023,52,
NEW YORK,2023,51,
NEW YORK,2023,50,
NEW YORK,2023,49,
NEW YORK,2023,48,
NEW YORK,2023,47,
NEW YORK,2023,46,
NEW YORK,2023,45,
NEW YORK,2023,44,
NEW YORK,2023,43,
NEW YORK,2023,42,
NEW YORK,2023,41,
NEW YORK,2023,40,
NEW YORK,2023,39,
NEW YORK,2023,38,
NEW YORK,2023,37,
NEW YORK,2023,36,
NEW YORK,2023,35,
NEW YORK,2023,34,
NEW YORK,2023,33,
NEW YORK,2023,32,
NEW YORK,2023,31,
NEW YORK,2023,30,
NEW YORK,2023,29,
NEW YORK,2023,28,
NEW YORK,2023,27,
NEW YORK,2023,26,
NEW YORK,2023,25,
NEW YORK,2023,24,
NEW YORK,2023,23,
NEW YORK,2023,22,
NEW YORK,2023,21,
NEW YORK,2023,20,
NEW YORK,2023,19,
NEW YORK,2023,18,
NEW YORK,2023,17,
NEW YORK,2023,16,
NEW YORK,2023,15,
NEW YORK,2023,14,
NEW YORK,2023,13,
NEW YORK,2023,12,
NEW YORK,2023,11,
NEW YORK,2023,10,
NEW YORK,2023,9,
NEW YORK,2023,8,
NEW YORK,2023,7,
NEW YORK,2023,6,
NEW YORK,2023,5,
NEW YORK,2023,4,
NEW YORK,2023,3,
NEW YORK,2023,2,
PHILADELPHIA,2023,366,
PHILADELPHIA,2023,365,
PHILADELPHIA,2023,364,
PHILADELPHIA,2023,363,18.000000
PHILADELPHIA,2023,362,18.000000
PHILADELPHIA,2023,361,18.000000
PHILADELPHIA,2023,360,18.000000
PHILADELPHIA,2023,359,
PHILADELPHIA,2023,358,
PHILADELPHIA,2023,357,
PHILADELPHIA,2023,356,18.000000
PHILADELPHIA,2023,355,18.000000
PHILADELPHIA,2023,354,18.000000
PHILADELPHIA,2023,353,18.000000
PHILADELPHIA,2023,352,18.000000
PHILADELPHIA,2023,351,
PHILADELPHIA,2023,350,
PHILADELPHIA,2023,349,
PHILADELPHIA,2023,348,
PHILADELPHIA,2023,347,
PHILADELPHIA,2023,346,
PHILADELPHIA,2023,345,
PHILADELPHIA,2023,344,
PHILADELPHIA,2023,343,
PHILADELPHIA,2023,342,
PHILADELPHIA,2023,341,
PHILADELPHIA,2023,340,
PHILADELPHIA,2023,339,
PHILADELPHIA,2023,338,
PHILADELPHIA,2023,337,
PHILADELPHIA,2023,336,
PHILADELPHIA,2023,335,
PHILADELPHIA,2023,334,
PHILADELPHIA,2023,333,
PHILADELPHIA,2023,332,
PHILADELPHIA,2023,331,
PHILADELPHIA,2023,330,
PHILADELPHIA,2023,329,
PHILADELPHIA,2023,328,
PHILADELPHIA,2023,327,
PHILADELPHIA,2023,326,
PHILADELPHIA,2023,325,
PHILADELPHIA,2023,324,
PHILADELPHIA,2023,323,
PHILADELPHIA,2023,322,
PHILADELPHIA,2023,321,
PHILADELPHIA,2023,320,
PHILADELPHIA,2023,319,
PHILADELPHIA,2023,318,
PHILADELPHIA,2023,317,
PHILADELPHIA,2023,316,
PHILADELPHIA,2023,315,
PHILADELPHIA,2023,314,
PHILADELPHIA,2023,313,18.000000
PHILADELPHIA,2023,312,18.000000
PHILADELPHIA,2023,311,18.000000
PHILADELPHIA,2023,310,18.000000
PHILADELPHIA,2023,309,
PHILADELPHIA,2023,308,
PHILADELPHIA,2023,307,18.000000
PHILADELPHIA,2023,306,18.000000
PHILADELPHIA,2023,305,18.000000
PHILADELPHIA,2023,304,18.000000
PHILADELPHIA,2023,303,18.000000
PHILADELPHIA,2023,302,
PHILADELPHIA,2023,301,
PHILADELPHIA,2023,300,18.000000
PHILADELPHIA,2023,299,18.000000
PHILADELPHIA,2023,298,18.000000
PHILADELPHIA,2023,297,18.000000
PHILADELPHIA,2023,296,18.000000
PHILADELPHIA,2023,295,
PHILADELPHIA,2023,294,
PHILADELPHIA,2023,293,18.000000
PHILADELPHIA,2023,292,18.000000
PHILADELPHIA,2023,291,18.000000
PHILADELPHIA,2023,290,18.000000
PHILADELPHIA,2023,289,18.000000
PHILADELPHIA,2023,288,
PHILADELPHIA,2023,287,
PHILADELPHIA,2023,286,18.000000
PHILADELPHIA,2023,285,18.000000
PHILADELPHIA,2023,284,18.000000
PHILADELPHIA,2023,283,18.000000
PHILADELPHIA,2023,282,
PHILADELPHIA,2023,281,
PHILADELPHIA,2023,280,
PHILADELPHIA,2023,279,18.000000
PHILADELPHIA,2023,278,18.000000
PHILADELPHIA,2023,277,18.000000
PHILADELPHIA,2023,276,18.000000
PHILADELPHIA,2023,275,18.000000
PHILADELPHIA,2023,274,
PHILADELPHIA,2023,273,
PHILADELPHIA,2023,272,18.000000
PHILADELPHIA,2023,271,18.000000
PHILADELPHIA,2023,270,18.000000
PHILADELPHIA,2023,269,18.000000
PHILADELPHIA,2023,268,
PHILADELPHIA,2023,267,
PHILADELPHIA,2023,266,
PHILADELPHIA,2023,265,16.000000
PHILADELPHIA,2023,264,16.000000
PHILADELPHIA,2023,263,16.000000
PHILADELPHIA,2023,262,16.000000
PHILADELPHIA,2023,261,16.000000
PHILADELPHIA,2023,260,
PHILADELPHIA,2023,259,
PHILADELPHIA,2023,258,16.000000
PHILADELPHIA,2023,257,16.000000
PHILADELPHIA,2023,256,16.000000
PHILADELPHIA,2023,255,16.000000
PHILADELPHIA,2023,254,16.000000
PHILADELPHIA,2023,253,
PHILADELPHIA,2023,252,
PHILADELPHIA,2023,251,16.000000
PHILADELPHIA,2023,250,16.000000
PHILADELPHIA,2023,249,16.000000
PHILADELPHIA,2023,248,16.000000
PHILADELPHIA,2023,247,
PHILADELPHIA,2023,246,
PHILADELPHIA,2023,245,
PHILADELPHIA,2023,244,16.000000
PHILADELPHIA,2023,243,16.000000
PHILADELPHIA,2023,242,16.000000
PHILADELPHIA,2023,241,16.000000
PHILADELPHIA,2023,240,16.000000
PHILADELPHIA,2023,239,
PHILADELPHIA,2023,238,
PHILADELPHIA,2023,237,
PHILADELPHIA,2023,236,
PHILADELPHIA,2023,235,
PHILADELPHIA,2023,234,
PHILADELPHIA,2023,233,
PHILADELPHIA,2023,232,
PHILADELPHIA,2023,231,
PHILADELPHIA,2023,230,
PHILADELPHIA,2023,229,
PHILADELPHIA,2023,228,
PHILADELPHIA,2023,227,
PHILADELPHIA,2023,226,
PHILADELPHIA,2023,225,
PHILADELPHIA,2023,224,
PHILADELPHIA,2023,223,
PHILADELPHIA,2023,222,
PHILADELPHIA,2023,221,
PHILADELPHIA,2023,220,
PHILADELPHIA,2023,219,
PHILADELPHIA,2023,218,
PHILADELPHIA,2023,217,
PHILADELPHIA,2023,216,
PHILADELPHIA,2023,215,
PHILADELPHIA,2023,214,
PHILADELPHIA,2023,213,
PHILADELPHIA,2023,212,
PHILADELPHIA,2023,211,
PHILADELPHIA,2023,210,
PHILADELPHIA,2023,209,
PHILADELPHIA,2023,208,
PHILADELPHIA,2023,207,
PHILADELPHIA,2023,206,
PHILADELPHIA,2023,205,
PHILADELPHIA,2023,204,
PHILADELPHIA,2023,203,
PHILADELPHIA,2023,202,
PHILADELPHIA,2023,201,
PHILADELPHIA,2023,200,
PHILADELPHIA,2023,199,
PHILADELPHIA,2023,198,
PHILADELPHIA,2023,197,
PHILADELPHIA,2023,196,
PHILADELPHIA,2023,195,30.000000
PHILADELPHIA,2023,194,30.000000
PHILADELPHIA,2023,193,30.000000
PHILADELPHIA,2023,192,30.000000
PHILADELPHIA,2023,191,
PHILADELPHIA,2023,190,
PHILADELPHIA,2023,189,
PHILADELPHIA,2023,188,30.000000
PHILADELPHIA,2023,187,30.000000
PHILADELPHIA,2023,186,
PHILADELPHIA,2023,185,
PHILADELPHIA,2023,184,
PHILADELPHIA,2023,183,
PHILADELPHIA,2023,182,
PHILADELPHIA,2023,181,15.000000
PHILADELPHIA,2023,180,15.000000
PHILADELPHIA,2023,179,15.000000
PHILADELPHIA,2023,178,15.000000
PHILADELPHIA,2023,177,15.000000
PHILADELPHIA,2023,176,
PHILADELPHIA,2023,175,
PHILADELPHIA,2023,174,
PHILADELPHIA,2023,173,
PHILADELPHIA,2023,172,
PHILADELPHIA,2023,171,
PHILADELPHIA,2023,170,
PHILADELPHIA,2023,169,
PHILADELPHIA,2023,168,
PHILADELPHIA,2023,167,
PHILADELPHIA,2023,166,
PHILADELPHIA,2023,165,
PHILADELPHIA,2023,164,
PHILADELPHIA,2023,163,
PHILADELPHIA,2023,162,
PHILADELPHIA,2023,161,
PHILADELPHIA,2023,160,
PHILADELPHIA,2023,159,
PHILADELPHIA,2023,158,
PHILADELPHIA,2023,157,
PHILADELPHIA,2023,156,
PHILADELPHIA,2023,155,
PHILADELPHIA,2023,154,
PHILADELPHIA,2023,153,
PHILADELPHIA,2023,152,
PHILADELPHIA,2023,151,
PHILADELPHIA,2023,150,
PHILADELPHIA,2023,149,
PHILADELPHIA,2023,148,
PHILADELPHIA,2023,147,
PHILADELPHIA,2023,146,
PHILADELPHIA,2023,145,
PHILADELPHIA,2023,144,
PHILADELPHIA,2023,143,
PHILADELPHIA,2023,142,
PHILADELPHIA,2023,141,
PHILADELPHIA,2023,140,
PHILADELPHIA,2023,139,
PHILADELPHIA,2023,138,
PHILADELPHIA,2023,137,
PHILADELPHIA,2023,136,
PHILADELPHIA,2023,135,
PHILADELPHIA,2023,134,
PHILADELPHIA,2023,133,
PHILADELPHIA,2023,132,
PHILADELPHIA,2023,131,
PHILADELPHIA,2023,130,
PHILADELPHIA,2023,129,
PHILADELPHIA,2023,128,
PHILADELPHIA,2023,127,
PHILADELPHIA,2023,126,
PHILADELPHIA,2023,125,
PHILADELPHIA,2023,124,
PHILADELPHIA,2023,123,
PHILADELPHIA,2023,122,
PHILADELPHIA,2023,121,
PHILADELPHIA,2023,120,
PHILADELPHIA,2023,119,
PHILADELPHIA,2023,118,
PHILADELPHIA,2023,117,
PHILADELPHIA,2023,116,
PHILADELPHIA,2023,115,
PHILADELPHIA,2023,114,
PHILADELPHIA,2023,113,
PHILADELPHIA,2023,112,
PHILADELPHIA,2023,111,
PHILADELPHIA,2023,110,
PHILADELPHIA,2023,109,
PHILADELPHIA,2023,108,
PHILADELPHIA,2023,107,
PHILADELPHIA,2023,106,
PHILADELPHIA,2023,105,
PHILADELPHIA,2023,104,
PHILADELPHIA,2023,103,
PHILADELPHIA,2023,102,
PHILADELPHIA,2023,101,
PHILADELPHIA,2023,100,
PHILADELPHIA,2023,99,
PHILADELPHIA,2023,98,
PHILADELPHIA,2023,97,16.000000
PHILADELPHIA,2023,96,16.000000
PHILADELPHIA,2023,95,16.000000
PHILADELPHIA,2023,94,16.000000
PHILADELPHIA,2023,93,16.000000
PHILADELPHIA,2023,92,
PHILADELPHIA,2023,91,
PHILADELPHIA,2023,90,17.000000
PHILADELPHIA,2023,89,17.000000
PHILADELPHIA,2023,88,18.000000
PHILADELPHIA,2023,87,18.000000
PHILADELPHIA,2023,86,16.500000
PHILADELPHIA,2023,85,
PHILADELPHIA,2023,84,
PHILADELPHIA,2023,83,16.500000
PHILADELPHIA,2023,82,16.500000
PHILADELPHIA,2023,81,16.500000
PHILADELPHIA,2023,80,16.500000
PHILADELPHIA,2023,79,16.500000
PHILADELPHIA,2023,78,
PHILADELPHIA,2023,77,
PHILADELPHIA,2023,76,16.500000
PHILADELPHIA,2023,75,15.000000
PHILADELPHIA,2023,74,15.000000
PHILADELPHIA,2023,73,15.000000
PHILADELPHIA,2023,72,15.000000
PHILADELPHIA,2023,71,
PHILADELPHIA,2023,70,
PHILADELPHIA,2023,69,15.000000
PHILADELPHIA,2023,68,15.000000
PHILADELPHIA,2023,67,15.000000
PHILADELPHIA,2023,66,15.000000
PHILADELPHIA,2023,65,15.000000
PHILADELPHIA,2023,64,
PHILADELPHIA,2023,63,
PHILADELPHIA,2023,62,18.000000
PHILADELPHIA,2023,61,18.000000
PHILADELPHIA,2023,60,18.000000
PHILADELPHIA,2023,59,18.000000
PHILADELPHIA,2023,58,18.000000
PHILADELPHIA,2023,57,
PHILADELPHIA,2023,56,
PHILADELPHIA,2023,55,18.000000
PHILADELPHIA,2023,54,18.000000
PHILADELPHIA,2023,53,18.000000
PHILADELPHIA,2023,52,18.000000
PHILADELPHIA,2023,51,
PHILADELPHIA,2023,50,
PHILADELPHIA,2023,49,
PHILADELPHIA,2023,48,19.000000
PHILADELPHIA,2023,47,19.000000
PHILADELPHIA,2023,46,18.000000
PHILADELPHIA,2023,45,18.000000
PHILADELPHIA,2023,44,
PHILADELPHIA,2023,43,
PHILADELPHIA,2023,42,
PHILADELPHIA,2023,41,26.000000
PHILADELPHIA,2023,40,26.000000
PHILADELPHIA,2023,39,26.000000
PHILADELPHIA,2023,38,26.000000
PHILADELPHIA,2023,37,26.000000
PHILADELPHIA,2023,36,
PHILADELPHIA,2023,35,
PHILADELPHIA,2023,34,26.000000
PHILADELPHIA,2023,33,26.000000
PHILADELPHIA,2023,32,
PHILADELPHIA,2023,31,
PHILADELPHIA,2023,30,
PHILADELPHIA,2023,29,
PHILADELPHIA,2023,28,
PHILADELPHIA,2023,27,
PHILADELPHIA,2023,26,
PHILADELPHIA,2023,25,
PHILADELPHIA,2023,24,
PHILADELPHIA,2023,23,
PHILADELPHIA,2023,22,
PHILADELPHIA,2023,21,
PHILADELPHIA,2023,20,18.000000
PHILADELPHIA,2023,19,18.000000
PHILADELPHIA,2023,18,18.000000
PHILADELPHIA,2023,17,
PHILADELPHIA,2023,16,
PHILADELPHIA,2023,15,
PHILADELPHIA,2023,14,
PHILADELPHIA,2023,13,
PHILADELPHIA,2023,12,
PHILADELPHIA,2023,11,
PHILADELPHIA,2023,10,
PHILADELPHIA,2023,9,
PHILADELPHIA,2023,8,
PHILADELPHIA,2023,7,
PHILADELPHIA,2023,6,
PHILADELPHIA,2023,5,
PHILADELPHIA,2023,4,
PHILADELPHIA,2023,3,
PHILADELPHIA,2023,2,
BALTIMORE,2022,366,
BALTIMORE,2022,365,
BALTIMORE,2022,364,
BALTIMORE,2022,363,
BALTIMORE,2022,362,
BALTIMORE,2022,361,
BALTIMORE,2022,360,
BALTIMORE,2022,359,
BALTIMORE,2022,358,
BALTIMORE,2022,357,
BALTIMORE,2022,356,
BALTIMORE,2022,355,
BALTIMORE,2022,354,
BALTIMORE,2022,353,
BALTIMORE,2022,352,
BALTIMORE,2022,351,
BALTIMORE,2022,350,
BALTIMORE,2022,349,
BALTIMORE,2022,348,
BALTIMORE,2022,347,
BALTIMORE,2022,346,
BALTIMORE,2022,345,
BALTIMORE,2022,344,
BALTIMORE,2022,343,
BALTIMORE,2022,342,
BALTIMORE,2022,341,
BALTIMORE,2022,340,
BALTIMORE,2022,339,
BALTIMORE,2022,338,
BALTIMORE,2022,337,
BALTIMORE,2022,336,
BALTIMORE,2022,335,
BALTIMORE,2022,334,
BALTIMORE,2022,333,
BALTIMORE,2022,332,
BALTIMORE,2022,331,
BALTIMORE,2022,330,
BALTIMORE,2022,329,
BALTIMORE,2022,328,
BALTIMORE,2022,327,
BALTIMORE,2022,326,
BALTIMORE,2022,325,
BALTIMORE,2022,324,
BALTIMORE,2022,323,
BALTIMORE,2022,322,
BALTIMORE,2022,321,
BALTIMORE,2022,320,
BALTIMORE,2022,319,
BALTIMORE,2022,318,
BALTIMORE,2022,317,
BALTIMORE,2022,316,
BALTIMORE,2022,315,
BALTIMORE,2022,314,
BALTIMORE,2022,313,
BALTIMORE,2022,312,
BALTIMORE,2022,311,
BALTIMORE,2022,310,
BALTIMORE,2022,309,
BALTIMORE,2022,308,
BALTIMORE,2022,307,
BALTIMORE,2022,306,
BALTIMORE,2022,305,
BALTIMORE,2022,304,
BALTIMORE,2022,303,
BALTIMORE,2022,302,
BALTIMORE,2022,301,
BALTIMORE,2022,300,
BALTIMORE,2022,299,
BALTIMORE,2022,298,
BALTIMORE,2022,297,
BALTIMORE,2022,296,
BALTIMORE,2022,295,
BALTIMORE,2022,294,
BALTIMORE,2022,293,
BALTIMORE,2022,292,
BALTIMORE,2022,291,
BALTIMORE,2022,290,
BALTIMORE,2022,289,
BALTIMORE,2022,288,
BALTIMORE,2022,287,
BALTIMORE,2022,286,
BALTIMORE,2022,285,
BALTIMORE,2022,284,
BALTIMORE,2022,283,
BALTIMORE,2022,282,
BALTIMORE,2022,281,
BALTIMORE,2022,280,
BALTIMORE,2022,279,
BALTIMORE,2022,278,
BALTIMORE,2022,277,
BALTIMORE,2022,276,
BALTIMORE,2022,275,
BALTIMORE,2022,274,
BALTIMORE,2022,273,
BALTIMORE,2022,272,
BALTIMORE,2022,271,
BALTIMORE,2022,270,
BALTIMORE,2022,269,
BALTIMORE,2022,268,
BALTIMORE,2022,267,
BALTIMORE,2022,266,
BALTIMORE,2022,265,
BALTIMORE,2022,264,
BALTIMORE,2022,263,
BALTIMORE,2022,262,
BALTIMORE,2022,261,
BALTIMORE,2022,260,
BALTIMORE,2022,259,
BALTIMORE,2022,258,
BALTIMORE,2022,257,
BALTIMORE,2022,256,
BALTIMORE,2022,255,
BALTIMORE,2022,254,
BALTIMORE,2022,253,
BALTIMORE,2022,252,
BALTIMORE,2022,251,
BALTIMORE,2022,250,
BALTIMORE,2022,249,
BALTIMORE,2022,248,
BALTIMORE,2022,247,
BALTIMORE,2022,246,
BALTIMORE,2022,245,
BALTIMORE,2022,244,
BALTIMORE,2022,243,
BALTIMORE,2022,242,
BALTIMORE,2022,241,
BALTIMORE,2022,240,
BALTIMORE,2022,239,
BALTIMORE,2022,238,
BALTIMORE,2022,237,
BALTIMORE,2022,236,
BALTIMORE,2022,235,
BALTIMORE,2022,234,
BALTIMORE,2022,233,
BALTIMORE,2022,232,
BALTIMORE,2022,231,
BALTIMORE,2022,230,
BALTIMORE,2022,229,
BALTIMORE,2022,228,
BALTIMORE,2022,227,
BALTIMORE,2022,226,
BALTIMORE,2022,225,
BALTIMORE,2022,224,
BALTIMORE,2022,223,
BALTIMORE,2022,222,43.000000
BALTIMORE,2022,221,43.000000
BALTIMORE,2022,220,43.000000
BALTIMORE,2022,219,
BALTIMORE,2022,218,
BALTIMORE,2022,217,
BALTIMORE,2022,216,
BALTIMORE,2022,215,23.000000
BALTIMORE,2022,214,23.000000
BALTIMORE,2022,213,23.000000
BALTIMORE,2022,212,
BALTIMORE,2022,211,
BALTIMORE,2022,210,23.000000
BALTIMORE,2022,209,23.000000
BALTIMORE,2022,208,23.000000
BALTIMORE,2022,207,23.000000
BALTIMORE,2022,206,23.000000
BALTIMORE,2022,205,
BALTIMORE,2022,204,
BALTIMORE,2022,203,
BALTIMORE,2022,202,
BALTIMORE,2022,201,
BALTIMORE,2022,200,
BALTIMORE,2022,199,
BALTIMORE,2022,198,
BALTIMORE,2022,197,
BALTIMORE,2022,196,
BALTIMORE,2022,195,
BALTIMORE,2022,194,
BALTIMORE,2022,193,
BALTIMORE,2022,192,
BALTIMORE,2022,191,
BALTIMORE,2022,190,
BALTIMORE,2022,189,32.000000
BALTIMORE,2022,188,32.000000
BALTIMORE,2022,187,
BALTIMORE,2022,186,
BALTIMORE,2022,185,
BALTIMORE,2022,184,
BALTIMORE,2022,183,
BALTIMORE,2022,182,
BALTIMORE,2022,181,
BALTIMORE,2022,180,
BALTIMORE,2022,179,
BALTIMORE,2022,178,
BALTIMORE,2022,177,
BALTIMORE,2022,176,
BALTIMORE,2022,175,
BALTIMORE,2022,174,
BALTIMORE,2022,173,
BALTIMORE,2022,172,
BALTIMORE,2022,171,
BALTIMORE,2022,170,
BALTIMORE,2022,169,
BALTIMORE,2022,168,
BALTIMORE,2022,167,
BALTIMORE,2022,166,
BALTIMORE,2022,165,
BALTIMORE,2022,164,
BALTIMORE,2022,163,
BALTIMORE,2022,162,
BALTIMORE,2022,161,
BALTIMORE,2022,160,
BALTIMORE,2022,159,
BALTIMORE,2022,158,
BALTIMORE,2022,157,
BALTIMORE,2022,156,
BALTIMORE,2022,155,
BALTIMORE,2022,154,
BALTIMORE,2022,153,
BALTIMORE,2022,152,
BALTIMORE,2022,151,
BALTIMORE,2022,150,
BALTIMORE,2022,149,
BALTIMORE,2022,148,
BALTIMORE,2022,147,
BALTIMORE,2022,146,
BALTIMORE,2022,145,
BALTIMORE,2022,144,
BALTIMORE,2022,143,
BALTIMORE,2022,142,
BALTIMORE,2022,141,
BALTIMORE,2022,140,
BALTIMORE,2022,139,
BALTIMORE,2022,138,
BALTIMORE,2022,137,
BALTIMORE,2022,136,
BALTIMORE,2022,135,
BALTIMORE,2022,134,
BALTIMORE,2022,133,
BALTIMORE,2022,132,
BALTIMORE,2022,131,
BALTIMORE,2022,130,
BALTIMORE,2022,129,
BALTIMORE,2022,128,
BALTIMORE,2022,127,
BALTIMORE,2022,126,
BALTIMORE,2022,125,
BALTIMORE,2022,124,
BALTIMORE,2022,123,
BALTIMORE,2022,122,
BALTIMORE,2022,121,
BALTIMORE,2022,120,
BALTIMORE,2022,119,
BALTIMORE,2022,118,
BALTIMORE,2022,117,
BALTIMORE,2022,116,
BALTIMORE,2022,115,
BALTIMORE,2022,114,
BALTIMORE,2022,113,
BALTIMORE,2022,112,43.000000
BALTIMORE,2022,111,43.000000
BALTIMORE,2022,110,
BALTIMORE,2022,109,43.000000
BALTIMORE,2022,108,43.000000
BALTIMORE,2022,107,
BALTIMORE,2022,106,
BALTIMORE,2022,105,43.000000
BALTIMORE,2022,104,43.000000
BALTIMORE,2022,103,43.000000
BALTIMORE,2022,102,
BALTIMORE,2022,101,
BALTIMORE,2022,100,
BALTIMORE,2022,99,
BALTIMORE,2022,98,38.500000
BALTIMORE,2022,97,38.500000
BALTIMORE,2022,96,38.500000
BALTIMORE,2022,95,38.500000
BALTIMORE,2022,94,38.500000
BALTIMORE,2022,93,
BALTIMORE,2022,92,
BALTIMORE,2022,91,38.500000
BALTIMORE,2022,90,38.500000
BALTIMORE,2022,89,38.500000
BALTIMORE,2022,88,39.000000
BALTIMORE,2022,87,39.000000
BALTIMORE,2022,86,
BALTIMORE,2022,85,
BALTIMORE,2022,84,38.000000
BALTIMORE,2022,83,38.000000
BALTIMORE,2022,82,38.000000
BALTIMORE,2022,81,38.000000
BALTIMORE,2022,80,38.000000
BALTIMORE,2022,79,
BALTIMORE,2022,78,
BALTIMORE,2022,77,33.500000
BALTIMORE,2022,76,33.500000
BALTIMORE,2022,75,38.000000
BALTIMORE,2022,74,38.000000
BALTIMORE,2022,73,38.000000
BALTIMORE,2022,72,
BALTIMORE,2022,71,
BALTIMORE,2022,70,36.000000
BALTIMORE,2022,69,36.000000
BALTIMORE,2022,68,36.000000
BALTIMORE,2022,67,36.000000
BALTIMORE,2022,66,36.000000
BALTIMORE,2022,65,
BALTIMORE,2022,64,
BALTIMORE,2022,63,36.000000
BALTIMORE,2022,62,36.000000
BALTIMORE,2022,61,36.000000
BALTIMORE,2022,60,36.000000
BALTIMORE,2022,59,36.000000
BALTIMORE,2022,58,
BALTIMORE,2022,57,
BALTIMORE,2022,56,
BALTIMORE,2022,55,
BALTIMORE,2022,54,
BALTIMORE,2022,53,
BALTIMORE,2022,52,
BALTIMORE,2022,51,
BALTIMORE,2022,50,
BALTIMORE,2022,49,
BALTIMORE,2022,48,
BALTIMORE,2022,47,
BALTIMORE,2022,46,
BALTIMORE,2022,45,
BALTIMORE,2022,44,
BALTIMORE,2022,43,
BALTIMORE,2022,42,
BALTIMORE,2022,41,
BALTIMORE,2022,40,39.250000
BALTIMORE,2022,39,39.250000
BALTIMORE,2022,38,39.250000
BALTIMORE,2022,37,
BALTIMORE,2022,36,
BALTIMORE,2022,35,39.500000
BALTIMORE,2022,34,39.500000
BALTIMORE,2022,33,
BALTIMORE,2022,32,
BALTIMORE,2022,31,
BALTIMORE,2022,30,
BALTIMORE,2022,29,
BALTIMORE,2022,28,
BALTIMORE,2022,27,
BALTIMORE,2022,26,
BALTIMORE,2022,25,
BALTIMORE,2022,24,
BALTIMORE,2022,23,
BALTIMORE,2022,22,
BALTIMORE,2022,21,31.250000
BALTIMORE,2022,20,31.250000
BALTIMORE,2022,19,31.250000
BALTIMORE,2022,18,31.250000
BALTIMORE,2022,17,
BALTIMORE,2022,16,
BALTIMORE,2022,15,
BALTIMORE,2022,14,
BALTIMORE,2022,13,
BALTIMORE,2022,12,
BALTIMORE,2022,11,
BALTIMORE,2022,10,
BALTIMORE,2022,9,
BALTIMORE,2022,8,
BALTIMORE,2022,7,22.000000
BALTIMORE,2022,6,22.000000
BALTIMORE,2022,5,22.000000
BALTIMORE,2022,4,22.000000
BALTIMORE,2022,3,22.000000
BALTIMORE,2022,2,
BOSTON,2022,366,
BOSTON,2022,365,
BOSTON,2022,364,22.250000
BOSTON,2022,363,22.250000
BOSTON,2022,362,22.250000
BOSTON,2022,361,22.250000
BOSTON,2022,360,
BOSTON,2022,359,
BOSTON,2022,358,
BOSTON,2022,357,22.250000
BOSTON,2022,356,22.250000
BOSTON,2022,355,22.250000
BOSTON,2022,354,22.250000
BOSTON,2022,353,22.250000
BOSTON,2022,352,
BOSTON,2022,351,
BOSTON,2022,350,22.250000
BOSTON,2022,349,22.250000
BOSTON,2022,348,22.250000
BOSTON,2022,347,22.250000
BOSTON,2022,346,22.250000
BOSTON,2022,345,
BOSTON,2022,344,
BOSTON,2022,343,22.250000
BOSTON,2022,342,22.250000
BOSTON,2022,341,22.250000
BOSTON,2022,340,22.250000
BOSTON,2022,339,22.250000
BOSTON,2022,338,
BOSTON,2022,337,
BOSTON,2022,336,22.250000
BOSTON,2022,335,22.250000
BOSTON,2022,334,22.250000
BOSTON,2022,333,22.250000
BOSTON,2022,332,22.250000
BOSTON,2022,331,
BOSTON,2022,330,
BOSTON,2022,329,22.250000
BOSTON,2022,328,
BOSTON,2022,327,22.250000
BOSTON,2022,326,22.250000
BOSTON,2022,325,22.250000
BOSTON,2022,324,
BOSTON,2022,323,
BOSTON,2022,322,22.250000
BOSTON,2022,321,22.250000
BOSTON,2022,320,22.250000
BOSTON,2022,319,22.250000
BOSTON,2022,318,22.250000
BOSTON,2022,317,
BOSTON,2022,316,
BOSTON,2022,315,
BOSTON,2022,314,22.250000
BOSTON,2022,313,22.250000
BOSTON,2022,312,22.250000
BOSTON,2022,311,22.250000
BOSTON,2022,310,
BOSTON,2022,309,
BOSTON,2022,308,22.250000
BOSTON,2022,307,22.250000
BOSTON,2022,306,22.250000
BOSTON,2022,305,22.250000
BOSTON,2022,304,22.250000
BOSTON,2022,303,
BOSTON,2022,302,
BOSTON,2022,301,22.250000
BOSTON,2022,300,22.250000
BOSTON,2022,299,22.250000
BOSTON,2022,298,22.500000
BOSTON,2022,297,22.500000
BOSTON,2022,296,
BOSTON,2022,295,
BOSTON,2022,294,22.500000
BOSTON,2022,293,22.500000
BOSTON,2022,292,22.500000
BOSTON,2022,291,22.500000
BOSTON,2022,290,22.500000
BOSTON,2022,289,
BOSTON,2022,288,
BOSTON,2022,287,22.500000
BOSTON,2022,286,22.500000
BOSTON,2022,285,22.500000
BOSTON,2022,284,22.500000
BOSTON,2022,283,
BOSTON,2022,282,
BOSTON,2022,281,
BOSTON,2022,280,22.500000
BOSTON,2022,279,22.500000
BOSTON,2022,278,22.500000
BOSTON,2022,277,22.500000
BOSTON,2022,276,22.500000
BOSTON,2022,275,
BOSTON,2022,274,
BOSTON,2022,273,22.500000
BOSTON,2022,272,22.500000
BOSTON,2022,271,22.500000
BOSTON,2022,270,22.500000
BOSTON,2022,269,22.500000
BOSTON,2022,268,
BOSTON,2022,267,
BOSTON,2022,266,22.500000
BOSTON,2022,265,22.500000
BOSTON,2022,264,22.500000
BOSTON,2022,263,22.500000
BOSTON,2022,262,22.500000
BOSTON,2022,261,
BOSTON,2022,260,
BOSTON,2022,259,22.500000
BOSTON,2022,258,22.500000
BOSTON,2022,257,22.500000
BOSTON,2022,256,22.500000
BOSTON,2022,255,22.500000
BOSTON,2022,254,
BOSTON,2022,253,
BOSTON,2022,252,22.500000
BOSTON,2022,251,22.500000
BOSTON,2022,250,22.500000
BOSTON,2022,249,22.500000
BOSTON,2022,248,
BOSTON,2022,247,
BOSTON,2022,246,
BOSTON,2022,245,22.500000
BOSTON,2022,244,22.500000
BOSTON,2022,243,22.500000
BOSTON,2022,242,22.500000
BOSTON,2022,241,22.500000
BOSTON,2022,240,
BOSTON,2022,239,
BOSTON,2022,238,22.500000
BOSTON,2022,237,22.500000
BOSTON,2022,236,22.500000
BOSTON,2022,235,22.500000
BOSTON,2022,234,22.500000
BOSTON,2022,233,
BOSTON,2022,232,
BOSTON,2022,231,22.500000
BOSTON,2022,230,22.500000
BOSTON,2022,229,22.500000
BOSTON,2022,228,22.500000
BOSTON,2022,227,22.500000
BOSTON,2022,226,
BOSTON,2022,225,
BOSTON,2022,224,22.500000
BOSTON,2022,223,22.500000
BOSTON,2022,222,22.500000
BOSTON,2022,221,22.500000
BOSTON,2022,220,22.500000
BOSTON,2022,219,
BOSTON,2022,218,
BOSTON,2022,217,21.000000
BOSTON,2022,216,21.000000
BOSTON,2022,215,21.000000
BOSTON,2022,214,21.000000
BOSTON,2022,213,21.000000
BOSTON,2022,212,
BOSTON,2022,211,
BOSTON,2022,210,21.000000
BOSTON,2022,209,21.000000
BOSTON,2022,208,21.000000
BOSTON,2022,207,21.000000
BOSTON,2022,206,21.000000
BOSTON,2022,205,
BOSTON,2022,204,
BOSTON,2022,203,23.000000
BOSTON,2022,202,23.000000
BOSTON,2022,201,23.000000
BOSTON,2022,200,23.000000
BOSTON,2022,199,23.750000
BOSTON,2022,198,
BOSTON,2022,197,
BOSTON,2022,196,23.750000
BOSTON,2022,195,23.750000
BOSTON,2022,194,23.750000
BOSTON,2022,193,23.750000
BOSTON,2022,192,23.500000
BOSTON,2022,191,
BOSTON,2022,190,
BOSTON,2022,189,23.500000
BOSTON,2022,188,23.500000
BOSTON,2022,187,23.500000
BOSTON,2022,186,23.500000
BOSTON,2022,185,
BOSTON,2022,184,
BOSTON,2022,183,
BOSTON,2022,182,23.500000
BOSTON,2022,181,23.500000
BOSTON,2022,180,23.500000
BOSTON,2022,179,23.500000
BOSTON,2022,178,23.500000
BOSTON,2022,177,
BOSTON,2022,176,
BOSTON,2022,175,23.500000
BOSTON,2022,174,23.500000
BOSTON,2022,173,23.500000
BOSTON,2022,172,23.500000
BOSTON,2022,171,
BOSTON,2022,170,
BOSTON,2022,169,
BOSTON,2022,168,23.500000
BOSTON,2022,167,23.500000
BOSTON,2022,166,23.500000
BOSTON,2022,165,23.500000
BOSTON,2022,164,23.500000
BOSTON,2022,163,
BOSTON,2022,162,
BOSTON,2022,161,23.500000
BOSTON,2022,160,23.500000
BOSTON,2022,159,23.500000
BOSTON,2022,158,23.500000
BOSTON,2022,157,23.500000
BOSTON,2022,156,
BOSTON,2022,155,
BOSTON,2022,154,23.500000
BOSTON,2022,153,23.500000
BOSTON,2022,152,23.500000
BOSTON,2022,151,23.500000
BOSTON,2022,150,
BOSTON,2022,149,
BOSTON,2022,148,
BOSTON,2022,147,23.500000
BOSTON,2022,146,23.500000
BOSTON,2022,145,23.500000
BOSTON,2022,144,23.500000
BOSTON,2022,143,23.500000
BOSTON,2022,142,
BOSTON,2022,141,
BOSTON,2022,140,23.500000
BOSTON,2022,139,23.500000
BOSTON,2022,138,23.500000
BOSTON,2022,137,23.500000
BOSTON,2022,136,23.500000
BOSTON,2022,135,
BOSTON,2022,134,
BOSTON,2022,133,23.500000
BOSTON,2022,132,23.500000
BOSTON,2022,131,23.500000
BOSTON,2022,130,23.500000
BOSTON,2022,129,23.500000
BOSTON,2022,128,
BOSTON,2022,127,
BOSTON,2022,126,23.500000
BOSTON,2022,125,23.500000
BOSTON,2022,124,23.500000
BOSTON,2022,123,23.500000
BOSTON,2022,122,23.500000
BOSTON,2022,121,
BOSTON,2022,120,
BOSTON,2022,119,23.500000
BOSTON,2022,118,23.500000
BOSTON,2022,117,23.500000
BOSTON,2022,116,23.500000
BOSTON,2022,115,23.500000
BOSTON,2022,114,
BOSTON,2022,113,
BOSTON,2022,112,23.500000
BOSTON,2022,111,23.500000
BOSTON,2022,110,23.500000
BOSTON,2022,109,25.000000
BOSTON,2022,108,25.000000
BOSTON,2022,107,
BOSTON,2022,106,
BOSTON,2022,105,25.000000
BOSTON,2022,104,25.000000
BOSTON,2022,103,25.000000
BOSTON,2022,102,25.000000
BOSTON,2022,101,25.000000
BOSTON,2022,100,
BOSTON,2022,99,
BOSTON,2022,98,25.000000
BOSTON,2022,97,25.000000
BOSTON,2022,96,25.000000
BOSTON,2022,95,25.000000
BOSTON,2022,94,25.000000
BOSTON,2022,93,
BOSTON,2022,92,
BOSTON,2022,91,25.000000
BOSTON,2022,90,25.000000
BOSTON,2022,89,25.000000
BOSTON,2022,88,25.000000
BOSTON,2022,87,25.000000
BOSTON,2022,86,
BOSTON,2022,85,
BOSTON,2022,84,25.000000
BOSTON,2022,83,25.000000
BOSTON,2022,82,25.000000
BOSTON,2022,81,25.000000
BOSTON,2022,80,25.000000
BOSTON,2022,79,
BOSTON,2022,78,
BOSTON,2022,77,25.000000
BOSTON,2022,76,25.000000
BOSTON,2022,75,25.000000
BOSTON,2022,74,25.000000
BOSTON,2022,73,25.000000
BOSTON,2022,72,
BOSTON,2022,71,
BOSTON,2022,70,25.000000
BOSTON,2022,69,25.000000
BOSTON,2022,68,25.000000
BOSTON,2022,67,25.000000
BOSTON,2022,66,25.000000
BOSTON,2022,65,
BOSTON,2022,64,
BOSTON,2022,63,25.000000
BOSTON,2022,62,25.000000
BOSTON,2022,61,25.000000
BOSTON,2022,60,25.000000
BOSTON,2022,59,25.000000
BOSTON,2022,58,
BOSTON,2022,57,
BOSTON,2022,56,25.000000
BOSTON,2022,55,25.000000
BOSTON,2022,54,25.000000
BOSTON,2022,53,25.000000
BOSTON,2022,52,
BOSTON,2022,51,
BOSTON,2022,50,
BOSTON,2022,49,25.000000
BOSTON,2022,48,25.000000
BOSTON,2022,47,25.000000
BOSTON,2022,46,25.000000
BOSTON,2022,45,25.000000
BOSTON,2022,44,
BOSTON,2022,43,
BOSTON,2022,42,25.000000
BOSTON,2022,41,25.000000
BOSTON,2022,40,25.000000
BOSTON,2022,39,25.000000
BOSTON,2022,38,25.000000
BOSTON,2022,37,
BOSTON,2022,36,
BOSTON,2022,35,25.000000
BOSTON,2022,34,25.000000
BOSTON,2022,33,25.000000
BOSTON,2022,32,25.000000
BOSTON,2022,31,25.000000
BOSTON,2022,30,
BOSTON,2022,29,
BOSTON,2022,28,25.000000
BOSTON,2022,27,25.000000
BOSTON,2022,26,25.000000
BOSTON,2022,25,25.000000
BOSTON,2022,24,25.000000
BOSTON,2022,23,
BOSTON,2022,22,
BOSTON,2022,21,25.000000
BOSTON,2022,20,25.000000
BOSTON,2022,19,25.000000
BOSTON,2022,18,25.000000
BOSTON,2022,17,
BOSTON,2022,16,
BOSTON,2022,15,
BOSTON,2022,14,25.000000
BOSTON,2022,13,25.000000
BOSTON,2022,12,25.000000
BOSTON,2022,11,25.000000
BOSTON,2022,10,25.000000
BOSTON,2022,9,
BOSTON,2022,8,
BOSTON,2022,7,25.000000
BOSTON,2022,6,25.000000
BOSTON,2022,5,25.000000
BOSTON,2022,4,25.000000
BOSTON,2022,3,18.750000
BOSTON,2022,2,
CHICAGO,2022,366,
CHICAGO,2022,365,
CHICAGO,2022,364,29.666666
CHICAGO,2022,363,29.000000
CHICAGO,2022,362,29.000000
CHICAGO,2022,361,29.000000
CHICAGO,2022,360,
CHICAGO,2022,359,
CHICAGO,2022,358,
CHICAGO,2022,357,29.000000
CHICAGO,2022,356,29.000000
CHICAGO,2022,355,29.000000
CHICAGO,2022,354,29.000000
CHICAGO,2022,353,29.000000
CHICAGO,2022,352,
CHICAGO,2022,351,
CHICAGO,2022,350,29.000000
CHICAGO,2022,349,29.000000
CHICAGO,2022,348,29.000000
CHICAGO,2022,347,31.000000
CHICAGO,2022,346,31.000000
CHICAGO,2022,345,
CHICAGO,2022,344,
CHICAGO,2022,343,31.000000
CHICAGO,2022,342,31.000000
CHICAGO,2022,341,31.000000
CHICAGO,2022,340,31.000000
CHICAGO,2022,339,31.000000
CHICAGO,2022,338,
CHICAGO,2022,337,
CHICAGO,2022,336,31.000000
CHICAGO,2022,335,31.000000
CHICAGO,2022,334,31.000000
CHICAGO,2022,333,31.000000
CHICAGO,2022,332,31.000000
CHICAGO,2022,331,
CHICAGO,2022,330,
CHICAGO,2022,329,
CHICAGO,2022,328,
CHICAGO,2022,327,31.000000
CHICAGO,2022,326,31.000000
CHICAGO,2022,325,31.000000
CHICAGO,2022,324,
CHICAGO,2022,323,
CHICAGO,2022,322,31.000000
CHICAGO,2022,321,31.000000
CHICAGO,2022,320,31.000000
CHICAGO,2022,319,31.000000
CHICAGO,2022,318,31.000000
CHICAGO,2022,317,
CHICAGO,2022,316,
CHICAGO,2022,315,
CHICAGO,2022,314,31.000000
CHICAGO,2022,313,31.000000
CHICAGO,2022,312,31.000000
CHICAGO,2022,311,31.000000
CHICAGO,2022,310,
CHICAGO,2022,309,
CHICAGO,2022,308,31.000000
CHICAGO,2022,307,31.000000
CHICAGO,2022,306,31.000000
CHICAGO,2022,305,25.500000
CHICAGO,2022,304,25.500000
CHICAGO,2022,303,
CHICAGO,2022,302,
CHICAGO,2022,301,25.500000
CHICAGO,2022,300,25.500000
CHICAGO,2022,299,25.500000
CHICAGO,2022,298,25.500000
CHICAGO,2022,297,23.250000
CHICAGO,2022,296,
CHICAGO,2022,295,
CHICAGO,2022,294,23.250000
CHICAGO,2022,293,23.250000
CHICAGO,2022,292,23.250000
CHICAGO,2022,291,23.250000
CHICAGO,2022,290,23.250000
CHICAGO,2022,289,
CHICAGO,2022,288,
CHICAGO,2022,287,23.250000
CHICAGO,2022,286,23.250000
CHICAGO,2022,285,23.250000
CHICAGO,2022,284,23.250000
CHICAGO,2022,283,
CHICAGO,2022,282,
CHICAGO,2022,281,
CHICAGO,2022,280,23.250000
CHICAGO,2022,279,23.250000
CHICAGO,2022,278,23.250000
CHICAGO,2022,277,23.250000
CHICAGO,2022,276,23.250000
CHICAGO,2022,275,
CHICAGO,2022,274,
CHICAGO,2022,273,23.250000
CHICAGO,2022,272,23.250000
CHICAGO,2022,271,23.250000
CHICAGO,2022,270,23.250000
CHICAGO,2022,269,23.250000
CHICAGO,2022,268,
CHICAGO,2022,267,
CHICAGO,2022,266,23.250000
CHICAGO,2022,265,23.250000
CHICAGO,2022,264,23.250000
CHICAGO,2022,263,23.250000
CHICAGO,2022,262,23.250000
CHICAGO,2022,261,
CHICAGO,2022,260,
CHICAGO,2022,259,23.250000
CHICAGO,2022,258,23.250000
CHICAGO,2022,257,23.250000
CHICAGO,2022,256,23.250000
CHICAGO,2022,255,23.250000
CHICAGO,2022,254,
CHICAGO,2022,253,
CHICAGO,2022,252,23.250000
CHICAGO,2022,251,24.500000
CHICAGO,2022,250,24.500000
CHICAGO,2022,249,24.500000
CHICAGO,2022,248,
CHICAGO,2022,247,
CHICAGO,2022,246,
CHICAGO,2022,245,24.500000
CHICAGO,2022,244,24.500000
CHICAGO,2022,243,24.500000
CHICAGO,2022,242,24.500000
CHICAGO,2022,241,24.500000
CHICAGO,2022,240,
CHICAGO,2022,239,
CHICAGO,2022,238,24.500000
CHICAGO,2022,237,42.000000
CHICAGO,2022,236,42.000000
CHICAGO,2022,235,42.000000
CHICAGO,2022,234,42.000000
CHICAGO,2022,233,
CHICAGO,2022,232,
CHICAGO,2022,231,42.000000
CHICAGO,2022,230,42.000000
CHICAGO,2022,229,42.000000
CHICAGO,2022,228,42.000000
CHICAGO,2022,227,42.000000
CHICAGO,2022,226,
CHICAGO,2022,225,
CHICAGO,2022,224,42.000000
CHICAGO,2022,223,42.000000
CHICAGO,2022,222,42.000000
CHICAGO,2022,221,42.000000
CHICAGO,2022,220,42.000000
CHICAGO,2022,219,
CHICAGO,2022,218,
CHICAGO,2022,217,44.000000
CHICAGO,2022,216,44.000000
CHICAGO,2022,215,44.000000
CHICAGO,2022,214,44.000000
CHICAGO,2022,213,36.333333
CHICAGO,2022,212,
CHICAGO,2022,211,
CHICAGO,2022,210,36.333333
CHICAGO,2022,209,36.333333
CHICAGO,2022,208,36.333333
CHICAGO,2022,207,36.333333
CHICAGO,2022,206,35.000000
CHICAGO,2022,205,
CHICAGO,2022,204,
CHICAGO,2022,203,35.000000
CHICAGO,2022,202,35.000000
CHICAGO,2022,201,35.000000
CHICAGO,2022,200,35.000000
CHICAGO,2022,199,35.000000
CHICAGO,2022,198,
CHICAGO,2022,197,
CHICAGO,2022,196,35.000000
CHICAGO,2022,195,35.000000
CHICAGO,2022,194,35.000000
CHICAGO,2022,193,35.000000
CHICAGO,2022,192,35.000000
CHICAGO,2022,191,
CHICAGO,2022,190,
CHICAGO,2022,189,35.000000
CHICAGO,2022,188,35.000000
CHICAGO,2022,187,35.000000
CHICAGO,2022,186,35.000000
CHICAGO,2022,185,
CHICAGO,2022,184,
CHICAGO,2022,183,
CHICAGO,2022,182,35.000000
CHICAGO,2022,181,35.000000
CHICAGO,2022,180,35.000000
CHICAGO,2022,179,35.000000
CHICAGO,2022,178,27.666666
CHICAGO,2022,177,
CHICAGO,2022,176,
CHICAGO,2022,175,27.666666
CHICAGO,2022,174,27.666666
CHICAGO,2022,173,27.666666
CHICAGO,2022,172,27.666666
CHICAGO,2022,171,
CHICAGO,2022,170,
CHICAGO,2022,169,
CHICAGO,2022,168,27.666666
CHICAGO,2022,167,27.666666
CHICAGO,2022,166,27.666666
CHICAGO,2022,165,27.666666
CHICAGO,2022,164,27.666666
CHICAGO,2022,163,
CHICAGO,2022,162,
CHICAGO,2022,161,27.666666
CHICAGO,2022,160,27.666666
CHICAGO,2022,159,27.666666
CHICAGO,2022,158,27.666666
CHICAGO,2022,157,27.666666
CHICAGO,2022,156,
CHICAGO,2022,155,
CHICAGO,2022,154,27.666666
CHICAGO,2022,153,27.666666
CHICAGO,2022,152,27.666666
CHICAGO,2022,151,27.666666
CHICAGO,2022,150,
CHICAGO,2022,149,
CHICAGO,2022,148,
CHICAGO,2022,147,27.666666
CHICAGO,2022,146,27.666666
CHICAGO,2022,145,27.666666
CHICAGO,2022,144,27.666666
CHICAGO,2022,143,27.666666
CHICAGO,2022,142,
CHICAGO,2022,141,
CHICAGO,2022,140,27.666666
CHICAGO,2022,139,27.666666
CHICAGO,2022,138,27.666666
CHICAGO,2022,137,27.666666
CHICAGO,2022,136,27.666666
CHICAGO,2022,135,
CHICAGO,2022,134,
CHICAGO,2022,133,27.666666
CHICAGO,2022,132,27.666666
CHICAGO,2022,131,27.666666
CHICAGO,2022,130,27.666666
CHICAGO,2022,129,27.666666
CHICAGO,2022,128,
CHICAGO,2022,127,
CHICAGO,2022,126,27.666666
CHICAGO,2022,125,27.666666
CHICAGO,2022,124,27.666666
CHICAGO,2022,123,27.666666
CHICAGO,2022,122,27.666666
CHICAGO,2022,121,
CHICAGO,2022,120,
CHICAGO,2022,119,27.666666
CHICAGO,2022,118,27.666666
CHICAGO,2022,117,27.666666
CHICAGO,2022,116,27.666666
CHICAGO,2022,115,27.666666
CHICAGO,2022,114,
CHICAGO,2022,113,
CHICAGO,2022,112,27.666666
CHICAGO,2022,111,27.666666
CHICAGO,2022,110,27.666666
CHICAGO,2022,109,27.666666
CHICAGO,2022,108,27.666666
CHICAGO,2022,107,
CHICAGO,2022,106,
CHICAGO,2022,105,27.666666
CHICAGO,2022,104,27.666666
CHICAGO,2022,103,27.666666
CHICAGO,2022,102,27.666666
CHICAGO,2022,101,27.666666
CHICAGO,2022,100,
CHICAGO,2022,99,
CHICAGO,2022,98,27.666666
CHICAGO,2022,97,27.666666
CHICAGO,2022,96,27.666666
CHICAGO,2022,95,27.666666
CHICAGO,2022,94,27.666666
CHICAGO,2022,93,
CHICAGO,2022,92,
CHICAGO,2022,91,27.666666
CHICAGO,2022,90,27.666666
CHICAGO,2022,89,27.666666
CHICAGO,2022,88,27.666666
CHICAGO,2022,87,27.666666
CHICAGO,2022,86,
CHICAGO,2022,85,
CHICAGO,2022,84,27.666666
CHICAGO,2022,83,27.666666
CHICAGO,2022,82,27.666666
CHICAGO,2022,81,27.666666
CHICAGO,2022,80,27.666666
CHICAGO,2022,79,
CHICAGO,2022,78,
CHICAGO,2022,77,27.666666
CHICAGO,2022,76,27.666666
CHICAGO,2022,75,27.666666
CHICAGO,2022,74,27.666666
CHICAGO,2022,73,27.666666
CHICAGO,2022,72,
CHICAGO,2022,71,
CHICAGO,2022,70,27.666666
CHICAGO,2022,69,27.666666
CHICAGO,2022,68,27.666666
CHICAGO,2022,67,27.666666
CHICAGO,2022,66,27.666666
CHICAGO,2022,65,
CHICAGO,2022,64,
CHICAGO,2022,63,27.666666
CHICAGO,2022,62,27.666666
CHICAGO,2022,61,27.666666
CHICAGO,2022,60,27.666666
CHICAGO,2022,59,27.666666
CHICAGO,2022,58,
CHICAGO,2022,57,
CHICAGO,2022,56,27.666666
CHICAGO,2022,55,27.666666
CHICAGO,2022,54,27.666666
CHICAGO,2022,53,27.666666
CHICAGO,2022,52,
CHICAGO,2022,51,
CHICAGO,2022,50,
CHICAGO,2022,49,27.666666
CHICAGO,2022,48,28.500000
CHICAGO,2022,47,28.500000
CHICAGO,2022,46,28.500000
CHICAGO,2022,45,28.500000
CHICAGO,2022,44,
CHICAGO,2022,43,
CHICAGO,2022,42,28.500000
CHICAGO,2022,41,28.500000
CHICAGO,2022,40,28.500000
CHICAGO,2022,39,28.500000
CHICAGO,2022,38,28.500000
CHICAGO,2022,37,
CHICAGO,2022,36,
CHICAGO,2022,35,28.500000
CHICAGO,2022,34,28.500000
CHICAGO,2022,33,28.500000
CHICAGO,2022,32,28.500000
CHICAGO,2022,31,28.500000
CHICAGO,2022,30,
CHICAGO,2022,29,
CHICAGO,2022,28,28.500000
CHICAGO,2022,27,31.500000
CHICAGO,2022,26,31.500000
CHICAGO,2022,25,31.500000
CHICAGO,2022,24,31.500000
CHICAGO,2022,23,
CHICAGO,2022,22,
CHICAGO,2022,21,31.500000
CHICAGO,2022,20,27.000000
CHICAGO,2022,19,27.000000
CHICAGO,2022,18,27.000000
CHICAGO,2022,17,
CHICAGO,2022,16,
CHICAGO,2022,15,
CHICAGO,2022,14,27.000000
CHICAGO,2022,13,27.000000
CHICAGO,2022,12,27.000000
CHICAGO,2022,11,27.000000
CHICAGO,2022,10,27.000000
CHICAGO,2022,9,
CHICAGO,2022,8,
CHICAGO,2022,7,27.000000
CHICAGO,2022,6,27.000000
CHICAGO,2022,5,27.000000
CHICAGO,2022,4,27.000000
CHICAGO,2022,3,27.000000
CHICAGO,2022,2,
LOS ANGELES,2022,366,
LOS ANGELES,2022,365,
LOS ANGELES,2022,364,27.500000
LOS ANGELES,2022,363,27.500000
LOS ANGELES,2022,362,27.500000
LOS ANGELES,2022,361,30.500000
LOS ANGELES,2022,360,
LOS ANGELES,2022,359,
LOS ANGELES,2022,358,
LOS ANGELES,2022,357,30.500000
LOS ANGELES,2022,356,30.500000
LOS ANGELES,2022,355,30.500000
LOS ANGELES,2022,354,30.500000
LOS ANGELES,2022,353,30.500000
LOS ANGELES,2022,352,
LOS ANGELES,2022,351,
LOS ANGELES,2022,350,36.500000
LOS ANGELES,2022,349,36.500000
LOS ANGELES,2022,348,36.500000
LOS ANGELES,2022,347,36.500000
LOS ANGELES,2022,346,36.500000
LOS ANGELES,2022,345,
LOS ANGELES,2022,344,
LOS ANGELES,2022,343,36.500000
LOS ANGELES,2022,342,36.500000
LOS ANGELES,2022,341,36.500000
LOS ANGELES,2022,340,35.666666
LOS ANGELES,2022,339,39.666666
LOS ANGELES,2022,338,
LOS ANGELES,2022,337,
LOS ANGELES,2022,336,40.500000
LOS ANGELES,2022,335,39.333333
LOS ANGELES,2022,334,39.333333
LOS ANGELES,2022,333,39.333333
LOS ANGELES,2022,332,38.333333
LOS ANGELES,2022,331,
LOS ANGELES,2022,330,
LOS ANGELES,2022,329,39.666666
LOS ANGELES,2022,328,
LOS ANGELES,2022,327,39.666666
LOS ANGELES,2022,326,38.000000
LOS ANGELES,2022,325,35.500000
LOS ANGELES,2022,324,
LOS ANGELES,2022,323,
LOS ANGELES,2022,322,35.500000
LOS ANGELES,2022,321,30.500000
LOS ANGELES,2022,320,30.500000
LOS ANGELES,2022,319,30.500000
LOS ANGELES,2022,318,30.500000
LOS ANGELES,2022,317,
LOS ANGELES,2022,316,
LOS ANGELES,2022,315,
LOS ANGELES,2022,314,30.500000
LOS ANGELES,2022,313,30.500000
LOS ANGELES,2022,312,30.500000
LOS ANGELES,2022,311,30.500000
LOS ANGELES,2022,310,
LOS ANGELES,2022,309,
LOS ANGELES,2022,308,30.500000
LOS ANGELES,2022,307,30.500000
LOS ANGELES,2022,306,30.500000
LOS ANGELES,2022,305,30.500000
LOS ANGELES,2022,304,30.500000
LOS ANGELES,2022,303,
LOS ANGELES,2022,302,
LOS ANGELES,2022,301,30.500000
LOS ANGELES,2022,300,30.000000
LOS ANGELES,2022,299,30.000000
LOS ANGELES,2022,298,30.000000
LOS ANGELES,2022,297,30.000000
LOS ANGELES,2022,296,
LOS ANGELES,2022,295,
LOS ANGELES,2022,294,30.000000
LOS ANGELES,2022,293,30.000000
LOS ANGELES,2022,292,30.000000
LOS ANGELES,2022,291,30.000000
LOS ANGELES,2022,290,30.000000
LOS ANGELES,2022,289,
LOS ANGELES,2022,288,
LOS ANGELES,2022,287,30.000000
LOS ANGELES,2022,286,30.000000
LOS ANGELES,2022,285,30.000000
LOS ANGELES,2022,284,30.000000
LOS ANGELES,2022,283,
LOS ANGELES,2022,282,
LOS ANGELES,2022,281,
LOS ANGELES,2022,280,28.000000
LOS ANGELES,2022,279,28.000000
LOS ANGELES,2022,278,28.000000
LOS ANGELES,2022,277,28.000000
LOS ANGELES,2022,276,28.000000
LOS ANGELES,2022,275,
LOS ANGELES,2022,274,
LOS ANGELES,2022,273,28.000000
LOS ANGELES,2022,272,28.000000
LOS ANGELES,2022,271,28.000000
LOS ANGELES,2022,270,28.000000
LOS ANGELES,2022,269,28.000000
LOS ANGELES,2022,268,
LOS ANGELES,2022,267,
LOS ANGELES,2022,266,28.000000
LOS ANGELES,2022,265,28.000000
LOS ANGELES,2022,264,28.000000
LOS ANGELES,2022,263,28.000000
LOS ANGELES,2022,262,25.500000
LOS ANGELES,2022,261,
LOS ANGELES,2022,260,
LOS ANGELES,2022,259,25.500000
LOS ANGELES,2022,258,25.500000
LOS ANGELES,2022,257,25.500000
LOS ANGELES,2022,256,25.500000
LOS ANGELES,2022,255,25.500000
LOS ANGELES,2022,254,
LOS ANGELES,2022,253,
LOS ANGELES,2022,252,25.500000
LOS ANGELES,2022,251,25.500000
LOS ANGELES,2022,250,25.500000
LOS ANGELES,2022,249,25.500000
LOS ANGELES,2022,248,
LOS ANGELES,2022,247,
LOS ANGELES,2022,246,
LOS ANGELES,2022,245,25.500000
LOS ANGELES,2022,244,25.500000
LOS ANGELES,2022,243,25.500000
LOS ANGELES,2022,242,25.500000
LOS ANGELES,2022,241,19.000000
LOS ANGELES,2022,240,
LOS ANGELES,2022,239,
LOS ANGELES,2022,238,19.000000
LOS ANGELES,2022,237,19.000000
LOS ANGELES,2022,236,19.000000
LOS ANGELES,2022,235,19.000000
LOS ANGELES,2022,234,19.000000
LOS ANGELES,2022,233,
LOS ANGELES,2022,232,
LOS ANGELES,2022,231,19.000000
LOS ANGELES,2022,230,19.000000
LOS ANGELES,2022,229,19.000000
LOS ANGELES,2022,228,19.000000
LOS ANGELES,2022,227,19.000000
LOS ANGELES,2022,226,
LOS ANGELES,2022,225,
LOS ANGELES,2022,224,19.000000
LOS ANGELES,2022,223,19.000000
LOS ANGELES,2022,222,19.000000
LOS ANGELES,2022,221,19.000000
LOS ANGELES,2022,220,19.000000
LOS ANGELES,2022,219,
LOS ANGELES,2022,218,
LOS ANGELES,2022,217,19.000000
LOS ANGELES,2022,216,19.000000
LOS ANGELES,2022,215,19.000000
LOS ANGELES,2022,214,19.000000
LOS ANGELES,2022,213,19.000000
LOS ANGELES,2022,212,
LOS ANGELES,2022,211,
LOS ANGELES,2022,210,19.000000
LOS ANGELES,2022,209,29.500000
LOS ANGELES,2022,208,29.500000
LOS ANGELES,2022,207,29.500000
LOS ANGELES,2022,206,29.500000
LOS ANGELES,2022,205,
LOS ANGELES,2022,204,
LOS ANGELES,2022,203,29.500000
LOS ANGELES,2022,202,29.500000
LOS ANGELES,2022,201,29.500000
LOS ANGELES,2022,200,29.500000
LOS ANGELES,2022,199,29.500000
LOS ANGELES,2022,198,
LOS ANGELES,2022,197,
LOS ANGELES,2022,196,29.500000
LOS ANGELES,2022,195,29.500000
LOS ANGELES,2022,194,29.500000
LOS ANGELES,2022,193,29.500000
LOS ANGELES,2022,192,29.500000
LOS ANGELES,2022,191,
LOS ANGELES,2022,190,
LOS ANGELES,2022,189,29.500000
LOS ANGELES,2022,188,29.000000
LOS ANGELES,2022,187,24.750000
LOS ANGELES,2022,186,24.750000
LOS ANGELES,2022,185,
LOS ANGELES,2022,184,
LOS ANGELES,2022,183,
LOS ANGELES,2022,182,24.750000
LOS ANGELES,2022,181,24.750000
LOS ANGELES,2022,180,24.750000
LOS ANGELES,2022,179,26.250000
LOS ANGELES,2022,178,26.250000
LOS ANGELES,2022,177,
LOS ANGELES,2022,176,
LOS ANGELES,2022,175,26.250000
LOS ANGELES,2022,174,26.250000
LOS ANGELES,2022,173,26.250000
LOS ANGELES,2022,172,26.250000
LOS ANGELES,2022,171,
LOS ANGELES,2022,170,
LOS ANGELES,2022,169,
LOS ANGELES,2022,168,26.250000
LOS ANGELES,2022,167,26.250000
LOS ANGELES,2022,166,26.250000
LOS ANGELES,2022,165,27.166666
LOS ANGELES,2022,164,27.166666
LOS ANGELES,2022,163,
LOS ANGELES,2022,162,
LOS ANGELES,2022,161,14.875000
LOS ANGELES,2022,160,14.875000
LOS ANGELES,2022,159,14.875000
LOS ANGELES,2022,158,14.875000
LOS ANGELES,2022,157,14.875000
LOS ANGELES,2022,156,
LOS ANGELES,2022,155,
LOS ANGELES,2022,154,14.875000
LOS ANGELES,2022,153,14.875000
LOS ANGELES,2022,152,14.875000
LOS ANGELES,2022,151,14.875000
LOS ANGELES,2022,150,
LOS ANGELES,2022,149,
LOS ANGELES,2022,148,
LOS ANGELES,2022,147,14.875000
LOS ANGELES,2022,146,14.875000
LOS ANGELES,2022,145,14.875000
LOS ANGELES,2022,144,14.875000
LOS ANGELES,2022,143,14.875000
LOS ANGELES,2022,142,
LOS ANGELES,2022,141,
LOS ANGELES,2022,140,14.875000
LOS ANGELES,2022,139,14.875000
LOS ANGELES,2022,138,14.875000
LOS ANGELES,2022,137,14.875000
LOS ANGELES,2022,136,14.875000
LOS ANGELES,2022,135,
LOS ANGELES,2022,134,
LOS ANGELES,2022,133,14.875000
LOS ANGELES,2022,132,14.875000
LOS ANGELES,2022,131,14.875000
LOS ANGELES,2022,130,14.875000
LOS ANGELES,2022,129,14.875000
LOS ANGELES,2022,128,
LOS ANGELES,2022,127,
LOS ANGELES,2022,126,14.875000
LOS ANGELES,2022,125,14.875000
LOS ANGELES,2022,124,14.875000
LOS ANGELES,2022,123,14.875000
LOS ANGELES,2022,122,14.875000
LOS ANGELES,2022,121,
LOS ANGELES,2022,120,
LOS ANGELES,2022,119,14.875000
LOS ANGELES,2022,118,14.875000
LOS ANGELES,2022,117,14.875000
LOS ANGELES,2022,116,14.875000
LOS ANGELES,2022,115,14.875000
LOS ANGELES,2022,114,
LOS ANGELES,2022,113,
LOS ANGELES,2022,112,14.875000
LOS ANGELES,2022,111,14.875000
LOS ANGELES,2022,110,12.875000
LOS ANGELES,2022,109,12.875000
LOS ANGELES,2022,108,12.875000
LOS ANGELES,2022,107,
LOS ANGELES,2022,106,
LOS ANGELES,2022,105,12.875000
LOS ANGELES,2022,104,12.875000
LOS ANGELES,2022,103,12.875000
LOS ANGELES,2022,102,12.925000
LOS ANGELES,2022,101,12.925000
LOS ANGELES,2022,100,
LOS ANGELES,2022,99,
LOS ANGELES,2022,98,12.925000
LOS ANGELES,2022,97,12.925000
LOS ANGELES,2022,96,12.925000
LOS ANGELES,2022,95,12.925000
LOS ANGELES,2022,94,12.925000
LOS ANGELES,2022,93,
LOS ANGELES,2022,92,
LOS ANGELES,2022,91,12.925000
LOS ANGELES,2022,90,12.925000
LOS ANGELES,2022,89,12.925000
LOS ANGELES,2022,88,12.925000
LOS ANGELES,2022,87,13.100000
LOS ANGELES,2022,86,
LOS ANGELES,2022,85,
LOS ANGELES,2022,84,13.100000
LOS ANGELES,2022,83,13.100000
LOS ANGELES,2022,82,13.100000
LOS ANGELES,2022,81,13.100000
LOS ANGELES,2022,80,13.100000
LOS ANGELES,2022,79,
LOS ANGELES,2022,78,
LOS ANGELES,2022,77,13.100000
LOS ANGELES,2022,76,13.100000
LOS ANGELES,2022,75,13.100000
LOS ANGELES,2022,74,13.100000
LOS ANGELES,2022,73,13.100000
LOS ANGELES,2022,72,
LOS ANGELES,2022,71,
LOS ANGELES,2022,70,13.100000
LOS ANGELES,2022,69,13.100000
LOS ANGELES,2022,68,12.850000
LOS ANGELES,2022,67,12.850000
LOS ANGELES,2022,66,16.350000
LOS ANGELES,2022,65,
LOS ANGELES,2022,64,
LOS ANGELES,2022,63,16.350000
LOS ANGELES,2022,62,16.350000
LOS ANGELES,2022,61,16.350000
LOS ANGELES,2022,60,16.350000
LOS ANGELES,2022,59,12.850000
LOS ANGELES,2022,58,
LOS ANGELES,2022,57,
LOS ANGELES,2022,56,12.850000
LOS ANGELES,2022,55,12.850000
LOS ANGELES,2022,54,12.850000
LOS ANGELES,2022,53,12.850000
LOS ANGELES,2022,52,
LOS ANGELES,2022,51,
LOS ANGELES,2022,50,
LOS ANGELES,2022,49,12.850000
LOS ANGELES,2022,48,12.850000
LOS ANGELES,2022,47,0.700000
LOS ANGELES,2022,46,0.700000
LOS ANGELES,2022,45,0.600000
LOS ANGELES,2022,44,
LOS ANGELES,2022,43,
LOS ANGELES,2022,42,0.600000
LOS ANGELES,2022,41,0.600000
LOS ANGELES,2022,40,0.600000
LOS ANGELES,2022,39,0.600000
LOS ANGELES,2022,38,0.600000
LOS ANGELES,2022,37,
LOS ANGELES,2022,36,
LOS ANGELES,2022,35,0.600000
LOS ANGELES,2022,34,0.600000
LOS ANGELES,2022,33,0.600000
LOS ANGELES,2022,32,0.600000
LOS ANGELES,2022,31,0.600000
LOS ANGELES,2022,30,
LOS ANGELES,2022,29,
LOS ANGELES,2022,28,0.600000
LOS ANGELES,2022,27,0.600000
LOS ANGELES,2022,26,0.600000
LOS ANGELES,2022,25,0.600000
LOS ANGELES,2022,24,0.600000
LOS ANGELES,2022,23,
LOS ANGELES,2022,22,
LOS ANGELES,2022,21,0.600000
LOS ANGELES,2022,20,0.600000
LOS ANGELES,2022,19,0.600000
LOS ANGELES,2022,18,0.600000
LOS ANGELES,2022,17,
LOS ANGELES,2022,16,
LOS ANGELES,2022,15,
LOS ANGELES,2022,14,0.600000
LOS ANGELES,2022,13,0.600000
LOS ANGELES,2022,12,0.450000
LOS ANGELES,2022,11,0.450000
LOS ANGELES,2022,10,0.450000
LOS ANGELES,2022,9,
LOS ANGELES,2022,8,
LOS ANGELES,2022,7,0.450000
LOS ANGELES,2022,6,0.450000
LOS ANGELES,2022,5,0.450000
LOS ANGELES,2022,4,0.450000
LOS ANGELES,2022,3,
LOS ANGELES,2022,2,
NEW YORK,2022,366,
NEW YORK,2022,365,
NEW YORK,2022,364,32.000000
NEW YORK,2022,363,32.000000
NEW YORK,2022,362,
NEW YORK,2022,361,
NEW YORK,2022,360,
NEW YORK,2022,359,
NEW YORK,2022,358,
NEW YORK,2022,357,
NEW YORK,2022,356,
NEW YORK,2022,355,
NEW YORK,2022,354,
NEW YORK,2022,353,
NEW YORK,2022,352,
NEW YORK,2022,351,
NEW YORK,2022,350,
NEW YORK,2022,349,
NEW YORK,2022,348,
NEW YORK,2022,347,
NEW YORK,2022,346,
NEW YORK,2022,345,
NEW YORK,2022,344,
NEW YORK,2022,343,
NEW YORK,2022,342,
NEW YORK,2022,341,
NEW YORK,2022,340,
NEW YORK,2022,339,
NEW YORK,2022,338,
NEW YORK,2022,337,
NEW YORK,2022,336,
NEW YORK,2022,335,
NEW YORK,2022,334,
NEW YORK,2022,333,
NEW YORK,2022,332,
NEW YORK,2022,331,
NEW YORK,2022,330,
NEW YORK,2022,329,
NEW YORK,2022,328,
NEW YORK,2022,327,
NEW YORK,2022,326,
NEW YORK,2022,325,
NEW YORK,2022,324,
NEW YORK,2022,323,
NEW YORK,2022,322,
NEW YORK,2022,321,
NEW YORK,2022,320,
NEW YORK,2022,319,
NEW YORK,2022,318,
NEW YORK,2022,317,
NEW YORK,2022,316,
NEW YORK,2022,315,
NEW YORK,2022,314,
NEW YORK,2022,313,
NEW YORK,2022,312,
NEW YORK,2022,311,
NEW YORK,2022,310,
NEW YORK,2022,309,
NEW YORK,2022,308,
NEW YORK,2022,307,
NEW YORK,2022,306,
NEW YORK,2022,305,
NEW YORK,2022,304,
NEW YORK,2022,303,
NEW YORK,2022,302,
NEW YORK,2022,301,
NEW YORK,2022,300,
NEW YORK,2022,299,
NEW YORK,2022,298,
NEW YORK,2022,297,
NEW YORK,2022,296,
NEW YORK,2022,295,
NEW YORK,2022,294,
NEW YORK,2022,293,
NEW YORK,2022,292,
NEW YORK,2022,291,
NEW YORK,2022,290,
NEW YORK,2022,289,
NEW YORK,2022,288,
NEW YORK,2022,287,
NEW YORK,2022,286,
NEW YORK,2022,285,
NEW YORK,2022,284,
NEW YORK,2022,283,
NEW YORK,2022,282,
NEW YORK,2022,281,
NEW YORK,2022,280,
NEW YORK,2022,279,
NEW YORK,2022,278,
NEW YORK,2022,277,
NEW YORK,2022,276,23.000000
NEW YORK,2022,275,
NEW YORK,2022,274,
NEW YORK,2022,273,
NEW YORK,2022,272,
NEW YORK,2022,271,24.000000
NEW YORK,2022,270,24.000000
NEW YORK,2022,269,24.000000
NEW YORK,2022,268,
NEW YORK,2022,267,
NEW YORK,2022,266,24.000000
NEW YORK,2022,265,24.000000
NEW YORK,2022,264,24.000000
NEW YORK,2022,263,24.000000
NEW YORK,2022,262,
NEW YORK,2022,261,
NEW YORK,2022,260,
NEW YORK,2022,259,
NEW YORK,2022,258,
NEW YORK,2022,257,
NEW YORK,2022,256,17.000000
NEW YORK,2022,255,20.000000
NEW YORK,2022,254,
NEW YORK,2022,253,
NEW YORK,2022,252,24.000000
NEW YORK,2022,251,24.000000
NEW YORK,2022,250,24.000000
NEW YORK,2022,249,25.000000
NEW YORK,2022,248,
NEW YORK,2022,247,
NEW YORK,2022,246,
NEW YORK,2022,245,24.000000
NEW YORK,2022,244,24.000000
NEW YORK,2022,243,24.000000
NEW YORK,2022,242,24.000000
NEW YORK,2022,241,24.000000
NEW YORK,2022,240,
NEW YORK,2022,239,
NEW YORK,2022,238,27.000000
NEW YORK,2022,237,27.000000
NEW YORK,2022,236,
NEW YORK,2022,235,
NEW YORK,2022,234,
NEW YORK,2022,233,
NEW YORK,2022,232,
NEW YORK,2022,231,21.000000
NEW YORK,2022,230,21.000000
NEW YORK,2022,229,21.000000
NEW YORK,2022,228,21.000000
NEW YORK,2022,227,21.000000
NEW YORK,2022,226,
NEW YORK,2022,225,
NEW YORK,2022,224,20.000000
NEW YORK,2022,223,20.000000
NEW YORK,2022,222,20.000000
NEW YORK,2022,221,20.000000
NEW YORK,2022,220,20.000000
NEW YORK,2022,219,
NEW YORK,2022,218,
NEW YORK,2022,217,22.000000
NEW YORK,2022,216,22.000000
NEW YORK,2022,215,
NEW YORK,2022,214,
NEW YORK,2022,213,
NEW YORK,2022,212,
NEW YORK,2022,211,
NEW YORK,2022,210,
NEW YORK,2022,209,
NEW YORK,2022,208,26.000000
NEW YORK,2022,207,27.000000
NEW YORK,2022,206,27.000000
NEW YORK,2022,205,
NEW YORK,2022,204,
NEW YORK,2022,203,20.000000
NEW YORK,2022,202,20.000000
NEW YORK,2022,201,20.000000
NEW YORK,2022,200,
NEW YORK,2022,199,
NEW YORK,2022,198,
NEW YORK,2022,197,
NEW YORK,2022,196,
NEW YORK,2022,195,
NEW YORK,2022,194,
NEW YORK,2022,193,
NEW YORK,2022,192,
NEW YORK,2022,191,
NEW YORK,2022,190,
NEW YORK,2022,189,
NEW YORK,2022,188,
NEW YORK,2022,187,
NEW YORK,2022,186,
NEW YORK,2022,185,
NEW YORK,2022,184,
NEW YORK,2022,183,
NEW YORK,2022,182,
NEW YORK,2022,181,
NEW YORK,2022,180,
NEW YORK,2022,179,
NEW YORK,2022,178,
NEW YORK,2022,177,
NEW YORK,2022,176,
NEW YORK,2022,175,
NEW YORK,2022,174,
NEW YORK,2022,173,
NEW YORK,2022,172,
NEW YORK,2022,171,
NEW YORK,2022,170,
NEW YORK,2022,169,
NEW YORK,2022,168,
NEW YORK,2022,167,
NEW YORK,2022,166,
NEW YORK,2022,165,
NEW YORK,2022,164,
NEW YORK,2022,163,
NEW YORK,2022,162,
NEW YORK,2022,161,
NEW YORK,2022,160,
NEW YORK,2022,159,
NEW YORK,2022,158,
NEW YORK,2022,157,
NEW YORK,2022,156,
NEW YORK,2022,155,
NEW YORK,2022,154,
NEW YORK,2022,153,
NEW YORK,2022,152,
NEW YORK,2022,151,
NEW YORK,2022,150,
NEW YORK,2022,149,
NEW YORK,2022,148,
NEW YORK,2022,147,
NEW YORK,2022,146,
NEW YORK,2022,145,
NEW YORK,2022,144,
NEW YORK,2022,143,
NEW YORK,2022,142,
NEW YORK,2022,141,
NEW YORK,2022,140,
NEW YORK,2022,139,
NEW YORK,2022,138,
NEW YORK,2022,137,
NEW YORK,2022,136,
NEW YORK,2022,135,
NEW YORK,2022,134,
NEW YORK,2022,133,
NEW YORK,2022,132,
NEW YORK,2022,131,
NEW YORK,2022,130,
NEW YORK,2022,129,
NEW YORK,2022,128,
NEW YORK,2022,127,
NEW YORK,2022,126,
NEW YORK,2022,125,
NEW YORK,2022,124,
NEW YORK,2022,123,
NEW YORK,2022,122,
NEW YORK,2022,121,
NEW YORK,2022,120,
NEW YORK,2022,119,
NEW YORK,2022,118,
NEW YORK,2022,117,
NEW YORK,2022,116,
NEW YORK,2022,115,
NEW YORK,2022,114,
NEW YORK,2022,113,
NEW YORK,2022,112,
NEW YORK,2022,111,
NEW YORK,2022,110,
NEW YORK,2022,109,
NEW YORK,2022,108,
NEW YORK,2022,107,
NEW YORK,2022,106,
NEW YORK,2022,105,
NEW YORK,2022,104,
NEW YORK,2022,103,
NEW YORK,2022,102,23.000000
NEW YORK,2022,101,23.000000
NEW YORK,2022,100,
NEW YORK,2022,99,
NEW YORK,2022,98,20.500000
NEW YORK,2022,97,20.500000
NEW YORK,2022,96,20.500000
NEW YORK,2022,95,20.500000
NEW YORK,2022,94,20.500000
NEW YORK,2022,93,
NEW YORK,2022,92,
NEW YORK,2022,91,20.000000
NEW YORK,2022,90,20.000000
NEW YORK,2022,89,20.000000
NEW YORK,2022,88,20.000000
NEW YORK,2022,87,20.000000
NEW YORK,2022,86,
NEW YORK,2022,85,
NEW YORK,2022,84,20.000000
NEW YORK,2022,83,20.000000
NEW YORK,2022,82,20.000000
NEW YORK,2022,81,20.000000
NEW YORK,2022,80,20.000000
NEW YORK,2022,79,
NEW YORK,2022,78,
NEW YORK,2022,77,20.000000
NEW YORK,2022,76,20.000000
NEW YORK,2022,75,20.000000
NEW YORK,2022,74,20.000000
NEW YORK,2022,73,20.000000
NEW YORK,2022,72,
NEW YORK,2022,71,
NEW YORK,2022,70,20.000000
NEW YORK,2022,69,20.000000
NEW YORK,2022,68,20.000000
NEW YORK,2022,67,20.000000
NEW YORK,2022,66,20.000000
NEW YORK,2022,65,
NEW YORK,2022,64,
NEW YORK,2022,63,
NEW YORK,2022,62,
NEW YORK,2022,61,
NEW YORK,2022,60,20.000000
NEW YORK,2022,59,20.000000
NEW YORK,2022,58,
NEW YORK,2022,57,
NEW YORK,2022,56,20.000000
NEW YORK,2022,55,20.000000
NEW YORK,2022,54,20.000000
NEW YORK,2022,53,20.000000
NEW YORK,2022,52,
NEW YORK,2022,51,
NEW YORK,2022,50,
NEW YORK,2022,49,20.000000
NEW YORK,2022,48,20.000000
NEW YORK,2022,47,20.000000
NEW YORK,2022,46,20.000000
NEW YORK,2022,45,20.000000
NEW YORK,2022,44,
NEW YORK,2022,43,
NEW YORK,2022,42,20.000000
NEW YORK,2022,41,20.000000
NEW YORK,2022,40,20.000000
NEW YORK,2022,39,20.000000
NEW YORK,2022,38,20.000000
NEW YORK,2022,37,
NEW YORK,2022,36,
NEW YORK,2022,35,20.000000
NEW YORK,2022,34,20.000000
NEW YORK,2022,33,20.000000
NEW YORK,2022,32,20.000000
NEW YORK,2022,31,20.000000
NEW YORK,2022,30,
NEW YORK,2022,29,
NEW YORK,2022,28,20.000000
NEW YORK,2022,27,20.000000
NEW YORK,2022,26,20.000000
NEW YORK,2022,25,20.000000
NEW YORK,2022,24,20.000000
NEW YORK,2022,23,
NEW YORK,2022,22,
NEW YORK,2022,21,
NEW YORK,2022,20,
NEW YORK,2022,19,
NEW YORK,2022,18,
NEW YORK,2022,17,
NEW YORK,2022,16,
NEW YORK,2022,15,
NEW YORK,2022,14,
NEW YORK,2022,13,
NEW YORK,2022,12,
NEW YORK,2022,11,
NEW YORK,2022,10,
NEW YORK,2022,9,
NEW YORK,2022,8,
NEW YORK,2022,7,
NEW YORK,2022,6,
NEW YORK,2022,5,
NEW YORK,2022,4,
NEW YORK,2022,3,
NEW YORK,2022,2,
PHILADELPHIA,2022,366,
PHILADELPHIA,2022,365,
PHILADELPHIA,2022,364,
PHILADELPHIA,2022,363,
PHILADELPHIA,2022,362,
PHILADELPHIA,2022,361,
PHILADELPHIA,2022,360,
PHILADELPHIA,2022,359,
PHILADELPHIA,2022,358,
PHILADELPHIA,2022,357,
PHILADELPHIA,2022,356,
PHILADELPHIA,2022,355,
PHILADELPHIA,2022,354,
PHILADELPHIA,2022,353,
PHILADELPHIA,2022,352,
PHILADELPHIA,2022,351,
PHILADELPHIA,2022,350,23.000000
PHILADELPHIA,2022,349,23.000000
PHILADELPHIA,2022,348,23.000000
PHILADELPHIA,2022,347,23.000000
PHILADELPHIA,2022,346,23.000000
PHILADELPHIA,2022,345,
PHILADELPHIA,2022,344,
PHILADELPHIA,2022,343,23.000000
PHILADELPHIA,2022,342,23.000000
PHILADELPHIA,2022,341,23.000000
PHILADELPHIA,2022,340,23.000000
PHILADELPHIA,2022,339,23.000000
PHILADELPHIA,2022,338,
PHILADELPHIA,2022,337,
PHILADELPHIA,2022,336,23.000000
PHILADELPHIA,2022,335,23.000000
PHILADELPHIA,2022,334,23.000000
PHILADELPHIA,2022,333,23.000000
PHILADELPHIA,2022,332,23.000000
PHILADELPHIA,2022,331,
PHILADELPHIA,2022,330,
PHILADELPHIA,2022,329,
PHILADELPHIA,2022,328,
PHILADELPHIA,2022,327,23.000000
PHILADELPHIA,2022,326,23.000000
PHILADELPHIA,2022,325,23.000000
PHILADELPHIA,2022,324,
PHILADELPHIA,2022,323,
PHILADELPHIA,2022,322,23.000000
PHILADELPHIA,2022,321,23.000000
PHILADELPHIA,2022,320,23.000000
PHILADELPHIA,2022,319,23.000000
PHILADELPHIA,2022,318,23.000000
PHILADELPHIA,2022,317,
PHILADELPHIA,2022,316,
PHILADELPHIA,2022,315,
PHILADELPHIA,2022,314,23.000000
PHILADELPHIA,2022,313,23.000000
PHILADELPHIA,2022,312,23.000000
PHILADELPHIA,2022,311,23.000000
PHILADELPHIA,2022,310,
PHILADELPHIA,2022,309,
PHILADELPHIA,2022,308,18.000000
PHILADELPHIA,2022,307,18.000000
PHILADELPHIA,2022,306,18.000000
PHILADELPHIA,2022,305,18.000000
PHILADELPHIA,2022,304,18.000000
PHILADELPHIA,2022,303,
PHILADELPHIA,2022,302,
PHILADELPHIA,2022,301,18.000000
PHILADELPHIA,2022,300,18.000000
PHILADELPHIA,2022,299,18.000000
PHILADELPHIA,2022,298,18.000000
PHILADELPHIA,2022,297,18.000000
PHILADELPHIA,2022,296,
PHILADELPHIA,2022,295,
PHILADELPHIA,2022,294,18.000000
PHILADELPHIA,2022,293,18.000000
PHILADELPHIA,2022,292,18.000000
PHILADELPHIA,2022,291,18.000000
PHILADELPHIA,2022,290,18.000000
PHILADELPHIA,2022,289,
PHILADELPHIA,2022,288,
PHILADELPHIA,2022,287,17.000000
PHILADELPHIA,2022,286,17.000000
PHILADELPHIA,2022,285,17.000000
PHILADELPHIA,2022,284,17.000000
PHILADELPHIA,2022,283,
PHILADELPHIA,2022,282,
PHILADELPHIA,2022,281,
PHILADELPHIA,2022,280,17.000000
PHILADELPHIA,2022,279,17.000000
PHILADELPHIA,2022,278,17.000000
PHILADELPHIA,2022,277,17.000000
PHILADELPHIA,2022,276,17.000000
PHILADELPHIA,2022,275,
PHILADELPHIA,2022,274,
PHILADELPHIA,2022,273,18.000000
PHILADELPHIA,2022,272,18.000000
PHILADELPHIA,2022,271,18.000000
PHILADELPHIA,2022,270,18.000000
PHILADELPHIA,2022,269,18.000000
PHILADELPHIA,2022,268,
PHILADELPHIA,2022,267,
PHILADELPHIA,2022,266,18.000000
PHILADELPHIA,2022,265,18.000000
PHILADELPHIA,2022,264,18.000000
PHILADELPHIA,2022,263,18.000000
PHILADELPHIA,2022,262,18.000000
PHILADELPHIA,2022,261,
PHILADELPHIA,2022,260,
PHILADELPHIA,2022,259,18.000000
PHILADELPHIA,2022,258,18.000000
PHILADELPHIA,2022,257,18.000000
PHILADELPHIA,2022,256,18.000000
PHILADELPHIA,2022,255,18.000000
PHILADELPHIA,2022,254,
PHILADELPHIA,2022,253,
PHILADELPHIA,2022,252,20.000000
PHILADELPHIA,2022,251,20.000000
PHILADELPHIA,2022,250,20.000000
PHILADELPHIA,2022,249,20.000000
PHILADELPHIA,2022,248,
PHILADELPHIA,2022,247,
PHILADELPHIA,2022,246,
PHILADELPHIA,2022,245,19.000000
PHILADELPHIA,2022,244,19.000000
PHILADELPHIA,2022,243,19.000000
PHILADELPHIA,2022,242,19.000000
PHILADELPHIA,2022,241,19.000000
PHILADELPHIA,2022,240,
PHILADELPHIA,2022,239,
PHILADELPHIA,2022,238,20.000000
PHILADELPHIA,2022,237,20.000000
PHILADELPHIA,2022,236,20.000000
PHILADELPHIA,2022,235,20.000000
PHILADELPHIA,2022,234,20.000000
PHILADELPHIA,2022,233,
PHILADELPHIA,2022,232,
PHILADELPHIA,2022,231,17.500000
PHILADELPHIA,2022,230,17.500000
PHILADELPHIA,2022,229,17.500000
PHILADELPHIA,2022,228,17.500000
PHILADELPHIA,2022,227,17.500000
PHILADELPHIA,2022,226,
PHILADELPHIA,2022,225,
PHILADELPHIA,2022,224,17.500000
PHILADELPHIA,2022,223,17.500000
PHILADELPHIA,2022,222,17.500000
PHILADELPHIA,2022,221,17.500000
PHILADELPHIA,2022,220,17.500000
PHILADELPHIA,2022,219,
PHILADELPHIA,2022,218,
PHILADELPHIA,2022,217,20.000000
PHILADELPHIA,2022,216,20.000000
PHILADELPHIA,2022,215,
PHILADELPHIA,2022,214,
PHILADELPHIA,2022,213,
PHILADELPHIA,2022,212,
PHILADELPHIA,2022,211,
PHILADELPHIA,2022,210,
PHILADELPHIA,2022,209,
PHILADELPHIA,2022,208,
PHILADELPHIA,2022,207,
PHILADELPHIA,2022,206,
PHILADELPHIA,2022,205,
PHILADELPHIA,2022,204,
PHILADELPHIA,2022,203,
PHILADELPHIA,2022,202,
PHILADELPHIA,2022,201,
PHILADELPHIA,2022,200,
PHILADELPHIA,2022,199,
PHILADELPHIA,2022,198,
PHILADELPHIA,2022,197,
PHILADELPHIA,2022,196,
PHILADELPHIA,2022,195,
PHILADELPHIA,2022,194,
PHILADELPHIA,2022,193,
PHILADELPHIA,2022,192,
PHILADELPHIA,2022,191,
PHILADELPHIA,2022,190,
PHILADELPHIA,2022,189,
PHILADELPHIA,2022,188,
PHILADELPHIA,2022,187,
PHILADELPHIA,2022,186,
PHILADELPHIA,2022,185,
PHILADELPHIA,2022,184,
PHILADELPHIA,2022,183,
PHILADELPHIA,2022,182,
PHILADELPHIA,2022,181,
PHILADELPHIA,2022,180,
PHILADELPHIA,2022,179,
PHILADELPHIA,2022,178,19.000000
PHILADELPHIA,2022,177,
PHILADELPHIA,2022,176,
PHILADELPHIA,2022,175,19.000000
PHILADELPHIA,2022,174,19.000000
PHILADELPHIA,2022,173,19.000000
PHILADELPHIA,2022,172,19.000000
PHILADELPHIA,2022,171,
PHILADELPHIA,2022,170,
PHILADELPHIA,2022,169,
PHILADELPHIA,2022,168,19.000000
PHILADELPHIA,2022,167,19.000000
PHILADELPHIA,2022,166,19.000000
PHILADELPHIA,2022,165,19.000000
PHILADELPHIA,2022,164,19.000000
PHILADELPHIA,2022,163,
PHILADELPHIA,2022,162,
PHILADELPHIA,2022,161,19.000000
PHILADELPHIA,2022,160,19.000000
PHILADELPHIA,2022,159,19.000000
PHILADELPHIA,2022,158,19.000000
PHILADELPHIA,2022,157,
PHILADELPHIA,2022,156,
PHILADELPHIA,2022,155,
PHILADELPHIA,2022,154,
PHILADELPHIA,2022,153,
PHILADELPHIA,2022,152,
PHILADELPHIA,2022,151,
PHILADELPHIA,2022,150,
PHILADELPHIA,2022,149,
PHILADELPHIA,2022,148,
PHILADELPHIA,2022,147,
PHILADELPHIA,2022,146,
PHILADELPHIA,2022,145,
PHILADELPHIA,2022,144,
PHILADELPHIA,2022,143,
PHILADELPHIA,2022,142,
PHILADELPHIA,2022,141,
PHILADELPHIA,2022,140,
PHILADELPHIA,2022,139,18.000000
PHILADELPHIA,2022,138,18.000000
PHILADELPHIA,2022,137,18.000000
PHILADELPHIA,2022,136,18.000000
PHILADELPHIA,2022,135,
PHILADELPHIA,2022,134,
PHILADELPHIA,2022,133,18.000000
PHILADELPHIA,2022,132,18.000000
PHILADELPHIA,2022,131,18.000000
PHILADELPHIA,2022,130,18.000000
PHILADELPHIA,2022,129,18.000000
PHILADELPHIA,2022,128,
PHILADELPHIA,2022,127,
PHILADELPHIA,2022,126,18.000000
PHILADELPHIA,2022,125,18.000000
PHILADELPHIA,2022,124,18.000000
PHILADELPHIA,2022,123,18.000000
PHILADELPHIA,2022,122,18.000000
PHILADELPHIA,2022,121,
PHILADELPHIA,2022,120,
PHILADELPHIA,2022,119,18.000000
PHILADELPHIA,2022,118,18.000000
PHILADELPHIA,2022,117,18.000000
PHILADELPHIA,2022,116,18.000000
PHILADELPHIA,2022,115,18.000000
PHILADELPHIA,2022,114,
PHILADELPHIA,2022,113,
PHILADELPHIA,2022,112,
PHILADELPHIA,2022,111,
PHILADELPHIA,2022,110,
PHILADELPHIA,2022,109,
PHILADELPHIA,2022,108,
PHILADELPHIA,2022,107,
PHILADELPHIA,2022,106,
PHILADELPHIA,2022,105,
PHILADELPHIA,2022,104,
PHILADELPHIA,2022,103,
PHILADELPHIA,2022,102,
PHILADELPHIA,2022,101,
PHILADELPHIA,2022,100,
PHILADELPHIA,2022,99,
PHILADELPHIA,2022,98,
PHILADELPHIA,2022,97,
PHILADELPHIA,2022,96,
PHILADELPHIA,2022,95,
PHILADELPHIA,2022,94,
PHILADELPHIA,2022,93,
PHILADELPHIA,2022,92,
PHILADELPHIA,2022,91,18.000000
PHILADELPHIA,2022,90,18.000000
PHILADELPHIA,2022,89,
PHILADELPHIA,2022,88,
PHILADELPHIA,2022,87,
PHILADELPHIA,2022,86,
PHILADELPHIA,2022,85,
PHILADELPHIA,2022,84,
PHILADELPHIA,2022,83,
PHILADELPHIA,2022,82,
PHILADELPHIA,2022,81,
PHILADELPHIA,2022,80,
PHILADELPHIA,2022,79,
PHILADELPHIA,2022,78,
PHILADELPHIA,2022,77,
PHILADELPHIA,2022,76,
PHILADELPHIA,2022,75,
PHILADELPHIA,2022,74,
PHILADELPHIA,2022,73,
PHILADELPHIA,2022,72,
PHILADELPHIA,2022,71,
PHILADELPHIA,2022,70,
PHILADELPHIA,2022,69,
PHILADELPHIA,2022,68,
PHILADELPHIA,2022,67,
PHILADELPHIA,2022,66,
PHILADELPHIA,2022,65,
PHILADELPHIA,2022,64,
PHILADELPHIA,2022,63,
PHILADELPHIA,2022,62,
PHILADELPHIA,2022,61,
PHILADELPHIA,2022,60,
PHILADELPHIA,2022,59,
PHILADELPHIA,2022,58,
PHILADELPHIA,2022,57,
PHILADELPHIA,2022,56,27.000000
PHILADELPHIA,2022,55,27.000000
PHILADELPHIA,2022,54,27.000000
PHILADELPHIA,2022,53,16.000000
PHILADELPHIA,2022,52,
PHILADELPHIA,2022,51,
PHILADELPHIA,2022,50,
PHILADELPHIA,2022,49,20.000000
PHILADELPHIA,2022,48,20.000000
PHILADELPHIA,2022,47,20.000000
PHILADELPHIA,2022,46,20.000000
PHILADELPHIA,2022,45,16.000000
PHILADELPHIA,2022,44,
PHILADELPHIA,2022,43,
PHILADELPHIA,2022,42,16.000000
PHILADELPHIA,2022,41,16.000000
PHILADELPHIA,2022,40,16.000000
PHILADELPHIA,2022,39,16.000000
PHILADELPHIA,2022,38,16.000000
PHILADELPHIA,2022,37,
PHILADELPHIA,2022,36,
PHILADELPHIA,2022,35,16.000000
PHILADELPHIA,2022,34,16.000000
PHILADELPHIA,2022,33,16.000000
PHILADELPHIA,2022,32,16.000000
PHILADELPHIA,2022,31,16.000000
PHILADELPHIA,2022,30,
PHILADELPHIA,2022,29,
PHILADELPHIA,2022,28,16.000000
PHILADELPHIA,2022,27,16.000000
PHILADELPHIA,2022,26,16.000000
PHILADELPHIA,2022,25,16.000000
PHILADELPHIA,2022,24,16.000000
PHILADELPHIA,2022,23,
PHILADELPHIA,2022,22,
PHILADELPHIA,2022,21,16.000000
PHILADELPHIA,2022,20,16.000000
PHILADELPHIA,2022,19,16.000000
PHILADELPHIA,2022,18,16.000000
PHILADELPHIA,2022,17,
PHILADELPHIA,2022,16,
PHILADELPHIA,2022,15,
PHILADELPHIA,2022,14,16.000000
PHILADELPHIA,2022,13,16.000000
PHILADELPHIA,2022,12,16.000000
PHILADELPHIA,2022,11,16.000000
PHILADELPHIA,2022,10,16.000000
PHILADELPHIA,2022,9,
PHILADELPHIA,2022,8,
PHILADELPHIA,2022,7,16.000000
PHILADELPHIA,2022,6,16.000000
PHILADELPHIA,2022,5,16.000000
PHILADELPHIA,2022,4,16.000000
PHILADELPHIA,2022,3,16.000000
PHILADELPHIA,2022,2,
BALTIMORE,2021,366,
BALTIMORE,2021,365,
BALTIMORE,2021,364,22.000000
BALTIMORE,2021,363,24.000000
BALTIMORE,2021,362,24.000000
BALTIMORE,2021,361,24.000000
BALTIMORE,2021,360,
BALTIMORE,2021,359,
BALTIMORE,2021,358,
BALTIMORE,2021,357,24.000000
BALTIMORE,2021,356,24.000000
BALTIMORE,2021,355,19.000000
BALTIMORE,2021,354,18.000000
BALTIMORE,2021,353,
BALTIMORE,2021,352,
BALTIMORE,2021,351,19.500000
BALTIMORE,2021,350,26.500000
BALTIMORE,2021,349,19.500000
BALTIMORE,2021,348,19.500000
BALTIMORE,2021,347,19.500000
BALTIMORE,2021,346,
BALTIMORE,2021,345,
BALTIMORE,2021,344,19.500000
BALTIMORE,2021,343,19.500000
BALTIMORE,2021,342,21.500000
BALTIMORE,2021,341,21.500000
BALTIMORE,2021,340,21.500000
BALTIMORE,2021,339,
BALTIMORE,2021,338,
BALTIMORE,2021,337,
BALTIMORE,2021,336,
BALTIMORE,2021,335,
BALTIMORE,2021,334,
BALTIMORE,2021,333,
BALTIMORE,2021,332,
BALTIMORE,2021,331,
BALTIMORE,2021,330,36.000000
BALTIMORE,2021,329,
BALTIMORE,2021,328,36.000000
BALTIMORE,2021,327,36.000000
BALTIMORE,2021,326,36.000000
BALTIMORE,2021,325,
BALTIMORE,2021,324,
BALTIMORE,2021,323,36.000000
BALTIMORE,2021,322,36.000000
BALTIMORE,2021,321,36.000000
BALTIMORE,2021,320,38.000000
BALTIMORE,2021,319,38.000000
BALTIMORE,2021,318,
BALTIMORE,2021,317,
BALTIMORE,2021,316,
BALTIMORE,2021,315,
BALTIMORE,2021,314,
BALTIMORE,2021,313,
BALTIMORE,2021,312,
BALTIMORE,2021,311,
BALTIMORE,2021,310,
BALTIMORE,2021,309,38.000000
BALTIMORE,2021,308,
BALTIMORE,2021,307,
BALTIMORE,2021,306,
BALTIMORE,2021,305,
BALTIMORE,2021,304,
BALTIMORE,2021,303,
BALTIMORE,2021,302,
BALTIMORE,2021,301,
BALTIMORE,2021,300,
BALTIMORE,2021,299,
BALTIMORE,2021,298,
BALTIMORE,2021,297,
BALTIMORE,2021,296,
BALTIMORE,2021,295,29.000000
BALTIMORE,2021,294,29.000000
BALTIMORE,2021,293,29.000000
BALTIMORE,2021,292,29.000000
BALTIMORE,2021,291,29.000000
BALTIMORE,2021,290,
BALTIMORE,2021,289,
BALTIMORE,2021,288,
BALTIMORE,2021,287,
BALTIMORE,2021,286,
BALTIMORE,2021,285,
BALTIMORE,2021,284,
BALTIMORE,2021,283,
BALTIMORE,2021,282,
BALTIMORE,2021,281,
BALTIMORE,2021,280,
BALTIMORE,2021,279,
BALTIMORE,2021,278,
BALTIMORE,2021,277,
BALTIMORE,2021,276,
BALTIMORE,2021,275,
BALTIMORE,2021,274,
BALTIMORE,2021,273,
BALTIMORE,2021,272,
BALTIMORE,2021,271,
BALTIMORE,2021,270,
BALTIMORE,2021,269,
BALTIMORE,2021,268,
BALTIMORE,2021,267,
BALTIMORE,2021,266,
BALTIMORE,2021,265,
BALTIMORE,2021,264,
BALTIMORE,2021,263,
BALTIMORE,2021,262,
BALTIMORE,2021,261,
BALTIMORE,2021,260,17.000000
BALTIMORE,2021,259,17.000000
BALTIMORE,2021,258,17.000000
BALTIMORE,2021,257,17.000000
BALTIMORE,2021,256,17.000000
BALTIMORE,2021,255,
BALTIMORE,2021,254,
BALTIMORE,2021,253,17.000000
BALTIMORE,2021,252,17.000000
BALTIMORE,2021,251,17.000000
BALTIMORE,2021,250,17.000000
BALTIMORE,2021,249,
BALTIMORE,2021,248,
BALTIMORE,2021,247,
BALTIMORE,2021,246,
BALTIMORE,2021,245,
BALTIMORE,2021,244,
BALTIMORE,2021,243,
BALTIMORE,2021,242,
BALTIMORE,2021,241,
BALTIMORE,2021,240,
BALTIMORE,2021,239,
BALTIMORE,2021,238,
BALTIMORE,2021,237,
BALTIMORE,2021,236,
BALTIMORE,2021,235,
BALTIMORE,2021,234,
BALTIMORE,2021,233,
BALTIMORE,2021,232,21.000000
BALTIMORE,2021,231,21.000000
BALTIMORE,2021,230,21.000000
BALTIMORE,2021,229,21.000000
BALTIMORE,2021,228,21.000000
BALTIMORE,2021,227,
BALTIMORE,2021,226,
BALTIMORE,2021,225,21.000000
BALTIMORE,2021,224,21.000000
BALTIMORE,2021,223,21.000000
BALTIMORE,2021,222,21.000000
BALTIMORE,2021,221,21.000000
BALTIMORE,2021,220,
BALTIMORE,2021,219,
BALTIMORE,2021,218,21.000000
BALTIMORE,2021,217,21.000000
BALTIMORE,2021,216,21.000000
BALTIMORE,2021,215,21.000000
BALTIMORE,2021,214,21.000000
BALTIMORE,2021,213,
BALTIMORE,2021,212,
BALTIMORE,2021,211,
BALTIMORE,2021,210,
BALTIMORE,2021,209,22.000000
BALTIMORE,2021,208,22.000000
BALTIMORE,2021,207,
BALTIMORE,2021,206,
BALTIMORE,2021,205,
BALTIMORE,2021,204,
BALTIMORE,2021,203,
BALTIMORE,2021,202,
BALTIMORE,2021,201,
BALTIMORE,2021,200,
BALTIMORE,2021,199,
BALTIMORE,2021,198,
BALTIMORE,2021,197,22.000000
BALTIMORE,2021,196,22.000000
BALTIMORE,2021,195,22.000000
BALTIMORE,2021,194,22.000000
BALTIMORE,2021,193,22.000000
BALTIMORE,2021,192,
BALTIMORE,2021,191,
BALTIMORE,2021,190,19.000000
BALTIMORE,2021,189,19.000000
BALTIMORE,2021,188,19.000000
BALTIMORE,2021,187,22.000000
BALTIMORE,2021,186,
BALTIMORE,2021,185,
BALTIMORE,2021,184,
BALTIMORE,2021,183,33.000000
BALTIMORE,2021,182,33.000000
BALTIMORE,2021,181,22.000000
BALTIMORE,2021,180,22.000000
BALTIMORE,2021,179,22.000000
BALTIMORE,2021,178,
BALTIMORE,2021,177,
BALTIMORE,2021,176,
BALTIMORE,2021,175,
BALTIMORE,2021,174,
BALTIMORE,2021,173,
BALTIMORE,2021,172,
BALTIMORE,2021,171,
BALTIMORE,2021,170,
BALTIMORE,2021,169,
BALTIMORE,2021,168,
BALTIMORE,2021,167,
BALTIMORE,2021,166,
BALTIMORE,2021,165,
BALTIMORE,2021,164,
BALTIMORE,2021,163,
BALTIMORE,2021,162,
BALTIMORE,2021,161,
BALTIMORE,2021,160,
BALTIMORE,2021,159,
BALTIMORE,2021,158,
BALTIMORE,2021,157,
BALTIMORE,2021,156,
BALTIMORE,2021,155,
BALTIMORE,2021,154,
BALTIMORE,2021,153,
BALTIMORE,2021,152,
BALTIMORE,2021,151,
BALTIMORE,2021,150,
BALTIMORE,2021,149,
BALTIMORE,2021,148,
BALTIMORE,2021,147,
BALTIMORE,2021,146,
BALTIMORE,2021,145,
BALTIMORE,2021,144,
BALTIMORE,2021,143,
BALTIMORE,2021,142,
BALTIMORE,2021,141,
BALTIMORE,2021,140,
BALTIMORE,2021,139,
BALTIMORE,2021,138,
BALTIMORE,2021,137,
BALTIMORE,2021,136,
BALTIMORE,2021,135,
BALTIMORE,2021,134,
BALTIMORE,2021,133,
BALTIMORE,2021,132,
BALTIMORE,2021,131,
BALTIMORE,2021,130,
BALTIMORE,2021,129,
BALTIMORE,2021,128,
BALTIMORE,2021,127,
BALTIMORE,2021,126,
BALTIMORE,2021,125,
BALTIMORE,2021,124,
BALTIMORE,2021,123,
BALTIMORE,2021,122,
BALTIMORE,2021,121,
BALTIMORE,2021,120,
BALTIMORE,2021,119,
BALTIMORE,2021,118,
BALTIMORE,2021,117,
BALTIMORE,2021,116,
BALTIMORE,2021,115,
BALTIMORE,2021,114,
BALTIMORE,2021,113,
BALTIMORE,2021,112,
BALTIMORE,2021,111,19.000000
BALTIMORE,2021,110,19.000000
BALTIMORE,2021,109,19.000000
BALTIMORE,2021,108,
BALTIMORE,2021,107,
BALTIMORE,2021,106,19.000000
BALTIMORE,2021,105,19.000000
BALTIMORE,2021,104,19.000000
BALTIMORE,2021,103,19.000000
BALTIMORE,2021,102,19.000000
BALTIMORE,2021,101,
BALTIMORE,2021,100,
BALTIMORE,2021,99,19.000000
BALTIMORE,2021,98,19.000000
BALTIMORE,2021,97,19.000000
BALTIMORE,2021,96,19.000000
BALTIMORE,2021,95,19.000000
BALTIMORE,2021,94,
BALTIMORE,2021,93,
BALTIMORE,2021,92,21.000000
BALTIMORE,2021,91,21.000000
BALTIMORE,2021,90,21.000000
BALTIMORE,2021,89,21.000000
BALTIMORE,2021,88,21.000000
BALTIMORE,2021,87,
BALTIMORE,2021,86,
BALTIMORE,2021,85,21.000000
BALTIMORE,2021,84,21.000000
BALTIMORE,2021,83,21.000000
BALTIMORE,2021,82,21.000000
BALTIMORE,2021,81,21.000000
BALTIMORE,2021,80,
BALTIMORE,2021,79,
BALTIMORE,2021,78,24.000000
BALTIMORE,2021,77,24.500000
BALTIMORE,2021,76,25.000000
BALTIMORE,2021,75,25.000000
BALTIMORE,2021,74,
BALTIMORE,2021,73,
BALTIMORE,2021,72,
BALTIMORE,2021,71,
BALTIMORE,2021,70,
BALTIMORE,2021,69,26.000000
BALTIMORE,2021,68,26.000000
BALTIMORE,2021,67,26.000000
BALTIMORE,2021,66,
BALTIMORE,2021,65,
BALTIMORE,2021,64,
BALTIMORE,2021,63,
BALTIMORE,2021,62,
BALTIMORE,2021,61,
BALTIMORE,2021,60,
BALTIMORE,2021,59,
BALTIMORE,2021,58,
BALTIMORE,2021,57,
BALTIMORE,2021,56,
BALTIMORE,2021,55,
BALTIMORE,2021,54,
BALTIMORE,2021,53,
BALTIMORE,2021,52,
BALTIMORE,2021,51,
BALTIMORE,2021,50,
BALTIMORE,2021,49,
BALTIMORE,2021,48,
BALTIMORE,2021,47,
BALTIMORE,2021,46,
BALTIMORE,2021,45,
BALTIMORE,2021,44,
BALTIMORE,2021,43,
BALTIMORE,2021,42,
BALTIMORE,2021,41,
BALTIMORE,2021,40,
BALTIMORE,2021,39,
BALTIMORE,2021,38,
BALTIMORE,2021,37,
BALTIMORE,2021,36,
BALTIMORE,2021,35,
BALTIMORE,2021,34,24.000000
BALTIMORE,2021,33,24.000000
BALTIMORE,2021,32,24.000000
BALTIMORE,2021,31,
BALTIMORE,2021,30,
BALTIMORE,2021,29,24.000000
BALTIMORE,2021,28,24.000000
BALTIMORE,2021,27,24.000000
BALTIMORE,2021,26,24.000000
BALTIMORE,2021,25,24.000000
BALTIMORE,2021,24,
BALTIMORE,2021,23,
BALTIMORE,2021,22,
BALTIMORE,2021,21,
BALTIMORE,2021,20,
BALTIMORE,2021,19,
BALTIMORE,2021,18,
BALTIMORE,2021,17,
BALTIMORE,2021,16,
BALTIMORE,2021,15,
BALTIMORE,2021,14,30.000000
BALTIMORE,2021,13,30.000000
BALTIMORE,2021,12,
BALTIMORE,2021,11,
BALTIMORE,2021,10,
BALTIMORE,2021,9,
BALTIMORE,2021,8,
BALTIMORE,2021,7,
BALTIMORE,2021,6,
BALTIMORE,2021,5,
BALTIMORE,2021,4,
BALTIMORE,2021,3,
BALTIMORE,2021,2,
BOSTON,2021,366,
BOSTON,2021,365,
BOSTON,2021,364,18.750000
BOSTON,2021,363,18.750000
BOSTON,2021,362,18.750000
BOSTON,2021,361,18.750000
BOSTON,2021,360,
BOSTON,2021,359,
BOSTON,2021,358,
BOSTON,2021,357,18.750000
BOSTON,2021,356,18.750000
BOSTON,2021,355,18.750000
BOSTON,2021,354,19.500000
BOSTON,2021,353,
BOSTON,2021,352,
BOSTON,2021,351,19.500000
BOSTON,2021,350,19.500000
BOSTON,2021,349,25.000000
BOSTON,2021,348,25.000000
BOSTON,2021,347,25.000000
BOSTON,2021,346,
BOSTON,2021,345,
BOSTON,2021,344,25.000000
BOSTON,2021,343,25.000000
BOSTON,2021,342,25.000000
BOSTON,2021,341,25.000000
BOSTON,2021,340,25.000000
BOSTON,2021,339,
BOSTON,2021,338,
BOSTON,2021,337,22.500000
BOSTON,2021,336,22.500000
BOSTON,2021,335,22.500000
BOSTON,2021,334,22.500000
BOSTON,2021,333,22.500000
BOSTON,2021,332,
BOSTON,2021,331,
BOSTON,2021,330,22.500000
BOSTON,2021,329,
BOSTON,2021,328,22.500000
BOSTON,2021,327,22.500000
BOSTON,2021,326,22.500000
BOSTON,2021,325,
BOSTON,2021,324,
BOSTON,2021,323,22.500000
BOSTON,2021,322,22.500000
BOSTON,2021,321,22.500000
BOSTON,2021,320,22.500000
BOSTON,2021,319,22.500000
BOSTON,2021,318,
BOSTON,2021,317,
BOSTON,2021,316,22.500000
BOSTON,2021,315,
BOSTON,2021,314,22.500000
BOSTON,2021,313,22.500000
BOSTON,2021,312,22.500000
BOSTON,2021,311,
BOSTON,2021,310,
BOSTON,2021,309,22.500000
BOSTON,2021,308,22.500000
BOSTON,2021,307,22.500000
BOSTON,2021,306,22.500000
BOSTON,2021,305,22.500000
BOSTON,2021,304,
BOSTON,2021,303,
BOSTON,2021,302,22.500000
BOSTON,2021,301,22.500000
BOSTON,2021,300,22.500000
BOSTON,2021,299,22.500000
BOSTON,2021,298,22.500000
BOSTON,2021,297,
BOSTON,2021,296,
BOSTON,2021,295,22.500000
BOSTON,2021,294,22.500000
BOSTON,2021,293,22.500000
BOSTON,2021,292,22.500000
BOSTON,2021,291,22.500000
BOSTON,2021,290,
BOSTON,2021,289,
BOSTON,2021,288,22.500000
BOSTON,2021,287,22.500000
BOSTON,2021,286,22.500000
BOSTON,2021,285,22.500000
BOSTON,2021,284,
BOSTON,2021,283,
BOSTON,2021,282,
BOSTON,2021,281,22.500000
BOSTON,2021,280,22.500000
BOSTON,2021,279,22.500000
BOSTON,2021,278,22.500000
BOSTON,2021,277,22.500000
BOSTON,2021,276,
BOSTON,2021,275,
BOSTON,2021,274,22.500000
BOSTON,2021,273,22.500000
BOSTON,2021,272,22.500000
BOSTON,2021,271,22.500000
BOSTON,2021,270,22.500000
BOSTON,2021,269,
BOSTON,2021,268,
BOSTON,2021,267,22.500000
BOSTON,2021,266,22.500000
BOSTON,2021,265,22.500000
BOSTON,2021,264,22.500000
BOSTON,2021,263,22.500000
BOSTON,2021,262,
BOSTON,2021,261,
BOSTON,2021,260,22.500000
BOSTON,2021,259,22.500000
BOSTON,2021,258,22.500000
BOSTON,2021,257,22.500000
BOSTON,2021,256,22.500000
BOSTON,2021,255,
BOSTON,2021,254,
BOSTON,2021,253,22.500000
BOSTON,2021,252,22.500000
BOSTON,2021,251,
BOSTON,2021,250,
BOSTON,2021,249,
BOSTON,2021,248,
BOSTON,2021,247,
BOSTON,2021,246,
BOSTON,2021,245,
BOSTON,2021,244,
BOSTON,2021,243,
BOSTON,2021,242,
BOSTON,2021,241,
BOSTON,2021,240,
BOSTON,2021,239,
BOSTON,2021,238,
BOSTON,2021,237,
BOSTON,2021,236,
BOSTON,2021,235,22.500000
BOSTON,2021,234,
BOSTON,2021,233,
BOSTON,2021,232,22.500000
BOSTON,2021,231,22.500000
BOSTON,2021,230,22.500000
BOSTON,2021,229,22.500000
BOSTON,2021,228,22.500000
BOSTON,2021,227,
BOSTON,2021,226,
BOSTON,2021,225,22.500000
BOSTON,2021,224,22.500000
BOSTON,2021,223,22.500000
BOSTON,2021,222,22.500000
BOSTON,2021,221,22.500000
BOSTON,2021,220,
BOSTON,2021,219,
BOSTON,2021,218,22.500000
BOSTON,2021,217,22.500000
BOSTON,2021,216,22.500000
BOSTON,2021,215,22.500000
BOSTON,2021,214,19.500000
BOSTON,2021,213,
BOSTON,2021,212,
BOSTON,2021,211,19.500000
BOSTON,2021,210,19.500000
BOSTON,2021,209,19.500000
BOSTON,2021,208,19.500000
BOSTON,2021,207,19.500000
BOSTON,2021,206,
BOSTON,2021,205,
BOSTON,2021,204,19.500000
BOSTON,2021,203,19.500000
BOSTON,2021,202,19.500000
BOSTON,2021,201,19.500000
BOSTON,2021,200,19.500000
BOSTON,2021,199,
BOSTON,2021,198,
BOSTON,2021,197,19.500000
BOSTON,2021,196,19.500000
BOSTON,2021,195,19.500000
BOSTON,2021,194,19.500000
BOSTON,2021,193,19.500000
BOSTON,2021,192,
BOSTON,2021,191,
BOSTON,2021,190,19.500000
BOSTON,2021,189,19.500000
BOSTON,2021,188,19.500000
BOSTON,2021,187,16.000000
BOSTON,2021,186,
BOSTON,2021,185,
BOSTON,2021,184,
BOSTON,2021,183,16.000000
BOSTON,2021,182,16.000000
BOSTON,2021,181,16.000000
BOSTON,2021,180,
BOSTON,2021,179,24.000000
BOSTON,2021,178,
BOSTON,2021,177,
BOSTON,2021,176,24.000000
BOSTON,2021,175,24.000000
BOSTON,2021,174,24.000000
BOSTON,2021,173,24.000000
BOSTON,2021,172,24.500000
BOSTON,2021,171,
BOSTON,2021,170,
BOSTON,2021,169,24.500000
BOSTON,2021,168,24.500000
BOSTON,2021,167,24.500000
BOSTON,2021,166,24.500000
BOSTON,2021,165,24.500000
BOSTON,2021,164,
BOSTON,2021,163,
BOSTON,2021,162,24.500000
BOSTON,2021,161,24.500000
BOSTON,2021,160,24.500000
BOSTON,2021,159,24.500000
BOSTON,2021,158,24.500000
BOSTON,2021,157,
BOSTON,2021,156,
BOSTON,2021,155,24.500000
BOSTON,2021,154,24.500000
BOSTON,2021,153,24.500000
BOSTON,2021,152,24.500000
BOSTON,2021,151,
BOSTON,2021,150,
BOSTON,2021,149,
BOSTON,2021,148,24.500000
BOSTON,2021,147,24.500000
BOSTON,2021,146,24.500000
BOSTON,2021,145,24.500000
BOSTON,2021,144,24.500000
BOSTON,2021,143,
BOSTON,2021,142,
BOSTON,2021,141,24.500000
BOSTON,2021,140,24.500000
BOSTON,2021,139,24.500000
BOSTON,2021,138,24.500000
BOSTON,2021,137,24.500000
BOSTON,2021,136,
BOSTON,2021,135,
BOSTON,2021,134,24.500000
BOSTON,2021,133,24.500000
BOSTON,2021,132,24.500000
BOSTON,2021,131,24.500000
BOSTON,2021,130,24.500000
BOSTON,2021,129,
BOSTON,2021,128,
BOSTON,2021,127,24.500000
BOSTON,2021,126,24.500000
BOSTON,2021,125,24.500000
BOSTON,2021,124,24.500000
BOSTON,2021,123,24.500000
BOSTON,2021,122,
BOSTON,2021,121,
BOSTON,2021,120,24.500000
BOSTON,2021,119,24.500000
BOSTON,2021,118,24.500000
BOSTON,2021,117,24.500000
BOSTON,2021,116,24.500000
BOSTON,2021,115,
BOSTON,2021,114,
BOSTON,2021,113,24.500000
BOSTON,2021,112,24.500000
BOSTON,2021,111,24.500000
BOSTON,2021,110,24.500000
BOSTON,2021,109,24.500000
BOSTON,2021,108,
BOSTON,2021,107,
BOSTON,2021,106,24.500000
BOSTON,2021,105,24.500000
BOSTON,2021,104,24.500000
BOSTON,2021,103,24.500000
BOSTON,2021,102,24.500000
BOSTON,2021,101,
BOSTON,2021,100,
BOSTON,2021,99,24.500000
BOSTON,2021,98,24.500000
BOSTON,2021,97,24.500000
BOSTON,2021,96,24.500000
BOSTON,2021,95,24.500000
BOSTON,2021,94,
BOSTON,2021,93,
BOSTON,2021,92,24.500000
BOSTON,2021,91,24.500000
BOSTON,2021,90,24.500000
BOSTON,2021,89,24.500000
BOSTON,2021,88,24.500000
BOSTON,2021,87,
BOSTON,2021,86,
BOSTON,2021,85,24.500000
BOSTON,2021,84,24.500000
BOSTON,2021,83,24.500000
BOSTON,2021,82,24.500000
BOSTON,2021,81,24.500000
BOSTON,2021,80,
BOSTON,2021,79,
BOSTON,2021,78,24.500000
BOSTON,2021,77,24.500000
BOSTON,2021,76,24.500000
BOSTON,2021,75,24.500000
BOSTON,2021,74,24.500000
BOSTON,2021,73,
BOSTON,2021,72,
BOSTON,2021,71,24.500000
BOSTON,2021,70,24.500000
BOSTON,2021,69,24.500000
BOSTON,2021,68,24.500000
BOSTON,2021,67,24.500000
BOSTON,2021,66,
BOSTON,2021,65,
BOSTON,2021,64,24.500000
BOSTON,2021,63,24.500000
BOSTON,2021,62,24.500000
BOSTON,2021,61,24.500000
BOSTON,2021,60,24.500000
BOSTON,2021,59,
BOSTON,2021,58,
BOSTON,2021,57,24.500000
BOSTON,2021,56,24.500000
BOSTON,2021,55,24.500000
BOSTON,2021,54,24.500000
BOSTON,2021,53,24.500000
BOSTON,2021,52,
BOSTON,2021,51,
BOSTON,2021,50,24.500000
BOSTON,2021,49,24.500000
BOSTON,2021,48,24.500000
BOSTON,2021,47,24.500000
BOSTON,2021,46,
BOSTON,2021,45,
BOSTON,2021,44,
BOSTON,2021,43,24.500000
BOSTON,2021,42,24.500000
BOSTON,2021,41,24.500000
BOSTON,2021,40,24.500000
BOSTON,2021,39,24.500000
BOSTON,2021,38,
BOSTON,2021,37,
BOSTON,2021,36,24.500000
BOSTON,2021,35,24.500000
BOSTON,2021,34,24.500000
BOSTON,2021,33,24.500000
BOSTON,2021,32,24.500000
BOSTON,2021,31,
BOSTON,2021,30,
BOSTON,2021,29,24.500000
BOSTON,2021,28,24.500000
BOSTON,2021,27,24.500000
BOSTON,2021,26,24.500000
BOSTON,2021,25,24.500000
BOSTON,2021,24,
BOSTON,2021,23,
BOSTON,2021,22,24.500000
BOSTON,2021,21,24.500000
BOSTON,2021,20,24.500000
BOSTON,2021,19,24.500000
BOSTON,2021,18,
BOSTON,2021,17,
BOSTON,2021,16,
BOSTON,2021,15,24.500000
BOSTON,2021,14,24.500000
BOSTON,2021,13,24.500000
BOSTON,2021,12,24.500000
BOSTON,2021,11,24.500000
BOSTON,2021,10,
BOSTON,2021,9,
BOSTON,2021,8,24.500000
BOSTON,2021,7,24.500000
BOSTON,2021,6,24.500000
BOSTON,2021,5,24.500000
BOSTON,2021,4,24.500000
BOSTON,2021,3,
BOSTON,2021,2,
CHICAGO,2021,366,
CHICAGO,2021,365,
CHICAGO,2021,364,27.000000
CHICAGO,2021,363,24.750000
CHICAGO,2021,362,24.750000
CHICAGO,2021,361,24.750000
CHICAGO,2021,360,
CHICAGO,2021,359,
CHICAGO,2021,358,
CHICAGO,2021,357,24.750000
CHICAGO,2021,356,24.750000
CHICAGO,2021,355,24.750000
CHICAGO,2021,354,24.750000
CHICAGO,2021,353,
CHICAGO,2021,352,
CHICAGO,2021,351,24.750000
CHICAGO,2021,350,24.750000
CHICAGO,2021,349,24.750000
CHICAGO,2021,348,24.750000
CHICAGO,2021,347,24.750000
CHICAGO,2021,346,
CHICAGO,2021,345,
CHICAGO,2021,344,24.750000
CHICAGO,2021,343,24.750000
CHICAGO,2021,342,24.750000
CHICAGO,2021,341,24.750000
CHICAGO,2021,340,24.750000
CHICAGO,2021,339,
CHICAGO,2021,338,
CHICAGO,2021,337,24.750000
CHICAGO,2021,336,24.750000
CHICAGO,2021,335,24.750000
CHICAGO,2021,334,24.750000
CHICAGO,2021,333,24.750000
CHICAGO,2021,332,
CHICAGO,2021,331,
CHICAGO,2021,330,24.750000
CHICAGO,2021,329,
CHICAGO,2021,328,24.750000
CHICAGO,2021,327,24.750000
CHICAGO,2021,326,24.750000
CHICAGO,2021,325,
CHICAGO,2021,324,
CHICAGO,2021,323,24.750000
CHICAGO,2021,322,24.750000
CHICAGO,2021,321,24.750000
CHICAGO,2021,320,24.750000
CHICAGO,2021,319,24.750000
CHICAGO,2021,318,
CHICAGO,2021,317,
CHICAGO,2021,316,24.750000
CHICAGO,2021,315,
CHICAGO,2021,314,24.750000
CHICAGO,2021,313,24.750000
CHICAGO,2021,312,24.750000
CHICAGO,2021,311,
CHICAGO,2021,310,
CHICAGO,2021,309,24.750000
CHICAGO,2021,308,24.750000
CHICAGO,2021,307,24.750000
CHICAGO,2021,306,24.750000
CHICAGO,2021,305,24.750000
CHICAGO,2021,304,
CHICAGO,2021,303,
CHICAGO,2021,302,24.750000
CHICAGO,2021,301,24.750000
CHICAGO,2021,300,24.750000
CHICAGO,2021,299,27.250000
CHICAGO,2021,298,27.250000
CHICAGO,2021,297,
CHICAGO,2021,296,
CHICAGO,2021,295,27.250000
CHICAGO,2021,294,26.750000
CHICAGO,2021,293,26.750000
CHICAGO,2021,292,26.750000
CHICAGO,2021,291,26.750000
CHICAGO,2021,290,
CHICAGO,2021,289,
CHICAGO,2021,288,26.750000
CHICAGO,2021,287,26.750000
CHICAGO,2021,286,26.750000
CHICAGO,2021,285,26.750000
CHICAGO,2021,284,
CHICAGO,2021,283,
CHICAGO,2021,282,
CHICAGO,2021,281,26.750000
CHICAGO,2021,280,26.750000
CHICAGO,2021,279,26.750000
CHICAGO,2021,278,26.750000
CHICAGO,2021,277,26.750000
CHICAGO,2021,276,
CHICAGO,2021,275,
CHICAGO,2021,274,26.750000
CHICAGO,2021,273,26.750000
CHICAGO,2021,272,26.750000
CHICAGO,2021,271,26.750000
CHICAGO,2021,270,26.750000
CHICAGO,2021,269,
CHICAGO,2021,268,
CHICAGO,2021,267,26.750000
CHICAGO,2021,266,26.750000
CHICAGO,2021,265,26.750000
CHICAGO,2021,264,26.750000
CHICAGO,2021,263,26.750000
CHICAGO,2021,262,
CHICAGO,2021,261,
CHICAGO,2021,260,26.750000
CHICAGO,2021,259,26.750000
CHICAGO,2021,258,26.750000
CHICAGO,2021,257,26.750000
CHICAGO,2021,256,26.750000
CHICAGO,2021,255,
CHICAGO,2021,254,
CHICAGO,2021,253,26.750000
CHICAGO,2021,252,26.750000
CHICAGO,2021,251,26.750000
CHICAGO,2021,250,26.750000
CHICAGO,2021,249,
CHICAGO,2021,248,
CHICAGO,2021,247,
CHICAGO,2021,246,26.750000
CHICAGO,2021,245,26.750000
CHICAGO,2021,244,26.750000
CHICAGO,2021,243,26.750000
CHICAGO,2021,242,26.750000
CHICAGO,2021,241,
CHICAGO,2021,240,
CHICAGO,2021,239,26.750000
CHICAGO,2021,238,26.750000
CHICAGO,2021,237,26.750000
CHICAGO,2021,236,26.750000
CHICAGO,2021,235,22.333333
CHICAGO,2021,234,
CHICAGO,2021,233,
CHICAGO,2021,232,22.333333
CHICAGO,2021,231,22.333333
CHICAGO,2021,230,22.333333
CHICAGO,2021,229,22.333333
CHICAGO,2021,228,22.333333
CHICAGO,2021,227,
CHICAGO,2021,226,
CHICAGO,2021,225,22.333333
CHICAGO,2021,224,22.333333
CHICAGO,2021,223,22.333333
CHICAGO,2021,222,22.333333
CHICAGO,2021,221,23.333333
CHICAGO,2021,220,
CHICAGO,2021,219,
CHICAGO,2021,218,23.333333
CHICAGO,2021,217,23.333333
CHICAGO,2021,216,23.333333
CHICAGO,2021,215,23.333333
CHICAGO,2021,214,22.666666
CHICAGO,2021,213,
CHICAGO,2021,212,
CHICAGO,2021,211,22.666666
CHICAGO,2021,210,23.000000
CHICAGO,2021,209,23.000000
CHICAGO,2021,208,23.500000
CHICAGO,2021,207,23.500000
CHICAGO,2021,206,
CHICAGO,2021,205,
CHICAGO,2021,204,23.500000
CHICAGO,2021,203,23.000000
CHICAGO,2021,202,23.000000
CHICAGO,2021,201,23.000000
CHICAGO,2021,200,23.000000
CHICAGO,2021,199,
CHICAGO,2021,198,
CHICAGO,2021,197,23.000000
CHICAGO,2021,196,23.000000
CHICAGO,2021,195,23.000000
CHICAGO,2021,194,23.000000
CHICAGO,2021,193,20.500000
CHICAGO,2021,192,
CHICAGO,2021,191,
CHICAGO,2021,190,20.500000
CHICAGO,2021,189,20.500000
CHICAGO,2021,188,20.250000
CHICAGO,2021,187,20.250000
CHICAGO,2021,186,
CHICAGO,2021,185,
CHICAGO,2021,184,
CHICAGO,2021,183,20.250000
CHICAGO,2021,182,21.250000
CHICAGO,2021,181,21.250000
CHICAGO,2021,180,21.250000
CHICAGO,2021,179,22.500000
CHICAGO,2021,178,
CHICAGO,2021,177,
CHICAGO,2021,176,22.500000
CHICAGO,2021,175,21.750000
CHICAGO,2021,174,21.750000
CHICAGO,2021,173,24.000000
CHICAGO,2021,172,24.000000
CHICAGO,2021,171,
CHICAGO,2021,170,
CHICAGO,2021,169,24.000000
CHICAGO,2021,168,24.000000
CHICAGO,2021,167,24.000000
CHICAGO,2021,166,22.000000
CHICAGO,2021,165,22.000000
CHICAGO,2021,164,
CHICAGO,2021,163,
CHICAGO,2021,162,22.000000
CHICAGO,2021,161,22.000000
CHICAGO,2021,160,24.000000
CHICAGO,2021,159,24.000000
CHICAGO,2021,158,24.000000
CHICAGO,2021,157,
CHICAGO,2021,156,
CHICAGO,2021,155,24.000000
CHICAGO,2021,154,29.000000
CHICAGO,2021,153,29.000000
CHICAGO,2021,152,29.000000
CHICAGO,2021,151,
CHICAGO,2021,150,
CHICAGO,2021,149,
CHICAGO,2021,148,29.000000
CHICAGO,2021,147,29.000000
CHICAGO,2021,146,29.000000
CHICAGO,2021,145,28.500000
CHICAGO,2021,144,26.000000
CHICAGO,2021,143,
CHICAGO,2021,142,
CHICAGO,2021,141,26.000000
CHICAGO,2021,140,26.000000
CHICAGO,2021,139,26.000000
CHICAGO,2021,138,26.000000
CHICAGO,2021,137,28.000000
CHICAGO,2021,136,
CHICAGO,2021,135,
CHICAGO,2021,134,28.000000
CHICAGO,2021,133,28.000000
CHICAGO,2021,132,28.000000
CHICAGO,2021,131,28.000000
CHICAGO,2021,130,24.000000
CHICAGO,2021,129,
CHICAGO,2021,128,
CHICAGO,2021,127,24.000000
CHICAGO,2021,126,24.000000
CHICAGO,2021,125,24.000000
CHICAGO,2021,124,24.000000
CHICAGO,2021,123,24.000000
CHICAGO,2021,122,
CHICAGO,2021,121,
CHICAGO,2021,120,24.000000
CHICAGO,2021,119,24.000000
CHICAGO,2021,118,24.000000
CHICAGO,2021,117,24.000000
CHICAGO,2021,116,23.000000
CHICAGO,2021,115,
CHICAGO,2021,114,
CHICAGO,2021,113,23.000000
CHICAGO,2021,112,23.000000
CHICAGO,2021,111,23.000000
CHICAGO,2021,110,23.000000
CHICAGO,2021,109,23.750000
CHICAGO,2021,108,
CHICAGO,2021,107,
CHICAGO,2021,106,23.750000
CHICAGO,2021,105,23.750000
CHICAGO,2021,104,23.750000
CHICAGO,2021,103,23.750000
CHICAGO,2021,102,25.000000
CHICAGO,2021,101,
CHICAGO,2021,100,
CHICAGO,2021,99,25.000000
CHICAGO,2021,98,24.000000
CHICAGO,2021,97,24.000000
CHICAGO,2021,96,24.000000
CHICAGO,2021,95,24.000000
CHICAGO,2021,94,
CHICAGO,2021,93,
CHICAGO,2021,92,24.000000
CHICAGO,2021,91,24.000000
CHICAGO,2021,90,24.000000
CHICAGO,2021,89,24.000000
CHICAGO,2021,88,21.000000
CHICAGO,2021,87,
CHICAGO,2021,86,
CHICAGO,2021,85,21.000000
CHICAGO,2021,84,21.000000
CHICAGO,2021,83,21.000000
CHICAGO,2021,82,21.000000
CHICAGO,2021,81,24.000000
CHICAGO,2021,80,
CHICAGO,2021,79,
CHICAGO,2021,78,24.000000
CHICAGO,2021,77,24.000000
CHICAGO,2021,76,24.000000
CHICAGO,2021,75,24.000000
CHICAGO,2021,74,24.500000
CHICAGO,2021,73,
CHICAGO,2021,72,
CHICAGO,2021,71,24.500000
CHICAGO,2021,70,26.000000
CHICAGO,2021,69,26.000000
CHICAGO,2021,68,25.000000
CHICAGO,2021,67,25.000000
CHICAGO,2021,66,
CHICAGO,2021,65,
CHICAGO,2021,64,25.000000
CHICAGO,2021,63,24.666666
CHICAGO,2021,62,24.666666
CHICAGO,2021,61,24.666666
CHICAGO,2021,60,24.666666
CHICAGO,2021,59,
CHICAGO,2021,58,
CHICAGO,2021,57,24.666666
CHICAGO,2021,56,27.000000
CHICAGO,2021,55,27.000000
CHICAGO,2021,54,27.000000
CHICAGO,2021,53,27.000000
CHICAGO,2021,52,
CHICAGO,2021,51,
CHICAGO,2021,50,27.000000
CHICAGO,2021,49,27.000000
CHICAGO,2021,48,27.000000
CHICAGO,2021,47,27.000000
CHICAGO,2021,46,
CHICAGO,2021,45,
CHICAGO,2021,44,
CHICAGO,2021,43,27.000000
CHICAGO,2021,42,27.500000
CHICAGO,2021,41,27.500000
CHICAGO,2021,40,27.500000
CHICAGO,2021,39,25.500000
CHICAGO,2021,38,
CHICAGO,2021,37,
CHICAGO,2021,36,25.500000
CHICAGO,2021,35,25.500000
CHICAGO,2021,34,25.500000
CHICAGO,2021,33,25.500000
CHICAGO,2021,32,25.500000
CHICAGO,2021,31,
CHICAGO,2021,30,
CHICAGO,2021,29,25.500000
CHICAGO,2021,28,25.500000
CHICAGO,2021,27,26.000000
CHICAGO,2021,26,26.000000
CHICAGO,2021,25,26.000000
CHICAGO,2021,24,
CHICAGO,2021,23,
CHICAGO,2021,22,26.000000
CHICAGO,2021,21,26.000000
CHICAGO,2021,20,26.000000
CHICAGO,2021,19,27.000000
CHICAGO,2021,18,
CHICAGO,2021,17,
CHICAGO,2021,16,
CHICAGO,2021,15,27.000000
CHICAGO,2021,14,24.000000
CHICAGO,2021,13,24.000000
CHICAGO,2021,12,24.000000
CHICAGO,2021,11,21.333333
CHICAGO,2021,10,
CHICAGO,2021,9,
CHICAGO,2021,8,21.333333
CHICAGO,2021,7,21.333333
CHICAGO,2021,6,21.333333
CHICAGO,2021,5,21.333333
CHICAGO,2021,4,21.333333
CHICAGO,2021,3,
CHICAGO,2021,2,
LOS ANGELES,2021,366,
LOS ANGELES,2021,365,
LOS ANGELES,2021,364,0.450000
LOS ANGELES,2021,363,0.450000
LOS ANGELES,2021,362,0.450000
LOS ANGELES,2021,361,
LOS ANGELES,2021,360,
LOS ANGELES,2021,359,
LOS ANGELES,2021,358,
LOS ANGELES,2021,357,0.450000
LOS ANGELES,2021,356,0.450000
LOS ANGELES,2021,355,0.450000
LOS ANGELES,2021,354,0.450000
LOS ANGELES,2021,353,
LOS ANGELES,2021,352,
LOS ANGELES,2021,351,0.450000
LOS ANGELES,2021,350,19.000000
LOS ANGELES,2021,349,19.000000
LOS ANGELES,2021,348,19.000000
LOS ANGELES,2021,347,19.000000
LOS ANGELES,2021,346,
LOS ANGELES,2021,345,
LOS ANGELES,2021,344,19.000000
LOS ANGELES,2021,343,19.000000
LOS ANGELES,2021,342,19.000000
LOS ANGELES,2021,341,19.000000
LOS ANGELES,2021,340,19.000000
LOS ANGELES,2021,339,
LOS ANGELES,2021,338,
LOS ANGELES,2021,337,19.000000
LOS ANGELES,2021,336,19.000000
LOS ANGELES,2021,335,21.000000
LOS ANGELES,2021,334,21.000000
LOS ANGELES,2021,333,21.000000
LOS ANGELES,2021,332,
LOS ANGELES,2021,331,
LOS ANGELES,2021,330,21.000000
LOS ANGELES,2021,329,
LOS ANGELES,2021,328,21.000000
LOS ANGELES,2021,327,21.000000
LOS ANGELES,2021,326,21.000000
LOS ANGELES,2021,325,
LOS ANGELES,2021,324,
LOS ANGELES,2021,323,21.000000
LOS ANGELES,2021,322,21.000000
LOS ANGELES,2021,321,21.000000
LOS ANGELES,2021,320,21.000000
LOS ANGELES,2021,319,21.000000
LOS ANGELES,2021,318,
LOS ANGELES,2021,317,
LOS ANGELES,2021,316,21.000000
LOS ANGELES,2021,315,
LOS ANGELES,2021,314,21.000000
LOS ANGELES,2021,313,21.000000
LOS ANGELES,2021,312,21.000000
LOS ANGELES,2021,311,
LOS ANGELES,2021,310,
LOS ANGELES,2021,309,21.000000
LOS ANGELES,2021,308,19.000000
LOS ANGELES,2021,307,17.000000
LOS ANGELES,2021,306,17.000000
LOS ANGELES,2021,305,17.000000
LOS ANGELES,2021,304,
LOS ANGELES,2021,303,
LOS ANGELES,2021,302,17.000000
LOS ANGELES,2021,301,17.000000
LOS ANGELES,2021,300,17.000000
LOS ANGELES,2021,299,17.000000
LOS ANGELES,2021,298,17.000000
LOS ANGELES,2021,297,
LOS ANGELES,2021,296,
LOS ANGELES,2021,295,17.000000
LOS ANGELES,2021,294,16.000000
LOS ANGELES,2021,293,16.000000
LOS ANGELES,2021,292,14.500000
LOS ANGELES,2021,291,14.500000
LOS ANGELES,2021,290,
LOS ANGELES,2021,289,
LOS ANGELES,2021,288,14.500000
LOS ANGELES,2021,287,14.500000
LOS ANGELES,2021,286,14.500000
LOS ANGELES,2021,285,14.500000
LOS ANGELES,2021,284,
LOS ANGELES,2021,283,
LOS ANGELES,2021,282,
LOS ANGELES,2021,281,14.500000
LOS ANGELES,2021,280,14.500000
LOS ANGELES,2021,279,14.500000
LOS ANGELES,2021,278,14.500000
LOS ANGELES,2021,277,14.500000
LOS ANGELES,2021,276,
LOS ANGELES,2021,275,
LOS ANGELES,2021,274,14.500000
LOS ANGELES,2021,273,14.500000
LOS ANGELES,2021,272,14.500000
LOS ANGELES,2021,271,14.500000
LOS ANGELES,2021,270,14.500000
LOS ANGELES,2021,269,
LOS ANGELES,2021,268,
LOS ANGELES,2021,267,14.500000
LOS ANGELES,2021,266,14.500000
LOS ANGELES,2021,265,14.500000
LOS ANGELES,2021,264,14.500000
LOS ANGELES,2021,263,14.500000
LOS ANGELES,2021,262,
LOS ANGELES,2021,261,
LOS ANGELES,2021,260,14.500000
LOS ANGELES,2021,259,14.500000
LOS ANGELES,2021,258,17.500000
LOS ANGELES,2021,257,17.500000
LOS ANGELES,2021,256,17.500000
LOS ANGELES,2021,255,
LOS ANGELES,2021,254,
LOS ANGELES,2021,253,17.500000
LOS ANGELES,2021,252,17.500000
LOS ANGELES,2021,251,17.500000
LOS ANGELES,2021,250,17.500000
LOS ANGELES,2021,249,
LOS ANGELES,2021,248,
LOS ANGELES,2021,247,
LOS ANGELES,2021,246,17.500000
LOS ANGELES,2021,245,17.500000
LOS ANGELES,2021,244,21.000000
LOS ANGELES,2021,243,21.000000
LOS ANGELES,2021,242,21.000000
LOS ANGELES,2021,241,
LOS ANGELES,2021,240,
LOS ANGELES,2021,239,21.000000
LOS ANGELES,2021,238,21.000000
LOS ANGELES,2021,237,21.000000
LOS ANGELES,2021,236,21.000000
LOS ANGELES,2021,235,21.000000
LOS ANGELES,2021,234,
LOS ANGELES,2021,233,
LOS ANGELES,2021,232,21.000000
LOS ANGELES,2021,231,21.000000
LOS ANGELES,2021,230,21.000000
LOS ANGELES,2021,229,21.000000
LOS ANGELES,2021,228,21.000000
LOS ANGELES,2021,227,
LOS ANGELES,2021,226,
LOS ANGELES,2021,225,21.000000
LOS ANGELES,2021,224,21.000000
LOS ANGELES,2021,223,20.250000
LOS ANGELES,2021,222,20.250000
LOS ANGELES,2021,221,20.250000
LOS ANGELES,2021,220,
LOS ANGELES,2021,219,
LOS ANGELES,2021,218,20.250000
LOS ANGELES,2021,217,20.250000
LOS ANGELES,2021,216,20.375000
LOS ANGELES,2021,215,20.375000
LOS ANGELES,2021,214,23.833333
LOS ANGELES,2021,213,
LOS ANGELES,2021,212,
LOS ANGELES,2021,211,23.833333
LOS ANGELES,2021,210,23.833333
LOS ANGELES,2021,209,23.833333
LOS ANGELES,2021,208,23.833333
LOS ANGELES,2021,207,23.833333
LOS ANGELES,2021,206,
LOS ANGELES,2021,205,
LOS ANGELES,2021,204,23.833333
LOS ANGELES,2021,203,23.833333
LOS ANGELES,2021,202,23.833333
LOS ANGELES,2021,201,23.833333
LOS ANGELES,2021,200,23.833333
LOS ANGELES,2021,199,
LOS ANGELES,2021,198,
LOS ANGELES,2021,197,23.833333
LOS ANGELES,2021,196,23.833333
LOS ANGELES,2021,195,23.833333
LOS ANGELES,2021,194,23.833333
LOS ANGELES,2021,193,23.833333
LOS ANGELES,2021,192,
LOS ANGELES,2021,191,
LOS ANGELES,2021,190,23.833333
LOS ANGELES,2021,189,23.833333
LOS ANGELES,2021,188,23.833333
LOS ANGELES,2021,187,20.166666
LOS ANGELES,2021,186,
LOS ANGELES,2021,185,
LOS ANGELES,2021,184,
LOS ANGELES,2021,183,20.166666
LOS ANGELES,2021,182,20.166666
LOS ANGELES,2021,181,20.166666
LOS ANGELES,2021,180,20.166666
LOS ANGELES,2021,179,20.166666
LOS ANGELES,2021,178,
LOS ANGELES,2021,177,
LOS ANGELES,2021,176,20.166666
LOS ANGELES,2021,175,20.166666
LOS ANGELES,2021,174,20.166666
LOS ANGELES,2021,173,20.166666
LOS ANGELES,2021,172,20.166666
LOS ANGELES,2021,171,
LOS ANGELES,2021,170,
LOS ANGELES,2021,169,20.166666
LOS ANGELES,2021,168,20.166666
LOS ANGELES,2021,167,12.050000
LOS ANGELES,2021,166,12.050000
LOS ANGELES,2021,165,12.050000
LOS ANGELES,2021,164,
LOS ANGELES,2021,163,
LOS ANGELES,2021,162,12.050000
LOS ANGELES,2021,161,12.050000
LOS ANGELES,2021,160,12.050000
LOS ANGELES,2021,159,12.050000
LOS ANGELES,2021,158,12.050000
LOS ANGELES,2021,157,
LOS ANGELES,2021,156,
LOS ANGELES,2021,155,12.050000
LOS ANGELES,2021,154,12.050000
LOS ANGELES,2021,153,12.050000
LOS ANGELES,2021,152,12.050000
LOS ANGELES,2021,151,
LOS ANGELES,2021,150,
LOS ANGELES,2021,149,
LOS ANGELES,2021,148,12.050000
LOS ANGELES,2021,147,12.050000
LOS ANGELES,2021,146,12.050000
LOS ANGELES,2021,145,12.050000
LOS ANGELES,2021,144,12.550000
LOS ANGELES,2021,143,
LOS ANGELES,2021,142,
LOS ANGELES,2021,141,12.550000
LOS ANGELES,2021,140,12.550000
LOS ANGELES,2021,139,12.550000
LOS ANGELES,2021,138,12.550000
LOS ANGELES,2021,137,12.550000
LOS ANGELES,2021,136,
LOS ANGELES,2021,135,
LOS ANGELES,2021,134,12.550000
LOS ANGELES,2021,133,12.550000
LOS ANGELES,2021,132,12.550000
LOS ANGELES,2021,131,12.550000
LOS ANGELES,2021,130,12.550000
LOS ANGELES,2021,129,
LOS ANGELES,2021,128,
LOS ANGELES,2021,127,12.550000
LOS ANGELES,2021,126,12.550000
LOS ANGELES,2021,125,12.550000
LOS ANGELES,2021,124,12.550000
LOS ANGELES,2021,123,12.550000
LOS ANGELES,2021,122,
LOS ANGELES,2021,121,
LOS ANGELES,2021,120,12.550000
LOS ANGELES,2021,119,12.550000
LOS ANGELES,2021,118,12.550000
LOS ANGELES,2021,117,12.550000
LOS ANGELES,2021,116,12.550000
LOS ANGELES,2021,115,
LOS ANGELES,2021,114,
LOS ANGELES,2021,113,12.550000
LOS ANGELES,2021,112,12.550000
LOS ANGELES,2021,111,12.550000
LOS ANGELES,2021,110,12.550000
LOS ANGELES,2021,109,12.550000
LOS ANGELES,2021,108,
LOS ANGELES,2021,107,
LOS ANGELES,2021,106,12.550000
LOS ANGELES,2021,105,12.550000
LOS ANGELES,2021,104,12.550000
LOS ANGELES,2021,103,12.550000
LOS ANGELES,2021,102,12.550000
LOS ANGELES,2021,101,
LOS ANGELES,2021,100,
LOS ANGELES,2021,99,12.550000
LOS ANGELES,2021,98,12.550000
LOS ANGELES,2021,97,12.550000
LOS ANGELES,2021,96,12.550000
LOS ANGELES,2021,95,12.550000
LOS ANGELES,2021,94,
LOS ANGELES,2021,93,
LOS ANGELES,2021,92,12.550000
LOS ANGELES,2021,91,12.550000
LOS ANGELES,2021,90,12.550000
LOS ANGELES,2021,89,12.550000
LOS ANGELES,2021,88,12.550000
LOS ANGELES,2021,87,
LOS ANGELES,2021,86,
LOS ANGELES,2021,85,12.550000
LOS ANGELES,2021,84,12.550000
LOS ANGELES,2021,83,12.550000
LOS ANGELES,2021,82,12.550000
LOS ANGELES,2021,81,12.550000
LOS ANGELES,2021,80,
LOS ANGELES,2021,79,
LOS ANGELES,2021,78,12.575000
LOS ANGELES,2021,77,12.575000
LOS ANGELES,2021,76,12.575000
LOS ANGELES,2021,75,12.575000
LOS ANGELES,2021,74,12.575000
LOS ANGELES,2021,73,
LOS ANGELES,2021,72,
LOS ANGELES,2021,71,12.575000
LOS ANGELES,2021,70,12.575000
LOS ANGELES,2021,69,12.575000
LOS ANGELES,2021,68,12.575000
LOS ANGELES,2021,67,12.575000
LOS ANGELES,2021,66,
LOS ANGELES,2021,65,
LOS ANGELES,2021,64,12.575000
LOS ANGELES,2021,63,12.575000
LOS ANGELES,2021,62,12.575000
LOS ANGELES,2021,61,12.575000
LOS ANGELES,2021,60,12.575000
LOS ANGELES,2021,59,
LOS ANGELES,2021,58,
LOS ANGELES,2021,57,12.575000
LOS ANGELES,2021,56,12.575000
LOS ANGELES,2021,55,12.575000
LOS ANGELES,2021,54,12.575000
LOS ANGELES,2021,53,12.575000
LOS ANGELES,2021,52,
LOS ANGELES,2021,51,
LOS ANGELES,2021,50,12.575000
LOS ANGELES,2021,49,12.575000
LOS ANGELES,2021,48,12.575000
LOS ANGELES,2021,47,12.575000
LOS ANGELES,2021,46,
LOS ANGELES,2021,45,
LOS ANGELES,2021,44,
LOS ANGELES,2021,43,12.575000
LOS ANGELES,2021,42,12.575000
LOS ANGELES,2021,41,12.575000
LOS ANGELES,2021,40,12.575000
LOS ANGELES,2021,39,12.575000
LOS ANGELES,2021,38,
LOS ANGELES,2021,37,
LOS ANGELES,2021,36,12.575000
LOS ANGELES,2021,35,12.575000
LOS ANGELES,2021,34,12.575000
LOS ANGELES,2021,33,12.575000
LOS ANGELES,2021,32,12.575000
LOS ANGELES,2021,31,
LOS ANGELES,2021,30,
LOS ANGELES,2021,29,12.575000
LOS ANGELES,2021,28,13.575000
LOS ANGELES,2021,27,13.575000
LOS ANGELES,2021,26,13.575000
LOS ANGELES,2021,25,13.575000
LOS ANGELES,2021,24,
LOS ANGELES,2021,23,
LOS ANGELES,2021,22,13.575000
LOS ANGELES,2021,21,13.575000
LOS ANGELES,2021,20,13.575000
LOS ANGELES,2021,19,13.575000
LOS ANGELES,2021,18,
LOS ANGELES,2021,17,
LOS ANGELES,2021,16,
LOS ANGELES,2021,15,13.575000
LOS ANGELES,2021,14,13.575000
LOS ANGELES,2021,13,13.575000
LOS ANGELES,2021,12,13.575000
LOS ANGELES,2021,11,13.575000
LOS ANGELES,2021,10,
LOS ANGELES,2021,9,
LOS ANGELES,2021,8,13.575000
LOS ANGELES,2021,7,13.575000
LOS ANGELES,2021,6,13.825000
LOS ANGELES,2021,5,13.825000
LOS ANGELES,2021,4,13.825000
LOS ANGELES,2021,3,
LOS ANGELES,2021,2,
NEW YORK,2021,366,
NEW YORK,2021,365,
NEW YORK,2021,364,20.000000
NEW YORK,2021,363,20.000000
NEW YORK,2021,362,20.000000
NEW YORK,2021,361,20.000000
NEW YORK,2021,360,
NEW YORK,2021,359,
NEW YORK,2021,358,
NEW YORK,2021,357,20.000000
NEW YORK,2021,356,20.000000
NEW YORK,2021,355,20.000000
NEW YORK,2021,354,20.000000
NEW YORK,2021,353,
NEW YORK,2021,352,
NEW YORK,2021,351,
NEW YORK,2021,350,20.000000
NEW YORK,2021,349,20.000000
NEW YORK,2021,348,20.000000
NEW YORK,2021,347,20.000000
NEW YORK,2021,346,
NEW YORK,2021,345,
NEW YORK,2021,344,20.000000
NEW YORK,2021,343,20.000000
NEW YORK,2021,342,20.000000
NEW YORK,2021,341,20.000000
NEW YORK,2021,340,20.000000
NEW YORK,2021,339,
NEW YORK,2021,338,
NEW YORK,2021,337,
NEW YORK,2021,336,
NEW YORK,2021,335,
NEW YORK,2021,334,
NEW YORK,2021,333,
NEW YORK,2021,332,
NEW YORK,2021,331,
NEW YORK,2021,330,
NEW YORK,2021,329,
NEW YORK,2021,328,
NEW YORK,2021,327,
NEW YORK,2021,326,
NEW YORK,2021,325,
NEW YORK,2021,324,
NEW YORK,2021,323,
NEW YORK,2021,322,20.000000
NEW YORK,2021,321,20.000000
NEW YORK,2021,320,20.000000
NEW YORK,2021,319,20.000000
NEW YORK,2021,318,
NEW YORK,2021,317,
NEW YORK,2021,316,20.000000
NEW YORK,2021,315,
NEW YORK,2021,314,20.000000
NEW YORK,2021,313,20.000000
NEW YORK,2021,312,20.000000
NEW YORK,2021,311,
NEW YORK,2021,310,
NEW YORK,2021,309,20.000000
NEW YORK,2021,308,20.000000
NEW YORK,2021,307,20.000000
NEW YORK,2021,306,20.000000
NEW YORK,2021,305,20.000000
NEW YORK,2021,304,
NEW YORK,2021,303,
NEW YORK,2021,302,28.000000
NEW YORK,2021,301,28.000000
NEW YORK,2021,300,28.000000
NEW YORK,2021,299,28.000000
NEW YORK,2021,298,28.000000
NEW YORK,2021,297,
NEW YORK,2021,296,
NEW YORK,2021,295,20.000000
NEW YORK,2021,294,20.000000
NEW YORK,2021,293,20.000000
NEW YORK,2021,292,20.000000
NEW YORK,2021,291,21.000000
NEW YORK,2021,290,
NEW YORK,2021,289,
NEW YORK,2021,288,21.000000
NEW YORK,2021,287,21.000000
NEW YORK,2021,286,21.000000
NEW YORK,2021,285,20.000000
NEW YORK,2021,284,
NEW YORK,2021,283,
NEW YORK,2021,282,
NEW YORK,2021,281,20.000000
NEW YORK,2021,280,20.000000
NEW YORK,2021,279,20.000000
NEW YORK,2021,278,20.000000
NEW YORK,2021,277,20.000000
NEW YORK,2021,276,
NEW YORK,2021,275,
NEW YORK,2021,274,22.000000
NEW YORK,2021,273,
NEW YORK,2021,272,
NEW YORK,2021,271,
NEW YORK,2021,270,
NEW YORK,2021,269,
NEW YORK,2021,268,
NEW YORK,2021,267,
NEW YORK,2021,266,
NEW YORK,2021,265,
NEW YORK,2021,264,
NEW YORK,2021,263,
NEW YORK,2021,262,
NEW YORK,2021,261,
NEW YORK,2021,260,22.000000
NEW YORK,2021,259,22.000000
NEW YORK,2021,258,22.000000
NEW YORK,2021,257,22.000000
NEW YORK,2021,256,22.000000
NEW YORK,2021,255,
NEW YORK,2021,254,
NEW YORK,2021,253,
NEW YORK,2021,252,
NEW YORK,2021,251,22.000000
NEW YORK,2021,250,22.000000
NEW YORK,2021,249,
NEW YORK,2021,248,
NEW YORK,2021,247,
NEW YORK,2021,246,22.000000
NEW YORK,2021,245,22.000000
NEW YORK,2021,244,22.000000
NEW YORK,2021,243,22.000000
NEW YORK,2021,242,22.000000
NEW YORK,2021,241,
NEW YORK,2021,240,
NEW YORK,2021,239,22.000000
NEW YORK,2021,238,22.000000
NEW YORK,2021,237,22.000000
NEW YORK,2021,236,22.000000
NEW YORK,2021,235,22.000000
NEW YORK,2021,234,
NEW YORK,2021,233,
NEW YORK,2021,232,22.000000
NEW YORK,2021,231,22.000000
NEW YORK,2021,230,22.000000
NEW YORK,2021,229,22.000000
NEW YORK,2021,228,22.000000
NEW YORK,2021,227,
NEW YORK,2021,226,
NEW YORK,2021,225,22.000000
NEW YORK,2021,224,22.000000
NEW YORK,2021,223,22.000000
NEW YORK,2021,222,22.000000
NEW YORK,2021,221,22.000000
NEW YORK,2021,220,
NEW YORK,2021,219,
NEW YORK,2021,218,22.000000
NEW YORK,2021,217,22.000000
NEW YORK,2021,216,
NEW YORK,2021,215,
NEW YORK,2021,214,
NEW YORK,2021,213,
NEW YORK,2021,212,
NEW YORK,2021,211,
NEW YORK,2021,210,
NEW YORK,2021,209,
NEW YORK,2021,208,
NEW YORK,2021,207,
NEW YORK,2021,206,
NEW YORK,2021,205,
NEW YORK,2021,204,14.500000
NEW YORK,2021,203,14.500000
NEW YORK,2021,202,15.000000
NEW YORK,2021,201,15.000000
NEW YORK,2021,200,15.000000
NEW YORK,2021,199,
NEW YORK,2021,198,
NEW YORK,2021,197,20.000000
NEW YORK,2021,196,20.000000
NEW YORK,2021,195,20.000000
NEW YORK,2021,194,
NEW YORK,2021,193,
NEW YORK,2021,192,
NEW YORK,2021,191,
NEW YORK,2021,190,
NEW YORK,2021,189,
NEW YORK,2021,188,
NEW YORK,2021,187,
NEW YORK,2021,186,
NEW YORK,2021,185,
NEW YORK,2021,184,
NEW YORK,2021,183,
NEW YORK,2021,182,
NEW YORK,2021,181,
NEW YORK,2021,180,
NEW YORK,2021,179,
NEW YORK,2021,178,
NEW YORK,2021,177,
NEW YORK,2021,176,20.000000
NEW YORK,2021,175,20.000000
NEW YORK,2021,174,20.000000
NEW YORK,2021,173,20.000000
NEW YORK,2021,172,20.000000
NEW YORK,2021,171,
NEW YORK,2021,170,
NEW YORK,2021,169,17.750000
NEW YORK,2021,168,17.750000
NEW YORK,2021,167,17.750000
NEW YORK,2021,166,17.750000
NEW YORK,2021,165,17.750000
NEW YORK,2021,164,
NEW YORK,2021,163,
NEW YORK,2021,162,17.750000
NEW YORK,2021,161,17.750000
NEW YORK,2021,160,17.750000
NEW YORK,2021,159,17.750000
NEW YORK,2021,158,17.750000
NEW YORK,2021,157,
NEW YORK,2021,156,
NEW YORK,2021,155,17.750000
NEW YORK,2021,154,17.750000
NEW YORK,2021,153,17.750000
NEW YORK,2021,152,17.750000
NEW YORK,2021,151,
NEW YORK,2021,150,
NEW YORK,2021,149,
NEW YORK,2021,148,17.500000
NEW YORK,2021,147,17.500000
NEW YORK,2021,146,17.500000
NEW YORK,2021,145,17.500000
NEW YORK,2021,144,17.500000
NEW YORK,2021,143,
NEW YORK,2021,142,
NEW YORK,2021,141,20.000000
NEW YORK,2021,140,20.000000
NEW YORK,2021,139,20.000000
NEW YORK,2021,138,20.000000
NEW YORK,2021,137,20.000000
NEW YORK,2021,136,
NEW YORK,2021,135,
NEW YORK,2021,134,20.000000
NEW YORK,2021,133,20.000000
NEW YORK,2021,132,20.000000
NEW YORK,2021,131,20.000000
NEW YORK,2021,130,20.000000
NEW YORK,2021,129,
NEW YORK,2021,128,
NEW YORK,2021,127,20.000000
NEW YORK,2021,126,20.000000
NEW YORK,2021,125,20.000000
NEW YORK,2021,124,20.000000
NEW YORK,2021,123,20.000000
NEW YORK,2021,122,
NEW YORK,2021,121,
NEW YORK,2021,120,20.000000
NEW YORK,2021,119,20.000000
NEW YORK,2021,118,20.000000
NEW YORK,2021,117,20.000000
NEW YORK,2021,116,20.000000
NEW YORK,2021,115,
NEW YORK,2021,114,
NEW YORK,2021,113,20.000000
NEW YORK,2021,112,20.000000
NEW YORK,2021,111,20.000000
NEW YORK,2021,110,20.000000
NEW YORK,2021,109,20.000000
NEW YORK,2021,108,
NEW YORK,2021,107,
NEW YORK,2021,106,20.000000
NEW YORK,2021,105,20.000000
NEW YORK,2021,104,20.000000
NEW YORK,2021,103,20.000000
NEW YORK,2021,102,20.000000
NEW YORK,2021,101,
NEW YORK,2021,100,
NEW YORK,2021,99,20.000000
NEW YORK,2021,98,20.000000
NEW YORK,2021,97,20.000000
NEW YORK,2021,96,20.000000
NEW YORK,2021,95,
NEW YORK,2021,94,
NEW YORK,2021,93,
NEW YORK,2021,92,20.000000
NEW YORK,2021,91,20.000000
NEW YORK,2021,90,20.000000
NEW YORK,2021,89,20.000000
NEW YORK,2021,88,20.000000
NEW YORK,2021,87,
NEW YORK,2021,86,
NEW YORK,2021,85,20.000000
NEW YORK,2021,84,20.000000
NEW YORK,2021,83,20.000000
NEW YORK,2021,82,
NEW YORK,2021,81,
NEW YORK,2021,80,
NEW YORK,2021,79,
NEW YORK,2021,78,
NEW YORK,2021,77,
NEW YORK,2021,76,
NEW YORK,2021,75,
NEW YORK,2021,74,
NEW YORK,2021,73,
NEW YORK,2021,72,
NEW YORK,2021,71,
NEW YORK,2021,70,
NEW YORK,2021,69,
NEW YORK,2021,68,
NEW YORK,2021,67,22.000000
NEW YORK,2021,66,
NEW YORK,2021,65,
NEW YORK,2021,64,22.000000
NEW YORK,2021,63,22.000000
NEW YORK,2021,62,22.000000
NEW YORK,2021,61,22.000000
NEW YORK,2021,60,22.000000
NEW YORK,2021,59,
NEW YORK,2021,58,
NEW YORK,2021,57,26.000000
NEW YORK,2021,56,26.000000
NEW YORK,2021,55,26.000000
NEW YORK,2021,54,20.000000
NEW YORK,2021,53,20.000000
NEW YORK,2021,52,
NEW YORK,2021,51,
NEW YORK,2021,50,20.000000
NEW YORK,2021,49,20.000000
NEW YORK,2021,48,20.000000
NEW YORK,2021,47,20.000000
NEW YORK,2021,46,
NEW YORK,2021,45,
NEW YORK,2021,44,
NEW YORK,2021,43,20.000000
NEW YORK,2021,42,20.000000
NEW YORK,2021,41,20.000000
NEW YORK,2021,40,20.000000
NEW YORK,2021,39,20.000000
NEW YORK,2021,38,
NEW YORK,2021,37,
NEW YORK,2021,36,20.000000
NEW YORK,2021,35,20.000000
NEW YORK,2021,34,20.000000
NEW YORK,2021,33,
NEW YORK,2021,32,
NEW YORK,2021,31,
NEW YORK,2021,30,
NEW YORK,2021,29,
NEW YORK,2021,28,
NEW YORK,2021,27,
NEW YORK,2021,26,
NEW YORK,2021,25,
NEW YORK,2021,24,
NEW YORK,2021,23,
NEW YORK,2021,22,
NEW YORK,2021,21,
NEW YORK,2021,20,
NEW YORK,2021,19,
NEW YORK,2021,18,
NEW YORK,2021,17,
NEW YORK,2021,16,
NEW YORK,2021,15,
NEW YORK,2021,14,
NEW YORK,2021,13,
NEW YORK,2021,12,
NEW YORK,2021,11,
NEW YORK,2021,10,
NEW YORK,2021,9,
NEW YORK,2021,8,
NEW YORK,2021,7,
NEW YORK,2021,6,
NEW YORK,2021,5,
NEW YORK,2021,4,
NEW YORK,2021,3,
NEW YORK,2021,2,
PHILADELPHIA,2021,366,
PHILADELPHIA,2021,365,
PHILADELPHIA,2021,364,16.000000
PHILADELPHIA,2021,363,16.000000
PHILADELPHIA,2021,362,16.000000
PHILADELPHIA,2021,361,16.000000
PHILADELPHIA,2021,360,
PHILADELPHIA,2021,359,
PHILADELPHIA,2021,358,
PHILADELPHIA,2021,357,16.000000
PHILADELPHIA,2021,356,16.000000
PHILADELPHIA,2021,355,16.000000
PHILADELPHIA,2021,354,16.000000
PHILADELPHIA,2021,353,
PHILADELPHIA,2021,352,
PHILADELPHIA,2021,351,16.000000
PHILADELPHIA,2021,350,16.000000
PHILADELPHIA,2021,349,16.000000
PHILADELPHIA,2021,348,16.000000
PHILADELPHIA,2021,347,16.000000
PHILADELPHIA,2021,346,
PHILADELPHIA,2021,345,
PHILADELPHIA,2021,344,17.000000
PHILADELPHIA,2021,343,17.000000
PHILADELPHIA,2021,342,17.000000
PHILADELPHIA,2021,341,17.000000
PHILADELPHIA,2021,340,17.000000
PHILADELPHIA,2021,339,
PHILADELPHIA,2021,338,
PHILADELPHIA,2021,337,17.000000
PHILADELPHIA,2021,336,17.000000
PHILADELPHIA,2021,335,17.000000
PHILADELPHIA,2021,334,17.000000
PHILADELPHIA,2021,333,17.000000
PHILADELPHIA,2021,332,
PHILADELPHIA,2021,331,
PHILADELPHIA,2021,330,
PHILADELPHIA,2021,329,
PHILADELPHIA,2021,328,17.000000
PHILADELPHIA,2021,327,17.000000
PHILADELPHIA,2021,326,17.000000
PHILADELPHIA,2021,325,
PHILADELPHIA,2021,324,
PHILADELPHIA,2021,323,17.000000
PHILADELPHIA,2021,322,17.000000
PHILADELPHIA,2021,321,17.000000
PHILADELPHIA,2021,320,17.000000
PHILADELPHIA,2021,319,17.000000
PHILADELPHIA,2021,318,
PHILADELPHIA,2021,317,
PHILADELPHIA,2021,316,17.000000
PHILADELPHIA,2021,315,
PHILADELPHIA,2021,314,17.000000
PHILADELPHIA,2021,313,17.000000
PHILADELPHIA,2021,312,17.000000
PHILADELPHIA,2021,311,
PHILADELPHIA,2021,310,
PHILADELPHIA,2021,309,17.000000
PHILADELPHIA,2021,308,17.000000
PHILADELPHIA,2021,307,17.000000
PHILADELPHIA,2021,306,17.000000
PHILADELPHIA,2021,305,17.000000
PHILADELPHIA,2021,304,
PHILADELPHIA,2021,303,
PHILADELPHIA,2021,302,17.000000
PHILADELPHIA,2021,301,17.000000
PHILADELPHIA,2021,300,17.000000
PHILADELPHIA,2021,299,17.000000
PHILADELPHIA,2021,298,17.000000
PHILADELPHIA,2021,297,
PHILADELPHIA,2021,296,
PHILADELPHIA,2021,295,17.000000
PHILADELPHIA,2021,294,
PHILADELPHIA,2021,293,16.000000
PHILADELPHIA,2021,292,
PHILADELPHIA,2021,291,16.000000
PHILADELPHIA,2021,290,
PHILADELPHIA,2021,289,
PHILADELPHIA,2021,288,16.000000
PHILADELPHIA,2021,287,
PHILADELPHIA,2021,286,16.000000
PHILADELPHIA,2021,285,
PHILADELPHIA,2021,284,
PHILADELPHIA,2021,283,
PHILADELPHIA,2021,282,
PHILADELPHIA,2021,281,16.000000
PHILADELPHIA,2021,280,
PHILADELPHIA,2021,279,16.000000
PHILADELPHIA,2021,278,
PHILADELPHIA,2021,277,16.000000
PHILADELPHIA,2021,276,
PHILADELPHIA,2021,275,
PHILADELPHIA,2021,274,16.000000
PHILADELPHIA,2021,273,
PHILADELPHIA,2021,272,16.000000
PHILADELPHIA,2021,271,
PHILADELPHIA,2021,270,16.000000
PHILADELPHIA,2021,269,
PHILADELPHIA,2021,268,
PHILADELPHIA,2021,267,16.000000
PHILADELPHIA,2021,266,16.000000
PHILADELPHIA,2021,265,16.000000
PHILADELPHIA,2021,264,16.000000
PHILADELPHIA,2021,263,16.000000
PHILADELPHIA,2021,262,
PHILADELPHIA,2021,261,
PHILADELPHIA,2021,260,16.000000
PHILADELPHIA,2021,259,16.000000
PHILADELPHIA,2021,258,16.000000
PHILADELPHIA,2021,257,16.000000
PHILADELPHIA,2021,256,16.000000
PHILADELPHIA,2021,255,
PHILADELPHIA,2021,254,
PHILADELPHIA,2021,253,16.000000
PHILADELPHIA,2021,252,16.000000
PHILADELPHIA,2021,251,16.000000
PHILADELPHIA,2021,250,16.000000
PHILADELPHIA,2021,249,
PHILADELPHIA,2021,248,
PHILADELPHIA,2021,247,
PHILADELPHIA,2021,246,16.000000
PHILADELPHIA,2021,245,16.000000
PHILADELPHIA,2021,244,16.000000
PHILADELPHIA,2021,243,17.000000
PHILADELPHIA,2021,242,17.000000
PHILADELPHIA,2021,241,
PHILADELPHIA,2021,240,
PHILADELPHIA,2021,239,17.000000
PHILADELPHIA,2021,238,17.000000
PHILADELPHIA,2021,237,17.000000
PHILADELPHIA,2021,236,16.000000
PHILADELPHIA,2021,235,16.000000
PHILADELPHIA,2021,234,
PHILADELPHIA,2021,233,
PHILADELPHIA,2021,232,16.000000
PHILADELPHIA,2021,231,16.000000
PHILADELPHIA,2021,230,16.000000
PHILADELPHIA,2021,229,16.000000
PHILADELPHIA,2021,228,16.000000
PHILADELPHIA,2021,227,
PHILADELPHIA,2021,226,
PHILADELPHIA,2021,225,16.000000
PHILADELPHIA,2021,224,16.000000
PHILADELPHIA,2021,223,16.000000
PHILADELPHIA,2021,222,16.000000
PHILADELPHIA,2021,221,16.000000
PHILADELPHIA,2021,220,
PHILADELPHIA,2021,219,
PHILADELPHIA,2021,218,18.000000
PHILADELPHIA,2021,217,18.000000
PHILADELPHIA,2021,216,18.000000
PHILADELPHIA,2021,215,18.000000
PHILADELPHIA,2021,214,18.000000
PHILADELPHIA,2021,213,
PHILADELPHIA,2021,212,
PHILADELPHIA,2021,211,
PHILADELPHIA,2021,210,
PHILADELPHIA,2021,209,
PHILADELPHIA,2021,208,
PHILADELPHIA,2021,207,
PHILADELPHIA,2021,206,
PHILADELPHIA,2021,205,
PHILADELPHIA,2021,204,
PHILADELPHIA,2021,203,
PHILADELPHIA,2021,202,
PHILADELPHIA,2021,201,
PHILADELPHIA,2021,200,
PHILADELPHIA,2021,199,
PHILADELPHIA,2021,198,
PHILADELPHIA,2021,197,
PHILADELPHIA,2021,196,
PHILADELPHIA,2021,195,
PHILADELPHIA,2021,194,
PHILADELPHIA,2021,193,16.000000
PHILADELPHIA,2021,192,
PHILADELPHIA,2021,191,
PHILADELPHIA,2021,190,16.000000
PHILADELPHIA,2021,189,16.000000
PHILADELPHIA,2021,188,16.000000
PHILADELPHIA,2021,187,16.000000
PHILADELPHIA,2021,186,
PHILADELPHIA,2021,185,
PHILADELPHIA,2021,184,
PHILADELPHIA,2021,183,16.000000
PHILADELPHIA,2021,182,16.000000
PHILADELPHIA,2021,181,16.000000
PHILADELPHIA,2021,180,16.000000
PHILADELPHIA,2021,179,16.000000
PHILADELPHIA,2021,178,
PHILADELPHIA,2021,177,
PHILADELPHIA,2021,176,16.000000
PHILADELPHIA,2021,175,16.000000
PHILADELPHIA,2021,174,16.000000
PHILADELPHIA,2021,173,16.000000
PHILADELPHIA,2021,172,16.000000
PHILADELPHIA,2021,171,
PHILADELPHIA,2021,170,
PHILADELPHIA,2021,169,21.000000
PHILADELPHIA,2021,168,21.000000
PHILADELPHIA,2021,167,
PHILADELPHIA,2021,166,
PHILADELPHIA,2021,165,
PHILADELPHIA,2021,164,
PHILADELPHIA,2021,163,
PHILADELPHIA,2021,162,
PHILADELPHIA,2021,161,
PHILADELPHIA,2021,160,
PHILADELPHIA,2021,159,
PHILADELPHIA,2021,158,
PHILADELPHIA,2021,157,
PHILADELPHIA,2021,156,
PHILADELPHIA,2021,155,
PHILADELPHIA,2021,154,
PHILADELPHIA,2021,153,
PHILADELPHIA,2021,152,
PHILADELPHIA,2021,151,
PHILADELPHIA,2021,150,
PHILADELPHIA,2021,149,
PHILADELPHIA,2021,148,21.500000
PHILADELPHIA,2021,147,21.500000
PHILADELPHIA,2021,146,21.500000
PHILADELPHIA,2021,145,21.500000
PHILADELPHIA,2021,144,21.500000
PHILADELPHIA,2021,143,
PHILADELPHIA,2021,142,
PHILADELPHIA,2021,141,21.500000
PHILADELPHIA,2021,140,21.500000
PHILADELPHIA,2021,139,21.500000
PHILADELPHIA,2021,138,21.500000
PHILADELPHIA,2021,137,21.500000
PHILADELPHIA,2021,136,
PHILADELPHIA,2021,135,
PHILADELPHIA,2021,134,21.500000
PHILADELPHIA,2021,133,21.500000
PHILADELPHIA,2021,132,21.500000
PHILADELPHIA,2021,131,21.500000
PHILADELPHIA,2021,130,19.500000
PHILADELPHIA,2021,129,
PHILADELPHIA,2021,128,
PHILADELPHIA,2021,127,19.500000
PHILADELPHIA,2021,126,19.500000
PHILADELPHIA,2021,125,19.500000
PHILADELPHIA,2021,124,19.500000
PHILADELPHIA,2021,123,19.500000
PHILADELPHIA,2021,122,
PHILADELPHIA,2021,121,
PHILADELPHIA,2021,120,17.500000
PHILADELPHIA,2021,119,17.500000
PHILADELPHIA,2021,118,17.500000
PHILADELPHIA,2021,117,17.500000
PHILADELPHIA,2021,116,17.500000
PHILADELPHIA,2021,115,
PHILADELPHIA,2021,114,
PHILADELPHIA,2021,113,17.500000
PHILADELPHIA,2021,112,17.500000
PHILADELPHIA,2021,111,17.500000
PHILADELPHIA,2021,110,17.500000
PHILADELPHIA,2021,109,17.500000
PHILADELPHIA,2021,108,
PHILADELPHIA,2021,107,
PHILADELPHIA,2021,106,17.500000
PHILADELPHIA,2021,105,17.500000
PHILADELPHIA,2021,104,17.500000
PHILADELPHIA,2021,103,17.500000
PHILADELPHIA,2021,102,17.500000
PHILADELPHIA,2021,101,
PHILADELPHIA,2021,100,
PHILADELPHIA,2021,99,17.500000
PHILADELPHIA,2021,98,17.500000
PHILADELPHIA,2021,97,17.500000
PHILADELPHIA,2021,96,17.500000
PHILADELPHIA,2021,95,
PHILADELPHIA,2021,94,
PHILADELPHIA,2021,93,
PHILADELPHIA,2021,92,17.500000
PHILADELPHIA,2021,91,17.500000
PHILADELPHIA,2021,90,17.500000
PHILADELPHIA,2021,89,17.500000
PHILADELPHIA,2021,88,17.500000
PHILADELPHIA,2021,87,
PHILADELPHIA,2021,86,
PHILADELPHIA,2021,85,17.500000
PHILADELPHIA,2021,84,17.500000
PHILADELPHIA,2021,83,17.500000
PHILADELPHIA,2021,82,17.500000
PHILADELPHIA,2021,81,17.500000
PHILADELPHIA,2021,80,
PHILADELPHIA,2021,79,
PHILADELPHIA,2021,78,17.500000
PHILADELPHIA,2021,77,17.500000
PHILADELPHIA,2021,76,17.500000
PHILADELPHIA,2021,75,17.500000
PHILADELPHIA,2021,74,17.500000
PHILADELPHIA,2021,73,
PHILADELPHIA,2021,72,
PHILADELPHIA,2021,71,17.500000
PHILADELPHIA,2021,70,17.500000
PHILADELPHIA,2021,69,17.500000
PHILADELPHIA,2021,68,17.500000
PHILADELPHIA,2021,67,17.500000
PHILADELPHIA,2021,66,
PHILADELPHIA,2021,65,
PHILADELPHIA,2021,64,19.000000
PHILADELPHIA,2021,63,19.000000
PHILADELPHIA,2021,62,19.000000
PHILADELPHIA,2021,61,19.000000
PHILADELPHIA,2021,60,19.000000
PHILADELPHIA,2021,59,
PHILADELPHIA,2021,58,
PHILADELPHIA,2021,57,19.000000
PHILADELPHIA,2021,56,19.000000
PHILADELPHIA,2021,55,19.000000
PHILADELPHIA,2021,54,19.000000
PHILADELPHIA,2021,53,19.000000
PHILADELPHIA,2021,52,
PHILADELPHIA,2021,51,
PHILADELPHIA,2021,50,19.500000
PHILADELPHIA,2021,49,19.500000
PHILADELPHIA,2021,48,19.500000
PHILADELPHIA,2021,47,19.500000
PHILADELPHIA,2021,46,
PHILADELPHIA,2021,45,
PHILADELPHIA,2021,44,
PHILADELPHIA,2021,43,19.500000
PHILADELPHIA,2021,42,19.500000
PHILADELPHIA,2021,41,19.500000
PHILADELPHIA,2021,40,19.500000
PHILADELPHIA,2021,39,19.500000
PHILADELPHIA,2021,38,
PHILADELPHIA,2021,37,
PHILADELPHIA,2021,36,19.500000
PHILADELPHIA,2021,35,19.500000
PHILADELPHIA,2021,34,19.500000
PHILADELPHIA,2021,33,17.500000
PHILADELPHIA,2021,32,
PHILADELPHIA,2021,31,
PHILADELPHIA,2021,30,
PHILADELPHIA,2021,29,17.500000
PHILADELPHIA,2021,28,17.500000
PHILADELPHIA,2021,27,17.500000
PHILADELPHIA,2021,26,17.500000
PHILADELPHIA,2021,25,17.500000
PHILADELPHIA,2021,24,
PHILADELPHIA,2021,23,
PHILADELPHIA,2021,22,19.000000
PHILADELPHIA,2021,21,19.000000
PHILADELPHIA,2021,20,19.000000
PHILADELPHIA,2021,19,19.000000
PHILADELPHIA,2021,18,
PHILADELPHIA,2021,17,
PHILADELPHIA,2021,16,
PHILADELPHIA,2021,15,17.500000
PHILADELPHIA,2021,14,17.500000
PHILADELPHIA,2021,13,17.500000
PHILADELPHIA,2021,12,17.500000
PHILADELPHIA,2021,11,17.500000
PHILADELPHIA,2021,10,
PHILADELPHIA,2021,9,
PHILADELPHIA,2021,8,17.500000
PHILADELPHIA,2021,7,17.500000
PHILADELPHIA,2021,6,17.500000
PHILADELPHIA,2021,5,17.500000
PHILADELPHIA,2021,4,17.500000
PHILADELPHIA,2021,3,
PHILADELPHIA,2021,2,
BALTIMORE,2020,366,
BALTIMORE,2020,365,
BALTIMORE,2020,364,
BALTIMORE,2020,363,
BALTIMORE,2020,362,
BALTIMORE,2020,361,
BALTIMORE,2020,360,
BALTIMORE,2020,359,
BALTIMORE,2020,358,
BALTIMORE,2020,357,
BALTIMORE,2020,356,
BALTIMORE,2020,355,
BALTIMORE,2020,354,
BALTIMORE,2020,353,
BALTIMORE,2020,352,
BALTIMORE,2020,351,
BALTIMORE,2020,350,
BALTIMORE,2020,349,
BALTIMORE,2020,348,
BALTIMORE,2020,347,
BALTIMORE,2020,346,19.000000
BALTIMORE,2020,345,
BALTIMORE,2020,344,
BALTIMORE,2020,343,
BALTIMORE,2020,342,
BALTIMORE,2020,341,
BALTIMORE,2020,340,
BALTIMORE,2020,339,
BALTIMORE,2020,338,
BALTIMORE,2020,337,
BALTIMORE,2020,336,
BALTIMORE,2020,335,
BALTIMORE,2020,334,
BALTIMORE,2020,333,
BALTIMORE,2020,332,
BALTIMORE,2020,331,
BALTIMORE,2020,330,
BALTIMORE,2020,329,
BALTIMORE,2020,328,
BALTIMORE,2020,327,
BALTIMORE,2020,326,
BALTIMORE,2020,325,
BALTIMORE,2020,324,
BALTIMORE,2020,323,
BALTIMORE,2020,322,
BALTIMORE,2020,321,
BALTIMORE,2020,320,
BALTIMORE,2020,319,
BALTIMORE,2020,318,
BALTIMORE,2020,317,
BALTIMORE,2020,316,
BALTIMORE,2020,315,30.000000
BALTIMORE,2020,314,30.000000
BALTIMORE,2020,313,
BALTIMORE,2020,312,
BALTIMORE,2020,311,30.000000
BALTIMORE,2020,310,30.000000
BALTIMORE,2020,309,30.000000
BALTIMORE,2020,308,30.000000
BALTIMORE,2020,307,30.000000
BALTIMORE,2020,306,
BALTIMORE,2020,305,
BALTIMORE,2020,304,30.000000
BALTIMORE,2020,303,30.000000
BALTIMORE,2020,302,30.000000
BALTIMORE,2020,301,30.000000
BALTIMORE,2020,300,30.000000
BALTIMORE,2020,299,
BALTIMORE,2020,298,
BALTIMORE,2020,297,
BALTIMORE,2020,296,
BALTIMORE,2020,295,
BALTIMORE,2020,294,
BALTIMORE,2020,293,
BALTIMORE,2020,292,
BALTIMORE,2020,291,
BALTIMORE,2020,290,
BALTIMORE,2020,289,
BALTIMORE,2020,288,
BALTIMORE,2020,287,
BALTIMORE,2020,286,
BALTIMORE,2020,285,
BALTIMORE,2020,284,
BALTIMORE,2020,283,
BALTIMORE,2020,282,
BALTIMORE,2020,281,
BALTIMORE,2020,280,
BALTIMORE,2020,279,
BALTIMORE,2020,278,
BALTIMORE,2020,277,
BALTIMORE,2020,276,34.000000
BALTIMORE,2020,275,34.000000
BALTIMORE,2020,274,34.000000
BALTIMORE,2020,273,
BALTIMORE,2020,272,26.500000
BALTIMORE,2020,271,
BALTIMORE,2020,270,
BALTIMORE,2020,269,26.500000
BALTIMORE,2020,268,26.500000
BALTIMORE,2020,267,26.500000
BALTIMORE,2020,266,26.500000
BALTIMORE,2020,265,
BALTIMORE,2020,264,
BALTIMORE,2020,263,
BALTIMORE,2020,262,30.000000
BALTIMORE,2020,261,30.000000
BALTIMORE,2020,260,30.000000
BALTIMORE,2020,259,30.000000
BALTIMORE,2020,258,
BALTIMORE,2020,257,
BALTIMORE,2020,256,
BALTIMORE,2020,255,
BALTIMORE,2020,254,
BALTIMORE,2020,253,
BALTIMORE,2020,252,
BALTIMORE,2020,251,
BALTIMORE,2020,250,
BALTIMORE,2020,249,
BALTIMORE,2020,248,
BALTIMORE,2020,247,
BALTIMORE,2020,246,
BALTIMORE,2020,245,
BALTIMORE,2020,244,
BALTIMORE,2020,243,
BALTIMORE,2020,242,
BALTIMORE,2020,241,
BALTIMORE,2020,240,
BALTIMORE,2020,239,
BALTIMORE,2020,238,
BALTIMORE,2020,237,
BALTIMORE,2020,236,
BALTIMORE,2020,235,
BALTIMORE,2020,234,
BALTIMORE,2020,233,
BALTIMORE,2020,232,
BALTIMORE,2020,231,
BALTIMORE,2020,230,
BALTIMORE,2020,229,
BALTIMORE,2020,228,
BALTIMORE,2020,227,
BALTIMORE,2020,226,
BALTIMORE,2020,225,
BALTIMORE,2020,224,
BALTIMORE,2020,223,
BALTIMORE,2020,222,
BALTIMORE,2020,221,
BALTIMORE,2020,220,
BALTIMORE,2020,219,
BALTIMORE,2020,218,
BALTIMORE,2020,217,
BALTIMORE,2020,216,
BALTIMORE,2020,215,
BALTIMORE,2020,214,
BALTIMORE,2020,213,
BALTIMORE,2020,212,
BALTIMORE,2020,211,
BALTIMORE,2020,210,
BALTIMORE,2020,209,
BALTIMORE,2020,208,
BALTIMORE,2020,207,
BALTIMORE,2020,206,28.000000
BALTIMORE,2020,205,28.000000
BALTIMORE,2020,204,28.000000
BALTIMORE,2020,203,28.000000
BALTIMORE,2020,202,
BALTIMORE,2020,201,
BALTIMORE,2020,200,
BALTIMORE,2020,199,
BALTIMORE,2020,198,
BALTIMORE,2020,197,
BALTIMORE,2020,196,
BALTIMORE,2020,195,
BALTIMORE,2020,194,
BALTIMORE,2020,193,
BALTIMORE,2020,192,
BALTIMORE,2020,191,
BALTIMORE,2020,190,
BALTIMORE,2020,189,26.000000
BALTIMORE,2020,188,26.000000
BALTIMORE,2020,187,
BALTIMORE,2020,186,
BALTIMORE,2020,185,
BALTIMORE,2020,184,26.000000
BALTIMORE,2020,183,26.000000
BALTIMORE,2020,182,
BALTIMORE,2020,181,
BALTIMORE,2020,180,
BALTIMORE,2020,179,
BALTIMORE,2020,178,35.000000
BALTIMORE,2020,177,35.000000
BALTIMORE,2020,176,35.000000
BALTIMORE,2020,175,
BALTIMORE,2020,174,
BALTIMORE,2020,173,
BALTIMORE,2020,172,
BALTIMORE,2020,171,31.000000
BALTIMORE,2020,170,31.000000
BALTIMORE,2020,169,31.000000
BALTIMORE,2020,168,31.000000
BALTIMORE,2020,167,31.000000
BALTIMORE,2020,166,
BALTIMORE,2020,165,
BALTIMORE,2020,164,31.000000
BALTIMORE,2020,163,31.000000
BALTIMORE,2020,162,31.000000
BALTIMORE,2020,161,31.000000
BALTIMORE,2020,160,31.000000
BALTIMORE,2020,159,
BALTIMORE,2020,158,
BALTIMORE,2020,157,37.500000
BALTIMORE,2020,156,
BALTIMORE,2020,155,
BALTIMORE,2020,154,
BALTIMORE,2020,153,
BALTIMORE,2020,152,
BALTIMORE,2020,151,
BALTIMORE,2020,150,
BALTIMORE,2020,149,
BALTIMORE,2020,148,
BALTIMORE,2020,147,
BALTIMORE,2020,146,
BALTIMORE,2020,145,
BALTIMORE,2020,144,
BALTIMORE,2020,143,
BALTIMORE,2020,142,
BALTIMORE,2020,141,19.500000
BALTIMORE,2020,140,19.500000
BALTIMORE,2020,139,19.500000
BALTIMORE,2020,138,
BALTIMORE,2020,137,
BALTIMORE,2020,136,27.750000
BALTIMORE,2020,135,
BALTIMORE,2020,134,34.500000
BALTIMORE,2020,133,34.500000
BALTIMORE,2020,132,34.500000
BALTIMORE,2020,131,
BALTIMORE,2020,130,
BALTIMORE,2020,129,
BALTIMORE,2020,128,
BALTIMORE,2020,127,
BALTIMORE,2020,126,34.500000
BALTIMORE,2020,125,34.500000
BALTIMORE,2020,124,
BALTIMORE,2020,123,
BALTIMORE,2020,122,33.000000
BALTIMORE,2020,121,33.000000
BALTIMORE,2020,120,33.000000
BALTIMORE,2020,119,33.000000
BALTIMORE,2020,118,33.000000
BALTIMORE,2020,117,
BALTIMORE,2020,116,
BALTIMORE,2020,115,33.000000
BALTIMORE,2020,114,33.000000
BALTIMORE,2020,113,
BALTIMORE,2020,112,
BALTIMORE,2020,111,
BALTIMORE,2020,110,
BALTIMORE,2020,109,
BALTIMORE,2020,108,
BALTIMORE,2020,107,
BALTIMORE,2020,106,
BALTIMORE,2020,105,
BALTIMORE,2020,104,
BALTIMORE,2020,103,
BALTIMORE,2020,102,
BALTIMORE,2020,101,
BALTIMORE,2020,100,
BALTIMORE,2020,99,
BALTIMORE,2020,98,
BALTIMORE,2020,97,
BALTIMORE,2020,96,
BALTIMORE,2020,95,
BALTIMORE,2020,94,
BALTIMORE,2020,93,
BALTIMORE,2020,92,
BALTIMORE,2020,91,
BALTIMORE,2020,90,
BALTIMORE,2020,89,
BALTIMORE,2020,88,
BALTIMORE,2020,87,
BALTIMORE,2020,86,
BALTIMORE,2020,85,
BALTIMORE,2020,84,
BALTIMORE,2020,83,
BALTIMORE,2020,82,
BALTIMORE,2020,81,
BALTIMORE,2020,80,
BALTIMORE,2020,79,
BALTIMORE,2020,78,
BALTIMORE,2020,77,
BALTIMORE,2020,76,
BALTIMORE,2020,75,
BALTIMORE,2020,74,
BALTIMORE,2020,73,
BALTIMORE,2020,72,
BALTIMORE,2020,71,
BALTIMORE,2020,70,
BALTIMORE,2020,69,
BALTIMORE,2020,68,
BALTIMORE,2020,67,
BALTIMORE,2020,66,
BALTIMORE,2020,65,
BALTIMORE,2020,64,
BALTIMORE,2020,63,
BALTIMORE,2020,62,
BALTIMORE,2020,61,
BALTIMORE,2020,60,
BALTIMORE,2020,59,
BALTIMORE,2020,58,
BALTIMORE,2020,57,
BALTIMORE,2020,56,
BALTIMORE,2020,55,
BALTIMORE,2020,54,
BALTIMORE,2020,53,
BALTIMORE,2020,52,23.000000
BALTIMORE,2020,51,23.000000
BALTIMORE,2020,50,23.500000
BALTIMORE,2020,49,23.500000
BALTIMORE,2020,48,
BALTIMORE,2020,47,
BALTIMORE,2020,46,
BALTIMORE,2020,45,21.750000
BALTIMORE,2020,44,21.750000
BALTIMORE,2020,43,21.750000
BALTIMORE,2020,42,21.750000
BALTIMORE,2020,41,
BALTIMORE,2020,40,
BALTIMORE,2020,39,
BALTIMORE,2020,38,
BALTIMORE,2020,37,
BALTIMORE,2020,36,
BALTIMORE,2020,35,
BALTIMORE,2020,34,
BALTIMORE,2020,33,
BALTIMORE,2020,32,
BALTIMORE,2020,31,
BALTIMORE,2020,30,
BALTIMORE,2020,29,
BALTIMORE,2020,28,
BALTIMORE,2020,27,
BALTIMORE,2020,26,
BALTIMORE,2020,25,
BALTIMORE,2020,24,
BALTIMORE,2020,23,
BALTIMORE,2020,22,
BALTIMORE,2020,21,
BALTIMORE,2020,20,
BALTIMORE,2020,19,
BALTIMORE,2020,18,
BALTIMORE,2020,17,
BALTIMORE,2020,16,
BALTIMORE,2020,15,
BALTIMORE,2020,14,
BALTIMORE,2020,13,
BALTIMORE,2020,12,
BALTIMORE,2020,11,
BALTIMORE,2020,10,
BALTIMORE,2020,9,
BALTIMORE,2020,8,
BALTIMORE,2020,7,
BALTIMORE,2020,6,
BALTIMORE,2020,5,
BALTIMORE,2020,4,
BALTIMORE,2020,3,
BALTIMORE,2020,2,
BOSTON,2020,366,24.500000
BOSTON,2020,365,24.500000
BOSTON,2020,364,24.500000
BOSTON,2020,363,24.500000
BOSTON,2020,362,
BOSTON,2020,361,
BOSTON,2020,360,
BOSTON,2020,359,
BOSTON,2020,358,24.500000
BOSTON,2020,357,24.500000
BOSTON,2020,356,24.500000
BOSTON,2020,355,
BOSTON,2020,354,
BOSTON,2020,353,24.500000
BOSTON,2020,352,24.500000
BOSTON,2020,351,24.500000
BOSTON,2020,350,24.500000
BOSTON,2020,349,
BOSTON,2020,348,
BOSTON,2020,347,
BOSTON,2020,346,24.500000
BOSTON,2020,345,24.500000
BOSTON,2020,344,24.500000
BOSTON,2020,343,24.500000
BOSTON,2020,342,24.500000
BOSTON,2020,341,
BOSTON,2020,340,
BOSTON,2020,339,24.500000
BOSTON,2020,338,24.500000
BOSTON,2020,337,24.500000
BOSTON,2020,336,24.500000
BOSTON,2020,335,24.500000
BOSTON,2020,334,
BOSTON,2020,333,
BOSTON,2020,332,24.500000
BOSTON,2020,331,
BOSTON,2020,330,24.500000
BOSTON,2020,329,24.500000
BOSTON,2020,328,24.333333
BOSTON,2020,327,
BOSTON,2020,326,
BOSTON,2020,325,24.333333
BOSTON,2020,324,24.333333
BOSTON,2020,323,24.333333
BOSTON,2020,322,24.333333
BOSTON,2020,321,24.333333
BOSTON,2020,320,
BOSTON,2020,319,
BOSTON,2020,318,24.333333
BOSTON,2020,317,24.333333
BOSTON,2020,316,
BOSTON,2020,315,24.333333
BOSTON,2020,314,24.333333
BOSTON,2020,313,
BOSTON,2020,312,
BOSTON,2020,311,24.333333
BOSTON,2020,310,24.333333
BOSTON,2020,309,24.333333
BOSTON,2020,308,24.333333
BOSTON,2020,307,23.000000
BOSTON,2020,306,
BOSTON,2020,305,
BOSTON,2020,304,23.000000
BOSTON,2020,303,23.000000
BOSTON,2020,302,23.000000
BOSTON,2020,301,23.000000
BOSTON,2020,300,23.000000
BOSTON,2020,299,
BOSTON,2020,298,
BOSTON,2020,297,23.000000
BOSTON,2020,296,23.000000
BOSTON,2020,295,23.000000
BOSTON,2020,294,23.000000
BOSTON,2020,293,23.000000
BOSTON,2020,292,
BOSTON,2020,291,
BOSTON,2020,290,23.000000
BOSTON,2020,289,23.000000
BOSTON,2020,288,23.000000
BOSTON,2020,287,23.000000
BOSTON,2020,286,
BOSTON,2020,285,
BOSTON,2020,284,
BOSTON,2020,283,23.000000
BOSTON,2020,282,23.000000
BOSTON,2020,281,23.000000
BOSTON,2020,280,23.000000
BOSTON,2020,279,23.000000
BOSTON,2020,278,
BOSTON,2020,277,
BOSTON,2020,276,23.000000
BOSTON,2020,275,24.000000
BOSTON,2020,274,24.000000
BOSTON,2020,273,24.000000
BOSTON,2020,272,24.000000
BOSTON,2020,271,
BOSTON,2020,270,
BOSTON,2020,269,24.000000
BOSTON,2020,268,24.000000
BOSTON,2020,267,24.000000
BOSTON,2020,266,24.000000
BOSTON,2020,265,24.000000
BOSTON,2020,264,
BOSTON,2020,263,
BOSTON,2020,262,24.000000
BOSTON,2020,261,24.000000
BOSTON,2020,260,24.000000
BOSTON,2020,259,24.000000
BOSTON,2020,258,24.000000
BOSTON,2020,257,
BOSTON,2020,256,
BOSTON,2020,255,24.000000
BOSTON,2020,254,24.000000
BOSTON,2020,253,24.000000
BOSTON,2020,252,24.000000
BOSTON,2020,251,
BOSTON,2020,250,
BOSTON,2020,249,
BOSTON,2020,248,24.000000
BOSTON,2020,247,24.000000
BOSTON,2020,246,24.000000
BOSTON,2020,245,24.000000
BOSTON,2020,244,24.000000
BOSTON,2020,243,
BOSTON,2020,242,
BOSTON,2020,241,24.000000
BOSTON,2020,240,24.000000
BOSTON,2020,239,24.000000
BOSTON,2020,238,24.000000
BOSTON,2020,237,24.000000
BOSTON,2020,236,
BOSTON,2020,235,
BOSTON,2020,234,24.000000
BOSTON,2020,233,24.000000
BOSTON,2020,232,24.000000
BOSTON,2020,231,24.000000
BOSTON,2020,230,24.000000
BOSTON,2020,229,
BOSTON,2020,228,
BOSTON,2020,227,24.000000
BOSTON,2020,226,24.000000
BOSTON,2020,225,24.000000
BOSTON,2020,224,24.000000
BOSTON,2020,223,24.000000
BOSTON,2020,222,
BOSTON,2020,221,
BOSTON,2020,220,24.000000
BOSTON,2020,219,24.000000
BOSTON,2020,218,24.000000
BOSTON,2020,217,24.000000
BOSTON,2020,216,24.000000
BOSTON,2020,215,
BOSTON,2020,214,
BOSTON,2020,213,24.000000
BOSTON,2020,212,24.333333
BOSTON,2020,211,24.333333
BOSTON,2020,210,24.333333
BOSTON,2020,209,24.333333
BOSTON,2020,208,
BOSTON,2020,207,
BOSTON,2020,206,24.333333
BOSTON,2020,205,24.333333
BOSTON,2020,204,24.333333
BOSTON,2020,203,24.333333
BOSTON,2020,202,24.333333
BOSTON,2020,201,
BOSTON,2020,200,
BOSTON,2020,199,22.666666
BOSTON,2020,198,22.666666
BOSTON,2020,197,22.666666
BOSTON,2020,196,22.666666
BOSTON,2020,195,26.000000
BOSTON,2020,194,
BOSTON,2020,193,
BOSTON,2020,192,26.000000
BOSTON,2020,191,24.000000
BOSTON,2020,190,24.000000
BOSTON,2020,189,24.000000
BOSTON,2020,188,24.000000
BOSTON,2020,187,
BOSTON,2020,186,
BOSTON,2020,185,
BOSTON,2020,184,24.000000
BOSTON,2020,183,24.000000
BOSTON,2020,182,24.000000
BOSTON,2020,181,24.000000
BOSTON,2020,180,
BOSTON,2020,179,
BOSTON,2020,178,24.000000
BOSTON,2020,177,24.000000
BOSTON,2020,176,24.000000
BOSTON,2020,175,24.000000
BOSTON,2020,174,24.000000
BOSTON,2020,173,
BOSTON,2020,172,
BOSTON,2020,171,24.000000
BOSTON,2020,170,24.000000
BOSTON,2020,169,24.000000
BOSTON,2020,168,24.000000
BOSTON,2020,167,24.000000
BOSTON,2020,166,
BOSTON,2020,165,
BOSTON,2020,164,24.000000
BOSTON,2020,163,24.000000
BOSTON,2020,162,24.000000
BOSTON,2020,161,24.000000
BOSTON,2020,160,24.000000
BOSTON,2020,159,
BOSTON,2020,158,
BOSTON,2020,157,24.000000
BOSTON,2020,156,24.000000
BOSTON,2020,155,24.000000
BOSTON,2020,154,24.000000
BOSTON,2020,153,24.000000
BOSTON,2020,152,
BOSTON,2020,151,
BOSTON,2020,150,24.000000
BOSTON,2020,149,25.000000
BOSTON,2020,148,25.000000
BOSTON,2020,147,25.000000
BOSTON,2020,146,
BOSTON,2020,145,
BOSTON,2020,144,
BOSTON,2020,143,25.000000
BOSTON,2020,142,25.000000
BOSTON,2020,141,25.000000
BOSTON,2020,140,25.000000
BOSTON,2020,139,25.000000
BOSTON,2020,138,
BOSTON,2020,137,
BOSTON,2020,136,25.000000
BOSTON,2020,135,25.000000
BOSTON,2020,134,25.000000
BOSTON,2020,133,25.000000
BOSTON,2020,132,25.000000
BOSTON,2020,131,
BOSTON,2020,130,
BOSTON,2020,129,25.000000
BOSTON,2020,128,20.000000
BOSTON,2020,127,20.000000
BOSTON,2020,126,20.000000
BOSTON,2020,125,20.000000
BOSTON,2020,124,
BOSTON,2020,123,
BOSTON,2020,122,20.000000
BOSTON,2020,121,20.000000
BOSTON,2020,120,20.000000
BOSTON,2020,119,20.000000
BOSTON,2020,118,20.000000
BOSTON,2020,117,
BOSTON,2020,116,
BOSTON,2020,115,20.000000
BOSTON,2020,114,20.000000
BOSTON,2020,113,20.000000
BOSTON,2020,112,20.000000
BOSTON,2020,111,20.000000
BOSTON,2020,110,
BOSTON,2020,109,
BOSTON,2020,108,20.000000
BOSTON,2020,107,20.000000
BOSTON,2020,106,20.000000
BOSTON,2020,105,20.000000
BOSTON,2020,104,20.000000
BOSTON,2020,103,
BOSTON,2020,102,
BOSTON,2020,101,20.000000
BOSTON,2020,100,20.000000
BOSTON,2020,99,20.000000
BOSTON,2020,98,20.000000
BOSTON,2020,97,20.000000
BOSTON,2020,96,
BOSTON,2020,95,
BOSTON,2020,94,20.000000
BOSTON,2020,93,20.000000
BOSTON,2020,92,20.000000
BOSTON,2020,91,20.000000
BOSTON,2020,90,20.000000
BOSTON,2020,89,
BOSTON,2020,88,
BOSTON,2020,87,20.000000
BOSTON,2020,86,20.000000
BOSTON,2020,85,20.000000
BOSTON,2020,84,20.000000
BOSTON,2020,83,20.000000
BOSTON,2020,82,
BOSTON,2020,81,
BOSTON,2020,80,20.000000
BOSTON,2020,79,21.000000
BOSTON,2020,78,21.000000
BOSTON,2020,77,21.000000
BOSTON,2020,76,21.000000
BOSTON,2020,75,
BOSTON,2020,74,
BOSTON,2020,73,20.000000
BOSTON,2020,72,20.000000
BOSTON,2020,71,20.000000
BOSTON,2020,70,20.000000
BOSTON,2020,69,20.000000
BOSTON,2020,68,
BOSTON,2020,67,
BOSTON,2020,66,20.000000
BOSTON,2020,65,20.000000
BOSTON,2020,64,20.000000
BOSTON,2020,63,20.000000
BOSTON,2020,62,20.000000
BOSTON,2020,61,
BOSTON,2020,60,
BOSTON,2020,59,23.500000
BOSTON,2020,58,23.500000
BOSTON,2020,57,23.500000
BOSTON,2020,56,23.500000
BOSTON,2020,55,23.500000
BOSTON,2020,54,
BOSTON,2020,53,
BOSTON,2020,52,23.500000
BOSTON,2020,51,23.500000
BOSTON,2020,50,23.500000
BOSTON,2020,49,23.500000
BOSTON,2020,48,
BOSTON,2020,47,
BOSTON,2020,46,
BOSTON,2020,45,23.500000
BOSTON,2020,44,23.500000
BOSTON,2020,43,23.500000
BOSTON,2020,42,23.500000
BOSTON,2020,41,23.500000
BOSTON,2020,40,
BOSTON,2020,39,
BOSTON,2020,38,23.500000
BOSTON,2020,37,23.500000
BOSTON,2020,36,23.500000
BOSTON,2020,35,23.500000
BOSTON,2020,34,23.500000
BOSTON,2020,33,
BOSTON,2020,32,
BOSTON,2020,31,23.500000
BOSTON,2020,30,23.500000
BOSTON,2020,29,23.500000
BOSTON,2020,28,23.500000
BOSTON,2020,27,23.500000
BOSTON,2020,26,
BOSTON,2020,25,
BOSTON,2020,24,23.500000
BOSTON,2020,23,23.500000
BOSTON,2020,22,23.500000
BOSTON,2020,21,23.500000
BOSTON,2020,20,
BOSTON,2020,19,
BOSTON,2020,18,
BOSTON,2020,17,20.500000
BOSTON,2020,16,20.500000
BOSTON,2020,15,20.500000
BOSTON,2020,14,20.500000
BOSTON,2020,13,20.500000
BOSTON,2020,12,
BOSTON,2020,11,
BOSTON,2020,10,20.500000
BOSTON,2020,9,21.000000
BOSTON,2020,8,21.000000
BOSTON,2020,7,21.000000
BOSTON,2020,6,21.000000
BOSTON,2020,5,
BOSTON,2020,4,
BOSTON,2020,3,21.000000
BOSTON,2020,2,21.000000
CHICAGO,2020,366,21.333333
CHICAGO,2020,365,24.333333
CHICAGO,2020,364,24.333333
CHICAGO,2020,363,24.333333
CHICAGO,2020,362,
CHICAGO,2020,361,
CHICAGO,2020,360,
CHICAGO,2020,359,
CHICAGO,2020,358,22.500000
CHICAGO,2020,357,22.500000
CHICAGO,2020,356,22.500000
CHICAGO,2020,355,
CHICAGO,2020,354,
CHICAGO,2020,353,22.500000
CHICAGO,2020,352,22.500000
CHICAGO,2020,351,22.500000
CHICAGO,2020,350,20.500000
CHICAGO,2020,349,22.000000
CHICAGO,2020,348,
CHICAGO,2020,347,
CHICAGO,2020,346,22.000000
CHICAGO,2020,345,21.500000
CHICAGO,2020,344,21.500000
CHICAGO,2020,343,21.500000
CHICAGO,2020,342,22.500000
CHICAGO,2020,341,
CHICAGO,2020,340,
CHICAGO,2020,339,22.500000
CHICAGO,2020,338,23.500000
CHICAGO,2020,337,23.500000
CHICAGO,2020,336,21.000000
CHICAGO,2020,335,22.000000
CHICAGO,2020,334,
CHICAGO,2020,333,
CHICAGO,2020,332,22.000000
CHICAGO,2020,331,
CHICAGO,2020,330,23.750000
CHICAGO,2020,329,23.750000
CHICAGO,2020,328,29.250000
CHICAGO,2020,327,
CHICAGO,2020,326,
CHICAGO,2020,325,29.250000
CHICAGO,2020,324,28.750000
CHICAGO,2020,323,27.500000
CHICAGO,2020,322,27.500000
CHICAGO,2020,321,29.000000
CHICAGO,2020,320,
CHICAGO,2020,319,
CHICAGO,2020,318,29.000000
CHICAGO,2020,317,29.000000
CHICAGO,2020,316,
CHICAGO,2020,315,29.000000
CHICAGO,2020,314,30.000000
CHICAGO,2020,313,
CHICAGO,2020,312,
CHICAGO,2020,311,30.000000
CHICAGO,2020,310,28.000000
CHICAGO,2020,309,28.000000
CHICAGO,2020,308,28.000000
CHICAGO,2020,307,28.000000
CHICAGO,2020,306,
CHICAGO,2020,305,
CHICAGO,2020,304,28.000000
CHICAGO,2020,303,27.500000
CHICAGO,2020,302,27.500000
CHICAGO,2020,301,27.500000
CHICAGO,2020,300,27.500000
CHICAGO,2020,299,
CHICAGO,2020,298,
CHICAGO,2020,297,27.500000
CHICAGO,2020,296,27.500000
CHICAGO,2020,295,27.500000
CHICAGO,2020,294,27.500000
CHICAGO,2020,293,27.500000
CHICAGO,2020,292,
CHICAGO,2020,291,
CHICAGO,2020,290,27.500000
CHICAGO,2020,289,25.000000
CHICAGO,2020,288,28.000000
CHICAGO,2020,287,28.000000
CHICAGO,2020,286,
CHICAGO,2020,285,
CHICAGO,2020,284,
CHICAGO,2020,283,28.000000
CHICAGO,2020,282,28.000000
CHICAGO,2020,281,28.000000
CHICAGO,2020,280,28.000000
CHICAGO,2020,279,28.000000
CHICAGO,2020,278,
CHICAGO,2020,277,
CHICAGO,2020,276,28.000000
CHICAGO,2020,275,23.250000
CHICAGO,2020,274,23.250000
CHICAGO,2020,273,23.250000
CHICAGO,2020,272,23.250000
CHICAGO,2020,271,
CHICAGO,2020,270,
CHICAGO,2020,269,23.250000
CHICAGO,2020,268,24.200000
CHICAGO,2020,267,24.200000
CHICAGO,2020,266,23.250000
CHICAGO,2020,265,23.250000
CHICAGO,2020,264,
CHICAGO,2020,263,
CHICAGO,2020,262,23.250000
CHICAGO,2020,261,23.250000
CHICAGO,2020,260,25.000000
CHICAGO,2020,259,23.625000
CHICAGO,2020,258,22.625000
CHICAGO,2020,257,
CHICAGO,2020,256,
CHICAGO,2020,255,22.625000
CHICAGO,2020,254,22.625000
CHICAGO,2020,253,22.625000
CHICAGO,2020,252,22.875000
CHICAGO,2020,251,
CHICAGO,2020,250,
CHICAGO,2020,249,
CHICAGO,2020,248,22.875000
CHICAGO,2020,247,22.875000
CHICAGO,2020,246,22.375000
CHICAGO,2020,245,22.375000
CHICAGO,2020,244,22.375000
CHICAGO,2020,243,
CHICAGO,2020,242,
CHICAGO,2020,241,21.833333
CHICAGO,2020,240,21.833333
CHICAGO,2020,239,21.833333
CHICAGO,2020,238,21.833333
CHICAGO,2020,237,21.833333
CHICAGO,2020,236,
CHICAGO,2020,235,
CHICAGO,2020,234,22.166666
CHICAGO,2020,233,22.166666
CHICAGO,2020,232,21.666666
CHICAGO,2020,231,21.666666
CHICAGO,2020,230,21.666666
CHICAGO,2020,229,
CHICAGO,2020,228,
CHICAGO,2020,227,23.666666
CHICAGO,2020,226,23.666666
CHICAGO,2020,225,23.666666
CHICAGO,2020,224,23.666666
CHICAGO,2020,223,23.666666
CHICAGO,2020,222,
CHICAGO,2020,221,
CHICAGO,2020,220,23.666666
CHICAGO,2020,219,21.500000
CHICAGO,2020,218,21.500000
CHICAGO,2020,217,21.500000
CHICAGO,2020,216,21.500000
CHICAGO,2020,215,
CHICAGO,2020,214,
CHICAGO,2020,213,24.500000
CHICAGO,2020,212,24.500000
CHICAGO,2020,211,24.500000
CHICAGO,2020,210,24.500000
CHICAGO,2020,209,24.500000
CHICAGO,2020,208,
CHICAGO,2020,207,
CHICAGO,2020,206,27.000000
CHICAGO,2020,205,29.000000
CHICAGO,2020,204,28.000000
CHICAGO,2020,203,28.000000
CHICAGO,2020,202,28.000000
CHICAGO,2020,201,
CHICAGO,2020,200,
CHICAGO,2020,199,28.250000
CHICAGO,2020,198,28.250000
CHICAGO,2020,197,29.000000
CHICAGO,2020,196,29.000000
CHICAGO,2020,195,29.000000
CHICAGO,2020,194,
CHICAGO,2020,193,
CHICAGO,2020,192,29.000000
CHICAGO,2020,191,29.000000
CHICAGO,2020,190,29.000000
CHICAGO,2020,189,29.000000
CHICAGO,2020,188,27.500000
CHICAGO,2020,187,
CHICAGO,2020,186,
CHICAGO,2020,185,
CHICAGO,2020,184,27.000000
CHICAGO,2020,183,27.000000
CHICAGO,2020,182,27.000000
CHICAGO,2020,181,27.000000
CHICAGO,2020,180,
CHICAGO,2020,179,
CHICAGO,2020,178,27.000000
CHICAGO,2020,177,28.500000
CHICAGO,2020,176,28.500000
CHICAGO,2020,175,28.500000
CHICAGO,2020,174,28.500000
CHICAGO,2020,173,
CHICAGO,2020,172,
CHICAGO,2020,171,28.500000
CHICAGO,2020,170,28.500000
CHICAGO,2020,169,25.000000
CHICAGO,2020,168,25.000000
CHICAGO,2020,167,34.500000
CHICAGO,2020,166,
CHICAGO,2020,165,
CHICAGO,2020,164,34.500000
CHICAGO,2020,163,34.500000
CHICAGO,2020,162,34.500000
CHICAGO,2020,161,34.500000
CHICAGO,2020,160,34.500000
CHICAGO,2020,159,
CHICAGO,2020,158,
CHICAGO,2020,157,34.500000
CHICAGO,2020,156,34.500000
CHICAGO,2020,155,34.500000
CHICAGO,2020,154,34.500000
CHICAGO,2020,153,34.500000
CHICAGO,2020,152,
CHICAGO,2020,151,
CHICAGO,2020,150,34.500000
CHICAGO,2020,149,34.500000
CHICAGO,2020,148,34.500000
CHICAGO,2020,147,34.500000
CHICAGO,2020,146,
CHICAGO,2020,145,
CHICAGO,2020,144,
CHICAGO,2020,143,22.000000
CHICAGO,2020,142,22.000000
CHICAGO,2020,141,22.000000
CHICAGO,2020,140,22.000000
CHICAGO,2020,139,22.000000
CHICAGO,2020,138,
CHICAGO,2020,137,
CHICAGO,2020,136,22.000000
CHICAGO,2020,135,22.000000
CHICAGO,2020,134,22.000000
CHICAGO,2020,133,22.000000
CHICAGO,2020,132,22.000000
CHICAGO,2020,131,
CHICAGO,2020,130,
CHICAGO,2020,129,22.000000
CHICAGO,2020,128,22.000000
CHICAGO,2020,127,26.000000
CHICAGO,2020,126,26.000000
CHICAGO,2020,125,26.000000
CHICAGO,2020,124,
CHICAGO,2020,123,
CHICAGO,2020,122,26.000000
CHICAGO,2020,121,26.000000
CHICAGO,2020,120,24.000000
CHICAGO,2020,119,24.000000
CHICAGO,2020,118,24.000000
CHICAGO,2020,117,
CHICAGO,2020,116,
CHICAGO,2020,115,24.000000
CHICAGO,2020,114,24.000000
CHICAGO,2020,113,24.000000
CHICAGO,2020,112,24.000000
CHICAGO,2020,111,24.000000
CHICAGO,2020,110,
CHICAGO,2020,109,
CHICAGO,2020,108,24.000000
CHICAGO,2020,107,24.000000
CHICAGO,2020,106,25.000000
CHICAGO,2020,105,25.000000
CHICAGO,2020,104,28.000000
CHICAGO,2020,103,
CHICAGO,2020,102,
CHICAGO,2020,101,28.000000
CHICAGO,2020,100,28.000000
CHICAGO,2020,99,28.000000
CHICAGO,2020,98,28.000000
CHICAGO,2020,97,28.000000
CHICAGO,2020,96,
CHICAGO,2020,95,
CHICAGO,2020,94,28.000000
CHICAGO,2020,93,28.000000
CHICAGO,2020,92,28.000000
CHICAGO,2020,91,28.000000
CHICAGO,2020,90,28.000000
CHICAGO,2020,89,
CHICAGO,2020,88,
CHICAGO,2020,87,28.000000
CHICAGO,2020,86,28.000000
CHICAGO,2020,85,28.000000
CHICAGO,2020,84,28.000000
CHICAGO,2020,83,28.000000
CHICAGO,2020,82,
CHICAGO,2020,81,
CHICAGO,2020,80,28.000000
CHICAGO,2020,79,28.000000
CHICAGO,2020,78,28.000000
CHICAGO,2020,77,28.000000
CHICAGO,2020,76,28.000000
CHICAGO,2020,75,
CHICAGO,2020,74,
CHICAGO,2020,73,28.000000
CHICAGO,2020,72,28.000000
CHICAGO,2020,71,28.000000
CHICAGO,2020,70,28.000000
CHICAGO,2020,69,28.000000
CHICAGO,2020,68,
CHICAGO,2020,67,
CHICAGO,2020,66,28.000000
CHICAGO,2020,65,28.000000
CHICAGO,2020,64,28.000000
CHICAGO,2020,63,28.000000
CHICAGO,2020,62,28.000000
CHICAGO,2020,61,
CHICAGO,2020,60,
CHICAGO,2020,59,28.000000
CHICAGO,2020,58,28.000000
CHICAGO,2020,57,28.000000
CHICAGO,2020,56,28.000000
CHICAGO,2020,55,28.000000
CHICAGO,2020,54,
CHICAGO,2020,53,
CHICAGO,2020,52,28.000000
CHICAGO,2020,51,29.000000
CHICAGO,2020,50,29.000000
CHICAGO,2020,49,29.000000
CHICAGO,2020,48,
CHICAGO,2020,47,
CHICAGO,2020,46,
CHICAGO,2020,45,29.000000
CHICAGO,2020,44,29.000000
CHICAGO,2020,43,29.000000
CHICAGO,2020,42,29.000000
CHICAGO,2020,41,29.000000
CHICAGO,2020,40,
CHICAGO,2020,39,
CHICAGO,2020,38,29.000000
CHICAGO,2020,37,29.000000
CHICAGO,2020,36,29.000000
CHICAGO,2020,35,29.000000
CHICAGO,2020,34,29.000000
CHICAGO,2020,33,
CHICAGO,2020,32,
CHICAGO,2020,31,29.000000
CHICAGO,2020,30,29.000000
CHICAGO,2020,29,29.000000
CHICAGO,2020,28,29.000000
CHICAGO,2020,27,29.000000
CHICAGO,2020,26,
CHICAGO,2020,25,
CHICAGO,2020,24,29.000000
CHICAGO,2020,23,29.000000
CHICAGO,2020,22,29.000000
CHICAGO,2020,21,29.000000
CHICAGO,2020,20,
CHICAGO,2020,19,
CHICAGO,2020,18,
CHICAGO,2020,17,29.000000
CHICAGO,2020,16,29.000000
CHICAGO,2020,15,29.000000
CHICAGO,2020,14,29.000000
CHICAGO,2020,13,29.000000
CHICAGO,2020,12,
CHICAGO,2020,11,
CHICAGO,2020,10,29.000000
CHICAGO,2020,9,29.000000
CHICAGO,2020,8,23.500000
CHICAGO,2020,7,23.500000
CHICAGO,2020,6,23.500000
CHICAGO,2020,5,
CHICAGO,2020,4,
CHICAGO,2020,3,23.500000
CHICAGO,2020,2,23.500000
COLUMBIA,2020,366,
COLUMBIA,2020,365,
COLUMBIA,2020,364,
COLUMBIA,2020,363,
COLUMBIA,2020,362,
COLUMBIA,2020,361,
COLUMBIA,2020,360,
COLUMBIA,2020,359,
COLUMBIA,2020,358,
COLUMBIA,2020,357,
COLUMBIA,2020,356,
COLUMBIA,2020,355,
COLUMBIA,2020,354,
COLUMBIA,2020,353,
COLUMBIA,2020,352,
COLUMBIA,2020,351,
COLUMBIA,2020,350,
COLUMBIA,2020,349,
COLUMBIA,2020,348,
COLUMBIA,2020,347,
COLUMBIA,2020,346,
COLUMBIA,2020,345,
COLUMBIA,2020,344,
COLUMBIA,2020,343,
COLUMBIA,2020,342,
COLUMBIA,2020,341,
COLUMBIA,2020,340,
COLUMBIA,2020,339,
COLUMBIA,2020,338,
COLUMBIA,2020,337,
COLUMBIA,2020,336,
COLUMBIA,2020,335,
COLUMBIA,2020,334,
COLUMBIA,2020,333,
COLUMBIA,2020,332,
COLUMBIA,2020,331,
COLUMBIA,2020,330,
COLUMBIA,2020,329,
COLUMBIA,2020,328,
COLUMBIA,2020,327,
COLUMBIA,2020,326,
COLUMBIA,2020,325,
COLUMBIA,2020,324,
COLUMBIA,2020,323,
COLUMBIA,2020,322,
COLUMBIA,2020,321,
COLUMBIA,2020,320,
COLUMBIA,2020,319,
COLUMBIA,2020,318,
COLUMBIA,2020,317,
COLUMBIA,2020,316,
COLUMBIA,2020,315,
COLUMBIA,2020,314,
COLUMBIA,2020,313,
COLUMBIA,2020,312,
COLUMBIA,2020,311,
COLUMBIA,2020,310,
COLUMBIA,2020,309,
COLUMBIA,2020,308,
COLUMBIA,2020,307,
COLUMBIA,2020,306,
COLUMBIA,2020,305,
COLUMBIA,2020,304,
COLUMBIA,2020,303,
COLUMBIA,2020,302,
COLUMBIA,2020,301,
COLUMBIA,2020,300,
COLUMBIA,2020,299,
COLUMBIA,2020,298,
COLUMBIA,2020,297,
COLUMBIA,2020,296,
COLUMBIA,2020,295,
COLUMBIA,2020,294,
COLUMBIA,2020,293,
COLUMBIA,2020,292,
COLUMBIA,2020,291,
COLUMBIA,2020,290,
COLUMBIA,2020,289,
COLUMBIA,2020,288,
COLUMBIA,2020,287,
COLUMBIA,2020,286,
COLUMBIA,2020,285,
COLUMBIA,2020,284,
COLUMBIA,2020,283,
COLUMBIA,2020,282,
COLUMBIA,2020,281,
COLUMBIA,2020,280,
COLUMBIA,2020,279,
COLUMBIA,2020,278,
COLUMBIA,2020,277,
COLUMBIA,2020,276,
COLUMBIA,2020,275,
COLUMBIA,2020,274,
COLUMBIA,2020,273,
COLUMBIA,2020,272,
COLUMBIA,2020,271,
COLUMBIA,2020,270,
COLUMBIA,2020,269,
COLUMBIA,2020,268,
COLUMBIA,2020,267,
COLUMBIA,2020,266,
COLUMBIA,2020,265,
COLUMBIA,2020,264,
COLUMBIA,2020,263,
COLUMBIA,2020,262,
COLUMBIA,2020,261,
COLUMBIA,2020,260,
COLUMBIA,2020,259,
COLUMBIA,2020,258,
COLUMBIA,2020,257,
COLUMBIA,2020,256,
COLUMBIA,2020,255,
COLUMBIA,2020,254,
COLUMBIA,2020,253,
COLUMBIA,2020,252,
COLUMBIA,2020,251,
COLUMBIA,2020,250,
COLUMBIA,2020,249,
COLUMBIA,2020,248,
COLUMBIA,2020,247,
COLUMBIA,2020,246,
COLUMBIA,2020,245,
COLUMBIA,2020,244,
COLUMBIA,2020,243,
COLUMBIA,2020,242,
COLUMBIA,2020,241,
COLUMBIA,2020,240,
COLUMBIA,2020,239,
COLUMBIA,2020,238,
COLUMBIA,2020,237,
COLUMBIA,2020,236,
COLUMBIA,2020,235,
COLUMBIA,2020,234,
COLUMBIA,2020,233,
COLUMBIA,2020,232,
COLUMBIA,2020,231,
COLUMBIA,2020,230,
COLUMBIA,2020,229,
COLUMBIA,2020,228,
COLUMBIA,2020,227,
COLUMBIA,2020,226,
COLUMBIA,2020,225,
COLUMBIA,2020,224,
COLUMBIA,2020,223,
COLUMBIA,2020,222,
COLUMBIA,2020,221,
COLUMBIA,2020,220,
COLUMBIA,2020,219,
COLUMBIA,2020,218,
COLUMBIA,2020,217,
COLUMBIA,2020,216,
COLUMBIA,2020,215,
COLUMBIA,2020,214,
COLUMBIA,2020,213,
COLUMBIA,2020,212,
COLUMBIA,2020,211,
COLUMBIA,2020,210,
COLUMBIA,2020,209,
COLUMBIA,2020,208,
COLUMBIA,2020,207,
COLUMBIA,2020,206,
COLUMBIA,2020,205,
COLUMBIA,2020,204,
COLUMBIA,2020,203,
COLUMBIA,2020,202,
COLUMBIA,2020,201,
COLUMBIA,2020,200,
COLUMBIA,2020,199,
COLUMBIA,2020,198,
COLUMBIA,2020,197,
COLUMBIA,2020,196,
COLUMBIA,2020,195,
COLUMBIA,2020,194,
COLUMBIA,2020,193,
COLUMBIA,2020,192,
COLUMBIA,2020,191,
COLUMBIA,2020,190,
COLUMBIA,2020,189,
COLUMBIA,2020,188,
COLUMBIA,2020,187,
COLUMBIA,2020,186,
COLUMBIA,2020,185,
COLUMBIA,2020,184,
COLUMBIA,2020,183,
COLUMBIA,2020,182,
COLUMBIA,2020,181,
COLUMBIA,2020,180,
COLUMBIA,2020,179,
COLUMBIA,2020,178,
COLUMBIA,2020,177,
COLUMBIA,2020,176,
COLUMBIA,2020,175,
COLUMBIA,2020,174,
COLUMBIA,2020,173,
COLUMBIA,2020,172,
COLUMBIA,2020,171,
COLUMBIA,2020,170,
COLUMBIA,2020,169,
COLUMBIA,2020,168,
COLUMBIA,2020,167,
COLUMBIA,2020,166,
COLUMBIA,2020,165,
COLUMBIA,2020,164,
COLUMBIA,2020,163,
COLUMBIA,2020,162,
COLUMBIA,2020,161,
COLUMBIA,2020,160,
COLUMBIA,2020,159,
COLUMBIA,2020,158,
COLUMBIA,2020,157,
COLUMBIA,2020,156,
COLUMBIA,2020,155,
COLUMBIA,2020,154,
COLUMBIA,2020,153,
COLUMBIA,2020,152,
COLUMBIA,2020,151,
COLUMBIA,2020,150,
COLUMBIA,2020,149,
COLUMBIA,2020,148,
COLUMBIA,2020,147,
COLUMBIA,2020,146,
COLUMBIA,2020,145,
COLUMBIA,2020,144,
COLUMBIA,2020,143,
COLUMBIA,2020,142,
COLUMBIA,2020,141,
COLUMBIA,2020,140,
COLUMBIA,2020,139,
COLUMBIA,2020,138,
COLUMBIA,2020,137,
COLUMBIA,2020,136,
COLUMBIA,2020,135,
COLUMBIA,2020,134,
COLUMBIA,2020,133,
COLUMBIA,2020,132,
COLUMBIA,2020,131,
COLUMBIA,2020,130,
COLUMBIA,2020,129,
COLUMBIA,2020,128,
COLUMBIA,2020,127,
COLUMBIA,2020,126,
COLUMBIA,2020,125,
COLUMBIA,2020,124,
COLUMBIA,2020,123,
COLUMBIA,2020,122,
COLUMBIA,2020,121,
COLUMBIA,2020,120,
COLUMBIA,2020,119,
COLUMBIA,2020,118,
COLUMBIA,2020,117,
COLUMBIA,2020,116,
COLUMBIA,2020,115,
COLUMBIA,2020,114,
COLUMBIA,2020,113,
COLUMBIA,2020,112,
COLUMBIA,2020,111,
COLUMBIA,2020,110,
COLUMBIA,2020,109,
COLUMBIA,2020,108,
COLUMBIA,2020,107,
COLUMBIA,2020,106,
COLUMBIA,2020,105,
COLUMBIA,2020,104,
COLUMBIA,2020,103,
COLUMBIA,2020,102,
COLUMBIA,2020,101,
COLUMBIA,2020,100,
COLUMBIA,2020,99,
COLUMBIA,2020,98,
COLUMBIA,2020,97,
COLUMBIA,2020,96,
COLUMBIA,2020,95,
COLUMBIA,2020,94,
COLUMBIA,2020,93,
COLUMBIA,2020,92,
COLUMBIA,2020,91,
COLUMBIA,2020,90,
COLUMBIA,2020,89,
COLUMBIA,2020,88,
COLUMBIA,2020,87,
COLUMBIA,2020,86,
COLUMBIA,2020,85,
COLUMBIA,2020,84,
COLUMBIA,2020,83,
COLUMBIA,2020,82,
COLUMBIA,2020,81,
COLUMBIA,2020,80,
COLUMBIA,2020,79,
COLUMBIA,2020,78,
COLUMBIA,2020,77,
COLUMBIA,2020,76,
COLUMBIA,2020,75,
COLUMBIA,2020,74,
COLUMBIA,2020,73,
COLUMBIA,2020,72,
COLUMBIA,2020,71,
COLUMBIA,2020,70,
COLUMBIA,2020,69,
COLUMBIA,2020,68,
COLUMBIA,2020,67,
COLUMBIA,2020,66,
COLUMBIA,2020,65,
COLUMBIA,2020,64,
COLUMBIA,2020,63,
COLUMBIA,2020,62,
COLUMBIA,2020,61,
COLUMBIA,2020,60,
COLUMBIA,2020,59,
COLUMBIA,2020,58,
COLUMBIA,2020,57,
COLUMBIA,2020,56,
COLUMBIA,2020,55,
COLUMBIA,2020,54,
COLUMBIA,2020,53,
COLUMBIA,2020,52,24.000000
COLUMBIA,2020,51,24.000000
COLUMBIA,2020,50,24.000000
COLUMBIA,2020,49,24.000000
COLUMBIA,2020,48,
COLUMBIA,2020,47,
COLUMBIA,2020,46,
COLUMBIA,2020,45,24.000000
COLUMBIA,2020,44,24.000000
COLUMBIA,2020,43,24.000000
COLUMBIA,2020,42,24.000000
COLUMBIA,2020,41,24.000000
COLUMBIA,2020,40,
COLUMBIA,2020,39,
COLUMBIA,2020,38,24.000000
COLUMBIA,2020,37,24.000000
COLUMBIA,2020,36,24.000000
COLUMBIA,2020,35,24.000000
COLUMBIA,2020,34,24.000000
COLUMBIA,2020,33,
COLUMBIA,2020,32,
COLUMBIA,2020,31,24.000000
COLUMBIA,2020,30,24.000000
COLUMBIA,2020,29,24.000000
COLUMBIA,2020,28,24.000000
COLUMBIA,2020,27,24.000000
COLUMBIA,2020,26,
COLUMBIA,2020,25,
COLUMBIA,2020,24,24.000000
COLUMBIA,2020,23,24.000000
COLUMBIA,2020,22,24.000000
COLUMBIA,2020,21,24.000000
COLUMBIA,2020,20,
COLUMBIA,2020,19,
COLUMBIA,2020,18,
COLUMBIA,2020,17,24.000000
COLUMBIA,2020,16,24.000000
COLUMBIA,2020,15,24.000000
COLUMBIA,2020,14,24.000000
COLUMBIA,2020,13,24.000000
COLUMBIA,2020,12,
COLUMBIA,2020,11,
COLUMBIA,2020,10,24.000000
COLUMBIA,2020,9,24.000000
COLUMBIA,2020,8,24.000000
COLUMBIA,2020,7,24.000000
COLUMBIA,2020,6,24.000000
COLUMBIA,2020,5,
COLUMBIA,2020,4,
COLUMBIA,2020,3,24.000000
COLUMBIA,2020,2,24.000000
LOS ANGELES,2020,366,13.825000
LOS ANGELES,2020,365,13.825000
LOS ANGELES,2020,364,13.825000
LOS ANGELES,2020,363,13.825000
LOS ANGELES,2020,362,
LOS ANGELES,2020,361,
LOS ANGELES,2020,360,
LOS ANGELES,2020,359,
LOS ANGELES,2020,358,13.825000
LOS ANGELES,2020,357,13.825000
LOS ANGELES,2020,356,13.825000
LOS ANGELES,2020,355,
LOS ANGELES,2020,354,
LOS ANGELES,2020,353,13.825000
LOS ANGELES,2020,352,27.000000
LOS ANGELES,2020,351,27.000000
LOS ANGELES,2020,350,
LOS ANGELES,2020,349,
LOS ANGELES,2020,348,
LOS ANGELES,2020,347,
LOS ANGELES,2020,346,
LOS ANGELES,2020,345,
LOS ANGELES,2020,344,
LOS ANGELES,2020,343,
LOS ANGELES,2020,342,
LOS ANGELES,2020,341,
LOS ANGELES,2020,340,
LOS ANGELES,2020,339,
LOS ANGELES,2020,338,
LOS ANGELES,2020,337,22.000000
LOS ANGELES,2020,336,22.000000
LOS ANGELES,2020,335,22.000000
LOS ANGELES,2020,334,
LOS ANGELES,2020,333,
LOS ANGELES,2020,332,22.000000
LOS ANGELES,2020,331,
LOS ANGELES,2020,330,22.000000
LOS ANGELES,2020,329,22.000000
LOS ANGELES,2020,328,22.000000
LOS ANGELES,2020,327,
LOS ANGELES,2020,326,
LOS ANGELES,2020,325,22.000000
LOS ANGELES,2020,324,22.000000
LOS ANGELES,2020,323,22.000000
LOS ANGELES,2020,322,22.000000
LOS ANGELES,2020,321,24.000000
LOS ANGELES,2020,320,
LOS ANGELES,2020,319,
LOS ANGELES,2020,318,24.000000
LOS ANGELES,2020,317,24.000000
LOS ANGELES,2020,316,
LOS ANGELES,2020,315,24.000000
LOS ANGELES,2020,314,24.000000
LOS ANGELES,2020,313,
LOS ANGELES,2020,312,
LOS ANGELES,2020,311,24.000000
LOS ANGELES,2020,310,24.000000
LOS ANGELES,2020,309,24.000000
LOS ANGELES,2020,308,24.000000
LOS ANGELES,2020,307,24.000000
LOS ANGELES,2020,306,
LOS ANGELES,2020,305,
LOS ANGELES,2020,304,24.000000
LOS ANGELES,2020,303,24.000000
LOS ANGELES,2020,302,24.000000
LOS ANGELES,2020,301,24.000000
LOS ANGELES,2020,300,24.000000
LOS ANGELES,2020,299,
LOS ANGELES,2020,298,
LOS ANGELES,2020,297,24.000000
LOS ANGELES,2020,296,24.000000
LOS ANGELES,2020,295,24.000000
LOS ANGELES,2020,294,24.000000
LOS ANGELES,2020,293,24.000000
LOS ANGELES,2020,292,
LOS ANGELES,2020,291,
LOS ANGELES,2020,290,24.000000
LOS ANGELES,2020,289,23.000000
LOS ANGELES,2020,288,23.000000
LOS ANGELES,2020,287,20.000000
LOS ANGELES,2020,286,
LOS ANGELES,2020,285,
LOS ANGELES,2020,284,
LOS ANGELES,2020,283,20.000000
LOS ANGELES,2020,282,20.000000
LOS ANGELES,2020,281,20.000000
LOS ANGELES,2020,280,20.000000
LOS ANGELES,2020,279,20.000000
LOS ANGELES,2020,278,
LOS ANGELES,2020,277,
LOS ANGELES,2020,276,20.000000
LOS ANGELES,2020,275,23.000000
LOS ANGELES,2020,274,23.000000
LOS ANGELES,2020,273,23.000000
LOS ANGELES,2020,272,23.000000
LOS ANGELES,2020,271,
LOS ANGELES,2020,270,
LOS ANGELES,2020,269,23.000000
LOS ANGELES,2020,268,23.000000
LOS ANGELES,2020,267,23.000000
LOS ANGELES,2020,266,23.000000
LOS ANGELES,2020,265,23.000000
LOS ANGELES,2020,264,
LOS ANGELES,2020,263,
LOS ANGELES,2020,262,23.666666
LOS ANGELES,2020,261,23.666666
LOS ANGELES,2020,260,23.666666
LOS ANGELES,2020,259,23.666666
LOS ANGELES,2020,258,23.666666
LOS ANGELES,2020,257,
LOS ANGELES,2020,256,
LOS ANGELES,2020,255,23.666666
LOS ANGELES,2020,254,17.000000
LOS ANGELES,2020,253,17.000000
LOS ANGELES,2020,252,17.000000
LOS ANGELES,2020,251,
LOS ANGELES,2020,250,
LOS ANGELES,2020,249,
LOS ANGELES,2020,248,17.000000
LOS ANGELES,2020,247,11.000000
LOS ANGELES,2020,246,11.000000
LOS ANGELES,2020,245,14.500000
LOS ANGELES,2020,244,14.500000
LOS ANGELES,2020,243,
LOS ANGELES,2020,242,
LOS ANGELES,2020,241,14.500000
LOS ANGELES,2020,240,14.500000
LOS ANGELES,2020,239,14.500000
LOS ANGELES,2020,238,14.500000
LOS ANGELES,2020,237,14.500000
LOS ANGELES,2020,236,
LOS ANGELES,2020,235,
LOS ANGELES,2020,234,14.500000
LOS ANGELES,2020,233,14.500000
LOS ANGELES,2020,232,14.500000
LOS ANGELES,2020,231,14.500000
LOS ANGELES,2020,230,14.500000
LOS ANGELES,2020,229,
LOS ANGELES,2020,228,
LOS ANGELES,2020,227,14.500000
LOS ANGELES,2020,226,14.500000
LOS ANGELES,2020,225,2.366666
LOS ANGELES,2020,224,2.366666
LOS ANGELES,2020,223,2.366666
LOS ANGELES,2020,222,
LOS ANGELES,2020,221,
LOS ANGELES,2020,220,2.366666
LOS ANGELES,2020,219,2.366666
LOS ANGELES,2020,218,2.366666
LOS ANGELES,2020,217,2.366666
LOS ANGELES,2020,216,2.416666
LOS ANGELES,2020,215,
LOS ANGELES,2020,214,
LOS ANGELES,2020,213,2.416666
LOS ANGELES,2020,212,2.416666
LOS ANGELES,2020,211,2.416666
LOS ANGELES,2020,210,2.416666
LOS ANGELES,2020,209,2.416666
LOS ANGELES,2020,208,
LOS ANGELES,2020,207,
LOS ANGELES,2020,206,2.416666
LOS ANGELES,2020,205,2.416666
LOS ANGELES,2020,204,2.416666
LOS ANGELES,2020,203,2.416666
LOS ANGELES,2020,202,2.416666
LOS ANGELES,2020,201,
LOS ANGELES,2020,200,
LOS ANGELES,2020,199,2.416666
LOS ANGELES,2020,198,1.775000
LOS ANGELES,2020,197,1.775000
LOS ANGELES,2020,196,1.775000
LOS ANGELES,2020,195,1.775000
LOS ANGELES,2020,194,
LOS ANGELES,2020,193,
LOS ANGELES,2020,192,1.675000
LOS ANGELES,2020,191,1.675000
LOS ANGELES,2020,190,1.675000
LOS ANGELES,2020,189,1.675000
LOS ANGELES,2020,188,
LOS ANGELES,2020,187,
LOS ANGELES,2020,186,
LOS ANGELES,2020,185,
LOS ANGELES,2020,184,1.675000
LOS ANGELES,2020,183,1.675000
LOS ANGELES,2020,182,1.675000
LOS ANGELES,2020,181,1.675000
LOS ANGELES,2020,180,
LOS ANGELES,2020,179,
LOS ANGELES,2020,178,1.675000
LOS ANGELES,2020,177,1.675000
LOS ANGELES,2020,176,1.675000
LOS ANGELES,2020,175,1.600000
LOS ANGELES,2020,174,1.600000
LOS ANGELES,2020,173,
LOS ANGELES,2020,172,
LOS ANGELES,2020,171,1.600000
LOS ANGELES,2020,170,1.600000
LOS ANGELES,2020,169,1.600000
LOS ANGELES,2020,168,1.600000
LOS ANGELES,2020,167,1.600000
LOS ANGELES,2020,166,
LOS ANGELES,2020,165,
LOS ANGELES,2020,164,1.600000
LOS ANGELES,2020,163,1.600000
LOS ANGELES,2020,162,1.600000
LOS ANGELES,2020,161,1.600000
LOS ANGELES,2020,160,1.600000
LOS ANGELES,2020,159,
LOS ANGELES,2020,158,
LOS ANGELES,2020,157,1.600000
LOS ANGELES,2020,156,1.700000
LOS ANGELES,2020,155,1.600000
LOS ANGELES,2020,154,1.600000
LOS ANGELES,2020,153,1.600000
LOS ANGELES,2020,152,
LOS ANGELES,2020,151,
LOS ANGELES,2020,150,1.600000
LOS ANGELES,2020,149,1.600000
LOS ANGELES,2020,148,1.600000
LOS ANGELES,2020,147,1.600000
LOS ANGELES,2020,146,
LOS ANGELES,2020,145,
LOS ANGELES,2020,144,
LOS ANGELES,2020,143,1.600000
LOS ANGELES,2020,142,1.600000
LOS ANGELES,2020,141,1.600000
LOS ANGELES,2020,140,1.600000
LOS ANGELES,2020,139,1.600000
LOS ANGELES,2020,138,
LOS ANGELES,2020,137,
LOS ANGELES,2020,136,1.132500
LOS ANGELES,2020,135,1.132500
LOS ANGELES,2020,134,1.132500
LOS ANGELES,2020,133,1.132500
LOS ANGELES,2020,132,1.132500
LOS ANGELES,2020,131,
LOS ANGELES,2020,130,
LOS ANGELES,2020,129,1.132500
LOS ANGELES,2020,128,1.132500
LOS ANGELES,2020,127,1.132500
LOS ANGELES,2020,126,1.120000
LOS ANGELES,2020,125,1.120000
LOS ANGELES,2020,124,
LOS ANGELES,2020,123,
LOS ANGELES,2020,122,1.120000
LOS ANGELES,2020,121,1.120000
LOS ANGELES,2020,120,1.127500
LOS ANGELES,2020,119,1.250000
LOS ANGELES,2020,118,1.262500
LOS ANGELES,2020,117,
LOS ANGELES,2020,116,
LOS ANGELES,2020,115,1.262500
LOS ANGELES,2020,114,1.262500
LOS ANGELES,2020,113,1.262500
LOS ANGELES,2020,112,1.262500
LOS ANGELES,2020,111,1.262500
LOS ANGELES,2020,110,
LOS ANGELES,2020,109,
LOS ANGELES,2020,108,1.195000
LOS ANGELES,2020,107,1.195000
LOS ANGELES,2020,106,1.195000
LOS ANGELES,2020,105,1.195000
LOS ANGELES,2020,104,1.195000
LOS ANGELES,2020,103,
LOS ANGELES,2020,102,
LOS ANGELES,2020,101,1.185000
LOS ANGELES,2020,100,1.185000
LOS ANGELES,2020,99,1.185000
LOS ANGELES,2020,98,1.185000
LOS ANGELES,2020,97,1.157500
LOS ANGELES,2020,96,
LOS ANGELES,2020,95,
LOS ANGELES,2020,94,1.157500
LOS ANGELES,2020,93,1.157500
LOS ANGELES,2020,92,1.157500
LOS ANGELES,2020,91,1.157500
LOS ANGELES,2020,90,1.275000
LOS ANGELES,2020,89,
LOS ANGELES,2020,88,
LOS ANGELES,2020,87,1.275000
LOS ANGELES,2020,86,1.275000
LOS ANGELES,2020,85,1.435000
LOS ANGELES,2020,84,1.397500
LOS ANGELES,2020,83,1.397500
LOS ANGELES,2020,82,
LOS ANGELES,2020,81,
LOS ANGELES,2020,80,1.397500
LOS ANGELES,2020,79,1.397500
LOS ANGELES,2020,78,1.412500
LOS ANGELES,2020,77,1.412500
LOS ANGELES,2020,76,1.307500
LOS ANGELES,2020,75,
LOS ANGELES,2020,74,
LOS ANGELES,2020,73,1.307500
LOS ANGELES,2020,72,1.307500
LOS ANGELES,2020,71,1.307500
LOS ANGELES,2020,70,1.307500
LOS ANGELES,2020,69,1.307500
LOS ANGELES,2020,68,
LOS ANGELES,2020,67,
LOS ANGELES,2020,66,1.307500
LOS ANGELES,2020,65,1.307500
LOS ANGELES,2020,64,1.347500
LOS ANGELES,2020,63,1.347500
LOS ANGELES,2020,62,1.260000
LOS ANGELES,2020,61,
LOS ANGELES,2020,60,
LOS ANGELES,2020,59,1.260000
LOS ANGELES,2020,58,1.260000
LOS ANGELES,2020,57,1.260000
LOS ANGELES,2020,56,1.260000
LOS ANGELES,2020,55,1.260000
LOS ANGELES,2020,54,
LOS ANGELES,2020,53,
LOS ANGELES,2020,52,1.260000
LOS ANGELES,2020,51,1.275000
LOS ANGELES,2020,50,1.212500
LOS ANGELES,2020,49,1.212500
LOS ANGELES,2020,48,
LOS ANGELES,2020,47,
LOS ANGELES,2020,46,
LOS ANGELES,2020,45,1.250000
LOS ANGELES,2020,44,1.325000
LOS ANGELES,2020,43,1.325000
LOS ANGELES,2020,42,1.325000
LOS ANGELES,2020,41,1.325000
LOS ANGELES,2020,40,
LOS ANGELES,2020,39,
LOS ANGELES,2020,38,1.162500
LOS ANGELES,2020,37,1.212500
LOS ANGELES,2020,36,1.212500
LOS ANGELES,2020,35,1.212500
LOS ANGELES,2020,34,1.212500
LOS ANGELES,2020,33,
LOS ANGELES,2020,32,
LOS ANGELES,2020,31,1.212500
LOS ANGELES,2020,30,1.212500
LOS ANGELES,2020,29,1.212500
LOS ANGELES,2020,28,1.262500
LOS ANGELES,2020,27,1.137500
LOS ANGELES,2020,26,
LOS ANGELES,2020,25,
LOS ANGELES,2020,24,1.266666
LOS ANGELES,2020,23,1.266666
LOS ANGELES,2020,22,1.266666
LOS ANGELES,2020,21,1.266666
LOS ANGELES,2020,20,
LOS ANGELES,2020,19,
LOS ANGELES,2020,18,
LOS ANGELES,2020,17,1.266666
LOS ANGELES,2020,16,1.266666
LOS ANGELES,2020,15,1.266666
LOS ANGELES,2020,14,1.286666
LOS ANGELES,2020,13,1.286666
LOS ANGELES,2020,12,
LOS ANGELES,2020,11,
LOS ANGELES,2020,10,1.286666
LOS ANGELES,2020,9,1.286666
LOS ANGELES,2020,8,1.070000
LOS ANGELES,2020,7,1.050000
LOS ANGELES,2020,6,1.003333
LOS ANGELES,2020,5,
LOS ANGELES,2020,4,
LOS ANGELES,2020,3,1.003333
LOS ANGELES,2020,2,1.003333
NEW YORK,2020,366,
NEW YORK,2020,365,
NEW YORK,2020,364,
NEW YORK,2020,363,
NEW YORK,2020,362,
NEW YORK,2020,361,
NEW YORK,2020,360,
NEW YORK,2020,359,
NEW YORK,2020,358,
NEW YORK,2020,357,
NEW YORK,2020,356,
NEW YORK,2020,355,
NEW YORK,2020,354,
NEW YORK,2020,353,
NEW YORK,2020,352,
NEW YORK,2020,351,
NEW YORK,2020,350,
NEW YORK,2020,349,
NEW YORK,2020,348,
NEW YORK,2020,347,
NEW YORK,2020,346,
NEW YORK,2020,345,
NEW YORK,2020,344,
NEW YORK,2020,343,
NEW YORK,2020,342,
NEW YORK,2020,341,
NEW YORK,2020,340,
NEW YORK,2020,339,
NEW YORK,2020,338,
NEW YORK,2020,337,
NEW YORK,2020,336,
NEW YORK,2020,335,
NEW YORK,2020,334,
NEW YORK,2020,333,
NEW YORK,2020,332,
NEW YORK,2020,331,
NEW YORK,2020,330,
NEW YORK,2020,329,
NEW YORK,2020,328,
NEW YORK,2020,327,
NEW YORK,2020,326,
NEW YORK,2020,325,
NEW YORK,2020,324,
NEW YORK,2020,323,
NEW YORK,2020,322,
NEW YORK,2020,321,
NEW YORK,2020,320,
NEW YORK,2020,319,
NEW YORK,2020,318,
NEW YORK,2020,317,
NEW YORK,2020,316,
NEW YORK,2020,315,
NEW YORK,2020,314,
NEW YORK,2020,313,
NEW YORK,2020,312,
NEW YORK,2020,311,
NEW YORK,2020,310,
NEW YORK,2020,309,
NEW YORK,2020,308,
NEW YORK,2020,307,
NEW YORK,2020,306,
NEW YORK,2020,305,
NEW YORK,2020,304,
NEW YORK,2020,303,
NEW YORK,2020,302,
NEW YORK,2020,301,
NEW YORK,2020,300,
NEW YORK,2020,299,
NEW YORK,2020,298,
NEW YORK,2020,297,
NEW YORK,2020,296,
NEW YORK,2020,295,
NEW YORK,2020,294,
NEW YORK,2020,293,
NEW YORK,2020,292,
NEW YORK,2020,291,
NEW YORK,2020,290,
NEW YORK,2020,289,
NEW YORK,2020,288,
NEW YORK,2020,287,
NEW YORK,2020,286,
NEW YORK,2020,285,
NEW YORK,2020,284,
NEW YORK,2020,283,
NEW YORK,2020,282,
NEW YORK,2020,281,
NEW YORK,2020,280,
NEW YORK,2020,279,
NEW YORK,2020,278,
NEW YORK,2020,277,
NEW YORK,2020,276,
NEW YORK,2020,275,
NEW YORK,2020,274,
NEW YORK,2020,273,
NEW YORK,2020,272,
NEW YORK,2020,271,
NEW YORK,2020,270,
NEW YORK,2020,269,
NEW YORK,2020,268,
NEW YORK,2020,267,
NEW YORK,2020,266,
NEW YORK,2020,265,
NEW YORK,2020,264,
NEW YORK,2020,263,
NEW YORK,2020,262,
NEW YORK,2020,261,
NEW YORK,2020,260,
NEW YORK,2020,259,
NEW YORK,2020,258,
NEW YORK,2020,257,
NEW YORK,2020,256,
NEW YORK,2020,255,
NEW YORK,2020,254,
NEW YORK,2020,253,
NEW YORK,2020,252,
NEW YORK,2020,251,
NEW YORK,2020,250,
NEW YORK,2020,249,
NEW YORK,2020,248,
NEW YORK,2020,247,
NEW YORK,2020,246,
NEW YORK,2020,245,
NEW YORK,2020,244,
NEW YORK,2020,243,
NEW YORK,2020,242,
NEW YORK,2020,241,
NEW YORK,2020,240,
NEW YORK,2020,239,
NEW YORK,2020,238,
NEW YORK,2020,237,
NEW YORK,2020,236,
NEW YORK,2020,235,
NEW YORK,2020,234,
NEW YORK,2020,233,
NEW YORK,2020,232,
NEW YORK,2020,231,
NEW YORK,2020,230,
NEW YORK,2020,229,
NEW YORK,2020,228,
NEW YORK,2020,227,
NEW YORK,2020,226,
NEW YORK,2020,225,
NEW YORK,2020,224,
NEW YORK,2020,223,
NEW YORK,2020,222,
NEW YORK,2020,221,
NEW YORK,2020,220,
NEW YORK,2020,219,
NEW YORK,2020,218,
NEW YORK,2020,217,
NEW YORK,2020,216,
NEW YORK,2020,215,
NEW YORK,2020,214,
NEW YORK,2020,213,
NEW YORK,2020,212,
NEW YORK,2020,211,
NEW YORK,2020,210,
NEW YORK,2020,209,
NEW YORK,2020,208,
NEW YORK,2020,207,
NEW YORK,2020,206,
NEW YORK,2020,205,
NEW YORK,2020,204,
NEW YORK,2020,203,
NEW YORK,2020,202,
NEW YORK,2020,201,
NEW YORK,2020,200,
NEW YORK,2020,199,
NEW YORK,2020,198,
NEW YORK,2020,197,
NEW YORK,2020,196,
NEW YORK,2020,195,
NEW YORK,2020,194,
NEW YORK,2020,193,
NEW YORK,2020,192,
NEW YORK,2020,191,
NEW YORK,2020,190,
NEW YORK,2020,189,
NEW YORK,2020,188,
NEW YORK,2020,187,
NEW YORK,2020,186,
NEW YORK,2020,185,
NEW YORK,2020,184,
NEW YORK,2020,183,12.000000
NEW YORK,2020,182,12.000000
NEW YORK,2020,181,12.000000
NEW YORK,2020,180,
NEW YORK,2020,179,
NEW YORK,2020,178,
NEW YORK,2020,177,
NEW YORK,2020,176,
NEW YORK,2020,175,
NEW YORK,2020,174,
NEW YORK,2020,173,
NEW YORK,2020,172,
NEW YORK,2020,171,
NEW YORK,2020,170,
NEW YORK,2020,169,
NEW YORK,2020,168,
NEW YORK,2020,167,
NEW YORK,2020,166,
NEW YORK,2020,165,
NEW YORK,2020,164,
NEW YORK,2020,163,
NEW YORK,2020,162,
NEW YORK,2020,161,
NEW YORK,2020,160,
NEW YORK,2020,159,
NEW YORK,2020,158,
NEW YORK,2020,157,
NEW YORK,2020,156,
NEW YORK,2020,155,
NEW YORK,2020,154,
NEW YORK,2020,153,
NEW YORK,2020,152,
NEW YORK,2020,151,
NEW YORK,2020,150,
NEW YORK,2020,149,
NEW YORK,2020,148,
NEW YORK,2020,147,
NEW YORK,2020,146,
NEW YORK,2020,145,
NEW YORK,2020,144,
NEW YORK,2020,143,
NEW YORK,2020,142,
NEW YORK,2020,141,
NEW YORK,2020,140,
NEW YORK,2020,139,
NEW YORK,2020,138,
NEW YORK,2020,137,
NEW YORK,2020,136,
NEW YORK,2020,135,
NEW YORK,2020,134,
NEW YORK,2020,133,
NEW YORK,2020,132,
NEW YORK,2020,131,
NEW YORK,2020,130,
NEW YORK,2020,129,
NEW YORK,2020,128,
NEW YORK,2020,127,
NEW YORK,2020,126,
NEW YORK,2020,125,
NEW YORK,2020,124,
NEW YORK,2020,123,
NEW YORK,2020,122,
NEW YORK,2020,121,
NEW YORK,2020,120,
NEW YORK,2020,119,
NEW YORK,2020,118,
NEW YORK,2020,117,
NEW YORK,2020,116,
NEW YORK,2020,115,
NEW YORK,2020,114,
NEW YORK,2020,113,
NEW YORK,2020,112,
NEW YORK,2020,111,
NEW YORK,2020,110,
NEW YORK,2020,109,
NEW YORK,2020,108,
NEW YORK,2020,107,
NEW YORK,2020,106,
NEW YORK,2020,105,
NEW YORK,2020,104,
NEW YORK,2020,103,
NEW YORK,2020,102,
NEW YORK,2020,101,
NEW YORK,2020,100,
NEW YORK,2020,99,
NEW YORK,2020,98,
NEW YORK,2020,97,
NEW YORK,2020,96,
NEW YORK,2020,95,
NEW YORK,2020,94,
NEW YORK,2020,93,
NEW YORK,2020,92,
NEW YORK,2020,91,
NEW YORK,2020,90,
NEW YORK,2020,89,
NEW YORK,2020,88,
NEW YORK,2020,87,
NEW YORK,2020,86,
NEW YORK,2020,85,
NEW YORK,2020,84,
NEW YORK,2020,83,
NEW YORK,2020,82,
NEW YORK,2020,81,
NEW YORK,2020,80,
NEW YORK,2020,79,
NEW YORK,2020,78,
NEW YORK,2020,77,
NEW YORK,2020,76,
NEW YORK,2020,75,
NEW YORK,2020,74,
NEW YORK,2020,73,
NEW YORK,2020,72,
NEW YORK,2020,71,
NEW YORK,2020,70,
NEW YORK,2020,69,
NEW YORK,2020,68,
NEW YORK,2020,67,
NEW YORK,2020,66,
NEW YORK,2020,65,
NEW YORK,2020,64,
NEW YORK,2020,63,
NEW YORK,2020,62,
NEW YORK,2020,61,
NEW YORK,2020,60,
NEW YORK,2020,59,
NEW YORK,2020,58,
NEW YORK,2020,57,
NEW YORK,2020,56,
NEW YORK,2020,55,
NEW YORK,2020,54,
NEW YORK,2020,53,
NEW YORK,2020,52,
NEW YORK,2020,51,
NEW YORK,2020,50,
NEW YORK,2020,49,
NEW YORK,2020,48,
NEW YORK,2020,47,
NEW YORK,2020,46,
NEW YORK,2020,45,
NEW YORK,2020,44,
NEW YORK,2020,43,
NEW YORK,2020,42,
NEW YORK,2020,41,
NEW YORK,2020,40,
NEW YORK,2020,39,
NEW YORK,2020,38,
NEW YORK,2020,37,
NEW YORK,2020,36,
NEW YORK,2020,35,
NEW YORK,2020,34,
NEW YORK,2020,33,
NEW YORK,2020,32,
NEW YORK,2020,31,
NEW YORK,2020,30,
NEW YORK,2020,29,
NEW YORK,2020,28,
NEW YORK,2020,27,
NEW YORK,2020,26,
NEW YORK,2020,25,
NEW YORK,2020,24,
NEW YORK,2020,23,
NEW YORK,2020,22,
NEW YORK,2020,21,
NEW YORK,2020,20,
NEW YORK,2020,19,
NEW YORK,2020,18,
NEW YORK,2020,17,
NEW YORK,2020,16,
NEW YORK,2020,15,
NEW YORK,2020,14,
NEW YORK,2020,13,
NEW YORK,2020,12,
NEW YORK,2020,11,
NEW YORK,2020,10,
NEW YORK,2020,9,
NEW YORK,2020,8,
NEW YORK,2020,7,
NEW YORK,2020,6,
NEW YORK,2020,5,
NEW YORK,2020,4,
NEW YORK,2020,3,
NEW YORK,2020,2,
PHILADELPHIA,2020,366,18.000000
PHILADELPHIA,2020,365,18.000000
PHILADELPHIA,2020,364,18.000000
PHILADELPHIA,2020,363,18.000000
PHILADELPHIA,2020,362,
PHILADELPHIA,2020,361,
PHILADELPHIA,2020,360,
PHILADELPHIA,2020,359,
PHILADELPHIA,2020,358,18.000000
PHILADELPHIA,2020,357,18.000000
PHILADELPHIA,2020,356,18.000000
PHILADELPHIA,2020,355,
PHILADELPHIA,2020,354,
PHILADELPHIA,2020,353,15.500000
PHILADELPHIA,2020,352,15.500000
PHILADELPHIA,2020,351,15.500000
PHILADELPHIA,2020,350,15.500000
PHILADELPHIA,2020,349,15.500000
PHILADELPHIA,2020,348,
PHILADELPHIA,2020,347,
PHILADELPHIA,2020,346,15.500000
PHILADELPHIA,2020,345,15.500000
PHILADELPHIA,2020,344,15.500000
PHILADELPHIA,2020,343,15.500000
PHILADELPHIA,2020,342,15.500000
PHILADELPHIA,2020,341,
PHILADELPHIA,2020,340,
PHILADELPHIA,2020,339,17.500000
PHILADELPHIA,2020,338,17.500000
PHILADELPHIA,2020,337,17.500000
PHILADELPHIA,2020,336,17.500000
PHILADELPHIA,2020,335,17.500000
PHILADELPHIA,2020,334,
PHILADELPHIA,2020,333,
PHILADELPHIA,2020,332,
PHILADELPHIA,2020,331,
PHILADELPHIA,2020,330,17.500000
PHILADELPHIA,2020,329,17.500000
PHILADELPHIA,2020,328,17.500000
PHILADELPHIA,2020,327,
PHILADELPHIA,2020,326,
PHILADELPHIA,2020,325,16.500000
PHILADELPHIA,2020,324,16.500000
PHILADELPHIA,2020,323,16.500000
PHILADELPHIA,2020,322,16.500000
PHILADELPHIA,2020,321,16.500000
PHILADELPHIA,2020,320,
PHILADELPHIA,2020,319,
PHILADELPHIA,2020,318,12.000000
PHILADELPHIA,2020,317,12.000000
PHILADELPHIA,2020,316,
PHILADELPHIA,2020,315,12.000000
PHILADELPHIA,2020,314,12.000000
PHILADELPHIA,2020,313,
PHILADELPHIA,2020,312,
PHILADELPHIA,2020,311,20.500000
PHILADELPHIA,2020,310,20.500000
PHILADELPHIA,2020,309,20.500000
PHILADELPHIA,2020,308,20.500000
PHILADELPHIA,2020,307,20.500000
PHILADELPHIA,2020,306,
PHILADELPHIA,2020,305,
PHILADELPHIA,2020,304,
PHILADELPHIA,2020,303,
PHILADELPHIA,2020,302,
PHILADELPHIA,2020,301,
PHILADELPHIA,2020,300,
PHILADELPHIA,2020,299,
PHILADELPHIA,2020,298,
PHILADELPHIA,2020,297,
PHILADELPHIA,2020,296,
PHILADELPHIA,2020,295,
PHILADELPHIA,2020,294,
PHILADELPHIA,2020,293,
PHILADELPHIA,2020,292,
PHILADELPHIA,2020,291,
PHILADELPHIA,2020,290,
PHILADELPHIA,2020,289,
PHILADELPHIA,2020,288,
PHILADELPHIA,2020,287,
PHILADELPHIA,2020,286,
PHILADELPHIA,2020,285,
PHILADELPHIA,2020,284,
PHILADELPHIA,2020,283,
PHILADELPHIA,2020,282,
PHILADELPHIA,2020,281,
PHILADELPHIA,2020,280,
PHILADELPHIA,2020,279,
PHILADELPHIA,2020,278,
PHILADELPHIA,2020,277,
PHILADELPHIA,2020,276,
PHILADELPHIA,2020,275,
PHILADELPHIA,2020,274,
PHILADELPHIA,2020,273,
PHILADELPHIA,2020,272,
PHILADELPHIA,2020,271,
PHILADELPHIA,2020,270,
PHILADELPHIA,2020,269,10.000000
PHILADELPHIA,2020,268,10.000000
PHILADELPHIA,2020,267,10.000000
PHILADELPHIA,2020,266,10.000000
PHILADELPHIA,2020,265,10.000000
PHILADELPHIA,2020,264,
PHILADELPHIA,2020,263,
PHILADELPHIA,2020,262,
PHILADELPHIA,2020,261,
PHILADELPHIA,2020,260,
PHILADELPHIA,2020,259,
PHILADELPHIA,2020,258,
PHILADELPHIA,2020,257,
PHILADELPHIA,2020,256,
PHILADELPHIA,2020,255,12.000000
PHILADELPHIA,2020,254,12.000000
PHILADELPHIA,2020,253,12.000000
PHILADELPHIA,2020,252,12.000000
PHILADELPHIA,2020,251,
PHILADELPHIA,2020,250,
PHILADELPHIA,2020,249,
PHILADELPHIA,2020,248,12.000000
PHILADELPHIA,2020,247,12.000000
PHILADELPHIA,2020,246,12.000000
PHILADELPHIA,2020,245,12.000000
PHILADELPHIA,2020,244,12.000000
PHILADELPHIA,2020,243,
PHILADELPHIA,2020,242,
PHILADELPHIA,2020,241,14.000000
PHILADELPHIA,2020,240,14.000000
PHILADELPHIA,2020,239,14.000000
PHILADELPHIA,2020,238,14.000000
PHILADELPHIA,2020,237,14.000000
PHILADELPHIA,2020,236,
PHILADELPHIA,2020,235,
PHILADELPHIA,2020,234,14.000000
PHILADELPHIA,2020,233,14.000000
PHILADELPHIA,2020,232,14.000000
PHILADELPHIA,2020,231,14.000000
PHILADELPHIA,2020,230,14.000000
PHILADELPHIA,2020,229,
PHILADELPHIA,2020,228,
PHILADELPHIA,2020,227,8.000000
PHILADELPHIA,2020,226,8.000000
PHILADELPHIA,2020,225,8.000000
PHILADELPHIA,2020,224,8.000000
PHILADELPHIA,2020,223,8.000000
PHILADELPHIA,2020,222,
PHILADELPHIA,2020,221,
PHILADELPHIA,2020,220,
PHILADELPHIA,2020,219,
PHILADELPHIA,2020,218,
PHILADELPHIA,2020,217,
PHILADELPHIA,2020,216,
PHILADELPHIA,2020,215,
PHILADELPHIA,2020,214,
PHILADELPHIA,2020,213,12.000000
PHILADELPHIA,2020,212,12.000000
PHILADELPHIA,2020,211,12.000000
PHILADELPHIA,2020,210,12.000000
PHILADELPHIA,2020,209,12.000000
PHILADELPHIA,2020,208,
PHILADELPHIA,2020,207,
PHILADELPHIA,2020,206,12.000000
PHILADELPHIA,2020,205,12.000000
PHILADELPHIA,2020,204,12.000000
PHILADELPHIA,2020,203,12.000000
PHILADELPHIA,2020,202,
PHILADELPHIA,2020,201,
PHILADELPHIA,2020,200,
PHILADELPHIA,2020,199,
PHILADELPHIA,2020,198,
PHILADELPHIA,2020,197,
PHILADELPHIA,2020,196,
PHILADELPHIA,2020,195,
PHILADELPHIA,2020,194,
PHILADELPHIA,2020,193,
PHILADELPHIA,2020,192,
PHILADELPHIA,2020,191,
PHILADELPHIA,2020,190,
PHILADELPHIA,2020,189,
PHILADELPHIA,2020,188,
PHILADELPHIA,2020,187,
PHILADELPHIA,2020,186,
PHILADELPHIA,2020,185,
PHILADELPHIA,2020,184,
PHILADELPHIA,2020,183,
PHILADELPHIA,2020,182,
PHILADELPHIA,2020,181,
PHILADELPHIA,2020,180,
PHILADELPHIA,2020,179,
PHILADELPHIA,2020,178,
PHILADELPHIA,2020,177,
PHILADELPHIA,2020,176,
PHILADELPHIA,2020,175,
PHILADELPHIA,2020,174,
PHILADELPHIA,2020,173,
PHILADELPHIA,2020,172,
PHILADELPHIA,2020,171,
PHILADELPHIA,2020,170,
PHILADELPHIA,2020,169,
PHILADELPHIA,2020,168,
PHILADELPHIA,2020,167,
PHILADELPHIA,2020,166,
PHILADELPHIA,2020,165,
PHILADELPHIA,2020,164,
PHILADELPHIA,2020,163,
PHILADELPHIA,2020,162,
PHILADELPHIA,2020,161,
PHILADELPHIA,2020,160,
PHILADELPHIA,2020,159,
PHILADELPHIA,2020,158,
PHILADELPHIA,2020,157,22.500000
PHILADELPHIA,2020,156,22.500000
PHILADELPHIA,2020,155,22.500000
PHILADELPHIA,2020,154,20.000000
PHILADELPHIA,2020,153,20.000000
PHILADELPHIA,2020,152,
PHILADELPHIA,2020,151,
PHILADELPHIA,2020,150,20.000000
PHILADELPHIA,2020,149,20.000000
PHILADELPHIA,2020,148,20.000000
PHILADELPHIA,2020,147,20.000000
PHILADELPHIA,2020,146,
PHILADELPHIA,2020,145,
PHILADELPHIA,2020,144,
PHILADELPHIA,2020,143,18.000000
PHILADELPHIA,2020,142,18.000000
PHILADELPHIA,2020,141,
PHILADELPHIA,2020,140,
PHILADELPHIA,2020,139,
PHILADELPHIA,2020,138,
PHILADELPHIA,2020,137,
PHILADELPHIA,2020,136,
PHILADELPHIA,2020,135,
PHILADELPHIA,2020,134,
PHILADELPHIA,2020,133,
PHILADELPHIA,2020,132,
PHILADELPHIA,2020,131,
PHILADELPHIA,2020,130,
PHILADELPHIA,2020,129,
PHILADELPHIA,2020,128,
PHILADELPHIA,2020,127,
PHILADELPHIA,2020,126,
PHILADELPHIA,2020,125,
PHILADELPHIA,2020,124,
PHILADELPHIA,2020,123,
PHILADELPHIA,2020,122,
PHILADELPHIA,2020,121,
PHILADELPHIA,2020,120,
PHILADELPHIA,2020,119,
PHILADELPHIA,2020,118,
PHILADELPHIA,2020,117,
PHILADELPHIA,2020,116,
PHILADELPHIA,2020,115,
PHILADELPHIA,2020,114,
PHILADELPHIA,2020,113,
PHILADELPHIA,2020,112,
PHILADELPHIA,2020,111,
PHILADELPHIA,2020,110,
PHILADELPHIA,2020,109,
PHILADELPHIA,2020,108,
PHILADELPHIA,2020,107,
PHILADELPHIA,2020,106,
PHILADELPHIA,2020,105,
PHILADELPHIA,2020,104,
PHILADELPHIA,2020,103,
PHILADELPHIA,2020,102,
PHILADELPHIA,2020,101,
PHILADELPHIA,2020,100,
PHILADELPHIA,2020,99,
PHILADELPHIA,2020,98,
PHILADELPHIA,2020,97,
PHILADELPHIA,2020,96,
PHILADELPHIA,2020,95,
PHILADELPHIA,2020,94,
PHILADELPHIA,2020,93,
PHILADELPHIA,2020,92,
PHILADELPHIA,2020,91,
PHILADELPHIA,2020,90,
PHILADELPHIA,2020,89,
PHILADELPHIA,2020,88,
PHILADELPHIA,2020,87,
PHILADELPHIA,2020,86,
PHILADELPHIA,2020,85,
PHILADELPHIA,2020,84,
PHILADELPHIA,2020,83,
PHILADELPHIA,2020,82,
PHILADELPHIA,2020,81,
PHILADELPHIA,2020,80,
PHILADELPHIA,2020,79,
PHILADELPHIA,2020,78,
PHILADELPHIA,2020,77,
PHILADELPHIA,2020,76,
PHILADELPHIA,2020,75,
PHILADELPHIA,2020,74,
PHILADELPHIA,2020,73,
PHILADELPHIA,2020,72,
PHILADELPHIA,2020,71,
PHILADELPHIA,2020,70,
PHILADELPHIA,2020,69,
PHILADELPHIA,2020,68,
PHILADELPHIA,2020,67,
PHILADELPHIA,2020,66,
PHILADELPHIA,2020,65,
PHILADELPHIA,2020,64,
PHILADELPHIA,2020,63,
PHILADELPHIA,2020,62,
PHILADELPHIA,2020,61,
PHILADELPHIA,2020,60,
PHILADELPHIA,2020,59,
PHILADELPHIA,2020,58,
PHILADELPHIA,2020,57,
PHILADELPHIA,2020,56,
PHILADELPHIA,2020,55,
PHILADELPHIA,2020,54,
PHILADELPHIA,2020,53,
PHILADELPHIA,2020,52,
PHILADELPHIA,2020,51,
PHILADELPHIA,2020,50,
PHILADELPHIA,2020,49,
PHILADELPHIA,2020,48,
PHILADELPHIA,2020,47,
PHILADELPHIA,2020,46,
PHILADELPHIA,2020,45,
PHILADELPHIA,2020,44,
PHILADELPHIA,2020,43,
PHILADELPHIA,2020,42,
PHILADELPHIA,2020,41,
PHILADELPHIA,2020,40,
PHILADELPHIA,2020,39,
PHILADELPHIA,2020,38,
PHILADELPHIA,2020,37,
PHILADELPHIA,2020,36,
PHILADELPHIA,2020,35,
PHILADELPHIA,2020,34,
PHILADELPHIA,2020,33,
PHILADELPHIA,2020,32,
PHILADELPHIA,2020,31,
PHILADELPHIA,2020,30,
PHILADELPHIA,2020,29,
PHILADELPHIA,2020,28,
PHILADELPHIA,2020,27,
PHILADELPHIA,2020,26,
PHILADELPHIA,2020,25,
PHILADELPHIA,2020,24,
PHILADELPHIA,2020,23,
PHILADELPHIA,2020,22,
PHILADELPHIA,2020,21,
PHILADELPHIA,2020,20,
PHILADELPHIA,2020,19,
PHILADELPHIA,2020,18,
PHILADELPHIA,2020,17,
PHILADELPHIA,2020,16,
PHILADELPHIA,2020,15,
PHILADELPHIA,2020,14,
PHILADELPHIA,2020,13,
PHILADELPHIA,2020,12,
PHILADELPHIA,2020,11,
PHILADELPHIA,2020,10,
PHILADELPHIA,2020,9,
PHILADELPHIA,2020,8,
PHILADELPHIA,2020,7,
PHILADELPHIA,2020,6,
PHILADELPHIA,2020,5,
PHILADELPHIA,2020,4,
PHILADELPHIA,2020,3,
PHILADELPHIA,2020,2,
BALTIMORE,2019,366,
BALTIMORE,2019,365,
BALTIMORE,2019,364,
BALTIMORE,2019,363,
BALTIMORE,2019,362,
BALTIMORE,2019,361,
BALTIMORE,2019,360,
BALTIMORE,2019,359,
BALTIMORE,2019,358,
BALTIMORE,2019,357,
BALTIMORE,2019,356,
BALTIMORE,2019,355,
BALTIMORE,2019,354,
BALTIMORE,2019,353,
BALTIMORE,2019,352,
BALTIMORE,2019,351,
BALTIMORE,2019,350,
BALTIMORE,2019,349,
BALTIMORE,2019,348,
BALTIMORE,2019,347,
BALTIMORE,2019,346,
BALTIMORE,2019,345,
BALTIMORE,2019,344,
BALTIMORE,2019,343,
BALTIMORE,2019,342,
BALTIMORE,2019,341,
BALTIMORE,2019,340,
BALTIMORE,2019,339,
BALTIMORE,2019,338,
BALTIMORE,2019,337,
BALTIMORE,2019,336,
BALTIMORE,2019,335,
BALTIMORE,2019,334,
BALTIMORE,2019,333,
BALTIMORE,2019,332,
BALTIMORE,2019,331,
BALTIMORE,2019,330,
BALTIMORE,2019,329,
BALTIMORE,2019,328,
BALTIMORE,2019,327,
BALTIMORE,2019,326,
BALTIMORE,2019,325,
BALTIMORE,2019,324,
BALTIMORE,2019,323,
BALTIMORE,2019,322,
BALTIMORE,2019,321,
BALTIMORE,2019,320,
BALTIMORE,2019,319,
BALTIMORE,2019,318,
BALTIMORE,2019,317,
BALTIMORE,2019,316,
BALTIMORE,2019,315,
BALTIMORE,2019,314,
BALTIMORE,2019,313,
BALTIMORE,2019,312,
BALTIMORE,2019,311,
BALTIMORE,2019,310,
BALTIMORE,2019,309,
BALTIMORE,2019,308,
BALTIMORE,2019,307,
BALTIMORE,2019,306,
BALTIMORE,2019,305,
BALTIMORE,2019,304,
BALTIMORE,2019,303,
BALTIMORE,2019,302,
BALTIMORE,2019,301,
BALTIMORE,2019,300,
BALTIMORE,2019,299,
BALTIMORE,2019,298,
BALTIMORE,2019,297,
BALTIMORE,2019,296,
BALTIMORE,2019,295,
BALTIMORE,2019,294,
BALTIMORE,2019,293,
BALTIMORE,2019,292,
BALTIMORE,2019,291,
BALTIMORE,2019,290,
BALTIMORE,2019,289,
BALTIMORE,2019,288,
BALTIMORE,2019,287,
BALTIMORE,2019,286,
BALTIMORE,2019,285,
BALTIMORE,2019,284,
BALTIMORE,2019,283,
BALTIMORE,2019,282,
BALTIMORE,2019,281,
BALTIMORE,2019,280,
BALTIMORE,2019,279,
BALTIMORE,2019,278,
BALTIMORE,2019,277,
BALTIMORE,2019,276,
BALTIMORE,2019,275,
BALTIMORE,2019,274,
BALTIMORE,2019,273,
BALTIMORE,2019,272,
BALTIMORE,2019,271,
BALTIMORE,2019,270,
BALTIMORE,2019,269,
BALTIMORE,2019,268,21.000000
BALTIMORE,2019,267,21.000000
BALTIMORE,2019,266,21.000000
BALTIMORE,2019,265,
BALTIMORE,2019,264,
BALTIMORE,2019,263,21.000000
BALTIMORE,2019,262,21.000000
BALTIMORE,2019,261,21.000000
BALTIMORE,2019,260,21.000000
BALTIMORE,2019,259,21.000000
BALTIMORE,2019,258,
BALTIMORE,2019,257,
BALTIMORE,2019,256,21.000000
BALTIMORE,2019,255,
BALTIMORE,2019,254,
BALTIMORE,2019,253,
BALTIMORE,2019,252,
BALTIMORE,2019,251,
BALTIMORE,2019,250,
BALTIMORE,2019,249,
BALTIMORE,2019,248,
BALTIMORE,2019,247,
BALTIMORE,2019,246,
BALTIMORE,2019,245,
BALTIMORE,2019,244,
BALTIMORE,2019,243,
BALTIMORE,2019,242,
BALTIMORE,2019,241,
BALTIMORE,2019,240,
BALTIMORE,2019,239,
BALTIMORE,2019,238,
BALTIMORE,2019,237,
BALTIMORE,2019,236,
BALTIMORE,2019,235,
BALTIMORE,2019,234,
BALTIMORE,2019,233,
BALTIMORE,2019,232,
BALTIMORE,2019,231,
BALTIMORE,2019,230,
BALTIMORE,2019,229,
BALTIMORE,2019,228,
BALTIMORE,2019,227,14.000000
BALTIMORE,2019,226,14.000000
BALTIMORE,2019,225,14.000000
BALTIMORE,2019,224,14.000000
BALTIMORE,2019,223,
BALTIMORE,2019,222,
BALTIMORE,2019,221,14.000000
BALTIMORE,2019,220,14.000000
BALTIMORE,2019,219,14.000000
BALTIMORE,2019,218,14.000000
BALTIMORE,2019,217,14.000000
BALTIMORE,2019,216,
BALTIMORE,2019,215,
BALTIMORE,2019,214,14.000000
BALTIMORE,2019,213,14.000000
BALTIMORE,2019,212,
BALTIMORE,2019,211,
BALTIMORE,2019,210,
BALTIMORE,2019,209,
BALTIMORE,2019,208,
BALTIMORE,2019,207,
BALTIMORE,2019,206,
BALTIMORE,2019,205,
BALTIMORE,2019,204,
BALTIMORE,2019,203,
BALTIMORE,2019,202,
BALTIMORE,2019,201,
BALTIMORE,2019,200,
BALTIMORE,2019,199,
BALTIMORE,2019,198,
BALTIMORE,2019,197,
BALTIMORE,2019,196,
BALTIMORE,2019,195,
BALTIMORE,2019,194,
BALTIMORE,2019,193,
BALTIMORE,2019,192,
BALTIMORE,2019,191,
BALTIMORE,2019,190,
BALTIMORE,2019,189,
BALTIMORE,2019,188,
BALTIMORE,2019,187,
BALTIMORE,2019,186,
BALTIMORE,2019,185,
BALTIMORE,2019,184,
BALTIMORE,2019,183,
BALTIMORE,2019,182,
BALTIMORE,2019,181,
BALTIMORE,2019,180,
BALTIMORE,2019,179,
BALTIMORE,2019,178,
BALTIMORE,2019,177,
BALTIMORE,2019,176,
BALTIMORE,2019,175,
BALTIMORE,2019,174,
BALTIMORE,2019,173,
BALTIMORE,2019,172,
BALTIMORE,2019,171,
BALTIMORE,2019,170,
BALTIMORE,2019,169,
BALTIMORE,2019,168,
BALTIMORE,2019,167,
BALTIMORE,2019,166,
BALTIMORE,2019,165,30.000000
BALTIMORE,2019,164,30.000000
BALTIMORE,2019,163,30.000000
BALTIMORE,2019,162,30.000000
BALTIMORE,2019,161,30.000000
BALTIMORE,2019,160,
BALTIMORE,2019,159,
BALTIMORE,2019,158,30.000000
BALTIMORE,2019,157,30.000000
BALTIMORE,2019,156,
BALTIMORE,2019,155,
BALTIMORE,2019,154,
BALTIMORE,2019,153,
BALTIMORE,2019,152,
BALTIMORE,2019,151,
BALTIMORE,2019,150,
BALTIMORE,2019,149,
BALTIMORE,2019,148,
BALTIMORE,2019,147,
BALTIMORE,2019,146,
BALTIMORE,2019,145,
BALTIMORE,2019,144,
BALTIMORE,2019,143,
BALTIMORE,2019,142,
BALTIMORE,2019,141,
BALTIMORE,2019,140,
BALTIMORE,2019,139,
BALTIMORE,2019,138,
BALTIMORE,2019,137,
BALTIMORE,2019,136,
BALTIMORE,2019,135,
BALTIMORE,2019,134,
BALTIMORE,2019,133,
BALTIMORE,2019,132,
BALTIMORE,2019,131,
BALTIMORE,2019,130,
BALTIMORE,2019,129,32.000000
BALTIMORE,2019,128,32.000000
BALTIMORE,2019,127,32.000000
BALTIMORE,2019,126,
BALTIMORE,2019,125,
BALTIMORE,2019,124,
BALTIMORE,2019,123,
BALTIMORE,2019,122,
BALTIMORE,2019,121,
BALTIMORE,2019,120,
BALTIMORE,2019,119,
BALTIMORE,2019,118,
BALTIMORE,2019,117,
BALTIMORE,2019,116,
BALTIMORE,2019,115,
BALTIMORE,2019,114,
BALTIMORE,2019,113,
BALTIMORE,2019,112,
BALTIMORE,2019,111,
BALTIMORE,2019,110,
BALTIMORE,2019,109,
BALTIMORE,2019,108,
BALTIMORE,2019,107,
BALTIMORE,2019,106,
BALTIMORE,2019,105,
BALTIMORE,2019,104,
BALTIMORE,2019,103,
BALTIMORE,2019,102,
BALTIMORE,2019,101,
BALTIMORE,2019,100,
BALTIMORE,2019,99,
BALTIMORE,2019,98,
BALTIMORE,2019,97,
BALTIMORE,2019,96,
BALTIMORE,2019,95,
BALTIMORE,2019,94,
BALTIMORE,2019,93,
BALTIMORE,2019,92,
BALTIMORE,2019,91,
BALTIMORE,2019,90,
BALTIMORE,2019,89,
BALTIMORE,2019,88,
BALTIMORE,2019,87,
BALTIMORE,2019,86,
BALTIMORE,2019,85,
BALTIMORE,2019,84,
BALTIMORE,2019,83,
BALTIMORE,2019,82,
BALTIMORE,2019,81,
BALTIMORE,2019,80,
BALTIMORE,2019,79,
BALTIMORE,2019,78,
BALTIMORE,2019,77,
BALTIMORE,2019,76,
BALTIMORE,2019,75,
BALTIMORE,2019,74,
BALTIMORE,2019,73,
BALTIMORE,2019,72,
BALTIMORE,2019,71,
BALTIMORE,2019,70,
BALTIMORE,2019,69,
BALTIMORE,2019,68,
BALTIMORE,2019,67,
BALTIMORE,2019,66,
BALTIMORE,2019,65,
BALTIMORE,2019,64,
BALTIMORE,2019,63,
BALTIMORE,2019,62,
BALTIMORE,2019,61,
BALTIMORE,2019,60,43.000000
BALTIMORE,2019,59,43.000000
BALTIMORE,2019,58,43.000000
BALTIMORE,2019,57,43.000000
BALTIMORE,2019,56,43.000000
BALTIMORE,2019,55,
BALTIMORE,2019,54,
BALTIMORE,2019,53,
BALTIMORE,2019,52,
BALTIMORE,2019,51,
BALTIMORE,2019,50,
BALTIMORE,2019,49,
BALTIMORE,2019,48,
BALTIMORE,2019,47,
BALTIMORE,2019,46,
BALTIMORE,2019,45,40.000000
BALTIMORE,2019,44,40.000000
BALTIMORE,2019,43,40.000000
BALTIMORE,2019,42,40.000000
BALTIMORE,2019,41,
BALTIMORE,2019,40,
BALTIMORE,2019,39,
BALTIMORE,2019,38,
BALTIMORE,2019,37,25.000000
BALTIMORE,2019,36,25.000000
BALTIMORE,2019,35,25.000000
BALTIMORE,2019,34,
BALTIMORE,2019,33,
BALTIMORE,2019,32,25.000000
BALTIMORE,2019,31,25.000000
BALTIMORE,2019,30,25.000000
BALTIMORE,2019,29,
BALTIMORE,2019,28,
BALTIMORE,2019,27,
BALTIMORE,2019,26,
BALTIMORE,2019,25,
BALTIMORE,2019,24,
BALTIMORE,2019,23,
BALTIMORE,2019,22,
BALTIMORE,2019,21,
BALTIMORE,2019,20,
BALTIMORE,2019,19,
BALTIMORE,2019,18,
BALTIMORE,2019,17,
BALTIMORE,2019,16,
BALTIMORE,2019,15,
BALTIMORE,2019,14,
BALTIMORE,2019,13,
BALTIMORE,2019,12,
BALTIMORE,2019,11,
BALTIMORE,2019,10,
BALTIMORE,2019,9,
BALTIMORE,2019,8,
BALTIMORE,2019,7,
BALTIMORE,2019,6,
BALTIMORE,2019,5,
BALTIMORE,2019,4,
BALTIMORE,2019,3,
BALTIMORE,2019,2,
BOSTON,2019,366,
BOSTON,2019,365,21.000000
BOSTON,2019,364,21.000000
BOSTON,2019,363,
BOSTON,2019,362,
BOSTON,2019,361,21.000000
BOSTON,2019,360,21.000000
BOSTON,2019,359,
BOSTON,2019,358,
BOSTON,2019,357,21.000000
BOSTON,2019,356,
BOSTON,2019,355,
BOSTON,2019,354,21.000000
BOSTON,2019,353,21.000000
BOSTON,2019,352,21.000000
BOSTON,2019,351,21.000000
BOSTON,2019,350,21.000000
BOSTON,2019,349,
BOSTON,2019,348,
BOSTON,2019,347,21.000000
BOSTON,2019,346,21.000000
BOSTON,2019,345,25.000000
BOSTON,2019,344,25.000000
BOSTON,2019,343,25.000000
BOSTON,2019,342,
BOSTON,2019,341,
BOSTON,2019,340,25.000000
BOSTON,2019,339,25.000000
BOSTON,2019,338,25.000000
BOSTON,2019,337,25.000000
BOSTON,2019,336,25.000000
BOSTON,2019,335,
BOSTON,2019,334,
BOSTON,2019,333,25.000000
BOSTON,2019,332,
BOSTON,2019,331,25.000000
BOSTON,2019,330,25.000000
BOSTON,2019,329,25.000000
BOSTON,2019,328,
BOSTON,2019,327,
BOSTON,2019,326,25.000000
BOSTON,2019,325,24.500000
BOSTON,2019,324,24.500000
BOSTON,2019,323,24.500000
BOSTON,2019,322,24.500000
BOSTON,2019,321,
BOSTON,2019,320,
BOSTON,2019,319,24.500000
BOSTON,2019,318,24.500000
BOSTON,2019,317,24.500000
BOSTON,2019,316,24.500000
BOSTON,2019,315,
BOSTON,2019,314,
BOSTON,2019,313,
BOSTON,2019,312,24.500000
BOSTON,2019,311,24.500000
BOSTON,2019,310,24.500000
BOSTON,2019,309,24.500000
BOSTON,2019,308,24.500000
BOSTON,2019,307,
BOSTON,2019,306,
BOSTON,2019,305,24.500000
BOSTON,2019,304,24.500000
BOSTON,2019,303,24.500000
BOSTON,2019,302,24.500000
BOSTON,2019,301,24.500000
BOSTON,2019,300,
BOSTON,2019,299,
BOSTON,2019,298,24.500000
BOSTON,2019,297,24.500000
BOSTON,2019,296,24.500000
BOSTON,2019,295,24.500000
BOSTON,2019,294,24.500000
BOSTON,2019,293,
BOSTON,2019,292,
BOSTON,2019,291,24.500000
BOSTON,2019,290,24.500000
BOSTON,2019,289,24.500000
BOSTON,2019,288,24.500000
BOSTON,2019,287,
BOSTON,2019,286,
BOSTON,2019,285,
BOSTON,2019,284,24.500000
BOSTON,2019,283,24.500000
BOSTON,2019,282,24.500000
BOSTON,2019,281,24.500000
BOSTON,2019,280,24.500000
BOSTON,2019,279,
BOSTON,2019,278,
BOSTON,2019,277,24.500000
BOSTON,2019,276,24.500000
BOSTON,2019,275,24.500000
BOSTON,2019,274,24.500000
BOSTON,2019,273,24.500000
BOSTON,2019,272,
BOSTON,2019,271,
BOSTON,2019,270,24.500000
BOSTON,2019,269,24.500000
BOSTON,2019,268,24.500000
BOSTON,2019,267,16.500000
BOSTON,2019,266,16.500000
BOSTON,2019,265,
BOSTON,2019,264,
BOSTON,2019,263,16.500000
BOSTON,2019,262,16.500000
BOSTON,2019,261,16.500000
BOSTON,2019,260,16.500000
BOSTON,2019,259,16.500000
BOSTON,2019,258,
BOSTON,2019,257,
BOSTON,2019,256,16.500000
BOSTON,2019,255,16.500000
BOSTON,2019,254,16.500000
BOSTON,2019,253,16.500000
BOSTON,2019,252,16.500000
BOSTON,2019,251,
BOSTON,2019,250,
BOSTON,2019,249,16.500000
BOSTON,2019,248,16.500000
BOSTON,2019,247,16.500000
BOSTON,2019,246,16.500000
BOSTON,2019,245,
BOSTON,2019,244,
BOSTON,2019,243,
BOSTON,2019,242,16.500000
BOSTON,2019,241,16.500000
BOSTON,2019,240,16.500000
BOSTON,2019,239,16.500000
BOSTON,2019,238,16.500000
BOSTON,2019,237,
BOSTON,2019,236,
BOSTON,2019,235,21.000000
BOSTON,2019,234,21.000000
BOSTON,2019,233,21.000000
BOSTON,2019,232,21.000000
BOSTON,2019,231,21.000000
BOSTON,2019,230,
BOSTON,2019,229,
BOSTON,2019,228,
BOSTON,2019,227,
BOSTON,2019,226,21.000000
BOSTON,2019,225,21.000000
BOSTON,2019,224,21.000000
BOSTON,2019,223,
BOSTON,2019,222,
BOSTON,2019,221,21.000000
BOSTON,2019,220,21.000000
BOSTON,2019,219,21.000000
BOSTON,2019,218,21.000000
BOSTON,2019,217,21.000000
BOSTON,2019,216,
BOSTON,2019,215,
BOSTON,2019,214,21.000000
BOSTON,2019,213,21.000000
BOSTON,2019,212,21.000000
BOSTON,2019,211,21.000000
BOSTON,2019,210,21.000000
BOSTON,2019,209,
BOSTON,2019,208,
BOSTON,2019,207,21.000000
BOSTON,2019,206,21.000000
BOSTON,2019,205,21.000000
BOSTON,2019,204,21.000000
BOSTON,2019,203,21.000000
BOSTON,2019,202,
BOSTON,2019,201,
BOSTON,2019,200,21.000000
BOSTON,2019,199,21.000000
BOSTON,2019,198,21.000000
BOSTON,2019,197,21.000000
BOSTON,2019,196,21.000000
BOSTON,2019,195,
BOSTON,2019,194,
BOSTON,2019,193,21.000000
BOSTON,2019,192,24.000000
BOSTON,2019,191,24.000000
BOSTON,2019,190,24.000000
BOSTON,2019,189,24.000000
BOSTON,2019,188,
BOSTON,2019,187,
BOSTON,2019,186,24.000000
BOSTON,2019,185,
BOSTON,2019,184,24.000000
BOSTON,2019,183,24.000000
BOSTON,2019,182,24.000000
BOSTON,2019,181,
BOSTON,2019,180,
BOSTON,2019,179,24.000000
BOSTON,2019,178,24.000000
BOSTON,2019,177,24.000000
BOSTON,2019,176,24.000000
BOSTON,2019,175,24.000000
BOSTON,2019,174,
BOSTON,2019,173,
BOSTON,2019,172,24.000000
BOSTON,2019,171,24.000000
BOSTON,2019,170,24.000000
BOSTON,2019,169,24.000000
BOSTON,2019,168,24.000000
BOSTON,2019,167,
BOSTON,2019,166,
BOSTON,2019,165,24.000000
BOSTON,2019,164,24.000000
BOSTON,2019,163,24.000000
BOSTON,2019,162,24.000000
BOSTON,2019,161,24.000000
BOSTON,2019,160,
BOSTON,2019,159,
BOSTON,2019,158,24.000000
BOSTON,2019,157,20.000000
BOSTON,2019,156,20.000000
BOSTON,2019,155,20.000000
BOSTON,2019,154,20.000000
BOSTON,2019,153,
BOSTON,2019,152,
BOSTON,2019,151,20.000000
BOSTON,2019,150,20.000000
BOSTON,2019,149,20.000000
BOSTON,2019,148,20.000000
BOSTON,2019,147,
BOSTON,2019,146,
BOSTON,2019,145,
BOSTON,2019,144,20.000000
BOSTON,2019,143,20.000000
BOSTON,2019,142,20.000000
BOSTON,2019,141,20.000000
BOSTON,2019,140,20.000000
BOSTON,2019,139,
BOSTON,2019,138,
BOSTON,2019,137,20.000000
BOSTON,2019,136,22.000000
BOSTON,2019,135,22.000000
BOSTON,2019,134,22.000000
BOSTON,2019,133,22.000000
BOSTON,2019,132,
BOSTON,2019,131,
BOSTON,2019,130,22.000000
BOSTON,2019,129,24.000000
BOSTON,2019,128,24.000000
BOSTON,2019,127,24.000000
BOSTON,2019,126,23.750000
BOSTON,2019,125,
BOSTON,2019,124,
BOSTON,2019,123,23.750000
BOSTON,2019,122,23.750000
BOSTON,2019,121,23.750000
BOSTON,2019,120,23.750000
BOSTON,2019,119,23.750000
BOSTON,2019,118,
BOSTON,2019,117,
BOSTON,2019,116,23.750000
BOSTON,2019,115,23.750000
BOSTON,2019,114,23.750000
BOSTON,2019,113,23.750000
BOSTON,2019,112,23.750000
BOSTON,2019,111,
BOSTON,2019,110,
BOSTON,2019,109,23.750000
BOSTON,2019,108,23.750000
BOSTON,2019,107,23.750000
BOSTON,2019,106,23.750000
BOSTON,2019,105,23.750000
BOSTON,2019,104,
BOSTON,2019,103,
BOSTON,2019,102,23.750000
BOSTON,2019,101,23.750000
BOSTON,2019,100,23.750000
BOSTON,2019,99,23.750000
BOSTON,2019,98,23.750000
BOSTON,2019,97,
BOSTON,2019,96,
BOSTON,2019,95,23.750000
BOSTON,2019,94,22.500000
BOSTON,2019,93,22.500000
BOSTON,2019,92,22.500000
BOSTON,2019,91,22.500000
BOSTON,2019,90,
BOSTON,2019,89,
BOSTON,2019,88,22.500000
BOSTON,2019,87,24.000000
BOSTON,2019,86,24.000000
BOSTON,2019,85,24.000000
BOSTON,2019,84,24.000000
BOSTON,2019,83,
BOSTON,2019,82,
BOSTON,2019,81,24.000000
BOSTON,2019,80,24.000000
BOSTON,2019,79,24.000000
BOSTON,2019,78,24.000000
BOSTON,2019,77,24.000000
BOSTON,2019,76,
BOSTON,2019,75,
BOSTON,2019,74,24.000000
BOSTON,2019,73,24.000000
BOSTON,2019,72,24.000000
BOSTON,2019,71,24.000000
BOSTON,2019,70,24.000000
BOSTON,2019,69,
BOSTON,2019,68,
BOSTON,2019,67,24.000000
BOSTON,2019,66,24.000000
BOSTON,2019,65,24.000000
BOSTON,2019,64,24.000000
BOSTON,2019,63,24.000000
BOSTON,2019,62,
BOSTON,2019,61,
BOSTON,2019,60,24.000000
BOSTON,2019,59,24.000000
BOSTON,2019,58,24.000000
BOSTON,2019,57,24.000000
BOSTON,2019,56,24.000000
BOSTON,2019,55,
BOSTON,2019,54,
BOSTON,2019,53,24.000000
BOSTON,2019,52,24.000000
BOSTON,2019,51,24.000000
BOSTON,2019,50,24.000000
BOSTON,2019,49,
BOSTON,2019,48,
BOSTON,2019,47,
BOSTON,2019,46,24.000000
BOSTON,2019,45,24.000000
BOSTON,2019,44,24.000000
BOSTON,2019,43,24.000000
BOSTON,2019,42,24.000000
BOSTON,2019,41,
BOSTON,2019,40,
BOSTON,2019,39,24.000000
BOSTON,2019,38,24.000000
BOSTON,2019,37,24.000000
BOSTON,2019,36,24.000000
BOSTON,2019,35,24.000000
BOSTON,2019,34,
BOSTON,2019,33,
BOSTON,2019,32,24.000000
BOSTON,2019,31,24.000000
BOSTON,2019,30,24.000000
BOSTON,2019,29,24.000000
BOSTON,2019,28,24.000000
BOSTON,2019,27,
BOSTON,2019,26,
BOSTON,2019,25,24.000000
BOSTON,2019,24,24.000000
BOSTON,2019,23,24.000000
BOSTON,2019,22,25.000000
BOSTON,2019,21,
BOSTON,2019,20,
BOSTON,2019,19,
BOSTON,2019,18,25.000000
BOSTON,2019,17,25.000000
BOSTON,2019,16,25.000000
BOSTON,2019,15,25.000000
BOSTON,2019,14,25.000000
BOSTON,2019,13,
BOSTON,2019,12,
BOSTON,2019,11,25.000000
BOSTON,2019,10,25.000000
BOSTON,2019,9,25.000000
BOSTON,2019,8,25.000000
BOSTON,2019,7,24.000000
BOSTON,2019,6,
BOSTON,2019,5,
BOSTON,2019,4,24.000000
BOSTON,2019,3,24.000000
BOSTON,2019,2,24.000000
CHICAGO,2019,366,
CHICAGO,2019,365,23.500000
CHICAGO,2019,364,23.500000
CHICAGO,2019,363,
CHICAGO,2019,362,
CHICAGO,2019,361,23.500000
CHICAGO,2019,360,
CHICAGO,2019,359,
CHICAGO,2019,358,
CHICAGO,2019,357,23.500000
CHICAGO,2019,356,
CHICAGO,2019,355,
CHICAGO,2019,354,23.500000
CHICAGO,2019,353,
CHICAGO,2019,352,23.500000
CHICAGO,2019,351,
CHICAGO,2019,350,23.500000
CHICAGO,2019,349,
CHICAGO,2019,348,
CHICAGO,2019,347,23.500000
CHICAGO,2019,346,23.500000
CHICAGO,2019,345,23.500000
CHICAGO,2019,344,23.500000
CHICAGO,2019,343,23.500000
CHICAGO,2019,342,
CHICAGO,2019,341,
CHICAGO,2019,340,23.500000
CHICAGO,2019,339,23.500000
CHICAGO,2019,338,23.500000
CHICAGO,2019,337,23.500000
CHICAGO,2019,336,23.500000
CHICAGO,2019,335,
CHICAGO,2019,334,
CHICAGO,2019,333,23.500000
CHICAGO,2019,332,
CHICAGO,2019,331,23.500000
CHICAGO,2019,330,23.500000
CHICAGO,2019,329,23.500000
CHICAGO,2019,328,
CHICAGO,2019,327,
CHICAGO,2019,326,23.000000
CHICAGO,2019,325,23.000000
CHICAGO,2019,324,23.000000
CHICAGO,2019,323,23.000000
CHICAGO,2019,322,23.000000
CHICAGO,2019,321,
CHICAGO,2019,320,
CHICAGO,2019,319,23.000000
CHICAGO,2019,318,23.000000
CHICAGO,2019,317,23.000000
CHICAGO,2019,316,23.000000
CHICAGO,2019,315,
CHICAGO,2019,314,
CHICAGO,2019,313,
CHICAGO,2019,312,21.000000
CHICAGO,2019,311,21.000000
CHICAGO,2019,310,21.000000
CHICAGO,2019,309,21.000000
CHICAGO,2019,308,21.000000
CHICAGO,2019,307,
CHICAGO,2019,306,
CHICAGO,2019,305,21.000000
CHICAGO,2019,304,21.000000
CHICAGO,2019,303,25.000000
CHICAGO,2019,302,25.000000
CHICAGO,2019,301,25.000000
CHICAGO,2019,300,
CHICAGO,2019,299,
CHICAGO,2019,298,25.000000
CHICAGO,2019,297,26.000000
CHICAGO,2019,296,26.000000
CHICAGO,2019,295,26.000000
CHICAGO,2019,294,26.000000
CHICAGO,2019,293,
CHICAGO,2019,292,
CHICAGO,2019,291,26.000000
CHICAGO,2019,290,23.500000
CHICAGO,2019,289,26.000000
CHICAGO,2019,288,26.000000
CHICAGO,2019,287,
CHICAGO,2019,286,
CHICAGO,2019,285,
CHICAGO,2019,284,26.000000
CHICAGO,2019,283,26.000000
CHICAGO,2019,282,26.000000
CHICAGO,2019,281,22.000000
CHICAGO,2019,280,22.000000
CHICAGO,2019,279,
CHICAGO,2019,278,
CHICAGO,2019,277,22.000000
CHICAGO,2019,276,22.000000
CHICAGO,2019,275,22.000000
CHICAGO,2019,274,22.000000
CHICAGO,2019,273,22.000000
CHICAGO,2019,272,
CHICAGO,2019,271,
CHICAGO,2019,270,22.000000
CHICAGO,2019,269,22.000000
CHICAGO,2019,268,22.000000
CHICAGO,2019,267,22.000000
CHICAGO,2019,266,22.000000
CHICAGO,2019,265,
CHICAGO,2019,264,
CHICAGO,2019,263,22.000000
CHICAGO,2019,262,22.000000
CHICAGO,2019,261,22.000000
CHICAGO,2019,260,24.000000
CHICAGO,2019,259,24.000000
CHICAGO,2019,258,
CHICAGO,2019,257,
CHICAGO,2019,256,24.000000
CHICAGO,2019,255,24.000000
CHICAGO,2019,254,24.000000
CHICAGO,2019,253,24.000000
CHICAGO,2019,252,24.000000
CHICAGO,2019,251,
CHICAGO,2019,250,
CHICAGO,2019,249,24.000000
CHICAGO,2019,248,
CHICAGO,2019,247,24.000000
CHICAGO,2019,246,
CHICAGO,2019,245,
CHICAGO,2019,244,
CHICAGO,2019,243,
CHICAGO,2019,242,24.000000
CHICAGO,2019,241,24.000000
CHICAGO,2019,240,24.000000
CHICAGO,2019,239,24.000000
CHICAGO,2019,238,24.333333
CHICAGO,2019,237,
CHICAGO,2019,236,
CHICAGO,2019,235,26.500000
CHICAGO,2019,234,26.500000
CHICAGO,2019,233,26.500000
CHICAGO,2019,232,26.500000
CHICAGO,2019,231,26.500000
CHICAGO,2019,230,
CHICAGO,2019,229,
CHICAGO,2019,228,
CHICAGO,2019,227,
CHICAGO,2019,226,26.500000
CHICAGO,2019,225,
CHICAGO,2019,224,28.000000
CHICAGO,2019,223,
CHICAGO,2019,222,
CHICAGO,2019,221,28.000000
CHICAGO,2019,220,
CHICAGO,2019,219,28.000000
CHICAGO,2019,218,
CHICAGO,2019,217,28.000000
CHICAGO,2019,216,
CHICAGO,2019,215,
CHICAGO,2019,214,28.000000
CHICAGO,2019,213,
CHICAGO,2019,212,28.666666
CHICAGO,2019,211,
CHICAGO,2019,210,28.666666
CHICAGO,2019,209,
CHICAGO,2019,208,
CHICAGO,2019,207,28.666666
CHICAGO,2019,206,
CHICAGO,2019,205,28.666666
CHICAGO,2019,204,
CHICAGO,2019,203,28.666666
CHICAGO,2019,202,
CHICAGO,2019,201,
CHICAGO,2019,200,30.000000
CHICAGO,2019,199,
CHICAGO,2019,198,30.000000
CHICAGO,2019,197,
CHICAGO,2019,196,30.000000
CHICAGO,2019,195,
CHICAGO,2019,194,
CHICAGO,2019,193,30.000000
CHICAGO,2019,192,
CHICAGO,2019,191,31.000000
CHICAGO,2019,190,
CHICAGO,2019,189,31.000000
CHICAGO,2019,188,
CHICAGO,2019,187,
CHICAGO,2019,186,31.000000
CHICAGO,2019,185,
CHICAGO,2019,184,31.000000
CHICAGO,2019,183,
CHICAGO,2019,182,31.000000
CHICAGO,2019,181,
CHICAGO,2019,180,
CHICAGO,2019,179,31.000000
CHICAGO,2019,178,
CHICAGO,2019,177,31.000000
CHICAGO,2019,176,
CHICAGO,2019,175,31.000000
CHICAGO,2019,174,
CHICAGO,2019,173,
CHICAGO,2019,172,31.000000
CHICAGO,2019,171,
CHICAGO,2019,170,31.000000
CHICAGO,2019,169,
CHICAGO,2019,168,31.000000
CHICAGO,2019,167,
CHICAGO,2019,166,
CHICAGO,2019,165,31.000000
CHICAGO,2019,164,
CHICAGO,2019,163,31.000000
CHICAGO,2019,162,
CHICAGO,2019,161,32.000000
CHICAGO,2019,160,
CHICAGO,2019,159,
CHICAGO,2019,158,32.000000
CHICAGO,2019,157,
CHICAGO,2019,156,32.000000
CHICAGO,2019,155,
CHICAGO,2019,154,32.000000
CHICAGO,2019,153,
CHICAGO,2019,152,
CHICAGO,2019,151,32.000000
CHICAGO,2019,150,
CHICAGO,2019,149,32.000000
CHICAGO,2019,148,
CHICAGO,2019,147,
CHICAGO,2019,146,
CHICAGO,2019,145,
CHICAGO,2019,144,
CHICAGO,2019,143,
CHICAGO,2019,142,
CHICAGO,2019,141,
CHICAGO,2019,140,
CHICAGO,2019,139,
CHICAGO,2019,138,
CHICAGO,2019,137,
CHICAGO,2019,136,
CHICAGO,2019,135,
CHICAGO,2019,134,
CHICAGO,2019,133,
CHICAGO,2019,132,
CHICAGO,2019,131,
CHICAGO,2019,130,
CHICAGO,2019,129,
CHICAGO,2019,128,
CHICAGO,2019,127,
CHICAGO,2019,126,
CHICAGO,2019,125,
CHICAGO,2019,124,
CHICAGO,2019,123,
CHICAGO,2019,122,
CHICAGO,2019,121,
CHICAGO,2019,120,
CHICAGO,2019,119,
CHICAGO,2019,118,
CHICAGO,2019,117,
CHICAGO,2019,116,
CHICAGO,2019,115,
CHICAGO,2019,114,
CHICAGO,2019,113,
CHICAGO,2019,112,
CHICAGO,2019,111,
CHICAGO,2019,110,
CHICAGO,2019,109,
CHICAGO,2019,108,
CHICAGO,2019,107,
CHICAGO,2019,106,
CHICAGO,2019,105,
CHICAGO,2019,104,
CHICAGO,2019,103,
CHICAGO,2019,102,
CHICAGO,2019,101,
CHICAGO,2019,100,
CHICAGO,2019,99,
CHICAGO,2019,98,
CHICAGO,2019,97,
CHICAGO,2019,96,
CHICAGO,2019,95,
CHICAGO,2019,94,
CHICAGO,2019,93,
CHICAGO,2019,92,18.000000
CHICAGO,2019,91,18.000000
CHICAGO,2019,90,
CHICAGO,2019,89,
CHICAGO,2019,88,18.000000
CHICAGO,2019,87,18.000000
CHICAGO,2019,86,22.000000
CHICAGO,2019,85,22.000000
CHICAGO,2019,84,22.000000
CHICAGO,2019,83,
CHICAGO,2019,82,
CHICAGO,2019,81,22.000000
CHICAGO,2019,80,22.000000
CHICAGO,2019,79,22.000000
CHICAGO,2019,78,22.000000
CHICAGO,2019,77,19.000000
CHICAGO,2019,76,
CHICAGO,2019,75,
CHICAGO,2019,74,21.333333
CHICAGO,2019,73,21.333333
CHICAGO,2019,72,21.333333
CHICAGO,2019,71,20.000000
CHICAGO,2019,70,20.000000
CHICAGO,2019,69,
CHICAGO,2019,68,
CHICAGO,2019,67,20.000000
CHICAGO,2019,66,20.000000
CHICAGO,2019,65,20.000000
CHICAGO,2019,64,20.000000
CHICAGO,2019,63,20.000000
CHICAGO,2019,62,
CHICAGO,2019,61,
CHICAGO,2019,60,20.000000
CHICAGO,2019,59,20.000000
CHICAGO,2019,58,20.000000
CHICAGO,2019,57,20.000000
CHICAGO,2019,56,20.000000
CHICAGO,2019,55,
CHICAGO,2019,54,
CHICAGO,2019,53,20.000000
CHICAGO,2019,52,20.000000
CHICAGO,2019,51,20.000000
CHICAGO,2019,50,20.000000
CHICAGO,2019,49,
CHICAGO,2019,48,
CHICAGO,2019,47,
CHICAGO,2019,46,20.000000
CHICAGO,2019,45,20.000000
CHICAGO,2019,44,20.000000
CHICAGO,2019,43,20.000000
CHICAGO,2019,42,20.000000
CHICAGO,2019,41,
CHICAGO,2019,40,
CHICAGO,2019,39,20.000000
CHICAGO,2019,38,20.000000
CHICAGO,2019,37,20.000000
CHICAGO,2019,36,20.000000
CHICAGO,2019,35,20.000000
CHICAGO,2019,34,
CHICAGO,2019,33,
CHICAGO,2019,32,20.000000
CHICAGO,2019,31,20.000000
CHICAGO,2019,30,20.000000
CHICAGO,2019,29,20.000000
CHICAGO,2019,28,20.000000
CHICAGO,2019,27,
CHICAGO,2019,26,
CHICAGO,2019,25,20.000000
CHICAGO,2019,24,20.000000
CHICAGO,2019,23,20.000000
CHICAGO,2019,22,20.000000
CHICAGO,2019,21,
CHICAGO,2019,20,
CHICAGO,2019,19,
CHICAGO,2019,18,20.000000
CHICAGO,2019,17,20.000000
CHICAGO,2019,16,20.000000
CHICAGO,2019,15,20.000000
CHICAGO,2019,14,20.000000
CHICAGO,2019,13,
CHICAGO,2019,12,
CHICAGO,2019,11,20.000000
CHICAGO,2019,10,20.000000
CHICAGO,2019,9,
CHICAGO,2019,8,20.000000
CHICAGO,2019,7,20.000000
CHICAGO,2019,6,
CHICAGO,2019,5,
CHICAGO,2019,4,19.833333
CHICAGO,2019,3,19.833333
CHICAGO,2019,2,
COLUMBIA,2019,366,
COLUMBIA,2019,365,24.000000
COLUMBIA,2019,364,24.000000
COLUMBIA,2019,363,
COLUMBIA,2019,362,
COLUMBIA,2019,361,24.000000
COLUMBIA,2019,360,
COLUMBIA,2019,359,
COLUMBIA,2019,358,
COLUMBIA,2019,357,24.000000
COLUMBIA,2019,356,
COLUMBIA,2019,355,
COLUMBIA,2019,354,24.000000
COLUMBIA,2019,353,24.000000
COLUMBIA,2019,352,24.000000
COLUMBIA,2019,351,24.000000
COLUMBIA,2019,350,24.000000
COLUMBIA,2019,349,
COLUMBIA,2019,348,
COLUMBIA,2019,347,24.000000
COLUMBIA,2019,346,24.000000
COLUMBIA,2019,345,24.000000
COLUMBIA,2019,344,24.000000
COLUMBIA,2019,343,24.000000
COLUMBIA,2019,342,
COLUMBIA,2019,341,
COLUMBIA,2019,340,24.000000
COLUMBIA,2019,339,24.000000
COLUMBIA,2019,338,24.000000
COLUMBIA,2019,337,24.000000
COLUMBIA,2019,336,24.000000
COLUMBIA,2019,335,
COLUMBIA,2019,334,
COLUMBIA,2019,333,
COLUMBIA,2019,332,
COLUMBIA,2019,331,24.000000
COLUMBIA,2019,330,24.000000
COLUMBIA,2019,329,24.000000
COLUMBIA,2019,328,
COLUMBIA,2019,327,
COLUMBIA,2019,326,24.000000
COLUMBIA,2019,325,24.000000
COLUMBIA,2019,324,24.000000
COLUMBIA,2019,323,24.000000
COLUMBIA,2019,322,24.000000
COLUMBIA,2019,321,
COLUMBIA,2019,320,
COLUMBIA,2019,319,24.000000
COLUMBIA,2019,318,24.000000
COLUMBIA,2019,317,
COLUMBIA,2019,316,
COLUMBIA,2019,315,
COLUMBIA,2019,314,
COLUMBIA,2019,313,
COLUMBIA,2019,312,
COLUMBIA,2019,311,
COLUMBIA,2019,310,
COLUMBIA,2019,309,
COLUMBIA,2019,308,
COLUMBIA,2019,307,
COLUMBIA,2019,306,
COLUMBIA,2019,305,
COLUMBIA,2019,304,
COLUMBIA,2019,303,
COLUMBIA,2019,302,
COLUMBIA,2019,301,
COLUMBIA,2019,300,
COLUMBIA,2019,299,
COLUMBIA,2019,298,
COLUMBIA,2019,297,
COLUMBIA,2019,296,
COLUMBIA,2019,295,
COLUMBIA,2019,294,
COLUMBIA,2019,293,
COLUMBIA,2019,292,
COLUMBIA,2019,291,
COLUMBIA,2019,290,
COLUMBIA,2019,289,
COLUMBIA,2019,288,
COLUMBIA,2019,287,
COLUMBIA,2019,286,
COLUMBIA,2019,285,
COLUMBIA,2019,284,
COLUMBIA,2019,283,
COLUMBIA,2019,282,
COLUMBIA,2019,281,
COLUMBIA,2019,280,
COLUMBIA,2019,279,
COLUMBIA,2019,278,
COLUMBIA,2019,277,
COLUMBIA,2019,276,
COLUMBIA,2019,275,
COLUMBIA,2019,274,
COLUMBIA,2019,273,
COLUMBIA,2019,272,
COLUMBIA,2019,271,
COLUMBIA,2019,270,
COLUMBIA,2019,269,
COLUMBIA,2019,268,
COLUMBIA,2019,267,
COLUMBIA,2019,266,
COLUMBIA,2019,265,
COLUMBIA,2019,264,
COLUMBIA,2019,263,
COLUMBIA,2019,262,
COLUMBIA,2019,261,
COLUMBIA,2019,260,
COLUMBIA,2019,259,
COLUMBIA,2019,258,
COLUMBIA,2019,257,
COLUMBIA,2019,256,
COLUMBIA,2019,255,
COLUMBIA,2019,254,
COLUMBIA,2019,253,
COLUMBIA,2019,252,
COLUMBIA,2019,251,
COLUMBIA,2019,250,
COLUMBIA,2019,249,
COLUMBIA,2019,248,
COLUMBIA,2019,247,
COLUMBIA,2019,246,
COLUMBIA,2019,245,
COLUMBIA,2019,244,
COLUMBIA,2019,243,
COLUMBIA,2019,242,
COLUMBIA,2019,241,
COLUMBIA,2019,240,
COLUMBIA,2019,239,
COLUMBIA,2019,238,
COLUMBIA,2019,237,
COLUMBIA,2019,236,
COLUMBIA,2019,235,
COLUMBIA,2019,234,
COLUMBIA,2019,233,
COLUMBIA,2019,232,
COLUMBIA,2019,231,
COLUMBIA,2019,230,
COLUMBIA,2019,229,
COLUMBIA,2019,228,
COLUMBIA,2019,227,
COLUMBIA,2019,226,
COLUMBIA,2019,225,
COLUMBIA,2019,224,
COLUMBIA,2019,223,
COLUMBIA,2019,222,
COLUMBIA,2019,221,
COLUMBIA,2019,220,
COLUMBIA,2019,219,
COLUMBIA,2019,218,
COLUMBIA,2019,217,
COLUMBIA,2019,216,
COLUMBIA,2019,215,
COLUMBIA,2019,214,
COLUMBIA,2019,213,
COLUMBIA,2019,212,
COLUMBIA,2019,211,
COLUMBIA,2019,210,
COLUMBIA,2019,209,
COLUMBIA,2019,208,
COLUMBIA,2019,207,
COLUMBIA,2019,206,
COLUMBIA,2019,205,
COLUMBIA,2019,204,
COLUMBIA,2019,203,
COLUMBIA,2019,202,
COLUMBIA,2019,201,
COLUMBIA,2019,200,
COLUMBIA,2019,199,
COLUMBIA,2019,198,
COLUMBIA,2019,197,
COLUMBIA,2019,196,
COLUMBIA,2019,195,
COLUMBIA,2019,194,
COLUMBIA,2019,193,
COLUMBIA,2019,192,
COLUMBIA,2019,191,
COLUMBIA,2019,190,
COLUMBIA,2019,189,
COLUMBIA,2019,188,
COLUMBIA,2019,187,
COLUMBIA,2019,186,
COLUMBIA,2019,185,
COLUMBIA,2019,184,
COLUMBIA,2019,183,
COLUMBIA,2019,182,
COLUMBIA,2019,181,
COLUMBIA,2019,180,
COLUMBIA,2019,179,
COLUMBIA,2019,178,
COLUMBIA,2019,177,
COLUMBIA,2019,176,
COLUMBIA,2019,175,
COLUMBIA,2019,174,
COLUMBIA,2019,173,
COLUMBIA,2019,172,15.000000
COLUMBIA,2019,171,15.000000
COLUMBIA,2019,170,15.000000
COLUMBIA,2019,169,15.000000
COLUMBIA,2019,168,15.000000
COLUMBIA,2019,167,
COLUMBIA,2019,166,
COLUMBIA,2019,165,15.000000
COLUMBIA,2019,164,15.000000
COLUMBIA,2019,163,
COLUMBIA,2019,162,
COLUMBIA,2019,161,
COLUMBIA,2019,160,
COLUMBIA,2019,159,
COLUMBIA,2019,158,
COLUMBIA,2019,157,
COLUMBIA,2019,156,
COLUMBIA,2019,155,
COLUMBIA,2019,154,24.000000
COLUMBIA,2019,153,
COLUMBIA,2019,152,
COLUMBIA,2019,151,24.000000
COLUMBIA,2019,150,24.000000
COLUMBIA,2019,149,24.000000
COLUMBIA,2019,148,24.000000
COLUMBIA,2019,147,
COLUMBIA,2019,146,
COLUMBIA,2019,145,
COLUMBIA,2019,144,24.000000
COLUMBIA,2019,143,24.000000
COLUMBIA,2019,142,24.000000
COLUMBIA,2019,141,24.000000
COLUMBIA,2019,140,24.000000
COLUMBIA,2019,139,
COLUMBIA,2019,138,
COLUMBIA,2019,137,24.000000
COLUMBIA,2019,136,24.000000
COLUMBIA,2019,135,24.000000
COLUMBIA,2019,134,24.000000
COLUMBIA,2019,133,24.000000
COLUMBIA,2019,132,
COLUMBIA,2019,131,
COLUMBIA,2019,130,
COLUMBIA,2019,129,24.000000
COLUMBIA,2019,128,24.000000
COLUMBIA,2019,127,24.000000
COLUMBIA,2019,126,24.000000
COLUMBIA,2019,125,
COLUMBIA,2019,124,
COLUMBIA,2019,123,24.000000
COLUMBIA,2019,122,24.000000
COLUMBIA,2019,121,24.000000
COLUMBIA,2019,120,24.000000
COLUMBIA,2019,119,24.000000
COLUMBIA,2019,118,
COLUMBIA,2019,117,
COLUMBIA,2019,116,24.000000
COLUMBIA,2019,115,24.000000
COLUMBIA,2019,114,24.000000
COLUMBIA,2019,113,24.000000
COLUMBIA,2019,112,24.000000
COLUMBIA,2019,111,
COLUMBIA,2019,110,
COLUMBIA,2019,109,24.000000
COLUMBIA,2019,108,24.000000
COLUMBIA,2019,107,24.000000
COLUMBIA,2019,106,24.000000
COLUMBIA,2019,105,24.000000
COLUMBIA,2019,104,
COLUMBIA,2019,103,
COLUMBIA,2019,102,24.000000
COLUMBIA,2019,101,24.000000
COLUMBIA,2019,100,24.000000
COLUMBIA,2019,99,24.000000
COLUMBIA,2019,98,24.000000
COLUMBIA,2019,97,
COLUMBIA,2019,96,
COLUMBIA,2019,95,24.000000
COLUMBIA,2019,94,24.000000
COLUMBIA,2019,93,24.000000
COLUMBIA,2019,92,24.000000
COLUMBIA,2019,91,24.000000
COLUMBIA,2019,90,
COLUMBIA,2019,89,
COLUMBIA,2019,88,24.000000
COLUMBIA,2019,87,24.000000
COLUMBIA,2019,86,24.000000
COLUMBIA,2019,85,24.000000
COLUMBIA,2019,84,
COLUMBIA,2019,83,
COLUMBIA,2019,82,
COLUMBIA,2019,81,24.000000
COLUMBIA,2019,80,
COLUMBIA,2019,79,
COLUMBIA,2019,78,
COLUMBIA,2019,77,
COLUMBIA,2019,76,
COLUMBIA,2019,75,
COLUMBIA,2019,74,
COLUMBIA,2019,73,
COLUMBIA,2019,72,
COLUMBIA,2019,71,
COLUMBIA,2019,70,
COLUMBIA,2019,69,
COLUMBIA,2019,68,
COLUMBIA,2019,67,
COLUMBIA,2019,66,
COLUMBIA,2019,65,
COLUMBIA,2019,64,
COLUMBIA,2019,63,
COLUMBIA,2019,62,
COLUMBIA,2019,61,
COLUMBIA,2019,60,
COLUMBIA,2019,59,
COLUMBIA,2019,58,
COLUMBIA,2019,57,
COLUMBIA,2019,56,
COLUMBIA,2019,55,
COLUMBIA,2019,54,
COLUMBIA,2019,53,
COLUMBIA,2019,52,
COLUMBIA,2019,51,
COLUMBIA,2019,50,
COLUMBIA,2019,49,
COLUMBIA,2019,48,
COLUMBIA,2019,47,
COLUMBIA,2019,46,
COLUMBIA,2019,45,
COLUMBIA,2019,44,
COLUMBIA,2019,43,
COLUMBIA,2019,42,
COLUMBIA,2019,41,
COLUMBIA,2019,40,
COLUMBIA,2019,39,
COLUMBIA,2019,38,
COLUMBIA,2019,37,
COLUMBIA,2019,36,
COLUMBIA,2019,35,
COLUMBIA,2019,34,
COLUMBIA,2019,33,
COLUMBIA,2019,32,
COLUMBIA,2019,31,
COLUMBIA,2019,30,
COLUMBIA,2019,29,
COLUMBIA,2019,28,
COLUMBIA,2019,27,
COLUMBIA,2019,26,
COLUMBIA,2019,25,
COLUMBIA,2019,24,
COLUMBIA,2019,23,
COLUMBIA,2019,22,
COLUMBIA,2019,21,
COLUMBIA,2019,20,
COLUMBIA,2019,19,
COLUMBIA,2019,18,
COLUMBIA,2019,17,
COLUMBIA,2019,16,
COLUMBIA,2019,15,
COLUMBIA,2019,14,
COLUMBIA,2019,13,
COLUMBIA,2019,12,
COLUMBIA,2019,11,
COLUMBIA,2019,10,
COLUMBIA,2019,9,
COLUMBIA,2019,8,
COLUMBIA,2019,7,
COLUMBIA,2019,6,
COLUMBIA,2019,5,
COLUMBIA,2019,4,
COLUMBIA,2019,3,
COLUMBIA,2019,2,
LOS ANGELES,2019,366,
LOS ANGELES,2019,365,1.003333
LOS ANGELES,2019,364,1.003333
LOS ANGELES,2019,363,
LOS ANGELES,2019,362,
LOS ANGELES,2019,361,1.086666
LOS ANGELES,2019,360,0.630000
LOS ANGELES,2019,359,
LOS ANGELES,2019,358,
LOS ANGELES,2019,357,0.630000
LOS ANGELES,2019,356,
LOS ANGELES,2019,355,
LOS ANGELES,2019,354,0.630000
LOS ANGELES,2019,353,0.630000
LOS ANGELES,2019,352,0.630000
LOS ANGELES,2019,351,0.625000
LOS ANGELES,2019,350,0.575000
LOS ANGELES,2019,349,
LOS ANGELES,2019,348,
LOS ANGELES,2019,347,0.600000
LOS ANGELES,2019,346,0.600000
LOS ANGELES,2019,345,0.750000
LOS ANGELES,2019,344,0.750000
LOS ANGELES,2019,343,0.900000
LOS ANGELES,2019,342,
LOS ANGELES,2019,341,
LOS ANGELES,2019,340,0.950000
LOS ANGELES,2019,339,0.950000
LOS ANGELES,2019,338,0.950000
LOS ANGELES,2019,337,0.950000
LOS ANGELES,2019,336,0.975000
LOS ANGELES,2019,335,
LOS ANGELES,2019,334,
LOS ANGELES,2019,333,0.975000
LOS ANGELES,2019,332,
LOS ANGELES,2019,331,0.966666
LOS ANGELES,2019,330,0.966666
LOS ANGELES,2019,329,0.966666
LOS ANGELES,2019,328,
LOS ANGELES,2019,327,
LOS ANGELES,2019,326,0.966666
LOS ANGELES,2019,325,0.966666
LOS ANGELES,2019,324,0.966666
LOS ANGELES,2019,323,0.966666
LOS ANGELES,2019,322,0.966666
LOS ANGELES,2019,321,
LOS ANGELES,2019,320,
LOS ANGELES,2019,319,0.966666
LOS ANGELES,2019,318,0.966666
LOS ANGELES,2019,317,0.966666
LOS ANGELES,2019,316,1.000000
LOS ANGELES,2019,315,
LOS ANGELES,2019,314,
LOS ANGELES,2019,313,
LOS ANGELES,2019,312,0.950000
LOS ANGELES,2019,311,0.950000
LOS ANGELES,2019,310,0.950000
LOS ANGELES,2019,309,0.950000
LOS ANGELES,2019,308,0.950000
LOS ANGELES,2019,307,
LOS ANGELES,2019,306,
LOS ANGELES,2019,305,0.770000
LOS ANGELES,2019,304,0.770000
LOS ANGELES,2019,303,0.770000
LOS ANGELES,2019,302,0.770000
LOS ANGELES,2019,301,0.770000
LOS ANGELES,2019,300,
LOS ANGELES,2019,299,
LOS ANGELES,2019,298,0.705000
LOS ANGELES,2019,297,0.705000
LOS ANGELES,2019,296,0.705000
LOS ANGELES,2019,295,0.705000
LOS ANGELES,2019,294,0.705000
LOS ANGELES,2019,293,
LOS ANGELES,2019,292,
LOS ANGELES,2019,291,0.550000
LOS ANGELES,2019,290,0.550000
LOS ANGELES,2019,289,0.550000
LOS ANGELES,2019,288,0.550000
LOS ANGELES,2019,287,
LOS ANGELES,2019,286,
LOS ANGELES,2019,285,
LOS ANGELES,2019,284,0.550000
LOS ANGELES,2019,283,0.550000
LOS ANGELES,2019,282,0.550000
LOS ANGELES,2019,281,0.550000
LOS ANGELES,2019,280,0.550000
LOS ANGELES,2019,279,
LOS ANGELES,2019,278,
LOS ANGELES,2019,277,0.550000
LOS ANGELES,2019,276,0.550000
LOS ANGELES,2019,275,0.550000
LOS ANGELES,2019,274,0.550000
LOS ANGELES,2019,273,0.530000
LOS ANGELES,2019,272,
LOS ANGELES,2019,271,
LOS ANGELES,2019,270,0.530000
LOS ANGELES,2019,269,0.530000
LOS ANGELES,2019,268,0.530000
LOS ANGELES,2019,267,0.550000
LOS ANGELES,2019,266,0.550000
LOS ANGELES,2019,265,
LOS ANGELES,2019,264,
LOS ANGELES,2019,263,0.550000
LOS ANGELES,2019,262,0.550000
LOS ANGELES,2019,261,0.550000
LOS ANGELES,2019,260,0.550000
LOS ANGELES,2019,259,0.580000
LOS ANGELES,2019,258,
LOS ANGELES,2019,257,
LOS ANGELES,2019,256,0.580000
LOS ANGELES,2019,255,0.650000
LOS ANGELES,2019,254,0.650000
LOS ANGELES,2019,253,0.650000
LOS ANGELES,2019,252,0.650000
LOS ANGELES,2019,251,
LOS ANGELES,2019,250,
LOS ANGELES,2019,249,0.650000
LOS ANGELES,2019,248,0.650000
LOS ANGELES,2019,247,0.650000
LOS ANGELES,2019,246,0.650000
LOS ANGELES,2019,245,
LOS ANGELES,2019,244,
LOS ANGELES,2019,243,
LOS ANGELES,2019,242,0.650000
LOS ANGELES,2019,241,0.650000
LOS ANGELES,2019,240,0.650000
LOS ANGELES,2019,239,0.650000
LOS ANGELES,2019,238,0.650000
LOS ANGELES,2019,237,
LOS ANGELES,2019,236,
LOS ANGELES,2019,235,0.750000
LOS ANGELES,2019,234,0.750000
LOS ANGELES,2019,233,0.750000
LOS ANGELES,2019,232,0.850000
LOS ANGELES,2019,231,0.850000
LOS ANGELES,2019,230,
LOS ANGELES,2019,229,
LOS ANGELES,2019,228,
LOS ANGELES,2019,227,0.850000
LOS ANGELES,2019,226,0.850000
LOS ANGELES,2019,225,0.850000
LOS ANGELES,2019,224,0.750000
LOS ANGELES,2019,223,
LOS ANGELES,2019,222,
LOS ANGELES,2019,221,0.750000
LOS ANGELES,2019,220,0.750000
LOS ANGELES,2019,219,0.750000
LOS ANGELES,2019,218,0.750000
LOS ANGELES,2019,217,0.750000
LOS ANGELES,2019,216,
LOS ANGELES,2019,215,
LOS ANGELES,2019,214,0.750000
LOS ANGELES,2019,213,0.750000
LOS ANGELES,2019,212,0.850000
LOS ANGELES,2019,211,0.850000
LOS ANGELES,2019,210,0.850000
LOS ANGELES,2019,209,
LOS ANGELES,2019,208,
LOS ANGELES,2019,207,0.550000
LOS ANGELES,2019,206,0.550000
LOS ANGELES,2019,205,0.550000
LOS ANGELES,2019,204,0.550000
LOS ANGELES,2019,203,0.550000
LOS ANGELES,2019,202,
LOS ANGELES,2019,201,
LOS ANGELES,2019,200,0.550000
LOS ANGELES,2019,199,0.550000
LOS ANGELES,2019,198,0.550000
LOS ANGELES,2019,197,0.550000
LOS ANGELES,2019,196,0.550000
LOS ANGELES,2019,195,
LOS ANGELES,2019,194,
LOS ANGELES,2019,193,0.550000
LOS ANGELES,2019,192,0.550000
LOS ANGELES,2019,191,0.550000
LOS ANGELES,2019,190,0.550000
LOS ANGELES,2019,189,0.550000
LOS ANGELES,2019,188,
LOS ANGELES,2019,187,
LOS ANGELES,2019,186,0.550000
LOS ANGELES,2019,185,
LOS ANGELES,2019,184,0.550000
LOS ANGELES,2019,183,0.550000
LOS ANGELES,2019,182,0.550000
LOS ANGELES,2019,181,
LOS ANGELES,2019,180,
LOS ANGELES,2019,179,0.550000
LOS ANGELES,2019,178,0.550000
LOS ANGELES,2019,177,0.550000
LOS ANGELES,2019,176,0.550000
LOS ANGELES,2019,175,0.550000
LOS ANGELES,2019,174,
LOS ANGELES,2019,173,
LOS ANGELES,2019,172,0.550000
LOS ANGELES,2019,171,0.550000
LOS ANGELES,2019,170,0.550000
LOS ANGELES,2019,169,0.550000
LOS ANGELES,2019,168,0.550000
LOS ANGELES,2019,167,
LOS ANGELES,2019,166,
LOS ANGELES,2019,165,0.550000
LOS ANGELES,2019,164,0.550000
LOS ANGELES,2019,163,0.550000
LOS ANGELES,2019,162,0.550000
LOS ANGELES,2019,161,0.550000
LOS ANGELES,2019,160,
LOS ANGELES,2019,159,
LOS ANGELES,2019,158,0.550000
LOS ANGELES,2019,157,0.550000
LOS ANGELES,2019,156,0.550000
LOS ANGELES,2019,155,0.550000
LOS ANGELES,2019,154,0.550000
LOS ANGELES,2019,153,
LOS ANGELES,2019,152,
LOS ANGELES,2019,151,0.550000
LOS ANGELES,2019,150,0.550000
LOS ANGELES,2019,149,0.550000
LOS ANGELES,2019,148,0.550000
LOS ANGELES,2019,147,
LOS ANGELES,2019,146,
LOS ANGELES,2019,145,
LOS ANGELES,2019,144,0.550000
LOS ANGELES,2019,143,0.550000
LOS ANGELES,2019,142,0.550000
LOS ANGELES,2019,141,0.650000
LOS ANGELES,2019,140,0.650000
LOS ANGELES,2019,139,
LOS ANGELES,2019,138,
LOS ANGELES,2019,137,0.650000
LOS ANGELES,2019,136,0.650000
LOS ANGELES,2019,135,0.650000
LOS ANGELES,2019,134,0.650000
LOS ANGELES,2019,133,0.650000
LOS ANGELES,2019,132,
LOS ANGELES,2019,131,
LOS ANGELES,2019,130,0.650000
LOS ANGELES,2019,129,0.650000
LOS ANGELES,2019,128,0.650000
LOS ANGELES,2019,127,0.650000
LOS ANGELES,2019,126,0.650000
LOS ANGELES,2019,125,
LOS ANGELES,2019,124,
LOS ANGELES,2019,123,0.650000
LOS ANGELES,2019,122,0.650000
LOS ANGELES,2019,121,0.650000
LOS ANGELES,2019,120,0.650000
LOS ANGELES,2019,119,0.650000
LOS ANGELES,2019,118,
LOS ANGELES,2019,117,
LOS ANGELES,2019,116,0.650000
LOS ANGELES,2019,115,0.650000
LOS ANGELES,2019,114,0.650000
LOS ANGELES,2019,113,0.650000
LOS ANGELES,2019,112,0.650000
LOS ANGELES,2019,111,
LOS ANGELES,2019,110,
LOS ANGELES,2019,109,0.700000
LOS ANGELES,2019,108,0.700000
LOS ANGELES,2019,107,0.700000
LOS ANGELES,2019,106,0.700000
LOS ANGELES,2019,105,0.700000
LOS ANGELES,2019,104,
LOS ANGELES,2019,103,
LOS ANGELES,2019,102,0.700000
LOS ANGELES,2019,101,0.700000
LOS ANGELES,2019,100,0.850000
LOS ANGELES,2019,99,0.850000
LOS ANGELES,2019,98,0.850000
LOS ANGELES,2019,97,
LOS ANGELES,2019,96,
LOS ANGELES,2019,95,0.850000
LOS ANGELES,2019,94,0.850000
LOS ANGELES,2019,93,0.850000
LOS ANGELES,2019,92,0.850000
LOS ANGELES,2019,91,0.850000
LOS ANGELES,2019,90,
LOS ANGELES,2019,89,
LOS ANGELES,2019,88,0.850000
LOS ANGELES,2019,87,0.850000
LOS ANGELES,2019,86,0.850000
LOS ANGELES,2019,85,0.850000
LOS ANGELES,2019,84,0.850000
LOS ANGELES,2019,83,
LOS ANGELES,2019,82,
LOS ANGELES,2019,81,0.850000
LOS ANGELES,2019,80,0.850000
LOS ANGELES,2019,79,0.850000
LOS ANGELES,2019,78,0.850000
LOS ANGELES,2019,77,0.700000
LOS ANGELES,2019,76,
LOS ANGELES,2019,75,
LOS ANGELES,2019,74,0.700000
LOS ANGELES,2019,73,0.700000
LOS ANGELES,2019,72,0.700000
LOS ANGELES,2019,71,0.700000
LOS ANGELES,2019,70,0.700000
LOS ANGELES,2019,69,
LOS ANGELES,2019,68,
LOS ANGELES,2019,67,0.700000
LOS ANGELES,2019,66,0.550000
LOS ANGELES,2019,65,0.550000
LOS ANGELES,2019,64,0.550000
LOS ANGELES,2019,63,0.550000
LOS ANGELES,2019,62,
LOS ANGELES,2019,61,
LOS ANGELES,2019,60,0.550000
LOS ANGELES,2019,59,0.550000
LOS ANGELES,2019,58,0.550000
LOS ANGELES,2019,57,0.550000
LOS ANGELES,2019,56,0.550000
LOS ANGELES,2019,55,
LOS ANGELES,2019,54,
LOS ANGELES,2019,53,0.550000
LOS ANGELES,2019,52,0.550000
LOS ANGELES,2019,51,0.550000
LOS ANGELES,2019,50,0.550000
LOS ANGELES,2019,49,
LOS ANGELES,2019,48,
LOS ANGELES,2019,47,
LOS ANGELES,2019,46,0.550000
LOS ANGELES,2019,45,0.550000
LOS ANGELES,2019,44,0.550000
LOS ANGELES,2019,43,0.550000
LOS ANGELES,2019,42,0.550000
LOS ANGELES,2019,41,
LOS ANGELES,2019,40,
LOS ANGELES,2019,39,0.550000
LOS ANGELES,2019,38,0.550000
LOS ANGELES,2019,37,0.550000
LOS ANGELES,2019,36,0.550000
LOS ANGELES,2019,35,0.550000
LOS ANGELES,2019,34,
LOS ANGELES,2019,33,
LOS ANGELES,2019,32,0.550000
LOS ANGELES,2019,31,0.550000
LOS ANGELES,2019,30,0.550000
LOS ANGELES,2019,29,0.550000
LOS ANGELES,2019,28,0.550000
LOS ANGELES,2019,27,
LOS ANGELES,2019,26,
LOS ANGELES,2019,25,0.550000
LOS ANGELES,2019,24,0.550000
LOS ANGELES,2019,23,0.550000
LOS ANGELES,2019,22,0.550000
LOS ANGELES,2019,21,
LOS ANGELES,2019,20,
LOS ANGELES,2019,19,
LOS ANGELES,2019,18,0.550000
LOS ANGELES,2019,17,0.550000
LOS ANGELES,2019,16,0.550000
LOS ANGELES,2019,15,0.550000
LOS ANGELES,2019,14,0.550000
LOS ANGELES,2019,13,
LOS ANGELES,2019,12,
LOS ANGELES,2019,11,0.550000
LOS ANGELES,2019,10,0.550000
LOS ANGELES,2019,9,0.550000
LOS ANGELES,2019,8,0.550000
LOS ANGELES,2019,7,0.550000
LOS ANGELES,2019,6,
LOS ANGELES,2019,5,
LOS ANGELES,2019,4,0.550000
LOS ANGELES,2019,3,0.550000
LOS ANGELES,2019,2,0.550000
NEW YORK,2019,366,
NEW YORK,2019,365,
NEW YORK,2019,364,
NEW YORK,2019,363,
NEW YORK,2019,362,
NEW YORK,2019,361,
NEW YORK,2019,360,
NEW YORK,2019,359,
NEW YORK,2019,358,
NEW YORK,2019,357,
NEW YORK,2019,356,
NEW YORK,2019,355,
NEW YORK,2019,354,
NEW YORK,2019,353,
NEW YORK,2019,352,
NEW YORK,2019,351,
NEW YORK,2019,350,
NEW YORK,2019,349,
NEW YORK,2019,348,
NEW YORK,2019,347,
NEW YORK,2019,346,
NEW YORK,2019,345,
NEW YORK,2019,344,
NEW YORK,2019,343,
NEW YORK,2019,342,
NEW YORK,2019,341,
NEW YORK,2019,340,
NEW YORK,2019,339,
NEW YORK,2019,338,
NEW YORK,2019,337,
NEW YORK,2019,336,
NEW YORK,2019,335,
NEW YORK,2019,334,
NEW YORK,2019,333,
NEW YORK,2019,332,
NEW YORK,2019,331,
NEW YORK,2019,330,
NEW YORK,2019,329,
NEW YORK,2019,328,
NEW YORK,2019,327,
NEW YORK,2019,326,
NEW YORK,2019,325,
NEW YORK,2019,324,
NEW YORK,2019,323,
NEW YORK,2019,322,
NEW YORK,2019,321,
NEW YORK,2019,320,
NEW YORK,2019,319,
NEW YORK,2019,318,
NEW YORK,2019,317,
NEW YORK,2019,316,
NEW YORK,2019,315,
NEW YORK,2019,314,
NEW YORK,2019,313,
NEW YORK,2019,312,
NEW YORK,2019,311,
NEW YORK,2019,310,
NEW YORK,2019,309,
NEW YORK,2019,308,
NEW YORK,2019,307,
NEW YORK,2019,306,
NEW YORK,2019,305,
NEW YORK,2019,304,
NEW YORK,2019,303,
NEW YORK,2019,302,
NEW YORK,2019,301,
NEW YORK,2019,300,
NEW YORK,2019,299,
NEW YORK,2019,298,
NEW YORK,2019,297,
NEW YORK,2019,296,
NEW YORK,2019,295,
NEW YORK,2019,294,
NEW YORK,2019,293,
NEW YORK,2019,292,
NEW YORK,2019,291,
NEW YORK,2019,290,
NEW YORK,2019,289,
NEW YORK,2019,288,
NEW YORK,2019,287,
NEW YORK,2019,286,
NEW YORK,2019,285,
NEW YORK,2019,284,
NEW YORK,2019,283,
NEW YORK,2019,282,
NEW YORK,2019,281,
NEW YORK,2019,280,
NEW YORK,2019,279,
NEW YORK,2019,278,
NEW YORK,2019,277,
NEW YORK,2019,276,
NEW YORK,2019,275,
NEW YORK,2019,274,
NEW YORK,2019,273,
NEW YORK,2019,272,
NEW YORK,2019,271,
NEW YORK,2019,270,
NEW YORK,2019,269,
NEW YORK,2019,268,
NEW YORK,2019,267,
NEW YORK,2019,266,
NEW YORK,2019,265,
NEW YORK,2019,264,
NEW YORK,2019,263,
NEW YORK,2019,262,
NEW YORK,2019,261,
NEW YORK,2019,260,
NEW YORK,2019,259,
NEW YORK,2019,258,
NEW YORK,2019,257,
NEW YORK,2019,256,
NEW YORK,2019,255,
NEW YORK,2019,254,
NEW YORK,2019,253,
NEW YORK,2019,252,
NEW YORK,2019,251,
NEW YORK,2019,250,
NEW YORK,2019,249,
NEW YORK,2019,248,
NEW YORK,2019,247,
NEW YORK,2019,246,
NEW YORK,2019,245,
NEW YORK,2019,244,
NEW YORK,2019,243,
NEW YORK,2019,242,
NEW YORK,2019,241,
NEW YORK,2019,240,
NEW YORK,2019,239,
NEW YORK,2019,238,
NEW YORK,2019,237,
NEW YORK,2019,236,
NEW YORK,2019,235,
NEW YORK,2019,234,
NEW YORK,2019,233,
NEW YORK,2019,232,
NEW YORK,2019,231,
NEW YORK,2019,230,
NEW YORK,2019,229,
NEW YORK,2019,228,
NEW YORK,2019,227,
NEW YORK,2019,226,
NEW YORK,2019,225,
NEW YORK,2019,224,
NEW YORK,2019,223,
NEW YORK,2019,222,
NEW YORK,2019,221,
NEW YORK,2019,220,
NEW YORK,2019,219,
NEW YORK,2019,218,
NEW YORK,2019,217,
NEW YORK,2019,216,
NEW YORK,2019,215,
NEW YORK,2019,214,
NEW YORK,2019,213,
NEW YORK,2019,212,
NEW YORK,2019,211,
NEW YORK,2019,210,
NEW YORK,2019,209,
NEW YORK,2019,208,
NEW YORK,2019,207,
NEW YORK,2019,206,
NEW YORK,2019,205,
NEW YORK,2019,204,
NEW YORK,2019,203,
NEW YORK,2019,202,
NEW YORK,2019,201,
NEW YORK,2019,200,
NEW YORK,2019,199,
NEW YORK,2019,198,
NEW YORK,2019,197,
NEW YORK,2019,196,
NEW YORK,2019,195,
NEW YORK,2019,194,
NEW YORK,2019,193,
NEW YORK,2019,192,
NEW YORK,2019,191,
NEW YORK,2019,190,
NEW YORK,2019,189,
NEW YORK,2019,188,
NEW YORK,2019,187,
NEW YORK,2019,186,
NEW YORK,2019,185,
NEW YORK,2019,184,
NEW YORK,2019,183,
NEW YORK,2019,182,
NEW YORK,2019,181,
NEW YORK,2019,180,
NEW YORK,2019,179,
NEW YORK,2019,178,
NEW YORK,2019,177,
NEW YORK,2019,176,
NEW YORK,2019,175,
NEW YORK,2019,174,
NEW YORK,2019,173,
NEW YORK,2019,172,
NEW YORK,2019,171,
NEW YORK,2019,170,
NEW YORK,2019,169,
NEW YORK,2019,168,
NEW YORK,2019,167,
NEW YORK,2019,166,
NEW YORK,2019,165,
NEW YORK,2019,164,
NEW YORK,2019,163,
NEW YORK,2019,162,
NEW YORK,2019,161,
NEW YORK,2019,160,
NEW YORK,2019,159,
NEW YORK,2019,158,
NEW YORK,2019,157,
NEW YORK,2019,156,
NEW YORK,2019,155,
NEW YORK,2019,154,
NEW YORK,2019,153,
NEW YORK,2019,152,
NEW YORK,2019,151,
NEW YORK,2019,150,
NEW YORK,2019,149,
NEW YORK,2019,148,
NEW YORK,2019,147,
NEW YORK,2019,146,
NEW YORK,2019,145,
NEW YORK,2019,144,
NEW YORK,2019,143,
NEW YORK,2019,142,
NEW YORK,2019,141,
NEW YORK,2019,140,
NEW YORK,2019,139,
NEW YORK,2019,138,
NEW YORK,2019,137,
NEW YORK,2019,136,
NEW YORK,2019,135,
NEW YORK,2019,134,
NEW YORK,2019,133,
NEW YORK,2019,132,
NEW YORK,2019,131,
NEW YORK,2019,130,
NEW YORK,2019,129,
NEW YORK,2019,128,
NEW YORK,2019,127,
NEW YORK,2019,126,
NEW YORK,2019,125,
NEW YORK,2019,124,
NEW YORK,2019,123,
NEW YORK,2019,122,
NEW YORK,2019,121,
NEW YORK,2019,120,
NEW YORK,2019,119,
NEW YORK,2019,118,
NEW YORK,2019,117,
NEW YORK,2019,116,
NEW YORK,2019,115,
NEW YORK,2019,114,
NEW YORK,2019,113,
NEW YORK,2019,112,
NEW YORK,2019,111,
NEW YORK,2019,110,
NEW YORK,2019,109,
NEW YORK,2019,108,
NEW YORK,2019,107,
NEW YORK,2019,106,
NEW YORK,2019,105,
NEW YORK,2019,104,
NEW YORK,2019,103,
NEW YORK,2019,102,
NEW YORK,2019,101,
NEW YORK,2019,100,
NEW YORK,2019,99,
NEW YORK,2019,98,
NEW YORK,2019,97,
NEW YORK,2019,96,
NEW YORK,2019,95,
NEW YORK,2019,94,
NEW YORK,2019,93,
NEW YORK,2019,92,
NEW YORK,2019,91,
NEW YORK,2019,90,
NEW YORK,2019,89,
NEW YORK,2019,88,
NEW YORK,2019,87,
NEW YORK,2019,86,13.500000
NEW YORK,2019,85,
NEW YORK,2019,84,
NEW YORK,2019,83,
NEW YORK,2019,82,
NEW YORK,2019,81,
NEW YORK,2019,80,
NEW YORK,2019,79,
NEW YORK,2019,78,
NEW YORK,2019,77,
NEW YORK,2019,76,
NEW YORK,2019,75,
NEW YORK,2019,74,
NEW YORK,2019,73,
NEW YORK,2019,72,
NEW YORK,2019,71,
NEW YORK,2019,70,
NEW YORK,2019,69,
NEW YORK,2019,68,
NEW YORK,2019,67,
NEW YORK,2019,66,
NEW YORK,2019,65,
NEW YORK,2019,64,
NEW YORK,2019,63,
NEW YORK,2019,62,
NEW YORK,2019,61,
NEW YORK,2019,60,
NEW YORK,2019,59,
NEW YORK,2019,58,
NEW YORK,2019,57,
NEW YORK,2019,56,
NEW YORK,2019,55,
NEW YORK,2019,54,
NEW YORK,2019,53,
NEW YORK,2019,52,
NEW YORK,2019,51,
NEW YORK,2019,50,
NEW YORK,2019,49,
NEW YORK,2019,48,
NEW YORK,2019,47,
NEW YORK,2019,46,
NEW YORK,2019,45,
NEW YORK,2019,44,
NEW YORK,2019,43,
NEW YORK,2019,42,
NEW YORK,2019,41,
NEW YORK,2019,40,
NEW YORK,2019,39,
NEW YORK,2019,38,
NEW YORK,2019,37,
NEW YORK,2019,36,
NEW YORK,2019,35,
NEW YORK,2019,34,
NEW YORK,2019,33,
NEW YORK,2019,32,
NEW YORK,2019,31,
NEW YORK,2019,30,
NEW YORK,2019,29,
NEW YORK,2019,28,
NEW YORK,2019,27,
NEW YORK,2019,26,
NEW YORK,2019,25,
NEW YORK,2019,24,
NEW YORK,2019,23,
NEW YORK,2019,22,
NEW YORK,2019,21,
NEW YORK,2019,20,
NEW YORK,2019,19,
NEW YORK,2019,18,
NEW YORK,2019,17,
NEW YORK,2019,16,
NEW YORK,2019,15,
NEW YORK,2019,14,
NEW YORK,2019,13,
NEW YORK,2019,12,
NEW YORK,2019,11,
NEW YORK,2019,10,
NEW YORK,2019,9,
NEW YORK,2019,8,
NEW YORK,2019,7,
NEW YORK,2019,6,
NEW YORK,2019,5,
NEW YORK,2019,4,
NEW YORK,2019,3,
NEW YORK,2019,2,
PHILADELPHIA,2019,366,
PHILADELPHIA,2019,365,
PHILADELPHIA,2019,364,
PHILADELPHIA,2019,363,
PHILADELPHIA,2019,362,
PHILADELPHIA,2019,361,
PHILADELPHIA,2019,360,
PHILADELPHIA,2019,359,
PHILADELPHIA,2019,358,
PHILADELPHIA,2019,357,
PHILADELPHIA,2019,356,
PHILADELPHIA,2019,355,
PHILADELPHIA,2019,354,
PHILADELPHIA,2019,353,
PHILADELPHIA,2019,352,
PHILADELPHIA,2019,351,
PHILADELPHIA,2019,350,
PHILADELPHIA,2019,349,
PHILADELPHIA,2019,348,
PHILADELPHIA,2019,347,
PHILADELPHIA,2019,346,
PHILADELPHIA,2019,345,
PHILADELPHIA,2019,344,
PHILADELPHIA,2019,343,
PHILADELPHIA,2019,342,
PHILADELPHIA,2019,341,
PHILADELPHIA,2019,340,
PHILADELPHIA,2019,339,
PHILADELPHIA,2019,338,
PHILADELPHIA,2019,337,
PHILADELPHIA,2019,336,
PHILADELPHIA,2019,335,
PHILADELPHIA,2019,334,
PHILADELPHIA,2019,333,
PHILADELPHIA,2019,332,
PHILADELPHIA,2019,331,
PHILADELPHIA,2019,330,
PHILADELPHIA,2019,329,
PHILADELPHIA,2019,328,
PHILADELPHIA,2019,327,
PHILADELPHIA,2019,326,
PHILADELPHIA,2019,325,
PHILADELPHIA,2019,324,
PHILADELPHIA,2019,323,
PHILADELPHIA,2019,322,
PHILADELPHIA,2019,321,
PHILADELPHIA,2019,320,
PHILADELPHIA,2019,319,
PHILADELPHIA,2019,318,
PHILADELPHIA,2019,317,
PHILADELPHIA,2019,316,
PHILADELPHIA,2019,315,
PHILADELPHIA,2019,314,
PHILADELPHIA,2019,313,
PHILADELPHIA,2019,312,
PHILADELPHIA,2019,311,
PHILADELPHIA,2019,310,
PHILADELPHIA,2019,309,
PHILADELPHIA,2019,308,
PHILADELPHIA,2019,307,
PHILADELPHIA,2019,306,
PHILADELPHIA,2019,305,
PHILADELPHIA,2019,304,
PHILADELPHIA,2019,303,
PHILADELPHIA,2019,302,
PHILADELPHIA,2019,301,
PHILADELPHIA,2019,300,
PHILADELPHIA,2019,299,
PHILADELPHIA,2019,298,
PHILADELPHIA,2019,297,
PHILADELPHIA,2019,296,
PHILADELPHIA,2019,295,
PHILADELPHIA,2019,294,
PHILADELPHIA,2019,293,
PHILADELPHIA,2019,292,
PHILADELPHIA,2019,291,
PHILADELPHIA,2019,290,
PHILADELPHIA,2019,289,
PHILADELPHIA,2019,288,
PHILADELPHIA,2019,287,
PHILADELPHIA,2019,286,
PHILADELPHIA,2019,285,
PHILADELPHIA,2019,284,
PHILADELPHIA,2019,283,
PHILADELPHIA,2019,282,
PHILADELPHIA,2019,281,
PHILADELPHIA,2019,280,
PHILADELPHIA,2019,279,
PHILADELPHIA,2019,278,
PHILADELPHIA,2019,277,
PHILADELPHIA,2019,276,
PHILADELPHIA,2019,275,
PHILADELPHIA,2019,274,
PHILADELPHIA,2019,273,
PHILADELPHIA,2019,272,
PHILADELPHIA,2019,271,
PHILADELPHIA,2019,270,
PHILADELPHIA,2019,269,
PHILADELPHIA,2019,268,
PHILADELPHIA,2019,267,
PHILADELPHIA,2019,266,
PHILADELPHIA,2019,265,
PHILADELPHIA,2019,264,
PHILADELPHIA,2019,263,10.000000
PHILADELPHIA,2019,262,10.000000
PHILADELPHIA,2019,261,10.000000
PHILADELPHIA,2019,260,10.000000
PHILADELPHIA,2019,259,10.000000
PHILADELPHIA,2019,258,
PHILADELPHIA,2019,257,
PHILADELPHIA,2019,256,12.000000
PHILADELPHIA,2019,255,12.000000
PHILADELPHIA,2019,254,12.000000
PHILADELPHIA,2019,253,6.000000
PHILADELPHIA,2019,252,6.000000
PHILADELPHIA,2019,251,
PHILADELPHIA,2019,250,
PHILADELPHIA,2019,249,10.000000
PHILADELPHIA,2019,248,10.000000
PHILADELPHIA,2019,247,10.000000
PHILADELPHIA,2019,246,10.000000
PHILADELPHIA,2019,245,
PHILADELPHIA,2019,244,
PHILADELPHIA,2019,243,
PHILADELPHIA,2019,242,10.000000
PHILADELPHIA,2019,241,10.000000
PHILADELPHIA,2019,240,10.000000
PHILADELPHIA,2019,239,10.000000
PHILADELPHIA,2019,238,10.000000
PHILADELPHIA,2019,237,
PHILADELPHIA,2019,236,
PHILADELPHIA,2019,235,10.000000
PHILADELPHIA,2019,234,10.000000
PHILADELPHIA,2019,233,10.000000
PHILADELPHIA,2019,232,10.000000
PHILADELPHIA,2019,231,10.000000
PHILADELPHIA,2019,230,
PHILADELPHIA,2019,229,
PHILADELPHIA,2019,228,12.000000
PHILADELPHIA,2019,227,12.000000
PHILADELPHIA,2019,226,12.000000
PHILADELPHIA,2019,225,
PHILADELPHIA,2019,224,12.000000
PHILADELPHIA,2019,223,
PHILADELPHIA,2019,222,
PHILADELPHIA,2019,221,
PHILADELPHIA,2019,220,
PHILADELPHIA,2019,219,
PHILADELPHIA,2019,218,
PHILADELPHIA,2019,217,
PHILADELPHIA,2019,216,
PHILADELPHIA,2019,215,
PHILADELPHIA,2019,214,
PHILADELPHIA,2019,213,
PHILADELPHIA,2019,212,
PHILADELPHIA,2019,211,
PHILADELPHIA,2019,210,
PHILADELPHIA,2019,209,
PHILADELPHIA,2019,208,
PHILADELPHIA,2019,207,
PHILADELPHIA,2019,206,
PHILADELPHIA,2019,205,
PHILADELPHIA,2019,204,
PHILADELPHIA,2019,203,
PHILADELPHIA,2019,202,
PHILADELPHIA,2019,201,
PHILADELPHIA,2019,200,
PHILADELPHIA,2019,199,
PHILADELPHIA,2019,198,
PHILADELPHIA,2019,197,
PHILADELPHIA,2019,196,
PHILADELPHIA,2019,195,
PHILADELPHIA,2019,194,
PHILADELPHIA,2019,193,
PHILADELPHIA,2019,192,
PHILADELPHIA,2019,191,
PHILADELPHIA,2019,190,
PHILADELPHIA,2019,189,
PHILADELPHIA,2019,188,
PHILADELPHIA,2019,187,
PHILADELPHIA,2019,186,
PHILADELPHIA,2019,185,
PHILADELPHIA,2019,184,
PHILADELPHIA,2019,183,
PHILADELPHIA,2019,182,
PHILADELPHIA,2019,181,
PHILADELPHIA,2019,180,
PHILADELPHIA,2019,179,
PHILADELPHIA,2019,178,
PHILADELPHIA,2019,177,
PHILADELPHIA,2019,176,
PHILADELPHIA,2019,175,
PHILADELPHIA,2019,174,
PHILADELPHIA,2019,173,
PHILADELPHIA,2019,172,
PHILADELPHIA,2019,171,
PHILADELPHIA,2019,170,
PHILADELPHIA,2019,169,
PHILADELPHIA,2019,168,
PHILADELPHIA,2019,167,
PHILADELPHIA,2019,166,
PHILADELPHIA,2019,165,
PHILADELPHIA,2019,164,
PHILADELPHIA,2019,163,
PHILADELPHIA,2019,162,
PHILADELPHIA,2019,161,
PHILADELPHIA,2019,160,
PHILADELPHIA,2019,159,
PHILADELPHIA,2019,158,22.000000
PHILADELPHIA,2019,157,22.000000
PHILADELPHIA,2019,156,22.000000
PHILADELPHIA,2019,155,22.000000
PHILADELPHIA,2019,154,24.000000
PHILADELPHIA,2019,153,
PHILADELPHIA,2019,152,
PHILADELPHIA,2019,151,24.000000
PHILADELPHIA,2019,150,24.000000
PHILADELPHIA,2019,149,24.000000
PHILADELPHIA,2019,148,24.000000
PHILADELPHIA,2019,147,
PHILADELPHIA,2019,146,
PHILADELPHIA,2019,145,
PHILADELPHIA,2019,144,24.000000
PHILADELPHIA,2019,143,24.000000
PHILADELPHIA,2019,142,24.000000
PHILADELPHIA,2019,141,
PHILADELPHIA,2019,140,
PHILADELPHIA,2019,139,
PHILADELPHIA,2019,138,
PHILADELPHIA,2019,137,
PHILADELPHIA,2019,136,
PHILADELPHIA,2019,135,
PHILADELPHIA,2019,134,
PHILADELPHIA,2019,133,
PHILADELPHIA,2019,132,
PHILADELPHIA,2019,131,
PHILADELPHIA,2019,130,
PHILADELPHIA,2019,129,
PHILADELPHIA,2019,128,
PHILADELPHIA,2019,127,
PHILADELPHIA,2019,126,
PHILADELPHIA,2019,125,
PHILADELPHIA,2019,124,
PHILADELPHIA,2019,123,
PHILADELPHIA,2019,122,
PHILADELPHIA,2019,121,
PHILADELPHIA,2019,120,
PHILADELPHIA,2019,119,17.000000
PHILADELPHIA,2019,118,
PHILADELPHIA,2019,117,
PHILADELPHIA,2019,116,
PHILADELPHIA,2019,115,17.000000
PHILADELPHIA,2019,114,
PHILADELPHIA,2019,113,17.000000
PHILADELPHIA,2019,112,
PHILADELPHIA,2019,111,
PHILADELPHIA,2019,110,
PHILADELPHIA,2019,109,17.000000
PHILADELPHIA,2019,108,17.000000
PHILADELPHIA,2019,107,17.000000
PHILADELPHIA,2019,106,17.000000
PHILADELPHIA,2019,105,17.000000
PHILADELPHIA,2019,104,
PHILADELPHIA,2019,103,
PHILADELPHIA,2019,102,15.000000
PHILADELPHIA,2019,101,15.000000
PHILADELPHIA,2019,100,15.000000
PHILADELPHIA,2019,99,15.000000
PHILADELPHIA,2019,98,15.000000
PHILADELPHIA,2019,97,
PHILADELPHIA,2019,96,
PHILADELPHIA,2019,95,17.000000
PHILADELPHIA,2019,94,17.000000
PHILADELPHIA,2019,93,17.000000
PHILADELPHIA,2019,92,17.000000
PHILADELPHIA,2019,91,17.000000
PHILADELPHIA,2019,90,
PHILADELPHIA,2019,89,
PHILADELPHIA,2019,88,17.000000
PHILADELPHIA,2019,87,17.000000
PHILADELPHIA,2019,86,17.000000
PHILADELPHIA,2019,85,17.000000
PHILADELPHIA,2019,84,18.125000
PHILADELPHIA,2019,83,
PHILADELPHIA,2019,82,
PHILADELPHIA,2019,81,18.125000
PHILADELPHIA,2019,80,18.125000
PHILADELPHIA,2019,79,18.125000
PHILADELPHIA,2019,78,18.125000
PHILADELPHIA,2019,77,17.625000
PHILADELPHIA,2019,76,
PHILADELPHIA,2019,75,
PHILADELPHIA,2019,74,17.625000
PHILADELPHIA,2019,73,17.625000
PHILADELPHIA,2019,72,17.625000
PHILADELPHIA,2019,71,17.625000
PHILADELPHIA,2019,70,17.625000
PHILADELPHIA,2019,69,
PHILADELPHIA,2019,68,
PHILADELPHIA,2019,67,17.625000
PHILADELPHIA,2019,66,17.625000
PHILADELPHIA,2019,65,17.625000
PHILADELPHIA,2019,64,17.625000
PHILADELPHIA,2019,63,18.375000
PHILADELPHIA,2019,62,
PHILADELPHIA,2019,61,
PHILADELPHIA,2019,60,17.500000
PHILADELPHIA,2019,59,17.500000
PHILADELPHIA,2019,58,17.500000
PHILADELPHIA,2019,57,
PHILADELPHIA,2019,56,20.000000
PHILADELPHIA,2019,55,
PHILADELPHIA,2019,54,
PHILADELPHIA,2019,53,20.000000
PHILADELPHIA,2019,52,20.000000
PHILADELPHIA,2019,51,20.000000
PHILADELPHIA,2019,50,21.000000
PHILADELPHIA,2019,49,
PHILADELPHIA,2019,48,
PHILADELPHIA,2019,47,
PHILADELPHIA,2019,46,21.000000
PHILADELPHIA,2019,45,21.000000
PHILADELPHIA,2019,44,21.000000
PHILADELPHIA,2019,43,21.000000
PHILADELPHIA,2019,42,21.000000
PHILADELPHIA,2019,41,
PHILADELPHIA,2019,40,
PHILADELPHIA,2019,39,22.000000
PHILADELPHIA,2019,38,22.000000
PHILADELPHIA,2019,37,22.000000
PHILADELPHIA,2019,36,22.000000
PHILADELPHIA,2019,35,22.000000
PHILADELPHIA,2019,34,
PHILADELPHIA,2019,33,
PHILADELPHIA,2019,32,21.000000
PHILADELPHIA,2019,31,21.000000
PHILADELPHIA,2019,30,21.000000
PHILADELPHIA,2019,29,21.000000
PHILADELPHIA,2019,28,21.000000
PHILADELPHIA,2019,27,
PHILADELPHIA,2019,26,
PHILADELPHIA,2019,25,24.000000
PHILADELPHIA,2019,24,24.000000
PHILADELPHIA,2019,23,24.000000
PHILADELPHIA,2019,22,24.000000
PHILADELPHIA,2019,21,
PHILADELPHIA,2019,20,
PHILADELPHIA,2019,19,
PHILADELPHIA,2019,18,
PHILADELPHIA,2019,17,
PHILADELPHIA,2019,16,
PHILADELPHIA,2019,15,
PHILADELPHIA,2019,14,
PHILADELPHIA,2019,13,
PHILADELPHIA,2019,12,
PHILADELPHIA,2019,11,
PHILADELPHIA,2019,10,
PHILADELPHIA,2019,9,
PHILADELPHIA,2019,8,
PHILADELPHIA,2019,7,
PHILADELPHIA,2019,6,
PHILADELPHIA,2019,5,
PHILADELPHIA,2019,4,
PHILADELPHIA,2019,3,
PHILADELPHIA,2019,2,
BALTIMORE,2018,366,
BALTIMORE,2018,365,
BALTIMORE,2018,364,
BALTIMORE,2018,363,
BALTIMORE,2018,362,
BALTIMORE,2018,361,
BALTIMORE,2018,360,
BALTIMORE,2018,359,
BALTIMORE,2018,358,
BALTIMORE,2018,357,
BALTIMORE,2018,356,
BALTIMORE,2018,355,
BALTIMORE,2018,354,10.000000
BALTIMORE,2018,353,10.000000
BALTIMORE,2018,352,10.000000
BALTIMORE,2018,351,10.000000
BALTIMORE,2018,350,
BALTIMORE,2018,349,
BALTIMORE,2018,348,10.000000
BALTIMORE,2018,347,10.000000
BALTIMORE,2018,346,10.000000
BALTIMORE,2018,345,10.000000
BALTIMORE,2018,344,
BALTIMORE,2018,343,
BALTIMORE,2018,342,
BALTIMORE,2018,341,
BALTIMORE,2018,340,
BALTIMORE,2018,339,
BALTIMORE,2018,338,
BALTIMORE,2018,337,
BALTIMORE,2018,336,
BALTIMORE,2018,335,
BALTIMORE,2018,334,18.000000
BALTIMORE,2018,333,18.000000
BALTIMORE,2018,332,20.000000
BALTIMORE,2018,331,20.000000
BALTIMORE,2018,330,20.000000
BALTIMORE,2018,329,
BALTIMORE,2018,328,
BALTIMORE,2018,327,
BALTIMORE,2018,326,
BALTIMORE,2018,325,
BALTIMORE,2018,324,
BALTIMORE,2018,323,
BALTIMORE,2018,322,
BALTIMORE,2018,321,
BALTIMORE,2018,320,
BALTIMORE,2018,319,
BALTIMORE,2018,318,30.000000
BALTIMORE,2018,317,30.000000
BALTIMORE,2018,316,
BALTIMORE,2018,315,
BALTIMORE,2018,314,
BALTIMORE,2018,313,
BALTIMORE,2018,312,30.000000
BALTIMORE,2018,311,30.000000
BALTIMORE,2018,310,30.000000
BALTIMORE,2018,309,34.000000
BALTIMORE,2018,308,
BALTIMORE,2018,307,
BALTIMORE,2018,306,
BALTIMORE,2018,305,
BALTIMORE,2018,304,
BALTIMORE,2018,303,38.000000
BALTIMORE,2018,302,38.000000
BALTIMORE,2018,301,
BALTIMORE,2018,300,
BALTIMORE,2018,299,38.000000
BALTIMORE,2018,298,38.000000
BALTIMORE,2018,297,40.000000
BALTIMORE,2018,296,40.000000
BALTIMORE,2018,295,40.000000
BALTIMORE,2018,294,
BALTIMORE,2018,293,
BALTIMORE,2018,292,
BALTIMORE,2018,291,
BALTIMORE,2018,290,
BALTIMORE,2018,289,
BALTIMORE,2018,288,
BALTIMORE,2018,287,
BALTIMORE,2018,286,
BALTIMORE,2018,285,
BALTIMORE,2018,284,
BALTIMORE,2018,283,
BALTIMORE,2018,282,
BALTIMORE,2018,281,
BALTIMORE,2018,280,
BALTIMORE,2018,279,
BALTIMORE,2018,278,
BALTIMORE,2018,277,
BALTIMORE,2018,276,
BALTIMORE,2018,275,
BALTIMORE,2018,274,
BALTIMORE,2018,273,
BALTIMORE,2018,272,
BALTIMORE,2018,271,
BALTIMORE,2018,270,
BALTIMORE,2018,269,
BALTIMORE,2018,268,
BALTIMORE,2018,267,
BALTIMORE,2018,266,
BALTIMORE,2018,265,
BALTIMORE,2018,264,
BALTIMORE,2018,263,
BALTIMORE,2018,262,
BALTIMORE,2018,261,
BALTIMORE,2018,260,
BALTIMORE,2018,259,
BALTIMORE,2018,258,
BALTIMORE,2018,257,
BALTIMORE,2018,256,
BALTIMORE,2018,255,
BALTIMORE,2018,254,
BALTIMORE,2018,253,
BALTIMORE,2018,252,
BALTIMORE,2018,251,
BALTIMORE,2018,250,
BALTIMORE,2018,249,
BALTIMORE,2018,248,
BALTIMORE,2018,247,
BALTIMORE,2018,246,
BALTIMORE,2018,245,
BALTIMORE,2018,244,
BALTIMORE,2018,243,
BALTIMORE,2018,242,
BALTIMORE,2018,241,
BALTIMORE,2018,240,
BALTIMORE,2018,239,
BALTIMORE,2018,238,
BALTIMORE,2018,237,
BALTIMORE,2018,236,
BALTIMORE,2018,235,
BALTIMORE,2018,234,
BALTIMORE,2018,233,
BALTIMORE,2018,232,
BALTIMORE,2018,231,
BALTIMORE,2018,230,
BALTIMORE,2018,229,
BALTIMORE,2018,228,
BALTIMORE,2018,227,
BALTIMORE,2018,226,
BALTIMORE,2018,225,
BALTIMORE,2018,224,
BALTIMORE,2018,223,
BALTIMORE,2018,222,
BALTIMORE,2018,221,
BALTIMORE,2018,220,
BALTIMORE,2018,219,
BALTIMORE,2018,218,
BALTIMORE,2018,217,
BALTIMORE,2018,216,
BALTIMORE,2018,215,
BALTIMORE,2018,214,
BALTIMORE,2018,213,
BALTIMORE,2018,212,
BALTIMORE,2018,211,
BALTIMORE,2018,210,
BALTIMORE,2018,209,
BALTIMORE,2018,208,18.000000
BALTIMORE,2018,207,18.000000
BALTIMORE,2018,206,18.000000
BALTIMORE,2018,205,18.000000
BALTIMORE,2018,204,18.000000
BALTIMORE,2018,203,
BALTIMORE,2018,202,
BALTIMORE,2018,201,18.000000
BALTIMORE,2018,200,18.000000
BALTIMORE,2018,199,18.000000
BALTIMORE,2018,198,18.000000
BALTIMORE,2018,197,18.000000
BALTIMORE,2018,196,
BALTIMORE,2018,195,
BALTIMORE,2018,194,
BALTIMORE,2018,193,
BALTIMORE,2018,192,
BALTIMORE,2018,191,
BALTIMORE,2018,190,
BALTIMORE,2018,189,
BALTIMORE,2018,188,
BALTIMORE,2018,187,
BALTIMORE,2018,186,
BALTIMORE,2018,185,
BALTIMORE,2018,184,
BALTIMORE,2018,183,
BALTIMORE,2018,182,
BALTIMORE,2018,181,
BALTIMORE,2018,180,22.500000
BALTIMORE,2018,179,22.500000
BALTIMORE,2018,178,22.500000
BALTIMORE,2018,177,22.500000
BALTIMORE,2018,176,22.500000
BALTIMORE,2018,175,
BALTIMORE,2018,174,
BALTIMORE,2018,173,22.500000
BALTIMORE,2018,172,22.500000
BALTIMORE,2018,171,22.500000
BALTIMORE,2018,170,22.500000
BALTIMORE,2018,169,22.500000
BALTIMORE,2018,168,
BALTIMORE,2018,167,
BALTIMORE,2018,166,22.500000
BALTIMORE,2018,165,22.500000
BALTIMORE,2018,164,
BALTIMORE,2018,163,22.500000
BALTIMORE,2018,162,22.500000
BALTIMORE,2018,161,
BALTIMORE,2018,160,
BALTIMORE,2018,159,
BALTIMORE,2018,158,
BALTIMORE,2018,157,
BALTIMORE,2018,156,
BALTIMORE,2018,155,
BALTIMORE,2018,154,
BALTIMORE,2018,153,
BALTIMORE,2018,152,
BALTIMORE,2018,151,
BALTIMORE,2018,150,
BALTIMORE,2018,149,
BALTIMORE,2018,148,
BALTIMORE,2018,147,
BALTIMORE,2018,146,
BALTIMORE,2018,145,
BALTIMORE,2018,144,
BALTIMORE,2018,143,25.000000
BALTIMORE,2018,142,25.000000
BALTIMORE,2018,141,25.000000
BALTIMORE,2018,140,
BALTIMORE,2018,139,
BALTIMORE,2018,138,25.000000
BALTIMORE,2018,137,25.000000
BALTIMORE,2018,136,25.000000
BALTIMORE,2018,135,25.000000
BALTIMORE,2018,134,25.000000
BALTIMORE,2018,133,
BALTIMORE,2018,132,
BALTIMORE,2018,131,25.000000
BALTIMORE,2018,130,25.000000
BALTIMORE,2018,129,25.000000
BALTIMORE,2018,128,25.000000
BALTIMORE,2018,127,25.000000
BALTIMORE,2018,126,
BALTIMORE,2018,125,
BALTIMORE,2018,124,25.000000
BALTIMORE,2018,123,25.000000
BALTIMORE,2018,122,25.000000
BALTIMORE,2018,121,
BALTIMORE,2018,120,
BALTIMORE,2018,119,
BALTIMORE,2018,118,
BALTIMORE,2018,117,
BALTIMORE,2018,116,
BALTIMORE,2018,115,
BALTIMORE,2018,114,
BALTIMORE,2018,113,
BALTIMORE,2018,112,
BALTIMORE,2018,111,
BALTIMORE,2018,110,
BALTIMORE,2018,109,
BALTIMORE,2018,108,
BALTIMORE,2018,107,
BALTIMORE,2018,106,
BALTIMORE,2018,105,
BALTIMORE,2018,104,
BALTIMORE,2018,103,
BALTIMORE,2018,102,
BALTIMORE,2018,101,
BALTIMORE,2018,100,
BALTIMORE,2018,99,
BALTIMORE,2018,98,
BALTIMORE,2018,97,
BALTIMORE,2018,96,
BALTIMORE,2018,95,
BALTIMORE,2018,94,
BALTIMORE,2018,93,
BALTIMORE,2018,92,
BALTIMORE,2018,91,
BALTIMORE,2018,90,
BALTIMORE,2018,89,
BALTIMORE,2018,88,
BALTIMORE,2018,87,
BALTIMORE,2018,86,
BALTIMORE,2018,85,
BALTIMORE,2018,84,
BALTIMORE,2018,83,
BALTIMORE,2018,82,
BALTIMORE,2018,81,
BALTIMORE,2018,80,
BALTIMORE,2018,79,
BALTIMORE,2018,78,
BALTIMORE,2018,77,
BALTIMORE,2018,76,
BALTIMORE,2018,75,
BALTIMORE,2018,74,
BALTIMORE,2018,73,
BALTIMORE,2018,72,
BALTIMORE,2018,71,
BALTIMORE,2018,70,
BALTIMORE,2018,69,
BALTIMORE,2018,68,
BALTIMORE,2018,67,
BALTIMORE,2018,66,
BALTIMORE,2018,65,
BALTIMORE,2018,64,
BALTIMORE,2018,63,
BALTIMORE,2018,62,
BALTIMORE,2018,61,
BALTIMORE,2018,60,
BALTIMORE,2018,59,
BALTIMORE,2018,58,
BALTIMORE,2018,57,
BALTIMORE,2018,56,
BALTIMORE,2018,55,
BALTIMORE,2018,54,
BALTIMORE,2018,53,
BALTIMORE,2018,52,
BALTIMORE,2018,51,
BALTIMORE,2018,50,
BALTIMORE,2018,49,
BALTIMORE,2018,48,
BALTIMORE,2018,47,
BALTIMORE,2018,46,
BALTIMORE,2018,45,
BALTIMORE,2018,44,
BALTIMORE,2018,43,
BALTIMORE,2018,42,
BALTIMORE,2018,41,
BALTIMORE,2018,40,
BALTIMORE,2018,39,
BALTIMORE,2018,38,
BALTIMORE,2018,37,
BALTIMORE,2018,36,
BALTIMORE,2018,35,
BALTIMORE,2018,34,
BALTIMORE,2018,33,
BALTIMORE,2018,32,
BALTIMORE,2018,31,
BALTIMORE,2018,30,
BALTIMORE,2018,29,
BALTIMORE,2018,28,
BALTIMORE,2018,27,
BALTIMORE,2018,26,
BALTIMORE,2018,25,
BALTIMORE,2018,24,
BALTIMORE,2018,23,
BALTIMORE,2018,22,
BALTIMORE,2018,21,
BALTIMORE,2018,20,
BALTIMORE,2018,19,
BALTIMORE,2018,18,
BALTIMORE,2018,17,
BALTIMORE,2018,16,
BALTIMORE,2018,15,
BALTIMORE,2018,14,
BALTIMORE,2018,13,
BALTIMORE,2018,12,
BALTIMORE,2018,11,
BALTIMORE,2018,10,
BALTIMORE,2018,9,
BALTIMORE,2018,8,
BALTIMORE,2018,7,
BALTIMORE,2018,6,
BALTIMORE,2018,5,
BALTIMORE,2018,4,
BALTIMORE,2018,3,
BALTIMORE,2018,2,
BOSTON,2018,366,
BOSTON,2018,365,21.000000
BOSTON,2018,364,
BOSTON,2018,363,
BOSTON,2018,362,21.000000
BOSTON,2018,361,21.000000
BOSTON,2018,360,21.000000
BOSTON,2018,359,
BOSTON,2018,358,
BOSTON,2018,357,
BOSTON,2018,356,
BOSTON,2018,355,24.000000
BOSTON,2018,354,24.000000
BOSTON,2018,353,24.000000
BOSTON,2018,352,24.000000
BOSTON,2018,351,24.000000
BOSTON,2018,350,
BOSTON,2018,349,
BOSTON,2018,348,24.000000
BOSTON,2018,347,24.000000
BOSTON,2018,346,24.000000
BOSTON,2018,345,24.000000
BOSTON,2018,344,18.000000
BOSTON,2018,343,
BOSTON,2018,342,
BOSTON,2018,341,18.000000
BOSTON,2018,340,18.000000
BOSTON,2018,339,18.000000
BOSTON,2018,338,18.000000
BOSTON,2018,337,28.000000
BOSTON,2018,336,
BOSTON,2018,335,
BOSTON,2018,334,28.000000
BOSTON,2018,333,28.000000
BOSTON,2018,332,28.000000
BOSTON,2018,331,28.000000
BOSTON,2018,330,28.000000
BOSTON,2018,329,
BOSTON,2018,328,
BOSTON,2018,327,28.000000
BOSTON,2018,326,
BOSTON,2018,325,28.000000
BOSTON,2018,324,28.000000
BOSTON,2018,323,28.000000
BOSTON,2018,322,
BOSTON,2018,321,
BOSTON,2018,320,28.000000
BOSTON,2018,319,28.000000
BOSTON,2018,318,28.000000
BOSTON,2018,317,28.000000
BOSTON,2018,316,
BOSTON,2018,315,
BOSTON,2018,314,
BOSTON,2018,313,28.000000
BOSTON,2018,312,28.000000
BOSTON,2018,311,28.000000
BOSTON,2018,310,28.000000
BOSTON,2018,309,20.000000
BOSTON,2018,308,
BOSTON,2018,307,
BOSTON,2018,306,20.000000
BOSTON,2018,305,20.000000
BOSTON,2018,304,20.000000
BOSTON,2018,303,18.000000
BOSTON,2018,302,18.000000
BOSTON,2018,301,
BOSTON,2018,300,
BOSTON,2018,299,18.000000
BOSTON,2018,298,18.000000
BOSTON,2018,297,18.000000
BOSTON,2018,296,18.000000
BOSTON,2018,295,18.000000
BOSTON,2018,294,
BOSTON,2018,293,
BOSTON,2018,292,18.000000
BOSTON,2018,291,18.000000
BOSTON,2018,290,18.000000
BOSTON,2018,289,18.000000
BOSTON,2018,288,18.000000
BOSTON,2018,287,
BOSTON,2018,286,
BOSTON,2018,285,18.000000
BOSTON,2018,284,18.000000
BOSTON,2018,283,18.000000
BOSTON,2018,282,18.000000
BOSTON,2018,281,
BOSTON,2018,280,
BOSTON,2018,279,
BOSTON,2018,278,18.000000
BOSTON,2018,277,18.000000
BOSTON,2018,276,18.000000
BOSTON,2018,275,18.000000
BOSTON,2018,274,18.000000
BOSTON,2018,273,
BOSTON,2018,272,
BOSTON,2018,271,18.000000
BOSTON,2018,270,18.000000
BOSTON,2018,269,18.000000
BOSTON,2018,268,18.000000
BOSTON,2018,267,18.000000
BOSTON,2018,266,
BOSTON,2018,265,
BOSTON,2018,264,18.000000
BOSTON,2018,263,18.000000
BOSTON,2018,262,18.000000
BOSTON,2018,261,18.000000
BOSTON,2018,260,18.000000
BOSTON,2018,259,
BOSTON,2018,258,
BOSTON,2018,257,18.000000
BOSTON,2018,256,18.000000
BOSTON,2018,255,18.000000
BOSTON,2018,254,18.000000
BOSTON,2018,253,18.000000
BOSTON,2018,252,
BOSTON,2018,251,
BOSTON,2018,250,18.000000
BOSTON,2018,249,18.000000
BOSTON,2018,248,18.000000
BOSTON,2018,247,18.000000
BOSTON,2018,246,
BOSTON,2018,245,
BOSTON,2018,244,
BOSTON,2018,243,18.000000
BOSTON,2018,242,18.000000
BOSTON,2018,241,18.000000
BOSTON,2018,240,18.000000
BOSTON,2018,239,18.000000
BOSTON,2018,238,
BOSTON,2018,237,
BOSTON,2018,236,18.000000
BOSTON,2018,235,18.000000
BOSTON,2018,234,
BOSTON,2018,233,18.000000
BOSTON,2018,232,18.000000
BOSTON,2018,231,
BOSTON,2018,230,
BOSTON,2018,229,18.000000
BOSTON,2018,228,18.000000
BOSTON,2018,227,18.000000
BOSTON,2018,226,18.000000
BOSTON,2018,225,18.000000
BOSTON,2018,224,
BOSTON,2018,223,
BOSTON,2018,222,18.000000
BOSTON,2018,221,18.000000
BOSTON,2018,220,18.000000
BOSTON,2018,219,18.000000
BOSTON,2018,218,18.000000
BOSTON,2018,217,
BOSTON,2018,216,
BOSTON,2018,215,18.000000
BOSTON,2018,214,18.000000
BOSTON,2018,213,18.000000
BOSTON,2018,212,18.000000
BOSTON,2018,211,18.000000
BOSTON,2018,210,
BOSTON,2018,209,
BOSTON,2018,208,18.000000
BOSTON,2018,207,18.000000
BOSTON,2018,206,18.000000
BOSTON,2018,205,18.000000
BOSTON,2018,204,18.000000
BOSTON,2018,203,
BOSTON,2018,202,
BOSTON,2018,201,18.000000
BOSTON,2018,200,18.000000
BOSTON,2018,199,18.000000
BOSTON,2018,198,18.000000
BOSTON,2018,197,18.000000
BOSTON,2018,196,
BOSTON,2018,195,
BOSTON,2018,194,18.000000
BOSTON,2018,193,18.000000
BOSTON,2018,192,18.000000
BOSTON,2018,191,18.000000
BOSTON,2018,190,18.000000
BOSTON,2018,189,
BOSTON,2018,188,
BOSTON,2018,187,18.000000
BOSTON,2018,186,18.000000
BOSTON,2018,185,
BOSTON,2018,184,18.000000
BOSTON,2018,183,18.000000
BOSTON,2018,182,
BOSTON,2018,181,
BOSTON,2018,180,18.000000
BOSTON,2018,179,18.000000
BOSTON,2018,178,18.000000
BOSTON,2018,177,18.000000
BOSTON,2018,176,18.000000
BOSTON,2018,175,
BOSTON,2018,174,
BOSTON,2018,173,18.000000
BOSTON,2018,172,16.000000
BOSTON,2018,171,16.000000
BOSTON,2018,170,16.000000
BOSTON,2018,169,16.000000
BOSTON,2018,168,
BOSTON,2018,167,
BOSTON,2018,166,16.000000
BOSTON,2018,165,16.000000
BOSTON,2018,164,16.000000
BOSTON,2018,163,16.000000
BOSTON,2018,162,16.000000
BOSTON,2018,161,
BOSTON,2018,160,
BOSTON,2018,159,16.000000
BOSTON,2018,158,16.000000
BOSTON,2018,157,16.000000
BOSTON,2018,156,16.000000
BOSTON,2018,155,16.000000
BOSTON,2018,154,
BOSTON,2018,153,
BOSTON,2018,152,16.000000
BOSTON,2018,151,
BOSTON,2018,150,17.000000
BOSTON,2018,149,17.000000
BOSTON,2018,148,
BOSTON,2018,147,
BOSTON,2018,146,
BOSTON,2018,145,17.000000
BOSTON,2018,144,17.000000
BOSTON,2018,143,17.000000
BOSTON,2018,142,17.000000
BOSTON,2018,141,17.000000
BOSTON,2018,140,
BOSTON,2018,139,
BOSTON,2018,138,17.000000
BOSTON,2018,137,18.000000
BOSTON,2018,136,18.000000
BOSTON,2018,135,18.000000
BOSTON,2018,134,18.000000
BOSTON,2018,133,
BOSTON,2018,132,
BOSTON,2018,131,18.000000
BOSTON,2018,130,17.000000
BOSTON,2018,129,17.000000
BOSTON,2018,128,17.000000
BOSTON,2018,127,17.000000
BOSTON,2018,126,
BOSTON,2018,125,
BOSTON,2018,124,17.000000
BOSTON,2018,123,17.000000
BOSTON,2018,122,17.000000
BOSTON,2018,121,17.000000
BOSTON,2018,120,17.000000
BOSTON,2018,119,
BOSTON,2018,118,
BOSTON,2018,117,17.000000
BOSTON,2018,116,18.000000
BOSTON,2018,115,18.000000
BOSTON,2018,114,18.000000
BOSTON,2018,113,18.000000
BOSTON,2018,112,
BOSTON,2018,111,
BOSTON,2018,110,18.000000
BOSTON,2018,109,16.000000
BOSTON,2018,108,16.000000
BOSTON,2018,107,16.000000
BOSTON,2018,106,16.000000
BOSTON,2018,105,
BOSTON,2018,104,
BOSTON,2018,103,16.000000
BOSTON,2018,102,17.000000
BOSTON,2018,101,17.000000
BOSTON,2018,100,17.000000
BOSTON,2018,99,17.000000
BOSTON,2018,98,
BOSTON,2018,97,
BOSTON,2018,96,17.000000
BOSTON,2018,95,18.000000
BOSTON,2018,94,18.000000
BOSTON,2018,93,18.000000
BOSTON,2018,92,18.000000
BOSTON,2018,91,
BOSTON,2018,90,
BOSTON,2018,89,18.000000
BOSTON,2018,88,18.000000
BOSTON,2018,87,18.000000
BOSTON,2018,86,18.000000
BOSTON,2018,85,18.000000
BOSTON,2018,84,
BOSTON,2018,83,
BOSTON,2018,82,18.000000
BOSTON,2018,81,17.000000
BOSTON,2018,80,17.000000
BOSTON,2018,79,17.000000
BOSTON,2018,78,17.000000
BOSTON,2018,77,
BOSTON,2018,76,
BOSTON,2018,75,17.000000
BOSTON,2018,74,18.000000
BOSTON,2018,73,18.000000
BOSTON,2018,72,
BOSTON,2018,71,18.000000
BOSTON,2018,70,
BOSTON,2018,69,
BOSTON,2018,68,18.000000
BOSTON,2018,67,
BOSTON,2018,66,18.000000
BOSTON,2018,65,18.000000
BOSTON,2018,64,18.000000
BOSTON,2018,63,
BOSTON,2018,62,
BOSTON,2018,61,18.000000
BOSTON,2018,60,18.000000
BOSTON,2018,59,18.000000
BOSTON,2018,58,18.000000
BOSTON,2018,57,18.000000
BOSTON,2018,56,
BOSTON,2018,55,
BOSTON,2018,54,18.000000
BOSTON,2018,53,18.000000
BOSTON,2018,52,18.000000
BOSTON,2018,51,18.000000
BOSTON,2018,50,
BOSTON,2018,49,
BOSTON,2018,48,
BOSTON,2018,47,18.000000
BOSTON,2018,46,16.000000
BOSTON,2018,45,16.000000
BOSTON,2018,44,16.000000
BOSTON,2018,43,16.000000
BOSTON,2018,42,
BOSTON,2018,41,
BOSTON,2018,40,16.000000
BOSTON,2018,39,18.000000
BOSTON,2018,38,18.000000
BOSTON,2018,37,18.000000
BOSTON,2018,36,18.000000
BOSTON,2018,35,
BOSTON,2018,34,
BOSTON,2018,33,18.000000
BOSTON,2018,32,18.000000
BOSTON,2018,31,18.000000
BOSTON,2018,30,18.000000
BOSTON,2018,29,18.000000
BOSTON,2018,28,
BOSTON,2018,27,
BOSTON,2018,26,18.000000
BOSTON,2018,25,17.000000
BOSTON,2018,24,17.000000
BOSTON,2018,23,17.000000
BOSTON,2018,22,17.000000
BOSTON,2018,21,
BOSTON,2018,20,
BOSTON,2018,19,17.000000
BOSTON,2018,18,16.000000
BOSTON,2018,17,16.000000
BOSTON,2018,16,16.000000
BOSTON,2018,15,
BOSTON,2018,14,
BOSTON,2018,13,
BOSTON,2018,12,16.000000
BOSTON,2018,11,18.000000
BOSTON,2018,10,18.000000
BOSTON,2018,9,18.000000
BOSTON,2018,8,18.000000
BOSTON,2018,7,
BOSTON,2018,6,
BOSTON,2018,5,18.000000
BOSTON,2018,4,
BOSTON,2018,3,22.000000
BOSTON,2018,2,22.000000
CHICAGO,2018,366,
CHICAGO,2018,365,19.833333
CHICAGO,2018,364,
CHICAGO,2018,363,
CHICAGO,2018,362,19.833333
CHICAGO,2018,361,
CHICAGO,2018,360,
CHICAGO,2018,359,
CHICAGO,2018,358,
CHICAGO,2018,357,
CHICAGO,2018,356,
CHICAGO,2018,355,19.500000
CHICAGO,2018,354,19.500000
CHICAGO,2018,353,19.500000
CHICAGO,2018,352,19.500000
CHICAGO,2018,351,
CHICAGO,2018,350,
CHICAGO,2018,349,
CHICAGO,2018,348,
CHICAGO,2018,347,18.333333
CHICAGO,2018,346,18.333333
CHICAGO,2018,345,18.333333
CHICAGO,2018,344,21.000000
CHICAGO,2018,343,
CHICAGO,2018,342,
CHICAGO,2018,341,
CHICAGO,2018,340,21.000000
CHICAGO,2018,339,21.000000
CHICAGO,2018,338,21.000000
CHICAGO,2018,337,21.166666
CHICAGO,2018,336,
CHICAGO,2018,335,
CHICAGO,2018,334,21.166666
CHICAGO,2018,333,21.166666
CHICAGO,2018,332,21.166666
CHICAGO,2018,331,21.166666
CHICAGO,2018,330,21.666666
CHICAGO,2018,329,
CHICAGO,2018,328,
CHICAGO,2018,327,21.666666
CHICAGO,2018,326,
CHICAGO,2018,325,21.666666
CHICAGO,2018,324,21.666666
CHICAGO,2018,323,21.166666
CHICAGO,2018,322,
CHICAGO,2018,321,
CHICAGO,2018,320,21.166666
CHICAGO,2018,319,21.166666
CHICAGO,2018,318,21.166666
CHICAGO,2018,317,21.166666
CHICAGO,2018,316,
CHICAGO,2018,315,
CHICAGO,2018,314,
CHICAGO,2018,313,19.833333
CHICAGO,2018,312,19.833333
CHICAGO,2018,311,19.833333
CHICAGO,2018,310,
CHICAGO,2018,309,18.666666
CHICAGO,2018,308,
CHICAGO,2018,307,
CHICAGO,2018,306,18.666666
CHICAGO,2018,305,18.666666
CHICAGO,2018,304,18.666666
CHICAGO,2018,303,18.666666
CHICAGO,2018,302,17.833333
CHICAGO,2018,301,
CHICAGO,2018,300,
CHICAGO,2018,299,17.833333
CHICAGO,2018,298,17.833333
CHICAGO,2018,297,17.833333
CHICAGO,2018,296,17.833333
CHICAGO,2018,295,17.833333
CHICAGO,2018,294,
CHICAGO,2018,293,
CHICAGO,2018,292,17.833333
CHICAGO,2018,291,17.833333
CHICAGO,2018,290,17.833333
CHICAGO,2018,289,17.833333
CHICAGO,2018,288,17.833333
CHICAGO,2018,287,
CHICAGO,2018,286,
CHICAGO,2018,285,17.833333
CHICAGO,2018,284,17.833333
CHICAGO,2018,283,17.833333
CHICAGO,2018,282,17.833333
CHICAGO,2018,281,
CHICAGO,2018,280,
CHICAGO,2018,279,
CHICAGO,2018,278,17.833333
CHICAGO,2018,277,17.833333
CHICAGO,2018,276,17.833333
CHICAGO,2018,275,17.833333
CHICAGO,2018,274,17.833333
CHICAGO,2018,273,
CHICAGO,2018,272,
CHICAGO,2018,271,17.833333
CHICAGO,2018,270,17.833333
CHICAGO,2018,269,17.833333
CHICAGO,2018,268,17.833333
CHICAGO,2018,267,17.833333
CHICAGO,2018,266,
CHICAGO,2018,265,
CHICAGO,2018,264,17.833333
CHICAGO,2018,263,17.833333
CHICAGO,2018,262,17.833333
CHICAGO,2018,261,17.833333
CHICAGO,2018,260,17.833333
CHICAGO,2018,259,
CHICAGO,2018,258,
CHICAGO,2018,257,17.833333
CHICAGO,2018,256,17.833333
CHICAGO,2018,255,17.833333
CHICAGO,2018,254,17.833333
CHICAGO,2018,253,17.833333
CHICAGO,2018,252,
CHICAGO,2018,251,
CHICAGO,2018,250,17.833333
CHICAGO,2018,249,17.833333
CHICAGO,2018,248,17.833333
CHICAGO,2018,247,17.833333
CHICAGO,2018,246,
CHICAGO,2018,245,
CHICAGO,2018,244,
CHICAGO,2018,243,17.833333
CHICAGO,2018,242,17.833333
CHICAGO,2018,241,17.833333
CHICAGO,2018,240,17.833333
CHICAGO,2018,239,17.833333
CHICAGO,2018,238,
CHICAGO,2018,237,
CHICAGO,2018,236,18.000000
CHICAGO,2018,235,18.000000
CHICAGO,2018,234,18.000000
CHICAGO,2018,233,18.000000
CHICAGO,2018,232,18.333333
CHICAGO,2018,231,
CHICAGO,2018,230,
CHICAGO,2018,229,18.333333
CHICAGO,2018,228,18.333333
CHICAGO,2018,227,18.333333
CHICAGO,2018,226,18.333333
CHICAGO,2018,225,18.666666
CHICAGO,2018,224,
CHICAGO,2018,223,
CHICAGO,2018,222,18.666666
CHICAGO,2018,221,18.666666
CHICAGO,2018,220,18.666666
CHICAGO,2018,219,18.666666
CHICAGO,2018,218,18.000000
CHICAGO,2018,217,
CHICAGO,2018,216,
CHICAGO,2018,215,18.000000
CHICAGO,2018,214,18.000000
CHICAGO,2018,213,18.000000
CHICAGO,2018,212,18.000000
CHICAGO,2018,211,18.000000
CHICAGO,2018,210,
CHICAGO,2018,209,
CHICAGO,2018,208,18.000000
CHICAGO,2018,207,18.000000
CHICAGO,2018,206,18.000000
CHICAGO,2018,205,18.000000
CHICAGO,2018,204,18.000000
CHICAGO,2018,203,
CHICAGO,2018,202,
CHICAGO,2018,201,18.000000
CHICAGO,2018,200,18.000000
CHICAGO,2018,199,18.000000
CHICAGO,2018,198,18.000000
CHICAGO,2018,197,18.000000
CHICAGO,2018,196,
CHICAGO,2018,195,
CHICAGO,2018,194,18.000000
CHICAGO,2018,193,18.000000
CHICAGO,2018,192,18.000000
CHICAGO,2018,191,18.000000
CHICAGO,2018,190,
CHICAGO,2018,189,
CHICAGO,2018,188,
CHICAGO,2018,187,17.333333
CHICAGO,2018,186,17.333333
CHICAGO,2018,185,
CHICAGO,2018,184,17.333333
CHICAGO,2018,183,17.333333
CHICAGO,2018,182,
CHICAGO,2018,181,
CHICAGO,2018,180,17.333333
CHICAGO,2018,179,17.333333
CHICAGO,2018,178,17.333333
CHICAGO,2018,177,17.333333
CHICAGO,2018,176,17.333333
CHICAGO,2018,175,
CHICAGO,2018,174,
CHICAGO,2018,173,17.833333
CHICAGO,2018,172,17.833333
CHICAGO,2018,171,17.833333
CHICAGO,2018,170,17.833333
CHICAGO,2018,169,17.833333
CHICAGO,2018,168,
CHICAGO,2018,167,
CHICAGO,2018,166,17.833333
CHICAGO,2018,165,17.833333
CHICAGO,2018,164,17.833333
CHICAGO,2018,163,17.833333
CHICAGO,2018,162,18.000000
CHICAGO,2018,161,
CHICAGO,2018,160,
CHICAGO,2018,159,18.000000
CHICAGO,2018,158,18.000000
CHICAGO,2018,157,18.000000
CHICAGO,2018,156,18.000000
CHICAGO,2018,155,18.000000
CHICAGO,2018,154,
CHICAGO,2018,153,
CHICAGO,2018,152,18.000000
CHICAGO,2018,151,18.000000
CHICAGO,2018,150,18.000000
CHICAGO,2018,149,18.000000
CHICAGO,2018,148,
CHICAGO,2018,147,
CHICAGO,2018,146,
CHICAGO,2018,145,18.000000
CHICAGO,2018,144,18.000000
CHICAGO,2018,143,18.000000
CHICAGO,2018,142,18.000000
CHICAGO,2018,141,18.000000
CHICAGO,2018,140,
CHICAGO,2018,139,
CHICAGO,2018,138,18.000000
CHICAGO,2018,137,18.000000
CHICAGO,2018,136,18.000000
CHICAGO,2018,135,18.000000
CHICAGO,2018,134,18.000000
CHICAGO,2018,133,
CHICAGO,2018,132,
CHICAGO,2018,131,18.000000
CHICAGO,2018,130,18.000000
CHICAGO,2018,129,18.000000
CHICAGO,2018,128,18.000000
CHICAGO,2018,127,18.000000
CHICAGO,2018,126,
CHICAGO,2018,125,
CHICAGO,2018,124,18.000000
CHICAGO,2018,123,18.000000
CHICAGO,2018,122,18.000000
CHICAGO,2018,121,18.000000
CHICAGO,2018,120,18.000000
CHICAGO,2018,119,
CHICAGO,2018,118,
CHICAGO,2018,117,18.000000
CHICAGO,2018,116,18.000000
CHICAGO,2018,115,18.000000
CHICAGO,2018,114,18.000000
CHICAGO,2018,113,18.000000
CHICAGO,2018,112,
CHICAGO,2018,111,
CHICAGO,2018,110,18.166666
CHICAGO,2018,109,18.166666
CHICAGO,2018,108,18.166666
CHICAGO,2018,107,18.166666
CHICAGO,2018,106,18.166666
CHICAGO,2018,105,
CHICAGO,2018,104,
CHICAGO,2018,103,18.166666
CHICAGO,2018,102,18.166666
CHICAGO,2018,101,18.166666
CHICAGO,2018,100,18.166666
CHICAGO,2018,99,18.333333
CHICAGO,2018,98,
CHICAGO,2018,97,
CHICAGO,2018,96,18.333333
CHICAGO,2018,95,18.333333
CHICAGO,2018,94,15.000000
CHICAGO,2018,93,18.666666
CHICAGO,2018,92,18.000000
CHICAGO,2018,91,
CHICAGO,2018,90,
CHICAGO,2018,89,18.000000
CHICAGO,2018,88,18.000000
CHICAGO,2018,87,18.000000
CHICAGO,2018,86,18.000000
CHICAGO,2018,85,18.000000
CHICAGO,2018,84,
CHICAGO,2018,83,
CHICAGO,2018,82,18.000000
CHICAGO,2018,81,18.000000
CHICAGO,2018,80,18.000000
CHICAGO,2018,79,18.000000
CHICAGO,2018,78,18.000000
CHICAGO,2018,77,
CHICAGO,2018,76,
CHICAGO,2018,75,18.000000
CHICAGO,2018,74,18.000000
CHICAGO,2018,73,18.000000
CHICAGO,2018,72,18.000000
CHICAGO,2018,71,18.000000
CHICAGO,2018,70,
CHICAGO,2018,69,
CHICAGO,2018,68,
CHICAGO,2018,67,
CHICAGO,2018,66,17.333333
CHICAGO,2018,65,17.333333
CHICAGO,2018,64,17.333333
CHICAGO,2018,63,
CHICAGO,2018,62,
CHICAGO,2018,61,18.000000
CHICAGO,2018,60,18.000000
CHICAGO,2018,59,18.000000
CHICAGO,2018,58,18.000000
CHICAGO,2018,57,18.000000
CHICAGO,2018,56,
CHICAGO,2018,55,
CHICAGO,2018,54,18.000000
CHICAGO,2018,53,18.000000
CHICAGO,2018,52,18.000000
CHICAGO,2018,51,18.000000
CHICAGO,2018,50,
CHICAGO,2018,49,
CHICAGO,2018,48,
CHICAGO,2018,47,14.000000
CHICAGO,2018,46,14.000000
CHICAGO,2018,45,14.000000
CHICAGO,2018,44,14.000000
CHICAGO,2018,43,14.000000
CHICAGO,2018,42,
CHICAGO,2018,41,
CHICAGO,2018,40,14.000000
CHICAGO,2018,39,14.000000
CHICAGO,2018,38,14.000000
CHICAGO,2018,37,
CHICAGO,2018,36,14.000000
CHICAGO,2018,35,
CHICAGO,2018,34,
CHICAGO,2018,33,14.000000
CHICAGO,2018,32,14.000000
CHICAGO,2018,31,14.000000
CHICAGO,2018,30,14.000000
CHICAGO,2018,29,14.000000
CHICAGO,2018,28,
CHICAGO,2018,27,
CHICAGO,2018,26,14.000000
CHICAGO,2018,25,14.000000
CHICAGO,2018,24,14.000000
CHICAGO,2018,23,14.000000
CHICAGO,2018,22,14.000000
CHICAGO,2018,21,
CHICAGO,2018,20,
CHICAGO,2018,19,14.000000
CHICAGO,2018,18,14.000000
CHICAGO,2018,17,14.000000
CHICAGO,2018,16,
CHICAGO,2018,15,
CHICAGO,2018,14,
CHICAGO,2018,13,
CHICAGO,2018,12,19.333333
CHICAGO,2018,11,19.333333
CHICAGO,2018,10,19.333333
CHICAGO,2018,9,19.333333
CHICAGO,2018,8,19.750000
CHICAGO,2018,7,
CHICAGO,2018,6,
CHICAGO,2018,5,19.750000
CHICAGO,2018,4,19.750000
CHICAGO,2018,3,19.750000
CHICAGO,2018,2,19.750000
LOS ANGELES,2018,366,
LOS ANGELES,2018,365,0.550000
LOS ANGELES,2018,364,
LOS ANGELES,2018,363,
LOS ANGELES,2018,362,0.550000
LOS ANGELES,2018,361,0.550000
LOS ANGELES,2018,360,0.550000
LOS ANGELES,2018,359,
LOS ANGELES,2018,358,
LOS ANGELES,2018,357,
LOS ANGELES,2018,356,
LOS ANGELES,2018,355,0.550000
LOS ANGELES,2018,354,0.550000
LOS ANGELES,2018,353,0.550000
LOS ANGELES,2018,352,0.700000
LOS ANGELES,2018,351,0.700000
LOS ANGELES,2018,350,
LOS ANGELES,2018,349,
LOS ANGELES,2018,348,0.700000
LOS ANGELES,2018,347,0.700000
LOS ANGELES,2018,346,0.700000
LOS ANGELES,2018,345,0.700000
LOS ANGELES,2018,344,0.940000
LOS ANGELES,2018,343,
LOS ANGELES,2018,342,
LOS ANGELES,2018,341,0.940000
LOS ANGELES,2018,340,0.940000
LOS ANGELES,2018,339,0.940000
LOS ANGELES,2018,338,0.940000
LOS ANGELES,2018,337,0.940000
LOS ANGELES,2018,336,
LOS ANGELES,2018,335,
LOS ANGELES,2018,334,0.940000
LOS ANGELES,2018,333,0.940000
LOS ANGELES,2018,332,0.940000
LOS ANGELES,2018,331,0.940000
LOS ANGELES,2018,330,0.940000
LOS ANGELES,2018,329,
LOS ANGELES,2018,328,
LOS ANGELES,2018,327,0.940000
LOS ANGELES,2018,326,
LOS ANGELES,2018,325,0.940000
LOS ANGELES,2018,324,0.940000
LOS ANGELES,2018,323,0.940000
LOS ANGELES,2018,322,
LOS ANGELES,2018,321,
LOS ANGELES,2018,320,0.940000
LOS ANGELES,2018,319,0.940000
LOS ANGELES,2018,318,0.940000
LOS ANGELES,2018,317,0.940000
LOS ANGELES,2018,316,
LOS ANGELES,2018,315,
LOS ANGELES,2018,314,
LOS ANGELES,2018,313,0.965000
LOS ANGELES,2018,312,0.965000
LOS ANGELES,2018,311,0.965000
LOS ANGELES,2018,310,0.965000
LOS ANGELES,2018,309,0.965000
LOS ANGELES,2018,308,
LOS ANGELES,2018,307,
LOS ANGELES,2018,306,0.965000
LOS ANGELES,2018,305,0.965000
LOS ANGELES,2018,304,0.965000
LOS ANGELES,2018,303,0.965000
LOS ANGELES,2018,302,0.965000
LOS ANGELES,2018,301,
LOS ANGELES,2018,300,
LOS ANGELES,2018,299,0.930000
LOS ANGELES,2018,298,0.930000
LOS ANGELES,2018,297,0.930000
LOS ANGELES,2018,296,0.930000
LOS ANGELES,2018,295,0.930000
LOS ANGELES,2018,294,
LOS ANGELES,2018,293,
LOS ANGELES,2018,292,0.930000
LOS ANGELES,2018,291,0.930000
LOS ANGELES,2018,290,0.950000
LOS ANGELES,2018,289,0.950000
LOS ANGELES,2018,288,0.950000
LOS ANGELES,2018,287,
LOS ANGELES,2018,286,
LOS ANGELES,2018,285,0.950000
LOS ANGELES,2018,284,0.950000
LOS ANGELES,2018,283,0.950000
LOS ANGELES,2018,282,0.700000
LOS ANGELES,2018,281,
LOS ANGELES,2018,280,
LOS ANGELES,2018,279,
LOS ANGELES,2018,278,0.700000
LOS ANGELES,2018,277,0.700000
LOS ANGELES,2018,276,0.700000
LOS ANGELES,2018,275,0.700000
LOS ANGELES,2018,274,11.465000
LOS ANGELES,2018,273,
LOS ANGELES,2018,272,
LOS ANGELES,2018,271,11.465000
LOS ANGELES,2018,270,11.465000
LOS ANGELES,2018,269,11.465000
LOS ANGELES,2018,268,11.465000
LOS ANGELES,2018,267,11.465000
LOS ANGELES,2018,266,
LOS ANGELES,2018,265,
LOS ANGELES,2018,264,11.465000
LOS ANGELES,2018,263,11.465000
LOS ANGELES,2018,262,11.465000
LOS ANGELES,2018,261,11.465000
LOS ANGELES,2018,260,11.465000
LOS ANGELES,2018,259,
LOS ANGELES,2018,258,
LOS ANGELES,2018,257,11.465000
LOS ANGELES,2018,256,11.465000
LOS ANGELES,2018,255,11.465000
LOS ANGELES,2018,254,11.465000
LOS ANGELES,2018,253,11.465000
LOS ANGELES,2018,252,
LOS ANGELES,2018,251,
LOS ANGELES,2018,250,11.465000
LOS ANGELES,2018,249,11.465000
LOS ANGELES,2018,248,11.465000
LOS ANGELES,2018,247,11.465000
LOS ANGELES,2018,246,
LOS ANGELES,2018,245,
LOS ANGELES,2018,244,
LOS ANGELES,2018,243,11.465000
LOS ANGELES,2018,242,11.465000
LOS ANGELES,2018,241,11.465000
LOS ANGELES,2018,240,11.465000
LOS ANGELES,2018,239,11.465000
LOS ANGELES,2018,238,
LOS ANGELES,2018,237,
LOS ANGELES,2018,236,11.465000
LOS ANGELES,2018,235,11.465000
LOS ANGELES,2018,234,0.430000
LOS ANGELES,2018,233,0.650000
LOS ANGELES,2018,232,0.650000
LOS ANGELES,2018,231,
LOS ANGELES,2018,230,
LOS ANGELES,2018,229,0.650000
LOS ANGELES,2018,228,0.650000
LOS ANGELES,2018,227,0.650000
LOS ANGELES,2018,226,0.650000
LOS ANGELES,2018,225,0.650000
LOS ANGELES,2018,224,
LOS ANGELES,2018,223,
LOS ANGELES,2018,222,0.650000
LOS ANGELES,2018,221,0.650000
LOS ANGELES,2018,220,0.650000
LOS ANGELES,2018,219,0.650000
LOS ANGELES,2018,218,0.650000
LOS ANGELES,2018,217,
LOS ANGELES,2018,216,
LOS ANGELES,2018,215,0.650000
LOS ANGELES,2018,214,0.650000
LOS ANGELES,2018,213,0.650000
LOS ANGELES,2018,212,0.650000
LOS ANGELES,2018,211,0.640000
LOS ANGELES,2018,210,
LOS ANGELES,2018,209,
LOS ANGELES,2018,208,0.640000
LOS ANGELES,2018,207,0.640000
LOS ANGELES,2018,206,0.640000
LOS ANGELES,2018,205,0.700000
LOS ANGELES,2018,204,0.700000
LOS ANGELES,2018,203,
LOS ANGELES,2018,202,
LOS ANGELES,2018,201,0.700000
LOS ANGELES,2018,200,0.700000
LOS ANGELES,2018,199,0.700000
LOS ANGELES,2018,198,0.700000
LOS ANGELES,2018,197,0.780000
LOS ANGELES,2018,196,
LOS ANGELES,2018,195,
LOS ANGELES,2018,194,0.780000
LOS ANGELES,2018,193,0.780000
LOS ANGELES,2018,192,0.780000
LOS ANGELES,2018,191,0.780000
LOS ANGELES,2018,190,0.780000
LOS ANGELES,2018,189,
LOS ANGELES,2018,188,
LOS ANGELES,2018,187,0.780000
LOS ANGELES,2018,186,0.780000
LOS ANGELES,2018,185,
LOS ANGELES,2018,184,0.780000
LOS ANGELES,2018,183,0.680000
LOS ANGELES,2018,182,
LOS ANGELES,2018,181,
LOS ANGELES,2018,180,0.680000
LOS ANGELES,2018,179,0.680000
LOS ANGELES,2018,178,0.680000
LOS ANGELES,2018,177,0.680000
LOS ANGELES,2018,176,0.680000
LOS ANGELES,2018,175,
LOS ANGELES,2018,174,
LOS ANGELES,2018,173,0.650000
LOS ANGELES,2018,172,0.650000
LOS ANGELES,2018,171,0.650000
LOS ANGELES,2018,170,0.650000
LOS ANGELES,2018,169,0.650000
LOS ANGELES,2018,168,
LOS ANGELES,2018,167,
LOS ANGELES,2018,166,0.650000
LOS ANGELES,2018,165,0.650000
LOS ANGELES,2018,164,0.650000
LOS ANGELES,2018,163,0.650000
LOS ANGELES,2018,162,0.650000
LOS ANGELES,2018,161,
LOS ANGELES,2018,160,
LOS ANGELES,2018,159,0.650000
LOS ANGELES,2018,158,0.650000
LOS ANGELES,2018,157,0.650000
LOS ANGELES,2018,156,0.650000
LOS ANGELES,2018,155,0.650000
LOS ANGELES,2018,154,
LOS ANGELES,2018,153,
LOS ANGELES,2018,152,0.650000
LOS ANGELES,2018,151,0.650000
LOS ANGELES,2018,150,0.650000
LOS ANGELES,2018,149,0.650000
LOS ANGELES,2018,148,
LOS ANGELES,2018,147,
LOS ANGELES,2018,146,
LOS ANGELES,2018,145,0.650000
LOS ANGELES,2018,144,0.650000
LOS ANGELES,2018,143,0.650000
LOS ANGELES,2018,142,0.650000
LOS ANGELES,2018,141,0.650000
LOS ANGELES,2018,140,
LOS ANGELES,2018,139,
LOS ANGELES,2018,138,0.650000
LOS ANGELES,2018,137,0.650000
LOS ANGELES,2018,136,0.650000
LOS ANGELES,2018,135,0.650000
LOS ANGELES,2018,134,0.650000
LOS ANGELES,2018,133,
LOS ANGELES,2018,132,
LOS ANGELES,2018,131,0.650000
LOS ANGELES,2018,130,0.650000
LOS ANGELES,2018,129,0.650000
LOS ANGELES,2018,128,0.650000
LOS ANGELES,2018,127,0.650000
LOS ANGELES,2018,126,
LOS ANGELES,2018,125,
LOS ANGELES,2018,124,0.530000
LOS ANGELES,2018,123,0.530000
LOS ANGELES,2018,122,0.530000
LOS ANGELES,2018,121,0.530000
LOS ANGELES,2018,120,0.530000
LOS ANGELES,2018,119,
LOS ANGELES,2018,118,
LOS ANGELES,2018,117,0.530000
LOS ANGELES,2018,116,0.530000
LOS ANGELES,2018,115,0.530000
LOS ANGELES,2018,114,0.530000
LOS ANGELES,2018,113,0.530000
LOS ANGELES,2018,112,
LOS ANGELES,2018,111,
LOS ANGELES,2018,110,0.530000
LOS ANGELES,2018,109,0.530000
LOS ANGELES,2018,108,0.530000
LOS ANGELES,2018,107,0.530000
LOS ANGELES,2018,106,0.530000
LOS ANGELES,2018,105,
LOS ANGELES,2018,104,
LOS ANGELES,2018,103,0.530000
LOS ANGELES,2018,102,0.530000
LOS ANGELES,2018,101,0.530000
LOS ANGELES,2018,100,0.530000
LOS ANGELES,2018,99,0.530000
LOS ANGELES,2018,98,
LOS ANGELES,2018,97,
LOS ANGELES,2018,96,0.530000
LOS ANGELES,2018,95,0.530000
LOS ANGELES,2018,94,0.530000
LOS ANGELES,2018,93,0.530000
LOS ANGELES,2018,92,0.530000
LOS ANGELES,2018,91,
LOS ANGELES,2018,90,
LOS ANGELES,2018,89,0.530000
LOS ANGELES,2018,88,0.530000
LOS ANGELES,2018,87,0.530000
LOS ANGELES,2018,86,0.530000
LOS ANGELES,2018,85,0.530000
LOS ANGELES,2018,84,
LOS ANGELES,2018,83,
LOS ANGELES,2018,82,0.530000
LOS ANGELES,2018,81,0.530000
LOS ANGELES,2018,80,0.530000
LOS ANGELES,2018,79,0.530000
LOS ANGELES,2018,78,0.530000
LOS ANGELES,2018,77,
LOS ANGELES,2018,76,
LOS ANGELES,2018,75,0.530000
LOS ANGELES,2018,74,0.530000
LOS ANGELES,2018,73,0.530000
LOS ANGELES,2018,72,0.530000
LOS ANGELES,2018,71,0.530000
LOS ANGELES,2018,70,
LOS ANGELES,2018,69,
LOS ANGELES,2018,68,0.530000
LOS ANGELES,2018,67,0.530000
LOS ANGELES,2018,66,0.530000
LOS ANGELES,2018,65,0.530000
LOS ANGELES,2018,64,0.530000
LOS ANGELES,2018,63,
LOS ANGELES,2018,62,
LOS ANGELES,2018,61,0.530000
LOS ANGELES,2018,60,0.530000
LOS ANGELES,2018,59,0.530000
LOS ANGELES,2018,58,0.530000
LOS ANGELES,2018,57,0.530000
LOS ANGELES,2018,56,
LOS ANGELES,2018,55,
LOS ANGELES,2018,54,0.530000
LOS ANGELES,2018,53,0.530000
LOS ANGELES,2018,52,0.530000
LOS ANGELES,2018,51,0.530000
LOS ANGELES,2018,50,
LOS ANGELES,2018,49,
LOS ANGELES,2018,48,
LOS ANGELES,2018,47,0.530000
LOS ANGELES,2018,46,0.530000
LOS ANGELES,2018,45,0.530000
LOS ANGELES,2018,44,0.530000
LOS ANGELES,2018,43,0.530000
LOS ANGELES,2018,42,
LOS ANGELES,2018,41,
LOS ANGELES,2018,40,0.530000
LOS ANGELES,2018,39,0.530000
LOS ANGELES,2018,38,0.500000
LOS ANGELES,2018,37,0.500000
LOS ANGELES,2018,36,0.500000
LOS ANGELES,2018,35,
LOS ANGELES,2018,34,
LOS ANGELES,2018,33,0.500000
LOS ANGELES,2018,32,0.480000
LOS ANGELES,2018,31,0.480000
LOS ANGELES,2018,30,0.480000
LOS ANGELES,2018,29,0.480000
LOS ANGELES,2018,28,
LOS ANGELES,2018,27,
LOS ANGELES,2018,26,0.480000
LOS ANGELES,2018,25,0.480000
LOS ANGELES,2018,24,0.550000
LOS ANGELES,2018,23,0.550000
LOS ANGELES,2018,22,0.550000
LOS ANGELES,2018,21,
LOS ANGELES,2018,20,
LOS ANGELES,2018,19,0.550000
LOS ANGELES,2018,18,0.550000
LOS ANGELES,2018,17,0.550000
LOS ANGELES,2018,16,0.550000
LOS ANGELES,2018,15,
LOS ANGELES,2018,14,
LOS ANGELES,2018,13,
LOS ANGELES,2018,12,0.550000
LOS ANGELES,2018,11,0.550000
LOS ANGELES,2018,10,0.550000
LOS ANGELES,2018,9,0.550000
LOS ANGELES,2018,8,0.550000
LOS ANGELES,2018,7,
LOS ANGELES,2018,6,
LOS ANGELES,2018,5,0.550000
LOS ANGELES,2018,4,0.550000
LOS ANGELES,2018,3,0.550000
LOS ANGELES,2018,2,0.550000
NEW YORK,2018,366,
NEW YORK,2018,365,
NEW YORK,2018,364,
NEW YORK,2018,363,
NEW YORK,2018,362,
NEW YORK,2018,361,
NEW YORK,2018,360,
NEW YORK,2018,359,
NEW YORK,2018,358,
NEW YORK,2018,357,
NEW YORK,2018,356,
NEW YORK,2018,355,
NEW YORK,2018,354,
NEW YORK,2018,353,
NEW YORK,2018,352,
NEW YORK,2018,351,
NEW YORK,2018,350,
NEW YORK,2018,349,
NEW YORK,2018,348,
NEW YORK,2018,347,
NEW YORK,2018,346,
NEW YORK,2018,345,
NEW YORK,2018,344,
NEW YORK,2018,343,
NEW YORK,2018,342,
NEW YORK,2018,341,
NEW YORK,2018,340,
NEW YORK,2018,339,
NEW YORK,2018,338,
NEW YORK,2018,337,
NEW YORK,2018,336,
NEW YORK,2018,335,
NEW YORK,2018,334,
NEW YORK,2018,333,
NEW YORK,2018,332,
NEW YORK,2018,331,
NEW YORK,2018,330,
NEW YORK,2018,329,
NEW YORK,2018,328,
NEW YORK,2018,327,
NEW YORK,2018,326,
NEW YORK,2018,325,
NEW YORK,2018,324,
NEW YORK,2018,323,
NEW YORK,2018,322,
NEW YORK,2018,321,
NEW YORK,2018,320,
NEW YORK,2018,319,
NEW YORK,2018,318,
NEW YORK,2018,317,
NEW YORK,2018,316,
NEW YORK,2018,315,
NEW YORK,2018,314,
NEW YORK,2018,313,
NEW YORK,2018,312,
NEW YORK,2018,311,
NEW YORK,2018,310,
NEW YORK,2018,309,
NEW YORK,2018,308,
NEW YORK,2018,307,
NEW YORK,2018,306,
NEW YORK,2018,305,
NEW YORK,2018,304,
NEW YORK,2018,303,
NEW YORK,2018,302,
NEW YORK,2018,301,
NEW YORK,2018,300,
NEW YORK,2018,299,
NEW YORK,2018,298,
NEW YORK,2018,297,
NEW YORK,2018,296,
NEW YORK,2018,295,
NEW YORK,2018,294,
NEW YORK,2018,293,
NEW YORK,2018,292,
NEW YORK,2018,291,
NEW YORK,2018,290,
NEW YORK,2018,289,
NEW YORK,2018,288,
NEW YORK,2018,287,
NEW YORK,2018,286,
NEW YORK,2018,285,
NEW YORK,2018,284,
NEW YORK,2018,283,
NEW YORK,2018,282,
NEW YORK,2018,281,
NEW YORK,2018,280,
NEW YORK,2018,279,
NEW YORK,2018,278,
NEW YORK,2018,277,
NEW YORK,2018,276,
NEW YORK,2018,275,
NEW YORK,2018,274,
NEW YORK,2018,273,
NEW YORK,2018,272,
NEW YORK,2018,271,
NEW YORK,2018,270,
NEW YORK,2018,269,
NEW YORK,2018,268,
NEW YORK,2018,267,
NEW YORK,2018,266,
NEW YORK,2018,265,
NEW YORK,2018,264,
NEW YORK,2018,263,
NEW YORK,2018,262,
NEW YORK,2018,261,
NEW YORK,2018,260,
NEW YORK,2018,259,
NEW YORK,2018,258,
NEW YORK,2018,257,
NEW YORK,2018,256,
NEW YORK,2018,255,
NEW YORK,2018,254,
NEW YORK,2018,253,
NEW YORK,2018,252,
NEW YORK,2018,251,
NEW YORK,2018,250,
NEW YORK,2018,249,
NEW YORK,2018,248,
NEW YORK,2018,247,
NEW YORK,2018,246,
NEW YORK,2018,245,
NEW YORK,2018,244,
NEW YORK,2018,243,
NEW YORK,2018,242,
NEW YORK,2018,241,
NEW YORK,2018,240,
NEW YORK,2018,239,
NEW YORK,2018,238,
NEW YORK,2018,237,
NEW YORK,2018,236,
NEW YORK,2018,235,
NEW YORK,2018,234,
NEW YORK,2018,233,
NEW YORK,2018,232,
NEW YORK,2018,231,
NEW YORK,2018,230,
NEW YORK,2018,229,
NEW YORK,2018,228,
NEW YORK,2018,227,
NEW YORK,2018,226,
NEW YORK,2018,225,
NEW YORK,2018,224,
NEW YORK,2018,223,
NEW YORK,2018,222,
NEW YORK,2018,221,
NEW YORK,2018,220,
NEW YORK,2018,219,
NEW YORK,2018,218,
NEW YORK,2018,217,
NEW YORK,2018,216,
NEW YORK,2018,215,
NEW YORK,2018,214,
NEW YORK,2018,213,
NEW YORK,2018,212,
NEW YORK,2018,211,
NEW YORK,2018,210,
NEW YORK,2018,209,
NEW YORK,2018,208,
NEW YORK,2018,207,
NEW YORK,2018,206,
NEW YORK,2018,205,
NEW YORK,2018,204,
NEW YORK,2018,203,
NEW YORK,2018,202,
NEW YORK,2018,201,
NEW YORK,2018,200,
NEW YORK,2018,199,
NEW YORK,2018,198,
NEW YORK,2018,197,
NEW YORK,2018,196,
NEW YORK,2018,195,
NEW YORK,2018,194,
NEW YORK,2018,193,
NEW YORK,2018,192,
NEW YORK,2018,191,
NEW YORK,2018,190,
NEW YORK,2018,189,
NEW YORK,2018,188,
NEW YORK,2018,187,
NEW YORK,2018,186,
NEW YORK,2018,185,
NEW YORK,2018,184,
NEW YORK,2018,183,
NEW YORK,2018,182,
NEW YORK,2018,181,
NEW YORK,2018,180,
NEW YORK,2018,179,
NEW YORK,2018,178,
NEW YORK,2018,177,
NEW YORK,2018,176,
NEW YORK,2018,175,
NEW YORK,2018,174,
NEW YORK,2018,173,
NEW YORK,2018,172,
NEW YORK,2018,171,
NEW YORK,2018,170,
NEW YORK,2018,169,
NEW YORK,2018,168,
NEW YORK,2018,167,
NEW YORK,2018,166,
NEW YORK,2018,165,
NEW YORK,2018,164,
NEW YORK,2018,163,
NEW YORK,2018,162,
NEW YORK,2018,161,
NEW YORK,2018,160,
NEW YORK,2018,159,
NEW YORK,2018,158,
NEW YORK,2018,157,
NEW YORK,2018,156,
NEW YORK,2018,155,
NEW YORK,2018,154,
NEW YORK,2018,153,
NEW YORK,2018,152,
NEW YORK,2018,151,
NEW YORK,2018,150,
NEW YORK,2018,149,
NEW YORK,2018,148,
NEW YORK,2018,147,
NEW YORK,2018,146,
NEW YORK,2018,145,
NEW YORK,2018,144,
NEW YORK,2018,143,
NEW YORK,2018,142,
NEW YORK,2018,141,
NEW YORK,2018,140,
NEW YORK,2018,139,
NEW YORK,2018,138,
NEW YORK,2018,137,
NEW YORK,2018,136,
NEW YORK,2018,135,
NEW YORK,2018,134,
NEW YORK,2018,133,
NEW YORK,2018,132,
NEW YORK,2018,131,
NEW YORK,2018,130,
NEW YORK,2018,129,
NEW YORK,2018,128,
NEW YORK,2018,127,
NEW YORK,2018,126,
NEW YORK,2018,125,
NEW YORK,2018,124,
NEW YORK,2018,123,
NEW YORK,2018,122,
NEW YORK,2018,121,
NEW YORK,2018,120,
NEW YORK,2018,119,
NEW YORK,2018,118,
NEW YORK,2018,117,
NEW YORK,2018,116,
NEW YORK,2018,115,
NEW YORK,2018,114,
NEW YORK,2018,113,
NEW YORK,2018,112,
NEW YORK,2018,111,
NEW YORK,2018,110,
NEW YORK,2018,109,
NEW YORK,2018,108,
NEW YORK,2018,107,
NEW YORK,2018,106,
NEW YORK,2018,105,
NEW YORK,2018,104,
NEW YORK,2018,103,
NEW YORK,2018,102,
NEW YORK,2018,101,
NEW YORK,2018,100,
NEW YORK,2018,99,
NEW YORK,2018,98,
NEW YORK,2018,97,
NEW YORK,2018,96,
NEW YORK,2018,95,
NEW YORK,2018,94,
NEW YORK,2018,93,
NEW YORK,2018,92,
NEW YORK,2018,91,
NEW YORK,2018,90,
NEW YORK,2018,89,
NEW YORK,2018,88,
NEW YORK,2018,87,
NEW YORK,2018,86,
NEW YORK,2018,85,
NEW YORK,2018,84,
NEW YORK,2018,83,
NEW YORK,2018,82,
NEW YORK,2018,81,
NEW YORK,2018,80,
NEW YORK,2018,79,
NEW YORK,2018,78,
NEW YORK,2018,77,
NEW YORK,2018,76,
NEW YORK,2018,75,20.000000
NEW YORK,2018,74,20.000000
NEW YORK,2018,73,20.000000
NEW YORK,2018,72,20.000000
NEW YORK,2018,71,20.000000
NEW YORK,2018,70,
NEW YORK,2018,69,
NEW YORK,2018,68,
NEW YORK,2018,67,
NEW YORK,2018,66,
NEW YORK,2018,65,20.000000
NEW YORK,2018,64,20.000000
NEW YORK,2018,63,
NEW YORK,2018,62,
NEW YORK,2018,61,20.000000
NEW YORK,2018,60,20.000000
NEW YORK,2018,59,20.000000
NEW YORK,2018,58,20.000000
NEW YORK,2018,57,20.000000
NEW YORK,2018,56,
NEW YORK,2018,55,
NEW YORK,2018,54,20.000000
NEW YORK,2018,53,20.000000
NEW YORK,2018,52,20.000000
NEW YORK,2018,51,20.000000
NEW YORK,2018,50,
NEW YORK,2018,49,
NEW YORK,2018,48,
NEW YORK,2018,47,20.000000
NEW YORK,2018,46,20.000000
NEW YORK,2018,45,20.000000
NEW YORK,2018,44,20.000000
NEW YORK,2018,43,20.000000
NEW YORK,2018,42,
NEW YORK,2018,41,
NEW YORK,2018,40,20.000000
NEW YORK,2018,39,20.000000
NEW YORK,2018,38,20.000000
NEW YORK,2018,37,20.000000
NEW YORK,2018,36,20.000000
NEW YORK,2018,35,
NEW YORK,2018,34,
NEW YORK,2018,33,20.000000
NEW YORK,2018,32,20.000000
NEW YORK,2018,31,20.000000
NEW YORK,2018,30,20.000000
NEW YORK,2018,29,20.000000
NEW YORK,2018,28,
NEW YORK,2018,27,
NEW YORK,2018,26,20.000000
NEW YORK,2018,25,20.000000
NEW YORK,2018,24,20.000000
NEW YORK,2018,23,20.000000
NEW YORK,2018,22,20.000000
NEW YORK,2018,21,
NEW YORK,2018,20,
NEW YORK,2018,19,20.000000
NEW YORK,2018,18,20.000000
NEW YORK,2018,17,20.000000
NEW YORK,2018,16,20.000000
NEW YORK,2018,15,
NEW YORK,2018,14,
NEW YORK,2018,13,
NEW YORK,2018,12,20.000000
NEW YORK,2018,11,20.000000
NEW YORK,2018,10,20.000000
NEW YORK,2018,9,20.000000
NEW YORK,2018,8,20.000000
NEW YORK,2018,7,
NEW YORK,2018,6,
NEW YORK,2018,5,
NEW YORK,2018,4,20.000000
NEW YORK,2018,3,20.000000
NEW YORK,2018,2,20.000000
PHILADELPHIA,2018,366,
PHILADELPHIA,2018,365,
PHILADELPHIA,2018,364,
PHILADELPHIA,2018,363,
PHILADELPHIA,2018,362,
PHILADELPHIA,2018,361,
PHILADELPHIA,2018,360,18.000000
PHILADELPHIA,2018,359,
PHILADELPHIA,2018,358,
PHILADELPHIA,2018,357,
PHILADELPHIA,2018,356,
PHILADELPHIA,2018,355,17.000000
PHILADELPHIA,2018,354,17.000000
PHILADELPHIA,2018,353,17.000000
PHILADELPHIA,2018,352,17.000000
PHILADELPHIA,2018,351,17.000000
PHILADELPHIA,2018,350,
PHILADELPHIA,2018,349,
PHILADELPHIA,2018,348,18.000000
PHILADELPHIA,2018,347,18.000000
PHILADELPHIA,2018,346,18.000000
PHILADELPHIA,2018,345,18.000000
PHILADELPHIA,2018,344,20.000000
PHILADELPHIA,2018,343,
PHILADELPHIA,2018,342,
PHILADELPHIA,2018,341,20.000000
PHILADELPHIA,2018,340,20.000000
PHILADELPHIA,2018,339,20.000000
PHILADELPHIA,2018,338,
PHILADELPHIA,2018,337,20.000000
PHILADELPHIA,2018,336,
PHILADELPHIA,2018,335,
PHILADELPHIA,2018,334,24.000000
PHILADELPHIA,2018,333,24.000000
PHILADELPHIA,2018,332,24.000000
PHILADELPHIA,2018,331,24.000000
PHILADELPHIA,2018,330,21.000000
PHILADELPHIA,2018,329,
PHILADELPHIA,2018,328,
PHILADELPHIA,2018,327,
PHILADELPHIA,2018,326,
PHILADELPHIA,2018,325,21.000000
PHILADELPHIA,2018,324,21.000000
PHILADELPHIA,2018,323,21.000000
PHILADELPHIA,2018,322,
PHILADELPHIA,2018,321,
PHILADELPHIA,2018,320,20.000000
PHILADELPHIA,2018,319,20.000000
PHILADELPHIA,2018,318,20.000000
PHILADELPHIA,2018,317,20.000000
PHILADELPHIA,2018,316,
PHILADELPHIA,2018,315,
PHILADELPHIA,2018,314,
PHILADELPHIA,2018,313,
PHILADELPHIA,2018,312,
PHILADELPHIA,2018,311,
PHILADELPHIA,2018,310,
PHILADELPHIA,2018,309,18.000000
PHILADELPHIA,2018,308,
PHILADELPHIA,2018,307,
PHILADELPHIA,2018,306,18.000000
PHILADELPHIA,2018,305,18.000000
PHILADELPHIA,2018,304,18.000000
PHILADELPHIA,2018,303,18.000000
PHILADELPHIA,2018,302,18.000000
PHILADELPHIA,2018,301,
PHILADELPHIA,2018,300,
PHILADELPHIA,2018,299,
PHILADELPHIA,2018,298,
PHILADELPHIA,2018,297,
PHILADELPHIA,2018,296,
PHILADELPHIA,2018,295,
PHILADELPHIA,2018,294,
PHILADELPHIA,2018,293,
PHILADELPHIA,2018,292,
PHILADELPHIA,2018,291,
PHILADELPHIA,2018,290,
PHILADELPHIA,2018,289,
PHILADELPHIA,2018,288,
PHILADELPHIA,2018,287,
PHILADELPHIA,2018,286,
PHILADELPHIA,2018,285,17.000000
PHILADELPHIA,2018,284,17.000000
PHILADELPHIA,2018,283,17.000000
PHILADELPHIA,2018,282,17.000000
PHILADELPHIA,2018,281,
PHILADELPHIA,2018,280,
PHILADELPHIA,2018,279,
PHILADELPHIA,2018,278,17.000000
PHILADELPHIA,2018,277,17.000000
PHILADELPHIA,2018,276,17.000000
PHILADELPHIA,2018,275,17.000000
PHILADELPHIA,2018,274,17.000000
PHILADELPHIA,2018,273,
PHILADELPHIA,2018,272,
PHILADELPHIA,2018,271,17.000000
PHILADELPHIA,2018,270,17.000000
PHILADELPHIA,2018,269,17.000000
PHILADELPHIA,2018,268,17.000000
PHILADELPHIA,2018,267,12.000000
PHILADELPHIA,2018,266,
PHILADELPHIA,2018,265,
PHILADELPHIA,2018,264,12.000000
PHILADELPHIA,2018,263,12.000000
PHILADELPHIA,2018,262,12.000000
PHILADELPHIA,2018,261,12.000000
PHILADELPHIA,2018,260,13.500000
PHILADELPHIA,2018,259,
PHILADELPHIA,2018,258,
PHILADELPHIA,2018,257,13.500000
PHILADELPHIA,2018,256,13.500000
PHILADELPHIA,2018,255,13.500000
PHILADELPHIA,2018,254,13.500000
PHILADELPHIA,2018,253,13.500000
PHILADELPHIA,2018,252,
PHILADELPHIA,2018,251,
PHILADELPHIA,2018,250,12.000000
PHILADELPHIA,2018,249,12.000000
PHILADELPHIA,2018,248,15.166666
PHILADELPHIA,2018,247,15.166666
PHILADELPHIA,2018,246,
PHILADELPHIA,2018,245,
PHILADELPHIA,2018,244,
PHILADELPHIA,2018,243,15.166666
PHILADELPHIA,2018,242,15.166666
PHILADELPHIA,2018,241,15.166666
PHILADELPHIA,2018,240,15.166666
PHILADELPHIA,2018,239,15.166666
PHILADELPHIA,2018,238,
PHILADELPHIA,2018,237,
PHILADELPHIA,2018,236,17.750000
PHILADELPHIA,2018,235,17.750000
PHILADELPHIA,2018,234,17.750000
PHILADELPHIA,2018,233,17.750000
PHILADELPHIA,2018,232,17.750000
PHILADELPHIA,2018,231,
PHILADELPHIA,2018,230,
PHILADELPHIA,2018,229,20.000000
PHILADELPHIA,2018,228,20.000000
PHILADELPHIA,2018,227,20.000000
PHILADELPHIA,2018,226,20.000000
PHILADELPHIA,2018,225,10.000000
PHILADELPHIA,2018,224,
PHILADELPHIA,2018,223,
PHILADELPHIA,2018,222,10.000000
PHILADELPHIA,2018,221,10.000000
PHILADELPHIA,2018,220,10.000000
PHILADELPHIA,2018,219,10.000000
PHILADELPHIA,2018,218,19.333333
PHILADELPHIA,2018,217,
PHILADELPHIA,2018,216,
PHILADELPHIA,2018,215,20.666666
PHILADELPHIA,2018,214,20.666666
PHILADELPHIA,2018,213,20.666666
PHILADELPHIA,2018,212,20.666666
PHILADELPHIA,2018,211,20.666666
PHILADELPHIA,2018,210,
PHILADELPHIA,2018,209,
PHILADELPHIA,2018,208,20.666666
PHILADELPHIA,2018,207,20.666666
PHILADELPHIA,2018,206,24.000000
PHILADELPHIA,2018,205,24.000000
PHILADELPHIA,2018,204,22.000000
PHILADELPHIA,2018,203,
PHILADELPHIA,2018,202,
PHILADELPHIA,2018,201,22.000000
PHILADELPHIA,2018,200,18.000000
PHILADELPHIA,2018,199,18.000000
PHILADELPHIA,2018,198,18.000000
PHILADELPHIA,2018,197,15.000000
PHILADELPHIA,2018,196,
PHILADELPHIA,2018,195,
PHILADELPHIA,2018,194,15.000000
PHILADELPHIA,2018,193,15.000000
PHILADELPHIA,2018,192,15.000000
PHILADELPHIA,2018,191,15.000000
PHILADELPHIA,2018,190,15.000000
PHILADELPHIA,2018,189,
PHILADELPHIA,2018,188,
PHILADELPHIA,2018,187,
PHILADELPHIA,2018,186,
PHILADELPHIA,2018,185,
PHILADELPHIA,2018,184,
PHILADELPHIA,2018,183,
PHILADELPHIA,2018,182,
PHILADELPHIA,2018,181,
PHILADELPHIA,2018,180,
PHILADELPHIA,2018,179,
PHILADELPHIA,2018,178,
PHILADELPHIA,2018,177,
PHILADELPHIA,2018,176,
PHILADELPHIA,2018,175,
PHILADELPHIA,2018,174,
PHILADELPHIA,2018,173,
PHILADELPHIA,2018,172,
PHILADELPHIA,2018,171,
PHILADELPHIA,2018,170,
PHILADELPHIA,2018,169,
PHILADELPHIA,2018,168,
PHILADELPHIA,2018,167,
PHILADELPHIA,2018,166,
PHILADELPHIA,2018,165,
PHILADELPHIA,2018,164,
PHILADELPHIA,2018,163,14.500000
PHILADELPHIA,2018,162,14.500000
PHILADELPHIA,2018,161,
PHILADELPHIA,2018,160,
PHILADELPHIA,2018,159,14.500000
PHILADELPHIA,2018,158,14.500000
PHILADELPHIA,2018,157,14.500000
PHILADELPHIA,2018,156,14.500000
PHILADELPHIA,2018,155,14.500000
PHILADELPHIA,2018,154,
PHILADELPHIA,2018,153,
PHILADELPHIA,2018,152,14.500000
PHILADELPHIA,2018,151,14.500000
PHILADELPHIA,2018,150,14.500000
PHILADELPHIA,2018,149,
PHILADELPHIA,2018,148,
PHILADELPHIA,2018,147,
PHILADELPHIA,2018,146,
PHILADELPHIA,2018,145,
PHILADELPHIA,2018,144,
PHILADELPHIA,2018,143,
PHILADELPHIA,2018,142,
PHILADELPHIA,2018,141,
PHILADELPHIA,2018,140,
PHILADELPHIA,2018,139,
PHILADELPHIA,2018,138,
PHILADELPHIA,2018,137,
PHILADELPHIA,2018,136,
PHILADELPHIA,2018,135,
PHILADELPHIA,2018,134,
PHILADELPHIA,2018,133,
PHILADELPHIA,2018,132,
PHILADELPHIA,2018,131,
PHILADELPHIA,2018,130,
PHILADELPHIA,2018,129,
PHILADELPHIA,2018,128,
PHILADELPHIA,2018,127,
PHILADELPHIA,2018,126,
PHILADELPHIA,2018,125,
PHILADELPHIA,2018,124,
PHILADELPHIA,2018,123,
PHILADELPHIA,2018,122,11.500000
PHILADELPHIA,2018,121,11.500000
PHILADELPHIA,2018,120,11.500000
PHILADELPHIA,2018,119,
PHILADELPHIA,2018,118,
PHILADELPHIA,2018,117,11.500000
PHILADELPHIA,2018,116,11.500000
PHILADELPHIA,2018,115,11.500000
PHILADELPHIA,2018,114,11.500000
PHILADELPHIA,2018,113,11.500000
PHILADELPHIA,2018,112,
PHILADELPHIA,2018,111,
PHILADELPHIA,2018,110,11.500000
PHILADELPHIA,2018,109,11.500000
PHILADELPHIA,2018,108,11.500000
PHILADELPHIA,2018,107,11.500000
PHILADELPHIA,2018,106,11.500000
PHILADELPHIA,2018,105,
PHILADELPHIA,2018,104,
PHILADELPHIA,2018,103,
PHILADELPHIA,2018,102,
PHILADELPHIA,2018,101,
PHILADELPHIA,2018,100,
PHILADELPHIA,2018,99,
PHILADELPHIA,2018,98,
PHILADELPHIA,2018,97,
PHILADELPHIA,2018,96,11.500000
PHILADELPHIA,2018,95,11.500000
PHILADELPHIA,2018,94,11.500000
PHILADELPHIA,2018,93,11.500000
PHILADELPHIA,2018,92,
PHILADELPHIA,2018,91,
PHILADELPHIA,2018,90,
PHILADELPHIA,2018,89,11.500000
PHILADELPHIA,2018,88,11.500000
PHILADELPHIA,2018,87,11.500000
PHILADELPHIA,2018,86,11.500000
PHILADELPHIA,2018,85,11.500000
PHILADELPHIA,2018,84,
PHILADELPHIA,2018,83,
PHILADELPHIA,2018,82,16.000000
PHILADELPHIA,2018,81,16.000000
PHILADELPHIA,2018,80,
PHILADELPHIA,2018,79,17.000000
PHILADELPHIA,2018,78,17.000000
PHILADELPHIA,2018,77,
PHILADELPHIA,2018,76,
PHILADELPHIA,2018,75,17.000000
PHILADELPHIA,2018,74,17.000000
PHILADELPHIA,2018,73,17.000000
PHILADELPHIA,2018,72,17.000000
PHILADELPHIA,2018,71,17.000000
PHILADELPHIA,2018,70,
PHILADELPHIA,2018,69,
PHILADELPHIA,2018,68,
PHILADELPHIA,2018,67,
PHILADELPHIA,2018,66,
PHILADELPHIA,2018,65,17.000000
PHILADELPHIA,2018,64,17.000000
PHILADELPHIA,2018,63,
PHILADELPHIA,2018,62,
PHILADELPHIA,2018,61,15.500000
PHILADELPHIA,2018,60,15.500000
PHILADELPHIA,2018,59,15.500000
PHILADELPHIA,2018,58,15.500000
PHILADELPHIA,2018,57,15.500000
PHILADELPHIA,2018,56,
PHILADELPHIA,2018,55,
PHILADELPHIA,2018,54,15.500000
PHILADELPHIA,2018,53,15.500000
PHILADELPHIA,2018,52,15.500000
PHILADELPHIA,2018,51,15.500000
PHILADELPHIA,2018,50,
PHILADELPHIA,2018,49,
PHILADELPHIA,2018,48,
PHILADELPHIA,2018,47,15.500000
PHILADELPHIA,2018,46,15.500000
PHILADELPHIA,2018,45,15.000000
PHILADELPHIA,2018,44,15.000000
PHILADELPHIA,2018,43,15.000000
PHILADELPHIA,2018,42,
PHILADELPHIA,2018,41,
PHILADELPHIA,2018,40,15.000000
PHILADELPHIA,2018,39,15.000000
PHILADELPHIA,2018,38,15.000000
PHILADELPHIA,2018,37,15.000000
PHILADELPHIA,2018,36,15.000000
PHILADELPHIA,2018,35,
PHILADELPHIA,2018,34,
PHILADELPHIA,2018,33,16.000000
PHILADELPHIA,2018,32,16.000000
PHILADELPHIA,2018,31,16.000000
PHILADELPHIA,2018,30,16.000000
PHILADELPHIA,2018,29,16.000000
PHILADELPHIA,2018,28,
PHILADELPHIA,2018,27,
PHILADELPHIA,2018,26,16.000000
PHILADELPHIA,2018,25,16.000000
PHILADELPHIA,2018,24,16.000000
PHILADELPHIA,2018,23,16.000000
PHILADELPHIA,2018,22,16.000000
PHILADELPHIA,2018,21,
PHILADELPHIA,2018,20,
PHILADELPHIA,2018,19,15.000000
PHILADELPHIA,2018,18,15.000000
PHILADELPHIA,2018,17,15.000000
PHILADELPHIA,2018,16,15.000000
PHILADELPHIA,2018,15,
PHILADELPHIA,2018,14,
PHILADELPHIA,2018,13,
PHILADELPHIA,2018,12,16.000000
PHILADELPHIA,2018,11,16.000000
PHILADELPHIA,2018,10,16.000000
PHILADELPHIA,2018,9,16.000000
PHILADELPHIA,2018,8,16.000000
PHILADELPHIA,2018,7,
PHILADELPHIA,2018,6,
PHILADELPHIA,2018,5,26.500000
PHILADELPHIA,2018,4,38.000000
PHILADELPHIA,2018,3,38.000000
PHILADELPHIA,2018,2,38.000000
