CityName,Year,Day,Price
BALTIMORE,2024,366,
BALTIMORE,2024,365,
BALTIMORE,2024,364,
BALTIMORE,2024,363,
BALTIMORE,2024,362,
BALTIMORE,2024,361,
BALTIMORE,2024,360,
BALTIMORE,2024,359,
BALTIMORE,2024,358,
BALTIMORE,2024,357,
BALTIMORE,2024,356,
BALTIMORE,2024,355,
BALTIMORE,2024,354,
BALTIMORE,2024,353,
BALTIMORE,2024,352,
BALTIMORE,2024,351,
BALTIMORE,2024,350,
BALTIMORE,2024,349,
BALTIMORE,2024,348,
BALTIMORE,2024,347,
BALTIMORE,2024,346,
BALTIMORE,2024,345,
BALTIMORE,2024,344,
BALTIMORE,2024,343,
BALTIMORE,2024,342,
BALTIMORE,2024,341,
BALTIMORE,2024,340,
BALTIMORE,2024,339,
BALTIMORE,2024,338,
BALTIMORE,2024,337,
BALTIMORE,2024,336,
BALTIMORE,2024,335,
BALTIMORE,2024,334,
BALTIMORE,2024,333,
BALTIMORE,2024,332,
BALTIMORE,2024,331,
BALTIMORE,2024,330,
BALTIMORE,2024,329,
BALTIMORE,2024,328,
BALTIMORE,2024,327,
BALTIMORE,2024,326,
BALTIMORE,2024,325,
BALTIMORE,2024,324,
BALTIMORE,2024,323,
BALTIMORE,2024,322,
BALTIMORE,2024,321,
BALTIMORE,2024,320,
BALTIMORE,2024,319,
BALTIMORE,2024,318,
BALTIMORE,2024,317,
BALTIMORE,2024,316,
BALTIMORE,2024,315,
BALTIMORE,2024,314,
BALTIMORE,2024,313,
BALTIMORE,2024,312,
BALTIMORE,2024,311,
BALTIMORE,2024,310,
BALTIMORE,2024,309,
BALTIMORE,2024,308,
BALTIMORE,2024,307,
BALTIMORE,2024,306,
BALTIMORE,2024,305,
BALTIMORE,2024,304,
BALTIMORE,2024,303,
BALTIMORE,2024,302,
BALTIMORE,2024,301,
BALTIMORE,2024,300,
BALTIMORE,2024,299,
BALTIMORE,2024,298,
BALTIMORE,2024,297,
BALTIMORE,2024,296,
BALTIMORE,2024,295,
BALTIMORE,2024,294,
BALTIMORE,2024,293,
BALTIMORE,2024,292,
BALTIMORE,2024,291,
BALTIMORE,2024,290,
BALTIMORE,2024,289,
BALTIMORE,2024,288,
BALTIMORE,2024,287,
BALTIMORE,2024,286,
BALTIMORE,2024,285,
BALTIMORE,2024,284,
BALTIMORE,2024,283,
BALTIMORE,2024,282,
BALTIMORE,2024,281,
BALTIMORE,2024,280,
BALTIMORE,2024,279,
BALTIMORE,2024,278,
BALTIMORE,2024,277,
BALTIMORE,2024,276,
BALTIMORE,2024,275,
BALTIMORE,2024,274,25.500000
BALTIMORE,2024,273,
BALTIMORE,2024,272,
BALTIMORE,2024,271,25.500000
BALTIMORE,2024,270,25.500000
BALTIMORE,2024,269,25.500000
BALTIMORE,2024,268,25.500000
BALTIMORE,2024,267,25.500000
BALTIMORE,2024,266,
BALTIMORE,2024,265,
BALTIMORE,2024,264,25.000000
BALTIMORE,2024,263,25.000000
BALTIMORE,2024,262,25.000000
BALTIMORE,2024,261,25.000000
BALTIMORE,2024,260,25.000000
BALTIMORE,2024,259,
BALTIMORE,2024,258,
BALTIMORE,2024,257,25.000000
BALTIMORE,2024,256,25.000000
BALTIMORE,2024,255,25.000000
BALTIMORE,2024,254,25.000000
BALTIMORE,2024,253,25.000000
BALTIMORE,2024,252,
BALTIMORE,2024,251,
BALTIMORE,2024,250,25.000000
BALTIMORE,2024,249,25.000000
BALTIMORE,2024,248,25.000000
BALTIMORE,2024,247,25.000000
BALTIMORE,2024,246,
BALTIMORE,2024,245,
BALTIMORE,2024,244,
BALTIMORE,2024,243,25.000000
BALTIMORE,2024,242,25.000000
BALTIMORE,2024,241,25.000000
BALTIMORE,2024,240,25.000000
BALTIMORE,2024,239,25.000000
BALTIMORE,2024,238,
BALTIMORE,2024,237,
BALTIMORE,2024,236,25.000000
BALTIMORE,2024,235,25.000000
BALTIMORE,2024,234,32.000000
BALTIMORE,2024,233,32.000000
BALTIMORE,2024,232,32.000000
BALTIMORE,2024,231,
BALTIMORE,2024,230,
BALTIMORE,2024,229,32.000000
BALTIMORE,2024,228,32.000000
BALTIMORE,2024,227,32.000000
BALTIMORE,2024,226,32.000000
BALTIMORE,2024,225,32.000000
BALTIMORE,2024,224,
BALTIMORE,2024,223,
BALTIMORE,2024,222,32.000000
BALTIMORE,2024,221,32.000000
BALTIMORE,2024,220,32.000000
BALTIMORE,2024,219,32.000000
BALTIMORE,2024,218,42.000000
BALTIMORE,2024,217,
BALTIMORE,2024,216,
BALTIMORE,2024,215,42.000000
BALTIMORE,2024,214,42.000000
BALTIMORE,2024,213,
BALTIMORE,2024,212,42.000000
BALTIMORE,2024,211,42.000000
BALTIMORE,2024,210,
BALTIMORE,2024,209,
BALTIMORE,2024,208,42.000000
BALTIMORE,2024,207,42.000000
BALTIMORE,2024,206,42.000000
BALTIMORE,2024,205,42.000000
BALTIMORE,2024,204,30.000000
BALTIMORE,2024,203,
BALTIMORE,2024,202,
BALTIMORE,2024,201,30.000000
BALTIMORE,2024,200,30.000000
BALTIMORE,2024,199,
BALTIMORE,2024,198,30.000000
BALTIMORE,2024,197,30.000000
BALTIMORE,2024,196,
BALTIMORE,2024,195,
BALTIMORE,2024,194,40.500000
BALTIMORE,2024,193,40.500000
BALTIMORE,2024,192,40.500000
BALTIMORE,2024,191,40.500000
BALTIMORE,2024,190,40.500000
BALTIMORE,2024,189,
BALTIMORE,2024,188,
BALTIMORE,2024,187,26.250000
BALTIMORE,2024,186,
BALTIMORE,2024,185,26.250000
BALTIMORE,2024,184,26.250000
BALTIMORE,2024,183,26.250000
BALTIMORE,2024,182,
BALTIMORE,2024,181,
BALTIMORE,2024,180,26.250000
BALTIMORE,2024,179,26.250000
BALTIMORE,2024,178,26.250000
BALTIMORE,2024,177,26.250000
BALTIMORE,2024,176,26.250000
BALTIMORE,2024,175,
BALTIMORE,2024,174,
BALTIMORE,2024,173,26.250000
BALTIMORE,2024,172,26.250000
BALTIMORE,2024,171,
BALTIMORE,2024,170,26.250000
BALTIMORE,2024,169,23.250000
BALTIMORE,2024,168,
BALTIMORE,2024,167,
BALTIMORE,2024,166,23.250000
BALTIMORE,2024,165,23.250000
BALTIMORE,2024,164,23.250000
BALTIMORE,2024,163,23.250000
BALTIMORE,2024,162,23.250000
BALTIMORE,2024,161,
BALTIMORE,2024,160,
BALTIMORE,2024,159,22.750000
BALTIMORE,2024,158,22.750000
BALTIMORE,2024,157,22.750000
BALTIMORE,2024,156,22.750000
BALTIMORE,2024,155,22.750000
BALTIMORE,2024,154,
BALTIMORE,2024,153,
BALTIMORE,2024,152,22.750000
BALTIMORE,2024,151,28.750000
BALTIMORE,2024,150,29.000000
BALTIMORE,2024,149,29.000000
BALTIMORE,2024,148,
BALTIMORE,2024,147,
BALTIMORE,2024,146,
BALTIMORE,2024,145,29.000000
BALTIMORE,2024,144,29.000000
BALTIMORE,2024,143,29.000000
BALTIMORE,2024,142,30.000000
BALTIMORE,2024,141,30.000000
BALTIMORE,2024,140,
BALTIMORE,2024,139,
BALTIMORE,2024,138,30.000000
BALTIMORE,2024,137,30.000000
BALTIMORE,2024,136,30.000000
BALTIMORE,2024,135,30.000000
BALTIMORE,2024,134,36.000000
BALTIMORE,2024,133,
BALTIMORE,2024,132,
BALTIMORE,2024,131,36.000000
BALTIMORE,2024,130,36.000000
BALTIMORE,2024,129,36.000000
BALTIMORE,2024,128,36.000000
BALTIMORE,2024,127,36.000000
BALTIMORE,2024,126,
BALTIMORE,2024,125,
BALTIMORE,2024,124,36.000000
BALTIMORE,2024,123,36.000000
BALTIMORE,2024,122,36.000000
BALTIMORE,2024,121,36.000000
BALTIMORE,2024,120,36.000000
BALTIMORE,2024,119,
BALTIMORE,2024,118,
BALTIMORE,2024,117,36.000000
BALTIMORE,2024,116,36.000000
BALTIMORE,2024,115,36.000000
BALTIMORE,2024,114,36.000000
BALTIMORE,2024,113,37.750000
BALTIMORE,2024,112,
BALTIMORE,2024,111,
BALTIMORE,2024,110,37.750000
BALTIMORE,2024,109,37.750000
BALTIMORE,2024,108,37.750000
BALTIMORE,2024,107,37.750000
BALTIMORE,2024,106,37.750000
BALTIMORE,2024,105,
BALTIMORE,2024,104,
BALTIMORE,2024,103,37.750000
BALTIMORE,2024,102,37.750000
BALTIMORE,2024,101,37.750000
BALTIMORE,2024,100,37.750000
BALTIMORE,2024,99,37.750000
BALTIMORE,2024,98,
BALTIMORE,2024,97,
BALTIMORE,2024,96,37.750000
BALTIMORE,2024,95,37.750000
BALTIMORE,2024,94,37.750000
BALTIMORE,2024,93,37.750000
BALTIMORE,2024,92,39.000000
BALTIMORE,2024,91,
BALTIMORE,2024,90,
BALTIMORE,2024,89,39.000000
BALTIMORE,2024,88,39.000000
BALTIMORE,2024,87,39.000000
BALTIMORE,2024,86,39.000000
BALTIMORE,2024,85,39.000000
BALTIMORE,2024,84,
BALTIMORE,2024,83,
BALTIMORE,2024,82,39.000000
BALTIMORE,2024,81,39.000000
BALTIMORE,2024,80,39.000000
BALTIMORE,2024,79,39.000000
BALTIMORE,2024,78,41.000000
BALTIMORE,2024,77,
BALTIMORE,2024,76,
BALTIMORE,2024,75,41.000000
BALTIMORE,2024,74,41.000000
BALTIMORE,2024,73,41.000000
BALTIMORE,2024,72,41.000000
BALTIMORE,2024,71,41.000000
BALTIMORE,2024,70,
BALTIMORE,2024,69,
BALTIMORE,2024,68,40.000000
BALTIMORE,2024,67,40.000000
BALTIMORE,2024,66,40.000000
BALTIMORE,2024,65,40.000000
BALTIMORE,2024,64,36.750000
BALTIMORE,2024,63,
BALTIMORE,2024,62,
BALTIMORE,2024,61,36.750000
BALTIMORE,2024,60,36.750000
BALTIMORE,2024,59,36.750000
BALTIMORE,2024,58,36.750000
BALTIMORE,2024,57,34.000000
BALTIMORE,2024,56,
BALTIMORE,2024,55,
BALTIMORE,2024,54,34.000000
BALTIMORE,2024,53,34.000000
BALTIMORE,2024,52,34.000000
BALTIMORE,2024,51,34.000000
BALTIMORE,2024,50,
BALTIMORE,2024,49,
BALTIMORE,2024,48,
BALTIMORE,2024,47,34.000000
BALTIMORE,2024,46,34.000000
BALTIMORE,2024,45,34.000000
BALTIMORE,2024,44,34.000000
BALTIMORE,2024,43,34.000000
BALTIMORE,2024,42,
BALTIMORE,2024,41,
BALTIMORE,2024,40,34.000000
BALTIMORE,2024,39,34.000000
BALTIMORE,2024,38,34.000000
BALTIMORE,2024,37,34.000000
BALTIMORE,2024,36,34.000000
BALTIMORE,2024,35,
BALTIMORE,2024,34,
BALTIMORE,2024,33,34.000000
BALTIMORE,2024,32,34.000000
BALTIMORE,2024,31,34.000000
BALTIMORE,2024,30,35.000000
BALTIMORE,2024,29,35.000000
BALTIMORE,2024,28,
BALTIMORE,2024,27,
BALTIMORE,2024,26,35.000000
BALTIMORE,2024,25,35.000000
BALTIMORE,2024,24,35.000000
BALTIMORE,2024,23,35.000000
BALTIMORE,2024,22,35.000000
BALTIMORE,2024,21,
BALTIMORE,2024,20,
BALTIMORE,2024,19,29.000000
BALTIMORE,2024,18,29.000000
BALTIMORE,2024,17,29.000000
BALTIMORE,2024,16,29.000000
BALTIMORE,2024,15,
BALTIMORE,2024,14,
BALTIMORE,2024,13,
BALTIMORE,2024,12,29.000000
BALTIMORE,2024,11,29.000000
BALTIMORE,2024,10,29.000000
BALTIMORE,2024,9,29.000000
BALTIMORE,2024,8,29.000000
BALTIMORE,2024,7,
BALTIMORE,2024,6,
BALTIMORE,2024,5,29.000000
BALTIMORE,2024,4,29.000000
BALTIMORE,2024,3,29.000000
BALTIMORE,2024,2,29.000000
BOSTON,2024,366,
BOSTON,2024,365,
BOSTON,2024,364,
BOSTON,2024,363,
BOSTON,2024,362,
BOSTON,2024,361,
BOSTON,2024,360,
BOSTON,2024,359,
BOSTON,2024,358,
BOSTON,2024,357,
BOSTON,2024,356,
BOSTON,2024,355,
BOSTON,2024,354,
BOSTON,2024,353,
BOSTON,2024,352,
BOSTON,2024,351,
BOSTON,2024,350,
BOSTON,2024,349,
BOSTON,2024,348,
BOSTON,2024,347,
BOSTON,2024,346,
BOSTON,2024,345,
BOSTON,2024,344,
BOSTON,2024,343,
BOSTON,2024,342,
BOSTON,2024,341,
BOSTON,2024,340,
BOSTON,2024,339,
BOSTON,2024,338,
BOSTON,2024,337,
BOSTON,2024,336,
BOSTON,2024,335,
BOSTON,2024,334,
BOSTON,2024,333,
BOSTON,2024,332,
BOSTON,2024,331,
BOSTON,2024,330,
BOSTON,2024,329,
BOSTON,2024,328,
BOSTON,2024,327,
BOSTON,2024,326,
BOSTON,2024,325,
BOSTON,2024,324,
BOSTON,2024,323,
BOSTON,2024,322,
BOSTON,2024,321,
BOSTON,2024,320,
BOSTON,2024,319,
BOSTON,2024,318,
BOSTON,2024,317,
BOSTON,2024,316,
BOSTON,2024,315,
BOSTON,2024,314,
BOSTON,2024,313,
BOSTON,2024,312,
BOSTON,2024,311,
BOSTON,2024,310,
BOSTON,2024,309,
BOSTON,2024,308,
BOSTON,2024,307,
BOSTON,2024,306,
BOSTON,2024,305,
BOSTON,2024,304,
BOSTON,2024,303,
BOSTON,2024,302,
BOSTON,2024,301,
BOSTON,2024,300,
BOSTON,2024,299,
BOSTON,2024,298,
BOSTON,2024,297,
BOSTON,2024,296,
BOSTON,2024,295,
BOSTON,2024,294,
BOSTON,2024,293,
BOSTON,2024,292,
BOSTON,2024,291,
BOSTON,2024,290,
BOSTON,2024,289,
BOSTON,2024,288,
BOSTON,2024,287,
BOSTON,2024,286,
BOSTON,2024,285,
BOSTON,2024,284,
BOSTON,2024,283,
BOSTON,2024,282,
BOSTON,2024,281,
BOSTON,2024,280,
BOSTON,2024,279,
BOSTON,2024,278,
BOSTON,2024,277,
BOSTON,2024,276,
BOSTON,2024,275,
BOSTON,2024,274,30.000000
BOSTON,2024,273,
BOSTON,2024,272,
BOSTON,2024,271,30.000000
BOSTON,2024,270,30.000000
BOSTON,2024,269,30.000000
BOSTON,2024,268,30.000000
BOSTON,2024,267,30.000000
BOSTON,2024,266,
BOSTON,2024,265,
BOSTON,2024,264,30.000000
BOSTON,2024,263,30.000000
BOSTON,2024,262,30.000000
BOSTON,2024,261,30.000000
BOSTON,2024,260,30.000000
BOSTON,2024,259,
BOSTON,2024,258,
BOSTON,2024,257,30.000000
BOSTON,2024,256,30.000000
BOSTON,2024,255,30.000000
BOSTON,2024,254,30.000000
BOSTON,2024,253,30.000000
BOSTON,2024,252,
BOSTON,2024,251,
BOSTON,2024,250,30.000000
BOSTON,2024,249,30.000000
BOSTON,2024,248,30.000000
BOSTON,2024,247,30.000000
BOSTON,2024,246,
BOSTON,2024,245,
BOSTON,2024,244,
BOSTON,2024,243,30.000000
BOSTON,2024,242,30.000000
BOSTON,2024,241,30.000000
BOSTON,2024,240,30.000000
BOSTON,2024,239,30.000000
BOSTON,2024,238,
BOSTON,2024,237,
BOSTON,2024,236,30.000000
BOSTON,2024,235,30.000000
BOSTON,2024,234,30.000000
BOSTON,2024,233,30.000000
BOSTON,2024,232,30.000000
BOSTON,2024,231,
BOSTON,2024,230,
BOSTON,2024,229,30.000000
BOSTON,2024,228,30.000000
BOSTON,2024,227,30.000000
BOSTON,2024,226,30.000000
BOSTON,2024,225,30.000000
BOSTON,2024,224,
BOSTON,2024,223,
BOSTON,2024,222,30.000000
BOSTON,2024,221,30.000000
BOSTON,2024,220,30.000000
BOSTON,2024,219,30.000000
BOSTON,2024,218,30.000000
BOSTON,2024,217,
BOSTON,2024,216,
BOSTON,2024,215,30.000000
BOSTON,2024,214,30.000000
BOSTON,2024,213,30.000000
BOSTON,2024,212,30.000000
BOSTON,2024,211,30.000000
BOSTON,2024,210,
BOSTON,2024,209,
BOSTON,2024,208,30.000000
BOSTON,2024,207,30.000000
BOSTON,2024,206,30.000000
BOSTON,2024,205,38.000000
BOSTON,2024,204,38.000000
BOSTON,2024,203,
BOSTON,2024,202,
BOSTON,2024,201,38.000000
BOSTON,2024,200,38.000000
BOSTON,2024,199,38.000000
BOSTON,2024,198,38.000000
BOSTON,2024,197,
BOSTON,2024,196,
BOSTON,2024,195,
BOSTON,2024,194,38.000000
BOSTON,2024,193,38.000000
BOSTON,2024,192,38.000000
BOSTON,2024,191,38.000000
BOSTON,2024,190,18.000000
BOSTON,2024,189,
BOSTON,2024,188,
BOSTON,2024,187,18.000000
BOSTON,2024,186,
BOSTON,2024,185,18.000000
BOSTON,2024,184,18.000000
BOSTON,2024,183,18.000000
BOSTON,2024,182,
BOSTON,2024,181,
BOSTON,2024,180,18.000000
BOSTON,2024,179,18.000000
BOSTON,2024,178,18.000000
BOSTON,2024,177,18.000000
BOSTON,2024,176,18.000000
BOSTON,2024,175,
BOSTON,2024,174,
BOSTON,2024,173,18.000000
BOSTON,2024,172,18.000000
BOSTON,2024,171,
BOSTON,2024,170,18.000000
BOSTON,2024,169,18.000000
BOSTON,2024,168,
BOSTON,2024,167,
BOSTON,2024,166,18.000000
BOSTON,2024,165,18.000000
BOSTON,2024,164,18.000000
BOSTON,2024,163,18.000000
BOSTON,2024,162,18.000000
BOSTON,2024,161,
BOSTON,2024,160,
BOSTON,2024,159,18.000000
BOSTON,2024,158,18.000000
BOSTON,2024,157,18.000000
BOSTON,2024,156,18.000000
BOSTON,2024,155,18.000000
BOSTON,2024,154,
BOSTON,2024,153,
BOSTON,2024,152,28.000000
BOSTON,2024,151,28.000000
BOSTON,2024,150,28.000000
BOSTON,2024,149,28.000000
BOSTON,2024,148,
BOSTON,2024,147,
BOSTON,2024,146,
BOSTON,2024,145,28.000000
BOSTON,2024,144,28.000000
BOSTON,2024,143,28.000000
BOSTON,2024,142,28.000000
BOSTON,2024,141,28.000000
BOSTON,2024,140,
BOSTON,2024,139,
BOSTON,2024,138,28.000000
BOSTON,2024,137,28.000000
BOSTON,2024,136,28.000000
BOSTON,2024,135,28.000000
BOSTON,2024,134,28.000000
BOSTON,2024,133,
BOSTON,2024,132,
BOSTON,2024,131,28.000000
BOSTON,2024,130,28.000000
BOSTON,2024,129,28.000000
BOSTON,2024,128,28.000000
BOSTON,2024,127,28.000000
BOSTON,2024,126,
BOSTON,2024,125,
BOSTON,2024,124,28.000000
BOSTON,2024,123,28.000000
BOSTON,2024,122,28.000000
BOSTON,2024,121,28.000000
BOSTON,2024,120,28.000000
BOSTON,2024,119,
BOSTON,2024,118,
BOSTON,2024,117,28.000000
BOSTON,2024,116,28.000000
BOSTON,2024,115,28.000000
BOSTON,2024,114,28.000000
BOSTON,2024,113,28.000000
BOSTON,2024,112,
BOSTON,2024,111,
BOSTON,2024,110,28.000000
BOSTON,2024,109,28.000000
BOSTON,2024,108,28.000000
BOSTON,2024,107,28.000000
BOSTON,2024,106,28.000000
BOSTON,2024,105,
BOSTON,2024,104,
BOSTON,2024,103,28.000000
BOSTON,2024,102,28.000000
BOSTON,2024,101,28.000000
BOSTON,2024,100,28.000000
BOSTON,2024,99,28.000000
BOSTON,2024,98,
BOSTON,2024,97,
BOSTON,2024,96,28.000000
BOSTON,2024,95,28.000000
BOSTON,2024,94,28.000000
BOSTON,2024,93,28.000000
BOSTON,2024,92,28.000000
BOSTON,2024,91,
BOSTON,2024,90,
BOSTON,2024,89,28.000000
BOSTON,2024,88,28.000000
BOSTON,2024,87,28.000000
BOSTON,2024,86,28.000000
BOSTON,2024,85,28.000000
BOSTON,2024,84,
BOSTON,2024,83,
BOSTON,2024,82,28.000000
BOSTON,2024,81,28.000000
BOSTON,2024,80,28.000000
BOSTON,2024,79,28.000000
BOSTON,2024,78,28.000000
BOSTON,2024,77,
BOSTON,2024,76,
BOSTON,2024,75,28.000000
BOSTON,2024,74,28.000000
BOSTON,2024,73,28.000000
BOSTON,2024,72,28.000000
BOSTON,2024,71,28.000000
BOSTON,2024,70,
BOSTON,2024,69,
BOSTON,2024,68,28.000000
BOSTON,2024,67,28.000000
BOSTON,2024,66,28.000000
BOSTON,2024,65,28.000000
BOSTON,2024,64,28.000000
BOSTON,2024,63,
BOSTON,2024,62,
BOSTON,2024,61,28.000000
BOSTON,2024,60,28.000000
BOSTON,2024,59,28.000000
BOSTON,2024,58,28.000000
BOSTON,2024,57,28.000000
BOSTON,2024,56,
BOSTON,2024,55,
BOSTON,2024,54,28.000000
BOSTON,2024,53,28.000000
BOSTON,2024,52,28.000000
BOSTON,2024,51,28.000000
BOSTON,2024,50,
BOSTON,2024,49,
BOSTON,2024,48,
BOSTON,2024,47,28.000000
BOSTON,2024,46,28.000000
BOSTON,2024,45,28.000000
BOSTON,2024,44,28.000000
BOSTON,2024,43,28.000000
BOSTON,2024,42,
BOSTON,2024,41,
BOSTON,2024,40,28.000000
BOSTON,2024,39,28.000000
BOSTON,2024,38,28.000000
BOSTON,2024,37,28.000000
BOSTON,2024,36,28.000000
BOSTON,2024,35,
BOSTON,2024,34,
BOSTON,2024,33,28.000000
BOSTON,2024,32,28.000000
BOSTON,2024,31,28.000000
BOSTON,2024,30,28.000000
BOSTON,2024,29,28.000000
BOSTON,2024,28,
BOSTON,2024,27,
BOSTON,2024,26,28.000000
BOSTON,2024,25,28.000000
BOSTON,2024,24,28.000000
BOSTON,2024,23,28.000000
BOSTON,2024,22,28.000000
BOSTON,2024,21,
BOSTON,2024,20,
BOSTON,2024,19,28.000000
BOSTON,2024,18,28.000000
BOSTON,2024,17,28.000000
BOSTON,2024,16,28.000000
BOSTON,2024,15,
BOSTON,2024,14,
BOSTON,2024,13,
BOSTON,2024,12,28.000000
BOSTON,2024,11,28.000000
BOSTON,2024,10,28.000000
BOSTON,2024,9,28.000000
BOSTON,2024,8,28.000000
BOSTON,2024,7,
BOSTON,2024,6,
BOSTON,2024,5,28.000000
BOSTON,2024,4,28.000000
BOSTON,2024,3,28.000000
BOSTON,2024,2,28.000000
CHICAGO,2024,366,
CHICAGO,2024,365,
CHICAGO,2024,364,
CHICAGO,2024,363,
CHICAGO,2024,362,
CHICAGO,2024,361,
CHICAGO,2024,360,
CHICAGO,2024,359,
CHICAGO,2024,358,
CHICAGO,2024,357,
CHICAGO,2024,356,
CHICAGO,2024,355,
CHICAGO,2024,354,
CHICAGO,2024,353,
CHICAGO,2024,352,
CHICAGO,2024,351,
CHICAGO,2024,350,
CHICAGO,2024,349,
CHICAGO,2024,348,
CHICAGO,2024,347,
CHICAGO,2024,346,
CHICAGO,2024,345,
CHICAGO,2024,344,
CHICAGO,2024,343,
CHICAGO,2024,342,
CHICAGO,2024,341,
CHICAGO,2024,340,
CHICAGO,2024,339,
CHICAGO,2024,338,
CHICAGO,2024,337,
CHICAGO,2024,336,
CHICAGO,2024,335,
CHICAGO,2024,334,
CHICAGO,2024,333,
CHICAGO,2024,332,
CHICAGO,2024,331,
CHICAGO,2024,330,
CHICAGO,2024,329,
CHICAGO,2024,328,
CHICAGO,2024,327,
CHICAGO,2024,326,
CHICAGO,2024,325,
CHICAGO,2024,324,
CHICAGO,2024,323,
CHICAGO,2024,322,
CHICAGO,2024,321,
CHICAGO,2024,320,
CHICAGO,2024,319,
CHICAGO,2024,318,
CHICAGO,2024,317,
CHICAGO,2024,316,
CHICAGO,2024,315,
CHICAGO,2024,314,
CHICAGO,2024,313,
CHICAGO,2024,312,
CHICAGO,2024,311,
CHICAGO,2024,310,
CHICAGO,2024,309,
CHICAGO,2024,308,
CHICAGO,2024,307,
CHICAGO,2024,306,
CHICAGO,2024,305,
CHICAGO,2024,304,
CHICAGO,2024,303,
CHICAGO,2024,302,
CHICAGO,2024,301,
CHICAGO,2024,300,
CHICAGO,2024,299,
CHICAGO,2024,298,
CHICAGO,2024,297,
CHICAGO,2024,296,
CHICAGO,2024,295,
CHICAGO,2024,294,
CHICAGO,2024,293,
CHICAGO,2024,292,
CHICAGO,2024,291,
CHICAGO,2024,290,
CHICAGO,2024,289,
CHICAGO,2024,288,
CHICAGO,2024,287,
CHICAGO,2024,286,
CHICAGO,2024,285,
CHICAGO,2024,284,
CHICAGO,2024,283,
CHICAGO,2024,282,
CHICAGO,2024,281,
CHICAGO,2024,280,
CHICAGO,2024,279,
CHICAGO,2024,278,
CHICAGO,2024,277,
CHICAGO,2024,276,
CHICAGO,2024,275,
CHICAGO,2024,274,26.500000
CHICAGO,2024,273,
CHICAGO,2024,272,
CHICAGO,2024,271,26.500000
CHICAGO,2024,270,26.500000
CHICAGO,2024,269,26.500000
CHICAGO,2024,268,26.500000
CHICAGO,2024,267,
CHICAGO,2024,266,
CHICAGO,2024,265,
CHICAGO,2024,264,26.500000
CHICAGO,2024,263,26.500000
CHICAGO,2024,262,26.500000
CHICAGO,2024,261,26.500000
CHICAGO,2024,260,26.500000
CHICAGO,2024,259,
CHICAGO,2024,258,
CHICAGO,2024,257,26.500000
CHICAGO,2024,256,26.500000
CHICAGO,2024,255,26.500000
CHICAGO,2024,254,26.500000
CHICAGO,2024,253,26.500000
CHICAGO,2024,252,
CHICAGO,2024,251,
CHICAGO,2024,250,26.500000
CHICAGO,2024,249,28.000000
CHICAGO,2024,248,28.000000
CHICAGO,2024,247,28.000000
CHICAGO,2024,246,
CHICAGO,2024,245,
CHICAGO,2024,244,
CHICAGO,2024,243,28.000000
CHICAGO,2024,242,28.000000
CHICAGO,2024,241,28.000000
CHICAGO,2024,240,28.000000
CHICAGO,2024,239,28.000000
CHICAGO,2024,238,
CHICAGO,2024,237,
CHICAGO,2024,236,28.000000
CHICAGO,2024,235,28.000000
CHICAGO,2024,234,28.000000
CHICAGO,2024,233,28.000000
CHICAGO,2024,232,28.000000
CHICAGO,2024,231,
CHICAGO,2024,230,
CHICAGO,2024,229,28.000000
CHICAGO,2024,228,28.000000
CHICAGO,2024,227,28.000000
CHICAGO,2024,226,28.000000
CHICAGO,2024,225,28.000000
CHICAGO,2024,224,
CHICAGO,2024,223,
CHICAGO,2024,222,28.000000
CHICAGO,2024,221,34.500000
CHICAGO,2024,220,34.500000
CHICAGO,2024,219,34.500000
CHICAGO,2024,218,34.500000
CHICAGO,2024,217,
CHICAGO,2024,216,
CHICAGO,2024,215,34.500000
CHICAGO,2024,214,34.500000
CHICAGO,2024,213,34.500000
CHICAGO,2024,212,34.500000
CHICAGO,2024,211,34.500000
CHICAGO,2024,210,
CHICAGO,2024,209,
CHICAGO,2024,208,34.500000
CHICAGO,2024,207,34.500000
CHICAGO,2024,206,34.500000
CHICAGO,2024,205,34.500000
CHICAGO,2024,204,34.500000
CHICAGO,2024,203,
CHICAGO,2024,202,
CHICAGO,2024,201,34.500000
CHICAGO,2024,200,34.500000
CHICAGO,2024,199,28.000000
CHICAGO,2024,198,28.000000
CHICAGO,2024,197,28.000000
CHICAGO,2024,196,
CHICAGO,2024,195,
CHICAGO,2024,194,28.000000
CHICAGO,2024,193,28.000000
CHICAGO,2024,192,28.000000
CHICAGO,2024,191,28.000000
CHICAGO,2024,190,28.000000
CHICAGO,2024,189,
CHICAGO,2024,188,
CHICAGO,2024,187,21.750000
CHICAGO,2024,186,
CHICAGO,2024,185,15.000000
CHICAGO,2024,184,15.000000
CHICAGO,2024,183,15.000000
CHICAGO,2024,182,
CHICAGO,2024,181,
CHICAGO,2024,180,15.000000
CHICAGO,2024,179,15.000000
CHICAGO,2024,178,15.000000
CHICAGO,2024,177,15.000000
CHICAGO,2024,176,15.000000
CHICAGO,2024,175,
CHICAGO,2024,174,
CHICAGO,2024,173,15.000000
CHICAGO,2024,172,17.250000
CHICAGO,2024,171,
CHICAGO,2024,170,17.250000
CHICAGO,2024,169,17.250000
CHICAGO,2024,168,
CHICAGO,2024,167,
CHICAGO,2024,166,17.250000
CHICAGO,2024,165,17.250000
CHICAGO,2024,164,17.250000
CHICAGO,2024,163,17.250000
CHICAGO,2024,162,17.250000
CHICAGO,2024,161,
CHICAGO,2024,160,
CHICAGO,2024,159,17.250000
CHICAGO,2024,158,31.000000
CHICAGO,2024,157,31.000000
CHICAGO,2024,156,31.000000
CHICAGO,2024,155,31.000000
CHICAGO,2024,154,
CHICAGO,2024,153,
CHICAGO,2024,152,31.000000
CHICAGO,2024,151,31.000000
CHICAGO,2024,150,31.000000
CHICAGO,2024,149,31.000000
CHICAGO,2024,148,
CHICAGO,2024,147,
CHICAGO,2024,146,
CHICAGO,2024,145,31.000000
CHICAGO,2024,144,31.000000
CHICAGO,2024,143,31.000000
CHICAGO,2024,142,31.000000
CHICAGO,2024,141,31.000000
CHICAGO,2024,140,
CHICAGO,2024,139,
CHICAGO,2024,138,31.000000
CHICAGO,2024,137,31.000000
CHICAGO,2024,136,31.000000
CHICAGO,2024,135,31.000000
CHICAGO,2024,134,31.000000
CHICAGO,2024,133,
CHICAGO,2024,132,
CHICAGO,2024,131,31.000000
CHICAGO,2024,130,31.000000
CHICAGO,2024,129,31.000000
CHICAGO,2024,128,31.000000
CHICAGO,2024,127,31.000000
CHICAGO,2024,126,
CHICAGO,2024,125,
CHICAGO,2024,124,31.000000
CHICAGO,2024,123,31.000000
CHICAGO,2024,122,31.000000
CHICAGO,2024,121,31.000000
CHICAGO,2024,120,31.000000
CHICAGO,2024,119,
CHICAGO,2024,118,
CHICAGO,2024,117,31.000000
CHICAGO,2024,116,31.000000
CHICAGO,2024,115,31.000000
CHICAGO,2024,114,31.000000
CHICAGO,2024,113,31.000000
CHICAGO,2024,112,
CHICAGO,2024,111,
CHICAGO,2024,110,31.000000
CHICAGO,2024,109,31.000000
CHICAGO,2024,108,31.000000
CHICAGO,2024,107,31.000000
CHICAGO,2024,106,31.000000
CHICAGO,2024,105,
CHICAGO,2024,104,
CHICAGO,2024,103,31.000000
CHICAGO,2024,102,31.000000
CHICAGO,2024,101,31.000000
CHICAGO,2024,100,31.000000
CHICAGO,2024,99,31.000000
CHICAGO,2024,98,
CHICAGO,2024,97,
CHICAGO,2024,96,31.000000
CHICAGO,2024,95,
CHICAGO,2024,94,31.000000
CHICAGO,2024,93,31.000000
CHICAGO,2024,92,31.000000
CHICAGO,2024,91,
CHICAGO,2024,90,
CHICAGO,2024,89,31.000000
CHICAGO,2024,88,31.000000
CHICAGO,2024,87,31.000000
CHICAGO,2024,86,31.000000
CHICAGO,2024,85,31.000000
CHICAGO,2024,84,
CHICAGO,2024,83,
CHICAGO,2024,82,31.000000
CHICAGO,2024,81,31.000000
CHICAGO,2024,80,31.000000
CHICAGO,2024,79,31.000000
CHICAGO,2024,78,31.000000
CHICAGO,2024,77,
CHICAGO,2024,76,
CHICAGO,2024,75,31.000000
CHICAGO,2024,74,31.000000
CHICAGO,2024,73,31.000000
CHICAGO,2024,72,28.500000
CHICAGO,2024,71,28.500000
CHICAGO,2024,70,
CHICAGO,2024,69,
CHICAGO,2024,68,28.500000
CHICAGO,2024,67,28.500000
CHICAGO,2024,66,28.500000
CHICAGO,2024,65,28.500000
CHICAGO,2024,64,28.500000
CHICAGO,2024,63,
CHICAGO,2024,62,
CHICAGO,2024,61,28.500000
CHICAGO,2024,60,28.500000
CHICAGO,2024,59,28.500000
CHICAGO,2024,58,28.500000
CHICAGO,2024,57,28.500000
CHICAGO,2024,56,
CHICAGO,2024,55,
CHICAGO,2024,54,28.500000
CHICAGO,2024,53,28.500000
CHICAGO,2024,52,28.500000
CHICAGO,2024,51,28.500000
CHICAGO,2024,50,
CHICAGO,2024,49,
CHICAGO,2024,48,
CHICAGO,2024,47,28.500000
CHICAGO,2024,46,28.500000
CHICAGO,2024,45,28.500000
CHICAGO,2024,44,28.500000
CHICAGO,2024,43,28.500000
CHICAGO,2024,42,
CHICAGO,2024,41,
CHICAGO,2024,40,28.500000
CHICAGO,2024,39,28.500000
CHICAGO,2024,38,28.500000
CHICAGO,2024,37,28.500000
CHICAGO,2024,36,28.500000
CHICAGO,2024,35,
CHICAGO,2024,34,
CHICAGO,2024,33,28.500000
CHICAGO,2024,32,28.500000
CHICAGO,2024,31,
CHICAGO,2024,30,28.500000
CHICAGO,2024,29,28.500000
CHICAGO,2024,28,
CHICAGO,2024,27,
CHICAGO,2024,26,28.500000
CHICAGO,2024,25,28.500000
CHICAGO,2024,24,28.250000
CHICAGO,2024,23,28.250000
CHICAGO,2024,22,28.250000
CHICAGO,2024,21,
CHICAGO,2024,20,
CHICAGO,2024,19,28.250000
CHICAGO,2024,18,28.250000
CHICAGO,2024,17,28.250000
CHICAGO,2024,16,28.250000
CHICAGO,2024,15,
CHICAGO,2024,14,
CHICAGO,2024,13,
CHICAGO,2024,12,28.250000
CHICAGO,2024,11,28.250000
CHICAGO,2024,10,28.250000
CHICAGO,2024,9,23.125000
CHICAGO,2024,8,23.125000
CHICAGO,2024,7,
CHICAGO,2024,6,
CHICAGO,2024,5,23.125000
CHICAGO,2024,4,23.125000
CHICAGO,2024,3,23.125000
CHICAGO,2024,2,23.125000
COLUMBIA,2024,366,
COLUMBIA,2024,365,
COLUMBIA,2024,364,
COLUMBIA,2024,363,
COLUMBIA,2024,362,
COLUMBIA,2024,361,
COLUMBIA,2024,360,
COLUMBIA,2024,359,
COLUMBIA,2024,358,
COLUMBIA,2024,357,
COLUMBIA,2024,356,
COLUMBIA,2024,355,
COLUMBIA,2024,354,
COLUMBIA,2024,353,
COLUMBIA,2024,352,
COLUMBIA,2024,351,
COLUMBIA,2024,350,
COLUMBIA,2024,349,
COLUMBIA,2024,348,
COLUMBIA,2024,347,
COLUMBIA,2024,346,
COLUMBIA,2024,345,
COLUMBIA,2024,344,
COLUMBIA,2024,343,
COLUMBIA,2024,342,
COLUMBIA,2024,341,
COLUMBIA,2024,340,
COLUMBIA,2024,339,
COLUMBIA,2024,338,
COLUMBIA,2024,337,
COLUMBIA,2024,336,
COLUMBIA,2024,335,
COLUMBIA,2024,334,
COLUMBIA,2024,333,
COLUMBIA,2024,332,
COLUMBIA,2024,331,
COLUMBIA,2024,330,
COLUMBIA,2024,329,
COLUMBIA,2024,328,
COLUMBIA,2024,327,
COLUMBIA,2024,326,
COLUMBIA,2024,325,
COLUMBIA,2024,324,
COLUMBIA,2024,323,
COLUMBIA,2024,322,
COLUMBIA,2024,321,
COLUMBIA,2024,320,
COLUMBIA,2024,319,
COLUMBIA,2024,318,
COLUMBIA,2024,317,
COLUMBIA,2024,316,
COLUMBIA,2024,315,
COLUMBIA,2024,314,
COLUMBIA,2024,313,
COLUMBIA,2024,312,
COLUMBIA,2024,311,
COLUMBIA,2024,310,
COLUMBIA,2024,309,
COLUMBIA,2024,308,
COLUMBIA,2024,307,
COLUMBIA,2024,306,
COLUMBIA,2024,305,
COLUMBIA,2024,304,
COLUMBIA,2024,303,
COLUMBIA,2024,302,
COLUMBIA,2024,301,
COLUMBIA,2024,300,
COLUMBIA,2024,299,
COLUMBIA,2024,298,
COLUMBIA,2024,297,
COLUMBIA,2024,296,
COLUMBIA,2024,295,
COLUMBIA,2024,294,
COLUMBIA,2024,293,
COLUMBIA,2024,292,
COLUMBIA,2024,291,
COLUMBIA,2024,290,
COLUMBIA,2024,289,
COLUMBIA,2024,288,
COLUMBIA,2024,287,
COLUMBIA,2024,286,
COLUMBIA,2024,285,
COLUMBIA,2024,284,
COLUMBIA,2024,283,
COLUMBIA,2024,282,
COLUMBIA,2024,281,
COLUMBIA,2024,280,
COLUMBIA,2024,279,
COLUMBIA,2024,278,
COLUMBIA,2024,277,
COLUMBIA,2024,276,
COLUMBIA,2024,275,
COLUMBIA,2024,274,
COLUMBIA,2024,273,
COLUMBIA,2024,272,
COLUMBIA,2024,271,
COLUMBIA,2024,270,
COLUMBIA,2024,269,
COLUMBIA,2024,268,
COLUMBIA,2024,267,
COLUMBIA,2024,266,
COLUMBIA,2024,265,
COLUMBIA,2024,264,
COLUMBIA,2024,263,
COLUMBIA,2024,262,
COLUMBIA,2024,261,
COLUMBIA,2024,260,
COLUMBIA,2024,259,
COLUMBIA,2024,258,
COLUMBIA,2024,257,
COLUMBIA,2024,256,
COLUMBIA,2024,255,
COLUMBIA,2024,254,
COLUMBIA,2024,253,
COLUMBIA,2024,252,
COLUMBIA,2024,251,
COLUMBIA,2024,250,
COLUMBIA,2024,249,
COLUMBIA,2024,248,
COLUMBIA,2024,247,
COLUMBIA,2024,246,
COLUMBIA,2024,245,
COLUMBIA,2024,244,
COLUMBIA,2024,243,
COLUMBIA,2024,242,
COLUMBIA,2024,241,
COLUMBIA,2024,240,
COLUMBIA,2024,239,
COLUMBIA,2024,238,
COLUMBIA,2024,237,
COLUMBIA,2024,236,
COLUMBIA,2024,235,
COLUMBIA,2024,234,
COLUMBIA,2024,233,
COLUMBIA,2024,232,
COLUMBIA,2024,231,
COLUMBIA,2024,230,
COLUMBIA,2024,229,
COLUMBIA,2024,228,
COLUMBIA,2024,227,
COLUMBIA,2024,226,
COLUMBIA,2024,225,
COLUMBIA,2024,224,
COLUMBIA,2024,223,
COLUMBIA,2024,222,
COLUMBIA,2024,221,
COLUMBIA,2024,220,
COLUMBIA,2024,219,
COLUMBIA,2024,218,
COLUMBIA,2024,217,
COLUMBIA,2024,216,
COLUMBIA,2024,215,
COLUMBIA,2024,214,
COLUMBIA,2024,213,
COLUMBIA,2024,212,
COLUMBIA,2024,211,
COLUMBIA,2024,210,
COLUMBIA,2024,209,
COLUMBIA,2024,208,
COLUMBIA,2024,207,
COLUMBIA,2024,206,
COLUMBIA,2024,205,
COLUMBIA,2024,204,
COLUMBIA,2024,203,
COLUMBIA,2024,202,
COLUMBIA,2024,201,
COLUMBIA,2024,200,
COLUMBIA,2024,199,
COLUMBIA,2024,198,
COLUMBIA,2024,197,
COLUMBIA,2024,196,
COLUMBIA,2024,195,
COLUMBIA,2024,194,
COLUMBIA,2024,193,
COLUMBIA,2024,192,
COLUMBIA,2024,191,
COLUMBIA,2024,190,
COLUMBIA,2024,189,
COLUMBIA,2024,188,
COLUMBIA,2024,187,
COLUMBIA,2024,186,
COLUMBIA,2024,185,
COLUMBIA,2024,184,
COLUMBIA,2024,183,
COLUMBIA,2024,182,
COLUMBIA,2024,181,
COLUMBIA,2024,180,
COLUMBIA,2024,179,
COLUMBIA,2024,178,
COLUMBIA,2024,177,
COLUMBIA,2024,176,
COLUMBIA,2024,175,
COLUMBIA,2024,174,
COLUMBIA,2024,173,28.000000
COLUMBIA,2024,172,28.000000
COLUMBIA,2024,171,28.000000
COLUMBIA,2024,170,28.000000
COLUMBIA,2024,169,28.000000
COLUMBIA,2024,168,
COLUMBIA,2024,167,
COLUMBIA,2024,166,28.000000
COLUMBIA,2024,165,28.000000
COLUMBIA,2024,164,28.000000
COLUMBIA,2024,163,28.000000
COLUMBIA,2024,162,28.000000
COLUMBIA,2024,161,
COLUMBIA,2024,160,
COLUMBIA,2024,159,28.000000
COLUMBIA,2024,158,28.000000
COLUMBIA,2024,157,28.000000
COLUMBIA,2024,156,28.000000
COLUMBIA,2024,155,28.000000
COLUMBIA,2024,154,
COLUMBIA,2024,153,
COLUMBIA,2024,152,28.000000
COLUMBIA,2024,151,28.000000
COLUMBIA,2024,150,28.000000
COLUMBIA,2024,149,28.000000
COLUMBIA,2024,148,
COLUMBIA,2024,147,
COLUMBIA,2024,146,
COLUMBIA,2024,145,28.000000
COLUMBIA,2024,144,28.000000
COLUMBIA,2024,143,28.000000
COLUMBIA,2024,142,28.000000
COLUMBIA,2024,141,28.000000
COLUMBIA,2024,140,
COLUMBIA,2024,139,
COLUMBIA,2024,138,28.000000
COLUMBIA,2024,137,28.000000
COLUMBIA,2024,136,28.000000
COLUMBIA,2024,135,28.000000
COLUMBIA,2024,134,28.000000
COLUMBIA,2024,133,
COLUMBIA,2024,132,
COLUMBIA,2024,131,
COLUMBIA,2024,130,28.000000
COLUMBIA,2024,129,28.000000
COLUMBIA,2024,128,
COLUMBIA,2024,127,
COLUMBIA,2024,126,
COLUMBIA,2024,125,
COLUMBIA,2024,124,28.000000
COLUMBIA,2024,123,28.000000
COLUMBIA,2024,122,28.000000
COLUMBIA,2024,121,28.000000
COLUMBIA,2024,120,28.000000
COLUMBIA,2024,119,
COLUMBIA,2024,118,
COLUMBIA,2024,117,28.000000
COLUMBIA,2024,116,28.000000
COLUMBIA,2024,115,28.000000
COLUMBIA,2024,114,28.000000
COLUMBIA,2024,113,28.000000
COLUMBIA,2024,112,
COLUMBIA,2024,111,
COLUMBIA,2024,110,28.000000
COLUMBIA,2024,109,28.000000
COLUMBIA,2024,108,28.000000
COLUMBIA,2024,107,28.000000
COLUMBIA,2024,106,28.000000
COLUMBIA,2024,105,
COLUMBIA,2024,104,
COLUMBIA,2024,103,28.000000
COLUMBIA,2024,102,28.000000
COLUMBIA,2024,101,28.000000
COLUMBIA,2024,100,28.000000
COLUMBIA,2024,99,28.000000
COLUMBIA,2024,98,
COLUMBIA,2024,97,
COLUMBIA,2024,96,28.000000
COLUMBIA,2024,95,28.000000
COLUMBIA,2024,94,28.000000
COLUMBIA,2024,93,28.000000
COLUMBIA,2024,92,28.000000
COLUMBIA,2024,91,
COLUMBIA,2024,90,
COLUMBIA,2024,89,28.000000
COLUMBIA,2024,88,28.000000
COLUMBIA,2024,87,28.000000
COLUMBIA,2024,86,28.000000
COLUMBIA,2024,85,
COLUMBIA,2024,84,
COLUMBIA,2024,83,
COLUMBIA,2024,82,
COLUMBIA,2024,81,
COLUMBIA,2024,80,
COLUMBIA,2024,79,
COLUMBIA,2024,78,
COLUMBIA,2024,77,
COLUMBIA,2024,76,
COLUMBIA,2024,75,
COLUMBIA,2024,74,
COLUMBIA,2024,73,
COLUMBIA,2024,72,
COLUMBIA,2024,71,
COLUMBIA,2024,70,
COLUMBIA,2024,69,
COLUMBIA,2024,68,
COLUMBIA,2024,67,
COLUMBIA,2024,66,
COLUMBIA,2024,65,
COLUMBIA,2024,64,
COLUMBIA,2024,63,
COLUMBIA,2024,62,
COLUMBIA,2024,61,
COLUMBIA,2024,60,
COLUMBIA,2024,59,
COLUMBIA,2024,58,
COLUMBIA,2024,57,
COLUMBIA,2024,56,
COLUMBIA,2024,55,
COLUMBIA,2024,54,
COLUMBIA,2024,53,
COLUMBIA,2024,52,
COLUMBIA,2024,51,
COLUMBIA,2024,50,
COLUMBIA,2024,49,
COLUMBIA,2024,48,
COLUMBIA,2024,47,
COLUMBIA,2024,46,
COLUMBIA,2024,45,
COLUMBIA,2024,44,
COLUMBIA,2024,43,
COLUMBIA,2024,42,
COLUMBIA,2024,41,
COLUMBIA,2024,40,
COLUMBIA,2024,39,
COLUMBIA,2024,38,
COLUMBIA,2024,37,
COLUMBIA,2024,36,
COLUMBIA,2024,35,
COLUMBIA,2024,34,
COLUMBIA,2024,33,
COLUMBIA,2024,32,
COLUMBIA,2024,31,
COLUMBIA,2024,30,
COLUMBIA,2024,29,
COLUMBIA,2024,28,
COLUMBIA,2024,27,
COLUMBIA,2024,26,
COLUMBIA,2024,25,
COLUMBIA,2024,24,
COLUMBIA,2024,23,
COLUMBIA,2024,22,
COLUMBIA,2024,21,
COLUMBIA,2024,20,
COLUMBIA,2024,19,28.000000
COLUMBIA,2024,18,28.000000
COLUMBIA,2024,17,28.000000
COLUMBIA,2024,16,28.000000
COLUMBIA,2024,15,
COLUMBIA,2024,14,
COLUMBIA,2024,13,
COLUMBIA,2024,12,28.000000
COLUMBIA,2024,11,28.000000
COLUMBIA,2024,10,28.000000
COLUMBIA,2024,9,28.000000
COLUMBIA,2024,8,28.000000
COLUMBIA,2024,7,
COLUMBIA,2024,6,
COLUMBIA,2024,5,28.000000
COLUMBIA,2024,4,28.000000
COLUMBIA,2024,3,28.000000
COLUMBIA,2024,2,28.000000
MIAMI,2024,366,
MIAMI,2024,365,
MIAMI,2024,364,
MIAMI,2024,363,
MIAMI,2024,362,
MIAMI,2024,361,
MIAMI,2024,360,
MIAMI,2024,359,
MIAMI,2024,358,
MIAMI,2024,357,
MIAMI,2024,356,
MIAMI,2024,355,
MIAMI,2024,354,
MIAMI,2024,353,
MIAMI,2024,352,
MIAMI,2024,351,
MIAMI,2024,350,
MIAMI,2024,349,
MIAMI,2024,348,
MIAMI,2024,347,
MIAMI,2024,346,
MIAMI,2024,345,
MIAMI,2024,344,
MIAMI,2024,343,
MIAMI,2024,342,
MIAMI,2024,341,
MIAMI,2024,340,
MIAMI,2024,339,
MIAMI,2024,338,
MIAMI,2024,337,
MIAMI,2024,336,
MIAMI,2024,335,
MIAMI,2024,334,
MIAMI,2024,333,
MIAMI,2024,332,
MIAMI,2024,331,
MIAMI,2024,330,
MIAMI,2024,329,
MIAMI,2024,328,
MIAMI,2024,327,
MIAMI,2024,326,
MIAMI,2024,325,
MIAMI,2024,324,
MIAMI,2024,323,
MIAMI,2024,322,
MIAMI,2024,321,
MIAMI,2024,320,
MIAMI,2024,319,
MIAMI,2024,318,
MIAMI,2024,317,
MIAMI,2024,316,
MIAMI,2024,315,
MIAMI,2024,314,
MIAMI,2024,313,
MIAMI,2024,312,
MIAMI,2024,311,
MIAMI,2024,310,
MIAMI,2024,309,
MIAMI,2024,308,
MIAMI,2024,307,
MIAMI,2024,306,
MIAMI,2024,305,
MIAMI,2024,304,
MIAMI,2024,303,
MIAMI,2024,302,
MIAMI,2024,301,
MIAMI,2024,300,
MIAMI,2024,299,
MIAMI,2024,298,
MIAMI,2024,297,
MIAMI,2024,296,
MIAMI,2024,295,
MIAMI,2024,294,
MIAMI,2024,293,
MIAMI,2024,292,
MIAMI,2024,291,
MIAMI,2024,290,
MIAMI,2024,289,
MIAMI,2024,288,
MIAMI,2024,287,
MIAMI,2024,286,
MIAMI,2024,285,
MIAMI,2024,284,
MIAMI,2024,283,
MIAMI,2024,282,
MIAMI,2024,281,
MIAMI,2024,280,
MIAMI,2024,279,
MIAMI,2024,278,
MIAMI,2024,277,
MIAMI,2024,276,
MIAMI,2024,275,
MIAMI,2024,274,25.500000
MIAMI,2024,273,
MIAMI,2024,272,
MIAMI,2024,271,25.500000
MIAMI,2024,270,25.500000
MIAMI,2024,269,25.500000
MIAMI,2024,268,25.500000
MIAMI,2024,267,25.500000
MIAMI,2024,266,
MIAMI,2024,265,
MIAMI,2024,264,25.500000
MIAMI,2024,263,25.500000
MIAMI,2024,262,25.500000
MIAMI,2024,261,25.500000
MIAMI,2024,260,25.500000
MIAMI,2024,259,
MIAMI,2024,258,
MIAMI,2024,257,25.500000
MIAMI,2024,256,25.500000
MIAMI,2024,255,25.500000
MIAMI,2024,254,25.500000
MIAMI,2024,253,25.500000
MIAMI,2024,252,
MIAMI,2024,251,
MIAMI,2024,250,25.500000
MIAMI,2024,249,25.500000
MIAMI,2024,248,25.500000
MIAMI,2024,247,25.500000
MIAMI,2024,246,
MIAMI,2024,245,
MIAMI,2024,244,
MIAMI,2024,243,25.500000
MIAMI,2024,242,25.500000
MIAMI,2024,241,25.500000
MIAMI,2024,240,25.500000
MIAMI,2024,239,25.500000
MIAMI,2024,238,
MIAMI,2024,237,
MIAMI,2024,236,25.500000
MIAMI,2024,235,25.500000
MIAMI,2024,234,25.500000
MIAMI,2024,233,25.500000
MIAMI,2024,232,25.500000
MIAMI,2024,231,
MIAMI,2024,230,
MIAMI,2024,229,25.500000
MIAMI,2024,228,25.500000
MIAMI,2024,227,25.500000
MIAMI,2024,226,25.500000
MIAMI,2024,225,25.500000
MIAMI,2024,224,
MIAMI,2024,223,
MIAMI,2024,222,25.500000
MIAMI,2024,221,25.500000
MIAMI,2024,220,25.500000
MIAMI,2024,219,25.500000
MIAMI,2024,218,25.500000
MIAMI,2024,217,
MIAMI,2024,216,
MIAMI,2024,215,25.500000
MIAMI,2024,214,25.500000
MIAMI,2024,213,25.500000
MIAMI,2024,212,25.500000
MIAMI,2024,211,25.500000
MIAMI,2024,210,
MIAMI,2024,209,
MIAMI,2024,208,25.500000
MIAMI,2024,207,25.500000
MIAMI,2024,206,25.500000
MIAMI,2024,205,25.500000
MIAMI,2024,204,25.500000
MIAMI,2024,203,
MIAMI,2024,202,
MIAMI,2024,201,25.500000
MIAMI,2024,200,25.500000
MIAMI,2024,199,25.500000
MIAMI,2024,198,25.500000
MIAMI,2024,197,25.500000
MIAMI,2024,196,
MIAMI,2024,195,
MIAMI,2024,194,25.500000
MIAMI,2024,193,25.500000
MIAMI,2024,192,25.500000
MIAMI,2024,191,25.500000
MIAMI,2024,190,25.500000
MIAMI,2024,189,
MIAMI,2024,188,
MIAMI,2024,187,25.500000
MIAMI,2024,186,
MIAMI,2024,185,25.500000
MIAMI,2024,184,25.500000
MIAMI,2024,183,25.500000
MIAMI,2024,182,
MIAMI,2024,181,
MIAMI,2024,180,25.500000
MIAMI,2024,179,25.500000
MIAMI,2024,178,25.500000
MIAMI,2024,177,25.500000
MIAMI,2024,176,25.500000
MIAMI,2024,175,
MIAMI,2024,174,
MIAMI,2024,173,25.500000
MIAMI,2024,172,25.500000
MIAMI,2024,171,
MIAMI,2024,170,25.500000
MIAMI,2024,169,25.500000
MIAMI,2024,168,
MIAMI,2024,167,
MIAMI,2024,166,25.500000
MIAMI,2024,165,25.500000
MIAMI,2024,164,25.500000
MIAMI,2024,163,25.500000
MIAMI,2024,162,25.500000
MIAMI,2024,161,
MIAMI,2024,160,
MIAMI,2024,159,25.500000
MIAMI,2024,158,25.500000
MIAMI,2024,157,25.500000
MIAMI,2024,156,25.500000
MIAMI,2024,155,25.500000
MIAMI,2024,154,
MIAMI,2024,153,
MIAMI,2024,152,25.500000
MIAMI,2024,151,25.500000
MIAMI,2024,150,25.500000
MIAMI,2024,149,25.500000
MIAMI,2024,148,
MIAMI,2024,147,
MIAMI,2024,146,
MIAMI,2024,145,25.500000
MIAMI,2024,144,25.500000
MIAMI,2024,143,25.500000
MIAMI,2024,142,25.500000
MIAMI,2024,141,25.500000
MIAMI,2024,140,
MIAMI,2024,139,
MIAMI,2024,138,25.500000
MIAMI,2024,137,25.500000
MIAMI,2024,136,25.500000
MIAMI,2024,135,25.500000
MIAMI,2024,134,25.500000
MIAMI,2024,133,
MIAMI,2024,132,
MIAMI,2024,131,25.500000
MIAMI,2024,130,25.500000
MIAMI,2024,129,25.500000
MIAMI,2024,128,25.500000
MIAMI,2024,127,25.500000
MIAMI,2024,126,
MIAMI,2024,125,
MIAMI,2024,124,25.500000
MIAMI,2024,123,25.500000
MIAMI,2024,122,25.500000
MIAMI,2024,121,25.500000
MIAMI,2024,120,25.500000
MIAMI,2024,119,
MIAMI,2024,118,
MIAMI,2024,117,25.500000
MIAMI,2024,116,25.500000
MIAMI,2024,115,25.500000
MIAMI,2024,114,25.500000
MIAMI,2024,113,25.500000
MIAMI,2024,112,
MIAMI,2024,111,
MIAMI,2024,110,25.500000
MIAMI,2024,109,25.500000
MIAMI,2024,108,25.500000
MIAMI,2024,107,25.500000
MIAMI,2024,106,25.500000
MIAMI,2024,105,
MIAMI,2024,104,
MIAMI,2024,103,25.500000
MIAMI,2024,102,25.500000
MIAMI,2024,101,25.500000
MIAMI,2024,100,25.500000
MIAMI,2024,99,25.500000
MIAMI,2024,98,
MIAMI,2024,97,
MIAMI,2024,96,25.500000
MIAMI,2024,95,25.500000
MIAMI,2024,94,25.500000
MIAMI,2024,93,25.500000
MIAMI,2024,92,25.500000
MIAMI,2024,91,
MIAMI,2024,90,
MIAMI,2024,89,25.500000
MIAMI,2024,88,25.500000
MIAMI,2024,87,25.500000
MIAMI,2024,86,25.500000
MIAMI,2024,85,25.500000
MIAMI,2024,84,
MIAMI,2024,83,
MIAMI,2024,82,25.500000
MIAMI,2024,81,25.500000
MIAMI,2024,80,25.500000
MIAMI,2024,79,25.500000
MIAMI,2024,78,25.500000
MIAMI,2024,77,
MIAMI,2024,76,
MIAMI,2024,75,25.500000
MIAMI,2024,74,25.500000
MIAMI,2024,73,25.500000
MIAMI,2024,72,25.500000
MIAMI,2024,71,25.500000
MIAMI,2024,70,
MIAMI,2024,69,
MIAMI,2024,68,25.500000
MIAMI,2024,67,25.500000
MIAMI,2024,66,25.500000
MIAMI,2024,65,25.500000
MIAMI,2024,64,25.500000
MIAMI,2024,63,
MIAMI,2024,62,
MIAMI,2024,61,25.500000
MIAMI,2024,60,25.500000
MIAMI,2024,59,25.500000
MIAMI,2024,58,25.500000
MIAMI,2024,57,25.500000
MIAMI,2024,56,
MIAMI,2024,55,
MIAMI,2024,54,25.500000
MIAMI,2024,53,25.500000
MIAMI,2024,52,25.500000
MIAMI,2024,51,25.500000
MIAMI,2024,50,
MIAMI,2024,49,
MIAMI,2024,48,
MIAMI,2024,47,25.500000
MIAMI,2024,46,25.500000
MIAMI,2024,45,25.500000
MIAMI,2024,44,25.500000
MIAMI,2024,43,25.500000
MIAMI,2024,42,
MIAMI,2024,41,
MIAMI,2024,40,25.500000
MIAMI,2024,39,25.500000
MIAMI,2024,38,25.500000
MIAMI,2024,37,25.500000
MIAMI,2024,36,25.500000
MIAMI,2024,35,
MIAMI,2024,34,
MIAMI,2024,33,25.500000
MIAMI,2024,32,25.500000
MIAMI,2024,31,25.500000
MIAMI,2024,30,25.500000
MIAMI,2024,29,25.500000
MIAMI,2024,28,
MIAMI,2024,27,
MIAMI,2024,26,25.500000
MIAMI,2024,25,25.500000
MIAMI,2024,24,25.500000
MIAMI,2024,23,25.500000
MIAMI,2024,22,25.500000
MIAMI,2024,21,
MIAMI,2024,20,
MIAMI,2024,19,25.500000
MIAMI,2024,18,25.500000
MIAMI,2024,17,25.500000
MIAMI,2024,16,25.500000
MIAMI,2024,15,
MIAMI,2024,14,
MIAMI,2024,13,
MIAMI,2024,12,25.500000
MIAMI,2024,11,25.500000
MIAMI,2024,10,25.500000
MIAMI,2024,9,25.500000
MIAMI,2024,8,25.500000
MIAMI,2024,7,
MIAMI,2024,6,
MIAMI,2024,5,25.500000
MIAMI,2024,4,25.500000
MIAMI,2024,3,25.500000
MIAMI,2024,2,25.500000
NEW YORK,2024,366,
NEW YORK,2024,365,
NEW YORK,2024,364,
NEW YORK,2024,363,
NEW YORK,2024,362,
NEW YORK,2024,361,
NEW YORK,2024,360,
NEW YORK,2024,359,
NEW YORK,2024,358,
NEW YORK,2024,357,
NEW YORK,2024,356,
NEW YORK,2024,355,
NEW YORK,2024,354,
NEW YORK,2024,353,
NEW YORK,2024,352,
NEW YORK,2024,351,
NEW YORK,2024,350,
NEW YORK,2024,349,
NEW YORK,2024,348,
NEW YORK,2024,347,
NEW YORK,2024,346,
NEW YORK,2024,345,
NEW YORK,2024,344,
NEW YORK,2024,343,
NEW YORK,2024,342,
NEW YORK,2024,341,
NEW YORK,2024,340,
NEW YORK,2024,339,
NEW YORK,2024,338,
NEW YORK,2024,337,
NEW YORK,2024,336,
NEW YORK,2024,335,
NEW YORK,2024,334,
NEW YORK,2024,333,
NEW YORK,2024,332,
NEW YORK,2024,331,
NEW YORK,2024,330,
NEW YORK,2024,329,
NEW YORK,2024,328,
NEW YORK,2024,327,
NEW YORK,2024,326,
NEW YORK,2024,325,
NEW YORK,2024,324,
NEW YORK,2024,323,
NEW YORK,2024,322,
NEW YORK,2024,321,
NEW YORK,2024,320,
NEW YORK,2024,319,
NEW YORK,2024,318,
NEW YORK,2024,317,
NEW YORK,2024,316,
NEW YORK,2024,315,
NEW YORK,2024,314,
NEW YORK,2024,313,
NEW YORK,2024,312,
NEW YORK,2024,311,
NEW YORK,2024,310,
NEW YORK,2024,309,
NEW YORK,2024,308,
NEW YORK,2024,307,
NEW YORK,2024,306,
NEW YORK,2024,305,
NEW YORK,2024,304,
NEW YORK,2024,303,
NEW YORK,2024,302,
NEW YORK,2024,301,
NEW YORK,2024,300,
NEW YORK,2024,299,
NEW YORK,2024,298,
NEW YORK,2024,297,
NEW YORK,2024,296,
NEW YORK,2024,295,
NEW YORK,2024,294,
NEW YORK,2024,293,
NEW YORK,2024,292,
NEW YORK,2024,291,
NEW YORK,2024,290,
NEW YORK,2024,289,
NEW YORK,2024,288,
NEW YORK,2024,287,
NEW YORK,2024,286,
NEW YORK,2024,285,
NEW YORK,2024,284,
NEW YORK,2024,283,
NEW YORK,2024,282,
NEW YORK,2024,281,
NEW YORK,2024,280,
NEW YORK,2024,279,
NEW YORK,2024,278,
NEW YORK,2024,277,
NEW YORK,2024,276,
NEW YORK,2024,275,
NEW YORK,2024,274,26.000000
NEW YORK,2024,273,
NEW YORK,2024,272,
NEW YORK,2024,271,26.000000
NEW YORK,2024,270,26.000000
NEW YORK,2024,269,26.000000
NEW YORK,2024,268,26.000000
NEW YORK,2024,267,26.000000
NEW YORK,2024,266,
NEW YORK,2024,265,
NEW YORK,2024,264,26.000000
NEW YORK,2024,263,26.000000
NEW YORK,2024,262,26.000000
NEW YORK,2024,261,26.000000
NEW YORK,2024,260,26.000000
NEW YORK,2024,259,
NEW YORK,2024,258,
NEW YORK,2024,257,26.666666
NEW YORK,2024,256,26.666666
NEW YORK,2024,255,26.666666
NEW YORK,2024,254,26.666666
NEW YORK,2024,253,26.666666
NEW YORK,2024,252,
NEW YORK,2024,251,
NEW YORK,2024,250,26.666666
NEW YORK,2024,249,26.666666
NEW YORK,2024,248,25.333333
NEW YORK,2024,247,25.000000
NEW YORK,2024,246,
NEW YORK,2024,245,
NEW YORK,2024,244,
NEW YORK,2024,243,22.750000
NEW YORK,2024,242,22.750000
NEW YORK,2024,241,22.750000
NEW YORK,2024,240,22.750000
NEW YORK,2024,239,22.750000
NEW YORK,2024,238,
NEW YORK,2024,237,
NEW YORK,2024,236,24.250000
NEW YORK,2024,235,24.250000
NEW YORK,2024,234,24.250000
NEW YORK,2024,233,24.250000
NEW YORK,2024,232,24.250000
NEW YORK,2024,231,
NEW YORK,2024,230,
NEW YORK,2024,229,21.600000
NEW YORK,2024,228,21.600000
NEW YORK,2024,227,21.600000
NEW YORK,2024,226,21.600000
NEW YORK,2024,225,21.600000
NEW YORK,2024,224,
NEW YORK,2024,223,
NEW YORK,2024,222,21.800000
NEW YORK,2024,221,21.800000
NEW YORK,2024,220,23.000000
NEW YORK,2024,219,23.000000
NEW YORK,2024,218,23.416666
NEW YORK,2024,217,
NEW YORK,2024,216,
NEW YORK,2024,215,23.666666
NEW YORK,2024,214,23.666666
NEW YORK,2024,213,23.666666
NEW YORK,2024,212,23.666666
NEW YORK,2024,211,23.666666
NEW YORK,2024,210,
NEW YORK,2024,209,
NEW YORK,2024,208,24.416666
NEW YORK,2024,207,24.583333
NEW YORK,2024,206,24.000000
NEW YORK,2024,205,24.000000
NEW YORK,2024,204,24.666666
NEW YORK,2024,203,
NEW YORK,2024,202,
NEW YORK,2024,201,28.937500
NEW YORK,2024,200,28.937500
NEW YORK,2024,199,31.400000
NEW YORK,2024,198,35.333333
NEW YORK,2024,197,36.200000
NEW YORK,2024,196,
NEW YORK,2024,195,
NEW YORK,2024,194,42.500000
NEW YORK,2024,193,33.900000
NEW YORK,2024,192,31.200000
NEW YORK,2024,191,30.400000
NEW YORK,2024,190,26.000000
NEW YORK,2024,189,
NEW YORK,2024,188,
NEW YORK,2024,187,
NEW YORK,2024,186,
NEW YORK,2024,185,30.600000
NEW YORK,2024,184,28.750000
NEW YORK,2024,183,22.625000
NEW YORK,2024,182,
NEW YORK,2024,181,
NEW YORK,2024,180,22.625000
NEW YORK,2024,179,16.750000
NEW YORK,2024,178,16.750000
NEW YORK,2024,177,16.750000
NEW YORK,2024,176,16.750000
NEW YORK,2024,175,
NEW YORK,2024,174,
NEW YORK,2024,173,16.750000
NEW YORK,2024,172,16.750000
NEW YORK,2024,171,
NEW YORK,2024,170,16.750000
NEW YORK,2024,169,16.750000
NEW YORK,2024,168,
NEW YORK,2024,167,
NEW YORK,2024,166,16.750000
NEW YORK,2024,165,16.750000
NEW YORK,2024,164,16.750000
NEW YORK,2024,163,16.750000
NEW YORK,2024,162,16.750000
NEW YORK,2024,161,
NEW YORK,2024,160,
NEW YORK,2024,159,16.750000
NEW YORK,2024,158,16.750000
NEW YORK,2024,157,16.750000
NEW YORK,2024,156,16.750000
NEW YORK,2024,155,16.750000
NEW YORK,2024,154,
NEW YORK,2024,153,
NEW YORK,2024,152,16.750000
NEW YORK,2024,151,16.750000
NEW YORK,2024,150,16.750000
NEW YORK,2024,149,16.750000
NEW YORK,2024,148,
NEW YORK,2024,147,
NEW YORK,2024,146,
NEW YORK,2024,145,13.750000
NEW YORK,2024,144,13.750000
NEW YORK,2024,143,13.750000
NEW YORK,2024,142,16.000000
NEW YORK,2024,141,17.166666
NEW YORK,2024,140,
NEW YORK,2024,139,
NEW YORK,2024,138,17.500000
NEW YORK,2024,137,17.500000
NEW YORK,2024,136,17.500000
NEW YORK,2024,135,17.666666
NEW YORK,2024,134,17.666666
NEW YORK,2024,133,
NEW YORK,2024,132,
NEW YORK,2024,131,16.333333
NEW YORK,2024,130,16.333333
NEW YORK,2024,129,16.333333
NEW YORK,2024,128,16.333333
NEW YORK,2024,127,19.250000
NEW YORK,2024,126,
NEW YORK,2024,125,
NEW YORK,2024,124,19.500000
NEW YORK,2024,123,19.500000
NEW YORK,2024,122,19.500000
NEW YORK,2024,121,20.750000
NEW YORK,2024,120,20.750000
NEW YORK,2024,119,
NEW YORK,2024,118,
NEW YORK,2024,117,19.400000
NEW YORK,2024,116,19.400000
NEW YORK,2024,115,19.400000
NEW YORK,2024,114,19.400000
NEW YORK,2024,113,21.400000
NEW YORK,2024,112,
NEW YORK,2024,111,
NEW YORK,2024,110,23.000000
NEW YORK,2024,109,23.000000
NEW YORK,2024,108,23.000000
NEW YORK,2024,107,23.000000
NEW YORK,2024,106,23.000000
NEW YORK,2024,105,
NEW YORK,2024,104,
NEW YORK,2024,103,27.666666
NEW YORK,2024,102,27.666666
NEW YORK,2024,101,23.000000
NEW YORK,2024,100,25.500000
NEW YORK,2024,99,31.000000
NEW YORK,2024,98,
NEW YORK,2024,97,
NEW YORK,2024,96,26.300000
NEW YORK,2024,95,26.300000
NEW YORK,2024,94,29.666666
NEW YORK,2024,93,28.000000
NEW YORK,2024,92,
NEW YORK,2024,91,
NEW YORK,2024,90,
NEW YORK,2024,89,24.100000
NEW YORK,2024,88,24.100000
NEW YORK,2024,87,24.100000
NEW YORK,2024,86,24.100000
NEW YORK,2024,85,26.200000
NEW YORK,2024,84,
NEW YORK,2024,83,
NEW YORK,2024,82,25.750000
NEW YORK,2024,81,25.750000
NEW YORK,2024,80,26.333333
NEW YORK,2024,79,26.333333
NEW YORK,2024,78,27.800000
NEW YORK,2024,77,
NEW YORK,2024,76,
NEW YORK,2024,75,33.250000
NEW YORK,2024,74,33.250000
NEW YORK,2024,73,33.250000
NEW YORK,2024,72,33.250000
NEW YORK,2024,71,32.750000
NEW YORK,2024,70,
NEW YORK,2024,69,
NEW YORK,2024,68,35.666666
NEW YORK,2024,67,35.666666
NEW YORK,2024,66,32.000000
NEW YORK,2024,65,34.000000
NEW YORK,2024,64,34.000000
NEW YORK,2024,63,
NEW YORK,2024,62,
NEW YORK,2024,61,34.250000
NEW YORK,2024,60,34.250000
NEW YORK,2024,59,34.250000
NEW YORK,2024,58,34.250000
NEW YORK,2024,57,34.250000
NEW YORK,2024,56,
NEW YORK,2024,55,
NEW YORK,2024,54,38.166666
NEW YORK,2024,53,36.500000
NEW YORK,2024,52,36.500000
NEW YORK,2024,51,32.500000
NEW YORK,2024,50,
NEW YORK,2024,49,
NEW YORK,2024,48,
NEW YORK,2024,47,27.000000
NEW YORK,2024,46,27.000000
NEW YORK,2024,45,27.000000
NEW YORK,2024,44,29.000000
NEW YORK,2024,43,26.250000
NEW YORK,2024,42,
NEW YORK,2024,41,
NEW YORK,2024,40,26.250000
NEW YORK,2024,39,26.250000
NEW YORK,2024,38,29.000000
NEW YORK,2024,37,34.000000
NEW YORK,2024,36,34.000000
NEW YORK,2024,35,
NEW YORK,2024,34,
NEW YORK,2024,33,28.000000
NEW YORK,2024,32,28.000000
NEW YORK,2024,31,23.500000
NEW YORK,2024,30,23.500000
NEW YORK,2024,29,23.500000
NEW YORK,2024,28,
NEW YORK,2024,27,
NEW YORK,2024,26,23.500000
NEW YORK,2024,25,23.500000
NEW YORK,2024,24,22.500000
NEW YORK,2024,23,22.500000
NEW YORK,2024,22,23.000000
NEW YORK,2024,21,
NEW YORK,2024,20,
NEW YORK,2024,19,24.833333
NEW YORK,2024,18,24.833333
NEW YORK,2024,17,24.666666
NEW YORK,2024,16,25.500000
NEW YORK,2024,15,
NEW YORK,2024,14,
NEW YORK,2024,13,
NEW YORK,2024,12,37.500000
NEW YORK,2024,11,37.500000
NEW YORK,2024,10,37.500000
NEW YORK,2024,9,37.250000
NEW YORK,2024,8,32.500000
NEW YORK,2024,7,
NEW YORK,2024,6,
NEW YORK,2024,5,36.500000
NEW YORK,2024,4,27.500000
NEW YORK,2024,3,27.500000
NEW YORK,2024,2,23.500000
PHILADELPHIA,2024,366,
PHILADELPHIA,2024,365,
PHILADELPHIA,2024,364,
PHILADELPHIA,2024,363,
PHILADELPHIA,2024,362,
PHILADELPHIA,2024,361,
PHILADELPHIA,2024,360,
PHILADELPHIA,2024,359,
PHILADELPHIA,2024,358,
PHILADELPHIA,2024,357,
PHILADELPHIA,2024,356,
PHILADELPHIA,2024,355,
PHILADELPHIA,2024,354,
PHILADELPHIA,2024,353,
PHILADELPHIA,2024,352,
PHILADELPHIA,2024,351,
PHILADELPHIA,2024,350,
PHILADELPHIA,2024,349,
PHILADELPHIA,2024,348,
PHILADELPHIA,2024,347,
PHILADELPHIA,2024,346,
PHILADELPHIA,2024,345,
PHILADELPHIA,2024,344,
PHILADELPHIA,2024,343,
PHILADELPHIA,2024,342,
PHILADELPHIA,2024,341,
PHILADELPHIA,2024,340,
PHILADELPHIA,2024,339,
PHILADELPHIA,2024,338,
PHILADELPHIA,2024,337,
PHILADELPHIA,2024,336,
PHILADELPHIA,2024,335,
PHILADELPHIA,2024,334,
PHILADELPHIA,2024,333,
PHILADELPHIA,2024,332,
PHILADELPHIA,2024,331,
PHILADELPHIA,2024,330,
PHILADELPHIA,2024,329,
PHILADELPHIA,2024,328,
PHILADELPHIA,2024,327,
PHILADELPHIA,2024,326,
PHILADELPHIA,2024,325,
PHILADELPHIA,2024,324,
PHILADELPHIA,2024,323,
PHILADELPHIA,2024,322,
PHILADELPHIA,2024,321,
PHILADELPHIA,2024,320,
PHILADELPHIA,2024,319,
PHILADELPHIA,2024,318,
PHILADELPHIA,2024,317,
PHILADELPHIA,2024,316,
PHILADELPHIA,2024,315,
PHILADELPHIA,2024,314,
PHILADELPHIA,2024,313,
PHILADELPHIA,2024,312,
PHILADELPHIA,2024,311,
PHILADELPHIA,2024,310,
PHILADELPHIA,2024,309,
PHILADELPHIA,2024,308,
PHILADELPHIA,2024,307,
PHILADELPHIA,2024,306,
PHILADELPHIA,2024,305,
PHILADELPHIA,2024,304,
PHILADELPHIA,2024,303,
PHILADELPHIA,2024,302,
PHILADELPHIA,2024,301,
PHILADELPHIA,2024,300,
PHILADELPHIA,2024,299,
PHILADELPHIA,2024,298,
PHILADELPHIA,2024,297,
PHILADELPHIA,2024,296,
PHILADELPHIA,2024,295,
PHILADELPHIA,2024,294,
PHILADELPHIA,2024,293,
PHILADELPHIA,2024,292,
PHILADELPHIA,2024,291,
PHILADELPHIA,2024,290,
PHILADELPHIA,2024,289,
PHILADELPHIA,2024,288,
PHILADELPHIA,2024,287,
PHILADELPHIA,2024,286,
PHILADELPHIA,2024,285,
PHILADELPHIA,2024,284,
PHILADELPHIA,2024,283,
PHILADELPHIA,2024,282,
PHILADELPHIA,2024,281,
PHILADELPHIA,2024,280,
PHILADELPHIA,2024,279,
PHILADELPHIA,2024,278,
PHILADELPHIA,2024,277,
PHILADELPHIA,2024,276,
PHILADELPHIA,2024,275,
PHILADELPHIA,2024,274,
PHILADELPHIA,2024,273,
PHILADELPHIA,2024,272,
PHILADELPHIA,2024,271,25.500000
PHILADELPHIA,2024,270,25.500000
PHILADELPHIA,2024,269,
PHILADELPHIA,2024,268,
PHILADELPHIA,2024,267,
PHILADELPHIA,2024,266,
PHILADELPHIA,2024,265,
PHILADELPHIA,2024,264,31.000000
PHILADELPHIA,2024,263,31.000000
PHILADELPHIA,2024,262,31.000000
PHILADELPHIA,2024,261,31.000000
PHILADELPHIA,2024,260,31.000000
PHILADELPHIA,2024,259,
PHILADELPHIA,2024,258,
PHILADELPHIA,2024,257,31.000000
PHILADELPHIA,2024,256,31.000000
PHILADELPHIA,2024,255,31.000000
PHILADELPHIA,2024,254,27.000000
PHILADELPHIA,2024,253,27.000000
PHILADELPHIA,2024,252,
PHILADELPHIA,2024,251,
PHILADELPHIA,2024,250,31.000000
PHILADELPHIA,2024,249,31.000000
PHILADELPHIA,2024,248,33.000000
PHILADELPHIA,2024,247,
PHILADELPHIA,2024,246,
PHILADELPHIA,2024,245,
PHILADELPHIA,2024,244,
PHILADELPHIA,2024,243,
PHILADELPHIA,2024,242,21.000000
PHILADELPHIA,2024,241,21.000000
PHILADELPHIA,2024,240,22.500000
PHILADELPHIA,2024,239,22.500000
PHILADELPHIA,2024,238,
PHILADELPHIA,2024,237,
PHILADELPHIA,2024,236,23.000000
PHILADELPHIA,2024,235,23.000000
PHILADELPHIA,2024,234,
PHILADELPHIA,2024,233,
PHILADELPHIA,2024,232,
PHILADELPHIA,2024,231,
PHILADELPHIA,2024,230,
PHILADELPHIA,2024,229,18.000000
PHILADELPHIA,2024,228,18.000000
PHILADELPHIA,2024,227,18.000000
PHILADELPHIA,2024,226,18.000000
PHILADELPHIA,2024,225,18.000000
PHILADELPHIA,2024,224,
PHILADELPHIA,2024,223,
PHILADELPHIA,2024,222,21.000000
PHILADELPHIA,2024,221,21.000000
PHILADELPHIA,2024,220,17.000000
PHILADELPHIA,2024,219,18.250000
PHILADELPHIA,2024,218,18.250000
PHILADELPHIA,2024,217,
PHILADELPHIA,2024,216,
PHILADELPHIA,2024,215,
PHILADELPHIA,2024,214,16.166666
PHILADELPHIA,2024,213,18.000000
PHILADELPHIA,2024,212,18.000000
PHILADELPHIA,2024,211,17.000000
PHILADELPHIA,2024,210,
PHILADELPHIA,2024,209,
PHILADELPHIA,2024,208,24.000000
PHILADELPHIA,2024,207,29.000000
PHILADELPHIA,2024,206,29.000000
PHILADELPHIA,2024,205,29.000000
PHILADELPHIA,2024,204,29.000000
PHILADELPHIA,2024,203,
PHILADELPHIA,2024,202,
PHILADELPHIA,2024,201,
PHILADELPHIA,2024,200,
PHILADELPHIA,2024,199,
PHILADELPHIA,2024,198,
PHILADELPHIA,2024,197,
PHILADELPHIA,2024,196,
PHILADELPHIA,2024,195,
PHILADELPHIA,2024,194,
PHILADELPHIA,2024,193,
PHILADELPHIA,2024,192,
PHILADELPHIA,2024,191,
PHILADELPHIA,2024,190,
PHILADELPHIA,2024,189,
PHILADELPHIA,2024,188,
PHILADELPHIA,2024,187,
PHILADELPHIA,2024,186,
PHILADELPHIA,2024,185,25.500000
PHILADELPHIA,2024,184,25.500000
PHILADELPHIA,2024,183,25.500000
PHILADELPHIA,2024,182,
PHILADELPHIA,2024,181,
PHILADELPHIA,2024,180,21.250000
PHILADELPHIA,2024,179,17.000000
PHILADELPHIA,2024,178,17.000000
PHILADELPHIA,2024,177,17.000000
PHILADELPHIA,2024,176,
PHILADELPHIA,2024,175,
PHILADELPHIA,2024,174,
PHILADELPHIA,2024,173,
PHILADELPHIA,2024,172,24.500000
PHILADELPHIA,2024,171,
PHILADELPHIA,2024,170,24.500000
PHILADELPHIA,2024,169,24.500000
PHILADELPHIA,2024,168,
PHILADELPHIA,2024,167,
PHILADELPHIA,2024,166,17.000000
PHILADELPHIA,2024,165,17.000000
PHILADELPHIA,2024,164,19.000000
PHILADELPHIA,2024,163,19.000000
PHILADELPHIA,2024,162,19.000000
PHILADELPHIA,2024,161,
PHILADELPHIA,2024,160,
PHILADELPHIA,2024,159,19.000000
PHILADELPHIA,2024,158,19.000000
PHILADELPHIA,2024,157,19.000000
PHILADELPHIA,2024,156,19.000000
PHILADELPHIA,2024,155,19.000000
PHILADELPHIA,2024,154,
PHILADELPHIA,2024,153,
PHILADELPHIA,2024,152,
PHILADELPHIA,2024,151,
PHILADELPHIA,2024,150,
PHILADELPHIA,2024,149,
PHILADELPHIA,2024,148,
PHILADELPHIA,2024,147,
PHILADELPHIA,2024,146,
PHILADELPHIA,2024,145,19.000000
PHILADELPHIA,2024,144,19.000000
PHILADELPHIA,2024,143,19.000000
PHILADELPHIA,2024,142,19.000000
PHILADELPHIA,2024,141,
PHILADELPHIA,2024,140,
PHILADELPHIA,2024,139,
PHILADELPHIA,2024,138,21.000000
PHILADELPHIA,2024,137,22.000000
PHILADELPHIA,2024,136,22.000000
PHILADELPHIA,2024,135,22.000000
PHILADELPHIA,2024,134,22.000000
PHILADELPHIA,2024,133,
PHILADELPHIA,2024,132,
PHILADELPHIA,2024,131,21.166666
PHILADELPHIA,2024,130,21.166666
PHILADELPHIA,2024,129,23.000000
PHILADELPHIA,2024,128,23.000000
PHILADELPHIA,2024,127,23.000000
PHILADELPHIA,2024,126,
PHILADELPHIA,2024,125,
PHILADELPHIA,2024,124,22.250000
PHILADELPHIA,2024,123,22.250000
PHILADELPHIA,2024,122,22.250000
PHILADELPHIA,2024,121,22.250000
PHILADELPHIA,2024,120,22.250000
PHILADELPHIA,2024,119,
PHILADELPHIA,2024,118,
PHILADELPHIA,2024,117,23.000000
PHILADELPHIA,2024,116,26.000000
PHILADELPHIA,2024,115,26.250000
PHILADELPHIA,2024,114,26.250000
PHILADELPHIA,2024,113,26.250000
PHILADELPHIA,2024,112,
PHILADELPHIA,2024,111,
PHILADELPHIA,2024,110,31.000000
PHILADELPHIA,2024,109,31.000000
PHILADELPHIA,2024,108,29.000000
PHILADELPHIA,2024,107,29.000000
PHILADELPHIA,2024,106,29.000000
PHILADELPHIA,2024,105,
PHILADELPHIA,2024,104,
PHILADELPHIA,2024,103,29.000000
PHILADELPHIA,2024,102,29.000000
PHILADELPHIA,2024,101,29.000000
PHILADELPHIA,2024,100,29.000000
PHILADELPHIA,2024,99,29.000000
PHILADELPHIA,2024,98,
PHILADELPHIA,2024,97,
PHILADELPHIA,2024,96,31.000000
PHILADELPHIA,2024,95,31.000000
PHILADELPHIA,2024,94,31.000000
PHILADELPHIA,2024,93,31.000000
PHILADELPHIA,2024,92,
PHILADELPHIA,2024,91,
PHILADELPHIA,2024,90,
PHILADELPHIA,2024,89,
PHILADELPHIA,2024,88,
PHILADELPHIA,2024,87,29.000000
PHILADELPHIA,2024,86,32.000000
PHILADELPHIA,2024,85,32.000000
PHILADELPHIA,2024,84,
PHILADELPHIA,2024,83,
PHILADELPHIA,2024,82,31.000000
PHILADELPHIA,2024,81,31.000000
PHILADELPHIA,2024,80,31.000000
PHILADELPHIA,2024,79,31.000000
PHILADELPHIA,2024,78,31.000000
PHILADELPHIA,2024,77,
PHILADELPHIA,2024,76,
PHILADELPHIA,2024,75,31.000000
PHILADELPHIA,2024,74,33.000000
PHILADELPHIA,2024,73,31.000000
PHILADELPHIA,2024,72,31.000000
PHILADELPHIA,2024,71,31.000000
PHILADELPHIA,2024,70,
PHILADELPHIA,2024,69,
PHILADELPHIA,2024,68,32.000000
PHILADELPHIA,2024,67,32.000000
PHILADELPHIA,2024,66,32.000000
PHILADELPHIA,2024,65,
PHILADELPHIA,2024,64,
PHILADELPHIA,2024,63,
PHILADELPHIA,2024,62,
PHILADELPHIA,2024,61,
PHILADELPHIA,2024,60,
PHILADELPHIA,2024,59,
PHILADELPHIA,2024,58,
PHILADELPHIA,2024,57,
PHILADELPHIA,2024,56,
PHILADELPHIA,2024,55,
PHILADELPHIA,2024,54,31.000000
PHILADELPHIA,2024,53,31.000000
PHILADELPHIA,2024,52,31.000000
PHILADELPHIA,2024,51,31.000000
PHILADELPHIA,2024,50,
PHILADELPHIA,2024,49,
PHILADELPHIA,2024,48,
PHILADELPHIA,2024,47,30.000000
PHILADELPHIA,2024,46,30.000000
PHILADELPHIA,2024,45,30.000000
PHILADELPHIA,2024,44,30.000000
PHILADELPHIA,2024,43,30.000000
PHILADELPHIA,2024,42,
PHILADELPHIA,2024,41,
PHILADELPHIA,2024,40,27.500000
PHILADELPHIA,2024,39,27.500000
PHILADELPHIA,2024,38,27.500000
PHILADELPHIA,2024,37,27.500000
PHILADELPHIA,2024,36,27.500000
PHILADELPHIA,2024,35,
PHILADELPHIA,2024,34,
PHILADELPHIA,2024,33,
PHILADELPHIA,2024,32,
PHILADELPHIA,2024,31,
PHILADELPHIA,2024,30,29.000000
PHILADELPHIA,2024,29,29.000000
PHILADELPHIA,2024,28,
PHILADELPHIA,2024,27,
PHILADELPHIA,2024,26,25.000000
PHILADELPHIA,2024,25,25.000000
PHILADELPHIA,2024,24,25.000000
PHILADELPHIA,2024,23,25.000000
PHILADELPHIA,2024,22,25.000000
PHILADELPHIA,2024,21,
PHILADELPHIA,2024,20,
PHILADELPHIA,2024,19,26.000000
PHILADELPHIA,2024,18,26.000000
PHILADELPHIA,2024,17,26.000000
PHILADELPHIA,2024,16,26.000000
PHILADELPHIA,2024,15,
PHILADELPHIA,2024,14,
PHILADELPHIA,2024,13,
PHILADELPHIA,2024,12,30.000000
PHILADELPHIA,2024,11,30.000000
PHILADELPHIA,2024,10,30.000000
PHILADELPHIA,2024,9,27.500000
PHILADELPHIA,2024,8,27.500000
PHILADELPHIA,2024,7,
PHILADELPHIA,2024,6,
PHILADELPHIA,2024,5,25.000000
PHILADELPHIA,2024,4,
PHILADELPHIA,2024,3,
PHILADELPHIA,2024,2,
BALTIMORE,2023,366,
BALTIMORE,2023,365,
BALTIMORE,2023,364,
BALTIMORE,2023,363,29.000000
BALTIMORE,2023,362,29.000000
BALTIMORE,2023,361,29.000000
BALTIMORE,2023,360,29.000000
BALTIMORE,2023,359,
BALTIMORE,2023,358,
BALTIMORE,2023,357,
BALTIMORE,2023,356,29.000000
BALTIMORE,2023,355,29.000000
BALTIMORE,2023,354,29.000000
BALTIMORE,2023,353,29.000000
BALTIMORE,2023,352,34.000000
BALTIMORE,2023,351,
BALTIMORE,2023,350,
BALTIMORE,2023,349,34.000000
BALTIMORE,2023,348,34.000000
BALTIMORE,2023,347,34.000000
BALTIMORE,2023,346,34.000000
BALTIMORE,2023,345,34.000000
BALTIMORE,2023,344,
BALTIMORE,2023,343,
BALTIMORE,2023,342,34.000000
BALTIMORE,2023,341,34.000000
BALTIMORE,2023,340,34.000000
BALTIMORE,2023,339,34.000000
BALTIMORE,2023,338,34.000000
BALTIMORE,2023,337,
BALTIMORE,2023,336,
BALTIMORE,2023,335,38.000000
BALTIMORE,2023,334,35.000000
BALTIMORE,2023,333,35.000000
BALTIMORE,2023,332,35.000000
BALTIMORE,2023,331,35.000000
BALTIMORE,2023,330,
BALTIMORE,2023,329,
BALTIMORE,2023,328,35.000000
BALTIMORE,2023,327,
BALTIMORE,2023,326,35.000000
BALTIMORE,2023,325,35.000000
BALTIMORE,2023,324,35.000000
BALTIMORE,2023,323,
BALTIMORE,2023,322,
BALTIMORE,2023,321,35.000000
BALTIMORE,2023,320,35.000000
BALTIMORE,2023,319,35.000000
BALTIMORE,2023,318,35.000000
BALTIMORE,2023,317,35.000000
BALTIMORE,2023,316,
BALTIMORE,2023,315,
BALTIMORE,2023,314,
BALTIMORE,2023,313,35.000000
BALTIMORE,2023,312,35.000000
BALTIMORE,2023,311,35.000000
BALTIMORE,2023,310,35.000000
BALTIMORE,2023,309,
BALTIMORE,2023,308,
BALTIMORE,2023,307,35.000000
BALTIMORE,2023,306,35.000000
BALTIMORE,2023,305,35.000000
BALTIMORE,2023,304,35.000000
BALTIMORE,2023,303,35.000000
BALTIMORE,2023,302,
BALTIMORE,2023,301,
BALTIMORE,2023,300,35.000000
BALTIMORE,2023,299,35.000000
BALTIMORE,2023,298,35.000000
BALTIMORE,2023,297,35.000000
BALTIMORE,2023,296,35.000000
BALTIMORE,2023,295,
BALTIMORE,2023,294,
BALTIMORE,2023,293,35.000000
BALTIMORE,2023,292,35.000000
BALTIMORE,2023,291,35.000000
BALTIMORE,2023,290,35.000000
BALTIMORE,2023,289,38.000000
BALTIMORE,2023,288,
BALTIMORE,2023,287,
BALTIMORE,2023,286,38.000000
BALTIMORE,2023,285,38.000000
BALTIMORE,2023,284,35.000000
BALTIMORE,2023,283,35.000000
BALTIMORE,2023,282,
BALTIMORE,2023,281,
BALTIMORE,2023,280,
BALTIMORE,2023,279,35.000000
BALTIMORE,2023,278,35.000000
BALTIMORE,2023,277,35.000000
BALTIMORE,2023,276,35.000000
BALTIMORE,2023,275,35.000000
BALTIMORE,2023,274,
BALTIMORE,2023,273,
BALTIMORE,2023,272,35.000000
BALTIMORE,2023,271,35.000000
BALTIMORE,2023,270,35.000000
BALTIMORE,2023,269,32.500000
BALTIMORE,2023,268,35.000000
BALTIMORE,2023,267,
BALTIMORE,2023,266,
BALTIMORE,2023,265,31.000000
BALTIMORE,2023,264,31.000000
BALTIMORE,2023,263,31.000000
BALTIMORE,2023,262,31.000000
BALTIMORE,2023,261,31.000000
BALTIMORE,2023,260,
BALTIMORE,2023,259,
BALTIMORE,2023,258,
BALTIMORE,2023,257,32.750000
BALTIMORE,2023,256,32.750000
BALTIMORE,2023,255,32.750000
BALTIMORE,2023,254,32.750000
BALTIMORE,2023,253,
BALTIMORE,2023,252,
BALTIMORE,2023,251,32.750000
BALTIMORE,2023,250,32.750000
BALTIMORE,2023,249,32.750000
BALTIMORE,2023,248,26.833333
BALTIMORE,2023,247,
BALTIMORE,2023,246,
BALTIMORE,2023,245,
BALTIMORE,2023,244,33.000000
BALTIMORE,2023,243,32.000000
BALTIMORE,2023,242,35.000000
BALTIMORE,2023,241,35.000000
BALTIMORE,2023,240,35.000000
BALTIMORE,2023,239,
BALTIMORE,2023,238,
BALTIMORE,2023,237,35.000000
BALTIMORE,2023,236,35.000000
BALTIMORE,2023,235,35.000000
BALTIMORE,2023,234,35.000000
BALTIMORE,2023,233,30.500000
BALTIMORE,2023,232,
BALTIMORE,2023,231,
BALTIMORE,2023,230,30.500000
BALTIMORE,2023,229,30.500000
BALTIMORE,2023,228,30.500000
BALTIMORE,2023,227,30.500000
BALTIMORE,2023,226,30.500000
BALTIMORE,2023,225,
BALTIMORE,2023,224,
BALTIMORE,2023,223,30.500000
BALTIMORE,2023,222,30.500000
BALTIMORE,2023,221,31.500000
BALTIMORE,2023,220,30.750000
BALTIMORE,2023,219,30.750000
BALTIMORE,2023,218,
BALTIMORE,2023,217,
BALTIMORE,2023,216,27.000000
BALTIMORE,2023,215,27.000000
BALTIMORE,2023,214,27.000000
BALTIMORE,2023,213,27.000000
BALTIMORE,2023,212,27.000000
BALTIMORE,2023,211,
BALTIMORE,2023,210,
BALTIMORE,2023,209,27.000000
BALTIMORE,2023,208,27.000000
BALTIMORE,2023,207,27.000000
BALTIMORE,2023,206,25.500000
BALTIMORE,2023,205,25.500000
BALTIMORE,2023,204,
BALTIMORE,2023,203,
BALTIMORE,2023,202,25.500000
BALTIMORE,2023,201,25.500000
BALTIMORE,2023,200,24.000000
BALTIMORE,2023,199,24.000000
BALTIMORE,2023,198,24.000000
BALTIMORE,2023,197,
BALTIMORE,2023,196,
BALTIMORE,2023,195,24.000000
BALTIMORE,2023,194,24.000000
BALTIMORE,2023,193,24.000000
BALTIMORE,2023,192,24.000000
BALTIMORE,2023,191,24.000000
BALTIMORE,2023,190,
BALTIMORE,2023,189,
BALTIMORE,2023,188,16.000000
BALTIMORE,2023,187,16.000000
BALTIMORE,2023,186,16.000000
BALTIMORE,2023,185,
BALTIMORE,2023,184,16.000000
BALTIMORE,2023,183,
BALTIMORE,2023,182,
BALTIMORE,2023,181,25.000000
BALTIMORE,2023,180,25.000000
BALTIMORE,2023,179,25.000000
BALTIMORE,2023,178,25.000000
BALTIMORE,2023,177,25.000000
BALTIMORE,2023,176,
BALTIMORE,2023,175,
BALTIMORE,2023,174,25.000000
BALTIMORE,2023,173,25.000000
BALTIMORE,2023,172,25.000000
BALTIMORE,2023,171,25.000000
BALTIMORE,2023,170,
BALTIMORE,2023,169,
BALTIMORE,2023,168,
BALTIMORE,2023,167,25.000000
BALTIMORE,2023,166,25.000000
BALTIMORE,2023,165,25.000000
BALTIMORE,2023,164,29.000000
BALTIMORE,2023,163,29.000000
BALTIMORE,2023,162,
BALTIMORE,2023,161,
BALTIMORE,2023,160,29.000000
BALTIMORE,2023,159,29.000000
BALTIMORE,2023,158,29.000000
BALTIMORE,2023,157,29.000000
BALTIMORE,2023,156,29.000000
BALTIMORE,2023,155,
BALTIMORE,2023,154,
BALTIMORE,2023,153,29.000000
BALTIMORE,2023,152,29.000000
BALTIMORE,2023,151,29.000000
BALTIMORE,2023,150,29.000000
BALTIMORE,2023,149,
BALTIMORE,2023,148,
BALTIMORE,2023,147,
BALTIMORE,2023,146,29.000000
BALTIMORE,2023,145,42.000000
BALTIMORE,2023,144,42.000000
BALTIMORE,2023,143,42.000000
BALTIMORE,2023,142,42.000000
BALTIMORE,2023,141,
BALTIMORE,2023,140,
BALTIMORE,2023,139,42.000000
BALTIMORE,2023,138,42.000000
BALTIMORE,2023,137,42.000000
BALTIMORE,2023,136,42.000000
BALTIMORE,2023,135,42.000000
BALTIMORE,2023,134,
BALTIMORE,2023,133,
BALTIMORE,2023,132,42.000000
BALTIMORE,2023,131,42.000000
BALTIMORE,2023,130,42.000000
BALTIMORE,2023,129,42.000000
BALTIMORE,2023,128,34.500000
BALTIMORE,2023,127,
BALTIMORE,2023,126,
BALTIMORE,2023,125,39.000000
BALTIMORE,2023,124,39.000000
BALTIMORE,2023,123,32.125000
BALTIMORE,2023,122,32.125000
BALTIMORE,2023,121,32.125000
BALTIMORE,2023,120,
BALTIMORE,2023,119,
BALTIMORE,2023,118,32.750000
BALTIMORE,2023,117,32.750000
BALTIMORE,2023,116,32.750000
BALTIMORE,2023,115,32.750000
BALTIMORE,2023,114,32.750000
BALTIMORE,2023,113,
BALTIMORE,2023,112,
BALTIMORE,2023,111,31.875000
BALTIMORE,2023,110,32.125000
BALTIMORE,2023,109,28.500000
BALTIMORE,2023,108,28.500000
BALTIMORE,2023,107,28.500000
BALTIMORE,2023,106,
BALTIMORE,2023,105,
BALTIMORE,2023,104,28.000000
BALTIMORE,2023,103,28.000000
BALTIMORE,2023,102,29.250000
BALTIMORE,2023,101,29.250000
BALTIMORE,2023,100,30.000000
BALTIMORE,2023,99,
BALTIMORE,2023,98,
BALTIMORE,2023,97,38.000000
BALTIMORE,2023,96,38.000000
BALTIMORE,2023,95,38.000000
BALTIMORE,2023,94,38.000000
BALTIMORE,2023,93,38.000000
BALTIMORE,2023,92,
BALTIMORE,2023,91,
BALTIMORE,2023,90,30.000000
BALTIMORE,2023,89,36.000000
BALTIMORE,2023,88,36.000000
BALTIMORE,2023,87,36.000000
BALTIMORE,2023,86,36.000000
BALTIMORE,2023,85,
BALTIMORE,2023,84,
BALTIMORE,2023,83,36.000000
BALTIMORE,2023,82,36.000000
BALTIMORE,2023,81,36.000000
BALTIMORE,2023,80,36.000000
BALTIMORE,2023,79,36.000000
BALTIMORE,2023,78,
BALTIMORE,2023,77,
BALTIMORE,2023,76,36.000000
BALTIMORE,2023,75,36.000000
BALTIMORE,2023,74,36.000000
BALTIMORE,2023,73,36.000000
BALTIMORE,2023,72,38.000000
BALTIMORE,2023,71,
BALTIMORE,2023,70,
BALTIMORE,2023,69,38.000000
BALTIMORE,2023,68,38.000000
BALTIMORE,2023,67,38.000000
BALTIMORE,2023,66,38.000000
BALTIMORE,2023,65,38.000000
BALTIMORE,2023,64,
BALTIMORE,2023,63,
BALTIMORE,2023,62,38.000000
BALTIMORE,2023,61,38.000000
BALTIMORE,2023,60,33.000000
BALTIMORE,2023,59,33.000000
BALTIMORE,2023,58,32.000000
BALTIMORE,2023,57,
BALTIMORE,2023,56,
BALTIMORE,2023,55,32.000000
BALTIMORE,2023,54,32.000000
BALTIMORE,2023,53,32.000000
BALTIMORE,2023,52,32.000000
BALTIMORE,2023,51,
BALTIMORE,2023,50,
BALTIMORE,2023,49,
BALTIMORE,2023,48,32.000000
BALTIMORE,2023,47,32.000000
BALTIMORE,2023,46,32.000000
BALTIMORE,2023,45,32.000000
BALTIMORE,2023,44,32.000000
BALTIMORE,2023,43,
BALTIMORE,2023,42,
BALTIMORE,2023,41,32.000000
BALTIMORE,2023,40,32.000000
BALTIMORE,2023,39,32.000000
BALTIMORE,2023,38,35.000000
BALTIMORE,2023,37,35.000000
BALTIMORE,2023,36,
BALTIMORE,2023,35,
BALTIMORE,2023,34,36.000000
BALTIMORE,2023,33,36.000000
BALTIMORE,2023,32,39.000000
BALTIMORE,2023,31,39.000000
BALTIMORE,2023,30,39.000000
BALTIMORE,2023,29,
BALTIMORE,2023,28,
BALTIMORE,2023,27,39.000000
BALTIMORE,2023,26,39.000000
BALTIMORE,2023,25,39.000000
BALTIMORE,2023,24,39.000000
BALTIMORE,2023,23,39.000000
BALTIMORE,2023,22,
BALTIMORE,2023,21,
BALTIMORE,2023,20,35.500000
BALTIMORE,2023,19,35.500000
BALTIMORE,2023,18,35.500000
BALTIMORE,2023,17,35.500000
BALTIMORE,2023,16,
BALTIMORE,2023,15,
BALTIMORE,2023,14,
BALTIMORE,2023,13,35.500000
BALTIMORE,2023,12,35.500000
BALTIMORE,2023,11,35.500000
BALTIMORE,2023,10,35.500000
BALTIMORE,2023,9,35.500000
BALTIMORE,2023,8,
BALTIMORE,2023,7,
BALTIMORE,2023,6,35.500000
BALTIMORE,2023,5,35.500000
BALTIMORE,2023,4,35.500000
BALTIMORE,2023,3,35.500000
BALTIMORE,2023,2,
BOSTON,2023,366,
BOSTON,2023,365,
BOSTON,2023,364,
BOSTON,2023,363,28.000000
BOSTON,2023,362,28.000000
BOSTON,2023,361,28.000000
BOSTON,2023,360,28.000000
BOSTON,2023,359,
BOSTON,2023,358,
BOSTON,2023,357,
BOSTON,2023,356,28.000000
BOSTON,2023,355,28.000000
BOSTON,2023,354,28.000000
BOSTON,2023,353,28.000000
BOSTON,2023,352,28.000000
BOSTON,2023,351,
BOSTON,2023,350,
BOSTON,2023,349,28.000000
BOSTON,2023,348,28.000000
BOSTON,2023,347,28.000000
BOSTON,2023,346,28.000000
BOSTON,2023,345,28.000000
BOSTON,2023,344,
BOSTON,2023,343,
BOSTON,2023,342,28.000000
BOSTON,2023,341,28.000000
BOSTON,2023,340,28.000000
BOSTON,2023,339,31.000000
BOSTON,2023,338,31.000000
BOSTON,2023,337,
BOSTON,2023,336,
BOSTON,2023,335,31.000000
BOSTON,2023,334,31.000000
BOSTON,2023,333,31.000000
BOSTON,2023,332,31.000000
BOSTON,2023,331,31.000000
BOSTON,2023,330,
BOSTON,2023,329,
BOSTON,2023,328,31.000000
BOSTON,2023,327,
BOSTON,2023,326,31.000000
BOSTON,2023,325,31.000000
BOSTON,2023,324,31.000000
BOSTON,2023,323,
BOSTON,2023,322,
BOSTON,2023,321,31.000000
BOSTON,2023,320,31.000000
BOSTON,2023,319,31.000000
BOSTON,2023,318,31.000000
BOSTON,2023,317,31.000000
BOSTON,2023,316,
BOSTON,2023,315,
BOSTON,2023,314,
BOSTON,2023,313,31.000000
BOSTON,2023,312,31.000000
BOSTON,2023,311,31.000000
BOSTON,2023,310,31.000000
BOSTON,2023,309,
BOSTON,2023,308,
BOSTON,2023,307,31.000000
BOSTON,2023,306,31.000000
BOSTON,2023,305,31.000000
BOSTON,2023,304,31.000000
BOSTON,2023,303,31.000000
BOSTON,2023,302,
BOSTON,2023,301,
BOSTON,2023,300,31.000000
BOSTON,2023,299,31.000000
BOSTON,2023,298,31.000000
BOSTON,2023,297,31.000000
BOSTON,2023,296,31.000000
BOSTON,2023,295,
BOSTON,2023,294,
BOSTON,2023,293,31.000000
BOSTON,2023,292,31.000000
BOSTON,2023,291,31.000000
BOSTON,2023,290,27.000000
BOSTON,2023,289,27.000000
BOSTON,2023,288,
BOSTON,2023,287,
BOSTON,2023,286,27.000000
BOSTON,2023,285,27.000000
BOSTON,2023,284,27.000000
BOSTON,2023,283,27.000000
BOSTON,2023,282,
BOSTON,2023,281,
BOSTON,2023,280,
BOSTON,2023,279,27.000000
BOSTON,2023,278,27.000000
BOSTON,2023,277,27.000000
BOSTON,2023,276,27.000000
BOSTON,2023,275,27.000000
BOSTON,2023,274,
BOSTON,2023,273,
BOSTON,2023,272,27.000000
BOSTON,2023,271,27.000000
BOSTON,2023,270,27.000000
BOSTON,2023,269,27.000000
BOSTON,2023,268,27.000000
BOSTON,2023,267,
BOSTON,2023,266,
BOSTON,2023,265,27.000000
BOSTON,2023,264,27.000000
BOSTON,2023,263,27.000000
BOSTON,2023,262,27.000000
BOSTON,2023,261,27.000000
BOSTON,2023,260,
BOSTON,2023,259,
BOSTON,2023,258,27.000000
BOSTON,2023,257,27.000000
BOSTON,2023,256,27.000000
BOSTON,2023,255,27.000000
BOSTON,2023,254,27.000000
BOSTON,2023,253,
BOSTON,2023,252,
BOSTON,2023,251,27.000000
BOSTON,2023,250,27.000000
BOSTON,2023,249,27.000000
BOSTON,2023,248,27.000000
BOSTON,2023,247,
BOSTON,2023,246,
BOSTON,2023,245,
BOSTON,2023,244,27.000000
BOSTON,2023,243,27.000000
BOSTON,2023,242,27.000000
BOSTON,2023,241,27.000000
BOSTON,2023,240,27.000000
BOSTON,2023,239,
BOSTON,2023,238,
BOSTON,2023,237,27.000000
BOSTON,2023,236,27.000000
BOSTON,2023,235,27.000000
BOSTON,2023,234,27.000000
BOSTON,2023,233,27.000000
BOSTON,2023,232,
BOSTON,2023,231,
BOSTON,2023,230,27.000000
BOSTON,2023,229,27.000000
BOSTON,2023,228,27.000000
BOSTON,2023,227,27.000000
BOSTON,2023,226,27.000000
BOSTON,2023,225,
BOSTON,2023,224,
BOSTON,2023,223,27.000000
BOSTON,2023,222,27.000000
BOSTON,2023,221,27.000000
BOSTON,2023,220,27.000000
BOSTON,2023,219,27.000000
BOSTON,2023,218,
BOSTON,2023,217,
BOSTON,2023,216,27.000000
BOSTON,2023,215,27.000000
BOSTON,2023,214,27.000000
BOSTON,2023,213,27.000000
BOSTON,2023,212,27.000000
BOSTON,2023,211,
BOSTON,2023,210,
BOSTON,2023,209,27.000000
BOSTON,2023,208,27.000000
BOSTON,2023,207,27.000000
BOSTON,2023,206,27.000000
BOSTON,2023,205,27.000000
BOSTON,2023,204,
BOSTON,2023,203,
BOSTON,2023,202,27.000000
BOSTON,2023,201,27.000000
BOSTON,2023,200,27.000000
BOSTON,2023,199,27.000000
BOSTON,2023,198,27.000000
BOSTON,2023,197,
BOSTON,2023,196,
BOSTON,2023,195,27.000000
BOSTON,2023,194,27.000000
BOSTON,2023,193,27.000000
BOSTON,2023,192,27.000000
BOSTON,2023,191,27.000000
BOSTON,2023,190,
BOSTON,2023,189,
BOSTON,2023,188,27.000000
BOSTON,2023,187,27.000000
BOSTON,2023,186,27.000000
BOSTON,2023,185,
BOSTON,2023,184,27.000000
BOSTON,2023,183,
BOSTON,2023,182,
BOSTON,2023,181,27.000000
BOSTON,2023,180,27.000000
BOSTON,2023,179,27.000000
BOSTON,2023,178,27.000000
BOSTON,2023,177,27.000000
BOSTON,2023,176,
BOSTON,2023,175,
BOSTON,2023,174,27.000000
BOSTON,2023,173,27.000000
BOSTON,2023,172,27.000000
BOSTON,2023,171,27.000000
BOSTON,2023,170,
BOSTON,2023,169,
BOSTON,2023,168,
BOSTON,2023,167,27.000000
BOSTON,2023,166,27.000000
BOSTON,2023,165,27.000000
BOSTON,2023,164,27.000000
BOSTON,2023,163,27.000000
BOSTON,2023,162,
BOSTON,2023,161,
BOSTON,2023,160,27.000000
BOSTON,2023,159,27.000000
BOSTON,2023,158,27.000000
BOSTON,2023,157,27.000000
BOSTON,2023,156,27.000000
BOSTON,2023,155,
BOSTON,2023,154,
BOSTON,2023,153,27.000000
BOSTON,2023,152,29.000000
BOSTON,2023,151,29.000000
BOSTON,2023,150,29.000000
BOSTON,2023,149,
BOSTON,2023,148,
BOSTON,2023,147,
BOSTON,2023,146,29.000000
BOSTON,2023,145,29.000000
BOSTON,2023,144,29.000000
BOSTON,2023,143,29.000000
BOSTON,2023,142,29.000000
BOSTON,2023,141,
BOSTON,2023,140,
BOSTON,2023,139,29.000000
BOSTON,2023,138,29.000000
BOSTON,2023,137,29.000000
BOSTON,2023,136,29.000000
BOSTON,2023,135,29.000000
BOSTON,2023,134,
BOSTON,2023,133,
BOSTON,2023,132,29.000000
BOSTON,2023,131,29.000000
BOSTON,2023,130,29.000000
BOSTON,2023,129,29.000000
BOSTON,2023,128,29.000000
BOSTON,2023,127,
BOSTON,2023,126,
BOSTON,2023,125,29.000000
BOSTON,2023,124,29.000000
BOSTON,2023,123,27.000000
BOSTON,2023,122,27.000000
BOSTON,2023,121,27.000000
BOSTON,2023,120,
BOSTON,2023,119,
BOSTON,2023,118,27.000000
BOSTON,2023,117,27.000000
BOSTON,2023,116,27.000000
BOSTON,2023,115,27.000000
BOSTON,2023,114,27.000000
BOSTON,2023,113,
BOSTON,2023,112,
BOSTON,2023,111,27.000000
BOSTON,2023,110,27.000000
BOSTON,2023,109,27.000000
BOSTON,2023,108,27.000000
BOSTON,2023,107,27.000000
BOSTON,2023,106,
BOSTON,2023,105,
BOSTON,2023,104,27.000000
BOSTON,2023,103,27.000000
BOSTON,2023,102,27.000000
BOSTON,2023,101,27.000000
BOSTON,2023,100,27.000000
BOSTON,2023,99,
BOSTON,2023,98,
BOSTON,2023,97,29.000000
BOSTON,2023,96,29.000000
BOSTON,2023,95,28.000000
BOSTON,2023,94,28.000000
BOSTON,2023,93,29.000000
BOSTON,2023,92,
BOSTON,2023,91,
BOSTON,2023,90,29.000000
BOSTON,2023,89,29.000000
BOSTON,2023,88,21.000000
BOSTON,2023,87,21.000000
BOSTON,2023,86,21.000000
BOSTON,2023,85,
BOSTON,2023,84,
BOSTON,2023,83,18.500000
BOSTON,2023,82,18.500000
BOSTON,2023,81,27.000000
BOSTON,2023,80,27.000000
BOSTON,2023,79,27.000000
BOSTON,2023,78,
BOSTON,2023,77,
BOSTON,2023,76,27.000000
BOSTON,2023,75,27.000000
BOSTON,2023,74,27.000000
BOSTON,2023,73,27.000000
BOSTON,2023,72,27.000000
BOSTON,2023,71,
BOSTON,2023,70,
BOSTON,2023,69,23.000000
BOSTON,2023,68,23.000000
BOSTON,2023,67,23.000000
BOSTON,2023,66,
BOSTON,2023,65,
BOSTON,2023,64,
BOSTON,2023,63,
BOSTON,2023,62,
BOSTON,2023,61,
BOSTON,2023,60,
BOSTON,2023,59,
BOSTON,2023,58,
BOSTON,2023,57,
BOSTON,2023,56,
BOSTON,2023,55,
BOSTON,2023,54,
BOSTON,2023,53,
BOSTON,2023,52,
BOSTON,2023,51,
BOSTON,2023,50,
BOSTON,2023,49,
BOSTON,2023,48,
BOSTON,2023,47,
BOSTON,2023,46,
BOSTON,2023,45,
BOSTON,2023,44,
BOSTON,2023,43,
BOSTON,2023,42,
BOSTON,2023,41,
BOSTON,2023,40,
BOSTON,2023,39,
BOSTON,2023,38,
BOSTON,2023,37,
BOSTON,2023,36,
BOSTON,2023,35,
BOSTON,2023,34,
BOSTON,2023,33,
BOSTON,2023,32,
BOSTON,2023,31,
BOSTON,2023,30,
BOSTON,2023,29,
BOSTON,2023,28,
BOSTON,2023,27,
BOSTON,2023,26,
BOSTON,2023,25,
BOSTON,2023,24,
BOSTON,2023,23,
BOSTON,2023,22,
BOSTON,2023,21,
BOSTON,2023,20,
BOSTON,2023,19,
BOSTON,2023,18,
BOSTON,2023,17,
BOSTON,2023,16,
BOSTON,2023,15,
BOSTON,2023,14,
BOSTON,2023,13,
BOSTON,2023,12,
BOSTON,2023,11,
BOSTON,2023,10,
BOSTON,2023,9,
BOSTON,2023,8,
BOSTON,2023,7,
BOSTON,2023,6,
BOSTON,2023,5,
BOSTON,2023,4,
BOSTON,2023,3,
BOSTON,2023,2,
CHICAGO,2023,366,
CHICAGO,2023,365,
CHICAGO,2023,364,
CHICAGO,2023,363,23.125000
CHICAGO,2023,362,23.125000
CHICAGO,2023,361,23.125000
CHICAGO,2023,360,23.125000
CHICAGO,2023,359,
CHICAGO,2023,358,
CHICAGO,2023,357,
CHICAGO,2023,356,23.125000
CHICAGO,2023,355,23.125000
CHICAGO,2023,354,23.125000
CHICAGO,2023,353,23.125000
CHICAGO,2023,352,23.125000
CHICAGO,2023,351,
CHICAGO,2023,350,
CHICAGO,2023,349,23.125000
CHICAGO,2023,348,23.125000
CHICAGO,2023,347,23.125000
CHICAGO,2023,346,23.125000
CHICAGO,2023,345,23.125000
CHICAGO,2023,344,
CHICAGO,2023,343,
CHICAGO,2023,342,23.125000
CHICAGO,2023,341,23.125000
CHICAGO,2023,340,23.125000
CHICAGO,2023,339,23.125000
CHICAGO,2023,338,23.125000
CHICAGO,2023,337,
CHICAGO,2023,336,
CHICAGO,2023,335,23.125000
CHICAGO,2023,334,23.125000
CHICAGO,2023,333,23.125000
CHICAGO,2023,332,23.125000
CHICAGO,2023,331,23.125000
CHICAGO,2023,330,
CHICAGO,2023,329,
CHICAGO,2023,328,23.125000
CHICAGO,2023,327,
CHICAGO,2023,326,23.125000
CHICAGO,2023,325,23.125000
CHICAGO,2023,324,23.125000
CHICAGO,2023,323,
CHICAGO,2023,322,
CHICAGO,2023,321,23.125000
CHICAGO,2023,320,23.125000
CHICAGO,2023,319,23.125000
CHICAGO,2023,318,23.125000
CHICAGO,2023,317,23.125000
CHICAGO,2023,316,
CHICAGO,2023,315,
CHICAGO,2023,314,
CHICAGO,2023,313,23.125000
CHICAGO,2023,312,23.125000
CHICAGO,2023,311,23.125000
CHICAGO,2023,310,23.125000
CHICAGO,2023,309,
CHICAGO,2023,308,
CHICAGO,2023,307,23.125000
CHICAGO,2023,306,23.125000
CHICAGO,2023,305,23.125000
CHICAGO,2023,304,23.125000
CHICAGO,2023,303,24.000000
CHICAGO,2023,302,
CHICAGO,2023,301,
CHICAGO,2023,300,24.000000
CHICAGO,2023,299,24.000000
CHICAGO,2023,298,24.000000
CHICAGO,2023,297,24.000000
CHICAGO,2023,296,24.000000
CHICAGO,2023,295,
CHICAGO,2023,294,
CHICAGO,2023,293,24.000000
CHICAGO,2023,292,22.500000
CHICAGO,2023,291,22.500000
CHICAGO,2023,290,22.500000
CHICAGO,2023,289,22.500000
CHICAGO,2023,288,
CHICAGO,2023,287,
CHICAGO,2023,286,22.500000
CHICAGO,2023,285,22.500000
CHICAGO,2023,284,22.500000
CHICAGO,2023,283,22.500000
CHICAGO,2023,282,
CHICAGO,2023,281,
CHICAGO,2023,280,
CHICAGO,2023,279,22.500000
CHICAGO,2023,278,22.500000
CHICAGO,2023,277,22.500000
CHICAGO,2023,276,22.500000
CHICAGO,2023,275,29.333333
CHICAGO,2023,274,
CHICAGO,2023,273,
CHICAGO,2023,272,29.333333
CHICAGO,2023,271,24.500000
CHICAGO,2023,270,24.500000
CHICAGO,2023,269,24.500000
CHICAGO,2023,268,24.500000
CHICAGO,2023,267,
CHICAGO,2023,266,
CHICAGO,2023,265,24.500000
CHICAGO,2023,264,24.500000
CHICAGO,2023,263,24.500000
CHICAGO,2023,262,24.500000
CHICAGO,2023,261,24.500000
CHICAGO,2023,260,
CHICAGO,2023,259,
CHICAGO,2023,258,24.500000
CHICAGO,2023,257,24.666666
CHICAGO,2023,256,24.666666
CHICAGO,2023,255,24.666666
CHICAGO,2023,254,24.666666
CHICAGO,2023,253,
CHICAGO,2023,252,
CHICAGO,2023,251,24.666666
CHICAGO,2023,250,24.666666
CHICAGO,2023,249,24.666666
CHICAGO,2023,248,24.666666
CHICAGO,2023,247,
CHICAGO,2023,246,
CHICAGO,2023,245,
CHICAGO,2023,244,24.666666
CHICAGO,2023,243,24.666666
CHICAGO,2023,242,24.666666
CHICAGO,2023,241,24.666666
CHICAGO,2023,240,24.666666
CHICAGO,2023,239,
CHICAGO,2023,238,
CHICAGO,2023,237,24.666666
CHICAGO,2023,236,24.666666
CHICAGO,2023,235,24.666666
CHICAGO,2023,234,24.666666
CHICAGO,2023,233,24.666666
CHICAGO,2023,232,
CHICAGO,2023,231,
CHICAGO,2023,230,24.666666
CHICAGO,2023,229,24.666666
CHICAGO,2023,228,24.666666
CHICAGO,2023,227,24.666666
CHICAGO,2023,226,24.666666
CHICAGO,2023,225,
CHICAGO,2023,224,
CHICAGO,2023,223,24.666666
CHICAGO,2023,222,24.666666
CHICAGO,2023,221,24.666666
CHICAGO,2023,220,24.666666
CHICAGO,2023,219,24.666666
CHICAGO,2023,218,
CHICAGO,2023,217,
CHICAGO,2023,216,24.666666
CHICAGO,2023,215,24.666666
CHICAGO,2023,214,24.666666
CHICAGO,2023,213,24.666666
CHICAGO,2023,212,24.666666
CHICAGO,2023,211,
CHICAGO,2023,210,
CHICAGO,2023,209,24.666666
CHICAGO,2023,208,24.666666
CHICAGO,2023,207,24.666666
CHICAGO,2023,206,24.666666
CHICAGO,2023,205,27.833333
CHICAGO,2023,204,
CHICAGO,2023,203,
CHICAGO,2023,202,27.833333
CHICAGO,2023,201,27.833333
CHICAGO,2023,200,27.833333
CHICAGO,2023,199,27.833333
CHICAGO,2023,198,27.833333
CHICAGO,2023,197,
CHICAGO,2023,196,
CHICAGO,2023,195,27.833333
CHICAGO,2023,194,29.833333
CHICAGO,2023,193,29.833333
CHICAGO,2023,192,29.833333
CHICAGO,2023,191,29.833333
CHICAGO,2023,190,
CHICAGO,2023,189,
CHICAGO,2023,188,29.833333
CHICAGO,2023,187,29.833333
CHICAGO,2023,186,29.833333
CHICAGO,2023,185,
CHICAGO,2023,184,29.833333
CHICAGO,2023,183,
CHICAGO,2023,182,
CHICAGO,2023,181,29.833333
CHICAGO,2023,180,29.833333
CHICAGO,2023,179,29.833333
CHICAGO,2023,178,29.833333
CHICAGO,2023,177,29.833333
CHICAGO,2023,176,
CHICAGO,2023,175,
CHICAGO,2023,174,29.833333
CHICAGO,2023,173,29.833333
CHICAGO,2023,172,29.833333
CHICAGO,2023,171,29.833333
CHICAGO,2023,170,
CHICAGO,2023,169,
CHICAGO,2023,168,
CHICAGO,2023,167,29.833333
CHICAGO,2023,166,27.375000
CHICAGO,2023,165,27.375000
CHICAGO,2023,164,27.375000
CHICAGO,2023,163,27.375000
CHICAGO,2023,162,
CHICAGO,2023,161,
CHICAGO,2023,160,27.375000
CHICAGO,2023,159,27.375000
CHICAGO,2023,158,27.375000
CHICAGO,2023,157,27.375000
CHICAGO,2023,156,27.375000
CHICAGO,2023,155,
CHICAGO,2023,154,
CHICAGO,2023,153,27.375000
CHICAGO,2023,152,27.375000
CHICAGO,2023,151,27.375000
CHICAGO,2023,150,27.375000
CHICAGO,2023,149,
CHICAGO,2023,148,
CHICAGO,2023,147,
CHICAGO,2023,146,27.375000
CHICAGO,2023,145,27.375000
CHICAGO,2023,144,27.375000
CHICAGO,2023,143,27.375000
CHICAGO,2023,142,27.375000
CHICAGO,2023,141,
CHICAGO,2023,140,
CHICAGO,2023,139,27.375000
CHICAGO,2023,138,27.375000
CHICAGO,2023,137,27.375000
CHICAGO,2023,136,27.375000
CHICAGO,2023,135,27.375000
CHICAGO,2023,134,
CHICAGO,2023,133,
CHICAGO,2023,132,27.375000
CHICAGO,2023,131,27.375000
CHICAGO,2023,130,27.375000
CHICAGO,2023,129,27.375000
CHICAGO,2023,128,27.375000
CHICAGO,2023,127,
CHICAGO,2023,126,
CHICAGO,2023,125,27.375000
CHICAGO,2023,124,27.375000
CHICAGO,2023,123,27.375000
CHICAGO,2023,122,27.375000
CHICAGO,2023,121,27.375000
CHICAGO,2023,120,
CHICAGO,2023,119,
CHICAGO,2023,118,27.375000
CHICAGO,2023,117,27.375000
CHICAGO,2023,116,27.375000
CHICAGO,2023,115,27.375000
CHICAGO,2023,114,27.375000
CHICAGO,2023,113,
CHICAGO,2023,112,
CHICAGO,2023,111,27.375000
CHICAGO,2023,110,27.375000
CHICAGO,2023,109,27.375000
CHICAGO,2023,108,27.375000
CHICAGO,2023,107,27.375000
CHICAGO,2023,106,
CHICAGO,2023,105,
CHICAGO,2023,104,27.375000
CHICAGO,2023,103,27.375000
CHICAGO,2023,102,27.375000
CHICAGO,2023,101,27.375000
CHICAGO,2023,100,27.375000
CHICAGO,2023,99,
CHICAGO,2023,98,
CHICAGO,2023,97,27.375000
CHICAGO,2023,96,27.375000
CHICAGO,2023,95,27.375000
CHICAGO,2023,94,27.375000
CHICAGO,2023,93,27.375000
CHICAGO,2023,92,
CHICAGO,2023,91,
CHICAGO,2023,90,27.375000
CHICAGO,2023,89,27.375000
CHICAGO,2023,88,27.375000
CHICAGO,2023,87,27.375000
CHICAGO,2023,86,27.375000
CHICAGO,2023,85,
CHICAGO,2023,84,
CHICAGO,2023,83,27.375000
CHICAGO,2023,82,27.375000
CHICAGO,2023,81,27.375000
CHICAGO,2023,80,31.125000
CHICAGO,2023,79,31.125000
CHICAGO,2023,78,
CHICAGO,2023,77,
CHICAGO,2023,76,31.125000
CHICAGO,2023,75,31.125000
CHICAGO,2023,74,31.125000
CHICAGO,2023,73,31.125000
CHICAGO,2023,72,31.125000
CHICAGO,2023,71,
CHICAGO,2023,70,
CHICAGO,2023,69,31.125000
CHICAGO,2023,68,31.125000
CHICAGO,2023,67,31.125000
CHICAGO,2023,66,31.125000
CHICAGO,2023,65,31.125000
CHICAGO,2023,64,
CHICAGO,2023,63,
CHICAGO,2023,62,31.125000
CHICAGO,2023,61,29.000000
CHICAGO,2023,60,29.000000
CHICAGO,2023,59,29.000000
CHICAGO,2023,58,29.000000
CHICAGO,2023,57,
CHICAGO,2023,56,
CHICAGO,2023,55,29.000000
CHICAGO,2023,54,29.000000
CHICAGO,2023,53,29.000000
CHICAGO,2023,52,29.000000
CHICAGO,2023,51,
CHICAGO,2023,50,
CHICAGO,2023,49,
CHICAGO,2023,48,29.000000
CHICAGO,2023,47,29.000000
CHICAGO,2023,46,29.000000
CHICAGO,2023,45,29.000000
CHICAGO,2023,44,29.000000
CHICAGO,2023,43,
CHICAGO,2023,42,
CHICAGO,2023,41,29.000000
CHICAGO,2023,40,29.000000
CHICAGO,2023,39,29.000000
CHICAGO,2023,38,29.000000
CHICAGO,2023,37,29.000000
CHICAGO,2023,36,
CHICAGO,2023,35,
CHICAGO,2023,34,29.000000
CHICAGO,2023,33,29.600000
CHICAGO,2023,32,29.600000
CHICAGO,2023,31,29.600000
CHICAGO,2023,30,29.600000
CHICAGO,2023,29,
CHICAGO,2023,28,
CHICAGO,2023,27,29.600000
CHICAGO,2023,26,29.600000
CHICAGO,2023,25,29.600000
CHICAGO,2023,24,29.600000
CHICAGO,2023,23,29.600000
CHICAGO,2023,22,
CHICAGO,2023,21,
CHICAGO,2023,20,29.600000
CHICAGO,2023,19,29.600000
CHICAGO,2023,18,29.600000
CHICAGO,2023,17,29.600000
CHICAGO,2023,16,
CHICAGO,2023,15,
CHICAGO,2023,14,
CHICAGO,2023,13,29.600000
CHICAGO,2023,12,29.600000
CHICAGO,2023,11,29.600000
CHICAGO,2023,10,29.600000
CHICAGO,2023,9,29.600000
CHICAGO,2023,8,
CHICAGO,2023,7,
CHICAGO,2023,6,29.600000
CHICAGO,2023,5,29.600000
CHICAGO,2023,4,29.600000
CHICAGO,2023,3,29.600000
CHICAGO,2023,2,
COLUMBIA,2023,366,
COLUMBIA,2023,365,
COLUMBIA,2023,364,
COLUMBIA,2023,363,28.000000
COLUMBIA,2023,362,28.000000
COLUMBIA,2023,361,28.000000
COLUMBIA,2023,360,
COLUMBIA,2023,359,
COLUMBIA,2023,358,
COLUMBIA,2023,357,
COLUMBIA,2023,356,
COLUMBIA,2023,355,28.000000
COLUMBIA,2023,354,28.000000
COLUMBIA,2023,353,28.000000
COLUMBIA,2023,352,28.000000
COLUMBIA,2023,351,
COLUMBIA,2023,350,
COLUMBIA,2023,349,
COLUMBIA,2023,348,
COLUMBIA,2023,347,
COLUMBIA,2023,346,
COLUMBIA,2023,345,
COLUMBIA,2023,344,
COLUMBIA,2023,343,
COLUMBIA,2023,342,
COLUMBIA,2023,341,
COLUMBIA,2023,340,
COLUMBIA,2023,339,
COLUMBIA,2023,338,
COLUMBIA,2023,337,
COLUMBIA,2023,336,
COLUMBIA,2023,335,
COLUMBIA,2023,334,
COLUMBIA,2023,333,
COLUMBIA,2023,332,
COLUMBIA,2023,331,
COLUMBIA,2023,330,
COLUMBIA,2023,329,
COLUMBIA,2023,328,
COLUMBIA,2023,327,
COLUMBIA,2023,326,
COLUMBIA,2023,325,
COLUMBIA,2023,324,
COLUMBIA,2023,323,
COLUMBIA,2023,322,
COLUMBIA,2023,321,
COLUMBIA,2023,320,
COLUMBIA,2023,319,
COLUMBIA,2023,318,
COLUMBIA,2023,317,
COLUMBIA,2023,316,
COLUMBIA,2023,315,
COLUMBIA,2023,314,
COLUMBIA,2023,313,
COLUMBIA,2023,312,
COLUMBIA,2023,311,
COLUMBIA,2023,310,
COLUMBIA,2023,309,
COLUMBIA,2023,308,
COLUMBIA,2023,307,
COLUMBIA,2023,306,
COLUMBIA,2023,305,
COLUMBIA,2023,304,
COLUMBIA,2023,303,
COLUMBIA,2023,302,
COLUMBIA,2023,301,
COLUMBIA,2023,300,
COLUMBIA,2023,299,
COLUMBIA,2023,298,
COLUMBIA,2023,297,
COLUMBIA,2023,296,
COLUMBIA,2023,295,
COLUMBIA,2023,294,
COLUMBIA,2023,293,
COLUMBIA,2023,292,
COLUMBIA,2023,291,
COLUMBIA,2023,290,
COLUMBIA,2023,289,
COLUMBIA,2023,288,
COLUMBIA,2023,287,
COLUMBIA,2023,286,
COLUMBIA,2023,285,
COLUMBIA,2023,284,
COLUMBIA,2023,283,
COLUMBIA,2023,282,
COLUMBIA,2023,281,
COLUMBIA,2023,280,
COLUMBIA,2023,279,
COLUMBIA,2023,278,
COLUMBIA,2023,277,
COLUMBIA,2023,276,
COLUMBIA,2023,275,
COLUMBIA,2023,274,
COLUMBIA,2023,273,
COLUMBIA,2023,272,
COLUMBIA,2023,271,
COLUMBIA,2023,270,
COLUMBIA,2023,269,
COLUMBIA,2023,268,
COLUMBIA,2023,267,
COLUMBIA,2023,266,
COLUMBIA,2023,265,
COLUMBIA,2023,264,
COLUMBIA,2023,263,
COLUMBIA,2023,262,
COLUMBIA,2023,261,
COLUMBIA,2023,260,
COLUMBIA,2023,259,
COLUMBIA,2023,258,
COLUMBIA,2023,257,
COLUMBIA,2023,256,25.000000
COLUMBIA,2023,255,25.000000
COLUMBIA,2023,254,25.000000
COLUMBIA,2023,253,
COLUMBIA,2023,252,
COLUMBIA,2023,251,
COLUMBIA,2023,250,
COLUMBIA,2023,249,28.000000
COLUMBIA,2023,248,28.000000
COLUMBIA,2023,247,
COLUMBIA,2023,246,
COLUMBIA,2023,245,
COLUMBIA,2023,244,28.000000
COLUMBIA,2023,243,28.000000
COLUMBIA,2023,242,28.000000
COLUMBIA,2023,241,28.000000
COLUMBIA,2023,240,28.000000
COLUMBIA,2023,239,
COLUMBIA,2023,238,
COLUMBIA,2023,237,28.000000
COLUMBIA,2023,236,28.000000
COLUMBIA,2023,235,28.000000
COLUMBIA,2023,234,28.000000
COLUMBIA,2023,233,28.000000
COLUMBIA,2023,232,
COLUMBIA,2023,231,
COLUMBIA,2023,230,28.000000
COLUMBIA,2023,229,28.000000
COLUMBIA,2023,228,28.000000
COLUMBIA,2023,227,28.000000
COLUMBIA,2023,226,28.000000
COLUMBIA,2023,225,
COLUMBIA,2023,224,
COLUMBIA,2023,223,
COLUMBIA,2023,222,
COLUMBIA,2023,221,
COLUMBIA,2023,220,
COLUMBIA,2023,219,
COLUMBIA,2023,218,
COLUMBIA,2023,217,
COLUMBIA,2023,216,
COLUMBIA,2023,215,
COLUMBIA,2023,214,
COLUMBIA,2023,213,
COLUMBIA,2023,212,
COLUMBIA,2023,211,
COLUMBIA,2023,210,
COLUMBIA,2023,209,
COLUMBIA,2023,208,
COLUMBIA,2023,207,
COLUMBIA,2023,206,
COLUMBIA,2023,205,
COLUMBIA,2023,204,
COLUMBIA,2023,203,
COLUMBIA,2023,202,
COLUMBIA,2023,201,
COLUMBIA,2023,200,
COLUMBIA,2023,199,
COLUMBIA,2023,198,
COLUMBIA,2023,197,
COLUMBIA,2023,196,
COLUMBIA,2023,195,
COLUMBIA,2023,194,
COLUMBIA,2023,193,
COLUMBIA,2023,192,
COLUMBIA,2023,191,
COLUMBIA,2023,190,
COLUMBIA,2023,189,
COLUMBIA,2023,188,32.000000
COLUMBIA,2023,187,32.000000
COLUMBIA,2023,186,32.000000
COLUMBIA,2023,185,
COLUMBIA,2023,184,32.000000
COLUMBIA,2023,183,
COLUMBIA,2023,182,
COLUMBIA,2023,181,32.000000
COLUMBIA,2023,180,32.000000
COLUMBIA,2023,179,32.000000
COLUMBIA,2023,178,
COLUMBIA,2023,177,
COLUMBIA,2023,176,
COLUMBIA,2023,175,
COLUMBIA,2023,174,32.000000
COLUMBIA,2023,173,32.000000
COLUMBIA,2023,172,32.000000
COLUMBIA,2023,171,32.000000
COLUMBIA,2023,170,32.000000
COLUMBIA,2023,169,
COLUMBIA,2023,168,
COLUMBIA,2023,167,32.000000
COLUMBIA,2023,166,32.000000
COLUMBIA,2023,165,32.000000
COLUMBIA,2023,164,32.000000
COLUMBIA,2023,163,32.000000
COLUMBIA,2023,162,
COLUMBIA,2023,161,
COLUMBIA,2023,160,32.000000
COLUMBIA,2023,159,32.000000
COLUMBIA,2023,158,32.000000
COLUMBIA,2023,157,32.000000
COLUMBIA,2023,156,32.000000
COLUMBIA,2023,155,
COLUMBIA,2023,154,
COLUMBIA,2023,153,32.000000
COLUMBIA,2023,152,32.000000
COLUMBIA,2023,151,32.000000
COLUMBIA,2023,150,32.000000
COLUMBIA,2023,149,
COLUMBIA,2023,148,
COLUMBIA,2023,147,
COLUMBIA,2023,146,32.000000
COLUMBIA,2023,145,32.000000
COLUMBIA,2023,144,32.000000
COLUMBIA,2023,143,32.000000
COLUMBIA,2023,142,
COLUMBIA,2023,141,
COLUMBIA,2023,140,
COLUMBIA,2023,139,32.000000
COLUMBIA,2023,138,32.000000
COLUMBIA,2023,137,32.000000
COLUMBIA,2023,136,32.000000
COLUMBIA,2023,135,
COLUMBIA,2023,134,
COLUMBIA,2023,133,
COLUMBIA,2023,132,
COLUMBIA,2023,131,
COLUMBIA,2023,130,
COLUMBIA,2023,129,
COLUMBIA,2023,128,
COLUMBIA,2023,127,
COLUMBIA,2023,126,
COLUMBIA,2023,125,
COLUMBIA,2023,124,
COLUMBIA,2023,123,
COLUMBIA,2023,122,
COLUMBIA,2023,121,
COLUMBIA,2023,120,
COLUMBIA,2023,119,
COLUMBIA,2023,118,
COLUMBIA,2023,117,
COLUMBIA,2023,116,
COLUMBIA,2023,115,
COLUMBIA,2023,114,
COLUMBIA,2023,113,
COLUMBIA,2023,112,
COLUMBIA,2023,111,
COLUMBIA,2023,110,
COLUMBIA,2023,109,
COLUMBIA,2023,108,
COLUMBIA,2023,107,
COLUMBIA,2023,106,
COLUMBIA,2023,105,
COLUMBIA,2023,104,
COLUMBIA,2023,103,
COLUMBIA,2023,102,
COLUMBIA,2023,101,
COLUMBIA,2023,100,
COLUMBIA,2023,99,
COLUMBIA,2023,98,
COLUMBIA,2023,97,
COLUMBIA,2023,96,
COLUMBIA,2023,95,
COLUMBIA,2023,94,
COLUMBIA,2023,93,
COLUMBIA,2023,92,
COLUMBIA,2023,91,
COLUMBIA,2023,90,38.000000
COLUMBIA,2023,89,38.000000
COLUMBIA,2023,88,38.000000
COLUMBIA,2023,87,38.000000
COLUMBIA,2023,86,38.000000
COLUMBIA,2023,85,
COLUMBIA,2023,84,
COLUMBIA,2023,83,38.000000
COLUMBIA,2023,82,38.000000
COLUMBIA,2023,81,38.000000
COLUMBIA,2023,80,38.000000
COLUMBIA,2023,79,38.000000
COLUMBIA,2023,78,
COLUMBIA,2023,77,
COLUMBIA,2023,76,38.000000
COLUMBIA,2023,75,38.000000
COLUMBIA,2023,74,38.000000
COLUMBIA,2023,73,38.000000
COLUMBIA,2023,72,38.000000
COLUMBIA,2023,71,
COLUMBIA,2023,70,
COLUMBIA,2023,69,38.000000
COLUMBIA,2023,68,38.000000
COLUMBIA,2023,67,38.000000
COLUMBIA,2023,66,38.000000
COLUMBIA,2023,65,38.000000
COLUMBIA,2023,64,
COLUMBIA,2023,63,
COLUMBIA,2023,62,38.000000
COLUMBIA,2023,61,38.000000
COLUMBIA,2023,60,38.000000
COLUMBIA,2023,59,38.000000
COLUMBIA,2023,58,38.000000
COLUMBIA,2023,57,
COLUMBIA,2023,56,
COLUMBIA,2023,55,38.000000
COLUMBIA,2023,54,38.000000
COLUMBIA,2023,53,38.000000
COLUMBIA,2023,52,38.000000
COLUMBIA,2023,51,
COLUMBIA,2023,50,
COLUMBIA,2023,49,
COLUMBIA,2023,48,38.000000
COLUMBIA,2023,47,38.000000
COLUMBIA,2023,46,38.000000
COLUMBIA,2023,45,38.000000
COLUMBIA,2023,44,38.000000
COLUMBIA,2023,43,
COLUMBIA,2023,42,
COLUMBIA,2023,41,38.000000
COLUMBIA,2023,40,38.000000
COLUMBIA,2023,39,38.000000
COLUMBIA,2023,38,38.000000
COLUMBIA,2023,37,38.000000
COLUMBIA,2023,36,
COLUMBIA,2023,35,
COLUMBIA,2023,34,38.000000
COLUMBIA,2023,33,38.000000
COLUMBIA,2023,32,
COLUMBIA,2023,31,
COLUMBIA,2023,30,
COLUMBIA,2023,29,
COLUMBIA,2023,28,
COLUMBIA,2023,27,
COLUMBIA,2023,26,
COLUMBIA,2023,25,
COLUMBIA,2023,24,
COLUMBIA,2023,23,
COLUMBIA,2023,22,
COLUMBIA,2023,21,
COLUMBIA,2023,20,
COLUMBIA,2023,19,
COLUMBIA,2023,18,
COLUMBIA,2023,17,
COLUMBIA,2023,16,
COLUMBIA,2023,15,
COLUMBIA,2023,14,
COLUMBIA,2023,13,25.000000
COLUMBIA,2023,12,25.000000
COLUMBIA,2023,11,25.000000
COLUMBIA,2023,10,25.000000
COLUMBIA,2023,9,25.000000
COLUMBIA,2023,8,
COLUMBIA,2023,7,
COLUMBIA,2023,6,25.000000
COLUMBIA,2023,5,25.000000
COLUMBIA,2023,4,25.000000
COLUMBIA,2023,3,25.000000
COLUMBIA,2023,2,
MIAMI,2023,366,
MIAMI,2023,365,
MIAMI,2023,364,
MIAMI,2023,363,25.500000
MIAMI,2023,362,25.500000
MIAMI,2023,361,25.500000
MIAMI,2023,360,25.500000
MIAMI,2023,359,
MIAMI,2023,358,
MIAMI,2023,357,
MIAMI,2023,356,25.500000
MIAMI,2023,355,25.500000
MIAMI,2023,354,25.500000
MIAMI,2023,353,25.500000
MIAMI,2023,352,25.500000
MIAMI,2023,351,
MIAMI,2023,350,
MIAMI,2023,349,25.500000
MIAMI,2023,348,25.500000
MIAMI,2023,347,25.500000
MIAMI,2023,346,25.500000
MIAMI,2023,345,25.500000
MIAMI,2023,344,
MIAMI,2023,343,
MIAMI,2023,342,
MIAMI,2023,341,
MIAMI,2023,340,
MIAMI,2023,339,
MIAMI,2023,338,
MIAMI,2023,337,
MIAMI,2023,336,
MIAMI,2023,335,
MIAMI,2023,334,
MIAMI,2023,333,
MIAMI,2023,332,
MIAMI,2023,331,
MIAMI,2023,330,
MIAMI,2023,329,
MIAMI,2023,328,
MIAMI,2023,327,
MIAMI,2023,326,
MIAMI,2023,325,
MIAMI,2023,324,
MIAMI,2023,323,
MIAMI,2023,322,
MIAMI,2023,321,
MIAMI,2023,320,
MIAMI,2023,319,
MIAMI,2023,318,
MIAMI,2023,317,
MIAMI,2023,316,
MIAMI,2023,315,
MIAMI,2023,314,
MIAMI,2023,313,
MIAMI,2023,312,
MIAMI,2023,311,
MIAMI,2023,310,
MIAMI,2023,309,
MIAMI,2023,308,
MIAMI,2023,307,
MIAMI,2023,306,
MIAMI,2023,305,
MIAMI,2023,304,
MIAMI,2023,303,
MIAMI,2023,302,
MIAMI,2023,301,
MIAMI,2023,300,
MIAMI,2023,299,
MIAMI,2023,298,
MIAMI,2023,297,
MIAMI,2023,296,
MIAMI,2023,295,
MIAMI,2023,294,
MIAMI,2023,293,
MIAMI,2023,292,
MIAMI,2023,291,
MIAMI,2023,290,
MIAMI,2023,289,
MIAMI,2023,288,
MIAMI,2023,287,
MIAMI,2023,286,
MIAMI,2023,285,
MIAMI,2023,284,
MIAMI,2023,283,
MIAMI,2023,282,
MIAMI,2023,281,
MIAMI,2023,280,
MIAMI,2023,279,
MIAMI,2023,278,
MIAMI,2023,277,20.000000
MIAMI,2023,276,20.000000
MIAMI,2023,275,20.000000
MIAMI,2023,274,
MIAMI,2023,273,
MIAMI,2023,272,20.000000
MIAMI,2023,271,20.000000
MIAMI,2023,270,20.000000
MIAMI,2023,269,20.000000
MIAMI,2023,268,20.000000
MIAMI,2023,267,
MIAMI,2023,266,
MIAMI,2023,265,20.000000
MIAMI,2023,264,20.000000
MIAMI,2023,263,20.000000
MIAMI,2023,262,20.000000
MIAMI,2023,261,20.000000
MIAMI,2023,260,
MIAMI,2023,259,
MIAMI,2023,258,20.000000
MIAMI,2023,257,20.000000
MIAMI,2023,256,20.000000
MIAMI,2023,255,20.000000
MIAMI,2023,254,20.000000
MIAMI,2023,253,
MIAMI,2023,252,
MIAMI,2023,251,20.000000
MIAMI,2023,250,20.000000
MIAMI,2023,249,20.000000
MIAMI,2023,248,20.000000
MIAMI,2023,247,
MIAMI,2023,246,
MIAMI,2023,245,
MIAMI,2023,244,20.000000
MIAMI,2023,243,20.000000
MIAMI,2023,242,20.000000
MIAMI,2023,241,20.000000
MIAMI,2023,240,20.000000
MIAMI,2023,239,
MIAMI,2023,238,
MIAMI,2023,237,14.000000
MIAMI,2023,236,14.000000
MIAMI,2023,235,14.000000
MIAMI,2023,234,14.000000
MIAMI,2023,233,14.000000
MIAMI,2023,232,
MIAMI,2023,231,
MIAMI,2023,230,14.000000
MIAMI,2023,229,14.000000
MIAMI,2023,228,14.000000
MIAMI,2023,227,14.000000
MIAMI,2023,226,14.000000
MIAMI,2023,225,
MIAMI,2023,224,
MIAMI,2023,223,14.000000
MIAMI,2023,222,14.000000
MIAMI,2023,221,14.000000
MIAMI,2023,220,14.000000
MIAMI,2023,219,14.000000
MIAMI,2023,218,
MIAMI,2023,217,
MIAMI,2023,216,14.000000
MIAMI,2023,215,14.000000
MIAMI,2023,214,14.000000
MIAMI,2023,213,14.000000
MIAMI,2023,212,14.000000
MIAMI,2023,211,
MIAMI,2023,210,
MIAMI,2023,209,14.000000
MIAMI,2023,208,14.000000
MIAMI,2023,207,14.000000
MIAMI,2023,206,14.000000
MIAMI,2023,205,14.000000
MIAMI,2023,204,
MIAMI,2023,203,
MIAMI,2023,202,14.000000
MIAMI,2023,201,14.000000
MIAMI,2023,200,14.000000
MIAMI,2023,199,14.000000
MIAMI,2023,198,14.000000
MIAMI,2023,197,
MIAMI,2023,196,
MIAMI,2023,195,14.000000
MIAMI,2023,194,14.000000
MIAMI,2023,193,14.000000
MIAMI,2023,192,14.000000
MIAMI,2023,191,14.000000
MIAMI,2023,190,
MIAMI,2023,189,
MIAMI,2023,188,14.000000
MIAMI,2023,187,14.000000
MIAMI,2023,186,14.000000
MIAMI,2023,185,
MIAMI,2023,184,14.000000
MIAMI,2023,183,
MIAMI,2023,182,
MIAMI,2023,181,14.000000
MIAMI,2023,180,14.000000
MIAMI,2023,179,14.000000
MIAMI,2023,178,14.000000
MIAMI,2023,177,14.000000
MIAMI,2023,176,
MIAMI,2023,175,
MIAMI,2023,174,14.000000
MIAMI,2023,173,14.000000
MIAMI,2023,172,14.000000
MIAMI,2023,171,14.000000
MIAMI,2023,170,
MIAMI,2023,169,
MIAMI,2023,168,
MIAMI,2023,167,14.000000
MIAMI,2023,166,14.000000
MIAMI,2023,165,14.000000
MIAMI,2023,164,14.000000
MIAMI,2023,163,14.000000
MIAMI,2023,162,
MIAMI,2023,161,
MIAMI,2023,160,29.000000
MIAMI,2023,159,29.000000
MIAMI,2023,158,29.000000
MIAMI,2023,157,29.000000
MIAMI,2023,156,29.000000
MIAMI,2023,155,
MIAMI,2023,154,
MIAMI,2023,153,29.000000
MIAMI,2023,152,29.000000
MIAMI,2023,151,29.000000
MIAMI,2023,150,29.000000
MIAMI,2023,149,
MIAMI,2023,148,
MIAMI,2023,147,
MIAMI,2023,146,29.000000
MIAMI,2023,145,29.000000
MIAMI,2023,144,29.000000
MIAMI,2023,143,29.000000
MIAMI,2023,142,29.000000
MIAMI,2023,141,
MIAMI,2023,140,
MIAMI,2023,139,29.000000
MIAMI,2023,138,29.000000
MIAMI,2023,137,29.000000
MIAMI,2023,136,29.000000
MIAMI,2023,135,29.000000
MIAMI,2023,134,
MIAMI,2023,133,
MIAMI,2023,132,29.000000
MIAMI,2023,131,29.000000
MIAMI,2023,130,29.000000
MIAMI,2023,129,29.000000
MIAMI,2023,128,29.000000
MIAMI,2023,127,
MIAMI,2023,126,
MIAMI,2023,125,29.000000
MIAMI,2023,124,29.000000
MIAMI,2023,123,29.000000
MIAMI,2023,122,29.000000
MIAMI,2023,121,29.000000
MIAMI,2023,120,
MIAMI,2023,119,
MIAMI,2023,118,29.000000
MIAMI,2023,117,29.000000
MIAMI,2023,116,29.000000
MIAMI,2023,115,29.000000
MIAMI,2023,114,29.000000
MIAMI,2023,113,
MIAMI,2023,112,
MIAMI,2023,111,29.000000
MIAMI,2023,110,29.000000
MIAMI,2023,109,29.000000
MIAMI,2023,108,29.000000
MIAMI,2023,107,29.000000
MIAMI,2023,106,
MIAMI,2023,105,
MIAMI,2023,104,29.000000
MIAMI,2023,103,29.000000
MIAMI,2023,102,29.000000
MIAMI,2023,101,29.000000
MIAMI,2023,100,29.000000
MIAMI,2023,99,
MIAMI,2023,98,
MIAMI,2023,97,29.000000
MIAMI,2023,96,29.000000
MIAMI,2023,95,29.000000
MIAMI,2023,94,29.000000
MIAMI,2023,93,29.000000
MIAMI,2023,92,
MIAMI,2023,91,
MIAMI,2023,90,29.000000
MIAMI,2023,89,29.000000
MIAMI,2023,88,29.000000
MIAMI,2023,87,29.000000
MIAMI,2023,86,29.000000
MIAMI,2023,85,
MIAMI,2023,84,
MIAMI,2023,83,29.000000
MIAMI,2023,82,29.000000
MIAMI,2023,81,29.000000
MIAMI,2023,80,29.000000
MIAMI,2023,79,29.000000
MIAMI,2023,78,
MIAMI,2023,77,
MIAMI,2023,76,29.000000
MIAMI,2023,75,29.000000
MIAMI,2023,74,29.000000
MIAMI,2023,73,29.000000
MIAMI,2023,72,29.000000
MIAMI,2023,71,
MIAMI,2023,70,
MIAMI,2023,69,29.000000
MIAMI,2023,68,29.000000
MIAMI,2023,67,29.000000
MIAMI,2023,66,29.000000
MIAMI,2023,65,29.000000
MIAMI,2023,64,
MIAMI,2023,63,
MIAMI,2023,62,29.000000
MIAMI,2023,61,29.000000
MIAMI,2023,60,29.000000
MIAMI,2023,59,29.000000
MIAMI,2023,58,29.000000
MIAMI,2023,57,
MIAMI,2023,56,
MIAMI,2023,55,29.000000
MIAMI,2023,54,29.000000
MIAMI,2023,53,29.000000
MIAMI,2023,52,29.000000
MIAMI,2023,51,
MIAMI,2023,50,
MIAMI,2023,49,
MIAMI,2023,48,29.000000
MIAMI,2023,47,29.000000
MIAMI,2023,46,29.000000
MIAMI,2023,45,29.000000
MIAMI,2023,44,29.000000
MIAMI,2023,43,
MIAMI,2023,42,
MIAMI,2023,41,29.000000
MIAMI,2023,40,29.000000
MIAMI,2023,39,29.000000
MIAMI,2023,38,29.000000
MIAMI,2023,37,29.000000
MIAMI,2023,36,
MIAMI,2023,35,
MIAMI,2023,34,29.000000
MIAMI,2023,33,29.000000
MIAMI,2023,32,29.000000
MIAMI,2023,31,29.000000
MIAMI,2023,30,29.000000
MIAMI,2023,29,
MIAMI,2023,28,
MIAMI,2023,27,29.000000
MIAMI,2023,26,29.000000
MIAMI,2023,25,29.000000
MIAMI,2023,24,29.000000
MIAMI,2023,23,29.000000
MIAMI,2023,22,
MIAMI,2023,21,
MIAMI,2023,20,29.000000
MIAMI,2023,19,29.000000
MIAMI,2023,18,29.000000
MIAMI,2023,17,29.000000
MIAMI,2023,16,
MIAMI,2023,15,
MIAMI,2023,14,
MIAMI,2023,13,24.000000
MIAMI,2023,12,24.000000
MIAMI,2023,11,24.000000
MIAMI,2023,10,34.000000
MIAMI,2023,9,34.000000
MIAMI,2023,8,
MIAMI,2023,7,
MIAMI,2023,6,34.000000
MIAMI,2023,5,34.000000
MIAMI,2023,4,
MIAMI,2023,3,
MIAMI,2023,2,
NEW YORK,2023,366,
NEW YORK,2023,365,
NEW YORK,2023,364,
NEW YORK,2023,363,23.000000
NEW YORK,2023,362,23.000000
NEW YORK,2023,361,23.000000
NEW YORK,2023,360,
NEW YORK,2023,359,
NEW YORK,2023,358,
NEW YORK,2023,357,
NEW YORK,2023,356,29.000000
NEW YORK,2023,355,29.000000
NEW YORK,2023,354,29.000000
NEW YORK,2023,353,29.000000
NEW YORK,2023,352,24.000000
NEW YORK,2023,351,
NEW YORK,2023,350,
NEW YORK,2023,349,24.500000
NEW YORK,2023,348,24.500000
NEW YORK,2023,347,24.500000
NEW YORK,2023,346,24.500000
NEW YORK,2023,345,24.500000
NEW YORK,2023,344,
NEW YORK,2023,343,
NEW YORK,2023,342,21.000000
NEW YORK,2023,341,27.000000
NEW YORK,2023,340,25.000000
NEW YORK,2023,339,25.000000
NEW YORK,2023,338,25.000000
NEW YORK,2023,337,
NEW YORK,2023,336,
NEW YORK,2023,335,26.000000
NEW YORK,2023,334,26.000000
NEW YORK,2023,333,30.666666
NEW YORK,2023,332,31.666666
NEW YORK,2023,331,23.333333
NEW YORK,2023,330,
NEW YORK,2023,329,
NEW YORK,2023,328,
NEW YORK,2023,327,
NEW YORK,2023,326,22.500000
NEW YORK,2023,325,22.500000
NEW YORK,2023,324,24.000000
NEW YORK,2023,323,
NEW YORK,2023,322,
NEW YORK,2023,321,20.000000
NEW YORK,2023,320,20.000000
NEW YORK,2023,319,20.000000
NEW YORK,2023,318,20.000000
NEW YORK,2023,317,20.000000
NEW YORK,2023,316,
NEW YORK,2023,315,
NEW YORK,2023,314,
NEW YORK,2023,313,20.000000
NEW YORK,2023,312,19.666666
NEW YORK,2023,311,22.000000
NEW YORK,2023,310,22.000000
NEW YORK,2023,309,
NEW YORK,2023,308,
NEW YORK,2023,307,25.500000
NEW YORK,2023,306,25.500000
NEW YORK,2023,305,25.500000
NEW YORK,2023,304,25.500000
NEW YORK,2023,303,25.000000
NEW YORK,2023,302,
NEW YORK,2023,301,
NEW YORK,2023,300,21.000000
NEW YORK,2023,299,20.666666
NEW YORK,2023,298,20.666666
NEW YORK,2023,297,23.000000
NEW YORK,2023,296,26.000000
NEW YORK,2023,295,
NEW YORK,2023,294,
NEW YORK,2023,293,29.000000
NEW YORK,2023,292,29.000000
NEW YORK,2023,291,29.000000
NEW YORK,2023,290,29.000000
NEW YORK,2023,289,29.000000
NEW YORK,2023,288,
NEW YORK,2023,287,
NEW YORK,2023,286,22.333333
NEW YORK,2023,285,22.333333
NEW YORK,2023,284,22.333333
NEW YORK,2023,283,21.800000
NEW YORK,2023,282,
NEW YORK,2023,281,
NEW YORK,2023,280,
NEW YORK,2023,279,19.538461
NEW YORK,2023,278,19.000000
NEW YORK,2023,277,19.000000
NEW YORK,2023,276,19.333333
NEW YORK,2023,275,19.692307
NEW YORK,2023,274,
NEW YORK,2023,273,
NEW YORK,2023,272,22.500000
NEW YORK,2023,271,23.750000
NEW YORK,2023,270,23.000000
NEW YORK,2023,269,24.250000
NEW YORK,2023,268,23.100000
NEW YORK,2023,267,
NEW YORK,2023,266,
NEW YORK,2023,265,21.500000
NEW YORK,2023,264,20.000000
NEW YORK,2023,263,20.000000
NEW YORK,2023,262,17.666666
NEW YORK,2023,261,17.500000
NEW YORK,2023,260,
NEW YORK,2023,259,
NEW YORK,2023,258,20.000000
NEW YORK,2023,257,20.000000
NEW YORK,2023,256,20.333333
NEW YORK,2023,255,18.500000
NEW YORK,2023,254,18.500000
NEW YORK,2023,253,
NEW YORK,2023,252,
NEW YORK,2023,251,18.666666
NEW YORK,2023,250,18.666666
NEW YORK,2023,249,23.000000
NEW YORK,2023,248,23.000000
NEW YORK,2023,247,
NEW YORK,2023,246,
NEW YORK,2023,245,
NEW YORK,2023,244,19.333333
NEW YORK,2023,243,19.333333
NEW YORK,2023,242,19.666666
NEW YORK,2023,241,19.666666
NEW YORK,2023,240,21.000000
NEW YORK,2023,239,
NEW YORK,2023,238,
NEW YORK,2023,237,21.500000
NEW YORK,2023,236,21.500000
NEW YORK,2023,235,21.500000
NEW YORK,2023,234,20.750000
NEW YORK,2023,233,22.750000
NEW YORK,2023,232,
NEW YORK,2023,231,
NEW YORK,2023,230,27.750000
NEW YORK,2023,229,27.750000
NEW YORK,2023,228,19.400000
NEW YORK,2023,227,19.400000
NEW YORK,2023,226,20.100000
NEW YORK,2023,225,
NEW YORK,2023,224,
NEW YORK,2023,223,20.300000
NEW YORK,2023,222,20.300000
NEW YORK,2023,221,20.500000
NEW YORK,2023,220,20.500000
NEW YORK,2023,219,20.500000
NEW YORK,2023,218,
NEW YORK,2023,217,
NEW YORK,2023,216,19.625000
NEW YORK,2023,215,19.625000
NEW YORK,2023,214,18.875000
NEW YORK,2023,213,18.750000
NEW YORK,2023,212,18.625000
NEW YORK,2023,211,
NEW YORK,2023,210,
NEW YORK,2023,209,17.500000
NEW YORK,2023,208,17.500000
NEW YORK,2023,207,16.750000
NEW YORK,2023,206,16.750000
NEW YORK,2023,205,16.750000
NEW YORK,2023,204,
NEW YORK,2023,203,
NEW YORK,2023,202,17.666666
NEW YORK,2023,201,18.000000
NEW YORK,2023,200,28.000000
NEW YORK,2023,199,29.000000
NEW YORK,2023,198,26.250000
NEW YORK,2023,197,
NEW YORK,2023,196,
NEW YORK,2023,195,26.666666
NEW YORK,2023,194,26.666666
NEW YORK,2023,193,27.000000
NEW YORK,2023,192,27.000000
NEW YORK,2023,191,27.000000
NEW YORK,2023,190,
NEW YORK,2023,189,
NEW YORK,2023,188,19.833333
NEW YORK,2023,187,19.833333
NEW YORK,2023,186,15.666666
NEW YORK,2023,185,
NEW YORK,2023,184,16.000000
NEW YORK,2023,183,
NEW YORK,2023,182,
NEW YORK,2023,181,17.250000
NEW YORK,2023,180,17.250000
NEW YORK,2023,179,17.250000
NEW YORK,2023,178,16.750000
NEW YORK,2023,177,16.750000
NEW YORK,2023,176,
NEW YORK,2023,175,
NEW YORK,2023,174,17.000000
NEW YORK,2023,173,17.000000
NEW YORK,2023,172,19.000000
NEW YORK,2023,171,19.000000
NEW YORK,2023,170,
NEW YORK,2023,169,
NEW YORK,2023,168,
NEW YORK,2023,167,16.000000
NEW YORK,2023,166,14.833333
NEW YORK,2023,165,18.333333
NEW YORK,2023,164,22.000000
NEW YORK,2023,163,22.000000
NEW YORK,2023,162,
NEW YORK,2023,161,
NEW YORK,2023,160,18.500000
NEW YORK,2023,159,18.500000
NEW YORK,2023,158,18.500000
NEW YORK,2023,157,18.500000
NEW YORK,2023,156,23.000000
NEW YORK,2023,155,
NEW YORK,2023,154,
NEW YORK,2023,153,23.200000
NEW YORK,2023,152,23.200000
NEW YORK,2023,151,25.333333
NEW YORK,2023,150,25.333333
NEW YORK,2023,149,
NEW YORK,2023,148,
NEW YORK,2023,147,
NEW YORK,2023,146,24.000000
NEW YORK,2023,145,24.000000
NEW YORK,2023,144,24.000000
NEW YORK,2023,143,22.333333
NEW YORK,2023,142,30.333333
NEW YORK,2023,141,
NEW YORK,2023,140,
NEW YORK,2023,139,30.333333
NEW YORK,2023,138,32.000000
NEW YORK,2023,137,32.000000
NEW YORK,2023,136,32.000000
NEW YORK,2023,135,32.000000
NEW YORK,2023,134,
NEW YORK,2023,133,
NEW YORK,2023,132,35.000000
NEW YORK,2023,131,35.000000
NEW YORK,2023,130,27.750000
NEW YORK,2023,129,27.750000
NEW YORK,2023,128,33.500000
NEW YORK,2023,127,
NEW YORK,2023,126,
NEW YORK,2023,125,25.000000
NEW YORK,2023,124,25.000000
NEW YORK,2023,123,26.000000
NEW YORK,2023,122,27.000000
NEW YORK,2023,121,27.000000
NEW YORK,2023,120,
NEW YORK,2023,119,
NEW YORK,2023,118,24.000000
NEW YORK,2023,117,25.000000
NEW YORK,2023,116,25.000000
NEW YORK,2023,115,26.000000
NEW YORK,2023,114,26.000000
NEW YORK,2023,113,
NEW YORK,2023,112,
NEW YORK,2023,111,27.000000
NEW YORK,2023,110,27.000000
NEW YORK,2023,109,27.000000
NEW YORK,2023,108,26.000000
NEW YORK,2023,107,26.000000
NEW YORK,2023,106,
NEW YORK,2023,105,
NEW YORK,2023,104,26.500000
NEW YORK,2023,103,26.500000
NEW YORK,2023,102,26.500000
NEW YORK,2023,101,28.000000
NEW YORK,2023,100,
NEW YORK,2023,99,
NEW YORK,2023,98,
NEW YORK,2023,97,28.000000
NEW YORK,2023,96,28.000000
NEW YORK,2023,95,28.000000
NEW YORK,2023,94,28.000000
NEW YORK,2023,93,28.000000
NEW YORK,2023,92,
NEW YORK,2023,91,
NEW YORK,2023,90,26.000000
NEW YORK,2023,89,26.000000
NEW YORK,2023,88,26.000000
NEW YORK,2023,87,20.666666
NEW YORK,2023,86,24.500000
NEW YORK,2023,85,
NEW YORK,2023,84,
NEW YORK,2023,83,21.833333
NEW YORK,2023,82,22.000000
NEW YORK,2023,81,22.000000
NEW YORK,2023,80,28.000000
NEW YORK,2023,79,20.000000
NEW YORK,2023,78,
NEW YORK,2023,77,
NEW YORK,2023,76,21.333333
NEW YORK,2023,75,21.333333
NEW YORK,2023,74,18.375000
NEW YORK,2023,73,25.000000
NEW YORK,2023,72,25.000000
NEW YORK,2023,71,
NEW YORK,2023,70,
NEW YORK,2023,69,27.000000
NEW YORK,2023,68,30.000000
NEW YORK,2023,67,27.750000
NEW YORK,2023,66,22.000000
NEW YORK,2023,65,22.000000
NEW YORK,2023,64,
NEW YORK,2023,63,
NEW YORK,2023,62,22.666666
NEW YORK,2023,61,22.666666
NEW YORK,2023,60,22.000000
NEW YORK,2023,59,20.666666
NEW YORK,2023,58,21.333333
NEW YORK,2023,57,
NEW YORK,2023,56,
NEW YORK,2023,55,25.333333
NEW YORK,2023,54,25.333333
NEW YORK,2023,53,25.333333
NEW YORK,2023,52,24.500000
NEW YORK,2023,51,
NEW YORK,2023,50,
NEW YORK,2023,49,
NEW YORK,2023,48,33.000000
NEW YORK,2023,47,30.500000
NEW YORK,2023,46,30.500000
NEW YORK,2023,45,33.000000
NEW YORK,2023,44,28.500000
NEW YORK,2023,43,
NEW YORK,2023,42,
NEW YORK,2023,41,28.000000
NEW YORK,2023,40,28.000000
NEW YORK,2023,39,30.333333
NEW YORK,2023,38,30.333333
NEW YORK,2023,37,27.000000
NEW YORK,2023,36,
NEW YORK,2023,35,
NEW YORK,2023,34,23.333333
NEW YORK,2023,33,23.333333
NEW YORK,2023,32,23.333333
NEW YORK,2023,31,22.000000
NEW YORK,2023,30,22.000000
NEW YORK,2023,29,
NEW YORK,2023,28,
NEW YORK,2023,27,25.000000
NEW YORK,2023,26,25.000000
NEW YORK,2023,25,25.000000
NEW YORK,2023,24,34.500000
NEW YORK,2023,23,34.500000
NEW YORK,2023,22,
NEW YORK,2023,21,
NEW YORK,2023,20,35.000000
NEW YORK,2023,19,35.000000
NEW YORK,2023,18,35.000000
NEW YORK,2023,17,35.000000
NEW YORK,2023,16,
NEW YORK,2023,15,
NEW YORK,2023,14,
NEW YORK,2023,13,33.000000
NEW YORK,2023,12,34.000000
NEW YORK,2023,11,34.000000
NEW YORK,2023,10,33.000000
NEW YORK,2023,9,29.000000
NEW YORK,2023,8,
NEW YORK,2023,7,
NEW YORK,2023,6,31.000000
NEW YORK,2023,5,24.000000
NEW YORK,2023,4,36.000000
NEW YORK,2023,3,36.000000
NEW YORK,2023,2,
PHILADELPHIA,2023,366,
PHILADELPHIA,2023,365,
PHILADELPHIA,2023,364,
PHILADELPHIA,2023,363,
PHILADELPHIA,2023,362,
PHILADELPHIA,2023,361,
PHILADELPHIA,2023,360,
PHILADELPHIA,2023,359,
PHILADELPHIA,2023,358,
PHILADELPHIA,2023,357,
PHILADELPHIA,2023,356,22.000000
PHILADELPHIA,2023,355,22.000000
PHILADELPHIA,2023,354,22.000000
PHILADELPHIA,2023,353,22.000000
PHILADELPHIA,2023,352,22.000000
PHILADELPHIA,2023,351,
PHILADELPHIA,2023,350,
PHILADELPHIA,2023,349,22.333333
PHILADELPHIA,2023,348,22.333333
PHILADELPHIA,2023,347,23.000000
PHILADELPHIA,2023,346,23.000000
PHILADELPHIA,2023,345,23.000000
PHILADELPHIA,2023,344,
PHILADELPHIA,2023,343,
PHILADELPHIA,2023,342,30.000000
PHILADELPHIA,2023,341,31.000000
PHILADELPHIA,2023,340,31.000000
PHILADELPHIA,2023,339,22.000000
PHILADELPHIA,2023,338,22.000000
PHILADELPHIA,2023,337,
PHILADELPHIA,2023,336,
PHILADELPHIA,2023,335,27.500000
PHILADELPHIA,2023,334,27.500000
PHILADELPHIA,2023,333,28.000000
PHILADELPHIA,2023,332,28.000000
PHILADELPHIA,2023,331,28.000000
PHILADELPHIA,2023,330,
PHILADELPHIA,2023,329,
PHILADELPHIA,2023,328,
PHILADELPHIA,2023,327,
PHILADELPHIA,2023,326,29.000000
PHILADELPHIA,2023,325,29.000000
PHILADELPHIA,2023,324,29.000000
PHILADELPHIA,2023,323,
PHILADELPHIA,2023,322,
PHILADELPHIA,2023,321,29.500000
PHILADELPHIA,2023,320,29.500000
PHILADELPHIA,2023,319,29.500000
PHILADELPHIA,2023,318,29.500000
PHILADELPHIA,2023,317,25.500000
PHILADELPHIA,2023,316,
PHILADELPHIA,2023,315,
PHILADELPHIA,2023,314,
PHILADELPHIA,2023,313,28.000000
PHILADELPHIA,2023,312,28.500000
PHILADELPHIA,2023,311,28.500000
PHILADELPHIA,2023,310,28.500000
PHILADELPHIA,2023,309,
PHILADELPHIA,2023,308,
PHILADELPHIA,2023,307,25.000000
PHILADELPHIA,2023,306,25.000000
PHILADELPHIA,2023,305,25.000000
PHILADELPHIA,2023,304,25.000000
PHILADELPHIA,2023,303,23.500000
PHILADELPHIA,2023,302,
PHILADELPHIA,2023,301,
PHILADELPHIA,2023,300,28.833333
PHILADELPHIA,2023,299,28.833333
PHILADELPHIA,2023,298,29.333333
PHILADELPHIA,2023,297,29.333333
PHILADELPHIA,2023,296,28.000000
PHILADELPHIA,2023,295,
PHILADELPHIA,2023,294,
PHILADELPHIA,2023,293,25.000000
PHILADELPHIA,2023,292,25.000000
PHILADELPHIA,2023,291,21.666666
PHILADELPHIA,2023,290,21.666666
PHILADELPHIA,2023,289,21.666666
PHILADELPHIA,2023,288,
PHILADELPHIA,2023,287,
PHILADELPHIA,2023,286,21.666666
PHILADELPHIA,2023,285,21.666666
PHILADELPHIA,2023,284,21.666666
PHILADELPHIA,2023,283,18.500000
PHILADELPHIA,2023,282,
PHILADELPHIA,2023,281,
PHILADELPHIA,2023,280,
PHILADELPHIA,2023,279,21.000000
PHILADELPHIA,2023,278,28.000000
PHILADELPHIA,2023,277,23.000000
PHILADELPHIA,2023,276,23.000000
PHILADELPHIA,2023,275,28.000000
PHILADELPHIA,2023,274,
PHILADELPHIA,2023,273,
PHILADELPHIA,2023,272,28.000000
PHILADELPHIA,2023,271,28.000000
PHILADELPHIA,2023,270,28.000000
PHILADELPHIA,2023,269,28.000000
PHILADELPHIA,2023,268,28.000000
PHILADELPHIA,2023,267,
PHILADELPHIA,2023,266,
PHILADELPHIA,2023,265,27.000000
PHILADELPHIA,2023,264,27.000000
PHILADELPHIA,2023,263,27.000000
PHILADELPHIA,2023,262,28.000000
PHILADELPHIA,2023,261,
PHILADELPHIA,2023,260,
PHILADELPHIA,2023,259,
PHILADELPHIA,2023,258,22.000000
PHILADELPHIA,2023,257,22.000000
PHILADELPHIA,2023,256,22.000000
PHILADELPHIA,2023,255,22.000000
PHILADELPHIA,2023,254,22.000000
PHILADELPHIA,2023,253,
PHILADELPHIA,2023,252,
PHILADELPHIA,2023,251,20.500000
PHILADELPHIA,2023,250,20.500000
PHILADELPHIA,2023,249,20.500000
PHILADELPHIA,2023,248,20.500000
PHILADELPHIA,2023,247,
PHILADELPHIA,2023,246,
PHILADELPHIA,2023,245,
PHILADELPHIA,2023,244,20.000000
PHILADELPHIA,2023,243,20.000000
PHILADELPHIA,2023,242,20.000000
PHILADELPHIA,2023,241,
PHILADELPHIA,2023,240,
PHILADELPHIA,2023,239,
PHILADELPHIA,2023,238,
PHILADELPHIA,2023,237,18.333333
PHILADELPHIA,2023,236,18.166666
PHILADELPHIA,2023,235,18.666666
PHILADELPHIA,2023,234,21.000000
PHILADELPHIA,2023,233,17.000000
PHILADELPHIA,2023,232,
PHILADELPHIA,2023,231,
PHILADELPHIA,2023,230,17.000000
PHILADELPHIA,2023,229,17.000000
PHILADELPHIA,2023,228,14.000000
PHILADELPHIA,2023,227,14.000000
PHILADELPHIA,2023,226,14.000000
PHILADELPHIA,2023,225,
PHILADELPHIA,2023,224,
PHILADELPHIA,2023,223,17.000000
PHILADELPHIA,2023,222,17.000000
PHILADELPHIA,2023,221,17.000000
PHILADELPHIA,2023,220,16.500000
PHILADELPHIA,2023,219,16.500000
PHILADELPHIA,2023,218,
PHILADELPHIA,2023,217,
PHILADELPHIA,2023,216,16.750000
PHILADELPHIA,2023,215,15.500000
PHILADELPHIA,2023,214,
PHILADELPHIA,2023,213,
PHILADELPHIA,2023,212,
PHILADELPHIA,2023,211,
PHILADELPHIA,2023,210,
PHILADELPHIA,2023,209,18.000000
PHILADELPHIA,2023,208,18.000000
PHILADELPHIA,2023,207,18.000000
PHILADELPHIA,2023,206,18.000000
PHILADELPHIA,2023,205,18.000000
PHILADELPHIA,2023,204,
PHILADELPHIA,2023,203,
PHILADELPHIA,2023,202,24.500000
PHILADELPHIA,2023,201,24.500000
PHILADELPHIA,2023,200,24.500000
PHILADELPHIA,2023,199,19.000000
PHILADELPHIA,2023,198,19.000000
PHILADELPHIA,2023,197,
PHILADELPHIA,2023,196,
PHILADELPHIA,2023,195,24.500000
PHILADELPHIA,2023,194,24.500000
PHILADELPHIA,2023,193,21.000000
PHILADELPHIA,2023,192,
PHILADELPHIA,2023,191,
PHILADELPHIA,2023,190,
PHILADELPHIA,2023,189,
PHILADELPHIA,2023,188,
PHILADELPHIA,2023,187,
PHILADELPHIA,2023,186,
PHILADELPHIA,2023,185,
PHILADELPHIA,2023,184,
PHILADELPHIA,2023,183,
PHILADELPHIA,2023,182,
PHILADELPHIA,2023,181,28.000000
PHILADELPHIA,2023,180,28.000000
PHILADELPHIA,2023,179,28.000000
PHILADELPHIA,2023,178,28.000000
PHILADELPHIA,2023,177,
PHILADELPHIA,2023,176,
PHILADELPHIA,2023,175,
PHILADELPHIA,2023,174,15.000000
PHILADELPHIA,2023,173,15.000000
PHILADELPHIA,2023,172,15.000000
PHILADELPHIA,2023,171,15.000000
PHILADELPHIA,2023,170,
PHILADELPHIA,2023,169,
PHILADELPHIA,2023,168,
PHILADELPHIA,2023,167,17.666666
PHILADELPHIA,2023,166,14.500000
PHILADELPHIA,2023,165,19.000000
PHILADELPHIA,2023,164,19.000000
PHILADELPHIA,2023,163,18.000000
PHILADELPHIA,2023,162,
PHILADELPHIA,2023,161,
PHILADELPHIA,2023,160,23.000000
PHILADELPHIA,2023,159,23.000000
PHILADELPHIA,2023,158,23.000000
PHILADELPHIA,2023,157,23.000000
PHILADELPHIA,2023,156,23.250000
PHILADELPHIA,2023,155,
PHILADELPHIA,2023,154,
PHILADELPHIA,2023,153,25.666666
PHILADELPHIA,2023,152,25.666666
PHILADELPHIA,2023,151,25.666666
PHILADELPHIA,2023,150,25.666666
PHILADELPHIA,2023,149,
PHILADELPHIA,2023,148,
PHILADELPHIA,2023,147,
PHILADELPHIA,2023,146,25.000000
PHILADELPHIA,2023,145,25.000000
PHILADELPHIA,2023,144,25.000000
PHILADELPHIA,2023,143,25.000000
PHILADELPHIA,2023,142,25.000000
PHILADELPHIA,2023,141,
PHILADELPHIA,2023,140,
PHILADELPHIA,2023,139,25.000000
PHILADELPHIA,2023,138,25.000000
PHILADELPHIA,2023,137,20.000000
PHILADELPHIA,2023,136,20.000000
PHILADELPHIA,2023,135,20.000000
PHILADELPHIA,2023,134,
PHILADELPHIA,2023,133,
PHILADELPHIA,2023,132,
PHILADELPHIA,2023,131,
PHILADELPHIA,2023,130,
PHILADELPHIA,2023,129,
PHILADELPHIA,2023,128,
PHILADELPHIA,2023,127,
PHILADELPHIA,2023,126,
PHILADELPHIA,2023,125,28.000000
PHILADELPHIA,2023,124,28.000000
PHILADELPHIA,2023,123,26.000000
PHILADELPHIA,2023,122,26.000000
PHILADELPHIA,2023,121,26.000000
PHILADELPHIA,2023,120,
PHILADELPHIA,2023,119,
PHILADELPHIA,2023,118,24.500000
PHILADELPHIA,2023,117,24.500000
PHILADELPHIA,2023,116,24.500000
PHILADELPHIA,2023,115,23.250000
PHILADELPHIA,2023,114,23.250000
PHILADELPHIA,2023,113,
PHILADELPHIA,2023,112,
PHILADELPHIA,2023,111,
PHILADELPHIA,2023,110,10.000000
PHILADELPHIA,2023,109,10.000000
PHILADELPHIA,2023,108,13.500000
PHILADELPHIA,2023,107,13.500000
PHILADELPHIA,2023,106,
PHILADELPHIA,2023,105,
PHILADELPHIA,2023,104,12.500000
PHILADELPHIA,2023,103,12.500000
PHILADELPHIA,2023,102,24.000000
PHILADELPHIA,2023,101,24.000000
PHILADELPHIA,2023,100,
PHILADELPHIA,2023,99,
PHILADELPHIA,2023,98,
PHILADELPHIA,2023,97,25.000000
PHILADELPHIA,2023,96,25.000000
PHILADELPHIA,2023,95,25.000000
PHILADELPHIA,2023,94,26.000000
PHILADELPHIA,2023,93,26.500000
PHILADELPHIA,2023,92,
PHILADELPHIA,2023,91,
PHILADELPHIA,2023,90,24.666666
PHILADELPHIA,2023,89,24.666666
PHILADELPHIA,2023,88,25.000000
PHILADELPHIA,2023,87,25.000000
PHILADELPHIA,2023,86,23.000000
PHILADELPHIA,2023,85,
PHILADELPHIA,2023,84,
PHILADELPHIA,2023,83,24.500000
PHILADELPHIA,2023,82,24.500000
PHILADELPHIA,2023,81,24.000000
PHILADELPHIA,2023,80,23.750000
PHILADELPHIA,2023,79,30.000000
PHILADELPHIA,2023,78,
PHILADELPHIA,2023,77,
PHILADELPHIA,2023,76,22.000000
PHILADELPHIA,2023,75,22.000000
PHILADELPHIA,2023,74,29.000000
PHILADELPHIA,2023,73,29.000000
PHILADELPHIA,2023,72,29.000000
PHILADELPHIA,2023,71,
PHILADELPHIA,2023,70,
PHILADELPHIA,2023,69,20.000000
PHILADELPHIA,2023,68,20.000000
PHILADELPHIA,2023,67,20.000000
PHILADELPHIA,2023,66,20.000000
PHILADELPHIA,2023,65,20.000000
PHILADELPHIA,2023,64,
PHILADELPHIA,2023,63,
PHILADELPHIA,2023,62,23.500000
PHILADELPHIA,2023,61,23.500000
PHILADELPHIA,2023,60,24.000000
PHILADELPHIA,2023,59,20.000000
PHILADELPHIA,2023,58,20.000000
PHILADELPHIA,2023,57,
PHILADELPHIA,2023,56,
PHILADELPHIA,2023,55,32.500000
PHILADELPHIA,2023,54,32.500000
PHILADELPHIA,2023,53,33.000000
PHILADELPHIA,2023,52,
PHILADELPHIA,2023,51,
PHILADELPHIA,2023,50,
PHILADELPHIA,2023,49,
PHILADELPHIA,2023,48,29.000000
PHILADELPHIA,2023,47,29.000000
PHILADELPHIA,2023,46,29.000000
PHILADELPHIA,2023,45,29.000000
PHILADELPHIA,2023,44,29.000000
PHILADELPHIA,2023,43,
PHILADELPHIA,2023,42,
PHILADELPHIA,2023,41,28.000000
PHILADELPHIA,2023,40,28.000000
PHILADELPHIA,2023,39,28.000000
PHILADELPHIA,2023,38,28.000000
PHILADELPHIA,2023,37,27.500000
PHILADELPHIA,2023,36,
PHILADELPHIA,2023,35,
PHILADELPHIA,2023,34,27.500000
PHILADELPHIA,2023,33,27.500000
PHILADELPHIA,2023,32,27.500000
PHILADELPHIA,2023,31,27.500000
PHILADELPHIA,2023,30,27.500000
PHILADELPHIA,2023,29,
PHILADELPHIA,2023,28,
PHILADELPHIA,2023,27,30.500000
PHILADELPHIA,2023,26,30.500000
PHILADELPHIA,2023,25,30.500000
PHILADELPHIA,2023,24,30.500000
PHILADELPHIA,2023,23,30.500000
PHILADELPHIA,2023,22,
PHILADELPHIA,2023,21,
PHILADELPHIA,2023,20,34.000000
PHILADELPHIA,2023,19,33.000000
PHILADELPHIA,2023,18,33.000000
PHILADELPHIA,2023,17,33.000000
PHILADELPHIA,2023,16,
PHILADELPHIA,2023,15,
PHILADELPHIA,2023,14,
PHILADELPHIA,2023,13,33.000000
PHILADELPHIA,2023,12,33.000000
PHILADELPHIA,2023,11,32.000000
PHILADELPHIA,2023,10,32.000000
PHILADELPHIA,2023,9,31.000000
PHILADELPHIA,2023,8,
PHILADELPHIA,2023,7,
PHILADELPHIA,2023,6,26.500000
PHILADELPHIA,2023,5,26.500000
PHILADELPHIA,2023,4,26.500000
PHILADELPHIA,2023,3,
PHILADELPHIA,2023,2,
BALTIMORE,2022,366,
BALTIMORE,2022,365,
BALTIMORE,2022,364,40.000000
BALTIMORE,2022,363,40.000000
BALTIMORE,2022,362,33.500000
BALTIMORE,2022,361,33.500000
BALTIMORE,2022,360,
BALTIMORE,2022,359,
BALTIMORE,2022,358,
BALTIMORE,2022,357,33.500000
BALTIMORE,2022,356,33.500000
BALTIMORE,2022,355,33.500000
BALTIMORE,2022,354,33.500000
BALTIMORE,2022,353,33.500000
BALTIMORE,2022,352,
BALTIMORE,2022,351,
BALTIMORE,2022,350,33.500000
BALTIMORE,2022,349,33.500000
BALTIMORE,2022,348,33.500000
BALTIMORE,2022,347,33.500000
BALTIMORE,2022,346,33.500000
BALTIMORE,2022,345,
BALTIMORE,2022,344,
BALTIMORE,2022,343,33.500000
BALTIMORE,2022,342,33.500000
BALTIMORE,2022,341,33.500000
BALTIMORE,2022,340,33.500000
BALTIMORE,2022,339,33.500000
BALTIMORE,2022,338,
BALTIMORE,2022,337,
BALTIMORE,2022,336,33.500000
BALTIMORE,2022,335,33.500000
BALTIMORE,2022,334,33.500000
BALTIMORE,2022,333,33.500000
BALTIMORE,2022,332,33.500000
BALTIMORE,2022,331,
BALTIMORE,2022,330,
BALTIMORE,2022,329,34.000000
BALTIMORE,2022,328,
BALTIMORE,2022,327,35.500000
BALTIMORE,2022,326,35.500000
BALTIMORE,2022,325,35.500000
BALTIMORE,2022,324,
BALTIMORE,2022,323,
BALTIMORE,2022,322,35.500000
BALTIMORE,2022,321,35.500000
BALTIMORE,2022,320,35.500000
BALTIMORE,2022,319,35.500000
BALTIMORE,2022,318,35.500000
BALTIMORE,2022,317,
BALTIMORE,2022,316,
BALTIMORE,2022,315,
BALTIMORE,2022,314,35.500000
BALTIMORE,2022,313,35.500000
BALTIMORE,2022,312,35.500000
BALTIMORE,2022,311,35.500000
BALTIMORE,2022,310,
BALTIMORE,2022,309,
BALTIMORE,2022,308,35.500000
BALTIMORE,2022,307,35.500000
BALTIMORE,2022,306,35.500000
BALTIMORE,2022,305,35.500000
BALTIMORE,2022,304,35.500000
BALTIMORE,2022,303,
BALTIMORE,2022,302,
BALTIMORE,2022,301,35.500000
BALTIMORE,2022,300,35.500000
BALTIMORE,2022,299,35.000000
BALTIMORE,2022,298,35.000000
BALTIMORE,2022,297,35.000000
BALTIMORE,2022,296,
BALTIMORE,2022,295,
BALTIMORE,2022,294,34.500000
BALTIMORE,2022,293,34.500000
BALTIMORE,2022,292,34.500000
BALTIMORE,2022,291,34.500000
BALTIMORE,2022,290,34.500000
BALTIMORE,2022,289,
BALTIMORE,2022,288,
BALTIMORE,2022,287,34.500000
BALTIMORE,2022,286,34.500000
BALTIMORE,2022,285,34.500000
BALTIMORE,2022,284,34.500000
BALTIMORE,2022,283,
BALTIMORE,2022,282,
BALTIMORE,2022,281,
BALTIMORE,2022,280,28.500000
BALTIMORE,2022,279,24.500000
BALTIMORE,2022,278,24.500000
BALTIMORE,2022,277,24.500000
BALTIMORE,2022,276,24.500000
BALTIMORE,2022,275,
BALTIMORE,2022,274,
BALTIMORE,2022,273,23.000000
BALTIMORE,2022,272,23.000000
BALTIMORE,2022,271,23.000000
BALTIMORE,2022,270,23.000000
BALTIMORE,2022,269,23.000000
BALTIMORE,2022,268,
BALTIMORE,2022,267,
BALTIMORE,2022,266,23.000000
BALTIMORE,2022,265,23.000000
BALTIMORE,2022,264,23.000000
BALTIMORE,2022,263,23.000000
BALTIMORE,2022,262,23.000000
BALTIMORE,2022,261,
BALTIMORE,2022,260,
BALTIMORE,2022,259,23.000000
BALTIMORE,2022,258,23.000000
BALTIMORE,2022,257,23.000000
BALTIMORE,2022,256,23.000000
BALTIMORE,2022,255,23.000000
BALTIMORE,2022,254,
BALTIMORE,2022,253,
BALTIMORE,2022,252,23.000000
BALTIMORE,2022,251,23.000000
BALTIMORE,2022,250,23.000000
BALTIMORE,2022,249,23.000000
BALTIMORE,2022,248,
BALTIMORE,2022,247,
BALTIMORE,2022,246,
BALTIMORE,2022,245,25.000000
BALTIMORE,2022,244,25.000000
BALTIMORE,2022,243,25.000000
BALTIMORE,2022,242,25.000000
BALTIMORE,2022,241,25.000000
BALTIMORE,2022,240,
BALTIMORE,2022,239,
BALTIMORE,2022,238,26.000000
BALTIMORE,2022,237,26.000000
BALTIMORE,2022,236,26.000000
BALTIMORE,2022,235,26.000000
BALTIMORE,2022,234,26.000000
BALTIMORE,2022,233,
BALTIMORE,2022,232,
BALTIMORE,2022,231,27.000000
BALTIMORE,2022,230,26.000000
BALTIMORE,2022,229,22.500000
BALTIMORE,2022,228,22.666666
BALTIMORE,2022,227,22.666666
BALTIMORE,2022,226,
BALTIMORE,2022,225,
BALTIMORE,2022,224,21.750000
BALTIMORE,2022,223,21.750000
BALTIMORE,2022,222,21.500000
BALTIMORE,2022,221,21.500000
BALTIMORE,2022,220,21.500000
BALTIMORE,2022,219,
BALTIMORE,2022,218,
BALTIMORE,2022,217,24.250000
BALTIMORE,2022,216,24.250000
BALTIMORE,2022,215,
BALTIMORE,2022,214,
BALTIMORE,2022,213,
BALTIMORE,2022,212,
BALTIMORE,2022,211,
BALTIMORE,2022,210,
BALTIMORE,2022,209,
BALTIMORE,2022,208,
BALTIMORE,2022,207,
BALTIMORE,2022,206,
BALTIMORE,2022,205,
BALTIMORE,2022,204,
BALTIMORE,2022,203,38.500000
BALTIMORE,2022,202,38.500000
BALTIMORE,2022,201,32.675000
BALTIMORE,2022,200,32.675000
BALTIMORE,2022,199,26.850000
BALTIMORE,2022,198,
BALTIMORE,2022,197,
BALTIMORE,2022,196,41.500000
BALTIMORE,2022,195,41.500000
BALTIMORE,2022,194,42.000000
BALTIMORE,2022,193,42.000000
BALTIMORE,2022,192,42.000000
BALTIMORE,2022,191,
BALTIMORE,2022,190,
BALTIMORE,2022,189,42.000000
BALTIMORE,2022,188,28.000000
BALTIMORE,2022,187,28.000000
BALTIMORE,2022,186,24.250000
BALTIMORE,2022,185,
BALTIMORE,2022,184,
BALTIMORE,2022,183,
BALTIMORE,2022,182,24.000000
BALTIMORE,2022,181,24.000000
BALTIMORE,2022,180,25.500000
BALTIMORE,2022,179,25.500000
BALTIMORE,2022,178,27.000000
BALTIMORE,2022,177,
BALTIMORE,2022,176,
BALTIMORE,2022,175,23.500000
BALTIMORE,2022,174,23.500000
BALTIMORE,2022,173,23.500000
BALTIMORE,2022,172,23.500000
BALTIMORE,2022,171,
BALTIMORE,2022,170,
BALTIMORE,2022,169,
BALTIMORE,2022,168,18.750000
BALTIMORE,2022,167,18.750000
BALTIMORE,2022,166,18.750000
BALTIMORE,2022,165,18.750000
BALTIMORE,2022,164,18.750000
BALTIMORE,2022,163,
BALTIMORE,2022,162,
BALTIMORE,2022,161,18.750000
BALTIMORE,2022,160,18.750000
BALTIMORE,2022,159,22.000000
BALTIMORE,2022,158,22.000000
BALTIMORE,2022,157,18.750000
BALTIMORE,2022,156,
BALTIMORE,2022,155,
BALTIMORE,2022,154,18.750000
BALTIMORE,2022,153,18.750000
BALTIMORE,2022,152,18.750000
BALTIMORE,2022,151,18.750000
BALTIMORE,2022,150,
BALTIMORE,2022,149,
BALTIMORE,2022,148,
BALTIMORE,2022,147,17.000000
BALTIMORE,2022,146,17.000000
BALTIMORE,2022,145,21.000000
BALTIMORE,2022,144,21.000000
BALTIMORE,2022,143,21.000000
BALTIMORE,2022,142,
BALTIMORE,2022,141,
BALTIMORE,2022,140,34.625000
BALTIMORE,2022,139,34.625000
BALTIMORE,2022,138,34.625000
BALTIMORE,2022,137,33.750000
BALTIMORE,2022,136,33.750000
BALTIMORE,2022,135,
BALTIMORE,2022,134,
BALTIMORE,2022,133,40.833333
BALTIMORE,2022,132,40.833333
BALTIMORE,2022,131,40.833333
BALTIMORE,2022,130,40.833333
BALTIMORE,2022,129,36.500000
BALTIMORE,2022,128,
BALTIMORE,2022,127,
BALTIMORE,2022,126,36.500000
BALTIMORE,2022,125,36.500000
BALTIMORE,2022,124,36.500000
BALTIMORE,2022,123,36.500000
BALTIMORE,2022,122,35.500000
BALTIMORE,2022,121,
BALTIMORE,2022,120,
BALTIMORE,2022,119,40.000000
BALTIMORE,2022,118,40.000000
BALTIMORE,2022,117,42.000000
BALTIMORE,2022,116,42.000000
BALTIMORE,2022,115,42.000000
BALTIMORE,2022,114,
BALTIMORE,2022,113,
BALTIMORE,2022,112,39.666666
BALTIMORE,2022,111,39.666666
BALTIMORE,2022,110,37.750000
BALTIMORE,2022,109,46.000000
BALTIMORE,2022,108,46.000000
BALTIMORE,2022,107,
BALTIMORE,2022,106,
BALTIMORE,2022,105,45.500000
BALTIMORE,2022,104,45.500000
BALTIMORE,2022,103,45.500000
BALTIMORE,2022,102,45.500000
BALTIMORE,2022,101,45.500000
BALTIMORE,2022,100,
BALTIMORE,2022,99,
BALTIMORE,2022,98,42.000000
BALTIMORE,2022,97,42.000000
BALTIMORE,2022,96,42.000000
BALTIMORE,2022,95,42.000000
BALTIMORE,2022,94,42.000000
BALTIMORE,2022,93,
BALTIMORE,2022,92,
BALTIMORE,2022,91,42.833333
BALTIMORE,2022,90,42.833333
BALTIMORE,2022,89,42.833333
BALTIMORE,2022,88,42.833333
BALTIMORE,2022,87,42.833333
BALTIMORE,2022,86,
BALTIMORE,2022,85,
BALTIMORE,2022,84,45.000000
BALTIMORE,2022,83,45.000000
BALTIMORE,2022,82,43.500000
BALTIMORE,2022,81,40.250000
BALTIMORE,2022,80,40.250000
BALTIMORE,2022,79,
BALTIMORE,2022,78,
BALTIMORE,2022,77,44.000000
BALTIMORE,2022,76,44.000000
BALTIMORE,2022,75,44.500000
BALTIMORE,2022,74,44.500000
BALTIMORE,2022,73,44.500000
BALTIMORE,2022,72,
BALTIMORE,2022,71,
BALTIMORE,2022,70,44.000000
BALTIMORE,2022,69,44.000000
BALTIMORE,2022,68,44.000000
BALTIMORE,2022,67,45.000000
BALTIMORE,2022,66,45.000000
BALTIMORE,2022,65,
BALTIMORE,2022,64,
BALTIMORE,2022,63,45.000000
BALTIMORE,2022,62,42.000000
BALTIMORE,2022,61,42.000000
BALTIMORE,2022,60,42.000000
BALTIMORE,2022,59,42.000000
BALTIMORE,2022,58,
BALTIMORE,2022,57,
BALTIMORE,2022,56,34.500000
BALTIMORE,2022,55,34.500000
BALTIMORE,2022,54,37.000000
BALTIMORE,2022,53,37.000000
BALTIMORE,2022,52,
BALTIMORE,2022,51,
BALTIMORE,2022,50,
BALTIMORE,2022,49,30.000000
BALTIMORE,2022,48,30.000000
BALTIMORE,2022,47,28.000000
BALTIMORE,2022,46,28.000000
BALTIMORE,2022,45,28.000000
BALTIMORE,2022,44,
BALTIMORE,2022,43,
BALTIMORE,2022,42,28.000000
BALTIMORE,2022,41,28.000000
BALTIMORE,2022,40,30.250000
BALTIMORE,2022,39,30.250000
BALTIMORE,2022,38,30.250000
BALTIMORE,2022,37,
BALTIMORE,2022,36,
BALTIMORE,2022,35,35.500000
BALTIMORE,2022,34,35.500000
BALTIMORE,2022,33,33.000000
BALTIMORE,2022,32,33.000000
BALTIMORE,2022,31,33.000000
BALTIMORE,2022,30,
BALTIMORE,2022,29,
BALTIMORE,2022,28,31.500000
BALTIMORE,2022,27,31.500000
BALTIMORE,2022,26,28.715000
BALTIMORE,2022,25,28.715000
BALTIMORE,2022,24,27.925000
BALTIMORE,2022,23,
BALTIMORE,2022,22,
BALTIMORE,2022,21,29.000000
BALTIMORE,2022,20,29.000000
BALTIMORE,2022,19,29.000000
BALTIMORE,2022,18,29.000000
BALTIMORE,2022,17,
BALTIMORE,2022,16,
BALTIMORE,2022,15,
BALTIMORE,2022,14,27.000000
BALTIMORE,2022,13,27.000000
BALTIMORE,2022,12,30.000000
BALTIMORE,2022,11,30.000000
BALTIMORE,2022,10,30.000000
BALTIMORE,2022,9,
BALTIMORE,2022,8,
BALTIMORE,2022,7,26.000000
BALTIMORE,2022,6,27.500000
BALTIMORE,2022,5,30.000000
BALTIMORE,2022,4,30.000000
BALTIMORE,2022,3,30.000000
BALTIMORE,2022,2,
BOSTON,2022,366,
BOSTON,2022,365,
BOSTON,2022,364,
BOSTON,2022,363,
BOSTON,2022,362,
BOSTON,2022,361,
BOSTON,2022,360,
BOSTON,2022,359,
BOSTON,2022,358,
BOSTON,2022,357,
BOSTON,2022,356,
BOSTON,2022,355,
BOSTON,2022,354,
BOSTON,2022,353,
BOSTON,2022,352,
BOSTON,2022,351,
BOSTON,2022,350,
BOSTON,2022,349,
BOSTON,2022,348,
BOSTON,2022,347,
BOSTON,2022,346,
BOSTON,2022,345,
BOSTON,2022,344,
BOSTON,2022,343,
BOSTON,2022,342,
BOSTON,2022,341,
BOSTON,2022,340,
BOSTON,2022,339,
BOSTON,2022,338,
BOSTON,2022,337,
BOSTON,2022,336,
BOSTON,2022,335,
BOSTON,2022,334,
BOSTON,2022,333,
BOSTON,2022,332,
BOSTON,2022,331,
BOSTON,2022,330,
BOSTON,2022,329,
BOSTON,2022,328,
BOSTON,2022,327,
BOSTON,2022,326,
BOSTON,2022,325,
BOSTON,2022,324,
BOSTON,2022,323,
BOSTON,2022,322,
BOSTON,2022,321,
BOSTON,2022,320,
BOSTON,2022,319,
BOSTON,2022,318,
BOSTON,2022,317,
BOSTON,2022,316,
BOSTON,2022,315,
BOSTON,2022,314,
BOSTON,2022,313,
BOSTON,2022,312,
BOSTON,2022,311,
BOSTON,2022,310,
BOSTON,2022,309,
BOSTON,2022,308,
BOSTON,2022,307,
BOSTON,2022,306,
BOSTON,2022,305,
BOSTON,2022,304,
BOSTON,2022,303,
BOSTON,2022,302,
BOSTON,2022,301,
BOSTON,2022,300,
BOSTON,2022,299,
BOSTON,2022,298,16.000000
BOSTON,2022,297,16.000000
BOSTON,2022,296,
BOSTON,2022,295,
BOSTON,2022,294,16.000000
BOSTON,2022,293,16.000000
BOSTON,2022,292,16.000000
BOSTON,2022,291,16.000000
BOSTON,2022,290,16.000000
BOSTON,2022,289,
BOSTON,2022,288,
BOSTON,2022,287,16.000000
BOSTON,2022,286,16.000000
BOSTON,2022,285,16.000000
BOSTON,2022,284,16.000000
BOSTON,2022,283,
BOSTON,2022,282,
BOSTON,2022,281,
BOSTON,2022,280,16.000000
BOSTON,2022,279,16.000000
BOSTON,2022,278,16.000000
BOSTON,2022,277,16.000000
BOSTON,2022,276,16.000000
BOSTON,2022,275,
BOSTON,2022,274,
BOSTON,2022,273,16.000000
BOSTON,2022,272,16.000000
BOSTON,2022,271,16.000000
BOSTON,2022,270,16.000000
BOSTON,2022,269,
BOSTON,2022,268,
BOSTON,2022,267,
BOSTON,2022,266,
BOSTON,2022,265,
BOSTON,2022,264,
BOSTON,2022,263,
BOSTON,2022,262,
BOSTON,2022,261,
BOSTON,2022,260,
BOSTON,2022,259,
BOSTON,2022,258,
BOSTON,2022,257,
BOSTON,2022,256,
BOSTON,2022,255,
BOSTON,2022,254,
BOSTON,2022,253,
BOSTON,2022,252,
BOSTON,2022,251,
BOSTON,2022,250,
BOSTON,2022,249,
BOSTON,2022,248,
BOSTON,2022,247,
BOSTON,2022,246,
BOSTON,2022,245,
BOSTON,2022,244,
BOSTON,2022,243,
BOSTON,2022,242,
BOSTON,2022,241,
BOSTON,2022,240,
BOSTON,2022,239,
BOSTON,2022,238,
BOSTON,2022,237,
BOSTON,2022,236,
BOSTON,2022,235,
BOSTON,2022,234,
BOSTON,2022,233,
BOSTON,2022,232,
BOSTON,2022,231,
BOSTON,2022,230,
BOSTON,2022,229,
BOSTON,2022,228,
BOSTON,2022,227,
BOSTON,2022,226,
BOSTON,2022,225,
BOSTON,2022,224,
BOSTON,2022,223,
BOSTON,2022,222,
BOSTON,2022,221,
BOSTON,2022,220,
BOSTON,2022,219,
BOSTON,2022,218,
BOSTON,2022,217,
BOSTON,2022,216,
BOSTON,2022,215,
BOSTON,2022,214,
BOSTON,2022,213,
BOSTON,2022,212,
BOSTON,2022,211,
BOSTON,2022,210,
BOSTON,2022,209,
BOSTON,2022,208,
BOSTON,2022,207,
BOSTON,2022,206,
BOSTON,2022,205,
BOSTON,2022,204,
BOSTON,2022,203,35.000000
BOSTON,2022,202,35.000000
BOSTON,2022,201,35.000000
BOSTON,2022,200,35.000000
BOSTON,2022,199,38.000000
BOSTON,2022,198,
BOSTON,2022,197,
BOSTON,2022,196,38.000000
BOSTON,2022,195,38.000000
BOSTON,2022,194,38.000000
BOSTON,2022,193,35.000000
BOSTON,2022,192,35.000000
BOSTON,2022,191,
BOSTON,2022,190,
BOSTON,2022,189,28.000000
BOSTON,2022,188,28.000000
BOSTON,2022,187,28.000000
BOSTON,2022,186,28.000000
BOSTON,2022,185,
BOSTON,2022,184,
BOSTON,2022,183,
BOSTON,2022,182,28.000000
BOSTON,2022,181,28.000000
BOSTON,2022,180,28.000000
BOSTON,2022,179,28.000000
BOSTON,2022,178,28.000000
BOSTON,2022,177,
BOSTON,2022,176,
BOSTON,2022,175,28.000000
BOSTON,2022,174,28.000000
BOSTON,2022,173,28.000000
BOSTON,2022,172,28.000000
BOSTON,2022,171,
BOSTON,2022,170,
BOSTON,2022,169,
BOSTON,2022,168,28.000000
BOSTON,2022,167,28.000000
BOSTON,2022,166,28.000000
BOSTON,2022,165,28.000000
BOSTON,2022,164,28.000000
BOSTON,2022,163,
BOSTON,2022,162,
BOSTON,2022,161,28.000000
BOSTON,2022,160,28.000000
BOSTON,2022,159,28.000000
BOSTON,2022,158,28.000000
BOSTON,2022,157,28.000000
BOSTON,2022,156,
BOSTON,2022,155,
BOSTON,2022,154,28.000000
BOSTON,2022,153,28.000000
BOSTON,2022,152,28.000000
BOSTON,2022,151,28.000000
BOSTON,2022,150,
BOSTON,2022,149,
BOSTON,2022,148,
BOSTON,2022,147,28.000000
BOSTON,2022,146,28.000000
BOSTON,2022,145,28.000000
BOSTON,2022,144,28.000000
BOSTON,2022,143,28.000000
BOSTON,2022,142,
BOSTON,2022,141,
BOSTON,2022,140,28.000000
BOSTON,2022,139,28.000000
BOSTON,2022,138,28.000000
BOSTON,2022,137,28.000000
BOSTON,2022,136,28.000000
BOSTON,2022,135,
BOSTON,2022,134,
BOSTON,2022,133,28.000000
BOSTON,2022,132,28.000000
BOSTON,2022,131,28.000000
BOSTON,2022,130,28.000000
BOSTON,2022,129,28.000000
BOSTON,2022,128,
BOSTON,2022,127,
BOSTON,2022,126,28.000000
BOSTON,2022,125,28.000000
BOSTON,2022,124,28.000000
BOSTON,2022,123,28.000000
BOSTON,2022,122,28.000000
BOSTON,2022,121,
BOSTON,2022,120,
BOSTON,2022,119,28.000000
BOSTON,2022,118,28.000000
BOSTON,2022,117,28.000000
BOSTON,2022,116,28.000000
BOSTON,2022,115,28.000000
BOSTON,2022,114,
BOSTON,2022,113,
BOSTON,2022,112,28.000000
BOSTON,2022,111,28.000000
BOSTON,2022,110,28.000000
BOSTON,2022,109,28.000000
BOSTON,2022,108,28.000000
BOSTON,2022,107,
BOSTON,2022,106,
BOSTON,2022,105,28.000000
BOSTON,2022,104,28.000000
BOSTON,2022,103,28.000000
BOSTON,2022,102,28.000000
BOSTON,2022,101,28.000000
BOSTON,2022,100,
BOSTON,2022,99,
BOSTON,2022,98,28.000000
BOSTON,2022,97,28.000000
BOSTON,2022,96,28.000000
BOSTON,2022,95,28.000000
BOSTON,2022,94,28.000000
BOSTON,2022,93,
BOSTON,2022,92,
BOSTON,2022,91,28.000000
BOSTON,2022,90,28.000000
BOSTON,2022,89,28.000000
BOSTON,2022,88,28.000000
BOSTON,2022,87,28.000000
BOSTON,2022,86,
BOSTON,2022,85,
BOSTON,2022,84,28.000000
BOSTON,2022,83,28.000000
BOSTON,2022,82,28.000000
BOSTON,2022,81,28.000000
BOSTON,2022,80,28.000000
BOSTON,2022,79,
BOSTON,2022,78,
BOSTON,2022,77,28.000000
BOSTON,2022,76,28.000000
BOSTON,2022,75,28.000000
BOSTON,2022,74,28.000000
BOSTON,2022,73,28.000000
BOSTON,2022,72,
BOSTON,2022,71,
BOSTON,2022,70,28.000000
BOSTON,2022,69,28.000000
BOSTON,2022,68,28.000000
BOSTON,2022,67,28.000000
BOSTON,2022,66,28.000000
BOSTON,2022,65,
BOSTON,2022,64,
BOSTON,2022,63,28.000000
BOSTON,2022,62,28.000000
BOSTON,2022,61,28.000000
BOSTON,2022,60,28.000000
BOSTON,2022,59,28.000000
BOSTON,2022,58,
BOSTON,2022,57,
BOSTON,2022,56,28.000000
BOSTON,2022,55,28.000000
BOSTON,2022,54,28.000000
BOSTON,2022,53,28.000000
BOSTON,2022,52,
BOSTON,2022,51,
BOSTON,2022,50,
BOSTON,2022,49,28.000000
BOSTON,2022,48,28.000000
BOSTON,2022,47,28.000000
BOSTON,2022,46,28.000000
BOSTON,2022,45,28.000000
BOSTON,2022,44,
BOSTON,2022,43,
BOSTON,2022,42,28.000000
BOSTON,2022,41,28.000000
BOSTON,2022,40,28.000000
BOSTON,2022,39,28.000000
BOSTON,2022,38,28.000000
BOSTON,2022,37,
BOSTON,2022,36,
BOSTON,2022,35,28.000000
BOSTON,2022,34,28.000000
BOSTON,2022,33,28.000000
BOSTON,2022,32,28.000000
BOSTON,2022,31,28.000000
BOSTON,2022,30,
BOSTON,2022,29,
BOSTON,2022,28,28.000000
BOSTON,2022,27,28.000000
BOSTON,2022,26,28.000000
BOSTON,2022,25,28.000000
BOSTON,2022,24,28.000000
BOSTON,2022,23,
BOSTON,2022,22,
BOSTON,2022,21,28.000000
BOSTON,2022,20,28.000000
BOSTON,2022,19,28.000000
BOSTON,2022,18,28.000000
BOSTON,2022,17,
BOSTON,2022,16,
BOSTON,2022,15,
BOSTON,2022,14,28.000000
BOSTON,2022,13,28.000000
BOSTON,2022,12,28.000000
BOSTON,2022,11,28.000000
BOSTON,2022,10,28.000000
BOSTON,2022,9,
BOSTON,2022,8,
BOSTON,2022,7,28.000000
BOSTON,2022,6,28.000000
BOSTON,2022,5,28.000000
BOSTON,2022,4,28.000000
BOSTON,2022,3,26.000000
BOSTON,2022,2,
CHICAGO,2022,366,
CHICAGO,2022,365,
CHICAGO,2022,364,29.600000
CHICAGO,2022,363,29.000000
CHICAGO,2022,362,29.000000
CHICAGO,2022,361,29.000000
CHICAGO,2022,360,
CHICAGO,2022,359,
CHICAGO,2022,358,
CHICAGO,2022,357,29.000000
CHICAGO,2022,356,29.000000
CHICAGO,2022,355,29.000000
CHICAGO,2022,354,29.000000
CHICAGO,2022,353,29.000000
CHICAGO,2022,352,
CHICAGO,2022,351,
CHICAGO,2022,350,29.000000
CHICAGO,2022,349,29.000000
CHICAGO,2022,348,29.000000
CHICAGO,2022,347,28.100000
CHICAGO,2022,346,28.100000
CHICAGO,2022,345,
CHICAGO,2022,344,
CHICAGO,2022,343,28.100000
CHICAGO,2022,342,28.100000
CHICAGO,2022,341,28.100000
CHICAGO,2022,340,28.100000
CHICAGO,2022,339,28.100000
CHICAGO,2022,338,
CHICAGO,2022,337,
CHICAGO,2022,336,28.100000
CHICAGO,2022,335,28.100000
CHICAGO,2022,334,28.100000
CHICAGO,2022,333,28.100000
CHICAGO,2022,332,28.100000
CHICAGO,2022,331,
CHICAGO,2022,330,
CHICAGO,2022,329,
CHICAGO,2022,328,
CHICAGO,2022,327,28.100000
CHICAGO,2022,326,28.100000
CHICAGO,2022,325,28.100000
CHICAGO,2022,324,
CHICAGO,2022,323,
CHICAGO,2022,322,28.100000
CHICAGO,2022,321,28.100000
CHICAGO,2022,320,28.100000
CHICAGO,2022,319,28.100000
CHICAGO,2022,318,28.100000
CHICAGO,2022,317,
CHICAGO,2022,316,
CHICAGO,2022,315,
CHICAGO,2022,314,28.100000
CHICAGO,2022,313,28.100000
CHICAGO,2022,312,28.100000
CHICAGO,2022,311,28.100000
CHICAGO,2022,310,
CHICAGO,2022,309,
CHICAGO,2022,308,28.100000
CHICAGO,2022,307,28.100000
CHICAGO,2022,306,28.100000
CHICAGO,2022,305,26.375000
CHICAGO,2022,304,26.375000
CHICAGO,2022,303,
CHICAGO,2022,302,
CHICAGO,2022,301,26.375000
CHICAGO,2022,300,26.375000
CHICAGO,2022,299,24.700000
CHICAGO,2022,298,24.700000
CHICAGO,2022,297,24.500000
CHICAGO,2022,296,
CHICAGO,2022,295,
CHICAGO,2022,294,24.500000
CHICAGO,2022,293,24.500000
CHICAGO,2022,292,24.500000
CHICAGO,2022,291,24.500000
CHICAGO,2022,290,24.500000
CHICAGO,2022,289,
CHICAGO,2022,288,
CHICAGO,2022,287,24.500000
CHICAGO,2022,286,24.500000
CHICAGO,2022,285,24.500000
CHICAGO,2022,284,24.500000
CHICAGO,2022,283,
CHICAGO,2022,282,
CHICAGO,2022,281,
CHICAGO,2022,280,24.500000
CHICAGO,2022,279,24.500000
CHICAGO,2022,278,24.500000
CHICAGO,2022,277,24.500000
CHICAGO,2022,276,24.500000
CHICAGO,2022,275,
CHICAGO,2022,274,
CHICAGO,2022,273,24.500000
CHICAGO,2022,272,24.500000
CHICAGO,2022,271,24.500000
CHICAGO,2022,270,24.500000
CHICAGO,2022,269,24.500000
CHICAGO,2022,268,
CHICAGO,2022,267,
CHICAGO,2022,266,24.500000
CHICAGO,2022,265,24.500000
CHICAGO,2022,264,24.500000
CHICAGO,2022,263,24.500000
CHICAGO,2022,262,24.500000
CHICAGO,2022,261,
CHICAGO,2022,260,
CHICAGO,2022,259,24.500000
CHICAGO,2022,258,24.500000
CHICAGO,2022,257,24.500000
CHICAGO,2022,256,24.500000
CHICAGO,2022,255,24.500000
CHICAGO,2022,254,
CHICAGO,2022,253,
CHICAGO,2022,252,24.500000
CHICAGO,2022,251,23.000000
CHICAGO,2022,250,23.000000
CHICAGO,2022,249,23.000000
CHICAGO,2022,248,
CHICAGO,2022,247,
CHICAGO,2022,246,
CHICAGO,2022,245,23.000000
CHICAGO,2022,244,23.000000
CHICAGO,2022,243,23.000000
CHICAGO,2022,242,23.000000
CHICAGO,2022,241,23.000000
CHICAGO,2022,240,
CHICAGO,2022,239,
CHICAGO,2022,238,23.000000
CHICAGO,2022,237,28.000000
CHICAGO,2022,236,28.000000
CHICAGO,2022,235,28.000000
CHICAGO,2022,234,28.000000
CHICAGO,2022,233,
CHICAGO,2022,232,
CHICAGO,2022,231,28.000000
CHICAGO,2022,230,28.000000
CHICAGO,2022,229,28.000000
CHICAGO,2022,228,28.000000
CHICAGO,2022,227,28.000000
CHICAGO,2022,226,
CHICAGO,2022,225,
CHICAGO,2022,224,28.000000
CHICAGO,2022,223,28.000000
CHICAGO,2022,222,28.000000
CHICAGO,2022,221,28.000000
CHICAGO,2022,220,28.000000
CHICAGO,2022,219,
CHICAGO,2022,218,
CHICAGO,2022,217,29.500000
CHICAGO,2022,216,29.500000
CHICAGO,2022,215,29.500000
CHICAGO,2022,214,29.500000
CHICAGO,2022,213,29.000000
CHICAGO,2022,212,
CHICAGO,2022,211,
CHICAGO,2022,210,29.000000
CHICAGO,2022,209,29.000000
CHICAGO,2022,208,29.000000
CHICAGO,2022,207,29.000000
CHICAGO,2022,206,21.000000
CHICAGO,2022,205,
CHICAGO,2022,204,
CHICAGO,2022,203,21.000000
CHICAGO,2022,202,21.000000
CHICAGO,2022,201,21.000000
CHICAGO,2022,200,21.000000
CHICAGO,2022,199,21.000000
CHICAGO,2022,198,
CHICAGO,2022,197,
CHICAGO,2022,196,21.000000
CHICAGO,2022,195,21.000000
CHICAGO,2022,194,21.000000
CHICAGO,2022,193,21.000000
CHICAGO,2022,192,21.000000
CHICAGO,2022,191,
CHICAGO,2022,190,
CHICAGO,2022,189,21.000000
CHICAGO,2022,188,21.000000
CHICAGO,2022,187,21.000000
CHICAGO,2022,186,21.000000
CHICAGO,2022,185,
CHICAGO,2022,184,
CHICAGO,2022,183,
CHICAGO,2022,182,21.000000
CHICAGO,2022,181,21.000000
CHICAGO,2022,180,21.000000
CHICAGO,2022,179,21.000000
CHICAGO,2022,178,22.166666
CHICAGO,2022,177,
CHICAGO,2022,176,
CHICAGO,2022,175,24.750000
CHICAGO,2022,174,24.750000
CHICAGO,2022,173,24.750000
CHICAGO,2022,172,24.750000
CHICAGO,2022,171,
CHICAGO,2022,170,
CHICAGO,2022,169,
CHICAGO,2022,168,24.750000
CHICAGO,2022,167,19.500000
CHICAGO,2022,166,19.500000
CHICAGO,2022,165,19.500000
CHICAGO,2022,164,19.500000
CHICAGO,2022,163,
CHICAGO,2022,162,
CHICAGO,2022,161,19.500000
CHICAGO,2022,160,19.500000
CHICAGO,2022,159,19.500000
CHICAGO,2022,158,19.500000
CHICAGO,2022,157,19.500000
CHICAGO,2022,156,
CHICAGO,2022,155,
CHICAGO,2022,154,19.500000
CHICAGO,2022,153,19.500000
CHICAGO,2022,152,19.500000
CHICAGO,2022,151,19.500000
CHICAGO,2022,150,
CHICAGO,2022,149,
CHICAGO,2022,148,
CHICAGO,2022,147,19.500000
CHICAGO,2022,146,19.500000
CHICAGO,2022,145,19.500000
CHICAGO,2022,144,19.500000
CHICAGO,2022,143,19.500000
CHICAGO,2022,142,
CHICAGO,2022,141,
CHICAGO,2022,140,19.500000
CHICAGO,2022,139,19.500000
CHICAGO,2022,138,19.500000
CHICAGO,2022,137,19.500000
CHICAGO,2022,136,19.500000
CHICAGO,2022,135,
CHICAGO,2022,134,
CHICAGO,2022,133,19.500000
CHICAGO,2022,132,19.500000
CHICAGO,2022,131,19.500000
CHICAGO,2022,130,19.500000
CHICAGO,2022,129,19.500000
CHICAGO,2022,128,
CHICAGO,2022,127,
CHICAGO,2022,126,19.500000
CHICAGO,2022,125,19.500000
CHICAGO,2022,124,19.500000
CHICAGO,2022,123,19.500000
CHICAGO,2022,122,19.500000
CHICAGO,2022,121,
CHICAGO,2022,120,
CHICAGO,2022,119,19.500000
CHICAGO,2022,118,19.500000
CHICAGO,2022,117,19.500000
CHICAGO,2022,116,19.500000
CHICAGO,2022,115,19.500000
CHICAGO,2022,114,
CHICAGO,2022,113,
CHICAGO,2022,112,19.500000
CHICAGO,2022,111,19.500000
CHICAGO,2022,110,19.500000
CHICAGO,2022,109,19.500000
CHICAGO,2022,108,19.500000
CHICAGO,2022,107,
CHICAGO,2022,106,
CHICAGO,2022,105,19.500000
CHICAGO,2022,104,19.500000
CHICAGO,2022,103,19.500000
CHICAGO,2022,102,19.500000
CHICAGO,2022,101,19.500000
CHICAGO,2022,100,
CHICAGO,2022,99,
CHICAGO,2022,98,19.500000
CHICAGO,2022,97,19.500000
CHICAGO,2022,96,19.500000
CHICAGO,2022,95,19.500000
CHICAGO,2022,94,19.500000
CHICAGO,2022,93,
CHICAGO,2022,92,
CHICAGO,2022,91,19.500000
CHICAGO,2022,90,19.500000
CHICAGO,2022,89,19.500000
CHICAGO,2022,88,19.500000
CHICAGO,2022,87,19.500000
CHICAGO,2022,86,
CHICAGO,2022,85,
CHICAGO,2022,84,19.500000
CHICAGO,2022,83,19.500000
CHICAGO,2022,82,19.500000
CHICAGO,2022,81,19.500000
CHICAGO,2022,80,19.500000
CHICAGO,2022,79,
CHICAGO,2022,78,
CHICAGO,2022,77,19.500000
CHICAGO,2022,76,19.500000
CHICAGO,2022,75,19.500000
CHICAGO,2022,74,19.500000
CHICAGO,2022,73,19.500000
CHICAGO,2022,72,
CHICAGO,2022,71,
CHICAGO,2022,70,19.500000
CHICAGO,2022,69,19.500000
CHICAGO,2022,68,19.500000
CHICAGO,2022,67,19.500000
CHICAGO,2022,66,19.500000
CHICAGO,2022,65,
CHICAGO,2022,64,
CHICAGO,2022,63,19.500000
CHICAGO,2022,62,19.500000
CHICAGO,2022,61,19.500000
CHICAGO,2022,60,19.500000
CHICAGO,2022,59,19.500000
CHICAGO,2022,58,
CHICAGO,2022,57,
CHICAGO,2022,56,19.500000
CHICAGO,2022,55,
CHICAGO,2022,54,
CHICAGO,2022,53,
CHICAGO,2022,52,
CHICAGO,2022,51,
CHICAGO,2022,50,
CHICAGO,2022,49,
CHICAGO,2022,48,
CHICAGO,2022,47,
CHICAGO,2022,46,
CHICAGO,2022,45,
CHICAGO,2022,44,
CHICAGO,2022,43,
CHICAGO,2022,42,
CHICAGO,2022,41,
CHICAGO,2022,40,
CHICAGO,2022,39,
CHICAGO,2022,38,
CHICAGO,2022,37,
CHICAGO,2022,36,
CHICAGO,2022,35,
CHICAGO,2022,34,
CHICAGO,2022,33,
CHICAGO,2022,32,
CHICAGO,2022,31,
CHICAGO,2022,30,
CHICAGO,2022,29,
CHICAGO,2022,28,
CHICAGO,2022,27,
CHICAGO,2022,26,
CHICAGO,2022,25,
CHICAGO,2022,24,
CHICAGO,2022,23,
CHICAGO,2022,22,
CHICAGO,2022,21,
CHICAGO,2022,20,32.000000
CHICAGO,2022,19,32.000000
CHICAGO,2022,18,32.000000
CHICAGO,2022,17,
CHICAGO,2022,16,
CHICAGO,2022,15,
CHICAGO,2022,14,32.000000
CHICAGO,2022,13,32.000000
CHICAGO,2022,12,32.000000
CHICAGO,2022,11,32.000000
CHICAGO,2022,10,32.000000
CHICAGO,2022,9,
CHICAGO,2022,8,
CHICAGO,2022,7,32.000000
CHICAGO,2022,6,32.000000
CHICAGO,2022,5,32.000000
CHICAGO,2022,4,32.000000
CHICAGO,2022,3,32.000000
CHICAGO,2022,2,
COLUMBIA,2022,366,
COLUMBIA,2022,365,
COLUMBIA,2022,364,25.000000
COLUMBIA,2022,363,25.000000
COLUMBIA,2022,362,25.000000
COLUMBIA,2022,361,
COLUMBIA,2022,360,
COLUMBIA,2022,359,
COLUMBIA,2022,358,
COLUMBIA,2022,357,
COLUMBIA,2022,356,
COLUMBIA,2022,355,
COLUMBIA,2022,354,
COLUMBIA,2022,353,25.000000
COLUMBIA,2022,352,
COLUMBIA,2022,351,
COLUMBIA,2022,350,25.000000
COLUMBIA,2022,349,25.000000
COLUMBIA,2022,348,25.000000
COLUMBIA,2022,347,25.000000
COLUMBIA,2022,346,25.000000
COLUMBIA,2022,345,
COLUMBIA,2022,344,
COLUMBIA,2022,343,25.000000
COLUMBIA,2022,342,25.000000
COLUMBIA,2022,341,25.000000
COLUMBIA,2022,340,25.000000
COLUMBIA,2022,339,25.000000
COLUMBIA,2022,338,
COLUMBIA,2022,337,
COLUMBIA,2022,336,25.000000
COLUMBIA,2022,335,25.000000
COLUMBIA,2022,334,25.000000
COLUMBIA,2022,333,25.000000
COLUMBIA,2022,332,25.000000
COLUMBIA,2022,331,
COLUMBIA,2022,330,
COLUMBIA,2022,329,
COLUMBIA,2022,328,
COLUMBIA,2022,327,
COLUMBIA,2022,326,
COLUMBIA,2022,325,27.000000
COLUMBIA,2022,324,
COLUMBIA,2022,323,
COLUMBIA,2022,322,27.000000
COLUMBIA,2022,321,27.000000
COLUMBIA,2022,320,27.000000
COLUMBIA,2022,319,27.000000
COLUMBIA,2022,318,27.000000
COLUMBIA,2022,317,
COLUMBIA,2022,316,
COLUMBIA,2022,315,
COLUMBIA,2022,314,27.000000
COLUMBIA,2022,313,27.000000
COLUMBIA,2022,312,27.000000
COLUMBIA,2022,311,27.000000
COLUMBIA,2022,310,
COLUMBIA,2022,309,
COLUMBIA,2022,308,27.000000
COLUMBIA,2022,307,27.000000
COLUMBIA,2022,306,27.000000
COLUMBIA,2022,305,27.000000
COLUMBIA,2022,304,27.000000
COLUMBIA,2022,303,
COLUMBIA,2022,302,
COLUMBIA,2022,301,27.000000
COLUMBIA,2022,300,27.000000
COLUMBIA,2022,299,27.000000
COLUMBIA,2022,298,27.000000
COLUMBIA,2022,297,27.000000
COLUMBIA,2022,296,
COLUMBIA,2022,295,
COLUMBIA,2022,294,27.000000
COLUMBIA,2022,293,27.000000
COLUMBIA,2022,292,27.000000
COLUMBIA,2022,291,27.000000
COLUMBIA,2022,290,27.000000
COLUMBIA,2022,289,
COLUMBIA,2022,288,
COLUMBIA,2022,287,27.000000
COLUMBIA,2022,286,27.000000
COLUMBIA,2022,285,27.000000
COLUMBIA,2022,284,27.000000
COLUMBIA,2022,283,
COLUMBIA,2022,282,
COLUMBIA,2022,281,
COLUMBIA,2022,280,27.000000
COLUMBIA,2022,279,27.000000
COLUMBIA,2022,278,27.000000
COLUMBIA,2022,277,27.000000
COLUMBIA,2022,276,27.000000
COLUMBIA,2022,275,
COLUMBIA,2022,274,
COLUMBIA,2022,273,
COLUMBIA,2022,272,27.000000
COLUMBIA,2022,271,27.000000
COLUMBIA,2022,270,
COLUMBIA,2022,269,
COLUMBIA,2022,268,
COLUMBIA,2022,267,
COLUMBIA,2022,266,
COLUMBIA,2022,265,
COLUMBIA,2022,264,
COLUMBIA,2022,263,
COLUMBIA,2022,262,
COLUMBIA,2022,261,
COLUMBIA,2022,260,
COLUMBIA,2022,259,
COLUMBIA,2022,258,
COLUMBIA,2022,257,
COLUMBIA,2022,256,
COLUMBIA,2022,255,
COLUMBIA,2022,254,
COLUMBIA,2022,253,
COLUMBIA,2022,252,
COLUMBIA,2022,251,
COLUMBIA,2022,250,
COLUMBIA,2022,249,
COLUMBIA,2022,248,
COLUMBIA,2022,247,
COLUMBIA,2022,246,
COLUMBIA,2022,245,
COLUMBIA,2022,244,
COLUMBIA,2022,243,
COLUMBIA,2022,242,
COLUMBIA,2022,241,
COLUMBIA,2022,240,
COLUMBIA,2022,239,
COLUMBIA,2022,238,
COLUMBIA,2022,237,
COLUMBIA,2022,236,
COLUMBIA,2022,235,
COLUMBIA,2022,234,
COLUMBIA,2022,233,
COLUMBIA,2022,232,
COLUMBIA,2022,231,25.000000
COLUMBIA,2022,230,25.000000
COLUMBIA,2022,229,25.000000
COLUMBIA,2022,228,25.000000
COLUMBIA,2022,227,25.000000
COLUMBIA,2022,226,
COLUMBIA,2022,225,
COLUMBIA,2022,224,25.000000
COLUMBIA,2022,223,25.000000
COLUMBIA,2022,222,25.000000
COLUMBIA,2022,221,25.000000
COLUMBIA,2022,220,25.000000
COLUMBIA,2022,219,
COLUMBIA,2022,218,
COLUMBIA,2022,217,25.000000
COLUMBIA,2022,216,25.000000
COLUMBIA,2022,215,25.000000
COLUMBIA,2022,214,25.000000
COLUMBIA,2022,213,25.000000
COLUMBIA,2022,212,
COLUMBIA,2022,211,
COLUMBIA,2022,210,25.000000
COLUMBIA,2022,209,25.000000
COLUMBIA,2022,208,25.000000
COLUMBIA,2022,207,25.000000
COLUMBIA,2022,206,25.000000
COLUMBIA,2022,205,
COLUMBIA,2022,204,
COLUMBIA,2022,203,
COLUMBIA,2022,202,
COLUMBIA,2022,201,
COLUMBIA,2022,200,
COLUMBIA,2022,199,
COLUMBIA,2022,198,
COLUMBIA,2022,197,
COLUMBIA,2022,196,
COLUMBIA,2022,195,
COLUMBIA,2022,194,
COLUMBIA,2022,193,
COLUMBIA,2022,192,
COLUMBIA,2022,191,
COLUMBIA,2022,190,
COLUMBIA,2022,189,
COLUMBIA,2022,188,
COLUMBIA,2022,187,
COLUMBIA,2022,186,
COLUMBIA,2022,185,
COLUMBIA,2022,184,
COLUMBIA,2022,183,
COLUMBIA,2022,182,
COLUMBIA,2022,181,
COLUMBIA,2022,180,
COLUMBIA,2022,179,
COLUMBIA,2022,178,
COLUMBIA,2022,177,
COLUMBIA,2022,176,
COLUMBIA,2022,175,
COLUMBIA,2022,174,
COLUMBIA,2022,173,
COLUMBIA,2022,172,
COLUMBIA,2022,171,
COLUMBIA,2022,170,
COLUMBIA,2022,169,
COLUMBIA,2022,168,
COLUMBIA,2022,167,
COLUMBIA,2022,166,
COLUMBIA,2022,165,
COLUMBIA,2022,164,
COLUMBIA,2022,163,
COLUMBIA,2022,162,
COLUMBIA,2022,161,
COLUMBIA,2022,160,
COLUMBIA,2022,159,
COLUMBIA,2022,158,
COLUMBIA,2022,157,
COLUMBIA,2022,156,
COLUMBIA,2022,155,
COLUMBIA,2022,154,30.000000
COLUMBIA,2022,153,30.000000
COLUMBIA,2022,152,30.000000
COLUMBIA,2022,151,30.000000
COLUMBIA,2022,150,
COLUMBIA,2022,149,
COLUMBIA,2022,148,
COLUMBIA,2022,147,30.000000
COLUMBIA,2022,146,30.000000
COLUMBIA,2022,145,30.000000
COLUMBIA,2022,144,30.000000
COLUMBIA,2022,143,30.000000
COLUMBIA,2022,142,
COLUMBIA,2022,141,
COLUMBIA,2022,140,30.000000
COLUMBIA,2022,139,30.000000
COLUMBIA,2022,138,30.000000
COLUMBIA,2022,137,30.000000
COLUMBIA,2022,136,30.000000
COLUMBIA,2022,135,
COLUMBIA,2022,134,
COLUMBIA,2022,133,25.000000
COLUMBIA,2022,132,25.000000
COLUMBIA,2022,131,25.000000
COLUMBIA,2022,130,
COLUMBIA,2022,129,25.000000
COLUMBIA,2022,128,
COLUMBIA,2022,127,
COLUMBIA,2022,126,25.000000
COLUMBIA,2022,125,25.000000
COLUMBIA,2022,124,25.000000
COLUMBIA,2022,123,25.000000
COLUMBIA,2022,122,25.000000
COLUMBIA,2022,121,
COLUMBIA,2022,120,
COLUMBIA,2022,119,25.000000
COLUMBIA,2022,118,25.000000
COLUMBIA,2022,117,25.000000
COLUMBIA,2022,116,25.000000
COLUMBIA,2022,115,25.000000
COLUMBIA,2022,114,
COLUMBIA,2022,113,
COLUMBIA,2022,112,25.000000
COLUMBIA,2022,111,25.000000
COLUMBIA,2022,110,25.000000
COLUMBIA,2022,109,25.000000
COLUMBIA,2022,108,25.000000
COLUMBIA,2022,107,
COLUMBIA,2022,106,
COLUMBIA,2022,105,25.000000
COLUMBIA,2022,104,25.000000
COLUMBIA,2022,103,25.000000
COLUMBIA,2022,102,25.000000
COLUMBIA,2022,101,25.000000
COLUMBIA,2022,100,
COLUMBIA,2022,99,
COLUMBIA,2022,98,25.000000
COLUMBIA,2022,97,25.000000
COLUMBIA,2022,96,25.000000
COLUMBIA,2022,95,25.000000
COLUMBIA,2022,94,25.000000
COLUMBIA,2022,93,
COLUMBIA,2022,92,
COLUMBIA,2022,91,
COLUMBIA,2022,90,
COLUMBIA,2022,89,
COLUMBIA,2022,88,
COLUMBIA,2022,87,
COLUMBIA,2022,86,
COLUMBIA,2022,85,
COLUMBIA,2022,84,
COLUMBIA,2022,83,
COLUMBIA,2022,82,
COLUMBIA,2022,81,
COLUMBIA,2022,80,
COLUMBIA,2022,79,
COLUMBIA,2022,78,
COLUMBIA,2022,77,
COLUMBIA,2022,76,
COLUMBIA,2022,75,
COLUMBIA,2022,74,
COLUMBIA,2022,73,
COLUMBIA,2022,72,
COLUMBIA,2022,71,
COLUMBIA,2022,70,
COLUMBIA,2022,69,
COLUMBIA,2022,68,
COLUMBIA,2022,67,
COLUMBIA,2022,66,
COLUMBIA,2022,65,
COLUMBIA,2022,64,
COLUMBIA,2022,63,
COLUMBIA,2022,62,
COLUMBIA,2022,61,
COLUMBIA,2022,60,
COLUMBIA,2022,59,
COLUMBIA,2022,58,
COLUMBIA,2022,57,
COLUMBIA,2022,56,
COLUMBIA,2022,55,
COLUMBIA,2022,54,
COLUMBIA,2022,53,
COLUMBIA,2022,52,
COLUMBIA,2022,51,
COLUMBIA,2022,50,
COLUMBIA,2022,49,
COLUMBIA,2022,48,
COLUMBIA,2022,47,
COLUMBIA,2022,46,
COLUMBIA,2022,45,
COLUMBIA,2022,44,
COLUMBIA,2022,43,
COLUMBIA,2022,42,
COLUMBIA,2022,41,
COLUMBIA,2022,40,
COLUMBIA,2022,39,
COLUMBIA,2022,38,
COLUMBIA,2022,37,
COLUMBIA,2022,36,
COLUMBIA,2022,35,
COLUMBIA,2022,34,
COLUMBIA,2022,33,
COLUMBIA,2022,32,
COLUMBIA,2022,31,
COLUMBIA,2022,30,
COLUMBIA,2022,29,
COLUMBIA,2022,28,
COLUMBIA,2022,27,
COLUMBIA,2022,26,
COLUMBIA,2022,25,
COLUMBIA,2022,24,
COLUMBIA,2022,23,
COLUMBIA,2022,22,
COLUMBIA,2022,21,
COLUMBIA,2022,20,
COLUMBIA,2022,19,
COLUMBIA,2022,18,
COLUMBIA,2022,17,
COLUMBIA,2022,16,
COLUMBIA,2022,15,
COLUMBIA,2022,14,
COLUMBIA,2022,13,
COLUMBIA,2022,12,
COLUMBIA,2022,11,
COLUMBIA,2022,10,
COLUMBIA,2022,9,
COLUMBIA,2022,8,
COLUMBIA,2022,7,
COLUMBIA,2022,6,
COLUMBIA,2022,5,
COLUMBIA,2022,4,
COLUMBIA,2022,3,
COLUMBIA,2022,2,
MIAMI,2022,366,
MIAMI,2022,365,
MIAMI,2022,364,
MIAMI,2022,363,
MIAMI,2022,362,
MIAMI,2022,361,
MIAMI,2022,360,
MIAMI,2022,359,
MIAMI,2022,358,
MIAMI,2022,357,
MIAMI,2022,356,
MIAMI,2022,355,
MIAMI,2022,354,
MIAMI,2022,353,
MIAMI,2022,352,
MIAMI,2022,351,
MIAMI,2022,350,22.000000
MIAMI,2022,349,22.000000
MIAMI,2022,348,22.000000
MIAMI,2022,347,22.000000
MIAMI,2022,346,22.000000
MIAMI,2022,345,
MIAMI,2022,344,
MIAMI,2022,343,22.000000
MIAMI,2022,342,22.000000
MIAMI,2022,341,22.000000
MIAMI,2022,340,22.000000
MIAMI,2022,339,22.000000
MIAMI,2022,338,
MIAMI,2022,337,
MIAMI,2022,336,22.000000
MIAMI,2022,335,22.000000
MIAMI,2022,334,22.000000
MIAMI,2022,333,22.000000
MIAMI,2022,332,22.000000
MIAMI,2022,331,
MIAMI,2022,330,
MIAMI,2022,329,22.000000
MIAMI,2022,328,
MIAMI,2022,327,22.000000
MIAMI,2022,326,22.000000
MIAMI,2022,325,22.000000
MIAMI,2022,324,
MIAMI,2022,323,
MIAMI,2022,322,22.000000
MIAMI,2022,321,22.000000
MIAMI,2022,320,22.000000
MIAMI,2022,319,22.000000
MIAMI,2022,318,22.000000
MIAMI,2022,317,
MIAMI,2022,316,
MIAMI,2022,315,
MIAMI,2022,314,22.000000
MIAMI,2022,313,22.000000
MIAMI,2022,312,22.000000
MIAMI,2022,311,22.000000
MIAMI,2022,310,
MIAMI,2022,309,
MIAMI,2022,308,22.000000
MIAMI,2022,307,22.000000
MIAMI,2022,306,22.000000
MIAMI,2022,305,22.000000
MIAMI,2022,304,22.000000
MIAMI,2022,303,
MIAMI,2022,302,
MIAMI,2022,301,22.000000
MIAMI,2022,300,22.000000
MIAMI,2022,299,22.000000
MIAMI,2022,298,22.000000
MIAMI,2022,297,22.000000
MIAMI,2022,296,
MIAMI,2022,295,
MIAMI,2022,294,22.000000
MIAMI,2022,293,22.000000
MIAMI,2022,292,22.000000
MIAMI,2022,291,22.000000
MIAMI,2022,290,22.000000
MIAMI,2022,289,
MIAMI,2022,288,
MIAMI,2022,287,22.000000
MIAMI,2022,286,22.000000
MIAMI,2022,285,22.000000
MIAMI,2022,284,22.000000
MIAMI,2022,283,
MIAMI,2022,282,
MIAMI,2022,281,
MIAMI,2022,280,22.000000
MIAMI,2022,279,22.000000
MIAMI,2022,278,22.000000
MIAMI,2022,277,22.000000
MIAMI,2022,276,22.000000
MIAMI,2022,275,
MIAMI,2022,274,
MIAMI,2022,273,22.000000
MIAMI,2022,272,22.000000
MIAMI,2022,271,22.000000
MIAMI,2022,270,22.000000
MIAMI,2022,269,22.000000
MIAMI,2022,268,
MIAMI,2022,267,
MIAMI,2022,266,22.000000
MIAMI,2022,265,22.000000
MIAMI,2022,264,22.000000
MIAMI,2022,263,22.000000
MIAMI,2022,262,22.000000
MIAMI,2022,261,
MIAMI,2022,260,
MIAMI,2022,259,22.000000
MIAMI,2022,258,22.000000
MIAMI,2022,257,22.000000
MIAMI,2022,256,22.000000
MIAMI,2022,255,22.000000
MIAMI,2022,254,
MIAMI,2022,253,
MIAMI,2022,252,22.000000
MIAMI,2022,251,22.000000
MIAMI,2022,250,22.000000
MIAMI,2022,249,22.000000
MIAMI,2022,248,
MIAMI,2022,247,
MIAMI,2022,246,
MIAMI,2022,245,22.000000
MIAMI,2022,244,22.000000
MIAMI,2022,243,22.000000
MIAMI,2022,242,22.000000
MIAMI,2022,241,22.000000
MIAMI,2022,240,
MIAMI,2022,239,
MIAMI,2022,238,22.000000
MIAMI,2022,237,22.000000
MIAMI,2022,236,22.000000
MIAMI,2022,235,22.000000
MIAMI,2022,234,22.000000
MIAMI,2022,233,
MIAMI,2022,232,
MIAMI,2022,231,22.000000
MIAMI,2022,230,22.000000
MIAMI,2022,229,22.000000
MIAMI,2022,228,22.000000
MIAMI,2022,227,22.000000
MIAMI,2022,226,
MIAMI,2022,225,
MIAMI,2022,224,22.000000
MIAMI,2022,223,22.000000
MIAMI,2022,222,22.000000
MIAMI,2022,221,22.000000
MIAMI,2022,220,22.000000
MIAMI,2022,219,
MIAMI,2022,218,
MIAMI,2022,217,22.000000
MIAMI,2022,216,22.000000
MIAMI,2022,215,22.000000
MIAMI,2022,214,22.000000
MIAMI,2022,213,22.000000
MIAMI,2022,212,
MIAMI,2022,211,
MIAMI,2022,210,22.000000
MIAMI,2022,209,22.000000
MIAMI,2022,208,22.000000
MIAMI,2022,207,22.000000
MIAMI,2022,206,22.000000
MIAMI,2022,205,
MIAMI,2022,204,
MIAMI,2022,203,22.000000
MIAMI,2022,202,22.000000
MIAMI,2022,201,22.000000
MIAMI,2022,200,22.000000
MIAMI,2022,199,22.000000
MIAMI,2022,198,
MIAMI,2022,197,
MIAMI,2022,196,22.000000
MIAMI,2022,195,22.000000
MIAMI,2022,194,22.000000
MIAMI,2022,193,22.000000
MIAMI,2022,192,22.000000
MIAMI,2022,191,
MIAMI,2022,190,
MIAMI,2022,189,22.000000
MIAMI,2022,188,22.000000
MIAMI,2022,187,22.000000
MIAMI,2022,186,22.000000
MIAMI,2022,185,
MIAMI,2022,184,
MIAMI,2022,183,
MIAMI,2022,182,22.000000
MIAMI,2022,181,22.000000
MIAMI,2022,180,22.000000
MIAMI,2022,179,22.000000
MIAMI,2022,178,22.000000
MIAMI,2022,177,
MIAMI,2022,176,
MIAMI,2022,175,22.000000
MIAMI,2022,174,22.000000
MIAMI,2022,173,22.000000
MIAMI,2022,172,22.000000
MIAMI,2022,171,
MIAMI,2022,170,
MIAMI,2022,169,
MIAMI,2022,168,22.000000
MIAMI,2022,167,22.000000
MIAMI,2022,166,22.000000
MIAMI,2022,165,22.000000
MIAMI,2022,164,22.000000
MIAMI,2022,163,
MIAMI,2022,162,
MIAMI,2022,161,22.000000
MIAMI,2022,160,22.000000
MIAMI,2022,159,22.000000
MIAMI,2022,158,22.000000
MIAMI,2022,157,22.000000
MIAMI,2022,156,
MIAMI,2022,155,
MIAMI,2022,154,22.000000
MIAMI,2022,153,22.000000
MIAMI,2022,152,22.000000
MIAMI,2022,151,22.000000
MIAMI,2022,150,
MIAMI,2022,149,
MIAMI,2022,148,
MIAMI,2022,147,22.000000
MIAMI,2022,146,22.000000
MIAMI,2022,145,22.000000
MIAMI,2022,144,22.000000
MIAMI,2022,143,22.000000
MIAMI,2022,142,
MIAMI,2022,141,
MIAMI,2022,140,22.000000
MIAMI,2022,139,22.000000
MIAMI,2022,138,22.000000
MIAMI,2022,137,22.000000
MIAMI,2022,136,22.000000
MIAMI,2022,135,
MIAMI,2022,134,
MIAMI,2022,133,22.000000
MIAMI,2022,132,22.000000
MIAMI,2022,131,22.000000
MIAMI,2022,130,22.000000
MIAMI,2022,129,22.000000
MIAMI,2022,128,
MIAMI,2022,127,
MIAMI,2022,126,22.000000
MIAMI,2022,125,22.000000
MIAMI,2022,124,22.000000
MIAMI,2022,123,22.000000
MIAMI,2022,122,22.000000
MIAMI,2022,121,
MIAMI,2022,120,
MIAMI,2022,119,22.000000
MIAMI,2022,118,22.000000
MIAMI,2022,117,22.000000
MIAMI,2022,116,22.000000
MIAMI,2022,115,22.000000
MIAMI,2022,114,
MIAMI,2022,113,
MIAMI,2022,112,22.000000
MIAMI,2022,111,22.000000
MIAMI,2022,110,22.000000
MIAMI,2022,109,22.000000
MIAMI,2022,108,22.000000
MIAMI,2022,107,
MIAMI,2022,106,
MIAMI,2022,105,22.000000
MIAMI,2022,104,22.000000
MIAMI,2022,103,22.000000
MIAMI,2022,102,22.000000
MIAMI,2022,101,22.000000
MIAMI,2022,100,
MIAMI,2022,99,
MIAMI,2022,98,22.000000
MIAMI,2022,97,22.000000
MIAMI,2022,96,22.000000
MIAMI,2022,95,22.000000
MIAMI,2022,94,22.000000
MIAMI,2022,93,
MIAMI,2022,92,
MIAMI,2022,91,22.000000
MIAMI,2022,90,22.000000
MIAMI,2022,89,22.000000
MIAMI,2022,88,22.000000
MIAMI,2022,87,22.000000
MIAMI,2022,86,
MIAMI,2022,85,
MIAMI,2022,84,22.000000
MIAMI,2022,83,22.000000
MIAMI,2022,82,22.000000
MIAMI,2022,81,22.000000
MIAMI,2022,80,22.000000
MIAMI,2022,79,
MIAMI,2022,78,
MIAMI,2022,77,22.000000
MIAMI,2022,76,22.000000
MIAMI,2022,75,22.000000
MIAMI,2022,74,22.000000
MIAMI,2022,73,22.000000
MIAMI,2022,72,
MIAMI,2022,71,
MIAMI,2022,70,22.000000
MIAMI,2022,69,22.000000
MIAMI,2022,68,22.000000
MIAMI,2022,67,22.000000
MIAMI,2022,66,22.000000
MIAMI,2022,65,
MIAMI,2022,64,
MIAMI,2022,63,22.000000
MIAMI,2022,62,22.000000
MIAMI,2022,61,22.000000
MIAMI,2022,60,22.000000
MIAMI,2022,59,22.000000
MIAMI,2022,58,
MIAMI,2022,57,
MIAMI,2022,56,22.000000
MIAMI,2022,55,22.000000
MIAMI,2022,54,22.000000
MIAMI,2022,53,22.000000
MIAMI,2022,52,
MIAMI,2022,51,
MIAMI,2022,50,
MIAMI,2022,49,22.000000
MIAMI,2022,48,22.000000
MIAMI,2022,47,22.000000
MIAMI,2022,46,22.000000
MIAMI,2022,45,22.000000
MIAMI,2022,44,
MIAMI,2022,43,
MIAMI,2022,42,22.000000
MIAMI,2022,41,22.000000
MIAMI,2022,40,22.000000
MIAMI,2022,39,22.000000
MIAMI,2022,38,22.000000
MIAMI,2022,37,
MIAMI,2022,36,
MIAMI,2022,35,23.000000
MIAMI,2022,34,23.000000
MIAMI,2022,33,23.000000
MIAMI,2022,32,23.000000
MIAMI,2022,31,23.000000
MIAMI,2022,30,
MIAMI,2022,29,
MIAMI,2022,28,23.000000
MIAMI,2022,27,23.000000
MIAMI,2022,26,23.000000
MIAMI,2022,25,23.000000
MIAMI,2022,24,23.000000
MIAMI,2022,23,
MIAMI,2022,22,
MIAMI,2022,21,23.000000
MIAMI,2022,20,23.000000
MIAMI,2022,19,23.000000
MIAMI,2022,18,23.000000
MIAMI,2022,17,
MIAMI,2022,16,
MIAMI,2022,15,
MIAMI,2022,14,23.000000
MIAMI,2022,13,23.000000
MIAMI,2022,12,23.000000
MIAMI,2022,11,23.000000
MIAMI,2022,10,23.000000
MIAMI,2022,9,
MIAMI,2022,8,
MIAMI,2022,7,
MIAMI,2022,6,
MIAMI,2022,5,
MIAMI,2022,4,
MIAMI,2022,3,
MIAMI,2022,2,
NEW YORK,2022,366,
NEW YORK,2022,365,
NEW YORK,2022,364,27.000000
NEW YORK,2022,363,27.000000
NEW YORK,2022,362,32.000000
NEW YORK,2022,361,21.500000
NEW YORK,2022,360,
NEW YORK,2022,359,
NEW YORK,2022,358,
NEW YORK,2022,357,24.500000
NEW YORK,2022,356,24.500000
NEW YORK,2022,355,24.500000
NEW YORK,2022,354,25.833333
NEW YORK,2022,353,21.125000
NEW YORK,2022,352,
NEW YORK,2022,351,
NEW YORK,2022,350,22.333333
NEW YORK,2022,349,24.625000
NEW YORK,2022,348,24.750000
NEW YORK,2022,347,26.700000
NEW YORK,2022,346,25.000000
NEW YORK,2022,345,
NEW YORK,2022,344,
NEW YORK,2022,343,31.100000
NEW YORK,2022,342,31.100000
NEW YORK,2022,341,31.100000
NEW YORK,2022,340,30.500000
NEW YORK,2022,339,30.750000
NEW YORK,2022,338,
NEW YORK,2022,337,
NEW YORK,2022,336,29.000000
NEW YORK,2022,335,38.000000
NEW YORK,2022,334,38.000000
NEW YORK,2022,333,28.333333
NEW YORK,2022,332,25.500000
NEW YORK,2022,331,
NEW YORK,2022,330,
NEW YORK,2022,329,
NEW YORK,2022,328,
NEW YORK,2022,327,21.500000
NEW YORK,2022,326,21.500000
NEW YORK,2022,325,21.500000
NEW YORK,2022,324,
NEW YORK,2022,323,
NEW YORK,2022,322,22.500000
NEW YORK,2022,321,22.500000
NEW YORK,2022,320,21.500000
NEW YORK,2022,319,21.500000
NEW YORK,2022,318,21.500000
NEW YORK,2022,317,
NEW YORK,2022,316,
NEW YORK,2022,315,
NEW YORK,2022,314,23.500000
NEW YORK,2022,313,22.333333
NEW YORK,2022,312,22.000000
NEW YORK,2022,311,22.500000
NEW YORK,2022,310,
NEW YORK,2022,309,
NEW YORK,2022,308,19.666666
NEW YORK,2022,307,19.666666
NEW YORK,2022,306,20.500000
NEW YORK,2022,305,19.000000
NEW YORK,2022,304,25.000000
NEW YORK,2022,303,
NEW YORK,2022,302,
NEW YORK,2022,301,19.000000
NEW YORK,2022,300,19.000000
NEW YORK,2022,299,18.500000
NEW YORK,2022,298,21.000000
NEW YORK,2022,297,18.333333
NEW YORK,2022,296,
NEW YORK,2022,295,
NEW YORK,2022,294,25.000000
NEW YORK,2022,293,25.000000
NEW YORK,2022,292,25.500000
NEW YORK,2022,291,25.500000
NEW YORK,2022,290,25.000000
NEW YORK,2022,289,
NEW YORK,2022,288,
NEW YORK,2022,287,21.000000
NEW YORK,2022,286,21.000000
NEW YORK,2022,285,20.000000
NEW YORK,2022,284,20.000000
NEW YORK,2022,283,
NEW YORK,2022,282,
NEW YORK,2022,281,
NEW YORK,2022,280,19.333333
NEW YORK,2022,279,19.333333
NEW YORK,2022,278,18.333333
NEW YORK,2022,277,18.333333
NEW YORK,2022,276,17.500000
NEW YORK,2022,275,
NEW YORK,2022,274,
NEW YORK,2022,273,19.500000
NEW YORK,2022,272,19.500000
NEW YORK,2022,271,19.500000
NEW YORK,2022,270,15.166666
NEW YORK,2022,269,15.166666
NEW YORK,2022,268,
NEW YORK,2022,267,
NEW YORK,2022,266,15.166666
NEW YORK,2022,265,15.166666
NEW YORK,2022,264,15.166666
NEW YORK,2022,263,15.166666
NEW YORK,2022,262,15.166666
NEW YORK,2022,261,
NEW YORK,2022,260,
NEW YORK,2022,259,15.166666
NEW YORK,2022,258,15.166666
NEW YORK,2022,257,15.166666
NEW YORK,2022,256,15.166666
NEW YORK,2022,255,15.000000
NEW YORK,2022,254,
NEW YORK,2022,253,
NEW YORK,2022,252,15.000000
NEW YORK,2022,251,15.000000
NEW YORK,2022,250,14.666666
NEW YORK,2022,249,14.666666
NEW YORK,2022,248,
NEW YORK,2022,247,
NEW YORK,2022,246,
NEW YORK,2022,245,14.666666
NEW YORK,2022,244,14.666666
NEW YORK,2022,243,14.666666
NEW YORK,2022,242,14.666666
NEW YORK,2022,241,14.666666
NEW YORK,2022,240,
NEW YORK,2022,239,
NEW YORK,2022,238,13.250000
NEW YORK,2022,237,13.250000
NEW YORK,2022,236,13.250000
NEW YORK,2022,235,13.250000
NEW YORK,2022,234,14.250000
NEW YORK,2022,233,
NEW YORK,2022,232,
NEW YORK,2022,231,14.250000
NEW YORK,2022,230,14.250000
NEW YORK,2022,229,14.250000
NEW YORK,2022,228,14.250000
NEW YORK,2022,227,13.333333
NEW YORK,2022,226,
NEW YORK,2022,225,
NEW YORK,2022,224,14.250000
NEW YORK,2022,223,14.250000
NEW YORK,2022,222,14.250000
NEW YORK,2022,221,14.250000
NEW YORK,2022,220,14.750000
NEW YORK,2022,219,
NEW YORK,2022,218,
NEW YORK,2022,217,15.250000
NEW YORK,2022,216,15.250000
NEW YORK,2022,215,15.000000
NEW YORK,2022,214,15.000000
NEW YORK,2022,213,14.000000
NEW YORK,2022,212,
NEW YORK,2022,211,
NEW YORK,2022,210,13.000000
NEW YORK,2022,209,13.000000
NEW YORK,2022,208,15.500000
NEW YORK,2022,207,13.666666
NEW YORK,2022,206,13.000000
NEW YORK,2022,205,
NEW YORK,2022,204,
NEW YORK,2022,203,28.666666
NEW YORK,2022,202,26.400000
NEW YORK,2022,201,30.000000
NEW YORK,2022,200,31.666666
NEW YORK,2022,199,33.125000
NEW YORK,2022,198,
NEW YORK,2022,197,
NEW YORK,2022,196,21.750000
NEW YORK,2022,195,25.500000
NEW YORK,2022,194,21.500000
NEW YORK,2022,193,37.000000
NEW YORK,2022,192,34.500000
NEW YORK,2022,191,
NEW YORK,2022,190,
NEW YORK,2022,189,33.000000
NEW YORK,2022,188,33.000000
NEW YORK,2022,187,36.000000
NEW YORK,2022,186,
NEW YORK,2022,185,
NEW YORK,2022,184,
NEW YORK,2022,183,
NEW YORK,2022,182,14.000000
NEW YORK,2022,181,14.000000
NEW YORK,2022,180,14.000000
NEW YORK,2022,179,14.000000
NEW YORK,2022,178,14.000000
NEW YORK,2022,177,
NEW YORK,2022,176,
NEW YORK,2022,175,14.000000
NEW YORK,2022,174,14.000000
NEW YORK,2022,173,14.000000
NEW YORK,2022,172,14.000000
NEW YORK,2022,171,
NEW YORK,2022,170,
NEW YORK,2022,169,
NEW YORK,2022,168,15.000000
NEW YORK,2022,167,15.000000
NEW YORK,2022,166,14.000000
NEW YORK,2022,165,14.000000
NEW YORK,2022,164,15.250000
NEW YORK,2022,163,
NEW YORK,2022,162,
NEW YORK,2022,161,17.000000
NEW YORK,2022,160,17.000000
NEW YORK,2022,159,18.000000
NEW YORK,2022,158,19.000000
NEW YORK,2022,157,15.250000
NEW YORK,2022,156,
NEW YORK,2022,155,
NEW YORK,2022,154,13.300000
NEW YORK,2022,153,12.000000
NEW YORK,2022,152,12.000000
NEW YORK,2022,151,12.000000
NEW YORK,2022,150,
NEW YORK,2022,149,
NEW YORK,2022,148,
NEW YORK,2022,147,12.833333
NEW YORK,2022,146,12.833333
NEW YORK,2022,145,12.833333
NEW YORK,2022,144,12.833333
NEW YORK,2022,143,12.833333
NEW YORK,2022,142,
NEW YORK,2022,141,
NEW YORK,2022,140,15.000000
NEW YORK,2022,139,15.000000
NEW YORK,2022,138,15.000000
NEW YORK,2022,137,15.500000
NEW YORK,2022,136,14.333333
NEW YORK,2022,135,
NEW YORK,2022,134,
NEW YORK,2022,133,16.500000
NEW YORK,2022,132,16.500000
NEW YORK,2022,131,18.500000
NEW YORK,2022,130,20.250000
NEW YORK,2022,129,20.250000
NEW YORK,2022,128,
NEW YORK,2022,127,
NEW YORK,2022,126,26.500000
NEW YORK,2022,125,27.666666
NEW YORK,2022,124,27.666666
NEW YORK,2022,123,29.000000
NEW YORK,2022,122,29.666666
NEW YORK,2022,121,
NEW YORK,2022,120,
NEW YORK,2022,119,29.500000
NEW YORK,2022,118,29.500000
NEW YORK,2022,117,30.000000
NEW YORK,2022,116,25.333333
NEW YORK,2022,115,25.333333
NEW YORK,2022,114,
NEW YORK,2022,113,
NEW YORK,2022,112,26.333333
NEW YORK,2022,111,26.333333
NEW YORK,2022,110,29.666666
NEW YORK,2022,109,29.666666
NEW YORK,2022,108,
NEW YORK,2022,107,
NEW YORK,2022,106,
NEW YORK,2022,105,31.500000
NEW YORK,2022,104,36.500000
NEW YORK,2022,103,37.000000
NEW YORK,2022,102,37.000000
NEW YORK,2022,101,41.500000
NEW YORK,2022,100,
NEW YORK,2022,99,
NEW YORK,2022,98,35.333333
NEW YORK,2022,97,35.333333
NEW YORK,2022,96,35.333333
NEW YORK,2022,95,43.000000
NEW YORK,2022,94,42.500000
NEW YORK,2022,93,
NEW YORK,2022,92,
NEW YORK,2022,91,30.000000
NEW YORK,2022,90,30.000000
NEW YORK,2022,89,39.000000
NEW YORK,2022,88,39.000000
NEW YORK,2022,87,39.000000
NEW YORK,2022,86,
NEW YORK,2022,85,
NEW YORK,2022,84,27.600000
NEW YORK,2022,83,27.600000
NEW YORK,2022,82,27.600000
NEW YORK,2022,81,28.400000
NEW YORK,2022,80,24.500000
NEW YORK,2022,79,
NEW YORK,2022,78,
NEW YORK,2022,77,25.250000
NEW YORK,2022,76,25.250000
NEW YORK,2022,75,25.250000
NEW YORK,2022,74,29.000000
NEW YORK,2022,73,29.000000
NEW YORK,2022,72,
NEW YORK,2022,71,
NEW YORK,2022,70,32.000000
NEW YORK,2022,69,32.000000
NEW YORK,2022,68,33.000000
NEW YORK,2022,67,28.500000
NEW YORK,2022,66,27.000000
NEW YORK,2022,65,
NEW YORK,2022,64,
NEW YORK,2022,63,28.333333
NEW YORK,2022,62,28.333333
NEW YORK,2022,61,28.333333
NEW YORK,2022,60,28.333333
NEW YORK,2022,59,29.666666
NEW YORK,2022,58,
NEW YORK,2022,57,
NEW YORK,2022,56,28.875000
NEW YORK,2022,55,28.875000
NEW YORK,2022,54,37.250000
NEW YORK,2022,53,37.250000
NEW YORK,2022,52,
NEW YORK,2022,51,
NEW YORK,2022,50,
NEW YORK,2022,49,31.000000
NEW YORK,2022,48,31.000000
NEW YORK,2022,47,23.500000
NEW YORK,2022,46,25.000000
NEW YORK,2022,45,25.000000
NEW YORK,2022,44,
NEW YORK,2022,43,
NEW YORK,2022,42,
NEW YORK,2022,41,31.000000
NEW YORK,2022,40,24.666666
NEW YORK,2022,39,24.000000
NEW YORK,2022,38,26.750000
NEW YORK,2022,37,
NEW YORK,2022,36,
NEW YORK,2022,35,22.500000
NEW YORK,2022,34,22.500000
NEW YORK,2022,33,22.500000
NEW YORK,2022,32,26.000000
NEW YORK,2022,31,26.500000
NEW YORK,2022,30,
NEW YORK,2022,29,
NEW YORK,2022,28,21.500000
NEW YORK,2022,27,21.500000
NEW YORK,2022,26,21.500000
NEW YORK,2022,25,23.000000
NEW YORK,2022,24,23.000000
NEW YORK,2022,23,
NEW YORK,2022,22,
NEW YORK,2022,21,22.500000
NEW YORK,2022,20,22.500000
NEW YORK,2022,19,25.000000
NEW YORK,2022,18,
NEW YORK,2022,17,
NEW YORK,2022,16,
NEW YORK,2022,15,
NEW YORK,2022,14,19.642857
NEW YORK,2022,13,19.642857
NEW YORK,2022,12,21.083333
NEW YORK,2022,11,21.800000
NEW YORK,2022,10,20.000000
NEW YORK,2022,9,
NEW YORK,2022,8,
NEW YORK,2022,7,25.000000
NEW YORK,2022,6,25.000000
NEW YORK,2022,5,25.000000
NEW YORK,2022,4,25.000000
NEW YORK,2022,3,26.000000
NEW YORK,2022,2,
PHILADELPHIA,2022,366,
PHILADELPHIA,2022,365,
PHILADELPHIA,2022,364,28.000000
PHILADELPHIA,2022,363,28.000000
PHILADELPHIA,2022,362,28.250000
PHILADELPHIA,2022,361,27.500000
PHILADELPHIA,2022,360,
PHILADELPHIA,2022,359,
PHILADELPHIA,2022,358,
PHILADELPHIA,2022,357,25.250000
PHILADELPHIA,2022,356,25.250000
PHILADELPHIA,2022,355,27.500000
PHILADELPHIA,2022,354,27.500000
PHILADELPHIA,2022,353,27.500000
PHILADELPHIA,2022,352,
PHILADELPHIA,2022,351,
PHILADELPHIA,2022,350,
PHILADELPHIA,2022,349,
PHILADELPHIA,2022,348,
PHILADELPHIA,2022,347,
PHILADELPHIA,2022,346,
PHILADELPHIA,2022,345,
PHILADELPHIA,2022,344,
PHILADELPHIA,2022,343,
PHILADELPHIA,2022,342,
PHILADELPHIA,2022,341,
PHILADELPHIA,2022,340,
PHILADELPHIA,2022,339,
PHILADELPHIA,2022,338,
PHILADELPHIA,2022,337,
PHILADELPHIA,2022,336,29.000000
PHILADELPHIA,2022,335,29.000000
PHILADELPHIA,2022,334,29.000000
PHILADELPHIA,2022,333,29.000000
PHILADELPHIA,2022,332,29.000000
PHILADELPHIA,2022,331,
PHILADELPHIA,2022,330,
PHILADELPHIA,2022,329,
PHILADELPHIA,2022,328,
PHILADELPHIA,2022,327,27.666666
PHILADELPHIA,2022,326,27.666666
PHILADELPHIA,2022,325,24.000000
PHILADELPHIA,2022,324,
PHILADELPHIA,2022,323,
PHILADELPHIA,2022,322,24.000000
PHILADELPHIA,2022,321,24.000000
PHILADELPHIA,2022,320,24.000000
PHILADELPHIA,2022,319,24.000000
PHILADELPHIA,2022,318,24.000000
PHILADELPHIA,2022,317,
PHILADELPHIA,2022,316,
PHILADELPHIA,2022,315,
PHILADELPHIA,2022,314,24.000000
PHILADELPHIA,2022,313,
PHILADELPHIA,2022,312,
PHILADELPHIA,2022,311,
PHILADELPHIA,2022,310,
PHILADELPHIA,2022,309,
PHILADELPHIA,2022,308,22.500000
PHILADELPHIA,2022,307,22.500000
PHILADELPHIA,2022,306,22.750000
PHILADELPHIA,2022,305,22.750000
PHILADELPHIA,2022,304,22.750000
PHILADELPHIA,2022,303,
PHILADELPHIA,2022,302,
PHILADELPHIA,2022,301,23.000000
PHILADELPHIA,2022,300,23.000000
PHILADELPHIA,2022,299,24.500000
PHILADELPHIA,2022,298,24.500000
PHILADELPHIA,2022,297,24.000000
PHILADELPHIA,2022,296,
PHILADELPHIA,2022,295,
PHILADELPHIA,2022,294,21.500000
PHILADELPHIA,2022,293,21.500000
PHILADELPHIA,2022,292,21.750000
PHILADELPHIA,2022,291,25.000000
PHILADELPHIA,2022,290,25.000000
PHILADELPHIA,2022,289,
PHILADELPHIA,2022,288,
PHILADELPHIA,2022,287,26.000000
PHILADELPHIA,2022,286,26.000000
PHILADELPHIA,2022,285,26.000000
PHILADELPHIA,2022,284,26.000000
PHILADELPHIA,2022,283,
PHILADELPHIA,2022,282,
PHILADELPHIA,2022,281,
PHILADELPHIA,2022,280,19.000000
PHILADELPHIA,2022,279,19.000000
PHILADELPHIA,2022,278,19.000000
PHILADELPHIA,2022,277,19.000000
PHILADELPHIA,2022,276,19.000000
PHILADELPHIA,2022,275,
PHILADELPHIA,2022,274,
PHILADELPHIA,2022,273,15.500000
PHILADELPHIA,2022,272,15.500000
PHILADELPHIA,2022,271,12.000000
PHILADELPHIA,2022,270,12.000000
PHILADELPHIA,2022,269,12.000000
PHILADELPHIA,2022,268,
PHILADELPHIA,2022,267,
PHILADELPHIA,2022,266,15.000000
PHILADELPHIA,2022,265,15.000000
PHILADELPHIA,2022,264,15.500000
PHILADELPHIA,2022,263,13.000000
PHILADELPHIA,2022,262,13.000000
PHILADELPHIA,2022,261,
PHILADELPHIA,2022,260,
PHILADELPHIA,2022,259,11.000000
PHILADELPHIA,2022,258,11.000000
PHILADELPHIA,2022,257,11.000000
PHILADELPHIA,2022,256,11.000000
PHILADELPHIA,2022,255,11.000000
PHILADELPHIA,2022,254,
PHILADELPHIA,2022,253,
PHILADELPHIA,2022,252,14.000000
PHILADELPHIA,2022,251,14.000000
PHILADELPHIA,2022,250,
PHILADELPHIA,2022,249,
PHILADELPHIA,2022,248,
PHILADELPHIA,2022,247,
PHILADELPHIA,2022,246,
PHILADELPHIA,2022,245,13.000000
PHILADELPHIA,2022,244,13.000000
PHILADELPHIA,2022,243,13.000000
PHILADELPHIA,2022,242,13.000000
PHILADELPHIA,2022,241,13.000000
PHILADELPHIA,2022,240,
PHILADELPHIA,2022,239,
PHILADELPHIA,2022,238,12.000000
PHILADELPHIA,2022,237,12.000000
PHILADELPHIA,2022,236,12.000000
PHILADELPHIA,2022,235,12.000000
PHILADELPHIA,2022,234,12.000000
PHILADELPHIA,2022,233,
PHILADELPHIA,2022,232,
PHILADELPHIA,2022,231,18.750000
PHILADELPHIA,2022,230,18.750000
PHILADELPHIA,2022,229,18.750000
PHILADELPHIA,2022,228,18.750000
PHILADELPHIA,2022,227,18.750000
PHILADELPHIA,2022,226,
PHILADELPHIA,2022,225,
PHILADELPHIA,2022,224,18.750000
PHILADELPHIA,2022,223,18.750000
PHILADELPHIA,2022,222,18.750000
PHILADELPHIA,2022,221,19.250000
PHILADELPHIA,2022,220,21.375000
PHILADELPHIA,2022,219,
PHILADELPHIA,2022,218,
PHILADELPHIA,2022,217,21.375000
PHILADELPHIA,2022,216,21.375000
PHILADELPHIA,2022,215,21.375000
PHILADELPHIA,2022,214,21.375000
PHILADELPHIA,2022,213,21.375000
PHILADELPHIA,2022,212,
PHILADELPHIA,2022,211,
PHILADELPHIA,2022,210,21.375000
PHILADELPHIA,2022,209,21.375000
PHILADELPHIA,2022,208,21.833333
PHILADELPHIA,2022,207,21.833333
PHILADELPHIA,2022,206,25.000000
PHILADELPHIA,2022,205,
PHILADELPHIA,2022,204,
PHILADELPHIA,2022,203,29.000000
PHILADELPHIA,2022,202,29.000000
PHILADELPHIA,2022,201,28.000000
PHILADELPHIA,2022,200,28.000000
PHILADELPHIA,2022,199,28.000000
PHILADELPHIA,2022,198,
PHILADELPHIA,2022,197,
PHILADELPHIA,2022,196,
PHILADELPHIA,2022,195,
PHILADELPHIA,2022,194,
PHILADELPHIA,2022,193,
PHILADELPHIA,2022,192,
PHILADELPHIA,2022,191,
PHILADELPHIA,2022,190,
PHILADELPHIA,2022,189,
PHILADELPHIA,2022,188,
PHILADELPHIA,2022,187,
PHILADELPHIA,2022,186,
PHILADELPHIA,2022,185,
PHILADELPHIA,2022,184,
PHILADELPHIA,2022,183,
PHILADELPHIA,2022,182,22.000000
PHILADELPHIA,2022,181,22.000000
PHILADELPHIA,2022,180,22.000000
PHILADELPHIA,2022,179,22.000000
PHILADELPHIA,2022,178,22.000000
PHILADELPHIA,2022,177,
PHILADELPHIA,2022,176,
PHILADELPHIA,2022,175,
PHILADELPHIA,2022,174,
PHILADELPHIA,2022,173,
PHILADELPHIA,2022,172,
PHILADELPHIA,2022,171,
PHILADELPHIA,2022,170,
PHILADELPHIA,2022,169,
PHILADELPHIA,2022,168,19.000000
PHILADELPHIA,2022,167,19.000000
PHILADELPHIA,2022,166,19.000000
PHILADELPHIA,2022,165,19.000000
PHILADELPHIA,2022,164,19.000000
PHILADELPHIA,2022,163,
PHILADELPHIA,2022,162,
PHILADELPHIA,2022,161,24.000000
PHILADELPHIA,2022,160,24.000000
PHILADELPHIA,2022,159,24.000000
PHILADELPHIA,2022,158,24.000000
PHILADELPHIA,2022,157,24.000000
PHILADELPHIA,2022,156,
PHILADELPHIA,2022,155,
PHILADELPHIA,2022,154,21.500000
PHILADELPHIA,2022,153,21.500000
PHILADELPHIA,2022,152,21.500000
PHILADELPHIA,2022,151,21.500000
PHILADELPHIA,2022,150,
PHILADELPHIA,2022,149,
PHILADELPHIA,2022,148,
PHILADELPHIA,2022,147,16.000000
PHILADELPHIA,2022,146,16.000000
PHILADELPHIA,2022,145,16.000000
PHILADELPHIA,2022,144,16.000000
PHILADELPHIA,2022,143,16.000000
PHILADELPHIA,2022,142,
PHILADELPHIA,2022,141,
PHILADELPHIA,2022,140,16.500000
PHILADELPHIA,2022,139,16.500000
PHILADELPHIA,2022,138,32.000000
PHILADELPHIA,2022,137,32.000000
PHILADELPHIA,2022,136,32.000000
PHILADELPHIA,2022,135,
PHILADELPHIA,2022,134,
PHILADELPHIA,2022,133,27.333333
PHILADELPHIA,2022,132,27.333333
PHILADELPHIA,2022,131,30.000000
PHILADELPHIA,2022,130,30.000000
PHILADELPHIA,2022,129,30.000000
PHILADELPHIA,2022,128,
PHILADELPHIA,2022,127,
PHILADELPHIA,2022,126,30.000000
PHILADELPHIA,2022,125,30.000000
PHILADELPHIA,2022,124,30.000000
PHILADELPHIA,2022,123,30.000000
PHILADELPHIA,2022,122,30.000000
PHILADELPHIA,2022,121,
PHILADELPHIA,2022,120,
PHILADELPHIA,2022,119,32.000000
PHILADELPHIA,2022,118,32.000000
PHILADELPHIA,2022,117,32.000000
PHILADELPHIA,2022,116,32.000000
PHILADELPHIA,2022,115,32.000000
PHILADELPHIA,2022,114,
PHILADELPHIA,2022,113,
PHILADELPHIA,2022,112,33.500000
PHILADELPHIA,2022,111,33.500000
PHILADELPHIA,2022,110,29.000000
PHILADELPHIA,2022,109,
PHILADELPHIA,2022,108,
PHILADELPHIA,2022,107,
PHILADELPHIA,2022,106,
PHILADELPHIA,2022,105,35.000000
PHILADELPHIA,2022,104,35.000000
PHILADELPHIA,2022,103,40.000000
PHILADELPHIA,2022,102,50.000000
PHILADELPHIA,2022,101,
PHILADELPHIA,2022,100,
PHILADELPHIA,2022,99,
PHILADELPHIA,2022,98,30.000000
PHILADELPHIA,2022,97,30.000000
PHILADELPHIA,2022,96,30.000000
PHILADELPHIA,2022,95,30.000000
PHILADELPHIA,2022,94,30.000000
PHILADELPHIA,2022,93,
PHILADELPHIA,2022,92,
PHILADELPHIA,2022,91,28.000000
PHILADELPHIA,2022,90,28.000000
PHILADELPHIA,2022,89,
PHILADELPHIA,2022,88,
PHILADELPHIA,2022,87,
PHILADELPHIA,2022,86,
PHILADELPHIA,2022,85,
PHILADELPHIA,2022,84,31.000000
PHILADELPHIA,2022,83,31.000000
PHILADELPHIA,2022,82,31.000000
PHILADELPHIA,2022,81,31.000000
PHILADELPHIA,2022,80,31.000000
PHILADELPHIA,2022,79,
PHILADELPHIA,2022,78,
PHILADELPHIA,2022,77,32.833333
PHILADELPHIA,2022,76,32.833333
PHILADELPHIA,2022,75,32.833333
PHILADELPHIA,2022,74,35.000000
PHILADELPHIA,2022,73,35.000000
PHILADELPHIA,2022,72,
PHILADELPHIA,2022,71,
PHILADELPHIA,2022,70,39.666666
PHILADELPHIA,2022,69,39.666666
PHILADELPHIA,2022,68,39.666666
PHILADELPHIA,2022,67,39.666666
PHILADELPHIA,2022,66,39.666666
PHILADELPHIA,2022,65,
PHILADELPHIA,2022,64,
PHILADELPHIA,2022,63,30.000000
PHILADELPHIA,2022,62,30.000000
PHILADELPHIA,2022,61,30.000000
PHILADELPHIA,2022,60,14.000000
PHILADELPHIA,2022,59,14.000000
PHILADELPHIA,2022,58,
PHILADELPHIA,2022,57,
PHILADELPHIA,2022,56,43.000000
PHILADELPHIA,2022,55,43.000000
PHILADELPHIA,2022,54,20.000000
PHILADELPHIA,2022,53,20.000000
PHILADELPHIA,2022,52,
PHILADELPHIA,2022,51,
PHILADELPHIA,2022,50,
PHILADELPHIA,2022,49,25.000000
PHILADELPHIA,2022,48,25.000000
PHILADELPHIA,2022,47,25.000000
PHILADELPHIA,2022,46,25.000000
PHILADELPHIA,2022,45,25.000000
PHILADELPHIA,2022,44,
PHILADELPHIA,2022,43,
PHILADELPHIA,2022,42,
PHILADELPHIA,2022,41,10.000000
PHILADELPHIA,2022,40,10.000000
PHILADELPHIA,2022,39,10.000000
PHILADELPHIA,2022,38,10.000000
PHILADELPHIA,2022,37,
PHILADELPHIA,2022,36,
PHILADELPHIA,2022,35,22.000000
PHILADELPHIA,2022,34,22.000000
PHILADELPHIA,2022,33,22.000000
PHILADELPHIA,2022,32,22.000000
PHILADELPHIA,2022,31,16.000000
PHILADELPHIA,2022,30,
PHILADELPHIA,2022,29,
PHILADELPHIA,2022,28,
PHILADELPHIA,2022,27,
PHILADELPHIA,2022,26,
PHILADELPHIA,2022,25,
PHILADELPHIA,2022,24,
PHILADELPHIA,2022,23,
PHILADELPHIA,2022,22,
PHILADELPHIA,2022,21,24.333333
PHILADELPHIA,2022,20,24.333333
PHILADELPHIA,2022,19,24.333333
PHILADELPHIA,2022,18,24.333333
PHILADELPHIA,2022,17,
PHILADELPHIA,2022,16,
PHILADELPHIA,2022,15,
PHILADELPHIA,2022,14,26.000000
PHILADELPHIA,2022,13,26.000000
PHILADELPHIA,2022,12,26.000000
PHILADELPHIA,2022,11,26.500000
PHILADELPHIA,2022,10,26.500000
PHILADELPHIA,2022,9,
PHILADELPHIA,2022,8,
PHILADELPHIA,2022,7,29.000000
PHILADELPHIA,2022,6,29.000000
PHILADELPHIA,2022,5,29.000000
PHILADELPHIA,2022,4,24.000000
PHILADELPHIA,2022,3,24.000000
PHILADELPHIA,2022,2,
BALTIMORE,2021,366,
BALTIMORE,2021,365,
BALTIMORE,2021,364,29.000000
BALTIMORE,2021,363,34.000000
BALTIMORE,2021,362,29.000000
BALTIMORE,2021,361,29.000000
BALTIMORE,2021,360,
BALTIMORE,2021,359,
BALTIMORE,2021,358,
BALTIMORE,2021,357,29.000000
BALTIMORE,2021,356,29.000000
BALTIMORE,2021,355,31.000000
BALTIMORE,2021,354,31.000000
BALTIMORE,2021,353,
BALTIMORE,2021,352,
BALTIMORE,2021,351,31.500000
BALTIMORE,2021,350,31.500000
BALTIMORE,2021,349,31.500000
BALTIMORE,2021,348,31.500000
BALTIMORE,2021,347,31.500000
BALTIMORE,2021,346,
BALTIMORE,2021,345,
BALTIMORE,2021,344,33.250000
BALTIMORE,2021,343,33.250000
BALTIMORE,2021,342,33.250000
BALTIMORE,2021,341,31.500000
BALTIMORE,2021,340,31.500000
BALTIMORE,2021,339,
BALTIMORE,2021,338,
BALTIMORE,2021,337,35.000000
BALTIMORE,2021,336,
BALTIMORE,2021,335,
BALTIMORE,2021,334,
BALTIMORE,2021,333,
BALTIMORE,2021,332,
BALTIMORE,2021,331,
BALTIMORE,2021,330,
BALTIMORE,2021,329,
BALTIMORE,2021,328,
BALTIMORE,2021,327,
BALTIMORE,2021,326,37.500000
BALTIMORE,2021,325,
BALTIMORE,2021,324,
BALTIMORE,2021,323,38.000000
BALTIMORE,2021,322,38.000000
BALTIMORE,2021,321,38.500000
BALTIMORE,2021,320,38.500000
BALTIMORE,2021,319,38.500000
BALTIMORE,2021,318,
BALTIMORE,2021,317,
BALTIMORE,2021,316,36.500000
BALTIMORE,2021,315,
BALTIMORE,2021,314,36.500000
BALTIMORE,2021,313,36.500000
BALTIMORE,2021,312,36.500000
BALTIMORE,2021,311,
BALTIMORE,2021,310,
BALTIMORE,2021,309,37.500000
BALTIMORE,2021,308,37.000000
BALTIMORE,2021,307,35.000000
BALTIMORE,2021,306,35.000000
BALTIMORE,2021,305,35.000000
BALTIMORE,2021,304,
BALTIMORE,2021,303,
BALTIMORE,2021,302,34.000000
BALTIMORE,2021,301,34.000000
BALTIMORE,2021,300,34.000000
BALTIMORE,2021,299,34.000000
BALTIMORE,2021,298,34.000000
BALTIMORE,2021,297,
BALTIMORE,2021,296,
BALTIMORE,2021,295,36.000000
BALTIMORE,2021,294,36.000000
BALTIMORE,2021,293,36.000000
BALTIMORE,2021,292,38.000000
BALTIMORE,2021,291,38.000000
BALTIMORE,2021,290,
BALTIMORE,2021,289,
BALTIMORE,2021,288,33.500000
BALTIMORE,2021,287,33.500000
BALTIMORE,2021,286,33.500000
BALTIMORE,2021,285,33.500000
BALTIMORE,2021,284,
BALTIMORE,2021,283,
BALTIMORE,2021,282,
BALTIMORE,2021,281,33.500000
BALTIMORE,2021,280,33.500000
BALTIMORE,2021,279,33.500000
BALTIMORE,2021,278,36.500000
BALTIMORE,2021,277,36.500000
BALTIMORE,2021,276,
BALTIMORE,2021,275,
BALTIMORE,2021,274,36.500000
BALTIMORE,2021,273,42.000000
BALTIMORE,2021,272,26.000000
BALTIMORE,2021,271,26.000000
BALTIMORE,2021,270,26.000000
BALTIMORE,2021,269,
BALTIMORE,2021,268,
BALTIMORE,2021,267,26.000000
BALTIMORE,2021,266,26.000000
BALTIMORE,2021,265,26.000000
BALTIMORE,2021,264,26.000000
BALTIMORE,2021,263,26.000000
BALTIMORE,2021,262,
BALTIMORE,2021,261,
BALTIMORE,2021,260,22.000000
BALTIMORE,2021,259,24.000000
BALTIMORE,2021,258,24.000000
BALTIMORE,2021,257,24.000000
BALTIMORE,2021,256,24.000000
BALTIMORE,2021,255,
BALTIMORE,2021,254,
BALTIMORE,2021,253,28.000000
BALTIMORE,2021,252,28.000000
BALTIMORE,2021,251,24.000000
BALTIMORE,2021,250,24.000000
BALTIMORE,2021,249,
BALTIMORE,2021,248,
BALTIMORE,2021,247,
BALTIMORE,2021,246,19.000000
BALTIMORE,2021,245,16.000000
BALTIMORE,2021,244,17.375000
BALTIMORE,2021,243,17.375000
BALTIMORE,2021,242,17.375000
BALTIMORE,2021,241,
BALTIMORE,2021,240,
BALTIMORE,2021,239,17.375000
BALTIMORE,2021,238,17.375000
BALTIMORE,2021,237,17.833333
BALTIMORE,2021,236,17.833333
BALTIMORE,2021,235,
BALTIMORE,2021,234,
BALTIMORE,2021,233,
BALTIMORE,2021,232,32.000000
BALTIMORE,2021,231,
BALTIMORE,2021,230,
BALTIMORE,2021,229,
BALTIMORE,2021,228,
BALTIMORE,2021,227,
BALTIMORE,2021,226,
BALTIMORE,2021,225,22.500000
BALTIMORE,2021,224,22.500000
BALTIMORE,2021,223,22.500000
BALTIMORE,2021,222,22.500000
BALTIMORE,2021,221,22.500000
BALTIMORE,2021,220,
BALTIMORE,2021,219,
BALTIMORE,2021,218,22.500000
BALTIMORE,2021,217,22.500000
BALTIMORE,2021,216,26.250000
BALTIMORE,2021,215,26.250000
BALTIMORE,2021,214,26.250000
BALTIMORE,2021,213,
BALTIMORE,2021,212,
BALTIMORE,2021,211,29.500000
BALTIMORE,2021,210,29.500000
BALTIMORE,2021,209,24.000000
BALTIMORE,2021,208,24.000000
BALTIMORE,2021,207,26.750000
BALTIMORE,2021,206,
BALTIMORE,2021,205,
BALTIMORE,2021,204,28.000000
BALTIMORE,2021,203,28.000000
BALTIMORE,2021,202,28.000000
BALTIMORE,2021,201,28.000000
BALTIMORE,2021,200,28.000000
BALTIMORE,2021,199,
BALTIMORE,2021,198,
BALTIMORE,2021,197,
BALTIMORE,2021,196,30.000000
BALTIMORE,2021,195,30.000000
BALTIMORE,2021,194,30.000000
BALTIMORE,2021,193,30.000000
BALTIMORE,2021,192,
BALTIMORE,2021,191,
BALTIMORE,2021,190,26.500000
BALTIMORE,2021,189,26.500000
BALTIMORE,2021,188,26.500000
BALTIMORE,2021,187,23.000000
BALTIMORE,2021,186,
BALTIMORE,2021,185,
BALTIMORE,2021,184,
BALTIMORE,2021,183,27.500000
BALTIMORE,2021,182,27.500000
BALTIMORE,2021,181,23.000000
BALTIMORE,2021,180,23.000000
BALTIMORE,2021,179,23.000000
BALTIMORE,2021,178,
BALTIMORE,2021,177,
BALTIMORE,2021,176,22.000000
BALTIMORE,2021,175,22.000000
BALTIMORE,2021,174,24.000000
BALTIMORE,2021,173,22.000000
BALTIMORE,2021,172,22.000000
BALTIMORE,2021,171,
BALTIMORE,2021,170,
BALTIMORE,2021,169,22.000000
BALTIMORE,2021,168,22.000000
BALTIMORE,2021,167,24.000000
BALTIMORE,2021,166,24.000000
BALTIMORE,2021,165,24.000000
BALTIMORE,2021,164,
BALTIMORE,2021,163,
BALTIMORE,2021,162,24.000000
BALTIMORE,2021,161,24.000000
BALTIMORE,2021,160,24.000000
BALTIMORE,2021,159,24.000000
BALTIMORE,2021,158,22.500000
BALTIMORE,2021,157,
BALTIMORE,2021,156,
BALTIMORE,2021,155,26.000000
BALTIMORE,2021,154,26.000000
BALTIMORE,2021,153,26.000000
BALTIMORE,2021,152,26.000000
BALTIMORE,2021,151,
BALTIMORE,2021,150,
BALTIMORE,2021,149,
BALTIMORE,2021,148,29.000000
BALTIMORE,2021,147,29.000000
BALTIMORE,2021,146,29.000000
BALTIMORE,2021,145,29.000000
BALTIMORE,2021,144,29.000000
BALTIMORE,2021,143,
BALTIMORE,2021,142,
BALTIMORE,2021,141,28.250000
BALTIMORE,2021,140,28.250000
BALTIMORE,2021,139,24.000000
BALTIMORE,2021,138,24.000000
BALTIMORE,2021,137,29.000000
BALTIMORE,2021,136,
BALTIMORE,2021,135,
BALTIMORE,2021,134,24.000000
BALTIMORE,2021,133,24.000000
BALTIMORE,2021,132,24.000000
BALTIMORE,2021,131,24.000000
BALTIMORE,2021,130,24.000000
BALTIMORE,2021,129,
BALTIMORE,2021,128,
BALTIMORE,2021,127,24.000000
BALTIMORE,2021,126,24.000000
BALTIMORE,2021,125,24.000000
BALTIMORE,2021,124,24.000000
BALTIMORE,2021,123,24.000000
BALTIMORE,2021,122,
BALTIMORE,2021,121,
BALTIMORE,2021,120,25.000000
BALTIMORE,2021,119,25.000000
BALTIMORE,2021,118,25.000000
BALTIMORE,2021,117,25.000000
BALTIMORE,2021,116,25.000000
BALTIMORE,2021,115,
BALTIMORE,2021,114,
BALTIMORE,2021,113,22.500000
BALTIMORE,2021,112,22.500000
BALTIMORE,2021,111,22.000000
BALTIMORE,2021,110,22.000000
BALTIMORE,2021,109,22.000000
BALTIMORE,2021,108,
BALTIMORE,2021,107,
BALTIMORE,2021,106,22.000000
BALTIMORE,2021,105,22.000000
BALTIMORE,2021,104,22.000000
BALTIMORE,2021,103,22.000000
BALTIMORE,2021,102,22.000000
BALTIMORE,2021,101,
BALTIMORE,2021,100,
BALTIMORE,2021,99,22.000000
BALTIMORE,2021,98,21.500000
BALTIMORE,2021,97,21.500000
BALTIMORE,2021,96,21.500000
BALTIMORE,2021,95,21.500000
BALTIMORE,2021,94,
BALTIMORE,2021,93,
BALTIMORE,2021,92,22.333333
BALTIMORE,2021,91,22.333333
BALTIMORE,2021,90,22.500000
BALTIMORE,2021,89,24.333333
BALTIMORE,2021,88,24.333333
BALTIMORE,2021,87,
BALTIMORE,2021,86,
BALTIMORE,2021,85,27.250000
BALTIMORE,2021,84,27.250000
BALTIMORE,2021,83,27.250000
BALTIMORE,2021,82,27.250000
BALTIMORE,2021,81,28.500000
BALTIMORE,2021,80,
BALTIMORE,2021,79,
BALTIMORE,2021,78,25.000000
BALTIMORE,2021,77,25.000000
BALTIMORE,2021,76,25.000000
BALTIMORE,2021,75,25.000000
BALTIMORE,2021,74,25.000000
BALTIMORE,2021,73,
BALTIMORE,2021,72,
BALTIMORE,2021,71,29.000000
BALTIMORE,2021,70,29.000000
BALTIMORE,2021,69,29.000000
BALTIMORE,2021,68,29.000000
BALTIMORE,2021,67,28.500000
BALTIMORE,2021,66,
BALTIMORE,2021,65,
BALTIMORE,2021,64,29.500000
BALTIMORE,2021,63,29.500000
BALTIMORE,2021,62,31.000000
BALTIMORE,2021,61,31.000000
BALTIMORE,2021,60,31.000000
BALTIMORE,2021,59,
BALTIMORE,2021,58,
BALTIMORE,2021,57,31.000000
BALTIMORE,2021,56,31.000000
BALTIMORE,2021,55,29.000000
BALTIMORE,2021,54,29.000000
BALTIMORE,2021,53,29.000000
BALTIMORE,2021,52,
BALTIMORE,2021,51,
BALTIMORE,2021,50,28.000000
BALTIMORE,2021,49,36.000000
BALTIMORE,2021,48,36.000000
BALTIMORE,2021,47,34.000000
BALTIMORE,2021,46,
BALTIMORE,2021,45,
BALTIMORE,2021,44,
BALTIMORE,2021,43,34.000000
BALTIMORE,2021,42,34.000000
BALTIMORE,2021,41,34.000000
BALTIMORE,2021,40,34.000000
BALTIMORE,2021,39,34.000000
BALTIMORE,2021,38,
BALTIMORE,2021,37,
BALTIMORE,2021,36,35.000000
BALTIMORE,2021,35,35.000000
BALTIMORE,2021,34,35.000000
BALTIMORE,2021,33,37.000000
BALTIMORE,2021,32,37.000000
BALTIMORE,2021,31,
BALTIMORE,2021,30,
BALTIMORE,2021,29,38.750000
BALTIMORE,2021,28,38.750000
BALTIMORE,2021,27,42.000000
BALTIMORE,2021,26,42.000000
BALTIMORE,2021,25,42.000000
BALTIMORE,2021,24,
BALTIMORE,2021,23,
BALTIMORE,2021,22,42.000000
BALTIMORE,2021,21,39.000000
BALTIMORE,2021,20,39.000000
BALTIMORE,2021,19,39.000000
BALTIMORE,2021,18,
BALTIMORE,2021,17,
BALTIMORE,2021,16,
BALTIMORE,2021,15,39.000000
BALTIMORE,2021,14,33.000000
BALTIMORE,2021,13,33.000000
BALTIMORE,2021,12,33.000000
BALTIMORE,2021,11,33.000000
BALTIMORE,2021,10,
BALTIMORE,2021,9,
BALTIMORE,2021,8,30.500000
BALTIMORE,2021,7,31.500000
BALTIMORE,2021,6,29.500000
BALTIMORE,2021,5,29.500000
BALTIMORE,2021,4,29.500000
BALTIMORE,2021,3,
BALTIMORE,2021,2,
BOSTON,2021,366,
BOSTON,2021,365,
BOSTON,2021,364,26.000000
BOSTON,2021,363,26.000000
BOSTON,2021,362,26.000000
BOSTON,2021,361,26.000000
BOSTON,2021,360,
BOSTON,2021,359,
BOSTON,2021,358,
BOSTON,2021,357,26.000000
BOSTON,2021,356,26.000000
BOSTON,2021,355,26.000000
BOSTON,2021,354,26.000000
BOSTON,2021,353,
BOSTON,2021,352,
BOSTON,2021,351,26.000000
BOSTON,2021,350,26.000000
BOSTON,2021,349,26.000000
BOSTON,2021,348,26.000000
BOSTON,2021,347,
BOSTON,2021,346,
BOSTON,2021,345,
BOSTON,2021,344,
BOSTON,2021,343,27.000000
BOSTON,2021,342,27.000000
BOSTON,2021,341,27.000000
BOSTON,2021,340,27.000000
BOSTON,2021,339,
BOSTON,2021,338,
BOSTON,2021,337,27.000000
BOSTON,2021,336,27.000000
BOSTON,2021,335,26.000000
BOSTON,2021,334,26.000000
BOSTON,2021,333,26.000000
BOSTON,2021,332,
BOSTON,2021,331,
BOSTON,2021,330,26.000000
BOSTON,2021,329,
BOSTON,2021,328,26.000000
BOSTON,2021,327,26.000000
BOSTON,2021,326,26.000000
BOSTON,2021,325,
BOSTON,2021,324,
BOSTON,2021,323,26.000000
BOSTON,2021,322,26.000000
BOSTON,2021,321,26.000000
BOSTON,2021,320,26.000000
BOSTON,2021,319,26.000000
BOSTON,2021,318,
BOSTON,2021,317,
BOSTON,2021,316,29.000000
BOSTON,2021,315,
BOSTON,2021,314,29.000000
BOSTON,2021,313,29.000000
BOSTON,2021,312,29.000000
BOSTON,2021,311,
BOSTON,2021,310,
BOSTON,2021,309,29.000000
BOSTON,2021,308,29.000000
BOSTON,2021,307,29.000000
BOSTON,2021,306,29.000000
BOSTON,2021,305,29.000000
BOSTON,2021,304,
BOSTON,2021,303,
BOSTON,2021,302,29.000000
BOSTON,2021,301,29.000000
BOSTON,2021,300,29.000000
BOSTON,2021,299,29.000000
BOSTON,2021,298,29.000000
BOSTON,2021,297,
BOSTON,2021,296,
BOSTON,2021,295,29.000000
BOSTON,2021,294,29.000000
BOSTON,2021,293,29.000000
BOSTON,2021,292,29.000000
BOSTON,2021,291,29.000000
BOSTON,2021,290,
BOSTON,2021,289,
BOSTON,2021,288,29.000000
BOSTON,2021,287,29.000000
BOSTON,2021,286,29.000000
BOSTON,2021,285,29.000000
BOSTON,2021,284,
BOSTON,2021,283,
BOSTON,2021,282,
BOSTON,2021,281,29.000000
BOSTON,2021,280,29.000000
BOSTON,2021,279,29.000000
BOSTON,2021,278,29.000000
BOSTON,2021,277,29.000000
BOSTON,2021,276,
BOSTON,2021,275,
BOSTON,2021,274,29.000000
BOSTON,2021,273,29.000000
BOSTON,2021,272,29.000000
BOSTON,2021,271,29.000000
BOSTON,2021,270,24.000000
BOSTON,2021,269,
BOSTON,2021,268,
BOSTON,2021,267,24.000000
BOSTON,2021,266,24.000000
BOSTON,2021,265,24.000000
BOSTON,2021,264,22.500000
BOSTON,2021,263,22.166666
BOSTON,2021,262,
BOSTON,2021,261,
BOSTON,2021,260,22.166666
BOSTON,2021,259,22.166666
BOSTON,2021,258,22.166666
BOSTON,2021,257,24.750000
BOSTON,2021,256,18.000000
BOSTON,2021,255,
BOSTON,2021,254,
BOSTON,2021,253,18.000000
BOSTON,2021,252,18.000000
BOSTON,2021,251,18.000000
BOSTON,2021,250,18.000000
BOSTON,2021,249,
BOSTON,2021,248,
BOSTON,2021,247,
BOSTON,2021,246,18.000000
BOSTON,2021,245,18.000000
BOSTON,2021,244,18.000000
BOSTON,2021,243,18.000000
BOSTON,2021,242,18.000000
BOSTON,2021,241,
BOSTON,2021,240,
BOSTON,2021,239,18.000000
BOSTON,2021,238,18.000000
BOSTON,2021,237,18.000000
BOSTON,2021,236,18.000000
BOSTON,2021,235,23.500000
BOSTON,2021,234,
BOSTON,2021,233,
BOSTON,2021,232,23.500000
BOSTON,2021,231,23.500000
BOSTON,2021,230,23.500000
BOSTON,2021,229,23.500000
BOSTON,2021,228,23.500000
BOSTON,2021,227,
BOSTON,2021,226,
BOSTON,2021,225,23.500000
BOSTON,2021,224,23.500000
BOSTON,2021,223,23.500000
BOSTON,2021,222,23.500000
BOSTON,2021,221,18.000000
BOSTON,2021,220,
BOSTON,2021,219,
BOSTON,2021,218,18.000000
BOSTON,2021,217,18.000000
BOSTON,2021,216,18.000000
BOSTON,2021,215,18.000000
BOSTON,2021,214,18.000000
BOSTON,2021,213,
BOSTON,2021,212,
BOSTON,2021,211,20.666666
BOSTON,2021,210,20.666666
BOSTON,2021,209,20.666666
BOSTON,2021,208,20.666666
BOSTON,2021,207,24.500000
BOSTON,2021,206,
BOSTON,2021,205,
BOSTON,2021,204,24.500000
BOSTON,2021,203,24.500000
BOSTON,2021,202,24.500000
BOSTON,2021,201,24.500000
BOSTON,2021,200,27.500000
BOSTON,2021,199,
BOSTON,2021,198,
BOSTON,2021,197,27.500000
BOSTON,2021,196,27.500000
BOSTON,2021,195,27.500000
BOSTON,2021,194,27.500000
BOSTON,2021,193,27.500000
BOSTON,2021,192,
BOSTON,2021,191,
BOSTON,2021,190,27.500000
BOSTON,2021,189,27.500000
BOSTON,2021,188,27.500000
BOSTON,2021,187,20.000000
BOSTON,2021,186,
BOSTON,2021,185,
BOSTON,2021,184,
BOSTON,2021,183,20.000000
BOSTON,2021,182,20.000000
BOSTON,2021,181,20.000000
BOSTON,2021,180,20.000000
BOSTON,2021,179,23.000000
BOSTON,2021,178,
BOSTON,2021,177,
BOSTON,2021,176,23.000000
BOSTON,2021,175,23.000000
BOSTON,2021,174,23.000000
BOSTON,2021,173,23.000000
BOSTON,2021,172,21.000000
BOSTON,2021,171,
BOSTON,2021,170,
BOSTON,2021,169,21.000000
BOSTON,2021,168,21.000000
BOSTON,2021,167,21.000000
BOSTON,2021,166,21.000000
BOSTON,2021,165,21.000000
BOSTON,2021,164,
BOSTON,2021,163,
BOSTON,2021,162,21.000000
BOSTON,2021,161,21.000000
BOSTON,2021,160,21.000000
BOSTON,2021,159,21.000000
BOSTON,2021,158,21.000000
BOSTON,2021,157,
BOSTON,2021,156,
BOSTON,2021,155,23.000000
BOSTON,2021,154,23.000000
BOSTON,2021,153,23.000000
BOSTON,2021,152,23.000000
BOSTON,2021,151,
BOSTON,2021,150,
BOSTON,2021,149,
BOSTON,2021,148,23.000000
BOSTON,2021,147,23.000000
BOSTON,2021,146,23.000000
BOSTON,2021,145,23.000000
BOSTON,2021,144,23.000000
BOSTON,2021,143,
BOSTON,2021,142,
BOSTON,2021,141,23.000000
BOSTON,2021,140,23.000000
BOSTON,2021,139,23.000000
BOSTON,2021,138,23.000000
BOSTON,2021,137,23.000000
BOSTON,2021,136,
BOSTON,2021,135,
BOSTON,2021,134,23.000000
BOSTON,2021,133,23.000000
BOSTON,2021,132,23.000000
BOSTON,2021,131,23.000000
BOSTON,2021,130,23.000000
BOSTON,2021,129,
BOSTON,2021,128,
BOSTON,2021,127,23.000000
BOSTON,2021,126,23.000000
BOSTON,2021,125,23.000000
BOSTON,2021,124,23.000000
BOSTON,2021,123,23.000000
BOSTON,2021,122,
BOSTON,2021,121,
BOSTON,2021,120,23.000000
BOSTON,2021,119,23.000000
BOSTON,2021,118,23.000000
BOSTON,2021,117,23.000000
BOSTON,2021,116,23.000000
BOSTON,2021,115,
BOSTON,2021,114,
BOSTON,2021,113,23.000000
BOSTON,2021,112,23.000000
BOSTON,2021,111,23.000000
BOSTON,2021,110,23.000000
BOSTON,2021,109,23.000000
BOSTON,2021,108,
BOSTON,2021,107,
BOSTON,2021,106,23.000000
BOSTON,2021,105,23.000000
BOSTON,2021,104,23.000000
BOSTON,2021,103,23.000000
BOSTON,2021,102,23.000000
BOSTON,2021,101,
BOSTON,2021,100,
BOSTON,2021,99,23.000000
BOSTON,2021,98,23.000000
BOSTON,2021,97,23.000000
BOSTON,2021,96,23.000000
BOSTON,2021,95,23.000000
BOSTON,2021,94,
BOSTON,2021,93,
BOSTON,2021,92,23.000000
BOSTON,2021,91,23.000000
BOSTON,2021,90,23.000000
BOSTON,2021,89,23.000000
BOSTON,2021,88,23.000000
BOSTON,2021,87,
BOSTON,2021,86,
BOSTON,2021,85,23.000000
BOSTON,2021,84,23.000000
BOSTON,2021,83,23.000000
BOSTON,2021,82,23.000000
BOSTON,2021,81,23.000000
BOSTON,2021,80,
BOSTON,2021,79,
BOSTON,2021,78,23.000000
BOSTON,2021,77,25.000000
BOSTON,2021,76,25.000000
BOSTON,2021,75,25.000000
BOSTON,2021,74,25.000000
BOSTON,2021,73,
BOSTON,2021,72,
BOSTON,2021,71,25.000000
BOSTON,2021,70,25.000000
BOSTON,2021,69,25.000000
BOSTON,2021,68,25.000000
BOSTON,2021,67,25.000000
BOSTON,2021,66,
BOSTON,2021,65,
BOSTON,2021,64,25.000000
BOSTON,2021,63,25.000000
BOSTON,2021,62,25.000000
BOSTON,2021,61,25.000000
BOSTON,2021,60,25.000000
BOSTON,2021,59,
BOSTON,2021,58,
BOSTON,2021,57,25.000000
BOSTON,2021,56,25.000000
BOSTON,2021,55,25.000000
BOSTON,2021,54,25.000000
BOSTON,2021,53,25.000000
BOSTON,2021,52,
BOSTON,2021,51,
BOSTON,2021,50,
BOSTON,2021,49,
BOSTON,2021,48,
BOSTON,2021,47,
BOSTON,2021,46,
BOSTON,2021,45,
BOSTON,2021,44,
BOSTON,2021,43,
BOSTON,2021,42,
BOSTON,2021,41,
BOSTON,2021,40,
BOSTON,2021,39,
BOSTON,2021,38,
BOSTON,2021,37,
BOSTON,2021,36,
BOSTON,2021,35,
BOSTON,2021,34,
BOSTON,2021,33,
BOSTON,2021,32,
BOSTON,2021,31,
BOSTON,2021,30,
BOSTON,2021,29,
BOSTON,2021,28,
BOSTON,2021,27,
BOSTON,2021,26,
BOSTON,2021,25,
BOSTON,2021,24,
BOSTON,2021,23,
BOSTON,2021,22,
BOSTON,2021,21,
BOSTON,2021,20,
BOSTON,2021,19,
BOSTON,2021,18,
BOSTON,2021,17,
BOSTON,2021,16,
BOSTON,2021,15,
BOSTON,2021,14,
BOSTON,2021,13,
BOSTON,2021,12,
BOSTON,2021,11,
BOSTON,2021,10,
BOSTON,2021,9,
BOSTON,2021,8,
BOSTON,2021,7,
BOSTON,2021,6,
BOSTON,2021,5,
BOSTON,2021,4,
BOSTON,2021,3,
BOSTON,2021,2,
CHICAGO,2021,366,
CHICAGO,2021,365,
CHICAGO,2021,364,32.000000
CHICAGO,2021,363,27.500000
CHICAGO,2021,362,27.500000
CHICAGO,2021,361,27.500000
CHICAGO,2021,360,
CHICAGO,2021,359,
CHICAGO,2021,358,
CHICAGO,2021,357,27.500000
CHICAGO,2021,356,27.500000
CHICAGO,2021,355,27.500000
CHICAGO,2021,354,27.500000
CHICAGO,2021,353,
CHICAGO,2021,352,
CHICAGO,2021,351,27.500000
CHICAGO,2021,350,27.500000
CHICAGO,2021,349,27.500000
CHICAGO,2021,348,27.500000
CHICAGO,2021,347,27.500000
CHICAGO,2021,346,
CHICAGO,2021,345,
CHICAGO,2021,344,27.500000
CHICAGO,2021,343,27.500000
CHICAGO,2021,342,27.500000
CHICAGO,2021,341,27.500000
CHICAGO,2021,340,27.500000
CHICAGO,2021,339,
CHICAGO,2021,338,
CHICAGO,2021,337,27.500000
CHICAGO,2021,336,27.500000
CHICAGO,2021,335,27.500000
CHICAGO,2021,334,27.500000
CHICAGO,2021,333,27.500000
CHICAGO,2021,332,
CHICAGO,2021,331,
CHICAGO,2021,330,27.500000
CHICAGO,2021,329,
CHICAGO,2021,328,27.500000
CHICAGO,2021,327,27.500000
CHICAGO,2021,326,27.500000
CHICAGO,2021,325,
CHICAGO,2021,324,
CHICAGO,2021,323,27.500000
CHICAGO,2021,322,27.500000
CHICAGO,2021,321,27.500000
CHICAGO,2021,320,27.500000
CHICAGO,2021,319,27.500000
CHICAGO,2021,318,
CHICAGO,2021,317,
CHICAGO,2021,316,27.500000
CHICAGO,2021,315,
CHICAGO,2021,314,27.500000
CHICAGO,2021,313,27.500000
CHICAGO,2021,312,27.500000
CHICAGO,2021,311,
CHICAGO,2021,310,
CHICAGO,2021,309,27.500000
CHICAGO,2021,308,27.500000
CHICAGO,2021,307,27.500000
CHICAGO,2021,306,27.500000
CHICAGO,2021,305,27.500000
CHICAGO,2021,304,
CHICAGO,2021,303,
CHICAGO,2021,302,27.500000
CHICAGO,2021,301,27.500000
CHICAGO,2021,300,27.500000
CHICAGO,2021,299,23.833333
CHICAGO,2021,298,23.833333
CHICAGO,2021,297,
CHICAGO,2021,296,
CHICAGO,2021,295,23.833333
CHICAGO,2021,294,22.500000
CHICAGO,2021,293,22.500000
CHICAGO,2021,292,22.500000
CHICAGO,2021,291,22.500000
CHICAGO,2021,290,
CHICAGO,2021,289,
CHICAGO,2021,288,22.500000
CHICAGO,2021,287,22.500000
CHICAGO,2021,286,22.500000
CHICAGO,2021,285,22.500000
CHICAGO,2021,284,
CHICAGO,2021,283,
CHICAGO,2021,282,
CHICAGO,2021,281,22.500000
CHICAGO,2021,280,22.500000
CHICAGO,2021,279,22.500000
CHICAGO,2021,278,22.500000
CHICAGO,2021,277,22.500000
CHICAGO,2021,276,
CHICAGO,2021,275,
CHICAGO,2021,274,22.500000
CHICAGO,2021,273,22.500000
CHICAGO,2021,272,22.500000
CHICAGO,2021,271,22.500000
CHICAGO,2021,270,22.500000
CHICAGO,2021,269,
CHICAGO,2021,268,
CHICAGO,2021,267,22.500000
CHICAGO,2021,266,22.500000
CHICAGO,2021,265,22.500000
CHICAGO,2021,264,22.500000
CHICAGO,2021,263,22.500000
CHICAGO,2021,262,
CHICAGO,2021,261,
CHICAGO,2021,260,22.500000
CHICAGO,2021,259,22.500000
CHICAGO,2021,258,22.500000
CHICAGO,2021,257,22.500000
CHICAGO,2021,256,22.500000
CHICAGO,2021,255,
CHICAGO,2021,254,
CHICAGO,2021,253,22.500000
CHICAGO,2021,252,22.500000
CHICAGO,2021,251,22.500000
CHICAGO,2021,250,22.500000
CHICAGO,2021,249,
CHICAGO,2021,248,
CHICAGO,2021,247,
CHICAGO,2021,246,22.500000
CHICAGO,2021,245,22.500000
CHICAGO,2021,244,22.500000
CHICAGO,2021,243,22.500000
CHICAGO,2021,242,22.500000
CHICAGO,2021,241,
CHICAGO,2021,240,
CHICAGO,2021,239,22.500000
CHICAGO,2021,238,22.500000
CHICAGO,2021,237,22.500000
CHICAGO,2021,236,22.500000
CHICAGO,2021,235,23.500000
CHICAGO,2021,234,
CHICAGO,2021,233,
CHICAGO,2021,232,23.500000
CHICAGO,2021,231,23.250000
CHICAGO,2021,230,23.250000
CHICAGO,2021,229,23.250000
CHICAGO,2021,228,22.166666
CHICAGO,2021,227,
CHICAGO,2021,226,
CHICAGO,2021,225,22.166666
CHICAGO,2021,224,22.000000
CHICAGO,2021,223,22.000000
CHICAGO,2021,222,22.000000
CHICAGO,2021,221,23.166666
CHICAGO,2021,220,
CHICAGO,2021,219,
CHICAGO,2021,218,23.166666
CHICAGO,2021,217,21.375000
CHICAGO,2021,216,21.375000
CHICAGO,2021,215,21.375000
CHICAGO,2021,214,23.666666
CHICAGO,2021,213,
CHICAGO,2021,212,
CHICAGO,2021,211,23.666666
CHICAGO,2021,210,23.333333
CHICAGO,2021,209,23.333333
CHICAGO,2021,208,23.666666
CHICAGO,2021,207,23.666666
CHICAGO,2021,206,
CHICAGO,2021,205,
CHICAGO,2021,204,23.666666
CHICAGO,2021,203,27.000000
CHICAGO,2021,202,27.000000
CHICAGO,2021,201,28.000000
CHICAGO,2021,200,28.000000
CHICAGO,2021,199,
CHICAGO,2021,198,
CHICAGO,2021,197,28.000000
CHICAGO,2021,196,28.000000
CHICAGO,2021,195,28.000000
CHICAGO,2021,194,28.000000
CHICAGO,2021,193,25.500000
CHICAGO,2021,192,
CHICAGO,2021,191,
CHICAGO,2021,190,25.500000
CHICAGO,2021,189,25.500000
CHICAGO,2021,188,22.000000
CHICAGO,2021,187,22.000000
CHICAGO,2021,186,
CHICAGO,2021,185,
CHICAGO,2021,184,
CHICAGO,2021,183,22.000000
CHICAGO,2021,182,22.000000
CHICAGO,2021,181,22.000000
CHICAGO,2021,180,22.000000
CHICAGO,2021,179,21.166666
CHICAGO,2021,178,
CHICAGO,2021,177,
CHICAGO,2021,176,21.166666
CHICAGO,2021,175,21.166666
CHICAGO,2021,174,21.166666
CHICAGO,2021,173,22.000000
CHICAGO,2021,172,22.000000
CHICAGO,2021,171,
CHICAGO,2021,170,
CHICAGO,2021,169,22.000000
CHICAGO,2021,168,24.125000
CHICAGO,2021,167,24.125000
CHICAGO,2021,166,26.500000
CHICAGO,2021,165,26.500000
CHICAGO,2021,164,
CHICAGO,2021,163,
CHICAGO,2021,162,26.500000
CHICAGO,2021,161,26.500000
CHICAGO,2021,160,25.666666
CHICAGO,2021,159,25.666666
CHICAGO,2021,158,25.666666
CHICAGO,2021,157,
CHICAGO,2021,156,
CHICAGO,2021,155,25.666666
CHICAGO,2021,154,28.166666
CHICAGO,2021,153,28.166666
CHICAGO,2021,152,28.166666
CHICAGO,2021,151,
CHICAGO,2021,150,
CHICAGO,2021,149,
CHICAGO,2021,148,28.166666
CHICAGO,2021,147,28.166666
CHICAGO,2021,146,28.166666
CHICAGO,2021,145,28.166666
CHICAGO,2021,144,28.166666
CHICAGO,2021,143,
CHICAGO,2021,142,
CHICAGO,2021,141,28.166666
CHICAGO,2021,140,28.833333
CHICAGO,2021,139,28.833333
CHICAGO,2021,138,28.833333
CHICAGO,2021,137,28.000000
CHICAGO,2021,136,
CHICAGO,2021,135,
CHICAGO,2021,134,28.000000
CHICAGO,2021,133,28.000000
CHICAGO,2021,132,28.000000
CHICAGO,2021,131,28.000000
CHICAGO,2021,130,26.166666
CHICAGO,2021,129,
CHICAGO,2021,128,
CHICAGO,2021,127,26.166666
CHICAGO,2021,126,24.833333
CHICAGO,2021,125,24.833333
CHICAGO,2021,124,25.166666
CHICAGO,2021,123,25.166666
CHICAGO,2021,122,
CHICAGO,2021,121,
CHICAGO,2021,120,25.166666
CHICAGO,2021,119,24.333333
CHICAGO,2021,118,24.333333
CHICAGO,2021,117,24.333333
CHICAGO,2021,116,23.500000
CHICAGO,2021,115,
CHICAGO,2021,114,
CHICAGO,2021,113,23.500000
CHICAGO,2021,112,23.166666
CHICAGO,2021,111,23.166666
CHICAGO,2021,110,23.166666
CHICAGO,2021,109,24.166666
CHICAGO,2021,108,
CHICAGO,2021,107,
CHICAGO,2021,106,24.166666
CHICAGO,2021,105,24.333333
CHICAGO,2021,104,24.333333
CHICAGO,2021,103,24.333333
CHICAGO,2021,102,28.000000
CHICAGO,2021,101,
CHICAGO,2021,100,
CHICAGO,2021,99,28.000000
CHICAGO,2021,98,28.000000
CHICAGO,2021,97,28.000000
CHICAGO,2021,96,28.000000
CHICAGO,2021,95,28.000000
CHICAGO,2021,94,
CHICAGO,2021,93,
CHICAGO,2021,92,28.000000
CHICAGO,2021,91,28.000000
CHICAGO,2021,90,28.000000
CHICAGO,2021,89,28.000000
CHICAGO,2021,88,25.000000
CHICAGO,2021,87,
CHICAGO,2021,86,
CHICAGO,2021,85,25.000000
CHICAGO,2021,84,26.500000
CHICAGO,2021,83,26.500000
CHICAGO,2021,82,26.500000
CHICAGO,2021,81,27.833333
CHICAGO,2021,80,
CHICAGO,2021,79,
CHICAGO,2021,78,27.833333
CHICAGO,2021,77,28.166666
CHICAGO,2021,76,28.166666
CHICAGO,2021,75,31.000000
CHICAGO,2021,74,31.000000
CHICAGO,2021,73,
CHICAGO,2021,72,
CHICAGO,2021,71,31.000000
CHICAGO,2021,70,32.000000
CHICAGO,2021,69,32.000000
CHICAGO,2021,68,29.500000
CHICAGO,2021,67,29.500000
CHICAGO,2021,66,
CHICAGO,2021,65,
CHICAGO,2021,64,29.500000
CHICAGO,2021,63,29.500000
CHICAGO,2021,62,29.500000
CHICAGO,2021,61,29.500000
CHICAGO,2021,60,29.500000
CHICAGO,2021,59,
CHICAGO,2021,58,
CHICAGO,2021,57,29.500000
CHICAGO,2021,56,34.750000
CHICAGO,2021,55,34.750000
CHICAGO,2021,54,34.750000
CHICAGO,2021,53,34.750000
CHICAGO,2021,52,
CHICAGO,2021,51,
CHICAGO,2021,50,34.750000
CHICAGO,2021,49,34.750000
CHICAGO,2021,48,34.750000
CHICAGO,2021,47,34.750000
CHICAGO,2021,46,
CHICAGO,2021,45,
CHICAGO,2021,44,
CHICAGO,2021,43,34.750000
CHICAGO,2021,42,34.750000
CHICAGO,2021,41,34.750000
CHICAGO,2021,40,34.750000
CHICAGO,2021,39,34.250000
CHICAGO,2021,38,
CHICAGO,2021,37,
CHICAGO,2021,36,34.250000
CHICAGO,2021,35,34.250000
CHICAGO,2021,34,34.250000
CHICAGO,2021,33,34.250000
CHICAGO,2021,32,34.250000
CHICAGO,2021,31,
CHICAGO,2021,30,
CHICAGO,2021,29,34.250000
CHICAGO,2021,28,34.250000
CHICAGO,2021,27,32.000000
CHICAGO,2021,26,32.000000
CHICAGO,2021,25,32.000000
CHICAGO,2021,24,
CHICAGO,2021,23,
CHICAGO,2021,22,32.000000
CHICAGO,2021,21,32.000000
CHICAGO,2021,20,32.000000
CHICAGO,2021,19,32.000000
CHICAGO,2021,18,
CHICAGO,2021,17,
CHICAGO,2021,16,
CHICAGO,2021,15,32.000000
CHICAGO,2021,14,32.000000
CHICAGO,2021,13,32.000000
CHICAGO,2021,12,32.000000
CHICAGO,2021,11,37.000000
CHICAGO,2021,10,
CHICAGO,2021,9,
CHICAGO,2021,8,37.000000
CHICAGO,2021,7,37.000000
CHICAGO,2021,6,37.000000
CHICAGO,2021,5,37.000000
CHICAGO,2021,4,37.000000
CHICAGO,2021,3,
CHICAGO,2021,2,
COLUMBIA,2021,366,
COLUMBIA,2021,365,
COLUMBIA,2021,364,
COLUMBIA,2021,363,
COLUMBIA,2021,362,
COLUMBIA,2021,361,
COLUMBIA,2021,360,
COLUMBIA,2021,359,
COLUMBIA,2021,358,
COLUMBIA,2021,357,
COLUMBIA,2021,356,
COLUMBIA,2021,355,
COLUMBIA,2021,354,
COLUMBIA,2021,353,
COLUMBIA,2021,352,
COLUMBIA,2021,351,
COLUMBIA,2021,350,
COLUMBIA,2021,349,
COLUMBIA,2021,348,
COLUMBIA,2021,347,
COLUMBIA,2021,346,
COLUMBIA,2021,345,
COLUMBIA,2021,344,
COLUMBIA,2021,343,
COLUMBIA,2021,342,
COLUMBIA,2021,341,
COLUMBIA,2021,340,
COLUMBIA,2021,339,
COLUMBIA,2021,338,
COLUMBIA,2021,337,
COLUMBIA,2021,336,
COLUMBIA,2021,335,
COLUMBIA,2021,334,
COLUMBIA,2021,333,
COLUMBIA,2021,332,
COLUMBIA,2021,331,
COLUMBIA,2021,330,
COLUMBIA,2021,329,
COLUMBIA,2021,328,
COLUMBIA,2021,327,
COLUMBIA,2021,326,
COLUMBIA,2021,325,
COLUMBIA,2021,324,
COLUMBIA,2021,323,
COLUMBIA,2021,322,
COLUMBIA,2021,321,
COLUMBIA,2021,320,
COLUMBIA,2021,319,
COLUMBIA,2021,318,
COLUMBIA,2021,317,
COLUMBIA,2021,316,
COLUMBIA,2021,315,
COLUMBIA,2021,314,
COLUMBIA,2021,313,
COLUMBIA,2021,312,
COLUMBIA,2021,311,
COLUMBIA,2021,310,
COLUMBIA,2021,309,25.000000
COLUMBIA,2021,308,25.000000
COLUMBIA,2021,307,25.000000
COLUMBIA,2021,306,25.000000
COLUMBIA,2021,305,25.000000
COLUMBIA,2021,304,
COLUMBIA,2021,303,
COLUMBIA,2021,302,25.000000
COLUMBIA,2021,301,25.000000
COLUMBIA,2021,300,25.000000
COLUMBIA,2021,299,25.000000
COLUMBIA,2021,298,25.000000
COLUMBIA,2021,297,
COLUMBIA,2021,296,
COLUMBIA,2021,295,25.000000
COLUMBIA,2021,294,25.000000
COLUMBIA,2021,293,25.000000
COLUMBIA,2021,292,25.000000
COLUMBIA,2021,291,25.000000
COLUMBIA,2021,290,
COLUMBIA,2021,289,
COLUMBIA,2021,288,25.000000
COLUMBIA,2021,287,25.000000
COLUMBIA,2021,286,25.000000
COLUMBIA,2021,285,25.000000
COLUMBIA,2021,284,25.000000
COLUMBIA,2021,283,
COLUMBIA,2021,282,
COLUMBIA,2021,281,25.000000
COLUMBIA,2021,280,25.000000
COLUMBIA,2021,279,25.000000
COLUMBIA,2021,278,25.000000
COLUMBIA,2021,277,25.000000
COLUMBIA,2021,276,
COLUMBIA,2021,275,
COLUMBIA,2021,274,25.000000
COLUMBIA,2021,273,25.000000
COLUMBIA,2021,272,25.000000
COLUMBIA,2021,271,25.000000
COLUMBIA,2021,270,25.000000
COLUMBIA,2021,269,
COLUMBIA,2021,268,
COLUMBIA,2021,267,25.000000
COLUMBIA,2021,266,25.000000
COLUMBIA,2021,265,25.000000
COLUMBIA,2021,264,25.000000
COLUMBIA,2021,263,25.000000
COLUMBIA,2021,262,
COLUMBIA,2021,261,
COLUMBIA,2021,260,25.000000
COLUMBIA,2021,259,25.000000
COLUMBIA,2021,258,25.000000
COLUMBIA,2021,257,25.000000
COLUMBIA,2021,256,25.000000
COLUMBIA,2021,255,
COLUMBIA,2021,254,
COLUMBIA,2021,253,25.000000
COLUMBIA,2021,252,25.000000
COLUMBIA,2021,251,25.000000
COLUMBIA,2021,250,25.000000
COLUMBIA,2021,249,
COLUMBIA,2021,248,
COLUMBIA,2021,247,
COLUMBIA,2021,246,25.000000
COLUMBIA,2021,245,25.000000
COLUMBIA,2021,244,25.000000
COLUMBIA,2021,243,25.000000
COLUMBIA,2021,242,25.000000
COLUMBIA,2021,241,
COLUMBIA,2021,240,
COLUMBIA,2021,239,25.000000
COLUMBIA,2021,238,25.000000
COLUMBIA,2021,237,25.000000
COLUMBIA,2021,236,25.000000
COLUMBIA,2021,235,25.000000
COLUMBIA,2021,234,
COLUMBIA,2021,233,
COLUMBIA,2021,232,25.000000
COLUMBIA,2021,231,25.000000
COLUMBIA,2021,230,25.000000
COLUMBIA,2021,229,25.000000
COLUMBIA,2021,228,25.000000
COLUMBIA,2021,227,
COLUMBIA,2021,226,
COLUMBIA,2021,225,25.000000
COLUMBIA,2021,224,25.000000
COLUMBIA,2021,223,25.000000
COLUMBIA,2021,222,25.000000
COLUMBIA,2021,221,25.000000
COLUMBIA,2021,220,
COLUMBIA,2021,219,
COLUMBIA,2021,218,25.000000
COLUMBIA,2021,217,25.000000
COLUMBIA,2021,216,25.000000
COLUMBIA,2021,215,25.000000
COLUMBIA,2021,214,25.000000
COLUMBIA,2021,213,
COLUMBIA,2021,212,
COLUMBIA,2021,211,25.000000
COLUMBIA,2021,210,25.000000
COLUMBIA,2021,209,25.000000
COLUMBIA,2021,208,25.000000
COLUMBIA,2021,207,25.000000
COLUMBIA,2021,206,
COLUMBIA,2021,205,
COLUMBIA,2021,204,25.000000
COLUMBIA,2021,203,25.000000
COLUMBIA,2021,202,25.000000
COLUMBIA,2021,201,25.000000
COLUMBIA,2021,200,25.000000
COLUMBIA,2021,199,
COLUMBIA,2021,198,
COLUMBIA,2021,197,25.000000
COLUMBIA,2021,196,25.000000
COLUMBIA,2021,195,25.000000
COLUMBIA,2021,194,25.000000
COLUMBIA,2021,193,
COLUMBIA,2021,192,
COLUMBIA,2021,191,
COLUMBIA,2021,190,25.000000
COLUMBIA,2021,189,25.000000
COLUMBIA,2021,188,25.000000
COLUMBIA,2021,187,25.000000
COLUMBIA,2021,186,
COLUMBIA,2021,185,
COLUMBIA,2021,184,
COLUMBIA,2021,183,25.000000
COLUMBIA,2021,182,25.000000
COLUMBIA,2021,181,25.000000
COLUMBIA,2021,180,25.000000
COLUMBIA,2021,179,25.000000
COLUMBIA,2021,178,
COLUMBIA,2021,177,
COLUMBIA,2021,176,25.000000
COLUMBIA,2021,175,25.000000
COLUMBIA,2021,174,25.000000
COLUMBIA,2021,173,25.000000
COLUMBIA,2021,172,25.000000
COLUMBIA,2021,171,
COLUMBIA,2021,170,
COLUMBIA,2021,169,25.000000
COLUMBIA,2021,168,25.000000
COLUMBIA,2021,167,25.000000
COLUMBIA,2021,166,25.000000
COLUMBIA,2021,165,25.000000
COLUMBIA,2021,164,
COLUMBIA,2021,163,
COLUMBIA,2021,162,25.000000
COLUMBIA,2021,161,
COLUMBIA,2021,160,
COLUMBIA,2021,159,
COLUMBIA,2021,158,
COLUMBIA,2021,157,
COLUMBIA,2021,156,
COLUMBIA,2021,155,
COLUMBIA,2021,154,
COLUMBIA,2021,153,
COLUMBIA,2021,152,
COLUMBIA,2021,151,
COLUMBIA,2021,150,
COLUMBIA,2021,149,
COLUMBIA,2021,148,
COLUMBIA,2021,147,
COLUMBIA,2021,146,
COLUMBIA,2021,145,
COLUMBIA,2021,144,
COLUMBIA,2021,143,
COLUMBIA,2021,142,
COLUMBIA,2021,141,
COLUMBIA,2021,140,
COLUMBIA,2021,139,
COLUMBIA,2021,138,
COLUMBIA,2021,137,
COLUMBIA,2021,136,
COLUMBIA,2021,135,
COLUMBIA,2021,134,
COLUMBIA,2021,133,
COLUMBIA,2021,132,
COLUMBIA,2021,131,
COLUMBIA,2021,130,
COLUMBIA,2021,129,
COLUMBIA,2021,128,
COLUMBIA,2021,127,25.000000
COLUMBIA,2021,126,25.000000
COLUMBIA,2021,125,25.000000
COLUMBIA,2021,124,25.000000
COLUMBIA,2021,123,25.000000
COLUMBIA,2021,122,
COLUMBIA,2021,121,
COLUMBIA,2021,120,25.000000
COLUMBIA,2021,119,25.000000
COLUMBIA,2021,118,25.000000
COLUMBIA,2021,117,25.000000
COLUMBIA,2021,116,25.000000
COLUMBIA,2021,115,
COLUMBIA,2021,114,
COLUMBIA,2021,113,25.000000
COLUMBIA,2021,112,25.000000
COLUMBIA,2021,111,25.000000
COLUMBIA,2021,110,25.000000
COLUMBIA,2021,109,25.000000
COLUMBIA,2021,108,
COLUMBIA,2021,107,
COLUMBIA,2021,106,25.000000
COLUMBIA,2021,105,25.000000
COLUMBIA,2021,104,25.000000
COLUMBIA,2021,103,25.000000
COLUMBIA,2021,102,25.000000
COLUMBIA,2021,101,
COLUMBIA,2021,100,
COLUMBIA,2021,99,25.000000
COLUMBIA,2021,98,25.000000
COLUMBIA,2021,97,25.000000
COLUMBIA,2021,96,25.000000
COLUMBIA,2021,95,25.000000
COLUMBIA,2021,94,
COLUMBIA,2021,93,
COLUMBIA,2021,92,25.000000
COLUMBIA,2021,91,25.000000
COLUMBIA,2021,90,25.000000
COLUMBIA,2021,89,25.000000
COLUMBIA,2021,88,25.000000
COLUMBIA,2021,87,
COLUMBIA,2021,86,
COLUMBIA,2021,85,25.000000
COLUMBIA,2021,84,25.000000
COLUMBIA,2021,83,25.000000
COLUMBIA,2021,82,25.000000
COLUMBIA,2021,81,25.000000
COLUMBIA,2021,80,
COLUMBIA,2021,79,
COLUMBIA,2021,78,25.000000
COLUMBIA,2021,77,25.000000
COLUMBIA,2021,76,25.000000
COLUMBIA,2021,75,25.000000
COLUMBIA,2021,74,25.000000
COLUMBIA,2021,73,
COLUMBIA,2021,72,
COLUMBIA,2021,71,25.000000
COLUMBIA,2021,70,25.000000
COLUMBIA,2021,69,25.000000
COLUMBIA,2021,68,25.000000
COLUMBIA,2021,67,25.000000
COLUMBIA,2021,66,
COLUMBIA,2021,65,
COLUMBIA,2021,64,25.000000
COLUMBIA,2021,63,25.000000
COLUMBIA,2021,62,25.000000
COLUMBIA,2021,61,25.000000
COLUMBIA,2021,60,25.000000
COLUMBIA,2021,59,
COLUMBIA,2021,58,
COLUMBIA,2021,57,25.000000
COLUMBIA,2021,56,25.000000
COLUMBIA,2021,55,25.000000
COLUMBIA,2021,54,25.000000
COLUMBIA,2021,53,25.000000
COLUMBIA,2021,52,
COLUMBIA,2021,51,
COLUMBIA,2021,50,25.000000
COLUMBIA,2021,49,25.000000
COLUMBIA,2021,48,25.000000
COLUMBIA,2021,47,25.000000
COLUMBIA,2021,46,
COLUMBIA,2021,45,
COLUMBIA,2021,44,
COLUMBIA,2021,43,25.000000
COLUMBIA,2021,42,25.000000
COLUMBIA,2021,41,25.000000
COLUMBIA,2021,40,25.000000
COLUMBIA,2021,39,25.000000
COLUMBIA,2021,38,
COLUMBIA,2021,37,
COLUMBIA,2021,36,25.000000
COLUMBIA,2021,35,25.000000
COLUMBIA,2021,34,25.000000
COLUMBIA,2021,33,25.000000
COLUMBIA,2021,32,25.000000
COLUMBIA,2021,31,
COLUMBIA,2021,30,
COLUMBIA,2021,29,25.000000
COLUMBIA,2021,28,25.000000
COLUMBIA,2021,27,25.000000
COLUMBIA,2021,26,25.000000
COLUMBIA,2021,25,25.000000
COLUMBIA,2021,24,
COLUMBIA,2021,23,
COLUMBIA,2021,22,20.000000
COLUMBIA,2021,21,20.000000
COLUMBIA,2021,20,20.000000
COLUMBIA,2021,19,20.000000
COLUMBIA,2021,18,
COLUMBIA,2021,17,
COLUMBIA,2021,16,
COLUMBIA,2021,15,20.000000
COLUMBIA,2021,14,20.000000
COLUMBIA,2021,13,20.000000
COLUMBIA,2021,12,20.000000
COLUMBIA,2021,11,20.000000
COLUMBIA,2021,10,
COLUMBIA,2021,9,
COLUMBIA,2021,8,20.000000
COLUMBIA,2021,7,20.000000
COLUMBIA,2021,6,20.000000
COLUMBIA,2021,5,20.000000
COLUMBIA,2021,4,20.000000
COLUMBIA,2021,3,
COLUMBIA,2021,2,
MIAMI,2021,366,
MIAMI,2021,365,
MIAMI,2021,364,23.000000
MIAMI,2021,363,23.000000
MIAMI,2021,362,23.000000
MIAMI,2021,361,23.000000
MIAMI,2021,360,
MIAMI,2021,359,
MIAMI,2021,358,
MIAMI,2021,357,23.000000
MIAMI,2021,356,23.000000
MIAMI,2021,355,23.000000
MIAMI,2021,354,23.000000
MIAMI,2021,353,
MIAMI,2021,352,
MIAMI,2021,351,23.000000
MIAMI,2021,350,23.000000
MIAMI,2021,349,23.000000
MIAMI,2021,348,23.000000
MIAMI,2021,347,23.000000
MIAMI,2021,346,
MIAMI,2021,345,
MIAMI,2021,344,23.000000
MIAMI,2021,343,23.000000
MIAMI,2021,342,23.000000
MIAMI,2021,341,23.000000
MIAMI,2021,340,23.000000
MIAMI,2021,339,
MIAMI,2021,338,
MIAMI,2021,337,23.000000
MIAMI,2021,336,23.000000
MIAMI,2021,335,23.000000
MIAMI,2021,334,23.000000
MIAMI,2021,333,23.000000
MIAMI,2021,332,
MIAMI,2021,331,
MIAMI,2021,330,23.500000
MIAMI,2021,329,
MIAMI,2021,328,23.500000
MIAMI,2021,327,23.500000
MIAMI,2021,326,23.500000
MIAMI,2021,325,
MIAMI,2021,324,
MIAMI,2021,323,23.500000
MIAMI,2021,322,23.500000
MIAMI,2021,321,23.500000
MIAMI,2021,320,23.500000
MIAMI,2021,319,23.500000
MIAMI,2021,318,
MIAMI,2021,317,
MIAMI,2021,316,23.500000
MIAMI,2021,315,
MIAMI,2021,314,23.500000
MIAMI,2021,313,23.500000
MIAMI,2021,312,23.500000
MIAMI,2021,311,
MIAMI,2021,310,
MIAMI,2021,309,23.500000
MIAMI,2021,308,23.500000
MIAMI,2021,307,23.500000
MIAMI,2021,306,23.500000
MIAMI,2021,305,23.500000
MIAMI,2021,304,
MIAMI,2021,303,
MIAMI,2021,302,23.500000
MIAMI,2021,301,23.500000
MIAMI,2021,300,23.500000
MIAMI,2021,299,23.500000
MIAMI,2021,298,23.500000
MIAMI,2021,297,
MIAMI,2021,296,
MIAMI,2021,295,23.500000
MIAMI,2021,294,23.500000
MIAMI,2021,293,23.500000
MIAMI,2021,292,23.500000
MIAMI,2021,291,23.500000
MIAMI,2021,290,
MIAMI,2021,289,
MIAMI,2021,288,23.500000
MIAMI,2021,287,23.500000
MIAMI,2021,286,23.500000
MIAMI,2021,285,23.500000
MIAMI,2021,284,
MIAMI,2021,283,
MIAMI,2021,282,
MIAMI,2021,281,23.500000
MIAMI,2021,280,23.500000
MIAMI,2021,279,23.500000
MIAMI,2021,278,23.500000
MIAMI,2021,277,23.500000
MIAMI,2021,276,
MIAMI,2021,275,
MIAMI,2021,274,23.500000
MIAMI,2021,273,23.500000
MIAMI,2021,272,23.500000
MIAMI,2021,271,23.500000
MIAMI,2021,270,23.500000
MIAMI,2021,269,
MIAMI,2021,268,
MIAMI,2021,267,23.500000
MIAMI,2021,266,23.500000
MIAMI,2021,265,23.500000
MIAMI,2021,264,23.500000
MIAMI,2021,263,23.500000
MIAMI,2021,262,
MIAMI,2021,261,
MIAMI,2021,260,23.500000
MIAMI,2021,259,23.500000
MIAMI,2021,258,23.500000
MIAMI,2021,257,23.500000
MIAMI,2021,256,23.500000
MIAMI,2021,255,
MIAMI,2021,254,
MIAMI,2021,253,23.500000
MIAMI,2021,252,23.500000
MIAMI,2021,251,23.500000
MIAMI,2021,250,23.500000
MIAMI,2021,249,
MIAMI,2021,248,
MIAMI,2021,247,
MIAMI,2021,246,23.500000
MIAMI,2021,245,23.500000
MIAMI,2021,244,23.500000
MIAMI,2021,243,23.500000
MIAMI,2021,242,23.500000
MIAMI,2021,241,
MIAMI,2021,240,
MIAMI,2021,239,23.500000
MIAMI,2021,238,23.500000
MIAMI,2021,237,23.500000
MIAMI,2021,236,23.500000
MIAMI,2021,235,23.500000
MIAMI,2021,234,
MIAMI,2021,233,
MIAMI,2021,232,23.500000
MIAMI,2021,231,23.500000
MIAMI,2021,230,23.500000
MIAMI,2021,229,23.500000
MIAMI,2021,228,23.500000
MIAMI,2021,227,
MIAMI,2021,226,
MIAMI,2021,225,23.500000
MIAMI,2021,224,23.500000
MIAMI,2021,223,23.500000
MIAMI,2021,222,23.500000
MIAMI,2021,221,23.500000
MIAMI,2021,220,
MIAMI,2021,219,
MIAMI,2021,218,23.500000
MIAMI,2021,217,23.500000
MIAMI,2021,216,23.500000
MIAMI,2021,215,23.500000
MIAMI,2021,214,23.500000
MIAMI,2021,213,
MIAMI,2021,212,
MIAMI,2021,211,23.500000
MIAMI,2021,210,23.500000
MIAMI,2021,209,23.500000
MIAMI,2021,208,23.500000
MIAMI,2021,207,23.500000
MIAMI,2021,206,
MIAMI,2021,205,
MIAMI,2021,204,23.500000
MIAMI,2021,203,23.500000
MIAMI,2021,202,23.500000
MIAMI,2021,201,23.500000
MIAMI,2021,200,23.500000
MIAMI,2021,199,
MIAMI,2021,198,
MIAMI,2021,197,23.500000
MIAMI,2021,196,23.500000
MIAMI,2021,195,22.000000
MIAMI,2021,194,22.000000
MIAMI,2021,193,22.000000
MIAMI,2021,192,
MIAMI,2021,191,
MIAMI,2021,190,22.000000
MIAMI,2021,189,22.000000
MIAMI,2021,188,22.000000
MIAMI,2021,187,22.000000
MIAMI,2021,186,
MIAMI,2021,185,
MIAMI,2021,184,
MIAMI,2021,183,22.000000
MIAMI,2021,182,22.000000
MIAMI,2021,181,22.000000
MIAMI,2021,180,22.000000
MIAMI,2021,179,22.000000
MIAMI,2021,178,
MIAMI,2021,177,
MIAMI,2021,176,22.000000
MIAMI,2021,175,22.000000
MIAMI,2021,174,22.000000
MIAMI,2021,173,22.000000
MIAMI,2021,172,22.000000
MIAMI,2021,171,
MIAMI,2021,170,
MIAMI,2021,169,22.000000
MIAMI,2021,168,22.000000
MIAMI,2021,167,22.000000
MIAMI,2021,166,22.000000
MIAMI,2021,165,22.000000
MIAMI,2021,164,
MIAMI,2021,163,
MIAMI,2021,162,22.000000
MIAMI,2021,161,22.000000
MIAMI,2021,160,22.000000
MIAMI,2021,159,22.000000
MIAMI,2021,158,22.000000
MIAMI,2021,157,
MIAMI,2021,156,
MIAMI,2021,155,22.000000
MIAMI,2021,154,22.000000
MIAMI,2021,153,22.000000
MIAMI,2021,152,22.000000
MIAMI,2021,151,
MIAMI,2021,150,
MIAMI,2021,149,
MIAMI,2021,148,22.000000
MIAMI,2021,147,22.000000
MIAMI,2021,146,22.000000
MIAMI,2021,145,22.000000
MIAMI,2021,144,22.000000
MIAMI,2021,143,
MIAMI,2021,142,
MIAMI,2021,141,22.000000
MIAMI,2021,140,22.000000
MIAMI,2021,139,22.000000
MIAMI,2021,138,22.000000
MIAMI,2021,137,22.000000
MIAMI,2021,136,
MIAMI,2021,135,
MIAMI,2021,134,22.000000
MIAMI,2021,133,22.000000
MIAMI,2021,132,22.000000
MIAMI,2021,131,22.000000
MIAMI,2021,130,22.000000
MIAMI,2021,129,
MIAMI,2021,128,
MIAMI,2021,127,22.000000
MIAMI,2021,126,22.000000
MIAMI,2021,125,22.000000
MIAMI,2021,124,22.000000
MIAMI,2021,123,22.000000
MIAMI,2021,122,
MIAMI,2021,121,
MIAMI,2021,120,22.000000
MIAMI,2021,119,22.000000
MIAMI,2021,118,22.000000
MIAMI,2021,117,22.000000
MIAMI,2021,116,22.000000
MIAMI,2021,115,
MIAMI,2021,114,
MIAMI,2021,113,22.000000
MIAMI,2021,112,22.000000
MIAMI,2021,111,22.000000
MIAMI,2021,110,22.000000
MIAMI,2021,109,22.000000
MIAMI,2021,108,
MIAMI,2021,107,
MIAMI,2021,106,22.000000
MIAMI,2021,105,22.000000
MIAMI,2021,104,22.000000
MIAMI,2021,103,22.000000
MIAMI,2021,102,22.000000
MIAMI,2021,101,
MIAMI,2021,100,
MIAMI,2021,99,22.000000
MIAMI,2021,98,22.000000
MIAMI,2021,97,22.000000
MIAMI,2021,96,22.000000
MIAMI,2021,95,22.000000
MIAMI,2021,94,
MIAMI,2021,93,
MIAMI,2021,92,22.000000
MIAMI,2021,91,22.000000
MIAMI,2021,90,22.000000
MIAMI,2021,89,22.000000
MIAMI,2021,88,22.000000
MIAMI,2021,87,
MIAMI,2021,86,
MIAMI,2021,85,22.000000
MIAMI,2021,84,22.000000
MIAMI,2021,83,22.000000
MIAMI,2021,82,22.000000
MIAMI,2021,81,22.000000
MIAMI,2021,80,
MIAMI,2021,79,
MIAMI,2021,78,22.000000
MIAMI,2021,77,22.000000
MIAMI,2021,76,22.000000
MIAMI,2021,75,22.000000
MIAMI,2021,74,22.000000
MIAMI,2021,73,
MIAMI,2021,72,
MIAMI,2021,71,22.000000
MIAMI,2021,70,22.000000
MIAMI,2021,69,22.000000
MIAMI,2021,68,22.000000
MIAMI,2021,67,22.000000
MIAMI,2021,66,
MIAMI,2021,65,
MIAMI,2021,64,22.000000
MIAMI,2021,63,22.000000
MIAMI,2021,62,22.000000
MIAMI,2021,61,22.000000
MIAMI,2021,60,22.000000
MIAMI,2021,59,
MIAMI,2021,58,
MIAMI,2021,57,22.000000
MIAMI,2021,56,22.000000
MIAMI,2021,55,22.000000
MIAMI,2021,54,22.000000
MIAMI,2021,53,22.000000
MIAMI,2021,52,
MIAMI,2021,51,
MIAMI,2021,50,22.000000
MIAMI,2021,49,22.000000
MIAMI,2021,48,22.000000
MIAMI,2021,47,22.000000
MIAMI,2021,46,
MIAMI,2021,45,
MIAMI,2021,44,
MIAMI,2021,43,22.000000
MIAMI,2021,42,22.000000
MIAMI,2021,41,22.000000
MIAMI,2021,40,22.000000
MIAMI,2021,39,22.000000
MIAMI,2021,38,
MIAMI,2021,37,
MIAMI,2021,36,22.000000
MIAMI,2021,35,22.000000
MIAMI,2021,34,22.000000
MIAMI,2021,33,22.000000
MIAMI,2021,32,22.000000
MIAMI,2021,31,
MIAMI,2021,30,
MIAMI,2021,29,22.000000
MIAMI,2021,28,22.000000
MIAMI,2021,27,22.000000
MIAMI,2021,26,22.000000
MIAMI,2021,25,22.000000
MIAMI,2021,24,
MIAMI,2021,23,
MIAMI,2021,22,22.000000
MIAMI,2021,21,22.000000
MIAMI,2021,20,22.000000
MIAMI,2021,19,22.000000
MIAMI,2021,18,
MIAMI,2021,17,
MIAMI,2021,16,
MIAMI,2021,15,22.000000
MIAMI,2021,14,22.000000
MIAMI,2021,13,22.000000
MIAMI,2021,12,22.000000
MIAMI,2021,11,22.000000
MIAMI,2021,10,
MIAMI,2021,9,
MIAMI,2021,8,22.000000
MIAMI,2021,7,22.000000
MIAMI,2021,6,22.000000
MIAMI,2021,5,22.000000
MIAMI,2021,4,22.000000
MIAMI,2021,3,
MIAMI,2021,2,
NEW YORK,2021,366,
NEW YORK,2021,365,
NEW YORK,2021,364,23.400000
NEW YORK,2021,363,23.400000
NEW YORK,2021,362,23.400000
NEW YORK,2021,361,24.666666
NEW YORK,2021,360,
NEW YORK,2021,359,
NEW YORK,2021,358,
NEW YORK,2021,357,26.000000
NEW YORK,2021,356,26.000000
NEW YORK,2021,355,26.000000
NEW YORK,2021,354,24.333333
NEW YORK,2021,353,
NEW YORK,2021,352,
NEW YORK,2021,351,26.500000
NEW YORK,2021,350,26.500000
NEW YORK,2021,349,26.500000
NEW YORK,2021,348,25.500000
NEW YORK,2021,347,23.000000
NEW YORK,2021,346,
NEW YORK,2021,345,
NEW YORK,2021,344,23.500000
NEW YORK,2021,343,23.500000
NEW YORK,2021,342,23.500000
NEW YORK,2021,341,23.500000
NEW YORK,2021,340,23.500000
NEW YORK,2021,339,
NEW YORK,2021,338,
NEW YORK,2021,337,22.166666
NEW YORK,2021,336,22.166666
NEW YORK,2021,335,21.333333
NEW YORK,2021,334,20.666666
NEW YORK,2021,333,18.750000
NEW YORK,2021,332,
NEW YORK,2021,331,
NEW YORK,2021,330,
NEW YORK,2021,329,
NEW YORK,2021,328,20.666666
NEW YORK,2021,327,20.666666
NEW YORK,2021,326,21.400000
NEW YORK,2021,325,
NEW YORK,2021,324,
NEW YORK,2021,323,23.333333
NEW YORK,2021,322,21.285714
NEW YORK,2021,321,23.250000
NEW YORK,2021,320,25.500000
NEW YORK,2021,319,23.166666
NEW YORK,2021,318,
NEW YORK,2021,317,
NEW YORK,2021,316,24.500000
NEW YORK,2021,315,
NEW YORK,2021,314,24.500000
NEW YORK,2021,313,24.500000
NEW YORK,2021,312,27.833333
NEW YORK,2021,311,
NEW YORK,2021,310,
NEW YORK,2021,309,22.500000
NEW YORK,2021,308,22.500000
NEW YORK,2021,307,22.700000
NEW YORK,2021,306,22.700000
NEW YORK,2021,305,22.900000
NEW YORK,2021,304,
NEW YORK,2021,303,
NEW YORK,2021,302,21.300000
NEW YORK,2021,301,21.300000
NEW YORK,2021,300,21.300000
NEW YORK,2021,299,20.900000
NEW YORK,2021,298,20.900000
NEW YORK,2021,297,
NEW YORK,2021,296,
NEW YORK,2021,295,29.000000
NEW YORK,2021,294,29.000000
NEW YORK,2021,293,28.000000
NEW YORK,2021,292,28.000000
NEW YORK,2021,291,27.500000
NEW YORK,2021,290,
NEW YORK,2021,289,
NEW YORK,2021,288,27.500000
NEW YORK,2021,287,27.500000
NEW YORK,2021,286,27.500000
NEW YORK,2021,285,27.500000
NEW YORK,2021,284,
NEW YORK,2021,283,
NEW YORK,2021,282,
NEW YORK,2021,281,22.642857
NEW YORK,2021,280,22.642857
NEW YORK,2021,279,21.750000
NEW YORK,2021,278,21.900000
NEW YORK,2021,277,20.625000
NEW YORK,2021,276,
NEW YORK,2021,275,
NEW YORK,2021,274,20.000000
NEW YORK,2021,273,18.583333
NEW YORK,2021,272,18.583333
NEW YORK,2021,271,18.583333
NEW YORK,2021,270,18.583333
NEW YORK,2021,269,
NEW YORK,2021,268,
NEW YORK,2021,267,18.642857
NEW YORK,2021,266,18.642857
NEW YORK,2021,265,18.642857
NEW YORK,2021,264,17.333333
NEW YORK,2021,263,17.250000
NEW YORK,2021,262,
NEW YORK,2021,261,
NEW YORK,2021,260,15.250000
NEW YORK,2021,259,15.000000
NEW YORK,2021,258,15.000000
NEW YORK,2021,257,15.000000
NEW YORK,2021,256,15.000000
NEW YORK,2021,255,
NEW YORK,2021,254,
NEW YORK,2021,253,13.400000
NEW YORK,2021,252,13.400000
NEW YORK,2021,251,13.400000
NEW YORK,2021,250,13.400000
NEW YORK,2021,249,
NEW YORK,2021,248,
NEW YORK,2021,247,
NEW YORK,2021,246,15.071428
NEW YORK,2021,245,15.071428
NEW YORK,2021,244,15.071428
NEW YORK,2021,243,14.916666
NEW YORK,2021,242,11.900000
NEW YORK,2021,241,
NEW YORK,2021,240,
NEW YORK,2021,239,10.900000
NEW YORK,2021,238,10.900000
NEW YORK,2021,237,10.900000
NEW YORK,2021,236,11.100000
NEW YORK,2021,235,11.100000
NEW YORK,2021,234,
NEW YORK,2021,233,
NEW YORK,2021,232,10.900000
NEW YORK,2021,231,10.900000
NEW YORK,2021,230,10.900000
NEW YORK,2021,229,10.700000
NEW YORK,2021,228,11.375000
NEW YORK,2021,227,
NEW YORK,2021,226,
NEW YORK,2021,225,13.083333
NEW YORK,2021,224,13.083333
NEW YORK,2021,223,14.100000
NEW YORK,2021,222,14.100000
NEW YORK,2021,221,14.100000
NEW YORK,2021,220,
NEW YORK,2021,219,
NEW YORK,2021,218,12.583333
NEW YORK,2021,217,12.583333
NEW YORK,2021,216,12.583333
NEW YORK,2021,215,13.400000
NEW YORK,2021,214,13.400000
NEW YORK,2021,213,
NEW YORK,2021,212,
NEW YORK,2021,211,12.600000
NEW YORK,2021,210,12.600000
NEW YORK,2021,209,12.600000
NEW YORK,2021,208,12.000000
NEW YORK,2021,207,12.000000
NEW YORK,2021,206,
NEW YORK,2021,205,
NEW YORK,2021,204,15.583333
NEW YORK,2021,203,15.583333
NEW YORK,2021,202,16.300000
NEW YORK,2021,201,16.300000
NEW YORK,2021,200,16.400000
NEW YORK,2021,199,
NEW YORK,2021,198,
NEW YORK,2021,197,19.666666
NEW YORK,2021,196,19.666666
NEW YORK,2021,195,20.166666
NEW YORK,2021,194,20.166666
NEW YORK,2021,193,20.500000
NEW YORK,2021,192,
NEW YORK,2021,191,
NEW YORK,2021,190,20.833333
NEW YORK,2021,189,20.833333
NEW YORK,2021,188,11.500000
NEW YORK,2021,187,11.333333
NEW YORK,2021,186,
NEW YORK,2021,185,
NEW YORK,2021,184,
NEW YORK,2021,183,14.250000
NEW YORK,2021,182,14.250000
NEW YORK,2021,181,11.666666
NEW YORK,2021,180,11.666666
NEW YORK,2021,179,11.833333
NEW YORK,2021,178,
NEW YORK,2021,177,
NEW YORK,2021,176,10.000000
NEW YORK,2021,175,10.000000
NEW YORK,2021,174,10.700000
NEW YORK,2021,173,10.700000
NEW YORK,2021,172,10.900000
NEW YORK,2021,171,
NEW YORK,2021,170,
NEW YORK,2021,169,11.857142
NEW YORK,2021,168,11.857142
NEW YORK,2021,167,11.857142
NEW YORK,2021,166,11.857142
NEW YORK,2021,165,13.000000
NEW YORK,2021,164,
NEW YORK,2021,163,
NEW YORK,2021,162,15.000000
NEW YORK,2021,161,15.000000
NEW YORK,2021,160,15.500000
NEW YORK,2021,159,15.500000
NEW YORK,2021,158,15.500000
NEW YORK,2021,157,
NEW YORK,2021,156,
NEW YORK,2021,155,16.300000
NEW YORK,2021,154,16.300000
NEW YORK,2021,153,16.400000
NEW YORK,2021,152,19.375000
NEW YORK,2021,151,
NEW YORK,2021,150,
NEW YORK,2021,149,
NEW YORK,2021,148,23.571428
NEW YORK,2021,147,23.571428
NEW YORK,2021,146,23.571428
NEW YORK,2021,145,23.571428
NEW YORK,2021,144,23.400000
NEW YORK,2021,143,
NEW YORK,2021,142,
NEW YORK,2021,141,21.333333
NEW YORK,2021,140,21.333333
NEW YORK,2021,139,21.333333
NEW YORK,2021,138,21.333333
NEW YORK,2021,137,21.400000
NEW YORK,2021,136,
NEW YORK,2021,135,
NEW YORK,2021,134,19.250000
NEW YORK,2021,133,19.250000
NEW YORK,2021,132,19.250000
NEW YORK,2021,131,19.250000
NEW YORK,2021,130,19.250000
NEW YORK,2021,129,
NEW YORK,2021,128,
NEW YORK,2021,127,19.250000
NEW YORK,2021,126,18.500000
NEW YORK,2021,125,18.500000
NEW YORK,2021,124,18.500000
NEW YORK,2021,123,15.500000
NEW YORK,2021,122,
NEW YORK,2021,121,
NEW YORK,2021,120,15.500000
NEW YORK,2021,119,15.500000
NEW YORK,2021,118,15.500000
NEW YORK,2021,117,15.700000
NEW YORK,2021,116,15.700000
NEW YORK,2021,115,
NEW YORK,2021,114,
NEW YORK,2021,113,15.700000
NEW YORK,2021,112,15.700000
NEW YORK,2021,111,15.700000
NEW YORK,2021,110,15.700000
NEW YORK,2021,109,16.250000
NEW YORK,2021,108,
NEW YORK,2021,107,
NEW YORK,2021,106,17.400000
NEW YORK,2021,105,17.400000
NEW YORK,2021,104,17.400000
NEW YORK,2021,103,17.400000
NEW YORK,2021,102,17.600000
NEW YORK,2021,101,
NEW YORK,2021,100,
NEW YORK,2021,99,19.300000
NEW YORK,2021,98,19.300000
NEW YORK,2021,97,19.300000
NEW YORK,2021,96,19.500000
NEW YORK,2021,95,
NEW YORK,2021,94,
NEW YORK,2021,93,
NEW YORK,2021,92,21.250000
NEW YORK,2021,91,17.388888
NEW YORK,2021,90,17.388888
NEW YORK,2021,89,17.388888
NEW YORK,2021,88,19.600000
NEW YORK,2021,87,
NEW YORK,2021,86,
NEW YORK,2021,85,19.600000
NEW YORK,2021,84,19.600000
NEW YORK,2021,83,21.500000
NEW YORK,2021,82,21.500000
NEW YORK,2021,81,17.250000
NEW YORK,2021,80,
NEW YORK,2021,79,
NEW YORK,2021,78,17.250000
NEW YORK,2021,77,17.250000
NEW YORK,2021,76,17.250000
NEW YORK,2021,75,17.250000
NEW YORK,2021,74,23.833333
NEW YORK,2021,73,
NEW YORK,2021,72,
NEW YORK,2021,71,23.833333
NEW YORK,2021,70,23.833333
NEW YORK,2021,69,23.833333
NEW YORK,2021,68,23.833333
NEW YORK,2021,67,22.750000
NEW YORK,2021,66,
NEW YORK,2021,65,
NEW YORK,2021,64,22.750000
NEW YORK,2021,63,22.800000
NEW YORK,2021,62,23.000000
NEW YORK,2021,61,26.000000
NEW YORK,2021,60,30.500000
NEW YORK,2021,59,
NEW YORK,2021,58,
NEW YORK,2021,57,30.083333
NEW YORK,2021,56,30.083333
NEW YORK,2021,55,30.083333
NEW YORK,2021,54,30.083333
NEW YORK,2021,53,27.916666
NEW YORK,2021,52,
NEW YORK,2021,51,
NEW YORK,2021,50,27.916666
NEW YORK,2021,49,27.916666
NEW YORK,2021,48,27.916666
NEW YORK,2021,47,27.900000
NEW YORK,2021,46,
NEW YORK,2021,45,
NEW YORK,2021,44,
NEW YORK,2021,43,29.250000
NEW YORK,2021,42,29.250000
NEW YORK,2021,41,29.250000
NEW YORK,2021,40,29.250000
NEW YORK,2021,39,28.666666
NEW YORK,2021,38,
NEW YORK,2021,37,
NEW YORK,2021,36,26.900000
NEW YORK,2021,35,26.900000
NEW YORK,2021,34,26.900000
NEW YORK,2021,33,28.666666
NEW YORK,2021,32,24.666666
NEW YORK,2021,31,
NEW YORK,2021,30,
NEW YORK,2021,29,24.666666
NEW YORK,2021,28,24.666666
NEW YORK,2021,27,28.583333
NEW YORK,2021,26,28.583333
NEW YORK,2021,25,28.125000
NEW YORK,2021,24,
NEW YORK,2021,23,
NEW YORK,2021,22,29.100000
NEW YORK,2021,21,29.100000
NEW YORK,2021,20,29.100000
NEW YORK,2021,19,29.000000
NEW YORK,2021,18,
NEW YORK,2021,17,
NEW YORK,2021,16,
NEW YORK,2021,15,30.000000
NEW YORK,2021,14,27.000000
NEW YORK,2021,13,26.000000
NEW YORK,2021,12,28.500000
NEW YORK,2021,11,28.500000
NEW YORK,2021,10,
NEW YORK,2021,9,
NEW YORK,2021,8,22.250000
NEW YORK,2021,7,26.333333
NEW YORK,2021,6,26.333333
NEW YORK,2021,5,30.500000
NEW YORK,2021,4,29.000000
NEW YORK,2021,3,
NEW YORK,2021,2,
PHILADELPHIA,2021,366,
PHILADELPHIA,2021,365,
PHILADELPHIA,2021,364,22.000000
PHILADELPHIA,2021,363,22.000000
PHILADELPHIA,2021,362,22.000000
PHILADELPHIA,2021,361,22.000000
PHILADELPHIA,2021,360,
PHILADELPHIA,2021,359,
PHILADELPHIA,2021,358,
PHILADELPHIA,2021,357,28.000000
PHILADELPHIA,2021,356,28.000000
PHILADELPHIA,2021,355,32.000000
PHILADELPHIA,2021,354,32.000000
PHILADELPHIA,2021,353,
PHILADELPHIA,2021,352,
PHILADELPHIA,2021,351,26.500000
PHILADELPHIA,2021,350,25.000000
PHILADELPHIA,2021,349,25.000000
PHILADELPHIA,2021,348,18.000000
PHILADELPHIA,2021,347,18.000000
PHILADELPHIA,2021,346,
PHILADELPHIA,2021,345,
PHILADELPHIA,2021,344,32.000000
PHILADELPHIA,2021,343,32.000000
PHILADELPHIA,2021,342,32.000000
PHILADELPHIA,2021,341,32.000000
PHILADELPHIA,2021,340,32.000000
PHILADELPHIA,2021,339,
PHILADELPHIA,2021,338,
PHILADELPHIA,2021,337,25.500000
PHILADELPHIA,2021,336,25.500000
PHILADELPHIA,2021,335,25.500000
PHILADELPHIA,2021,334,25.500000
PHILADELPHIA,2021,333,26.000000
PHILADELPHIA,2021,332,
PHILADELPHIA,2021,331,
PHILADELPHIA,2021,330,
PHILADELPHIA,2021,329,
PHILADELPHIA,2021,328,28.000000
PHILADELPHIA,2021,327,28.000000
PHILADELPHIA,2021,326,28.000000
PHILADELPHIA,2021,325,
PHILADELPHIA,2021,324,
PHILADELPHIA,2021,323,28.000000
PHILADELPHIA,2021,322,28.000000
PHILADELPHIA,2021,321,28.000000
PHILADELPHIA,2021,320,28.000000
PHILADELPHIA,2021,319,28.000000
PHILADELPHIA,2021,318,
PHILADELPHIA,2021,317,
PHILADELPHIA,2021,316,29.000000
PHILADELPHIA,2021,315,
PHILADELPHIA,2021,314,29.000000
PHILADELPHIA,2021,313,29.000000
PHILADELPHIA,2021,312,29.000000
PHILADELPHIA,2021,311,
PHILADELPHIA,2021,310,
PHILADELPHIA,2021,309,26.500000
PHILADELPHIA,2021,308,26.500000
PHILADELPHIA,2021,307,27.000000
PHILADELPHIA,2021,306,27.000000
PHILADELPHIA,2021,305,
PHILADELPHIA,2021,304,
PHILADELPHIA,2021,303,
PHILADELPHIA,2021,302,
PHILADELPHIA,2021,301,
PHILADELPHIA,2021,300,
PHILADELPHIA,2021,299,
PHILADELPHIA,2021,298,
PHILADELPHIA,2021,297,
PHILADELPHIA,2021,296,
PHILADELPHIA,2021,295,20.000000
PHILADELPHIA,2021,294,
PHILADELPHIA,2021,293,20.000000
PHILADELPHIA,2021,292,
PHILADELPHIA,2021,291,23.500000
PHILADELPHIA,2021,290,
PHILADELPHIA,2021,289,
PHILADELPHIA,2021,288,23.500000
PHILADELPHIA,2021,287,
PHILADELPHIA,2021,286,23.500000
PHILADELPHIA,2021,285,
PHILADELPHIA,2021,284,
PHILADELPHIA,2021,283,
PHILADELPHIA,2021,282,
PHILADELPHIA,2021,281,21.625000
PHILADELPHIA,2021,280,
PHILADELPHIA,2021,279,21.625000
PHILADELPHIA,2021,278,
PHILADELPHIA,2021,277,21.625000
PHILADELPHIA,2021,276,
PHILADELPHIA,2021,275,
PHILADELPHIA,2021,274,22.500000
PHILADELPHIA,2021,273,
PHILADELPHIA,2021,272,22.500000
PHILADELPHIA,2021,271,
PHILADELPHIA,2021,270,22.500000
PHILADELPHIA,2021,269,
PHILADELPHIA,2021,268,
PHILADELPHIA,2021,267,22.500000
PHILADELPHIA,2021,266,22.500000
PHILADELPHIA,2021,265,16.500000
PHILADELPHIA,2021,264,16.500000
PHILADELPHIA,2021,263,13.500000
PHILADELPHIA,2021,262,
PHILADELPHIA,2021,261,
PHILADELPHIA,2021,260,13.500000
PHILADELPHIA,2021,259,11.000000
PHILADELPHIA,2021,258,11.000000
PHILADELPHIA,2021,257,11.000000
PHILADELPHIA,2021,256,11.000000
PHILADELPHIA,2021,255,
PHILADELPHIA,2021,254,
PHILADELPHIA,2021,253,11.000000
PHILADELPHIA,2021,252,
PHILADELPHIA,2021,251,
PHILADELPHIA,2021,250,
PHILADELPHIA,2021,249,
PHILADELPHIA,2021,248,
PHILADELPHIA,2021,247,
PHILADELPHIA,2021,246,
PHILADELPHIA,2021,245,
PHILADELPHIA,2021,244,
PHILADELPHIA,2021,243,
PHILADELPHIA,2021,242,
PHILADELPHIA,2021,241,
PHILADELPHIA,2021,240,
PHILADELPHIA,2021,239,16.000000
PHILADELPHIA,2021,238,12.000000
PHILADELPHIA,2021,237,12.000000
PHILADELPHIA,2021,236,12.000000
PHILADELPHIA,2021,235,12.000000
PHILADELPHIA,2021,234,
PHILADELPHIA,2021,233,
PHILADELPHIA,2021,232,10.500000
PHILADELPHIA,2021,231,10.500000
PHILADELPHIA,2021,230,10.500000
PHILADELPHIA,2021,229,10.500000
PHILADELPHIA,2021,228,10.500000
PHILADELPHIA,2021,227,
PHILADELPHIA,2021,226,
PHILADELPHIA,2021,225,10.000000
PHILADELPHIA,2021,224,10.000000
PHILADELPHIA,2021,223,10.000000
PHILADELPHIA,2021,222,10.000000
PHILADELPHIA,2021,221,
PHILADELPHIA,2021,220,
PHILADELPHIA,2021,219,
PHILADELPHIA,2021,218,13.000000
PHILADELPHIA,2021,217,13.000000
PHILADELPHIA,2021,216,13.000000
PHILADELPHIA,2021,215,13.000000
PHILADELPHIA,2021,214,13.250000
PHILADELPHIA,2021,213,
PHILADELPHIA,2021,212,
PHILADELPHIA,2021,211,14.000000
PHILADELPHIA,2021,210,14.000000
PHILADELPHIA,2021,209,16.000000
PHILADELPHIA,2021,208,14.333333
PHILADELPHIA,2021,207,14.333333
PHILADELPHIA,2021,206,
PHILADELPHIA,2021,205,
PHILADELPHIA,2021,204,15.666666
PHILADELPHIA,2021,203,15.666666
PHILADELPHIA,2021,202,13.000000
PHILADELPHIA,2021,201,13.000000
PHILADELPHIA,2021,200,
PHILADELPHIA,2021,199,
PHILADELPHIA,2021,198,
PHILADELPHIA,2021,197,
PHILADELPHIA,2021,196,
PHILADELPHIA,2021,195,
PHILADELPHIA,2021,194,
PHILADELPHIA,2021,193,
PHILADELPHIA,2021,192,
PHILADELPHIA,2021,191,
PHILADELPHIA,2021,190,16.000000
PHILADELPHIA,2021,189,16.000000
PHILADELPHIA,2021,188,16.000000
PHILADELPHIA,2021,187,16.000000
PHILADELPHIA,2021,186,
PHILADELPHIA,2021,185,
PHILADELPHIA,2021,184,
PHILADELPHIA,2021,183,16.250000
PHILADELPHIA,2021,182,16.250000
PHILADELPHIA,2021,181,16.250000
PHILADELPHIA,2021,180,15.500000
PHILADELPHIA,2021,179,15.500000
PHILADELPHIA,2021,178,
PHILADELPHIA,2021,177,
PHILADELPHIA,2021,176,16.500000
PHILADELPHIA,2021,175,16.500000
PHILADELPHIA,2021,174,17.500000
PHILADELPHIA,2021,173,17.500000
PHILADELPHIA,2021,172,17.500000
PHILADELPHIA,2021,171,
PHILADELPHIA,2021,170,
PHILADELPHIA,2021,169,16.000000
PHILADELPHIA,2021,168,16.000000
PHILADELPHIA,2021,167,18.000000
PHILADELPHIA,2021,166,18.000000
PHILADELPHIA,2021,165,18.000000
PHILADELPHIA,2021,164,
PHILADELPHIA,2021,163,
PHILADELPHIA,2021,162,18.000000
PHILADELPHIA,2021,161,18.000000
PHILADELPHIA,2021,160,22.000000
PHILADELPHIA,2021,159,22.000000
PHILADELPHIA,2021,158,22.000000
PHILADELPHIA,2021,157,
PHILADELPHIA,2021,156,
PHILADELPHIA,2021,155,21.333333
PHILADELPHIA,2021,154,21.333333
PHILADELPHIA,2021,153,21.333333
PHILADELPHIA,2021,152,21.333333
PHILADELPHIA,2021,151,
PHILADELPHIA,2021,150,
PHILADELPHIA,2021,149,
PHILADELPHIA,2021,148,19.000000
PHILADELPHIA,2021,147,19.000000
PHILADELPHIA,2021,146,19.000000
PHILADELPHIA,2021,145,19.000000
PHILADELPHIA,2021,144,21.500000
PHILADELPHIA,2021,143,
PHILADELPHIA,2021,142,
PHILADELPHIA,2021,141,21.500000
PHILADELPHIA,2021,140,21.500000
PHILADELPHIA,2021,139,22.250000
PHILADELPHIA,2021,138,22.250000
PHILADELPHIA,2021,137,22.250000
PHILADELPHIA,2021,136,
PHILADELPHIA,2021,135,
PHILADELPHIA,2021,134,18.000000
PHILADELPHIA,2021,133,18.000000
PHILADELPHIA,2021,132,17.500000
PHILADELPHIA,2021,131,17.500000
PHILADELPHIA,2021,130,16.000000
PHILADELPHIA,2021,129,
PHILADELPHIA,2021,128,
PHILADELPHIA,2021,127,16.000000
PHILADELPHIA,2021,126,16.000000
PHILADELPHIA,2021,125,14.666666
PHILADELPHIA,2021,124,14.666666
PHILADELPHIA,2021,123,14.666666
PHILADELPHIA,2021,122,
PHILADELPHIA,2021,121,
PHILADELPHIA,2021,120,12.000000
PHILADELPHIA,2021,119,12.000000
PHILADELPHIA,2021,118,12.000000
PHILADELPHIA,2021,117,12.000000
PHILADELPHIA,2021,116,12.000000
PHILADELPHIA,2021,115,
PHILADELPHIA,2021,114,
PHILADELPHIA,2021,113,15.500000
PHILADELPHIA,2021,112,15.500000
PHILADELPHIA,2021,111,15.500000
PHILADELPHIA,2021,110,15.500000
PHILADELPHIA,2021,109,15.500000
PHILADELPHIA,2021,108,
PHILADELPHIA,2021,107,
PHILADELPHIA,2021,106,15.000000
PHILADELPHIA,2021,105,15.000000
PHILADELPHIA,2021,104,15.000000
PHILADELPHIA,2021,103,15.000000
PHILADELPHIA,2021,102,15.000000
PHILADELPHIA,2021,101,
PHILADELPHIA,2021,100,
PHILADELPHIA,2021,99,14.125000
PHILADELPHIA,2021,98,14.125000
PHILADELPHIA,2021,97,14.125000
PHILADELPHIA,2021,96,14.125000
PHILADELPHIA,2021,95,
PHILADELPHIA,2021,94,
PHILADELPHIA,2021,93,
PHILADELPHIA,2021,92,12.333333
PHILADELPHIA,2021,91,12.333333
PHILADELPHIA,2021,90,12.333333
PHILADELPHIA,2021,89,13.500000
PHILADELPHIA,2021,88,13.500000
PHILADELPHIA,2021,87,
PHILADELPHIA,2021,86,
PHILADELPHIA,2021,85,15.500000
PHILADELPHIA,2021,84,15.500000
PHILADELPHIA,2021,83,18.000000
PHILADELPHIA,2021,82,18.000000
PHILADELPHIA,2021,81,18.000000
PHILADELPHIA,2021,80,
PHILADELPHIA,2021,79,
PHILADELPHIA,2021,78,14.750000
PHILADELPHIA,2021,77,14.750000
PHILADELPHIA,2021,76,14.750000
PHILADELPHIA,2021,75,14.416666
PHILADELPHIA,2021,74,14.750000
PHILADELPHIA,2021,73,
PHILADELPHIA,2021,72,
PHILADELPHIA,2021,71,16.666666
PHILADELPHIA,2021,70,16.666666
PHILADELPHIA,2021,69,16.833333
PHILADELPHIA,2021,68,16.833333
PHILADELPHIA,2021,67,16.666666
PHILADELPHIA,2021,66,
PHILADELPHIA,2021,65,
PHILADELPHIA,2021,64,23.083333
PHILADELPHIA,2021,63,23.083333
PHILADELPHIA,2021,62,23.083333
PHILADELPHIA,2021,61,23.083333
PHILADELPHIA,2021,60,23.083333
PHILADELPHIA,2021,59,
PHILADELPHIA,2021,58,
PHILADELPHIA,2021,57,26.000000
PHILADELPHIA,2021,56,26.000000
PHILADELPHIA,2021,55,27.500000
PHILADELPHIA,2021,54,27.500000
PHILADELPHIA,2021,53,28.500000
PHILADELPHIA,2021,52,
PHILADELPHIA,2021,51,
PHILADELPHIA,2021,50,33.000000
PHILADELPHIA,2021,49,33.000000
PHILADELPHIA,2021,48,33.000000
PHILADELPHIA,2021,47,33.000000
PHILADELPHIA,2021,46,
PHILADELPHIA,2021,45,
PHILADELPHIA,2021,44,
PHILADELPHIA,2021,43,26.333333
PHILADELPHIA,2021,42,26.333333
PHILADELPHIA,2021,41,26.333333
PHILADELPHIA,2021,40,26.333333
PHILADELPHIA,2021,39,26.333333
PHILADELPHIA,2021,38,
PHILADELPHIA,2021,37,
PHILADELPHIA,2021,36,33.000000
PHILADELPHIA,2021,35,33.000000
PHILADELPHIA,2021,34,33.000000
PHILADELPHIA,2021,33,33.000000
PHILADELPHIA,2021,32,
PHILADELPHIA,2021,31,
PHILADELPHIA,2021,30,
PHILADELPHIA,2021,29,33.000000
PHILADELPHIA,2021,28,33.000000
PHILADELPHIA,2021,27,22.666666
PHILADELPHIA,2021,26,22.666666
PHILADELPHIA,2021,25,22.666666
PHILADELPHIA,2021,24,
PHILADELPHIA,2021,23,
PHILADELPHIA,2021,22,22.333333
PHILADELPHIA,2021,21,22.333333
PHILADELPHIA,2021,20,35.500000
PHILADELPHIA,2021,19,35.500000
PHILADELPHIA,2021,18,
PHILADELPHIA,2021,17,
PHILADELPHIA,2021,16,
PHILADELPHIA,2021,15,17.666666
PHILADELPHIA,2021,14,17.666666
PHILADELPHIA,2021,13,17.666666
PHILADELPHIA,2021,12,17.666666
PHILADELPHIA,2021,11,17.666666
PHILADELPHIA,2021,10,
PHILADELPHIA,2021,9,
PHILADELPHIA,2021,8,20.000000
PHILADELPHIA,2021,7,20.000000
PHILADELPHIA,2021,6,20.666666
PHILADELPHIA,2021,5,20.666666
PHILADELPHIA,2021,4,20.666666
PHILADELPHIA,2021,3,
PHILADELPHIA,2021,2,
BALTIMORE,2020,366,28.000000
BALTIMORE,2020,365,28.000000
BALTIMORE,2020,364,25.500000
BALTIMORE,2020,363,20.500000
BALTIMORE,2020,362,
BALTIMORE,2020,361,
BALTIMORE,2020,360,
BALTIMORE,2020,359,
BALTIMORE,2020,358,29.000000
BALTIMORE,2020,357,29.000000
BALTIMORE,2020,356,21.500000
BALTIMORE,2020,355,
BALTIMORE,2020,354,
BALTIMORE,2020,353,22.666666
BALTIMORE,2020,352,23.000000
BALTIMORE,2020,351,23.333333
BALTIMORE,2020,350,26.000000
BALTIMORE,2020,349,29.000000
BALTIMORE,2020,348,
BALTIMORE,2020,347,
BALTIMORE,2020,346,29.000000
BALTIMORE,2020,345,29.000000
BALTIMORE,2020,344,26.000000
BALTIMORE,2020,343,26.000000
BALTIMORE,2020,342,26.000000
BALTIMORE,2020,341,
BALTIMORE,2020,340,
BALTIMORE,2020,339,25.000000
BALTIMORE,2020,338,26.500000
BALTIMORE,2020,337,26.250000
BALTIMORE,2020,336,26.250000
BALTIMORE,2020,335,26.250000
BALTIMORE,2020,334,
BALTIMORE,2020,333,
BALTIMORE,2020,332,20.500000
BALTIMORE,2020,331,
BALTIMORE,2020,330,20.500000
BALTIMORE,2020,329,20.000000
BALTIMORE,2020,328,20.000000
BALTIMORE,2020,327,
BALTIMORE,2020,326,
BALTIMORE,2020,325,28.500000
BALTIMORE,2020,324,28.500000
BALTIMORE,2020,323,29.000000
BALTIMORE,2020,322,29.000000
BALTIMORE,2020,321,29.000000
BALTIMORE,2020,320,
BALTIMORE,2020,319,
BALTIMORE,2020,318,29.500000
BALTIMORE,2020,317,29.500000
BALTIMORE,2020,316,
BALTIMORE,2020,315,29.500000
BALTIMORE,2020,314,29.500000
BALTIMORE,2020,313,
BALTIMORE,2020,312,
BALTIMORE,2020,311,32.000000
BALTIMORE,2020,310,40.000000
BALTIMORE,2020,309,40.000000
BALTIMORE,2020,308,36.750000
BALTIMORE,2020,307,36.750000
BALTIMORE,2020,306,
BALTIMORE,2020,305,
BALTIMORE,2020,304,40.250000
BALTIMORE,2020,303,40.250000
BALTIMORE,2020,302,40.500000
BALTIMORE,2020,301,45.000000
BALTIMORE,2020,300,45.500000
BALTIMORE,2020,299,
BALTIMORE,2020,298,
BALTIMORE,2020,297,46.500000
BALTIMORE,2020,296,46.500000
BALTIMORE,2020,295,46.500000
BALTIMORE,2020,294,46.500000
BALTIMORE,2020,293,49.000000
BALTIMORE,2020,292,
BALTIMORE,2020,291,
BALTIMORE,2020,290,47.000000
BALTIMORE,2020,289,47.000000
BALTIMORE,2020,288,49.000000
BALTIMORE,2020,287,49.000000
BALTIMORE,2020,286,
BALTIMORE,2020,285,
BALTIMORE,2020,284,
BALTIMORE,2020,283,48.500000
BALTIMORE,2020,282,48.500000
BALTIMORE,2020,281,55.000000
BALTIMORE,2020,280,54.500000
BALTIMORE,2020,279,54.500000
BALTIMORE,2020,278,
BALTIMORE,2020,277,
BALTIMORE,2020,276,49.500000
BALTIMORE,2020,275,49.500000
BALTIMORE,2020,274,49.500000
BALTIMORE,2020,273,59.000000
BALTIMORE,2020,272,59.000000
BALTIMORE,2020,271,
BALTIMORE,2020,270,
BALTIMORE,2020,269,41.500000
BALTIMORE,2020,268,41.500000
BALTIMORE,2020,267,38.000000
BALTIMORE,2020,266,51.000000
BALTIMORE,2020,265,52.000000
BALTIMORE,2020,264,
BALTIMORE,2020,263,
BALTIMORE,2020,262,49.000000
BALTIMORE,2020,261,42.500000
BALTIMORE,2020,260,33.250000
BALTIMORE,2020,259,33.250000
BALTIMORE,2020,258,38.500000
BALTIMORE,2020,257,
BALTIMORE,2020,256,
BALTIMORE,2020,255,31.500000
BALTIMORE,2020,254,38.000000
BALTIMORE,2020,253,38.000000
BALTIMORE,2020,252,27.000000
BALTIMORE,2020,251,
BALTIMORE,2020,250,
BALTIMORE,2020,249,
BALTIMORE,2020,248,27.000000
BALTIMORE,2020,247,27.000000
BALTIMORE,2020,246,20.375000
BALTIMORE,2020,245,19.166666
BALTIMORE,2020,244,19.166666
BALTIMORE,2020,243,
BALTIMORE,2020,242,
BALTIMORE,2020,241,18.875000
BALTIMORE,2020,240,20.166666
BALTIMORE,2020,239,20.166666
BALTIMORE,2020,238,18.250000
BALTIMORE,2020,237,18.250000
BALTIMORE,2020,236,
BALTIMORE,2020,235,
BALTIMORE,2020,234,18.666666
BALTIMORE,2020,233,21.666666
BALTIMORE,2020,232,21.666666
BALTIMORE,2020,231,20.000000
BALTIMORE,2020,230,20.833333
BALTIMORE,2020,229,
BALTIMORE,2020,228,
BALTIMORE,2020,227,25.125000
BALTIMORE,2020,226,25.125000
BALTIMORE,2020,225,25.125000
BALTIMORE,2020,224,25.125000
BALTIMORE,2020,223,25.125000
BALTIMORE,2020,222,
BALTIMORE,2020,221,
BALTIMORE,2020,220,25.125000
BALTIMORE,2020,219,25.125000
BALTIMORE,2020,218,25.500000
BALTIMORE,2020,217,25.500000
BALTIMORE,2020,216,24.333333
BALTIMORE,2020,215,
BALTIMORE,2020,214,
BALTIMORE,2020,213,27.750000
BALTIMORE,2020,212,28.000000
BALTIMORE,2020,211,29.833333
BALTIMORE,2020,210,29.833333
BALTIMORE,2020,209,29.500000
BALTIMORE,2020,208,
BALTIMORE,2020,207,
BALTIMORE,2020,206,33.833333
BALTIMORE,2020,205,33.833333
BALTIMORE,2020,204,34.750000
BALTIMORE,2020,203,38.500000
BALTIMORE,2020,202,32.000000
BALTIMORE,2020,201,
BALTIMORE,2020,200,
BALTIMORE,2020,199,31.000000
BALTIMORE,2020,198,36.500000
BALTIMORE,2020,197,35.750000
BALTIMORE,2020,196,36.500000
BALTIMORE,2020,195,36.500000
BALTIMORE,2020,194,
BALTIMORE,2020,193,
BALTIMORE,2020,192,29.000000
BALTIMORE,2020,191,29.000000
BALTIMORE,2020,190,32.500000
BALTIMORE,2020,189,30.000000
BALTIMORE,2020,188,30.000000
BALTIMORE,2020,187,
BALTIMORE,2020,186,
BALTIMORE,2020,185,
BALTIMORE,2020,184,29.000000
BALTIMORE,2020,183,29.000000
BALTIMORE,2020,182,23.000000
BALTIMORE,2020,181,23.000000
BALTIMORE,2020,180,
BALTIMORE,2020,179,
BALTIMORE,2020,178,21.875000
BALTIMORE,2020,177,21.875000
BALTIMORE,2020,176,21.875000
BALTIMORE,2020,175,24.000000
BALTIMORE,2020,174,24.000000
BALTIMORE,2020,173,
BALTIMORE,2020,172,
BALTIMORE,2020,171,28.000000
BALTIMORE,2020,170,28.000000
BALTIMORE,2020,169,28.000000
BALTIMORE,2020,168,28.000000
BALTIMORE,2020,167,28.000000
BALTIMORE,2020,166,
BALTIMORE,2020,165,
BALTIMORE,2020,164,28.000000
BALTIMORE,2020,163,25.666666
BALTIMORE,2020,162,25.666666
BALTIMORE,2020,161,25.666666
BALTIMORE,2020,160,25.666666
BALTIMORE,2020,159,
BALTIMORE,2020,158,
BALTIMORE,2020,157,26.000000
BALTIMORE,2020,156,38.250000
BALTIMORE,2020,155,34.000000
BALTIMORE,2020,154,36.000000
BALTIMORE,2020,153,30.000000
BALTIMORE,2020,152,
BALTIMORE,2020,151,
BALTIMORE,2020,150,30.750000
BALTIMORE,2020,149,30.750000
BALTIMORE,2020,148,32.000000
BALTIMORE,2020,147,32.000000
BALTIMORE,2020,146,
BALTIMORE,2020,145,
BALTIMORE,2020,144,
BALTIMORE,2020,143,36.000000
BALTIMORE,2020,142,36.000000
BALTIMORE,2020,141,33.500000
BALTIMORE,2020,140,33.500000
BALTIMORE,2020,139,33.500000
BALTIMORE,2020,138,
BALTIMORE,2020,137,
BALTIMORE,2020,136,33.000000
BALTIMORE,2020,135,33.000000
BALTIMORE,2020,134,34.000000
BALTIMORE,2020,133,34.000000
BALTIMORE,2020,132,34.000000
BALTIMORE,2020,131,
BALTIMORE,2020,130,
BALTIMORE,2020,129,37.000000
BALTIMORE,2020,128,37.000000
BALTIMORE,2020,127,33.500000
BALTIMORE,2020,126,33.500000
BALTIMORE,2020,125,37.000000
BALTIMORE,2020,124,
BALTIMORE,2020,123,
BALTIMORE,2020,122,35.000000
BALTIMORE,2020,121,35.000000
BALTIMORE,2020,120,33.000000
BALTIMORE,2020,119,33.000000
BALTIMORE,2020,118,34.500000
BALTIMORE,2020,117,
BALTIMORE,2020,116,
BALTIMORE,2020,115,34.500000
BALTIMORE,2020,114,34.500000
BALTIMORE,2020,113,23.750000
BALTIMORE,2020,112,23.166666
BALTIMORE,2020,111,35.000000
BALTIMORE,2020,110,
BALTIMORE,2020,109,
BALTIMORE,2020,108,22.000000
BALTIMORE,2020,107,26.000000
BALTIMORE,2020,106,33.000000
BALTIMORE,2020,105,25.000000
BALTIMORE,2020,104,30.000000
BALTIMORE,2020,103,
BALTIMORE,2020,102,
BALTIMORE,2020,101,27.750000
BALTIMORE,2020,100,27.750000
BALTIMORE,2020,99,24.500000
BALTIMORE,2020,98,22.500000
BALTIMORE,2020,97,30.500000
BALTIMORE,2020,96,
BALTIMORE,2020,95,
BALTIMORE,2020,94,41.500000
BALTIMORE,2020,93,41.500000
BALTIMORE,2020,92,41.500000
BALTIMORE,2020,91,41.500000
BALTIMORE,2020,90,41.500000
BALTIMORE,2020,89,
BALTIMORE,2020,88,
BALTIMORE,2020,87,41.500000
BALTIMORE,2020,86,41.500000
BALTIMORE,2020,85,37.750000
BALTIMORE,2020,84,34.000000
BALTIMORE,2020,83,38.000000
BALTIMORE,2020,82,
BALTIMORE,2020,81,
BALTIMORE,2020,80,44.000000
BALTIMORE,2020,79,44.000000
BALTIMORE,2020,78,43.000000
BALTIMORE,2020,77,43.000000
BALTIMORE,2020,76,43.000000
BALTIMORE,2020,75,
BALTIMORE,2020,74,
BALTIMORE,2020,73,43.000000
BALTIMORE,2020,72,41.000000
BALTIMORE,2020,71,41.500000
BALTIMORE,2020,70,43.000000
BALTIMORE,2020,69,43.000000
BALTIMORE,2020,68,
BALTIMORE,2020,67,
BALTIMORE,2020,66,38.500000
BALTIMORE,2020,65,43.000000
BALTIMORE,2020,64,42.500000
BALTIMORE,2020,63,42.500000
BALTIMORE,2020,62,42.500000
BALTIMORE,2020,61,
BALTIMORE,2020,60,
BALTIMORE,2020,59,42.500000
BALTIMORE,2020,58,42.500000
BALTIMORE,2020,57,33.250000
BALTIMORE,2020,56,42.500000
BALTIMORE,2020,55,40.000000
BALTIMORE,2020,54,
BALTIMORE,2020,53,
BALTIMORE,2020,52,42.500000
BALTIMORE,2020,51,42.500000
BALTIMORE,2020,50,42.500000
BALTIMORE,2020,49,42.500000
BALTIMORE,2020,48,
BALTIMORE,2020,47,
BALTIMORE,2020,46,
BALTIMORE,2020,45,42.000000
BALTIMORE,2020,44,38.500000
BALTIMORE,2020,43,38.500000
BALTIMORE,2020,42,38.500000
BALTIMORE,2020,41,28.000000
BALTIMORE,2020,40,
BALTIMORE,2020,39,
BALTIMORE,2020,38,35.000000
BALTIMORE,2020,37,35.000000
BALTIMORE,2020,36,35.000000
BALTIMORE,2020,35,35.000000
BALTIMORE,2020,34,35.000000
BALTIMORE,2020,33,
BALTIMORE,2020,32,
BALTIMORE,2020,31,28.000000
BALTIMORE,2020,30,30.000000
BALTIMORE,2020,29,36.250000
BALTIMORE,2020,28,36.250000
BALTIMORE,2020,27,36.250000
BALTIMORE,2020,26,
BALTIMORE,2020,25,
BALTIMORE,2020,24,28.000000
BALTIMORE,2020,23,22.000000
BALTIMORE,2020,22,22.000000
BALTIMORE,2020,21,22.000000
BALTIMORE,2020,20,
BALTIMORE,2020,19,
BALTIMORE,2020,18,
BALTIMORE,2020,17,26.500000
BALTIMORE,2020,16,31.000000
BALTIMORE,2020,15,30.000000
BALTIMORE,2020,14,25.250000
BALTIMORE,2020,13,25.250000
BALTIMORE,2020,12,
BALTIMORE,2020,11,
BALTIMORE,2020,10,25.000000
BALTIMORE,2020,9,22.500000
BALTIMORE,2020,8,20.000000
BALTIMORE,2020,7,20.000000
BALTIMORE,2020,6,24.000000
BALTIMORE,2020,5,
BALTIMORE,2020,4,
BALTIMORE,2020,3,21.625000
BALTIMORE,2020,2,24.000000
BOSTON,2020,366,
BOSTON,2020,365,
BOSTON,2020,364,
BOSTON,2020,363,
BOSTON,2020,362,
BOSTON,2020,361,
BOSTON,2020,360,
BOSTON,2020,359,
BOSTON,2020,358,
BOSTON,2020,357,
BOSTON,2020,356,
BOSTON,2020,355,
BOSTON,2020,354,
BOSTON,2020,353,
BOSTON,2020,352,
BOSTON,2020,351,
BOSTON,2020,350,
BOSTON,2020,349,
BOSTON,2020,348,
BOSTON,2020,347,
BOSTON,2020,346,32.000000
BOSTON,2020,345,32.000000
BOSTON,2020,344,32.000000
BOSTON,2020,343,32.000000
BOSTON,2020,342,32.000000
BOSTON,2020,341,
BOSTON,2020,340,
BOSTON,2020,339,32.000000
BOSTON,2020,338,32.000000
BOSTON,2020,337,32.000000
BOSTON,2020,336,32.000000
BOSTON,2020,335,32.000000
BOSTON,2020,334,
BOSTON,2020,333,
BOSTON,2020,332,32.000000
BOSTON,2020,331,
BOSTON,2020,330,32.000000
BOSTON,2020,329,32.000000
BOSTON,2020,328,32.000000
BOSTON,2020,327,
BOSTON,2020,326,
BOSTON,2020,325,32.000000
BOSTON,2020,324,32.000000
BOSTON,2020,323,32.000000
BOSTON,2020,322,32.000000
BOSTON,2020,321,32.000000
BOSTON,2020,320,
BOSTON,2020,319,
BOSTON,2020,318,32.000000
BOSTON,2020,317,32.000000
BOSTON,2020,316,
BOSTON,2020,315,32.000000
BOSTON,2020,314,32.000000
BOSTON,2020,313,
BOSTON,2020,312,
BOSTON,2020,311,32.000000
BOSTON,2020,310,32.000000
BOSTON,2020,309,32.000000
BOSTON,2020,308,32.000000
BOSTON,2020,307,32.000000
BOSTON,2020,306,
BOSTON,2020,305,
BOSTON,2020,304,32.000000
BOSTON,2020,303,32.000000
BOSTON,2020,302,35.000000
BOSTON,2020,301,35.000000
BOSTON,2020,300,36.750000
BOSTON,2020,299,
BOSTON,2020,298,
BOSTON,2020,297,36.750000
BOSTON,2020,296,36.750000
BOSTON,2020,295,36.750000
BOSTON,2020,294,36.750000
BOSTON,2020,293,45.000000
BOSTON,2020,292,
BOSTON,2020,291,
BOSTON,2020,290,45.000000
BOSTON,2020,289,45.000000
BOSTON,2020,288,45.000000
BOSTON,2020,287,
BOSTON,2020,286,
BOSTON,2020,285,
BOSTON,2020,284,
BOSTON,2020,283,
BOSTON,2020,282,
BOSTON,2020,281,
BOSTON,2020,280,
BOSTON,2020,279,
BOSTON,2020,278,
BOSTON,2020,277,
BOSTON,2020,276,55.000000
BOSTON,2020,275,40.500000
BOSTON,2020,274,40.500000
BOSTON,2020,273,40.500000
BOSTON,2020,272,41.500000
BOSTON,2020,271,
BOSTON,2020,270,
BOSTON,2020,269,41.500000
BOSTON,2020,268,41.500000
BOSTON,2020,267,45.000000
BOSTON,2020,266,45.000000
BOSTON,2020,265,27.750000
BOSTON,2020,264,
BOSTON,2020,263,
BOSTON,2020,262,27.750000
BOSTON,2020,261,27.750000
BOSTON,2020,260,27.750000
BOSTON,2020,259,35.500000
BOSTON,2020,258,35.000000
BOSTON,2020,257,
BOSTON,2020,256,
BOSTON,2020,255,35.000000
BOSTON,2020,254,19.333333
BOSTON,2020,253,19.333333
BOSTON,2020,252,19.333333
BOSTON,2020,251,
BOSTON,2020,250,
BOSTON,2020,249,
BOSTON,2020,248,19.333333
BOSTON,2020,247,19.333333
BOSTON,2020,246,19.333333
BOSTON,2020,245,19.333333
BOSTON,2020,244,20.000000
BOSTON,2020,243,
BOSTON,2020,242,
BOSTON,2020,241,20.000000
BOSTON,2020,240,20.000000
BOSTON,2020,239,20.000000
BOSTON,2020,238,20.000000
BOSTON,2020,237,26.000000
BOSTON,2020,236,
BOSTON,2020,235,
BOSTON,2020,234,26.000000
BOSTON,2020,233,26.000000
BOSTON,2020,232,26.000000
BOSTON,2020,231,26.000000
BOSTON,2020,230,26.000000
BOSTON,2020,229,
BOSTON,2020,228,
BOSTON,2020,227,26.000000
BOSTON,2020,226,29.000000
BOSTON,2020,225,29.000000
BOSTON,2020,224,29.000000
BOSTON,2020,223,29.000000
BOSTON,2020,222,
BOSTON,2020,221,
BOSTON,2020,220,21.666666
BOSTON,2020,219,20.666666
BOSTON,2020,218,20.666666
BOSTON,2020,217,20.666666
BOSTON,2020,216,20.000000
BOSTON,2020,215,
BOSTON,2020,214,
BOSTON,2020,213,20.000000
BOSTON,2020,212,20.000000
BOSTON,2020,211,20.000000
BOSTON,2020,210,20.000000
BOSTON,2020,209,20.000000
BOSTON,2020,208,
BOSTON,2020,207,
BOSTON,2020,206,30.000000
BOSTON,2020,205,30.000000
BOSTON,2020,204,26.000000
BOSTON,2020,203,26.000000
BOSTON,2020,202,30.000000
BOSTON,2020,201,
BOSTON,2020,200,
BOSTON,2020,199,30.000000
BOSTON,2020,198,43.500000
BOSTON,2020,197,43.500000
BOSTON,2020,196,43.500000
BOSTON,2020,195,42.000000
BOSTON,2020,194,
BOSTON,2020,193,
BOSTON,2020,192,35.000000
BOSTON,2020,191,44.500000
BOSTON,2020,190,44.500000
BOSTON,2020,189,30.500000
BOSTON,2020,188,30.500000
BOSTON,2020,187,
BOSTON,2020,186,
BOSTON,2020,185,
BOSTON,2020,184,22.833333
BOSTON,2020,183,22.833333
BOSTON,2020,182,22.833333
BOSTON,2020,181,22.833333
BOSTON,2020,180,
BOSTON,2020,179,
BOSTON,2020,178,22.833333
BOSTON,2020,177,20.875000
BOSTON,2020,176,20.875000
BOSTON,2020,175,23.500000
BOSTON,2020,174,23.500000
BOSTON,2020,173,
BOSTON,2020,172,
BOSTON,2020,171,23.500000
BOSTON,2020,170,23.500000
BOSTON,2020,169,23.500000
BOSTON,2020,168,25.833333
BOSTON,2020,167,25.833333
BOSTON,2020,166,
BOSTON,2020,165,
BOSTON,2020,164,25.833333
BOSTON,2020,163,30.000000
BOSTON,2020,162,30.000000
BOSTON,2020,161,30.000000
BOSTON,2020,160,30.000000
BOSTON,2020,159,
BOSTON,2020,158,
BOSTON,2020,157,30.000000
BOSTON,2020,156,30.000000
BOSTON,2020,155,30.000000
BOSTON,2020,154,30.000000
BOSTON,2020,153,30.000000
BOSTON,2020,152,
BOSTON,2020,151,
BOSTON,2020,150,30.000000
BOSTON,2020,149,30.000000
BOSTON,2020,148,30.000000
BOSTON,2020,147,30.000000
BOSTON,2020,146,
BOSTON,2020,145,
BOSTON,2020,144,
BOSTON,2020,143,30.000000
BOSTON,2020,142,32.500000
BOSTON,2020,141,32.500000
BOSTON,2020,140,32.500000
BOSTON,2020,139,32.500000
BOSTON,2020,138,
BOSTON,2020,137,
BOSTON,2020,136,32.500000
BOSTON,2020,135,32.500000
BOSTON,2020,134,32.500000
BOSTON,2020,133,32.500000
BOSTON,2020,132,32.500000
BOSTON,2020,131,
BOSTON,2020,130,
BOSTON,2020,129,32.500000
BOSTON,2020,128,29.500000
BOSTON,2020,127,29.500000
BOSTON,2020,126,29.500000
BOSTON,2020,125,29.500000
BOSTON,2020,124,
BOSTON,2020,123,
BOSTON,2020,122,35.000000
BOSTON,2020,121,35.000000
BOSTON,2020,120,35.000000
BOSTON,2020,119,35.000000
BOSTON,2020,118,35.000000
BOSTON,2020,117,
BOSTON,2020,116,
BOSTON,2020,115,30.000000
BOSTON,2020,114,30.000000
BOSTON,2020,113,27.500000
BOSTON,2020,112,27.500000
BOSTON,2020,111,27.500000
BOSTON,2020,110,
BOSTON,2020,109,
BOSTON,2020,108,27.500000
BOSTON,2020,107,27.500000
BOSTON,2020,106,27.500000
BOSTON,2020,105,27.500000
BOSTON,2020,104,27.500000
BOSTON,2020,103,
BOSTON,2020,102,
BOSTON,2020,101,27.500000
BOSTON,2020,100,32.000000
BOSTON,2020,99,32.000000
BOSTON,2020,98,32.000000
BOSTON,2020,97,32.000000
BOSTON,2020,96,
BOSTON,2020,95,
BOSTON,2020,94,32.000000
BOSTON,2020,93,32.000000
BOSTON,2020,92,32.000000
BOSTON,2020,91,32.000000
BOSTON,2020,90,32.000000
BOSTON,2020,89,
BOSTON,2020,88,
BOSTON,2020,87,32.000000
BOSTON,2020,86,32.000000
BOSTON,2020,85,32.000000
BOSTON,2020,84,32.000000
BOSTON,2020,83,32.000000
BOSTON,2020,82,
BOSTON,2020,81,
BOSTON,2020,80,32.000000
BOSTON,2020,79,31.500000
BOSTON,2020,78,31.500000
BOSTON,2020,77,31.500000
BOSTON,2020,76,31.500000
BOSTON,2020,75,
BOSTON,2020,74,
BOSTON,2020,73,33.500000
BOSTON,2020,72,33.500000
BOSTON,2020,71,33.500000
BOSTON,2020,70,33.500000
BOSTON,2020,69,33.500000
BOSTON,2020,68,
BOSTON,2020,67,
BOSTON,2020,66,34.666666
BOSTON,2020,65,31.500000
BOSTON,2020,64,35.000000
BOSTON,2020,63,35.000000
BOSTON,2020,62,38.500000
BOSTON,2020,61,
BOSTON,2020,60,
BOSTON,2020,59,42.000000
BOSTON,2020,58,42.000000
BOSTON,2020,57,39.000000
BOSTON,2020,56,39.000000
BOSTON,2020,55,39.000000
BOSTON,2020,54,
BOSTON,2020,53,
BOSTON,2020,52,
BOSTON,2020,51,
BOSTON,2020,50,
BOSTON,2020,49,
BOSTON,2020,48,
BOSTON,2020,47,
BOSTON,2020,46,
BOSTON,2020,45,
BOSTON,2020,44,42.500000
BOSTON,2020,43,42.500000
BOSTON,2020,42,42.500000
BOSTON,2020,41,42.500000
BOSTON,2020,40,
BOSTON,2020,39,
BOSTON,2020,38,
BOSTON,2020,37,
BOSTON,2020,36,
BOSTON,2020,35,
BOSTON,2020,34,
BOSTON,2020,33,
BOSTON,2020,32,
BOSTON,2020,31,
BOSTON,2020,30,
BOSTON,2020,29,
BOSTON,2020,28,
BOSTON,2020,27,
BOSTON,2020,26,
BOSTON,2020,25,
BOSTON,2020,24,28.000000
BOSTON,2020,23,28.000000
BOSTON,2020,22,28.000000
BOSTON,2020,21,28.000000
BOSTON,2020,20,
BOSTON,2020,19,
BOSTON,2020,18,
BOSTON,2020,17,28.000000
BOSTON,2020,16,28.000000
BOSTON,2020,15,28.000000
BOSTON,2020,14,27.500000
BOSTON,2020,13,27.500000
BOSTON,2020,12,
BOSTON,2020,11,
BOSTON,2020,10,27.500000
BOSTON,2020,9,28.000000
BOSTON,2020,8,30.000000
BOSTON,2020,7,25.000000
BOSTON,2020,6,20.000000
BOSTON,2020,5,
BOSTON,2020,4,
BOSTON,2020,3,20.000000
BOSTON,2020,2,20.000000
CHICAGO,2020,366,37.000000
CHICAGO,2020,365,37.000000
CHICAGO,2020,364,37.000000
CHICAGO,2020,363,37.000000
CHICAGO,2020,362,
CHICAGO,2020,361,
CHICAGO,2020,360,
CHICAGO,2020,359,
CHICAGO,2020,358,37.000000
CHICAGO,2020,357,37.000000
CHICAGO,2020,356,37.000000
CHICAGO,2020,355,
CHICAGO,2020,354,
CHICAGO,2020,353,37.000000
CHICAGO,2020,352,37.000000
CHICAGO,2020,351,37.000000
CHICAGO,2020,350,37.000000
CHICAGO,2020,349,27.500000
CHICAGO,2020,348,
CHICAGO,2020,347,
CHICAGO,2020,346,27.500000
CHICAGO,2020,345,27.500000
CHICAGO,2020,344,27.500000
CHICAGO,2020,343,27.500000
CHICAGO,2020,342,27.500000
CHICAGO,2020,341,
CHICAGO,2020,340,
CHICAGO,2020,339,27.500000
CHICAGO,2020,338,27.500000
CHICAGO,2020,337,27.500000
CHICAGO,2020,336,27.500000
CHICAGO,2020,335,32.333333
CHICAGO,2020,334,
CHICAGO,2020,333,
CHICAGO,2020,332,32.333333
CHICAGO,2020,331,
CHICAGO,2020,330,32.333333
CHICAGO,2020,329,32.333333
CHICAGO,2020,328,32.666666
CHICAGO,2020,327,
CHICAGO,2020,326,
CHICAGO,2020,325,32.666666
CHICAGO,2020,324,32.666666
CHICAGO,2020,323,32.666666
CHICAGO,2020,322,32.666666
CHICAGO,2020,321,31.250000
CHICAGO,2020,320,
CHICAGO,2020,319,
CHICAGO,2020,318,31.250000
CHICAGO,2020,317,31.250000
CHICAGO,2020,316,
CHICAGO,2020,315,31.250000
CHICAGO,2020,314,31.250000
CHICAGO,2020,313,
CHICAGO,2020,312,
CHICAGO,2020,311,31.250000
CHICAGO,2020,310,38.500000
CHICAGO,2020,309,38.500000
CHICAGO,2020,308,38.500000
CHICAGO,2020,307,38.500000
CHICAGO,2020,306,
CHICAGO,2020,305,
CHICAGO,2020,304,38.500000
CHICAGO,2020,303,39.750000
CHICAGO,2020,302,39.750000
CHICAGO,2020,301,39.750000
CHICAGO,2020,300,40.250000
CHICAGO,2020,299,
CHICAGO,2020,298,
CHICAGO,2020,297,40.250000
CHICAGO,2020,296,40.000000
CHICAGO,2020,295,40.000000
CHICAGO,2020,294,40.000000
CHICAGO,2020,293,42.000000
CHICAGO,2020,292,
CHICAGO,2020,291,
CHICAGO,2020,290,42.000000
CHICAGO,2020,289,42.000000
CHICAGO,2020,288,42.000000
CHICAGO,2020,287,36.000000
CHICAGO,2020,286,
CHICAGO,2020,285,
CHICAGO,2020,284,
CHICAGO,2020,283,36.000000
CHICAGO,2020,282,36.000000
CHICAGO,2020,281,36.000000
CHICAGO,2020,280,42.000000
CHICAGO,2020,279,42.000000
CHICAGO,2020,278,
CHICAGO,2020,277,
CHICAGO,2020,276,42.000000
CHICAGO,2020,275,42.000000
CHICAGO,2020,274,42.000000
CHICAGO,2020,273,42.000000
CHICAGO,2020,272,42.000000
CHICAGO,2020,271,
CHICAGO,2020,270,
CHICAGO,2020,269,42.000000
CHICAGO,2020,268,25.500000
CHICAGO,2020,267,25.500000
CHICAGO,2020,266,25.500000
CHICAGO,2020,265,25.500000
CHICAGO,2020,264,
CHICAGO,2020,263,
CHICAGO,2020,262,25.500000
CHICAGO,2020,261,25.500000
CHICAGO,2020,260,25.500000
CHICAGO,2020,259,22.000000
CHICAGO,2020,258,22.250000
CHICAGO,2020,257,
CHICAGO,2020,256,
CHICAGO,2020,255,22.250000
CHICAGO,2020,254,22.250000
CHICAGO,2020,253,22.250000
CHICAGO,2020,252,22.250000
CHICAGO,2020,251,
CHICAGO,2020,250,
CHICAGO,2020,249,
CHICAGO,2020,248,22.250000
CHICAGO,2020,247,22.250000
CHICAGO,2020,246,22.250000
CHICAGO,2020,245,21.750000
CHICAGO,2020,244,21.750000
CHICAGO,2020,243,
CHICAGO,2020,242,
CHICAGO,2020,241,20.166666
CHICAGO,2020,240,20.166666
CHICAGO,2020,239,20.166666
CHICAGO,2020,238,20.166666
CHICAGO,2020,237,20.166666
CHICAGO,2020,236,
CHICAGO,2020,235,
CHICAGO,2020,234,21.250000
CHICAGO,2020,233,21.250000
CHICAGO,2020,232,21.250000
CHICAGO,2020,231,21.250000
CHICAGO,2020,230,21.250000
CHICAGO,2020,229,
CHICAGO,2020,228,
CHICAGO,2020,227,21.250000
CHICAGO,2020,226,21.250000
CHICAGO,2020,225,21.250000
CHICAGO,2020,224,21.250000
CHICAGO,2020,223,21.250000
CHICAGO,2020,222,
CHICAGO,2020,221,
CHICAGO,2020,220,21.250000
CHICAGO,2020,219,26.750000
CHICAGO,2020,218,26.750000
CHICAGO,2020,217,26.000000
CHICAGO,2020,216,26.000000
CHICAGO,2020,215,
CHICAGO,2020,214,
CHICAGO,2020,213,29.500000
CHICAGO,2020,212,26.000000
CHICAGO,2020,211,26.000000
CHICAGO,2020,210,29.000000
CHICAGO,2020,209,29.000000
CHICAGO,2020,208,
CHICAGO,2020,207,
CHICAGO,2020,206,32.500000
CHICAGO,2020,205,32.500000
CHICAGO,2020,204,32.500000
CHICAGO,2020,203,32.500000
CHICAGO,2020,202,32.500000
CHICAGO,2020,201,
CHICAGO,2020,200,
CHICAGO,2020,199,36.000000
CHICAGO,2020,198,36.000000
CHICAGO,2020,197,36.000000
CHICAGO,2020,196,36.000000
CHICAGO,2020,195,36.000000
CHICAGO,2020,194,
CHICAGO,2020,193,
CHICAGO,2020,192,36.000000
CHICAGO,2020,191,36.000000
CHICAGO,2020,190,36.000000
CHICAGO,2020,189,35.000000
CHICAGO,2020,188,35.000000
CHICAGO,2020,187,
CHICAGO,2020,186,
CHICAGO,2020,185,
CHICAGO,2020,184,38.000000
CHICAGO,2020,183,35.000000
CHICAGO,2020,182,35.000000
CHICAGO,2020,181,35.000000
CHICAGO,2020,180,
CHICAGO,2020,179,
CHICAGO,2020,178,36.000000
CHICAGO,2020,177,21.000000
CHICAGO,2020,176,21.000000
CHICAGO,2020,175,21.000000
CHICAGO,2020,174,21.000000
CHICAGO,2020,173,
CHICAGO,2020,172,
CHICAGO,2020,171,21.000000
CHICAGO,2020,170,21.500000
CHICAGO,2020,169,21.000000
CHICAGO,2020,168,21.000000
CHICAGO,2020,167,24.000000
CHICAGO,2020,166,
CHICAGO,2020,165,
CHICAGO,2020,164,24.000000
CHICAGO,2020,163,24.000000
CHICAGO,2020,162,24.000000
CHICAGO,2020,161,34.500000
CHICAGO,2020,160,34.500000
CHICAGO,2020,159,
CHICAGO,2020,158,
CHICAGO,2020,157,34.500000
CHICAGO,2020,156,34.500000
CHICAGO,2020,155,34.500000
CHICAGO,2020,154,34.500000
CHICAGO,2020,153,34.500000
CHICAGO,2020,152,
CHICAGO,2020,151,
CHICAGO,2020,150,34.500000
CHICAGO,2020,149,34.500000
CHICAGO,2020,148,34.500000
CHICAGO,2020,147,34.500000
CHICAGO,2020,146,
CHICAGO,2020,145,
CHICAGO,2020,144,
CHICAGO,2020,143,32.000000
CHICAGO,2020,142,32.000000
CHICAGO,2020,141,32.000000
CHICAGO,2020,140,32.000000
CHICAGO,2020,139,32.000000
CHICAGO,2020,138,
CHICAGO,2020,137,
CHICAGO,2020,136,32.000000
CHICAGO,2020,135,32.000000
CHICAGO,2020,134,32.000000
CHICAGO,2020,133,32.000000
CHICAGO,2020,132,32.000000
CHICAGO,2020,131,
CHICAGO,2020,130,
CHICAGO,2020,129,32.000000
CHICAGO,2020,128,32.000000
CHICAGO,2020,127,32.000000
CHICAGO,2020,126,32.000000
CHICAGO,2020,125,
CHICAGO,2020,124,
CHICAGO,2020,123,
CHICAGO,2020,122,
CHICAGO,2020,121,
CHICAGO,2020,120,
CHICAGO,2020,119,
CHICAGO,2020,118,
CHICAGO,2020,117,
CHICAGO,2020,116,
CHICAGO,2020,115,
CHICAGO,2020,114,
CHICAGO,2020,113,
CHICAGO,2020,112,
CHICAGO,2020,111,
CHICAGO,2020,110,
CHICAGO,2020,109,
CHICAGO,2020,108,
CHICAGO,2020,107,
CHICAGO,2020,106,
CHICAGO,2020,105,
CHICAGO,2020,104,37.000000
CHICAGO,2020,103,
CHICAGO,2020,102,
CHICAGO,2020,101,37.000000
CHICAGO,2020,100,37.000000
CHICAGO,2020,99,37.000000
CHICAGO,2020,98,37.000000
CHICAGO,2020,97,37.000000
CHICAGO,2020,96,
CHICAGO,2020,95,
CHICAGO,2020,94,37.000000
CHICAGO,2020,93,37.000000
CHICAGO,2020,92,37.000000
CHICAGO,2020,91,37.000000
CHICAGO,2020,90,37.000000
CHICAGO,2020,89,
CHICAGO,2020,88,
CHICAGO,2020,87,37.000000
CHICAGO,2020,86,37.000000
CHICAGO,2020,85,37.000000
CHICAGO,2020,84,37.000000
CHICAGO,2020,83,37.000000
CHICAGO,2020,82,
CHICAGO,2020,81,
CHICAGO,2020,80,37.000000
CHICAGO,2020,79,37.000000
CHICAGO,2020,78,37.000000
CHICAGO,2020,77,37.000000
CHICAGO,2020,76,37.000000
CHICAGO,2020,75,
CHICAGO,2020,74,
CHICAGO,2020,73,37.000000
CHICAGO,2020,72,37.000000
CHICAGO,2020,71,47.000000
CHICAGO,2020,70,47.000000
CHICAGO,2020,69,47.000000
CHICAGO,2020,68,
CHICAGO,2020,67,
CHICAGO,2020,66,47.000000
CHICAGO,2020,65,47.000000
CHICAGO,2020,64,47.000000
CHICAGO,2020,63,47.000000
CHICAGO,2020,62,47.000000
CHICAGO,2020,61,
CHICAGO,2020,60,
CHICAGO,2020,59,47.000000
CHICAGO,2020,58,47.000000
CHICAGO,2020,57,47.000000
CHICAGO,2020,56,47.000000
CHICAGO,2020,55,47.000000
CHICAGO,2020,54,
CHICAGO,2020,53,
CHICAGO,2020,52,47.000000
CHICAGO,2020,51,29.000000
CHICAGO,2020,50,29.000000
CHICAGO,2020,49,29.000000
CHICAGO,2020,48,
CHICAGO,2020,47,
CHICAGO,2020,46,
CHICAGO,2020,45,29.000000
CHICAGO,2020,44,29.000000
CHICAGO,2020,43,29.000000
CHICAGO,2020,42,29.000000
CHICAGO,2020,41,29.000000
CHICAGO,2020,40,
CHICAGO,2020,39,
CHICAGO,2020,38,29.000000
CHICAGO,2020,37,29.000000
CHICAGO,2020,36,29.000000
CHICAGO,2020,35,29.000000
CHICAGO,2020,34,29.000000
CHICAGO,2020,33,
CHICAGO,2020,32,
CHICAGO,2020,31,29.000000
CHICAGO,2020,30,29.000000
CHICAGO,2020,29,29.000000
CHICAGO,2020,28,29.000000
CHICAGO,2020,27,29.000000
CHICAGO,2020,26,
CHICAGO,2020,25,
CHICAGO,2020,24,29.000000
CHICAGO,2020,23,29.000000
CHICAGO,2020,22,29.000000
CHICAGO,2020,21,29.000000
CHICAGO,2020,20,
CHICAGO,2020,19,
CHICAGO,2020,18,
CHICAGO,2020,17,29.000000
CHICAGO,2020,16,29.000000
CHICAGO,2020,15,29.000000
CHICAGO,2020,14,29.000000
CHICAGO,2020,13,29.000000
CHICAGO,2020,12,
CHICAGO,2020,11,
CHICAGO,2020,10,29.000000
CHICAGO,2020,9,29.000000
CHICAGO,2020,8,20.500000
CHICAGO,2020,7,20.500000
CHICAGO,2020,6,20.500000
CHICAGO,2020,5,
CHICAGO,2020,4,
CHICAGO,2020,3,20.500000
CHICAGO,2020,2,20.500000
COLUMBIA,2020,366,20.000000
COLUMBIA,2020,365,20.000000
COLUMBIA,2020,364,20.000000
COLUMBIA,2020,363,
COLUMBIA,2020,362,
COLUMBIA,2020,361,
COLUMBIA,2020,360,
COLUMBIA,2020,359,
COLUMBIA,2020,358,20.000000
COLUMBIA,2020,357,20.000000
COLUMBIA,2020,356,20.000000
COLUMBIA,2020,355,
COLUMBIA,2020,354,
COLUMBIA,2020,353,22.000000
COLUMBIA,2020,352,22.000000
COLUMBIA,2020,351,22.000000
COLUMBIA,2020,350,22.000000
COLUMBIA,2020,349,22.000000
COLUMBIA,2020,348,
COLUMBIA,2020,347,
COLUMBIA,2020,346,22.000000
COLUMBIA,2020,345,22.000000
COLUMBIA,2020,344,22.000000
COLUMBIA,2020,343,22.000000
COLUMBIA,2020,342,22.000000
COLUMBIA,2020,341,
COLUMBIA,2020,340,
COLUMBIA,2020,339,25.000000
COLUMBIA,2020,338,25.000000
COLUMBIA,2020,337,25.000000
COLUMBIA,2020,336,25.000000
COLUMBIA,2020,335,25.000000
COLUMBIA,2020,334,
COLUMBIA,2020,333,
COLUMBIA,2020,332,
COLUMBIA,2020,331,
COLUMBIA,2020,330,25.000000
COLUMBIA,2020,329,25.000000
COLUMBIA,2020,328,25.000000
COLUMBIA,2020,327,
COLUMBIA,2020,326,
COLUMBIA,2020,325,25.000000
COLUMBIA,2020,324,25.000000
COLUMBIA,2020,323,25.000000
COLUMBIA,2020,322,25.000000
COLUMBIA,2020,321,25.000000
COLUMBIA,2020,320,
COLUMBIA,2020,319,
COLUMBIA,2020,318,25.000000
COLUMBIA,2020,317,25.000000
COLUMBIA,2020,316,
COLUMBIA,2020,315,25.000000
COLUMBIA,2020,314,25.000000
COLUMBIA,2020,313,
COLUMBIA,2020,312,
COLUMBIA,2020,311,
COLUMBIA,2020,310,
COLUMBIA,2020,309,
COLUMBIA,2020,308,
COLUMBIA,2020,307,
COLUMBIA,2020,306,
COLUMBIA,2020,305,
COLUMBIA,2020,304,
COLUMBIA,2020,303,
COLUMBIA,2020,302,
COLUMBIA,2020,301,
COLUMBIA,2020,300,
COLUMBIA,2020,299,
COLUMBIA,2020,298,
COLUMBIA,2020,297,
COLUMBIA,2020,296,
COLUMBIA,2020,295,
COLUMBIA,2020,294,
COLUMBIA,2020,293,
COLUMBIA,2020,292,
COLUMBIA,2020,291,
COLUMBIA,2020,290,
COLUMBIA,2020,289,
COLUMBIA,2020,288,
COLUMBIA,2020,287,
COLUMBIA,2020,286,
COLUMBIA,2020,285,
COLUMBIA,2020,284,
COLUMBIA,2020,283,
COLUMBIA,2020,282,
COLUMBIA,2020,281,
COLUMBIA,2020,280,
COLUMBIA,2020,279,
COLUMBIA,2020,278,
COLUMBIA,2020,277,
COLUMBIA,2020,276,
COLUMBIA,2020,275,
COLUMBIA,2020,274,
COLUMBIA,2020,273,
COLUMBIA,2020,272,
COLUMBIA,2020,271,
COLUMBIA,2020,270,
COLUMBIA,2020,269,
COLUMBIA,2020,268,
COLUMBIA,2020,267,
COLUMBIA,2020,266,
COLUMBIA,2020,265,
COLUMBIA,2020,264,
COLUMBIA,2020,263,
COLUMBIA,2020,262,
COLUMBIA,2020,261,
COLUMBIA,2020,260,
COLUMBIA,2020,259,
COLUMBIA,2020,258,
COLUMBIA,2020,257,
COLUMBIA,2020,256,
COLUMBIA,2020,255,
COLUMBIA,2020,254,
COLUMBIA,2020,253,
COLUMBIA,2020,252,
COLUMBIA,2020,251,
COLUMBIA,2020,250,
COLUMBIA,2020,249,
COLUMBIA,2020,248,
COLUMBIA,2020,247,
COLUMBIA,2020,246,
COLUMBIA,2020,245,
COLUMBIA,2020,244,
COLUMBIA,2020,243,
COLUMBIA,2020,242,
COLUMBIA,2020,241,
COLUMBIA,2020,240,
COLUMBIA,2020,239,
COLUMBIA,2020,238,
COLUMBIA,2020,237,
COLUMBIA,2020,236,
COLUMBIA,2020,235,
COLUMBIA,2020,234,
COLUMBIA,2020,233,
COLUMBIA,2020,232,
COLUMBIA,2020,231,
COLUMBIA,2020,230,
COLUMBIA,2020,229,
COLUMBIA,2020,228,
COLUMBIA,2020,227,
COLUMBIA,2020,226,
COLUMBIA,2020,225,
COLUMBIA,2020,224,
COLUMBIA,2020,223,
COLUMBIA,2020,222,
COLUMBIA,2020,221,
COLUMBIA,2020,220,
COLUMBIA,2020,219,
COLUMBIA,2020,218,
COLUMBIA,2020,217,
COLUMBIA,2020,216,
COLUMBIA,2020,215,
COLUMBIA,2020,214,
COLUMBIA,2020,213,
COLUMBIA,2020,212,
COLUMBIA,2020,211,
COLUMBIA,2020,210,
COLUMBIA,2020,209,
COLUMBIA,2020,208,
COLUMBIA,2020,207,
COLUMBIA,2020,206,
COLUMBIA,2020,205,
COLUMBIA,2020,204,
COLUMBIA,2020,203,
COLUMBIA,2020,202,
COLUMBIA,2020,201,
COLUMBIA,2020,200,
COLUMBIA,2020,199,
COLUMBIA,2020,198,
COLUMBIA,2020,197,
COLUMBIA,2020,196,
COLUMBIA,2020,195,
COLUMBIA,2020,194,
COLUMBIA,2020,193,
COLUMBIA,2020,192,
COLUMBIA,2020,191,
COLUMBIA,2020,190,
COLUMBIA,2020,189,
COLUMBIA,2020,188,
COLUMBIA,2020,187,
COLUMBIA,2020,186,
COLUMBIA,2020,185,
COLUMBIA,2020,184,
COLUMBIA,2020,183,
COLUMBIA,2020,182,
COLUMBIA,2020,181,
COLUMBIA,2020,180,
COLUMBIA,2020,179,
COLUMBIA,2020,178,
COLUMBIA,2020,177,
COLUMBIA,2020,176,
COLUMBIA,2020,175,
COLUMBIA,2020,174,
COLUMBIA,2020,173,
COLUMBIA,2020,172,
COLUMBIA,2020,171,
COLUMBIA,2020,170,
COLUMBIA,2020,169,
COLUMBIA,2020,168,
COLUMBIA,2020,167,
COLUMBIA,2020,166,
COLUMBIA,2020,165,
COLUMBIA,2020,164,
COLUMBIA,2020,163,
COLUMBIA,2020,162,
COLUMBIA,2020,161,
COLUMBIA,2020,160,
COLUMBIA,2020,159,
COLUMBIA,2020,158,
COLUMBIA,2020,157,
COLUMBIA,2020,156,
COLUMBIA,2020,155,
COLUMBIA,2020,154,
COLUMBIA,2020,153,
COLUMBIA,2020,152,
COLUMBIA,2020,151,
COLUMBIA,2020,150,
COLUMBIA,2020,149,
COLUMBIA,2020,148,
COLUMBIA,2020,147,
COLUMBIA,2020,146,
COLUMBIA,2020,145,
COLUMBIA,2020,144,
COLUMBIA,2020,143,
COLUMBIA,2020,142,
COLUMBIA,2020,141,
COLUMBIA,2020,140,
COLUMBIA,2020,139,
COLUMBIA,2020,138,
COLUMBIA,2020,137,
COLUMBIA,2020,136,
COLUMBIA,2020,135,
COLUMBIA,2020,134,
COLUMBIA,2020,133,
COLUMBIA,2020,132,
COLUMBIA,2020,131,
COLUMBIA,2020,130,
COLUMBIA,2020,129,
COLUMBIA,2020,128,
COLUMBIA,2020,127,
COLUMBIA,2020,126,
COLUMBIA,2020,125,
COLUMBIA,2020,124,
COLUMBIA,2020,123,
COLUMBIA,2020,122,
COLUMBIA,2020,121,
COLUMBIA,2020,120,
COLUMBIA,2020,119,
COLUMBIA,2020,118,
COLUMBIA,2020,117,
COLUMBIA,2020,116,
COLUMBIA,2020,115,
COLUMBIA,2020,114,
COLUMBIA,2020,113,
COLUMBIA,2020,112,
COLUMBIA,2020,111,
COLUMBIA,2020,110,
COLUMBIA,2020,109,
COLUMBIA,2020,108,
COLUMBIA,2020,107,
COLUMBIA,2020,106,
COLUMBIA,2020,105,
COLUMBIA,2020,104,
COLUMBIA,2020,103,
COLUMBIA,2020,102,
COLUMBIA,2020,101,
COLUMBIA,2020,100,
COLUMBIA,2020,99,
COLUMBIA,2020,98,
COLUMBIA,2020,97,
COLUMBIA,2020,96,
COLUMBIA,2020,95,
COLUMBIA,2020,94,
COLUMBIA,2020,93,
COLUMBIA,2020,92,
COLUMBIA,2020,91,
COLUMBIA,2020,90,
COLUMBIA,2020,89,
COLUMBIA,2020,88,
COLUMBIA,2020,87,
COLUMBIA,2020,86,
COLUMBIA,2020,85,
COLUMBIA,2020,84,
COLUMBIA,2020,83,
COLUMBIA,2020,82,
COLUMBIA,2020,81,
COLUMBIA,2020,80,
COLUMBIA,2020,79,
COLUMBIA,2020,78,
COLUMBIA,2020,77,
COLUMBIA,2020,76,
COLUMBIA,2020,75,
COLUMBIA,2020,74,
COLUMBIA,2020,73,
COLUMBIA,2020,72,
COLUMBIA,2020,71,
COLUMBIA,2020,70,
COLUMBIA,2020,69,
COLUMBIA,2020,68,
COLUMBIA,2020,67,
COLUMBIA,2020,66,
COLUMBIA,2020,65,
COLUMBIA,2020,64,
COLUMBIA,2020,63,
COLUMBIA,2020,62,
COLUMBIA,2020,61,
COLUMBIA,2020,60,
COLUMBIA,2020,59,
COLUMBIA,2020,58,
COLUMBIA,2020,57,
COLUMBIA,2020,56,
COLUMBIA,2020,55,
COLUMBIA,2020,54,
COLUMBIA,2020,53,
COLUMBIA,2020,52,
COLUMBIA,2020,51,
COLUMBIA,2020,50,
COLUMBIA,2020,49,
COLUMBIA,2020,48,
COLUMBIA,2020,47,
COLUMBIA,2020,46,
COLUMBIA,2020,45,
COLUMBIA,2020,44,
COLUMBIA,2020,43,
COLUMBIA,2020,42,
COLUMBIA,2020,41,
COLUMBIA,2020,40,
COLUMBIA,2020,39,
COLUMBIA,2020,38,
COLUMBIA,2020,37,
COLUMBIA,2020,36,
COLUMBIA,2020,35,
COLUMBIA,2020,34,
COLUMBIA,2020,33,
COLUMBIA,2020,32,
COLUMBIA,2020,31,
COLUMBIA,2020,30,
COLUMBIA,2020,29,
COLUMBIA,2020,28,
COLUMBIA,2020,27,
COLUMBIA,2020,26,
COLUMBIA,2020,25,
COLUMBIA,2020,24,
COLUMBIA,2020,23,
COLUMBIA,2020,22,
COLUMBIA,2020,21,
COLUMBIA,2020,20,
COLUMBIA,2020,19,
COLUMBIA,2020,18,
COLUMBIA,2020,17,
COLUMBIA,2020,16,
COLUMBIA,2020,15,
COLUMBIA,2020,14,
COLUMBIA,2020,13,
COLUMBIA,2020,12,
COLUMBIA,2020,11,
COLUMBIA,2020,10,
COLUMBIA,2020,9,
COLUMBIA,2020,8,
COLUMBIA,2020,7,
COLUMBIA,2020,6,
COLUMBIA,2020,5,
COLUMBIA,2020,4,
COLUMBIA,2020,3,
COLUMBIA,2020,2,
MIAMI,2020,366,22.000000
MIAMI,2020,365,22.000000
MIAMI,2020,364,22.000000
MIAMI,2020,363,22.000000
MIAMI,2020,362,
MIAMI,2020,361,
MIAMI,2020,360,
MIAMI,2020,359,
MIAMI,2020,358,22.000000
MIAMI,2020,357,22.000000
MIAMI,2020,356,22.000000
MIAMI,2020,355,
MIAMI,2020,354,
MIAMI,2020,353,22.000000
MIAMI,2020,352,22.000000
MIAMI,2020,351,22.000000
MIAMI,2020,350,22.000000
MIAMI,2020,349,22.000000
MIAMI,2020,348,
MIAMI,2020,347,
MIAMI,2020,346,22.000000
MIAMI,2020,345,22.000000
MIAMI,2020,344,22.000000
MIAMI,2020,343,22.000000
MIAMI,2020,342,22.000000
MIAMI,2020,341,
MIAMI,2020,340,
MIAMI,2020,339,22.000000
MIAMI,2020,338,22.000000
MIAMI,2020,337,22.000000
MIAMI,2020,336,22.000000
MIAMI,2020,335,22.000000
MIAMI,2020,334,
MIAMI,2020,333,
MIAMI,2020,332,22.000000
MIAMI,2020,331,
MIAMI,2020,330,22.000000
MIAMI,2020,329,22.000000
MIAMI,2020,328,22.000000
MIAMI,2020,327,
MIAMI,2020,326,
MIAMI,2020,325,22.000000
MIAMI,2020,324,22.000000
MIAMI,2020,323,22.000000
MIAMI,2020,322,22.000000
MIAMI,2020,321,22.000000
MIAMI,2020,320,
MIAMI,2020,319,
MIAMI,2020,318,22.000000
MIAMI,2020,317,22.000000
MIAMI,2020,316,
MIAMI,2020,315,22.000000
MIAMI,2020,314,36.000000
MIAMI,2020,313,
MIAMI,2020,312,
MIAMI,2020,311,36.000000
MIAMI,2020,310,36.000000
MIAMI,2020,309,36.000000
MIAMI,2020,308,36.000000
MIAMI,2020,307,36.000000
MIAMI,2020,306,
MIAMI,2020,305,
MIAMI,2020,304,36.000000
MIAMI,2020,303,36.000000
MIAMI,2020,302,36.000000
MIAMI,2020,301,36.000000
MIAMI,2020,300,36.000000
MIAMI,2020,299,
MIAMI,2020,298,
MIAMI,2020,297,36.000000
MIAMI,2020,296,36.000000
MIAMI,2020,295,26.500000
MIAMI,2020,294,26.500000
MIAMI,2020,293,26.500000
MIAMI,2020,292,
MIAMI,2020,291,
MIAMI,2020,290,26.500000
MIAMI,2020,289,26.500000
MIAMI,2020,288,26.500000
MIAMI,2020,287,26.500000
MIAMI,2020,286,
MIAMI,2020,285,
MIAMI,2020,284,
MIAMI,2020,283,26.500000
MIAMI,2020,282,26.500000
MIAMI,2020,281,26.500000
MIAMI,2020,280,26.500000
MIAMI,2020,279,26.500000
MIAMI,2020,278,
MIAMI,2020,277,
MIAMI,2020,276,26.500000
MIAMI,2020,275,26.500000
MIAMI,2020,274,26.500000
MIAMI,2020,273,26.500000
MIAMI,2020,272,26.500000
MIAMI,2020,271,
MIAMI,2020,270,
MIAMI,2020,269,26.500000
MIAMI,2020,268,26.500000
MIAMI,2020,267,26.500000
MIAMI,2020,266,26.500000
MIAMI,2020,265,26.500000
MIAMI,2020,264,
MIAMI,2020,263,
MIAMI,2020,262,26.500000
MIAMI,2020,261,26.500000
MIAMI,2020,260,26.500000
MIAMI,2020,259,26.500000
MIAMI,2020,258,26.500000
MIAMI,2020,257,
MIAMI,2020,256,
MIAMI,2020,255,26.500000
MIAMI,2020,254,26.500000
MIAMI,2020,253,26.500000
MIAMI,2020,252,26.500000
MIAMI,2020,251,
MIAMI,2020,250,
MIAMI,2020,249,
MIAMI,2020,248,26.500000
MIAMI,2020,247,26.500000
MIAMI,2020,246,26.500000
MIAMI,2020,245,26.500000
MIAMI,2020,244,26.500000
MIAMI,2020,243,
MIAMI,2020,242,
MIAMI,2020,241,26.500000
MIAMI,2020,240,26.500000
MIAMI,2020,239,26.500000
MIAMI,2020,238,26.500000
MIAMI,2020,237,26.500000
MIAMI,2020,236,
MIAMI,2020,235,
MIAMI,2020,234,26.500000
MIAMI,2020,233,26.500000
MIAMI,2020,232,26.500000
MIAMI,2020,231,26.500000
MIAMI,2020,230,26.500000
MIAMI,2020,229,
MIAMI,2020,228,
MIAMI,2020,227,26.500000
MIAMI,2020,226,26.500000
MIAMI,2020,225,26.500000
MIAMI,2020,224,26.500000
MIAMI,2020,223,26.500000
MIAMI,2020,222,
MIAMI,2020,221,
MIAMI,2020,220,26.500000
MIAMI,2020,219,26.500000
MIAMI,2020,218,26.500000
MIAMI,2020,217,26.500000
MIAMI,2020,216,26.500000
MIAMI,2020,215,
MIAMI,2020,214,
MIAMI,2020,213,26.500000
MIAMI,2020,212,26.500000
MIAMI,2020,211,26.500000
MIAMI,2020,210,26.500000
MIAMI,2020,209,26.500000
MIAMI,2020,208,
MIAMI,2020,207,
MIAMI,2020,206,23.000000
MIAMI,2020,205,23.000000
MIAMI,2020,204,23.000000
MIAMI,2020,203,23.000000
MIAMI,2020,202,23.000000
MIAMI,2020,201,
MIAMI,2020,200,
MIAMI,2020,199,23.000000
MIAMI,2020,198,23.000000
MIAMI,2020,197,23.000000
MIAMI,2020,196,23.000000
MIAMI,2020,195,23.000000
MIAMI,2020,194,
MIAMI,2020,193,
MIAMI,2020,192,23.000000
MIAMI,2020,191,21.000000
MIAMI,2020,190,21.000000
MIAMI,2020,189,21.000000
MIAMI,2020,188,21.000000
MIAMI,2020,187,
MIAMI,2020,186,
MIAMI,2020,185,
MIAMI,2020,184,21.000000
MIAMI,2020,183,21.000000
MIAMI,2020,182,21.000000
MIAMI,2020,181,21.000000
MIAMI,2020,180,
MIAMI,2020,179,
MIAMI,2020,178,21.000000
MIAMI,2020,177,21.000000
MIAMI,2020,176,21.000000
MIAMI,2020,175,21.000000
MIAMI,2020,174,21.000000
MIAMI,2020,173,
MIAMI,2020,172,
MIAMI,2020,171,21.000000
MIAMI,2020,170,21.000000
MIAMI,2020,169,21.000000
MIAMI,2020,168,21.000000
MIAMI,2020,167,21.000000
MIAMI,2020,166,
MIAMI,2020,165,
MIAMI,2020,164,21.000000
MIAMI,2020,163,23.000000
MIAMI,2020,162,23.000000
MIAMI,2020,161,23.000000
MIAMI,2020,160,23.000000
MIAMI,2020,159,
MIAMI,2020,158,
MIAMI,2020,157,23.000000
MIAMI,2020,156,23.000000
MIAMI,2020,155,23.000000
MIAMI,2020,154,23.000000
MIAMI,2020,153,23.000000
MIAMI,2020,152,
MIAMI,2020,151,
MIAMI,2020,150,23.000000
MIAMI,2020,149,23.000000
MIAMI,2020,148,23.000000
MIAMI,2020,147,23.000000
MIAMI,2020,146,
MIAMI,2020,145,
MIAMI,2020,144,
MIAMI,2020,143,23.000000
MIAMI,2020,142,23.000000
MIAMI,2020,141,23.000000
MIAMI,2020,140,23.000000
MIAMI,2020,139,23.000000
MIAMI,2020,138,
MIAMI,2020,137,
MIAMI,2020,136,21.000000
MIAMI,2020,135,21.000000
MIAMI,2020,134,21.000000
MIAMI,2020,133,21.000000
MIAMI,2020,132,21.000000
MIAMI,2020,131,
MIAMI,2020,130,
MIAMI,2020,129,21.000000
MIAMI,2020,128,21.000000
MIAMI,2020,127,21.000000
MIAMI,2020,126,21.000000
MIAMI,2020,125,21.000000
MIAMI,2020,124,
MIAMI,2020,123,
MIAMI,2020,122,21.000000
MIAMI,2020,121,21.000000
MIAMI,2020,120,21.000000
MIAMI,2020,119,21.000000
MIAMI,2020,118,21.000000
MIAMI,2020,117,
MIAMI,2020,116,
MIAMI,2020,115,21.000000
MIAMI,2020,114,21.000000
MIAMI,2020,113,21.000000
MIAMI,2020,112,21.000000
MIAMI,2020,111,21.000000
MIAMI,2020,110,
MIAMI,2020,109,
MIAMI,2020,108,21.000000
MIAMI,2020,107,21.000000
MIAMI,2020,106,21.000000
MIAMI,2020,105,21.000000
MIAMI,2020,104,21.000000
MIAMI,2020,103,
MIAMI,2020,102,
MIAMI,2020,101,21.000000
MIAMI,2020,100,21.000000
MIAMI,2020,99,21.000000
MIAMI,2020,98,21.000000
MIAMI,2020,97,21.000000
MIAMI,2020,96,
MIAMI,2020,95,
MIAMI,2020,94,
MIAMI,2020,93,
MIAMI,2020,92,
MIAMI,2020,91,
MIAMI,2020,90,
MIAMI,2020,89,
MIAMI,2020,88,
MIAMI,2020,87,
MIAMI,2020,86,
MIAMI,2020,85,
MIAMI,2020,84,
MIAMI,2020,83,
MIAMI,2020,82,
MIAMI,2020,81,
MIAMI,2020,80,
MIAMI,2020,79,
MIAMI,2020,78,
MIAMI,2020,77,
MIAMI,2020,76,
MIAMI,2020,75,
MIAMI,2020,74,
MIAMI,2020,73,
MIAMI,2020,72,
MIAMI,2020,71,
MIAMI,2020,70,
MIAMI,2020,69,
MIAMI,2020,68,
MIAMI,2020,67,
MIAMI,2020,66,
MIAMI,2020,65,
MIAMI,2020,64,
MIAMI,2020,63,
MIAMI,2020,62,
MIAMI,2020,61,
MIAMI,2020,60,
MIAMI,2020,59,
MIAMI,2020,58,
MIAMI,2020,57,
MIAMI,2020,56,
MIAMI,2020,55,
MIAMI,2020,54,
MIAMI,2020,53,
MIAMI,2020,52,
MIAMI,2020,51,
MIAMI,2020,50,
MIAMI,2020,49,
MIAMI,2020,48,
MIAMI,2020,47,
MIAMI,2020,46,
MIAMI,2020,45,
MIAMI,2020,44,
MIAMI,2020,43,
MIAMI,2020,42,
MIAMI,2020,41,
MIAMI,2020,40,
MIAMI,2020,39,
MIAMI,2020,38,
MIAMI,2020,37,
MIAMI,2020,36,
MIAMI,2020,35,
MIAMI,2020,34,
MIAMI,2020,33,
MIAMI,2020,32,
MIAMI,2020,31,
MIAMI,2020,30,
MIAMI,2020,29,
MIAMI,2020,28,
MIAMI,2020,27,
MIAMI,2020,26,
MIAMI,2020,25,
MIAMI,2020,24,
MIAMI,2020,23,
MIAMI,2020,22,
MIAMI,2020,21,
MIAMI,2020,20,
MIAMI,2020,19,
MIAMI,2020,18,
MIAMI,2020,17,
MIAMI,2020,16,
MIAMI,2020,15,
MIAMI,2020,14,
MIAMI,2020,13,
MIAMI,2020,12,
MIAMI,2020,11,
MIAMI,2020,10,
MIAMI,2020,9,
MIAMI,2020,8,
MIAMI,2020,7,
MIAMI,2020,6,
MIAMI,2020,5,
MIAMI,2020,4,
MIAMI,2020,3,
MIAMI,2020,2,
NEW YORK,2020,366,29.000000
NEW YORK,2020,365,29.000000
NEW YORK,2020,364,17.833333
NEW YORK,2020,363,17.833333
NEW YORK,2020,362,
NEW YORK,2020,361,
NEW YORK,2020,360,
NEW YORK,2020,359,
NEW YORK,2020,358,21.000000
NEW YORK,2020,357,22.000000
NEW YORK,2020,356,22.000000
NEW YORK,2020,355,
NEW YORK,2020,354,
NEW YORK,2020,353,23.000000
NEW YORK,2020,352,27.000000
NEW YORK,2020,351,
NEW YORK,2020,350,13.000000
NEW YORK,2020,349,15.000000
NEW YORK,2020,348,
NEW YORK,2020,347,
NEW YORK,2020,346,15.000000
NEW YORK,2020,345,15.000000
NEW YORK,2020,344,14.750000
NEW YORK,2020,343,14.000000
NEW YORK,2020,342,14.000000
NEW YORK,2020,341,
NEW YORK,2020,340,
NEW YORK,2020,339,18.500000
NEW YORK,2020,338,18.500000
NEW YORK,2020,337,20.500000
NEW YORK,2020,336,16.000000
NEW YORK,2020,335,17.333333
NEW YORK,2020,334,
NEW YORK,2020,333,
NEW YORK,2020,332,
NEW YORK,2020,331,
NEW YORK,2020,330,14.200000
NEW YORK,2020,329,18.166666
NEW YORK,2020,328,18.166666
NEW YORK,2020,327,
NEW YORK,2020,326,
NEW YORK,2020,325,17.666666
NEW YORK,2020,324,17.666666
NEW YORK,2020,323,17.666666
NEW YORK,2020,322,19.000000
NEW YORK,2020,321,19.000000
NEW YORK,2020,320,
NEW YORK,2020,319,
NEW YORK,2020,318,18.250000
NEW YORK,2020,317,18.250000
NEW YORK,2020,316,
NEW YORK,2020,315,19.500000
NEW YORK,2020,314,24.000000
NEW YORK,2020,313,
NEW YORK,2020,312,
NEW YORK,2020,311,27.000000
NEW YORK,2020,310,27.000000
NEW YORK,2020,309,26.000000
NEW YORK,2020,308,26.333333
NEW YORK,2020,307,26.333333
NEW YORK,2020,306,
NEW YORK,2020,305,
NEW YORK,2020,304,27.000000
NEW YORK,2020,303,27.000000
NEW YORK,2020,302,29.500000
NEW YORK,2020,301,31.500000
NEW YORK,2020,300,32.000000
NEW YORK,2020,299,
NEW YORK,2020,298,
NEW YORK,2020,297,32.500000
NEW YORK,2020,296,33.500000
NEW YORK,2020,295,36.000000
NEW YORK,2020,294,36.500000
NEW YORK,2020,293,36.500000
NEW YORK,2020,292,
NEW YORK,2020,291,
NEW YORK,2020,290,42.250000
NEW YORK,2020,289,42.250000
NEW YORK,2020,288,42.250000
NEW YORK,2020,287,43.250000
NEW YORK,2020,286,
NEW YORK,2020,285,
NEW YORK,2020,284,
NEW YORK,2020,283,43.500000
NEW YORK,2020,282,43.500000
NEW YORK,2020,281,43.500000
NEW YORK,2020,280,39.333333
NEW YORK,2020,279,39.333333
NEW YORK,2020,278,
NEW YORK,2020,277,
NEW YORK,2020,276,40.833333
NEW YORK,2020,275,40.833333
NEW YORK,2020,274,37.333333
NEW YORK,2020,273,37.000000
NEW YORK,2020,272,40.500000
NEW YORK,2020,271,
NEW YORK,2020,270,
NEW YORK,2020,269,39.500000
NEW YORK,2020,268,34.600000
NEW YORK,2020,267,42.500000
NEW YORK,2020,266,43.750000
NEW YORK,2020,265,42.500000
NEW YORK,2020,264,
NEW YORK,2020,263,
NEW YORK,2020,262,30.500000
NEW YORK,2020,261,31.750000
NEW YORK,2020,260,31.250000
NEW YORK,2020,259,37.500000
NEW YORK,2020,258,28.750000
NEW YORK,2020,257,
NEW YORK,2020,256,
NEW YORK,2020,255,22.000000
NEW YORK,2020,254,22.000000
NEW YORK,2020,253,26.500000
NEW YORK,2020,252,26.500000
NEW YORK,2020,251,
NEW YORK,2020,250,
NEW YORK,2020,249,
NEW YORK,2020,248,17.750000
NEW YORK,2020,247,18.250000
NEW YORK,2020,246,18.500000
NEW YORK,2020,245,18.750000
NEW YORK,2020,244,18.750000
NEW YORK,2020,243,
NEW YORK,2020,242,
NEW YORK,2020,241,14.625000
NEW YORK,2020,240,14.625000
NEW YORK,2020,239,14.750000
NEW YORK,2020,238,13.666666
NEW YORK,2020,237,13.666666
NEW YORK,2020,236,
NEW YORK,2020,235,
NEW YORK,2020,234,11.333333
NEW YORK,2020,233,11.333333
NEW YORK,2020,232,11.333333
NEW YORK,2020,231,13.250000
NEW YORK,2020,230,13.500000
NEW YORK,2020,229,
NEW YORK,2020,228,
NEW YORK,2020,227,14.000000
NEW YORK,2020,226,14.000000
NEW YORK,2020,225,14.000000
NEW YORK,2020,224,14.000000
NEW YORK,2020,223,14.000000
NEW YORK,2020,222,
NEW YORK,2020,221,
NEW YORK,2020,220,16.750000
NEW YORK,2020,219,16.750000
NEW YORK,2020,218,16.750000
NEW YORK,2020,217,17.375000
NEW YORK,2020,216,17.375000
NEW YORK,2020,215,
NEW YORK,2020,214,
NEW YORK,2020,213,14.500000
NEW YORK,2020,212,14.500000
NEW YORK,2020,211,15.000000
NEW YORK,2020,210,17.750000
NEW YORK,2020,209,17.900000
NEW YORK,2020,208,
NEW YORK,2020,207,
NEW YORK,2020,206,20.333333
NEW YORK,2020,205,35.000000
NEW YORK,2020,204,22.250000
NEW YORK,2020,203,36.500000
NEW YORK,2020,202,36.500000
NEW YORK,2020,201,
NEW YORK,2020,200,
NEW YORK,2020,199,35.000000
NEW YORK,2020,198,47.000000
NEW YORK,2020,197,47.000000
NEW YORK,2020,196,47.000000
NEW YORK,2020,195,47.000000
NEW YORK,2020,194,
NEW YORK,2020,193,
NEW YORK,2020,192,42.400000
NEW YORK,2020,191,42.000000
NEW YORK,2020,190,42.500000
NEW YORK,2020,189,42.500000
NEW YORK,2020,188,42.500000
NEW YORK,2020,187,
NEW YORK,2020,186,
NEW YORK,2020,185,
NEW YORK,2020,184,26.000000
NEW YORK,2020,183,26.000000
NEW YORK,2020,182,
NEW YORK,2020,181,
NEW YORK,2020,180,
NEW YORK,2020,179,
NEW YORK,2020,178,17.000000
NEW YORK,2020,177,17.000000
NEW YORK,2020,176,11.750000
NEW YORK,2020,175,15.600000
NEW YORK,2020,174,15.600000
NEW YORK,2020,173,
NEW YORK,2020,172,
NEW YORK,2020,171,17.000000
NEW YORK,2020,170,12.428571
NEW YORK,2020,169,13.750000
NEW YORK,2020,168,16.000000
NEW YORK,2020,167,16.571428
NEW YORK,2020,166,
NEW YORK,2020,165,
NEW YORK,2020,164,20.200000
NEW YORK,2020,163,16.625000
NEW YORK,2020,162,16.555555
NEW YORK,2020,161,18.500000
NEW YORK,2020,160,17.833333
NEW YORK,2020,159,
NEW YORK,2020,158,
NEW YORK,2020,157,23.500000
NEW YORK,2020,156,23.500000
NEW YORK,2020,155,26.000000
NEW YORK,2020,154,26.000000
NEW YORK,2020,153,26.000000
NEW YORK,2020,152,
NEW YORK,2020,151,
NEW YORK,2020,150,24.000000
NEW YORK,2020,149,27.600000
NEW YORK,2020,148,29.000000
NEW YORK,2020,147,29.000000
NEW YORK,2020,146,
NEW YORK,2020,145,
NEW YORK,2020,144,
NEW YORK,2020,143,26.000000
NEW YORK,2020,142,26.000000
NEW YORK,2020,141,26.000000
NEW YORK,2020,140,26.000000
NEW YORK,2020,139,26.000000
NEW YORK,2020,138,
NEW YORK,2020,137,
NEW YORK,2020,136,27.000000
NEW YORK,2020,135,27.000000
NEW YORK,2020,134,27.000000
NEW YORK,2020,133,27.000000
NEW YORK,2020,132,27.000000
NEW YORK,2020,131,
NEW YORK,2020,130,
NEW YORK,2020,129,27.333333
NEW YORK,2020,128,27.333333
NEW YORK,2020,127,27.333333
NEW YORK,2020,126,27.333333
NEW YORK,2020,125,27.333333
NEW YORK,2020,124,
NEW YORK,2020,123,
NEW YORK,2020,122,27.000000
NEW YORK,2020,121,27.000000
NEW YORK,2020,120,27.000000
NEW YORK,2020,119,27.000000
NEW YORK,2020,118,27.000000
NEW YORK,2020,117,
NEW YORK,2020,116,
NEW YORK,2020,115,20.666666
NEW YORK,2020,114,20.666666
NEW YORK,2020,113,20.666666
NEW YORK,2020,112,20.000000
NEW YORK,2020,111,19.166666
NEW YORK,2020,110,
NEW YORK,2020,109,
NEW YORK,2020,108,20.666666
NEW YORK,2020,107,20.666666
NEW YORK,2020,106,26.125000
NEW YORK,2020,105,26.125000
NEW YORK,2020,104,
NEW YORK,2020,103,
NEW YORK,2020,102,
NEW YORK,2020,101,23.666666
NEW YORK,2020,100,23.666666
NEW YORK,2020,99,24.666666
NEW YORK,2020,98,24.666666
NEW YORK,2020,97,24.666666
NEW YORK,2020,96,
NEW YORK,2020,95,
NEW YORK,2020,94,31.000000
NEW YORK,2020,93,28.000000
NEW YORK,2020,92,
NEW YORK,2020,91,15.000000
NEW YORK,2020,90,15.000000
NEW YORK,2020,89,
NEW YORK,2020,88,
NEW YORK,2020,87,36.000000
NEW YORK,2020,86,36.000000
NEW YORK,2020,85,36.000000
NEW YORK,2020,84,36.000000
NEW YORK,2020,83,26.800000
NEW YORK,2020,82,
NEW YORK,2020,81,
NEW YORK,2020,80,26.800000
NEW YORK,2020,79,26.800000
NEW YORK,2020,78,25.750000
NEW YORK,2020,77,25.750000
NEW YORK,2020,76,36.000000
NEW YORK,2020,75,
NEW YORK,2020,74,
NEW YORK,2020,73,29.000000
NEW YORK,2020,72,29.000000
NEW YORK,2020,71,29.333333
NEW YORK,2020,70,32.000000
NEW YORK,2020,69,17.000000
NEW YORK,2020,68,
NEW YORK,2020,67,
NEW YORK,2020,66,32.000000
NEW YORK,2020,65,28.750000
NEW YORK,2020,64,28.750000
NEW YORK,2020,63,32.000000
NEW YORK,2020,62,23.000000
NEW YORK,2020,61,
NEW YORK,2020,60,
NEW YORK,2020,59,25.125000
NEW YORK,2020,58,25.125000
NEW YORK,2020,57,36.250000
NEW YORK,2020,56,36.250000
NEW YORK,2020,55,37.000000
NEW YORK,2020,54,
NEW YORK,2020,53,
NEW YORK,2020,52,37.000000
NEW YORK,2020,51,36.000000
NEW YORK,2020,50,36.000000
NEW YORK,2020,49,36.500000
NEW YORK,2020,48,
NEW YORK,2020,47,
NEW YORK,2020,46,
NEW YORK,2020,45,37.333333
NEW YORK,2020,44,37.333333
NEW YORK,2020,43,36.833333
NEW YORK,2020,42,38.000000
NEW YORK,2020,41,38.000000
NEW YORK,2020,40,
NEW YORK,2020,39,
NEW YORK,2020,38,39.500000
NEW YORK,2020,37,39.000000
NEW YORK,2020,36,40.000000
NEW YORK,2020,35,39.000000
NEW YORK,2020,34,39.000000
NEW YORK,2020,33,
NEW YORK,2020,32,
NEW YORK,2020,31,39.000000
NEW YORK,2020,30,
NEW YORK,2020,29,32.000000
NEW YORK,2020,28,32.000000
NEW YORK,2020,27,30.000000
NEW YORK,2020,26,
NEW YORK,2020,25,
NEW YORK,2020,24,31.333333
NEW YORK,2020,23,31.333333
NEW YORK,2020,22,31.333333
NEW YORK,2020,21,30.666666
NEW YORK,2020,20,
NEW YORK,2020,19,
NEW YORK,2020,18,
NEW YORK,2020,17,21.500000
NEW YORK,2020,16,21.500000
NEW YORK,2020,15,25.000000
NEW YORK,2020,14,25.000000
NEW YORK,2020,13,25.000000
NEW YORK,2020,12,
NEW YORK,2020,11,
NEW YORK,2020,10,21.666666
NEW YORK,2020,9,21.666666
NEW YORK,2020,8,21.666666
NEW YORK,2020,7,21.666666
NEW YORK,2020,6,21.666666
NEW YORK,2020,5,
NEW YORK,2020,4,
NEW YORK,2020,3,36.250000
NEW YORK,2020,2,36.250000
PHILADELPHIA,2020,366,21.000000
PHILADELPHIA,2020,365,21.000000
PHILADELPHIA,2020,364,21.000000
PHILADELPHIA,2020,363,21.000000
PHILADELPHIA,2020,362,
PHILADELPHIA,2020,361,
PHILADELPHIA,2020,360,
PHILADELPHIA,2020,359,
PHILADELPHIA,2020,358,21.000000
PHILADELPHIA,2020,357,21.000000
PHILADELPHIA,2020,356,21.000000
PHILADELPHIA,2020,355,
PHILADELPHIA,2020,354,
PHILADELPHIA,2020,353,16.333333
PHILADELPHIA,2020,352,16.333333
PHILADELPHIA,2020,351,15.312500
PHILADELPHIA,2020,350,16.625000
PHILADELPHIA,2020,349,16.625000
PHILADELPHIA,2020,348,
PHILADELPHIA,2020,347,
PHILADELPHIA,2020,346,17.250000
PHILADELPHIA,2020,345,17.250000
PHILADELPHIA,2020,344,17.250000
PHILADELPHIA,2020,343,17.250000
PHILADELPHIA,2020,342,17.250000
PHILADELPHIA,2020,341,
PHILADELPHIA,2020,340,
PHILADELPHIA,2020,339,18.333333
PHILADELPHIA,2020,338,18.333333
PHILADELPHIA,2020,337,18.333333
PHILADELPHIA,2020,336,19.250000
PHILADELPHIA,2020,335,19.250000
PHILADELPHIA,2020,334,
PHILADELPHIA,2020,333,
PHILADELPHIA,2020,332,
PHILADELPHIA,2020,331,
PHILADELPHIA,2020,330,21.000000
PHILADELPHIA,2020,329,21.000000
PHILADELPHIA,2020,328,21.000000
PHILADELPHIA,2020,327,
PHILADELPHIA,2020,326,
PHILADELPHIA,2020,325,20.500000
PHILADELPHIA,2020,324,20.500000
PHILADELPHIA,2020,323,20.500000
PHILADELPHIA,2020,322,21.166666
PHILADELPHIA,2020,321,21.166666
PHILADELPHIA,2020,320,
PHILADELPHIA,2020,319,
PHILADELPHIA,2020,318,21.666666
PHILADELPHIA,2020,317,21.666666
PHILADELPHIA,2020,316,
PHILADELPHIA,2020,315,20.125000
PHILADELPHIA,2020,314,21.437500
PHILADELPHIA,2020,313,
PHILADELPHIA,2020,312,
PHILADELPHIA,2020,311,22.062500
PHILADELPHIA,2020,310,22.062500
PHILADELPHIA,2020,309,22.062500
PHILADELPHIA,2020,308,22.062500
PHILADELPHIA,2020,307,20.500000
PHILADELPHIA,2020,306,
PHILADELPHIA,2020,305,
PHILADELPHIA,2020,304,24.000000
PHILADELPHIA,2020,303,24.500000
PHILADELPHIA,2020,302,29.500000
PHILADELPHIA,2020,301,29.500000
PHILADELPHIA,2020,300,29.500000
PHILADELPHIA,2020,299,
PHILADELPHIA,2020,298,
PHILADELPHIA,2020,297,29.166666
PHILADELPHIA,2020,296,29.166666
PHILADELPHIA,2020,295,32.000000
PHILADELPHIA,2020,294,32.000000
PHILADELPHIA,2020,293,32.000000
PHILADELPHIA,2020,292,
PHILADELPHIA,2020,291,
PHILADELPHIA,2020,290,44.000000
PHILADELPHIA,2020,289,44.000000
PHILADELPHIA,2020,288,46.000000
PHILADELPHIA,2020,287,46.000000
PHILADELPHIA,2020,286,
PHILADELPHIA,2020,285,
PHILADELPHIA,2020,284,
PHILADELPHIA,2020,283,48.000000
PHILADELPHIA,2020,282,48.000000
PHILADELPHIA,2020,281,48.000000
PHILADELPHIA,2020,280,48.000000
PHILADELPHIA,2020,279,48.000000
PHILADELPHIA,2020,278,
PHILADELPHIA,2020,277,
PHILADELPHIA,2020,276,29.000000
PHILADELPHIA,2020,275,40.000000
PHILADELPHIA,2020,274,40.000000
PHILADELPHIA,2020,273,40.000000
PHILADELPHIA,2020,272,40.000000
PHILADELPHIA,2020,271,
PHILADELPHIA,2020,270,
PHILADELPHIA,2020,269,28.000000
PHILADELPHIA,2020,268,28.000000
PHILADELPHIA,2020,267,28.000000
PHILADELPHIA,2020,266,28.000000
PHILADELPHIA,2020,265,28.000000
PHILADELPHIA,2020,264,
PHILADELPHIA,2020,263,
PHILADELPHIA,2020,262,14.500000
PHILADELPHIA,2020,261,14.500000
PHILADELPHIA,2020,260,14.500000
PHILADELPHIA,2020,259,14.500000
PHILADELPHIA,2020,258,14.500000
PHILADELPHIA,2020,257,
PHILADELPHIA,2020,256,
PHILADELPHIA,2020,255,14.500000
PHILADELPHIA,2020,254,14.500000
PHILADELPHIA,2020,253,
PHILADELPHIA,2020,252,12.000000
PHILADELPHIA,2020,251,
PHILADELPHIA,2020,250,
PHILADELPHIA,2020,249,
PHILADELPHIA,2020,248,12.000000
PHILADELPHIA,2020,247,12.000000
PHILADELPHIA,2020,246,12.000000
PHILADELPHIA,2020,245,12.000000
PHILADELPHIA,2020,244,12.000000
PHILADELPHIA,2020,243,
PHILADELPHIA,2020,242,
PHILADELPHIA,2020,241,13.500000
PHILADELPHIA,2020,240,13.500000
PHILADELPHIA,2020,239,13.500000
PHILADELPHIA,2020,238,13.500000
PHILADELPHIA,2020,237,13.500000
PHILADELPHIA,2020,236,
PHILADELPHIA,2020,235,
PHILADELPHIA,2020,234,12.000000
PHILADELPHIA,2020,233,12.000000
PHILADELPHIA,2020,232,12.000000
PHILADELPHIA,2020,231,12.000000
PHILADELPHIA,2020,230,12.000000
PHILADELPHIA,2020,229,
PHILADELPHIA,2020,228,
PHILADELPHIA,2020,227,14.000000
PHILADELPHIA,2020,226,14.000000
PHILADELPHIA,2020,225,14.000000
PHILADELPHIA,2020,224,14.000000
PHILADELPHIA,2020,223,15.000000
PHILADELPHIA,2020,222,
PHILADELPHIA,2020,221,
PHILADELPHIA,2020,220,19.000000
PHILADELPHIA,2020,219,19.000000
PHILADELPHIA,2020,218,19.000000
PHILADELPHIA,2020,217,20.000000
PHILADELPHIA,2020,216,18.500000
PHILADELPHIA,2020,215,
PHILADELPHIA,2020,214,
PHILADELPHIA,2020,213,23.000000
PHILADELPHIA,2020,212,23.000000
PHILADELPHIA,2020,211,23.000000
PHILADELPHIA,2020,210,24.000000
PHILADELPHIA,2020,209,24.000000
PHILADELPHIA,2020,208,
PHILADELPHIA,2020,207,
PHILADELPHIA,2020,206,28.000000
PHILADELPHIA,2020,205,28.000000
PHILADELPHIA,2020,204,28.000000
PHILADELPHIA,2020,203,30.000000
PHILADELPHIA,2020,202,30.000000
PHILADELPHIA,2020,201,
PHILADELPHIA,2020,200,
PHILADELPHIA,2020,199,33.000000
PHILADELPHIA,2020,198,36.500000
PHILADELPHIA,2020,197,33.750000
PHILADELPHIA,2020,196,33.750000
PHILADELPHIA,2020,195,33.250000
PHILADELPHIA,2020,194,
PHILADELPHIA,2020,193,
PHILADELPHIA,2020,192,33.250000
PHILADELPHIA,2020,191,31.250000
PHILADELPHIA,2020,190,31.250000
PHILADELPHIA,2020,189,31.250000
PHILADELPHIA,2020,188,
PHILADELPHIA,2020,187,
PHILADELPHIA,2020,186,
PHILADELPHIA,2020,185,
PHILADELPHIA,2020,184,27.400000
PHILADELPHIA,2020,183,27.000000
PHILADELPHIA,2020,182,24.125000
PHILADELPHIA,2020,181,21.500000
PHILADELPHIA,2020,180,
PHILADELPHIA,2020,179,
PHILADELPHIA,2020,178,14.666666
PHILADELPHIA,2020,177,14.666666
PHILADELPHIA,2020,176,14.666666
PHILADELPHIA,2020,175,14.666666
PHILADELPHIA,2020,174,14.666666
PHILADELPHIA,2020,173,
PHILADELPHIA,2020,172,
PHILADELPHIA,2020,171,18.200000
PHILADELPHIA,2020,170,18.200000
PHILADELPHIA,2020,169,18.200000
PHILADELPHIA,2020,168,18.400000
PHILADELPHIA,2020,167,18.400000
PHILADELPHIA,2020,166,
PHILADELPHIA,2020,165,
PHILADELPHIA,2020,164,20.750000
PHILADELPHIA,2020,163,20.750000
PHILADELPHIA,2020,162,20.750000
PHILADELPHIA,2020,161,21.000000
PHILADELPHIA,2020,160,21.000000
PHILADELPHIA,2020,159,
PHILADELPHIA,2020,158,
PHILADELPHIA,2020,157,19.500000
PHILADELPHIA,2020,156,19.500000
PHILADELPHIA,2020,155,22.000000
PHILADELPHIA,2020,154,23.250000
PHILADELPHIA,2020,153,25.000000
PHILADELPHIA,2020,152,
PHILADELPHIA,2020,151,
PHILADELPHIA,2020,150,29.666666
PHILADELPHIA,2020,149,29.666666
PHILADELPHIA,2020,148,30.000000
PHILADELPHIA,2020,147,30.500000
PHILADELPHIA,2020,146,
PHILADELPHIA,2020,145,
PHILADELPHIA,2020,144,
PHILADELPHIA,2020,143,27.500000
PHILADELPHIA,2020,142,27.500000
PHILADELPHIA,2020,141,28.000000
PHILADELPHIA,2020,140,28.000000
PHILADELPHIA,2020,139,28.750000
PHILADELPHIA,2020,138,
PHILADELPHIA,2020,137,
PHILADELPHIA,2020,136,28.750000
PHILADELPHIA,2020,135,28.750000
PHILADELPHIA,2020,134,28.750000
PHILADELPHIA,2020,133,28.750000
PHILADELPHIA,2020,132,28.750000
PHILADELPHIA,2020,131,
PHILADELPHIA,2020,130,
PHILADELPHIA,2020,129,26.500000
PHILADELPHIA,2020,128,26.500000
PHILADELPHIA,2020,127,26.500000
PHILADELPHIA,2020,126,25.500000
PHILADELPHIA,2020,125,25.500000
PHILADELPHIA,2020,124,
PHILADELPHIA,2020,123,
PHILADELPHIA,2020,122,25.500000
PHILADELPHIA,2020,121,25.500000
PHILADELPHIA,2020,120,25.500000
PHILADELPHIA,2020,119,26.000000
PHILADELPHIA,2020,118,26.000000
PHILADELPHIA,2020,117,
PHILADELPHIA,2020,116,
PHILADELPHIA,2020,115,21.666666
PHILADELPHIA,2020,114,21.666666
PHILADELPHIA,2020,113,21.666666
PHILADELPHIA,2020,112,21.666666
PHILADELPHIA,2020,111,20.500000
PHILADELPHIA,2020,110,
PHILADELPHIA,2020,109,
PHILADELPHIA,2020,108,21.000000
PHILADELPHIA,2020,107,21.000000
PHILADELPHIA,2020,106,21.000000
PHILADELPHIA,2020,105,21.000000
PHILADELPHIA,2020,104,
PHILADELPHIA,2020,103,
PHILADELPHIA,2020,102,
PHILADELPHIA,2020,101,21.000000
PHILADELPHIA,2020,100,21.000000
PHILADELPHIA,2020,99,21.000000
PHILADELPHIA,2020,98,21.000000
PHILADELPHIA,2020,97,21.000000
PHILADELPHIA,2020,96,
PHILADELPHIA,2020,95,
PHILADELPHIA,2020,94,23.750000
PHILADELPHIA,2020,93,23.750000
PHILADELPHIA,2020,92,23.750000
PHILADELPHIA,2020,91,23.750000
PHILADELPHIA,2020,90,23.750000
PHILADELPHIA,2020,89,
PHILADELPHIA,2020,88,
PHILADELPHIA,2020,87,24.000000
PHILADELPHIA,2020,86,24.000000
PHILADELPHIA,2020,85,24.000000
PHILADELPHIA,2020,84,24.000000
PHILADELPHIA,2020,83,24.000000
PHILADELPHIA,2020,82,
PHILADELPHIA,2020,81,
PHILADELPHIA,2020,80,24.000000
PHILADELPHIA,2020,79,24.000000
PHILADELPHIA,2020,78,24.000000
PHILADELPHIA,2020,77,24.000000
PHILADELPHIA,2020,76,24.000000
PHILADELPHIA,2020,75,
PHILADELPHIA,2020,74,
PHILADELPHIA,2020,73,24.000000
PHILADELPHIA,2020,72,24.000000
PHILADELPHIA,2020,71,25.000000
PHILADELPHIA,2020,70,25.000000
PHILADELPHIA,2020,69,25.000000
PHILADELPHIA,2020,68,
PHILADELPHIA,2020,67,
PHILADELPHIA,2020,66,25.000000
PHILADELPHIA,2020,65,25.000000
PHILADELPHIA,2020,64,25.000000
PHILADELPHIA,2020,63,25.000000
PHILADELPHIA,2020,62,27.750000
PHILADELPHIA,2020,61,
PHILADELPHIA,2020,60,
PHILADELPHIA,2020,59,27.750000
PHILADELPHIA,2020,58,31.250000
PHILADELPHIA,2020,57,44.000000
PHILADELPHIA,2020,56,44.000000
PHILADELPHIA,2020,55,44.000000
PHILADELPHIA,2020,54,
PHILADELPHIA,2020,53,
PHILADELPHIA,2020,52,
PHILADELPHIA,2020,51,
PHILADELPHIA,2020,50,
PHILADELPHIA,2020,49,
PHILADELPHIA,2020,48,
PHILADELPHIA,2020,47,
PHILADELPHIA,2020,46,
PHILADELPHIA,2020,45,43.000000
PHILADELPHIA,2020,44,43.000000
PHILADELPHIA,2020,43,20.000000
PHILADELPHIA,2020,42,20.000000
PHILADELPHIA,2020,41,20.000000
PHILADELPHIA,2020,40,
PHILADELPHIA,2020,39,
PHILADELPHIA,2020,38,34.000000
PHILADELPHIA,2020,37,34.000000
PHILADELPHIA,2020,36,34.000000
PHILADELPHIA,2020,35,34.000000
PHILADELPHIA,2020,34,34.000000
PHILADELPHIA,2020,33,
PHILADELPHIA,2020,32,
PHILADELPHIA,2020,31,34.000000
PHILADELPHIA,2020,30,34.000000
PHILADELPHIA,2020,29,34.000000
PHILADELPHIA,2020,28,34.000000
PHILADELPHIA,2020,27,34.000000
PHILADELPHIA,2020,26,
PHILADELPHIA,2020,25,
PHILADELPHIA,2020,24,25.000000
PHILADELPHIA,2020,23,25.000000
PHILADELPHIA,2020,22,25.000000
PHILADELPHIA,2020,21,25.000000
PHILADELPHIA,2020,20,
PHILADELPHIA,2020,19,
PHILADELPHIA,2020,18,
PHILADELPHIA,2020,17,25.000000
PHILADELPHIA,2020,16,25.000000
PHILADELPHIA,2020,15,25.000000
PHILADELPHIA,2020,14,25.000000
PHILADELPHIA,2020,13,27.000000
PHILADELPHIA,2020,12,
PHILADELPHIA,2020,11,
PHILADELPHIA,2020,10,27.000000
PHILADELPHIA,2020,9,27.000000
PHILADELPHIA,2020,8,24.000000
PHILADELPHIA,2020,7,24.000000
PHILADELPHIA,2020,6,
PHILADELPHIA,2020,5,
PHILADELPHIA,2020,4,
PHILADELPHIA,2020,3,8.000000
PHILADELPHIA,2020,2,8.000000
BALTIMORE,2019,366,
BALTIMORE,2019,365,21.500000
BALTIMORE,2019,364,17.500000
BALTIMORE,2019,363,
BALTIMORE,2019,362,
BALTIMORE,2019,361,17.000000
BALTIMORE,2019,360,17.000000
BALTIMORE,2019,359,
BALTIMORE,2019,358,
BALTIMORE,2019,357,16.000000
BALTIMORE,2019,356,
BALTIMORE,2019,355,
BALTIMORE,2019,354,16.000000
BALTIMORE,2019,353,16.000000
BALTIMORE,2019,352,16.000000
BALTIMORE,2019,351,16.000000
BALTIMORE,2019,350,16.500000
BALTIMORE,2019,349,
BALTIMORE,2019,348,
BALTIMORE,2019,347,18.000000
BALTIMORE,2019,346,18.000000
BALTIMORE,2019,345,20.000000
BALTIMORE,2019,344,20.000000
BALTIMORE,2019,343,20.000000
BALTIMORE,2019,342,
BALTIMORE,2019,341,
BALTIMORE,2019,340,20.000000
BALTIMORE,2019,339,20.000000
BALTIMORE,2019,338,20.000000
BALTIMORE,2019,337,20.000000
BALTIMORE,2019,336,20.000000
BALTIMORE,2019,335,
BALTIMORE,2019,334,
BALTIMORE,2019,333,20.000000
BALTIMORE,2019,332,
BALTIMORE,2019,331,
BALTIMORE,2019,330,16.500000
BALTIMORE,2019,329,17.750000
BALTIMORE,2019,328,
BALTIMORE,2019,327,
BALTIMORE,2019,326,19.500000
BALTIMORE,2019,325,19.500000
BALTIMORE,2019,324,22.250000
BALTIMORE,2019,323,22.250000
BALTIMORE,2019,322,22.250000
BALTIMORE,2019,321,
BALTIMORE,2019,320,
BALTIMORE,2019,319,22.500000
BALTIMORE,2019,318,22.500000
BALTIMORE,2019,317,22.500000
BALTIMORE,2019,316,22.500000
BALTIMORE,2019,315,
BALTIMORE,2019,314,
BALTIMORE,2019,313,
BALTIMORE,2019,312,15.750000
BALTIMORE,2019,311,15.750000
BALTIMORE,2019,310,15.750000
BALTIMORE,2019,309,21.500000
BALTIMORE,2019,308,21.500000
BALTIMORE,2019,307,
BALTIMORE,2019,306,
BALTIMORE,2019,305,19.000000
BALTIMORE,2019,304,19.000000
BALTIMORE,2019,303,19.000000
BALTIMORE,2019,302,19.000000
BALTIMORE,2019,301,19.000000
BALTIMORE,2019,300,
BALTIMORE,2019,299,
BALTIMORE,2019,298,14.500000
BALTIMORE,2019,297,14.500000
BALTIMORE,2019,296,14.500000
BALTIMORE,2019,295,14.500000
BALTIMORE,2019,294,19.000000
BALTIMORE,2019,293,
BALTIMORE,2019,292,
BALTIMORE,2019,291,14.000000
BALTIMORE,2019,290,14.000000
BALTIMORE,2019,289,15.166666
BALTIMORE,2019,288,15.166666
BALTIMORE,2019,287,
BALTIMORE,2019,286,
BALTIMORE,2019,285,
BALTIMORE,2019,284,17.750000
BALTIMORE,2019,283,17.750000
BALTIMORE,2019,282,14.666666
BALTIMORE,2019,281,14.000000
BALTIMORE,2019,280,17.500000
BALTIMORE,2019,279,
BALTIMORE,2019,278,
BALTIMORE,2019,277,19.500000
BALTIMORE,2019,276,15.250000
BALTIMORE,2019,275,15.250000
BALTIMORE,2019,274,19.000000
BALTIMORE,2019,273,19.000000
BALTIMORE,2019,272,
BALTIMORE,2019,271,
BALTIMORE,2019,270,19.000000
BALTIMORE,2019,269,19.000000
BALTIMORE,2019,268,20.500000
BALTIMORE,2019,267,20.500000
BALTIMORE,2019,266,20.500000
BALTIMORE,2019,265,
BALTIMORE,2019,264,
BALTIMORE,2019,263,20.500000
BALTIMORE,2019,262,20.500000
BALTIMORE,2019,261,20.500000
BALTIMORE,2019,260,20.500000
BALTIMORE,2019,259,20.500000
BALTIMORE,2019,258,
BALTIMORE,2019,257,
BALTIMORE,2019,256,21.000000
BALTIMORE,2019,255,20.500000
BALTIMORE,2019,254,22.000000
BALTIMORE,2019,253,22.000000
BALTIMORE,2019,252,22.000000
BALTIMORE,2019,251,
BALTIMORE,2019,250,
BALTIMORE,2019,249,22.000000
BALTIMORE,2019,248,22.000000
BALTIMORE,2019,247,25.250000
BALTIMORE,2019,246,25.250000
BALTIMORE,2019,245,
BALTIMORE,2019,244,
BALTIMORE,2019,243,
BALTIMORE,2019,242,25.250000
BALTIMORE,2019,241,25.250000
BALTIMORE,2019,240,25.500000
BALTIMORE,2019,239,25.500000
BALTIMORE,2019,238,25.500000
BALTIMORE,2019,237,
BALTIMORE,2019,236,
BALTIMORE,2019,235,25.500000
BALTIMORE,2019,234,25.500000
BALTIMORE,2019,233,24.750000
BALTIMORE,2019,232,24.750000
BALTIMORE,2019,231,19.000000
BALTIMORE,2019,230,
BALTIMORE,2019,229,
BALTIMORE,2019,228,
BALTIMORE,2019,227,19.000000
BALTIMORE,2019,226,19.000000
BALTIMORE,2019,225,19.000000
BALTIMORE,2019,224,19.000000
BALTIMORE,2019,223,
BALTIMORE,2019,222,
BALTIMORE,2019,221,22.000000
BALTIMORE,2019,220,22.000000
BALTIMORE,2019,219,22.000000
BALTIMORE,2019,218,22.000000
BALTIMORE,2019,217,22.000000
BALTIMORE,2019,216,
BALTIMORE,2019,215,
BALTIMORE,2019,214,22.000000
BALTIMORE,2019,213,22.000000
BALTIMORE,2019,212,20.500000
BALTIMORE,2019,211,21.000000
BALTIMORE,2019,210,21.000000
BALTIMORE,2019,209,
BALTIMORE,2019,208,
BALTIMORE,2019,207,19.250000
BALTIMORE,2019,206,19.250000
BALTIMORE,2019,205,16.000000
BALTIMORE,2019,204,16.000000
BALTIMORE,2019,203,16.000000
BALTIMORE,2019,202,
BALTIMORE,2019,201,
BALTIMORE,2019,200,27.000000
BALTIMORE,2019,199,22.000000
BALTIMORE,2019,198,22.000000
BALTIMORE,2019,197,20.666666
BALTIMORE,2019,196,20.666666
BALTIMORE,2019,195,
BALTIMORE,2019,194,
BALTIMORE,2019,193,19.833333
BALTIMORE,2019,192,19.833333
BALTIMORE,2019,191,19.166666
BALTIMORE,2019,190,21.500000
BALTIMORE,2019,189,21.500000
BALTIMORE,2019,188,
BALTIMORE,2019,187,
BALTIMORE,2019,186,26.000000
BALTIMORE,2019,185,
BALTIMORE,2019,184,26.000000
BALTIMORE,2019,183,26.000000
BALTIMORE,2019,182,23.250000
BALTIMORE,2019,181,
BALTIMORE,2019,180,
BALTIMORE,2019,179,23.500000
BALTIMORE,2019,178,22.000000
BALTIMORE,2019,177,22.750000
BALTIMORE,2019,176,22.750000
BALTIMORE,2019,175,22.750000
BALTIMORE,2019,174,
BALTIMORE,2019,173,
BALTIMORE,2019,172,21.166666
BALTIMORE,2019,171,21.166666
BALTIMORE,2019,170,21.166666
BALTIMORE,2019,169,21.166666
BALTIMORE,2019,168,24.500000
BALTIMORE,2019,167,
BALTIMORE,2019,166,
BALTIMORE,2019,165,30.000000
BALTIMORE,2019,164,27.500000
BALTIMORE,2019,163,27.500000
BALTIMORE,2019,162,27.500000
BALTIMORE,2019,161,27.500000
BALTIMORE,2019,160,
BALTIMORE,2019,159,
BALTIMORE,2019,158,27.500000
BALTIMORE,2019,157,27.500000
BALTIMORE,2019,156,27.000000
BALTIMORE,2019,155,27.000000
BALTIMORE,2019,154,27.000000
BALTIMORE,2019,153,
BALTIMORE,2019,152,
BALTIMORE,2019,151,26.250000
BALTIMORE,2019,150,26.250000
BALTIMORE,2019,149,26.250000
BALTIMORE,2019,148,26.250000
BALTIMORE,2019,147,
BALTIMORE,2019,146,
BALTIMORE,2019,145,
BALTIMORE,2019,144,23.000000
BALTIMORE,2019,143,24.000000
BALTIMORE,2019,142,23.000000
BALTIMORE,2019,141,23.000000
BALTIMORE,2019,140,24.000000
BALTIMORE,2019,139,
BALTIMORE,2019,138,
BALTIMORE,2019,137,23.000000
BALTIMORE,2019,136,23.000000
BALTIMORE,2019,135,23.000000
BALTIMORE,2019,134,23.500000
BALTIMORE,2019,133,21.750000
BALTIMORE,2019,132,
BALTIMORE,2019,131,
BALTIMORE,2019,130,22.500000
BALTIMORE,2019,129,22.500000
BALTIMORE,2019,128,22.500000
BALTIMORE,2019,127,22.500000
BALTIMORE,2019,126,22.500000
BALTIMORE,2019,125,
BALTIMORE,2019,124,
BALTIMORE,2019,123,21.666666
BALTIMORE,2019,122,21.666666
BALTIMORE,2019,121,22.000000
BALTIMORE,2019,120,22.000000
BALTIMORE,2019,119,22.000000
BALTIMORE,2019,118,
BALTIMORE,2019,117,
BALTIMORE,2019,116,21.000000
BALTIMORE,2019,115,21.000000
BALTIMORE,2019,114,21.000000
BALTIMORE,2019,113,25.000000
BALTIMORE,2019,112,25.000000
BALTIMORE,2019,111,
BALTIMORE,2019,110,
BALTIMORE,2019,109,33.000000
BALTIMORE,2019,108,30.000000
BALTIMORE,2019,107,30.000000
BALTIMORE,2019,106,30.000000
BALTIMORE,2019,105,30.000000
BALTIMORE,2019,104,
BALTIMORE,2019,103,
BALTIMORE,2019,102,27.750000
BALTIMORE,2019,101,27.750000
BALTIMORE,2019,100,27.750000
BALTIMORE,2019,99,27.750000
BALTIMORE,2019,98,27.750000
BALTIMORE,2019,97,
BALTIMORE,2019,96,
BALTIMORE,2019,95,32.500000
BALTIMORE,2019,94,32.500000
BALTIMORE,2019,93,32.500000
BALTIMORE,2019,92,32.500000
BALTIMORE,2019,91,32.500000
BALTIMORE,2019,90,
BALTIMORE,2019,89,
BALTIMORE,2019,88,32.500000
BALTIMORE,2019,87,32.500000
BALTIMORE,2019,86,37.000000
BALTIMORE,2019,85,37.000000
BALTIMORE,2019,84,37.000000
BALTIMORE,2019,83,
BALTIMORE,2019,82,
BALTIMORE,2019,81,37.000000
BALTIMORE,2019,80,37.000000
BALTIMORE,2019,79,37.000000
BALTIMORE,2019,78,37.500000
BALTIMORE,2019,77,37.500000
BALTIMORE,2019,76,
BALTIMORE,2019,75,
BALTIMORE,2019,74,36.000000
BALTIMORE,2019,73,36.000000
BALTIMORE,2019,72,36.000000
BALTIMORE,2019,71,36.000000
BALTIMORE,2019,70,36.000000
BALTIMORE,2019,69,
BALTIMORE,2019,68,
BALTIMORE,2019,67,36.000000
BALTIMORE,2019,66,36.000000
BALTIMORE,2019,65,33.750000
BALTIMORE,2019,64,33.750000
BALTIMORE,2019,63,33.750000
BALTIMORE,2019,62,
BALTIMORE,2019,61,
BALTIMORE,2019,60,39.000000
BALTIMORE,2019,59,39.000000
BALTIMORE,2019,58,39.000000
BALTIMORE,2019,57,39.000000
BALTIMORE,2019,56,39.500000
BALTIMORE,2019,55,
BALTIMORE,2019,54,
BALTIMORE,2019,53,39.500000
BALTIMORE,2019,52,39.500000
BALTIMORE,2019,51,39.500000
BALTIMORE,2019,50,39.500000
BALTIMORE,2019,49,
BALTIMORE,2019,48,
BALTIMORE,2019,47,
BALTIMORE,2019,46,
BALTIMORE,2019,45,40.000000
BALTIMORE,2019,44,40.000000
BALTIMORE,2019,43,40.000000
BALTIMORE,2019,42,40.000000
BALTIMORE,2019,41,
BALTIMORE,2019,40,
BALTIMORE,2019,39,41.000000
BALTIMORE,2019,38,41.000000
BALTIMORE,2019,37,41.000000
BALTIMORE,2019,36,39.500000
BALTIMORE,2019,35,39.500000
BALTIMORE,2019,34,
BALTIMORE,2019,33,
BALTIMORE,2019,32,39.000000
BALTIMORE,2019,31,39.000000
BALTIMORE,2019,30,39.000000
BALTIMORE,2019,29,39.000000
BALTIMORE,2019,28,39.000000
BALTIMORE,2019,27,
BALTIMORE,2019,26,
BALTIMORE,2019,25,30.000000
BALTIMORE,2019,24,30.000000
BALTIMORE,2019,23,26.500000
BALTIMORE,2019,22,26.500000
BALTIMORE,2019,21,
BALTIMORE,2019,20,
BALTIMORE,2019,19,
BALTIMORE,2019,18,38.500000
BALTIMORE,2019,17,38.500000
BALTIMORE,2019,16,38.500000
BALTIMORE,2019,15,38.500000
BALTIMORE,2019,14,38.500000
BALTIMORE,2019,13,
BALTIMORE,2019,12,
BALTIMORE,2019,11,33.000000
BALTIMORE,2019,10,33.000000
BALTIMORE,2019,9,38.000000
BALTIMORE,2019,8,38.000000
BALTIMORE,2019,7,30.000000
BALTIMORE,2019,6,
BALTIMORE,2019,5,
BALTIMORE,2019,4,31.500000
BALTIMORE,2019,3,35.000000
BALTIMORE,2019,2,35.000000
BOSTON,2019,366,
BOSTON,2019,365,14.000000
BOSTON,2019,364,14.000000
BOSTON,2019,363,
BOSTON,2019,362,
BOSTON,2019,361,14.000000
BOSTON,2019,360,14.000000
BOSTON,2019,359,
BOSTON,2019,358,
BOSTON,2019,357,14.000000
BOSTON,2019,356,
BOSTON,2019,355,
BOSTON,2019,354,14.000000
BOSTON,2019,353,14.000000
BOSTON,2019,352,14.000000
BOSTON,2019,351,14.000000
BOSTON,2019,350,14.000000
BOSTON,2019,349,
BOSTON,2019,348,
BOSTON,2019,347,18.000000
BOSTON,2019,346,18.000000
BOSTON,2019,345,16.000000
BOSTON,2019,344,16.000000
BOSTON,2019,343,16.000000
BOSTON,2019,342,
BOSTON,2019,341,
BOSTON,2019,340,16.000000
BOSTON,2019,339,16.000000
BOSTON,2019,338,16.000000
BOSTON,2019,337,16.000000
BOSTON,2019,336,16.000000
BOSTON,2019,335,
BOSTON,2019,334,
BOSTON,2019,333,16.000000
BOSTON,2019,332,
BOSTON,2019,331,16.000000
BOSTON,2019,330,16.000000
BOSTON,2019,329,16.000000
BOSTON,2019,328,
BOSTON,2019,327,
BOSTON,2019,326,16.000000
BOSTON,2019,325,20.400000
BOSTON,2019,324,20.400000
BOSTON,2019,323,20.400000
BOSTON,2019,322,20.400000
BOSTON,2019,321,
BOSTON,2019,320,
BOSTON,2019,319,20.400000
BOSTON,2019,318,20.400000
BOSTON,2019,317,20.400000
BOSTON,2019,316,20.400000
BOSTON,2019,315,
BOSTON,2019,314,
BOSTON,2019,313,
BOSTON,2019,312,20.400000
BOSTON,2019,311,20.400000
BOSTON,2019,310,20.400000
BOSTON,2019,309,20.400000
BOSTON,2019,308,20.400000
BOSTON,2019,307,
BOSTON,2019,306,
BOSTON,2019,305,20.400000
BOSTON,2019,304,20.400000
BOSTON,2019,303,20.400000
BOSTON,2019,302,20.400000
BOSTON,2019,301,20.400000
BOSTON,2019,300,
BOSTON,2019,299,
BOSTON,2019,298,20.400000
BOSTON,2019,297,20.400000
BOSTON,2019,296,20.400000
BOSTON,2019,295,20.400000
BOSTON,2019,294,21.000000
BOSTON,2019,293,
BOSTON,2019,292,
BOSTON,2019,291,21.000000
BOSTON,2019,290,21.000000
BOSTON,2019,289,21.000000
BOSTON,2019,288,21.000000
BOSTON,2019,287,
BOSTON,2019,286,
BOSTON,2019,285,
BOSTON,2019,284,21.000000
BOSTON,2019,283,21.000000
BOSTON,2019,282,21.000000
BOSTON,2019,281,21.000000
BOSTON,2019,280,21.000000
BOSTON,2019,279,
BOSTON,2019,278,
BOSTON,2019,277,21.000000
BOSTON,2019,276,21.000000
BOSTON,2019,275,21.000000
BOSTON,2019,274,21.000000
BOSTON,2019,273,21.000000
BOSTON,2019,272,
BOSTON,2019,271,
BOSTON,2019,270,21.000000
BOSTON,2019,269,21.000000
BOSTON,2019,268,21.000000
BOSTON,2019,267,20.800000
BOSTON,2019,266,20.800000
BOSTON,2019,265,
BOSTON,2019,264,
BOSTON,2019,263,20.800000
BOSTON,2019,262,20.800000
BOSTON,2019,261,20.800000
BOSTON,2019,260,20.800000
BOSTON,2019,259,20.800000
BOSTON,2019,258,
BOSTON,2019,257,
BOSTON,2019,256,20.800000
BOSTON,2019,255,20.800000
BOSTON,2019,254,20.800000
BOSTON,2019,253,20.800000
BOSTON,2019,252,20.800000
BOSTON,2019,251,
BOSTON,2019,250,
BOSTON,2019,249,20.800000
BOSTON,2019,248,20.800000
BOSTON,2019,247,20.800000
BOSTON,2019,246,20.800000
BOSTON,2019,245,
BOSTON,2019,244,
BOSTON,2019,243,
BOSTON,2019,242,20.800000
BOSTON,2019,241,20.800000
BOSTON,2019,240,20.800000
BOSTON,2019,239,20.800000
BOSTON,2019,238,20.800000
BOSTON,2019,237,
BOSTON,2019,236,
BOSTON,2019,235,21.800000
BOSTON,2019,234,21.800000
BOSTON,2019,233,21.800000
BOSTON,2019,232,21.800000
BOSTON,2019,231,21.800000
BOSTON,2019,230,
BOSTON,2019,229,
BOSTON,2019,228,
BOSTON,2019,227,
BOSTON,2019,226,21.800000
BOSTON,2019,225,21.800000
BOSTON,2019,224,21.800000
BOSTON,2019,223,
BOSTON,2019,222,
BOSTON,2019,221,21.800000
BOSTON,2019,220,21.800000
BOSTON,2019,219,21.800000
BOSTON,2019,218,21.800000
BOSTON,2019,217,21.800000
BOSTON,2019,216,
BOSTON,2019,215,
BOSTON,2019,214,21.800000
BOSTON,2019,213,21.800000
BOSTON,2019,212,21.800000
BOSTON,2019,211,21.800000
BOSTON,2019,210,21.800000
BOSTON,2019,209,
BOSTON,2019,208,
BOSTON,2019,207,21.800000
BOSTON,2019,206,21.800000
BOSTON,2019,205,21.800000
BOSTON,2019,204,21.500000
BOSTON,2019,203,21.500000
BOSTON,2019,202,
BOSTON,2019,201,
BOSTON,2019,200,21.500000
BOSTON,2019,199,21.875000
BOSTON,2019,198,22.000000
BOSTON,2019,197,22.300000
BOSTON,2019,196,22.300000
BOSTON,2019,195,
BOSTON,2019,194,
BOSTON,2019,193,22.300000
BOSTON,2019,192,21.500000
BOSTON,2019,191,21.500000
BOSTON,2019,190,21.500000
BOSTON,2019,189,21.500000
BOSTON,2019,188,
BOSTON,2019,187,
BOSTON,2019,186,21.500000
BOSTON,2019,185,
BOSTON,2019,184,21.500000
BOSTON,2019,183,21.500000
BOSTON,2019,182,21.500000
BOSTON,2019,181,
BOSTON,2019,180,
BOSTON,2019,179,21.500000
BOSTON,2019,178,21.500000
BOSTON,2019,177,21.500000
BOSTON,2019,176,21.500000
BOSTON,2019,175,21.500000
BOSTON,2019,174,
BOSTON,2019,173,
BOSTON,2019,172,21.500000
BOSTON,2019,171,22.375000
BOSTON,2019,170,22.375000
BOSTON,2019,169,22.375000
BOSTON,2019,168,22.375000
BOSTON,2019,167,
BOSTON,2019,166,
BOSTON,2019,165,22.375000
BOSTON,2019,164,22.375000
BOSTON,2019,163,22.375000
BOSTON,2019,162,22.375000
BOSTON,2019,161,22.375000
BOSTON,2019,160,
BOSTON,2019,159,
BOSTON,2019,158,22.375000
BOSTON,2019,157,22.000000
BOSTON,2019,156,21.000000
BOSTON,2019,155,21.000000
BOSTON,2019,154,21.000000
BOSTON,2019,153,
BOSTON,2019,152,
BOSTON,2019,151,21.000000
BOSTON,2019,150,20.800000
BOSTON,2019,149,20.800000
BOSTON,2019,148,22.000000
BOSTON,2019,147,
BOSTON,2019,146,
BOSTON,2019,145,
BOSTON,2019,144,22.000000
BOSTON,2019,143,22.000000
BOSTON,2019,142,22.000000
BOSTON,2019,141,22.000000
BOSTON,2019,140,22.000000
BOSTON,2019,139,
BOSTON,2019,138,
BOSTON,2019,137,22.000000
BOSTON,2019,136,20.000000
BOSTON,2019,135,20.000000
BOSTON,2019,134,20.000000
BOSTON,2019,133,20.000000
BOSTON,2019,132,
BOSTON,2019,131,
BOSTON,2019,130,20.000000
BOSTON,2019,129,24.000000
BOSTON,2019,128,24.000000
BOSTON,2019,127,24.000000
BOSTON,2019,126,24.000000
BOSTON,2019,125,
BOSTON,2019,124,
BOSTON,2019,123,24.000000
BOSTON,2019,122,24.000000
BOSTON,2019,121,24.000000
BOSTON,2019,120,24.000000
BOSTON,2019,119,24.000000
BOSTON,2019,118,
BOSTON,2019,117,
BOSTON,2019,116,24.000000
BOSTON,2019,115,24.000000
BOSTON,2019,114,24.000000
BOSTON,2019,113,24.000000
BOSTON,2019,112,24.000000
BOSTON,2019,111,
BOSTON,2019,110,
BOSTON,2019,109,24.000000
BOSTON,2019,108,24.000000
BOSTON,2019,107,24.000000
BOSTON,2019,106,24.000000
BOSTON,2019,105,24.000000
BOSTON,2019,104,
BOSTON,2019,103,
BOSTON,2019,102,24.000000
BOSTON,2019,101,24.000000
BOSTON,2019,100,24.000000
BOSTON,2019,99,24.000000
BOSTON,2019,98,24.000000
BOSTON,2019,97,
BOSTON,2019,96,
BOSTON,2019,95,24.000000
BOSTON,2019,94,24.000000
BOSTON,2019,93,24.000000
BOSTON,2019,92,24.000000
BOSTON,2019,91,24.000000
BOSTON,2019,90,
BOSTON,2019,89,
BOSTON,2019,88,24.000000
BOSTON,2019,87,25.500000
BOSTON,2019,86,25.500000
BOSTON,2019,85,24.500000
BOSTON,2019,84,24.500000
BOSTON,2019,83,
BOSTON,2019,82,
BOSTON,2019,81,24.500000
BOSTON,2019,80,29.000000
BOSTON,2019,79,29.000000
BOSTON,2019,78,29.000000
BOSTON,2019,77,29.000000
BOSTON,2019,76,
BOSTON,2019,75,
BOSTON,2019,74,29.000000
BOSTON,2019,73,25.500000
BOSTON,2019,72,25.500000
BOSTON,2019,71,25.500000
BOSTON,2019,70,33.500000
BOSTON,2019,69,
BOSTON,2019,68,
BOSTON,2019,67,33.500000
BOSTON,2019,66,33.500000
BOSTON,2019,65,33.500000
BOSTON,2019,64,33.500000
BOSTON,2019,63,33.500000
BOSTON,2019,62,
BOSTON,2019,61,
BOSTON,2019,60,33.500000
BOSTON,2019,59,33.500000
BOSTON,2019,58,33.500000
BOSTON,2019,57,33.500000
BOSTON,2019,56,33.500000
BOSTON,2019,55,
BOSTON,2019,54,
BOSTON,2019,53,33.500000
BOSTON,2019,52,32.000000
BOSTON,2019,51,32.000000
BOSTON,2019,50,32.000000
BOSTON,2019,49,
BOSTON,2019,48,
BOSTON,2019,47,
BOSTON,2019,46,32.000000
BOSTON,2019,45,32.000000
BOSTON,2019,44,32.000000
BOSTON,2019,43,32.000000
BOSTON,2019,42,26.000000
BOSTON,2019,41,
BOSTON,2019,40,
BOSTON,2019,39,26.000000
BOSTON,2019,38,26.000000
BOSTON,2019,37,26.000000
BOSTON,2019,36,26.000000
BOSTON,2019,35,26.000000
BOSTON,2019,34,
BOSTON,2019,33,
BOSTON,2019,32,26.000000
BOSTON,2019,31,26.000000
BOSTON,2019,30,26.000000
BOSTON,2019,29,26.000000
BOSTON,2019,28,26.000000
BOSTON,2019,27,
BOSTON,2019,26,
BOSTON,2019,25,26.000000
BOSTON,2019,24,26.000000
BOSTON,2019,23,26.000000
BOSTON,2019,22,26.000000
BOSTON,2019,21,
BOSTON,2019,20,
BOSTON,2019,19,
BOSTON,2019,18,26.000000
BOSTON,2019,17,26.000000
BOSTON,2019,16,26.000000
BOSTON,2019,15,26.000000
BOSTON,2019,14,26.000000
BOSTON,2019,13,
BOSTON,2019,12,
BOSTON,2019,11,26.500000
BOSTON,2019,10,26.500000
BOSTON,2019,9,26.500000
BOSTON,2019,8,26.500000
BOSTON,2019,7,26.500000
BOSTON,2019,6,
BOSTON,2019,5,
BOSTON,2019,4,30.000000
BOSTON,2019,3,30.000000
BOSTON,2019,2,30.000000
CHICAGO,2019,366,
CHICAGO,2019,365,20.500000
CHICAGO,2019,364,20.500000
CHICAGO,2019,363,
CHICAGO,2019,362,
CHICAGO,2019,361,20.500000
CHICAGO,2019,360,
CHICAGO,2019,359,
CHICAGO,2019,358,
CHICAGO,2019,357,20.500000
CHICAGO,2019,356,
CHICAGO,2019,355,
CHICAGO,2019,354,20.500000
CHICAGO,2019,353,
CHICAGO,2019,352,20.500000
CHICAGO,2019,351,
CHICAGO,2019,350,20.500000
CHICAGO,2019,349,
CHICAGO,2019,348,
CHICAGO,2019,347,20.500000
CHICAGO,2019,346,20.500000
CHICAGO,2019,345,20.500000
CHICAGO,2019,344,20.500000
CHICAGO,2019,343,20.500000
CHICAGO,2019,342,
CHICAGO,2019,341,
CHICAGO,2019,340,20.500000
CHICAGO,2019,339,20.500000
CHICAGO,2019,338,20.500000
CHICAGO,2019,337,20.500000
CHICAGO,2019,336,20.500000
CHICAGO,2019,335,
CHICAGO,2019,334,
CHICAGO,2019,333,20.500000
CHICAGO,2019,332,
CHICAGO,2019,331,20.500000
CHICAGO,2019,330,20.500000
CHICAGO,2019,329,20.500000
CHICAGO,2019,328,
CHICAGO,2019,327,
CHICAGO,2019,326,20.500000
CHICAGO,2019,325,20.500000
CHICAGO,2019,324,20.500000
CHICAGO,2019,323,20.500000
CHICAGO,2019,322,20.500000
CHICAGO,2019,321,
CHICAGO,2019,320,
CHICAGO,2019,319,20.500000
CHICAGO,2019,318,20.500000
CHICAGO,2019,317,20.500000
CHICAGO,2019,316,20.500000
CHICAGO,2019,315,
CHICAGO,2019,314,
CHICAGO,2019,313,
CHICAGO,2019,312,20.500000
CHICAGO,2019,311,20.500000
CHICAGO,2019,310,20.500000
CHICAGO,2019,309,20.500000
CHICAGO,2019,308,20.500000
CHICAGO,2019,307,
CHICAGO,2019,306,
CHICAGO,2019,305,20.500000
CHICAGO,2019,304,20.500000
CHICAGO,2019,303,18.000000
CHICAGO,2019,302,18.000000
CHICAGO,2019,301,18.000000
CHICAGO,2019,300,
CHICAGO,2019,299,
CHICAGO,2019,298,18.000000
CHICAGO,2019,297,20.500000
CHICAGO,2019,296,20.500000
CHICAGO,2019,295,20.500000
CHICAGO,2019,294,20.500000
CHICAGO,2019,293,
CHICAGO,2019,292,
CHICAGO,2019,291,20.500000
CHICAGO,2019,290,20.000000
CHICAGO,2019,289,18.000000
CHICAGO,2019,288,18.000000
CHICAGO,2019,287,
CHICAGO,2019,286,
CHICAGO,2019,285,
CHICAGO,2019,284,18.000000
CHICAGO,2019,283,16.500000
CHICAGO,2019,282,16.500000
CHICAGO,2019,281,17.750000
CHICAGO,2019,280,17.750000
CHICAGO,2019,279,
CHICAGO,2019,278,
CHICAGO,2019,277,17.750000
CHICAGO,2019,276,17.750000
CHICAGO,2019,275,17.750000
CHICAGO,2019,274,17.750000
CHICAGO,2019,273,19.000000
CHICAGO,2019,272,
CHICAGO,2019,271,
CHICAGO,2019,270,19.000000
CHICAGO,2019,269,19.000000
CHICAGO,2019,268,19.000000
CHICAGO,2019,267,19.000000
CHICAGO,2019,266,19.000000
CHICAGO,2019,265,
CHICAGO,2019,264,
CHICAGO,2019,263,19.000000
CHICAGO,2019,262,19.000000
CHICAGO,2019,261,19.000000
CHICAGO,2019,260,20.166666
CHICAGO,2019,259,20.166666
CHICAGO,2019,258,
CHICAGO,2019,257,
CHICAGO,2019,256,20.166666
CHICAGO,2019,255,20.166666
CHICAGO,2019,254,20.166666
CHICAGO,2019,253,20.166666
CHICAGO,2019,252,20.166666
CHICAGO,2019,251,
CHICAGO,2019,250,
CHICAGO,2019,249,20.166666
CHICAGO,2019,248,
CHICAGO,2019,247,20.166666
CHICAGO,2019,246,
CHICAGO,2019,245,
CHICAGO,2019,244,
CHICAGO,2019,243,
CHICAGO,2019,242,20.500000
CHICAGO,2019,241,20.500000
CHICAGO,2019,240,20.500000
CHICAGO,2019,239,20.500000
CHICAGO,2019,238,19.166666
CHICAGO,2019,237,
CHICAGO,2019,236,
CHICAGO,2019,235,19.833333
CHICAGO,2019,234,19.833333
CHICAGO,2019,233,19.833333
CHICAGO,2019,232,18.666666
CHICAGO,2019,231,18.666666
CHICAGO,2019,230,
CHICAGO,2019,229,
CHICAGO,2019,228,
CHICAGO,2019,227,
CHICAGO,2019,226,18.666666
CHICAGO,2019,225,
CHICAGO,2019,224,19.000000
CHICAGO,2019,223,
CHICAGO,2019,222,
CHICAGO,2019,221,19.000000
CHICAGO,2019,220,
CHICAGO,2019,219,19.000000
CHICAGO,2019,218,
CHICAGO,2019,217,19.000000
CHICAGO,2019,216,
CHICAGO,2019,215,
CHICAGO,2019,214,19.000000
CHICAGO,2019,213,
CHICAGO,2019,212,23.000000
CHICAGO,2019,211,
CHICAGO,2019,210,23.000000
CHICAGO,2019,209,
CHICAGO,2019,208,
CHICAGO,2019,207,23.000000
CHICAGO,2019,206,
CHICAGO,2019,205,23.000000
CHICAGO,2019,204,
CHICAGO,2019,203,23.000000
CHICAGO,2019,202,
CHICAGO,2019,201,
CHICAGO,2019,200,23.000000
CHICAGO,2019,199,
CHICAGO,2019,198,23.000000
CHICAGO,2019,197,
CHICAGO,2019,196,23.500000
CHICAGO,2019,195,
CHICAGO,2019,194,
CHICAGO,2019,193,23.000000
CHICAGO,2019,192,
CHICAGO,2019,191,22.000000
CHICAGO,2019,190,
CHICAGO,2019,189,22.000000
CHICAGO,2019,188,
CHICAGO,2019,187,
CHICAGO,2019,186,22.000000
CHICAGO,2019,185,
CHICAGO,2019,184,22.000000
CHICAGO,2019,183,
CHICAGO,2019,182,22.000000
CHICAGO,2019,181,
CHICAGO,2019,180,
CHICAGO,2019,179,22.000000
CHICAGO,2019,178,
CHICAGO,2019,177,22.000000
CHICAGO,2019,176,
CHICAGO,2019,175,22.000000
CHICAGO,2019,174,
CHICAGO,2019,173,
CHICAGO,2019,172,22.500000
CHICAGO,2019,171,
CHICAGO,2019,170,22.000000
CHICAGO,2019,169,
CHICAGO,2019,168,22.000000
CHICAGO,2019,167,
CHICAGO,2019,166,
CHICAGO,2019,165,22.000000
CHICAGO,2019,164,
CHICAGO,2019,163,22.000000
CHICAGO,2019,162,
CHICAGO,2019,161,20.000000
CHICAGO,2019,160,
CHICAGO,2019,159,
CHICAGO,2019,158,20.000000
CHICAGO,2019,157,
CHICAGO,2019,156,20.000000
CHICAGO,2019,155,
CHICAGO,2019,154,20.000000
CHICAGO,2019,153,
CHICAGO,2019,152,
CHICAGO,2019,151,20.000000
CHICAGO,2019,150,
CHICAGO,2019,149,20.000000
CHICAGO,2019,148,
CHICAGO,2019,147,
CHICAGO,2019,146,
CHICAGO,2019,145,
CHICAGO,2019,144,18.000000
CHICAGO,2019,143,
CHICAGO,2019,142,18.000000
CHICAGO,2019,141,
CHICAGO,2019,140,18.000000
CHICAGO,2019,139,
CHICAGO,2019,138,
CHICAGO,2019,137,18.000000
CHICAGO,2019,136,
CHICAGO,2019,135,18.000000
CHICAGO,2019,134,
CHICAGO,2019,133,18.000000
CHICAGO,2019,132,
CHICAGO,2019,131,
CHICAGO,2019,130,18.000000
CHICAGO,2019,129,
CHICAGO,2019,128,19.000000
CHICAGO,2019,127,
CHICAGO,2019,126,21.500000
CHICAGO,2019,125,
CHICAGO,2019,124,
CHICAGO,2019,123,21.500000
CHICAGO,2019,122,21.500000
CHICAGO,2019,121,21.500000
CHICAGO,2019,120,21.500000
CHICAGO,2019,119,21.500000
CHICAGO,2019,118,
CHICAGO,2019,117,
CHICAGO,2019,116,23.500000
CHICAGO,2019,115,
CHICAGO,2019,114,23.500000
CHICAGO,2019,113,
CHICAGO,2019,112,
CHICAGO,2019,111,
CHICAGO,2019,110,
CHICAGO,2019,109,
CHICAGO,2019,108,
CHICAGO,2019,107,
CHICAGO,2019,106,
CHICAGO,2019,105,
CHICAGO,2019,104,
CHICAGO,2019,103,
CHICAGO,2019,102,
CHICAGO,2019,101,
CHICAGO,2019,100,
CHICAGO,2019,99,
CHICAGO,2019,98,
CHICAGO,2019,97,
CHICAGO,2019,96,
CHICAGO,2019,95,
CHICAGO,2019,94,
CHICAGO,2019,93,
CHICAGO,2019,92,
CHICAGO,2019,91,
CHICAGO,2019,90,
CHICAGO,2019,89,
CHICAGO,2019,88,
CHICAGO,2019,87,
CHICAGO,2019,86,
CHICAGO,2019,85,
CHICAGO,2019,84,
CHICAGO,2019,83,
CHICAGO,2019,82,
CHICAGO,2019,81,
CHICAGO,2019,80,
CHICAGO,2019,79,
CHICAGO,2019,78,
CHICAGO,2019,77,
CHICAGO,2019,76,
CHICAGO,2019,75,
CHICAGO,2019,74,
CHICAGO,2019,73,
CHICAGO,2019,72,
CHICAGO,2019,71,
CHICAGO,2019,70,
CHICAGO,2019,69,
CHICAGO,2019,68,
CHICAGO,2019,67,
CHICAGO,2019,66,
CHICAGO,2019,65,
CHICAGO,2019,64,
CHICAGO,2019,63,
CHICAGO,2019,62,
CHICAGO,2019,61,
CHICAGO,2019,60,
CHICAGO,2019,59,
CHICAGO,2019,58,
CHICAGO,2019,57,
CHICAGO,2019,56,
CHICAGO,2019,55,
CHICAGO,2019,54,
CHICAGO,2019,53,
CHICAGO,2019,52,
CHICAGO,2019,51,34.000000
CHICAGO,2019,50,34.000000
CHICAGO,2019,49,
CHICAGO,2019,48,
CHICAGO,2019,47,
CHICAGO,2019,46,35.000000
CHICAGO,2019,45,35.000000
CHICAGO,2019,44,35.500000
CHICAGO,2019,43,19.000000
CHICAGO,2019,42,19.000000
CHICAGO,2019,41,
CHICAGO,2019,40,
CHICAGO,2019,39,19.000000
CHICAGO,2019,38,19.000000
CHICAGO,2019,37,19.000000
CHICAGO,2019,36,19.000000
CHICAGO,2019,35,19.000000
CHICAGO,2019,34,
CHICAGO,2019,33,
CHICAGO,2019,32,19.000000
CHICAGO,2019,31,19.000000
CHICAGO,2019,30,19.000000
CHICAGO,2019,29,19.000000
CHICAGO,2019,28,17.000000
CHICAGO,2019,27,
CHICAGO,2019,26,
CHICAGO,2019,25,17.000000
CHICAGO,2019,24,17.000000
CHICAGO,2019,23,17.000000
CHICAGO,2019,22,17.000000
CHICAGO,2019,21,
CHICAGO,2019,20,
CHICAGO,2019,19,
CHICAGO,2019,18,17.000000
CHICAGO,2019,17,17.000000
CHICAGO,2019,16,17.000000
CHICAGO,2019,15,17.000000
CHICAGO,2019,14,17.000000
CHICAGO,2019,13,
CHICAGO,2019,12,
CHICAGO,2019,11,17.000000
CHICAGO,2019,10,17.000000
CHICAGO,2019,9,
CHICAGO,2019,8,17.000000
CHICAGO,2019,7,17.000000
CHICAGO,2019,6,
CHICAGO,2019,5,
CHICAGO,2019,4,17.000000
CHICAGO,2019,3,17.000000
CHICAGO,2019,2,
COLUMBIA,2019,366,
COLUMBIA,2019,365,
COLUMBIA,2019,364,
COLUMBIA,2019,363,
COLUMBIA,2019,362,
COLUMBIA,2019,361,
COLUMBIA,2019,360,
COLUMBIA,2019,359,
COLUMBIA,2019,358,
COLUMBIA,2019,357,
COLUMBIA,2019,356,
COLUMBIA,2019,355,
COLUMBIA,2019,354,
COLUMBIA,2019,353,
COLUMBIA,2019,352,
COLUMBIA,2019,351,
COLUMBIA,2019,350,
COLUMBIA,2019,349,
COLUMBIA,2019,348,
COLUMBIA,2019,347,
COLUMBIA,2019,346,
COLUMBIA,2019,345,
COLUMBIA,2019,344,
COLUMBIA,2019,343,
COLUMBIA,2019,342,
COLUMBIA,2019,341,
COLUMBIA,2019,340,22.000000
COLUMBIA,2019,339,22.000000
COLUMBIA,2019,338,22.000000
COLUMBIA,2019,337,22.000000
COLUMBIA,2019,336,22.000000
COLUMBIA,2019,335,
COLUMBIA,2019,334,
COLUMBIA,2019,333,
COLUMBIA,2019,332,
COLUMBIA,2019,331,
COLUMBIA,2019,330,
COLUMBIA,2019,329,
COLUMBIA,2019,328,
COLUMBIA,2019,327,
COLUMBIA,2019,326,
COLUMBIA,2019,325,
COLUMBIA,2019,324,
COLUMBIA,2019,323,
COLUMBIA,2019,322,
COLUMBIA,2019,321,
COLUMBIA,2019,320,
COLUMBIA,2019,319,15.000000
COLUMBIA,2019,318,15.000000
COLUMBIA,2019,317,
COLUMBIA,2019,316,
COLUMBIA,2019,315,
COLUMBIA,2019,314,
COLUMBIA,2019,313,
COLUMBIA,2019,312,15.000000
COLUMBIA,2019,311,15.000000
COLUMBIA,2019,310,15.000000
COLUMBIA,2019,309,15.000000
COLUMBIA,2019,308,15.000000
COLUMBIA,2019,307,
COLUMBIA,2019,306,
COLUMBIA,2019,305,15.000000
COLUMBIA,2019,304,15.000000
COLUMBIA,2019,303,15.000000
COLUMBIA,2019,302,15.000000
COLUMBIA,2019,301,15.000000
COLUMBIA,2019,300,
COLUMBIA,2019,299,
COLUMBIA,2019,298,15.000000
COLUMBIA,2019,297,15.000000
COLUMBIA,2019,296,15.000000
COLUMBIA,2019,295,15.000000
COLUMBIA,2019,294,
COLUMBIA,2019,293,
COLUMBIA,2019,292,
COLUMBIA,2019,291,15.000000
COLUMBIA,2019,290,15.000000
COLUMBIA,2019,289,15.000000
COLUMBIA,2019,288,15.000000
COLUMBIA,2019,287,15.000000
COLUMBIA,2019,286,
COLUMBIA,2019,285,
COLUMBIA,2019,284,15.000000
COLUMBIA,2019,283,15.000000
COLUMBIA,2019,282,15.000000
COLUMBIA,2019,281,15.000000
COLUMBIA,2019,280,15.000000
COLUMBIA,2019,279,
COLUMBIA,2019,278,
COLUMBIA,2019,277,15.000000
COLUMBIA,2019,276,15.000000
COLUMBIA,2019,275,15.000000
COLUMBIA,2019,274,15.000000
COLUMBIA,2019,273,15.000000
COLUMBIA,2019,272,
COLUMBIA,2019,271,
COLUMBIA,2019,270,15.000000
COLUMBIA,2019,269,15.000000
COLUMBIA,2019,268,15.000000
COLUMBIA,2019,267,15.000000
COLUMBIA,2019,266,15.000000
COLUMBIA,2019,265,
COLUMBIA,2019,264,
COLUMBIA,2019,263,15.000000
COLUMBIA,2019,262,15.000000
COLUMBIA,2019,261,15.000000
COLUMBIA,2019,260,15.000000
COLUMBIA,2019,259,15.000000
COLUMBIA,2019,258,
COLUMBIA,2019,257,
COLUMBIA,2019,256,15.000000
COLUMBIA,2019,255,15.000000
COLUMBIA,2019,254,15.000000
COLUMBIA,2019,253,15.000000
COLUMBIA,2019,252,15.000000
COLUMBIA,2019,251,
COLUMBIA,2019,250,
COLUMBIA,2019,249,15.000000
COLUMBIA,2019,248,15.000000
COLUMBIA,2019,247,15.000000
COLUMBIA,2019,246,
COLUMBIA,2019,245,
COLUMBIA,2019,244,
COLUMBIA,2019,243,
COLUMBIA,2019,242,15.000000
COLUMBIA,2019,241,15.000000
COLUMBIA,2019,240,15.000000
COLUMBIA,2019,239,15.000000
COLUMBIA,2019,238,15.000000
COLUMBIA,2019,237,
COLUMBIA,2019,236,
COLUMBIA,2019,235,15.000000
COLUMBIA,2019,234,15.000000
COLUMBIA,2019,233,15.000000
COLUMBIA,2019,232,15.000000
COLUMBIA,2019,231,15.000000
COLUMBIA,2019,230,
COLUMBIA,2019,229,
COLUMBIA,2019,228,15.000000
COLUMBIA,2019,227,15.000000
COLUMBIA,2019,226,15.000000
COLUMBIA,2019,225,15.000000
COLUMBIA,2019,224,15.000000
COLUMBIA,2019,223,
COLUMBIA,2019,222,
COLUMBIA,2019,221,15.000000
COLUMBIA,2019,220,15.000000
COLUMBIA,2019,219,15.000000
COLUMBIA,2019,218,15.000000
COLUMBIA,2019,217,15.000000
COLUMBIA,2019,216,
COLUMBIA,2019,215,
COLUMBIA,2019,214,15.000000
COLUMBIA,2019,213,15.000000
COLUMBIA,2019,212,15.000000
COLUMBIA,2019,211,15.000000
COLUMBIA,2019,210,15.000000
COLUMBIA,2019,209,
COLUMBIA,2019,208,
COLUMBIA,2019,207,15.000000
COLUMBIA,2019,206,15.000000
COLUMBIA,2019,205,15.000000
COLUMBIA,2019,204,15.000000
COLUMBIA,2019,203,15.000000
COLUMBIA,2019,202,
COLUMBIA,2019,201,
COLUMBIA,2019,200,15.000000
COLUMBIA,2019,199,15.000000
COLUMBIA,2019,198,15.000000
COLUMBIA,2019,197,15.000000
COLUMBIA,2019,196,15.000000
COLUMBIA,2019,195,
COLUMBIA,2019,194,
COLUMBIA,2019,193,15.000000
COLUMBIA,2019,192,15.000000
COLUMBIA,2019,191,15.000000
COLUMBIA,2019,190,15.000000
COLUMBIA,2019,189,15.000000
COLUMBIA,2019,188,
COLUMBIA,2019,187,
COLUMBIA,2019,186,15.000000
COLUMBIA,2019,185,
COLUMBIA,2019,184,15.000000
COLUMBIA,2019,183,15.000000
COLUMBIA,2019,182,15.000000
COLUMBIA,2019,181,
COLUMBIA,2019,180,
COLUMBIA,2019,179,15.000000
COLUMBIA,2019,178,15.000000
COLUMBIA,2019,177,15.000000
COLUMBIA,2019,176,15.000000
COLUMBIA,2019,175,15.000000
COLUMBIA,2019,174,
COLUMBIA,2019,173,
COLUMBIA,2019,172,15.000000
COLUMBIA,2019,171,15.000000
COLUMBIA,2019,170,15.000000
COLUMBIA,2019,169,15.000000
COLUMBIA,2019,168,15.000000
COLUMBIA,2019,167,
COLUMBIA,2019,166,
COLUMBIA,2019,165,15.000000
COLUMBIA,2019,164,15.000000
COLUMBIA,2019,163,15.000000
COLUMBIA,2019,162,15.000000
COLUMBIA,2019,161,15.000000
COLUMBIA,2019,160,
COLUMBIA,2019,159,
COLUMBIA,2019,158,15.000000
COLUMBIA,2019,157,15.000000
COLUMBIA,2019,156,15.000000
COLUMBIA,2019,155,15.000000
COLUMBIA,2019,154,15.000000
COLUMBIA,2019,153,
COLUMBIA,2019,152,
COLUMBIA,2019,151,15.000000
COLUMBIA,2019,150,15.000000
COLUMBIA,2019,149,15.000000
COLUMBIA,2019,148,15.000000
COLUMBIA,2019,147,
COLUMBIA,2019,146,
COLUMBIA,2019,145,
COLUMBIA,2019,144,17.250000
COLUMBIA,2019,143,17.250000
COLUMBIA,2019,142,17.250000
COLUMBIA,2019,141,17.250000
COLUMBIA,2019,140,17.250000
COLUMBIA,2019,139,
COLUMBIA,2019,138,
COLUMBIA,2019,137,17.250000
COLUMBIA,2019,136,17.250000
COLUMBIA,2019,135,17.250000
COLUMBIA,2019,134,17.250000
COLUMBIA,2019,133,17.250000
COLUMBIA,2019,132,
COLUMBIA,2019,131,
COLUMBIA,2019,130,
COLUMBIA,2019,129,17.250000
COLUMBIA,2019,128,17.250000
COLUMBIA,2019,127,17.250000
COLUMBIA,2019,126,17.250000
COLUMBIA,2019,125,
COLUMBIA,2019,124,
COLUMBIA,2019,123,17.250000
COLUMBIA,2019,122,17.500000
COLUMBIA,2019,121,17.500000
COLUMBIA,2019,120,17.500000
COLUMBIA,2019,119,17.500000
COLUMBIA,2019,118,
COLUMBIA,2019,117,
COLUMBIA,2019,116,16.666666
COLUMBIA,2019,115,20.000000
COLUMBIA,2019,114,20.000000
COLUMBIA,2019,113,20.000000
COLUMBIA,2019,112,20.000000
COLUMBIA,2019,111,
COLUMBIA,2019,110,
COLUMBIA,2019,109,20.000000
COLUMBIA,2019,108,20.000000
COLUMBIA,2019,107,
COLUMBIA,2019,106,20.000000
COLUMBIA,2019,105,20.000000
COLUMBIA,2019,104,
COLUMBIA,2019,103,
COLUMBIA,2019,102,20.000000
COLUMBIA,2019,101,20.000000
COLUMBIA,2019,100,20.000000
COLUMBIA,2019,99,20.000000
COLUMBIA,2019,98,20.000000
COLUMBIA,2019,97,
COLUMBIA,2019,96,
COLUMBIA,2019,95,20.000000
COLUMBIA,2019,94,20.000000
COLUMBIA,2019,93,20.000000
COLUMBIA,2019,92,20.000000
COLUMBIA,2019,91,20.000000
COLUMBIA,2019,90,
COLUMBIA,2019,89,
COLUMBIA,2019,88,20.000000
COLUMBIA,2019,87,20.000000
COLUMBIA,2019,86,
COLUMBIA,2019,85,
COLUMBIA,2019,84,
COLUMBIA,2019,83,
COLUMBIA,2019,82,
COLUMBIA,2019,81,
COLUMBIA,2019,80,
COLUMBIA,2019,79,
COLUMBIA,2019,78,
COLUMBIA,2019,77,
COLUMBIA,2019,76,
COLUMBIA,2019,75,
COLUMBIA,2019,74,
COLUMBIA,2019,73,
COLUMBIA,2019,72,
COLUMBIA,2019,71,
COLUMBIA,2019,70,
COLUMBIA,2019,69,
COLUMBIA,2019,68,
COLUMBIA,2019,67,
COLUMBIA,2019,66,
COLUMBIA,2019,65,
COLUMBIA,2019,64,
COLUMBIA,2019,63,
COLUMBIA,2019,62,
COLUMBIA,2019,61,
COLUMBIA,2019,60,25.000000
COLUMBIA,2019,59,25.000000
COLUMBIA,2019,58,25.000000
COLUMBIA,2019,57,25.000000
COLUMBIA,2019,56,25.000000
COLUMBIA,2019,55,
COLUMBIA,2019,54,
COLUMBIA,2019,53,25.000000
COLUMBIA,2019,52,25.000000
COLUMBIA,2019,51,25.000000
COLUMBIA,2019,50,25.000000
COLUMBIA,2019,49,
COLUMBIA,2019,48,
COLUMBIA,2019,47,
COLUMBIA,2019,46,25.000000
COLUMBIA,2019,45,25.000000
COLUMBIA,2019,44,25.000000
COLUMBIA,2019,43,25.000000
COLUMBIA,2019,42,25.000000
COLUMBIA,2019,41,
COLUMBIA,2019,40,
COLUMBIA,2019,39,25.000000
COLUMBIA,2019,38,25.000000
COLUMBIA,2019,37,25.000000
COLUMBIA,2019,36,25.000000
COLUMBIA,2019,35,25.000000
COLUMBIA,2019,34,
COLUMBIA,2019,33,
COLUMBIA,2019,32,25.000000
COLUMBIA,2019,31,25.000000
COLUMBIA,2019,30,25.000000
COLUMBIA,2019,29,25.000000
COLUMBIA,2019,28,
COLUMBIA,2019,27,
COLUMBIA,2019,26,
COLUMBIA,2019,25,25.000000
COLUMBIA,2019,24,25.000000
COLUMBIA,2019,23,25.000000
COLUMBIA,2019,22,
COLUMBIA,2019,21,
COLUMBIA,2019,20,
COLUMBIA,2019,19,
COLUMBIA,2019,18,
COLUMBIA,2019,17,
COLUMBIA,2019,16,
COLUMBIA,2019,15,
COLUMBIA,2019,14,
COLUMBIA,2019,13,
COLUMBIA,2019,12,
COLUMBIA,2019,11,
COLUMBIA,2019,10,
COLUMBIA,2019,9,
COLUMBIA,2019,8,
COLUMBIA,2019,7,
COLUMBIA,2019,6,
COLUMBIA,2019,5,
COLUMBIA,2019,4,
COLUMBIA,2019,3,
COLUMBIA,2019,2,
LOS ANGELES,2019,366,
LOS ANGELES,2019,365,
LOS ANGELES,2019,364,
LOS ANGELES,2019,363,
LOS ANGELES,2019,362,
LOS ANGELES,2019,361,
LOS ANGELES,2019,360,
LOS ANGELES,2019,359,
LOS ANGELES,2019,358,
LOS ANGELES,2019,357,
LOS ANGELES,2019,356,
LOS ANGELES,2019,355,
LOS ANGELES,2019,354,
LOS ANGELES,2019,353,
LOS ANGELES,2019,352,
LOS ANGELES,2019,351,
LOS ANGELES,2019,350,
LOS ANGELES,2019,349,
LOS ANGELES,2019,348,
LOS ANGELES,2019,347,
LOS ANGELES,2019,346,
LOS ANGELES,2019,345,
LOS ANGELES,2019,344,
LOS ANGELES,2019,343,
LOS ANGELES,2019,342,
LOS ANGELES,2019,341,
LOS ANGELES,2019,340,
LOS ANGELES,2019,339,
LOS ANGELES,2019,338,
LOS ANGELES,2019,337,
LOS ANGELES,2019,336,
LOS ANGELES,2019,335,
LOS ANGELES,2019,334,
LOS ANGELES,2019,333,
LOS ANGELES,2019,332,
LOS ANGELES,2019,331,
LOS ANGELES,2019,330,
LOS ANGELES,2019,329,
LOS ANGELES,2019,328,
LOS ANGELES,2019,327,
LOS ANGELES,2019,326,
LOS ANGELES,2019,325,
LOS ANGELES,2019,324,
LOS ANGELES,2019,323,
LOS ANGELES,2019,322,
LOS ANGELES,2019,321,
LOS ANGELES,2019,320,
LOS ANGELES,2019,319,
LOS ANGELES,2019,318,
LOS ANGELES,2019,317,
LOS ANGELES,2019,316,
LOS ANGELES,2019,315,
LOS ANGELES,2019,314,
LOS ANGELES,2019,313,
LOS ANGELES,2019,312,
LOS ANGELES,2019,311,
LOS ANGELES,2019,310,
LOS ANGELES,2019,309,
LOS ANGELES,2019,308,
LOS ANGELES,2019,307,
LOS ANGELES,2019,306,
LOS ANGELES,2019,305,
LOS ANGELES,2019,304,
LOS ANGELES,2019,303,
LOS ANGELES,2019,302,
LOS ANGELES,2019,301,
LOS ANGELES,2019,300,
LOS ANGELES,2019,299,
LOS ANGELES,2019,298,
LOS ANGELES,2019,297,
LOS ANGELES,2019,296,
LOS ANGELES,2019,295,
LOS ANGELES,2019,294,
LOS ANGELES,2019,293,
LOS ANGELES,2019,292,
LOS ANGELES,2019,291,
LOS ANGELES,2019,290,
LOS ANGELES,2019,289,
LOS ANGELES,2019,288,
LOS ANGELES,2019,287,
LOS ANGELES,2019,286,
LOS ANGELES,2019,285,
LOS ANGELES,2019,284,
LOS ANGELES,2019,283,
LOS ANGELES,2019,282,
LOS ANGELES,2019,281,
LOS ANGELES,2019,280,
LOS ANGELES,2019,279,
LOS ANGELES,2019,278,
LOS ANGELES,2019,277,
LOS ANGELES,2019,276,
LOS ANGELES,2019,275,
LOS ANGELES,2019,274,
LOS ANGELES,2019,273,
LOS ANGELES,2019,272,
LOS ANGELES,2019,271,
LOS ANGELES,2019,270,
LOS ANGELES,2019,269,
LOS ANGELES,2019,268,
LOS ANGELES,2019,267,
LOS ANGELES,2019,266,
LOS ANGELES,2019,265,
LOS ANGELES,2019,264,
LOS ANGELES,2019,263,
LOS ANGELES,2019,262,
LOS ANGELES,2019,261,
LOS ANGELES,2019,260,
LOS ANGELES,2019,259,
LOS ANGELES,2019,258,
LOS ANGELES,2019,257,
LOS ANGELES,2019,256,
LOS ANGELES,2019,255,
LOS ANGELES,2019,254,
LOS ANGELES,2019,253,
LOS ANGELES,2019,252,
LOS ANGELES,2019,251,
LOS ANGELES,2019,250,
LOS ANGELES,2019,249,
LOS ANGELES,2019,248,
LOS ANGELES,2019,247,
LOS ANGELES,2019,246,
LOS ANGELES,2019,245,
LOS ANGELES,2019,244,
LOS ANGELES,2019,243,
LOS ANGELES,2019,242,
LOS ANGELES,2019,241,
LOS ANGELES,2019,240,
LOS ANGELES,2019,239,
LOS ANGELES,2019,238,
LOS ANGELES,2019,237,
LOS ANGELES,2019,236,
LOS ANGELES,2019,235,
LOS ANGELES,2019,234,
LOS ANGELES,2019,233,
LOS ANGELES,2019,232,
LOS ANGELES,2019,231,
LOS ANGELES,2019,230,
LOS ANGELES,2019,229,
LOS ANGELES,2019,228,
LOS ANGELES,2019,227,
LOS ANGELES,2019,226,
LOS ANGELES,2019,225,
LOS ANGELES,2019,224,
LOS ANGELES,2019,223,
LOS ANGELES,2019,222,
LOS ANGELES,2019,221,
LOS ANGELES,2019,220,
LOS ANGELES,2019,219,
LOS ANGELES,2019,218,
LOS ANGELES,2019,217,
LOS ANGELES,2019,216,
LOS ANGELES,2019,215,
LOS ANGELES,2019,214,
LOS ANGELES,2019,213,
LOS ANGELES,2019,212,
LOS ANGELES,2019,211,
LOS ANGELES,2019,210,
LOS ANGELES,2019,209,
LOS ANGELES,2019,208,
LOS ANGELES,2019,207,
LOS ANGELES,2019,206,1.180000
LOS ANGELES,2019,205,1.180000
LOS ANGELES,2019,204,1.180000
LOS ANGELES,2019,203,1.180000
LOS ANGELES,2019,202,
LOS ANGELES,2019,201,
LOS ANGELES,2019,200,1.180000
LOS ANGELES,2019,199,1.180000
LOS ANGELES,2019,198,1.180000
LOS ANGELES,2019,197,1.180000
LOS ANGELES,2019,196,1.180000
LOS ANGELES,2019,195,
LOS ANGELES,2019,194,
LOS ANGELES,2019,193,1.180000
LOS ANGELES,2019,192,1.180000
LOS ANGELES,2019,191,1.180000
LOS ANGELES,2019,190,1.180000
LOS ANGELES,2019,189,1.180000
LOS ANGELES,2019,188,
LOS ANGELES,2019,187,
LOS ANGELES,2019,186,1.180000
LOS ANGELES,2019,185,
LOS ANGELES,2019,184,1.180000
LOS ANGELES,2019,183,1.180000
LOS ANGELES,2019,182,1.180000
LOS ANGELES,2019,181,
LOS ANGELES,2019,180,
LOS ANGELES,2019,179,1.180000
LOS ANGELES,2019,178,1.180000
LOS ANGELES,2019,177,1.180000
LOS ANGELES,2019,176,1.180000
LOS ANGELES,2019,175,
LOS ANGELES,2019,174,
LOS ANGELES,2019,173,
LOS ANGELES,2019,172,
LOS ANGELES,2019,171,
LOS ANGELES,2019,170,
LOS ANGELES,2019,169,
LOS ANGELES,2019,168,
LOS ANGELES,2019,167,
LOS ANGELES,2019,166,
LOS ANGELES,2019,165,
LOS ANGELES,2019,164,
LOS ANGELES,2019,163,
LOS ANGELES,2019,162,
LOS ANGELES,2019,161,
LOS ANGELES,2019,160,
LOS ANGELES,2019,159,
LOS ANGELES,2019,158,
LOS ANGELES,2019,157,
LOS ANGELES,2019,156,
LOS ANGELES,2019,155,
LOS ANGELES,2019,154,
LOS ANGELES,2019,153,
LOS ANGELES,2019,152,
LOS ANGELES,2019,151,
LOS ANGELES,2019,150,
LOS ANGELES,2019,149,
LOS ANGELES,2019,148,
LOS ANGELES,2019,147,
LOS ANGELES,2019,146,
LOS ANGELES,2019,145,
LOS ANGELES,2019,144,
LOS ANGELES,2019,143,
LOS ANGELES,2019,142,
LOS ANGELES,2019,141,36.000000
LOS ANGELES,2019,140,36.000000
LOS ANGELES,2019,139,
LOS ANGELES,2019,138,
LOS ANGELES,2019,137,36.000000
LOS ANGELES,2019,136,36.000000
LOS ANGELES,2019,135,36.000000
LOS ANGELES,2019,134,36.000000
LOS ANGELES,2019,133,36.000000
LOS ANGELES,2019,132,
LOS ANGELES,2019,131,
LOS ANGELES,2019,130,36.000000
LOS ANGELES,2019,129,36.000000
LOS ANGELES,2019,128,36.000000
LOS ANGELES,2019,127,36.000000
LOS ANGELES,2019,126,36.000000
LOS ANGELES,2019,125,
LOS ANGELES,2019,124,
LOS ANGELES,2019,123,36.000000
LOS ANGELES,2019,122,36.000000
LOS ANGELES,2019,121,36.000000
LOS ANGELES,2019,120,36.000000
LOS ANGELES,2019,119,36.000000
LOS ANGELES,2019,118,
LOS ANGELES,2019,117,
LOS ANGELES,2019,116,36.000000
LOS ANGELES,2019,115,36.000000
LOS ANGELES,2019,114,36.000000
LOS ANGELES,2019,113,36.000000
LOS ANGELES,2019,112,36.000000
LOS ANGELES,2019,111,
LOS ANGELES,2019,110,
LOS ANGELES,2019,109,36.000000
LOS ANGELES,2019,108,36.000000
LOS ANGELES,2019,107,36.000000
LOS ANGELES,2019,106,36.000000
LOS ANGELES,2019,105,36.000000
LOS ANGELES,2019,104,
LOS ANGELES,2019,103,
LOS ANGELES,2019,102,36.000000
LOS ANGELES,2019,101,36.000000
LOS ANGELES,2019,100,36.000000
LOS ANGELES,2019,99,36.000000
LOS ANGELES,2019,98,36.000000
LOS ANGELES,2019,97,
LOS ANGELES,2019,96,
LOS ANGELES,2019,95,36.000000
LOS ANGELES,2019,94,36.000000
LOS ANGELES,2019,93,36.000000
LOS ANGELES,2019,92,36.000000
LOS ANGELES,2019,91,36.000000
LOS ANGELES,2019,90,
LOS ANGELES,2019,89,
LOS ANGELES,2019,88,36.000000
LOS ANGELES,2019,87,36.000000
LOS ANGELES,2019,86,36.000000
LOS ANGELES,2019,85,36.000000
LOS ANGELES,2019,84,36.000000
LOS ANGELES,2019,83,
LOS ANGELES,2019,82,
LOS ANGELES,2019,81,36.000000
LOS ANGELES,2019,80,36.000000
LOS ANGELES,2019,79,36.000000
LOS ANGELES,2019,78,36.000000
LOS ANGELES,2019,77,36.000000
LOS ANGELES,2019,76,
LOS ANGELES,2019,75,
LOS ANGELES,2019,74,36.000000
LOS ANGELES,2019,73,36.000000
LOS ANGELES,2019,72,36.000000
LOS ANGELES,2019,71,36.000000
LOS ANGELES,2019,70,36.000000
LOS ANGELES,2019,69,
LOS ANGELES,2019,68,
LOS ANGELES,2019,67,36.000000
LOS ANGELES,2019,66,36.000000
LOS ANGELES,2019,65,36.000000
LOS ANGELES,2019,64,36.000000
LOS ANGELES,2019,63,36.000000
LOS ANGELES,2019,62,
LOS ANGELES,2019,61,
LOS ANGELES,2019,60,36.000000
LOS ANGELES,2019,59,36.000000
LOS ANGELES,2019,58,36.000000
LOS ANGELES,2019,57,36.000000
LOS ANGELES,2019,56,36.000000
LOS ANGELES,2019,55,
LOS ANGELES,2019,54,
LOS ANGELES,2019,53,36.000000
LOS ANGELES,2019,52,36.000000
LOS ANGELES,2019,51,36.000000
LOS ANGELES,2019,50,36.000000
LOS ANGELES,2019,49,
LOS ANGELES,2019,48,
LOS ANGELES,2019,47,
LOS ANGELES,2019,46,36.000000
LOS ANGELES,2019,45,36.000000
LOS ANGELES,2019,44,36.000000
LOS ANGELES,2019,43,36.000000
LOS ANGELES,2019,42,36.000000
LOS ANGELES,2019,41,
LOS ANGELES,2019,40,
LOS ANGELES,2019,39,36.000000
LOS ANGELES,2019,38,36.000000
LOS ANGELES,2019,37,36.000000
LOS ANGELES,2019,36,36.000000
LOS ANGELES,2019,35,36.000000
LOS ANGELES,2019,34,
LOS ANGELES,2019,33,
LOS ANGELES,2019,32,36.000000
LOS ANGELES,2019,31,36.000000
LOS ANGELES,2019,30,36.000000
LOS ANGELES,2019,29,36.000000
LOS ANGELES,2019,28,36.000000
LOS ANGELES,2019,27,
LOS ANGELES,2019,26,
LOS ANGELES,2019,25,36.000000
LOS ANGELES,2019,24,36.000000
LOS ANGELES,2019,23,36.000000
LOS ANGELES,2019,22,36.000000
LOS ANGELES,2019,21,
LOS ANGELES,2019,20,
LOS ANGELES,2019,19,
LOS ANGELES,2019,18,36.000000
LOS ANGELES,2019,17,
LOS ANGELES,2019,16,
LOS ANGELES,2019,15,
LOS ANGELES,2019,14,
LOS ANGELES,2019,13,
LOS ANGELES,2019,12,
LOS ANGELES,2019,11,
LOS ANGELES,2019,10,
LOS ANGELES,2019,9,
LOS ANGELES,2019,8,
LOS ANGELES,2019,7,
LOS ANGELES,2019,6,
LOS ANGELES,2019,5,
LOS ANGELES,2019,4,
LOS ANGELES,2019,3,
LOS ANGELES,2019,2,
MIAMI,2019,366,
MIAMI,2019,365,
MIAMI,2019,364,
MIAMI,2019,363,
MIAMI,2019,362,
MIAMI,2019,361,
MIAMI,2019,360,
MIAMI,2019,359,
MIAMI,2019,358,
MIAMI,2019,357,
MIAMI,2019,356,
MIAMI,2019,355,
MIAMI,2019,354,
MIAMI,2019,353,
MIAMI,2019,352,
MIAMI,2019,351,
MIAMI,2019,350,
MIAMI,2019,349,
MIAMI,2019,348,
MIAMI,2019,347,
MIAMI,2019,346,
MIAMI,2019,345,
MIAMI,2019,344,
MIAMI,2019,343,
MIAMI,2019,342,
MIAMI,2019,341,
MIAMI,2019,340,
MIAMI,2019,339,
MIAMI,2019,338,
MIAMI,2019,337,
MIAMI,2019,336,
MIAMI,2019,335,
MIAMI,2019,334,
MIAMI,2019,333,
MIAMI,2019,332,
MIAMI,2019,331,
MIAMI,2019,330,
MIAMI,2019,329,
MIAMI,2019,328,
MIAMI,2019,327,
MIAMI,2019,326,
MIAMI,2019,325,
MIAMI,2019,324,
MIAMI,2019,323,
MIAMI,2019,322,
MIAMI,2019,321,
MIAMI,2019,320,
MIAMI,2019,319,
MIAMI,2019,318,
MIAMI,2019,317,
MIAMI,2019,316,
MIAMI,2019,315,
MIAMI,2019,314,
MIAMI,2019,313,
MIAMI,2019,312,
MIAMI,2019,311,
MIAMI,2019,310,
MIAMI,2019,309,
MIAMI,2019,308,14.500000
MIAMI,2019,307,
MIAMI,2019,306,
MIAMI,2019,305,14.500000
MIAMI,2019,304,14.500000
MIAMI,2019,303,14.500000
MIAMI,2019,302,14.500000
MIAMI,2019,301,14.500000
MIAMI,2019,300,
MIAMI,2019,299,
MIAMI,2019,298,21.000000
MIAMI,2019,297,21.000000
MIAMI,2019,296,21.000000
MIAMI,2019,295,21.000000
MIAMI,2019,294,21.000000
MIAMI,2019,293,
MIAMI,2019,292,
MIAMI,2019,291,21.000000
MIAMI,2019,290,21.000000
MIAMI,2019,289,21.000000
MIAMI,2019,288,21.000000
MIAMI,2019,287,
MIAMI,2019,286,
MIAMI,2019,285,
MIAMI,2019,284,21.000000
MIAMI,2019,283,21.000000
MIAMI,2019,282,21.000000
MIAMI,2019,281,21.000000
MIAMI,2019,280,21.000000
MIAMI,2019,279,
MIAMI,2019,278,
MIAMI,2019,277,21.000000
MIAMI,2019,276,21.000000
MIAMI,2019,275,21.000000
MIAMI,2019,274,21.000000
MIAMI,2019,273,21.000000
MIAMI,2019,272,
MIAMI,2019,271,
MIAMI,2019,270,21.000000
MIAMI,2019,269,21.000000
MIAMI,2019,268,21.000000
MIAMI,2019,267,21.000000
MIAMI,2019,266,21.000000
MIAMI,2019,265,
MIAMI,2019,264,
MIAMI,2019,263,21.000000
MIAMI,2019,262,21.000000
MIAMI,2019,261,21.000000
MIAMI,2019,260,21.000000
MIAMI,2019,259,21.000000
MIAMI,2019,258,
MIAMI,2019,257,
MIAMI,2019,256,21.000000
MIAMI,2019,255,21.000000
MIAMI,2019,254,21.000000
MIAMI,2019,253,21.000000
MIAMI,2019,252,21.000000
MIAMI,2019,251,
MIAMI,2019,250,
MIAMI,2019,249,21.000000
MIAMI,2019,248,21.000000
MIAMI,2019,247,21.000000
MIAMI,2019,246,21.000000
MIAMI,2019,245,
MIAMI,2019,244,
MIAMI,2019,243,
MIAMI,2019,242,21.000000
MIAMI,2019,241,21.000000
MIAMI,2019,240,21.000000
MIAMI,2019,239,21.000000
MIAMI,2019,238,21.000000
MIAMI,2019,237,
MIAMI,2019,236,
MIAMI,2019,235,21.000000
MIAMI,2019,234,21.000000
MIAMI,2019,233,21.000000
MIAMI,2019,232,21.000000
MIAMI,2019,231,21.000000
MIAMI,2019,230,
MIAMI,2019,229,
MIAMI,2019,228,
MIAMI,2019,227,
MIAMI,2019,226,21.000000
MIAMI,2019,225,21.000000
MIAMI,2019,224,21.000000
MIAMI,2019,223,
MIAMI,2019,222,
MIAMI,2019,221,21.000000
MIAMI,2019,220,21.000000
MIAMI,2019,219,21.000000
MIAMI,2019,218,21.000000
MIAMI,2019,217,21.000000
MIAMI,2019,216,
MIAMI,2019,215,
MIAMI,2019,214,21.000000
MIAMI,2019,213,21.000000
MIAMI,2019,212,21.000000
MIAMI,2019,211,21.000000
MIAMI,2019,210,21.000000
MIAMI,2019,209,
MIAMI,2019,208,
MIAMI,2019,207,21.000000
MIAMI,2019,206,21.000000
MIAMI,2019,205,21.000000
MIAMI,2019,204,21.000000
MIAMI,2019,203,21.000000
MIAMI,2019,202,
MIAMI,2019,201,
MIAMI,2019,200,21.000000
MIAMI,2019,199,21.000000
MIAMI,2019,198,21.000000
MIAMI,2019,197,21.000000
MIAMI,2019,196,21.000000
MIAMI,2019,195,
MIAMI,2019,194,
MIAMI,2019,193,21.000000
MIAMI,2019,192,21.000000
MIAMI,2019,191,21.000000
MIAMI,2019,190,21.000000
MIAMI,2019,189,21.000000
MIAMI,2019,188,
MIAMI,2019,187,
MIAMI,2019,186,21.000000
MIAMI,2019,185,
MIAMI,2019,184,21.000000
MIAMI,2019,183,21.000000
MIAMI,2019,182,21.000000
MIAMI,2019,181,
MIAMI,2019,180,
MIAMI,2019,179,21.000000
MIAMI,2019,178,21.000000
MIAMI,2019,177,23.000000
MIAMI,2019,176,23.000000
MIAMI,2019,175,23.000000
MIAMI,2019,174,
MIAMI,2019,173,
MIAMI,2019,172,23.000000
MIAMI,2019,171,23.000000
MIAMI,2019,170,23.000000
MIAMI,2019,169,23.000000
MIAMI,2019,168,23.000000
MIAMI,2019,167,
MIAMI,2019,166,
MIAMI,2019,165,23.000000
MIAMI,2019,164,23.000000
MIAMI,2019,163,23.000000
MIAMI,2019,162,23.000000
MIAMI,2019,161,23.000000
MIAMI,2019,160,
MIAMI,2019,159,
MIAMI,2019,158,23.000000
MIAMI,2019,157,23.000000
MIAMI,2019,156,23.000000
MIAMI,2019,155,23.000000
MIAMI,2019,154,23.000000
MIAMI,2019,153,
MIAMI,2019,152,
MIAMI,2019,151,23.000000
MIAMI,2019,150,23.000000
MIAMI,2019,149,23.000000
MIAMI,2019,148,23.000000
MIAMI,2019,147,
MIAMI,2019,146,
MIAMI,2019,145,
MIAMI,2019,144,23.000000
MIAMI,2019,143,23.000000
MIAMI,2019,142,23.000000
MIAMI,2019,141,20.500000
MIAMI,2019,140,20.500000
MIAMI,2019,139,
MIAMI,2019,138,
MIAMI,2019,137,20.500000
MIAMI,2019,136,20.500000
MIAMI,2019,135,20.500000
MIAMI,2019,134,20.500000
MIAMI,2019,133,20.500000
MIAMI,2019,132,
MIAMI,2019,131,
MIAMI,2019,130,20.500000
MIAMI,2019,129,20.500000
MIAMI,2019,128,20.500000
MIAMI,2019,127,20.500000
MIAMI,2019,126,20.500000
MIAMI,2019,125,
MIAMI,2019,124,
MIAMI,2019,123,20.500000
MIAMI,2019,122,20.500000
MIAMI,2019,121,20.500000
MIAMI,2019,120,20.500000
MIAMI,2019,119,20.500000
MIAMI,2019,118,
MIAMI,2019,117,
MIAMI,2019,116,20.500000
MIAMI,2019,115,20.500000
MIAMI,2019,114,20.500000
MIAMI,2019,113,20.500000
MIAMI,2019,112,20.500000
MIAMI,2019,111,
MIAMI,2019,110,
MIAMI,2019,109,20.500000
MIAMI,2019,108,20.500000
MIAMI,2019,107,20.500000
MIAMI,2019,106,20.500000
MIAMI,2019,105,20.500000
MIAMI,2019,104,
MIAMI,2019,103,
MIAMI,2019,102,20.500000
MIAMI,2019,101,20.500000
MIAMI,2019,100,20.500000
MIAMI,2019,99,20.500000
MIAMI,2019,98,20.500000
MIAMI,2019,97,
MIAMI,2019,96,
MIAMI,2019,95,20.500000
MIAMI,2019,94,20.500000
MIAMI,2019,93,20.500000
MIAMI,2019,92,18.000000
MIAMI,2019,91,18.000000
MIAMI,2019,90,
MIAMI,2019,89,
MIAMI,2019,88,18.000000
MIAMI,2019,87,18.000000
MIAMI,2019,86,26.000000
MIAMI,2019,85,26.000000
MIAMI,2019,84,26.000000
MIAMI,2019,83,
MIAMI,2019,82,
MIAMI,2019,81,26.000000
MIAMI,2019,80,26.000000
MIAMI,2019,79,26.000000
MIAMI,2019,78,26.000000
MIAMI,2019,77,26.000000
MIAMI,2019,76,
MIAMI,2019,75,
MIAMI,2019,74,26.000000
MIAMI,2019,73,26.000000
MIAMI,2019,72,26.000000
MIAMI,2019,71,26.000000
MIAMI,2019,70,26.000000
MIAMI,2019,69,
MIAMI,2019,68,
MIAMI,2019,67,26.000000
MIAMI,2019,66,26.000000
MIAMI,2019,65,26.000000
MIAMI,2019,64,26.000000
MIAMI,2019,63,26.000000
MIAMI,2019,62,
MIAMI,2019,61,
MIAMI,2019,60,26.000000
MIAMI,2019,59,26.000000
MIAMI,2019,58,26.000000
MIAMI,2019,57,26.000000
MIAMI,2019,56,26.000000
MIAMI,2019,55,
MIAMI,2019,54,
MIAMI,2019,53,26.000000
MIAMI,2019,52,26.000000
MIAMI,2019,51,26.000000
MIAMI,2019,50,26.000000
MIAMI,2019,49,
MIAMI,2019,48,
MIAMI,2019,47,
MIAMI,2019,46,26.000000
MIAMI,2019,45,26.000000
MIAMI,2019,44,26.000000
MIAMI,2019,43,26.000000
MIAMI,2019,42,26.000000
MIAMI,2019,41,
MIAMI,2019,40,
MIAMI,2019,39,26.000000
MIAMI,2019,38,26.000000
MIAMI,2019,37,26.000000
MIAMI,2019,36,26.000000
MIAMI,2019,35,26.000000
MIAMI,2019,34,
MIAMI,2019,33,
MIAMI,2019,32,26.000000
MIAMI,2019,31,26.000000
MIAMI,2019,30,26.000000
MIAMI,2019,29,26.000000
MIAMI,2019,28,26.000000
MIAMI,2019,27,
MIAMI,2019,26,
MIAMI,2019,25,26.000000
MIAMI,2019,24,26.000000
MIAMI,2019,23,26.000000
MIAMI,2019,22,26.000000
MIAMI,2019,21,
MIAMI,2019,20,
MIAMI,2019,19,
MIAMI,2019,18,26.000000
MIAMI,2019,17,26.000000
MIAMI,2019,16,21.000000
MIAMI,2019,15,21.000000
MIAMI,2019,14,21.000000
MIAMI,2019,13,
MIAMI,2019,12,
MIAMI,2019,11,21.000000
MIAMI,2019,10,21.000000
MIAMI,2019,9,21.000000
MIAMI,2019,8,21.000000
MIAMI,2019,7,21.000000
MIAMI,2019,6,
MIAMI,2019,5,
MIAMI,2019,4,21.000000
MIAMI,2019,3,21.000000
MIAMI,2019,2,21.000000
NEW YORK,2019,366,
NEW YORK,2019,365,17.250000
NEW YORK,2019,364,17.250000
NEW YORK,2019,363,
NEW YORK,2019,362,
NEW YORK,2019,361,11.916666
NEW YORK,2019,360,
NEW YORK,2019,359,
NEW YORK,2019,358,
NEW YORK,2019,357,14.300000
NEW YORK,2019,356,
NEW YORK,2019,355,
NEW YORK,2019,354,12.500000
NEW YORK,2019,353,14.400000
NEW YORK,2019,352,13.375000
NEW YORK,2019,351,13.375000
NEW YORK,2019,350,13.375000
NEW YORK,2019,349,
NEW YORK,2019,348,
NEW YORK,2019,347,14.250000
NEW YORK,2019,346,14.250000
NEW YORK,2019,345,14.250000
NEW YORK,2019,344,14.250000
NEW YORK,2019,343,14.250000
NEW YORK,2019,342,
NEW YORK,2019,341,
NEW YORK,2019,340,14.250000
NEW YORK,2019,339,14.666666
NEW YORK,2019,338,14.666666
NEW YORK,2019,337,15.300000
NEW YORK,2019,336,16.125000
NEW YORK,2019,335,
NEW YORK,2019,334,
NEW YORK,2019,333,
NEW YORK,2019,332,
NEW YORK,2019,331,16.125000
NEW YORK,2019,330,16.125000
NEW YORK,2019,329,16.125000
NEW YORK,2019,328,
NEW YORK,2019,327,
NEW YORK,2019,326,16.125000
NEW YORK,2019,325,16.125000
NEW YORK,2019,324,16.125000
NEW YORK,2019,323,16.125000
NEW YORK,2019,322,16.125000
NEW YORK,2019,321,
NEW YORK,2019,320,
NEW YORK,2019,319,16.666666
NEW YORK,2019,318,15.000000
NEW YORK,2019,317,15.000000
NEW YORK,2019,316,15.000000
NEW YORK,2019,315,
NEW YORK,2019,314,
NEW YORK,2019,313,
NEW YORK,2019,312,16.000000
NEW YORK,2019,311,15.071428
NEW YORK,2019,310,15.071428
NEW YORK,2019,309,13.916666
NEW YORK,2019,308,16.000000
NEW YORK,2019,307,
NEW YORK,2019,306,
NEW YORK,2019,305,11.666666
NEW YORK,2019,304,11.666666
NEW YORK,2019,303,12.000000
NEW YORK,2019,302,14.875000
NEW YORK,2019,301,14.750000
NEW YORK,2019,300,
NEW YORK,2019,299,
NEW YORK,2019,298,14.000000
NEW YORK,2019,297,10.785714
NEW YORK,2019,296,12.571428
NEW YORK,2019,295,12.928571
NEW YORK,2019,294,13.750000
NEW YORK,2019,293,
NEW YORK,2019,292,
NEW YORK,2019,291,12.900000
NEW YORK,2019,290,14.000000
NEW YORK,2019,289,14.000000
NEW YORK,2019,288,
NEW YORK,2019,287,
NEW YORK,2019,286,
NEW YORK,2019,285,
NEW YORK,2019,284,18.000000
NEW YORK,2019,283,18.000000
NEW YORK,2019,282,15.200000
NEW YORK,2019,281,13.714285
NEW YORK,2019,280,13.714285
NEW YORK,2019,279,
NEW YORK,2019,278,
NEW YORK,2019,277,11.000000
NEW YORK,2019,276,11.000000
NEW YORK,2019,275,11.000000
NEW YORK,2019,274,11.200000
NEW YORK,2019,273,11.200000
NEW YORK,2019,272,
NEW YORK,2019,271,
NEW YORK,2019,270,12.250000
NEW YORK,2019,269,13.500000
NEW YORK,2019,268,13.666666
NEW YORK,2019,267,13.500000
NEW YORK,2019,266,14.333333
NEW YORK,2019,265,
NEW YORK,2019,264,
NEW YORK,2019,263,14.833333
NEW YORK,2019,262,13.333333
NEW YORK,2019,261,13.800000
NEW YORK,2019,260,13.800000
NEW YORK,2019,259,13.700000
NEW YORK,2019,258,
NEW YORK,2019,257,
NEW YORK,2019,256,13.000000
NEW YORK,2019,255,12.875000
NEW YORK,2019,254,12.875000
NEW YORK,2019,253,13.500000
NEW YORK,2019,252,13.333333
NEW YORK,2019,251,
NEW YORK,2019,250,
NEW YORK,2019,249,
NEW YORK,2019,248,
NEW YORK,2019,247,11.500000
NEW YORK,2019,246,11.500000
NEW YORK,2019,245,
NEW YORK,2019,244,
NEW YORK,2019,243,
NEW YORK,2019,242,10.750000
NEW YORK,2019,241,10.750000
NEW YORK,2019,240,10.750000
NEW YORK,2019,239,9.500000
NEW YORK,2019,238,12.125000
NEW YORK,2019,237,
NEW YORK,2019,236,
NEW YORK,2019,235,14.000000
NEW YORK,2019,234,14.000000
NEW YORK,2019,233,14.500000
NEW YORK,2019,232,14.500000
NEW YORK,2019,231,15.000000
NEW YORK,2019,230,
NEW YORK,2019,229,
NEW YORK,2019,228,
NEW YORK,2019,227,
NEW YORK,2019,226,17.500000
NEW YORK,2019,225,17.500000
NEW YORK,2019,224,17.500000
NEW YORK,2019,223,
NEW YORK,2019,222,
NEW YORK,2019,221,19.166666
NEW YORK,2019,220,19.166666
NEW YORK,2019,219,12.000000
NEW YORK,2019,218,13.000000
NEW YORK,2019,217,13.000000
NEW YORK,2019,216,
NEW YORK,2019,215,
NEW YORK,2019,214,14.500000
NEW YORK,2019,213,14.500000
NEW YORK,2019,212,14.500000
NEW YORK,2019,211,14.500000
NEW YORK,2019,210,14.500000
NEW YORK,2019,209,
NEW YORK,2019,208,
NEW YORK,2019,207,14.500000
NEW YORK,2019,206,14.500000
NEW YORK,2019,205,12.600000
NEW YORK,2019,204,12.600000
NEW YORK,2019,203,14.000000
NEW YORK,2019,202,
NEW YORK,2019,201,
NEW YORK,2019,200,17.500000
NEW YORK,2019,199,17.500000
NEW YORK,2019,198,18.250000
NEW YORK,2019,197,18.250000
NEW YORK,2019,196,18.250000
NEW YORK,2019,195,
NEW YORK,2019,194,
NEW YORK,2019,193,15.500000
NEW YORK,2019,192,15.500000
NEW YORK,2019,191,18.250000
NEW YORK,2019,190,22.000000
NEW YORK,2019,189,22.000000
NEW YORK,2019,188,
NEW YORK,2019,187,
NEW YORK,2019,186,
NEW YORK,2019,185,
NEW YORK,2019,184,15.000000
NEW YORK,2019,183,15.333333
NEW YORK,2019,182,15.333333
NEW YORK,2019,181,
NEW YORK,2019,180,
NEW YORK,2019,179,14.250000
NEW YORK,2019,178,14.250000
NEW YORK,2019,177,14.250000
NEW YORK,2019,176,14.250000
NEW YORK,2019,175,14.250000
NEW YORK,2019,174,
NEW YORK,2019,173,
NEW YORK,2019,172,14.250000
NEW YORK,2019,171,14.250000
NEW YORK,2019,170,13.000000
NEW YORK,2019,169,13.000000
NEW YORK,2019,168,16.000000
NEW YORK,2019,167,
NEW YORK,2019,166,
NEW YORK,2019,165,16.000000
NEW YORK,2019,164,16.000000
NEW YORK,2019,163,16.000000
NEW YORK,2019,162,16.000000
NEW YORK,2019,161,16.000000
NEW YORK,2019,160,
NEW YORK,2019,159,
NEW YORK,2019,158,15.625000
NEW YORK,2019,157,15.625000
NEW YORK,2019,156,15.625000
NEW YORK,2019,155,18.166666
NEW YORK,2019,154,18.166666
NEW YORK,2019,153,
NEW YORK,2019,152,
NEW YORK,2019,151,15.000000
NEW YORK,2019,150,15.000000
NEW YORK,2019,149,15.000000
NEW YORK,2019,148,19.000000
NEW YORK,2019,147,
NEW YORK,2019,146,
NEW YORK,2019,145,
NEW YORK,2019,144,20.000000
NEW YORK,2019,143,20.000000
NEW YORK,2019,142,16.000000
NEW YORK,2019,141,20.000000
NEW YORK,2019,140,20.000000
NEW YORK,2019,139,
NEW YORK,2019,138,
NEW YORK,2019,137,20.000000
NEW YORK,2019,136,20.000000
NEW YORK,2019,135,17.666666
NEW YORK,2019,134,18.000000
NEW YORK,2019,133,18.000000
NEW YORK,2019,132,
NEW YORK,2019,131,
NEW YORK,2019,130,20.000000
NEW YORK,2019,129,18.833333
NEW YORK,2019,128,14.250000
NEW YORK,2019,127,14.250000
NEW YORK,2019,126,14.250000
NEW YORK,2019,125,
NEW YORK,2019,124,
NEW YORK,2019,123,14.250000
NEW YORK,2019,122,14.125000
NEW YORK,2019,121,14.125000
NEW YORK,2019,120,15.875000
NEW YORK,2019,119,16.833333
NEW YORK,2019,118,
NEW YORK,2019,117,
NEW YORK,2019,116,16.000000
NEW YORK,2019,115,16.000000
NEW YORK,2019,114,16.000000
NEW YORK,2019,113,16.000000
NEW YORK,2019,112,
NEW YORK,2019,111,
NEW YORK,2019,110,
NEW YORK,2019,109,14.000000
NEW YORK,2019,108,16.333333
NEW YORK,2019,107,15.000000
NEW YORK,2019,106,17.000000
NEW YORK,2019,105,17.750000
NEW YORK,2019,104,
NEW YORK,2019,103,
NEW YORK,2019,102,17.750000
NEW YORK,2019,101,18.750000
NEW YORK,2019,100,20.166666
NEW YORK,2019,99,19.166666
NEW YORK,2019,98,21.750000
NEW YORK,2019,97,
NEW YORK,2019,96,
NEW YORK,2019,95,21.750000
NEW YORK,2019,94,21.750000
NEW YORK,2019,93,21.750000
NEW YORK,2019,92,21.750000
NEW YORK,2019,91,21.750000
NEW YORK,2019,90,
NEW YORK,2019,89,
NEW YORK,2019,88,27.000000
NEW YORK,2019,87,27.000000
NEW YORK,2019,86,24.000000
NEW YORK,2019,85,24.000000
NEW YORK,2019,84,23.666666
NEW YORK,2019,83,
NEW YORK,2019,82,
NEW YORK,2019,81,26.833333
NEW YORK,2019,80,26.833333
NEW YORK,2019,79,26.833333
NEW YORK,2019,78,26.833333
NEW YORK,2019,77,26.833333
NEW YORK,2019,76,
NEW YORK,2019,75,
NEW YORK,2019,74,26.833333
NEW YORK,2019,73,26.833333
NEW YORK,2019,72,27.833333
NEW YORK,2019,71,27.833333
NEW YORK,2019,70,27.833333
NEW YORK,2019,69,
NEW YORK,2019,68,
NEW YORK,2019,67,27.500000
NEW YORK,2019,66,31.333333
NEW YORK,2019,65,26.750000
NEW YORK,2019,64,27.666666
NEW YORK,2019,63,26.666666
NEW YORK,2019,62,
NEW YORK,2019,61,
NEW YORK,2019,60,30.000000
NEW YORK,2019,59,30.000000
NEW YORK,2019,58,30.000000
NEW YORK,2019,57,26.333333
NEW YORK,2019,56,26.333333
NEW YORK,2019,55,
NEW YORK,2019,54,
NEW YORK,2019,53,27.000000
NEW YORK,2019,52,27.000000
NEW YORK,2019,51,26.125000
NEW YORK,2019,50,26.500000
NEW YORK,2019,49,
NEW YORK,2019,48,
NEW YORK,2019,47,
NEW YORK,2019,46,30.625000
NEW YORK,2019,45,30.625000
NEW YORK,2019,44,27.083333
NEW YORK,2019,43,29.250000
NEW YORK,2019,42,
NEW YORK,2019,41,
NEW YORK,2019,40,
NEW YORK,2019,39,
NEW YORK,2019,38,32.500000
NEW YORK,2019,37,31.500000
NEW YORK,2019,36,31.500000
NEW YORK,2019,35,31.500000
NEW YORK,2019,34,
NEW YORK,2019,33,
NEW YORK,2019,32,26.000000
NEW YORK,2019,31,28.500000
NEW YORK,2019,30,28.500000
NEW YORK,2019,29,28.375000
NEW YORK,2019,28,28.375000
NEW YORK,2019,27,
NEW YORK,2019,26,
NEW YORK,2019,25,28.500000
NEW YORK,2019,24,28.500000
NEW YORK,2019,23,28.875000
NEW YORK,2019,22,28.875000
NEW YORK,2019,21,
NEW YORK,2019,20,
NEW YORK,2019,19,
NEW YORK,2019,18,28.600000
NEW YORK,2019,17,29.200000
NEW YORK,2019,16,29.200000
NEW YORK,2019,15,30.000000
NEW YORK,2019,14,30.000000
NEW YORK,2019,13,
NEW YORK,2019,12,
NEW YORK,2019,11,29.500000
NEW YORK,2019,10,29.375000
NEW YORK,2019,9,29.375000
NEW YORK,2019,8,29.375000
NEW YORK,2019,7,29.375000
NEW YORK,2019,6,
NEW YORK,2019,5,
NEW YORK,2019,4,
NEW YORK,2019,3,35.500000
NEW YORK,2019,2,27.000000
PHILADELPHIA,2019,366,
PHILADELPHIA,2019,365,8.000000
PHILADELPHIA,2019,364,8.000000
PHILADELPHIA,2019,363,
PHILADELPHIA,2019,362,
PHILADELPHIA,2019,361,13.800000
PHILADELPHIA,2019,360,15.250000
PHILADELPHIA,2019,359,
PHILADELPHIA,2019,358,
PHILADELPHIA,2019,357,12.000000
PHILADELPHIA,2019,356,
PHILADELPHIA,2019,355,
PHILADELPHIA,2019,354,12.250000
PHILADELPHIA,2019,353,12.250000
PHILADELPHIA,2019,352,12.250000
PHILADELPHIA,2019,351,12.250000
PHILADELPHIA,2019,350,12.250000
PHILADELPHIA,2019,349,
PHILADELPHIA,2019,348,
PHILADELPHIA,2019,347,13.200000
PHILADELPHIA,2019,346,13.200000
PHILADELPHIA,2019,345,13.200000
PHILADELPHIA,2019,344,14.375000
PHILADELPHIA,2019,343,14.666666
PHILADELPHIA,2019,342,
PHILADELPHIA,2019,341,
PHILADELPHIA,2019,340,17.500000
PHILADELPHIA,2019,339,17.500000
PHILADELPHIA,2019,338,17.500000
PHILADELPHIA,2019,337,17.500000
PHILADELPHIA,2019,336,17.333333
PHILADELPHIA,2019,335,
PHILADELPHIA,2019,334,
PHILADELPHIA,2019,333,
PHILADELPHIA,2019,332,
PHILADELPHIA,2019,331,14.000000
PHILADELPHIA,2019,330,13.500000
PHILADELPHIA,2019,329,13.500000
PHILADELPHIA,2019,328,
PHILADELPHIA,2019,327,
PHILADELPHIA,2019,326,13.500000
PHILADELPHIA,2019,325,13.500000
PHILADELPHIA,2019,324,13.500000
PHILADELPHIA,2019,323,13.500000
PHILADELPHIA,2019,322,13.500000
PHILADELPHIA,2019,321,
PHILADELPHIA,2019,320,
PHILADELPHIA,2019,319,13.750000
PHILADELPHIA,2019,318,13.750000
PHILADELPHIA,2019,317,13.750000
PHILADELPHIA,2019,316,14.500000
PHILADELPHIA,2019,315,
PHILADELPHIA,2019,314,
PHILADELPHIA,2019,313,
PHILADELPHIA,2019,312,15.500000
PHILADELPHIA,2019,311,15.500000
PHILADELPHIA,2019,310,15.500000
PHILADELPHIA,2019,309,15.000000
PHILADELPHIA,2019,308,15.000000
PHILADELPHIA,2019,307,
PHILADELPHIA,2019,306,
PHILADELPHIA,2019,305,13.000000
PHILADELPHIA,2019,304,13.000000
PHILADELPHIA,2019,303,13.000000
PHILADELPHIA,2019,302,13.000000
PHILADELPHIA,2019,301,13.000000
PHILADELPHIA,2019,300,
PHILADELPHIA,2019,299,
PHILADELPHIA,2019,298,13.500000
PHILADELPHIA,2019,297,13.500000
PHILADELPHIA,2019,296,13.500000
PHILADELPHIA,2019,295,16.000000
PHILADELPHIA,2019,294,16.000000
PHILADELPHIA,2019,293,
PHILADELPHIA,2019,292,
PHILADELPHIA,2019,291,17.000000
PHILADELPHIA,2019,290,17.000000
PHILADELPHIA,2019,289,17.000000
PHILADELPHIA,2019,288,17.000000
PHILADELPHIA,2019,287,
PHILADELPHIA,2019,286,
PHILADELPHIA,2019,285,
PHILADELPHIA,2019,284,15.666666
PHILADELPHIA,2019,283,15.666666
PHILADELPHIA,2019,282,15.000000
PHILADELPHIA,2019,281,15.000000
PHILADELPHIA,2019,280,15.000000
PHILADELPHIA,2019,279,
PHILADELPHIA,2019,278,
PHILADELPHIA,2019,277,15.000000
PHILADELPHIA,2019,276,15.000000
PHILADELPHIA,2019,275,15.000000
PHILADELPHIA,2019,274,15.000000
PHILADELPHIA,2019,273,15.000000
PHILADELPHIA,2019,272,
PHILADELPHIA,2019,271,
PHILADELPHIA,2019,270,10.000000
PHILADELPHIA,2019,269,10.000000
PHILADELPHIA,2019,268,10.000000
PHILADELPHIA,2019,267,10.000000
PHILADELPHIA,2019,266,10.000000
PHILADELPHIA,2019,265,
PHILADELPHIA,2019,264,
PHILADELPHIA,2019,263,10.000000
PHILADELPHIA,2019,262,10.000000
PHILADELPHIA,2019,261,10.000000
PHILADELPHIA,2019,260,10.000000
PHILADELPHIA,2019,259,10.000000
PHILADELPHIA,2019,258,
PHILADELPHIA,2019,257,
PHILADELPHIA,2019,256,10.000000
PHILADELPHIA,2019,255,10.000000
PHILADELPHIA,2019,254,10.000000
PHILADELPHIA,2019,253,10.000000
PHILADELPHIA,2019,252,10.000000
PHILADELPHIA,2019,251,
PHILADELPHIA,2019,250,
PHILADELPHIA,2019,249,12.000000
PHILADELPHIA,2019,248,12.000000
PHILADELPHIA,2019,247,12.000000
PHILADELPHIA,2019,246,12.000000
PHILADELPHIA,2019,245,
PHILADELPHIA,2019,244,
PHILADELPHIA,2019,243,
PHILADELPHIA,2019,242,11.000000
PHILADELPHIA,2019,241,11.000000
PHILADELPHIA,2019,240,11.000000
PHILADELPHIA,2019,239,11.000000
PHILADELPHIA,2019,238,12.000000
PHILADELPHIA,2019,237,
PHILADELPHIA,2019,236,
PHILADELPHIA,2019,235,12.500000
PHILADELPHIA,2019,234,12.500000
PHILADELPHIA,2019,233,12.500000
PHILADELPHIA,2019,232,12.500000
PHILADELPHIA,2019,231,12.500000
PHILADELPHIA,2019,230,
PHILADELPHIA,2019,229,
PHILADELPHIA,2019,228,14.000000
PHILADELPHIA,2019,227,14.000000
PHILADELPHIA,2019,226,10.000000
PHILADELPHIA,2019,225,
PHILADELPHIA,2019,224,10.000000
PHILADELPHIA,2019,223,
PHILADELPHIA,2019,222,
PHILADELPHIA,2019,221,12.000000
PHILADELPHIA,2019,220,12.000000
PHILADELPHIA,2019,219,12.000000
PHILADELPHIA,2019,218,
PHILADELPHIA,2019,217,10.000000
PHILADELPHIA,2019,216,
PHILADELPHIA,2019,215,
PHILADELPHIA,2019,214,12.000000
PHILADELPHIA,2019,213,12.000000
PHILADELPHIA,2019,212,12.000000
PHILADELPHIA,2019,211,12.000000
PHILADELPHIA,2019,210,12.000000
PHILADELPHIA,2019,209,
PHILADELPHIA,2019,208,
PHILADELPHIA,2019,207,14.000000
PHILADELPHIA,2019,206,18.000000
PHILADELPHIA,2019,205,18.000000
PHILADELPHIA,2019,204,20.000000
PHILADELPHIA,2019,203,13.250000
PHILADELPHIA,2019,202,
PHILADELPHIA,2019,201,
PHILADELPHIA,2019,200,13.250000
PHILADELPHIA,2019,199,13.250000
PHILADELPHIA,2019,198,13.250000
PHILADELPHIA,2019,197,
PHILADELPHIA,2019,196,10.833333
PHILADELPHIA,2019,195,
PHILADELPHIA,2019,194,
PHILADELPHIA,2019,193,10.833333
PHILADELPHIA,2019,192,10.833333
PHILADELPHIA,2019,191,10.833333
PHILADELPHIA,2019,190,10.833333
PHILADELPHIA,2019,189,10.833333
PHILADELPHIA,2019,188,
PHILADELPHIA,2019,187,
PHILADELPHIA,2019,186,13.000000
PHILADELPHIA,2019,185,
PHILADELPHIA,2019,184,13.000000
PHILADELPHIA,2019,183,13.000000
PHILADELPHIA,2019,182,13.250000
PHILADELPHIA,2019,181,
PHILADELPHIA,2019,180,
PHILADELPHIA,2019,179,15.000000
PHILADELPHIA,2019,178,15.000000
PHILADELPHIA,2019,177,15.000000
PHILADELPHIA,2019,176,15.000000
PHILADELPHIA,2019,175,15.000000
PHILADELPHIA,2019,174,
PHILADELPHIA,2019,173,
PHILADELPHIA,2019,172,14.000000
PHILADELPHIA,2019,171,14.000000
PHILADELPHIA,2019,170,14.000000
PHILADELPHIA,2019,169,14.000000
PHILADELPHIA,2019,168,14.000000
PHILADELPHIA,2019,167,
PHILADELPHIA,2019,166,
PHILADELPHIA,2019,165,
PHILADELPHIA,2019,164,
PHILADELPHIA,2019,163,
PHILADELPHIA,2019,162,
PHILADELPHIA,2019,161,
PHILADELPHIA,2019,160,
PHILADELPHIA,2019,159,
PHILADELPHIA,2019,158,
PHILADELPHIA,2019,157,
PHILADELPHIA,2019,156,
PHILADELPHIA,2019,155,
PHILADELPHIA,2019,154,
PHILADELPHIA,2019,153,
PHILADELPHIA,2019,152,
PHILADELPHIA,2019,151,
PHILADELPHIA,2019,150,
PHILADELPHIA,2019,149,
PHILADELPHIA,2019,148,
PHILADELPHIA,2019,147,
PHILADELPHIA,2019,146,
PHILADELPHIA,2019,145,
PHILADELPHIA,2019,144,16.000000
PHILADELPHIA,2019,143,
PHILADELPHIA,2019,142,
PHILADELPHIA,2019,141,
PHILADELPHIA,2019,140,
PHILADELPHIA,2019,139,
PHILADELPHIA,2019,138,
PHILADELPHIA,2019,137,19.500000
PHILADELPHIA,2019,136,19.500000
PHILADELPHIA,2019,135,22.000000
PHILADELPHIA,2019,134,22.000000
PHILADELPHIA,2019,133,22.000000
PHILADELPHIA,2019,132,
PHILADELPHIA,2019,131,
PHILADELPHIA,2019,130,
PHILADELPHIA,2019,129,
PHILADELPHIA,2019,128,
PHILADELPHIA,2019,127,
PHILADELPHIA,2019,126,
PHILADELPHIA,2019,125,
PHILADELPHIA,2019,124,
PHILADELPHIA,2019,123,13.333333
PHILADELPHIA,2019,122,13.333333
PHILADELPHIA,2019,121,13.333333
PHILADELPHIA,2019,120,13.333333
PHILADELPHIA,2019,119,13.333333
PHILADELPHIA,2019,118,
PHILADELPHIA,2019,117,
PHILADELPHIA,2019,116,
PHILADELPHIA,2019,115,13.666666
PHILADELPHIA,2019,114,
PHILADELPHIA,2019,113,13.666666
PHILADELPHIA,2019,112,
PHILADELPHIA,2019,111,
PHILADELPHIA,2019,110,
PHILADELPHIA,2019,109,19.833333
PHILADELPHIA,2019,108,19.833333
PHILADELPHIA,2019,107,19.833333
PHILADELPHIA,2019,106,19.833333
PHILADELPHIA,2019,105,19.833333
PHILADELPHIA,2019,104,
PHILADELPHIA,2019,103,
PHILADELPHIA,2019,102,20.833333
PHILADELPHIA,2019,101,20.833333
PHILADELPHIA,2019,100,21.000000
PHILADELPHIA,2019,99,21.000000
PHILADELPHIA,2019,98,21.000000
PHILADELPHIA,2019,97,
PHILADELPHIA,2019,96,
PHILADELPHIA,2019,95,20.333333
PHILADELPHIA,2019,94,20.333333
PHILADELPHIA,2019,93,20.333333
PHILADELPHIA,2019,92,20.333333
PHILADELPHIA,2019,91,20.333333
PHILADELPHIA,2019,90,
PHILADELPHIA,2019,89,
PHILADELPHIA,2019,88,20.000000
PHILADELPHIA,2019,87,20.000000
PHILADELPHIA,2019,86,20.000000
PHILADELPHIA,2019,85,19.750000
PHILADELPHIA,2019,84,19.750000
PHILADELPHIA,2019,83,
PHILADELPHIA,2019,82,
PHILADELPHIA,2019,81,18.600000
PHILADELPHIA,2019,80,18.600000
PHILADELPHIA,2019,79,18.600000
PHILADELPHIA,2019,78,18.600000
PHILADELPHIA,2019,77,19.000000
PHILADELPHIA,2019,76,
PHILADELPHIA,2019,75,
PHILADELPHIA,2019,74,17.000000
PHILADELPHIA,2019,73,17.000000
PHILADELPHIA,2019,72,17.000000
PHILADELPHIA,2019,71,17.000000
PHILADELPHIA,2019,70,17.000000
PHILADELPHIA,2019,69,
PHILADELPHIA,2019,68,
PHILADELPHIA,2019,67,23.000000
PHILADELPHIA,2019,66,23.000000
PHILADELPHIA,2019,65,23.000000
PHILADELPHIA,2019,64,23.000000
PHILADELPHIA,2019,63,23.000000
PHILADELPHIA,2019,62,
PHILADELPHIA,2019,61,
PHILADELPHIA,2019,60,26.500000
PHILADELPHIA,2019,59,26.500000
PHILADELPHIA,2019,58,26.000000
PHILADELPHIA,2019,57,
PHILADELPHIA,2019,56,26.000000
PHILADELPHIA,2019,55,
PHILADELPHIA,2019,54,
PHILADELPHIA,2019,53,23.333333
PHILADELPHIA,2019,52,23.333333
PHILADELPHIA,2019,51,23.666666
PHILADELPHIA,2019,50,22.000000
PHILADELPHIA,2019,49,
PHILADELPHIA,2019,48,
PHILADELPHIA,2019,47,
PHILADELPHIA,2019,46,28.000000
PHILADELPHIA,2019,45,28.000000
PHILADELPHIA,2019,44,24.000000
PHILADELPHIA,2019,43,25.333333
PHILADELPHIA,2019,42,25.333333
PHILADELPHIA,2019,41,
PHILADELPHIA,2019,40,
PHILADELPHIA,2019,39,25.000000
PHILADELPHIA,2019,38,25.000000
PHILADELPHIA,2019,37,25.000000
PHILADELPHIA,2019,36,25.000000
PHILADELPHIA,2019,35,25.000000
PHILADELPHIA,2019,34,
PHILADELPHIA,2019,33,
PHILADELPHIA,2019,32,25.000000
PHILADELPHIA,2019,31,25.000000
PHILADELPHIA,2019,30,25.000000
PHILADELPHIA,2019,29,25.000000
PHILADELPHIA,2019,28,28.000000
PHILADELPHIA,2019,27,
PHILADELPHIA,2019,26,
PHILADELPHIA,2019,25,
PHILADELPHIA,2019,24,
PHILADELPHIA,2019,23,18.000000
PHILADELPHIA,2019,22,18.000000
PHILADELPHIA,2019,21,
PHILADELPHIA,2019,20,
PHILADELPHIA,2019,19,
PHILADELPHIA,2019,18,22.000000
PHILADELPHIA,2019,17,22.000000
PHILADELPHIA,2019,16,21.000000
PHILADELPHIA,2019,15,22.000000
PHILADELPHIA,2019,14,30.000000
PHILADELPHIA,2019,13,
PHILADELPHIA,2019,12,
PHILADELPHIA,2019,11,19.833333
PHILADELPHIA,2019,10,17.000000
PHILADELPHIA,2019,9,17.000000
PHILADELPHIA,2019,8,17.000000
PHILADELPHIA,2019,7,17.500000
PHILADELPHIA,2019,6,
PHILADELPHIA,2019,5,
PHILADELPHIA,2019,4,20.000000
PHILADELPHIA,2019,3,20.000000
PHILADELPHIA,2019,2,
BALTIMORE,2018,366,
BALTIMORE,2018,365,33.500000
BALTIMORE,2018,364,
BALTIMORE,2018,363,
BALTIMORE,2018,362,29.000000
BALTIMORE,2018,361,29.000000
BALTIMORE,2018,360,29.000000
BALTIMORE,2018,359,
BALTIMORE,2018,358,
BALTIMORE,2018,357,
BALTIMORE,2018,356,
BALTIMORE,2018,355,28.000000
BALTIMORE,2018,354,28.000000
BALTIMORE,2018,353,23.000000
BALTIMORE,2018,352,14.000000
BALTIMORE,2018,351,14.000000
BALTIMORE,2018,350,
BALTIMORE,2018,349,
BALTIMORE,2018,348,35.000000
BALTIMORE,2018,347,35.000000
BALTIMORE,2018,346,20.000000
BALTIMORE,2018,345,20.000000
BALTIMORE,2018,344,14.500000
BALTIMORE,2018,343,
BALTIMORE,2018,342,
BALTIMORE,2018,341,25.000000
BALTIMORE,2018,340,26.000000
BALTIMORE,2018,339,26.000000
BALTIMORE,2018,338,26.000000
BALTIMORE,2018,337,26.000000
BALTIMORE,2018,336,
BALTIMORE,2018,335,
BALTIMORE,2018,334,24.000000
BALTIMORE,2018,333,24.000000
BALTIMORE,2018,332,30.000000
BALTIMORE,2018,331,30.000000
BALTIMORE,2018,330,30.000000
BALTIMORE,2018,329,
BALTIMORE,2018,328,
BALTIMORE,2018,327,29.500000
BALTIMORE,2018,326,
BALTIMORE,2018,325,29.500000
BALTIMORE,2018,324,29.333333
BALTIMORE,2018,323,30.500000
BALTIMORE,2018,322,
BALTIMORE,2018,321,
BALTIMORE,2018,320,35.000000
BALTIMORE,2018,319,35.000000
BALTIMORE,2018,318,28.500000
BALTIMORE,2018,317,28.500000
BALTIMORE,2018,316,
BALTIMORE,2018,315,
BALTIMORE,2018,314,
BALTIMORE,2018,313,32.500000
BALTIMORE,2018,312,29.000000
BALTIMORE,2018,311,29.000000
BALTIMORE,2018,310,29.000000
BALTIMORE,2018,309,29.000000
BALTIMORE,2018,308,
BALTIMORE,2018,307,
BALTIMORE,2018,306,29.000000
BALTIMORE,2018,305,29.000000
BALTIMORE,2018,304,29.000000
BALTIMORE,2018,303,28.000000
BALTIMORE,2018,302,28.000000
BALTIMORE,2018,301,
BALTIMORE,2018,300,
BALTIMORE,2018,299,28.000000
BALTIMORE,2018,298,28.000000
BALTIMORE,2018,297,28.000000
BALTIMORE,2018,296,28.000000
BALTIMORE,2018,295,28.000000
BALTIMORE,2018,294,
BALTIMORE,2018,293,
BALTIMORE,2018,292,29.166666
BALTIMORE,2018,291,29.750000
BALTIMORE,2018,290,33.500000
BALTIMORE,2018,289,33.500000
BALTIMORE,2018,288,35.000000
BALTIMORE,2018,287,
BALTIMORE,2018,286,
BALTIMORE,2018,285,35.000000
BALTIMORE,2018,284,28.000000
BALTIMORE,2018,283,35.000000
BALTIMORE,2018,282,35.000000
BALTIMORE,2018,281,
BALTIMORE,2018,280,
BALTIMORE,2018,279,
BALTIMORE,2018,278,26.000000
BALTIMORE,2018,277,26.000000
BALTIMORE,2018,276,26.250000
BALTIMORE,2018,275,27.500000
BALTIMORE,2018,274,27.500000
BALTIMORE,2018,273,
BALTIMORE,2018,272,
BALTIMORE,2018,271,22.000000
BALTIMORE,2018,270,24.000000
BALTIMORE,2018,269,35.000000
BALTIMORE,2018,268,20.000000
BALTIMORE,2018,267,20.000000
BALTIMORE,2018,266,
BALTIMORE,2018,265,
BALTIMORE,2018,264,18.000000
BALTIMORE,2018,263,18.000000
BALTIMORE,2018,262,18.000000
BALTIMORE,2018,261,18.000000
BALTIMORE,2018,260,18.000000
BALTIMORE,2018,259,
BALTIMORE,2018,258,
BALTIMORE,2018,257,12.500000
BALTIMORE,2018,256,16.000000
BALTIMORE,2018,255,16.000000
BALTIMORE,2018,254,14.000000
BALTIMORE,2018,253,18.000000
BALTIMORE,2018,252,
BALTIMORE,2018,251,
BALTIMORE,2018,250,18.000000
BALTIMORE,2018,249,18.000000
BALTIMORE,2018,248,18.000000
BALTIMORE,2018,247,
BALTIMORE,2018,246,
BALTIMORE,2018,245,
BALTIMORE,2018,244,
BALTIMORE,2018,243,18.500000
BALTIMORE,2018,242,18.500000
BALTIMORE,2018,241,18.000000
BALTIMORE,2018,240,18.000000
BALTIMORE,2018,239,18.000000
BALTIMORE,2018,238,
BALTIMORE,2018,237,
BALTIMORE,2018,236,17.500000
BALTIMORE,2018,235,17.500000
BALTIMORE,2018,234,17.500000
BALTIMORE,2018,233,17.500000
BALTIMORE,2018,232,
BALTIMORE,2018,231,
BALTIMORE,2018,230,
BALTIMORE,2018,229,19.250000
BALTIMORE,2018,228,19.250000
BALTIMORE,2018,227,19.250000
BALTIMORE,2018,226,19.250000
BALTIMORE,2018,225,19.250000
BALTIMORE,2018,224,
BALTIMORE,2018,223,
BALTIMORE,2018,222,19.250000
BALTIMORE,2018,221,21.000000
BALTIMORE,2018,220,21.000000
BALTIMORE,2018,219,21.000000
BALTIMORE,2018,218,20.000000
BALTIMORE,2018,217,
BALTIMORE,2018,216,
BALTIMORE,2018,215,20.000000
BALTIMORE,2018,214,20.000000
BALTIMORE,2018,213,20.000000
BALTIMORE,2018,212,20.000000
BALTIMORE,2018,211,20.000000
BALTIMORE,2018,210,
BALTIMORE,2018,209,
BALTIMORE,2018,208,23.500000
BALTIMORE,2018,207,23.500000
BALTIMORE,2018,206,20.000000
BALTIMORE,2018,205,20.000000
BALTIMORE,2018,204,20.000000
BALTIMORE,2018,203,
BALTIMORE,2018,202,
BALTIMORE,2018,201,27.000000
BALTIMORE,2018,200,27.000000
BALTIMORE,2018,199,28.000000
BALTIMORE,2018,198,26.500000
BALTIMORE,2018,197,26.500000
BALTIMORE,2018,196,
BALTIMORE,2018,195,
BALTIMORE,2018,194,24.500000
BALTIMORE,2018,193,24.500000
BALTIMORE,2018,192,24.500000
BALTIMORE,2018,191,27.000000
BALTIMORE,2018,190,27.000000
BALTIMORE,2018,189,
BALTIMORE,2018,188,
BALTIMORE,2018,187,24.000000
BALTIMORE,2018,186,24.000000
BALTIMORE,2018,185,
BALTIMORE,2018,184,21.000000
BALTIMORE,2018,183,21.000000
BALTIMORE,2018,182,
BALTIMORE,2018,181,
BALTIMORE,2018,180,21.000000
BALTIMORE,2018,179,19.000000
BALTIMORE,2018,178,20.500000
BALTIMORE,2018,177,20.500000
BALTIMORE,2018,176,20.500000
BALTIMORE,2018,175,
BALTIMORE,2018,174,
BALTIMORE,2018,173,22.000000
BALTIMORE,2018,172,22.000000
BALTIMORE,2018,171,22.000000
BALTIMORE,2018,170,15.000000
BALTIMORE,2018,169,15.000000
BALTIMORE,2018,168,
BALTIMORE,2018,167,
BALTIMORE,2018,166,17.500000
BALTIMORE,2018,165,17.500000
BALTIMORE,2018,164,
BALTIMORE,2018,163,19.250000
BALTIMORE,2018,162,17.500000
BALTIMORE,2018,161,
BALTIMORE,2018,160,
BALTIMORE,2018,159,
BALTIMORE,2018,158,15.000000
BALTIMORE,2018,157,22.000000
BALTIMORE,2018,156,22.000000
BALTIMORE,2018,155,
BALTIMORE,2018,154,
BALTIMORE,2018,153,
BALTIMORE,2018,152,22.250000
BALTIMORE,2018,151,22.250000
BALTIMORE,2018,150,16.500000
BALTIMORE,2018,149,29.000000
BALTIMORE,2018,148,
BALTIMORE,2018,147,
BALTIMORE,2018,146,
BALTIMORE,2018,145,31.000000
BALTIMORE,2018,144,31.000000
BALTIMORE,2018,143,28.000000
BALTIMORE,2018,142,28.000000
BALTIMORE,2018,141,28.000000
BALTIMORE,2018,140,
BALTIMORE,2018,139,
BALTIMORE,2018,138,26.500000
BALTIMORE,2018,137,26.500000
BALTIMORE,2018,136,26.500000
BALTIMORE,2018,135,26.500000
BALTIMORE,2018,134,26.500000
BALTIMORE,2018,133,
BALTIMORE,2018,132,
BALTIMORE,2018,131,26.500000
BALTIMORE,2018,130,26.500000
BALTIMORE,2018,129,26.500000
BALTIMORE,2018,128,26.500000
BALTIMORE,2018,127,26.500000
BALTIMORE,2018,126,
BALTIMORE,2018,125,
BALTIMORE,2018,124,26.500000
BALTIMORE,2018,123,26.500000
BALTIMORE,2018,122,26.500000
BALTIMORE,2018,121,28.000000
BALTIMORE,2018,120,28.000000
BALTIMORE,2018,119,
BALTIMORE,2018,118,
BALTIMORE,2018,117,28.000000
BALTIMORE,2018,116,28.000000
BALTIMORE,2018,115,28.000000
BALTIMORE,2018,114,28.000000
BALTIMORE,2018,113,28.000000
BALTIMORE,2018,112,
BALTIMORE,2018,111,
BALTIMORE,2018,110,28.000000
BALTIMORE,2018,109,28.000000
BALTIMORE,2018,108,28.000000
BALTIMORE,2018,107,28.000000
BALTIMORE,2018,106,28.000000
BALTIMORE,2018,105,
BALTIMORE,2018,104,
BALTIMORE,2018,103,28.000000
BALTIMORE,2018,102,28.000000
BALTIMORE,2018,101,28.000000
BALTIMORE,2018,100,28.000000
BALTIMORE,2018,99,28.000000
BALTIMORE,2018,98,
BALTIMORE,2018,97,
BALTIMORE,2018,96,26.500000
BALTIMORE,2018,95,26.500000
BALTIMORE,2018,94,28.000000
BALTIMORE,2018,93,28.000000
BALTIMORE,2018,92,28.000000
BALTIMORE,2018,91,
BALTIMORE,2018,90,
BALTIMORE,2018,89,28.000000
BALTIMORE,2018,88,
BALTIMORE,2018,87,
BALTIMORE,2018,86,
BALTIMORE,2018,85,
BALTIMORE,2018,84,
BALTIMORE,2018,83,
BALTIMORE,2018,82,28.000000
BALTIMORE,2018,81,
BALTIMORE,2018,80,
BALTIMORE,2018,79,
BALTIMORE,2018,78,
BALTIMORE,2018,77,
BALTIMORE,2018,76,
BALTIMORE,2018,75,
BALTIMORE,2018,74,
BALTIMORE,2018,73,
BALTIMORE,2018,72,
BALTIMORE,2018,71,
BALTIMORE,2018,70,
BALTIMORE,2018,69,
BALTIMORE,2018,68,
BALTIMORE,2018,67,
BALTIMORE,2018,66,36.000000
BALTIMORE,2018,65,36.000000
BALTIMORE,2018,64,36.000000
BALTIMORE,2018,63,
BALTIMORE,2018,62,
BALTIMORE,2018,61,36.000000
BALTIMORE,2018,60,36.000000
BALTIMORE,2018,59,36.000000
BALTIMORE,2018,58,36.000000
BALTIMORE,2018,57,36.000000
BALTIMORE,2018,56,
BALTIMORE,2018,55,
BALTIMORE,2018,54,36.000000
BALTIMORE,2018,53,36.000000
BALTIMORE,2018,52,
BALTIMORE,2018,51,
BALTIMORE,2018,50,
BALTIMORE,2018,49,
BALTIMORE,2018,48,
BALTIMORE,2018,47,34.500000
BALTIMORE,2018,46,39.000000
BALTIMORE,2018,45,38.000000
BALTIMORE,2018,44,38.000000
BALTIMORE,2018,43,39.750000
BALTIMORE,2018,42,
BALTIMORE,2018,41,
BALTIMORE,2018,40,39.750000
BALTIMORE,2018,39,38.500000
BALTIMORE,2018,38,38.500000
BALTIMORE,2018,37,38.500000
BALTIMORE,2018,36,42.500000
BALTIMORE,2018,35,
BALTIMORE,2018,34,
BALTIMORE,2018,33,42.500000
BALTIMORE,2018,32,42.500000
BALTIMORE,2018,31,42.500000
BALTIMORE,2018,30,42.500000
BALTIMORE,2018,29,42.500000
BALTIMORE,2018,28,
BALTIMORE,2018,27,
BALTIMORE,2018,26,43.000000
BALTIMORE,2018,25,43.000000
BALTIMORE,2018,24,43.000000
BALTIMORE,2018,23,43.000000
BALTIMORE,2018,22,43.000000
BALTIMORE,2018,21,
BALTIMORE,2018,20,
BALTIMORE,2018,19,36.000000
BALTIMORE,2018,18,36.000000
BALTIMORE,2018,17,43.000000
BALTIMORE,2018,16,43.000000
BALTIMORE,2018,15,
BALTIMORE,2018,14,
BALTIMORE,2018,13,
BALTIMORE,2018,12,38.000000
BALTIMORE,2018,11,38.000000
BALTIMORE,2018,10,38.000000
BALTIMORE,2018,9,33.500000
BALTIMORE,2018,8,33.500000
BALTIMORE,2018,7,
BALTIMORE,2018,6,
BALTIMORE,2018,5,34.500000
BALTIMORE,2018,4,40.000000
BALTIMORE,2018,3,40.500000
BALTIMORE,2018,2,40.500000
BOSTON,2018,366,
BOSTON,2018,365,30.000000
BOSTON,2018,364,
BOSTON,2018,363,
BOSTON,2018,362,22.000000
BOSTON,2018,361,22.000000
BOSTON,2018,360,22.000000
BOSTON,2018,359,
BOSTON,2018,358,
BOSTON,2018,357,
BOSTON,2018,356,
BOSTON,2018,355,18.000000
BOSTON,2018,354,18.000000
BOSTON,2018,353,18.000000
BOSTON,2018,352,18.000000
BOSTON,2018,351,18.000000
BOSTON,2018,350,
BOSTON,2018,349,
BOSTON,2018,348,18.000000
BOSTON,2018,347,18.000000
BOSTON,2018,346,20.000000
BOSTON,2018,345,20.000000
BOSTON,2018,344,19.500000
BOSTON,2018,343,
BOSTON,2018,342,
BOSTON,2018,341,19.500000
BOSTON,2018,340,19.500000
BOSTON,2018,339,20.500000
BOSTON,2018,338,20.500000
BOSTON,2018,337,22.000000
BOSTON,2018,336,
BOSTON,2018,335,
BOSTON,2018,334,24.000000
BOSTON,2018,333,24.000000
BOSTON,2018,332,24.000000
BOSTON,2018,331,24.000000
BOSTON,2018,330,24.000000
BOSTON,2018,329,
BOSTON,2018,328,
BOSTON,2018,327,24.000000
BOSTON,2018,326,
BOSTON,2018,325,24.000000
BOSTON,2018,324,24.000000
BOSTON,2018,323,24.000000
BOSTON,2018,322,
BOSTON,2018,321,
BOSTON,2018,320,24.000000
BOSTON,2018,319,24.000000
BOSTON,2018,318,24.000000
BOSTON,2018,317,24.000000
BOSTON,2018,316,
BOSTON,2018,315,
BOSTON,2018,314,
BOSTON,2018,313,24.000000
BOSTON,2018,312,24.000000
BOSTON,2018,311,24.000000
BOSTON,2018,310,24.000000
BOSTON,2018,309,24.000000
BOSTON,2018,308,
BOSTON,2018,307,
BOSTON,2018,306,24.000000
BOSTON,2018,305,24.000000
BOSTON,2018,304,24.000000
BOSTON,2018,303,18.000000
BOSTON,2018,302,18.000000
BOSTON,2018,301,
BOSTON,2018,300,
BOSTON,2018,299,18.000000
BOSTON,2018,298,18.000000
BOSTON,2018,297,18.000000
BOSTON,2018,296,18.000000
BOSTON,2018,295,18.000000
BOSTON,2018,294,
BOSTON,2018,293,
BOSTON,2018,292,18.000000
BOSTON,2018,291,18.250000
BOSTON,2018,290,18.250000
BOSTON,2018,289,18.250000
BOSTON,2018,288,18.250000
BOSTON,2018,287,
BOSTON,2018,286,
BOSTON,2018,285,18.250000
BOSTON,2018,284,18.250000
BOSTON,2018,283,18.250000
BOSTON,2018,282,18.250000
BOSTON,2018,281,
BOSTON,2018,280,
BOSTON,2018,279,
BOSTON,2018,278,18.250000
BOSTON,2018,277,18.250000
BOSTON,2018,276,18.250000
BOSTON,2018,275,18.250000
BOSTON,2018,274,18.250000
BOSTON,2018,273,
BOSTON,2018,272,
BOSTON,2018,271,18.250000
BOSTON,2018,270,18.250000
BOSTON,2018,269,18.250000
BOSTON,2018,268,18.250000
BOSTON,2018,267,18.250000
BOSTON,2018,266,
BOSTON,2018,265,
BOSTON,2018,264,18.250000
BOSTON,2018,263,18.250000
BOSTON,2018,262,18.250000
BOSTON,2018,261,18.250000
BOSTON,2018,260,18.250000
BOSTON,2018,259,
BOSTON,2018,258,
BOSTON,2018,257,18.250000
BOSTON,2018,256,18.750000
BOSTON,2018,255,18.750000
BOSTON,2018,254,18.750000
BOSTON,2018,253,18.750000
BOSTON,2018,252,
BOSTON,2018,251,
BOSTON,2018,250,18.750000
BOSTON,2018,249,18.750000
BOSTON,2018,248,18.750000
BOSTON,2018,247,18.750000
BOSTON,2018,246,
BOSTON,2018,245,
BOSTON,2018,244,
BOSTON,2018,243,18.750000
BOSTON,2018,242,18.750000
BOSTON,2018,241,18.750000
BOSTON,2018,240,18.750000
BOSTON,2018,239,18.750000
BOSTON,2018,238,
BOSTON,2018,237,
BOSTON,2018,236,18.750000
BOSTON,2018,235,18.750000
BOSTON,2018,234,
BOSTON,2018,233,18.750000
BOSTON,2018,232,18.750000
BOSTON,2018,231,
BOSTON,2018,230,
BOSTON,2018,229,18.750000
BOSTON,2018,228,18.750000
BOSTON,2018,227,18.750000
BOSTON,2018,226,18.750000
BOSTON,2018,225,18.750000
BOSTON,2018,224,
BOSTON,2018,223,
BOSTON,2018,222,18.750000
BOSTON,2018,221,18.750000
BOSTON,2018,220,18.750000
BOSTON,2018,219,20.500000
BOSTON,2018,218,20.500000
BOSTON,2018,217,
BOSTON,2018,216,
BOSTON,2018,215,20.500000
BOSTON,2018,214,20.500000
BOSTON,2018,213,20.500000
BOSTON,2018,212,20.500000
BOSTON,2018,211,20.500000
BOSTON,2018,210,
BOSTON,2018,209,
BOSTON,2018,208,20.500000
BOSTON,2018,207,22.750000
BOSTON,2018,206,22.750000
BOSTON,2018,205,22.750000
BOSTON,2018,204,22.750000
BOSTON,2018,203,
BOSTON,2018,202,
BOSTON,2018,201,22.750000
BOSTON,2018,200,22.750000
BOSTON,2018,199,22.750000
BOSTON,2018,198,22.750000
BOSTON,2018,197,21.000000
BOSTON,2018,196,
BOSTON,2018,195,
BOSTON,2018,194,21.000000
BOSTON,2018,193,21.000000
BOSTON,2018,192,21.000000
BOSTON,2018,191,21.000000
BOSTON,2018,190,21.000000
BOSTON,2018,189,
BOSTON,2018,188,
BOSTON,2018,187,21.000000
BOSTON,2018,186,20.000000
BOSTON,2018,185,
BOSTON,2018,184,20.000000
BOSTON,2018,183,20.000000
BOSTON,2018,182,
BOSTON,2018,181,
BOSTON,2018,180,20.000000
BOSTON,2018,179,18.500000
BOSTON,2018,178,18.500000
BOSTON,2018,177,18.500000
BOSTON,2018,176,18.500000
BOSTON,2018,175,
BOSTON,2018,174,
BOSTON,2018,173,18.500000
BOSTON,2018,172,18.000000
BOSTON,2018,171,18.000000
BOSTON,2018,170,20.000000
BOSTON,2018,169,20.000000
BOSTON,2018,168,
BOSTON,2018,167,
BOSTON,2018,166,20.000000
BOSTON,2018,165,20.000000
BOSTON,2018,164,20.000000
BOSTON,2018,163,20.000000
BOSTON,2018,162,20.000000
BOSTON,2018,161,
BOSTON,2018,160,
BOSTON,2018,159,20.000000
BOSTON,2018,158,20.000000
BOSTON,2018,157,20.000000
BOSTON,2018,156,20.000000
BOSTON,2018,155,20.000000
BOSTON,2018,154,
BOSTON,2018,153,
BOSTON,2018,152,19.000000
BOSTON,2018,151,
BOSTON,2018,150,19.000000
BOSTON,2018,149,19.000000
BOSTON,2018,148,
BOSTON,2018,147,
BOSTON,2018,146,
BOSTON,2018,145,19.000000
BOSTON,2018,144,19.000000
BOSTON,2018,143,19.000000
BOSTON,2018,142,19.000000
BOSTON,2018,141,19.000000
BOSTON,2018,140,
BOSTON,2018,139,
BOSTON,2018,138,19.000000
BOSTON,2018,137,19.000000
BOSTON,2018,136,19.000000
BOSTON,2018,135,19.000000
BOSTON,2018,134,19.000000
BOSTON,2018,133,
BOSTON,2018,132,
BOSTON,2018,131,19.000000
BOSTON,2018,130,18.000000
BOSTON,2018,129,18.000000
BOSTON,2018,128,18.000000
BOSTON,2018,127,18.000000
BOSTON,2018,126,
BOSTON,2018,125,
BOSTON,2018,124,18.000000
BOSTON,2018,123,22.000000
BOSTON,2018,122,22.000000
BOSTON,2018,121,22.000000
BOSTON,2018,120,22.000000
BOSTON,2018,119,
BOSTON,2018,118,
BOSTON,2018,117,22.000000
BOSTON,2018,116,18.000000
BOSTON,2018,115,18.000000
BOSTON,2018,114,18.000000
BOSTON,2018,113,18.000000
BOSTON,2018,112,
BOSTON,2018,111,
BOSTON,2018,110,18.000000
BOSTON,2018,109,22.000000
BOSTON,2018,108,22.000000
BOSTON,2018,107,22.000000
BOSTON,2018,106,22.000000
BOSTON,2018,105,
BOSTON,2018,104,
BOSTON,2018,103,22.000000
BOSTON,2018,102,22.000000
BOSTON,2018,101,22.000000
BOSTON,2018,100,22.000000
BOSTON,2018,99,22.000000
BOSTON,2018,98,
BOSTON,2018,97,
BOSTON,2018,96,22.000000
BOSTON,2018,95,21.000000
BOSTON,2018,94,21.000000
BOSTON,2018,93,21.000000
BOSTON,2018,92,21.000000
BOSTON,2018,91,
BOSTON,2018,90,
BOSTON,2018,89,21.000000
BOSTON,2018,88,19.000000
BOSTON,2018,87,19.000000
BOSTON,2018,86,19.000000
BOSTON,2018,85,19.000000
BOSTON,2018,84,
BOSTON,2018,83,
BOSTON,2018,82,19.000000
BOSTON,2018,81,20.000000
BOSTON,2018,80,20.000000
BOSTON,2018,79,20.000000
BOSTON,2018,78,20.000000
BOSTON,2018,77,
BOSTON,2018,76,
BOSTON,2018,75,20.000000
BOSTON,2018,74,20.000000
BOSTON,2018,73,20.000000
BOSTON,2018,72,
BOSTON,2018,71,20.000000
BOSTON,2018,70,
BOSTON,2018,69,
BOSTON,2018,68,20.000000
BOSTON,2018,67,
BOSTON,2018,66,21.000000
BOSTON,2018,65,21.000000
BOSTON,2018,64,21.000000
BOSTON,2018,63,
BOSTON,2018,62,
BOSTON,2018,61,21.000000
BOSTON,2018,60,24.000000
BOSTON,2018,59,24.000000
BOSTON,2018,58,24.000000
BOSTON,2018,57,24.000000
BOSTON,2018,56,
BOSTON,2018,55,
BOSTON,2018,54,24.000000
BOSTON,2018,53,28.000000
BOSTON,2018,52,28.000000
BOSTON,2018,51,28.000000
BOSTON,2018,50,
BOSTON,2018,49,
BOSTON,2018,48,
BOSTON,2018,47,28.000000
BOSTON,2018,46,30.000000
BOSTON,2018,45,30.000000
BOSTON,2018,44,30.000000
BOSTON,2018,43,30.000000
BOSTON,2018,42,
BOSTON,2018,41,
BOSTON,2018,40,30.000000
BOSTON,2018,39,40.000000
BOSTON,2018,38,40.000000
BOSTON,2018,37,40.000000
BOSTON,2018,36,40.000000
BOSTON,2018,35,
BOSTON,2018,34,
BOSTON,2018,33,40.000000
BOSTON,2018,32,34.500000
BOSTON,2018,31,34.500000
BOSTON,2018,30,34.500000
BOSTON,2018,29,34.500000
BOSTON,2018,28,
BOSTON,2018,27,
BOSTON,2018,26,34.500000
BOSTON,2018,25,34.500000
BOSTON,2018,24,34.500000
BOSTON,2018,23,34.500000
BOSTON,2018,22,34.500000
BOSTON,2018,21,
BOSTON,2018,20,
BOSTON,2018,19,34.500000
BOSTON,2018,18,28.000000
BOSTON,2018,17,28.000000
BOSTON,2018,16,28.000000
BOSTON,2018,15,
BOSTON,2018,14,
BOSTON,2018,13,
BOSTON,2018,12,28.000000
BOSTON,2018,11,29.000000
BOSTON,2018,10,29.000000
BOSTON,2018,9,29.000000
BOSTON,2018,8,29.000000
BOSTON,2018,7,
BOSTON,2018,6,
BOSTON,2018,5,29.000000
BOSTON,2018,4,
BOSTON,2018,3,29.000000
BOSTON,2018,2,29.000000
CHICAGO,2018,366,
CHICAGO,2018,365,17.000000
CHICAGO,2018,364,
CHICAGO,2018,363,
CHICAGO,2018,362,17.000000
CHICAGO,2018,361,
CHICAGO,2018,360,
CHICAGO,2018,359,
CHICAGO,2018,358,
CHICAGO,2018,357,
CHICAGO,2018,356,
CHICAGO,2018,355,16.500000
CHICAGO,2018,354,16.500000
CHICAGO,2018,353,16.500000
CHICAGO,2018,352,16.500000
CHICAGO,2018,351,
CHICAGO,2018,350,
CHICAGO,2018,349,
CHICAGO,2018,348,
CHICAGO,2018,347,18.500000
CHICAGO,2018,346,18.500000
CHICAGO,2018,345,18.500000
CHICAGO,2018,344,21.000000
CHICAGO,2018,343,
CHICAGO,2018,342,
CHICAGO,2018,341,
CHICAGO,2018,340,21.000000
CHICAGO,2018,339,21.000000
CHICAGO,2018,338,21.000000
CHICAGO,2018,337,26.000000
CHICAGO,2018,336,
CHICAGO,2018,335,
CHICAGO,2018,334,26.000000
CHICAGO,2018,333,26.000000
CHICAGO,2018,332,26.000000
CHICAGO,2018,331,26.000000
CHICAGO,2018,330,26.000000
CHICAGO,2018,329,
CHICAGO,2018,328,
CHICAGO,2018,327,26.000000
CHICAGO,2018,326,
CHICAGO,2018,325,26.000000
CHICAGO,2018,324,26.000000
CHICAGO,2018,323,24.500000
CHICAGO,2018,322,
CHICAGO,2018,321,
CHICAGO,2018,320,24.500000
CHICAGO,2018,319,24.500000
CHICAGO,2018,318,24.500000
CHICAGO,2018,317,24.500000
CHICAGO,2018,316,
CHICAGO,2018,315,
CHICAGO,2018,314,
CHICAGO,2018,313,25.500000
CHICAGO,2018,312,25.500000
CHICAGO,2018,311,25.500000
CHICAGO,2018,310,
CHICAGO,2018,309,25.250000
CHICAGO,2018,308,
CHICAGO,2018,307,
CHICAGO,2018,306,25.250000
CHICAGO,2018,305,25.250000
CHICAGO,2018,304,25.250000
CHICAGO,2018,303,25.250000
CHICAGO,2018,302,27.250000
CHICAGO,2018,301,
CHICAGO,2018,300,
CHICAGO,2018,299,27.250000
CHICAGO,2018,298,27.250000
CHICAGO,2018,297,27.250000
CHICAGO,2018,296,27.250000
CHICAGO,2018,295,28.000000
CHICAGO,2018,294,
CHICAGO,2018,293,
CHICAGO,2018,292,28.000000
CHICAGO,2018,291,28.000000
CHICAGO,2018,290,21.500000
CHICAGO,2018,289,21.500000
CHICAGO,2018,288,21.500000
CHICAGO,2018,287,
CHICAGO,2018,286,
CHICAGO,2018,285,21.500000
CHICAGO,2018,284,21.500000
CHICAGO,2018,283,21.500000
CHICAGO,2018,282,21.500000
CHICAGO,2018,281,
CHICAGO,2018,280,
CHICAGO,2018,279,
CHICAGO,2018,278,21.500000
CHICAGO,2018,277,21.500000
CHICAGO,2018,276,21.500000
CHICAGO,2018,275,21.500000
CHICAGO,2018,274,24.000000
CHICAGO,2018,273,
CHICAGO,2018,272,
CHICAGO,2018,271,24.000000
CHICAGO,2018,270,24.000000
CHICAGO,2018,269,24.000000
CHICAGO,2018,268,24.000000
CHICAGO,2018,267,19.500000
CHICAGO,2018,266,
CHICAGO,2018,265,
CHICAGO,2018,264,19.500000
CHICAGO,2018,263,19.500000
CHICAGO,2018,262,19.500000
CHICAGO,2018,261,19.500000
CHICAGO,2018,260,19.500000
CHICAGO,2018,259,
CHICAGO,2018,258,
CHICAGO,2018,257,19.500000
CHICAGO,2018,256,19.500000
CHICAGO,2018,255,19.500000
CHICAGO,2018,254,19.500000
CHICAGO,2018,253,19.500000
CHICAGO,2018,252,
CHICAGO,2018,251,
CHICAGO,2018,250,19.500000
CHICAGO,2018,249,19.500000
CHICAGO,2018,248,19.500000
CHICAGO,2018,247,18.375000
CHICAGO,2018,246,
CHICAGO,2018,245,
CHICAGO,2018,244,
CHICAGO,2018,243,18.375000
CHICAGO,2018,242,18.375000
CHICAGO,2018,241,18.375000
CHICAGO,2018,240,18.375000
CHICAGO,2018,239,18.375000
CHICAGO,2018,238,
CHICAGO,2018,237,
CHICAGO,2018,236,20.250000
CHICAGO,2018,235,20.250000
CHICAGO,2018,234,20.250000
CHICAGO,2018,233,20.250000
CHICAGO,2018,232,20.125000
CHICAGO,2018,231,
CHICAGO,2018,230,
CHICAGO,2018,229,20.125000
CHICAGO,2018,228,20.125000
CHICAGO,2018,227,20.125000
CHICAGO,2018,226,20.125000
CHICAGO,2018,225,17.500000
CHICAGO,2018,224,
CHICAGO,2018,223,
CHICAGO,2018,222,17.500000
CHICAGO,2018,221,17.500000
CHICAGO,2018,220,17.500000
CHICAGO,2018,219,17.500000
CHICAGO,2018,218,15.500000
CHICAGO,2018,217,
CHICAGO,2018,216,
CHICAGO,2018,215,15.500000
CHICAGO,2018,214,15.500000
CHICAGO,2018,213,22.000000
CHICAGO,2018,212,22.000000
CHICAGO,2018,211,22.000000
CHICAGO,2018,210,
CHICAGO,2018,209,
CHICAGO,2018,208,22.000000
CHICAGO,2018,207,22.000000
CHICAGO,2018,206,22.000000
CHICAGO,2018,205,22.000000
CHICAGO,2018,204,22.000000
CHICAGO,2018,203,
CHICAGO,2018,202,
CHICAGO,2018,201,23.500000
CHICAGO,2018,200,23.500000
CHICAGO,2018,199,23.500000
CHICAGO,2018,198,23.500000
CHICAGO,2018,197,21.000000
CHICAGO,2018,196,
CHICAGO,2018,195,
CHICAGO,2018,194,21.000000
CHICAGO,2018,193,21.000000
CHICAGO,2018,192,21.000000
CHICAGO,2018,191,21.000000
CHICAGO,2018,190,
CHICAGO,2018,189,
CHICAGO,2018,188,
CHICAGO,2018,187,21.000000
CHICAGO,2018,186,21.000000
CHICAGO,2018,185,
CHICAGO,2018,184,21.000000
CHICAGO,2018,183,18.500000
CHICAGO,2018,182,
CHICAGO,2018,181,
CHICAGO,2018,180,18.500000
CHICAGO,2018,179,18.500000
CHICAGO,2018,178,18.500000
CHICAGO,2018,177,18.500000
CHICAGO,2018,176,18.500000
CHICAGO,2018,175,
CHICAGO,2018,174,
CHICAGO,2018,173,23.000000
CHICAGO,2018,172,23.000000
CHICAGO,2018,171,23.000000
CHICAGO,2018,170,23.000000
CHICAGO,2018,169,23.000000
CHICAGO,2018,168,
CHICAGO,2018,167,
CHICAGO,2018,166,19.500000
CHICAGO,2018,165,19.500000
CHICAGO,2018,164,19.500000
CHICAGO,2018,163,19.500000
CHICAGO,2018,162,20.000000
CHICAGO,2018,161,
CHICAGO,2018,160,
CHICAGO,2018,159,20.000000
CHICAGO,2018,158,20.000000
CHICAGO,2018,157,20.000000
CHICAGO,2018,156,20.000000
CHICAGO,2018,155,20.000000
CHICAGO,2018,154,
CHICAGO,2018,153,
CHICAGO,2018,152,21.000000
CHICAGO,2018,151,21.000000
CHICAGO,2018,150,21.000000
CHICAGO,2018,149,21.000000
CHICAGO,2018,148,
CHICAGO,2018,147,
CHICAGO,2018,146,
CHICAGO,2018,145,23.000000
CHICAGO,2018,144,23.000000
CHICAGO,2018,143,23.000000
CHICAGO,2018,142,23.000000
CHICAGO,2018,141,23.000000
CHICAGO,2018,140,
CHICAGO,2018,139,
CHICAGO,2018,138,23.000000
CHICAGO,2018,137,23.000000
CHICAGO,2018,136,23.000000
CHICAGO,2018,135,21.000000
CHICAGO,2018,134,19.000000
CHICAGO,2018,133,
CHICAGO,2018,132,
CHICAGO,2018,131,19.000000
CHICAGO,2018,130,19.000000
CHICAGO,2018,129,19.000000
CHICAGO,2018,128,19.000000
CHICAGO,2018,127,22.000000
CHICAGO,2018,126,
CHICAGO,2018,125,
CHICAGO,2018,124,22.000000
CHICAGO,2018,123,22.000000
CHICAGO,2018,122,22.000000
CHICAGO,2018,121,22.000000
CHICAGO,2018,120,22.000000
CHICAGO,2018,119,
CHICAGO,2018,118,
CHICAGO,2018,117,22.500000
CHICAGO,2018,116,22.500000
CHICAGO,2018,115,22.500000
CHICAGO,2018,114,22.500000
CHICAGO,2018,113,22.500000
CHICAGO,2018,112,
CHICAGO,2018,111,
CHICAGO,2018,110,21.000000
CHICAGO,2018,109,21.000000
CHICAGO,2018,108,21.000000
CHICAGO,2018,107,21.000000
CHICAGO,2018,106,23.000000
CHICAGO,2018,105,
CHICAGO,2018,104,
CHICAGO,2018,103,23.000000
CHICAGO,2018,102,23.000000
CHICAGO,2018,101,23.000000
CHICAGO,2018,100,23.000000
CHICAGO,2018,99,24.000000
CHICAGO,2018,98,
CHICAGO,2018,97,
CHICAGO,2018,96,24.000000
CHICAGO,2018,95,
CHICAGO,2018,94,
CHICAGO,2018,93,
CHICAGO,2018,92,
CHICAGO,2018,91,
CHICAGO,2018,90,
CHICAGO,2018,89,
CHICAGO,2018,88,
CHICAGO,2018,87,
CHICAGO,2018,86,
CHICAGO,2018,85,
CHICAGO,2018,84,
CHICAGO,2018,83,
CHICAGO,2018,82,
CHICAGO,2018,81,
CHICAGO,2018,80,
CHICAGO,2018,79,
CHICAGO,2018,78,
CHICAGO,2018,77,
CHICAGO,2018,76,
CHICAGO,2018,75,
CHICAGO,2018,74,
CHICAGO,2018,73,
CHICAGO,2018,72,
CHICAGO,2018,71,
CHICAGO,2018,70,
CHICAGO,2018,69,
CHICAGO,2018,68,
CHICAGO,2018,67,
CHICAGO,2018,66,
CHICAGO,2018,65,
CHICAGO,2018,64,
CHICAGO,2018,63,
CHICAGO,2018,62,
CHICAGO,2018,61,
CHICAGO,2018,60,
CHICAGO,2018,59,
CHICAGO,2018,58,
CHICAGO,2018,57,
CHICAGO,2018,56,
CHICAGO,2018,55,
CHICAGO,2018,54,
CHICAGO,2018,53,
CHICAGO,2018,52,
CHICAGO,2018,51,
CHICAGO,2018,50,
CHICAGO,2018,49,
CHICAGO,2018,48,
CHICAGO,2018,47,
CHICAGO,2018,46,
CHICAGO,2018,45,
CHICAGO,2018,44,
CHICAGO,2018,43,
CHICAGO,2018,42,
CHICAGO,2018,41,
CHICAGO,2018,40,
CHICAGO,2018,39,
CHICAGO,2018,38,
CHICAGO,2018,37,
CHICAGO,2018,36,
CHICAGO,2018,35,
CHICAGO,2018,34,
CHICAGO,2018,33,
CHICAGO,2018,32,
CHICAGO,2018,31,
CHICAGO,2018,30,
CHICAGO,2018,29,
CHICAGO,2018,28,
CHICAGO,2018,27,
CHICAGO,2018,26,
CHICAGO,2018,25,
CHICAGO,2018,24,
CHICAGO,2018,23,
CHICAGO,2018,22,
CHICAGO,2018,21,
CHICAGO,2018,20,
CHICAGO,2018,19,
CHICAGO,2018,18,
CHICAGO,2018,17,
CHICAGO,2018,16,
CHICAGO,2018,15,
CHICAGO,2018,14,
CHICAGO,2018,13,
CHICAGO,2018,12,38.000000
CHICAGO,2018,11,38.000000
CHICAGO,2018,10,38.000000
CHICAGO,2018,9,38.000000
CHICAGO,2018,8,29.000000
CHICAGO,2018,7,
CHICAGO,2018,6,
CHICAGO,2018,5,29.000000
CHICAGO,2018,4,29.000000
CHICAGO,2018,3,29.000000
CHICAGO,2018,2,29.000000
COLUMBIA,2018,366,
COLUMBIA,2018,365,
COLUMBIA,2018,364,
COLUMBIA,2018,363,
COLUMBIA,2018,362,
COLUMBIA,2018,361,
COLUMBIA,2018,360,
COLUMBIA,2018,359,
COLUMBIA,2018,358,
COLUMBIA,2018,357,
COLUMBIA,2018,356,
COLUMBIA,2018,355,
COLUMBIA,2018,354,
COLUMBIA,2018,353,
COLUMBIA,2018,352,
COLUMBIA,2018,351,
COLUMBIA,2018,350,
COLUMBIA,2018,349,
COLUMBIA,2018,348,
COLUMBIA,2018,347,
COLUMBIA,2018,346,
COLUMBIA,2018,345,
COLUMBIA,2018,344,
COLUMBIA,2018,343,
COLUMBIA,2018,342,
COLUMBIA,2018,341,
COLUMBIA,2018,340,
COLUMBIA,2018,339,
COLUMBIA,2018,338,
COLUMBIA,2018,337,
COLUMBIA,2018,336,
COLUMBIA,2018,335,
COLUMBIA,2018,334,
COLUMBIA,2018,333,
COLUMBIA,2018,332,
COLUMBIA,2018,331,
COLUMBIA,2018,330,
COLUMBIA,2018,329,
COLUMBIA,2018,328,
COLUMBIA,2018,327,
COLUMBIA,2018,326,
COLUMBIA,2018,325,
COLUMBIA,2018,324,
COLUMBIA,2018,323,
COLUMBIA,2018,322,
COLUMBIA,2018,321,
COLUMBIA,2018,320,
COLUMBIA,2018,319,
COLUMBIA,2018,318,
COLUMBIA,2018,317,
COLUMBIA,2018,316,
COLUMBIA,2018,315,
COLUMBIA,2018,314,
COLUMBIA,2018,313,
COLUMBIA,2018,312,
COLUMBIA,2018,311,
COLUMBIA,2018,310,
COLUMBIA,2018,309,
COLUMBIA,2018,308,
COLUMBIA,2018,307,
COLUMBIA,2018,306,
COLUMBIA,2018,305,
COLUMBIA,2018,304,
COLUMBIA,2018,303,
COLUMBIA,2018,302,
COLUMBIA,2018,301,
COLUMBIA,2018,300,
COLUMBIA,2018,299,
COLUMBIA,2018,298,
COLUMBIA,2018,297,
COLUMBIA,2018,296,
COLUMBIA,2018,295,
COLUMBIA,2018,294,
COLUMBIA,2018,293,
COLUMBIA,2018,292,
COLUMBIA,2018,291,
COLUMBIA,2018,290,
COLUMBIA,2018,289,
COLUMBIA,2018,288,
COLUMBIA,2018,287,
COLUMBIA,2018,286,
COLUMBIA,2018,285,
COLUMBIA,2018,284,
COLUMBIA,2018,283,
COLUMBIA,2018,282,
COLUMBIA,2018,281,
COLUMBIA,2018,280,
COLUMBIA,2018,279,
COLUMBIA,2018,278,
COLUMBIA,2018,277,
COLUMBIA,2018,276,
COLUMBIA,2018,275,
COLUMBIA,2018,274,
COLUMBIA,2018,273,
COLUMBIA,2018,272,
COLUMBIA,2018,271,
COLUMBIA,2018,270,
COLUMBIA,2018,269,
COLUMBIA,2018,268,
COLUMBIA,2018,267,
COLUMBIA,2018,266,
COLUMBIA,2018,265,
COLUMBIA,2018,264,
COLUMBIA,2018,263,
COLUMBIA,2018,262,
COLUMBIA,2018,261,
COLUMBIA,2018,260,
COLUMBIA,2018,259,
COLUMBIA,2018,258,
COLUMBIA,2018,257,
COLUMBIA,2018,256,
COLUMBIA,2018,255,
COLUMBIA,2018,254,
COLUMBIA,2018,253,
COLUMBIA,2018,252,
COLUMBIA,2018,251,
COLUMBIA,2018,250,
COLUMBIA,2018,249,
COLUMBIA,2018,248,
COLUMBIA,2018,247,
COLUMBIA,2018,246,
COLUMBIA,2018,245,
COLUMBIA,2018,244,
COLUMBIA,2018,243,
COLUMBIA,2018,242,
COLUMBIA,2018,241,
COLUMBIA,2018,240,
COLUMBIA,2018,239,
COLUMBIA,2018,238,
COLUMBIA,2018,237,
COLUMBIA,2018,236,
COLUMBIA,2018,235,
COLUMBIA,2018,234,
COLUMBIA,2018,233,
COLUMBIA,2018,232,
COLUMBIA,2018,231,
COLUMBIA,2018,230,
COLUMBIA,2018,229,
COLUMBIA,2018,228,
COLUMBIA,2018,227,
COLUMBIA,2018,226,
COLUMBIA,2018,225,
COLUMBIA,2018,224,
COLUMBIA,2018,223,
COLUMBIA,2018,222,
COLUMBIA,2018,221,
COLUMBIA,2018,220,
COLUMBIA,2018,219,
COLUMBIA,2018,218,
COLUMBIA,2018,217,
COLUMBIA,2018,216,
COLUMBIA,2018,215,
COLUMBIA,2018,214,
COLUMBIA,2018,213,
COLUMBIA,2018,212,
COLUMBIA,2018,211,
COLUMBIA,2018,210,
COLUMBIA,2018,209,
COLUMBIA,2018,208,
COLUMBIA,2018,207,
COLUMBIA,2018,206,
COLUMBIA,2018,205,
COLUMBIA,2018,204,
COLUMBIA,2018,203,
COLUMBIA,2018,202,
COLUMBIA,2018,201,
COLUMBIA,2018,200,
COLUMBIA,2018,199,
COLUMBIA,2018,198,
COLUMBIA,2018,197,
COLUMBIA,2018,196,
COLUMBIA,2018,195,
COLUMBIA,2018,194,
COLUMBIA,2018,193,
COLUMBIA,2018,192,
COLUMBIA,2018,191,
COLUMBIA,2018,190,
COLUMBIA,2018,189,
COLUMBIA,2018,188,
COLUMBIA,2018,187,
COLUMBIA,2018,186,
COLUMBIA,2018,185,
COLUMBIA,2018,184,
COLUMBIA,2018,183,
COLUMBIA,2018,182,
COLUMBIA,2018,181,
COLUMBIA,2018,180,
COLUMBIA,2018,179,
COLUMBIA,2018,178,
COLUMBIA,2018,177,
COLUMBIA,2018,176,
COLUMBIA,2018,175,
COLUMBIA,2018,174,
COLUMBIA,2018,173,
COLUMBIA,2018,172,
COLUMBIA,2018,171,
COLUMBIA,2018,170,
COLUMBIA,2018,169,
COLUMBIA,2018,168,
COLUMBIA,2018,167,
COLUMBIA,2018,166,17.000000
COLUMBIA,2018,165,17.000000
COLUMBIA,2018,164,17.000000
COLUMBIA,2018,163,17.000000
COLUMBIA,2018,162,17.000000
COLUMBIA,2018,161,
COLUMBIA,2018,160,
COLUMBIA,2018,159,18.500000
COLUMBIA,2018,158,18.500000
COLUMBIA,2018,157,18.500000
COLUMBIA,2018,156,18.500000
COLUMBIA,2018,155,
COLUMBIA,2018,154,
COLUMBIA,2018,153,
COLUMBIA,2018,152,18.500000
COLUMBIA,2018,151,18.500000
COLUMBIA,2018,150,18.500000
COLUMBIA,2018,149,18.500000
COLUMBIA,2018,148,
COLUMBIA,2018,147,
COLUMBIA,2018,146,
COLUMBIA,2018,145,18.500000
COLUMBIA,2018,144,18.500000
COLUMBIA,2018,143,18.500000
COLUMBIA,2018,142,18.500000
COLUMBIA,2018,141,18.500000
COLUMBIA,2018,140,
COLUMBIA,2018,139,
COLUMBIA,2018,138,17.000000
COLUMBIA,2018,137,17.000000
COLUMBIA,2018,136,17.000000
COLUMBIA,2018,135,17.000000
COLUMBIA,2018,134,17.000000
COLUMBIA,2018,133,
COLUMBIA,2018,132,
COLUMBIA,2018,131,16.000000
COLUMBIA,2018,130,
COLUMBIA,2018,129,16.000000
COLUMBIA,2018,128,16.000000
COLUMBIA,2018,127,16.000000
COLUMBIA,2018,126,
COLUMBIA,2018,125,
COLUMBIA,2018,124,25.000000
COLUMBIA,2018,123,25.000000
COLUMBIA,2018,122,25.000000
COLUMBIA,2018,121,25.000000
COLUMBIA,2018,120,25.000000
COLUMBIA,2018,119,
COLUMBIA,2018,118,
COLUMBIA,2018,117,25.000000
COLUMBIA,2018,116,25.000000
COLUMBIA,2018,115,25.000000
COLUMBIA,2018,114,25.000000
COLUMBIA,2018,113,25.000000
COLUMBIA,2018,112,
COLUMBIA,2018,111,
COLUMBIA,2018,110,25.000000
COLUMBIA,2018,109,25.000000
COLUMBIA,2018,108,25.000000
COLUMBIA,2018,107,25.000000
COLUMBIA,2018,106,
COLUMBIA,2018,105,
COLUMBIA,2018,104,
COLUMBIA,2018,103,
COLUMBIA,2018,102,
COLUMBIA,2018,101,
COLUMBIA,2018,100,
COLUMBIA,2018,99,
COLUMBIA,2018,98,
COLUMBIA,2018,97,
COLUMBIA,2018,96,
COLUMBIA,2018,95,
COLUMBIA,2018,94,
COLUMBIA,2018,93,
COLUMBIA,2018,92,
COLUMBIA,2018,91,
COLUMBIA,2018,90,
COLUMBIA,2018,89,
COLUMBIA,2018,88,
COLUMBIA,2018,87,
COLUMBIA,2018,86,
COLUMBIA,2018,85,
COLUMBIA,2018,84,
COLUMBIA,2018,83,
COLUMBIA,2018,82,
COLUMBIA,2018,81,
COLUMBIA,2018,80,
COLUMBIA,2018,79,
COLUMBIA,2018,78,
COLUMBIA,2018,77,
COLUMBIA,2018,76,
COLUMBIA,2018,75,
COLUMBIA,2018,74,
COLUMBIA,2018,73,
COLUMBIA,2018,72,
COLUMBIA,2018,71,
COLUMBIA,2018,70,
COLUMBIA,2018,69,
COLUMBIA,2018,68,
COLUMBIA,2018,67,
COLUMBIA,2018,66,
COLUMBIA,2018,65,
COLUMBIA,2018,64,
COLUMBIA,2018,63,
COLUMBIA,2018,62,
COLUMBIA,2018,61,
COLUMBIA,2018,60,
COLUMBIA,2018,59,
COLUMBIA,2018,58,
COLUMBIA,2018,57,
COLUMBIA,2018,56,
COLUMBIA,2018,55,
COLUMBIA,2018,54,
COLUMBIA,2018,53,
COLUMBIA,2018,52,
COLUMBIA,2018,51,
COLUMBIA,2018,50,
COLUMBIA,2018,49,
COLUMBIA,2018,48,
COLUMBIA,2018,47,
COLUMBIA,2018,46,
COLUMBIA,2018,45,
COLUMBIA,2018,44,
COLUMBIA,2018,43,
COLUMBIA,2018,42,
COLUMBIA,2018,41,
COLUMBIA,2018,40,
COLUMBIA,2018,39,
COLUMBIA,2018,38,
COLUMBIA,2018,37,
COLUMBIA,2018,36,
COLUMBIA,2018,35,
COLUMBIA,2018,34,
COLUMBIA,2018,33,
COLUMBIA,2018,32,
COLUMBIA,2018,31,
COLUMBIA,2018,30,
COLUMBIA,2018,29,
COLUMBIA,2018,28,
COLUMBIA,2018,27,
COLUMBIA,2018,26,
COLUMBIA,2018,25,
COLUMBIA,2018,24,
COLUMBIA,2018,23,
COLUMBIA,2018,22,
COLUMBIA,2018,21,
COLUMBIA,2018,20,
COLUMBIA,2018,19,
COLUMBIA,2018,18,
COLUMBIA,2018,17,
COLUMBIA,2018,16,
COLUMBIA,2018,15,
COLUMBIA,2018,14,
COLUMBIA,2018,13,
COLUMBIA,2018,12,
COLUMBIA,2018,11,
COLUMBIA,2018,10,
COLUMBIA,2018,9,
COLUMBIA,2018,8,
COLUMBIA,2018,7,
COLUMBIA,2018,6,
COLUMBIA,2018,5,
COLUMBIA,2018,4,
COLUMBIA,2018,3,
COLUMBIA,2018,2,
LOS ANGELES,2018,366,
LOS ANGELES,2018,365,
LOS ANGELES,2018,364,
LOS ANGELES,2018,363,
LOS ANGELES,2018,362,
LOS ANGELES,2018,361,
LOS ANGELES,2018,360,
LOS ANGELES,2018,359,
LOS ANGELES,2018,358,
LOS ANGELES,2018,357,
LOS ANGELES,2018,356,
LOS ANGELES,2018,355,
LOS ANGELES,2018,354,
LOS ANGELES,2018,353,
LOS ANGELES,2018,352,
LOS ANGELES,2018,351,
LOS ANGELES,2018,350,
LOS ANGELES,2018,349,
LOS ANGELES,2018,348,
LOS ANGELES,2018,347,
LOS ANGELES,2018,346,
LOS ANGELES,2018,345,
LOS ANGELES,2018,344,
LOS ANGELES,2018,343,
LOS ANGELES,2018,342,
LOS ANGELES,2018,341,
LOS ANGELES,2018,340,
LOS ANGELES,2018,339,
LOS ANGELES,2018,338,
LOS ANGELES,2018,337,
LOS ANGELES,2018,336,
LOS ANGELES,2018,335,
LOS ANGELES,2018,334,
LOS ANGELES,2018,333,
LOS ANGELES,2018,332,
LOS ANGELES,2018,331,
LOS ANGELES,2018,330,
LOS ANGELES,2018,329,
LOS ANGELES,2018,328,
LOS ANGELES,2018,327,
LOS ANGELES,2018,326,
LOS ANGELES,2018,325,
LOS ANGELES,2018,324,
LOS ANGELES,2018,323,
LOS ANGELES,2018,322,
LOS ANGELES,2018,321,
LOS ANGELES,2018,320,
LOS ANGELES,2018,319,
LOS ANGELES,2018,318,
LOS ANGELES,2018,317,
LOS ANGELES,2018,316,
LOS ANGELES,2018,315,
LOS ANGELES,2018,314,
LOS ANGELES,2018,313,
LOS ANGELES,2018,312,
LOS ANGELES,2018,311,
LOS ANGELES,2018,310,
LOS ANGELES,2018,309,
LOS ANGELES,2018,308,
LOS ANGELES,2018,307,
LOS ANGELES,2018,306,
LOS ANGELES,2018,305,
LOS ANGELES,2018,304,
LOS ANGELES,2018,303,
LOS ANGELES,2018,302,
LOS ANGELES,2018,301,
LOS ANGELES,2018,300,
LOS ANGELES,2018,299,
LOS ANGELES,2018,298,
LOS ANGELES,2018,297,
LOS ANGELES,2018,296,
LOS ANGELES,2018,295,
LOS ANGELES,2018,294,
LOS ANGELES,2018,293,
LOS ANGELES,2018,292,
LOS ANGELES,2018,291,
LOS ANGELES,2018,290,
LOS ANGELES,2018,289,
LOS ANGELES,2018,288,
LOS ANGELES,2018,287,
LOS ANGELES,2018,286,
LOS ANGELES,2018,285,
LOS ANGELES,2018,284,
LOS ANGELES,2018,283,
LOS ANGELES,2018,282,
LOS ANGELES,2018,281,
LOS ANGELES,2018,280,
LOS ANGELES,2018,279,
LOS ANGELES,2018,278,
LOS ANGELES,2018,277,
LOS ANGELES,2018,276,
LOS ANGELES,2018,275,
LOS ANGELES,2018,274,
LOS ANGELES,2018,273,
LOS ANGELES,2018,272,
LOS ANGELES,2018,271,
LOS ANGELES,2018,270,
LOS ANGELES,2018,269,
LOS ANGELES,2018,268,
LOS ANGELES,2018,267,
LOS ANGELES,2018,266,
LOS ANGELES,2018,265,
LOS ANGELES,2018,264,
LOS ANGELES,2018,263,
LOS ANGELES,2018,262,
LOS ANGELES,2018,261,
LOS ANGELES,2018,260,
LOS ANGELES,2018,259,
LOS ANGELES,2018,258,
LOS ANGELES,2018,257,
LOS ANGELES,2018,256,
LOS ANGELES,2018,255,
LOS ANGELES,2018,254,
LOS ANGELES,2018,253,
LOS ANGELES,2018,252,
LOS ANGELES,2018,251,
LOS ANGELES,2018,250,
LOS ANGELES,2018,249,
LOS ANGELES,2018,248,
LOS ANGELES,2018,247,
LOS ANGELES,2018,246,
LOS ANGELES,2018,245,
LOS ANGELES,2018,244,
LOS ANGELES,2018,243,
LOS ANGELES,2018,242,
LOS ANGELES,2018,241,
LOS ANGELES,2018,240,
LOS ANGELES,2018,239,
LOS ANGELES,2018,238,
LOS ANGELES,2018,237,
LOS ANGELES,2018,236,
LOS ANGELES,2018,235,
LOS ANGELES,2018,234,
LOS ANGELES,2018,233,
LOS ANGELES,2018,232,
LOS ANGELES,2018,231,
LOS ANGELES,2018,230,
LOS ANGELES,2018,229,
LOS ANGELES,2018,228,
LOS ANGELES,2018,227,
LOS ANGELES,2018,226,
LOS ANGELES,2018,225,
LOS ANGELES,2018,224,
LOS ANGELES,2018,223,
LOS ANGELES,2018,222,
LOS ANGELES,2018,221,
LOS ANGELES,2018,220,
LOS ANGELES,2018,219,
LOS ANGELES,2018,218,
LOS ANGELES,2018,217,
LOS ANGELES,2018,216,
LOS ANGELES,2018,215,
LOS ANGELES,2018,214,
LOS ANGELES,2018,213,
LOS ANGELES,2018,212,
LOS ANGELES,2018,211,
LOS ANGELES,2018,210,
LOS ANGELES,2018,209,
LOS ANGELES,2018,208,
LOS ANGELES,2018,207,
LOS ANGELES,2018,206,
LOS ANGELES,2018,205,
LOS ANGELES,2018,204,
LOS ANGELES,2018,203,
LOS ANGELES,2018,202,
LOS ANGELES,2018,201,
LOS ANGELES,2018,200,
LOS ANGELES,2018,199,
LOS ANGELES,2018,198,
LOS ANGELES,2018,197,
LOS ANGELES,2018,196,
LOS ANGELES,2018,195,
LOS ANGELES,2018,194,
LOS ANGELES,2018,193,
LOS ANGELES,2018,192,
LOS ANGELES,2018,191,
LOS ANGELES,2018,190,
LOS ANGELES,2018,189,
LOS ANGELES,2018,188,
LOS ANGELES,2018,187,
LOS ANGELES,2018,186,
LOS ANGELES,2018,185,
LOS ANGELES,2018,184,
LOS ANGELES,2018,183,
LOS ANGELES,2018,182,
LOS ANGELES,2018,181,
LOS ANGELES,2018,180,
LOS ANGELES,2018,179,
LOS ANGELES,2018,178,
LOS ANGELES,2018,177,
LOS ANGELES,2018,176,
LOS ANGELES,2018,175,
LOS ANGELES,2018,174,
LOS ANGELES,2018,173,29.000000
LOS ANGELES,2018,172,29.000000
LOS ANGELES,2018,171,29.000000
LOS ANGELES,2018,170,29.000000
LOS ANGELES,2018,169,29.000000
LOS ANGELES,2018,168,
LOS ANGELES,2018,167,
LOS ANGELES,2018,166,29.000000
LOS ANGELES,2018,165,29.000000
LOS ANGELES,2018,164,29.000000
LOS ANGELES,2018,163,29.000000
LOS ANGELES,2018,162,29.000000
LOS ANGELES,2018,161,
LOS ANGELES,2018,160,
LOS ANGELES,2018,159,29.000000
LOS ANGELES,2018,158,29.000000
LOS ANGELES,2018,157,29.000000
LOS ANGELES,2018,156,29.000000
LOS ANGELES,2018,155,29.000000
LOS ANGELES,2018,154,
LOS ANGELES,2018,153,
LOS ANGELES,2018,152,29.000000
LOS ANGELES,2018,151,29.000000
LOS ANGELES,2018,150,29.000000
LOS ANGELES,2018,149,29.000000
LOS ANGELES,2018,148,
LOS ANGELES,2018,147,
LOS ANGELES,2018,146,
LOS ANGELES,2018,145,29.000000
LOS ANGELES,2018,144,29.000000
LOS ANGELES,2018,143,29.000000
LOS ANGELES,2018,142,29.000000
LOS ANGELES,2018,141,29.000000
LOS ANGELES,2018,140,
LOS ANGELES,2018,139,
LOS ANGELES,2018,138,29.000000
LOS ANGELES,2018,137,29.000000
LOS ANGELES,2018,136,29.000000
LOS ANGELES,2018,135,29.000000
LOS ANGELES,2018,134,29.000000
LOS ANGELES,2018,133,
LOS ANGELES,2018,132,
LOS ANGELES,2018,131,29.000000
LOS ANGELES,2018,130,29.000000
LOS ANGELES,2018,129,29.000000
LOS ANGELES,2018,128,29.000000
LOS ANGELES,2018,127,29.000000
LOS ANGELES,2018,126,
LOS ANGELES,2018,125,
LOS ANGELES,2018,124,29.000000
LOS ANGELES,2018,123,29.000000
LOS ANGELES,2018,122,29.000000
LOS ANGELES,2018,121,29.000000
LOS ANGELES,2018,120,29.000000
LOS ANGELES,2018,119,
LOS ANGELES,2018,118,
LOS ANGELES,2018,117,29.000000
LOS ANGELES,2018,116,29.000000
LOS ANGELES,2018,115,29.000000
LOS ANGELES,2018,114,29.000000
LOS ANGELES,2018,113,29.000000
LOS ANGELES,2018,112,
LOS ANGELES,2018,111,
LOS ANGELES,2018,110,29.000000
LOS ANGELES,2018,109,29.000000
LOS ANGELES,2018,108,29.000000
LOS ANGELES,2018,107,29.000000
LOS ANGELES,2018,106,29.000000
LOS ANGELES,2018,105,
LOS ANGELES,2018,104,
LOS ANGELES,2018,103,29.000000
LOS ANGELES,2018,102,29.000000
LOS ANGELES,2018,101,29.000000
LOS ANGELES,2018,100,29.000000
LOS ANGELES,2018,99,29.000000
LOS ANGELES,2018,98,
LOS ANGELES,2018,97,
LOS ANGELES,2018,96,
LOS ANGELES,2018,95,
LOS ANGELES,2018,94,
LOS ANGELES,2018,93,
LOS ANGELES,2018,92,
LOS ANGELES,2018,91,
LOS ANGELES,2018,90,
LOS ANGELES,2018,89,
LOS ANGELES,2018,88,
LOS ANGELES,2018,87,34.000000
LOS ANGELES,2018,86,34.000000
LOS ANGELES,2018,85,34.000000
LOS ANGELES,2018,84,
LOS ANGELES,2018,83,
LOS ANGELES,2018,82,34.000000
LOS ANGELES,2018,81,34.000000
LOS ANGELES,2018,80,34.000000
LOS ANGELES,2018,79,34.000000
LOS ANGELES,2018,78,34.000000
LOS ANGELES,2018,77,
LOS ANGELES,2018,76,
LOS ANGELES,2018,75,34.000000
LOS ANGELES,2018,74,34.000000
LOS ANGELES,2018,73,34.000000
LOS ANGELES,2018,72,34.000000
LOS ANGELES,2018,71,34.000000
LOS ANGELES,2018,70,
LOS ANGELES,2018,69,
LOS ANGELES,2018,68,34.000000
LOS ANGELES,2018,67,34.000000
LOS ANGELES,2018,66,34.000000
LOS ANGELES,2018,65,34.000000
LOS ANGELES,2018,64,34.000000
LOS ANGELES,2018,63,
LOS ANGELES,2018,62,
LOS ANGELES,2018,61,34.000000
LOS ANGELES,2018,60,34.000000
LOS ANGELES,2018,59,
LOS ANGELES,2018,58,
LOS ANGELES,2018,57,
LOS ANGELES,2018,56,
LOS ANGELES,2018,55,
LOS ANGELES,2018,54,
LOS ANGELES,2018,53,
LOS ANGELES,2018,52,
LOS ANGELES,2018,51,
LOS ANGELES,2018,50,
LOS ANGELES,2018,49,
LOS ANGELES,2018,48,
LOS ANGELES,2018,47,
LOS ANGELES,2018,46,
LOS ANGELES,2018,45,
LOS ANGELES,2018,44,
LOS ANGELES,2018,43,
LOS ANGELES,2018,42,
LOS ANGELES,2018,41,
LOS ANGELES,2018,40,
LOS ANGELES,2018,39,
LOS ANGELES,2018,38,
LOS ANGELES,2018,37,
LOS ANGELES,2018,36,
LOS ANGELES,2018,35,
LOS ANGELES,2018,34,
LOS ANGELES,2018,33,
LOS ANGELES,2018,32,
LOS ANGELES,2018,31,
LOS ANGELES,2018,30,
LOS ANGELES,2018,29,
LOS ANGELES,2018,28,
LOS ANGELES,2018,27,
LOS ANGELES,2018,26,
LOS ANGELES,2018,25,
LOS ANGELES,2018,24,
LOS ANGELES,2018,23,
LOS ANGELES,2018,22,
LOS ANGELES,2018,21,
LOS ANGELES,2018,20,
LOS ANGELES,2018,19,
LOS ANGELES,2018,18,
LOS ANGELES,2018,17,
LOS ANGELES,2018,16,
LOS ANGELES,2018,15,
LOS ANGELES,2018,14,
LOS ANGELES,2018,13,
LOS ANGELES,2018,12,
LOS ANGELES,2018,11,
LOS ANGELES,2018,10,
LOS ANGELES,2018,9,
LOS ANGELES,2018,8,
LOS ANGELES,2018,7,
LOS ANGELES,2018,6,
LOS ANGELES,2018,5,
LOS ANGELES,2018,4,
LOS ANGELES,2018,3,
LOS ANGELES,2018,2,
MIAMI,2018,366,
MIAMI,2018,365,21.000000
MIAMI,2018,364,
MIAMI,2018,363,
MIAMI,2018,362,21.000000
MIAMI,2018,361,21.000000
MIAMI,2018,360,21.000000
MIAMI,2018,359,
MIAMI,2018,358,
MIAMI,2018,357,
MIAMI,2018,356,
MIAMI,2018,355,21.000000
MIAMI,2018,354,21.000000
MIAMI,2018,353,21.000000
MIAMI,2018,352,21.000000
MIAMI,2018,351,21.000000
MIAMI,2018,350,
MIAMI,2018,349,
MIAMI,2018,348,21.000000
MIAMI,2018,347,21.000000
MIAMI,2018,346,21.000000
MIAMI,2018,345,21.000000
MIAMI,2018,344,21.000000
MIAMI,2018,343,
MIAMI,2018,342,
MIAMI,2018,341,21.000000
MIAMI,2018,340,21.000000
MIAMI,2018,339,21.000000
MIAMI,2018,338,21.000000
MIAMI,2018,337,21.000000
MIAMI,2018,336,
MIAMI,2018,335,
MIAMI,2018,334,21.000000
MIAMI,2018,333,21.000000
MIAMI,2018,332,21.000000
MIAMI,2018,331,21.000000
MIAMI,2018,330,21.000000
MIAMI,2018,329,
MIAMI,2018,328,
MIAMI,2018,327,21.000000
MIAMI,2018,326,
MIAMI,2018,325,21.000000
MIAMI,2018,324,21.000000
MIAMI,2018,323,21.000000
MIAMI,2018,322,
MIAMI,2018,321,
MIAMI,2018,320,21.000000
MIAMI,2018,319,21.000000
MIAMI,2018,318,21.000000
MIAMI,2018,317,21.000000
MIAMI,2018,316,
MIAMI,2018,315,
MIAMI,2018,314,
MIAMI,2018,313,21.000000
MIAMI,2018,312,21.000000
MIAMI,2018,311,21.000000
MIAMI,2018,310,21.000000
MIAMI,2018,309,21.000000
MIAMI,2018,308,
MIAMI,2018,307,
MIAMI,2018,306,21.000000
MIAMI,2018,305,21.000000
MIAMI,2018,304,21.000000
MIAMI,2018,303,21.000000
MIAMI,2018,302,21.000000
MIAMI,2018,301,
MIAMI,2018,300,
MIAMI,2018,299,21.000000
MIAMI,2018,298,21.000000
MIAMI,2018,297,21.000000
MIAMI,2018,296,21.000000
MIAMI,2018,295,21.000000
MIAMI,2018,294,
MIAMI,2018,293,
MIAMI,2018,292,21.000000
MIAMI,2018,291,21.000000
MIAMI,2018,290,21.000000
MIAMI,2018,289,21.000000
MIAMI,2018,288,21.000000
MIAMI,2018,287,
MIAMI,2018,286,
MIAMI,2018,285,21.000000
MIAMI,2018,284,21.000000
MIAMI,2018,283,21.000000
MIAMI,2018,282,21.000000
MIAMI,2018,281,
MIAMI,2018,280,
MIAMI,2018,279,
MIAMI,2018,278,21.000000
MIAMI,2018,277,21.000000
MIAMI,2018,276,21.000000
MIAMI,2018,275,21.000000
MIAMI,2018,274,21.000000
MIAMI,2018,273,
MIAMI,2018,272,
MIAMI,2018,271,21.000000
MIAMI,2018,270,21.000000
MIAMI,2018,269,21.000000
MIAMI,2018,268,21.000000
MIAMI,2018,267,21.000000
MIAMI,2018,266,
MIAMI,2018,265,
MIAMI,2018,264,21.000000
MIAMI,2018,263,21.000000
MIAMI,2018,262,21.000000
MIAMI,2018,261,21.000000
MIAMI,2018,260,21.000000
MIAMI,2018,259,
MIAMI,2018,258,
MIAMI,2018,257,21.000000
MIAMI,2018,256,21.000000
MIAMI,2018,255,21.000000
MIAMI,2018,254,21.000000
MIAMI,2018,253,21.000000
MIAMI,2018,252,
MIAMI,2018,251,
MIAMI,2018,250,21.000000
MIAMI,2018,249,21.000000
MIAMI,2018,248,21.000000
MIAMI,2018,247,21.000000
MIAMI,2018,246,
MIAMI,2018,245,
MIAMI,2018,244,
MIAMI,2018,243,21.000000
MIAMI,2018,242,21.000000
MIAMI,2018,241,21.000000
MIAMI,2018,240,21.000000
MIAMI,2018,239,21.000000
MIAMI,2018,238,
MIAMI,2018,237,
MIAMI,2018,236,20.750000
MIAMI,2018,235,20.750000
MIAMI,2018,234,20.750000
MIAMI,2018,233,20.750000
MIAMI,2018,232,20.750000
MIAMI,2018,231,
MIAMI,2018,230,
MIAMI,2018,229,20.750000
MIAMI,2018,228,20.750000
MIAMI,2018,227,20.750000
MIAMI,2018,226,20.750000
MIAMI,2018,225,20.750000
MIAMI,2018,224,
MIAMI,2018,223,
MIAMI,2018,222,20.750000
MIAMI,2018,221,20.750000
MIAMI,2018,220,20.750000
MIAMI,2018,219,20.750000
MIAMI,2018,218,20.750000
MIAMI,2018,217,
MIAMI,2018,216,
MIAMI,2018,215,20.750000
MIAMI,2018,214,20.750000
MIAMI,2018,213,20.750000
MIAMI,2018,212,20.750000
MIAMI,2018,211,20.750000
MIAMI,2018,210,
MIAMI,2018,209,
MIAMI,2018,208,20.750000
MIAMI,2018,207,20.750000
MIAMI,2018,206,20.750000
MIAMI,2018,205,20.750000
MIAMI,2018,204,21.000000
MIAMI,2018,203,
MIAMI,2018,202,
MIAMI,2018,201,21.000000
MIAMI,2018,200,21.000000
MIAMI,2018,199,21.000000
MIAMI,2018,198,21.000000
MIAMI,2018,197,21.000000
MIAMI,2018,196,
MIAMI,2018,195,
MIAMI,2018,194,21.000000
MIAMI,2018,193,
MIAMI,2018,192,21.000000
MIAMI,2018,191,21.000000
MIAMI,2018,190,21.000000
MIAMI,2018,189,
MIAMI,2018,188,
MIAMI,2018,187,21.000000
MIAMI,2018,186,21.000000
MIAMI,2018,185,
MIAMI,2018,184,21.000000
MIAMI,2018,183,21.000000
MIAMI,2018,182,
MIAMI,2018,181,
MIAMI,2018,180,21.000000
MIAMI,2018,179,21.000000
MIAMI,2018,178,21.000000
MIAMI,2018,177,21.000000
MIAMI,2018,176,21.000000
MIAMI,2018,175,
MIAMI,2018,174,
MIAMI,2018,173,21.000000
MIAMI,2018,172,21.000000
MIAMI,2018,171,21.000000
MIAMI,2018,170,21.000000
MIAMI,2018,169,21.000000
MIAMI,2018,168,
MIAMI,2018,167,
MIAMI,2018,166,21.000000
MIAMI,2018,165,21.000000
MIAMI,2018,164,21.000000
MIAMI,2018,163,21.000000
MIAMI,2018,162,21.000000
MIAMI,2018,161,
MIAMI,2018,160,
MIAMI,2018,159,21.000000
MIAMI,2018,158,21.000000
MIAMI,2018,157,21.000000
MIAMI,2018,156,21.000000
MIAMI,2018,155,21.000000
MIAMI,2018,154,
MIAMI,2018,153,
MIAMI,2018,152,21.000000
MIAMI,2018,151,21.000000
MIAMI,2018,150,21.000000
MIAMI,2018,149,21.000000
MIAMI,2018,148,
MIAMI,2018,147,
MIAMI,2018,146,
MIAMI,2018,145,21.000000
MIAMI,2018,144,21.000000
MIAMI,2018,143,21.000000
MIAMI,2018,142,21.000000
MIAMI,2018,141,21.000000
MIAMI,2018,140,
MIAMI,2018,139,
MIAMI,2018,138,21.000000
MIAMI,2018,137,21.000000
MIAMI,2018,136,21.000000
MIAMI,2018,135,21.000000
MIAMI,2018,134,21.000000
MIAMI,2018,133,
MIAMI,2018,132,
MIAMI,2018,131,21.000000
MIAMI,2018,130,21.000000
MIAMI,2018,129,21.000000
MIAMI,2018,128,21.000000
MIAMI,2018,127,21.000000
MIAMI,2018,126,
MIAMI,2018,125,
MIAMI,2018,124,21.000000
MIAMI,2018,123,21.000000
MIAMI,2018,122,21.000000
MIAMI,2018,121,21.000000
MIAMI,2018,120,21.000000
MIAMI,2018,119,
MIAMI,2018,118,
MIAMI,2018,117,21.000000
MIAMI,2018,116,21.000000
MIAMI,2018,115,21.000000
MIAMI,2018,114,21.000000
MIAMI,2018,113,21.000000
MIAMI,2018,112,
MIAMI,2018,111,
MIAMI,2018,110,21.000000
MIAMI,2018,109,21.000000
MIAMI,2018,108,21.000000
MIAMI,2018,107,21.000000
MIAMI,2018,106,21.000000
MIAMI,2018,105,
MIAMI,2018,104,
MIAMI,2018,103,21.000000
MIAMI,2018,102,21.000000
MIAMI,2018,101,21.000000
MIAMI,2018,100,21.000000
MIAMI,2018,99,21.000000
MIAMI,2018,98,
MIAMI,2018,97,
MIAMI,2018,96,21.000000
MIAMI,2018,95,21.000000
MIAMI,2018,94,21.000000
MIAMI,2018,93,21.000000
MIAMI,2018,92,21.000000
MIAMI,2018,91,
MIAMI,2018,90,
MIAMI,2018,89,21.000000
MIAMI,2018,88,21.000000
MIAMI,2018,87,21.000000
MIAMI,2018,86,21.000000
MIAMI,2018,85,21.000000
MIAMI,2018,84,
MIAMI,2018,83,
MIAMI,2018,82,21.000000
MIAMI,2018,81,21.000000
MIAMI,2018,80,21.000000
MIAMI,2018,79,21.000000
MIAMI,2018,78,21.000000
MIAMI,2018,77,
MIAMI,2018,76,
MIAMI,2018,75,21.000000
MIAMI,2018,74,21.000000
MIAMI,2018,73,21.000000
MIAMI,2018,72,21.000000
MIAMI,2018,71,21.000000
MIAMI,2018,70,
MIAMI,2018,69,
MIAMI,2018,68,
MIAMI,2018,67,
MIAMI,2018,66,21.000000
MIAMI,2018,65,21.000000
MIAMI,2018,64,29.000000
MIAMI,2018,63,
MIAMI,2018,62,
MIAMI,2018,61,29.000000
MIAMI,2018,60,29.000000
MIAMI,2018,59,29.000000
MIAMI,2018,58,29.000000
MIAMI,2018,57,29.000000
MIAMI,2018,56,
MIAMI,2018,55,
MIAMI,2018,54,29.000000
MIAMI,2018,53,29.000000
MIAMI,2018,52,29.000000
MIAMI,2018,51,29.000000
MIAMI,2018,50,
MIAMI,2018,49,
MIAMI,2018,48,
MIAMI,2018,47,29.000000
MIAMI,2018,46,29.000000
MIAMI,2018,45,29.000000
MIAMI,2018,44,29.000000
MIAMI,2018,43,29.000000
MIAMI,2018,42,
MIAMI,2018,41,
MIAMI,2018,40,29.000000
MIAMI,2018,39,29.000000
MIAMI,2018,38,29.000000
MIAMI,2018,37,29.000000
MIAMI,2018,36,29.000000
MIAMI,2018,35,
MIAMI,2018,34,
MIAMI,2018,33,29.000000
MIAMI,2018,32,29.000000
MIAMI,2018,31,29.000000
MIAMI,2018,30,29.000000
MIAMI,2018,29,29.000000
MIAMI,2018,28,
MIAMI,2018,27,
MIAMI,2018,26,29.000000
MIAMI,2018,25,29.000000
MIAMI,2018,24,29.000000
MIAMI,2018,23,29.000000
MIAMI,2018,22,29.000000
MIAMI,2018,21,
MIAMI,2018,20,
MIAMI,2018,19,29.000000
MIAMI,2018,18,29.000000
MIAMI,2018,17,29.000000
MIAMI,2018,16,29.000000
MIAMI,2018,15,
MIAMI,2018,14,
MIAMI,2018,13,
MIAMI,2018,12,29.000000
MIAMI,2018,11,29.000000
MIAMI,2018,10,29.000000
MIAMI,2018,9,29.000000
MIAMI,2018,8,29.000000
MIAMI,2018,7,
MIAMI,2018,6,
MIAMI,2018,5,29.000000
MIAMI,2018,4,29.000000
MIAMI,2018,3,29.000000
MIAMI,2018,2,29.000000
NEW YORK,2018,366,
NEW YORK,2018,365,24.750000
NEW YORK,2018,364,
NEW YORK,2018,363,
NEW YORK,2018,362,24.750000
NEW YORK,2018,361,24.750000
NEW YORK,2018,360,
NEW YORK,2018,359,
NEW YORK,2018,358,
NEW YORK,2018,357,
NEW YORK,2018,356,
NEW YORK,2018,355,22.000000
NEW YORK,2018,354,17.750000
NEW YORK,2018,353,17.750000
NEW YORK,2018,352,18.500000
NEW YORK,2018,351,19.250000
NEW YORK,2018,350,
NEW YORK,2018,349,
NEW YORK,2018,348,16.625000
NEW YORK,2018,347,16.875000
NEW YORK,2018,346,17.300000
NEW YORK,2018,345,17.300000
NEW YORK,2018,344,16.250000
NEW YORK,2018,343,
NEW YORK,2018,342,
NEW YORK,2018,341,15.875000
NEW YORK,2018,340,15.875000
NEW YORK,2018,339,15.833333
NEW YORK,2018,338,15.833333
NEW YORK,2018,337,15.833333
NEW YORK,2018,336,
NEW YORK,2018,335,
NEW YORK,2018,334,17.500000
NEW YORK,2018,333,21.666666
NEW YORK,2018,332,22.333333
NEW YORK,2018,331,21.000000
NEW YORK,2018,330,21.000000
NEW YORK,2018,329,
NEW YORK,2018,328,
NEW YORK,2018,327,
NEW YORK,2018,326,
NEW YORK,2018,325,21.000000
NEW YORK,2018,324,21.000000
NEW YORK,2018,323,18.250000
NEW YORK,2018,322,
NEW YORK,2018,321,
NEW YORK,2018,320,18.250000
NEW YORK,2018,319,16.666666
NEW YORK,2018,318,16.666666
NEW YORK,2018,317,17.000000
NEW YORK,2018,316,
NEW YORK,2018,315,
NEW YORK,2018,314,
NEW YORK,2018,313,17.375000
NEW YORK,2018,312,17.375000
NEW YORK,2018,311,17.375000
NEW YORK,2018,310,16.833333
NEW YORK,2018,309,16.833333
NEW YORK,2018,308,
NEW YORK,2018,307,
NEW YORK,2018,306,16.833333
NEW YORK,2018,305,16.833333
NEW YORK,2018,304,16.833333
NEW YORK,2018,303,15.875000
NEW YORK,2018,302,15.875000
NEW YORK,2018,301,
NEW YORK,2018,300,
NEW YORK,2018,299,17.750000
NEW YORK,2018,298,18.666666
NEW YORK,2018,297,16.500000
NEW YORK,2018,296,18.666666
NEW YORK,2018,295,18.666666
NEW YORK,2018,294,
NEW YORK,2018,293,
NEW YORK,2018,292,18.666666
NEW YORK,2018,291,24.333333
NEW YORK,2018,290,24.333333
NEW YORK,2018,289,24.333333
NEW YORK,2018,288,21.000000
NEW YORK,2018,287,
NEW YORK,2018,286,
NEW YORK,2018,285,22.833333
NEW YORK,2018,284,22.833333
NEW YORK,2018,283,20.750000
NEW YORK,2018,282,20.750000
NEW YORK,2018,281,
NEW YORK,2018,280,
NEW YORK,2018,279,
NEW YORK,2018,278,20.500000
NEW YORK,2018,277,20.500000
NEW YORK,2018,276,20.500000
NEW YORK,2018,275,20.500000
NEW YORK,2018,274,20.375000
NEW YORK,2018,273,
NEW YORK,2018,272,
NEW YORK,2018,271,20.500000
NEW YORK,2018,270,18.750000
NEW YORK,2018,269,15.000000
NEW YORK,2018,268,15.000000
NEW YORK,2018,267,15.000000
NEW YORK,2018,266,
NEW YORK,2018,265,
NEW YORK,2018,264,13.000000
NEW YORK,2018,263,14.750000
NEW YORK,2018,262,14.750000
NEW YORK,2018,261,13.000000
NEW YORK,2018,260,13.000000
NEW YORK,2018,259,
NEW YORK,2018,258,
NEW YORK,2018,257,12.214285
NEW YORK,2018,256,12.166666
NEW YORK,2018,255,12.250000
NEW YORK,2018,254,12.333333
NEW YORK,2018,253,11.833333
NEW YORK,2018,252,
NEW YORK,2018,251,
NEW YORK,2018,250,12.357142
NEW YORK,2018,249,12.071428
NEW YORK,2018,248,12.071428
NEW YORK,2018,247,12.071428
NEW YORK,2018,246,
NEW YORK,2018,245,
NEW YORK,2018,244,
NEW YORK,2018,243,12.071428
NEW YORK,2018,242,12.437500
NEW YORK,2018,241,12.437500
NEW YORK,2018,240,12.437500
NEW YORK,2018,239,12.071428
NEW YORK,2018,238,
NEW YORK,2018,237,
NEW YORK,2018,236,12.333333
NEW YORK,2018,235,12.333333
NEW YORK,2018,234,12.900000
NEW YORK,2018,233,12.900000
NEW YORK,2018,232,12.900000
NEW YORK,2018,231,
NEW YORK,2018,230,
NEW YORK,2018,229,10.000000
NEW YORK,2018,228,12.333333
NEW YORK,2018,227,12.333333
NEW YORK,2018,226,12.333333
NEW YORK,2018,225,12.333333
NEW YORK,2018,224,
NEW YORK,2018,223,
NEW YORK,2018,222,12.333333
NEW YORK,2018,221,12.750000
NEW YORK,2018,220,12.000000
NEW YORK,2018,219,12.000000
NEW YORK,2018,218,12.333333
NEW YORK,2018,217,
NEW YORK,2018,216,
NEW YORK,2018,215,10.833333
NEW YORK,2018,214,10.833333
NEW YORK,2018,213,13.750000
NEW YORK,2018,212,12.166666
NEW YORK,2018,211,12.666666
NEW YORK,2018,210,
NEW YORK,2018,209,
NEW YORK,2018,208,16.000000
NEW YORK,2018,207,16.000000
NEW YORK,2018,206,16.000000
NEW YORK,2018,205,15.833333
NEW YORK,2018,204,12.000000
NEW YORK,2018,203,
NEW YORK,2018,202,
NEW YORK,2018,201,17.333333
NEW YORK,2018,200,16.428571
NEW YORK,2018,199,16.428571
NEW YORK,2018,198,16.428571
NEW YORK,2018,197,19.000000
NEW YORK,2018,196,
NEW YORK,2018,195,
NEW YORK,2018,194,26.000000
NEW YORK,2018,193,24.500000
NEW YORK,2018,192,24.500000
NEW YORK,2018,191,16.666666
NEW YORK,2018,190,16.666666
NEW YORK,2018,189,
NEW YORK,2018,188,
NEW YORK,2018,187,18.750000
NEW YORK,2018,186,18.750000
NEW YORK,2018,185,
NEW YORK,2018,184,20.000000
NEW YORK,2018,183,18.500000
NEW YORK,2018,182,
NEW YORK,2018,181,
NEW YORK,2018,180,17.000000
NEW YORK,2018,179,14.916666
NEW YORK,2018,178,14.916666
NEW YORK,2018,177,15.166666
NEW YORK,2018,176,15.166666
NEW YORK,2018,175,
NEW YORK,2018,174,
NEW YORK,2018,173,15.000000
NEW YORK,2018,172,15.000000
NEW YORK,2018,171,15.000000
NEW YORK,2018,170,17.000000
NEW YORK,2018,169,17.000000
NEW YORK,2018,168,
NEW YORK,2018,167,
NEW YORK,2018,166,18.000000
NEW YORK,2018,165,19.333333
NEW YORK,2018,164,19.333333
NEW YORK,2018,163,19.333333
NEW YORK,2018,162,19.333333
NEW YORK,2018,161,
NEW YORK,2018,160,
NEW YORK,2018,159,18.333333
NEW YORK,2018,158,19.000000
NEW YORK,2018,157,20.333333
NEW YORK,2018,156,18.250000
NEW YORK,2018,155,18.000000
NEW YORK,2018,154,
NEW YORK,2018,153,
NEW YORK,2018,152,13.666666
NEW YORK,2018,151,13.666666
NEW YORK,2018,150,13.666666
NEW YORK,2018,149,13.666666
NEW YORK,2018,148,
NEW YORK,2018,147,
NEW YORK,2018,146,
NEW YORK,2018,145,14.125000
NEW YORK,2018,144,14.125000
NEW YORK,2018,143,14.125000
NEW YORK,2018,142,14.625000
NEW YORK,2018,141,14.625000
NEW YORK,2018,140,
NEW YORK,2018,139,
NEW YORK,2018,138,12.500000
NEW YORK,2018,137,12.500000
NEW YORK,2018,136,12.500000
NEW YORK,2018,135,13.000000
NEW YORK,2018,134,13.000000
NEW YORK,2018,133,
NEW YORK,2018,132,
NEW YORK,2018,131,14.000000
NEW YORK,2018,130,13.400000
NEW YORK,2018,129,13.500000
NEW YORK,2018,128,14.333333
NEW YORK,2018,127,15.125000
NEW YORK,2018,126,
NEW YORK,2018,125,
NEW YORK,2018,124,15.875000
NEW YORK,2018,123,15.875000
NEW YORK,2018,122,15.875000
NEW YORK,2018,121,15.875000
NEW YORK,2018,120,15.875000
NEW YORK,2018,119,
NEW YORK,2018,118,
NEW YORK,2018,117,15.000000
NEW YORK,2018,116,14.800000
NEW YORK,2018,115,14.800000
NEW YORK,2018,114,15.500000
NEW YORK,2018,113,15.500000
NEW YORK,2018,112,
NEW YORK,2018,111,
NEW YORK,2018,110,14.400000
NEW YORK,2018,109,14.400000
NEW YORK,2018,108,16.600000
NEW YORK,2018,107,16.600000
NEW YORK,2018,106,18.666666
NEW YORK,2018,105,
NEW YORK,2018,104,
NEW YORK,2018,103,18.666666
NEW YORK,2018,102,17.500000
NEW YORK,2018,101,18.800000
NEW YORK,2018,100,17.833333
NEW YORK,2018,99,18.400000
NEW YORK,2018,98,
NEW YORK,2018,97,
NEW YORK,2018,96,19.000000
NEW YORK,2018,95,20.333333
NEW YORK,2018,94,19.400000
NEW YORK,2018,93,21.250000
NEW YORK,2018,92,
NEW YORK,2018,91,
NEW YORK,2018,90,
NEW YORK,2018,89,22.000000
NEW YORK,2018,88,18.125000
NEW YORK,2018,87,18.125000
NEW YORK,2018,86,18.125000
NEW YORK,2018,85,17.166666
NEW YORK,2018,84,
NEW YORK,2018,83,
NEW YORK,2018,82,17.166666
NEW YORK,2018,81,17.166666
NEW YORK,2018,80,17.166666
NEW YORK,2018,79,17.166666
NEW YORK,2018,78,16.000000
NEW YORK,2018,77,
NEW YORK,2018,76,
NEW YORK,2018,75,15.666666
NEW YORK,2018,74,18.500000
NEW YORK,2018,73,18.500000
NEW YORK,2018,72,18.500000
NEW YORK,2018,71,18.500000
NEW YORK,2018,70,
NEW YORK,2018,69,
NEW YORK,2018,68,
NEW YORK,2018,67,
NEW YORK,2018,66,
NEW YORK,2018,65,20.500000
NEW YORK,2018,64,20.500000
NEW YORK,2018,63,
NEW YORK,2018,62,
NEW YORK,2018,61,21.333333
NEW YORK,2018,60,20.000000
NEW YORK,2018,59,20.000000
NEW YORK,2018,58,20.000000
NEW YORK,2018,57,21.333333
NEW YORK,2018,56,
NEW YORK,2018,55,
NEW YORK,2018,54,21.333333
NEW YORK,2018,53,19.875000
NEW YORK,2018,52,15.375000
NEW YORK,2018,51,15.375000
NEW YORK,2018,50,
NEW YORK,2018,49,
NEW YORK,2018,48,
NEW YORK,2018,47,21.600000
NEW YORK,2018,46,22.625000
NEW YORK,2018,45,21.500000
NEW YORK,2018,44,26.625000
NEW YORK,2018,43,26.625000
NEW YORK,2018,42,
NEW YORK,2018,41,
NEW YORK,2018,40,31.000000
NEW YORK,2018,39,22.166666
NEW YORK,2018,38,22.166666
NEW YORK,2018,37,22.166666
NEW YORK,2018,36,22.000000
NEW YORK,2018,35,
NEW YORK,2018,34,
NEW YORK,2018,33,30.583333
NEW YORK,2018,32,30.583333
NEW YORK,2018,31,30.583333
NEW YORK,2018,30,31.166666
NEW YORK,2018,29,34.083333
NEW YORK,2018,28,
NEW YORK,2018,27,
NEW YORK,2018,26,37.666666
NEW YORK,2018,25,30.500000
NEW YORK,2018,24,31.500000
NEW YORK,2018,23,30.750000
NEW YORK,2018,22,30.750000
NEW YORK,2018,21,
NEW YORK,2018,20,
NEW YORK,2018,19,30.750000
NEW YORK,2018,18,32.000000
NEW YORK,2018,17,28.000000
NEW YORK,2018,16,28.333333
NEW YORK,2018,15,
NEW YORK,2018,14,
NEW YORK,2018,13,
NEW YORK,2018,12,25.562500
NEW YORK,2018,11,25.562500
NEW YORK,2018,10,27.050000
NEW YORK,2018,9,26.227272
NEW YORK,2018,8,26.409090
NEW YORK,2018,7,
NEW YORK,2018,6,
NEW YORK,2018,5,
NEW YORK,2018,4,24.400000
NEW YORK,2018,3,26.000000
NEW YORK,2018,2,25.000000
PHILADELPHIA,2018,366,
PHILADELPHIA,2018,365,
PHILADELPHIA,2018,364,
PHILADELPHIA,2018,363,
PHILADELPHIA,2018,362,
PHILADELPHIA,2018,361,
PHILADELPHIA,2018,360,15.333333
PHILADELPHIA,2018,359,
PHILADELPHIA,2018,358,
PHILADELPHIA,2018,357,
PHILADELPHIA,2018,356,
PHILADELPHIA,2018,355,15.500000
PHILADELPHIA,2018,354,15.500000
PHILADELPHIA,2018,353,15.500000
PHILADELPHIA,2018,352,15.500000
PHILADELPHIA,2018,351,15.500000
PHILADELPHIA,2018,350,
PHILADELPHIA,2018,349,
PHILADELPHIA,2018,348,17.000000
PHILADELPHIA,2018,347,17.000000
PHILADELPHIA,2018,346,17.000000
PHILADELPHIA,2018,345,17.000000
PHILADELPHIA,2018,344,17.000000
PHILADELPHIA,2018,343,
PHILADELPHIA,2018,342,
PHILADELPHIA,2018,341,20.000000
PHILADELPHIA,2018,340,20.000000
PHILADELPHIA,2018,339,22.000000
PHILADELPHIA,2018,338,
PHILADELPHIA,2018,337,22.000000
PHILADELPHIA,2018,336,
PHILADELPHIA,2018,335,
PHILADELPHIA,2018,334,
PHILADELPHIA,2018,333,
PHILADELPHIA,2018,332,
PHILADELPHIA,2018,331,
PHILADELPHIA,2018,330,
PHILADELPHIA,2018,329,
PHILADELPHIA,2018,328,
PHILADELPHIA,2018,327,
PHILADELPHIA,2018,326,
PHILADELPHIA,2018,325,
PHILADELPHIA,2018,324,
PHILADELPHIA,2018,323,
PHILADELPHIA,2018,322,
PHILADELPHIA,2018,321,
PHILADELPHIA,2018,320,28.000000
PHILADELPHIA,2018,319,28.000000
PHILADELPHIA,2018,318,28.000000
PHILADELPHIA,2018,317,28.000000
PHILADELPHIA,2018,316,
PHILADELPHIA,2018,315,
PHILADELPHIA,2018,314,
PHILADELPHIA,2018,313,
PHILADELPHIA,2018,312,
PHILADELPHIA,2018,311,
PHILADELPHIA,2018,310,
PHILADELPHIA,2018,309,
PHILADELPHIA,2018,308,
PHILADELPHIA,2018,307,
PHILADELPHIA,2018,306,
PHILADELPHIA,2018,305,
PHILADELPHIA,2018,304,
PHILADELPHIA,2018,303,
PHILADELPHIA,2018,302,
PHILADELPHIA,2018,301,
PHILADELPHIA,2018,300,
PHILADELPHIA,2018,299,
PHILADELPHIA,2018,298,
PHILADELPHIA,2018,297,
PHILADELPHIA,2018,296,
PHILADELPHIA,2018,295,
PHILADELPHIA,2018,294,
PHILADELPHIA,2018,293,
PHILADELPHIA,2018,292,
PHILADELPHIA,2018,291,
PHILADELPHIA,2018,290,
PHILADELPHIA,2018,289,
PHILADELPHIA,2018,288,
PHILADELPHIA,2018,287,
PHILADELPHIA,2018,286,
PHILADELPHIA,2018,285,14.400000
PHILADELPHIA,2018,284,14.400000
PHILADELPHIA,2018,283,14.400000
PHILADELPHIA,2018,282,14.200000
PHILADELPHIA,2018,281,
PHILADELPHIA,2018,280,
PHILADELPHIA,2018,279,
PHILADELPHIA,2018,278,13.500000
PHILADELPHIA,2018,277,11.200000
PHILADELPHIA,2018,276,11.200000
PHILADELPHIA,2018,275,11.500000
PHILADELPHIA,2018,274,11.500000
PHILADELPHIA,2018,273,
PHILADELPHIA,2018,272,
PHILADELPHIA,2018,271,11.500000
PHILADELPHIA,2018,270,11.500000
PHILADELPHIA,2018,269,11.500000
PHILADELPHIA,2018,268,11.500000
PHILADELPHIA,2018,267,11.000000
PHILADELPHIA,2018,266,
PHILADELPHIA,2018,265,
PHILADELPHIA,2018,264,11.000000
PHILADELPHIA,2018,263,11.000000
PHILADELPHIA,2018,262,11.000000
PHILADELPHIA,2018,261,11.000000
PHILADELPHIA,2018,260,13.500000
PHILADELPHIA,2018,259,
PHILADELPHIA,2018,258,
PHILADELPHIA,2018,257,13.500000
PHILADELPHIA,2018,256,13.500000
PHILADELPHIA,2018,255,13.500000
PHILADELPHIA,2018,254,13.500000
PHILADELPHIA,2018,253,13.500000
PHILADELPHIA,2018,252,
PHILADELPHIA,2018,251,
PHILADELPHIA,2018,250,14.000000
PHILADELPHIA,2018,249,14.000000
PHILADELPHIA,2018,248,12.750000
PHILADELPHIA,2018,247,12.750000
PHILADELPHIA,2018,246,
PHILADELPHIA,2018,245,
PHILADELPHIA,2018,244,
PHILADELPHIA,2018,243,12.750000
PHILADELPHIA,2018,242,12.750000
PHILADELPHIA,2018,241,12.750000
PHILADELPHIA,2018,240,12.750000
PHILADELPHIA,2018,239,12.750000
PHILADELPHIA,2018,238,
PHILADELPHIA,2018,237,
PHILADELPHIA,2018,236,12.750000
PHILADELPHIA,2018,235,12.750000
PHILADELPHIA,2018,234,12.750000
PHILADELPHIA,2018,233,12.750000
PHILADELPHIA,2018,232,12.750000
PHILADELPHIA,2018,231,
PHILADELPHIA,2018,230,
PHILADELPHIA,2018,229,12.750000
PHILADELPHIA,2018,228,12.750000
PHILADELPHIA,2018,227,12.750000
PHILADELPHIA,2018,226,12.750000
PHILADELPHIA,2018,225,12.875000
PHILADELPHIA,2018,224,
PHILADELPHIA,2018,223,
PHILADELPHIA,2018,222,12.875000
PHILADELPHIA,2018,221,12.875000
PHILADELPHIA,2018,220,12.875000
PHILADELPHIA,2018,219,13.750000
PHILADELPHIA,2018,218,13.625000
PHILADELPHIA,2018,217,
PHILADELPHIA,2018,216,
PHILADELPHIA,2018,215,14.125000
PHILADELPHIA,2018,214,14.125000
PHILADELPHIA,2018,213,14.125000
PHILADELPHIA,2018,212,14.833333
PHILADELPHIA,2018,211,14.833333
PHILADELPHIA,2018,210,
PHILADELPHIA,2018,209,
PHILADELPHIA,2018,208,15.333333
PHILADELPHIA,2018,207,15.333333
PHILADELPHIA,2018,206,15.333333
PHILADELPHIA,2018,205,15.333333
PHILADELPHIA,2018,204,15.333333
PHILADELPHIA,2018,203,
PHILADELPHIA,2018,202,
PHILADELPHIA,2018,201,16.500000
PHILADELPHIA,2018,200,16.000000
PHILADELPHIA,2018,199,16.000000
PHILADELPHIA,2018,198,16.000000
PHILADELPHIA,2018,197,18.000000
PHILADELPHIA,2018,196,
PHILADELPHIA,2018,195,
PHILADELPHIA,2018,194,18.000000
PHILADELPHIA,2018,193,17.000000
PHILADELPHIA,2018,192,17.000000
PHILADELPHIA,2018,191,17.000000
PHILADELPHIA,2018,190,17.000000
PHILADELPHIA,2018,189,
PHILADELPHIA,2018,188,
PHILADELPHIA,2018,187,14.000000
PHILADELPHIA,2018,186,14.000000
PHILADELPHIA,2018,185,
PHILADELPHIA,2018,184,14.000000
PHILADELPHIA,2018,183,14.000000
PHILADELPHIA,2018,182,
PHILADELPHIA,2018,181,
PHILADELPHIA,2018,180,14.000000
PHILADELPHIA,2018,179,14.000000
PHILADELPHIA,2018,178,14.000000
PHILADELPHIA,2018,177,14.000000
PHILADELPHIA,2018,176,14.000000
PHILADELPHIA,2018,175,
PHILADELPHIA,2018,174,
PHILADELPHIA,2018,173,14.750000
PHILADELPHIA,2018,172,14.750000
PHILADELPHIA,2018,171,14.750000
PHILADELPHIA,2018,170,16.500000
PHILADELPHIA,2018,169,
PHILADELPHIA,2018,168,
PHILADELPHIA,2018,167,
PHILADELPHIA,2018,166,
PHILADELPHIA,2018,165,
PHILADELPHIA,2018,164,
PHILADELPHIA,2018,163,
PHILADELPHIA,2018,162,12.500000
PHILADELPHIA,2018,161,
PHILADELPHIA,2018,160,
PHILADELPHIA,2018,159,12.500000
PHILADELPHIA,2018,158,12.500000
PHILADELPHIA,2018,157,12.500000
PHILADELPHIA,2018,156,11.750000
PHILADELPHIA,2018,155,11.750000
PHILADELPHIA,2018,154,
PHILADELPHIA,2018,153,
PHILADELPHIA,2018,152,11.750000
PHILADELPHIA,2018,151,11.750000
PHILADELPHIA,2018,150,11.750000
PHILADELPHIA,2018,149,11.750000
PHILADELPHIA,2018,148,
PHILADELPHIA,2018,147,
PHILADELPHIA,2018,146,
PHILADELPHIA,2018,145,13.500000
PHILADELPHIA,2018,144,13.500000
PHILADELPHIA,2018,143,13.500000
PHILADELPHIA,2018,142,12.500000
PHILADELPHIA,2018,141,12.500000
PHILADELPHIA,2018,140,
PHILADELPHIA,2018,139,
PHILADELPHIA,2018,138,12.500000
PHILADELPHIA,2018,137,12.500000
PHILADELPHIA,2018,136,12.500000
PHILADELPHIA,2018,135,12.500000
PHILADELPHIA,2018,134,12.500000
PHILADELPHIA,2018,133,
PHILADELPHIA,2018,132,
PHILADELPHIA,2018,131,12.500000
PHILADELPHIA,2018,130,12.500000
PHILADELPHIA,2018,129,12.500000
PHILADELPHIA,2018,128,12.500000
PHILADELPHIA,2018,127,13.900000
PHILADELPHIA,2018,126,
PHILADELPHIA,2018,125,
PHILADELPHIA,2018,124,13.916666
PHILADELPHIA,2018,123,13.916666
PHILADELPHIA,2018,122,13.916666
PHILADELPHIA,2018,121,13.916666
PHILADELPHIA,2018,120,14.666666
PHILADELPHIA,2018,119,
PHILADELPHIA,2018,118,
PHILADELPHIA,2018,117,14.625000
PHILADELPHIA,2018,116,14.625000
PHILADELPHIA,2018,115,14.875000
PHILADELPHIA,2018,114,16.100000
PHILADELPHIA,2018,113,15.000000
PHILADELPHIA,2018,112,
PHILADELPHIA,2018,111,
PHILADELPHIA,2018,110,17.333333
PHILADELPHIA,2018,109,17.333333
PHILADELPHIA,2018,108,16.000000
PHILADELPHIA,2018,107,16.000000
PHILADELPHIA,2018,106,16.000000
PHILADELPHIA,2018,105,
PHILADELPHIA,2018,104,
PHILADELPHIA,2018,103,16.666666
PHILADELPHIA,2018,102,16.666666
PHILADELPHIA,2018,101,16.666666
PHILADELPHIA,2018,100,16.666666
PHILADELPHIA,2018,99,16.666666
PHILADELPHIA,2018,98,
PHILADELPHIA,2018,97,
PHILADELPHIA,2018,96,15.800000
PHILADELPHIA,2018,95,15.800000
PHILADELPHIA,2018,94,16.625000
PHILADELPHIA,2018,93,16.625000
PHILADELPHIA,2018,92,
PHILADELPHIA,2018,91,
PHILADELPHIA,2018,90,
PHILADELPHIA,2018,89,18.071428
PHILADELPHIA,2018,88,18.071428
PHILADELPHIA,2018,87,18.071428
PHILADELPHIA,2018,86,18.071428
PHILADELPHIA,2018,85,17.000000
PHILADELPHIA,2018,84,
PHILADELPHIA,2018,83,
PHILADELPHIA,2018,82,18.750000
PHILADELPHIA,2018,81,18.750000
PHILADELPHIA,2018,80,
PHILADELPHIA,2018,79,17.250000
PHILADELPHIA,2018,78,16.250000
PHILADELPHIA,2018,77,
PHILADELPHIA,2018,76,
PHILADELPHIA,2018,75,15.800000
PHILADELPHIA,2018,74,15.800000
PHILADELPHIA,2018,73,15.800000
PHILADELPHIA,2018,72,15.800000
PHILADELPHIA,2018,71,15.800000
PHILADELPHIA,2018,70,
PHILADELPHIA,2018,69,
PHILADELPHIA,2018,68,
PHILADELPHIA,2018,67,
PHILADELPHIA,2018,66,
PHILADELPHIA,2018,65,19.214285
PHILADELPHIA,2018,64,19.214285
PHILADELPHIA,2018,63,
PHILADELPHIA,2018,62,
PHILADELPHIA,2018,61,14.666666
PHILADELPHIA,2018,60,14.666666
PHILADELPHIA,2018,59,14.666666
PHILADELPHIA,2018,58,14.666666
PHILADELPHIA,2018,57,14.666666
PHILADELPHIA,2018,56,
PHILADELPHIA,2018,55,
PHILADELPHIA,2018,54,22.750000
PHILADELPHIA,2018,53,23.583333
PHILADELPHIA,2018,52,23.583333
PHILADELPHIA,2018,51,23.583333
PHILADELPHIA,2018,50,
PHILADELPHIA,2018,49,
PHILADELPHIA,2018,48,
PHILADELPHIA,2018,47,24.000000
PHILADELPHIA,2018,46,24.000000
PHILADELPHIA,2018,45,24.000000
PHILADELPHIA,2018,44,26.400000
PHILADELPHIA,2018,43,26.400000
PHILADELPHIA,2018,42,
PHILADELPHIA,2018,41,
PHILADELPHIA,2018,40,28.400000
PHILADELPHIA,2018,39,28.000000
PHILADELPHIA,2018,38,27.625000
PHILADELPHIA,2018,37,27.875000
PHILADELPHIA,2018,36,27.875000
PHILADELPHIA,2018,35,
PHILADELPHIA,2018,34,
PHILADELPHIA,2018,33,34.000000
PHILADELPHIA,2018,32,34.000000
PHILADELPHIA,2018,31,34.000000
PHILADELPHIA,2018,30,38.000000
PHILADELPHIA,2018,29,38.000000
PHILADELPHIA,2018,28,
PHILADELPHIA,2018,27,
PHILADELPHIA,2018,26,38.000000
PHILADELPHIA,2018,25,38.000000
PHILADELPHIA,2018,24,
PHILADELPHIA,2018,23,
PHILADELPHIA,2018,22,
PHILADELPHIA,2018,21,
PHILADELPHIA,2018,20,
PHILADELPHIA,2018,19,30.000000
PHILADELPHIA,2018,18,30.000000
PHILADELPHIA,2018,17,36.000000
PHILADELPHIA,2018,16,26.000000
PHILADELPHIA,2018,15,
PHILADELPHIA,2018,14,
PHILADELPHIA,2018,13,
PHILADELPHIA,2018,12,22.000000
PHILADELPHIA,2018,11,22.000000
PHILADELPHIA,2018,10,22.000000
PHILADELPHIA,2018,9,22.000000
PHILADELPHIA,2018,8,
PHILADELPHIA,2018,7,
PHILADELPHIA,2018,6,
PHILADELPHIA,2018,5,19.333333
PHILADELPHIA,2018,4,19.333333
PHILADELPHIA,2018,3,19.333333
PHILADELPHIA,2018,2,19.333333
