CityName,Year,Day,Price
BOSTON,2024,366,
BOSTON,2024,365,
BOSTON,2024,364,
BOSTON,2024,363,
BOSTON,2024,362,
BOSTON,2024,361,
BOSTON,2024,360,
BOSTON,2024,359,
BOSTON,2024,358,
BOSTON,2024,357,
BOSTON,2024,356,
BOSTON,2024,355,
BOSTON,2024,354,
BOSTON,2024,353,
BOSTON,2024,352,
BOSTON,2024,351,
BOSTON,2024,350,
BOSTON,2024,349,
BOSTON,2024,348,
BOSTON,2024,347,
BOSTON,2024,346,
BOSTON,2024,345,
BOSTON,2024,344,
BOSTON,2024,343,
BOSTON,2024,342,
BOSTON,2024,341,
BOSTON,2024,340,
BOSTON,2024,339,
BOSTON,2024,338,
BOSTON,2024,337,
BOSTON,2024,336,
BOSTON,2024,335,
BOSTON,2024,334,
BOSTON,2024,333,
BOSTON,2024,332,
BOSTON,2024,331,
BOSTON,2024,330,
BOSTON,2024,329,
BOSTON,2024,328,
BOSTON,2024,327,
BOSTON,2024,326,
BOSTON,2024,325,
BOSTON,2024,324,
BOSTON,2024,323,
BOSTON,2024,322,
BOSTON,2024,321,
BOSTON,2024,320,
BOSTON,2024,319,
BOSTON,2024,318,
BOSTON,2024,317,
BOSTON,2024,316,
BOSTON,2024,315,
BOSTON,2024,314,
BOSTON,2024,313,
BOSTON,2024,312,
BOSTON,2024,311,
BOSTON,2024,310,
BOSTON,2024,309,
BOSTON,2024,308,
BOSTON,2024,307,
BOSTON,2024,306,
BOSTON,2024,305,
BOSTON,2024,304,
BOSTON,2024,303,
BOSTON,2024,302,
BOSTON,2024,301,
BOSTON,2024,300,
BOSTON,2024,299,
BOSTON,2024,298,
BOSTON,2024,297,
BOSTON,2024,296,
BOSTON,2024,295,
BOSTON,2024,294,
BOSTON,2024,293,
BOSTON,2024,292,
BOSTON,2024,291,
BOSTON,2024,290,
BOSTON,2024,289,
BOSTON,2024,288,
BOSTON,2024,287,
BOSTON,2024,286,
BOSTON,2024,285,
BOSTON,2024,284,
BOSTON,2024,283,
BOSTON,2024,282,
BOSTON,2024,281,
BOSTON,2024,280,
BOSTON,2024,279,
BOSTON,2024,278,
BOSTON,2024,277,
BOSTON,2024,276,
BOSTON,2024,275,
BOSTON,2024,274,36.000000
BOSTON,2024,273,
BOSTON,2024,272,
BOSTON,2024,271,36.000000
BOSTON,2024,270,36.000000
BOSTON,2024,269,45.500000
BOSTON,2024,268,45.500000
BOSTON,2024,267,45.500000
BOSTON,2024,266,
BOSTON,2024,265,
BOSTON,2024,264,45.500000
BOSTON,2024,263,45.500000
BOSTON,2024,262,45.500000
BOSTON,2024,261,45.500000
BOSTON,2024,260,45.500000
BOSTON,2024,259,
BOSTON,2024,258,
BOSTON,2024,257,45.500000
BOSTON,2024,256,45.500000
BOSTON,2024,255,45.500000
BOSTON,2024,254,45.500000
BOSTON,2024,253,45.500000
BOSTON,2024,252,
BOSTON,2024,251,
BOSTON,2024,250,45.500000
BOSTON,2024,249,45.500000
BOSTON,2024,248,45.500000
BOSTON,2024,247,45.500000
BOSTON,2024,246,
BOSTON,2024,245,
BOSTON,2024,244,
BOSTON,2024,243,45.500000
BOSTON,2024,242,45.500000
BOSTON,2024,241,45.500000
BOSTON,2024,240,45.500000
BOSTON,2024,239,45.500000
BOSTON,2024,238,
BOSTON,2024,237,
BOSTON,2024,236,45.500000
BOSTON,2024,235,45.500000
BOSTON,2024,234,45.500000
BOSTON,2024,233,35.500000
BOSTON,2024,232,35.500000
BOSTON,2024,231,
BOSTON,2024,230,
BOSTON,2024,229,35.500000
BOSTON,2024,228,35.500000
BOSTON,2024,227,35.500000
BOSTON,2024,226,35.500000
BOSTON,2024,225,35.500000
BOSTON,2024,224,
BOSTON,2024,223,
BOSTON,2024,222,35.500000
BOSTON,2024,221,35.500000
BOSTON,2024,220,35.500000
BOSTON,2024,219,35.500000
BOSTON,2024,218,35.500000
BOSTON,2024,217,
BOSTON,2024,216,
BOSTON,2024,215,35.500000
BOSTON,2024,214,35.500000
BOSTON,2024,213,35.500000
BOSTON,2024,212,35.500000
BOSTON,2024,211,35.500000
BOSTON,2024,210,
BOSTON,2024,209,
BOSTON,2024,208,35.500000
BOSTON,2024,207,35.500000
BOSTON,2024,206,35.500000
BOSTON,2024,205,35.500000
BOSTON,2024,204,35.500000
BOSTON,2024,203,
BOSTON,2024,202,
BOSTON,2024,201,35.500000
BOSTON,2024,200,35.500000
BOSTON,2024,199,35.500000
BOSTON,2024,198,35.500000
BOSTON,2024,197,
BOSTON,2024,196,
BOSTON,2024,195,
BOSTON,2024,194,35.500000
BOSTON,2024,193,35.500000
BOSTON,2024,192,35.500000
BOSTON,2024,191,35.500000
BOSTON,2024,190,35.000000
BOSTON,2024,189,
BOSTON,2024,188,
BOSTON,2024,187,35.000000
BOSTON,2024,186,
BOSTON,2024,185,35.000000
BOSTON,2024,184,35.000000
BOSTON,2024,183,35.000000
BOSTON,2024,182,
BOSTON,2024,181,
BOSTON,2024,180,35.000000
BOSTON,2024,179,35.000000
BOSTON,2024,178,35.000000
BOSTON,2024,177,35.000000
BOSTON,2024,176,35.000000
BOSTON,2024,175,
BOSTON,2024,174,
BOSTON,2024,173,35.000000
BOSTON,2024,172,35.000000
BOSTON,2024,171,
BOSTON,2024,170,35.000000
BOSTON,2024,169,35.000000
BOSTON,2024,168,
BOSTON,2024,167,
BOSTON,2024,166,35.000000
BOSTON,2024,165,35.000000
BOSTON,2024,164,35.000000
BOSTON,2024,163,35.000000
BOSTON,2024,162,35.000000
BOSTON,2024,161,
BOSTON,2024,160,
BOSTON,2024,159,35.000000
BOSTON,2024,158,35.000000
BOSTON,2024,157,35.000000
BOSTON,2024,156,35.000000
BOSTON,2024,155,35.000000
BOSTON,2024,154,
BOSTON,2024,153,
BOSTON,2024,152,34.000000
BOSTON,2024,151,34.000000
BOSTON,2024,150,34.000000
BOSTON,2024,149,34.000000
BOSTON,2024,148,
BOSTON,2024,147,
BOSTON,2024,146,
BOSTON,2024,145,34.000000
BOSTON,2024,144,34.000000
BOSTON,2024,143,34.000000
BOSTON,2024,142,34.000000
BOSTON,2024,141,34.000000
BOSTON,2024,140,
BOSTON,2024,139,
BOSTON,2024,138,34.000000
BOSTON,2024,137,34.000000
BOSTON,2024,136,34.000000
BOSTON,2024,135,34.000000
BOSTON,2024,134,34.000000
BOSTON,2024,133,
BOSTON,2024,132,
BOSTON,2024,131,34.000000
BOSTON,2024,130,34.000000
BOSTON,2024,129,34.000000
BOSTON,2024,128,34.000000
BOSTON,2024,127,34.000000
BOSTON,2024,126,
BOSTON,2024,125,
BOSTON,2024,124,34.000000
BOSTON,2024,123,34.000000
BOSTON,2024,122,34.000000
BOSTON,2024,121,34.000000
BOSTON,2024,120,34.000000
BOSTON,2024,119,
BOSTON,2024,118,
BOSTON,2024,117,34.000000
BOSTON,2024,116,34.000000
BOSTON,2024,115,34.000000
BOSTON,2024,114,34.000000
BOSTON,2024,113,34.000000
BOSTON,2024,112,
BOSTON,2024,111,
BOSTON,2024,110,34.000000
BOSTON,2024,109,34.000000
BOSTON,2024,108,34.000000
BOSTON,2024,107,34.000000
BOSTON,2024,106,34.000000
BOSTON,2024,105,
BOSTON,2024,104,
BOSTON,2024,103,34.000000
BOSTON,2024,102,34.000000
BOSTON,2024,101,34.000000
BOSTON,2024,100,34.000000
BOSTON,2024,99,34.000000
BOSTON,2024,98,
BOSTON,2024,97,
BOSTON,2024,96,34.000000
BOSTON,2024,95,34.000000
BOSTON,2024,94,34.000000
BOSTON,2024,93,34.000000
BOSTON,2024,92,34.000000
BOSTON,2024,91,
BOSTON,2024,90,
BOSTON,2024,89,34.000000
BOSTON,2024,88,34.000000
BOSTON,2024,87,34.000000
BOSTON,2024,86,34.000000
BOSTON,2024,85,34.000000
BOSTON,2024,84,
BOSTON,2024,83,
BOSTON,2024,82,34.000000
BOSTON,2024,81,34.000000
BOSTON,2024,80,34.000000
BOSTON,2024,79,34.000000
BOSTON,2024,78,34.000000
BOSTON,2024,77,
BOSTON,2024,76,
BOSTON,2024,75,34.000000
BOSTON,2024,74,34.000000
BOSTON,2024,73,34.000000
BOSTON,2024,72,34.000000
BOSTON,2024,71,34.000000
BOSTON,2024,70,
BOSTON,2024,69,
BOSTON,2024,68,34.000000
BOSTON,2024,67,34.000000
BOSTON,2024,66,34.000000
BOSTON,2024,65,34.000000
BOSTON,2024,64,34.000000
BOSTON,2024,63,
BOSTON,2024,62,
BOSTON,2024,61,34.000000
BOSTON,2024,60,34.000000
BOSTON,2024,59,34.000000
BOSTON,2024,58,34.000000
BOSTON,2024,57,34.000000
BOSTON,2024,56,
BOSTON,2024,55,
BOSTON,2024,54,34.000000
BOSTON,2024,53,34.000000
BOSTON,2024,52,34.000000
BOSTON,2024,51,34.000000
BOSTON,2024,50,
BOSTON,2024,49,
BOSTON,2024,48,
BOSTON,2024,47,34.000000
BOSTON,2024,46,34.000000
BOSTON,2024,45,34.000000
BOSTON,2024,44,34.000000
BOSTON,2024,43,34.000000
BOSTON,2024,42,
BOSTON,2024,41,
BOSTON,2024,40,34.000000
BOSTON,2024,39,34.000000
BOSTON,2024,38,34.000000
BOSTON,2024,37,34.000000
BOSTON,2024,36,34.000000
BOSTON,2024,35,
BOSTON,2024,34,
BOSTON,2024,33,34.000000
BOSTON,2024,32,34.000000
BOSTON,2024,31,34.000000
BOSTON,2024,30,34.000000
BOSTON,2024,29,34.000000
BOSTON,2024,28,
BOSTON,2024,27,
BOSTON,2024,26,34.000000
BOSTON,2024,25,34.000000
BOSTON,2024,24,34.000000
BOSTON,2024,23,34.000000
BOSTON,2024,22,34.000000
BOSTON,2024,21,
BOSTON,2024,20,
BOSTON,2024,19,34.000000
BOSTON,2024,18,34.000000
BOSTON,2024,17,34.000000
BOSTON,2024,16,34.000000
BOSTON,2024,15,
BOSTON,2024,14,
BOSTON,2024,13,
BOSTON,2024,12,34.000000
BOSTON,2024,11,34.000000
BOSTON,2024,10,34.000000
BOSTON,2024,9,34.000000
BOSTON,2024,8,34.000000
BOSTON,2024,7,
BOSTON,2024,6,
BOSTON,2024,5,34.000000
BOSTON,2024,4,34.000000
BOSTON,2024,3,34.000000
BOSTON,2024,2,34.000000
CHICAGO,2024,366,
CHICAGO,2024,365,
CHICAGO,2024,364,
CHICAGO,2024,363,
CHICAGO,2024,362,
CHICAGO,2024,361,
CHICAGO,2024,360,
CHICAGO,2024,359,
CHICAGO,2024,358,
CHICAGO,2024,357,
CHICAGO,2024,356,
CHICAGO,2024,355,
CHICAGO,2024,354,
CHICAGO,2024,353,
CHICAGO,2024,352,
CHICAGO,2024,351,
CHICAGO,2024,350,
CHICAGO,2024,349,
CHICAGO,2024,348,
CHICAGO,2024,347,
CHICAGO,2024,346,
CHICAGO,2024,345,
CHICAGO,2024,344,
CHICAGO,2024,343,
CHICAGO,2024,342,
CHICAGO,2024,341,
CHICAGO,2024,340,
CHICAGO,2024,339,
CHICAGO,2024,338,
CHICAGO,2024,337,
CHICAGO,2024,336,
CHICAGO,2024,335,
CHICAGO,2024,334,
CHICAGO,2024,333,
CHICAGO,2024,332,
CHICAGO,2024,331,
CHICAGO,2024,330,
CHICAGO,2024,329,
CHICAGO,2024,328,
CHICAGO,2024,327,
CHICAGO,2024,326,
CHICAGO,2024,325,
CHICAGO,2024,324,
CHICAGO,2024,323,
CHICAGO,2024,322,
CHICAGO,2024,321,
CHICAGO,2024,320,
CHICAGO,2024,319,
CHICAGO,2024,318,
CHICAGO,2024,317,
CHICAGO,2024,316,
CHICAGO,2024,315,
CHICAGO,2024,314,
CHICAGO,2024,313,
CHICAGO,2024,312,
CHICAGO,2024,311,
CHICAGO,2024,310,
CHICAGO,2024,309,
CHICAGO,2024,308,
CHICAGO,2024,307,
CHICAGO,2024,306,
CHICAGO,2024,305,
CHICAGO,2024,304,
CHICAGO,2024,303,
CHICAGO,2024,302,
CHICAGO,2024,301,
CHICAGO,2024,300,
CHICAGO,2024,299,
CHICAGO,2024,298,
CHICAGO,2024,297,
CHICAGO,2024,296,
CHICAGO,2024,295,
CHICAGO,2024,294,
CHICAGO,2024,293,
CHICAGO,2024,292,
CHICAGO,2024,291,
CHICAGO,2024,290,
CHICAGO,2024,289,
CHICAGO,2024,288,
CHICAGO,2024,287,
CHICAGO,2024,286,
CHICAGO,2024,285,
CHICAGO,2024,284,
CHICAGO,2024,283,
CHICAGO,2024,282,
CHICAGO,2024,281,
CHICAGO,2024,280,
CHICAGO,2024,279,
CHICAGO,2024,278,
CHICAGO,2024,277,
CHICAGO,2024,276,
CHICAGO,2024,275,
CHICAGO,2024,274,36.000000
CHICAGO,2024,273,
CHICAGO,2024,272,
CHICAGO,2024,271,36.000000
CHICAGO,2024,270,36.000000
CHICAGO,2024,269,36.000000
CHICAGO,2024,268,36.000000
CHICAGO,2024,267,
CHICAGO,2024,266,
CHICAGO,2024,265,
CHICAGO,2024,264,36.000000
CHICAGO,2024,263,36.000000
CHICAGO,2024,262,36.000000
CHICAGO,2024,261,36.000000
CHICAGO,2024,260,36.000000
CHICAGO,2024,259,
CHICAGO,2024,258,
CHICAGO,2024,257,36.000000
CHICAGO,2024,256,36.000000
CHICAGO,2024,255,36.000000
CHICAGO,2024,254,36.000000
CHICAGO,2024,253,36.000000
CHICAGO,2024,252,
CHICAGO,2024,251,
CHICAGO,2024,250,36.000000
CHICAGO,2024,249,45.000000
CHICAGO,2024,248,45.000000
CHICAGO,2024,247,45.000000
CHICAGO,2024,246,
CHICAGO,2024,245,
CHICAGO,2024,244,
CHICAGO,2024,243,45.000000
CHICAGO,2024,242,45.000000
CHICAGO,2024,241,45.000000
CHICAGO,2024,240,45.000000
CHICAGO,2024,239,45.000000
CHICAGO,2024,238,
CHICAGO,2024,237,
CHICAGO,2024,236,45.000000
CHICAGO,2024,235,45.000000
CHICAGO,2024,234,45.000000
CHICAGO,2024,233,45.000000
CHICAGO,2024,232,45.000000
CHICAGO,2024,231,
CHICAGO,2024,230,
CHICAGO,2024,229,45.000000
CHICAGO,2024,228,45.000000
CHICAGO,2024,227,45.000000
CHICAGO,2024,226,45.000000
CHICAGO,2024,225,45.000000
CHICAGO,2024,224,
CHICAGO,2024,223,
CHICAGO,2024,222,45.000000
CHICAGO,2024,221,70.000000
CHICAGO,2024,220,70.000000
CHICAGO,2024,219,70.000000
CHICAGO,2024,218,70.000000
CHICAGO,2024,217,
CHICAGO,2024,216,
CHICAGO,2024,215,70.000000
CHICAGO,2024,214,70.000000
CHICAGO,2024,213,70.000000
CHICAGO,2024,212,70.000000
CHICAGO,2024,211,70.000000
CHICAGO,2024,210,
CHICAGO,2024,209,
CHICAGO,2024,208,70.000000
CHICAGO,2024,207,70.000000
CHICAGO,2024,206,70.000000
CHICAGO,2024,205,70.000000
CHICAGO,2024,204,70.000000
CHICAGO,2024,203,
CHICAGO,2024,202,
CHICAGO,2024,201,70.000000
CHICAGO,2024,200,70.000000
CHICAGO,2024,199,70.000000
CHICAGO,2024,198,70.000000
CHICAGO,2024,197,70.000000
CHICAGO,2024,196,
CHICAGO,2024,195,
CHICAGO,2024,194,70.000000
CHICAGO,2024,193,70.000000
CHICAGO,2024,192,70.000000
CHICAGO,2024,191,70.000000
CHICAGO,2024,190,70.000000
CHICAGO,2024,189,
CHICAGO,2024,188,
CHICAGO,2024,187,55.000000
CHICAGO,2024,186,
CHICAGO,2024,185,41.500000
CHICAGO,2024,184,41.500000
CHICAGO,2024,183,41.500000
CHICAGO,2024,182,
CHICAGO,2024,181,
CHICAGO,2024,180,41.500000
CHICAGO,2024,179,41.500000
CHICAGO,2024,178,41.500000
CHICAGO,2024,177,41.500000
CHICAGO,2024,176,41.500000
CHICAGO,2024,175,
CHICAGO,2024,174,
CHICAGO,2024,173,41.500000
CHICAGO,2024,172,43.500000
CHICAGO,2024,171,
CHICAGO,2024,170,43.500000
CHICAGO,2024,169,43.500000
CHICAGO,2024,168,
CHICAGO,2024,167,
CHICAGO,2024,166,43.500000
CHICAGO,2024,165,43.500000
CHICAGO,2024,164,43.500000
CHICAGO,2024,163,43.500000
CHICAGO,2024,162,43.500000
CHICAGO,2024,161,
CHICAGO,2024,160,
CHICAGO,2024,159,43.500000
CHICAGO,2024,158,28.000000
CHICAGO,2024,157,28.000000
CHICAGO,2024,156,28.000000
CHICAGO,2024,155,28.000000
CHICAGO,2024,154,
CHICAGO,2024,153,
CHICAGO,2024,152,28.000000
CHICAGO,2024,151,28.000000
CHICAGO,2024,150,28.000000
CHICAGO,2024,149,28.000000
CHICAGO,2024,148,
CHICAGO,2024,147,
CHICAGO,2024,146,
CHICAGO,2024,145,28.000000
CHICAGO,2024,144,28.000000
CHICAGO,2024,143,28.000000
CHICAGO,2024,142,28.000000
CHICAGO,2024,141,28.000000
CHICAGO,2024,140,
CHICAGO,2024,139,
CHICAGO,2024,138,28.000000
CHICAGO,2024,137,28.000000
CHICAGO,2024,136,28.000000
CHICAGO,2024,135,28.000000
CHICAGO,2024,134,28.000000
CHICAGO,2024,133,
CHICAGO,2024,132,
CHICAGO,2024,131,28.000000
CHICAGO,2024,130,28.000000
CHICAGO,2024,129,28.000000
CHICAGO,2024,128,28.000000
CHICAGO,2024,127,28.000000
CHICAGO,2024,126,
CHICAGO,2024,125,
CHICAGO,2024,124,28.000000
CHICAGO,2024,123,28.000000
CHICAGO,2024,122,28.000000
CHICAGO,2024,121,28.000000
CHICAGO,2024,120,28.000000
CHICAGO,2024,119,
CHICAGO,2024,118,
CHICAGO,2024,117,28.000000
CHICAGO,2024,116,28.000000
CHICAGO,2024,115,28.000000
CHICAGO,2024,114,28.000000
CHICAGO,2024,113,28.000000
CHICAGO,2024,112,
CHICAGO,2024,111,
CHICAGO,2024,110,28.000000
CHICAGO,2024,109,28.000000
CHICAGO,2024,108,28.000000
CHICAGO,2024,107,28.000000
CHICAGO,2024,106,28.000000
CHICAGO,2024,105,
CHICAGO,2024,104,
CHICAGO,2024,103,28.000000
CHICAGO,2024,102,28.000000
CHICAGO,2024,101,28.000000
CHICAGO,2024,100,28.000000
CHICAGO,2024,99,28.000000
CHICAGO,2024,98,
CHICAGO,2024,97,
CHICAGO,2024,96,28.000000
CHICAGO,2024,95,
CHICAGO,2024,94,28.000000
CHICAGO,2024,93,28.000000
CHICAGO,2024,92,28.000000
CHICAGO,2024,91,
CHICAGO,2024,90,
CHICAGO,2024,89,28.000000
CHICAGO,2024,88,28.000000
CHICAGO,2024,87,28.000000
CHICAGO,2024,86,28.000000
CHICAGO,2024,85,28.000000
CHICAGO,2024,84,
CHICAGO,2024,83,
CHICAGO,2024,82,28.000000
CHICAGO,2024,81,28.000000
CHICAGO,2024,80,28.000000
CHICAGO,2024,79,28.000000
CHICAGO,2024,78,28.000000
CHICAGO,2024,77,
CHICAGO,2024,76,
CHICAGO,2024,75,28.000000
CHICAGO,2024,74,28.000000
CHICAGO,2024,73,28.000000
CHICAGO,2024,72,40.000000
CHICAGO,2024,71,40.000000
CHICAGO,2024,70,
CHICAGO,2024,69,
CHICAGO,2024,68,40.000000
CHICAGO,2024,67,40.000000
CHICAGO,2024,66,40.000000
CHICAGO,2024,65,40.000000
CHICAGO,2024,64,40.000000
CHICAGO,2024,63,
CHICAGO,2024,62,
CHICAGO,2024,61,40.000000
CHICAGO,2024,60,40.000000
CHICAGO,2024,59,40.000000
CHICAGO,2024,58,40.000000
CHICAGO,2024,57,40.000000
CHICAGO,2024,56,
CHICAGO,2024,55,
CHICAGO,2024,54,40.000000
CHICAGO,2024,53,40.000000
CHICAGO,2024,52,40.000000
CHICAGO,2024,51,40.000000
CHICAGO,2024,50,
CHICAGO,2024,49,
CHICAGO,2024,48,
CHICAGO,2024,47,40.000000
CHICAGO,2024,46,40.000000
CHICAGO,2024,45,40.000000
CHICAGO,2024,44,40.000000
CHICAGO,2024,43,40.000000
CHICAGO,2024,42,
CHICAGO,2024,41,
CHICAGO,2024,40,40.000000
CHICAGO,2024,39,40.000000
CHICAGO,2024,38,40.000000
CHICAGO,2024,37,40.000000
CHICAGO,2024,36,40.000000
CHICAGO,2024,35,
CHICAGO,2024,34,
CHICAGO,2024,33,40.000000
CHICAGO,2024,32,40.000000
CHICAGO,2024,31,
CHICAGO,2024,30,40.000000
CHICAGO,2024,29,40.000000
CHICAGO,2024,28,
CHICAGO,2024,27,
CHICAGO,2024,26,40.000000
CHICAGO,2024,25,40.000000
CHICAGO,2024,24,22.000000
CHICAGO,2024,23,22.000000
CHICAGO,2024,22,22.000000
CHICAGO,2024,21,
CHICAGO,2024,20,
CHICAGO,2024,19,22.000000
CHICAGO,2024,18,22.000000
CHICAGO,2024,17,22.000000
CHICAGO,2024,16,22.000000
CHICAGO,2024,15,
CHICAGO,2024,14,
CHICAGO,2024,13,
CHICAGO,2024,12,22.000000
CHICAGO,2024,11,22.000000
CHICAGO,2024,10,22.000000
CHICAGO,2024,9,22.000000
CHICAGO,2024,8,22.000000
CHICAGO,2024,7,
CHICAGO,2024,6,
CHICAGO,2024,5,22.000000
CHICAGO,2024,4,22.000000
CHICAGO,2024,3,22.000000
CHICAGO,2024,2,22.000000
LOS ANGELES,2024,366,
LOS ANGELES,2024,365,
LOS ANGELES,2024,364,
LOS ANGELES,2024,363,
LOS ANGELES,2024,362,
LOS ANGELES,2024,361,
LOS ANGELES,2024,360,
LOS ANGELES,2024,359,
LOS ANGELES,2024,358,
LOS ANGELES,2024,357,
LOS ANGELES,2024,356,
LOS ANGELES,2024,355,
LOS ANGELES,2024,354,
LOS ANGELES,2024,353,
LOS ANGELES,2024,352,
LOS ANGELES,2024,351,
LOS ANGELES,2024,350,
LOS ANGELES,2024,349,
LOS ANGELES,2024,348,
LOS ANGELES,2024,347,
LOS ANGELES,2024,346,
LOS ANGELES,2024,345,
LOS ANGELES,2024,344,
LOS ANGELES,2024,343,
LOS ANGELES,2024,342,
LOS ANGELES,2024,341,
LOS ANGELES,2024,340,
LOS ANGELES,2024,339,
LOS ANGELES,2024,338,
LOS ANGELES,2024,337,
LOS ANGELES,2024,336,
LOS ANGELES,2024,335,
LOS ANGELES,2024,334,
LOS ANGELES,2024,333,
LOS ANGELES,2024,332,
LOS ANGELES,2024,331,
LOS ANGELES,2024,330,
LOS ANGELES,2024,329,
LOS ANGELES,2024,328,
LOS ANGELES,2024,327,
LOS ANGELES,2024,326,
LOS ANGELES,2024,325,
LOS ANGELES,2024,324,
LOS ANGELES,2024,323,
LOS ANGELES,2024,322,
LOS ANGELES,2024,321,
LOS ANGELES,2024,320,
LOS ANGELES,2024,319,
LOS ANGELES,2024,318,
LOS ANGELES,2024,317,
LOS ANGELES,2024,316,
LOS ANGELES,2024,315,
LOS ANGELES,2024,314,
LOS ANGELES,2024,313,
LOS ANGELES,2024,312,
LOS ANGELES,2024,311,
LOS ANGELES,2024,310,
LOS ANGELES,2024,309,
LOS ANGELES,2024,308,
LOS ANGELES,2024,307,
LOS ANGELES,2024,306,
LOS ANGELES,2024,305,
LOS ANGELES,2024,304,
LOS ANGELES,2024,303,
LOS ANGELES,2024,302,
LOS ANGELES,2024,301,
LOS ANGELES,2024,300,
LOS ANGELES,2024,299,
LOS ANGELES,2024,298,
LOS ANGELES,2024,297,
LOS ANGELES,2024,296,
LOS ANGELES,2024,295,
LOS ANGELES,2024,294,
LOS ANGELES,2024,293,
LOS ANGELES,2024,292,
LOS ANGELES,2024,291,
LOS ANGELES,2024,290,
LOS ANGELES,2024,289,
LOS ANGELES,2024,288,
LOS ANGELES,2024,287,
LOS ANGELES,2024,286,
LOS ANGELES,2024,285,
LOS ANGELES,2024,284,
LOS ANGELES,2024,283,
LOS ANGELES,2024,282,
LOS ANGELES,2024,281,
LOS ANGELES,2024,280,
LOS ANGELES,2024,279,
LOS ANGELES,2024,278,
LOS ANGELES,2024,277,
LOS ANGELES,2024,276,
LOS ANGELES,2024,275,
LOS ANGELES,2024,274,72.500000
LOS ANGELES,2024,273,
LOS ANGELES,2024,272,
LOS ANGELES,2024,271,72.500000
LOS ANGELES,2024,270,72.500000
LOS ANGELES,2024,269,72.500000
LOS ANGELES,2024,268,72.500000
LOS ANGELES,2024,267,72.500000
LOS ANGELES,2024,266,
LOS ANGELES,2024,265,
LOS ANGELES,2024,264,72.500000
LOS ANGELES,2024,263,72.500000
LOS ANGELES,2024,262,
LOS ANGELES,2024,261,
LOS ANGELES,2024,260,
LOS ANGELES,2024,259,
LOS ANGELES,2024,258,
LOS ANGELES,2024,257,
LOS ANGELES,2024,256,
LOS ANGELES,2024,255,
LOS ANGELES,2024,254,
LOS ANGELES,2024,253,
LOS ANGELES,2024,252,
LOS ANGELES,2024,251,
LOS ANGELES,2024,250,
LOS ANGELES,2024,249,
LOS ANGELES,2024,248,
LOS ANGELES,2024,247,
LOS ANGELES,2024,246,
LOS ANGELES,2024,245,
LOS ANGELES,2024,244,
LOS ANGELES,2024,243,
LOS ANGELES,2024,242,
LOS ANGELES,2024,241,
LOS ANGELES,2024,240,
LOS ANGELES,2024,239,
LOS ANGELES,2024,238,
LOS ANGELES,2024,237,
LOS ANGELES,2024,236,
LOS ANGELES,2024,235,
LOS ANGELES,2024,234,
LOS ANGELES,2024,233,
LOS ANGELES,2024,232,
LOS ANGELES,2024,231,
LOS ANGELES,2024,230,
LOS ANGELES,2024,229,
LOS ANGELES,2024,228,
LOS ANGELES,2024,227,
LOS ANGELES,2024,226,
LOS ANGELES,2024,225,
LOS ANGELES,2024,224,
LOS ANGELES,2024,223,
LOS ANGELES,2024,222,
LOS ANGELES,2024,221,
LOS ANGELES,2024,220,
LOS ANGELES,2024,219,
LOS ANGELES,2024,218,
LOS ANGELES,2024,217,
LOS ANGELES,2024,216,
LOS ANGELES,2024,215,
LOS ANGELES,2024,214,
LOS ANGELES,2024,213,
LOS ANGELES,2024,212,
LOS ANGELES,2024,211,57.500000
LOS ANGELES,2024,210,
LOS ANGELES,2024,209,
LOS ANGELES,2024,208,57.500000
LOS ANGELES,2024,207,57.500000
LOS ANGELES,2024,206,57.500000
LOS ANGELES,2024,205,57.500000
LOS ANGELES,2024,204,97.500000
LOS ANGELES,2024,203,
LOS ANGELES,2024,202,
LOS ANGELES,2024,201,97.500000
LOS ANGELES,2024,200,97.500000
LOS ANGELES,2024,199,97.500000
LOS ANGELES,2024,198,97.500000
LOS ANGELES,2024,197,97.500000
LOS ANGELES,2024,196,
LOS ANGELES,2024,195,
LOS ANGELES,2024,194,97.500000
LOS ANGELES,2024,193,97.500000
LOS ANGELES,2024,192,97.500000
LOS ANGELES,2024,191,97.500000
LOS ANGELES,2024,190,97.500000
LOS ANGELES,2024,189,
LOS ANGELES,2024,188,
LOS ANGELES,2024,187,97.500000
LOS ANGELES,2024,186,
LOS ANGELES,2024,185,97.500000
LOS ANGELES,2024,184,97.500000
LOS ANGELES,2024,183,97.500000
LOS ANGELES,2024,182,
LOS ANGELES,2024,181,
LOS ANGELES,2024,180,97.500000
LOS ANGELES,2024,179,97.500000
LOS ANGELES,2024,178,97.500000
LOS ANGELES,2024,177,36.500000
LOS ANGELES,2024,176,36.500000
LOS ANGELES,2024,175,
LOS ANGELES,2024,174,
LOS ANGELES,2024,173,36.500000
LOS ANGELES,2024,172,36.500000
LOS ANGELES,2024,171,
LOS ANGELES,2024,170,36.500000
LOS ANGELES,2024,169,36.500000
LOS ANGELES,2024,168,
LOS ANGELES,2024,167,
LOS ANGELES,2024,166,36.500000
LOS ANGELES,2024,165,36.500000
LOS ANGELES,2024,164,36.500000
LOS ANGELES,2024,163,36.500000
LOS ANGELES,2024,162,36.500000
LOS ANGELES,2024,161,
LOS ANGELES,2024,160,
LOS ANGELES,2024,159,36.500000
LOS ANGELES,2024,158,36.500000
LOS ANGELES,2024,157,36.500000
LOS ANGELES,2024,156,36.500000
LOS ANGELES,2024,155,36.500000
LOS ANGELES,2024,154,
LOS ANGELES,2024,153,
LOS ANGELES,2024,152,36.500000
LOS ANGELES,2024,151,36.500000
LOS ANGELES,2024,150,36.500000
LOS ANGELES,2024,149,36.500000
LOS ANGELES,2024,148,
LOS ANGELES,2024,147,
LOS ANGELES,2024,146,
LOS ANGELES,2024,145,36.500000
LOS ANGELES,2024,144,36.500000
LOS ANGELES,2024,143,36.500000
LOS ANGELES,2024,142,36.500000
LOS ANGELES,2024,141,36.500000
LOS ANGELES,2024,140,
LOS ANGELES,2024,139,
LOS ANGELES,2024,138,36.500000
LOS ANGELES,2024,137,36.500000
LOS ANGELES,2024,136,36.500000
LOS ANGELES,2024,135,36.500000
LOS ANGELES,2024,134,36.500000
LOS ANGELES,2024,133,
LOS ANGELES,2024,132,
LOS ANGELES,2024,131,36.500000
LOS ANGELES,2024,130,36.500000
LOS ANGELES,2024,129,36.500000
LOS ANGELES,2024,128,36.500000
LOS ANGELES,2024,127,36.500000
LOS ANGELES,2024,126,
LOS ANGELES,2024,125,
LOS ANGELES,2024,124,36.500000
LOS ANGELES,2024,123,36.500000
LOS ANGELES,2024,122,36.500000
LOS ANGELES,2024,121,36.500000
LOS ANGELES,2024,120,36.500000
LOS ANGELES,2024,119,
LOS ANGELES,2024,118,
LOS ANGELES,2024,117,36.500000
LOS ANGELES,2024,116,36.500000
LOS ANGELES,2024,115,36.500000
LOS ANGELES,2024,114,36.500000
LOS ANGELES,2024,113,36.500000
LOS ANGELES,2024,112,
LOS ANGELES,2024,111,
LOS ANGELES,2024,110,36.500000
LOS ANGELES,2024,109,36.500000
LOS ANGELES,2024,108,36.500000
LOS ANGELES,2024,107,36.500000
LOS ANGELES,2024,106,36.500000
LOS ANGELES,2024,105,
LOS ANGELES,2024,104,
LOS ANGELES,2024,103,36.500000
LOS ANGELES,2024,102,36.500000
LOS ANGELES,2024,101,36.500000
LOS ANGELES,2024,100,36.500000
LOS ANGELES,2024,99,36.500000
LOS ANGELES,2024,98,
LOS ANGELES,2024,97,
LOS ANGELES,2024,96,32.500000
LOS ANGELES,2024,95,32.500000
LOS ANGELES,2024,94,32.500000
LOS ANGELES,2024,93,32.500000
LOS ANGELES,2024,92,32.500000
LOS ANGELES,2024,91,
LOS ANGELES,2024,90,
LOS ANGELES,2024,89,32.500000
LOS ANGELES,2024,88,32.500000
LOS ANGELES,2024,87,32.500000
LOS ANGELES,2024,86,32.500000
LOS ANGELES,2024,85,32.500000
LOS ANGELES,2024,84,
LOS ANGELES,2024,83,
LOS ANGELES,2024,82,23.000000
LOS ANGELES,2024,81,23.000000
LOS ANGELES,2024,80,23.000000
LOS ANGELES,2024,79,23.000000
LOS ANGELES,2024,78,18.500000
LOS ANGELES,2024,77,
LOS ANGELES,2024,76,
LOS ANGELES,2024,75,18.500000
LOS ANGELES,2024,74,32.500000
LOS ANGELES,2024,73,32.500000
LOS ANGELES,2024,72,20.750000
LOS ANGELES,2024,71,20.750000
LOS ANGELES,2024,70,
LOS ANGELES,2024,69,
LOS ANGELES,2024,68,20.750000
LOS ANGELES,2024,67,20.750000
LOS ANGELES,2024,66,20.750000
LOS ANGELES,2024,65,20.750000
LOS ANGELES,2024,64,20.750000
LOS ANGELES,2024,63,
LOS ANGELES,2024,62,
LOS ANGELES,2024,61,20.750000
LOS ANGELES,2024,60,20.750000
LOS ANGELES,2024,59,20.750000
LOS ANGELES,2024,58,20.750000
LOS ANGELES,2024,57,20.750000
LOS ANGELES,2024,56,
LOS ANGELES,2024,55,
LOS ANGELES,2024,54,20.750000
LOS ANGELES,2024,53,20.750000
LOS ANGELES,2024,52,20.750000
LOS ANGELES,2024,51,20.750000
LOS ANGELES,2024,50,
LOS ANGELES,2024,49,
LOS ANGELES,2024,48,
LOS ANGELES,2024,47,20.750000
LOS ANGELES,2024,46,20.750000
LOS ANGELES,2024,45,20.750000
LOS ANGELES,2024,44,20.750000
LOS ANGELES,2024,43,20.750000
LOS ANGELES,2024,42,
LOS ANGELES,2024,41,
LOS ANGELES,2024,40,20.750000
LOS ANGELES,2024,39,20.750000
LOS ANGELES,2024,38,20.750000
LOS ANGELES,2024,37,20.750000
LOS ANGELES,2024,36,20.750000
LOS ANGELES,2024,35,
LOS ANGELES,2024,34,
LOS ANGELES,2024,33,20.750000
LOS ANGELES,2024,32,20.750000
LOS ANGELES,2024,31,20.750000
LOS ANGELES,2024,30,20.750000
LOS ANGELES,2024,29,20.750000
LOS ANGELES,2024,28,
LOS ANGELES,2024,27,
LOS ANGELES,2024,26,20.750000
LOS ANGELES,2024,25,20.750000
LOS ANGELES,2024,24,20.750000
LOS ANGELES,2024,23,20.750000
LOS ANGELES,2024,22,20.750000
LOS ANGELES,2024,21,
LOS ANGELES,2024,20,
LOS ANGELES,2024,19,20.750000
LOS ANGELES,2024,18,20.750000
LOS ANGELES,2024,17,20.750000
LOS ANGELES,2024,16,20.750000
LOS ANGELES,2024,15,
LOS ANGELES,2024,14,
LOS ANGELES,2024,13,
LOS ANGELES,2024,12,20.750000
LOS ANGELES,2024,11,20.750000
LOS ANGELES,2024,10,20.750000
LOS ANGELES,2024,9,20.750000
LOS ANGELES,2024,8,20.750000
LOS ANGELES,2024,7,
LOS ANGELES,2024,6,
LOS ANGELES,2024,5,20.750000
LOS ANGELES,2024,4,20.750000
LOS ANGELES,2024,3,20.750000
LOS ANGELES,2024,2,20.750000
NEW YORK,2024,366,
NEW YORK,2024,365,
NEW YORK,2024,364,
NEW YORK,2024,363,
NEW YORK,2024,362,
NEW YORK,2024,361,
NEW YORK,2024,360,
NEW YORK,2024,359,
NEW YORK,2024,358,
NEW YORK,2024,357,
NEW YORK,2024,356,
NEW YORK,2024,355,
NEW YORK,2024,354,
NEW YORK,2024,353,
NEW YORK,2024,352,
NEW YORK,2024,351,
NEW YORK,2024,350,
NEW YORK,2024,349,
NEW YORK,2024,348,
NEW YORK,2024,347,
NEW YORK,2024,346,
NEW YORK,2024,345,
NEW YORK,2024,344,
NEW YORK,2024,343,
NEW YORK,2024,342,
NEW YORK,2024,341,
NEW YORK,2024,340,
NEW YORK,2024,339,
NEW YORK,2024,338,
NEW YORK,2024,337,
NEW YORK,2024,336,
NEW YORK,2024,335,
NEW YORK,2024,334,
NEW YORK,2024,333,
NEW YORK,2024,332,
NEW YORK,2024,331,
NEW YORK,2024,330,
NEW YORK,2024,329,
NEW YORK,2024,328,
NEW YORK,2024,327,
NEW YORK,2024,326,
NEW YORK,2024,325,
NEW YORK,2024,324,
NEW YORK,2024,323,
NEW YORK,2024,322,
NEW YORK,2024,321,
NEW YORK,2024,320,
NEW YORK,2024,319,
NEW YORK,2024,318,
NEW YORK,2024,317,
NEW YORK,2024,316,
NEW YORK,2024,315,
NEW YORK,2024,314,
NEW YORK,2024,313,
NEW YORK,2024,312,
NEW YORK,2024,311,
NEW YORK,2024,310,
NEW YORK,2024,309,
NEW YORK,2024,308,
NEW YORK,2024,307,
NEW YORK,2024,306,
NEW YORK,2024,305,
NEW YORK,2024,304,
NEW YORK,2024,303,
NEW YORK,2024,302,
NEW YORK,2024,301,
NEW YORK,2024,300,
NEW YORK,2024,299,
NEW YORK,2024,298,
NEW YORK,2024,297,
NEW YORK,2024,296,
NEW YORK,2024,295,
NEW YORK,2024,294,
NEW YORK,2024,293,
NEW YORK,2024,292,
NEW YORK,2024,291,
NEW YORK,2024,290,
NEW YORK,2024,289,
NEW YORK,2024,288,
NEW YORK,2024,287,
NEW YORK,2024,286,
NEW YORK,2024,285,
NEW YORK,2024,284,
NEW YORK,2024,283,
NEW YORK,2024,282,
NEW YORK,2024,281,
NEW YORK,2024,280,
NEW YORK,2024,279,
NEW YORK,2024,278,
NEW YORK,2024,277,
NEW YORK,2024,276,
NEW YORK,2024,275,
NEW YORK,2024,274,40.000000
NEW YORK,2024,273,
NEW YORK,2024,272,
NEW YORK,2024,271,40.000000
NEW YORK,2024,270,40.000000
NEW YORK,2024,269,40.000000
NEW YORK,2024,268,40.000000
NEW YORK,2024,267,40.000000
NEW YORK,2024,266,
NEW YORK,2024,265,
NEW YORK,2024,264,40.000000
NEW YORK,2024,263,40.000000
NEW YORK,2024,262,40.000000
NEW YORK,2024,261,40.000000
NEW YORK,2024,260,40.000000
NEW YORK,2024,259,
NEW YORK,2024,258,
NEW YORK,2024,257,40.000000
NEW YORK,2024,256,44.000000
NEW YORK,2024,255,44.000000
NEW YORK,2024,254,44.000000
NEW YORK,2024,253,44.000000
NEW YORK,2024,252,
NEW YORK,2024,251,
NEW YORK,2024,250,44.000000
NEW YORK,2024,249,44.000000
NEW YORK,2024,248,32.000000
NEW YORK,2024,247,32.000000
NEW YORK,2024,246,
NEW YORK,2024,245,
NEW YORK,2024,244,
NEW YORK,2024,243,
NEW YORK,2024,242,
NEW YORK,2024,241,
NEW YORK,2024,240,
NEW YORK,2024,239,
NEW YORK,2024,238,
NEW YORK,2024,237,
NEW YORK,2024,236,
NEW YORK,2024,235,
NEW YORK,2024,234,
NEW YORK,2024,233,
NEW YORK,2024,232,
NEW YORK,2024,231,
NEW YORK,2024,230,
NEW YORK,2024,229,
NEW YORK,2024,228,
NEW YORK,2024,227,
NEW YORK,2024,226,
NEW YORK,2024,225,
NEW YORK,2024,224,
NEW YORK,2024,223,
NEW YORK,2024,222,
NEW YORK,2024,221,
NEW YORK,2024,220,
NEW YORK,2024,219,
NEW YORK,2024,218,
NEW YORK,2024,217,
NEW YORK,2024,216,
NEW YORK,2024,215,62.000000
NEW YORK,2024,214,62.000000
NEW YORK,2024,213,62.000000
NEW YORK,2024,212,62.000000
NEW YORK,2024,211,62.000000
NEW YORK,2024,210,
NEW YORK,2024,209,
NEW YORK,2024,208,62.000000
NEW YORK,2024,207,62.000000
NEW YORK,2024,206,62.000000
NEW YORK,2024,205,62.000000
NEW YORK,2024,204,62.000000
NEW YORK,2024,203,
NEW YORK,2024,202,
NEW YORK,2024,201,62.000000
NEW YORK,2024,200,62.000000
NEW YORK,2024,199,62.000000
NEW YORK,2024,198,44.000000
NEW YORK,2024,197,44.000000
NEW YORK,2024,196,
NEW YORK,2024,195,
NEW YORK,2024,194,44.000000
NEW YORK,2024,193,44.000000
NEW YORK,2024,192,44.000000
NEW YORK,2024,191,44.000000
NEW YORK,2024,190,44.000000
NEW YORK,2024,189,
NEW YORK,2024,188,
NEW YORK,2024,187,
NEW YORK,2024,186,
NEW YORK,2024,185,44.000000
NEW YORK,2024,184,44.000000
NEW YORK,2024,183,44.000000
NEW YORK,2024,182,
NEW YORK,2024,181,
NEW YORK,2024,180,44.000000
NEW YORK,2024,179,44.000000
NEW YORK,2024,178,44.000000
NEW YORK,2024,177,44.000000
NEW YORK,2024,176,44.000000
NEW YORK,2024,175,
NEW YORK,2024,174,
NEW YORK,2024,173,44.000000
NEW YORK,2024,172,44.000000
NEW YORK,2024,171,
NEW YORK,2024,170,44.000000
NEW YORK,2024,169,44.000000
NEW YORK,2024,168,
NEW YORK,2024,167,
NEW YORK,2024,166,44.000000
NEW YORK,2024,165,44.000000
NEW YORK,2024,164,44.000000
NEW YORK,2024,163,44.000000
NEW YORK,2024,162,44.000000
NEW YORK,2024,161,
NEW YORK,2024,160,
NEW YORK,2024,159,44.000000
NEW YORK,2024,158,44.000000
NEW YORK,2024,157,44.000000
NEW YORK,2024,156,44.000000
NEW YORK,2024,155,44.000000
NEW YORK,2024,154,
NEW YORK,2024,153,
NEW YORK,2024,152,44.000000
NEW YORK,2024,151,44.000000
NEW YORK,2024,150,44.000000
NEW YORK,2024,149,44.000000
NEW YORK,2024,148,
NEW YORK,2024,147,
NEW YORK,2024,146,
NEW YORK,2024,145,47.000000
NEW YORK,2024,144,47.000000
NEW YORK,2024,143,47.000000
NEW YORK,2024,142,47.000000
NEW YORK,2024,141,47.000000
NEW YORK,2024,140,
NEW YORK,2024,139,
NEW YORK,2024,138,47.000000
NEW YORK,2024,137,47.000000
NEW YORK,2024,136,47.000000
NEW YORK,2024,135,47.000000
NEW YORK,2024,134,47.000000
NEW YORK,2024,133,
NEW YORK,2024,132,
NEW YORK,2024,131,47.000000
NEW YORK,2024,130,47.000000
NEW YORK,2024,129,47.000000
NEW YORK,2024,128,47.000000
NEW YORK,2024,127,47.000000
NEW YORK,2024,126,
NEW YORK,2024,125,
NEW YORK,2024,124,47.000000
NEW YORK,2024,123,47.000000
NEW YORK,2024,122,47.000000
NEW YORK,2024,121,47.000000
NEW YORK,2024,120,47.000000
NEW YORK,2024,119,
NEW YORK,2024,118,
NEW YORK,2024,117,47.000000
NEW YORK,2024,116,47.000000
NEW YORK,2024,115,47.000000
NEW YORK,2024,114,
NEW YORK,2024,113,47.000000
NEW YORK,2024,112,
NEW YORK,2024,111,
NEW YORK,2024,110,45.000000
NEW YORK,2024,109,45.000000
NEW YORK,2024,108,45.000000
NEW YORK,2024,107,45.000000
NEW YORK,2024,106,45.000000
NEW YORK,2024,105,
NEW YORK,2024,104,
NEW YORK,2024,103,45.000000
NEW YORK,2024,102,45.000000
NEW YORK,2024,101,45.000000
NEW YORK,2024,100,45.000000
NEW YORK,2024,99,45.000000
NEW YORK,2024,98,
NEW YORK,2024,97,
NEW YORK,2024,96,45.000000
NEW YORK,2024,95,45.000000
NEW YORK,2024,94,45.000000
NEW YORK,2024,93,45.000000
NEW YORK,2024,92,
NEW YORK,2024,91,
NEW YORK,2024,90,
NEW YORK,2024,89,45.000000
NEW YORK,2024,88,45.000000
NEW YORK,2024,87,45.000000
NEW YORK,2024,86,45.000000
NEW YORK,2024,85,45.000000
NEW YORK,2024,84,
NEW YORK,2024,83,
NEW YORK,2024,82,45.000000
NEW YORK,2024,81,45.000000
NEW YORK,2024,80,41.000000
NEW YORK,2024,79,41.000000
NEW YORK,2024,78,41.000000
NEW YORK,2024,77,
NEW YORK,2024,76,
NEW YORK,2024,75,49.000000
NEW YORK,2024,74,49.000000
NEW YORK,2024,73,49.000000
NEW YORK,2024,72,49.000000
NEW YORK,2024,71,44.000000
NEW YORK,2024,70,
NEW YORK,2024,69,
NEW YORK,2024,68,28.000000
NEW YORK,2024,67,28.000000
NEW YORK,2024,66,28.000000
NEW YORK,2024,65,32.000000
NEW YORK,2024,64,32.000000
NEW YORK,2024,63,
NEW YORK,2024,62,
NEW YORK,2024,61,32.000000
NEW YORK,2024,60,32.000000
NEW YORK,2024,59,32.000000
NEW YORK,2024,58,32.000000
NEW YORK,2024,57,32.000000
NEW YORK,2024,56,
NEW YORK,2024,55,
NEW YORK,2024,54,32.000000
NEW YORK,2024,53,32.000000
NEW YORK,2024,52,32.000000
NEW YORK,2024,51,32.000000
NEW YORK,2024,50,
NEW YORK,2024,49,
NEW YORK,2024,48,
NEW YORK,2024,47,32.000000
NEW YORK,2024,46,32.000000
NEW YORK,2024,45,32.000000
NEW YORK,2024,44,32.000000
NEW YORK,2024,43,32.000000
NEW YORK,2024,42,
NEW YORK,2024,41,
NEW YORK,2024,40,32.000000
NEW YORK,2024,39,32.000000
NEW YORK,2024,38,32.000000
NEW YORK,2024,37,32.000000
NEW YORK,2024,36,32.000000
NEW YORK,2024,35,
NEW YORK,2024,34,
NEW YORK,2024,33,32.000000
NEW YORK,2024,32,32.000000
NEW YORK,2024,31,32.000000
NEW YORK,2024,30,32.000000
NEW YORK,2024,29,32.000000
NEW YORK,2024,28,
NEW YORK,2024,27,
NEW YORK,2024,26,32.000000
NEW YORK,2024,25,32.000000
NEW YORK,2024,24,32.000000
NEW YORK,2024,23,32.000000
NEW YORK,2024,22,32.000000
NEW YORK,2024,21,
NEW YORK,2024,20,
NEW YORK,2024,19,34.000000
NEW YORK,2024,18,34.000000
NEW YORK,2024,17,34.000000
NEW YORK,2024,16,34.000000
NEW YORK,2024,15,
NEW YORK,2024,14,
NEW YORK,2024,13,
NEW YORK,2024,12,34.000000
NEW YORK,2024,11,34.000000
NEW YORK,2024,10,34.000000
NEW YORK,2024,9,34.000000
NEW YORK,2024,8,
NEW YORK,2024,7,
NEW YORK,2024,6,
NEW YORK,2024,5,
NEW YORK,2024,4,36.000000
NEW YORK,2024,3,36.000000
NEW YORK,2024,2,36.000000
PHILADELPHIA,2024,366,
PHILADELPHIA,2024,365,
PHILADELPHIA,2024,364,
PHILADELPHIA,2024,363,
PHILADELPHIA,2024,362,
PHILADELPHIA,2024,361,
PHILADELPHIA,2024,360,
PHILADELPHIA,2024,359,
PHILADELPHIA,2024,358,
PHILADELPHIA,2024,357,
PHILADELPHIA,2024,356,
PHILADELPHIA,2024,355,
PHILADELPHIA,2024,354,
PHILADELPHIA,2024,353,
PHILADELPHIA,2024,352,
PHILADELPHIA,2024,351,
PHILADELPHIA,2024,350,
PHILADELPHIA,2024,349,
PHILADELPHIA,2024,348,
PHILADELPHIA,2024,347,
PHILADELPHIA,2024,346,
PHILADELPHIA,2024,345,
PHILADELPHIA,2024,344,
PHILADELPHIA,2024,343,
PHILADELPHIA,2024,342,
PHILADELPHIA,2024,341,
PHILADELPHIA,2024,340,
PHILADELPHIA,2024,339,
PHILADELPHIA,2024,338,
PHILADELPHIA,2024,337,
PHILADELPHIA,2024,336,
PHILADELPHIA,2024,335,
PHILADELPHIA,2024,334,
PHILADELPHIA,2024,333,
PHILADELPHIA,2024,332,
PHILADELPHIA,2024,331,
PHILADELPHIA,2024,330,
PHILADELPHIA,2024,329,
PHILADELPHIA,2024,328,
PHILADELPHIA,2024,327,
PHILADELPHIA,2024,326,
PHILADELPHIA,2024,325,
PHILADELPHIA,2024,324,
PHILADELPHIA,2024,323,
PHILADELPHIA,2024,322,
PHILADELPHIA,2024,321,
PHILADELPHIA,2024,320,
PHILADELPHIA,2024,319,
PHILADELPHIA,2024,318,
PHILADELPHIA,2024,317,
PHILADELPHIA,2024,316,
PHILADELPHIA,2024,315,
PHILADELPHIA,2024,314,
PHILADELPHIA,2024,313,
PHILADELPHIA,2024,312,
PHILADELPHIA,2024,311,
PHILADELPHIA,2024,310,
PHILADELPHIA,2024,309,
PHILADELPHIA,2024,308,
PHILADELPHIA,2024,307,
PHILADELPHIA,2024,306,
PHILADELPHIA,2024,305,
PHILADELPHIA,2024,304,
PHILADELPHIA,2024,303,
PHILADELPHIA,2024,302,
PHILADELPHIA,2024,301,
PHILADELPHIA,2024,300,
PHILADELPHIA,2024,299,
PHILADELPHIA,2024,298,
PHILADELPHIA,2024,297,
PHILADELPHIA,2024,296,
PHILADELPHIA,2024,295,
PHILADELPHIA,2024,294,
PHILADELPHIA,2024,293,
PHILADELPHIA,2024,292,
PHILADELPHIA,2024,291,
PHILADELPHIA,2024,290,
PHILADELPHIA,2024,289,
PHILADELPHIA,2024,288,
PHILADELPHIA,2024,287,
PHILADELPHIA,2024,286,
PHILADELPHIA,2024,285,
PHILADELPHIA,2024,284,
PHILADELPHIA,2024,283,
PHILADELPHIA,2024,282,
PHILADELPHIA,2024,281,
PHILADELPHIA,2024,280,
PHILADELPHIA,2024,279,
PHILADELPHIA,2024,278,
PHILADELPHIA,2024,277,
PHILADELPHIA,2024,276,
PHILADELPHIA,2024,275,
PHILADELPHIA,2024,274,
PHILADELPHIA,2024,273,
PHILADELPHIA,2024,272,
PHILADELPHIA,2024,271,
PHILADELPHIA,2024,270,
PHILADELPHIA,2024,269,
PHILADELPHIA,2024,268,
PHILADELPHIA,2024,267,
PHILADELPHIA,2024,266,
PHILADELPHIA,2024,265,
PHILADELPHIA,2024,264,
PHILADELPHIA,2024,263,
PHILADELPHIA,2024,262,
PHILADELPHIA,2024,261,
PHILADELPHIA,2024,260,
PHILADELPHIA,2024,259,
PHILADELPHIA,2024,258,
PHILADELPHIA,2024,257,
PHILADELPHIA,2024,256,
PHILADELPHIA,2024,255,
PHILADELPHIA,2024,254,
PHILADELPHIA,2024,253,
PHILADELPHIA,2024,252,
PHILADELPHIA,2024,251,
PHILADELPHIA,2024,250,
PHILADELPHIA,2024,249,
PHILADELPHIA,2024,248,
PHILADELPHIA,2024,247,
PHILADELPHIA,2024,246,
PHILADELPHIA,2024,245,
PHILADELPHIA,2024,244,
PHILADELPHIA,2024,243,
PHILADELPHIA,2024,242,
PHILADELPHIA,2024,241,
PHILADELPHIA,2024,240,
PHILADELPHIA,2024,239,
PHILADELPHIA,2024,238,
PHILADELPHIA,2024,237,
PHILADELPHIA,2024,236,
PHILADELPHIA,2024,235,
PHILADELPHIA,2024,234,
PHILADELPHIA,2024,233,
PHILADELPHIA,2024,232,
PHILADELPHIA,2024,231,
PHILADELPHIA,2024,230,
PHILADELPHIA,2024,229,
PHILADELPHIA,2024,228,
PHILADELPHIA,2024,227,
PHILADELPHIA,2024,226,
PHILADELPHIA,2024,225,
PHILADELPHIA,2024,224,
PHILADELPHIA,2024,223,
PHILADELPHIA,2024,222,37.000000
PHILADELPHIA,2024,221,37.000000
PHILADELPHIA,2024,220,37.000000
PHILADELPHIA,2024,219,37.000000
PHILADELPHIA,2024,218,
PHILADELPHIA,2024,217,
PHILADELPHIA,2024,216,
PHILADELPHIA,2024,215,
PHILADELPHIA,2024,214,
PHILADELPHIA,2024,213,
PHILADELPHIA,2024,212,
PHILADELPHIA,2024,211,
PHILADELPHIA,2024,210,
PHILADELPHIA,2024,209,
PHILADELPHIA,2024,208,
PHILADELPHIA,2024,207,
PHILADELPHIA,2024,206,
PHILADELPHIA,2024,205,
PHILADELPHIA,2024,204,
PHILADELPHIA,2024,203,
PHILADELPHIA,2024,202,
PHILADELPHIA,2024,201,
PHILADELPHIA,2024,200,
PHILADELPHIA,2024,199,
PHILADELPHIA,2024,198,
PHILADELPHIA,2024,197,
PHILADELPHIA,2024,196,
PHILADELPHIA,2024,195,
PHILADELPHIA,2024,194,
PHILADELPHIA,2024,193,
PHILADELPHIA,2024,192,
PHILADELPHIA,2024,191,
PHILADELPHIA,2024,190,
PHILADELPHIA,2024,189,
PHILADELPHIA,2024,188,
PHILADELPHIA,2024,187,
PHILADELPHIA,2024,186,
PHILADELPHIA,2024,185,
PHILADELPHIA,2024,184,
PHILADELPHIA,2024,183,
PHILADELPHIA,2024,182,
PHILADELPHIA,2024,181,
PHILADELPHIA,2024,180,
PHILADELPHIA,2024,179,
PHILADELPHIA,2024,178,
PHILADELPHIA,2024,177,
PHILADELPHIA,2024,176,
PHILADELPHIA,2024,175,
PHILADELPHIA,2024,174,
PHILADELPHIA,2024,173,
PHILADELPHIA,2024,172,
PHILADELPHIA,2024,171,
PHILADELPHIA,2024,170,
PHILADELPHIA,2024,169,
PHILADELPHIA,2024,168,
PHILADELPHIA,2024,167,
PHILADELPHIA,2024,166,
PHILADELPHIA,2024,165,
PHILADELPHIA,2024,164,
PHILADELPHIA,2024,163,
PHILADELPHIA,2024,162,
PHILADELPHIA,2024,161,
PHILADELPHIA,2024,160,
PHILADELPHIA,2024,159,
PHILADELPHIA,2024,158,
PHILADELPHIA,2024,157,
PHILADELPHIA,2024,156,
PHILADELPHIA,2024,155,
PHILADELPHIA,2024,154,
PHILADELPHIA,2024,153,
PHILADELPHIA,2024,152,
PHILADELPHIA,2024,151,
PHILADELPHIA,2024,150,
PHILADELPHIA,2024,149,
PHILADELPHIA,2024,148,
PHILADELPHIA,2024,147,
PHILADELPHIA,2024,146,
PHILADELPHIA,2024,145,
PHILADELPHIA,2024,144,
PHILADELPHIA,2024,143,
PHILADELPHIA,2024,142,
PHILADELPHIA,2024,141,
PHILADELPHIA,2024,140,
PHILADELPHIA,2024,139,
PHILADELPHIA,2024,138,
PHILADELPHIA,2024,137,
PHILADELPHIA,2024,136,
PHILADELPHIA,2024,135,
PHILADELPHIA,2024,134,
PHILADELPHIA,2024,133,
PHILADELPHIA,2024,132,
PHILADELPHIA,2024,131,
PHILADELPHIA,2024,130,
PHILADELPHIA,2024,129,
PHILADELPHIA,2024,128,
PHILADELPHIA,2024,127,
PHILADELPHIA,2024,126,
PHILADELPHIA,2024,125,
PHILADELPHIA,2024,124,
PHILADELPHIA,2024,123,
PHILADELPHIA,2024,122,
PHILADELPHIA,2024,121,
PHILADELPHIA,2024,120,
PHILADELPHIA,2024,119,
PHILADELPHIA,2024,118,
PHILADELPHIA,2024,117,
PHILADELPHIA,2024,116,
PHILADELPHIA,2024,115,
PHILADELPHIA,2024,114,
PHILADELPHIA,2024,113,
PHILADELPHIA,2024,112,
PHILADELPHIA,2024,111,
PHILADELPHIA,2024,110,
PHILADELPHIA,2024,109,
PHILADELPHIA,2024,108,
PHILADELPHIA,2024,107,
PHILADELPHIA,2024,106,
PHILADELPHIA,2024,105,
PHILADELPHIA,2024,104,
PHILADELPHIA,2024,103,
PHILADELPHIA,2024,102,
PHILADELPHIA,2024,101,
PHILADELPHIA,2024,100,
PHILADELPHIA,2024,99,
PHILADELPHIA,2024,98,
PHILADELPHIA,2024,97,
PHILADELPHIA,2024,96,
PHILADELPHIA,2024,95,
PHILADELPHIA,2024,94,
PHILADELPHIA,2024,93,
PHILADELPHIA,2024,92,
PHILADELPHIA,2024,91,
PHILADELPHIA,2024,90,
PHILADELPHIA,2024,89,
PHILADELPHIA,2024,88,
PHILADELPHIA,2024,87,
PHILADELPHIA,2024,86,
PHILADELPHIA,2024,85,
PHILADELPHIA,2024,84,
PHILADELPHIA,2024,83,
PHILADELPHIA,2024,82,
PHILADELPHIA,2024,81,
PHILADELPHIA,2024,80,
PHILADELPHIA,2024,79,
PHILADELPHIA,2024,78,
PHILADELPHIA,2024,77,
PHILADELPHIA,2024,76,
PHILADELPHIA,2024,75,
PHILADELPHIA,2024,74,
PHILADELPHIA,2024,73,
PHILADELPHIA,2024,72,
PHILADELPHIA,2024,71,
PHILADELPHIA,2024,70,
PHILADELPHIA,2024,69,
PHILADELPHIA,2024,68,
PHILADELPHIA,2024,67,
PHILADELPHIA,2024,66,
PHILADELPHIA,2024,65,
PHILADELPHIA,2024,64,
PHILADELPHIA,2024,63,
PHILADELPHIA,2024,62,
PHILADELPHIA,2024,61,
PHILADELPHIA,2024,60,
PHILADELPHIA,2024,59,
PHILADELPHIA,2024,58,
PHILADELPHIA,2024,57,
PHILADELPHIA,2024,56,
PHILADELPHIA,2024,55,
PHILADELPHIA,2024,54,
PHILADELPHIA,2024,53,
PHILADELPHIA,2024,52,
PHILADELPHIA,2024,51,
PHILADELPHIA,2024,50,
PHILADELPHIA,2024,49,
PHILADELPHIA,2024,48,
PHILADELPHIA,2024,47,
PHILADELPHIA,2024,46,
PHILADELPHIA,2024,45,
PHILADELPHIA,2024,44,
PHILADELPHIA,2024,43,
PHILADELPHIA,2024,42,
PHILADELPHIA,2024,41,
PHILADELPHIA,2024,40,
PHILADELPHIA,2024,39,
PHILADELPHIA,2024,38,
PHILADELPHIA,2024,37,
PHILADELPHIA,2024,36,
PHILADELPHIA,2024,35,
PHILADELPHIA,2024,34,
PHILADELPHIA,2024,33,
PHILADELPHIA,2024,32,
PHILADELPHIA,2024,31,
PHILADELPHIA,2024,30,
PHILADELPHIA,2024,29,
PHILADELPHIA,2024,28,
PHILADELPHIA,2024,27,
PHILADELPHIA,2024,26,32.500000
PHILADELPHIA,2024,25,32.500000
PHILADELPHIA,2024,24,
PHILADELPHIA,2024,23,
PHILADELPHIA,2024,22,
PHILADELPHIA,2024,21,
PHILADELPHIA,2024,20,
PHILADELPHIA,2024,19,
PHILADELPHIA,2024,18,
PHILADELPHIA,2024,17,
PHILADELPHIA,2024,16,
PHILADELPHIA,2024,15,
PHILADELPHIA,2024,14,
PHILADELPHIA,2024,13,
PHILADELPHIA,2024,12,
PHILADELPHIA,2024,11,
PHILADELPHIA,2024,10,
PHILADELPHIA,2024,9,
PHILADELPHIA,2024,8,
PHILADELPHIA,2024,7,
PHILADELPHIA,2024,6,
PHILADELPHIA,2024,5,
PHILADELPHIA,2024,4,
PHILADELPHIA,2024,3,
PHILADELPHIA,2024,2,
BALTIMORE,2023,366,
BALTIMORE,2023,365,
BALTIMORE,2023,364,
BALTIMORE,2023,363,
BALTIMORE,2023,362,
BALTIMORE,2023,361,
BALTIMORE,2023,360,
BALTIMORE,2023,359,
BALTIMORE,2023,358,
BALTIMORE,2023,357,
BALTIMORE,2023,356,
BALTIMORE,2023,355,
BALTIMORE,2023,354,
BALTIMORE,2023,353,
BALTIMORE,2023,352,
BALTIMORE,2023,351,
BALTIMORE,2023,350,
BALTIMORE,2023,349,
BALTIMORE,2023,348,
BALTIMORE,2023,347,
BALTIMORE,2023,346,
BALTIMORE,2023,345,
BALTIMORE,2023,344,
BALTIMORE,2023,343,
BALTIMORE,2023,342,
BALTIMORE,2023,341,
BALTIMORE,2023,340,
BALTIMORE,2023,339,
BALTIMORE,2023,338,
BALTIMORE,2023,337,
BALTIMORE,2023,336,
BALTIMORE,2023,335,
BALTIMORE,2023,334,
BALTIMORE,2023,333,
BALTIMORE,2023,332,
BALTIMORE,2023,331,
BALTIMORE,2023,330,
BALTIMORE,2023,329,
BALTIMORE,2023,328,
BALTIMORE,2023,327,
BALTIMORE,2023,326,
BALTIMORE,2023,325,
BALTIMORE,2023,324,
BALTIMORE,2023,323,
BALTIMORE,2023,322,
BALTIMORE,2023,321,
BALTIMORE,2023,320,
BALTIMORE,2023,319,
BALTIMORE,2023,318,
BALTIMORE,2023,317,
BALTIMORE,2023,316,
BALTIMORE,2023,315,
BALTIMORE,2023,314,
BALTIMORE,2023,313,
BALTIMORE,2023,312,
BALTIMORE,2023,311,
BALTIMORE,2023,310,
BALTIMORE,2023,309,
BALTIMORE,2023,308,
BALTIMORE,2023,307,
BALTIMORE,2023,306,
BALTIMORE,2023,305,
BALTIMORE,2023,304,
BALTIMORE,2023,303,
BALTIMORE,2023,302,
BALTIMORE,2023,301,
BALTIMORE,2023,300,
BALTIMORE,2023,299,
BALTIMORE,2023,298,
BALTIMORE,2023,297,
BALTIMORE,2023,296,
BALTIMORE,2023,295,
BALTIMORE,2023,294,
BALTIMORE,2023,293,
BALTIMORE,2023,292,
BALTIMORE,2023,291,
BALTIMORE,2023,290,
BALTIMORE,2023,289,42.000000
BALTIMORE,2023,288,
BALTIMORE,2023,287,
BALTIMORE,2023,286,42.000000
BALTIMORE,2023,285,42.000000
BALTIMORE,2023,284,42.000000
BALTIMORE,2023,283,42.000000
BALTIMORE,2023,282,
BALTIMORE,2023,281,
BALTIMORE,2023,280,
BALTIMORE,2023,279,42.000000
BALTIMORE,2023,278,42.000000
BALTIMORE,2023,277,42.000000
BALTIMORE,2023,276,42.000000
BALTIMORE,2023,275,42.000000
BALTIMORE,2023,274,
BALTIMORE,2023,273,
BALTIMORE,2023,272,42.000000
BALTIMORE,2023,271,42.000000
BALTIMORE,2023,270,42.000000
BALTIMORE,2023,269,42.000000
BALTIMORE,2023,268,
BALTIMORE,2023,267,
BALTIMORE,2023,266,
BALTIMORE,2023,265,
BALTIMORE,2023,264,
BALTIMORE,2023,263,
BALTIMORE,2023,262,
BALTIMORE,2023,261,
BALTIMORE,2023,260,
BALTIMORE,2023,259,
BALTIMORE,2023,258,
BALTIMORE,2023,257,
BALTIMORE,2023,256,
BALTIMORE,2023,255,
BALTIMORE,2023,254,
BALTIMORE,2023,253,
BALTIMORE,2023,252,
BALTIMORE,2023,251,
BALTIMORE,2023,250,
BALTIMORE,2023,249,
BALTIMORE,2023,248,
BALTIMORE,2023,247,
BALTIMORE,2023,246,
BALTIMORE,2023,245,
BALTIMORE,2023,244,
BALTIMORE,2023,243,
BALTIMORE,2023,242,
BALTIMORE,2023,241,
BALTIMORE,2023,240,
BALTIMORE,2023,239,
BALTIMORE,2023,238,
BALTIMORE,2023,237,
BALTIMORE,2023,236,
BALTIMORE,2023,235,
BALTIMORE,2023,234,
BALTIMORE,2023,233,
BALTIMORE,2023,232,
BALTIMORE,2023,231,
BALTIMORE,2023,230,
BALTIMORE,2023,229,
BALTIMORE,2023,228,
BALTIMORE,2023,227,
BALTIMORE,2023,226,
BALTIMORE,2023,225,
BALTIMORE,2023,224,
BALTIMORE,2023,223,
BALTIMORE,2023,222,
BALTIMORE,2023,221,
BALTIMORE,2023,220,
BALTIMORE,2023,219,
BALTIMORE,2023,218,
BALTIMORE,2023,217,
BALTIMORE,2023,216,
BALTIMORE,2023,215,
BALTIMORE,2023,214,
BALTIMORE,2023,213,
BALTIMORE,2023,212,
BALTIMORE,2023,211,
BALTIMORE,2023,210,
BALTIMORE,2023,209,
BALTIMORE,2023,208,
BALTIMORE,2023,207,
BALTIMORE,2023,206,
BALTIMORE,2023,205,
BALTIMORE,2023,204,
BALTIMORE,2023,203,
BALTIMORE,2023,202,
BALTIMORE,2023,201,
BALTIMORE,2023,200,
BALTIMORE,2023,199,
BALTIMORE,2023,198,
BALTIMORE,2023,197,
BALTIMORE,2023,196,
BALTIMORE,2023,195,
BALTIMORE,2023,194,
BALTIMORE,2023,193,
BALTIMORE,2023,192,
BALTIMORE,2023,191,
BALTIMORE,2023,190,
BALTIMORE,2023,189,
BALTIMORE,2023,188,
BALTIMORE,2023,187,
BALTIMORE,2023,186,
BALTIMORE,2023,185,
BALTIMORE,2023,184,
BALTIMORE,2023,183,
BALTIMORE,2023,182,
BALTIMORE,2023,181,
BALTIMORE,2023,180,
BALTIMORE,2023,179,
BALTIMORE,2023,178,
BALTIMORE,2023,177,
BALTIMORE,2023,176,
BALTIMORE,2023,175,
BALTIMORE,2023,174,
BALTIMORE,2023,173,
BALTIMORE,2023,172,
BALTIMORE,2023,171,
BALTIMORE,2023,170,
BALTIMORE,2023,169,
BALTIMORE,2023,168,
BALTIMORE,2023,167,
BALTIMORE,2023,166,
BALTIMORE,2023,165,
BALTIMORE,2023,164,
BALTIMORE,2023,163,
BALTIMORE,2023,162,
BALTIMORE,2023,161,
BALTIMORE,2023,160,
BALTIMORE,2023,159,
BALTIMORE,2023,158,
BALTIMORE,2023,157,
BALTIMORE,2023,156,
BALTIMORE,2023,155,
BALTIMORE,2023,154,
BALTIMORE,2023,153,
BALTIMORE,2023,152,
BALTIMORE,2023,151,
BALTIMORE,2023,150,
BALTIMORE,2023,149,
BALTIMORE,2023,148,
BALTIMORE,2023,147,
BALTIMORE,2023,146,
BALTIMORE,2023,145,
BALTIMORE,2023,144,
BALTIMORE,2023,143,
BALTIMORE,2023,142,
BALTIMORE,2023,141,
BALTIMORE,2023,140,
BALTIMORE,2023,139,
BALTIMORE,2023,138,
BALTIMORE,2023,137,
BALTIMORE,2023,136,
BALTIMORE,2023,135,
BALTIMORE,2023,134,
BALTIMORE,2023,133,
BALTIMORE,2023,132,
BALTIMORE,2023,131,
BALTIMORE,2023,130,30.000000
BALTIMORE,2023,129,30.000000
BALTIMORE,2023,128,30.000000
BALTIMORE,2023,127,
BALTIMORE,2023,126,
BALTIMORE,2023,125,30.000000
BALTIMORE,2023,124,30.000000
BALTIMORE,2023,123,34.250000
BALTIMORE,2023,122,34.250000
BALTIMORE,2023,121,34.250000
BALTIMORE,2023,120,
BALTIMORE,2023,119,
BALTIMORE,2023,118,34.250000
BALTIMORE,2023,117,34.250000
BALTIMORE,2023,116,34.250000
BALTIMORE,2023,115,34.250000
BALTIMORE,2023,114,34.250000
BALTIMORE,2023,113,
BALTIMORE,2023,112,
BALTIMORE,2023,111,34.250000
BALTIMORE,2023,110,34.250000
BALTIMORE,2023,109,
BALTIMORE,2023,108,
BALTIMORE,2023,107,
BALTIMORE,2023,106,
BALTIMORE,2023,105,
BALTIMORE,2023,104,
BALTIMORE,2023,103,
BALTIMORE,2023,102,
BALTIMORE,2023,101,
BALTIMORE,2023,100,
BALTIMORE,2023,99,
BALTIMORE,2023,98,
BALTIMORE,2023,97,
BALTIMORE,2023,96,
BALTIMORE,2023,95,
BALTIMORE,2023,94,
BALTIMORE,2023,93,
BALTIMORE,2023,92,
BALTIMORE,2023,91,
BALTIMORE,2023,90,
BALTIMORE,2023,89,
BALTIMORE,2023,88,
BALTIMORE,2023,87,
BALTIMORE,2023,86,
BALTIMORE,2023,85,
BALTIMORE,2023,84,
BALTIMORE,2023,83,
BALTIMORE,2023,82,
BALTIMORE,2023,81,
BALTIMORE,2023,80,
BALTIMORE,2023,79,
BALTIMORE,2023,78,
BALTIMORE,2023,77,
BALTIMORE,2023,76,
BALTIMORE,2023,75,
BALTIMORE,2023,74,
BALTIMORE,2023,73,
BALTIMORE,2023,72,
BALTIMORE,2023,71,
BALTIMORE,2023,70,
BALTIMORE,2023,69,
BALTIMORE,2023,68,
BALTIMORE,2023,67,
BALTIMORE,2023,66,
BALTIMORE,2023,65,
BALTIMORE,2023,64,
BALTIMORE,2023,63,
BALTIMORE,2023,62,
BALTIMORE,2023,61,
BALTIMORE,2023,60,
BALTIMORE,2023,59,
BALTIMORE,2023,58,
BALTIMORE,2023,57,
BALTIMORE,2023,56,
BALTIMORE,2023,55,
BALTIMORE,2023,54,
BALTIMORE,2023,53,
BALTIMORE,2023,52,
BALTIMORE,2023,51,
BALTIMORE,2023,50,
BALTIMORE,2023,49,
BALTIMORE,2023,48,
BALTIMORE,2023,47,
BALTIMORE,2023,46,
BALTIMORE,2023,45,
BALTIMORE,2023,44,
BALTIMORE,2023,43,
BALTIMORE,2023,42,
BALTIMORE,2023,41,
BALTIMORE,2023,40,
BALTIMORE,2023,39,
BALTIMORE,2023,38,
BALTIMORE,2023,37,
BALTIMORE,2023,36,
BALTIMORE,2023,35,
BALTIMORE,2023,34,
BALTIMORE,2023,33,
BALTIMORE,2023,32,
BALTIMORE,2023,31,
BALTIMORE,2023,30,
BALTIMORE,2023,29,
BALTIMORE,2023,28,
BALTIMORE,2023,27,
BALTIMORE,2023,26,
BALTIMORE,2023,25,
BALTIMORE,2023,24,
BALTIMORE,2023,23,
BALTIMORE,2023,22,
BALTIMORE,2023,21,
BALTIMORE,2023,20,
BALTIMORE,2023,19,
BALTIMORE,2023,18,
BALTIMORE,2023,17,
BALTIMORE,2023,16,
BALTIMORE,2023,15,
BALTIMORE,2023,14,
BALTIMORE,2023,13,
BALTIMORE,2023,12,
BALTIMORE,2023,11,
BALTIMORE,2023,10,
BALTIMORE,2023,9,
BALTIMORE,2023,8,
BALTIMORE,2023,7,
BALTIMORE,2023,6,
BALTIMORE,2023,5,
BALTIMORE,2023,4,
BALTIMORE,2023,3,
BALTIMORE,2023,2,
BOSTON,2023,366,
BOSTON,2023,365,
BOSTON,2023,364,
BOSTON,2023,363,34.000000
BOSTON,2023,362,34.000000
BOSTON,2023,361,34.000000
BOSTON,2023,360,34.000000
BOSTON,2023,359,
BOSTON,2023,358,
BOSTON,2023,357,
BOSTON,2023,356,34.000000
BOSTON,2023,355,34.000000
BOSTON,2023,354,34.000000
BOSTON,2023,353,34.000000
BOSTON,2023,352,34.000000
BOSTON,2023,351,
BOSTON,2023,350,
BOSTON,2023,349,34.000000
BOSTON,2023,348,34.000000
BOSTON,2023,347,34.000000
BOSTON,2023,346,34.000000
BOSTON,2023,345,34.000000
BOSTON,2023,344,
BOSTON,2023,343,
BOSTON,2023,342,34.000000
BOSTON,2023,341,34.000000
BOSTON,2023,340,34.000000
BOSTON,2023,339,34.000000
BOSTON,2023,338,34.000000
BOSTON,2023,337,
BOSTON,2023,336,
BOSTON,2023,335,34.000000
BOSTON,2023,334,34.000000
BOSTON,2023,333,34.000000
BOSTON,2023,332,34.000000
BOSTON,2023,331,34.000000
BOSTON,2023,330,
BOSTON,2023,329,
BOSTON,2023,328,34.000000
BOSTON,2023,327,
BOSTON,2023,326,34.000000
BOSTON,2023,325,34.000000
BOSTON,2023,324,34.000000
BOSTON,2023,323,
BOSTON,2023,322,
BOSTON,2023,321,34.000000
BOSTON,2023,320,34.000000
BOSTON,2023,319,34.000000
BOSTON,2023,318,34.000000
BOSTON,2023,317,34.000000
BOSTON,2023,316,
BOSTON,2023,315,
BOSTON,2023,314,
BOSTON,2023,313,34.000000
BOSTON,2023,312,34.000000
BOSTON,2023,311,34.000000
BOSTON,2023,310,34.000000
BOSTON,2023,309,
BOSTON,2023,308,
BOSTON,2023,307,34.000000
BOSTON,2023,306,34.000000
BOSTON,2023,305,34.000000
BOSTON,2023,304,34.000000
BOSTON,2023,303,34.000000
BOSTON,2023,302,
BOSTON,2023,301,
BOSTON,2023,300,34.000000
BOSTON,2023,299,34.000000
BOSTON,2023,298,34.000000
BOSTON,2023,297,34.000000
BOSTON,2023,296,34.000000
BOSTON,2023,295,
BOSTON,2023,294,
BOSTON,2023,293,34.000000
BOSTON,2023,292,34.000000
BOSTON,2023,291,34.000000
BOSTON,2023,290,34.000000
BOSTON,2023,289,34.000000
BOSTON,2023,288,
BOSTON,2023,287,
BOSTON,2023,286,34.000000
BOSTON,2023,285,34.000000
BOSTON,2023,284,34.000000
BOSTON,2023,283,34.000000
BOSTON,2023,282,
BOSTON,2023,281,
BOSTON,2023,280,
BOSTON,2023,279,34.000000
BOSTON,2023,278,34.000000
BOSTON,2023,277,34.000000
BOSTON,2023,276,34.000000
BOSTON,2023,275,34.000000
BOSTON,2023,274,
BOSTON,2023,273,
BOSTON,2023,272,34.000000
BOSTON,2023,271,34.000000
BOSTON,2023,270,34.000000
BOSTON,2023,269,34.000000
BOSTON,2023,268,34.000000
BOSTON,2023,267,
BOSTON,2023,266,
BOSTON,2023,265,34.000000
BOSTON,2023,264,34.000000
BOSTON,2023,263,34.000000
BOSTON,2023,262,34.000000
BOSTON,2023,261,34.000000
BOSTON,2023,260,
BOSTON,2023,259,
BOSTON,2023,258,34.000000
BOSTON,2023,257,34.000000
BOSTON,2023,256,34.000000
BOSTON,2023,255,34.000000
BOSTON,2023,254,34.000000
BOSTON,2023,253,
BOSTON,2023,252,
BOSTON,2023,251,34.000000
BOSTON,2023,250,34.000000
BOSTON,2023,249,34.000000
BOSTON,2023,248,34.000000
BOSTON,2023,247,
BOSTON,2023,246,
BOSTON,2023,245,
BOSTON,2023,244,34.000000
BOSTON,2023,243,34.000000
BOSTON,2023,242,34.000000
BOSTON,2023,241,34.000000
BOSTON,2023,240,34.000000
BOSTON,2023,239,
BOSTON,2023,238,
BOSTON,2023,237,34.000000
BOSTON,2023,236,34.000000
BOSTON,2023,235,34.000000
BOSTON,2023,234,34.000000
BOSTON,2023,233,34.000000
BOSTON,2023,232,
BOSTON,2023,231,
BOSTON,2023,230,34.000000
BOSTON,2023,229,34.000000
BOSTON,2023,228,34.000000
BOSTON,2023,227,34.000000
BOSTON,2023,226,34.000000
BOSTON,2023,225,
BOSTON,2023,224,
BOSTON,2023,223,34.000000
BOSTON,2023,222,34.000000
BOSTON,2023,221,34.000000
BOSTON,2023,220,34.000000
BOSTON,2023,219,34.000000
BOSTON,2023,218,
BOSTON,2023,217,
BOSTON,2023,216,34.000000
BOSTON,2023,215,34.000000
BOSTON,2023,214,34.000000
BOSTON,2023,213,34.000000
BOSTON,2023,212,34.000000
BOSTON,2023,211,
BOSTON,2023,210,
BOSTON,2023,209,34.000000
BOSTON,2023,208,34.000000
BOSTON,2023,207,34.000000
BOSTON,2023,206,34.000000
BOSTON,2023,205,34.000000
BOSTON,2023,204,
BOSTON,2023,203,
BOSTON,2023,202,34.000000
BOSTON,2023,201,34.000000
BOSTON,2023,200,34.000000
BOSTON,2023,199,34.000000
BOSTON,2023,198,34.000000
BOSTON,2023,197,
BOSTON,2023,196,
BOSTON,2023,195,34.000000
BOSTON,2023,194,34.000000
BOSTON,2023,193,34.000000
BOSTON,2023,192,34.000000
BOSTON,2023,191,34.000000
BOSTON,2023,190,
BOSTON,2023,189,
BOSTON,2023,188,34.000000
BOSTON,2023,187,34.000000
BOSTON,2023,186,34.000000
BOSTON,2023,185,
BOSTON,2023,184,34.000000
BOSTON,2023,183,
BOSTON,2023,182,
BOSTON,2023,181,34.000000
BOSTON,2023,180,34.000000
BOSTON,2023,179,34.000000
BOSTON,2023,178,34.000000
BOSTON,2023,177,34.000000
BOSTON,2023,176,
BOSTON,2023,175,
BOSTON,2023,174,34.000000
BOSTON,2023,173,34.000000
BOSTON,2023,172,34.000000
BOSTON,2023,171,34.000000
BOSTON,2023,170,
BOSTON,2023,169,
BOSTON,2023,168,
BOSTON,2023,167,34.000000
BOSTON,2023,166,34.000000
BOSTON,2023,165,34.000000
BOSTON,2023,164,34.000000
BOSTON,2023,163,34.000000
BOSTON,2023,162,
BOSTON,2023,161,
BOSTON,2023,160,34.000000
BOSTON,2023,159,34.000000
BOSTON,2023,158,34.000000
BOSTON,2023,157,34.000000
BOSTON,2023,156,34.000000
BOSTON,2023,155,
BOSTON,2023,154,
BOSTON,2023,153,34.000000
BOSTON,2023,152,33.000000
BOSTON,2023,151,33.000000
BOSTON,2023,150,33.000000
BOSTON,2023,149,
BOSTON,2023,148,
BOSTON,2023,147,
BOSTON,2023,146,33.000000
BOSTON,2023,145,33.000000
BOSTON,2023,144,33.000000
BOSTON,2023,143,33.000000
BOSTON,2023,142,34.500000
BOSTON,2023,141,
BOSTON,2023,140,
BOSTON,2023,139,34.500000
BOSTON,2023,138,34.500000
BOSTON,2023,137,34.500000
BOSTON,2023,136,34.500000
BOSTON,2023,135,34.500000
BOSTON,2023,134,
BOSTON,2023,133,
BOSTON,2023,132,34.500000
BOSTON,2023,131,34.500000
BOSTON,2023,130,32.000000
BOSTON,2023,129,32.000000
BOSTON,2023,128,32.000000
BOSTON,2023,127,
BOSTON,2023,126,
BOSTON,2023,125,32.000000
BOSTON,2023,124,32.000000
BOSTON,2023,123,32.000000
BOSTON,2023,122,32.000000
BOSTON,2023,121,32.000000
BOSTON,2023,120,
BOSTON,2023,119,
BOSTON,2023,118,32.000000
BOSTON,2023,117,32.000000
BOSTON,2023,116,32.000000
BOSTON,2023,115,32.000000
BOSTON,2023,114,32.000000
BOSTON,2023,113,
BOSTON,2023,112,
BOSTON,2023,111,32.000000
BOSTON,2023,110,32.000000
BOSTON,2023,109,32.000000
BOSTON,2023,108,32.000000
BOSTON,2023,107,32.000000
BOSTON,2023,106,
BOSTON,2023,105,
BOSTON,2023,104,32.000000
BOSTON,2023,103,32.000000
BOSTON,2023,102,32.000000
BOSTON,2023,101,32.000000
BOSTON,2023,100,32.000000
BOSTON,2023,99,
BOSTON,2023,98,
BOSTON,2023,97,32.000000
BOSTON,2023,96,32.000000
BOSTON,2023,95,32.000000
BOSTON,2023,94,36.000000
BOSTON,2023,93,36.000000
BOSTON,2023,92,
BOSTON,2023,91,
BOSTON,2023,90,36.000000
BOSTON,2023,89,36.000000
BOSTON,2023,88,36.000000
BOSTON,2023,87,36.000000
BOSTON,2023,86,33.000000
BOSTON,2023,85,
BOSTON,2023,84,
BOSTON,2023,83,33.000000
BOSTON,2023,82,33.000000
BOSTON,2023,81,33.000000
BOSTON,2023,80,33.000000
BOSTON,2023,79,33.000000
BOSTON,2023,78,
BOSTON,2023,77,
BOSTON,2023,76,33.000000
BOSTON,2023,75,33.000000
BOSTON,2023,74,33.000000
BOSTON,2023,73,38.000000
BOSTON,2023,72,38.000000
BOSTON,2023,71,
BOSTON,2023,70,
BOSTON,2023,69,38.000000
BOSTON,2023,68,38.000000
BOSTON,2023,67,38.000000
BOSTON,2023,66,40.500000
BOSTON,2023,65,41.000000
BOSTON,2023,64,
BOSTON,2023,63,
BOSTON,2023,62,41.000000
BOSTON,2023,61,33.500000
BOSTON,2023,60,33.500000
BOSTON,2023,59,33.500000
BOSTON,2023,58,33.500000
BOSTON,2023,57,
BOSTON,2023,56,
BOSTON,2023,55,33.500000
BOSTON,2023,54,33.500000
BOSTON,2023,53,33.500000
BOSTON,2023,52,33.500000
BOSTON,2023,51,
BOSTON,2023,50,
BOSTON,2023,49,
BOSTON,2023,48,33.500000
BOSTON,2023,47,33.500000
BOSTON,2023,46,33.500000
BOSTON,2023,45,33.500000
BOSTON,2023,44,33.500000
BOSTON,2023,43,
BOSTON,2023,42,
BOSTON,2023,41,33.500000
BOSTON,2023,40,33.500000
BOSTON,2023,39,33.500000
BOSTON,2023,38,33.500000
BOSTON,2023,37,33.500000
BOSTON,2023,36,
BOSTON,2023,35,
BOSTON,2023,34,33.500000
BOSTON,2023,33,33.500000
BOSTON,2023,32,33.500000
BOSTON,2023,31,33.500000
BOSTON,2023,30,33.500000
BOSTON,2023,29,
BOSTON,2023,28,
BOSTON,2023,27,33.500000
BOSTON,2023,26,33.500000
BOSTON,2023,25,33.500000
BOSTON,2023,24,33.500000
BOSTON,2023,23,33.500000
BOSTON,2023,22,
BOSTON,2023,21,
BOSTON,2023,20,33.500000
BOSTON,2023,19,33.500000
BOSTON,2023,18,30.500000
BOSTON,2023,17,30.500000
BOSTON,2023,16,
BOSTON,2023,15,
BOSTON,2023,14,
BOSTON,2023,13,30.500000
BOSTON,2023,12,30.500000
BOSTON,2023,11,30.500000
BOSTON,2023,10,30.500000
BOSTON,2023,9,30.500000
BOSTON,2023,8,
BOSTON,2023,7,
BOSTON,2023,6,30.500000
BOSTON,2023,5,30.500000
BOSTON,2023,4,30.500000
BOSTON,2023,3,30.500000
BOSTON,2023,2,
CHICAGO,2023,366,
CHICAGO,2023,365,
CHICAGO,2023,364,
CHICAGO,2023,363,22.000000
CHICAGO,2023,362,22.000000
CHICAGO,2023,361,22.000000
CHICAGO,2023,360,22.000000
CHICAGO,2023,359,
CHICAGO,2023,358,
CHICAGO,2023,357,
CHICAGO,2023,356,22.000000
CHICAGO,2023,355,22.000000
CHICAGO,2023,354,22.000000
CHICAGO,2023,353,22.000000
CHICAGO,2023,352,22.000000
CHICAGO,2023,351,
CHICAGO,2023,350,
CHICAGO,2023,349,22.000000
CHICAGO,2023,348,22.000000
CHICAGO,2023,347,22.000000
CHICAGO,2023,346,22.000000
CHICAGO,2023,345,22.000000
CHICAGO,2023,344,
CHICAGO,2023,343,
CHICAGO,2023,342,22.000000
CHICAGO,2023,341,22.000000
CHICAGO,2023,340,22.000000
CHICAGO,2023,339,22.000000
CHICAGO,2023,338,22.000000
CHICAGO,2023,337,
CHICAGO,2023,336,
CHICAGO,2023,335,22.000000
CHICAGO,2023,334,22.000000
CHICAGO,2023,333,22.000000
CHICAGO,2023,332,22.000000
CHICAGO,2023,331,22.000000
CHICAGO,2023,330,
CHICAGO,2023,329,
CHICAGO,2023,328,22.000000
CHICAGO,2023,327,
CHICAGO,2023,326,22.000000
CHICAGO,2023,325,22.000000
CHICAGO,2023,324,22.000000
CHICAGO,2023,323,
CHICAGO,2023,322,
CHICAGO,2023,321,22.000000
CHICAGO,2023,320,22.000000
CHICAGO,2023,319,22.000000
CHICAGO,2023,318,22.000000
CHICAGO,2023,317,22.000000
CHICAGO,2023,316,
CHICAGO,2023,315,
CHICAGO,2023,314,
CHICAGO,2023,313,22.000000
CHICAGO,2023,312,22.000000
CHICAGO,2023,311,22.000000
CHICAGO,2023,310,22.000000
CHICAGO,2023,309,
CHICAGO,2023,308,
CHICAGO,2023,307,22.000000
CHICAGO,2023,306,22.000000
CHICAGO,2023,305,22.000000
CHICAGO,2023,304,22.000000
CHICAGO,2023,303,40.000000
CHICAGO,2023,302,
CHICAGO,2023,301,
CHICAGO,2023,300,40.000000
CHICAGO,2023,299,40.000000
CHICAGO,2023,298,40.000000
CHICAGO,2023,297,40.000000
CHICAGO,2023,296,40.000000
CHICAGO,2023,295,
CHICAGO,2023,294,
CHICAGO,2023,293,40.000000
CHICAGO,2023,292,30.000000
CHICAGO,2023,291,30.000000
CHICAGO,2023,290,30.000000
CHICAGO,2023,289,30.000000
CHICAGO,2023,288,
CHICAGO,2023,287,
CHICAGO,2023,286,30.000000
CHICAGO,2023,285,30.000000
CHICAGO,2023,284,30.000000
CHICAGO,2023,283,30.000000
CHICAGO,2023,282,
CHICAGO,2023,281,
CHICAGO,2023,280,
CHICAGO,2023,279,30.000000
CHICAGO,2023,278,30.000000
CHICAGO,2023,277,30.000000
CHICAGO,2023,276,30.000000
CHICAGO,2023,275,30.000000
CHICAGO,2023,274,
CHICAGO,2023,273,
CHICAGO,2023,272,30.000000
CHICAGO,2023,271,30.000000
CHICAGO,2023,270,30.000000
CHICAGO,2023,269,30.000000
CHICAGO,2023,268,30.000000
CHICAGO,2023,267,
CHICAGO,2023,266,
CHICAGO,2023,265,30.000000
CHICAGO,2023,264,30.000000
CHICAGO,2023,263,30.000000
CHICAGO,2023,262,30.000000
CHICAGO,2023,261,30.000000
CHICAGO,2023,260,
CHICAGO,2023,259,
CHICAGO,2023,258,30.000000
CHICAGO,2023,257,64.000000
CHICAGO,2023,256,64.000000
CHICAGO,2023,255,64.000000
CHICAGO,2023,254,64.000000
CHICAGO,2023,253,
CHICAGO,2023,252,
CHICAGO,2023,251,64.000000
CHICAGO,2023,250,64.000000
CHICAGO,2023,249,64.000000
CHICAGO,2023,248,64.000000
CHICAGO,2023,247,
CHICAGO,2023,246,
CHICAGO,2023,245,
CHICAGO,2023,244,64.000000
CHICAGO,2023,243,64.000000
CHICAGO,2023,242,64.000000
CHICAGO,2023,241,64.000000
CHICAGO,2023,240,64.000000
CHICAGO,2023,239,
CHICAGO,2023,238,
CHICAGO,2023,237,64.000000
CHICAGO,2023,236,64.000000
CHICAGO,2023,235,64.000000
CHICAGO,2023,234,64.000000
CHICAGO,2023,233,64.000000
CHICAGO,2023,232,
CHICAGO,2023,231,
CHICAGO,2023,230,64.000000
CHICAGO,2023,229,64.000000
CHICAGO,2023,228,64.000000
CHICAGO,2023,227,64.000000
CHICAGO,2023,226,64.000000
CHICAGO,2023,225,
CHICAGO,2023,224,
CHICAGO,2023,223,64.000000
CHICAGO,2023,222,64.000000
CHICAGO,2023,221,64.000000
CHICAGO,2023,220,64.000000
CHICAGO,2023,219,64.000000
CHICAGO,2023,218,
CHICAGO,2023,217,
CHICAGO,2023,216,64.000000
CHICAGO,2023,215,64.000000
CHICAGO,2023,214,64.000000
CHICAGO,2023,213,64.000000
CHICAGO,2023,212,64.000000
CHICAGO,2023,211,
CHICAGO,2023,210,
CHICAGO,2023,209,64.000000
CHICAGO,2023,208,64.000000
CHICAGO,2023,207,64.000000
CHICAGO,2023,206,64.000000
CHICAGO,2023,205,
CHICAGO,2023,204,
CHICAGO,2023,203,
CHICAGO,2023,202,
CHICAGO,2023,201,
CHICAGO,2023,200,
CHICAGO,2023,199,
CHICAGO,2023,198,
CHICAGO,2023,197,
CHICAGO,2023,196,
CHICAGO,2023,195,
CHICAGO,2023,194,
CHICAGO,2023,193,
CHICAGO,2023,192,
CHICAGO,2023,191,
CHICAGO,2023,190,
CHICAGO,2023,189,
CHICAGO,2023,188,
CHICAGO,2023,187,
CHICAGO,2023,186,
CHICAGO,2023,185,
CHICAGO,2023,184,
CHICAGO,2023,183,
CHICAGO,2023,182,
CHICAGO,2023,181,
CHICAGO,2023,180,
CHICAGO,2023,179,
CHICAGO,2023,178,
CHICAGO,2023,177,
CHICAGO,2023,176,
CHICAGO,2023,175,
CHICAGO,2023,174,
CHICAGO,2023,173,
CHICAGO,2023,172,
CHICAGO,2023,171,
CHICAGO,2023,170,
CHICAGO,2023,169,
CHICAGO,2023,168,
CHICAGO,2023,167,
CHICAGO,2023,166,
CHICAGO,2023,165,
CHICAGO,2023,164,
CHICAGO,2023,163,
CHICAGO,2023,162,
CHICAGO,2023,161,
CHICAGO,2023,160,
CHICAGO,2023,159,
CHICAGO,2023,158,
CHICAGO,2023,157,
CHICAGO,2023,156,
CHICAGO,2023,155,
CHICAGO,2023,154,
CHICAGO,2023,153,
CHICAGO,2023,152,
CHICAGO,2023,151,
CHICAGO,2023,150,
CHICAGO,2023,149,
CHICAGO,2023,148,
CHICAGO,2023,147,
CHICAGO,2023,146,
CHICAGO,2023,145,
CHICAGO,2023,144,
CHICAGO,2023,143,
CHICAGO,2023,142,
CHICAGO,2023,141,
CHICAGO,2023,140,
CHICAGO,2023,139,
CHICAGO,2023,138,
CHICAGO,2023,137,
CHICAGO,2023,136,
CHICAGO,2023,135,
CHICAGO,2023,134,
CHICAGO,2023,133,
CHICAGO,2023,132,
CHICAGO,2023,131,
CHICAGO,2023,130,
CHICAGO,2023,129,
CHICAGO,2023,128,
CHICAGO,2023,127,
CHICAGO,2023,126,
CHICAGO,2023,125,
CHICAGO,2023,124,
CHICAGO,2023,123,
CHICAGO,2023,122,
CHICAGO,2023,121,
CHICAGO,2023,120,
CHICAGO,2023,119,
CHICAGO,2023,118,
CHICAGO,2023,117,
CHICAGO,2023,116,
CHICAGO,2023,115,
CHICAGO,2023,114,
CHICAGO,2023,113,
CHICAGO,2023,112,
CHICAGO,2023,111,
CHICAGO,2023,110,
CHICAGO,2023,109,
CHICAGO,2023,108,
CHICAGO,2023,107,
CHICAGO,2023,106,
CHICAGO,2023,105,
CHICAGO,2023,104,
CHICAGO,2023,103,
CHICAGO,2023,102,
CHICAGO,2023,101,
CHICAGO,2023,100,
CHICAGO,2023,99,
CHICAGO,2023,98,
CHICAGO,2023,97,
CHICAGO,2023,96,
CHICAGO,2023,95,
CHICAGO,2023,94,
CHICAGO,2023,93,
CHICAGO,2023,92,
CHICAGO,2023,91,
CHICAGO,2023,90,
CHICAGO,2023,89,
CHICAGO,2023,88,
CHICAGO,2023,87,
CHICAGO,2023,86,
CHICAGO,2023,85,
CHICAGO,2023,84,
CHICAGO,2023,83,
CHICAGO,2023,82,
CHICAGO,2023,81,
CHICAGO,2023,80,37.000000
CHICAGO,2023,79,37.000000
CHICAGO,2023,78,
CHICAGO,2023,77,
CHICAGO,2023,76,37.000000
CHICAGO,2023,75,37.000000
CHICAGO,2023,74,37.000000
CHICAGO,2023,73,37.000000
CHICAGO,2023,72,37.000000
CHICAGO,2023,71,
CHICAGO,2023,70,
CHICAGO,2023,69,37.000000
CHICAGO,2023,68,37.000000
CHICAGO,2023,67,37.000000
CHICAGO,2023,66,37.000000
CHICAGO,2023,65,37.000000
CHICAGO,2023,64,
CHICAGO,2023,63,
CHICAGO,2023,62,37.000000
CHICAGO,2023,61,37.000000
CHICAGO,2023,60,37.000000
CHICAGO,2023,59,37.000000
CHICAGO,2023,58,37.000000
CHICAGO,2023,57,
CHICAGO,2023,56,
CHICAGO,2023,55,37.000000
CHICAGO,2023,54,37.000000
CHICAGO,2023,53,37.000000
CHICAGO,2023,52,37.000000
CHICAGO,2023,51,
CHICAGO,2023,50,
CHICAGO,2023,49,
CHICAGO,2023,48,37.000000
CHICAGO,2023,47,37.000000
CHICAGO,2023,46,37.000000
CHICAGO,2023,45,37.000000
CHICAGO,2023,44,37.000000
CHICAGO,2023,43,
CHICAGO,2023,42,
CHICAGO,2023,41,37.000000
CHICAGO,2023,40,37.000000
CHICAGO,2023,39,37.000000
CHICAGO,2023,38,37.000000
CHICAGO,2023,37,37.000000
CHICAGO,2023,36,
CHICAGO,2023,35,
CHICAGO,2023,34,37.000000
CHICAGO,2023,33,37.000000
CHICAGO,2023,32,37.000000
CHICAGO,2023,31,37.000000
CHICAGO,2023,30,37.000000
CHICAGO,2023,29,
CHICAGO,2023,28,
CHICAGO,2023,27,37.000000
CHICAGO,2023,26,37.000000
CHICAGO,2023,25,37.000000
CHICAGO,2023,24,37.000000
CHICAGO,2023,23,37.000000
CHICAGO,2023,22,
CHICAGO,2023,21,
CHICAGO,2023,20,37.000000
CHICAGO,2023,19,37.000000
CHICAGO,2023,18,37.000000
CHICAGO,2023,17,37.000000
CHICAGO,2023,16,
CHICAGO,2023,15,
CHICAGO,2023,14,
CHICAGO,2023,13,37.000000
CHICAGO,2023,12,37.000000
CHICAGO,2023,11,37.000000
CHICAGO,2023,10,37.000000
CHICAGO,2023,9,37.000000
CHICAGO,2023,8,
CHICAGO,2023,7,
CHICAGO,2023,6,37.000000
CHICAGO,2023,5,37.000000
CHICAGO,2023,4,37.000000
CHICAGO,2023,3,37.000000
CHICAGO,2023,2,
LOS ANGELES,2023,366,
LOS ANGELES,2023,365,
LOS ANGELES,2023,364,
LOS ANGELES,2023,363,20.750000
LOS ANGELES,2023,362,20.750000
LOS ANGELES,2023,361,20.750000
LOS ANGELES,2023,360,20.750000
LOS ANGELES,2023,359,
LOS ANGELES,2023,358,
LOS ANGELES,2023,357,
LOS ANGELES,2023,356,29.000000
LOS ANGELES,2023,355,29.000000
LOS ANGELES,2023,354,29.000000
LOS ANGELES,2023,353,29.000000
LOS ANGELES,2023,352,29.000000
LOS ANGELES,2023,351,
LOS ANGELES,2023,350,
LOS ANGELES,2023,349,9.500000
LOS ANGELES,2023,348,9.500000
LOS ANGELES,2023,347,9.500000
LOS ANGELES,2023,346,9.500000
LOS ANGELES,2023,345,9.500000
LOS ANGELES,2023,344,
LOS ANGELES,2023,343,
LOS ANGELES,2023,342,9.500000
LOS ANGELES,2023,341,9.500000
LOS ANGELES,2023,340,9.500000
LOS ANGELES,2023,339,9.500000
LOS ANGELES,2023,338,21.750000
LOS ANGELES,2023,337,
LOS ANGELES,2023,336,
LOS ANGELES,2023,335,24.000000
LOS ANGELES,2023,334,24.000000
LOS ANGELES,2023,333,24.000000
LOS ANGELES,2023,332,24.000000
LOS ANGELES,2023,331,24.000000
LOS ANGELES,2023,330,
LOS ANGELES,2023,329,
LOS ANGELES,2023,328,24.000000
LOS ANGELES,2023,327,
LOS ANGELES,2023,326,24.000000
LOS ANGELES,2023,325,24.000000
LOS ANGELES,2023,324,24.000000
LOS ANGELES,2023,323,
LOS ANGELES,2023,322,
LOS ANGELES,2023,321,24.000000
LOS ANGELES,2023,320,16.000000
LOS ANGELES,2023,319,16.000000
LOS ANGELES,2023,318,19.000000
LOS ANGELES,2023,317,19.000000
LOS ANGELES,2023,316,
LOS ANGELES,2023,315,
LOS ANGELES,2023,314,
LOS ANGELES,2023,313,19.000000
LOS ANGELES,2023,312,19.000000
LOS ANGELES,2023,311,19.000000
LOS ANGELES,2023,310,19.000000
LOS ANGELES,2023,309,
LOS ANGELES,2023,308,
LOS ANGELES,2023,307,19.000000
LOS ANGELES,2023,306,19.000000
LOS ANGELES,2023,305,19.000000
LOS ANGELES,2023,304,19.000000
LOS ANGELES,2023,303,19.000000
LOS ANGELES,2023,302,
LOS ANGELES,2023,301,
LOS ANGELES,2023,300,19.000000
LOS ANGELES,2023,299,19.000000
LOS ANGELES,2023,298,19.000000
LOS ANGELES,2023,297,19.000000
LOS ANGELES,2023,296,16.500000
LOS ANGELES,2023,295,
LOS ANGELES,2023,294,
LOS ANGELES,2023,293,16.500000
LOS ANGELES,2023,292,16.500000
LOS ANGELES,2023,291,16.500000
LOS ANGELES,2023,290,16.500000
LOS ANGELES,2023,289,16.500000
LOS ANGELES,2023,288,
LOS ANGELES,2023,287,
LOS ANGELES,2023,286,16.500000
LOS ANGELES,2023,285,16.500000
LOS ANGELES,2023,284,16.500000
LOS ANGELES,2023,283,16.500000
LOS ANGELES,2023,282,
LOS ANGELES,2023,281,
LOS ANGELES,2023,280,
LOS ANGELES,2023,279,16.500000
LOS ANGELES,2023,278,16.500000
LOS ANGELES,2023,277,16.500000
LOS ANGELES,2023,276,16.500000
LOS ANGELES,2023,275,16.500000
LOS ANGELES,2023,274,
LOS ANGELES,2023,273,
LOS ANGELES,2023,272,47.500000
LOS ANGELES,2023,271,47.500000
LOS ANGELES,2023,270,47.500000
LOS ANGELES,2023,269,47.500000
LOS ANGELES,2023,268,47.500000
LOS ANGELES,2023,267,
LOS ANGELES,2023,266,
LOS ANGELES,2023,265,47.500000
LOS ANGELES,2023,264,47.500000
LOS ANGELES,2023,263,47.500000
LOS ANGELES,2023,262,47.500000
LOS ANGELES,2023,261,47.500000
LOS ANGELES,2023,260,
LOS ANGELES,2023,259,
LOS ANGELES,2023,258,47.500000
LOS ANGELES,2023,257,47.500000
LOS ANGELES,2023,256,47.500000
LOS ANGELES,2023,255,47.500000
LOS ANGELES,2023,254,47.500000
LOS ANGELES,2023,253,
LOS ANGELES,2023,252,
LOS ANGELES,2023,251,47.500000
LOS ANGELES,2023,250,47.500000
LOS ANGELES,2023,249,47.500000
LOS ANGELES,2023,248,47.500000
LOS ANGELES,2023,247,
LOS ANGELES,2023,246,
LOS ANGELES,2023,245,
LOS ANGELES,2023,244,47.500000
LOS ANGELES,2023,243,47.500000
LOS ANGELES,2023,242,47.500000
LOS ANGELES,2023,241,47.500000
LOS ANGELES,2023,240,37.500000
LOS ANGELES,2023,239,
LOS ANGELES,2023,238,
LOS ANGELES,2023,237,37.500000
LOS ANGELES,2023,236,37.500000
LOS ANGELES,2023,235,37.500000
LOS ANGELES,2023,234,37.500000
LOS ANGELES,2023,233,37.500000
LOS ANGELES,2023,232,
LOS ANGELES,2023,231,
LOS ANGELES,2023,230,37.500000
LOS ANGELES,2023,229,37.500000
LOS ANGELES,2023,228,37.500000
LOS ANGELES,2023,227,37.500000
LOS ANGELES,2023,226,37.500000
LOS ANGELES,2023,225,
LOS ANGELES,2023,224,
LOS ANGELES,2023,223,37.500000
LOS ANGELES,2023,222,37.500000
LOS ANGELES,2023,221,37.500000
LOS ANGELES,2023,220,37.500000
LOS ANGELES,2023,219,37.500000
LOS ANGELES,2023,218,
LOS ANGELES,2023,217,
LOS ANGELES,2023,216,37.500000
LOS ANGELES,2023,215,37.500000
LOS ANGELES,2023,214,37.500000
LOS ANGELES,2023,213,37.500000
LOS ANGELES,2023,212,37.500000
LOS ANGELES,2023,211,
LOS ANGELES,2023,210,
LOS ANGELES,2023,209,37.500000
LOS ANGELES,2023,208,37.500000
LOS ANGELES,2023,207,37.500000
LOS ANGELES,2023,206,37.500000
LOS ANGELES,2023,205,37.500000
LOS ANGELES,2023,204,
LOS ANGELES,2023,203,
LOS ANGELES,2023,202,62.500000
LOS ANGELES,2023,201,72.500000
LOS ANGELES,2023,200,72.500000
LOS ANGELES,2023,199,72.500000
LOS ANGELES,2023,198,85.000000
LOS ANGELES,2023,197,
LOS ANGELES,2023,196,
LOS ANGELES,2023,195,85.000000
LOS ANGELES,2023,194,85.000000
LOS ANGELES,2023,193,85.000000
LOS ANGELES,2023,192,85.000000
LOS ANGELES,2023,191,85.000000
LOS ANGELES,2023,190,
LOS ANGELES,2023,189,
LOS ANGELES,2023,188,85.000000
LOS ANGELES,2023,187,85.000000
LOS ANGELES,2023,186,85.000000
LOS ANGELES,2023,185,
LOS ANGELES,2023,184,62.500000
LOS ANGELES,2023,183,
LOS ANGELES,2023,182,
LOS ANGELES,2023,181,62.500000
LOS ANGELES,2023,180,62.500000
LOS ANGELES,2023,179,62.500000
LOS ANGELES,2023,178,62.500000
LOS ANGELES,2023,177,62.500000
LOS ANGELES,2023,176,
LOS ANGELES,2023,175,
LOS ANGELES,2023,174,62.500000
LOS ANGELES,2023,173,67.500000
LOS ANGELES,2023,172,67.500000
LOS ANGELES,2023,171,67.500000
LOS ANGELES,2023,170,
LOS ANGELES,2023,169,
LOS ANGELES,2023,168,
LOS ANGELES,2023,167,67.500000
LOS ANGELES,2023,166,67.500000
LOS ANGELES,2023,165,75.000000
LOS ANGELES,2023,164,75.000000
LOS ANGELES,2023,163,57.500000
LOS ANGELES,2023,162,
LOS ANGELES,2023,161,
LOS ANGELES,2023,160,52.500000
LOS ANGELES,2023,159,52.500000
LOS ANGELES,2023,158,52.500000
LOS ANGELES,2023,157,52.500000
LOS ANGELES,2023,156,52.500000
LOS ANGELES,2023,155,
LOS ANGELES,2023,154,
LOS ANGELES,2023,153,52.500000
LOS ANGELES,2023,152,52.500000
LOS ANGELES,2023,151,52.500000
LOS ANGELES,2023,150,52.500000
LOS ANGELES,2023,149,
LOS ANGELES,2023,148,
LOS ANGELES,2023,147,
LOS ANGELES,2023,146,52.500000
LOS ANGELES,2023,145,52.500000
LOS ANGELES,2023,144,52.500000
LOS ANGELES,2023,143,52.500000
LOS ANGELES,2023,142,52.500000
LOS ANGELES,2023,141,
LOS ANGELES,2023,140,
LOS ANGELES,2023,139,52.500000
LOS ANGELES,2023,138,47.500000
LOS ANGELES,2023,137,47.500000
LOS ANGELES,2023,136,47.500000
LOS ANGELES,2023,135,47.500000
LOS ANGELES,2023,134,
LOS ANGELES,2023,133,
LOS ANGELES,2023,132,27.000000
LOS ANGELES,2023,131,27.000000
LOS ANGELES,2023,130,27.000000
LOS ANGELES,2023,129,27.000000
LOS ANGELES,2023,128,27.000000
LOS ANGELES,2023,127,
LOS ANGELES,2023,126,
LOS ANGELES,2023,125,27.000000
LOS ANGELES,2023,124,27.000000
LOS ANGELES,2023,123,27.000000
LOS ANGELES,2023,122,27.000000
LOS ANGELES,2023,121,27.000000
LOS ANGELES,2023,120,
LOS ANGELES,2023,119,
LOS ANGELES,2023,118,27.000000
LOS ANGELES,2023,117,27.000000
LOS ANGELES,2023,116,27.000000
LOS ANGELES,2023,115,27.000000
LOS ANGELES,2023,114,27.000000
LOS ANGELES,2023,113,
LOS ANGELES,2023,112,
LOS ANGELES,2023,111,31.500000
LOS ANGELES,2023,110,31.500000
LOS ANGELES,2023,109,31.500000
LOS ANGELES,2023,108,31.500000
LOS ANGELES,2023,107,31.500000
LOS ANGELES,2023,106,
LOS ANGELES,2023,105,
LOS ANGELES,2023,104,31.500000
LOS ANGELES,2023,103,31.500000
LOS ANGELES,2023,102,31.500000
LOS ANGELES,2023,101,31.500000
LOS ANGELES,2023,100,31.500000
LOS ANGELES,2023,99,
LOS ANGELES,2023,98,
LOS ANGELES,2023,97,31.500000
LOS ANGELES,2023,96,31.500000
LOS ANGELES,2023,95,31.500000
LOS ANGELES,2023,94,31.500000
LOS ANGELES,2023,93,31.500000
LOS ANGELES,2023,92,
LOS ANGELES,2023,91,
LOS ANGELES,2023,90,31.500000
LOS ANGELES,2023,89,31.500000
LOS ANGELES,2023,88,31.500000
LOS ANGELES,2023,87,31.500000
LOS ANGELES,2023,86,31.500000
LOS ANGELES,2023,85,
LOS ANGELES,2023,84,
LOS ANGELES,2023,83,31.500000
LOS ANGELES,2023,82,31.500000
LOS ANGELES,2023,81,31.500000
LOS ANGELES,2023,80,31.500000
LOS ANGELES,2023,79,31.500000
LOS ANGELES,2023,78,
LOS ANGELES,2023,77,
LOS ANGELES,2023,76,31.500000
LOS ANGELES,2023,75,31.500000
LOS ANGELES,2023,74,31.500000
LOS ANGELES,2023,73,31.500000
LOS ANGELES,2023,72,31.500000
LOS ANGELES,2023,71,
LOS ANGELES,2023,70,
LOS ANGELES,2023,69,31.500000
LOS ANGELES,2023,68,31.500000
LOS ANGELES,2023,67,31.500000
LOS ANGELES,2023,66,31.500000
LOS ANGELES,2023,65,31.500000
LOS ANGELES,2023,64,
LOS ANGELES,2023,63,
LOS ANGELES,2023,62,31.500000
LOS ANGELES,2023,61,31.500000
LOS ANGELES,2023,60,31.500000
LOS ANGELES,2023,59,31.500000
LOS ANGELES,2023,58,31.000000
LOS ANGELES,2023,57,
LOS ANGELES,2023,56,
LOS ANGELES,2023,55,33.500000
LOS ANGELES,2023,54,33.500000
LOS ANGELES,2023,53,32.500000
LOS ANGELES,2023,52,32.500000
LOS ANGELES,2023,51,
LOS ANGELES,2023,50,
LOS ANGELES,2023,49,
LOS ANGELES,2023,48,32.500000
LOS ANGELES,2023,47,32.500000
LOS ANGELES,2023,46,32.500000
LOS ANGELES,2023,45,32.500000
LOS ANGELES,2023,44,32.500000
LOS ANGELES,2023,43,
LOS ANGELES,2023,42,
LOS ANGELES,2023,41,32.500000
LOS ANGELES,2023,40,32.500000
LOS ANGELES,2023,39,32.500000
LOS ANGELES,2023,38,32.500000
LOS ANGELES,2023,37,32.500000
LOS ANGELES,2023,36,
LOS ANGELES,2023,35,
LOS ANGELES,2023,34,32.500000
LOS ANGELES,2023,33,32.500000
LOS ANGELES,2023,32,32.500000
LOS ANGELES,2023,31,32.500000
LOS ANGELES,2023,30,32.500000
LOS ANGELES,2023,29,
LOS ANGELES,2023,28,
LOS ANGELES,2023,27,32.500000
LOS ANGELES,2023,26,26.500000
LOS ANGELES,2023,25,26.500000
LOS ANGELES,2023,24,26.500000
LOS ANGELES,2023,23,26.500000
LOS ANGELES,2023,22,
LOS ANGELES,2023,21,
LOS ANGELES,2023,20,26.500000
LOS ANGELES,2023,19,26.500000
LOS ANGELES,2023,18,26.500000
LOS ANGELES,2023,17,26.500000
LOS ANGELES,2023,16,
LOS ANGELES,2023,15,
LOS ANGELES,2023,14,
LOS ANGELES,2023,13,26.500000
LOS ANGELES,2023,12,26.500000
LOS ANGELES,2023,11,26.500000
LOS ANGELES,2023,10,26.500000
LOS ANGELES,2023,9,26.500000
LOS ANGELES,2023,8,
LOS ANGELES,2023,7,
LOS ANGELES,2023,6,26.500000
LOS ANGELES,2023,5,26.500000
LOS ANGELES,2023,4,26.500000
LOS ANGELES,2023,3,26.500000
LOS ANGELES,2023,2,
NEW YORK,2023,366,
NEW YORK,2023,365,
NEW YORK,2023,364,
NEW YORK,2023,363,
NEW YORK,2023,362,34.000000
NEW YORK,2023,361,34.000000
NEW YORK,2023,360,
NEW YORK,2023,359,
NEW YORK,2023,358,
NEW YORK,2023,357,
NEW YORK,2023,356,
NEW YORK,2023,355,
NEW YORK,2023,354,34.000000
NEW YORK,2023,353,34.000000
NEW YORK,2023,352,34.000000
NEW YORK,2023,351,
NEW YORK,2023,350,
NEW YORK,2023,349,
NEW YORK,2023,348,
NEW YORK,2023,347,
NEW YORK,2023,346,
NEW YORK,2023,345,
NEW YORK,2023,344,
NEW YORK,2023,343,
NEW YORK,2023,342,
NEW YORK,2023,341,
NEW YORK,2023,340,
NEW YORK,2023,339,
NEW YORK,2023,338,40.000000
NEW YORK,2023,337,
NEW YORK,2023,336,
NEW YORK,2023,335,40.000000
NEW YORK,2023,334,40.000000
NEW YORK,2023,333,37.000000
NEW YORK,2023,332,37.000000
NEW YORK,2023,331,37.000000
NEW YORK,2023,330,
NEW YORK,2023,329,
NEW YORK,2023,328,
NEW YORK,2023,327,
NEW YORK,2023,326,37.000000
NEW YORK,2023,325,32.000000
NEW YORK,2023,324,32.000000
NEW YORK,2023,323,
NEW YORK,2023,322,
NEW YORK,2023,321,34.000000
NEW YORK,2023,320,34.000000
NEW YORK,2023,319,34.000000
NEW YORK,2023,318,34.000000
NEW YORK,2023,317,34.000000
NEW YORK,2023,316,
NEW YORK,2023,315,
NEW YORK,2023,314,
NEW YORK,2023,313,34.000000
NEW YORK,2023,312,34.000000
NEW YORK,2023,311,34.000000
NEW YORK,2023,310,34.000000
NEW YORK,2023,309,
NEW YORK,2023,308,
NEW YORK,2023,307,34.000000
NEW YORK,2023,306,34.000000
NEW YORK,2023,305,34.000000
NEW YORK,2023,304,34.000000
NEW YORK,2023,303,34.000000
NEW YORK,2023,302,
NEW YORK,2023,301,
NEW YORK,2023,300,36.000000
NEW YORK,2023,299,36.000000
NEW YORK,2023,298,36.000000
NEW YORK,2023,297,36.000000
NEW YORK,2023,296,36.000000
NEW YORK,2023,295,
NEW YORK,2023,294,
NEW YORK,2023,293,
NEW YORK,2023,292,
NEW YORK,2023,291,32.000000
NEW YORK,2023,290,32.000000
NEW YORK,2023,289,32.000000
NEW YORK,2023,288,
NEW YORK,2023,287,
NEW YORK,2023,286,32.000000
NEW YORK,2023,285,32.000000
NEW YORK,2023,284,32.000000
NEW YORK,2023,283,32.000000
NEW YORK,2023,282,
NEW YORK,2023,281,
NEW YORK,2023,280,
NEW YORK,2023,279,32.000000
NEW YORK,2023,278,32.000000
NEW YORK,2023,277,32.000000
NEW YORK,2023,276,32.000000
NEW YORK,2023,275,
NEW YORK,2023,274,
NEW YORK,2023,273,
NEW YORK,2023,272,
NEW YORK,2023,271,
NEW YORK,2023,270,
NEW YORK,2023,269,38.000000
NEW YORK,2023,268,38.000000
NEW YORK,2023,267,
NEW YORK,2023,266,
NEW YORK,2023,265,38.000000
NEW YORK,2023,264,38.000000
NEW YORK,2023,263,38.000000
NEW YORK,2023,262,38.000000
NEW YORK,2023,261,42.000000
NEW YORK,2023,260,
NEW YORK,2023,259,
NEW YORK,2023,258,42.000000
NEW YORK,2023,257,42.000000
NEW YORK,2023,256,42.000000
NEW YORK,2023,255,42.000000
NEW YORK,2023,254,42.000000
NEW YORK,2023,253,
NEW YORK,2023,252,
NEW YORK,2023,251,
NEW YORK,2023,250,
NEW YORK,2023,249,
NEW YORK,2023,248,
NEW YORK,2023,247,
NEW YORK,2023,246,
NEW YORK,2023,245,
NEW YORK,2023,244,
NEW YORK,2023,243,
NEW YORK,2023,242,
NEW YORK,2023,241,
NEW YORK,2023,240,
NEW YORK,2023,239,
NEW YORK,2023,238,
NEW YORK,2023,237,39.000000
NEW YORK,2023,236,39.000000
NEW YORK,2023,235,39.000000
NEW YORK,2023,234,39.000000
NEW YORK,2023,233,42.000000
NEW YORK,2023,232,
NEW YORK,2023,231,
NEW YORK,2023,230,41.000000
NEW YORK,2023,229,41.000000
NEW YORK,2023,228,42.000000
NEW YORK,2023,227,42.000000
NEW YORK,2023,226,42.000000
NEW YORK,2023,225,
NEW YORK,2023,224,
NEW YORK,2023,223,42.000000
NEW YORK,2023,222,42.000000
NEW YORK,2023,221,42.000000
NEW YORK,2023,220,42.000000
NEW YORK,2023,219,42.000000
NEW YORK,2023,218,
NEW YORK,2023,217,
NEW YORK,2023,216,
NEW YORK,2023,215,
NEW YORK,2023,214,
NEW YORK,2023,213,
NEW YORK,2023,212,
NEW YORK,2023,211,
NEW YORK,2023,210,
NEW YORK,2023,209,
NEW YORK,2023,208,
NEW YORK,2023,207,
NEW YORK,2023,206,
NEW YORK,2023,205,
NEW YORK,2023,204,
NEW YORK,2023,203,
NEW YORK,2023,202,
NEW YORK,2023,201,
NEW YORK,2023,200,
NEW YORK,2023,199,
NEW YORK,2023,198,
NEW YORK,2023,197,
NEW YORK,2023,196,
NEW YORK,2023,195,
NEW YORK,2023,194,
NEW YORK,2023,193,
NEW YORK,2023,192,
NEW YORK,2023,191,
NEW YORK,2023,190,
NEW YORK,2023,189,
NEW YORK,2023,188,
NEW YORK,2023,187,
NEW YORK,2023,186,
NEW YORK,2023,185,
NEW YORK,2023,184,
NEW YORK,2023,183,
NEW YORK,2023,182,
NEW YORK,2023,181,
NEW YORK,2023,180,
NEW YORK,2023,179,
NEW YORK,2023,178,
NEW YORK,2023,177,
NEW YORK,2023,176,
NEW YORK,2023,175,
NEW YORK,2023,174,
NEW YORK,2023,173,
NEW YORK,2023,172,
NEW YORK,2023,171,
NEW YORK,2023,170,
NEW YORK,2023,169,
NEW YORK,2023,168,
NEW YORK,2023,167,
NEW YORK,2023,166,
NEW YORK,2023,165,58.000000
NEW YORK,2023,164,
NEW YORK,2023,163,
NEW YORK,2023,162,
NEW YORK,2023,161,
NEW YORK,2023,160,
NEW YORK,2023,159,
NEW YORK,2023,158,
NEW YORK,2023,157,
NEW YORK,2023,156,
NEW YORK,2023,155,
NEW YORK,2023,154,
NEW YORK,2023,153,
NEW YORK,2023,152,
NEW YORK,2023,151,
NEW YORK,2023,150,
NEW YORK,2023,149,
NEW YORK,2023,148,
NEW YORK,2023,147,
NEW YORK,2023,146,
NEW YORK,2023,145,
NEW YORK,2023,144,
NEW YORK,2023,143,
NEW YORK,2023,142,32.000000
NEW YORK,2023,141,
NEW YORK,2023,140,
NEW YORK,2023,139,32.000000
NEW YORK,2023,138,32.000000
NEW YORK,2023,137,32.000000
NEW YORK,2023,136,32.000000
NEW YORK,2023,135,32.000000
NEW YORK,2023,134,
NEW YORK,2023,133,
NEW YORK,2023,132,32.000000
NEW YORK,2023,131,32.000000
NEW YORK,2023,130,32.000000
NEW YORK,2023,129,32.000000
NEW YORK,2023,128,32.000000
NEW YORK,2023,127,
NEW YORK,2023,126,
NEW YORK,2023,125,36.000000
NEW YORK,2023,124,36.000000
NEW YORK,2023,123,36.000000
NEW YORK,2023,122,36.000000
NEW YORK,2023,121,36.000000
NEW YORK,2023,120,
NEW YORK,2023,119,
NEW YORK,2023,118,34.000000
NEW YORK,2023,117,34.000000
NEW YORK,2023,116,38.000000
NEW YORK,2023,115,38.000000
NEW YORK,2023,114,38.000000
NEW YORK,2023,113,
NEW YORK,2023,112,
NEW YORK,2023,111,38.000000
NEW YORK,2023,110,38.000000
NEW YORK,2023,109,38.000000
NEW YORK,2023,108,38.000000
NEW YORK,2023,107,
NEW YORK,2023,106,
NEW YORK,2023,105,
NEW YORK,2023,104,42.000000
NEW YORK,2023,103,42.000000
NEW YORK,2023,102,42.000000
NEW YORK,2023,101,42.000000
NEW YORK,2023,100,
NEW YORK,2023,99,
NEW YORK,2023,98,
NEW YORK,2023,97,
NEW YORK,2023,96,
NEW YORK,2023,95,42.000000
NEW YORK,2023,94,42.000000
NEW YORK,2023,93,42.000000
NEW YORK,2023,92,
NEW YORK,2023,91,
NEW YORK,2023,90,42.000000
NEW YORK,2023,89,42.000000
NEW YORK,2023,88,42.000000
NEW YORK,2023,87,42.000000
NEW YORK,2023,86,42.000000
NEW YORK,2023,85,
NEW YORK,2023,84,
NEW YORK,2023,83,
NEW YORK,2023,82,
NEW YORK,2023,81,
NEW YORK,2023,80,40.000000
NEW YORK,2023,79,40.000000
NEW YORK,2023,78,
NEW YORK,2023,77,
NEW YORK,2023,76,42.000000
NEW YORK,2023,75,42.000000
NEW YORK,2023,74,42.000000
NEW YORK,2023,73,42.000000
NEW YORK,2023,72,42.000000
NEW YORK,2023,71,
NEW YORK,2023,70,
NEW YORK,2023,69,46.000000
NEW YORK,2023,68,46.000000
NEW YORK,2023,67,46.000000
NEW YORK,2023,66,46.000000
NEW YORK,2023,65,46.000000
NEW YORK,2023,64,
NEW YORK,2023,63,
NEW YORK,2023,62,48.000000
NEW YORK,2023,61,48.000000
NEW YORK,2023,60,44.000000
NEW YORK,2023,59,44.000000
NEW YORK,2023,58,44.000000
NEW YORK,2023,57,
NEW YORK,2023,56,
NEW YORK,2023,55,44.000000
NEW YORK,2023,54,44.000000
NEW YORK,2023,53,44.000000
NEW YORK,2023,52,44.000000
NEW YORK,2023,51,
NEW YORK,2023,50,
NEW YORK,2023,49,
NEW YORK,2023,48,46.000000
NEW YORK,2023,47,46.000000
NEW YORK,2023,46,46.000000
NEW YORK,2023,45,
NEW YORK,2023,44,
NEW YORK,2023,43,
NEW YORK,2023,42,
NEW YORK,2023,41,42.000000
NEW YORK,2023,40,42.000000
NEW YORK,2023,39,42.000000
NEW YORK,2023,38,
NEW YORK,2023,37,
NEW YORK,2023,36,
NEW YORK,2023,35,
NEW YORK,2023,34,
NEW YORK,2023,33,
NEW YORK,2023,32,
NEW YORK,2023,31,
NEW YORK,2023,30,42.000000
NEW YORK,2023,29,
NEW YORK,2023,28,
NEW YORK,2023,27,42.000000
NEW YORK,2023,26,42.000000
NEW YORK,2023,25,42.000000
NEW YORK,2023,24,42.000000
NEW YORK,2023,23,42.000000
NEW YORK,2023,22,
NEW YORK,2023,21,
NEW YORK,2023,20,44.000000
NEW YORK,2023,19,44.000000
NEW YORK,2023,18,44.000000
NEW YORK,2023,17,44.000000
NEW YORK,2023,16,
NEW YORK,2023,15,
NEW YORK,2023,14,
NEW YORK,2023,13,44.000000
NEW YORK,2023,12,44.000000
NEW YORK,2023,11,44.000000
NEW YORK,2023,10,44.000000
NEW YORK,2023,9,44.000000
NEW YORK,2023,8,
NEW YORK,2023,7,
NEW YORK,2023,6,46.000000
NEW YORK,2023,5,42.000000
NEW YORK,2023,4,42.000000
NEW YORK,2023,3,42.000000
NEW YORK,2023,2,
PHILADELPHIA,2023,366,
PHILADELPHIA,2023,365,
PHILADELPHIA,2023,364,
PHILADELPHIA,2023,363,37.000000
PHILADELPHIA,2023,362,37.000000
PHILADELPHIA,2023,361,37.000000
PHILADELPHIA,2023,360,37.000000
PHILADELPHIA,2023,359,
PHILADELPHIA,2023,358,
PHILADELPHIA,2023,357,
PHILADELPHIA,2023,356,40.000000
PHILADELPHIA,2023,355,40.000000
PHILADELPHIA,2023,354,40.000000
PHILADELPHIA,2023,353,40.000000
PHILADELPHIA,2023,352,40.000000
PHILADELPHIA,2023,351,
PHILADELPHIA,2023,350,
PHILADELPHIA,2023,349,
PHILADELPHIA,2023,348,
PHILADELPHIA,2023,347,
PHILADELPHIA,2023,346,
PHILADELPHIA,2023,345,
PHILADELPHIA,2023,344,
PHILADELPHIA,2023,343,
PHILADELPHIA,2023,342,
PHILADELPHIA,2023,341,
PHILADELPHIA,2023,340,
PHILADELPHIA,2023,339,
PHILADELPHIA,2023,338,
PHILADELPHIA,2023,337,
PHILADELPHIA,2023,336,
PHILADELPHIA,2023,335,
PHILADELPHIA,2023,334,
PHILADELPHIA,2023,333,
PHILADELPHIA,2023,332,
PHILADELPHIA,2023,331,
PHILADELPHIA,2023,330,
PHILADELPHIA,2023,329,
PHILADELPHIA,2023,328,
PHILADELPHIA,2023,327,
PHILADELPHIA,2023,326,
PHILADELPHIA,2023,325,
PHILADELPHIA,2023,324,
PHILADELPHIA,2023,323,
PHILADELPHIA,2023,322,
PHILADELPHIA,2023,321,
PHILADELPHIA,2023,320,
PHILADELPHIA,2023,319,
PHILADELPHIA,2023,318,
PHILADELPHIA,2023,317,
PHILADELPHIA,2023,316,
PHILADELPHIA,2023,315,
PHILADELPHIA,2023,314,
PHILADELPHIA,2023,313,
PHILADELPHIA,2023,312,
PHILADELPHIA,2023,311,
PHILADELPHIA,2023,310,
PHILADELPHIA,2023,309,
PHILADELPHIA,2023,308,
PHILADELPHIA,2023,307,
PHILADELPHIA,2023,306,
PHILADELPHIA,2023,305,
PHILADELPHIA,2023,304,
PHILADELPHIA,2023,303,
PHILADELPHIA,2023,302,
PHILADELPHIA,2023,301,
PHILADELPHIA,2023,300,
PHILADELPHIA,2023,299,
PHILADELPHIA,2023,298,
PHILADELPHIA,2023,297,
PHILADELPHIA,2023,296,
PHILADELPHIA,2023,295,
PHILADELPHIA,2023,294,
PHILADELPHIA,2023,293,
PHILADELPHIA,2023,292,
PHILADELPHIA,2023,291,
PHILADELPHIA,2023,290,
PHILADELPHIA,2023,289,
PHILADELPHIA,2023,288,
PHILADELPHIA,2023,287,
PHILADELPHIA,2023,286,
PHILADELPHIA,2023,285,
PHILADELPHIA,2023,284,
PHILADELPHIA,2023,283,
PHILADELPHIA,2023,282,
PHILADELPHIA,2023,281,
PHILADELPHIA,2023,280,
PHILADELPHIA,2023,279,
PHILADELPHIA,2023,278,
PHILADELPHIA,2023,277,
PHILADELPHIA,2023,276,
PHILADELPHIA,2023,275,
PHILADELPHIA,2023,274,
PHILADELPHIA,2023,273,
PHILADELPHIA,2023,272,
PHILADELPHIA,2023,271,
PHILADELPHIA,2023,270,
PHILADELPHIA,2023,269,
PHILADELPHIA,2023,268,
PHILADELPHIA,2023,267,
PHILADELPHIA,2023,266,
PHILADELPHIA,2023,265,22.000000
PHILADELPHIA,2023,264,22.000000
PHILADELPHIA,2023,263,22.000000
PHILADELPHIA,2023,262,22.000000
PHILADELPHIA,2023,261,22.000000
PHILADELPHIA,2023,260,
PHILADELPHIA,2023,259,
PHILADELPHIA,2023,258,22.000000
PHILADELPHIA,2023,257,22.000000
PHILADELPHIA,2023,256,22.000000
PHILADELPHIA,2023,255,22.000000
PHILADELPHIA,2023,254,22.000000
PHILADELPHIA,2023,253,
PHILADELPHIA,2023,252,
PHILADELPHIA,2023,251,22.000000
PHILADELPHIA,2023,250,22.000000
PHILADELPHIA,2023,249,22.000000
PHILADELPHIA,2023,248,22.000000
PHILADELPHIA,2023,247,
PHILADELPHIA,2023,246,
PHILADELPHIA,2023,245,
PHILADELPHIA,2023,244,22.000000
PHILADELPHIA,2023,243,22.000000
PHILADELPHIA,2023,242,22.000000
PHILADELPHIA,2023,241,22.000000
PHILADELPHIA,2023,240,22.000000
PHILADELPHIA,2023,239,
PHILADELPHIA,2023,238,
PHILADELPHIA,2023,237,
PHILADELPHIA,2023,236,
PHILADELPHIA,2023,235,
PHILADELPHIA,2023,234,
PHILADELPHIA,2023,233,
PHILADELPHIA,2023,232,
PHILADELPHIA,2023,231,
PHILADELPHIA,2023,230,
PHILADELPHIA,2023,229,
PHILADELPHIA,2023,228,
PHILADELPHIA,2023,227,
PHILADELPHIA,2023,226,
PHILADELPHIA,2023,225,
PHILADELPHIA,2023,224,
PHILADELPHIA,2023,223,
PHILADELPHIA,2023,222,
PHILADELPHIA,2023,221,
PHILADELPHIA,2023,220,
PHILADELPHIA,2023,219,
PHILADELPHIA,2023,218,
PHILADELPHIA,2023,217,
PHILADELPHIA,2023,216,
PHILADELPHIA,2023,215,
PHILADELPHIA,2023,214,
PHILADELPHIA,2023,213,
PHILADELPHIA,2023,212,
PHILADELPHIA,2023,211,
PHILADELPHIA,2023,210,
PHILADELPHIA,2023,209,
PHILADELPHIA,2023,208,
PHILADELPHIA,2023,207,
PHILADELPHIA,2023,206,
PHILADELPHIA,2023,205,
PHILADELPHIA,2023,204,
PHILADELPHIA,2023,203,
PHILADELPHIA,2023,202,
PHILADELPHIA,2023,201,
PHILADELPHIA,2023,200,
PHILADELPHIA,2023,199,
PHILADELPHIA,2023,198,
PHILADELPHIA,2023,197,
PHILADELPHIA,2023,196,
PHILADELPHIA,2023,195,
PHILADELPHIA,2023,194,
PHILADELPHIA,2023,193,
PHILADELPHIA,2023,192,
PHILADELPHIA,2023,191,
PHILADELPHIA,2023,190,
PHILADELPHIA,2023,189,
PHILADELPHIA,2023,188,
PHILADELPHIA,2023,187,
PHILADELPHIA,2023,186,
PHILADELPHIA,2023,185,
PHILADELPHIA,2023,184,
PHILADELPHIA,2023,183,
PHILADELPHIA,2023,182,
PHILADELPHIA,2023,181,
PHILADELPHIA,2023,180,
PHILADELPHIA,2023,179,
PHILADELPHIA,2023,178,
PHILADELPHIA,2023,177,
PHILADELPHIA,2023,176,
PHILADELPHIA,2023,175,
PHILADELPHIA,2023,174,
PHILADELPHIA,2023,173,
PHILADELPHIA,2023,172,
PHILADELPHIA,2023,171,
PHILADELPHIA,2023,170,
PHILADELPHIA,2023,169,
PHILADELPHIA,2023,168,
PHILADELPHIA,2023,167,
PHILADELPHIA,2023,166,
PHILADELPHIA,2023,165,
PHILADELPHIA,2023,164,
PHILADELPHIA,2023,163,
PHILADELPHIA,2023,162,
PHILADELPHIA,2023,161,
PHILADELPHIA,2023,160,
PHILADELPHIA,2023,159,
PHILADELPHIA,2023,158,
PHILADELPHIA,2023,157,
PHILADELPHIA,2023,156,
PHILADELPHIA,2023,155,
PHILADELPHIA,2023,154,
PHILADELPHIA,2023,153,
PHILADELPHIA,2023,152,
PHILADELPHIA,2023,151,
PHILADELPHIA,2023,150,
PHILADELPHIA,2023,149,
PHILADELPHIA,2023,148,
PHILADELPHIA,2023,147,
PHILADELPHIA,2023,146,
PHILADELPHIA,2023,145,
PHILADELPHIA,2023,144,
PHILADELPHIA,2023,143,
PHILADELPHIA,2023,142,
PHILADELPHIA,2023,141,
PHILADELPHIA,2023,140,
PHILADELPHIA,2023,139,
PHILADELPHIA,2023,138,
PHILADELPHIA,2023,137,
PHILADELPHIA,2023,136,
PHILADELPHIA,2023,135,
PHILADELPHIA,2023,134,
PHILADELPHIA,2023,133,
PHILADELPHIA,2023,132,
PHILADELPHIA,2023,131,
PHILADELPHIA,2023,130,
PHILADELPHIA,2023,129,
PHILADELPHIA,2023,128,
PHILADELPHIA,2023,127,
PHILADELPHIA,2023,126,
PHILADELPHIA,2023,125,
PHILADELPHIA,2023,124,
PHILADELPHIA,2023,123,
PHILADELPHIA,2023,122,
PHILADELPHIA,2023,121,
PHILADELPHIA,2023,120,
PHILADELPHIA,2023,119,
PHILADELPHIA,2023,118,
PHILADELPHIA,2023,117,
PHILADELPHIA,2023,116,
PHILADELPHIA,2023,115,
PHILADELPHIA,2023,114,
PHILADELPHIA,2023,113,
PHILADELPHIA,2023,112,
PHILADELPHIA,2023,111,34.000000
PHILADELPHIA,2023,110,34.000000
PHILADELPHIA,2023,109,34.000000
PHILADELPHIA,2023,108,34.000000
PHILADELPHIA,2023,107,34.000000
PHILADELPHIA,2023,106,
PHILADELPHIA,2023,105,
PHILADELPHIA,2023,104,
PHILADELPHIA,2023,103,
PHILADELPHIA,2023,102,
PHILADELPHIA,2023,101,
PHILADELPHIA,2023,100,
PHILADELPHIA,2023,99,
PHILADELPHIA,2023,98,
PHILADELPHIA,2023,97,36.000000
PHILADELPHIA,2023,96,36.000000
PHILADELPHIA,2023,95,36.000000
PHILADELPHIA,2023,94,36.000000
PHILADELPHIA,2023,93,36.000000
PHILADELPHIA,2023,92,
PHILADELPHIA,2023,91,
PHILADELPHIA,2023,90,35.000000
PHILADELPHIA,2023,89,35.000000
PHILADELPHIA,2023,88,32.000000
PHILADELPHIA,2023,87,32.000000
PHILADELPHIA,2023,86,34.000000
PHILADELPHIA,2023,85,
PHILADELPHIA,2023,84,
PHILADELPHIA,2023,83,34.000000
PHILADELPHIA,2023,82,34.000000
PHILADELPHIA,2023,81,34.000000
PHILADELPHIA,2023,80,34.000000
PHILADELPHIA,2023,79,33.000000
PHILADELPHIA,2023,78,
PHILADELPHIA,2023,77,
PHILADELPHIA,2023,76,33.000000
PHILADELPHIA,2023,75,33.000000
PHILADELPHIA,2023,74,34.000000
PHILADELPHIA,2023,73,34.000000
PHILADELPHIA,2023,72,34.000000
PHILADELPHIA,2023,71,
PHILADELPHIA,2023,70,
PHILADELPHIA,2023,69,34.000000
PHILADELPHIA,2023,68,34.000000
PHILADELPHIA,2023,67,34.000000
PHILADELPHIA,2023,66,34.000000
PHILADELPHIA,2023,65,34.000000
PHILADELPHIA,2023,64,
PHILADELPHIA,2023,63,
PHILADELPHIA,2023,62,36.000000
PHILADELPHIA,2023,61,36.000000
PHILADELPHIA,2023,60,36.000000
PHILADELPHIA,2023,59,36.000000
PHILADELPHIA,2023,58,36.000000
PHILADELPHIA,2023,57,
PHILADELPHIA,2023,56,
PHILADELPHIA,2023,55,36.000000
PHILADELPHIA,2023,54,36.000000
PHILADELPHIA,2023,53,36.000000
PHILADELPHIA,2023,52,36.000000
PHILADELPHIA,2023,51,
PHILADELPHIA,2023,50,
PHILADELPHIA,2023,49,
PHILADELPHIA,2023,48,
PHILADELPHIA,2023,47,
PHILADELPHIA,2023,46,
PHILADELPHIA,2023,45,
PHILADELPHIA,2023,44,
PHILADELPHIA,2023,43,
PHILADELPHIA,2023,42,
PHILADELPHIA,2023,41,
PHILADELPHIA,2023,40,
PHILADELPHIA,2023,39,
PHILADELPHIA,2023,38,
PHILADELPHIA,2023,37,
PHILADELPHIA,2023,36,
PHILADELPHIA,2023,35,
PHILADELPHIA,2023,34,
PHILADELPHIA,2023,33,
PHILADELPHIA,2023,32,
PHILADELPHIA,2023,31,
PHILADELPHIA,2023,30,
PHILADELPHIA,2023,29,
PHILADELPHIA,2023,28,
PHILADELPHIA,2023,27,
PHILADELPHIA,2023,26,
PHILADELPHIA,2023,25,
PHILADELPHIA,2023,24,
PHILADELPHIA,2023,23,
PHILADELPHIA,2023,22,
PHILADELPHIA,2023,21,
PHILADELPHIA,2023,20,
PHILADELPHIA,2023,19,
PHILADELPHIA,2023,18,
PHILADELPHIA,2023,17,
PHILADELPHIA,2023,16,
PHILADELPHIA,2023,15,
PHILADELPHIA,2023,14,
PHILADELPHIA,2023,13,
PHILADELPHIA,2023,12,
PHILADELPHIA,2023,11,
PHILADELPHIA,2023,10,
PHILADELPHIA,2023,9,
PHILADELPHIA,2023,8,
PHILADELPHIA,2023,7,
PHILADELPHIA,2023,6,
PHILADELPHIA,2023,5,
PHILADELPHIA,2023,4,
PHILADELPHIA,2023,3,
PHILADELPHIA,2023,2,
BALTIMORE,2022,366,
BALTIMORE,2022,365,
BALTIMORE,2022,364,
BALTIMORE,2022,363,
BALTIMORE,2022,362,
BALTIMORE,2022,361,
BALTIMORE,2022,360,
BALTIMORE,2022,359,
BALTIMORE,2022,358,
BALTIMORE,2022,357,
BALTIMORE,2022,356,
BALTIMORE,2022,355,
BALTIMORE,2022,354,
BALTIMORE,2022,353,
BALTIMORE,2022,352,
BALTIMORE,2022,351,
BALTIMORE,2022,350,
BALTIMORE,2022,349,
BALTIMORE,2022,348,
BALTIMORE,2022,347,
BALTIMORE,2022,346,
BALTIMORE,2022,345,
BALTIMORE,2022,344,
BALTIMORE,2022,343,
BALTIMORE,2022,342,
BALTIMORE,2022,341,
BALTIMORE,2022,340,
BALTIMORE,2022,339,
BALTIMORE,2022,338,
BALTIMORE,2022,337,
BALTIMORE,2022,336,
BALTIMORE,2022,335,
BALTIMORE,2022,334,
BALTIMORE,2022,333,
BALTIMORE,2022,332,
BALTIMORE,2022,331,
BALTIMORE,2022,330,
BALTIMORE,2022,329,38.000000
BALTIMORE,2022,328,
BALTIMORE,2022,327,
BALTIMORE,2022,326,
BALTIMORE,2022,325,
BALTIMORE,2022,324,
BALTIMORE,2022,323,
BALTIMORE,2022,322,
BALTIMORE,2022,321,
BALTIMORE,2022,320,
BALTIMORE,2022,319,
BALTIMORE,2022,318,
BALTIMORE,2022,317,
BALTIMORE,2022,316,
BALTIMORE,2022,315,
BALTIMORE,2022,314,
BALTIMORE,2022,313,
BALTIMORE,2022,312,
BALTIMORE,2022,311,
BALTIMORE,2022,310,
BALTIMORE,2022,309,
BALTIMORE,2022,308,
BALTIMORE,2022,307,
BALTIMORE,2022,306,
BALTIMORE,2022,305,
BALTIMORE,2022,304,
BALTIMORE,2022,303,
BALTIMORE,2022,302,
BALTIMORE,2022,301,
BALTIMORE,2022,300,
BALTIMORE,2022,299,
BALTIMORE,2022,298,
BALTIMORE,2022,297,
BALTIMORE,2022,296,
BALTIMORE,2022,295,
BALTIMORE,2022,294,
BALTIMORE,2022,293,
BALTIMORE,2022,292,
BALTIMORE,2022,291,
BALTIMORE,2022,290,
BALTIMORE,2022,289,
BALTIMORE,2022,288,
BALTIMORE,2022,287,
BALTIMORE,2022,286,
BALTIMORE,2022,285,
BALTIMORE,2022,284,
BALTIMORE,2022,283,
BALTIMORE,2022,282,
BALTIMORE,2022,281,
BALTIMORE,2022,280,
BALTIMORE,2022,279,
BALTIMORE,2022,278,
BALTIMORE,2022,277,
BALTIMORE,2022,276,
BALTIMORE,2022,275,
BALTIMORE,2022,274,
BALTIMORE,2022,273,
BALTIMORE,2022,272,
BALTIMORE,2022,271,
BALTIMORE,2022,270,
BALTIMORE,2022,269,
BALTIMORE,2022,268,
BALTIMORE,2022,267,
BALTIMORE,2022,266,
BALTIMORE,2022,265,
BALTIMORE,2022,264,
BALTIMORE,2022,263,
BALTIMORE,2022,262,
BALTIMORE,2022,261,
BALTIMORE,2022,260,
BALTIMORE,2022,259,
BALTIMORE,2022,258,
BALTIMORE,2022,257,
BALTIMORE,2022,256,
BALTIMORE,2022,255,
BALTIMORE,2022,254,
BALTIMORE,2022,253,
BALTIMORE,2022,252,
BALTIMORE,2022,251,
BALTIMORE,2022,250,
BALTIMORE,2022,249,
BALTIMORE,2022,248,
BALTIMORE,2022,247,
BALTIMORE,2022,246,
BALTIMORE,2022,245,
BALTIMORE,2022,244,
BALTIMORE,2022,243,
BALTIMORE,2022,242,
BALTIMORE,2022,241,
BALTIMORE,2022,240,
BALTIMORE,2022,239,
BALTIMORE,2022,238,
BALTIMORE,2022,237,
BALTIMORE,2022,236,
BALTIMORE,2022,235,
BALTIMORE,2022,234,
BALTIMORE,2022,233,
BALTIMORE,2022,232,
BALTIMORE,2022,231,
BALTIMORE,2022,230,
BALTIMORE,2022,229,
BALTIMORE,2022,228,
BALTIMORE,2022,227,
BALTIMORE,2022,226,
BALTIMORE,2022,225,
BALTIMORE,2022,224,
BALTIMORE,2022,223,
BALTIMORE,2022,222,
BALTIMORE,2022,221,
BALTIMORE,2022,220,
BALTIMORE,2022,219,
BALTIMORE,2022,218,
BALTIMORE,2022,217,
BALTIMORE,2022,216,
BALTIMORE,2022,215,43.000000
BALTIMORE,2022,214,43.000000
BALTIMORE,2022,213,43.000000
BALTIMORE,2022,212,
BALTIMORE,2022,211,
BALTIMORE,2022,210,43.000000
BALTIMORE,2022,209,43.000000
BALTIMORE,2022,208,43.000000
BALTIMORE,2022,207,43.000000
BALTIMORE,2022,206,43.000000
BALTIMORE,2022,205,
BALTIMORE,2022,204,
BALTIMORE,2022,203,
BALTIMORE,2022,202,
BALTIMORE,2022,201,
BALTIMORE,2022,200,
BALTIMORE,2022,199,
BALTIMORE,2022,198,
BALTIMORE,2022,197,
BALTIMORE,2022,196,
BALTIMORE,2022,195,
BALTIMORE,2022,194,
BALTIMORE,2022,193,
BALTIMORE,2022,192,
BALTIMORE,2022,191,
BALTIMORE,2022,190,
BALTIMORE,2022,189,52.000000
BALTIMORE,2022,188,52.000000
BALTIMORE,2022,187,52.000000
BALTIMORE,2022,186,52.000000
BALTIMORE,2022,185,
BALTIMORE,2022,184,
BALTIMORE,2022,183,
BALTIMORE,2022,182,52.000000
BALTIMORE,2022,181,52.000000
BALTIMORE,2022,180,52.000000
BALTIMORE,2022,179,52.000000
BALTIMORE,2022,178,
BALTIMORE,2022,177,
BALTIMORE,2022,176,
BALTIMORE,2022,175,
BALTIMORE,2022,174,
BALTIMORE,2022,173,
BALTIMORE,2022,172,
BALTIMORE,2022,171,
BALTIMORE,2022,170,
BALTIMORE,2022,169,
BALTIMORE,2022,168,
BALTIMORE,2022,167,
BALTIMORE,2022,166,
BALTIMORE,2022,165,
BALTIMORE,2022,164,
BALTIMORE,2022,163,
BALTIMORE,2022,162,
BALTIMORE,2022,161,
BALTIMORE,2022,160,
BALTIMORE,2022,159,
BALTIMORE,2022,158,
BALTIMORE,2022,157,
BALTIMORE,2022,156,
BALTIMORE,2022,155,
BALTIMORE,2022,154,
BALTIMORE,2022,153,
BALTIMORE,2022,152,
BALTIMORE,2022,151,
BALTIMORE,2022,150,
BALTIMORE,2022,149,
BALTIMORE,2022,148,
BALTIMORE,2022,147,
BALTIMORE,2022,146,
BALTIMORE,2022,145,
BALTIMORE,2022,144,
BALTIMORE,2022,143,
BALTIMORE,2022,142,
BALTIMORE,2022,141,
BALTIMORE,2022,140,
BALTIMORE,2022,139,
BALTIMORE,2022,138,
BALTIMORE,2022,137,
BALTIMORE,2022,136,
BALTIMORE,2022,135,
BALTIMORE,2022,134,
BALTIMORE,2022,133,
BALTIMORE,2022,132,
BALTIMORE,2022,131,
BALTIMORE,2022,130,
BALTIMORE,2022,129,
BALTIMORE,2022,128,
BALTIMORE,2022,127,
BALTIMORE,2022,126,
BALTIMORE,2022,125,
BALTIMORE,2022,124,
BALTIMORE,2022,123,
BALTIMORE,2022,122,
BALTIMORE,2022,121,
BALTIMORE,2022,120,
BALTIMORE,2022,119,65.000000
BALTIMORE,2022,118,65.000000
BALTIMORE,2022,117,65.000000
BALTIMORE,2022,116,65.000000
BALTIMORE,2022,115,65.000000
BALTIMORE,2022,114,
BALTIMORE,2022,113,
BALTIMORE,2022,112,65.000000
BALTIMORE,2022,111,65.000000
BALTIMORE,2022,110,68.000000
BALTIMORE,2022,109,68.000000
BALTIMORE,2022,108,68.000000
BALTIMORE,2022,107,
BALTIMORE,2022,106,
BALTIMORE,2022,105,68.000000
BALTIMORE,2022,104,68.000000
BALTIMORE,2022,103,68.000000
BALTIMORE,2022,102,68.000000
BALTIMORE,2022,101,68.000000
BALTIMORE,2022,100,
BALTIMORE,2022,99,
BALTIMORE,2022,98,68.000000
BALTIMORE,2022,97,68.000000
BALTIMORE,2022,96,68.000000
BALTIMORE,2022,95,68.000000
BALTIMORE,2022,94,68.000000
BALTIMORE,2022,93,
BALTIMORE,2022,92,
BALTIMORE,2022,91,68.000000
BALTIMORE,2022,90,68.000000
BALTIMORE,2022,89,68.000000
BALTIMORE,2022,88,68.000000
BALTIMORE,2022,87,68.000000
BALTIMORE,2022,86,
BALTIMORE,2022,85,
BALTIMORE,2022,84,
BALTIMORE,2022,83,
BALTIMORE,2022,82,
BALTIMORE,2022,81,
BALTIMORE,2022,80,
BALTIMORE,2022,79,
BALTIMORE,2022,78,
BALTIMORE,2022,77,
BALTIMORE,2022,76,
BALTIMORE,2022,75,
BALTIMORE,2022,74,
BALTIMORE,2022,73,
BALTIMORE,2022,72,
BALTIMORE,2022,71,
BALTIMORE,2022,70,
BALTIMORE,2022,69,
BALTIMORE,2022,68,
BALTIMORE,2022,67,
BALTIMORE,2022,66,
BALTIMORE,2022,65,
BALTIMORE,2022,64,
BALTIMORE,2022,63,
BALTIMORE,2022,62,
BALTIMORE,2022,61,
BALTIMORE,2022,60,
BALTIMORE,2022,59,
BALTIMORE,2022,58,
BALTIMORE,2022,57,
BALTIMORE,2022,56,
BALTIMORE,2022,55,
BALTIMORE,2022,54,33.000000
BALTIMORE,2022,53,33.000000
BALTIMORE,2022,52,
BALTIMORE,2022,51,
BALTIMORE,2022,50,
BALTIMORE,2022,49,33.000000
BALTIMORE,2022,48,33.000000
BALTIMORE,2022,47,
BALTIMORE,2022,46,
BALTIMORE,2022,45,
BALTIMORE,2022,44,
BALTIMORE,2022,43,
BALTIMORE,2022,42,
BALTIMORE,2022,41,
BALTIMORE,2022,40,
BALTIMORE,2022,39,
BALTIMORE,2022,38,
BALTIMORE,2022,37,
BALTIMORE,2022,36,
BALTIMORE,2022,35,28.000000
BALTIMORE,2022,34,28.000000
BALTIMORE,2022,33,
BALTIMORE,2022,32,
BALTIMORE,2022,31,
BALTIMORE,2022,30,
BALTIMORE,2022,29,
BALTIMORE,2022,28,
BALTIMORE,2022,27,
BALTIMORE,2022,26,
BALTIMORE,2022,25,
BALTIMORE,2022,24,
BALTIMORE,2022,23,
BALTIMORE,2022,22,
BALTIMORE,2022,21,
BALTIMORE,2022,20,
BALTIMORE,2022,19,50.000000
BALTIMORE,2022,18,50.000000
BALTIMORE,2022,17,
BALTIMORE,2022,16,
BALTIMORE,2022,15,
BALTIMORE,2022,14,
BALTIMORE,2022,13,
BALTIMORE,2022,12,
BALTIMORE,2022,11,
BALTIMORE,2022,10,
BALTIMORE,2022,9,
BALTIMORE,2022,8,
BALTIMORE,2022,7,
BALTIMORE,2022,6,
BALTIMORE,2022,5,
BALTIMORE,2022,4,
BALTIMORE,2022,3,
BALTIMORE,2022,2,
BOSTON,2022,366,
BOSTON,2022,365,
BOSTON,2022,364,30.500000
BOSTON,2022,363,30.500000
BOSTON,2022,362,30.500000
BOSTON,2022,361,30.500000
BOSTON,2022,360,
BOSTON,2022,359,
BOSTON,2022,358,
BOSTON,2022,357,30.500000
BOSTON,2022,356,30.500000
BOSTON,2022,355,30.500000
BOSTON,2022,354,30.500000
BOSTON,2022,353,30.500000
BOSTON,2022,352,
BOSTON,2022,351,
BOSTON,2022,350,30.500000
BOSTON,2022,349,30.500000
BOSTON,2022,348,30.500000
BOSTON,2022,347,30.500000
BOSTON,2022,346,30.500000
BOSTON,2022,345,
BOSTON,2022,344,
BOSTON,2022,343,30.500000
BOSTON,2022,342,30.500000
BOSTON,2022,341,30.500000
BOSTON,2022,340,30.500000
BOSTON,2022,339,30.500000
BOSTON,2022,338,
BOSTON,2022,337,
BOSTON,2022,336,30.500000
BOSTON,2022,335,30.500000
BOSTON,2022,334,30.500000
BOSTON,2022,333,30.500000
BOSTON,2022,332,30.500000
BOSTON,2022,331,
BOSTON,2022,330,
BOSTON,2022,329,30.500000
BOSTON,2022,328,
BOSTON,2022,327,30.500000
BOSTON,2022,326,30.500000
BOSTON,2022,325,30.500000
BOSTON,2022,324,
BOSTON,2022,323,
BOSTON,2022,322,30.500000
BOSTON,2022,321,30.500000
BOSTON,2022,320,30.000000
BOSTON,2022,319,30.000000
BOSTON,2022,318,30.000000
BOSTON,2022,317,
BOSTON,2022,316,
BOSTON,2022,315,
BOSTON,2022,314,30.000000
BOSTON,2022,313,30.000000
BOSTON,2022,312,30.000000
BOSTON,2022,311,30.000000
BOSTON,2022,310,
BOSTON,2022,309,
BOSTON,2022,308,30.000000
BOSTON,2022,307,30.000000
BOSTON,2022,306,30.000000
BOSTON,2022,305,30.000000
BOSTON,2022,304,30.000000
BOSTON,2022,303,
BOSTON,2022,302,
BOSTON,2022,301,30.000000
BOSTON,2022,300,30.000000
BOSTON,2022,299,30.000000
BOSTON,2022,298,27.000000
BOSTON,2022,297,27.000000
BOSTON,2022,296,
BOSTON,2022,295,
BOSTON,2022,294,27.000000
BOSTON,2022,293,27.000000
BOSTON,2022,292,27.000000
BOSTON,2022,291,27.000000
BOSTON,2022,290,27.000000
BOSTON,2022,289,
BOSTON,2022,288,
BOSTON,2022,287,27.000000
BOSTON,2022,286,27.000000
BOSTON,2022,285,27.000000
BOSTON,2022,284,27.000000
BOSTON,2022,283,
BOSTON,2022,282,
BOSTON,2022,281,
BOSTON,2022,280,27.000000
BOSTON,2022,279,27.000000
BOSTON,2022,278,27.000000
BOSTON,2022,277,27.000000
BOSTON,2022,276,27.000000
BOSTON,2022,275,
BOSTON,2022,274,
BOSTON,2022,273,27.000000
BOSTON,2022,272,27.000000
BOSTON,2022,271,27.000000
BOSTON,2022,270,27.000000
BOSTON,2022,269,30.000000
BOSTON,2022,268,
BOSTON,2022,267,
BOSTON,2022,266,30.000000
BOSTON,2022,265,30.000000
BOSTON,2022,264,30.000000
BOSTON,2022,263,30.000000
BOSTON,2022,262,30.000000
BOSTON,2022,261,
BOSTON,2022,260,
BOSTON,2022,259,30.000000
BOSTON,2022,258,30.000000
BOSTON,2022,257,30.000000
BOSTON,2022,256,30.000000
BOSTON,2022,255,30.000000
BOSTON,2022,254,
BOSTON,2022,253,
BOSTON,2022,252,30.000000
BOSTON,2022,251,30.000000
BOSTON,2022,250,30.000000
BOSTON,2022,249,30.000000
BOSTON,2022,248,
BOSTON,2022,247,
BOSTON,2022,246,
BOSTON,2022,245,30.000000
BOSTON,2022,244,30.000000
BOSTON,2022,243,30.000000
BOSTON,2022,242,30.000000
BOSTON,2022,241,30.000000
BOSTON,2022,240,
BOSTON,2022,239,
BOSTON,2022,238,30.000000
BOSTON,2022,237,30.000000
BOSTON,2022,236,30.000000
BOSTON,2022,235,30.000000
BOSTON,2022,234,30.000000
BOSTON,2022,233,
BOSTON,2022,232,
BOSTON,2022,231,30.000000
BOSTON,2022,230,30.000000
BOSTON,2022,229,30.000000
BOSTON,2022,228,30.000000
BOSTON,2022,227,30.000000
BOSTON,2022,226,
BOSTON,2022,225,
BOSTON,2022,224,30.000000
BOSTON,2022,223,30.000000
BOSTON,2022,222,30.000000
BOSTON,2022,221,30.000000
BOSTON,2022,220,30.000000
BOSTON,2022,219,
BOSTON,2022,218,
BOSTON,2022,217,35.500000
BOSTON,2022,216,35.500000
BOSTON,2022,215,35.500000
BOSTON,2022,214,35.500000
BOSTON,2022,213,35.500000
BOSTON,2022,212,
BOSTON,2022,211,
BOSTON,2022,210,35.500000
BOSTON,2022,209,35.500000
BOSTON,2022,208,35.500000
BOSTON,2022,207,35.500000
BOSTON,2022,206,35.500000
BOSTON,2022,205,
BOSTON,2022,204,
BOSTON,2022,203,30.000000
BOSTON,2022,202,30.000000
BOSTON,2022,201,30.000000
BOSTON,2022,200,30.000000
BOSTON,2022,199,30.000000
BOSTON,2022,198,
BOSTON,2022,197,
BOSTON,2022,196,35.000000
BOSTON,2022,195,35.000000
BOSTON,2022,194,35.000000
BOSTON,2022,193,35.000000
BOSTON,2022,192,64.000000
BOSTON,2022,191,
BOSTON,2022,190,
BOSTON,2022,189,64.000000
BOSTON,2022,188,64.000000
BOSTON,2022,187,64.000000
BOSTON,2022,186,64.000000
BOSTON,2022,185,
BOSTON,2022,184,
BOSTON,2022,183,
BOSTON,2022,182,64.000000
BOSTON,2022,181,64.000000
BOSTON,2022,180,64.000000
BOSTON,2022,179,64.000000
BOSTON,2022,178,64.000000
BOSTON,2022,177,
BOSTON,2022,176,
BOSTON,2022,175,64.000000
BOSTON,2022,174,64.000000
BOSTON,2022,173,64.000000
BOSTON,2022,172,64.000000
BOSTON,2022,171,
BOSTON,2022,170,
BOSTON,2022,169,
BOSTON,2022,168,64.000000
BOSTON,2022,167,64.000000
BOSTON,2022,166,64.000000
BOSTON,2022,165,64.000000
BOSTON,2022,164,64.000000
BOSTON,2022,163,
BOSTON,2022,162,
BOSTON,2022,161,64.000000
BOSTON,2022,160,64.000000
BOSTON,2022,159,64.000000
BOSTON,2022,158,64.000000
BOSTON,2022,157,64.000000
BOSTON,2022,156,
BOSTON,2022,155,
BOSTON,2022,154,64.000000
BOSTON,2022,153,64.000000
BOSTON,2022,152,64.000000
BOSTON,2022,151,64.000000
BOSTON,2022,150,
BOSTON,2022,149,
BOSTON,2022,148,
BOSTON,2022,147,64.000000
BOSTON,2022,146,64.000000
BOSTON,2022,145,64.000000
BOSTON,2022,144,64.000000
BOSTON,2022,143,64.000000
BOSTON,2022,142,
BOSTON,2022,141,
BOSTON,2022,140,64.000000
BOSTON,2022,139,64.000000
BOSTON,2022,138,64.000000
BOSTON,2022,137,64.000000
BOSTON,2022,136,64.000000
BOSTON,2022,135,
BOSTON,2022,134,
BOSTON,2022,133,64.000000
BOSTON,2022,132,64.000000
BOSTON,2022,131,64.000000
BOSTON,2022,130,64.000000
BOSTON,2022,129,64.000000
BOSTON,2022,128,
BOSTON,2022,127,
BOSTON,2022,126,64.000000
BOSTON,2022,125,64.000000
BOSTON,2022,124,64.000000
BOSTON,2022,123,64.000000
BOSTON,2022,122,64.000000
BOSTON,2022,121,
BOSTON,2022,120,
BOSTON,2022,119,64.000000
BOSTON,2022,118,64.000000
BOSTON,2022,117,64.000000
BOSTON,2022,116,64.000000
BOSTON,2022,115,64.000000
BOSTON,2022,114,
BOSTON,2022,113,
BOSTON,2022,112,64.000000
BOSTON,2022,111,64.000000
BOSTON,2022,110,64.000000
BOSTON,2022,109,38.000000
BOSTON,2022,108,38.000000
BOSTON,2022,107,
BOSTON,2022,106,
BOSTON,2022,105,38.000000
BOSTON,2022,104,38.000000
BOSTON,2022,103,38.000000
BOSTON,2022,102,38.000000
BOSTON,2022,101,38.000000
BOSTON,2022,100,
BOSTON,2022,99,
BOSTON,2022,98,38.000000
BOSTON,2022,97,38.000000
BOSTON,2022,96,38.000000
BOSTON,2022,95,38.000000
BOSTON,2022,94,38.000000
BOSTON,2022,93,
BOSTON,2022,92,
BOSTON,2022,91,38.000000
BOSTON,2022,90,38.000000
BOSTON,2022,89,38.000000
BOSTON,2022,88,38.000000
BOSTON,2022,87,38.000000
BOSTON,2022,86,
BOSTON,2022,85,
BOSTON,2022,84,38.000000
BOSTON,2022,83,38.000000
BOSTON,2022,82,38.000000
BOSTON,2022,81,38.000000
BOSTON,2022,80,38.000000
BOSTON,2022,79,
BOSTON,2022,78,
BOSTON,2022,77,38.000000
BOSTON,2022,76,38.000000
BOSTON,2022,75,38.000000
BOSTON,2022,74,38.000000
BOSTON,2022,73,38.000000
BOSTON,2022,72,
BOSTON,2022,71,
BOSTON,2022,70,38.000000
BOSTON,2022,69,38.000000
BOSTON,2022,68,38.000000
BOSTON,2022,67,38.000000
BOSTON,2022,66,38.000000
BOSTON,2022,65,
BOSTON,2022,64,
BOSTON,2022,63,38.000000
BOSTON,2022,62,38.000000
BOSTON,2022,61,38.000000
BOSTON,2022,60,38.000000
BOSTON,2022,59,38.000000
BOSTON,2022,58,
BOSTON,2022,57,
BOSTON,2022,56,38.000000
BOSTON,2022,55,38.000000
BOSTON,2022,54,38.000000
BOSTON,2022,53,38.000000
BOSTON,2022,52,
BOSTON,2022,51,
BOSTON,2022,50,
BOSTON,2022,49,38.000000
BOSTON,2022,48,38.000000
BOSTON,2022,47,38.000000
BOSTON,2022,46,38.000000
BOSTON,2022,45,38.000000
BOSTON,2022,44,
BOSTON,2022,43,
BOSTON,2022,42,38.000000
BOSTON,2022,41,38.000000
BOSTON,2022,40,38.000000
BOSTON,2022,39,38.000000
BOSTON,2022,38,38.000000
BOSTON,2022,37,
BOSTON,2022,36,
BOSTON,2022,35,38.000000
BOSTON,2022,34,38.000000
BOSTON,2022,33,38.000000
BOSTON,2022,32,38.000000
BOSTON,2022,31,38.000000
BOSTON,2022,30,
BOSTON,2022,29,
BOSTON,2022,28,38.000000
BOSTON,2022,27,38.000000
BOSTON,2022,26,38.000000
BOSTON,2022,25,26.000000
BOSTON,2022,24,26.000000
BOSTON,2022,23,
BOSTON,2022,22,
BOSTON,2022,21,26.000000
BOSTON,2022,20,26.000000
BOSTON,2022,19,26.000000
BOSTON,2022,18,26.000000
BOSTON,2022,17,
BOSTON,2022,16,
BOSTON,2022,15,
BOSTON,2022,14,26.000000
BOSTON,2022,13,26.000000
BOSTON,2022,12,26.000000
BOSTON,2022,11,26.000000
BOSTON,2022,10,26.000000
BOSTON,2022,9,
BOSTON,2022,8,
BOSTON,2022,7,26.000000
BOSTON,2022,6,26.000000
BOSTON,2022,5,26.000000
BOSTON,2022,4,26.000000
BOSTON,2022,3,28.000000
BOSTON,2022,2,
CHICAGO,2022,366,
CHICAGO,2022,365,
CHICAGO,2022,364,37.000000
CHICAGO,2022,363,42.250000
CHICAGO,2022,362,42.250000
CHICAGO,2022,361,42.250000
CHICAGO,2022,360,
CHICAGO,2022,359,
CHICAGO,2022,358,
CHICAGO,2022,357,42.250000
CHICAGO,2022,356,42.250000
CHICAGO,2022,355,42.250000
CHICAGO,2022,354,42.250000
CHICAGO,2022,353,42.250000
CHICAGO,2022,352,
CHICAGO,2022,351,
CHICAGO,2022,350,42.250000
CHICAGO,2022,349,42.250000
CHICAGO,2022,348,42.250000
CHICAGO,2022,347,42.250000
CHICAGO,2022,346,42.250000
CHICAGO,2022,345,
CHICAGO,2022,344,
CHICAGO,2022,343,42.250000
CHICAGO,2022,342,42.250000
CHICAGO,2022,341,42.250000
CHICAGO,2022,340,42.250000
CHICAGO,2022,339,42.250000
CHICAGO,2022,338,
CHICAGO,2022,337,
CHICAGO,2022,336,42.250000
CHICAGO,2022,335,42.250000
CHICAGO,2022,334,42.250000
CHICAGO,2022,333,42.250000
CHICAGO,2022,332,42.250000
CHICAGO,2022,331,
CHICAGO,2022,330,
CHICAGO,2022,329,
CHICAGO,2022,328,
CHICAGO,2022,327,42.250000
CHICAGO,2022,326,42.250000
CHICAGO,2022,325,42.250000
CHICAGO,2022,324,
CHICAGO,2022,323,
CHICAGO,2022,322,42.250000
CHICAGO,2022,321,42.250000
CHICAGO,2022,320,42.250000
CHICAGO,2022,319,42.250000
CHICAGO,2022,318,42.250000
CHICAGO,2022,317,
CHICAGO,2022,316,
CHICAGO,2022,315,
CHICAGO,2022,314,42.250000
CHICAGO,2022,313,42.250000
CHICAGO,2022,312,42.250000
CHICAGO,2022,311,42.250000
CHICAGO,2022,310,
CHICAGO,2022,309,
CHICAGO,2022,308,42.250000
CHICAGO,2022,307,42.250000
CHICAGO,2022,306,42.250000
CHICAGO,2022,305,42.000000
CHICAGO,2022,304,42.000000
CHICAGO,2022,303,
CHICAGO,2022,302,
CHICAGO,2022,301,42.000000
CHICAGO,2022,300,42.000000
CHICAGO,2022,299,28.500000
CHICAGO,2022,298,28.500000
CHICAGO,2022,297,28.500000
CHICAGO,2022,296,
CHICAGO,2022,295,
CHICAGO,2022,294,28.500000
CHICAGO,2022,293,28.500000
CHICAGO,2022,292,28.500000
CHICAGO,2022,291,28.500000
CHICAGO,2022,290,28.500000
CHICAGO,2022,289,
CHICAGO,2022,288,
CHICAGO,2022,287,28.500000
CHICAGO,2022,286,28.500000
CHICAGO,2022,285,28.500000
CHICAGO,2022,284,28.500000
CHICAGO,2022,283,
CHICAGO,2022,282,
CHICAGO,2022,281,
CHICAGO,2022,280,28.500000
CHICAGO,2022,279,28.500000
CHICAGO,2022,278,28.500000
CHICAGO,2022,277,28.500000
CHICAGO,2022,276,28.500000
CHICAGO,2022,275,
CHICAGO,2022,274,
CHICAGO,2022,273,28.500000
CHICAGO,2022,272,28.500000
CHICAGO,2022,271,28.500000
CHICAGO,2022,270,28.500000
CHICAGO,2022,269,28.500000
CHICAGO,2022,268,
CHICAGO,2022,267,
CHICAGO,2022,266,28.500000
CHICAGO,2022,265,28.500000
CHICAGO,2022,264,28.500000
CHICAGO,2022,263,28.500000
CHICAGO,2022,262,28.500000
CHICAGO,2022,261,
CHICAGO,2022,260,
CHICAGO,2022,259,28.500000
CHICAGO,2022,258,28.500000
CHICAGO,2022,257,28.500000
CHICAGO,2022,256,28.500000
CHICAGO,2022,255,28.500000
CHICAGO,2022,254,
CHICAGO,2022,253,
CHICAGO,2022,252,28.500000
CHICAGO,2022,251,32.000000
CHICAGO,2022,250,32.000000
CHICAGO,2022,249,32.000000
CHICAGO,2022,248,
CHICAGO,2022,247,
CHICAGO,2022,246,
CHICAGO,2022,245,32.000000
CHICAGO,2022,244,32.000000
CHICAGO,2022,243,32.000000
CHICAGO,2022,242,32.000000
CHICAGO,2022,241,32.000000
CHICAGO,2022,240,
CHICAGO,2022,239,
CHICAGO,2022,238,32.000000
CHICAGO,2022,237,32.000000
CHICAGO,2022,236,32.000000
CHICAGO,2022,235,32.000000
CHICAGO,2022,234,32.000000
CHICAGO,2022,233,
CHICAGO,2022,232,
CHICAGO,2022,231,32.000000
CHICAGO,2022,230,32.000000
CHICAGO,2022,229,32.000000
CHICAGO,2022,228,32.000000
CHICAGO,2022,227,32.000000
CHICAGO,2022,226,
CHICAGO,2022,225,
CHICAGO,2022,224,32.000000
CHICAGO,2022,223,32.000000
CHICAGO,2022,222,32.000000
CHICAGO,2022,221,32.000000
CHICAGO,2022,220,32.000000
CHICAGO,2022,219,
CHICAGO,2022,218,
CHICAGO,2022,217,26.000000
CHICAGO,2022,216,26.000000
CHICAGO,2022,215,26.000000
CHICAGO,2022,214,26.000000
CHICAGO,2022,213,40.000000
CHICAGO,2022,212,
CHICAGO,2022,211,
CHICAGO,2022,210,40.000000
CHICAGO,2022,209,40.000000
CHICAGO,2022,208,40.000000
CHICAGO,2022,207,40.000000
CHICAGO,2022,206,38.500000
CHICAGO,2022,205,
CHICAGO,2022,204,
CHICAGO,2022,203,38.500000
CHICAGO,2022,202,38.500000
CHICAGO,2022,201,38.500000
CHICAGO,2022,200,38.500000
CHICAGO,2022,199,38.500000
CHICAGO,2022,198,
CHICAGO,2022,197,
CHICAGO,2022,196,38.500000
CHICAGO,2022,195,38.500000
CHICAGO,2022,194,38.500000
CHICAGO,2022,193,38.500000
CHICAGO,2022,192,38.500000
CHICAGO,2022,191,
CHICAGO,2022,190,
CHICAGO,2022,189,38.500000
CHICAGO,2022,188,38.500000
CHICAGO,2022,187,38.500000
CHICAGO,2022,186,38.500000
CHICAGO,2022,185,
CHICAGO,2022,184,
CHICAGO,2022,183,
CHICAGO,2022,182,38.500000
CHICAGO,2022,181,38.500000
CHICAGO,2022,180,38.500000
CHICAGO,2022,179,38.500000
CHICAGO,2022,178,38.500000
CHICAGO,2022,177,
CHICAGO,2022,176,
CHICAGO,2022,175,38.500000
CHICAGO,2022,174,38.500000
CHICAGO,2022,173,38.500000
CHICAGO,2022,172,38.500000
CHICAGO,2022,171,
CHICAGO,2022,170,
CHICAGO,2022,169,
CHICAGO,2022,168,38.500000
CHICAGO,2022,167,38.500000
CHICAGO,2022,166,38.500000
CHICAGO,2022,165,38.500000
CHICAGO,2022,164,38.500000
CHICAGO,2022,163,
CHICAGO,2022,162,
CHICAGO,2022,161,38.500000
CHICAGO,2022,160,38.500000
CHICAGO,2022,159,38.500000
CHICAGO,2022,158,38.500000
CHICAGO,2022,157,38.500000
CHICAGO,2022,156,
CHICAGO,2022,155,
CHICAGO,2022,154,38.500000
CHICAGO,2022,153,38.500000
CHICAGO,2022,152,38.500000
CHICAGO,2022,151,38.500000
CHICAGO,2022,150,
CHICAGO,2022,149,
CHICAGO,2022,148,
CHICAGO,2022,147,38.500000
CHICAGO,2022,146,38.500000
CHICAGO,2022,145,38.500000
CHICAGO,2022,144,38.500000
CHICAGO,2022,143,38.500000
CHICAGO,2022,142,
CHICAGO,2022,141,
CHICAGO,2022,140,38.500000
CHICAGO,2022,139,38.500000
CHICAGO,2022,138,38.500000
CHICAGO,2022,137,38.500000
CHICAGO,2022,136,38.500000
CHICAGO,2022,135,
CHICAGO,2022,134,
CHICAGO,2022,133,38.500000
CHICAGO,2022,132,38.500000
CHICAGO,2022,131,38.500000
CHICAGO,2022,130,38.500000
CHICAGO,2022,129,38.500000
CHICAGO,2022,128,
CHICAGO,2022,127,
CHICAGO,2022,126,38.500000
CHICAGO,2022,125,38.500000
CHICAGO,2022,124,38.500000
CHICAGO,2022,123,38.500000
CHICAGO,2022,122,38.500000
CHICAGO,2022,121,
CHICAGO,2022,120,
CHICAGO,2022,119,38.500000
CHICAGO,2022,118,38.500000
CHICAGO,2022,117,38.500000
CHICAGO,2022,116,38.500000
CHICAGO,2022,115,38.500000
CHICAGO,2022,114,
CHICAGO,2022,113,
CHICAGO,2022,112,38.500000
CHICAGO,2022,111,38.500000
CHICAGO,2022,110,38.500000
CHICAGO,2022,109,38.500000
CHICAGO,2022,108,38.500000
CHICAGO,2022,107,
CHICAGO,2022,106,
CHICAGO,2022,105,38.500000
CHICAGO,2022,104,38.500000
CHICAGO,2022,103,38.500000
CHICAGO,2022,102,38.500000
CHICAGO,2022,101,38.500000
CHICAGO,2022,100,
CHICAGO,2022,99,
CHICAGO,2022,98,38.500000
CHICAGO,2022,97,38.500000
CHICAGO,2022,96,38.500000
CHICAGO,2022,95,38.500000
CHICAGO,2022,94,38.500000
CHICAGO,2022,93,
CHICAGO,2022,92,
CHICAGO,2022,91,38.500000
CHICAGO,2022,90,38.500000
CHICAGO,2022,89,38.500000
CHICAGO,2022,88,38.500000
CHICAGO,2022,87,38.500000
CHICAGO,2022,86,
CHICAGO,2022,85,
CHICAGO,2022,84,38.500000
CHICAGO,2022,83,38.500000
CHICAGO,2022,82,38.500000
CHICAGO,2022,81,38.500000
CHICAGO,2022,80,38.500000
CHICAGO,2022,79,
CHICAGO,2022,78,
CHICAGO,2022,77,38.500000
CHICAGO,2022,76,38.500000
CHICAGO,2022,75,38.500000
CHICAGO,2022,74,38.500000
CHICAGO,2022,73,38.500000
CHICAGO,2022,72,
CHICAGO,2022,71,
CHICAGO,2022,70,38.500000
CHICAGO,2022,69,38.500000
CHICAGO,2022,68,38.500000
CHICAGO,2022,67,38.500000
CHICAGO,2022,66,38.500000
CHICAGO,2022,65,
CHICAGO,2022,64,
CHICAGO,2022,63,38.500000
CHICAGO,2022,62,38.500000
CHICAGO,2022,61,38.500000
CHICAGO,2022,60,38.500000
CHICAGO,2022,59,38.500000
CHICAGO,2022,58,
CHICAGO,2022,57,
CHICAGO,2022,56,38.500000
CHICAGO,2022,55,38.500000
CHICAGO,2022,54,38.500000
CHICAGO,2022,53,38.500000
CHICAGO,2022,52,
CHICAGO,2022,51,
CHICAGO,2022,50,
CHICAGO,2022,49,38.500000
CHICAGO,2022,48,38.500000
CHICAGO,2022,47,38.500000
CHICAGO,2022,46,38.500000
CHICAGO,2022,45,38.500000
CHICAGO,2022,44,
CHICAGO,2022,43,
CHICAGO,2022,42,38.500000
CHICAGO,2022,41,38.500000
CHICAGO,2022,40,38.500000
CHICAGO,2022,39,38.500000
CHICAGO,2022,38,38.500000
CHICAGO,2022,37,
CHICAGO,2022,36,
CHICAGO,2022,35,38.500000
CHICAGO,2022,34,38.500000
CHICAGO,2022,33,38.500000
CHICAGO,2022,32,38.500000
CHICAGO,2022,31,38.500000
CHICAGO,2022,30,
CHICAGO,2022,29,
CHICAGO,2022,28,38.500000
CHICAGO,2022,27,38.500000
CHICAGO,2022,26,38.500000
CHICAGO,2022,25,38.500000
CHICAGO,2022,24,38.500000
CHICAGO,2022,23,
CHICAGO,2022,22,
CHICAGO,2022,21,38.500000
CHICAGO,2022,20,34.833333
CHICAGO,2022,19,34.833333
CHICAGO,2022,18,34.833333
CHICAGO,2022,17,
CHICAGO,2022,16,
CHICAGO,2022,15,
CHICAGO,2022,14,34.833333
CHICAGO,2022,13,34.833333
CHICAGO,2022,12,34.833333
CHICAGO,2022,11,34.833333
CHICAGO,2022,10,34.833333
CHICAGO,2022,9,
CHICAGO,2022,8,
CHICAGO,2022,7,34.833333
CHICAGO,2022,6,34.833333
CHICAGO,2022,5,34.833333
CHICAGO,2022,4,34.833333
CHICAGO,2022,3,34.833333
CHICAGO,2022,2,
LOS ANGELES,2022,366,
LOS ANGELES,2022,365,
LOS ANGELES,2022,364,26.500000
LOS ANGELES,2022,363,26.500000
LOS ANGELES,2022,362,26.500000
LOS ANGELES,2022,361,26.500000
LOS ANGELES,2022,360,
LOS ANGELES,2022,359,
LOS ANGELES,2022,358,
LOS ANGELES,2022,357,26.500000
LOS ANGELES,2022,356,26.500000
LOS ANGELES,2022,355,26.500000
LOS ANGELES,2022,354,26.500000
LOS ANGELES,2022,353,26.500000
LOS ANGELES,2022,352,
LOS ANGELES,2022,351,
LOS ANGELES,2022,350,25.000000
LOS ANGELES,2022,349,25.000000
LOS ANGELES,2022,348,25.000000
LOS ANGELES,2022,347,25.000000
LOS ANGELES,2022,346,25.000000
LOS ANGELES,2022,345,
LOS ANGELES,2022,344,
LOS ANGELES,2022,343,25.000000
LOS ANGELES,2022,342,25.000000
LOS ANGELES,2022,341,25.000000
LOS ANGELES,2022,340,22.500000
LOS ANGELES,2022,339,22.500000
LOS ANGELES,2022,338,
LOS ANGELES,2022,337,
LOS ANGELES,2022,336,27.500000
LOS ANGELES,2022,335,25.000000
LOS ANGELES,2022,334,25.000000
LOS ANGELES,2022,333,25.000000
LOS ANGELES,2022,332,25.000000
LOS ANGELES,2022,331,
LOS ANGELES,2022,330,
LOS ANGELES,2022,329,25.000000
LOS ANGELES,2022,328,
LOS ANGELES,2022,327,21.500000
LOS ANGELES,2022,326,21.500000
LOS ANGELES,2022,325,21.500000
LOS ANGELES,2022,324,
LOS ANGELES,2022,323,
LOS ANGELES,2022,322,21.500000
LOS ANGELES,2022,321,21.500000
LOS ANGELES,2022,320,21.500000
LOS ANGELES,2022,319,21.500000
LOS ANGELES,2022,318,21.500000
LOS ANGELES,2022,317,
LOS ANGELES,2022,316,
LOS ANGELES,2022,315,
LOS ANGELES,2022,314,21.500000
LOS ANGELES,2022,313,21.500000
LOS ANGELES,2022,312,21.500000
LOS ANGELES,2022,311,21.500000
LOS ANGELES,2022,310,
LOS ANGELES,2022,309,
LOS ANGELES,2022,308,21.500000
LOS ANGELES,2022,307,21.500000
LOS ANGELES,2022,306,21.500000
LOS ANGELES,2022,305,21.500000
LOS ANGELES,2022,304,26.500000
LOS ANGELES,2022,303,
LOS ANGELES,2022,302,
LOS ANGELES,2022,301,26.500000
LOS ANGELES,2022,300,21.500000
LOS ANGELES,2022,299,21.500000
LOS ANGELES,2022,298,27.500000
LOS ANGELES,2022,297,27.500000
LOS ANGELES,2022,296,
LOS ANGELES,2022,295,
LOS ANGELES,2022,294,27.500000
LOS ANGELES,2022,293,27.500000
LOS ANGELES,2022,292,27.500000
LOS ANGELES,2022,291,27.500000
LOS ANGELES,2022,290,27.500000
LOS ANGELES,2022,289,
LOS ANGELES,2022,288,
LOS ANGELES,2022,287,27.500000
LOS ANGELES,2022,286,27.500000
LOS ANGELES,2022,285,27.500000
LOS ANGELES,2022,284,27.500000
LOS ANGELES,2022,283,
LOS ANGELES,2022,282,
LOS ANGELES,2022,281,
LOS ANGELES,2022,280,27.500000
LOS ANGELES,2022,279,27.500000
LOS ANGELES,2022,278,27.500000
LOS ANGELES,2022,277,27.500000
LOS ANGELES,2022,276,31.750000
LOS ANGELES,2022,275,
LOS ANGELES,2022,274,
LOS ANGELES,2022,273,31.750000
LOS ANGELES,2022,272,31.750000
LOS ANGELES,2022,271,31.750000
LOS ANGELES,2022,270,31.750000
LOS ANGELES,2022,269,31.750000
LOS ANGELES,2022,268,
LOS ANGELES,2022,267,
LOS ANGELES,2022,266,31.750000
LOS ANGELES,2022,265,31.750000
LOS ANGELES,2022,264,31.750000
LOS ANGELES,2022,263,31.750000
LOS ANGELES,2022,262,19.325000
LOS ANGELES,2022,261,
LOS ANGELES,2022,260,
LOS ANGELES,2022,259,19.325000
LOS ANGELES,2022,258,19.325000
LOS ANGELES,2022,257,19.325000
LOS ANGELES,2022,256,19.325000
LOS ANGELES,2022,255,19.325000
LOS ANGELES,2022,254,
LOS ANGELES,2022,253,
LOS ANGELES,2022,252,19.325000
LOS ANGELES,2022,251,19.325000
LOS ANGELES,2022,250,19.325000
LOS ANGELES,2022,249,19.325000
LOS ANGELES,2022,248,
LOS ANGELES,2022,247,
LOS ANGELES,2022,246,
LOS ANGELES,2022,245,19.325000
LOS ANGELES,2022,244,19.325000
LOS ANGELES,2022,243,19.325000
LOS ANGELES,2022,242,19.325000
LOS ANGELES,2022,241,22.325000
LOS ANGELES,2022,240,
LOS ANGELES,2022,239,
LOS ANGELES,2022,238,22.325000
LOS ANGELES,2022,237,22.325000
LOS ANGELES,2022,236,22.325000
LOS ANGELES,2022,235,22.325000
LOS ANGELES,2022,234,22.325000
LOS ANGELES,2022,233,
LOS ANGELES,2022,232,
LOS ANGELES,2022,231,22.325000
LOS ANGELES,2022,230,22.325000
LOS ANGELES,2022,229,22.325000
LOS ANGELES,2022,228,22.325000
LOS ANGELES,2022,227,22.325000
LOS ANGELES,2022,226,
LOS ANGELES,2022,225,
LOS ANGELES,2022,224,22.325000
LOS ANGELES,2022,223,22.325000
LOS ANGELES,2022,222,22.325000
LOS ANGELES,2022,221,22.325000
LOS ANGELES,2022,220,22.325000
LOS ANGELES,2022,219,
LOS ANGELES,2022,218,
LOS ANGELES,2022,217,22.325000
LOS ANGELES,2022,216,22.325000
LOS ANGELES,2022,215,22.325000
LOS ANGELES,2022,214,22.325000
LOS ANGELES,2022,213,22.325000
LOS ANGELES,2022,212,
LOS ANGELES,2022,211,
LOS ANGELES,2022,210,22.325000
LOS ANGELES,2022,209,29.250000
LOS ANGELES,2022,208,29.250000
LOS ANGELES,2022,207,29.250000
LOS ANGELES,2022,206,29.250000
LOS ANGELES,2022,205,
LOS ANGELES,2022,204,
LOS ANGELES,2022,203,29.250000
LOS ANGELES,2022,202,29.250000
LOS ANGELES,2022,201,29.250000
LOS ANGELES,2022,200,29.250000
LOS ANGELES,2022,199,22.875000
LOS ANGELES,2022,198,
LOS ANGELES,2022,197,
LOS ANGELES,2022,196,22.875000
LOS ANGELES,2022,195,22.875000
LOS ANGELES,2022,194,22.875000
LOS ANGELES,2022,193,22.875000
LOS ANGELES,2022,192,22.875000
LOS ANGELES,2022,191,
LOS ANGELES,2022,190,
LOS ANGELES,2022,189,22.875000
LOS ANGELES,2022,188,24.750000
LOS ANGELES,2022,187,47.500000
LOS ANGELES,2022,186,47.500000
LOS ANGELES,2022,185,
LOS ANGELES,2022,184,
LOS ANGELES,2022,183,
LOS ANGELES,2022,182,47.500000
LOS ANGELES,2022,181,48.250000
LOS ANGELES,2022,180,48.250000
LOS ANGELES,2022,179,48.250000
LOS ANGELES,2022,178,48.250000
LOS ANGELES,2022,177,
LOS ANGELES,2022,176,
LOS ANGELES,2022,175,48.250000
LOS ANGELES,2022,174,48.250000
LOS ANGELES,2022,173,48.250000
LOS ANGELES,2022,172,48.250000
LOS ANGELES,2022,171,
LOS ANGELES,2022,170,
LOS ANGELES,2022,169,
LOS ANGELES,2022,168,48.250000
LOS ANGELES,2022,167,48.250000
LOS ANGELES,2022,166,48.250000
LOS ANGELES,2022,165,48.250000
LOS ANGELES,2022,164,48.250000
LOS ANGELES,2022,163,
LOS ANGELES,2022,162,
LOS ANGELES,2022,161,21.875000
LOS ANGELES,2022,160,21.875000
LOS ANGELES,2022,159,21.875000
LOS ANGELES,2022,158,21.875000
LOS ANGELES,2022,157,21.875000
LOS ANGELES,2022,156,
LOS ANGELES,2022,155,
LOS ANGELES,2022,154,21.875000
LOS ANGELES,2022,153,21.875000
LOS ANGELES,2022,152,21.875000
LOS ANGELES,2022,151,21.875000
LOS ANGELES,2022,150,
LOS ANGELES,2022,149,
LOS ANGELES,2022,148,
LOS ANGELES,2022,147,21.875000
LOS ANGELES,2022,146,21.925000
LOS ANGELES,2022,145,21.925000
LOS ANGELES,2022,144,21.925000
LOS ANGELES,2022,143,21.925000
LOS ANGELES,2022,142,
LOS ANGELES,2022,141,
LOS ANGELES,2022,140,21.925000
LOS ANGELES,2022,139,11.800000
LOS ANGELES,2022,138,11.800000
LOS ANGELES,2022,137,11.800000
LOS ANGELES,2022,136,11.800000
LOS ANGELES,2022,135,
LOS ANGELES,2022,134,
LOS ANGELES,2022,133,11.800000
LOS ANGELES,2022,132,11.800000
LOS ANGELES,2022,131,11.800000
LOS ANGELES,2022,130,11.800000
LOS ANGELES,2022,129,11.800000
LOS ANGELES,2022,128,
LOS ANGELES,2022,127,
LOS ANGELES,2022,126,11.800000
LOS ANGELES,2022,125,11.800000
LOS ANGELES,2022,124,11.800000
LOS ANGELES,2022,123,11.800000
LOS ANGELES,2022,122,11.800000
LOS ANGELES,2022,121,
LOS ANGELES,2022,120,
LOS ANGELES,2022,119,11.800000
LOS ANGELES,2022,118,11.800000
LOS ANGELES,2022,117,11.800000
LOS ANGELES,2022,116,11.800000
LOS ANGELES,2022,115,11.800000
LOS ANGELES,2022,114,
LOS ANGELES,2022,113,
LOS ANGELES,2022,112,11.800000
LOS ANGELES,2022,111,11.800000
LOS ANGELES,2022,110,11.800000
LOS ANGELES,2022,109,11.800000
LOS ANGELES,2022,108,11.800000
LOS ANGELES,2022,107,
LOS ANGELES,2022,106,
LOS ANGELES,2022,105,11.800000
LOS ANGELES,2022,104,11.800000
LOS ANGELES,2022,103,11.800000
LOS ANGELES,2022,102,21.500000
LOS ANGELES,2022,101,21.500000
LOS ANGELES,2022,100,
LOS ANGELES,2022,99,
LOS ANGELES,2022,98,21.500000
LOS ANGELES,2022,97,21.500000
LOS ANGELES,2022,96,21.500000
LOS ANGELES,2022,95,21.500000
LOS ANGELES,2022,94,21.500000
LOS ANGELES,2022,93,
LOS ANGELES,2022,92,
LOS ANGELES,2022,91,21.500000
LOS ANGELES,2022,90,21.500000
LOS ANGELES,2022,89,21.500000
LOS ANGELES,2022,88,21.500000
LOS ANGELES,2022,87,21.500000
LOS ANGELES,2022,86,
LOS ANGELES,2022,85,
LOS ANGELES,2022,84,21.500000
LOS ANGELES,2022,83,21.500000
LOS ANGELES,2022,82,21.500000
LOS ANGELES,2022,81,21.500000
LOS ANGELES,2022,80,21.500000
LOS ANGELES,2022,79,
LOS ANGELES,2022,78,
LOS ANGELES,2022,77,21.500000
LOS ANGELES,2022,76,21.500000
LOS ANGELES,2022,75,11.750000
LOS ANGELES,2022,74,11.750000
LOS ANGELES,2022,73,11.750000
LOS ANGELES,2022,72,
LOS ANGELES,2022,71,
LOS ANGELES,2022,70,11.750000
LOS ANGELES,2022,69,11.750000
LOS ANGELES,2022,68,21.000000
LOS ANGELES,2022,67,21.000000
LOS ANGELES,2022,66,21.000000
LOS ANGELES,2022,65,
LOS ANGELES,2022,64,
LOS ANGELES,2022,63,21.000000
LOS ANGELES,2022,62,21.000000
LOS ANGELES,2022,61,21.000000
LOS ANGELES,2022,60,21.000000
LOS ANGELES,2022,59,21.000000
LOS ANGELES,2022,58,
LOS ANGELES,2022,57,
LOS ANGELES,2022,56,21.000000
LOS ANGELES,2022,55,21.000000
LOS ANGELES,2022,54,21.000000
LOS ANGELES,2022,53,21.000000
LOS ANGELES,2022,52,
LOS ANGELES,2022,51,
LOS ANGELES,2022,50,
LOS ANGELES,2022,49,21.000000
LOS ANGELES,2022,48,21.000000
LOS ANGELES,2022,47,21.000000
LOS ANGELES,2022,46,21.000000
LOS ANGELES,2022,45,21.000000
LOS ANGELES,2022,44,
LOS ANGELES,2022,43,
LOS ANGELES,2022,42,21.000000
LOS ANGELES,2022,41,21.000000
LOS ANGELES,2022,40,21.000000
LOS ANGELES,2022,39,21.000000
LOS ANGELES,2022,38,21.000000
LOS ANGELES,2022,37,
LOS ANGELES,2022,36,
LOS ANGELES,2022,35,21.000000
LOS ANGELES,2022,34,21.000000
LOS ANGELES,2022,33,21.000000
LOS ANGELES,2022,32,21.000000
LOS ANGELES,2022,31,21.000000
LOS ANGELES,2022,30,
LOS ANGELES,2022,29,
LOS ANGELES,2022,28,21.000000
LOS ANGELES,2022,27,21.000000
LOS ANGELES,2022,26,21.000000
LOS ANGELES,2022,25,21.000000
LOS ANGELES,2022,24,21.000000
LOS ANGELES,2022,23,
LOS ANGELES,2022,22,
LOS ANGELES,2022,21,21.000000
LOS ANGELES,2022,20,21.000000
LOS ANGELES,2022,19,21.000000
LOS ANGELES,2022,18,21.000000
LOS ANGELES,2022,17,
LOS ANGELES,2022,16,
LOS ANGELES,2022,15,
LOS ANGELES,2022,14,21.000000
LOS ANGELES,2022,13,21.000000
LOS ANGELES,2022,12,
LOS ANGELES,2022,11,
LOS ANGELES,2022,10,
LOS ANGELES,2022,9,
LOS ANGELES,2022,8,
LOS ANGELES,2022,7,
LOS ANGELES,2022,6,
LOS ANGELES,2022,5,
LOS ANGELES,2022,4,
LOS ANGELES,2022,3,
LOS ANGELES,2022,2,
NEW YORK,2022,366,
NEW YORK,2022,365,
NEW YORK,2022,364,31.000000
NEW YORK,2022,363,31.000000
NEW YORK,2022,362,33.000000
NEW YORK,2022,361,46.000000
NEW YORK,2022,360,
NEW YORK,2022,359,
NEW YORK,2022,358,
NEW YORK,2022,357,42.000000
NEW YORK,2022,356,42.000000
NEW YORK,2022,355,42.000000
NEW YORK,2022,354,42.000000
NEW YORK,2022,353,
NEW YORK,2022,352,
NEW YORK,2022,351,
NEW YORK,2022,350,41.000000
NEW YORK,2022,349,41.000000
NEW YORK,2022,348,41.000000
NEW YORK,2022,347,41.000000
NEW YORK,2022,346,41.000000
NEW YORK,2022,345,
NEW YORK,2022,344,
NEW YORK,2022,343,40.000000
NEW YORK,2022,342,40.000000
NEW YORK,2022,341,40.000000
NEW YORK,2022,340,40.000000
NEW YORK,2022,339,40.000000
NEW YORK,2022,338,
NEW YORK,2022,337,
NEW YORK,2022,336,40.000000
NEW YORK,2022,335,40.000000
NEW YORK,2022,334,40.000000
NEW YORK,2022,333,40.000000
NEW YORK,2022,332,40.000000
NEW YORK,2022,331,
NEW YORK,2022,330,
NEW YORK,2022,329,
NEW YORK,2022,328,
NEW YORK,2022,327,42.000000
NEW YORK,2022,326,42.000000
NEW YORK,2022,325,42.000000
NEW YORK,2022,324,
NEW YORK,2022,323,
NEW YORK,2022,322,43.000000
NEW YORK,2022,321,43.000000
NEW YORK,2022,320,44.000000
NEW YORK,2022,319,44.000000
NEW YORK,2022,318,44.000000
NEW YORK,2022,317,
NEW YORK,2022,316,
NEW YORK,2022,315,
NEW YORK,2022,314,
NEW YORK,2022,313,
NEW YORK,2022,312,
NEW YORK,2022,311,
NEW YORK,2022,310,
NEW YORK,2022,309,
NEW YORK,2022,308,
NEW YORK,2022,307,
NEW YORK,2022,306,
NEW YORK,2022,305,
NEW YORK,2022,304,
NEW YORK,2022,303,
NEW YORK,2022,302,
NEW YORK,2022,301,
NEW YORK,2022,300,
NEW YORK,2022,299,
NEW YORK,2022,298,
NEW YORK,2022,297,
NEW YORK,2022,296,
NEW YORK,2022,295,
NEW YORK,2022,294,
NEW YORK,2022,293,
NEW YORK,2022,292,
NEW YORK,2022,291,
NEW YORK,2022,290,
NEW YORK,2022,289,
NEW YORK,2022,288,
NEW YORK,2022,287,
NEW YORK,2022,286,
NEW YORK,2022,285,
NEW YORK,2022,284,
NEW YORK,2022,283,
NEW YORK,2022,282,
NEW YORK,2022,281,
NEW YORK,2022,280,
NEW YORK,2022,279,
NEW YORK,2022,278,
NEW YORK,2022,277,
NEW YORK,2022,276,
NEW YORK,2022,275,
NEW YORK,2022,274,
NEW YORK,2022,273,
NEW YORK,2022,272,
NEW YORK,2022,271,
NEW YORK,2022,270,28.000000
NEW YORK,2022,269,28.000000
NEW YORK,2022,268,
NEW YORK,2022,267,
NEW YORK,2022,266,28.000000
NEW YORK,2022,265,28.000000
NEW YORK,2022,264,28.000000
NEW YORK,2022,263,28.000000
NEW YORK,2022,262,28.000000
NEW YORK,2022,261,
NEW YORK,2022,260,
NEW YORK,2022,259,28.000000
NEW YORK,2022,258,28.000000
NEW YORK,2022,257,35.000000
NEW YORK,2022,256,35.000000
NEW YORK,2022,255,35.000000
NEW YORK,2022,254,
NEW YORK,2022,253,
NEW YORK,2022,252,35.000000
NEW YORK,2022,251,35.000000
NEW YORK,2022,250,35.000000
NEW YORK,2022,249,35.000000
NEW YORK,2022,248,
NEW YORK,2022,247,
NEW YORK,2022,246,
NEW YORK,2022,245,38.000000
NEW YORK,2022,244,38.000000
NEW YORK,2022,243,38.000000
NEW YORK,2022,242,38.000000
NEW YORK,2022,241,38.000000
NEW YORK,2022,240,
NEW YORK,2022,239,
NEW YORK,2022,238,
NEW YORK,2022,237,
NEW YORK,2022,236,
NEW YORK,2022,235,
NEW YORK,2022,234,
NEW YORK,2022,233,
NEW YORK,2022,232,
NEW YORK,2022,231,
NEW YORK,2022,230,
NEW YORK,2022,229,
NEW YORK,2022,228,
NEW YORK,2022,227,
NEW YORK,2022,226,
NEW YORK,2022,225,
NEW YORK,2022,224,
NEW YORK,2022,223,
NEW YORK,2022,222,
NEW YORK,2022,221,
NEW YORK,2022,220,
NEW YORK,2022,219,
NEW YORK,2022,218,
NEW YORK,2022,217,
NEW YORK,2022,216,46.000000
NEW YORK,2022,215,46.000000
NEW YORK,2022,214,46.000000
NEW YORK,2022,213,46.000000
NEW YORK,2022,212,
NEW YORK,2022,211,
NEW YORK,2022,210,
NEW YORK,2022,209,
NEW YORK,2022,208,42.000000
NEW YORK,2022,207,42.000000
NEW YORK,2022,206,42.000000
NEW YORK,2022,205,
NEW YORK,2022,204,
NEW YORK,2022,203,46.000000
NEW YORK,2022,202,46.000000
NEW YORK,2022,201,46.000000
NEW YORK,2022,200,46.000000
NEW YORK,2022,199,46.000000
NEW YORK,2022,198,
NEW YORK,2022,197,
NEW YORK,2022,196,52.000000
NEW YORK,2022,195,52.000000
NEW YORK,2022,194,52.000000
NEW YORK,2022,193,52.000000
NEW YORK,2022,192,52.000000
NEW YORK,2022,191,
NEW YORK,2022,190,
NEW YORK,2022,189,52.000000
NEW YORK,2022,188,
NEW YORK,2022,187,
NEW YORK,2022,186,
NEW YORK,2022,185,
NEW YORK,2022,184,
NEW YORK,2022,183,
NEW YORK,2022,182,65.000000
NEW YORK,2022,181,65.000000
NEW YORK,2022,180,65.000000
NEW YORK,2022,179,65.000000
NEW YORK,2022,178,65.000000
NEW YORK,2022,177,
NEW YORK,2022,176,
NEW YORK,2022,175,65.000000
NEW YORK,2022,174,65.000000
NEW YORK,2022,173,
NEW YORK,2022,172,
NEW YORK,2022,171,
NEW YORK,2022,170,
NEW YORK,2022,169,
NEW YORK,2022,168,
NEW YORK,2022,167,
NEW YORK,2022,166,
NEW YORK,2022,165,
NEW YORK,2022,164,56.000000
NEW YORK,2022,163,
NEW YORK,2022,162,
NEW YORK,2022,161,56.000000
NEW YORK,2022,160,56.000000
NEW YORK,2022,159,56.000000
NEW YORK,2022,158,56.000000
NEW YORK,2022,157,56.000000
NEW YORK,2022,156,
NEW YORK,2022,155,
NEW YORK,2022,154,
NEW YORK,2022,153,
NEW YORK,2022,152,
NEW YORK,2022,151,
NEW YORK,2022,150,
NEW YORK,2022,149,
NEW YORK,2022,148,
NEW YORK,2022,147,
NEW YORK,2022,146,
NEW YORK,2022,145,
NEW YORK,2022,144,48.000000
NEW YORK,2022,143,48.000000
NEW YORK,2022,142,
NEW YORK,2022,141,
NEW YORK,2022,140,48.000000
NEW YORK,2022,139,48.000000
NEW YORK,2022,138,48.000000
NEW YORK,2022,137,48.000000
NEW YORK,2022,136,48.000000
NEW YORK,2022,135,
NEW YORK,2022,134,
NEW YORK,2022,133,48.000000
NEW YORK,2022,132,54.000000
NEW YORK,2022,131,54.000000
NEW YORK,2022,130,
NEW YORK,2022,129,
NEW YORK,2022,128,
NEW YORK,2022,127,
NEW YORK,2022,126,55.000000
NEW YORK,2022,125,55.000000
NEW YORK,2022,124,55.000000
NEW YORK,2022,123,55.000000
NEW YORK,2022,122,55.000000
NEW YORK,2022,121,
NEW YORK,2022,120,
NEW YORK,2022,119,50.000000
NEW YORK,2022,118,50.000000
NEW YORK,2022,117,50.000000
NEW YORK,2022,116,50.000000
NEW YORK,2022,115,50.000000
NEW YORK,2022,114,
NEW YORK,2022,113,
NEW YORK,2022,112,55.000000
NEW YORK,2022,111,55.000000
NEW YORK,2022,110,55.000000
NEW YORK,2022,109,
NEW YORK,2022,108,
NEW YORK,2022,107,
NEW YORK,2022,106,
NEW YORK,2022,105,55.000000
NEW YORK,2022,104,55.000000
NEW YORK,2022,103,55.000000
NEW YORK,2022,102,55.000000
NEW YORK,2022,101,55.000000
NEW YORK,2022,100,
NEW YORK,2022,99,
NEW YORK,2022,98,
NEW YORK,2022,97,
NEW YORK,2022,96,
NEW YORK,2022,95,
NEW YORK,2022,94,
NEW YORK,2022,93,
NEW YORK,2022,92,
NEW YORK,2022,91,
NEW YORK,2022,90,
NEW YORK,2022,89,
NEW YORK,2022,88,
NEW YORK,2022,87,
NEW YORK,2022,86,
NEW YORK,2022,85,
NEW YORK,2022,84,62.000000
NEW YORK,2022,83,62.000000
NEW YORK,2022,82,62.000000
NEW YORK,2022,81,62.000000
NEW YORK,2022,80,
NEW YORK,2022,79,
NEW YORK,2022,78,
NEW YORK,2022,77,
NEW YORK,2022,76,
NEW YORK,2022,75,
NEW YORK,2022,74,
NEW YORK,2022,73,
NEW YORK,2022,72,
NEW YORK,2022,71,
NEW YORK,2022,70,33.000000
NEW YORK,2022,69,33.000000
NEW YORK,2022,68,33.000000
NEW YORK,2022,67,33.000000
NEW YORK,2022,66,33.000000
NEW YORK,2022,65,
NEW YORK,2022,64,
NEW YORK,2022,63,
NEW YORK,2022,62,
NEW YORK,2022,61,
NEW YORK,2022,60,
NEW YORK,2022,59,
NEW YORK,2022,58,
NEW YORK,2022,57,
NEW YORK,2022,56,36.000000
NEW YORK,2022,55,36.000000
NEW YORK,2022,54,36.000000
NEW YORK,2022,53,36.000000
NEW YORK,2022,52,
NEW YORK,2022,51,
NEW YORK,2022,50,
NEW YORK,2022,49,
NEW YORK,2022,48,
NEW YORK,2022,47,
NEW YORK,2022,46,
NEW YORK,2022,45,
NEW YORK,2022,44,
NEW YORK,2022,43,
NEW YORK,2022,42,
NEW YORK,2022,41,
NEW YORK,2022,40,
NEW YORK,2022,39,
NEW YORK,2022,38,
NEW YORK,2022,37,
NEW YORK,2022,36,
NEW YORK,2022,35,45.000000
NEW YORK,2022,34,45.000000
NEW YORK,2022,33,45.000000
NEW YORK,2022,32,45.000000
NEW YORK,2022,31,45.000000
NEW YORK,2022,30,
NEW YORK,2022,29,
NEW YORK,2022,28,28.000000
NEW YORK,2022,27,28.000000
NEW YORK,2022,26,28.000000
NEW YORK,2022,25,24.000000
NEW YORK,2022,24,24.000000
NEW YORK,2022,23,
NEW YORK,2022,22,
NEW YORK,2022,21,22.000000
NEW YORK,2022,20,22.000000
NEW YORK,2022,19,22.000000
NEW YORK,2022,18,22.000000
NEW YORK,2022,17,
NEW YORK,2022,16,
NEW YORK,2022,15,
NEW YORK,2022,14,
NEW YORK,2022,13,
NEW YORK,2022,12,
NEW YORK,2022,11,
NEW YORK,2022,10,
NEW YORK,2022,9,
NEW YORK,2022,8,
NEW YORK,2022,7,
NEW YORK,2022,6,
NEW YORK,2022,5,
NEW YORK,2022,4,
NEW YORK,2022,3,
NEW YORK,2022,2,
PHILADELPHIA,2022,366,
PHILADELPHIA,2022,365,
PHILADELPHIA,2022,364,
PHILADELPHIA,2022,363,
PHILADELPHIA,2022,362,
PHILADELPHIA,2022,361,
PHILADELPHIA,2022,360,
PHILADELPHIA,2022,359,
PHILADELPHIA,2022,358,
PHILADELPHIA,2022,357,
PHILADELPHIA,2022,356,
PHILADELPHIA,2022,355,
PHILADELPHIA,2022,354,
PHILADELPHIA,2022,353,
PHILADELPHIA,2022,352,
PHILADELPHIA,2022,351,
PHILADELPHIA,2022,350,34.000000
PHILADELPHIA,2022,349,34.000000
PHILADELPHIA,2022,348,34.000000
PHILADELPHIA,2022,347,34.000000
PHILADELPHIA,2022,346,34.000000
PHILADELPHIA,2022,345,
PHILADELPHIA,2022,344,
PHILADELPHIA,2022,343,34.000000
PHILADELPHIA,2022,342,34.000000
PHILADELPHIA,2022,341,34.000000
PHILADELPHIA,2022,340,34.000000
PHILADELPHIA,2022,339,34.000000
PHILADELPHIA,2022,338,
PHILADELPHIA,2022,337,
PHILADELPHIA,2022,336,34.000000
PHILADELPHIA,2022,335,34.000000
PHILADELPHIA,2022,334,34.000000
PHILADELPHIA,2022,333,34.000000
PHILADELPHIA,2022,332,34.000000
PHILADELPHIA,2022,331,
PHILADELPHIA,2022,330,
PHILADELPHIA,2022,329,
PHILADELPHIA,2022,328,
PHILADELPHIA,2022,327,34.000000
PHILADELPHIA,2022,326,34.000000
PHILADELPHIA,2022,325,34.000000
PHILADELPHIA,2022,324,
PHILADELPHIA,2022,323,
PHILADELPHIA,2022,322,34.000000
PHILADELPHIA,2022,321,34.000000
PHILADELPHIA,2022,320,34.000000
PHILADELPHIA,2022,319,34.000000
PHILADELPHIA,2022,318,34.000000
PHILADELPHIA,2022,317,
PHILADELPHIA,2022,316,
PHILADELPHIA,2022,315,
PHILADELPHIA,2022,314,34.000000
PHILADELPHIA,2022,313,34.000000
PHILADELPHIA,2022,312,34.000000
PHILADELPHIA,2022,311,34.000000
PHILADELPHIA,2022,310,
PHILADELPHIA,2022,309,
PHILADELPHIA,2022,308,32.000000
PHILADELPHIA,2022,307,32.000000
PHILADELPHIA,2022,306,32.000000
PHILADELPHIA,2022,305,32.000000
PHILADELPHIA,2022,304,32.000000
PHILADELPHIA,2022,303,
PHILADELPHIA,2022,302,
PHILADELPHIA,2022,301,32.000000
PHILADELPHIA,2022,300,32.000000
PHILADELPHIA,2022,299,32.000000
PHILADELPHIA,2022,298,32.000000
PHILADELPHIA,2022,297,32.000000
PHILADELPHIA,2022,296,
PHILADELPHIA,2022,295,
PHILADELPHIA,2022,294,32.000000
PHILADELPHIA,2022,293,32.000000
PHILADELPHIA,2022,292,32.000000
PHILADELPHIA,2022,291,32.000000
PHILADELPHIA,2022,290,32.000000
PHILADELPHIA,2022,289,
PHILADELPHIA,2022,288,
PHILADELPHIA,2022,287,38.000000
PHILADELPHIA,2022,286,38.000000
PHILADELPHIA,2022,285,38.000000
PHILADELPHIA,2022,284,38.000000
PHILADELPHIA,2022,283,
PHILADELPHIA,2022,282,
PHILADELPHIA,2022,281,
PHILADELPHIA,2022,280,38.000000
PHILADELPHIA,2022,279,38.000000
PHILADELPHIA,2022,278,38.000000
PHILADELPHIA,2022,277,38.000000
PHILADELPHIA,2022,276,38.000000
PHILADELPHIA,2022,275,
PHILADELPHIA,2022,274,
PHILADELPHIA,2022,273,24.000000
PHILADELPHIA,2022,272,24.000000
PHILADELPHIA,2022,271,24.000000
PHILADELPHIA,2022,270,24.000000
PHILADELPHIA,2022,269,24.000000
PHILADELPHIA,2022,268,
PHILADELPHIA,2022,267,
PHILADELPHIA,2022,266,24.000000
PHILADELPHIA,2022,265,24.000000
PHILADELPHIA,2022,264,24.000000
PHILADELPHIA,2022,263,24.000000
PHILADELPHIA,2022,262,24.000000
PHILADELPHIA,2022,261,
PHILADELPHIA,2022,260,
PHILADELPHIA,2022,259,24.000000
PHILADELPHIA,2022,258,24.000000
PHILADELPHIA,2022,257,24.000000
PHILADELPHIA,2022,256,24.000000
PHILADELPHIA,2022,255,24.000000
PHILADELPHIA,2022,254,
PHILADELPHIA,2022,253,
PHILADELPHIA,2022,252,32.000000
PHILADELPHIA,2022,251,32.000000
PHILADELPHIA,2022,250,32.000000
PHILADELPHIA,2022,249,32.000000
PHILADELPHIA,2022,248,
PHILADELPHIA,2022,247,
PHILADELPHIA,2022,246,
PHILADELPHIA,2022,245,32.000000
PHILADELPHIA,2022,244,32.000000
PHILADELPHIA,2022,243,32.000000
PHILADELPHIA,2022,242,32.000000
PHILADELPHIA,2022,241,32.000000
PHILADELPHIA,2022,240,
PHILADELPHIA,2022,239,
PHILADELPHIA,2022,238,32.000000
PHILADELPHIA,2022,237,32.000000
PHILADELPHIA,2022,236,32.000000
PHILADELPHIA,2022,235,32.000000
PHILADELPHIA,2022,234,32.000000
PHILADELPHIA,2022,233,
PHILADELPHIA,2022,232,
PHILADELPHIA,2022,231,32.000000
PHILADELPHIA,2022,230,32.000000
PHILADELPHIA,2022,229,32.000000
PHILADELPHIA,2022,228,32.000000
PHILADELPHIA,2022,227,32.000000
PHILADELPHIA,2022,226,
PHILADELPHIA,2022,225,
PHILADELPHIA,2022,224,32.000000
PHILADELPHIA,2022,223,32.000000
PHILADELPHIA,2022,222,32.000000
PHILADELPHIA,2022,221,32.000000
PHILADELPHIA,2022,220,32.000000
PHILADELPHIA,2022,219,
PHILADELPHIA,2022,218,
PHILADELPHIA,2022,217,32.000000
PHILADELPHIA,2022,216,32.000000
PHILADELPHIA,2022,215,32.000000
PHILADELPHIA,2022,214,32.000000
PHILADELPHIA,2022,213,32.000000
PHILADELPHIA,2022,212,
PHILADELPHIA,2022,211,
PHILADELPHIA,2022,210,32.000000
PHILADELPHIA,2022,209,32.000000
PHILADELPHIA,2022,208,32.000000
PHILADELPHIA,2022,207,32.000000
PHILADELPHIA,2022,206,32.000000
PHILADELPHIA,2022,205,
PHILADELPHIA,2022,204,
PHILADELPHIA,2022,203,32.000000
PHILADELPHIA,2022,202,32.000000
PHILADELPHIA,2022,201,32.000000
PHILADELPHIA,2022,200,32.000000
PHILADELPHIA,2022,199,32.000000
PHILADELPHIA,2022,198,
PHILADELPHIA,2022,197,
PHILADELPHIA,2022,196,40.000000
PHILADELPHIA,2022,195,40.000000
PHILADELPHIA,2022,194,40.000000
PHILADELPHIA,2022,193,40.000000
PHILADELPHIA,2022,192,40.000000
PHILADELPHIA,2022,191,
PHILADELPHIA,2022,190,
PHILADELPHIA,2022,189,40.000000
PHILADELPHIA,2022,188,40.000000
PHILADELPHIA,2022,187,40.000000
PHILADELPHIA,2022,186,40.000000
PHILADELPHIA,2022,185,
PHILADELPHIA,2022,184,
PHILADELPHIA,2022,183,
PHILADELPHIA,2022,182,40.000000
PHILADELPHIA,2022,181,40.000000
PHILADELPHIA,2022,180,40.000000
PHILADELPHIA,2022,179,40.000000
PHILADELPHIA,2022,178,56.000000
PHILADELPHIA,2022,177,
PHILADELPHIA,2022,176,
PHILADELPHIA,2022,175,56.000000
PHILADELPHIA,2022,174,56.000000
PHILADELPHIA,2022,173,56.000000
PHILADELPHIA,2022,172,56.000000
PHILADELPHIA,2022,171,
PHILADELPHIA,2022,170,
PHILADELPHIA,2022,169,
PHILADELPHIA,2022,168,56.000000
PHILADELPHIA,2022,167,56.000000
PHILADELPHIA,2022,166,56.000000
PHILADELPHIA,2022,165,56.000000
PHILADELPHIA,2022,164,56.000000
PHILADELPHIA,2022,163,
PHILADELPHIA,2022,162,
PHILADELPHIA,2022,161,56.000000
PHILADELPHIA,2022,160,56.000000
PHILADELPHIA,2022,159,56.000000
PHILADELPHIA,2022,158,56.000000
PHILADELPHIA,2022,157,55.000000
PHILADELPHIA,2022,156,
PHILADELPHIA,2022,155,
PHILADELPHIA,2022,154,55.000000
PHILADELPHIA,2022,153,55.000000
PHILADELPHIA,2022,152,55.000000
PHILADELPHIA,2022,151,55.000000
PHILADELPHIA,2022,150,
PHILADELPHIA,2022,149,
PHILADELPHIA,2022,148,
PHILADELPHIA,2022,147,55.000000
PHILADELPHIA,2022,146,55.000000
PHILADELPHIA,2022,145,55.000000
PHILADELPHIA,2022,144,55.000000
PHILADELPHIA,2022,143,55.000000
PHILADELPHIA,2022,142,
PHILADELPHIA,2022,141,
PHILADELPHIA,2022,140,55.000000
PHILADELPHIA,2022,139,
PHILADELPHIA,2022,138,
PHILADELPHIA,2022,137,
PHILADELPHIA,2022,136,
PHILADELPHIA,2022,135,
PHILADELPHIA,2022,134,
PHILADELPHIA,2022,133,
PHILADELPHIA,2022,132,
PHILADELPHIA,2022,131,
PHILADELPHIA,2022,130,
PHILADELPHIA,2022,129,
PHILADELPHIA,2022,128,
PHILADELPHIA,2022,127,
PHILADELPHIA,2022,126,
PHILADELPHIA,2022,125,
PHILADELPHIA,2022,124,
PHILADELPHIA,2022,123,
PHILADELPHIA,2022,122,
PHILADELPHIA,2022,121,
PHILADELPHIA,2022,120,
PHILADELPHIA,2022,119,
PHILADELPHIA,2022,118,
PHILADELPHIA,2022,117,
PHILADELPHIA,2022,116,
PHILADELPHIA,2022,115,
PHILADELPHIA,2022,114,
PHILADELPHIA,2022,113,
PHILADELPHIA,2022,112,
PHILADELPHIA,2022,111,
PHILADELPHIA,2022,110,
PHILADELPHIA,2022,109,
PHILADELPHIA,2022,108,
PHILADELPHIA,2022,107,
PHILADELPHIA,2022,106,
PHILADELPHIA,2022,105,
PHILADELPHIA,2022,104,
PHILADELPHIA,2022,103,
PHILADELPHIA,2022,102,
PHILADELPHIA,2022,101,
PHILADELPHIA,2022,100,
PHILADELPHIA,2022,99,
PHILADELPHIA,2022,98,
PHILADELPHIA,2022,97,
PHILADELPHIA,2022,96,
PHILADELPHIA,2022,95,
PHILADELPHIA,2022,94,
PHILADELPHIA,2022,93,
PHILADELPHIA,2022,92,
PHILADELPHIA,2022,91,
PHILADELPHIA,2022,90,
PHILADELPHIA,2022,89,
PHILADELPHIA,2022,88,
PHILADELPHIA,2022,87,
PHILADELPHIA,2022,86,
PHILADELPHIA,2022,85,
PHILADELPHIA,2022,84,
PHILADELPHIA,2022,83,
PHILADELPHIA,2022,82,
PHILADELPHIA,2022,81,
PHILADELPHIA,2022,80,
PHILADELPHIA,2022,79,
PHILADELPHIA,2022,78,
PHILADELPHIA,2022,77,
PHILADELPHIA,2022,76,
PHILADELPHIA,2022,75,
PHILADELPHIA,2022,74,
PHILADELPHIA,2022,73,
PHILADELPHIA,2022,72,
PHILADELPHIA,2022,71,
PHILADELPHIA,2022,70,
PHILADELPHIA,2022,69,
PHILADELPHIA,2022,68,
PHILADELPHIA,2022,67,
PHILADELPHIA,2022,66,
PHILADELPHIA,2022,65,
PHILADELPHIA,2022,64,
PHILADELPHIA,2022,63,
PHILADELPHIA,2022,62,
PHILADELPHIA,2022,61,
PHILADELPHIA,2022,60,
PHILADELPHIA,2022,59,
PHILADELPHIA,2022,58,
PHILADELPHIA,2022,57,
PHILADELPHIA,2022,56,16.000000
PHILADELPHIA,2022,55,16.000000
PHILADELPHIA,2022,54,16.000000
PHILADELPHIA,2022,53,16.000000
PHILADELPHIA,2022,52,
PHILADELPHIA,2022,51,
PHILADELPHIA,2022,50,
PHILADELPHIA,2022,49,16.000000
PHILADELPHIA,2022,48,16.000000
PHILADELPHIA,2022,47,16.000000
PHILADELPHIA,2022,46,16.000000
PHILADELPHIA,2022,45,16.000000
PHILADELPHIA,2022,44,
PHILADELPHIA,2022,43,
PHILADELPHIA,2022,42,16.000000
PHILADELPHIA,2022,41,16.000000
PHILADELPHIA,2022,40,16.000000
PHILADELPHIA,2022,39,16.000000
PHILADELPHIA,2022,38,16.000000
PHILADELPHIA,2022,37,
PHILADELPHIA,2022,36,
PHILADELPHIA,2022,35,16.000000
PHILADELPHIA,2022,34,16.000000
PHILADELPHIA,2022,33,16.000000
PHILADELPHIA,2022,32,16.000000
PHILADELPHIA,2022,31,16.000000
PHILADELPHIA,2022,30,
PHILADELPHIA,2022,29,
PHILADELPHIA,2022,28,
PHILADELPHIA,2022,27,
PHILADELPHIA,2022,26,
PHILADELPHIA,2022,25,
PHILADELPHIA,2022,24,
PHILADELPHIA,2022,23,
PHILADELPHIA,2022,22,
PHILADELPHIA,2022,21,
PHILADELPHIA,2022,20,
PHILADELPHIA,2022,19,
PHILADELPHIA,2022,18,
PHILADELPHIA,2022,17,
PHILADELPHIA,2022,16,
PHILADELPHIA,2022,15,
PHILADELPHIA,2022,14,
PHILADELPHIA,2022,13,
PHILADELPHIA,2022,12,
PHILADELPHIA,2022,11,
PHILADELPHIA,2022,10,
PHILADELPHIA,2022,9,
PHILADELPHIA,2022,8,
PHILADELPHIA,2022,7,
PHILADELPHIA,2022,6,
PHILADELPHIA,2022,5,
PHILADELPHIA,2022,4,
PHILADELPHIA,2022,3,
PHILADELPHIA,2022,2,
BALTIMORE,2021,366,
BALTIMORE,2021,365,
BALTIMORE,2021,364,
BALTIMORE,2021,363,
BALTIMORE,2021,362,
BALTIMORE,2021,361,
BALTIMORE,2021,360,
BALTIMORE,2021,359,
BALTIMORE,2021,358,
BALTIMORE,2021,357,
BALTIMORE,2021,356,
BALTIMORE,2021,355,
BALTIMORE,2021,354,
BALTIMORE,2021,353,
BALTIMORE,2021,352,
BALTIMORE,2021,351,
BALTIMORE,2021,350,
BALTIMORE,2021,349,
BALTIMORE,2021,348,
BALTIMORE,2021,347,
BALTIMORE,2021,346,
BALTIMORE,2021,345,
BALTIMORE,2021,344,
BALTIMORE,2021,343,
BALTIMORE,2021,342,
BALTIMORE,2021,341,
BALTIMORE,2021,340,
BALTIMORE,2021,339,
BALTIMORE,2021,338,
BALTIMORE,2021,337,
BALTIMORE,2021,336,
BALTIMORE,2021,335,
BALTIMORE,2021,334,
BALTIMORE,2021,333,
BALTIMORE,2021,332,
BALTIMORE,2021,331,
BALTIMORE,2021,330,
BALTIMORE,2021,329,
BALTIMORE,2021,328,
BALTIMORE,2021,327,
BALTIMORE,2021,326,
BALTIMORE,2021,325,
BALTIMORE,2021,324,
BALTIMORE,2021,323,
BALTIMORE,2021,322,
BALTIMORE,2021,321,
BALTIMORE,2021,320,
BALTIMORE,2021,319,
BALTIMORE,2021,318,
BALTIMORE,2021,317,
BALTIMORE,2021,316,
BALTIMORE,2021,315,
BALTIMORE,2021,314,
BALTIMORE,2021,313,
BALTIMORE,2021,312,
BALTIMORE,2021,311,
BALTIMORE,2021,310,
BALTIMORE,2021,309,
BALTIMORE,2021,308,
BALTIMORE,2021,307,
BALTIMORE,2021,306,
BALTIMORE,2021,305,
BALTIMORE,2021,304,
BALTIMORE,2021,303,
BALTIMORE,2021,302,
BALTIMORE,2021,301,
BALTIMORE,2021,300,
BALTIMORE,2021,299,
BALTIMORE,2021,298,
BALTIMORE,2021,297,
BALTIMORE,2021,296,
BALTIMORE,2021,295,
BALTIMORE,2021,294,
BALTIMORE,2021,293,
BALTIMORE,2021,292,
BALTIMORE,2021,291,
BALTIMORE,2021,290,
BALTIMORE,2021,289,
BALTIMORE,2021,288,
BALTIMORE,2021,287,
BALTIMORE,2021,286,
BALTIMORE,2021,285,
BALTIMORE,2021,284,
BALTIMORE,2021,283,
BALTIMORE,2021,282,
BALTIMORE,2021,281,
BALTIMORE,2021,280,
BALTIMORE,2021,279,
BALTIMORE,2021,278,
BALTIMORE,2021,277,
BALTIMORE,2021,276,
BALTIMORE,2021,275,
BALTIMORE,2021,274,
BALTIMORE,2021,273,
BALTIMORE,2021,272,
BALTIMORE,2021,271,
BALTIMORE,2021,270,
BALTIMORE,2021,269,
BALTIMORE,2021,268,
BALTIMORE,2021,267,
BALTIMORE,2021,266,
BALTIMORE,2021,265,
BALTIMORE,2021,264,
BALTIMORE,2021,263,
BALTIMORE,2021,262,
BALTIMORE,2021,261,
BALTIMORE,2021,260,
BALTIMORE,2021,259,
BALTIMORE,2021,258,
BALTIMORE,2021,257,
BALTIMORE,2021,256,
BALTIMORE,2021,255,
BALTIMORE,2021,254,
BALTIMORE,2021,253,45.000000
BALTIMORE,2021,252,45.000000
BALTIMORE,2021,251,
BALTIMORE,2021,250,
BALTIMORE,2021,249,
BALTIMORE,2021,248,
BALTIMORE,2021,247,
BALTIMORE,2021,246,
BALTIMORE,2021,245,
BALTIMORE,2021,244,
BALTIMORE,2021,243,
BALTIMORE,2021,242,
BALTIMORE,2021,241,
BALTIMORE,2021,240,
BALTIMORE,2021,239,
BALTIMORE,2021,238,
BALTIMORE,2021,237,
BALTIMORE,2021,236,
BALTIMORE,2021,235,
BALTIMORE,2021,234,
BALTIMORE,2021,233,
BALTIMORE,2021,232,
BALTIMORE,2021,231,
BALTIMORE,2021,230,
BALTIMORE,2021,229,
BALTIMORE,2021,228,
BALTIMORE,2021,227,
BALTIMORE,2021,226,
BALTIMORE,2021,225,
BALTIMORE,2021,224,
BALTIMORE,2021,223,
BALTIMORE,2021,222,
BALTIMORE,2021,221,
BALTIMORE,2021,220,
BALTIMORE,2021,219,
BALTIMORE,2021,218,
BALTIMORE,2021,217,
BALTIMORE,2021,216,
BALTIMORE,2021,215,
BALTIMORE,2021,214,
BALTIMORE,2021,213,
BALTIMORE,2021,212,
BALTIMORE,2021,211,
BALTIMORE,2021,210,
BALTIMORE,2021,209,
BALTIMORE,2021,208,
BALTIMORE,2021,207,
BALTIMORE,2021,206,
BALTIMORE,2021,205,
BALTIMORE,2021,204,
BALTIMORE,2021,203,
BALTIMORE,2021,202,
BALTIMORE,2021,201,
BALTIMORE,2021,200,
BALTIMORE,2021,199,
BALTIMORE,2021,198,
BALTIMORE,2021,197,
BALTIMORE,2021,196,
BALTIMORE,2021,195,
BALTIMORE,2021,194,
BALTIMORE,2021,193,
BALTIMORE,2021,192,
BALTIMORE,2021,191,
BALTIMORE,2021,190,
BALTIMORE,2021,189,
BALTIMORE,2021,188,
BALTIMORE,2021,187,
BALTIMORE,2021,186,
BALTIMORE,2021,185,
BALTIMORE,2021,184,
BALTIMORE,2021,183,
BALTIMORE,2021,182,
BALTIMORE,2021,181,
BALTIMORE,2021,180,
BALTIMORE,2021,179,
BALTIMORE,2021,178,
BALTIMORE,2021,177,
BALTIMORE,2021,176,
BALTIMORE,2021,175,
BALTIMORE,2021,174,
BALTIMORE,2021,173,
BALTIMORE,2021,172,
BALTIMORE,2021,171,
BALTIMORE,2021,170,
BALTIMORE,2021,169,
BALTIMORE,2021,168,
BALTIMORE,2021,167,
BALTIMORE,2021,166,
BALTIMORE,2021,165,
BALTIMORE,2021,164,
BALTIMORE,2021,163,
BALTIMORE,2021,162,
BALTIMORE,2021,161,
BALTIMORE,2021,160,
BALTIMORE,2021,159,
BALTIMORE,2021,158,
BALTIMORE,2021,157,
BALTIMORE,2021,156,
BALTIMORE,2021,155,
BALTIMORE,2021,154,
BALTIMORE,2021,153,
BALTIMORE,2021,152,
BALTIMORE,2021,151,
BALTIMORE,2021,150,
BALTIMORE,2021,149,
BALTIMORE,2021,148,
BALTIMORE,2021,147,
BALTIMORE,2021,146,
BALTIMORE,2021,145,
BALTIMORE,2021,144,
BALTIMORE,2021,143,
BALTIMORE,2021,142,
BALTIMORE,2021,141,
BALTIMORE,2021,140,
BALTIMORE,2021,139,
BALTIMORE,2021,138,
BALTIMORE,2021,137,
BALTIMORE,2021,136,
BALTIMORE,2021,135,
BALTIMORE,2021,134,
BALTIMORE,2021,133,
BALTIMORE,2021,132,
BALTIMORE,2021,131,
BALTIMORE,2021,130,
BALTIMORE,2021,129,
BALTIMORE,2021,128,
BALTIMORE,2021,127,
BALTIMORE,2021,126,
BALTIMORE,2021,125,
BALTIMORE,2021,124,
BALTIMORE,2021,123,
BALTIMORE,2021,122,
BALTIMORE,2021,121,
BALTIMORE,2021,120,
BALTIMORE,2021,119,
BALTIMORE,2021,118,
BALTIMORE,2021,117,
BALTIMORE,2021,116,
BALTIMORE,2021,115,
BALTIMORE,2021,114,
BALTIMORE,2021,113,
BALTIMORE,2021,112,
BALTIMORE,2021,111,
BALTIMORE,2021,110,
BALTIMORE,2021,109,
BALTIMORE,2021,108,
BALTIMORE,2021,107,
BALTIMORE,2021,106,
BALTIMORE,2021,105,
BALTIMORE,2021,104,
BALTIMORE,2021,103,
BALTIMORE,2021,102,
BALTIMORE,2021,101,
BALTIMORE,2021,100,
BALTIMORE,2021,99,
BALTIMORE,2021,98,
BALTIMORE,2021,97,
BALTIMORE,2021,96,
BALTIMORE,2021,95,
BALTIMORE,2021,94,
BALTIMORE,2021,93,
BALTIMORE,2021,92,
BALTIMORE,2021,91,
BALTIMORE,2021,90,
BALTIMORE,2021,89,
BALTIMORE,2021,88,
BALTIMORE,2021,87,
BALTIMORE,2021,86,
BALTIMORE,2021,85,
BALTIMORE,2021,84,
BALTIMORE,2021,83,39.000000
BALTIMORE,2021,82,39.000000
BALTIMORE,2021,81,39.000000
BALTIMORE,2021,80,
BALTIMORE,2021,79,
BALTIMORE,2021,78,39.000000
BALTIMORE,2021,77,39.000000
BALTIMORE,2021,76,39.000000
BALTIMORE,2021,75,39.000000
BALTIMORE,2021,74,
BALTIMORE,2021,73,
BALTIMORE,2021,72,
BALTIMORE,2021,71,
BALTIMORE,2021,70,
BALTIMORE,2021,69,
BALTIMORE,2021,68,
BALTIMORE,2021,67,
BALTIMORE,2021,66,
BALTIMORE,2021,65,
BALTIMORE,2021,64,
BALTIMORE,2021,63,
BALTIMORE,2021,62,
BALTIMORE,2021,61,
BALTIMORE,2021,60,
BALTIMORE,2021,59,
BALTIMORE,2021,58,
BALTIMORE,2021,57,
BALTIMORE,2021,56,
BALTIMORE,2021,55,
BALTIMORE,2021,54,
BALTIMORE,2021,53,
BALTIMORE,2021,52,
BALTIMORE,2021,51,
BALTIMORE,2021,50,
BALTIMORE,2021,49,
BALTIMORE,2021,48,
BALTIMORE,2021,47,
BALTIMORE,2021,46,
BALTIMORE,2021,45,
BALTIMORE,2021,44,
BALTIMORE,2021,43,
BALTIMORE,2021,42,
BALTIMORE,2021,41,
BALTIMORE,2021,40,
BALTIMORE,2021,39,
BALTIMORE,2021,38,
BALTIMORE,2021,37,
BALTIMORE,2021,36,
BALTIMORE,2021,35,
BALTIMORE,2021,34,30.500000
BALTIMORE,2021,33,30.500000
BALTIMORE,2021,32,30.500000
BALTIMORE,2021,31,
BALTIMORE,2021,30,
BALTIMORE,2021,29,30.500000
BALTIMORE,2021,28,30.500000
BALTIMORE,2021,27,30.500000
BALTIMORE,2021,26,30.500000
BALTIMORE,2021,25,30.500000
BALTIMORE,2021,24,
BALTIMORE,2021,23,
BALTIMORE,2021,22,
BALTIMORE,2021,21,
BALTIMORE,2021,20,
BALTIMORE,2021,19,
BALTIMORE,2021,18,
BALTIMORE,2021,17,
BALTIMORE,2021,16,
BALTIMORE,2021,15,
BALTIMORE,2021,14,
BALTIMORE,2021,13,
BALTIMORE,2021,12,
BALTIMORE,2021,11,
BALTIMORE,2021,10,
BALTIMORE,2021,9,
BALTIMORE,2021,8,
BALTIMORE,2021,7,
BALTIMORE,2021,6,
BALTIMORE,2021,5,
BALTIMORE,2021,4,
BALTIMORE,2021,3,
BALTIMORE,2021,2,
BOSTON,2021,366,
BOSTON,2021,365,
BOSTON,2021,364,28.000000
BOSTON,2021,363,28.000000
BOSTON,2021,362,28.000000
BOSTON,2021,361,28.000000
BOSTON,2021,360,
BOSTON,2021,359,
BOSTON,2021,358,
BOSTON,2021,357,28.000000
BOSTON,2021,356,28.000000
BOSTON,2021,355,28.000000
BOSTON,2021,354,28.000000
BOSTON,2021,353,
BOSTON,2021,352,
BOSTON,2021,351,28.000000
BOSTON,2021,350,28.000000
BOSTON,2021,349,42.000000
BOSTON,2021,348,42.000000
BOSTON,2021,347,42.000000
BOSTON,2021,346,
BOSTON,2021,345,
BOSTON,2021,344,42.000000
BOSTON,2021,343,42.000000
BOSTON,2021,342,42.000000
BOSTON,2021,341,42.000000
BOSTON,2021,340,42.000000
BOSTON,2021,339,
BOSTON,2021,338,
BOSTON,2021,337,42.000000
BOSTON,2021,336,42.000000
BOSTON,2021,335,42.000000
BOSTON,2021,334,42.000000
BOSTON,2021,333,42.000000
BOSTON,2021,332,
BOSTON,2021,331,
BOSTON,2021,330,42.000000
BOSTON,2021,329,
BOSTON,2021,328,42.000000
BOSTON,2021,327,42.000000
BOSTON,2021,326,42.000000
BOSTON,2021,325,
BOSTON,2021,324,
BOSTON,2021,323,42.000000
BOSTON,2021,322,42.000000
BOSTON,2021,321,42.000000
BOSTON,2021,320,42.000000
BOSTON,2021,319,42.000000
BOSTON,2021,318,
BOSTON,2021,317,
BOSTON,2021,316,42.000000
BOSTON,2021,315,
BOSTON,2021,314,42.000000
BOSTON,2021,313,42.000000
BOSTON,2021,312,42.000000
BOSTON,2021,311,
BOSTON,2021,310,
BOSTON,2021,309,42.000000
BOSTON,2021,308,42.000000
BOSTON,2021,307,42.000000
BOSTON,2021,306,42.000000
BOSTON,2021,305,42.000000
BOSTON,2021,304,
BOSTON,2021,303,
BOSTON,2021,302,42.000000
BOSTON,2021,301,42.000000
BOSTON,2021,300,42.000000
BOSTON,2021,299,42.000000
BOSTON,2021,298,42.000000
BOSTON,2021,297,
BOSTON,2021,296,
BOSTON,2021,295,42.000000
BOSTON,2021,294,42.000000
BOSTON,2021,293,42.000000
BOSTON,2021,292,42.000000
BOSTON,2021,291,42.000000
BOSTON,2021,290,
BOSTON,2021,289,
BOSTON,2021,288,42.000000
BOSTON,2021,287,42.000000
BOSTON,2021,286,42.000000
BOSTON,2021,285,42.000000
BOSTON,2021,284,
BOSTON,2021,283,
BOSTON,2021,282,
BOSTON,2021,281,42.000000
BOSTON,2021,280,42.000000
BOSTON,2021,279,42.000000
BOSTON,2021,278,42.000000
BOSTON,2021,277,42.000000
BOSTON,2021,276,
BOSTON,2021,275,
BOSTON,2021,274,42.000000
BOSTON,2021,273,42.000000
BOSTON,2021,272,42.000000
BOSTON,2021,271,42.000000
BOSTON,2021,270,42.000000
BOSTON,2021,269,
BOSTON,2021,268,
BOSTON,2021,267,42.000000
BOSTON,2021,266,42.000000
BOSTON,2021,265,42.000000
BOSTON,2021,264,42.000000
BOSTON,2021,263,42.000000
BOSTON,2021,262,
BOSTON,2021,261,
BOSTON,2021,260,42.000000
BOSTON,2021,259,42.000000
BOSTON,2021,258,42.000000
BOSTON,2021,257,42.000000
BOSTON,2021,256,40.000000
BOSTON,2021,255,
BOSTON,2021,254,
BOSTON,2021,253,40.000000
BOSTON,2021,252,40.000000
BOSTON,2021,251,40.000000
BOSTON,2021,250,42.000000
BOSTON,2021,249,
BOSTON,2021,248,
BOSTON,2021,247,
BOSTON,2021,246,42.000000
BOSTON,2021,245,42.000000
BOSTON,2021,244,42.000000
BOSTON,2021,243,36.000000
BOSTON,2021,242,36.000000
BOSTON,2021,241,
BOSTON,2021,240,
BOSTON,2021,239,36.000000
BOSTON,2021,238,36.000000
BOSTON,2021,237,36.000000
BOSTON,2021,236,36.000000
BOSTON,2021,235,36.000000
BOSTON,2021,234,
BOSTON,2021,233,
BOSTON,2021,232,36.000000
BOSTON,2021,231,36.000000
BOSTON,2021,230,36.000000
BOSTON,2021,229,36.000000
BOSTON,2021,228,36.000000
BOSTON,2021,227,
BOSTON,2021,226,
BOSTON,2021,225,36.000000
BOSTON,2021,224,36.000000
BOSTON,2021,223,36.000000
BOSTON,2021,222,36.000000
BOSTON,2021,221,36.000000
BOSTON,2021,220,
BOSTON,2021,219,
BOSTON,2021,218,36.000000
BOSTON,2021,217,36.000000
BOSTON,2021,216,36.000000
BOSTON,2021,215,36.000000
BOSTON,2021,214,
BOSTON,2021,213,
BOSTON,2021,212,
BOSTON,2021,211,
BOSTON,2021,210,
BOSTON,2021,209,
BOSTON,2021,208,
BOSTON,2021,207,
BOSTON,2021,206,
BOSTON,2021,205,
BOSTON,2021,204,
BOSTON,2021,203,
BOSTON,2021,202,
BOSTON,2021,201,
BOSTON,2021,200,
BOSTON,2021,199,
BOSTON,2021,198,
BOSTON,2021,197,
BOSTON,2021,196,
BOSTON,2021,195,
BOSTON,2021,194,
BOSTON,2021,193,
BOSTON,2021,192,
BOSTON,2021,191,
BOSTON,2021,190,
BOSTON,2021,189,
BOSTON,2021,188,
BOSTON,2021,187,
BOSTON,2021,186,
BOSTON,2021,185,
BOSTON,2021,184,
BOSTON,2021,183,
BOSTON,2021,182,
BOSTON,2021,181,
BOSTON,2021,180,
BOSTON,2021,179,
BOSTON,2021,178,
BOSTON,2021,177,
BOSTON,2021,176,
BOSTON,2021,175,
BOSTON,2021,174,
BOSTON,2021,173,
BOSTON,2021,172,30.000000
BOSTON,2021,171,
BOSTON,2021,170,
BOSTON,2021,169,30.000000
BOSTON,2021,168,30.000000
BOSTON,2021,167,30.000000
BOSTON,2021,166,30.000000
BOSTON,2021,165,30.000000
BOSTON,2021,164,
BOSTON,2021,163,
BOSTON,2021,162,30.000000
BOSTON,2021,161,30.000000
BOSTON,2021,160,30.000000
BOSTON,2021,159,30.000000
BOSTON,2021,158,30.000000
BOSTON,2021,157,
BOSTON,2021,156,
BOSTON,2021,155,30.000000
BOSTON,2021,154,30.000000
BOSTON,2021,153,30.000000
BOSTON,2021,152,30.000000
BOSTON,2021,151,
BOSTON,2021,150,
BOSTON,2021,149,
BOSTON,2021,148,30.000000
BOSTON,2021,147,30.000000
BOSTON,2021,146,30.000000
BOSTON,2021,145,30.000000
BOSTON,2021,144,30.000000
BOSTON,2021,143,
BOSTON,2021,142,
BOSTON,2021,141,30.000000
BOSTON,2021,140,30.000000
BOSTON,2021,139,30.000000
BOSTON,2021,138,30.000000
BOSTON,2021,137,30.000000
BOSTON,2021,136,
BOSTON,2021,135,
BOSTON,2021,134,30.000000
BOSTON,2021,133,30.000000
BOSTON,2021,132,30.000000
BOSTON,2021,131,30.000000
BOSTON,2021,130,30.000000
BOSTON,2021,129,
BOSTON,2021,128,
BOSTON,2021,127,30.000000
BOSTON,2021,126,30.000000
BOSTON,2021,125,30.000000
BOSTON,2021,124,30.000000
BOSTON,2021,123,30.000000
BOSTON,2021,122,
BOSTON,2021,121,
BOSTON,2021,120,30.000000
BOSTON,2021,119,30.000000
BOSTON,2021,118,30.000000
BOSTON,2021,117,30.000000
BOSTON,2021,116,30.000000
BOSTON,2021,115,
BOSTON,2021,114,
BOSTON,2021,113,30.000000
BOSTON,2021,112,30.000000
BOSTON,2021,111,30.000000
BOSTON,2021,110,30.000000
BOSTON,2021,109,30.000000
BOSTON,2021,108,
BOSTON,2021,107,
BOSTON,2021,106,30.000000
BOSTON,2021,105,30.000000
BOSTON,2021,104,30.000000
BOSTON,2021,103,30.000000
BOSTON,2021,102,30.000000
BOSTON,2021,101,
BOSTON,2021,100,
BOSTON,2021,99,30.000000
BOSTON,2021,98,30.000000
BOSTON,2021,97,30.000000
BOSTON,2021,96,30.000000
BOSTON,2021,95,30.000000
BOSTON,2021,94,
BOSTON,2021,93,
BOSTON,2021,92,30.000000
BOSTON,2021,91,30.000000
BOSTON,2021,90,30.000000
BOSTON,2021,89,30.000000
BOSTON,2021,88,30.000000
BOSTON,2021,87,
BOSTON,2021,86,
BOSTON,2021,85,30.000000
BOSTON,2021,84,30.000000
BOSTON,2021,83,30.000000
BOSTON,2021,82,30.000000
BOSTON,2021,81,30.000000
BOSTON,2021,80,
BOSTON,2021,79,
BOSTON,2021,78,30.000000
BOSTON,2021,77,30.000000
BOSTON,2021,76,30.000000
BOSTON,2021,75,30.000000
BOSTON,2021,74,30.000000
BOSTON,2021,73,
BOSTON,2021,72,
BOSTON,2021,71,30.000000
BOSTON,2021,70,30.000000
BOSTON,2021,69,30.000000
BOSTON,2021,68,30.000000
BOSTON,2021,67,30.000000
BOSTON,2021,66,
BOSTON,2021,65,
BOSTON,2021,64,30.000000
BOSTON,2021,63,30.000000
BOSTON,2021,62,30.000000
BOSTON,2021,61,30.000000
BOSTON,2021,60,30.000000
BOSTON,2021,59,
BOSTON,2021,58,
BOSTON,2021,57,30.000000
BOSTON,2021,56,30.000000
BOSTON,2021,55,30.000000
BOSTON,2021,54,30.000000
BOSTON,2021,53,30.000000
BOSTON,2021,52,
BOSTON,2021,51,
BOSTON,2021,50,30.000000
BOSTON,2021,49,30.000000
BOSTON,2021,48,30.000000
BOSTON,2021,47,30.000000
BOSTON,2021,46,
BOSTON,2021,45,
BOSTON,2021,44,
BOSTON,2021,43,30.000000
BOSTON,2021,42,30.000000
BOSTON,2021,41,30.000000
BOSTON,2021,40,30.000000
BOSTON,2021,39,30.000000
BOSTON,2021,38,
BOSTON,2021,37,
BOSTON,2021,36,30.000000
BOSTON,2021,35,30.000000
BOSTON,2021,34,30.000000
BOSTON,2021,33,30.000000
BOSTON,2021,32,30.000000
BOSTON,2021,31,
BOSTON,2021,30,
BOSTON,2021,29,30.000000
BOSTON,2021,28,30.000000
BOSTON,2021,27,30.000000
BOSTON,2021,26,30.000000
BOSTON,2021,25,30.000000
BOSTON,2021,24,
BOSTON,2021,23,
BOSTON,2021,22,30.000000
BOSTON,2021,21,30.000000
BOSTON,2021,20,30.000000
BOSTON,2021,19,30.000000
BOSTON,2021,18,
BOSTON,2021,17,
BOSTON,2021,16,
BOSTON,2021,15,30.000000
BOSTON,2021,14,30.000000
BOSTON,2021,13,30.000000
BOSTON,2021,12,30.000000
BOSTON,2021,11,30.000000
BOSTON,2021,10,
BOSTON,2021,9,
BOSTON,2021,8,30.000000
BOSTON,2021,7,30.000000
BOSTON,2021,6,30.000000
BOSTON,2021,5,30.000000
BOSTON,2021,4,30.000000
BOSTON,2021,3,
BOSTON,2021,2,
CHICAGO,2021,366,
CHICAGO,2021,365,
CHICAGO,2021,364,34.833333
CHICAGO,2021,363,34.833333
CHICAGO,2021,362,34.833333
CHICAGO,2021,361,34.833333
CHICAGO,2021,360,
CHICAGO,2021,359,
CHICAGO,2021,358,
CHICAGO,2021,357,34.833333
CHICAGO,2021,356,34.833333
CHICAGO,2021,355,34.833333
CHICAGO,2021,354,34.833333
CHICAGO,2021,353,
CHICAGO,2021,352,
CHICAGO,2021,351,34.833333
CHICAGO,2021,350,34.833333
CHICAGO,2021,349,34.833333
CHICAGO,2021,348,34.833333
CHICAGO,2021,347,34.833333
CHICAGO,2021,346,
CHICAGO,2021,345,
CHICAGO,2021,344,34.833333
CHICAGO,2021,343,34.833333
CHICAGO,2021,342,34.833333
CHICAGO,2021,341,34.833333
CHICAGO,2021,340,34.833333
CHICAGO,2021,339,
CHICAGO,2021,338,
CHICAGO,2021,337,34.833333
CHICAGO,2021,336,34.833333
CHICAGO,2021,335,34.833333
CHICAGO,2021,334,34.833333
CHICAGO,2021,333,34.833333
CHICAGO,2021,332,
CHICAGO,2021,331,
CHICAGO,2021,330,34.833333
CHICAGO,2021,329,
CHICAGO,2021,328,34.833333
CHICAGO,2021,327,34.833333
CHICAGO,2021,326,34.833333
CHICAGO,2021,325,
CHICAGO,2021,324,
CHICAGO,2021,323,34.833333
CHICAGO,2021,322,34.833333
CHICAGO,2021,321,34.833333
CHICAGO,2021,320,34.833333
CHICAGO,2021,319,34.833333
CHICAGO,2021,318,
CHICAGO,2021,317,
CHICAGO,2021,316,34.833333
CHICAGO,2021,315,
CHICAGO,2021,314,34.833333
CHICAGO,2021,313,34.833333
CHICAGO,2021,312,34.833333
CHICAGO,2021,311,
CHICAGO,2021,310,
CHICAGO,2021,309,34.833333
CHICAGO,2021,308,34.833333
CHICAGO,2021,307,34.833333
CHICAGO,2021,306,34.833333
CHICAGO,2021,305,34.833333
CHICAGO,2021,304,
CHICAGO,2021,303,
CHICAGO,2021,302,34.833333
CHICAGO,2021,301,34.833333
CHICAGO,2021,300,34.833333
CHICAGO,2021,299,34.833333
CHICAGO,2021,298,34.833333
CHICAGO,2021,297,
CHICAGO,2021,296,
CHICAGO,2021,295,34.833333
CHICAGO,2021,294,34.833333
CHICAGO,2021,293,34.833333
CHICAGO,2021,292,34.833333
CHICAGO,2021,291,34.833333
CHICAGO,2021,290,
CHICAGO,2021,289,
CHICAGO,2021,288,34.833333
CHICAGO,2021,287,34.833333
CHICAGO,2021,286,34.833333
CHICAGO,2021,285,34.833333
CHICAGO,2021,284,
CHICAGO,2021,283,
CHICAGO,2021,282,
CHICAGO,2021,281,34.833333
CHICAGO,2021,280,34.833333
CHICAGO,2021,279,34.833333
CHICAGO,2021,278,34.833333
CHICAGO,2021,277,34.833333
CHICAGO,2021,276,
CHICAGO,2021,275,
CHICAGO,2021,274,34.833333
CHICAGO,2021,273,34.833333
CHICAGO,2021,272,34.833333
CHICAGO,2021,271,34.833333
CHICAGO,2021,270,34.833333
CHICAGO,2021,269,
CHICAGO,2021,268,
CHICAGO,2021,267,34.833333
CHICAGO,2021,266,34.833333
CHICAGO,2021,265,34.833333
CHICAGO,2021,264,34.833333
CHICAGO,2021,263,34.833333
CHICAGO,2021,262,
CHICAGO,2021,261,
CHICAGO,2021,260,34.833333
CHICAGO,2021,259,34.833333
CHICAGO,2021,258,34.833333
CHICAGO,2021,257,34.833333
CHICAGO,2021,256,34.833333
CHICAGO,2021,255,
CHICAGO,2021,254,
CHICAGO,2021,253,34.833333
CHICAGO,2021,252,34.833333
CHICAGO,2021,251,34.833333
CHICAGO,2021,250,34.833333
CHICAGO,2021,249,
CHICAGO,2021,248,
CHICAGO,2021,247,
CHICAGO,2021,246,34.833333
CHICAGO,2021,245,34.833333
CHICAGO,2021,244,34.833333
CHICAGO,2021,243,34.833333
CHICAGO,2021,242,34.833333
CHICAGO,2021,241,
CHICAGO,2021,240,
CHICAGO,2021,239,34.833333
CHICAGO,2021,238,34.833333
CHICAGO,2021,237,34.833333
CHICAGO,2021,236,34.833333
CHICAGO,2021,235,37.500000
CHICAGO,2021,234,
CHICAGO,2021,233,
CHICAGO,2021,232,37.500000
CHICAGO,2021,231,37.500000
CHICAGO,2021,230,37.500000
CHICAGO,2021,229,37.500000
CHICAGO,2021,228,37.500000
CHICAGO,2021,227,
CHICAGO,2021,226,
CHICAGO,2021,225,37.500000
CHICAGO,2021,224,37.125000
CHICAGO,2021,223,37.125000
CHICAGO,2021,222,37.125000
CHICAGO,2021,221,39.250000
CHICAGO,2021,220,
CHICAGO,2021,219,
CHICAGO,2021,218,39.250000
CHICAGO,2021,217,37.000000
CHICAGO,2021,216,37.000000
CHICAGO,2021,215,37.000000
CHICAGO,2021,214,33.666666
CHICAGO,2021,213,
CHICAGO,2021,212,
CHICAGO,2021,211,33.666666
CHICAGO,2021,210,33.666666
CHICAGO,2021,209,33.666666
CHICAGO,2021,208,33.000000
CHICAGO,2021,207,33.000000
CHICAGO,2021,206,
CHICAGO,2021,205,
CHICAGO,2021,204,33.000000
CHICAGO,2021,203,33.000000
CHICAGO,2021,202,33.000000
CHICAGO,2021,201,32.500000
CHICAGO,2021,200,32.500000
CHICAGO,2021,199,
CHICAGO,2021,198,
CHICAGO,2021,197,32.500000
CHICAGO,2021,196,32.500000
CHICAGO,2021,195,32.500000
CHICAGO,2021,194,32.500000
CHICAGO,2021,193,32.000000
CHICAGO,2021,192,
CHICAGO,2021,191,
CHICAGO,2021,190,32.000000
CHICAGO,2021,189,32.000000
CHICAGO,2021,188,28.500000
CHICAGO,2021,187,28.500000
CHICAGO,2021,186,
CHICAGO,2021,185,
CHICAGO,2021,184,
CHICAGO,2021,183,28.500000
CHICAGO,2021,182,28.500000
CHICAGO,2021,181,28.500000
CHICAGO,2021,180,28.500000
CHICAGO,2021,179,30.500000
CHICAGO,2021,178,
CHICAGO,2021,177,
CHICAGO,2021,176,30.500000
CHICAGO,2021,175,30.500000
CHICAGO,2021,174,30.500000
CHICAGO,2021,173,27.500000
CHICAGO,2021,172,27.500000
CHICAGO,2021,171,
CHICAGO,2021,170,
CHICAGO,2021,169,27.500000
CHICAGO,2021,168,27.500000
CHICAGO,2021,167,27.500000
CHICAGO,2021,166,30.666666
CHICAGO,2021,165,30.666666
CHICAGO,2021,164,
CHICAGO,2021,163,
CHICAGO,2021,162,30.666666
CHICAGO,2021,161,30.666666
CHICAGO,2021,160,26.500000
CHICAGO,2021,159,26.500000
CHICAGO,2021,158,26.500000
CHICAGO,2021,157,
CHICAGO,2021,156,
CHICAGO,2021,155,26.500000
CHICAGO,2021,154,40.750000
CHICAGO,2021,153,40.750000
CHICAGO,2021,152,40.750000
CHICAGO,2021,151,
CHICAGO,2021,150,
CHICAGO,2021,149,
CHICAGO,2021,148,40.750000
CHICAGO,2021,147,40.750000
CHICAGO,2021,146,40.750000
CHICAGO,2021,145,40.750000
CHICAGO,2021,144,40.750000
CHICAGO,2021,143,
CHICAGO,2021,142,
CHICAGO,2021,141,40.750000
CHICAGO,2021,140,40.750000
CHICAGO,2021,139,40.750000
CHICAGO,2021,138,40.750000
CHICAGO,2021,137,42.000000
CHICAGO,2021,136,
CHICAGO,2021,135,
CHICAGO,2021,134,42.000000
CHICAGO,2021,133,42.000000
CHICAGO,2021,132,42.000000
CHICAGO,2021,131,42.000000
CHICAGO,2021,130,42.000000
CHICAGO,2021,129,
CHICAGO,2021,128,
CHICAGO,2021,127,42.000000
CHICAGO,2021,126,33.250000
CHICAGO,2021,125,33.250000
CHICAGO,2021,124,33.250000
CHICAGO,2021,123,33.250000
CHICAGO,2021,122,
CHICAGO,2021,121,
CHICAGO,2021,120,33.250000
CHICAGO,2021,119,39.000000
CHICAGO,2021,118,39.000000
CHICAGO,2021,117,39.000000
CHICAGO,2021,116,38.000000
CHICAGO,2021,115,
CHICAGO,2021,114,
CHICAGO,2021,113,38.000000
CHICAGO,2021,112,38.000000
CHICAGO,2021,111,38.000000
CHICAGO,2021,110,38.000000
CHICAGO,2021,109,38.750000
CHICAGO,2021,108,
CHICAGO,2021,107,
CHICAGO,2021,106,38.750000
CHICAGO,2021,105,42.000000
CHICAGO,2021,104,42.000000
CHICAGO,2021,103,42.000000
CHICAGO,2021,102,42.000000
CHICAGO,2021,101,
CHICAGO,2021,100,
CHICAGO,2021,99,42.000000
CHICAGO,2021,98,42.000000
CHICAGO,2021,97,42.000000
CHICAGO,2021,96,42.000000
CHICAGO,2021,95,37.500000
CHICAGO,2021,94,
CHICAGO,2021,93,
CHICAGO,2021,92,37.500000
CHICAGO,2021,91,37.500000
CHICAGO,2021,90,37.500000
CHICAGO,2021,89,37.500000
CHICAGO,2021,88,37.250000
CHICAGO,2021,87,
CHICAGO,2021,86,
CHICAGO,2021,85,37.250000
CHICAGO,2021,84,37.250000
CHICAGO,2021,83,37.250000
CHICAGO,2021,82,37.250000
CHICAGO,2021,81,33.500000
CHICAGO,2021,80,
CHICAGO,2021,79,
CHICAGO,2021,78,33.500000
CHICAGO,2021,77,33.500000
CHICAGO,2021,76,33.500000
CHICAGO,2021,75,33.500000
CHICAGO,2021,74,33.500000
CHICAGO,2021,73,
CHICAGO,2021,72,
CHICAGO,2021,71,33.500000
CHICAGO,2021,70,33.500000
CHICAGO,2021,69,33.500000
CHICAGO,2021,68,33.750000
CHICAGO,2021,67,33.750000
CHICAGO,2021,66,
CHICAGO,2021,65,
CHICAGO,2021,64,33.750000
CHICAGO,2021,63,33.750000
CHICAGO,2021,62,33.750000
CHICAGO,2021,61,33.750000
CHICAGO,2021,60,33.750000
CHICAGO,2021,59,
CHICAGO,2021,58,
CHICAGO,2021,57,33.750000
CHICAGO,2021,56,33.750000
CHICAGO,2021,55,33.750000
CHICAGO,2021,54,33.750000
CHICAGO,2021,53,33.000000
CHICAGO,2021,52,
CHICAGO,2021,51,
CHICAGO,2021,50,33.000000
CHICAGO,2021,49,33.000000
CHICAGO,2021,48,33.000000
CHICAGO,2021,47,33.000000
CHICAGO,2021,46,
CHICAGO,2021,45,
CHICAGO,2021,44,
CHICAGO,2021,43,33.000000
CHICAGO,2021,42,33.000000
CHICAGO,2021,41,33.000000
CHICAGO,2021,40,33.000000
CHICAGO,2021,39,33.000000
CHICAGO,2021,38,
CHICAGO,2021,37,
CHICAGO,2021,36,33.000000
CHICAGO,2021,35,33.000000
CHICAGO,2021,34,33.000000
CHICAGO,2021,33,33.000000
CHICAGO,2021,32,33.000000
CHICAGO,2021,31,
CHICAGO,2021,30,
CHICAGO,2021,29,33.000000
CHICAGO,2021,28,33.000000
CHICAGO,2021,27,33.500000
CHICAGO,2021,26,33.500000
CHICAGO,2021,25,33.500000
CHICAGO,2021,24,
CHICAGO,2021,23,
CHICAGO,2021,22,33.500000
CHICAGO,2021,21,33.500000
CHICAGO,2021,20,33.500000
CHICAGO,2021,19,32.000000
CHICAGO,2021,18,
CHICAGO,2021,17,
CHICAGO,2021,16,
CHICAGO,2021,15,32.000000
CHICAGO,2021,14,32.000000
CHICAGO,2021,13,32.000000
CHICAGO,2021,12,32.000000
CHICAGO,2021,11,32.250000
CHICAGO,2021,10,
CHICAGO,2021,9,
CHICAGO,2021,8,32.250000
CHICAGO,2021,7,32.000000
CHICAGO,2021,6,32.000000
CHICAGO,2021,5,32.000000
CHICAGO,2021,4,34.500000
CHICAGO,2021,3,
CHICAGO,2021,2,
LOS ANGELES,2021,366,
LOS ANGELES,2021,365,
LOS ANGELES,2021,364,
LOS ANGELES,2021,363,
LOS ANGELES,2021,362,
LOS ANGELES,2021,361,
LOS ANGELES,2021,360,
LOS ANGELES,2021,359,
LOS ANGELES,2021,358,
LOS ANGELES,2021,357,
LOS ANGELES,2021,356,
LOS ANGELES,2021,355,
LOS ANGELES,2021,354,
LOS ANGELES,2021,353,
LOS ANGELES,2021,352,
LOS ANGELES,2021,351,
LOS ANGELES,2021,350,70.000000
LOS ANGELES,2021,349,70.000000
LOS ANGELES,2021,348,70.000000
LOS ANGELES,2021,347,70.000000
LOS ANGELES,2021,346,
LOS ANGELES,2021,345,
LOS ANGELES,2021,344,70.000000
LOS ANGELES,2021,343,70.000000
LOS ANGELES,2021,342,70.000000
LOS ANGELES,2021,341,70.000000
LOS ANGELES,2021,340,70.000000
LOS ANGELES,2021,339,
LOS ANGELES,2021,338,
LOS ANGELES,2021,337,70.000000
LOS ANGELES,2021,336,70.000000
LOS ANGELES,2021,335,82.500000
LOS ANGELES,2021,334,82.500000
LOS ANGELES,2021,333,82.500000
LOS ANGELES,2021,332,
LOS ANGELES,2021,331,
LOS ANGELES,2021,330,82.500000
LOS ANGELES,2021,329,
LOS ANGELES,2021,328,82.500000
LOS ANGELES,2021,327,82.500000
LOS ANGELES,2021,326,113.750000
LOS ANGELES,2021,325,
LOS ANGELES,2021,324,
LOS ANGELES,2021,323,113.750000
LOS ANGELES,2021,322,113.750000
LOS ANGELES,2021,321,113.750000
LOS ANGELES,2021,320,113.750000
LOS ANGELES,2021,319,113.750000
LOS ANGELES,2021,318,
LOS ANGELES,2021,317,
LOS ANGELES,2021,316,67.500000
LOS ANGELES,2021,315,
LOS ANGELES,2021,314,67.500000
LOS ANGELES,2021,313,67.500000
LOS ANGELES,2021,312,67.500000
LOS ANGELES,2021,311,
LOS ANGELES,2021,310,
LOS ANGELES,2021,309,62.500000
LOS ANGELES,2021,308,56.500000
LOS ANGELES,2021,307,54.000000
LOS ANGELES,2021,306,54.000000
LOS ANGELES,2021,305,54.000000
LOS ANGELES,2021,304,
LOS ANGELES,2021,303,
LOS ANGELES,2021,302,49.000000
LOS ANGELES,2021,301,29.500000
LOS ANGELES,2021,300,29.500000
LOS ANGELES,2021,299,29.500000
LOS ANGELES,2021,298,29.500000
LOS ANGELES,2021,297,
LOS ANGELES,2021,296,
LOS ANGELES,2021,295,29.500000
LOS ANGELES,2021,294,29.500000
LOS ANGELES,2021,293,29.000000
LOS ANGELES,2021,292,18.000000
LOS ANGELES,2021,291,18.000000
LOS ANGELES,2021,290,
LOS ANGELES,2021,289,
LOS ANGELES,2021,288,18.000000
LOS ANGELES,2021,287,18.000000
LOS ANGELES,2021,286,18.000000
LOS ANGELES,2021,285,18.000000
LOS ANGELES,2021,284,
LOS ANGELES,2021,283,
LOS ANGELES,2021,282,
LOS ANGELES,2021,281,18.000000
LOS ANGELES,2021,280,18.000000
LOS ANGELES,2021,279,18.000000
LOS ANGELES,2021,278,18.000000
LOS ANGELES,2021,277,18.000000
LOS ANGELES,2021,276,
LOS ANGELES,2021,275,
LOS ANGELES,2021,274,18.000000
LOS ANGELES,2021,273,18.000000
LOS ANGELES,2021,272,18.000000
LOS ANGELES,2021,271,18.000000
LOS ANGELES,2021,270,18.000000
LOS ANGELES,2021,269,
LOS ANGELES,2021,268,
LOS ANGELES,2021,267,18.000000
LOS ANGELES,2021,266,18.000000
LOS ANGELES,2021,265,18.000000
LOS ANGELES,2021,264,18.000000
LOS ANGELES,2021,263,18.000000
LOS ANGELES,2021,262,
LOS ANGELES,2021,261,
LOS ANGELES,2021,260,18.000000
LOS ANGELES,2021,259,18.000000
LOS ANGELES,2021,258,25.750000
LOS ANGELES,2021,257,25.750000
LOS ANGELES,2021,256,25.750000
LOS ANGELES,2021,255,
LOS ANGELES,2021,254,
LOS ANGELES,2021,253,25.750000
LOS ANGELES,2021,252,25.750000
LOS ANGELES,2021,251,25.750000
LOS ANGELES,2021,250,25.750000
LOS ANGELES,2021,249,
LOS ANGELES,2021,248,
LOS ANGELES,2021,247,
LOS ANGELES,2021,246,25.750000
LOS ANGELES,2021,245,25.750000
LOS ANGELES,2021,244,25.750000
LOS ANGELES,2021,243,25.750000
LOS ANGELES,2021,242,25.750000
LOS ANGELES,2021,241,
LOS ANGELES,2021,240,
LOS ANGELES,2021,239,25.750000
LOS ANGELES,2021,238,25.750000
LOS ANGELES,2021,237,25.750000
LOS ANGELES,2021,236,25.750000
LOS ANGELES,2021,235,25.750000
LOS ANGELES,2021,234,
LOS ANGELES,2021,233,
LOS ANGELES,2021,232,25.750000
LOS ANGELES,2021,231,25.750000
LOS ANGELES,2021,230,25.750000
LOS ANGELES,2021,229,25.750000
LOS ANGELES,2021,228,25.750000
LOS ANGELES,2021,227,
LOS ANGELES,2021,226,
LOS ANGELES,2021,225,25.750000
LOS ANGELES,2021,224,25.750000
LOS ANGELES,2021,223,25.750000
LOS ANGELES,2021,222,25.750000
LOS ANGELES,2021,221,25.750000
LOS ANGELES,2021,220,
LOS ANGELES,2021,219,
LOS ANGELES,2021,218,25.750000
LOS ANGELES,2021,217,25.750000
LOS ANGELES,2021,216,25.000000
LOS ANGELES,2021,215,25.000000
LOS ANGELES,2021,214,25.000000
LOS ANGELES,2021,213,
LOS ANGELES,2021,212,
LOS ANGELES,2021,211,25.000000
LOS ANGELES,2021,210,25.000000
LOS ANGELES,2021,209,25.000000
LOS ANGELES,2021,208,25.000000
LOS ANGELES,2021,207,25.000000
LOS ANGELES,2021,206,
LOS ANGELES,2021,205,
LOS ANGELES,2021,204,25.000000
LOS ANGELES,2021,203,25.000000
LOS ANGELES,2021,202,25.000000
LOS ANGELES,2021,201,25.000000
LOS ANGELES,2021,200,25.000000
LOS ANGELES,2021,199,
LOS ANGELES,2021,198,
LOS ANGELES,2021,197,25.000000
LOS ANGELES,2021,196,25.000000
LOS ANGELES,2021,195,25.000000
LOS ANGELES,2021,194,37.500000
LOS ANGELES,2021,193,20.000000
LOS ANGELES,2021,192,
LOS ANGELES,2021,191,
LOS ANGELES,2021,190,20.000000
LOS ANGELES,2021,189,20.000000
LOS ANGELES,2021,188,
LOS ANGELES,2021,187,
LOS ANGELES,2021,186,
LOS ANGELES,2021,185,
LOS ANGELES,2021,184,
LOS ANGELES,2021,183,
LOS ANGELES,2021,182,
LOS ANGELES,2021,181,
LOS ANGELES,2021,180,
LOS ANGELES,2021,179,
LOS ANGELES,2021,178,
LOS ANGELES,2021,177,
LOS ANGELES,2021,176,
LOS ANGELES,2021,175,
LOS ANGELES,2021,174,
LOS ANGELES,2021,173,
LOS ANGELES,2021,172,
LOS ANGELES,2021,171,
LOS ANGELES,2021,170,
LOS ANGELES,2021,169,
LOS ANGELES,2021,168,
LOS ANGELES,2021,167,
LOS ANGELES,2021,166,
LOS ANGELES,2021,165,
LOS ANGELES,2021,164,
LOS ANGELES,2021,163,
LOS ANGELES,2021,162,
LOS ANGELES,2021,161,
LOS ANGELES,2021,160,
LOS ANGELES,2021,159,
LOS ANGELES,2021,158,
LOS ANGELES,2021,157,
LOS ANGELES,2021,156,
LOS ANGELES,2021,155,
LOS ANGELES,2021,154,
LOS ANGELES,2021,153,
LOS ANGELES,2021,152,
LOS ANGELES,2021,151,
LOS ANGELES,2021,150,
LOS ANGELES,2021,149,
LOS ANGELES,2021,148,
LOS ANGELES,2021,147,
LOS ANGELES,2021,146,
LOS ANGELES,2021,145,
LOS ANGELES,2021,144,
LOS ANGELES,2021,143,
LOS ANGELES,2021,142,
LOS ANGELES,2021,141,
LOS ANGELES,2021,140,
LOS ANGELES,2021,139,
LOS ANGELES,2021,138,
LOS ANGELES,2021,137,
LOS ANGELES,2021,136,
LOS ANGELES,2021,135,
LOS ANGELES,2021,134,
LOS ANGELES,2021,133,
LOS ANGELES,2021,132,
LOS ANGELES,2021,131,
LOS ANGELES,2021,130,
LOS ANGELES,2021,129,
LOS ANGELES,2021,128,
LOS ANGELES,2021,127,
LOS ANGELES,2021,126,
LOS ANGELES,2021,125,
LOS ANGELES,2021,124,
LOS ANGELES,2021,123,
LOS ANGELES,2021,122,
LOS ANGELES,2021,121,
LOS ANGELES,2021,120,
LOS ANGELES,2021,119,
LOS ANGELES,2021,118,
LOS ANGELES,2021,117,
LOS ANGELES,2021,116,
LOS ANGELES,2021,115,
LOS ANGELES,2021,114,
LOS ANGELES,2021,113,
LOS ANGELES,2021,112,
LOS ANGELES,2021,111,
LOS ANGELES,2021,110,
LOS ANGELES,2021,109,
LOS ANGELES,2021,108,
LOS ANGELES,2021,107,
LOS ANGELES,2021,106,
LOS ANGELES,2021,105,
LOS ANGELES,2021,104,
LOS ANGELES,2021,103,
LOS ANGELES,2021,102,
LOS ANGELES,2021,101,
LOS ANGELES,2021,100,
LOS ANGELES,2021,99,
LOS ANGELES,2021,98,
LOS ANGELES,2021,97,
LOS ANGELES,2021,96,
LOS ANGELES,2021,95,
LOS ANGELES,2021,94,
LOS ANGELES,2021,93,
LOS ANGELES,2021,92,
LOS ANGELES,2021,91,
LOS ANGELES,2021,90,
LOS ANGELES,2021,89,
LOS ANGELES,2021,88,
LOS ANGELES,2021,87,
LOS ANGELES,2021,86,
LOS ANGELES,2021,85,
LOS ANGELES,2021,84,
LOS ANGELES,2021,83,
LOS ANGELES,2021,82,
LOS ANGELES,2021,81,
LOS ANGELES,2021,80,
LOS ANGELES,2021,79,
LOS ANGELES,2021,78,
LOS ANGELES,2021,77,
LOS ANGELES,2021,76,
LOS ANGELES,2021,75,
LOS ANGELES,2021,74,
LOS ANGELES,2021,73,
LOS ANGELES,2021,72,
LOS ANGELES,2021,71,
LOS ANGELES,2021,70,
LOS ANGELES,2021,69,
LOS ANGELES,2021,68,
LOS ANGELES,2021,67,
LOS ANGELES,2021,66,
LOS ANGELES,2021,65,
LOS ANGELES,2021,64,
LOS ANGELES,2021,63,
LOS ANGELES,2021,62,
LOS ANGELES,2021,61,
LOS ANGELES,2021,60,
LOS ANGELES,2021,59,
LOS ANGELES,2021,58,
LOS ANGELES,2021,57,
LOS ANGELES,2021,56,
LOS ANGELES,2021,55,
LOS ANGELES,2021,54,
LOS ANGELES,2021,53,
LOS ANGELES,2021,52,
LOS ANGELES,2021,51,
LOS ANGELES,2021,50,
LOS ANGELES,2021,49,
LOS ANGELES,2021,48,
LOS ANGELES,2021,47,
LOS ANGELES,2021,46,
LOS ANGELES,2021,45,
LOS ANGELES,2021,44,
LOS ANGELES,2021,43,
LOS ANGELES,2021,42,
LOS ANGELES,2021,41,
LOS ANGELES,2021,40,
LOS ANGELES,2021,39,
LOS ANGELES,2021,38,
LOS ANGELES,2021,37,
LOS ANGELES,2021,36,
LOS ANGELES,2021,35,
LOS ANGELES,2021,34,
LOS ANGELES,2021,33,
LOS ANGELES,2021,32,
LOS ANGELES,2021,31,
LOS ANGELES,2021,30,
LOS ANGELES,2021,29,
LOS ANGELES,2021,28,
LOS ANGELES,2021,27,
LOS ANGELES,2021,26,
LOS ANGELES,2021,25,
LOS ANGELES,2021,24,
LOS ANGELES,2021,23,
LOS ANGELES,2021,22,
LOS ANGELES,2021,21,
LOS ANGELES,2021,20,
LOS ANGELES,2021,19,
LOS ANGELES,2021,18,
LOS ANGELES,2021,17,
LOS ANGELES,2021,16,
LOS ANGELES,2021,15,
LOS ANGELES,2021,14,
LOS ANGELES,2021,13,
LOS ANGELES,2021,12,
LOS ANGELES,2021,11,
LOS ANGELES,2021,10,
LOS ANGELES,2021,9,
LOS ANGELES,2021,8,
LOS ANGELES,2021,7,
LOS ANGELES,2021,6,
LOS ANGELES,2021,5,
LOS ANGELES,2021,4,
LOS ANGELES,2021,3,
LOS ANGELES,2021,2,
NEW YORK,2021,366,
NEW YORK,2021,365,
NEW YORK,2021,364,
NEW YORK,2021,363,
NEW YORK,2021,362,
NEW YORK,2021,361,41.000000
NEW YORK,2021,360,
NEW YORK,2021,359,
NEW YORK,2021,358,
NEW YORK,2021,357,37.500000
NEW YORK,2021,356,37.500000
NEW YORK,2021,355,37.500000
NEW YORK,2021,354,43.500000
NEW YORK,2021,353,
NEW YORK,2021,352,
NEW YORK,2021,351,46.500000
NEW YORK,2021,350,44.250000
NEW YORK,2021,349,44.250000
NEW YORK,2021,348,44.250000
NEW YORK,2021,347,42.000000
NEW YORK,2021,346,
NEW YORK,2021,345,
NEW YORK,2021,344,70.000000
NEW YORK,2021,343,70.000000
NEW YORK,2021,342,70.000000
NEW YORK,2021,341,70.000000
NEW YORK,2021,340,70.000000
NEW YORK,2021,339,
NEW YORK,2021,338,
NEW YORK,2021,337,50.000000
NEW YORK,2021,336,50.000000
NEW YORK,2021,335,50.000000
NEW YORK,2021,334,70.000000
NEW YORK,2021,333,70.000000
NEW YORK,2021,332,
NEW YORK,2021,331,
NEW YORK,2021,330,
NEW YORK,2021,329,
NEW YORK,2021,328,
NEW YORK,2021,327,
NEW YORK,2021,326,
NEW YORK,2021,325,
NEW YORK,2021,324,
NEW YORK,2021,323,
NEW YORK,2021,322,
NEW YORK,2021,321,
NEW YORK,2021,320,
NEW YORK,2021,319,
NEW YORK,2021,318,
NEW YORK,2021,317,
NEW YORK,2021,316,
NEW YORK,2021,315,
NEW YORK,2021,314,
NEW YORK,2021,313,
NEW YORK,2021,312,
NEW YORK,2021,311,
NEW YORK,2021,310,
NEW YORK,2021,309,
NEW YORK,2021,308,
NEW YORK,2021,307,
NEW YORK,2021,306,
NEW YORK,2021,305,
NEW YORK,2021,304,
NEW YORK,2021,303,
NEW YORK,2021,302,
NEW YORK,2021,301,
NEW YORK,2021,300,
NEW YORK,2021,299,
NEW YORK,2021,298,
NEW YORK,2021,297,
NEW YORK,2021,296,
NEW YORK,2021,295,32.000000
NEW YORK,2021,294,32.000000
NEW YORK,2021,293,32.000000
NEW YORK,2021,292,32.000000
NEW YORK,2021,291,
NEW YORK,2021,290,
NEW YORK,2021,289,
NEW YORK,2021,288,
NEW YORK,2021,287,
NEW YORK,2021,286,
NEW YORK,2021,285,
NEW YORK,2021,284,
NEW YORK,2021,283,
NEW YORK,2021,282,
NEW YORK,2021,281,
NEW YORK,2021,280,
NEW YORK,2021,279,
NEW YORK,2021,278,
NEW YORK,2021,277,
NEW YORK,2021,276,
NEW YORK,2021,275,
NEW YORK,2021,274,
NEW YORK,2021,273,
NEW YORK,2021,272,
NEW YORK,2021,271,
NEW YORK,2021,270,
NEW YORK,2021,269,
NEW YORK,2021,268,
NEW YORK,2021,267,
NEW YORK,2021,266,
NEW YORK,2021,265,
NEW YORK,2021,264,
NEW YORK,2021,263,
NEW YORK,2021,262,
NEW YORK,2021,261,
NEW YORK,2021,260,28.000000
NEW YORK,2021,259,28.000000
NEW YORK,2021,258,28.000000
NEW YORK,2021,257,28.000000
NEW YORK,2021,256,
NEW YORK,2021,255,
NEW YORK,2021,254,
NEW YORK,2021,253,
NEW YORK,2021,252,
NEW YORK,2021,251,
NEW YORK,2021,250,
NEW YORK,2021,249,
NEW YORK,2021,248,
NEW YORK,2021,247,
NEW YORK,2021,246,
NEW YORK,2021,245,
NEW YORK,2021,244,
NEW YORK,2021,243,
NEW YORK,2021,242,
NEW YORK,2021,241,
NEW YORK,2021,240,
NEW YORK,2021,239,
NEW YORK,2021,238,
NEW YORK,2021,237,
NEW YORK,2021,236,
NEW YORK,2021,235,
NEW YORK,2021,234,
NEW YORK,2021,233,
NEW YORK,2021,232,
NEW YORK,2021,231,
NEW YORK,2021,230,
NEW YORK,2021,229,
NEW YORK,2021,228,
NEW YORK,2021,227,
NEW YORK,2021,226,
NEW YORK,2021,225,
NEW YORK,2021,224,
NEW YORK,2021,223,
NEW YORK,2021,222,
NEW YORK,2021,221,
NEW YORK,2021,220,
NEW YORK,2021,219,
NEW YORK,2021,218,
NEW YORK,2021,217,
NEW YORK,2021,216,
NEW YORK,2021,215,
NEW YORK,2021,214,
NEW YORK,2021,213,
NEW YORK,2021,212,
NEW YORK,2021,211,
NEW YORK,2021,210,
NEW YORK,2021,209,
NEW YORK,2021,208,
NEW YORK,2021,207,
NEW YORK,2021,206,
NEW YORK,2021,205,
NEW YORK,2021,204,
NEW YORK,2021,203,
NEW YORK,2021,202,
NEW YORK,2021,201,
NEW YORK,2021,200,
NEW YORK,2021,199,
NEW YORK,2021,198,
NEW YORK,2021,197,
NEW YORK,2021,196,
NEW YORK,2021,195,
NEW YORK,2021,194,70.000000
NEW YORK,2021,193,70.000000
NEW YORK,2021,192,
NEW YORK,2021,191,
NEW YORK,2021,190,70.000000
NEW YORK,2021,189,70.000000
NEW YORK,2021,188,57.000000
NEW YORK,2021,187,57.000000
NEW YORK,2021,186,
NEW YORK,2021,185,
NEW YORK,2021,184,
NEW YORK,2021,183,57.000000
NEW YORK,2021,182,57.000000
NEW YORK,2021,181,57.000000
NEW YORK,2021,180,57.000000
NEW YORK,2021,179,70.000000
NEW YORK,2021,178,
NEW YORK,2021,177,
NEW YORK,2021,176,70.000000
NEW YORK,2021,175,70.000000
NEW YORK,2021,174,70.000000
NEW YORK,2021,173,70.000000
NEW YORK,2021,172,
NEW YORK,2021,171,
NEW YORK,2021,170,
NEW YORK,2021,169,
NEW YORK,2021,168,
NEW YORK,2021,167,
NEW YORK,2021,166,
NEW YORK,2021,165,
NEW YORK,2021,164,
NEW YORK,2021,163,
NEW YORK,2021,162,
NEW YORK,2021,161,
NEW YORK,2021,160,
NEW YORK,2021,159,
NEW YORK,2021,158,
NEW YORK,2021,157,
NEW YORK,2021,156,
NEW YORK,2021,155,
NEW YORK,2021,154,
NEW YORK,2021,153,
NEW YORK,2021,152,
NEW YORK,2021,151,
NEW YORK,2021,150,
NEW YORK,2021,149,
NEW YORK,2021,148,32.000000
NEW YORK,2021,147,32.000000
NEW YORK,2021,146,32.000000
NEW YORK,2021,145,32.000000
NEW YORK,2021,144,32.000000
NEW YORK,2021,143,
NEW YORK,2021,142,
NEW YORK,2021,141,32.000000
NEW YORK,2021,140,32.000000
NEW YORK,2021,139,
NEW YORK,2021,138,
NEW YORK,2021,137,
NEW YORK,2021,136,
NEW YORK,2021,135,
NEW YORK,2021,134,
NEW YORK,2021,133,
NEW YORK,2021,132,
NEW YORK,2021,131,
NEW YORK,2021,130,
NEW YORK,2021,129,
NEW YORK,2021,128,
NEW YORK,2021,127,
NEW YORK,2021,126,
NEW YORK,2021,125,
NEW YORK,2021,124,
NEW YORK,2021,123,
NEW YORK,2021,122,
NEW YORK,2021,121,
NEW YORK,2021,120,
NEW YORK,2021,119,
NEW YORK,2021,118,
NEW YORK,2021,117,36.500000
NEW YORK,2021,116,36.500000
NEW YORK,2021,115,
NEW YORK,2021,114,
NEW YORK,2021,113,36.500000
NEW YORK,2021,112,33.000000
NEW YORK,2021,111,33.000000
NEW YORK,2021,110,33.000000
NEW YORK,2021,109,33.000000
NEW YORK,2021,108,
NEW YORK,2021,107,
NEW YORK,2021,106,33.000000
NEW YORK,2021,105,33.000000
NEW YORK,2021,104,33.333333
NEW YORK,2021,103,33.333333
NEW YORK,2021,102,14.000000
NEW YORK,2021,101,
NEW YORK,2021,100,
NEW YORK,2021,99,38.000000
NEW YORK,2021,98,14.000000
NEW YORK,2021,97,14.000000
NEW YORK,2021,96,14.000000
NEW YORK,2021,95,
NEW YORK,2021,94,
NEW YORK,2021,93,
NEW YORK,2021,92,14.000000
NEW YORK,2021,91,14.000000
NEW YORK,2021,90,14.000000
NEW YORK,2021,89,14.000000
NEW YORK,2021,88,14.000000
NEW YORK,2021,87,
NEW YORK,2021,86,
NEW YORK,2021,85,14.000000
NEW YORK,2021,84,14.000000
NEW YORK,2021,83,14.000000
NEW YORK,2021,82,30.000000
NEW YORK,2021,81,30.000000
NEW YORK,2021,80,
NEW YORK,2021,79,
NEW YORK,2021,78,30.000000
NEW YORK,2021,77,30.000000
NEW YORK,2021,76,30.000000
NEW YORK,2021,75,30.000000
NEW YORK,2021,74,30.000000
NEW YORK,2021,73,
NEW YORK,2021,72,
NEW YORK,2021,71,30.000000
NEW YORK,2021,70,30.000000
NEW YORK,2021,69,30.000000
NEW YORK,2021,68,30.000000
NEW YORK,2021,67,
NEW YORK,2021,66,
NEW YORK,2021,65,
NEW YORK,2021,64,
NEW YORK,2021,63,
NEW YORK,2021,62,
NEW YORK,2021,61,
NEW YORK,2021,60,
NEW YORK,2021,59,
NEW YORK,2021,58,
NEW YORK,2021,57,
NEW YORK,2021,56,
NEW YORK,2021,55,
NEW YORK,2021,54,
NEW YORK,2021,53,
NEW YORK,2021,52,
NEW YORK,2021,51,
NEW YORK,2021,50,
NEW YORK,2021,49,
NEW YORK,2021,48,
NEW YORK,2021,47,
NEW YORK,2021,46,
NEW YORK,2021,45,
NEW YORK,2021,44,
NEW YORK,2021,43,
NEW YORK,2021,42,
NEW YORK,2021,41,
NEW YORK,2021,40,
NEW YORK,2021,39,
NEW YORK,2021,38,
NEW YORK,2021,37,
NEW YORK,2021,36,
NEW YORK,2021,35,
NEW YORK,2021,34,
NEW YORK,2021,33,
NEW YORK,2021,32,
NEW YORK,2021,31,
NEW YORK,2021,30,
NEW YORK,2021,29,
NEW YORK,2021,28,
NEW YORK,2021,27,
NEW YORK,2021,26,
NEW YORK,2021,25,
NEW YORK,2021,24,
NEW YORK,2021,23,
NEW YORK,2021,22,
NEW YORK,2021,21,
NEW YORK,2021,20,
NEW YORK,2021,19,
NEW YORK,2021,18,
NEW YORK,2021,17,
NEW YORK,2021,16,
NEW YORK,2021,15,
NEW YORK,2021,14,
NEW YORK,2021,13,
NEW YORK,2021,12,
NEW YORK,2021,11,
NEW YORK,2021,10,
NEW YORK,2021,9,
NEW YORK,2021,8,35.000000
NEW YORK,2021,7,35.000000
NEW YORK,2021,6,35.000000
NEW YORK,2021,5,35.000000
NEW YORK,2021,4,35.000000
NEW YORK,2021,3,
NEW YORK,2021,2,
PHILADELPHIA,2021,366,
PHILADELPHIA,2021,365,
PHILADELPHIA,2021,364,
PHILADELPHIA,2021,363,
PHILADELPHIA,2021,362,
PHILADELPHIA,2021,361,
PHILADELPHIA,2021,360,
PHILADELPHIA,2021,359,
PHILADELPHIA,2021,358,
PHILADELPHIA,2021,357,
PHILADELPHIA,2021,356,
PHILADELPHIA,2021,355,
PHILADELPHIA,2021,354,
PHILADELPHIA,2021,353,
PHILADELPHIA,2021,352,
PHILADELPHIA,2021,351,
PHILADELPHIA,2021,350,
PHILADELPHIA,2021,349,
PHILADELPHIA,2021,348,
PHILADELPHIA,2021,347,
PHILADELPHIA,2021,346,
PHILADELPHIA,2021,345,
PHILADELPHIA,2021,344,17.000000
PHILADELPHIA,2021,343,17.000000
PHILADELPHIA,2021,342,17.000000
PHILADELPHIA,2021,341,17.000000
PHILADELPHIA,2021,340,17.000000
PHILADELPHIA,2021,339,
PHILADELPHIA,2021,338,
PHILADELPHIA,2021,337,17.000000
PHILADELPHIA,2021,336,17.000000
PHILADELPHIA,2021,335,17.000000
PHILADELPHIA,2021,334,17.000000
PHILADELPHIA,2021,333,17.000000
PHILADELPHIA,2021,332,
PHILADELPHIA,2021,331,
PHILADELPHIA,2021,330,
PHILADELPHIA,2021,329,
PHILADELPHIA,2021,328,17.000000
PHILADELPHIA,2021,327,17.000000
PHILADELPHIA,2021,326,17.000000
PHILADELPHIA,2021,325,
PHILADELPHIA,2021,324,
PHILADELPHIA,2021,323,17.000000
PHILADELPHIA,2021,322,17.000000
PHILADELPHIA,2021,321,17.000000
PHILADELPHIA,2021,320,17.000000
PHILADELPHIA,2021,319,17.000000
PHILADELPHIA,2021,318,
PHILADELPHIA,2021,317,
PHILADELPHIA,2021,316,17.000000
PHILADELPHIA,2021,315,
PHILADELPHIA,2021,314,17.000000
PHILADELPHIA,2021,313,17.000000
PHILADELPHIA,2021,312,17.000000
PHILADELPHIA,2021,311,
PHILADELPHIA,2021,310,
PHILADELPHIA,2021,309,17.000000
PHILADELPHIA,2021,308,17.000000
PHILADELPHIA,2021,307,17.000000
PHILADELPHIA,2021,306,17.000000
PHILADELPHIA,2021,305,17.000000
PHILADELPHIA,2021,304,
PHILADELPHIA,2021,303,
PHILADELPHIA,2021,302,17.000000
PHILADELPHIA,2021,301,17.000000
PHILADELPHIA,2021,300,17.000000
PHILADELPHIA,2021,299,17.000000
PHILADELPHIA,2021,298,17.000000
PHILADELPHIA,2021,297,
PHILADELPHIA,2021,296,
PHILADELPHIA,2021,295,
PHILADELPHIA,2021,294,
PHILADELPHIA,2021,293,34.000000
PHILADELPHIA,2021,292,
PHILADELPHIA,2021,291,34.000000
PHILADELPHIA,2021,290,
PHILADELPHIA,2021,289,
PHILADELPHIA,2021,288,34.000000
PHILADELPHIA,2021,287,
PHILADELPHIA,2021,286,34.000000
PHILADELPHIA,2021,285,
PHILADELPHIA,2021,284,
PHILADELPHIA,2021,283,
PHILADELPHIA,2021,282,
PHILADELPHIA,2021,281,34.000000
PHILADELPHIA,2021,280,
PHILADELPHIA,2021,279,34.000000
PHILADELPHIA,2021,278,
PHILADELPHIA,2021,277,34.000000
PHILADELPHIA,2021,276,
PHILADELPHIA,2021,275,
PHILADELPHIA,2021,274,34.000000
PHILADELPHIA,2021,273,
PHILADELPHIA,2021,272,34.000000
PHILADELPHIA,2021,271,
PHILADELPHIA,2021,270,34.000000
PHILADELPHIA,2021,269,
PHILADELPHIA,2021,268,
PHILADELPHIA,2021,267,34.000000
PHILADELPHIA,2021,266,34.000000
PHILADELPHIA,2021,265,34.000000
PHILADELPHIA,2021,264,34.000000
PHILADELPHIA,2021,263,34.000000
PHILADELPHIA,2021,262,
PHILADELPHIA,2021,261,
PHILADELPHIA,2021,260,34.000000
PHILADELPHIA,2021,259,34.000000
PHILADELPHIA,2021,258,34.000000
PHILADELPHIA,2021,257,34.000000
PHILADELPHIA,2021,256,34.000000
PHILADELPHIA,2021,255,
PHILADELPHIA,2021,254,
PHILADELPHIA,2021,253,34.000000
PHILADELPHIA,2021,252,34.000000
PHILADELPHIA,2021,251,34.000000
PHILADELPHIA,2021,250,34.000000
PHILADELPHIA,2021,249,
PHILADELPHIA,2021,248,
PHILADELPHIA,2021,247,
PHILADELPHIA,2021,246,34.000000
PHILADELPHIA,2021,245,34.000000
PHILADELPHIA,2021,244,34.000000
PHILADELPHIA,2021,243,
PHILADELPHIA,2021,242,
PHILADELPHIA,2021,241,
PHILADELPHIA,2021,240,
PHILADELPHIA,2021,239,
PHILADELPHIA,2021,238,
PHILADELPHIA,2021,237,
PHILADELPHIA,2021,236,
PHILADELPHIA,2021,235,
PHILADELPHIA,2021,234,
PHILADELPHIA,2021,233,
PHILADELPHIA,2021,232,
PHILADELPHIA,2021,231,
PHILADELPHIA,2021,230,
PHILADELPHIA,2021,229,
PHILADELPHIA,2021,228,
PHILADELPHIA,2021,227,
PHILADELPHIA,2021,226,
PHILADELPHIA,2021,225,
PHILADELPHIA,2021,224,
PHILADELPHIA,2021,223,
PHILADELPHIA,2021,222,
PHILADELPHIA,2021,221,
PHILADELPHIA,2021,220,
PHILADELPHIA,2021,219,
PHILADELPHIA,2021,218,
PHILADELPHIA,2021,217,
PHILADELPHIA,2021,216,
PHILADELPHIA,2021,215,
PHILADELPHIA,2021,214,
PHILADELPHIA,2021,213,
PHILADELPHIA,2021,212,
PHILADELPHIA,2021,211,
PHILADELPHIA,2021,210,
PHILADELPHIA,2021,209,
PHILADELPHIA,2021,208,
PHILADELPHIA,2021,207,
PHILADELPHIA,2021,206,
PHILADELPHIA,2021,205,
PHILADELPHIA,2021,204,
PHILADELPHIA,2021,203,
PHILADELPHIA,2021,202,
PHILADELPHIA,2021,201,
PHILADELPHIA,2021,200,
PHILADELPHIA,2021,199,
PHILADELPHIA,2021,198,
PHILADELPHIA,2021,197,
PHILADELPHIA,2021,196,
PHILADELPHIA,2021,195,
PHILADELPHIA,2021,194,
PHILADELPHIA,2021,193,42.000000
PHILADELPHIA,2021,192,
PHILADELPHIA,2021,191,
PHILADELPHIA,2021,190,42.000000
PHILADELPHIA,2021,189,42.000000
PHILADELPHIA,2021,188,42.000000
PHILADELPHIA,2021,187,42.000000
PHILADELPHIA,2021,186,
PHILADELPHIA,2021,185,
PHILADELPHIA,2021,184,
PHILADELPHIA,2021,183,
PHILADELPHIA,2021,182,
PHILADELPHIA,2021,181,
PHILADELPHIA,2021,180,
PHILADELPHIA,2021,179,
PHILADELPHIA,2021,178,
PHILADELPHIA,2021,177,
PHILADELPHIA,2021,176,
PHILADELPHIA,2021,175,
PHILADELPHIA,2021,174,
PHILADELPHIA,2021,173,
PHILADELPHIA,2021,172,
PHILADELPHIA,2021,171,
PHILADELPHIA,2021,170,
PHILADELPHIA,2021,169,
PHILADELPHIA,2021,168,
PHILADELPHIA,2021,167,
PHILADELPHIA,2021,166,
PHILADELPHIA,2021,165,
PHILADELPHIA,2021,164,
PHILADELPHIA,2021,163,
PHILADELPHIA,2021,162,
PHILADELPHIA,2021,161,
PHILADELPHIA,2021,160,
PHILADELPHIA,2021,159,
PHILADELPHIA,2021,158,
PHILADELPHIA,2021,157,
PHILADELPHIA,2021,156,
PHILADELPHIA,2021,155,
PHILADELPHIA,2021,154,
PHILADELPHIA,2021,153,
PHILADELPHIA,2021,152,
PHILADELPHIA,2021,151,
PHILADELPHIA,2021,150,
PHILADELPHIA,2021,149,
PHILADELPHIA,2021,148,
PHILADELPHIA,2021,147,
PHILADELPHIA,2021,146,
PHILADELPHIA,2021,145,
PHILADELPHIA,2021,144,
PHILADELPHIA,2021,143,
PHILADELPHIA,2021,142,
PHILADELPHIA,2021,141,
PHILADELPHIA,2021,140,
PHILADELPHIA,2021,139,
PHILADELPHIA,2021,138,
PHILADELPHIA,2021,137,
PHILADELPHIA,2021,136,
PHILADELPHIA,2021,135,
PHILADELPHIA,2021,134,33.500000
PHILADELPHIA,2021,133,33.500000
PHILADELPHIA,2021,132,33.500000
PHILADELPHIA,2021,131,33.500000
PHILADELPHIA,2021,130,33.500000
PHILADELPHIA,2021,129,
PHILADELPHIA,2021,128,
PHILADELPHIA,2021,127,33.500000
PHILADELPHIA,2021,126,33.500000
PHILADELPHIA,2021,125,33.500000
PHILADELPHIA,2021,124,33.500000
PHILADELPHIA,2021,123,33.500000
PHILADELPHIA,2021,122,
PHILADELPHIA,2021,121,
PHILADELPHIA,2021,120,26.000000
PHILADELPHIA,2021,119,26.000000
PHILADELPHIA,2021,118,26.000000
PHILADELPHIA,2021,117,26.000000
PHILADELPHIA,2021,116,26.000000
PHILADELPHIA,2021,115,
PHILADELPHIA,2021,114,
PHILADELPHIA,2021,113,36.000000
PHILADELPHIA,2021,112,36.000000
PHILADELPHIA,2021,111,36.000000
PHILADELPHIA,2021,110,36.000000
PHILADELPHIA,2021,109,36.000000
PHILADELPHIA,2021,108,
PHILADELPHIA,2021,107,
PHILADELPHIA,2021,106,25.000000
PHILADELPHIA,2021,105,25.000000
PHILADELPHIA,2021,104,25.000000
PHILADELPHIA,2021,103,25.000000
PHILADELPHIA,2021,102,25.000000
PHILADELPHIA,2021,101,
PHILADELPHIA,2021,100,
PHILADELPHIA,2021,99,28.000000
PHILADELPHIA,2021,98,28.000000
PHILADELPHIA,2021,97,28.000000
PHILADELPHIA,2021,96,28.000000
PHILADELPHIA,2021,95,
PHILADELPHIA,2021,94,
PHILADELPHIA,2021,93,
PHILADELPHIA,2021,92,27.500000
PHILADELPHIA,2021,91,27.500000
PHILADELPHIA,2021,90,27.500000
PHILADELPHIA,2021,89,27.500000
PHILADELPHIA,2021,88,27.500000
PHILADELPHIA,2021,87,
PHILADELPHIA,2021,86,
PHILADELPHIA,2021,85,24.500000
PHILADELPHIA,2021,84,24.500000
PHILADELPHIA,2021,83,24.500000
PHILADELPHIA,2021,82,24.500000
PHILADELPHIA,2021,81,24.500000
PHILADELPHIA,2021,80,
PHILADELPHIA,2021,79,
PHILADELPHIA,2021,78,24.500000
PHILADELPHIA,2021,77,24.500000
PHILADELPHIA,2021,76,24.500000
PHILADELPHIA,2021,75,24.500000
PHILADELPHIA,2021,74,24.500000
PHILADELPHIA,2021,73,
PHILADELPHIA,2021,72,
PHILADELPHIA,2021,71,24.500000
PHILADELPHIA,2021,70,24.500000
PHILADELPHIA,2021,69,24.500000
PHILADELPHIA,2021,68,24.500000
PHILADELPHIA,2021,67,24.500000
PHILADELPHIA,2021,66,
PHILADELPHIA,2021,65,
PHILADELPHIA,2021,64,25.500000
PHILADELPHIA,2021,63,25.500000
PHILADELPHIA,2021,62,25.500000
PHILADELPHIA,2021,61,25.500000
PHILADELPHIA,2021,60,25.500000
PHILADELPHIA,2021,59,
PHILADELPHIA,2021,58,
PHILADELPHIA,2021,57,28.500000
PHILADELPHIA,2021,56,28.500000
PHILADELPHIA,2021,55,28.500000
PHILADELPHIA,2021,54,28.500000
PHILADELPHIA,2021,53,28.500000
PHILADELPHIA,2021,52,
PHILADELPHIA,2021,51,
PHILADELPHIA,2021,50,28.000000
PHILADELPHIA,2021,49,28.000000
PHILADELPHIA,2021,48,28.000000
PHILADELPHIA,2021,47,28.000000
PHILADELPHIA,2021,46,
PHILADELPHIA,2021,45,
PHILADELPHIA,2021,44,
PHILADELPHIA,2021,43,28.000000
PHILADELPHIA,2021,42,28.000000
PHILADELPHIA,2021,41,28.000000
PHILADELPHIA,2021,40,28.000000
PHILADELPHIA,2021,39,28.000000
PHILADELPHIA,2021,38,
PHILADELPHIA,2021,37,
PHILADELPHIA,2021,36,29.000000
PHILADELPHIA,2021,35,29.000000
PHILADELPHIA,2021,34,29.000000
PHILADELPHIA,2021,33,33.500000
PHILADELPHIA,2021,32,
PHILADELPHIA,2021,31,
PHILADELPHIA,2021,30,
PHILADELPHIA,2021,29,33.500000
PHILADELPHIA,2021,28,33.500000
PHILADELPHIA,2021,27,35.000000
PHILADELPHIA,2021,26,35.000000
PHILADELPHIA,2021,25,35.000000
PHILADELPHIA,2021,24,
PHILADELPHIA,2021,23,
PHILADELPHIA,2021,22,39.000000
PHILADELPHIA,2021,21,39.000000
PHILADELPHIA,2021,20,39.000000
PHILADELPHIA,2021,19,39.000000
PHILADELPHIA,2021,18,
PHILADELPHIA,2021,17,
PHILADELPHIA,2021,16,
PHILADELPHIA,2021,15,22.000000
PHILADELPHIA,2021,14,22.000000
PHILADELPHIA,2021,13,22.000000
PHILADELPHIA,2021,12,22.000000
PHILADELPHIA,2021,11,22.000000
PHILADELPHIA,2021,10,
PHILADELPHIA,2021,9,
PHILADELPHIA,2021,8,22.000000
PHILADELPHIA,2021,7,22.000000
PHILADELPHIA,2021,6,22.000000
PHILADELPHIA,2021,5,22.000000
PHILADELPHIA,2021,4,22.000000
PHILADELPHIA,2021,3,
PHILADELPHIA,2021,2,
BALTIMORE,2020,366,
BALTIMORE,2020,365,
BALTIMORE,2020,364,
BALTIMORE,2020,363,
BALTIMORE,2020,362,
BALTIMORE,2020,361,
BALTIMORE,2020,360,
BALTIMORE,2020,359,
BALTIMORE,2020,358,
BALTIMORE,2020,357,
BALTIMORE,2020,356,
BALTIMORE,2020,355,
BALTIMORE,2020,354,
BALTIMORE,2020,353,
BALTIMORE,2020,352,
BALTIMORE,2020,351,
BALTIMORE,2020,350,
BALTIMORE,2020,349,
BALTIMORE,2020,348,
BALTIMORE,2020,347,
BALTIMORE,2020,346,
BALTIMORE,2020,345,
BALTIMORE,2020,344,
BALTIMORE,2020,343,
BALTIMORE,2020,342,
BALTIMORE,2020,341,
BALTIMORE,2020,340,
BALTIMORE,2020,339,
BALTIMORE,2020,338,
BALTIMORE,2020,337,
BALTIMORE,2020,336,
BALTIMORE,2020,335,
BALTIMORE,2020,334,
BALTIMORE,2020,333,
BALTIMORE,2020,332,
BALTIMORE,2020,331,
BALTIMORE,2020,330,
BALTIMORE,2020,329,
BALTIMORE,2020,328,
BALTIMORE,2020,327,
BALTIMORE,2020,326,
BALTIMORE,2020,325,
BALTIMORE,2020,324,
BALTIMORE,2020,323,
BALTIMORE,2020,322,
BALTIMORE,2020,321,
BALTIMORE,2020,320,
BALTIMORE,2020,319,
BALTIMORE,2020,318,
BALTIMORE,2020,317,
BALTIMORE,2020,316,
BALTIMORE,2020,315,
BALTIMORE,2020,314,
BALTIMORE,2020,313,
BALTIMORE,2020,312,
BALTIMORE,2020,311,
BALTIMORE,2020,310,
BALTIMORE,2020,309,30.000000
BALTIMORE,2020,308,30.000000
BALTIMORE,2020,307,30.000000
BALTIMORE,2020,306,
BALTIMORE,2020,305,
BALTIMORE,2020,304,30.000000
BALTIMORE,2020,303,30.000000
BALTIMORE,2020,302,30.000000
BALTIMORE,2020,301,
BALTIMORE,2020,300,
BALTIMORE,2020,299,
BALTIMORE,2020,298,
BALTIMORE,2020,297,
BALTIMORE,2020,296,
BALTIMORE,2020,295,
BALTIMORE,2020,294,
BALTIMORE,2020,293,
BALTIMORE,2020,292,
BALTIMORE,2020,291,
BALTIMORE,2020,290,
BALTIMORE,2020,289,
BALTIMORE,2020,288,30.000000
BALTIMORE,2020,287,30.000000
BALTIMORE,2020,286,
BALTIMORE,2020,285,
BALTIMORE,2020,284,
BALTIMORE,2020,283,30.000000
BALTIMORE,2020,282,30.000000
BALTIMORE,2020,281,30.000000
BALTIMORE,2020,280,30.000000
BALTIMORE,2020,279,30.000000
BALTIMORE,2020,278,
BALTIMORE,2020,277,
BALTIMORE,2020,276,30.000000
BALTIMORE,2020,275,30.000000
BALTIMORE,2020,274,30.000000
BALTIMORE,2020,273,
BALTIMORE,2020,272,
BALTIMORE,2020,271,
BALTIMORE,2020,270,
BALTIMORE,2020,269,
BALTIMORE,2020,268,
BALTIMORE,2020,267,
BALTIMORE,2020,266,
BALTIMORE,2020,265,
BALTIMORE,2020,264,
BALTIMORE,2020,263,
BALTIMORE,2020,262,
BALTIMORE,2020,261,
BALTIMORE,2020,260,
BALTIMORE,2020,259,
BALTIMORE,2020,258,
BALTIMORE,2020,257,
BALTIMORE,2020,256,
BALTIMORE,2020,255,
BALTIMORE,2020,254,
BALTIMORE,2020,253,
BALTIMORE,2020,252,
BALTIMORE,2020,251,
BALTIMORE,2020,250,
BALTIMORE,2020,249,
BALTIMORE,2020,248,
BALTIMORE,2020,247,
BALTIMORE,2020,246,
BALTIMORE,2020,245,
BALTIMORE,2020,244,
BALTIMORE,2020,243,
BALTIMORE,2020,242,
BALTIMORE,2020,241,
BALTIMORE,2020,240,
BALTIMORE,2020,239,
BALTIMORE,2020,238,
BALTIMORE,2020,237,
BALTIMORE,2020,236,
BALTIMORE,2020,235,
BALTIMORE,2020,234,27.000000
BALTIMORE,2020,233,27.000000
BALTIMORE,2020,232,27.000000
BALTIMORE,2020,231,27.000000
BALTIMORE,2020,230,
BALTIMORE,2020,229,
BALTIMORE,2020,228,
BALTIMORE,2020,227,
BALTIMORE,2020,226,
BALTIMORE,2020,225,
BALTIMORE,2020,224,
BALTIMORE,2020,223,
BALTIMORE,2020,222,
BALTIMORE,2020,221,
BALTIMORE,2020,220,
BALTIMORE,2020,219,
BALTIMORE,2020,218,
BALTIMORE,2020,217,
BALTIMORE,2020,216,
BALTIMORE,2020,215,
BALTIMORE,2020,214,
BALTIMORE,2020,213,
BALTIMORE,2020,212,
BALTIMORE,2020,211,
BALTIMORE,2020,210,
BALTIMORE,2020,209,
BALTIMORE,2020,208,
BALTIMORE,2020,207,
BALTIMORE,2020,206,
BALTIMORE,2020,205,
BALTIMORE,2020,204,
BALTIMORE,2020,203,
BALTIMORE,2020,202,
BALTIMORE,2020,201,
BALTIMORE,2020,200,
BALTIMORE,2020,199,
BALTIMORE,2020,198,
BALTIMORE,2020,197,
BALTIMORE,2020,196,
BALTIMORE,2020,195,
BALTIMORE,2020,194,
BALTIMORE,2020,193,
BALTIMORE,2020,192,
BALTIMORE,2020,191,
BALTIMORE,2020,190,
BALTIMORE,2020,189,
BALTIMORE,2020,188,
BALTIMORE,2020,187,
BALTIMORE,2020,186,
BALTIMORE,2020,185,
BALTIMORE,2020,184,
BALTIMORE,2020,183,
BALTIMORE,2020,182,
BALTIMORE,2020,181,
BALTIMORE,2020,180,
BALTIMORE,2020,179,
BALTIMORE,2020,178,
BALTIMORE,2020,177,
BALTIMORE,2020,176,
BALTIMORE,2020,175,
BALTIMORE,2020,174,
BALTIMORE,2020,173,
BALTIMORE,2020,172,
BALTIMORE,2020,171,
BALTIMORE,2020,170,
BALTIMORE,2020,169,
BALTIMORE,2020,168,
BALTIMORE,2020,167,
BALTIMORE,2020,166,
BALTIMORE,2020,165,
BALTIMORE,2020,164,
BALTIMORE,2020,163,
BALTIMORE,2020,162,
BALTIMORE,2020,161,
BALTIMORE,2020,160,
BALTIMORE,2020,159,
BALTIMORE,2020,158,
BALTIMORE,2020,157,32.000000
BALTIMORE,2020,156,
BALTIMORE,2020,155,
BALTIMORE,2020,154,
BALTIMORE,2020,153,
BALTIMORE,2020,152,
BALTIMORE,2020,151,
BALTIMORE,2020,150,
BALTIMORE,2020,149,
BALTIMORE,2020,148,
BALTIMORE,2020,147,
BALTIMORE,2020,146,
BALTIMORE,2020,145,
BALTIMORE,2020,144,
BALTIMORE,2020,143,
BALTIMORE,2020,142,
BALTIMORE,2020,141,
BALTIMORE,2020,140,
BALTIMORE,2020,139,
BALTIMORE,2020,138,
BALTIMORE,2020,137,
BALTIMORE,2020,136,28.000000
BALTIMORE,2020,135,
BALTIMORE,2020,134,
BALTIMORE,2020,133,
BALTIMORE,2020,132,
BALTIMORE,2020,131,
BALTIMORE,2020,130,
BALTIMORE,2020,129,
BALTIMORE,2020,128,
BALTIMORE,2020,127,
BALTIMORE,2020,126,
BALTIMORE,2020,125,
BALTIMORE,2020,124,
BALTIMORE,2020,123,
BALTIMORE,2020,122,38.000000
BALTIMORE,2020,121,38.000000
BALTIMORE,2020,120,38.000000
BALTIMORE,2020,119,38.000000
BALTIMORE,2020,118,38.000000
BALTIMORE,2020,117,
BALTIMORE,2020,116,
BALTIMORE,2020,115,38.000000
BALTIMORE,2020,114,38.000000
BALTIMORE,2020,113,38.000000
BALTIMORE,2020,112,
BALTIMORE,2020,111,
BALTIMORE,2020,110,
BALTIMORE,2020,109,
BALTIMORE,2020,108,
BALTIMORE,2020,107,
BALTIMORE,2020,106,
BALTIMORE,2020,105,
BALTIMORE,2020,104,
BALTIMORE,2020,103,
BALTIMORE,2020,102,
BALTIMORE,2020,101,
BALTIMORE,2020,100,
BALTIMORE,2020,99,
BALTIMORE,2020,98,
BALTIMORE,2020,97,
BALTIMORE,2020,96,
BALTIMORE,2020,95,
BALTIMORE,2020,94,
BALTIMORE,2020,93,
BALTIMORE,2020,92,
BALTIMORE,2020,91,
BALTIMORE,2020,90,
BALTIMORE,2020,89,
BALTIMORE,2020,88,
BALTIMORE,2020,87,
BALTIMORE,2020,86,
BALTIMORE,2020,85,
BALTIMORE,2020,84,
BALTIMORE,2020,83,
BALTIMORE,2020,82,
BALTIMORE,2020,81,
BALTIMORE,2020,80,
BALTIMORE,2020,79,
BALTIMORE,2020,78,
BALTIMORE,2020,77,
BALTIMORE,2020,76,
BALTIMORE,2020,75,
BALTIMORE,2020,74,
BALTIMORE,2020,73,
BALTIMORE,2020,72,
BALTIMORE,2020,71,
BALTIMORE,2020,70,
BALTIMORE,2020,69,
BALTIMORE,2020,68,
BALTIMORE,2020,67,
BALTIMORE,2020,66,
BALTIMORE,2020,65,36.000000
BALTIMORE,2020,64,40.000000
BALTIMORE,2020,63,40.000000
BALTIMORE,2020,62,40.000000
BALTIMORE,2020,61,
BALTIMORE,2020,60,
BALTIMORE,2020,59,40.000000
BALTIMORE,2020,58,40.000000
BALTIMORE,2020,57,40.000000
BALTIMORE,2020,56,40.000000
BALTIMORE,2020,55,40.000000
BALTIMORE,2020,54,
BALTIMORE,2020,53,
BALTIMORE,2020,52,
BALTIMORE,2020,51,
BALTIMORE,2020,50,
BALTIMORE,2020,49,
BALTIMORE,2020,48,
BALTIMORE,2020,47,
BALTIMORE,2020,46,
BALTIMORE,2020,45,
BALTIMORE,2020,44,
BALTIMORE,2020,43,
BALTIMORE,2020,42,
BALTIMORE,2020,41,
BALTIMORE,2020,40,
BALTIMORE,2020,39,
BALTIMORE,2020,38,
BALTIMORE,2020,37,
BALTIMORE,2020,36,
BALTIMORE,2020,35,
BALTIMORE,2020,34,
BALTIMORE,2020,33,
BALTIMORE,2020,32,
BALTIMORE,2020,31,
BALTIMORE,2020,30,
BALTIMORE,2020,29,
BALTIMORE,2020,28,
BALTIMORE,2020,27,
BALTIMORE,2020,26,
BALTIMORE,2020,25,
BALTIMORE,2020,24,
BALTIMORE,2020,23,
BALTIMORE,2020,22,
BALTIMORE,2020,21,
BALTIMORE,2020,20,
BALTIMORE,2020,19,
BALTIMORE,2020,18,
BALTIMORE,2020,17,
BALTIMORE,2020,16,
BALTIMORE,2020,15,
BALTIMORE,2020,14,
BALTIMORE,2020,13,
BALTIMORE,2020,12,
BALTIMORE,2020,11,
BALTIMORE,2020,10,
BALTIMORE,2020,9,
BALTIMORE,2020,8,
BALTIMORE,2020,7,
BALTIMORE,2020,6,
BALTIMORE,2020,5,
BALTIMORE,2020,4,
BALTIMORE,2020,3,
BALTIMORE,2020,2,
BOSTON,2020,366,30.000000
BOSTON,2020,365,30.000000
BOSTON,2020,364,30.000000
BOSTON,2020,363,30.000000
BOSTON,2020,362,
BOSTON,2020,361,
BOSTON,2020,360,
BOSTON,2020,359,
BOSTON,2020,358,30.000000
BOSTON,2020,357,30.000000
BOSTON,2020,356,30.000000
BOSTON,2020,355,
BOSTON,2020,354,
BOSTON,2020,353,30.000000
BOSTON,2020,352,30.000000
BOSTON,2020,351,30.000000
BOSTON,2020,350,30.000000
BOSTON,2020,349,
BOSTON,2020,348,
BOSTON,2020,347,
BOSTON,2020,346,30.000000
BOSTON,2020,345,30.000000
BOSTON,2020,344,30.000000
BOSTON,2020,343,30.000000
BOSTON,2020,342,30.000000
BOSTON,2020,341,
BOSTON,2020,340,
BOSTON,2020,339,30.000000
BOSTON,2020,338,30.000000
BOSTON,2020,337,30.000000
BOSTON,2020,336,30.000000
BOSTON,2020,335,30.000000
BOSTON,2020,334,
BOSTON,2020,333,
BOSTON,2020,332,30.000000
BOSTON,2020,331,
BOSTON,2020,330,30.000000
BOSTON,2020,329,30.000000
BOSTON,2020,328,30.000000
BOSTON,2020,327,
BOSTON,2020,326,
BOSTON,2020,325,30.000000
BOSTON,2020,324,30.000000
BOSTON,2020,323,30.000000
BOSTON,2020,322,30.000000
BOSTON,2020,321,30.000000
BOSTON,2020,320,
BOSTON,2020,319,
BOSTON,2020,318,30.000000
BOSTON,2020,317,30.000000
BOSTON,2020,316,
BOSTON,2020,315,30.000000
BOSTON,2020,314,30.000000
BOSTON,2020,313,
BOSTON,2020,312,
BOSTON,2020,311,30.000000
BOSTON,2020,310,30.000000
BOSTON,2020,309,30.000000
BOSTON,2020,308,30.000000
BOSTON,2020,307,30.000000
BOSTON,2020,306,
BOSTON,2020,305,
BOSTON,2020,304,30.000000
BOSTON,2020,303,30.000000
BOSTON,2020,302,30.000000
BOSTON,2020,301,30.000000
BOSTON,2020,300,30.000000
BOSTON,2020,299,
BOSTON,2020,298,
BOSTON,2020,297,30.000000
BOSTON,2020,296,30.000000
BOSTON,2020,295,30.000000
BOSTON,2020,294,30.000000
BOSTON,2020,293,30.000000
BOSTON,2020,292,
BOSTON,2020,291,
BOSTON,2020,290,30.000000
BOSTON,2020,289,30.000000
BOSTON,2020,288,30.000000
BOSTON,2020,287,30.000000
BOSTON,2020,286,
BOSTON,2020,285,
BOSTON,2020,284,
BOSTON,2020,283,30.000000
BOSTON,2020,282,30.000000
BOSTON,2020,281,30.000000
BOSTON,2020,280,30.000000
BOSTON,2020,279,30.000000
BOSTON,2020,278,
BOSTON,2020,277,
BOSTON,2020,276,30.000000
BOSTON,2020,275,30.000000
BOSTON,2020,274,30.000000
BOSTON,2020,273,30.000000
BOSTON,2020,272,30.000000
BOSTON,2020,271,
BOSTON,2020,270,
BOSTON,2020,269,30.000000
BOSTON,2020,268,30.000000
BOSTON,2020,267,30.000000
BOSTON,2020,266,30.000000
BOSTON,2020,265,30.000000
BOSTON,2020,264,
BOSTON,2020,263,
BOSTON,2020,262,30.000000
BOSTON,2020,261,30.000000
BOSTON,2020,260,30.000000
BOSTON,2020,259,30.000000
BOSTON,2020,258,30.000000
BOSTON,2020,257,
BOSTON,2020,256,
BOSTON,2020,255,30.000000
BOSTON,2020,254,30.000000
BOSTON,2020,253,30.000000
BOSTON,2020,252,30.000000
BOSTON,2020,251,
BOSTON,2020,250,
BOSTON,2020,249,
BOSTON,2020,248,30.000000
BOSTON,2020,247,30.000000
BOSTON,2020,246,30.000000
BOSTON,2020,245,30.000000
BOSTON,2020,244,30.000000
BOSTON,2020,243,
BOSTON,2020,242,
BOSTON,2020,241,30.000000
BOSTON,2020,240,30.000000
BOSTON,2020,239,30.000000
BOSTON,2020,238,30.000000
BOSTON,2020,237,30.000000
BOSTON,2020,236,
BOSTON,2020,235,
BOSTON,2020,234,30.000000
BOSTON,2020,233,30.000000
BOSTON,2020,232,30.000000
BOSTON,2020,231,30.000000
BOSTON,2020,230,30.000000
BOSTON,2020,229,
BOSTON,2020,228,
BOSTON,2020,227,30.000000
BOSTON,2020,226,30.000000
BOSTON,2020,225,30.000000
BOSTON,2020,224,30.000000
BOSTON,2020,223,30.000000
BOSTON,2020,222,
BOSTON,2020,221,
BOSTON,2020,220,30.000000
BOSTON,2020,219,30.000000
BOSTON,2020,218,30.000000
BOSTON,2020,217,30.000000
BOSTON,2020,216,30.000000
BOSTON,2020,215,
BOSTON,2020,214,
BOSTON,2020,213,30.000000
BOSTON,2020,212,35.750000
BOSTON,2020,211,35.750000
BOSTON,2020,210,35.750000
BOSTON,2020,209,35.750000
BOSTON,2020,208,
BOSTON,2020,207,
BOSTON,2020,206,35.750000
BOSTON,2020,205,35.750000
BOSTON,2020,204,35.750000
BOSTON,2020,203,35.750000
BOSTON,2020,202,35.750000
BOSTON,2020,201,
BOSTON,2020,200,
BOSTON,2020,199,30.000000
BOSTON,2020,198,30.000000
BOSTON,2020,197,30.000000
BOSTON,2020,196,30.000000
BOSTON,2020,195,30.000000
BOSTON,2020,194,
BOSTON,2020,193,
BOSTON,2020,192,30.000000
BOSTON,2020,191,30.000000
BOSTON,2020,190,30.000000
BOSTON,2020,189,33.666666
BOSTON,2020,188,33.666666
BOSTON,2020,187,
BOSTON,2020,186,
BOSTON,2020,185,
BOSTON,2020,184,33.666666
BOSTON,2020,183,33.666666
BOSTON,2020,182,33.666666
BOSTON,2020,181,33.666666
BOSTON,2020,180,
BOSTON,2020,179,
BOSTON,2020,178,33.666666
BOSTON,2020,177,33.666666
BOSTON,2020,176,33.666666
BOSTON,2020,175,33.666666
BOSTON,2020,174,33.666666
BOSTON,2020,173,
BOSTON,2020,172,
BOSTON,2020,171,33.666666
BOSTON,2020,170,33.666666
BOSTON,2020,169,33.666666
BOSTON,2020,168,34.000000
BOSTON,2020,167,34.000000
BOSTON,2020,166,
BOSTON,2020,165,
BOSTON,2020,164,34.000000
BOSTON,2020,163,34.000000
BOSTON,2020,162,34.000000
BOSTON,2020,161,34.000000
BOSTON,2020,160,34.000000
BOSTON,2020,159,
BOSTON,2020,158,
BOSTON,2020,157,34.000000
BOSTON,2020,156,34.000000
BOSTON,2020,155,34.000000
BOSTON,2020,154,34.000000
BOSTON,2020,153,34.000000
BOSTON,2020,152,
BOSTON,2020,151,
BOSTON,2020,150,34.000000
BOSTON,2020,149,36.000000
BOSTON,2020,148,36.000000
BOSTON,2020,147,36.000000
BOSTON,2020,146,
BOSTON,2020,145,
BOSTON,2020,144,
BOSTON,2020,143,36.000000
BOSTON,2020,142,36.000000
BOSTON,2020,141,36.000000
BOSTON,2020,140,36.000000
BOSTON,2020,139,36.000000
BOSTON,2020,138,
BOSTON,2020,137,
BOSTON,2020,136,36.000000
BOSTON,2020,135,36.000000
BOSTON,2020,134,36.000000
BOSTON,2020,133,36.000000
BOSTON,2020,132,36.000000
BOSTON,2020,131,
BOSTON,2020,130,
BOSTON,2020,129,36.000000
BOSTON,2020,128,25.000000
BOSTON,2020,127,25.000000
BOSTON,2020,126,25.000000
BOSTON,2020,125,25.000000
BOSTON,2020,124,
BOSTON,2020,123,
BOSTON,2020,122,25.000000
BOSTON,2020,121,25.000000
BOSTON,2020,120,25.000000
BOSTON,2020,119,25.000000
BOSTON,2020,118,25.000000
BOSTON,2020,117,
BOSTON,2020,116,
BOSTON,2020,115,40.000000
BOSTON,2020,114,40.000000
BOSTON,2020,113,40.000000
BOSTON,2020,112,40.000000
BOSTON,2020,111,40.000000
BOSTON,2020,110,
BOSTON,2020,109,
BOSTON,2020,108,40.500000
BOSTON,2020,107,40.500000
BOSTON,2020,106,40.500000
BOSTON,2020,105,40.500000
BOSTON,2020,104,40.500000
BOSTON,2020,103,
BOSTON,2020,102,
BOSTON,2020,101,40.500000
BOSTON,2020,100,40.500000
BOSTON,2020,99,40.500000
BOSTON,2020,98,40.500000
BOSTON,2020,97,40.500000
BOSTON,2020,96,
BOSTON,2020,95,
BOSTON,2020,94,40.500000
BOSTON,2020,93,40.500000
BOSTON,2020,92,40.500000
BOSTON,2020,91,40.500000
BOSTON,2020,90,40.500000
BOSTON,2020,89,
BOSTON,2020,88,
BOSTON,2020,87,40.500000
BOSTON,2020,86,40.500000
BOSTON,2020,85,40.500000
BOSTON,2020,84,40.500000
BOSTON,2020,83,40.500000
BOSTON,2020,82,
BOSTON,2020,81,
BOSTON,2020,80,40.500000
BOSTON,2020,79,41.000000
BOSTON,2020,78,41.000000
BOSTON,2020,77,41.000000
BOSTON,2020,76,41.000000
BOSTON,2020,75,
BOSTON,2020,74,
BOSTON,2020,73,37.000000
BOSTON,2020,72,37.000000
BOSTON,2020,71,37.000000
BOSTON,2020,70,37.000000
BOSTON,2020,69,37.000000
BOSTON,2020,68,
BOSTON,2020,67,
BOSTON,2020,66,44.000000
BOSTON,2020,65,44.000000
BOSTON,2020,64,44.000000
BOSTON,2020,63,44.000000
BOSTON,2020,62,44.000000
BOSTON,2020,61,
BOSTON,2020,60,
BOSTON,2020,59,48.000000
BOSTON,2020,58,48.000000
BOSTON,2020,57,48.000000
BOSTON,2020,56,48.000000
BOSTON,2020,55,48.000000
BOSTON,2020,54,
BOSTON,2020,53,
BOSTON,2020,52,48.000000
BOSTON,2020,51,48.000000
BOSTON,2020,50,48.000000
BOSTON,2020,49,48.000000
BOSTON,2020,48,
BOSTON,2020,47,
BOSTON,2020,46,
BOSTON,2020,45,48.000000
BOSTON,2020,44,48.000000
BOSTON,2020,43,48.000000
BOSTON,2020,42,48.000000
BOSTON,2020,41,48.000000
BOSTON,2020,40,
BOSTON,2020,39,
BOSTON,2020,38,48.000000
BOSTON,2020,37,48.000000
BOSTON,2020,36,48.000000
BOSTON,2020,35,48.000000
BOSTON,2020,34,48.000000
BOSTON,2020,33,
BOSTON,2020,32,
BOSTON,2020,31,36.000000
BOSTON,2020,30,36.000000
BOSTON,2020,29,36.000000
BOSTON,2020,28,36.000000
BOSTON,2020,27,36.000000
BOSTON,2020,26,
BOSTON,2020,25,
BOSTON,2020,24,36.000000
BOSTON,2020,23,36.000000
BOSTON,2020,22,36.000000
BOSTON,2020,21,36.000000
BOSTON,2020,20,
BOSTON,2020,19,
BOSTON,2020,18,
BOSTON,2020,17,38.000000
BOSTON,2020,16,38.000000
BOSTON,2020,15,38.000000
BOSTON,2020,14,38.000000
BOSTON,2020,13,38.000000
BOSTON,2020,12,
BOSTON,2020,11,
BOSTON,2020,10,38.000000
BOSTON,2020,9,38.000000
BOSTON,2020,8,38.000000
BOSTON,2020,7,38.000000
BOSTON,2020,6,38.000000
BOSTON,2020,5,
BOSTON,2020,4,
BOSTON,2020,3,38.000000
BOSTON,2020,2,38.000000
CHICAGO,2020,366,34.500000
CHICAGO,2020,365,34.000000
CHICAGO,2020,364,34.000000
CHICAGO,2020,363,34.000000
CHICAGO,2020,362,
CHICAGO,2020,361,
CHICAGO,2020,360,
CHICAGO,2020,359,
CHICAGO,2020,358,34.000000
CHICAGO,2020,357,33.000000
CHICAGO,2020,356,33.000000
CHICAGO,2020,355,
CHICAGO,2020,354,
CHICAGO,2020,353,33.000000
CHICAGO,2020,352,33.000000
CHICAGO,2020,351,33.000000
CHICAGO,2020,350,33.000000
CHICAGO,2020,349,26.250000
CHICAGO,2020,348,
CHICAGO,2020,347,
CHICAGO,2020,346,26.250000
CHICAGO,2020,345,26.250000
CHICAGO,2020,344,26.250000
CHICAGO,2020,343,26.250000
CHICAGO,2020,342,30.250000
CHICAGO,2020,341,
CHICAGO,2020,340,
CHICAGO,2020,339,30.250000
CHICAGO,2020,338,30.250000
CHICAGO,2020,337,30.250000
CHICAGO,2020,336,30.250000
CHICAGO,2020,335,30.250000
CHICAGO,2020,334,
CHICAGO,2020,333,
CHICAGO,2020,332,30.250000
CHICAGO,2020,331,
CHICAGO,2020,330,30.250000
CHICAGO,2020,329,30.250000
CHICAGO,2020,328,25.250000
CHICAGO,2020,327,
CHICAGO,2020,326,
CHICAGO,2020,325,25.250000
CHICAGO,2020,324,25.250000
CHICAGO,2020,323,27.000000
CHICAGO,2020,322,27.000000
CHICAGO,2020,321,27.000000
CHICAGO,2020,320,
CHICAGO,2020,319,
CHICAGO,2020,318,27.000000
CHICAGO,2020,317,27.000000
CHICAGO,2020,316,
CHICAGO,2020,315,27.000000
CHICAGO,2020,314,27.000000
CHICAGO,2020,313,
CHICAGO,2020,312,
CHICAGO,2020,311,27.000000
CHICAGO,2020,310,24.750000
CHICAGO,2020,309,24.750000
CHICAGO,2020,308,24.750000
CHICAGO,2020,307,24.750000
CHICAGO,2020,306,
CHICAGO,2020,305,
CHICAGO,2020,304,26.500000
CHICAGO,2020,303,24.000000
CHICAGO,2020,302,24.000000
CHICAGO,2020,301,24.000000
CHICAGO,2020,300,24.000000
CHICAGO,2020,299,
CHICAGO,2020,298,
CHICAGO,2020,297,24.000000
CHICAGO,2020,296,24.000000
CHICAGO,2020,295,28.000000
CHICAGO,2020,294,28.000000
CHICAGO,2020,293,28.000000
CHICAGO,2020,292,
CHICAGO,2020,291,
CHICAGO,2020,290,28.000000
CHICAGO,2020,289,28.000000
CHICAGO,2020,288,28.000000
CHICAGO,2020,287,28.000000
CHICAGO,2020,286,
CHICAGO,2020,285,
CHICAGO,2020,284,
CHICAGO,2020,283,28.000000
CHICAGO,2020,282,28.000000
CHICAGO,2020,281,28.000000
CHICAGO,2020,280,30.000000
CHICAGO,2020,279,30.000000
CHICAGO,2020,278,
CHICAGO,2020,277,
CHICAGO,2020,276,30.000000
CHICAGO,2020,275,30.000000
CHICAGO,2020,274,30.000000
CHICAGO,2020,273,30.000000
CHICAGO,2020,272,30.000000
CHICAGO,2020,271,
CHICAGO,2020,270,
CHICAGO,2020,269,30.625000
CHICAGO,2020,268,25.125000
CHICAGO,2020,267,25.125000
CHICAGO,2020,266,25.125000
CHICAGO,2020,265,25.125000
CHICAGO,2020,264,
CHICAGO,2020,263,
CHICAGO,2020,262,25.125000
CHICAGO,2020,261,25.125000
CHICAGO,2020,260,25.125000
CHICAGO,2020,259,24.083333
CHICAGO,2020,258,24.083333
CHICAGO,2020,257,
CHICAGO,2020,256,
CHICAGO,2020,255,24.083333
CHICAGO,2020,254,24.083333
CHICAGO,2020,253,24.083333
CHICAGO,2020,252,24.083333
CHICAGO,2020,251,
CHICAGO,2020,250,
CHICAGO,2020,249,
CHICAGO,2020,248,24.083333
CHICAGO,2020,247,24.083333
CHICAGO,2020,246,24.083333
CHICAGO,2020,245,24.083333
CHICAGO,2020,244,24.083333
CHICAGO,2020,243,
CHICAGO,2020,242,
CHICAGO,2020,241,23.750000
CHICAGO,2020,240,23.750000
CHICAGO,2020,239,23.750000
CHICAGO,2020,238,23.750000
CHICAGO,2020,237,25.625000
CHICAGO,2020,236,
CHICAGO,2020,235,
CHICAGO,2020,234,25.250000
CHICAGO,2020,233,25.250000
CHICAGO,2020,232,25.250000
CHICAGO,2020,231,25.250000
CHICAGO,2020,230,25.250000
CHICAGO,2020,229,
CHICAGO,2020,228,
CHICAGO,2020,227,25.250000
CHICAGO,2020,226,25.250000
CHICAGO,2020,225,25.250000
CHICAGO,2020,224,25.250000
CHICAGO,2020,223,25.250000
CHICAGO,2020,222,
CHICAGO,2020,221,
CHICAGO,2020,220,25.250000
CHICAGO,2020,219,25.250000
CHICAGO,2020,218,25.250000
CHICAGO,2020,217,25.250000
CHICAGO,2020,216,25.250000
CHICAGO,2020,215,
CHICAGO,2020,214,
CHICAGO,2020,213,29.500000
CHICAGO,2020,212,31.000000
CHICAGO,2020,211,31.000000
CHICAGO,2020,210,30.000000
CHICAGO,2020,209,30.000000
CHICAGO,2020,208,
CHICAGO,2020,207,
CHICAGO,2020,206,30.500000
CHICAGO,2020,205,30.500000
CHICAGO,2020,204,30.500000
CHICAGO,2020,203,24.500000
CHICAGO,2020,202,24.500000
CHICAGO,2020,201,
CHICAGO,2020,200,
CHICAGO,2020,199,24.500000
CHICAGO,2020,198,24.500000
CHICAGO,2020,197,24.500000
CHICAGO,2020,196,24.500000
CHICAGO,2020,195,24.500000
CHICAGO,2020,194,
CHICAGO,2020,193,
CHICAGO,2020,192,24.500000
CHICAGO,2020,191,24.500000
CHICAGO,2020,190,24.500000
CHICAGO,2020,189,24.500000
CHICAGO,2020,188,24.500000
CHICAGO,2020,187,
CHICAGO,2020,186,
CHICAGO,2020,185,
CHICAGO,2020,184,24.500000
CHICAGO,2020,183,24.500000
CHICAGO,2020,182,24.500000
CHICAGO,2020,181,24.500000
CHICAGO,2020,180,
CHICAGO,2020,179,
CHICAGO,2020,178,24.500000
CHICAGO,2020,177,24.500000
CHICAGO,2020,176,24.500000
CHICAGO,2020,175,24.500000
CHICAGO,2020,174,24.500000
CHICAGO,2020,173,
CHICAGO,2020,172,
CHICAGO,2020,171,24.500000
CHICAGO,2020,170,24.500000
CHICAGO,2020,169,24.500000
CHICAGO,2020,168,24.500000
CHICAGO,2020,167,24.000000
CHICAGO,2020,166,
CHICAGO,2020,165,
CHICAGO,2020,164,24.000000
CHICAGO,2020,163,24.000000
CHICAGO,2020,162,24.000000
CHICAGO,2020,161,30.000000
CHICAGO,2020,160,30.000000
CHICAGO,2020,159,
CHICAGO,2020,158,
CHICAGO,2020,157,30.000000
CHICAGO,2020,156,30.000000
CHICAGO,2020,155,30.000000
CHICAGO,2020,154,30.000000
CHICAGO,2020,153,30.000000
CHICAGO,2020,152,
CHICAGO,2020,151,
CHICAGO,2020,150,30.000000
CHICAGO,2020,149,30.000000
CHICAGO,2020,148,30.000000
CHICAGO,2020,147,30.000000
CHICAGO,2020,146,
CHICAGO,2020,145,
CHICAGO,2020,144,
CHICAGO,2020,143,28.000000
CHICAGO,2020,142,28.000000
CHICAGO,2020,141,28.000000
CHICAGO,2020,140,28.000000
CHICAGO,2020,139,28.000000
CHICAGO,2020,138,
CHICAGO,2020,137,
CHICAGO,2020,136,28.000000
CHICAGO,2020,135,28.000000
CHICAGO,2020,134,28.000000
CHICAGO,2020,133,28.000000
CHICAGO,2020,132,28.000000
CHICAGO,2020,131,
CHICAGO,2020,130,
CHICAGO,2020,129,28.000000
CHICAGO,2020,128,28.000000
CHICAGO,2020,127,28.000000
CHICAGO,2020,126,28.000000
CHICAGO,2020,125,28.000000
CHICAGO,2020,124,
CHICAGO,2020,123,
CHICAGO,2020,122,28.000000
CHICAGO,2020,121,28.000000
CHICAGO,2020,120,74.000000
CHICAGO,2020,119,74.000000
CHICAGO,2020,118,74.000000
CHICAGO,2020,117,
CHICAGO,2020,116,
CHICAGO,2020,115,74.000000
CHICAGO,2020,114,74.000000
CHICAGO,2020,113,74.000000
CHICAGO,2020,112,74.000000
CHICAGO,2020,111,74.000000
CHICAGO,2020,110,
CHICAGO,2020,109,
CHICAGO,2020,108,74.000000
CHICAGO,2020,107,74.000000
CHICAGO,2020,106,74.000000
CHICAGO,2020,105,74.000000
CHICAGO,2020,104,68.250000
CHICAGO,2020,103,
CHICAGO,2020,102,
CHICAGO,2020,101,68.250000
CHICAGO,2020,100,68.250000
CHICAGO,2020,99,68.250000
CHICAGO,2020,98,68.250000
CHICAGO,2020,97,68.250000
CHICAGO,2020,96,
CHICAGO,2020,95,
CHICAGO,2020,94,68.250000
CHICAGO,2020,93,68.250000
CHICAGO,2020,92,68.250000
CHICAGO,2020,91,68.250000
CHICAGO,2020,90,68.250000
CHICAGO,2020,89,
CHICAGO,2020,88,
CHICAGO,2020,87,68.250000
CHICAGO,2020,86,68.250000
CHICAGO,2020,85,68.250000
CHICAGO,2020,84,68.250000
CHICAGO,2020,83,68.250000
CHICAGO,2020,82,
CHICAGO,2020,81,
CHICAGO,2020,80,68.250000
CHICAGO,2020,79,68.250000
CHICAGO,2020,78,68.250000
CHICAGO,2020,77,68.250000
CHICAGO,2020,76,68.250000
CHICAGO,2020,75,
CHICAGO,2020,74,
CHICAGO,2020,73,68.250000
CHICAGO,2020,72,68.250000
CHICAGO,2020,71,68.250000
CHICAGO,2020,70,68.250000
CHICAGO,2020,69,68.250000
CHICAGO,2020,68,
CHICAGO,2020,67,
CHICAGO,2020,66,68.250000
CHICAGO,2020,65,68.250000
CHICAGO,2020,64,68.250000
CHICAGO,2020,63,68.250000
CHICAGO,2020,62,68.250000
CHICAGO,2020,61,
CHICAGO,2020,60,
CHICAGO,2020,59,68.250000
CHICAGO,2020,58,68.250000
CHICAGO,2020,57,83.250000
CHICAGO,2020,56,83.250000
CHICAGO,2020,55,83.250000
CHICAGO,2020,54,
CHICAGO,2020,53,
CHICAGO,2020,52,83.250000
CHICAGO,2020,51,84.500000
CHICAGO,2020,50,84.500000
CHICAGO,2020,49,84.500000
CHICAGO,2020,48,
CHICAGO,2020,47,
CHICAGO,2020,46,
CHICAGO,2020,45,84.500000
CHICAGO,2020,44,84.500000
CHICAGO,2020,43,
CHICAGO,2020,42,
CHICAGO,2020,41,
CHICAGO,2020,40,
CHICAGO,2020,39,
CHICAGO,2020,38,
CHICAGO,2020,37,
CHICAGO,2020,36,
CHICAGO,2020,35,
CHICAGO,2020,34,
CHICAGO,2020,33,
CHICAGO,2020,32,
CHICAGO,2020,31,
CHICAGO,2020,30,
CHICAGO,2020,29,
CHICAGO,2020,28,
CHICAGO,2020,27,
CHICAGO,2020,26,
CHICAGO,2020,25,
CHICAGO,2020,24,
CHICAGO,2020,23,
CHICAGO,2020,22,
CHICAGO,2020,21,
CHICAGO,2020,20,
CHICAGO,2020,19,
CHICAGO,2020,18,
CHICAGO,2020,17,
CHICAGO,2020,16,
CHICAGO,2020,15,
CHICAGO,2020,14,
CHICAGO,2020,13,
CHICAGO,2020,12,
CHICAGO,2020,11,
CHICAGO,2020,10,
CHICAGO,2020,9,
CHICAGO,2020,8,
CHICAGO,2020,7,
CHICAGO,2020,6,
CHICAGO,2020,5,
CHICAGO,2020,4,
CHICAGO,2020,3,
CHICAGO,2020,2,
LOS ANGELES,2020,366,
LOS ANGELES,2020,365,
LOS ANGELES,2020,364,
LOS ANGELES,2020,363,
LOS ANGELES,2020,362,
LOS ANGELES,2020,361,
LOS ANGELES,2020,360,
LOS ANGELES,2020,359,
LOS ANGELES,2020,358,
LOS ANGELES,2020,357,
LOS ANGELES,2020,356,
LOS ANGELES,2020,355,
LOS ANGELES,2020,354,
LOS ANGELES,2020,353,
LOS ANGELES,2020,352,
LOS ANGELES,2020,351,
LOS ANGELES,2020,350,
LOS ANGELES,2020,349,
LOS ANGELES,2020,348,
LOS ANGELES,2020,347,
LOS ANGELES,2020,346,
LOS ANGELES,2020,345,
LOS ANGELES,2020,344,
LOS ANGELES,2020,343,
LOS ANGELES,2020,342,
LOS ANGELES,2020,341,
LOS ANGELES,2020,340,
LOS ANGELES,2020,339,
LOS ANGELES,2020,338,
LOS ANGELES,2020,337,57.500000
LOS ANGELES,2020,336,57.500000
LOS ANGELES,2020,335,57.500000
LOS ANGELES,2020,334,
LOS ANGELES,2020,333,
LOS ANGELES,2020,332,57.500000
LOS ANGELES,2020,331,
LOS ANGELES,2020,330,57.500000
LOS ANGELES,2020,329,57.500000
LOS ANGELES,2020,328,57.500000
LOS ANGELES,2020,327,
LOS ANGELES,2020,326,
LOS ANGELES,2020,325,57.500000
LOS ANGELES,2020,324,57.500000
LOS ANGELES,2020,323,57.500000
LOS ANGELES,2020,322,57.500000
LOS ANGELES,2020,321,57.500000
LOS ANGELES,2020,320,
LOS ANGELES,2020,319,
LOS ANGELES,2020,318,57.500000
LOS ANGELES,2020,317,57.500000
LOS ANGELES,2020,316,
LOS ANGELES,2020,315,57.500000
LOS ANGELES,2020,314,57.500000
LOS ANGELES,2020,313,
LOS ANGELES,2020,312,
LOS ANGELES,2020,311,57.500000
LOS ANGELES,2020,310,57.500000
LOS ANGELES,2020,309,57.500000
LOS ANGELES,2020,308,47.500000
LOS ANGELES,2020,307,47.500000
LOS ANGELES,2020,306,
LOS ANGELES,2020,305,
LOS ANGELES,2020,304,47.500000
LOS ANGELES,2020,303,47.500000
LOS ANGELES,2020,302,47.500000
LOS ANGELES,2020,301,47.500000
LOS ANGELES,2020,300,47.500000
LOS ANGELES,2020,299,
LOS ANGELES,2020,298,
LOS ANGELES,2020,297,47.500000
LOS ANGELES,2020,296,47.500000
LOS ANGELES,2020,295,47.500000
LOS ANGELES,2020,294,47.500000
LOS ANGELES,2020,293,47.500000
LOS ANGELES,2020,292,
LOS ANGELES,2020,291,
LOS ANGELES,2020,290,47.500000
LOS ANGELES,2020,289,47.500000
LOS ANGELES,2020,288,47.500000
LOS ANGELES,2020,287,46.250000
LOS ANGELES,2020,286,
LOS ANGELES,2020,285,
LOS ANGELES,2020,284,
LOS ANGELES,2020,283,35.250000
LOS ANGELES,2020,282,35.250000
LOS ANGELES,2020,281,35.250000
LOS ANGELES,2020,280,35.500000
LOS ANGELES,2020,279,35.500000
LOS ANGELES,2020,278,
LOS ANGELES,2020,277,
LOS ANGELES,2020,276,35.500000
LOS ANGELES,2020,275,34.500000
LOS ANGELES,2020,274,34.500000
LOS ANGELES,2020,273,34.500000
LOS ANGELES,2020,272,34.500000
LOS ANGELES,2020,271,
LOS ANGELES,2020,270,
LOS ANGELES,2020,269,34.500000
LOS ANGELES,2020,268,34.500000
LOS ANGELES,2020,267,34.500000
LOS ANGELES,2020,266,34.500000
LOS ANGELES,2020,265,34.500000
LOS ANGELES,2020,264,
LOS ANGELES,2020,263,
LOS ANGELES,2020,262,34.500000
LOS ANGELES,2020,261,34.500000
LOS ANGELES,2020,260,34.500000
LOS ANGELES,2020,259,34.500000
LOS ANGELES,2020,258,34.500000
LOS ANGELES,2020,257,
LOS ANGELES,2020,256,
LOS ANGELES,2020,255,34.500000
LOS ANGELES,2020,254,33.000000
LOS ANGELES,2020,253,33.000000
LOS ANGELES,2020,252,33.000000
LOS ANGELES,2020,251,
LOS ANGELES,2020,250,
LOS ANGELES,2020,249,
LOS ANGELES,2020,248,33.000000
LOS ANGELES,2020,247,19.500000
LOS ANGELES,2020,246,19.500000
LOS ANGELES,2020,245,19.500000
LOS ANGELES,2020,244,19.500000
LOS ANGELES,2020,243,
LOS ANGELES,2020,242,
LOS ANGELES,2020,241,19.500000
LOS ANGELES,2020,240,19.500000
LOS ANGELES,2020,239,19.500000
LOS ANGELES,2020,238,19.500000
LOS ANGELES,2020,237,19.500000
LOS ANGELES,2020,236,
LOS ANGELES,2020,235,
LOS ANGELES,2020,234,19.500000
LOS ANGELES,2020,233,19.500000
LOS ANGELES,2020,232,19.500000
LOS ANGELES,2020,231,19.500000
LOS ANGELES,2020,230,19.500000
LOS ANGELES,2020,229,
LOS ANGELES,2020,228,
LOS ANGELES,2020,227,19.500000
LOS ANGELES,2020,226,19.500000
LOS ANGELES,2020,225,3.000000
LOS ANGELES,2020,224,3.000000
LOS ANGELES,2020,223,3.000000
LOS ANGELES,2020,222,
LOS ANGELES,2020,221,
LOS ANGELES,2020,220,3.000000
LOS ANGELES,2020,219,3.000000
LOS ANGELES,2020,218,3.000000
LOS ANGELES,2020,217,3.000000
LOS ANGELES,2020,216,10.575000
LOS ANGELES,2020,215,
LOS ANGELES,2020,214,
LOS ANGELES,2020,213,10.575000
LOS ANGELES,2020,212,10.575000
LOS ANGELES,2020,211,10.575000
LOS ANGELES,2020,210,10.575000
LOS ANGELES,2020,209,10.575000
LOS ANGELES,2020,208,
LOS ANGELES,2020,207,
LOS ANGELES,2020,206,10.575000
LOS ANGELES,2020,205,10.575000
LOS ANGELES,2020,204,10.575000
LOS ANGELES,2020,203,10.575000
LOS ANGELES,2020,202,10.575000
LOS ANGELES,2020,201,
LOS ANGELES,2020,200,
LOS ANGELES,2020,199,1.150000
LOS ANGELES,2020,198,1.150000
LOS ANGELES,2020,197,1.150000
LOS ANGELES,2020,196,1.150000
LOS ANGELES,2020,195,1.150000
LOS ANGELES,2020,194,
LOS ANGELES,2020,193,
LOS ANGELES,2020,192,1.150000
LOS ANGELES,2020,191,1.150000
LOS ANGELES,2020,190,1.150000
LOS ANGELES,2020,189,1.150000
LOS ANGELES,2020,188,
LOS ANGELES,2020,187,
LOS ANGELES,2020,186,
LOS ANGELES,2020,185,
LOS ANGELES,2020,184,1.150000
LOS ANGELES,2020,183,1.150000
LOS ANGELES,2020,182,1.150000
LOS ANGELES,2020,181,1.150000
LOS ANGELES,2020,180,
LOS ANGELES,2020,179,
LOS ANGELES,2020,178,1.150000
LOS ANGELES,2020,177,1.150000
LOS ANGELES,2020,176,1.150000
LOS ANGELES,2020,175,1.150000
LOS ANGELES,2020,174,1.150000
LOS ANGELES,2020,173,
LOS ANGELES,2020,172,
LOS ANGELES,2020,171,1.150000
LOS ANGELES,2020,170,1.150000
LOS ANGELES,2020,169,1.150000
LOS ANGELES,2020,168,1.150000
LOS ANGELES,2020,167,1.150000
LOS ANGELES,2020,166,
LOS ANGELES,2020,165,
LOS ANGELES,2020,164,1.150000
LOS ANGELES,2020,163,1.150000
LOS ANGELES,2020,162,1.150000
LOS ANGELES,2020,161,1.150000
LOS ANGELES,2020,160,1.150000
LOS ANGELES,2020,159,
LOS ANGELES,2020,158,
LOS ANGELES,2020,157,1.150000
LOS ANGELES,2020,156,1.150000
LOS ANGELES,2020,155,2.400000
LOS ANGELES,2020,154,2.400000
LOS ANGELES,2020,153,2.400000
LOS ANGELES,2020,152,
LOS ANGELES,2020,151,
LOS ANGELES,2020,150,2.400000
LOS ANGELES,2020,149,2.400000
LOS ANGELES,2020,148,2.400000
LOS ANGELES,2020,147,2.400000
LOS ANGELES,2020,146,
LOS ANGELES,2020,145,
LOS ANGELES,2020,144,
LOS ANGELES,2020,143,2.400000
LOS ANGELES,2020,142,2.400000
LOS ANGELES,2020,141,2.400000
LOS ANGELES,2020,140,2.400000
LOS ANGELES,2020,139,2.400000
LOS ANGELES,2020,138,
LOS ANGELES,2020,137,
LOS ANGELES,2020,136,2.000000
LOS ANGELES,2020,135,2.000000
LOS ANGELES,2020,134,2.000000
LOS ANGELES,2020,133,2.000000
LOS ANGELES,2020,132,2.000000
LOS ANGELES,2020,131,
LOS ANGELES,2020,130,
LOS ANGELES,2020,129,2.000000
LOS ANGELES,2020,128,2.000000
LOS ANGELES,2020,127,2.000000
LOS ANGELES,2020,126,2.000000
LOS ANGELES,2020,125,2.000000
LOS ANGELES,2020,124,
LOS ANGELES,2020,123,
LOS ANGELES,2020,122,2.000000
LOS ANGELES,2020,121,2.000000
LOS ANGELES,2020,120,2.000000
LOS ANGELES,2020,119,2.000000
LOS ANGELES,2020,118,2.000000
LOS ANGELES,2020,117,
LOS ANGELES,2020,116,
LOS ANGELES,2020,115,2.000000
LOS ANGELES,2020,114,2.000000
LOS ANGELES,2020,113,2.000000
LOS ANGELES,2020,112,2.000000
LOS ANGELES,2020,111,2.000000
LOS ANGELES,2020,110,
LOS ANGELES,2020,109,
LOS ANGELES,2020,108,2.000000
LOS ANGELES,2020,107,2.000000
LOS ANGELES,2020,106,2.000000
LOS ANGELES,2020,105,2.000000
LOS ANGELES,2020,104,2.000000
LOS ANGELES,2020,103,
LOS ANGELES,2020,102,
LOS ANGELES,2020,101,2.000000
LOS ANGELES,2020,100,2.000000
LOS ANGELES,2020,99,2.000000
LOS ANGELES,2020,98,2.000000
LOS ANGELES,2020,97,2.000000
LOS ANGELES,2020,96,
LOS ANGELES,2020,95,
LOS ANGELES,2020,94,2.000000
LOS ANGELES,2020,93,2.000000
LOS ANGELES,2020,92,2.000000
LOS ANGELES,2020,91,2.000000
LOS ANGELES,2020,90,2.000000
LOS ANGELES,2020,89,
LOS ANGELES,2020,88,
LOS ANGELES,2020,87,2.000000
LOS ANGELES,2020,86,2.000000
LOS ANGELES,2020,85,2.000000
LOS ANGELES,2020,84,2.000000
LOS ANGELES,2020,83,2.000000
LOS ANGELES,2020,82,
LOS ANGELES,2020,81,
LOS ANGELES,2020,80,2.000000
LOS ANGELES,2020,79,2.000000
LOS ANGELES,2020,78,2.000000
LOS ANGELES,2020,77,2.000000
LOS ANGELES,2020,76,2.000000
LOS ANGELES,2020,75,
LOS ANGELES,2020,74,
LOS ANGELES,2020,73,2.000000
LOS ANGELES,2020,72,2.000000
LOS ANGELES,2020,71,2.000000
LOS ANGELES,2020,70,2.000000
LOS ANGELES,2020,69,2.000000
LOS ANGELES,2020,68,
LOS ANGELES,2020,67,
LOS ANGELES,2020,66,2.000000
LOS ANGELES,2020,65,2.000000
LOS ANGELES,2020,64,2.000000
LOS ANGELES,2020,63,2.000000
LOS ANGELES,2020,62,2.000000
LOS ANGELES,2020,61,
LOS ANGELES,2020,60,
LOS ANGELES,2020,59,2.000000
LOS ANGELES,2020,58,2.000000
LOS ANGELES,2020,57,2.000000
LOS ANGELES,2020,56,2.150000
LOS ANGELES,2020,55,2.000000
LOS ANGELES,2020,54,
LOS ANGELES,2020,53,
LOS ANGELES,2020,52,2.000000
LOS ANGELES,2020,51,2.000000
LOS ANGELES,2020,50,2.000000
LOS ANGELES,2020,49,2.000000
LOS ANGELES,2020,48,
LOS ANGELES,2020,47,
LOS ANGELES,2020,46,
LOS ANGELES,2020,45,1.250000
LOS ANGELES,2020,44,1.250000
LOS ANGELES,2020,43,1.250000
LOS ANGELES,2020,42,1.250000
LOS ANGELES,2020,41,1.250000
LOS ANGELES,2020,40,
LOS ANGELES,2020,39,
LOS ANGELES,2020,38,3.750000
LOS ANGELES,2020,37,3.750000
LOS ANGELES,2020,36,3.750000
LOS ANGELES,2020,35,3.750000
LOS ANGELES,2020,34,3.750000
LOS ANGELES,2020,33,
LOS ANGELES,2020,32,
LOS ANGELES,2020,31,3.750000
LOS ANGELES,2020,30,3.750000
LOS ANGELES,2020,29,3.250000
LOS ANGELES,2020,28,3.250000
LOS ANGELES,2020,27,3.250000
LOS ANGELES,2020,26,
LOS ANGELES,2020,25,
LOS ANGELES,2020,24,2.250000
LOS ANGELES,2020,23,2.250000
LOS ANGELES,2020,22,2.250000
LOS ANGELES,2020,21,2.250000
LOS ANGELES,2020,20,
LOS ANGELES,2020,19,
LOS ANGELES,2020,18,
LOS ANGELES,2020,17,2.250000
LOS ANGELES,2020,16,2.250000
LOS ANGELES,2020,15,2.250000
LOS ANGELES,2020,14,2.250000
LOS ANGELES,2020,13,2.250000
LOS ANGELES,2020,12,
LOS ANGELES,2020,11,
LOS ANGELES,2020,10,2.250000
LOS ANGELES,2020,9,2.250000
LOS ANGELES,2020,8,2.250000
LOS ANGELES,2020,7,2.250000
LOS ANGELES,2020,6,1.750000
LOS ANGELES,2020,5,
LOS ANGELES,2020,4,
LOS ANGELES,2020,3,1.750000
LOS ANGELES,2020,2,1.750000
NEW YORK,2020,366,
NEW YORK,2020,365,
NEW YORK,2020,364,
NEW YORK,2020,363,
NEW YORK,2020,362,
NEW YORK,2020,361,
NEW YORK,2020,360,
NEW YORK,2020,359,
NEW YORK,2020,358,
NEW YORK,2020,357,
NEW YORK,2020,356,
NEW YORK,2020,355,
NEW YORK,2020,354,
NEW YORK,2020,353,
NEW YORK,2020,352,
NEW YORK,2020,351,
NEW YORK,2020,350,
NEW YORK,2020,349,
NEW YORK,2020,348,
NEW YORK,2020,347,
NEW YORK,2020,346,
NEW YORK,2020,345,
NEW YORK,2020,344,
NEW YORK,2020,343,
NEW YORK,2020,342,
NEW YORK,2020,341,
NEW YORK,2020,340,
NEW YORK,2020,339,
NEW YORK,2020,338,
NEW YORK,2020,337,
NEW YORK,2020,336,
NEW YORK,2020,335,
NEW YORK,2020,334,
NEW YORK,2020,333,
NEW YORK,2020,332,
NEW YORK,2020,331,
NEW YORK,2020,330,
NEW YORK,2020,329,
NEW YORK,2020,328,
NEW YORK,2020,327,
NEW YORK,2020,326,
NEW YORK,2020,325,
NEW YORK,2020,324,
NEW YORK,2020,323,
NEW YORK,2020,322,
NEW YORK,2020,321,
NEW YORK,2020,320,
NEW YORK,2020,319,
NEW YORK,2020,318,
NEW YORK,2020,317,
NEW YORK,2020,316,
NEW YORK,2020,315,
NEW YORK,2020,314,
NEW YORK,2020,313,
NEW YORK,2020,312,
NEW YORK,2020,311,
NEW YORK,2020,310,
NEW YORK,2020,309,
NEW YORK,2020,308,
NEW YORK,2020,307,
NEW YORK,2020,306,
NEW YORK,2020,305,
NEW YORK,2020,304,
NEW YORK,2020,303,
NEW YORK,2020,302,
NEW YORK,2020,301,
NEW YORK,2020,300,
NEW YORK,2020,299,
NEW YORK,2020,298,
NEW YORK,2020,297,
NEW YORK,2020,296,
NEW YORK,2020,295,
NEW YORK,2020,294,
NEW YORK,2020,293,
NEW YORK,2020,292,
NEW YORK,2020,291,
NEW YORK,2020,290,
NEW YORK,2020,289,
NEW YORK,2020,288,
NEW YORK,2020,287,
NEW YORK,2020,286,
NEW YORK,2020,285,
NEW YORK,2020,284,
NEW YORK,2020,283,
NEW YORK,2020,282,
NEW YORK,2020,281,
NEW YORK,2020,280,
NEW YORK,2020,279,
NEW YORK,2020,278,
NEW YORK,2020,277,
NEW YORK,2020,276,
NEW YORK,2020,275,
NEW YORK,2020,274,
NEW YORK,2020,273,
NEW YORK,2020,272,
NEW YORK,2020,271,
NEW YORK,2020,270,
NEW YORK,2020,269,
NEW YORK,2020,268,
NEW YORK,2020,267,
NEW YORK,2020,266,
NEW YORK,2020,265,
NEW YORK,2020,264,
NEW YORK,2020,263,
NEW YORK,2020,262,
NEW YORK,2020,261,
NEW YORK,2020,260,
NEW YORK,2020,259,
NEW YORK,2020,258,
NEW YORK,2020,257,
NEW YORK,2020,256,
NEW YORK,2020,255,
NEW YORK,2020,254,
NEW YORK,2020,253,
NEW YORK,2020,252,
NEW YORK,2020,251,
NEW YORK,2020,250,
NEW YORK,2020,249,
NEW YORK,2020,248,
NEW YORK,2020,247,
NEW YORK,2020,246,
NEW YORK,2020,245,
NEW YORK,2020,244,
NEW YORK,2020,243,
NEW YORK,2020,242,
NEW YORK,2020,241,
NEW YORK,2020,240,
NEW YORK,2020,239,
NEW YORK,2020,238,
NEW YORK,2020,237,
NEW YORK,2020,236,
NEW YORK,2020,235,
NEW YORK,2020,234,
NEW YORK,2020,233,
NEW YORK,2020,232,
NEW YORK,2020,231,
NEW YORK,2020,230,
NEW YORK,2020,229,
NEW YORK,2020,228,
NEW YORK,2020,227,
NEW YORK,2020,226,
NEW YORK,2020,225,
NEW YORK,2020,224,
NEW YORK,2020,223,
NEW YORK,2020,222,
NEW YORK,2020,221,
NEW YORK,2020,220,
NEW YORK,2020,219,
NEW YORK,2020,218,
NEW YORK,2020,217,
NEW YORK,2020,216,
NEW YORK,2020,215,
NEW YORK,2020,214,
NEW YORK,2020,213,
NEW YORK,2020,212,
NEW YORK,2020,211,
NEW YORK,2020,210,
NEW YORK,2020,209,
NEW YORK,2020,208,
NEW YORK,2020,207,
NEW YORK,2020,206,
NEW YORK,2020,205,
NEW YORK,2020,204,
NEW YORK,2020,203,
NEW YORK,2020,202,
NEW YORK,2020,201,
NEW YORK,2020,200,
NEW YORK,2020,199,16.000000
NEW YORK,2020,198,16.000000
NEW YORK,2020,197,16.000000
NEW YORK,2020,196,16.000000
NEW YORK,2020,195,16.000000
NEW YORK,2020,194,
NEW YORK,2020,193,
NEW YORK,2020,192,16.000000
NEW YORK,2020,191,16.000000
NEW YORK,2020,190,16.000000
NEW YORK,2020,189,18.000000
NEW YORK,2020,188,18.000000
NEW YORK,2020,187,
NEW YORK,2020,186,
NEW YORK,2020,185,
NEW YORK,2020,184,
NEW YORK,2020,183,
NEW YORK,2020,182,
NEW YORK,2020,181,
NEW YORK,2020,180,
NEW YORK,2020,179,
NEW YORK,2020,178,
NEW YORK,2020,177,
NEW YORK,2020,176,
NEW YORK,2020,175,
NEW YORK,2020,174,
NEW YORK,2020,173,
NEW YORK,2020,172,
NEW YORK,2020,171,
NEW YORK,2020,170,
NEW YORK,2020,169,
NEW YORK,2020,168,
NEW YORK,2020,167,
NEW YORK,2020,166,
NEW YORK,2020,165,
NEW YORK,2020,164,
NEW YORK,2020,163,
NEW YORK,2020,162,
NEW YORK,2020,161,
NEW YORK,2020,160,
NEW YORK,2020,159,
NEW YORK,2020,158,
NEW YORK,2020,157,
NEW YORK,2020,156,
NEW YORK,2020,155,
NEW YORK,2020,154,
NEW YORK,2020,153,
NEW YORK,2020,152,
NEW YORK,2020,151,
NEW YORK,2020,150,
NEW YORK,2020,149,
NEW YORK,2020,148,
NEW YORK,2020,147,
NEW YORK,2020,146,
NEW YORK,2020,145,
NEW YORK,2020,144,
NEW YORK,2020,143,
NEW YORK,2020,142,
NEW YORK,2020,141,
NEW YORK,2020,140,
NEW YORK,2020,139,
NEW YORK,2020,138,
NEW YORK,2020,137,
NEW YORK,2020,136,
NEW YORK,2020,135,
NEW YORK,2020,134,
NEW YORK,2020,133,
NEW YORK,2020,132,
NEW YORK,2020,131,
NEW YORK,2020,130,
NEW YORK,2020,129,
NEW YORK,2020,128,
NEW YORK,2020,127,
NEW YORK,2020,126,
NEW YORK,2020,125,
NEW YORK,2020,124,
NEW YORK,2020,123,
NEW YORK,2020,122,
NEW YORK,2020,121,
NEW YORK,2020,120,
NEW YORK,2020,119,
NEW YORK,2020,118,
NEW YORK,2020,117,
NEW YORK,2020,116,
NEW YORK,2020,115,
NEW YORK,2020,114,
NEW YORK,2020,113,
NEW YORK,2020,112,
NEW YORK,2020,111,
NEW YORK,2020,110,
NEW YORK,2020,109,
NEW YORK,2020,108,
NEW YORK,2020,107,
NEW YORK,2020,106,
NEW YORK,2020,105,
NEW YORK,2020,104,
NEW YORK,2020,103,
NEW YORK,2020,102,
NEW YORK,2020,101,
NEW YORK,2020,100,
NEW YORK,2020,99,
NEW YORK,2020,98,
NEW YORK,2020,97,
NEW YORK,2020,96,
NEW YORK,2020,95,
NEW YORK,2020,94,
NEW YORK,2020,93,
NEW YORK,2020,92,
NEW YORK,2020,91,
NEW YORK,2020,90,
NEW YORK,2020,89,
NEW YORK,2020,88,
NEW YORK,2020,87,
NEW YORK,2020,86,
NEW YORK,2020,85,
NEW YORK,2020,84,
NEW YORK,2020,83,
NEW YORK,2020,82,
NEW YORK,2020,81,
NEW YORK,2020,80,
NEW YORK,2020,79,
NEW YORK,2020,78,
NEW YORK,2020,77,
NEW YORK,2020,76,
NEW YORK,2020,75,
NEW YORK,2020,74,
NEW YORK,2020,73,
NEW YORK,2020,72,
NEW YORK,2020,71,
NEW YORK,2020,70,
NEW YORK,2020,69,
NEW YORK,2020,68,
NEW YORK,2020,67,
NEW YORK,2020,66,
NEW YORK,2020,65,
NEW YORK,2020,64,
NEW YORK,2020,63,
NEW YORK,2020,62,
NEW YORK,2020,61,
NEW YORK,2020,60,
NEW YORK,2020,59,
NEW YORK,2020,58,
NEW YORK,2020,57,
NEW YORK,2020,56,
NEW YORK,2020,55,
NEW YORK,2020,54,
NEW YORK,2020,53,
NEW YORK,2020,52,
NEW YORK,2020,51,
NEW YORK,2020,50,
NEW YORK,2020,49,
NEW YORK,2020,48,
NEW YORK,2020,47,
NEW YORK,2020,46,
NEW YORK,2020,45,
NEW YORK,2020,44,
NEW YORK,2020,43,
NEW YORK,2020,42,
NEW YORK,2020,41,
NEW YORK,2020,40,
NEW YORK,2020,39,
NEW YORK,2020,38,
NEW YORK,2020,37,
NEW YORK,2020,36,
NEW YORK,2020,35,
NEW YORK,2020,34,26.000000
NEW YORK,2020,33,
NEW YORK,2020,32,
NEW YORK,2020,31,26.000000
NEW YORK,2020,30,26.000000
NEW YORK,2020,29,26.000000
NEW YORK,2020,28,26.000000
NEW YORK,2020,27,26.000000
NEW YORK,2020,26,
NEW YORK,2020,25,
NEW YORK,2020,24,26.000000
NEW YORK,2020,23,26.000000
NEW YORK,2020,22,26.000000
NEW YORK,2020,21,26.000000
NEW YORK,2020,20,
NEW YORK,2020,19,
NEW YORK,2020,18,
NEW YORK,2020,17,26.000000
NEW YORK,2020,16,26.000000
NEW YORK,2020,15,26.000000
NEW YORK,2020,14,26.000000
NEW YORK,2020,13,26.000000
NEW YORK,2020,12,
NEW YORK,2020,11,
NEW YORK,2020,10,26.000000
NEW YORK,2020,9,26.000000
NEW YORK,2020,8,26.000000
NEW YORK,2020,7,26.000000
NEW YORK,2020,6,26.000000
NEW YORK,2020,5,
NEW YORK,2020,4,
NEW YORK,2020,3,26.000000
NEW YORK,2020,2,26.000000
PHILADELPHIA,2020,366,19.000000
PHILADELPHIA,2020,365,19.000000
PHILADELPHIA,2020,364,19.000000
PHILADELPHIA,2020,363,19.000000
PHILADELPHIA,2020,362,
PHILADELPHIA,2020,361,
PHILADELPHIA,2020,360,
PHILADELPHIA,2020,359,
PHILADELPHIA,2020,358,19.000000
PHILADELPHIA,2020,357,19.000000
PHILADELPHIA,2020,356,19.000000
PHILADELPHIA,2020,355,
PHILADELPHIA,2020,354,
PHILADELPHIA,2020,353,
PHILADELPHIA,2020,352,
PHILADELPHIA,2020,351,
PHILADELPHIA,2020,350,
PHILADELPHIA,2020,349,
PHILADELPHIA,2020,348,
PHILADELPHIA,2020,347,
PHILADELPHIA,2020,346,
PHILADELPHIA,2020,345,
PHILADELPHIA,2020,344,
PHILADELPHIA,2020,343,
PHILADELPHIA,2020,342,
PHILADELPHIA,2020,341,
PHILADELPHIA,2020,340,
PHILADELPHIA,2020,339,
PHILADELPHIA,2020,338,
PHILADELPHIA,2020,337,
PHILADELPHIA,2020,336,
PHILADELPHIA,2020,335,
PHILADELPHIA,2020,334,
PHILADELPHIA,2020,333,
PHILADELPHIA,2020,332,
PHILADELPHIA,2020,331,
PHILADELPHIA,2020,330,
PHILADELPHIA,2020,329,
PHILADELPHIA,2020,328,
PHILADELPHIA,2020,327,
PHILADELPHIA,2020,326,
PHILADELPHIA,2020,325,
PHILADELPHIA,2020,324,
PHILADELPHIA,2020,323,
PHILADELPHIA,2020,322,
PHILADELPHIA,2020,321,
PHILADELPHIA,2020,320,
PHILADELPHIA,2020,319,
PHILADELPHIA,2020,318,
PHILADELPHIA,2020,317,
PHILADELPHIA,2020,316,
PHILADELPHIA,2020,315,
PHILADELPHIA,2020,314,
PHILADELPHIA,2020,313,
PHILADELPHIA,2020,312,
PHILADELPHIA,2020,311,12.000000
PHILADELPHIA,2020,310,12.000000
PHILADELPHIA,2020,309,12.000000
PHILADELPHIA,2020,308,12.000000
PHILADELPHIA,2020,307,12.000000
PHILADELPHIA,2020,306,
PHILADELPHIA,2020,305,
PHILADELPHIA,2020,304,30.500000
PHILADELPHIA,2020,303,30.500000
PHILADELPHIA,2020,302,30.500000
PHILADELPHIA,2020,301,29.000000
PHILADELPHIA,2020,300,29.000000
PHILADELPHIA,2020,299,
PHILADELPHIA,2020,298,
PHILADELPHIA,2020,297,23.500000
PHILADELPHIA,2020,296,23.500000
PHILADELPHIA,2020,295,23.500000
PHILADELPHIA,2020,294,23.500000
PHILADELPHIA,2020,293,23.500000
PHILADELPHIA,2020,292,
PHILADELPHIA,2020,291,
PHILADELPHIA,2020,290,23.500000
PHILADELPHIA,2020,289,23.500000
PHILADELPHIA,2020,288,23.500000
PHILADELPHIA,2020,287,23.500000
PHILADELPHIA,2020,286,
PHILADELPHIA,2020,285,
PHILADELPHIA,2020,284,
PHILADELPHIA,2020,283,14.000000
PHILADELPHIA,2020,282,14.000000
PHILADELPHIA,2020,281,14.000000
PHILADELPHIA,2020,280,14.000000
PHILADELPHIA,2020,279,14.000000
PHILADELPHIA,2020,278,
PHILADELPHIA,2020,277,
PHILADELPHIA,2020,276,14.000000
PHILADELPHIA,2020,275,14.000000
PHILADELPHIA,2020,274,14.000000
PHILADELPHIA,2020,273,14.000000
PHILADELPHIA,2020,272,14.000000
PHILADELPHIA,2020,271,
PHILADELPHIA,2020,270,
PHILADELPHIA,2020,269,14.000000
PHILADELPHIA,2020,268,14.000000
PHILADELPHIA,2020,267,14.000000
PHILADELPHIA,2020,266,14.000000
PHILADELPHIA,2020,265,14.000000
PHILADELPHIA,2020,264,
PHILADELPHIA,2020,263,
PHILADELPHIA,2020,262,14.000000
PHILADELPHIA,2020,261,14.000000
PHILADELPHIA,2020,260,14.000000
PHILADELPHIA,2020,259,14.000000
PHILADELPHIA,2020,258,14.000000
PHILADELPHIA,2020,257,
PHILADELPHIA,2020,256,
PHILADELPHIA,2020,255,12.000000
PHILADELPHIA,2020,254,12.000000
PHILADELPHIA,2020,253,12.000000
PHILADELPHIA,2020,252,12.000000
PHILADELPHIA,2020,251,
PHILADELPHIA,2020,250,
PHILADELPHIA,2020,249,
PHILADELPHIA,2020,248,
PHILADELPHIA,2020,247,
PHILADELPHIA,2020,246,
PHILADELPHIA,2020,245,
PHILADELPHIA,2020,244,
PHILADELPHIA,2020,243,
PHILADELPHIA,2020,242,
PHILADELPHIA,2020,241,
PHILADELPHIA,2020,240,
PHILADELPHIA,2020,239,
PHILADELPHIA,2020,238,
PHILADELPHIA,2020,237,
PHILADELPHIA,2020,236,
PHILADELPHIA,2020,235,
PHILADELPHIA,2020,234,14.000000
PHILADELPHIA,2020,233,14.000000
PHILADELPHIA,2020,232,14.000000
PHILADELPHIA,2020,231,14.000000
PHILADELPHIA,2020,230,14.000000
PHILADELPHIA,2020,229,
PHILADELPHIA,2020,228,
PHILADELPHIA,2020,227,
PHILADELPHIA,2020,226,
PHILADELPHIA,2020,225,
PHILADELPHIA,2020,224,
PHILADELPHIA,2020,223,
PHILADELPHIA,2020,222,
PHILADELPHIA,2020,221,
PHILADELPHIA,2020,220,
PHILADELPHIA,2020,219,
PHILADELPHIA,2020,218,
PHILADELPHIA,2020,217,
PHILADELPHIA,2020,216,
PHILADELPHIA,2020,215,
PHILADELPHIA,2020,214,
PHILADELPHIA,2020,213,
PHILADELPHIA,2020,212,
PHILADELPHIA,2020,211,
PHILADELPHIA,2020,210,
PHILADELPHIA,2020,209,
PHILADELPHIA,2020,208,
PHILADELPHIA,2020,207,
PHILADELPHIA,2020,206,
PHILADELPHIA,2020,205,
PHILADELPHIA,2020,204,
PHILADELPHIA,2020,203,
PHILADELPHIA,2020,202,
PHILADELPHIA,2020,201,
PHILADELPHIA,2020,200,
PHILADELPHIA,2020,199,
PHILADELPHIA,2020,198,
PHILADELPHIA,2020,197,
PHILADELPHIA,2020,196,
PHILADELPHIA,2020,195,
PHILADELPHIA,2020,194,
PHILADELPHIA,2020,193,
PHILADELPHIA,2020,192,
PHILADELPHIA,2020,191,
PHILADELPHIA,2020,190,
PHILADELPHIA,2020,189,
PHILADELPHIA,2020,188,
PHILADELPHIA,2020,187,
PHILADELPHIA,2020,186,
PHILADELPHIA,2020,185,
PHILADELPHIA,2020,184,
PHILADELPHIA,2020,183,
PHILADELPHIA,2020,182,
PHILADELPHIA,2020,181,
PHILADELPHIA,2020,180,
PHILADELPHIA,2020,179,
PHILADELPHIA,2020,178,15.000000
PHILADELPHIA,2020,177,15.000000
PHILADELPHIA,2020,176,15.000000
PHILADELPHIA,2020,175,15.000000
PHILADELPHIA,2020,174,15.000000
PHILADELPHIA,2020,173,
PHILADELPHIA,2020,172,
PHILADELPHIA,2020,171,16.000000
PHILADELPHIA,2020,170,16.000000
PHILADELPHIA,2020,169,16.000000
PHILADELPHIA,2020,168,17.500000
PHILADELPHIA,2020,167,17.500000
PHILADELPHIA,2020,166,
PHILADELPHIA,2020,165,
PHILADELPHIA,2020,164,16.000000
PHILADELPHIA,2020,163,16.000000
PHILADELPHIA,2020,162,16.000000
PHILADELPHIA,2020,161,16.000000
PHILADELPHIA,2020,160,16.000000
PHILADELPHIA,2020,159,
PHILADELPHIA,2020,158,
PHILADELPHIA,2020,157,
PHILADELPHIA,2020,156,
PHILADELPHIA,2020,155,
PHILADELPHIA,2020,154,
PHILADELPHIA,2020,153,
PHILADELPHIA,2020,152,
PHILADELPHIA,2020,151,
PHILADELPHIA,2020,150,
PHILADELPHIA,2020,149,
PHILADELPHIA,2020,148,
PHILADELPHIA,2020,147,
PHILADELPHIA,2020,146,
PHILADELPHIA,2020,145,
PHILADELPHIA,2020,144,
PHILADELPHIA,2020,143,
PHILADELPHIA,2020,142,
PHILADELPHIA,2020,141,
PHILADELPHIA,2020,140,
PHILADELPHIA,2020,139,
PHILADELPHIA,2020,138,
PHILADELPHIA,2020,137,
PHILADELPHIA,2020,136,
PHILADELPHIA,2020,135,
PHILADELPHIA,2020,134,
PHILADELPHIA,2020,133,
PHILADELPHIA,2020,132,
PHILADELPHIA,2020,131,
PHILADELPHIA,2020,130,
PHILADELPHIA,2020,129,
PHILADELPHIA,2020,128,
PHILADELPHIA,2020,127,
PHILADELPHIA,2020,126,
PHILADELPHIA,2020,125,
PHILADELPHIA,2020,124,
PHILADELPHIA,2020,123,
PHILADELPHIA,2020,122,
PHILADELPHIA,2020,121,
PHILADELPHIA,2020,120,
PHILADELPHIA,2020,119,
PHILADELPHIA,2020,118,
PHILADELPHIA,2020,117,
PHILADELPHIA,2020,116,
PHILADELPHIA,2020,115,
PHILADELPHIA,2020,114,
PHILADELPHIA,2020,113,
PHILADELPHIA,2020,112,
PHILADELPHIA,2020,111,
PHILADELPHIA,2020,110,
PHILADELPHIA,2020,109,
PHILADELPHIA,2020,108,
PHILADELPHIA,2020,107,
PHILADELPHIA,2020,106,
PHILADELPHIA,2020,105,
PHILADELPHIA,2020,104,
PHILADELPHIA,2020,103,
PHILADELPHIA,2020,102,
PHILADELPHIA,2020,101,
PHILADELPHIA,2020,100,
PHILADELPHIA,2020,99,
PHILADELPHIA,2020,98,
PHILADELPHIA,2020,97,
PHILADELPHIA,2020,96,
PHILADELPHIA,2020,95,
PHILADELPHIA,2020,94,
PHILADELPHIA,2020,93,
PHILADELPHIA,2020,92,
PHILADELPHIA,2020,91,
PHILADELPHIA,2020,90,
PHILADELPHIA,2020,89,
PHILADELPHIA,2020,88,
PHILADELPHIA,2020,87,
PHILADELPHIA,2020,86,
PHILADELPHIA,2020,85,
PHILADELPHIA,2020,84,
PHILADELPHIA,2020,83,
PHILADELPHIA,2020,82,
PHILADELPHIA,2020,81,
PHILADELPHIA,2020,80,
PHILADELPHIA,2020,79,
PHILADELPHIA,2020,78,
PHILADELPHIA,2020,77,
PHILADELPHIA,2020,76,
PHILADELPHIA,2020,75,
PHILADELPHIA,2020,74,
PHILADELPHIA,2020,73,
PHILADELPHIA,2020,72,
PHILADELPHIA,2020,71,
PHILADELPHIA,2020,70,
PHILADELPHIA,2020,69,
PHILADELPHIA,2020,68,
PHILADELPHIA,2020,67,
PHILADELPHIA,2020,66,
PHILADELPHIA,2020,65,
PHILADELPHIA,2020,64,
PHILADELPHIA,2020,63,
PHILADELPHIA,2020,62,
PHILADELPHIA,2020,61,
PHILADELPHIA,2020,60,
PHILADELPHIA,2020,59,
PHILADELPHIA,2020,58,
PHILADELPHIA,2020,57,
PHILADELPHIA,2020,56,
PHILADELPHIA,2020,55,
PHILADELPHIA,2020,54,
PHILADELPHIA,2020,53,
PHILADELPHIA,2020,52,
PHILADELPHIA,2020,51,
PHILADELPHIA,2020,50,
PHILADELPHIA,2020,49,
PHILADELPHIA,2020,48,
PHILADELPHIA,2020,47,
PHILADELPHIA,2020,46,
PHILADELPHIA,2020,45,
PHILADELPHIA,2020,44,
PHILADELPHIA,2020,43,
PHILADELPHIA,2020,42,
PHILADELPHIA,2020,41,
PHILADELPHIA,2020,40,
PHILADELPHIA,2020,39,
PHILADELPHIA,2020,38,
PHILADELPHIA,2020,37,
PHILADELPHIA,2020,36,
PHILADELPHIA,2020,35,
PHILADELPHIA,2020,34,
PHILADELPHIA,2020,33,
PHILADELPHIA,2020,32,
PHILADELPHIA,2020,31,
PHILADELPHIA,2020,30,
PHILADELPHIA,2020,29,
PHILADELPHIA,2020,28,
PHILADELPHIA,2020,27,
PHILADELPHIA,2020,26,
PHILADELPHIA,2020,25,
PHILADELPHIA,2020,24,
PHILADELPHIA,2020,23,
PHILADELPHIA,2020,22,
PHILADELPHIA,2020,21,
PHILADELPHIA,2020,20,
PHILADELPHIA,2020,19,
PHILADELPHIA,2020,18,
PHILADELPHIA,2020,17,
PHILADELPHIA,2020,16,
PHILADELPHIA,2020,15,
PHILADELPHIA,2020,14,
PHILADELPHIA,2020,13,
PHILADELPHIA,2020,12,
PHILADELPHIA,2020,11,
PHILADELPHIA,2020,10,
PHILADELPHIA,2020,9,
PHILADELPHIA,2020,8,
PHILADELPHIA,2020,7,
PHILADELPHIA,2020,6,
PHILADELPHIA,2020,5,
PHILADELPHIA,2020,4,
PHILADELPHIA,2020,3,
PHILADELPHIA,2020,2,
BALTIMORE,2019,366,
BALTIMORE,2019,365,
BALTIMORE,2019,364,
BALTIMORE,2019,363,
BALTIMORE,2019,362,
BALTIMORE,2019,361,
BALTIMORE,2019,360,
BALTIMORE,2019,359,
BALTIMORE,2019,358,
BALTIMORE,2019,357,
BALTIMORE,2019,356,
BALTIMORE,2019,355,
BALTIMORE,2019,354,
BALTIMORE,2019,353,
BALTIMORE,2019,352,
BALTIMORE,2019,351,
BALTIMORE,2019,350,
BALTIMORE,2019,349,
BALTIMORE,2019,348,
BALTIMORE,2019,347,
BALTIMORE,2019,346,
BALTIMORE,2019,345,
BALTIMORE,2019,344,
BALTIMORE,2019,343,
BALTIMORE,2019,342,
BALTIMORE,2019,341,
BALTIMORE,2019,340,
BALTIMORE,2019,339,
BALTIMORE,2019,338,
BALTIMORE,2019,337,
BALTIMORE,2019,336,
BALTIMORE,2019,335,
BALTIMORE,2019,334,
BALTIMORE,2019,333,
BALTIMORE,2019,332,
BALTIMORE,2019,331,
BALTIMORE,2019,330,30.000000
BALTIMORE,2019,329,30.000000
BALTIMORE,2019,328,
BALTIMORE,2019,327,
BALTIMORE,2019,326,30.000000
BALTIMORE,2019,325,30.000000
BALTIMORE,2019,324,30.000000
BALTIMORE,2019,323,
BALTIMORE,2019,322,
BALTIMORE,2019,321,
BALTIMORE,2019,320,
BALTIMORE,2019,319,
BALTIMORE,2019,318,
BALTIMORE,2019,317,
BALTIMORE,2019,316,
BALTIMORE,2019,315,
BALTIMORE,2019,314,
BALTIMORE,2019,313,
BALTIMORE,2019,312,
BALTIMORE,2019,311,
BALTIMORE,2019,310,
BALTIMORE,2019,309,
BALTIMORE,2019,308,
BALTIMORE,2019,307,
BALTIMORE,2019,306,
BALTIMORE,2019,305,
BALTIMORE,2019,304,
BALTIMORE,2019,303,
BALTIMORE,2019,302,
BALTIMORE,2019,301,
BALTIMORE,2019,300,
BALTIMORE,2019,299,
BALTIMORE,2019,298,
BALTIMORE,2019,297,
BALTIMORE,2019,296,
BALTIMORE,2019,295,
BALTIMORE,2019,294,
BALTIMORE,2019,293,
BALTIMORE,2019,292,
BALTIMORE,2019,291,
BALTIMORE,2019,290,
BALTIMORE,2019,289,34.000000
BALTIMORE,2019,288,34.000000
BALTIMORE,2019,287,
BALTIMORE,2019,286,
BALTIMORE,2019,285,
BALTIMORE,2019,284,34.000000
BALTIMORE,2019,283,34.000000
BALTIMORE,2019,282,
BALTIMORE,2019,281,
BALTIMORE,2019,280,
BALTIMORE,2019,279,
BALTIMORE,2019,278,
BALTIMORE,2019,277,
BALTIMORE,2019,276,
BALTIMORE,2019,275,
BALTIMORE,2019,274,
BALTIMORE,2019,273,
BALTIMORE,2019,272,
BALTIMORE,2019,271,
BALTIMORE,2019,270,
BALTIMORE,2019,269,
BALTIMORE,2019,268,
BALTIMORE,2019,267,
BALTIMORE,2019,266,
BALTIMORE,2019,265,
BALTIMORE,2019,264,
BALTIMORE,2019,263,
BALTIMORE,2019,262,
BALTIMORE,2019,261,
BALTIMORE,2019,260,
BALTIMORE,2019,259,
BALTIMORE,2019,258,
BALTIMORE,2019,257,
BALTIMORE,2019,256,
BALTIMORE,2019,255,
BALTIMORE,2019,254,
BALTIMORE,2019,253,
BALTIMORE,2019,252,
BALTIMORE,2019,251,
BALTIMORE,2019,250,
BALTIMORE,2019,249,
BALTIMORE,2019,248,
BALTIMORE,2019,247,34.000000
BALTIMORE,2019,246,34.000000
BALTIMORE,2019,245,
BALTIMORE,2019,244,
BALTIMORE,2019,243,
BALTIMORE,2019,242,34.000000
BALTIMORE,2019,241,34.000000
BALTIMORE,2019,240,34.000000
BALTIMORE,2019,239,24.000000
BALTIMORE,2019,238,24.000000
BALTIMORE,2019,237,
BALTIMORE,2019,236,
BALTIMORE,2019,235,24.000000
BALTIMORE,2019,234,24.000000
BALTIMORE,2019,233,
BALTIMORE,2019,232,
BALTIMORE,2019,231,
BALTIMORE,2019,230,
BALTIMORE,2019,229,
BALTIMORE,2019,228,
BALTIMORE,2019,227,
BALTIMORE,2019,226,
BALTIMORE,2019,225,
BALTIMORE,2019,224,
BALTIMORE,2019,223,
BALTIMORE,2019,222,
BALTIMORE,2019,221,
BALTIMORE,2019,220,
BALTIMORE,2019,219,
BALTIMORE,2019,218,
BALTIMORE,2019,217,
BALTIMORE,2019,216,
BALTIMORE,2019,215,
BALTIMORE,2019,214,
BALTIMORE,2019,213,
BALTIMORE,2019,212,
BALTIMORE,2019,211,
BALTIMORE,2019,210,
BALTIMORE,2019,209,
BALTIMORE,2019,208,
BALTIMORE,2019,207,
BALTIMORE,2019,206,
BALTIMORE,2019,205,
BALTIMORE,2019,204,
BALTIMORE,2019,203,
BALTIMORE,2019,202,
BALTIMORE,2019,201,
BALTIMORE,2019,200,
BALTIMORE,2019,199,
BALTIMORE,2019,198,
BALTIMORE,2019,197,
BALTIMORE,2019,196,
BALTIMORE,2019,195,
BALTIMORE,2019,194,
BALTIMORE,2019,193,
BALTIMORE,2019,192,
BALTIMORE,2019,191,
BALTIMORE,2019,190,
BALTIMORE,2019,189,
BALTIMORE,2019,188,
BALTIMORE,2019,187,
BALTIMORE,2019,186,
BALTIMORE,2019,185,
BALTIMORE,2019,184,
BALTIMORE,2019,183,
BALTIMORE,2019,182,
BALTIMORE,2019,181,
BALTIMORE,2019,180,
BALTIMORE,2019,179,
BALTIMORE,2019,178,
BALTIMORE,2019,177,
BALTIMORE,2019,176,
BALTIMORE,2019,175,
BALTIMORE,2019,174,
BALTIMORE,2019,173,
BALTIMORE,2019,172,
BALTIMORE,2019,171,
BALTIMORE,2019,170,
BALTIMORE,2019,169,
BALTIMORE,2019,168,
BALTIMORE,2019,167,
BALTIMORE,2019,166,
BALTIMORE,2019,165,
BALTIMORE,2019,164,
BALTIMORE,2019,163,
BALTIMORE,2019,162,
BALTIMORE,2019,161,
BALTIMORE,2019,160,
BALTIMORE,2019,159,
BALTIMORE,2019,158,
BALTIMORE,2019,157,
BALTIMORE,2019,156,
BALTIMORE,2019,155,
BALTIMORE,2019,154,
BALTIMORE,2019,153,
BALTIMORE,2019,152,
BALTIMORE,2019,151,
BALTIMORE,2019,150,
BALTIMORE,2019,149,
BALTIMORE,2019,148,
BALTIMORE,2019,147,
BALTIMORE,2019,146,
BALTIMORE,2019,145,
BALTIMORE,2019,144,
BALTIMORE,2019,143,
BALTIMORE,2019,142,
BALTIMORE,2019,141,
BALTIMORE,2019,140,
BALTIMORE,2019,139,
BALTIMORE,2019,138,
BALTIMORE,2019,137,
BALTIMORE,2019,136,
BALTIMORE,2019,135,
BALTIMORE,2019,134,
BALTIMORE,2019,133,
BALTIMORE,2019,132,
BALTIMORE,2019,131,
BALTIMORE,2019,130,
BALTIMORE,2019,129,
BALTIMORE,2019,128,
BALTIMORE,2019,127,
BALTIMORE,2019,126,
BALTIMORE,2019,125,
BALTIMORE,2019,124,
BALTIMORE,2019,123,
BALTIMORE,2019,122,
BALTIMORE,2019,121,
BALTIMORE,2019,120,
BALTIMORE,2019,119,
BALTIMORE,2019,118,
BALTIMORE,2019,117,
BALTIMORE,2019,116,
BALTIMORE,2019,115,
BALTIMORE,2019,114,
BALTIMORE,2019,113,
BALTIMORE,2019,112,
BALTIMORE,2019,111,
BALTIMORE,2019,110,
BALTIMORE,2019,109,
BALTIMORE,2019,108,
BALTIMORE,2019,107,
BALTIMORE,2019,106,
BALTIMORE,2019,105,
BALTIMORE,2019,104,
BALTIMORE,2019,103,
BALTIMORE,2019,102,
BALTIMORE,2019,101,
BALTIMORE,2019,100,
BALTIMORE,2019,99,
BALTIMORE,2019,98,
BALTIMORE,2019,97,
BALTIMORE,2019,96,
BALTIMORE,2019,95,
BALTIMORE,2019,94,
BALTIMORE,2019,93,
BALTIMORE,2019,92,
BALTIMORE,2019,91,
BALTIMORE,2019,90,
BALTIMORE,2019,89,
BALTIMORE,2019,88,
BALTIMORE,2019,87,
BALTIMORE,2019,86,
BALTIMORE,2019,85,
BALTIMORE,2019,84,
BALTIMORE,2019,83,
BALTIMORE,2019,82,
BALTIMORE,2019,81,
BALTIMORE,2019,80,
BALTIMORE,2019,79,
BALTIMORE,2019,78,
BALTIMORE,2019,77,
BALTIMORE,2019,76,
BALTIMORE,2019,75,
BALTIMORE,2019,74,
BALTIMORE,2019,73,
BALTIMORE,2019,72,
BALTIMORE,2019,71,
BALTIMORE,2019,70,
BALTIMORE,2019,69,
BALTIMORE,2019,68,
BALTIMORE,2019,67,
BALTIMORE,2019,66,
BALTIMORE,2019,65,
BALTIMORE,2019,64,
BALTIMORE,2019,63,
BALTIMORE,2019,62,
BALTIMORE,2019,61,
BALTIMORE,2019,60,
BALTIMORE,2019,59,
BALTIMORE,2019,58,
BALTIMORE,2019,57,
BALTIMORE,2019,56,
BALTIMORE,2019,55,
BALTIMORE,2019,54,
BALTIMORE,2019,53,
BALTIMORE,2019,52,
BALTIMORE,2019,51,
BALTIMORE,2019,50,
BALTIMORE,2019,49,
BALTIMORE,2019,48,
BALTIMORE,2019,47,
BALTIMORE,2019,46,
BALTIMORE,2019,45,
BALTIMORE,2019,44,
BALTIMORE,2019,43,
BALTIMORE,2019,42,
BALTIMORE,2019,41,
BALTIMORE,2019,40,
BALTIMORE,2019,39,
BALTIMORE,2019,38,
BALTIMORE,2019,37,
BALTIMORE,2019,36,
BALTIMORE,2019,35,
BALTIMORE,2019,34,
BALTIMORE,2019,33,
BALTIMORE,2019,32,
BALTIMORE,2019,31,
BALTIMORE,2019,30,
BALTIMORE,2019,29,
BALTIMORE,2019,28,
BALTIMORE,2019,27,
BALTIMORE,2019,26,
BALTIMORE,2019,25,
BALTIMORE,2019,24,
BALTIMORE,2019,23,
BALTIMORE,2019,22,
BALTIMORE,2019,21,
BALTIMORE,2019,20,
BALTIMORE,2019,19,
BALTIMORE,2019,18,
BALTIMORE,2019,17,
BALTIMORE,2019,16,
BALTIMORE,2019,15,
BALTIMORE,2019,14,
BALTIMORE,2019,13,
BALTIMORE,2019,12,
BALTIMORE,2019,11,
BALTIMORE,2019,10,
BALTIMORE,2019,9,28.000000
BALTIMORE,2019,8,28.000000
BALTIMORE,2019,7,28.000000
BALTIMORE,2019,6,
BALTIMORE,2019,5,
BALTIMORE,2019,4,
BALTIMORE,2019,3,24.500000
BALTIMORE,2019,2,24.500000
BOSTON,2019,366,
BOSTON,2019,365,38.000000
BOSTON,2019,364,33.000000
BOSTON,2019,363,
BOSTON,2019,362,
BOSTON,2019,361,33.000000
BOSTON,2019,360,33.000000
BOSTON,2019,359,
BOSTON,2019,358,
BOSTON,2019,357,33.000000
BOSTON,2019,356,
BOSTON,2019,355,
BOSTON,2019,354,33.000000
BOSTON,2019,353,33.000000
BOSTON,2019,352,33.000000
BOSTON,2019,351,33.000000
BOSTON,2019,350,33.000000
BOSTON,2019,349,
BOSTON,2019,348,
BOSTON,2019,347,33.000000
BOSTON,2019,346,33.000000
BOSTON,2019,345,36.000000
BOSTON,2019,344,36.000000
BOSTON,2019,343,36.000000
BOSTON,2019,342,
BOSTON,2019,341,
BOSTON,2019,340,36.000000
BOSTON,2019,339,36.000000
BOSTON,2019,338,36.000000
BOSTON,2019,337,36.000000
BOSTON,2019,336,36.000000
BOSTON,2019,335,
BOSTON,2019,334,
BOSTON,2019,333,36.000000
BOSTON,2019,332,
BOSTON,2019,331,36.000000
BOSTON,2019,330,36.000000
BOSTON,2019,329,36.000000
BOSTON,2019,328,
BOSTON,2019,327,
BOSTON,2019,326,36.000000
BOSTON,2019,325,36.000000
BOSTON,2019,324,36.000000
BOSTON,2019,323,36.000000
BOSTON,2019,322,36.000000
BOSTON,2019,321,
BOSTON,2019,320,
BOSTON,2019,319,36.000000
BOSTON,2019,318,36.000000
BOSTON,2019,317,36.000000
BOSTON,2019,316,36.000000
BOSTON,2019,315,
BOSTON,2019,314,
BOSTON,2019,313,
BOSTON,2019,312,36.000000
BOSTON,2019,311,36.000000
BOSTON,2019,310,36.000000
BOSTON,2019,309,36.000000
BOSTON,2019,308,36.000000
BOSTON,2019,307,
BOSTON,2019,306,
BOSTON,2019,305,36.000000
BOSTON,2019,304,36.000000
BOSTON,2019,303,36.000000
BOSTON,2019,302,36.000000
BOSTON,2019,301,36.000000
BOSTON,2019,300,
BOSTON,2019,299,
BOSTON,2019,298,36.000000
BOSTON,2019,297,36.000000
BOSTON,2019,296,36.000000
BOSTON,2019,295,36.000000
BOSTON,2019,294,36.000000
BOSTON,2019,293,
BOSTON,2019,292,
BOSTON,2019,291,36.000000
BOSTON,2019,290,36.000000
BOSTON,2019,289,36.000000
BOSTON,2019,288,36.000000
BOSTON,2019,287,
BOSTON,2019,286,
BOSTON,2019,285,
BOSTON,2019,284,36.000000
BOSTON,2019,283,36.000000
BOSTON,2019,282,36.000000
BOSTON,2019,281,36.000000
BOSTON,2019,280,36.000000
BOSTON,2019,279,
BOSTON,2019,278,
BOSTON,2019,277,36.000000
BOSTON,2019,276,36.000000
BOSTON,2019,275,36.000000
BOSTON,2019,274,36.000000
BOSTON,2019,273,36.000000
BOSTON,2019,272,
BOSTON,2019,271,
BOSTON,2019,270,36.000000
BOSTON,2019,269,36.000000
BOSTON,2019,268,36.000000
BOSTON,2019,267,40.000000
BOSTON,2019,266,40.000000
BOSTON,2019,265,
BOSTON,2019,264,
BOSTON,2019,263,40.000000
BOSTON,2019,262,40.000000
BOSTON,2019,261,40.000000
BOSTON,2019,260,40.000000
BOSTON,2019,259,40.000000
BOSTON,2019,258,
BOSTON,2019,257,
BOSTON,2019,256,40.000000
BOSTON,2019,255,40.000000
BOSTON,2019,254,40.000000
BOSTON,2019,253,40.000000
BOSTON,2019,252,40.000000
BOSTON,2019,251,
BOSTON,2019,250,
BOSTON,2019,249,40.000000
BOSTON,2019,248,40.000000
BOSTON,2019,247,40.000000
BOSTON,2019,246,40.000000
BOSTON,2019,245,
BOSTON,2019,244,
BOSTON,2019,243,
BOSTON,2019,242,40.000000
BOSTON,2019,241,40.000000
BOSTON,2019,240,40.000000
BOSTON,2019,239,40.000000
BOSTON,2019,238,40.000000
BOSTON,2019,237,
BOSTON,2019,236,
BOSTON,2019,235,35.000000
BOSTON,2019,234,35.000000
BOSTON,2019,233,35.000000
BOSTON,2019,232,35.000000
BOSTON,2019,231,35.000000
BOSTON,2019,230,
BOSTON,2019,229,
BOSTON,2019,228,
BOSTON,2019,227,
BOSTON,2019,226,35.000000
BOSTON,2019,225,35.000000
BOSTON,2019,224,35.000000
BOSTON,2019,223,
BOSTON,2019,222,
BOSTON,2019,221,35.000000
BOSTON,2019,220,35.000000
BOSTON,2019,219,35.000000
BOSTON,2019,218,35.000000
BOSTON,2019,217,35.000000
BOSTON,2019,216,
BOSTON,2019,215,
BOSTON,2019,214,35.000000
BOSTON,2019,213,35.000000
BOSTON,2019,212,35.000000
BOSTON,2019,211,35.000000
BOSTON,2019,210,35.000000
BOSTON,2019,209,
BOSTON,2019,208,
BOSTON,2019,207,35.000000
BOSTON,2019,206,35.000000
BOSTON,2019,205,35.000000
BOSTON,2019,204,35.000000
BOSTON,2019,203,35.000000
BOSTON,2019,202,
BOSTON,2019,201,
BOSTON,2019,200,35.000000
BOSTON,2019,199,35.000000
BOSTON,2019,198,35.000000
BOSTON,2019,197,35.000000
BOSTON,2019,196,35.000000
BOSTON,2019,195,
BOSTON,2019,194,
BOSTON,2019,193,35.000000
BOSTON,2019,192,35.000000
BOSTON,2019,191,35.000000
BOSTON,2019,190,35.000000
BOSTON,2019,189,35.000000
BOSTON,2019,188,
BOSTON,2019,187,
BOSTON,2019,186,35.000000
BOSTON,2019,185,
BOSTON,2019,184,35.000000
BOSTON,2019,183,35.000000
BOSTON,2019,182,35.000000
BOSTON,2019,181,
BOSTON,2019,180,
BOSTON,2019,179,35.000000
BOSTON,2019,178,35.000000
BOSTON,2019,177,35.000000
BOSTON,2019,176,35.000000
BOSTON,2019,175,35.000000
BOSTON,2019,174,
BOSTON,2019,173,
BOSTON,2019,172,35.000000
BOSTON,2019,171,40.000000
BOSTON,2019,170,40.000000
BOSTON,2019,169,40.000000
BOSTON,2019,168,40.000000
BOSTON,2019,167,
BOSTON,2019,166,
BOSTON,2019,165,40.000000
BOSTON,2019,164,40.000000
BOSTON,2019,163,40.000000
BOSTON,2019,162,40.000000
BOSTON,2019,161,40.000000
BOSTON,2019,160,
BOSTON,2019,159,
BOSTON,2019,158,40.000000
BOSTON,2019,157,40.000000
BOSTON,2019,156,40.000000
BOSTON,2019,155,40.000000
BOSTON,2019,154,40.000000
BOSTON,2019,153,
BOSTON,2019,152,
BOSTON,2019,151,40.000000
BOSTON,2019,150,40.000000
BOSTON,2019,149,40.000000
BOSTON,2019,148,40.000000
BOSTON,2019,147,
BOSTON,2019,146,
BOSTON,2019,145,
BOSTON,2019,144,40.000000
BOSTON,2019,143,40.000000
BOSTON,2019,142,40.000000
BOSTON,2019,141,40.000000
BOSTON,2019,140,40.000000
BOSTON,2019,139,
BOSTON,2019,138,
BOSTON,2019,137,40.000000
BOSTON,2019,136,40.000000
BOSTON,2019,135,40.000000
BOSTON,2019,134,40.000000
BOSTON,2019,133,40.000000
BOSTON,2019,132,
BOSTON,2019,131,
BOSTON,2019,130,40.000000
BOSTON,2019,129,40.000000
BOSTON,2019,128,40.000000
BOSTON,2019,127,40.000000
BOSTON,2019,126,40.000000
BOSTON,2019,125,
BOSTON,2019,124,
BOSTON,2019,123,24.000000
BOSTON,2019,122,24.000000
BOSTON,2019,121,24.000000
BOSTON,2019,120,24.000000
BOSTON,2019,119,24.000000
BOSTON,2019,118,
BOSTON,2019,117,
BOSTON,2019,116,24.000000
BOSTON,2019,115,24.000000
BOSTON,2019,114,24.000000
BOSTON,2019,113,24.000000
BOSTON,2019,112,24.000000
BOSTON,2019,111,
BOSTON,2019,110,
BOSTON,2019,109,24.000000
BOSTON,2019,108,24.000000
BOSTON,2019,107,24.000000
BOSTON,2019,106,24.000000
BOSTON,2019,105,24.000000
BOSTON,2019,104,
BOSTON,2019,103,
BOSTON,2019,102,24.000000
BOSTON,2019,101,24.000000
BOSTON,2019,100,24.000000
BOSTON,2019,99,24.000000
BOSTON,2019,98,24.000000
BOSTON,2019,97,
BOSTON,2019,96,
BOSTON,2019,95,24.000000
BOSTON,2019,94,24.000000
BOSTON,2019,93,24.000000
BOSTON,2019,92,24.000000
BOSTON,2019,91,24.000000
BOSTON,2019,90,
BOSTON,2019,89,
BOSTON,2019,88,24.000000
BOSTON,2019,87,24.000000
BOSTON,2019,86,24.000000
BOSTON,2019,85,24.000000
BOSTON,2019,84,24.000000
BOSTON,2019,83,
BOSTON,2019,82,
BOSTON,2019,81,24.000000
BOSTON,2019,80,24.000000
BOSTON,2019,79,24.000000
BOSTON,2019,78,24.000000
BOSTON,2019,77,24.000000
BOSTON,2019,76,
BOSTON,2019,75,
BOSTON,2019,74,24.000000
BOSTON,2019,73,24.000000
BOSTON,2019,72,24.000000
BOSTON,2019,71,24.000000
BOSTON,2019,70,24.000000
BOSTON,2019,69,
BOSTON,2019,68,
BOSTON,2019,67,24.000000
BOSTON,2019,66,24.000000
BOSTON,2019,65,24.000000
BOSTON,2019,64,24.000000
BOSTON,2019,63,24.000000
BOSTON,2019,62,
BOSTON,2019,61,
BOSTON,2019,60,24.000000
BOSTON,2019,59,24.000000
BOSTON,2019,58,24.000000
BOSTON,2019,57,24.000000
BOSTON,2019,56,24.000000
BOSTON,2019,55,
BOSTON,2019,54,
BOSTON,2019,53,24.000000
BOSTON,2019,52,24.000000
BOSTON,2019,51,24.000000
BOSTON,2019,50,24.000000
BOSTON,2019,49,
BOSTON,2019,48,
BOSTON,2019,47,
BOSTON,2019,46,24.000000
BOSTON,2019,45,24.000000
BOSTON,2019,44,24.000000
BOSTON,2019,43,24.000000
BOSTON,2019,42,24.000000
BOSTON,2019,41,
BOSTON,2019,40,
BOSTON,2019,39,24.000000
BOSTON,2019,38,24.000000
BOSTON,2019,37,24.000000
BOSTON,2019,36,24.000000
BOSTON,2019,35,24.000000
BOSTON,2019,34,
BOSTON,2019,33,
BOSTON,2019,32,24.000000
BOSTON,2019,31,24.000000
BOSTON,2019,30,24.000000
BOSTON,2019,29,24.000000
BOSTON,2019,28,24.000000
BOSTON,2019,27,
BOSTON,2019,26,
BOSTON,2019,25,24.000000
BOSTON,2019,24,24.000000
BOSTON,2019,23,24.000000
BOSTON,2019,22,24.000000
BOSTON,2019,21,
BOSTON,2019,20,
BOSTON,2019,19,
BOSTON,2019,18,24.000000
BOSTON,2019,17,24.000000
BOSTON,2019,16,
BOSTON,2019,15,
BOSTON,2019,14,
BOSTON,2019,13,
BOSTON,2019,12,
BOSTON,2019,11,
BOSTON,2019,10,
BOSTON,2019,9,
BOSTON,2019,8,
BOSTON,2019,7,
BOSTON,2019,6,
BOSTON,2019,5,
BOSTON,2019,4,
BOSTON,2019,3,
BOSTON,2019,2,
CHICAGO,2019,366,
CHICAGO,2019,365,
CHICAGO,2019,364,
CHICAGO,2019,363,
CHICAGO,2019,362,
CHICAGO,2019,361,
CHICAGO,2019,360,
CHICAGO,2019,359,
CHICAGO,2019,358,
CHICAGO,2019,357,
CHICAGO,2019,356,
CHICAGO,2019,355,
CHICAGO,2019,354,
CHICAGO,2019,353,
CHICAGO,2019,352,
CHICAGO,2019,351,
CHICAGO,2019,350,
CHICAGO,2019,349,
CHICAGO,2019,348,
CHICAGO,2019,347,
CHICAGO,2019,346,
CHICAGO,2019,345,
CHICAGO,2019,344,
CHICAGO,2019,343,
CHICAGO,2019,342,
CHICAGO,2019,341,
CHICAGO,2019,340,
CHICAGO,2019,339,
CHICAGO,2019,338,
CHICAGO,2019,337,
CHICAGO,2019,336,
CHICAGO,2019,335,
CHICAGO,2019,334,
CHICAGO,2019,333,
CHICAGO,2019,332,
CHICAGO,2019,331,
CHICAGO,2019,330,
CHICAGO,2019,329,
CHICAGO,2019,328,
CHICAGO,2019,327,
CHICAGO,2019,326,
CHICAGO,2019,325,
CHICAGO,2019,324,
CHICAGO,2019,323,
CHICAGO,2019,322,
CHICAGO,2019,321,
CHICAGO,2019,320,
CHICAGO,2019,319,
CHICAGO,2019,318,
CHICAGO,2019,317,
CHICAGO,2019,316,
CHICAGO,2019,315,
CHICAGO,2019,314,
CHICAGO,2019,313,
CHICAGO,2019,312,
CHICAGO,2019,311,
CHICAGO,2019,310,
CHICAGO,2019,309,
CHICAGO,2019,308,
CHICAGO,2019,307,
CHICAGO,2019,306,
CHICAGO,2019,305,
CHICAGO,2019,304,
CHICAGO,2019,303,24.000000
CHICAGO,2019,302,24.000000
CHICAGO,2019,301,24.000000
CHICAGO,2019,300,
CHICAGO,2019,299,
CHICAGO,2019,298,24.000000
CHICAGO,2019,297,24.000000
CHICAGO,2019,296,24.000000
CHICAGO,2019,295,24.000000
CHICAGO,2019,294,24.000000
CHICAGO,2019,293,
CHICAGO,2019,292,
CHICAGO,2019,291,24.000000
CHICAGO,2019,290,24.000000
CHICAGO,2019,289,18.000000
CHICAGO,2019,288,18.000000
CHICAGO,2019,287,
CHICAGO,2019,286,
CHICAGO,2019,285,
CHICAGO,2019,284,18.000000
CHICAGO,2019,283,18.000000
CHICAGO,2019,282,18.000000
CHICAGO,2019,281,18.000000
CHICAGO,2019,280,18.000000
CHICAGO,2019,279,
CHICAGO,2019,278,
CHICAGO,2019,277,18.000000
CHICAGO,2019,276,18.000000
CHICAGO,2019,275,18.000000
CHICAGO,2019,274,22.000000
CHICAGO,2019,273,22.000000
CHICAGO,2019,272,
CHICAGO,2019,271,
CHICAGO,2019,270,22.000000
CHICAGO,2019,269,22.000000
CHICAGO,2019,268,22.000000
CHICAGO,2019,267,22.000000
CHICAGO,2019,266,22.000000
CHICAGO,2019,265,
CHICAGO,2019,264,
CHICAGO,2019,263,22.000000
CHICAGO,2019,262,22.000000
CHICAGO,2019,261,22.000000
CHICAGO,2019,260,31.000000
CHICAGO,2019,259,31.000000
CHICAGO,2019,258,
CHICAGO,2019,257,
CHICAGO,2019,256,31.000000
CHICAGO,2019,255,31.000000
CHICAGO,2019,254,31.000000
CHICAGO,2019,253,31.000000
CHICAGO,2019,252,31.000000
CHICAGO,2019,251,
CHICAGO,2019,250,
CHICAGO,2019,249,31.000000
CHICAGO,2019,248,
CHICAGO,2019,247,31.000000
CHICAGO,2019,246,
CHICAGO,2019,245,
CHICAGO,2019,244,
CHICAGO,2019,243,
CHICAGO,2019,242,31.000000
CHICAGO,2019,241,31.000000
CHICAGO,2019,240,31.000000
CHICAGO,2019,239,31.000000
CHICAGO,2019,238,35.000000
CHICAGO,2019,237,
CHICAGO,2019,236,
CHICAGO,2019,235,35.000000
CHICAGO,2019,234,35.000000
CHICAGO,2019,233,35.000000
CHICAGO,2019,232,35.000000
CHICAGO,2019,231,35.000000
CHICAGO,2019,230,
CHICAGO,2019,229,
CHICAGO,2019,228,
CHICAGO,2019,227,
CHICAGO,2019,226,35.000000
CHICAGO,2019,225,
CHICAGO,2019,224,35.000000
CHICAGO,2019,223,
CHICAGO,2019,222,
CHICAGO,2019,221,35.000000
CHICAGO,2019,220,
CHICAGO,2019,219,35.000000
CHICAGO,2019,218,
CHICAGO,2019,217,32.000000
CHICAGO,2019,216,
CHICAGO,2019,215,
CHICAGO,2019,214,32.000000
CHICAGO,2019,213,
CHICAGO,2019,212,32.000000
CHICAGO,2019,211,
CHICAGO,2019,210,32.000000
CHICAGO,2019,209,
CHICAGO,2019,208,
CHICAGO,2019,207,32.000000
CHICAGO,2019,206,
CHICAGO,2019,205,32.000000
CHICAGO,2019,204,
CHICAGO,2019,203,32.000000
CHICAGO,2019,202,
CHICAGO,2019,201,
CHICAGO,2019,200,32.000000
CHICAGO,2019,199,
CHICAGO,2019,198,32.000000
CHICAGO,2019,197,
CHICAGO,2019,196,32.000000
CHICAGO,2019,195,
CHICAGO,2019,194,
CHICAGO,2019,193,32.000000
CHICAGO,2019,192,
CHICAGO,2019,191,32.000000
CHICAGO,2019,190,
CHICAGO,2019,189,32.000000
CHICAGO,2019,188,
CHICAGO,2019,187,
CHICAGO,2019,186,32.000000
CHICAGO,2019,185,
CHICAGO,2019,184,32.000000
CHICAGO,2019,183,
CHICAGO,2019,182,32.000000
CHICAGO,2019,181,
CHICAGO,2019,180,
CHICAGO,2019,179,32.000000
CHICAGO,2019,178,
CHICAGO,2019,177,32.000000
CHICAGO,2019,176,
CHICAGO,2019,175,32.000000
CHICAGO,2019,174,
CHICAGO,2019,173,
CHICAGO,2019,172,27.000000
CHICAGO,2019,171,
CHICAGO,2019,170,30.000000
CHICAGO,2019,169,
CHICAGO,2019,168,30.000000
CHICAGO,2019,167,
CHICAGO,2019,166,
CHICAGO,2019,165,30.000000
CHICAGO,2019,164,
CHICAGO,2019,163,30.000000
CHICAGO,2019,162,
CHICAGO,2019,161,29.000000
CHICAGO,2019,160,
CHICAGO,2019,159,
CHICAGO,2019,158,29.000000
CHICAGO,2019,157,
CHICAGO,2019,156,29.000000
CHICAGO,2019,155,
CHICAGO,2019,154,30.000000
CHICAGO,2019,153,
CHICAGO,2019,152,
CHICAGO,2019,151,30.000000
CHICAGO,2019,150,
CHICAGO,2019,149,30.000000
CHICAGO,2019,148,
CHICAGO,2019,147,
CHICAGO,2019,146,
CHICAGO,2019,145,
CHICAGO,2019,144,30.000000
CHICAGO,2019,143,
CHICAGO,2019,142,30.000000
CHICAGO,2019,141,
CHICAGO,2019,140,30.000000
CHICAGO,2019,139,
CHICAGO,2019,138,
CHICAGO,2019,137,30.000000
CHICAGO,2019,136,
CHICAGO,2019,135,30.000000
CHICAGO,2019,134,
CHICAGO,2019,133,30.000000
CHICAGO,2019,132,
CHICAGO,2019,131,
CHICAGO,2019,130,30.000000
CHICAGO,2019,129,
CHICAGO,2019,128,30.000000
CHICAGO,2019,127,
CHICAGO,2019,126,33.000000
CHICAGO,2019,125,
CHICAGO,2019,124,
CHICAGO,2019,123,33.000000
CHICAGO,2019,122,33.000000
CHICAGO,2019,121,33.000000
CHICAGO,2019,120,33.000000
CHICAGO,2019,119,33.000000
CHICAGO,2019,118,
CHICAGO,2019,117,
CHICAGO,2019,116,33.000000
CHICAGO,2019,115,
CHICAGO,2019,114,33.000000
CHICAGO,2019,113,33.000000
CHICAGO,2019,112,38.000000
CHICAGO,2019,111,
CHICAGO,2019,110,
CHICAGO,2019,109,38.000000
CHICAGO,2019,108,38.000000
CHICAGO,2019,107,38.000000
CHICAGO,2019,106,
CHICAGO,2019,105,
CHICAGO,2019,104,
CHICAGO,2019,103,
CHICAGO,2019,102,
CHICAGO,2019,101,
CHICAGO,2019,100,38.000000
CHICAGO,2019,99,
CHICAGO,2019,98,38.000000
CHICAGO,2019,97,
CHICAGO,2019,96,
CHICAGO,2019,95,38.000000
CHICAGO,2019,94,38.000000
CHICAGO,2019,93,38.000000
CHICAGO,2019,92,38.000000
CHICAGO,2019,91,40.000000
CHICAGO,2019,90,
CHICAGO,2019,89,
CHICAGO,2019,88,40.000000
CHICAGO,2019,87,40.000000
CHICAGO,2019,86,40.000000
CHICAGO,2019,85,40.000000
CHICAGO,2019,84,40.000000
CHICAGO,2019,83,
CHICAGO,2019,82,
CHICAGO,2019,81,41.000000
CHICAGO,2019,80,41.000000
CHICAGO,2019,79,42.000000
CHICAGO,2019,78,42.000000
CHICAGO,2019,77,400.000000
CHICAGO,2019,76,
CHICAGO,2019,75,
CHICAGO,2019,74,400.000000
CHICAGO,2019,73,400.000000
CHICAGO,2019,72,400.000000
CHICAGO,2019,71,37.000000
CHICAGO,2019,70,37.000000
CHICAGO,2019,69,
CHICAGO,2019,68,
CHICAGO,2019,67,37.000000
CHICAGO,2019,66,37.000000
CHICAGO,2019,65,37.000000
CHICAGO,2019,64,37.000000
CHICAGO,2019,63,37.000000
CHICAGO,2019,62,
CHICAGO,2019,61,
CHICAGO,2019,60,37.000000
CHICAGO,2019,59,36.000000
CHICAGO,2019,58,36.000000
CHICAGO,2019,57,36.000000
CHICAGO,2019,56,35.000000
CHICAGO,2019,55,
CHICAGO,2019,54,
CHICAGO,2019,53,35.000000
CHICAGO,2019,52,35.000000
CHICAGO,2019,51,35.000000
CHICAGO,2019,50,35.000000
CHICAGO,2019,49,
CHICAGO,2019,48,
CHICAGO,2019,47,
CHICAGO,2019,46,35.000000
CHICAGO,2019,45,35.000000
CHICAGO,2019,44,35.000000
CHICAGO,2019,43,35.000000
CHICAGO,2019,42,35.000000
CHICAGO,2019,41,
CHICAGO,2019,40,
CHICAGO,2019,39,35.000000
CHICAGO,2019,38,35.000000
CHICAGO,2019,37,35.000000
CHICAGO,2019,36,35.000000
CHICAGO,2019,35,35.000000
CHICAGO,2019,34,
CHICAGO,2019,33,
CHICAGO,2019,32,35.000000
CHICAGO,2019,31,35.000000
CHICAGO,2019,30,35.000000
CHICAGO,2019,29,35.000000
CHICAGO,2019,28,35.000000
CHICAGO,2019,27,
CHICAGO,2019,26,
CHICAGO,2019,25,35.000000
CHICAGO,2019,24,35.000000
CHICAGO,2019,23,35.000000
CHICAGO,2019,22,35.000000
CHICAGO,2019,21,
CHICAGO,2019,20,
CHICAGO,2019,19,
CHICAGO,2019,18,35.000000
CHICAGO,2019,17,35.000000
CHICAGO,2019,16,35.000000
CHICAGO,2019,15,35.000000
CHICAGO,2019,14,35.000000
CHICAGO,2019,13,
CHICAGO,2019,12,
CHICAGO,2019,11,35.000000
CHICAGO,2019,10,35.000000
CHICAGO,2019,9,
CHICAGO,2019,8,35.000000
CHICAGO,2019,7,35.000000
CHICAGO,2019,6,
CHICAGO,2019,5,
CHICAGO,2019,4,35.000000
CHICAGO,2019,3,35.000000
CHICAGO,2019,2,
LOS ANGELES,2019,366,
LOS ANGELES,2019,365,1.750000
LOS ANGELES,2019,364,1.750000
LOS ANGELES,2019,363,
LOS ANGELES,2019,362,
LOS ANGELES,2019,361,1.750000
LOS ANGELES,2019,360,1.750000
LOS ANGELES,2019,359,
LOS ANGELES,2019,358,
LOS ANGELES,2019,357,1.750000
LOS ANGELES,2019,356,
LOS ANGELES,2019,355,
LOS ANGELES,2019,354,1.750000
LOS ANGELES,2019,353,1.750000
LOS ANGELES,2019,352,1.750000
LOS ANGELES,2019,351,1.750000
LOS ANGELES,2019,350,1.750000
LOS ANGELES,2019,349,
LOS ANGELES,2019,348,
LOS ANGELES,2019,347,1.750000
LOS ANGELES,2019,346,1.750000
LOS ANGELES,2019,345,1.750000
LOS ANGELES,2019,344,1.750000
LOS ANGELES,2019,343,1.750000
LOS ANGELES,2019,342,
LOS ANGELES,2019,341,
LOS ANGELES,2019,340,1.750000
LOS ANGELES,2019,339,1.750000
LOS ANGELES,2019,338,1.750000
LOS ANGELES,2019,337,1.750000
LOS ANGELES,2019,336,1.750000
LOS ANGELES,2019,335,
LOS ANGELES,2019,334,
LOS ANGELES,2019,333,1.750000
LOS ANGELES,2019,332,
LOS ANGELES,2019,331,1.750000
LOS ANGELES,2019,330,1.750000
LOS ANGELES,2019,329,1.750000
LOS ANGELES,2019,328,
LOS ANGELES,2019,327,
LOS ANGELES,2019,326,1.750000
LOS ANGELES,2019,325,1.750000
LOS ANGELES,2019,324,1.750000
LOS ANGELES,2019,323,1.750000
LOS ANGELES,2019,322,1.750000
LOS ANGELES,2019,321,
LOS ANGELES,2019,320,
LOS ANGELES,2019,319,1.750000
LOS ANGELES,2019,318,1.750000
LOS ANGELES,2019,317,1.750000
LOS ANGELES,2019,316,1.750000
LOS ANGELES,2019,315,
LOS ANGELES,2019,314,
LOS ANGELES,2019,313,
LOS ANGELES,2019,312,1.750000
LOS ANGELES,2019,311,1.750000
LOS ANGELES,2019,310,1.750000
LOS ANGELES,2019,309,1.750000
LOS ANGELES,2019,308,1.750000
LOS ANGELES,2019,307,
LOS ANGELES,2019,306,
LOS ANGELES,2019,305,0.900000
LOS ANGELES,2019,304,0.900000
LOS ANGELES,2019,303,0.900000
LOS ANGELES,2019,302,0.900000
LOS ANGELES,2019,301,0.900000
LOS ANGELES,2019,300,
LOS ANGELES,2019,299,
LOS ANGELES,2019,298,0.900000
LOS ANGELES,2019,297,0.900000
LOS ANGELES,2019,296,0.900000
LOS ANGELES,2019,295,0.900000
LOS ANGELES,2019,294,0.900000
LOS ANGELES,2019,293,
LOS ANGELES,2019,292,
LOS ANGELES,2019,291,0.900000
LOS ANGELES,2019,290,0.900000
LOS ANGELES,2019,289,0.900000
LOS ANGELES,2019,288,0.900000
LOS ANGELES,2019,287,
LOS ANGELES,2019,286,
LOS ANGELES,2019,285,
LOS ANGELES,2019,284,0.900000
LOS ANGELES,2019,283,0.900000
LOS ANGELES,2019,282,0.900000
LOS ANGELES,2019,281,0.900000
LOS ANGELES,2019,280,0.900000
LOS ANGELES,2019,279,
LOS ANGELES,2019,278,
LOS ANGELES,2019,277,0.900000
LOS ANGELES,2019,276,0.900000
LOS ANGELES,2019,275,0.900000
LOS ANGELES,2019,274,0.900000
LOS ANGELES,2019,273,1.250000
LOS ANGELES,2019,272,
LOS ANGELES,2019,271,
LOS ANGELES,2019,270,1.250000
LOS ANGELES,2019,269,1.250000
LOS ANGELES,2019,268,1.250000
LOS ANGELES,2019,267,1.750000
LOS ANGELES,2019,266,1.750000
LOS ANGELES,2019,265,
LOS ANGELES,2019,264,
LOS ANGELES,2019,263,1.750000
LOS ANGELES,2019,262,1.750000
LOS ANGELES,2019,261,1.750000
LOS ANGELES,2019,260,1.750000
LOS ANGELES,2019,259,2.250000
LOS ANGELES,2019,258,
LOS ANGELES,2019,257,
LOS ANGELES,2019,256,2.250000
LOS ANGELES,2019,255,2.250000
LOS ANGELES,2019,254,2.250000
LOS ANGELES,2019,253,2.250000
LOS ANGELES,2019,252,2.250000
LOS ANGELES,2019,251,
LOS ANGELES,2019,250,
LOS ANGELES,2019,249,2.250000
LOS ANGELES,2019,248,2.250000
LOS ANGELES,2019,247,2.250000
LOS ANGELES,2019,246,2.250000
LOS ANGELES,2019,245,
LOS ANGELES,2019,244,
LOS ANGELES,2019,243,
LOS ANGELES,2019,242,2.250000
LOS ANGELES,2019,241,2.250000
LOS ANGELES,2019,240,2.250000
LOS ANGELES,2019,239,2.250000
LOS ANGELES,2019,238,2.900000
LOS ANGELES,2019,237,
LOS ANGELES,2019,236,
LOS ANGELES,2019,235,2.900000
LOS ANGELES,2019,234,2.900000
LOS ANGELES,2019,233,2.900000
LOS ANGELES,2019,232,3.250000
LOS ANGELES,2019,231,3.250000
LOS ANGELES,2019,230,
LOS ANGELES,2019,229,
LOS ANGELES,2019,228,
LOS ANGELES,2019,227,3.250000
LOS ANGELES,2019,226,3.250000
LOS ANGELES,2019,225,3.250000
LOS ANGELES,2019,224,3.250000
LOS ANGELES,2019,223,
LOS ANGELES,2019,222,
LOS ANGELES,2019,221,3.250000
LOS ANGELES,2019,220,3.250000
LOS ANGELES,2019,219,3.250000
LOS ANGELES,2019,218,3.250000
LOS ANGELES,2019,217,3.250000
LOS ANGELES,2019,216,
LOS ANGELES,2019,215,
LOS ANGELES,2019,214,3.250000
LOS ANGELES,2019,213,3.250000
LOS ANGELES,2019,212,3.250000
LOS ANGELES,2019,211,3.250000
LOS ANGELES,2019,210,3.250000
LOS ANGELES,2019,209,
LOS ANGELES,2019,208,
LOS ANGELES,2019,207,3.500000
LOS ANGELES,2019,206,3.500000
LOS ANGELES,2019,205,3.500000
LOS ANGELES,2019,204,6.500000
LOS ANGELES,2019,203,6.500000
LOS ANGELES,2019,202,
LOS ANGELES,2019,201,
LOS ANGELES,2019,200,6.500000
LOS ANGELES,2019,199,6.500000
LOS ANGELES,2019,198,6.500000
LOS ANGELES,2019,197,6.500000
LOS ANGELES,2019,196,6.500000
LOS ANGELES,2019,195,
LOS ANGELES,2019,194,
LOS ANGELES,2019,193,6.500000
LOS ANGELES,2019,192,6.500000
LOS ANGELES,2019,191,8.000000
LOS ANGELES,2019,190,8.000000
LOS ANGELES,2019,189,8.000000
LOS ANGELES,2019,188,
LOS ANGELES,2019,187,
LOS ANGELES,2019,186,8.000000
LOS ANGELES,2019,185,
LOS ANGELES,2019,184,8.000000
LOS ANGELES,2019,183,8.000000
LOS ANGELES,2019,182,8.000000
LOS ANGELES,2019,181,
LOS ANGELES,2019,180,
LOS ANGELES,2019,179,8.000000
LOS ANGELES,2019,178,8.000000
LOS ANGELES,2019,177,
LOS ANGELES,2019,176,
LOS ANGELES,2019,175,
LOS ANGELES,2019,174,
LOS ANGELES,2019,173,
LOS ANGELES,2019,172,
LOS ANGELES,2019,171,
LOS ANGELES,2019,170,
LOS ANGELES,2019,169,
LOS ANGELES,2019,168,
LOS ANGELES,2019,167,
LOS ANGELES,2019,166,
LOS ANGELES,2019,165,
LOS ANGELES,2019,164,
LOS ANGELES,2019,163,
LOS ANGELES,2019,162,
LOS ANGELES,2019,161,
LOS ANGELES,2019,160,
LOS ANGELES,2019,159,
LOS ANGELES,2019,158,
LOS ANGELES,2019,157,
LOS ANGELES,2019,156,
LOS ANGELES,2019,155,
LOS ANGELES,2019,154,
LOS ANGELES,2019,153,
LOS ANGELES,2019,152,
LOS ANGELES,2019,151,
LOS ANGELES,2019,150,
LOS ANGELES,2019,149,
LOS ANGELES,2019,148,
LOS ANGELES,2019,147,
LOS ANGELES,2019,146,
LOS ANGELES,2019,145,
LOS ANGELES,2019,144,
LOS ANGELES,2019,143,
LOS ANGELES,2019,142,
LOS ANGELES,2019,141,
LOS ANGELES,2019,140,
LOS ANGELES,2019,139,
LOS ANGELES,2019,138,
LOS ANGELES,2019,137,
LOS ANGELES,2019,136,
LOS ANGELES,2019,135,
LOS ANGELES,2019,134,
LOS ANGELES,2019,133,
LOS ANGELES,2019,132,
LOS ANGELES,2019,131,
LOS ANGELES,2019,130,
LOS ANGELES,2019,129,
LOS ANGELES,2019,128,
LOS ANGELES,2019,127,
LOS ANGELES,2019,126,
LOS ANGELES,2019,125,
LOS ANGELES,2019,124,
LOS ANGELES,2019,123,
LOS ANGELES,2019,122,
LOS ANGELES,2019,121,
LOS ANGELES,2019,120,
LOS ANGELES,2019,119,
LOS ANGELES,2019,118,
LOS ANGELES,2019,117,
LOS ANGELES,2019,116,
LOS ANGELES,2019,115,
LOS ANGELES,2019,114,
LOS ANGELES,2019,113,
LOS ANGELES,2019,112,
LOS ANGELES,2019,111,
LOS ANGELES,2019,110,
LOS ANGELES,2019,109,
LOS ANGELES,2019,108,
LOS ANGELES,2019,107,
LOS ANGELES,2019,106,
LOS ANGELES,2019,105,
LOS ANGELES,2019,104,
LOS ANGELES,2019,103,
LOS ANGELES,2019,102,
LOS ANGELES,2019,101,
LOS ANGELES,2019,100,
LOS ANGELES,2019,99,
LOS ANGELES,2019,98,
LOS ANGELES,2019,97,
LOS ANGELES,2019,96,
LOS ANGELES,2019,95,
LOS ANGELES,2019,94,
LOS ANGELES,2019,93,
LOS ANGELES,2019,92,
LOS ANGELES,2019,91,
LOS ANGELES,2019,90,
LOS ANGELES,2019,89,
LOS ANGELES,2019,88,
LOS ANGELES,2019,87,
LOS ANGELES,2019,86,
LOS ANGELES,2019,85,
LOS ANGELES,2019,84,
LOS ANGELES,2019,83,
LOS ANGELES,2019,82,
LOS ANGELES,2019,81,
LOS ANGELES,2019,80,
LOS ANGELES,2019,79,
LOS ANGELES,2019,78,
LOS ANGELES,2019,77,
LOS ANGELES,2019,76,
LOS ANGELES,2019,75,
LOS ANGELES,2019,74,
LOS ANGELES,2019,73,
LOS ANGELES,2019,72,
LOS ANGELES,2019,71,
LOS ANGELES,2019,70,
LOS ANGELES,2019,69,
LOS ANGELES,2019,68,
LOS ANGELES,2019,67,
LOS ANGELES,2019,66,
LOS ANGELES,2019,65,
LOS ANGELES,2019,64,
LOS ANGELES,2019,63,
LOS ANGELES,2019,62,
LOS ANGELES,2019,61,
LOS ANGELES,2019,60,
LOS ANGELES,2019,59,
LOS ANGELES,2019,58,
LOS ANGELES,2019,57,
LOS ANGELES,2019,56,
LOS ANGELES,2019,55,
LOS ANGELES,2019,54,
LOS ANGELES,2019,53,
LOS ANGELES,2019,52,
LOS ANGELES,2019,51,
LOS ANGELES,2019,50,
LOS ANGELES,2019,49,
LOS ANGELES,2019,48,
LOS ANGELES,2019,47,
LOS ANGELES,2019,46,
LOS ANGELES,2019,45,
LOS ANGELES,2019,44,
LOS ANGELES,2019,43,
LOS ANGELES,2019,42,
LOS ANGELES,2019,41,
LOS ANGELES,2019,40,
LOS ANGELES,2019,39,
LOS ANGELES,2019,38,
LOS ANGELES,2019,37,
LOS ANGELES,2019,36,
LOS ANGELES,2019,35,
LOS ANGELES,2019,34,
LOS ANGELES,2019,33,
LOS ANGELES,2019,32,
LOS ANGELES,2019,31,
LOS ANGELES,2019,30,
LOS ANGELES,2019,29,
LOS ANGELES,2019,28,
LOS ANGELES,2019,27,
LOS ANGELES,2019,26,
LOS ANGELES,2019,25,
LOS ANGELES,2019,24,
LOS ANGELES,2019,23,
LOS ANGELES,2019,22,
LOS ANGELES,2019,21,
LOS ANGELES,2019,20,
LOS ANGELES,2019,19,
LOS ANGELES,2019,18,
LOS ANGELES,2019,17,
LOS ANGELES,2019,16,
LOS ANGELES,2019,15,
LOS ANGELES,2019,14,
LOS ANGELES,2019,13,
LOS ANGELES,2019,12,
LOS ANGELES,2019,11,
LOS ANGELES,2019,10,
LOS ANGELES,2019,9,
LOS ANGELES,2019,8,
LOS ANGELES,2019,7,
LOS ANGELES,2019,6,
LOS ANGELES,2019,5,
LOS ANGELES,2019,4,
LOS ANGELES,2019,3,
LOS ANGELES,2019,2,
NEW YORK,2019,366,
NEW YORK,2019,365,26.000000
NEW YORK,2019,364,26.000000
NEW YORK,2019,363,
NEW YORK,2019,362,
NEW YORK,2019,361,26.000000
NEW YORK,2019,360,
NEW YORK,2019,359,
NEW YORK,2019,358,
NEW YORK,2019,357,26.000000
NEW YORK,2019,356,
NEW YORK,2019,355,
NEW YORK,2019,354,26.000000
NEW YORK,2019,353,26.000000
NEW YORK,2019,352,26.000000
NEW YORK,2019,351,26.000000
NEW YORK,2019,350,26.000000
NEW YORK,2019,349,
NEW YORK,2019,348,
NEW YORK,2019,347,26.000000
NEW YORK,2019,346,26.000000
NEW YORK,2019,345,26.000000
NEW YORK,2019,344,26.000000
NEW YORK,2019,343,26.000000
NEW YORK,2019,342,
NEW YORK,2019,341,
NEW YORK,2019,340,26.000000
NEW YORK,2019,339,23.750000
NEW YORK,2019,338,23.750000
NEW YORK,2019,337,23.750000
NEW YORK,2019,336,26.000000
NEW YORK,2019,335,
NEW YORK,2019,334,
NEW YORK,2019,333,
NEW YORK,2019,332,
NEW YORK,2019,331,26.000000
NEW YORK,2019,330,26.000000
NEW YORK,2019,329,26.000000
NEW YORK,2019,328,
NEW YORK,2019,327,
NEW YORK,2019,326,26.000000
NEW YORK,2019,325,26.000000
NEW YORK,2019,324,26.000000
NEW YORK,2019,323,26.000000
NEW YORK,2019,322,26.000000
NEW YORK,2019,321,
NEW YORK,2019,320,
NEW YORK,2019,319,26.000000
NEW YORK,2019,318,26.000000
NEW YORK,2019,317,26.000000
NEW YORK,2019,316,
NEW YORK,2019,315,
NEW YORK,2019,314,
NEW YORK,2019,313,
NEW YORK,2019,312,
NEW YORK,2019,311,
NEW YORK,2019,310,
NEW YORK,2019,309,
NEW YORK,2019,308,
NEW YORK,2019,307,
NEW YORK,2019,306,
NEW YORK,2019,305,
NEW YORK,2019,304,
NEW YORK,2019,303,
NEW YORK,2019,302,
NEW YORK,2019,301,
NEW YORK,2019,300,
NEW YORK,2019,299,
NEW YORK,2019,298,
NEW YORK,2019,297,
NEW YORK,2019,296,
NEW YORK,2019,295,
NEW YORK,2019,294,
NEW YORK,2019,293,
NEW YORK,2019,292,
NEW YORK,2019,291,
NEW YORK,2019,290,
NEW YORK,2019,289,
NEW YORK,2019,288,
NEW YORK,2019,287,
NEW YORK,2019,286,
NEW YORK,2019,285,
NEW YORK,2019,284,
NEW YORK,2019,283,
NEW YORK,2019,282,
NEW YORK,2019,281,
NEW YORK,2019,280,
NEW YORK,2019,279,
NEW YORK,2019,278,
NEW YORK,2019,277,
NEW YORK,2019,276,
NEW YORK,2019,275,
NEW YORK,2019,274,
NEW YORK,2019,273,
NEW YORK,2019,272,
NEW YORK,2019,271,
NEW YORK,2019,270,
NEW YORK,2019,269,
NEW YORK,2019,268,
NEW YORK,2019,267,
NEW YORK,2019,266,
NEW YORK,2019,265,
NEW YORK,2019,264,
NEW YORK,2019,263,
NEW YORK,2019,262,
NEW YORK,2019,261,
NEW YORK,2019,260,
NEW YORK,2019,259,
NEW YORK,2019,258,
NEW YORK,2019,257,
NEW YORK,2019,256,
NEW YORK,2019,255,
NEW YORK,2019,254,
NEW YORK,2019,253,
NEW YORK,2019,252,
NEW YORK,2019,251,
NEW YORK,2019,250,
NEW YORK,2019,249,
NEW YORK,2019,248,
NEW YORK,2019,247,
NEW YORK,2019,246,
NEW YORK,2019,245,
NEW YORK,2019,244,
NEW YORK,2019,243,
NEW YORK,2019,242,
NEW YORK,2019,241,
NEW YORK,2019,240,
NEW YORK,2019,239,
NEW YORK,2019,238,
NEW YORK,2019,237,
NEW YORK,2019,236,
NEW YORK,2019,235,
NEW YORK,2019,234,
NEW YORK,2019,233,
NEW YORK,2019,232,
NEW YORK,2019,231,
NEW YORK,2019,230,
NEW YORK,2019,229,
NEW YORK,2019,228,
NEW YORK,2019,227,
NEW YORK,2019,226,
NEW YORK,2019,225,
NEW YORK,2019,224,
NEW YORK,2019,223,
NEW YORK,2019,222,
NEW YORK,2019,221,
NEW YORK,2019,220,
NEW YORK,2019,219,
NEW YORK,2019,218,
NEW YORK,2019,217,
NEW YORK,2019,216,
NEW YORK,2019,215,
NEW YORK,2019,214,
NEW YORK,2019,213,
NEW YORK,2019,212,
NEW YORK,2019,211,
NEW YORK,2019,210,
NEW YORK,2019,209,
NEW YORK,2019,208,
NEW YORK,2019,207,
NEW YORK,2019,206,
NEW YORK,2019,205,
NEW YORK,2019,204,
NEW YORK,2019,203,
NEW YORK,2019,202,
NEW YORK,2019,201,
NEW YORK,2019,200,
NEW YORK,2019,199,
NEW YORK,2019,198,
NEW YORK,2019,197,
NEW YORK,2019,196,
NEW YORK,2019,195,
NEW YORK,2019,194,
NEW YORK,2019,193,
NEW YORK,2019,192,
NEW YORK,2019,191,
NEW YORK,2019,190,
NEW YORK,2019,189,
NEW YORK,2019,188,
NEW YORK,2019,187,
NEW YORK,2019,186,
NEW YORK,2019,185,
NEW YORK,2019,184,
NEW YORK,2019,183,
NEW YORK,2019,182,
NEW YORK,2019,181,
NEW YORK,2019,180,
NEW YORK,2019,179,
NEW YORK,2019,178,
NEW YORK,2019,177,
NEW YORK,2019,176,
NEW YORK,2019,175,
NEW YORK,2019,174,
NEW YORK,2019,173,
NEW YORK,2019,172,
NEW YORK,2019,171,
NEW YORK,2019,170,
NEW YORK,2019,169,
NEW YORK,2019,168,
NEW YORK,2019,167,
NEW YORK,2019,166,
NEW YORK,2019,165,
NEW YORK,2019,164,
NEW YORK,2019,163,
NEW YORK,2019,162,
NEW YORK,2019,161,
NEW YORK,2019,160,
NEW YORK,2019,159,
NEW YORK,2019,158,
NEW YORK,2019,157,
NEW YORK,2019,156,
NEW YORK,2019,155,
NEW YORK,2019,154,
NEW YORK,2019,153,
NEW YORK,2019,152,
NEW YORK,2019,151,
NEW YORK,2019,150,
NEW YORK,2019,149,
NEW YORK,2019,148,
NEW YORK,2019,147,
NEW YORK,2019,146,
NEW YORK,2019,145,
NEW YORK,2019,144,
NEW YORK,2019,143,
NEW YORK,2019,142,
NEW YORK,2019,141,
NEW YORK,2019,140,
NEW YORK,2019,139,
NEW YORK,2019,138,
NEW YORK,2019,137,
NEW YORK,2019,136,
NEW YORK,2019,135,
NEW YORK,2019,134,
NEW YORK,2019,133,
NEW YORK,2019,132,
NEW YORK,2019,131,
NEW YORK,2019,130,
NEW YORK,2019,129,
NEW YORK,2019,128,
NEW YORK,2019,127,
NEW YORK,2019,126,
NEW YORK,2019,125,
NEW YORK,2019,124,
NEW YORK,2019,123,
NEW YORK,2019,122,
NEW YORK,2019,121,
NEW YORK,2019,120,
NEW YORK,2019,119,
NEW YORK,2019,118,
NEW YORK,2019,117,
NEW YORK,2019,116,
NEW YORK,2019,115,
NEW YORK,2019,114,
NEW YORK,2019,113,
NEW YORK,2019,112,
NEW YORK,2019,111,
NEW YORK,2019,110,
NEW YORK,2019,109,
NEW YORK,2019,108,
NEW YORK,2019,107,
NEW YORK,2019,106,
NEW YORK,2019,105,
NEW YORK,2019,104,
NEW YORK,2019,103,
NEW YORK,2019,102,
NEW YORK,2019,101,
NEW YORK,2019,100,
NEW YORK,2019,99,
NEW YORK,2019,98,
NEW YORK,2019,97,
NEW YORK,2019,96,
NEW YORK,2019,95,
NEW YORK,2019,94,
NEW YORK,2019,93,
NEW YORK,2019,92,
NEW YORK,2019,91,
NEW YORK,2019,90,
NEW YORK,2019,89,
NEW YORK,2019,88,
NEW YORK,2019,87,
NEW YORK,2019,86,
NEW YORK,2019,85,
NEW YORK,2019,84,
NEW YORK,2019,83,
NEW YORK,2019,82,
NEW YORK,2019,81,
NEW YORK,2019,80,
NEW YORK,2019,79,
NEW YORK,2019,78,
NEW YORK,2019,77,
NEW YORK,2019,76,
NEW YORK,2019,75,
NEW YORK,2019,74,
NEW YORK,2019,73,
NEW YORK,2019,72,
NEW YORK,2019,71,
NEW YORK,2019,70,
NEW YORK,2019,69,
NEW YORK,2019,68,
NEW YORK,2019,67,
NEW YORK,2019,66,
NEW YORK,2019,65,
NEW YORK,2019,64,
NEW YORK,2019,63,
NEW YORK,2019,62,
NEW YORK,2019,61,
NEW YORK,2019,60,
NEW YORK,2019,59,
NEW YORK,2019,58,
NEW YORK,2019,57,
NEW YORK,2019,56,
NEW YORK,2019,55,
NEW YORK,2019,54,
NEW YORK,2019,53,
NEW YORK,2019,52,
NEW YORK,2019,51,
NEW YORK,2019,50,
NEW YORK,2019,49,
NEW YORK,2019,48,
NEW YORK,2019,47,
NEW YORK,2019,46,
NEW YORK,2019,45,
NEW YORK,2019,44,
NEW YORK,2019,43,
NEW YORK,2019,42,
NEW YORK,2019,41,
NEW YORK,2019,40,
NEW YORK,2019,39,
NEW YORK,2019,38,
NEW YORK,2019,37,
NEW YORK,2019,36,
NEW YORK,2019,35,
NEW YORK,2019,34,
NEW YORK,2019,33,
NEW YORK,2019,32,
NEW YORK,2019,31,
NEW YORK,2019,30,
NEW YORK,2019,29,
NEW YORK,2019,28,
NEW YORK,2019,27,
NEW YORK,2019,26,
NEW YORK,2019,25,
NEW YORK,2019,24,
NEW YORK,2019,23,
NEW YORK,2019,22,
NEW YORK,2019,21,
NEW YORK,2019,20,
NEW YORK,2019,19,
NEW YORK,2019,18,
NEW YORK,2019,17,
NEW YORK,2019,16,
NEW YORK,2019,15,
NEW YORK,2019,14,
NEW YORK,2019,13,
NEW YORK,2019,12,
NEW YORK,2019,11,
NEW YORK,2019,10,
NEW YORK,2019,9,
NEW YORK,2019,8,
NEW YORK,2019,7,
NEW YORK,2019,6,
NEW YORK,2019,5,
NEW YORK,2019,4,
NEW YORK,2019,3,
NEW YORK,2019,2,
PHILADELPHIA,2019,366,
PHILADELPHIA,2019,365,
PHILADELPHIA,2019,364,
PHILADELPHIA,2019,363,
PHILADELPHIA,2019,362,
PHILADELPHIA,2019,361,
PHILADELPHIA,2019,360,
PHILADELPHIA,2019,359,
PHILADELPHIA,2019,358,
PHILADELPHIA,2019,357,
PHILADELPHIA,2019,356,
PHILADELPHIA,2019,355,
PHILADELPHIA,2019,354,
PHILADELPHIA,2019,353,
PHILADELPHIA,2019,352,
PHILADELPHIA,2019,351,
PHILADELPHIA,2019,350,
PHILADELPHIA,2019,349,
PHILADELPHIA,2019,348,
PHILADELPHIA,2019,347,
PHILADELPHIA,2019,346,
PHILADELPHIA,2019,345,
PHILADELPHIA,2019,344,
PHILADELPHIA,2019,343,
PHILADELPHIA,2019,342,
PHILADELPHIA,2019,341,
PHILADELPHIA,2019,340,
PHILADELPHIA,2019,339,
PHILADELPHIA,2019,338,
PHILADELPHIA,2019,337,
PHILADELPHIA,2019,336,
PHILADELPHIA,2019,335,
PHILADELPHIA,2019,334,
PHILADELPHIA,2019,333,
PHILADELPHIA,2019,332,
PHILADELPHIA,2019,331,
PHILADELPHIA,2019,330,
PHILADELPHIA,2019,329,
PHILADELPHIA,2019,328,
PHILADELPHIA,2019,327,
PHILADELPHIA,2019,326,
PHILADELPHIA,2019,325,
PHILADELPHIA,2019,324,
PHILADELPHIA,2019,323,
PHILADELPHIA,2019,322,
PHILADELPHIA,2019,321,
PHILADELPHIA,2019,320,
PHILADELPHIA,2019,319,
PHILADELPHIA,2019,318,
PHILADELPHIA,2019,317,
PHILADELPHIA,2019,316,
PHILADELPHIA,2019,315,
PHILADELPHIA,2019,314,
PHILADELPHIA,2019,313,
PHILADELPHIA,2019,312,
PHILADELPHIA,2019,311,
PHILADELPHIA,2019,310,
PHILADELPHIA,2019,309,
PHILADELPHIA,2019,308,
PHILADELPHIA,2019,307,
PHILADELPHIA,2019,306,
PHILADELPHIA,2019,305,
PHILADELPHIA,2019,304,
PHILADELPHIA,2019,303,
PHILADELPHIA,2019,302,
PHILADELPHIA,2019,301,
PHILADELPHIA,2019,300,
PHILADELPHIA,2019,299,
PHILADELPHIA,2019,298,
PHILADELPHIA,2019,297,
PHILADELPHIA,2019,296,
PHILADELPHIA,2019,295,
PHILADELPHIA,2019,294,
PHILADELPHIA,2019,293,
PHILADELPHIA,2019,292,
PHILADELPHIA,2019,291,
PHILADELPHIA,2019,290,
PHILADELPHIA,2019,289,
PHILADELPHIA,2019,288,
PHILADELPHIA,2019,287,
PHILADELPHIA,2019,286,
PHILADELPHIA,2019,285,
PHILADELPHIA,2019,284,
PHILADELPHIA,2019,283,
PHILADELPHIA,2019,282,
PHILADELPHIA,2019,281,
PHILADELPHIA,2019,280,
PHILADELPHIA,2019,279,
PHILADELPHIA,2019,278,
PHILADELPHIA,2019,277,
PHILADELPHIA,2019,276,
PHILADELPHIA,2019,275,
PHILADELPHIA,2019,274,
PHILADELPHIA,2019,273,
PHILADELPHIA,2019,272,
PHILADELPHIA,2019,271,
PHILADELPHIA,2019,270,
PHILADELPHIA,2019,269,
PHILADELPHIA,2019,268,
PHILADELPHIA,2019,267,
PHILADELPHIA,2019,266,
PHILADELPHIA,2019,265,
PHILADELPHIA,2019,264,
PHILADELPHIA,2019,263,
PHILADELPHIA,2019,262,
PHILADELPHIA,2019,261,
PHILADELPHIA,2019,260,
PHILADELPHIA,2019,259,
PHILADELPHIA,2019,258,
PHILADELPHIA,2019,257,
PHILADELPHIA,2019,256,
PHILADELPHIA,2019,255,
PHILADELPHIA,2019,254,
PHILADELPHIA,2019,253,
PHILADELPHIA,2019,252,
PHILADELPHIA,2019,251,
PHILADELPHIA,2019,250,
PHILADELPHIA,2019,249,
PHILADELPHIA,2019,248,
PHILADELPHIA,2019,247,
PHILADELPHIA,2019,246,
PHILADELPHIA,2019,245,
PHILADELPHIA,2019,244,
PHILADELPHIA,2019,243,
PHILADELPHIA,2019,242,
PHILADELPHIA,2019,241,
PHILADELPHIA,2019,240,
PHILADELPHIA,2019,239,
PHILADELPHIA,2019,238,
PHILADELPHIA,2019,237,
PHILADELPHIA,2019,236,
PHILADELPHIA,2019,235,
PHILADELPHIA,2019,234,
PHILADELPHIA,2019,233,
PHILADELPHIA,2019,232,
PHILADELPHIA,2019,231,
PHILADELPHIA,2019,230,
PHILADELPHIA,2019,229,
PHILADELPHIA,2019,228,
PHILADELPHIA,2019,227,
PHILADELPHIA,2019,226,
PHILADELPHIA,2019,225,
PHILADELPHIA,2019,224,
PHILADELPHIA,2019,223,
PHILADELPHIA,2019,222,
PHILADELPHIA,2019,221,
PHILADELPHIA,2019,220,
PHILADELPHIA,2019,219,
PHILADELPHIA,2019,218,
PHILADELPHIA,2019,217,
PHILADELPHIA,2019,216,
PHILADELPHIA,2019,215,
PHILADELPHIA,2019,214,
PHILADELPHIA,2019,213,
PHILADELPHIA,2019,212,
PHILADELPHIA,2019,211,
PHILADELPHIA,2019,210,
PHILADELPHIA,2019,209,
PHILADELPHIA,2019,208,
PHILADELPHIA,2019,207,
PHILADELPHIA,2019,206,
PHILADELPHIA,2019,205,
PHILADELPHIA,2019,204,
PHILADELPHIA,2019,203,
PHILADELPHIA,2019,202,
PHILADELPHIA,2019,201,
PHILADELPHIA,2019,200,
PHILADELPHIA,2019,199,
PHILADELPHIA,2019,198,
PHILADELPHIA,2019,197,
PHILADELPHIA,2019,196,
PHILADELPHIA,2019,195,
PHILADELPHIA,2019,194,
PHILADELPHIA,2019,193,
PHILADELPHIA,2019,192,
PHILADELPHIA,2019,191,
PHILADELPHIA,2019,190,
PHILADELPHIA,2019,189,
PHILADELPHIA,2019,188,
PHILADELPHIA,2019,187,
PHILADELPHIA,2019,186,
PHILADELPHIA,2019,185,
PHILADELPHIA,2019,184,
PHILADELPHIA,2019,183,
PHILADELPHIA,2019,182,
PHILADELPHIA,2019,181,
PHILADELPHIA,2019,180,
PHILADELPHIA,2019,179,
PHILADELPHIA,2019,178,
PHILADELPHIA,2019,177,
PHILADELPHIA,2019,176,
PHILADELPHIA,2019,175,
PHILADELPHIA,2019,174,
PHILADELPHIA,2019,173,
PHILADELPHIA,2019,172,
PHILADELPHIA,2019,171,
PHILADELPHIA,2019,170,
PHILADELPHIA,2019,169,
PHILADELPHIA,2019,168,
PHILADELPHIA,2019,167,
PHILADELPHIA,2019,166,
PHILADELPHIA,2019,165,
PHILADELPHIA,2019,164,
PHILADELPHIA,2019,163,
PHILADELPHIA,2019,162,
PHILADELPHIA,2019,161,
PHILADELPHIA,2019,160,
PHILADELPHIA,2019,159,
PHILADELPHIA,2019,158,
PHILADELPHIA,2019,157,
PHILADELPHIA,2019,156,
PHILADELPHIA,2019,155,
PHILADELPHIA,2019,154,
PHILADELPHIA,2019,153,
PHILADELPHIA,2019,152,
PHILADELPHIA,2019,151,
PHILADELPHIA,2019,150,
PHILADELPHIA,2019,149,
PHILADELPHIA,2019,148,
PHILADELPHIA,2019,147,
PHILADELPHIA,2019,146,
PHILADELPHIA,2019,145,
PHILADELPHIA,2019,144,
PHILADELPHIA,2019,143,
PHILADELPHIA,2019,142,
PHILADELPHIA,2019,141,
PHILADELPHIA,2019,140,
PHILADELPHIA,2019,139,
PHILADELPHIA,2019,138,
PHILADELPHIA,2019,137,
PHILADELPHIA,2019,136,
PHILADELPHIA,2019,135,
PHILADELPHIA,2019,134,
PHILADELPHIA,2019,133,
PHILADELPHIA,2019,132,
PHILADELPHIA,2019,131,
PHILADELPHIA,2019,130,
PHILADELPHIA,2019,129,
PHILADELPHIA,2019,128,
PHILADELPHIA,2019,127,
PHILADELPHIA,2019,126,
PHILADELPHIA,2019,125,
PHILADELPHIA,2019,124,
PHILADELPHIA,2019,123,
PHILADELPHIA,2019,122,
PHILADELPHIA,2019,121,
PHILADELPHIA,2019,120,
PHILADELPHIA,2019,119,
PHILADELPHIA,2019,118,
PHILADELPHIA,2019,117,
PHILADELPHIA,2019,116,
PHILADELPHIA,2019,115,
PHILADELPHIA,2019,114,
PHILADELPHIA,2019,113,
PHILADELPHIA,2019,112,
PHILADELPHIA,2019,111,
PHILADELPHIA,2019,110,
PHILADELPHIA,2019,109,
PHILADELPHIA,2019,108,
PHILADELPHIA,2019,107,40.000000
PHILADELPHIA,2019,106,40.000000
PHILADELPHIA,2019,105,40.000000
PHILADELPHIA,2019,104,
PHILADELPHIA,2019,103,
PHILADELPHIA,2019,102,42.000000
PHILADELPHIA,2019,101,42.000000
PHILADELPHIA,2019,100,42.000000
PHILADELPHIA,2019,99,42.000000
PHILADELPHIA,2019,98,42.000000
PHILADELPHIA,2019,97,
PHILADELPHIA,2019,96,
PHILADELPHIA,2019,95,41.000000
PHILADELPHIA,2019,94,41.000000
PHILADELPHIA,2019,93,41.000000
PHILADELPHIA,2019,92,41.000000
PHILADELPHIA,2019,91,41.000000
PHILADELPHIA,2019,90,
PHILADELPHIA,2019,89,
PHILADELPHIA,2019,88,41.000000
PHILADELPHIA,2019,87,41.000000
PHILADELPHIA,2019,86,41.000000
PHILADELPHIA,2019,85,41.000000
PHILADELPHIA,2019,84,39.500000
PHILADELPHIA,2019,83,
PHILADELPHIA,2019,82,
PHILADELPHIA,2019,81,39.500000
PHILADELPHIA,2019,80,39.500000
PHILADELPHIA,2019,79,39.500000
PHILADELPHIA,2019,78,39.500000
PHILADELPHIA,2019,77,41.000000
PHILADELPHIA,2019,76,
PHILADELPHIA,2019,75,
PHILADELPHIA,2019,74,41.000000
PHILADELPHIA,2019,73,41.000000
PHILADELPHIA,2019,72,41.000000
PHILADELPHIA,2019,71,41.000000
PHILADELPHIA,2019,70,41.000000
PHILADELPHIA,2019,69,
PHILADELPHIA,2019,68,
PHILADELPHIA,2019,67,41.000000
PHILADELPHIA,2019,66,41.000000
PHILADELPHIA,2019,65,41.000000
PHILADELPHIA,2019,64,41.000000
PHILADELPHIA,2019,63,40.000000
PHILADELPHIA,2019,62,
PHILADELPHIA,2019,61,
PHILADELPHIA,2019,60,40.000000
PHILADELPHIA,2019,59,40.000000
PHILADELPHIA,2019,58,40.000000
PHILADELPHIA,2019,57,
PHILADELPHIA,2019,56,42.000000
PHILADELPHIA,2019,55,
PHILADELPHIA,2019,54,
PHILADELPHIA,2019,53,42.000000
PHILADELPHIA,2019,52,42.000000
PHILADELPHIA,2019,51,42.000000
PHILADELPHIA,2019,50,42.000000
PHILADELPHIA,2019,49,
PHILADELPHIA,2019,48,
PHILADELPHIA,2019,47,
PHILADELPHIA,2019,46,42.000000
PHILADELPHIA,2019,45,42.000000
PHILADELPHIA,2019,44,42.000000
PHILADELPHIA,2019,43,42.000000
PHILADELPHIA,2019,42,42.000000
PHILADELPHIA,2019,41,
PHILADELPHIA,2019,40,
PHILADELPHIA,2019,39,34.000000
PHILADELPHIA,2019,38,34.000000
PHILADELPHIA,2019,37,34.000000
PHILADELPHIA,2019,36,34.000000
PHILADELPHIA,2019,35,34.000000
PHILADELPHIA,2019,34,
PHILADELPHIA,2019,33,
PHILADELPHIA,2019,32,34.000000
PHILADELPHIA,2019,31,34.000000
PHILADELPHIA,2019,30,34.000000
PHILADELPHIA,2019,29,34.000000
PHILADELPHIA,2019,28,34.000000
PHILADELPHIA,2019,27,
PHILADELPHIA,2019,26,
PHILADELPHIA,2019,25,30.000000
PHILADELPHIA,2019,24,30.000000
PHILADELPHIA,2019,23,30.000000
PHILADELPHIA,2019,22,30.000000
PHILADELPHIA,2019,21,
PHILADELPHIA,2019,20,
PHILADELPHIA,2019,19,
PHILADELPHIA,2019,18,
PHILADELPHIA,2019,17,
PHILADELPHIA,2019,16,
PHILADELPHIA,2019,15,
PHILADELPHIA,2019,14,
PHILADELPHIA,2019,13,
PHILADELPHIA,2019,12,
PHILADELPHIA,2019,11,
PHILADELPHIA,2019,10,
PHILADELPHIA,2019,9,
PHILADELPHIA,2019,8,
PHILADELPHIA,2019,7,
PHILADELPHIA,2019,6,
PHILADELPHIA,2019,5,
PHILADELPHIA,2019,4,30.000000
PHILADELPHIA,2019,3,30.000000
PHILADELPHIA,2019,2,30.000000
BALTIMORE,2018,366,
BALTIMORE,2018,365,27.500000
BALTIMORE,2018,364,
BALTIMORE,2018,363,
BALTIMORE,2018,362,28.000000
BALTIMORE,2018,361,
BALTIMORE,2018,360,
BALTIMORE,2018,359,
BALTIMORE,2018,358,
BALTIMORE,2018,357,
BALTIMORE,2018,356,
BALTIMORE,2018,355,
BALTIMORE,2018,354,
BALTIMORE,2018,353,
BALTIMORE,2018,352,
BALTIMORE,2018,351,
BALTIMORE,2018,350,
BALTIMORE,2018,349,
BALTIMORE,2018,348,
BALTIMORE,2018,347,
BALTIMORE,2018,346,
BALTIMORE,2018,345,
BALTIMORE,2018,344,
BALTIMORE,2018,343,
BALTIMORE,2018,342,
BALTIMORE,2018,341,
BALTIMORE,2018,340,
BALTIMORE,2018,339,
BALTIMORE,2018,338,
BALTIMORE,2018,337,
BALTIMORE,2018,336,
BALTIMORE,2018,335,
BALTIMORE,2018,334,
BALTIMORE,2018,333,
BALTIMORE,2018,332,
BALTIMORE,2018,331,
BALTIMORE,2018,330,
BALTIMORE,2018,329,
BALTIMORE,2018,328,
BALTIMORE,2018,327,
BALTIMORE,2018,326,
BALTIMORE,2018,325,
BALTIMORE,2018,324,
BALTIMORE,2018,323,
BALTIMORE,2018,322,
BALTIMORE,2018,321,
BALTIMORE,2018,320,26.000000
BALTIMORE,2018,319,
BALTIMORE,2018,318,
BALTIMORE,2018,317,
BALTIMORE,2018,316,
BALTIMORE,2018,315,
BALTIMORE,2018,314,
BALTIMORE,2018,313,28.000000
BALTIMORE,2018,312,28.000000
BALTIMORE,2018,311,28.000000
BALTIMORE,2018,310,28.000000
BALTIMORE,2018,309,28.000000
BALTIMORE,2018,308,
BALTIMORE,2018,307,
BALTIMORE,2018,306,24.000000
BALTIMORE,2018,305,24.000000
BALTIMORE,2018,304,24.000000
BALTIMORE,2018,303,24.000000
BALTIMORE,2018,302,24.000000
BALTIMORE,2018,301,
BALTIMORE,2018,300,
BALTIMORE,2018,299,24.000000
BALTIMORE,2018,298,24.000000
BALTIMORE,2018,297,24.000000
BALTIMORE,2018,296,24.000000
BALTIMORE,2018,295,24.000000
BALTIMORE,2018,294,
BALTIMORE,2018,293,
BALTIMORE,2018,292,24.000000
BALTIMORE,2018,291,24.000000
BALTIMORE,2018,290,24.000000
BALTIMORE,2018,289,24.000000
BALTIMORE,2018,288,24.000000
BALTIMORE,2018,287,
BALTIMORE,2018,286,
BALTIMORE,2018,285,24.000000
BALTIMORE,2018,284,24.000000
BALTIMORE,2018,283,
BALTIMORE,2018,282,
BALTIMORE,2018,281,
BALTIMORE,2018,280,
BALTIMORE,2018,279,
BALTIMORE,2018,278,
BALTIMORE,2018,277,
BALTIMORE,2018,276,
BALTIMORE,2018,275,
BALTIMORE,2018,274,28.000000
BALTIMORE,2018,273,
BALTIMORE,2018,272,
BALTIMORE,2018,271,28.000000
BALTIMORE,2018,270,28.000000
BALTIMORE,2018,269,
BALTIMORE,2018,268,
BALTIMORE,2018,267,
BALTIMORE,2018,266,
BALTIMORE,2018,265,
BALTIMORE,2018,264,
BALTIMORE,2018,263,
BALTIMORE,2018,262,
BALTIMORE,2018,261,
BALTIMORE,2018,260,
BALTIMORE,2018,259,
BALTIMORE,2018,258,
BALTIMORE,2018,257,
BALTIMORE,2018,256,
BALTIMORE,2018,255,
BALTIMORE,2018,254,
BALTIMORE,2018,253,
BALTIMORE,2018,252,
BALTIMORE,2018,251,
BALTIMORE,2018,250,
BALTIMORE,2018,249,
BALTIMORE,2018,248,
BALTIMORE,2018,247,
BALTIMORE,2018,246,
BALTIMORE,2018,245,
BALTIMORE,2018,244,
BALTIMORE,2018,243,
BALTIMORE,2018,242,
BALTIMORE,2018,241,
BALTIMORE,2018,240,
BALTIMORE,2018,239,
BALTIMORE,2018,238,
BALTIMORE,2018,237,
BALTIMORE,2018,236,
BALTIMORE,2018,235,
BALTIMORE,2018,234,
BALTIMORE,2018,233,
BALTIMORE,2018,232,
BALTIMORE,2018,231,
BALTIMORE,2018,230,
BALTIMORE,2018,229,42.000000
BALTIMORE,2018,228,42.000000
BALTIMORE,2018,227,42.000000
BALTIMORE,2018,226,42.000000
BALTIMORE,2018,225,42.000000
BALTIMORE,2018,224,
BALTIMORE,2018,223,
BALTIMORE,2018,222,42.000000
BALTIMORE,2018,221,42.000000
BALTIMORE,2018,220,42.000000
BALTIMORE,2018,219,42.000000
BALTIMORE,2018,218,42.000000
BALTIMORE,2018,217,
BALTIMORE,2018,216,
BALTIMORE,2018,215,42.000000
BALTIMORE,2018,214,42.000000
BALTIMORE,2018,213,42.000000
BALTIMORE,2018,212,42.000000
BALTIMORE,2018,211,42.000000
BALTIMORE,2018,210,
BALTIMORE,2018,209,
BALTIMORE,2018,208,42.000000
BALTIMORE,2018,207,42.000000
BALTIMORE,2018,206,
BALTIMORE,2018,205,
BALTIMORE,2018,204,
BALTIMORE,2018,203,
BALTIMORE,2018,202,
BALTIMORE,2018,201,42.000000
BALTIMORE,2018,200,42.000000
BALTIMORE,2018,199,42.000000
BALTIMORE,2018,198,42.000000
BALTIMORE,2018,197,42.000000
BALTIMORE,2018,196,
BALTIMORE,2018,195,
BALTIMORE,2018,194,
BALTIMORE,2018,193,
BALTIMORE,2018,192,
BALTIMORE,2018,191,
BALTIMORE,2018,190,
BALTIMORE,2018,189,
BALTIMORE,2018,188,
BALTIMORE,2018,187,
BALTIMORE,2018,186,
BALTIMORE,2018,185,
BALTIMORE,2018,184,
BALTIMORE,2018,183,42.000000
BALTIMORE,2018,182,
BALTIMORE,2018,181,
BALTIMORE,2018,180,42.000000
BALTIMORE,2018,179,42.000000
BALTIMORE,2018,178,42.000000
BALTIMORE,2018,177,42.000000
BALTIMORE,2018,176,42.000000
BALTIMORE,2018,175,
BALTIMORE,2018,174,
BALTIMORE,2018,173,42.000000
BALTIMORE,2018,172,42.000000
BALTIMORE,2018,171,42.000000
BALTIMORE,2018,170,
BALTIMORE,2018,169,
BALTIMORE,2018,168,
BALTIMORE,2018,167,
BALTIMORE,2018,166,
BALTIMORE,2018,165,
BALTIMORE,2018,164,
BALTIMORE,2018,163,
BALTIMORE,2018,162,
BALTIMORE,2018,161,
BALTIMORE,2018,160,
BALTIMORE,2018,159,
BALTIMORE,2018,158,
BALTIMORE,2018,157,
BALTIMORE,2018,156,
BALTIMORE,2018,155,
BALTIMORE,2018,154,
BALTIMORE,2018,153,
BALTIMORE,2018,152,
BALTIMORE,2018,151,
BALTIMORE,2018,150,
BALTIMORE,2018,149,
BALTIMORE,2018,148,
BALTIMORE,2018,147,
BALTIMORE,2018,146,
BALTIMORE,2018,145,
BALTIMORE,2018,144,
BALTIMORE,2018,143,
BALTIMORE,2018,142,
BALTIMORE,2018,141,
BALTIMORE,2018,140,
BALTIMORE,2018,139,
BALTIMORE,2018,138,
BALTIMORE,2018,137,
BALTIMORE,2018,136,
BALTIMORE,2018,135,
BALTIMORE,2018,134,
BALTIMORE,2018,133,
BALTIMORE,2018,132,
BALTIMORE,2018,131,
BALTIMORE,2018,130,
BALTIMORE,2018,129,
BALTIMORE,2018,128,
BALTIMORE,2018,127,
BALTIMORE,2018,126,
BALTIMORE,2018,125,
BALTIMORE,2018,124,
BALTIMORE,2018,123,
BALTIMORE,2018,122,
BALTIMORE,2018,121,
BALTIMORE,2018,120,
BALTIMORE,2018,119,
BALTIMORE,2018,118,
BALTIMORE,2018,117,
BALTIMORE,2018,116,
BALTIMORE,2018,115,
BALTIMORE,2018,114,
BALTIMORE,2018,113,
BALTIMORE,2018,112,
BALTIMORE,2018,111,
BALTIMORE,2018,110,
BALTIMORE,2018,109,
BALTIMORE,2018,108,
BALTIMORE,2018,107,
BALTIMORE,2018,106,
BALTIMORE,2018,105,
BALTIMORE,2018,104,
BALTIMORE,2018,103,22.000000
BALTIMORE,2018,102,22.000000
BALTIMORE,2018,101,22.000000
BALTIMORE,2018,100,22.000000
BALTIMORE,2018,99,22.000000
BALTIMORE,2018,98,
BALTIMORE,2018,97,
BALTIMORE,2018,96,
BALTIMORE,2018,95,
BALTIMORE,2018,94,
BALTIMORE,2018,93,
BALTIMORE,2018,92,
BALTIMORE,2018,91,
BALTIMORE,2018,90,
BALTIMORE,2018,89,
BALTIMORE,2018,88,
BALTIMORE,2018,87,
BALTIMORE,2018,86,
BALTIMORE,2018,85,
BALTIMORE,2018,84,
BALTIMORE,2018,83,
BALTIMORE,2018,82,
BALTIMORE,2018,81,
BALTIMORE,2018,80,
BALTIMORE,2018,79,
BALTIMORE,2018,78,
BALTIMORE,2018,77,
BALTIMORE,2018,76,
BALTIMORE,2018,75,
BALTIMORE,2018,74,
BALTIMORE,2018,73,
BALTIMORE,2018,72,
BALTIMORE,2018,71,
BALTIMORE,2018,70,
BALTIMORE,2018,69,
BALTIMORE,2018,68,
BALTIMORE,2018,67,
BALTIMORE,2018,66,
BALTIMORE,2018,65,
BALTIMORE,2018,64,
BALTIMORE,2018,63,
BALTIMORE,2018,62,
BALTIMORE,2018,61,
BALTIMORE,2018,60,
BALTIMORE,2018,59,
BALTIMORE,2018,58,
BALTIMORE,2018,57,
BALTIMORE,2018,56,
BALTIMORE,2018,55,
BALTIMORE,2018,54,
BALTIMORE,2018,53,
BALTIMORE,2018,52,
BALTIMORE,2018,51,
BALTIMORE,2018,50,
BALTIMORE,2018,49,
BALTIMORE,2018,48,
BALTIMORE,2018,47,
BALTIMORE,2018,46,
BALTIMORE,2018,45,
BALTIMORE,2018,44,
BALTIMORE,2018,43,
BALTIMORE,2018,42,
BALTIMORE,2018,41,
BALTIMORE,2018,40,
BALTIMORE,2018,39,
BALTIMORE,2018,38,
BALTIMORE,2018,37,
BALTIMORE,2018,36,
BALTIMORE,2018,35,
BALTIMORE,2018,34,
BALTIMORE,2018,33,
BALTIMORE,2018,32,
BALTIMORE,2018,31,
BALTIMORE,2018,30,
BALTIMORE,2018,29,
BALTIMORE,2018,28,
BALTIMORE,2018,27,
BALTIMORE,2018,26,
BALTIMORE,2018,25,
BALTIMORE,2018,24,
BALTIMORE,2018,23,
BALTIMORE,2018,22,
BALTIMORE,2018,21,
BALTIMORE,2018,20,
BALTIMORE,2018,19,
BALTIMORE,2018,18,
BALTIMORE,2018,17,
BALTIMORE,2018,16,
BALTIMORE,2018,15,
BALTIMORE,2018,14,
BALTIMORE,2018,13,
BALTIMORE,2018,12,
BALTIMORE,2018,11,
BALTIMORE,2018,10,
BALTIMORE,2018,9,
BALTIMORE,2018,8,
BALTIMORE,2018,7,
BALTIMORE,2018,6,
BALTIMORE,2018,5,
BALTIMORE,2018,4,
BALTIMORE,2018,3,
BALTIMORE,2018,2,
BOSTON,2018,366,
BOSTON,2018,365,
BOSTON,2018,364,
BOSTON,2018,363,
BOSTON,2018,362,
BOSTON,2018,361,
BOSTON,2018,360,25.000000
BOSTON,2018,359,
BOSTON,2018,358,
BOSTON,2018,357,
BOSTON,2018,356,
BOSTON,2018,355,35.000000
BOSTON,2018,354,35.000000
BOSTON,2018,353,35.000000
BOSTON,2018,352,35.000000
BOSTON,2018,351,35.000000
BOSTON,2018,350,
BOSTON,2018,349,
BOSTON,2018,348,35.000000
BOSTON,2018,347,35.000000
BOSTON,2018,346,35.000000
BOSTON,2018,345,35.000000
BOSTON,2018,344,
BOSTON,2018,343,
BOSTON,2018,342,
BOSTON,2018,341,
BOSTON,2018,340,
BOSTON,2018,339,
BOSTON,2018,338,
BOSTON,2018,337,35.000000
BOSTON,2018,336,
BOSTON,2018,335,
BOSTON,2018,334,35.000000
BOSTON,2018,333,35.000000
BOSTON,2018,332,35.000000
BOSTON,2018,331,35.000000
BOSTON,2018,330,35.000000
BOSTON,2018,329,
BOSTON,2018,328,
BOSTON,2018,327,35.000000
BOSTON,2018,326,
BOSTON,2018,325,35.000000
BOSTON,2018,324,35.000000
BOSTON,2018,323,35.000000
BOSTON,2018,322,
BOSTON,2018,321,
BOSTON,2018,320,35.000000
BOSTON,2018,319,35.000000
BOSTON,2018,318,35.000000
BOSTON,2018,317,35.000000
BOSTON,2018,316,
BOSTON,2018,315,
BOSTON,2018,314,
BOSTON,2018,313,35.000000
BOSTON,2018,312,35.000000
BOSTON,2018,311,35.000000
BOSTON,2018,310,35.000000
BOSTON,2018,309,30.000000
BOSTON,2018,308,
BOSTON,2018,307,
BOSTON,2018,306,30.000000
BOSTON,2018,305,30.000000
BOSTON,2018,304,30.000000
BOSTON,2018,303,28.500000
BOSTON,2018,302,28.500000
BOSTON,2018,301,
BOSTON,2018,300,
BOSTON,2018,299,28.500000
BOSTON,2018,298,28.500000
BOSTON,2018,297,28.500000
BOSTON,2018,296,28.500000
BOSTON,2018,295,28.500000
BOSTON,2018,294,
BOSTON,2018,293,
BOSTON,2018,292,28.500000
BOSTON,2018,291,28.500000
BOSTON,2018,290,28.500000
BOSTON,2018,289,28.500000
BOSTON,2018,288,28.500000
BOSTON,2018,287,
BOSTON,2018,286,
BOSTON,2018,285,28.500000
BOSTON,2018,284,28.500000
BOSTON,2018,283,28.500000
BOSTON,2018,282,28.500000
BOSTON,2018,281,
BOSTON,2018,280,
BOSTON,2018,279,
BOSTON,2018,278,28.500000
BOSTON,2018,277,28.500000
BOSTON,2018,276,28.500000
BOSTON,2018,275,28.500000
BOSTON,2018,274,28.500000
BOSTON,2018,273,
BOSTON,2018,272,
BOSTON,2018,271,28.500000
BOSTON,2018,270,28.500000
BOSTON,2018,269,28.500000
BOSTON,2018,268,28.500000
BOSTON,2018,267,28.500000
BOSTON,2018,266,
BOSTON,2018,265,
BOSTON,2018,264,28.500000
BOSTON,2018,263,28.500000
BOSTON,2018,262,28.500000
BOSTON,2018,261,28.500000
BOSTON,2018,260,28.500000
BOSTON,2018,259,
BOSTON,2018,258,
BOSTON,2018,257,28.500000
BOSTON,2018,256,28.500000
BOSTON,2018,255,28.500000
BOSTON,2018,254,28.500000
BOSTON,2018,253,28.500000
BOSTON,2018,252,
BOSTON,2018,251,
BOSTON,2018,250,28.500000
BOSTON,2018,249,28.500000
BOSTON,2018,248,28.500000
BOSTON,2018,247,28.500000
BOSTON,2018,246,
BOSTON,2018,245,
BOSTON,2018,244,
BOSTON,2018,243,28.500000
BOSTON,2018,242,28.500000
BOSTON,2018,241,28.500000
BOSTON,2018,240,28.500000
BOSTON,2018,239,28.500000
BOSTON,2018,238,
BOSTON,2018,237,
BOSTON,2018,236,28.500000
BOSTON,2018,235,28.500000
BOSTON,2018,234,
BOSTON,2018,233,28.500000
BOSTON,2018,232,28.500000
BOSTON,2018,231,
BOSTON,2018,230,
BOSTON,2018,229,28.500000
BOSTON,2018,228,28.500000
BOSTON,2018,227,28.500000
BOSTON,2018,226,28.500000
BOSTON,2018,225,28.500000
BOSTON,2018,224,
BOSTON,2018,223,
BOSTON,2018,222,28.500000
BOSTON,2018,221,28.500000
BOSTON,2018,220,28.500000
BOSTON,2018,219,28.500000
BOSTON,2018,218,28.500000
BOSTON,2018,217,
BOSTON,2018,216,
BOSTON,2018,215,28.500000
BOSTON,2018,214,28.500000
BOSTON,2018,213,28.500000
BOSTON,2018,212,28.500000
BOSTON,2018,211,28.500000
BOSTON,2018,210,
BOSTON,2018,209,
BOSTON,2018,208,28.500000
BOSTON,2018,207,28.500000
BOSTON,2018,206,28.500000
BOSTON,2018,205,28.500000
BOSTON,2018,204,28.500000
BOSTON,2018,203,
BOSTON,2018,202,
BOSTON,2018,201,28.500000
BOSTON,2018,200,28.500000
BOSTON,2018,199,28.500000
BOSTON,2018,198,28.500000
BOSTON,2018,197,28.500000
BOSTON,2018,196,
BOSTON,2018,195,
BOSTON,2018,194,28.500000
BOSTON,2018,193,28.500000
BOSTON,2018,192,28.500000
BOSTON,2018,191,28.500000
BOSTON,2018,190,28.500000
BOSTON,2018,189,
BOSTON,2018,188,
BOSTON,2018,187,28.500000
BOSTON,2018,186,28.500000
BOSTON,2018,185,
BOSTON,2018,184,28.500000
BOSTON,2018,183,28.500000
BOSTON,2018,182,
BOSTON,2018,181,
BOSTON,2018,180,28.500000
BOSTON,2018,179,28.500000
BOSTON,2018,178,28.500000
BOSTON,2018,177,28.500000
BOSTON,2018,176,28.500000
BOSTON,2018,175,
BOSTON,2018,174,
BOSTON,2018,173,28.500000
BOSTON,2018,172,28.000000
BOSTON,2018,171,28.000000
BOSTON,2018,170,28.000000
BOSTON,2018,169,28.000000
BOSTON,2018,168,
BOSTON,2018,167,
BOSTON,2018,166,28.000000
BOSTON,2018,165,28.000000
BOSTON,2018,164,28.000000
BOSTON,2018,163,28.000000
BOSTON,2018,162,28.000000
BOSTON,2018,161,
BOSTON,2018,160,
BOSTON,2018,159,28.000000
BOSTON,2018,158,28.000000
BOSTON,2018,157,28.000000
BOSTON,2018,156,28.000000
BOSTON,2018,155,28.000000
BOSTON,2018,154,
BOSTON,2018,153,
BOSTON,2018,152,29.000000
BOSTON,2018,151,
BOSTON,2018,150,
BOSTON,2018,149,
BOSTON,2018,148,
BOSTON,2018,147,
BOSTON,2018,146,
BOSTON,2018,145,
BOSTON,2018,144,
BOSTON,2018,143,
BOSTON,2018,142,
BOSTON,2018,141,
BOSTON,2018,140,
BOSTON,2018,139,
BOSTON,2018,138,
BOSTON,2018,137,34.500000
BOSTON,2018,136,34.500000
BOSTON,2018,135,34.500000
BOSTON,2018,134,34.500000
BOSTON,2018,133,
BOSTON,2018,132,
BOSTON,2018,131,34.500000
BOSTON,2018,130,32.000000
BOSTON,2018,129,32.000000
BOSTON,2018,128,32.000000
BOSTON,2018,127,32.000000
BOSTON,2018,126,
BOSTON,2018,125,
BOSTON,2018,124,32.000000
BOSTON,2018,123,29.000000
BOSTON,2018,122,29.000000
BOSTON,2018,121,29.000000
BOSTON,2018,120,29.000000
BOSTON,2018,119,
BOSTON,2018,118,
BOSTON,2018,117,29.000000
BOSTON,2018,116,32.000000
BOSTON,2018,115,32.000000
BOSTON,2018,114,32.000000
BOSTON,2018,113,32.000000
BOSTON,2018,112,
BOSTON,2018,111,
BOSTON,2018,110,32.000000
BOSTON,2018,109,33.000000
BOSTON,2018,108,33.000000
BOSTON,2018,107,33.000000
BOSTON,2018,106,33.000000
BOSTON,2018,105,
BOSTON,2018,104,
BOSTON,2018,103,33.000000
BOSTON,2018,102,31.000000
BOSTON,2018,101,31.000000
BOSTON,2018,100,31.000000
BOSTON,2018,99,31.000000
BOSTON,2018,98,
BOSTON,2018,97,
BOSTON,2018,96,31.000000
BOSTON,2018,95,31.000000
BOSTON,2018,94,31.000000
BOSTON,2018,93,31.000000
BOSTON,2018,92,31.000000
BOSTON,2018,91,
BOSTON,2018,90,
BOSTON,2018,89,31.000000
BOSTON,2018,88,35.500000
BOSTON,2018,87,35.500000
BOSTON,2018,86,35.500000
BOSTON,2018,85,35.500000
BOSTON,2018,84,
BOSTON,2018,83,
BOSTON,2018,82,35.500000
BOSTON,2018,81,35.500000
BOSTON,2018,80,35.500000
BOSTON,2018,79,35.500000
BOSTON,2018,78,35.500000
BOSTON,2018,77,
BOSTON,2018,76,
BOSTON,2018,75,35.500000
BOSTON,2018,74,32.000000
BOSTON,2018,73,32.000000
BOSTON,2018,72,
BOSTON,2018,71,32.000000
BOSTON,2018,70,
BOSTON,2018,69,
BOSTON,2018,68,32.000000
BOSTON,2018,67,
BOSTON,2018,66,31.000000
BOSTON,2018,65,31.000000
BOSTON,2018,64,31.000000
BOSTON,2018,63,
BOSTON,2018,62,
BOSTON,2018,61,31.000000
BOSTON,2018,60,32.000000
BOSTON,2018,59,32.000000
BOSTON,2018,58,32.000000
BOSTON,2018,57,32.000000
BOSTON,2018,56,
BOSTON,2018,55,
BOSTON,2018,54,32.000000
BOSTON,2018,53,29.000000
BOSTON,2018,52,29.000000
BOSTON,2018,51,29.000000
BOSTON,2018,50,
BOSTON,2018,49,
BOSTON,2018,48,
BOSTON,2018,47,29.000000
BOSTON,2018,46,30.000000
BOSTON,2018,45,30.000000
BOSTON,2018,44,30.000000
BOSTON,2018,43,30.000000
BOSTON,2018,42,
BOSTON,2018,41,
BOSTON,2018,40,30.000000
BOSTON,2018,39,36.000000
BOSTON,2018,38,36.000000
BOSTON,2018,37,36.000000
BOSTON,2018,36,36.000000
BOSTON,2018,35,
BOSTON,2018,34,
BOSTON,2018,33,36.000000
BOSTON,2018,32,36.000000
BOSTON,2018,31,36.000000
BOSTON,2018,30,36.000000
BOSTON,2018,29,36.000000
BOSTON,2018,28,
BOSTON,2018,27,
BOSTON,2018,26,36.000000
BOSTON,2018,25,36.000000
BOSTON,2018,24,36.000000
BOSTON,2018,23,36.000000
BOSTON,2018,22,36.000000
BOSTON,2018,21,
BOSTON,2018,20,
BOSTON,2018,19,36.000000
BOSTON,2018,18,35.000000
BOSTON,2018,17,35.000000
BOSTON,2018,16,35.000000
BOSTON,2018,15,
BOSTON,2018,14,
BOSTON,2018,13,
BOSTON,2018,12,35.000000
BOSTON,2018,11,36.000000
BOSTON,2018,10,36.000000
BOSTON,2018,9,36.000000
BOSTON,2018,8,36.000000
BOSTON,2018,7,
BOSTON,2018,6,
BOSTON,2018,5,36.000000
BOSTON,2018,4,
BOSTON,2018,3,36.000000
BOSTON,2018,2,36.000000
CHICAGO,2018,366,
CHICAGO,2018,365,35.000000
CHICAGO,2018,364,
CHICAGO,2018,363,
CHICAGO,2018,362,35.000000
CHICAGO,2018,361,
CHICAGO,2018,360,
CHICAGO,2018,359,
CHICAGO,2018,358,
CHICAGO,2018,357,
CHICAGO,2018,356,
CHICAGO,2018,355,29.750000
CHICAGO,2018,354,29.750000
CHICAGO,2018,353,29.750000
CHICAGO,2018,352,29.750000
CHICAGO,2018,351,
CHICAGO,2018,350,
CHICAGO,2018,349,
CHICAGO,2018,348,
CHICAGO,2018,347,29.250000
CHICAGO,2018,346,29.250000
CHICAGO,2018,345,29.250000
CHICAGO,2018,344,28.500000
CHICAGO,2018,343,
CHICAGO,2018,342,
CHICAGO,2018,341,
CHICAGO,2018,340,28.500000
CHICAGO,2018,339,28.500000
CHICAGO,2018,338,28.500000
CHICAGO,2018,337,32.500000
CHICAGO,2018,336,
CHICAGO,2018,335,
CHICAGO,2018,334,32.500000
CHICAGO,2018,333,32.500000
CHICAGO,2018,332,32.500000
CHICAGO,2018,331,32.500000
CHICAGO,2018,330,33.000000
CHICAGO,2018,329,
CHICAGO,2018,328,
CHICAGO,2018,327,33.000000
CHICAGO,2018,326,
CHICAGO,2018,325,33.000000
CHICAGO,2018,324,33.000000
CHICAGO,2018,323,27.375000
CHICAGO,2018,322,
CHICAGO,2018,321,
CHICAGO,2018,320,27.375000
CHICAGO,2018,319,27.375000
CHICAGO,2018,318,27.375000
CHICAGO,2018,317,27.375000
CHICAGO,2018,316,
CHICAGO,2018,315,
CHICAGO,2018,314,
CHICAGO,2018,313,22.750000
CHICAGO,2018,312,22.750000
CHICAGO,2018,311,22.750000
CHICAGO,2018,310,
CHICAGO,2018,309,26.500000
CHICAGO,2018,308,
CHICAGO,2018,307,
CHICAGO,2018,306,26.500000
CHICAGO,2018,305,26.500000
CHICAGO,2018,304,26.500000
CHICAGO,2018,303,26.500000
CHICAGO,2018,302,21.250000
CHICAGO,2018,301,
CHICAGO,2018,300,
CHICAGO,2018,299,21.250000
CHICAGO,2018,298,21.250000
CHICAGO,2018,297,21.250000
CHICAGO,2018,296,21.250000
CHICAGO,2018,295,20.750000
CHICAGO,2018,294,
CHICAGO,2018,293,
CHICAGO,2018,292,20.750000
CHICAGO,2018,291,20.750000
CHICAGO,2018,290,20.750000
CHICAGO,2018,289,20.750000
CHICAGO,2018,288,20.750000
CHICAGO,2018,287,
CHICAGO,2018,286,
CHICAGO,2018,285,20.750000
CHICAGO,2018,284,20.750000
CHICAGO,2018,283,20.750000
CHICAGO,2018,282,20.750000
CHICAGO,2018,281,
CHICAGO,2018,280,
CHICAGO,2018,279,
CHICAGO,2018,278,20.750000
CHICAGO,2018,277,20.750000
CHICAGO,2018,276,20.750000
CHICAGO,2018,275,20.750000
CHICAGO,2018,274,26.500000
CHICAGO,2018,273,
CHICAGO,2018,272,
CHICAGO,2018,271,26.500000
CHICAGO,2018,270,26.500000
CHICAGO,2018,269,26.500000
CHICAGO,2018,268,26.500000
CHICAGO,2018,267,26.500000
CHICAGO,2018,266,
CHICAGO,2018,265,
CHICAGO,2018,264,26.500000
CHICAGO,2018,263,26.500000
CHICAGO,2018,262,26.500000
CHICAGO,2018,261,26.500000
CHICAGO,2018,260,26.750000
CHICAGO,2018,259,
CHICAGO,2018,258,
CHICAGO,2018,257,26.750000
CHICAGO,2018,256,26.750000
CHICAGO,2018,255,26.750000
CHICAGO,2018,254,26.750000
CHICAGO,2018,253,26.750000
CHICAGO,2018,252,
CHICAGO,2018,251,
CHICAGO,2018,250,29.250000
CHICAGO,2018,249,29.250000
CHICAGO,2018,248,29.250000
CHICAGO,2018,247,25.750000
CHICAGO,2018,246,
CHICAGO,2018,245,
CHICAGO,2018,244,
CHICAGO,2018,243,25.750000
CHICAGO,2018,242,25.750000
CHICAGO,2018,241,25.750000
CHICAGO,2018,240,25.750000
CHICAGO,2018,239,25.750000
CHICAGO,2018,238,
CHICAGO,2018,237,
CHICAGO,2018,236,25.750000
CHICAGO,2018,235,25.750000
CHICAGO,2018,234,25.750000
CHICAGO,2018,233,25.750000
CHICAGO,2018,232,26.500000
CHICAGO,2018,231,
CHICAGO,2018,230,
CHICAGO,2018,229,26.500000
CHICAGO,2018,228,26.500000
CHICAGO,2018,227,26.500000
CHICAGO,2018,226,26.500000
CHICAGO,2018,225,28.250000
CHICAGO,2018,224,
CHICAGO,2018,223,
CHICAGO,2018,222,28.250000
CHICAGO,2018,221,28.250000
CHICAGO,2018,220,28.250000
CHICAGO,2018,219,28.250000
CHICAGO,2018,218,32.750000
CHICAGO,2018,217,
CHICAGO,2018,216,
CHICAGO,2018,215,32.750000
CHICAGO,2018,214,32.750000
CHICAGO,2018,213,34.000000
CHICAGO,2018,212,34.000000
CHICAGO,2018,211,34.000000
CHICAGO,2018,210,
CHICAGO,2018,209,
CHICAGO,2018,208,34.000000
CHICAGO,2018,207,34.000000
CHICAGO,2018,206,34.000000
CHICAGO,2018,205,30.000000
CHICAGO,2018,204,30.000000
CHICAGO,2018,203,
CHICAGO,2018,202,
CHICAGO,2018,201,39.500000
CHICAGO,2018,200,39.500000
CHICAGO,2018,199,39.500000
CHICAGO,2018,198,39.500000
CHICAGO,2018,197,39.500000
CHICAGO,2018,196,
CHICAGO,2018,195,
CHICAGO,2018,194,39.500000
CHICAGO,2018,193,39.500000
CHICAGO,2018,192,39.500000
CHICAGO,2018,191,39.500000
CHICAGO,2018,190,
CHICAGO,2018,189,
CHICAGO,2018,188,
CHICAGO,2018,187,40.375000
CHICAGO,2018,186,40.375000
CHICAGO,2018,185,
CHICAGO,2018,184,40.375000
CHICAGO,2018,183,40.375000
CHICAGO,2018,182,
CHICAGO,2018,181,
CHICAGO,2018,180,40.375000
CHICAGO,2018,179,40.375000
CHICAGO,2018,178,40.375000
CHICAGO,2018,177,40.375000
CHICAGO,2018,176,40.375000
CHICAGO,2018,175,
CHICAGO,2018,174,
CHICAGO,2018,173,44.500000
CHICAGO,2018,172,44.500000
CHICAGO,2018,171,44.500000
CHICAGO,2018,170,44.500000
CHICAGO,2018,169,44.500000
CHICAGO,2018,168,
CHICAGO,2018,167,
CHICAGO,2018,166,28.000000
CHICAGO,2018,165,28.000000
CHICAGO,2018,164,28.000000
CHICAGO,2018,163,28.000000
CHICAGO,2018,162,29.000000
CHICAGO,2018,161,
CHICAGO,2018,160,
CHICAGO,2018,159,29.000000
CHICAGO,2018,158,29.000000
CHICAGO,2018,157,29.000000
CHICAGO,2018,156,29.000000
CHICAGO,2018,155,29.000000
CHICAGO,2018,154,
CHICAGO,2018,153,
CHICAGO,2018,152,31.500000
CHICAGO,2018,151,31.500000
CHICAGO,2018,150,31.500000
CHICAGO,2018,149,31.500000
CHICAGO,2018,148,
CHICAGO,2018,147,
CHICAGO,2018,146,
CHICAGO,2018,145,22.666666
CHICAGO,2018,144,22.666666
CHICAGO,2018,143,22.666666
CHICAGO,2018,142,22.666666
CHICAGO,2018,141,20.666666
CHICAGO,2018,140,
CHICAGO,2018,139,
CHICAGO,2018,138,20.666666
CHICAGO,2018,137,20.666666
CHICAGO,2018,136,20.666666
CHICAGO,2018,135,20.666666
CHICAGO,2018,134,21.000000
CHICAGO,2018,133,
CHICAGO,2018,132,
CHICAGO,2018,131,21.000000
CHICAGO,2018,130,21.000000
CHICAGO,2018,129,21.000000
CHICAGO,2018,128,21.000000
CHICAGO,2018,127,20.333333
CHICAGO,2018,126,
CHICAGO,2018,125,
CHICAGO,2018,124,20.333333
CHICAGO,2018,123,20.333333
CHICAGO,2018,122,20.333333
CHICAGO,2018,121,20.333333
CHICAGO,2018,120,20.750000
CHICAGO,2018,119,
CHICAGO,2018,118,
CHICAGO,2018,117,20.500000
CHICAGO,2018,116,20.500000
CHICAGO,2018,115,20.500000
CHICAGO,2018,114,20.500000
CHICAGO,2018,113,20.500000
CHICAGO,2018,112,
CHICAGO,2018,111,
CHICAGO,2018,110,20.500000
CHICAGO,2018,109,20.500000
CHICAGO,2018,108,20.500000
CHICAGO,2018,107,20.500000
CHICAGO,2018,106,20.500000
CHICAGO,2018,105,
CHICAGO,2018,104,
CHICAGO,2018,103,20.500000
CHICAGO,2018,102,20.500000
CHICAGO,2018,101,20.500000
CHICAGO,2018,100,20.500000
CHICAGO,2018,99,20.500000
CHICAGO,2018,98,
CHICAGO,2018,97,
CHICAGO,2018,96,20.500000
CHICAGO,2018,95,20.500000
CHICAGO,2018,94,20.500000
CHICAGO,2018,93,20.500000
CHICAGO,2018,92,19.000000
CHICAGO,2018,91,
CHICAGO,2018,90,
CHICAGO,2018,89,19.000000
CHICAGO,2018,88,19.000000
CHICAGO,2018,87,19.000000
CHICAGO,2018,86,19.000000
CHICAGO,2018,85,19.000000
CHICAGO,2018,84,
CHICAGO,2018,83,
CHICAGO,2018,82,19.000000
CHICAGO,2018,81,19.000000
CHICAGO,2018,80,19.000000
CHICAGO,2018,79,19.000000
CHICAGO,2018,78,19.000000
CHICAGO,2018,77,
CHICAGO,2018,76,
CHICAGO,2018,75,19.000000
CHICAGO,2018,74,19.000000
CHICAGO,2018,73,19.000000
CHICAGO,2018,72,19.000000
CHICAGO,2018,71,19.000000
CHICAGO,2018,70,
CHICAGO,2018,69,
CHICAGO,2018,68,
CHICAGO,2018,67,
CHICAGO,2018,66,21.500000
CHICAGO,2018,65,21.500000
CHICAGO,2018,64,21.500000
CHICAGO,2018,63,
CHICAGO,2018,62,
CHICAGO,2018,61,21.500000
CHICAGO,2018,60,21.500000
CHICAGO,2018,59,21.500000
CHICAGO,2018,58,21.500000
CHICAGO,2018,57,22.750000
CHICAGO,2018,56,
CHICAGO,2018,55,
CHICAGO,2018,54,22.750000
CHICAGO,2018,53,22.750000
CHICAGO,2018,52,22.750000
CHICAGO,2018,51,22.750000
CHICAGO,2018,50,
CHICAGO,2018,49,
CHICAGO,2018,48,
CHICAGO,2018,47,25.000000
CHICAGO,2018,46,25.000000
CHICAGO,2018,45,25.000000
CHICAGO,2018,44,25.000000
CHICAGO,2018,43,25.250000
CHICAGO,2018,42,
CHICAGO,2018,41,
CHICAGO,2018,40,25.250000
CHICAGO,2018,39,25.250000
CHICAGO,2018,38,25.250000
CHICAGO,2018,37,
CHICAGO,2018,36,25.250000
CHICAGO,2018,35,
CHICAGO,2018,34,
CHICAGO,2018,33,25.250000
CHICAGO,2018,32,25.250000
CHICAGO,2018,31,25.250000
CHICAGO,2018,30,25.250000
CHICAGO,2018,29,28.750000
CHICAGO,2018,28,
CHICAGO,2018,27,
CHICAGO,2018,26,28.750000
CHICAGO,2018,25,28.750000
CHICAGO,2018,24,28.750000
CHICAGO,2018,23,28.750000
CHICAGO,2018,22,28.750000
CHICAGO,2018,21,
CHICAGO,2018,20,
CHICAGO,2018,19,31.000000
CHICAGO,2018,18,31.000000
CHICAGO,2018,17,31.000000
CHICAGO,2018,16,
CHICAGO,2018,15,
CHICAGO,2018,14,
CHICAGO,2018,13,
CHICAGO,2018,12,31.000000
CHICAGO,2018,11,31.000000
CHICAGO,2018,10,31.000000
CHICAGO,2018,9,31.000000
CHICAGO,2018,8,36.000000
CHICAGO,2018,7,
CHICAGO,2018,6,
CHICAGO,2018,5,36.000000
CHICAGO,2018,4,36.000000
CHICAGO,2018,3,36.000000
CHICAGO,2018,2,36.000000
LOS ANGELES,2018,366,
LOS ANGELES,2018,365,
LOS ANGELES,2018,364,
LOS ANGELES,2018,363,
LOS ANGELES,2018,362,
LOS ANGELES,2018,361,
LOS ANGELES,2018,360,
LOS ANGELES,2018,359,
LOS ANGELES,2018,358,
LOS ANGELES,2018,357,
LOS ANGELES,2018,356,
LOS ANGELES,2018,355,
LOS ANGELES,2018,354,
LOS ANGELES,2018,353,
LOS ANGELES,2018,352,
LOS ANGELES,2018,351,
LOS ANGELES,2018,350,
LOS ANGELES,2018,349,
LOS ANGELES,2018,348,
LOS ANGELES,2018,347,
LOS ANGELES,2018,346,
LOS ANGELES,2018,345,
LOS ANGELES,2018,344,1.050000
LOS ANGELES,2018,343,
LOS ANGELES,2018,342,
LOS ANGELES,2018,341,1.050000
LOS ANGELES,2018,340,1.050000
LOS ANGELES,2018,339,1.050000
LOS ANGELES,2018,338,1.050000
LOS ANGELES,2018,337,1.050000
LOS ANGELES,2018,336,
LOS ANGELES,2018,335,
LOS ANGELES,2018,334,1.050000
LOS ANGELES,2018,333,1.050000
LOS ANGELES,2018,332,1.050000
LOS ANGELES,2018,331,1.050000
LOS ANGELES,2018,330,1.050000
LOS ANGELES,2018,329,
LOS ANGELES,2018,328,
LOS ANGELES,2018,327,1.050000
LOS ANGELES,2018,326,
LOS ANGELES,2018,325,1.050000
LOS ANGELES,2018,324,1.050000
LOS ANGELES,2018,323,1.050000
LOS ANGELES,2018,322,
LOS ANGELES,2018,321,
LOS ANGELES,2018,320,1.050000
LOS ANGELES,2018,319,1.050000
LOS ANGELES,2018,318,1.050000
LOS ANGELES,2018,317,1.050000
LOS ANGELES,2018,316,
LOS ANGELES,2018,315,
LOS ANGELES,2018,314,
LOS ANGELES,2018,313,1.050000
LOS ANGELES,2018,312,1.050000
LOS ANGELES,2018,311,1.050000
LOS ANGELES,2018,310,1.050000
LOS ANGELES,2018,309,1.050000
LOS ANGELES,2018,308,
LOS ANGELES,2018,307,
LOS ANGELES,2018,306,1.000000
LOS ANGELES,2018,305,1.000000
LOS ANGELES,2018,304,1.000000
LOS ANGELES,2018,303,1.000000
LOS ANGELES,2018,302,1.000000
LOS ANGELES,2018,301,
LOS ANGELES,2018,300,
LOS ANGELES,2018,299,1.000000
LOS ANGELES,2018,298,1.000000
LOS ANGELES,2018,297,1.000000
LOS ANGELES,2018,296,1.000000
LOS ANGELES,2018,295,1.000000
LOS ANGELES,2018,294,
LOS ANGELES,2018,293,
LOS ANGELES,2018,292,1.000000
LOS ANGELES,2018,291,1.000000
LOS ANGELES,2018,290,1.000000
LOS ANGELES,2018,289,1.000000
LOS ANGELES,2018,288,1.000000
LOS ANGELES,2018,287,
LOS ANGELES,2018,286,
LOS ANGELES,2018,285,1.000000
LOS ANGELES,2018,284,1.000000
LOS ANGELES,2018,283,1.000000
LOS ANGELES,2018,282,1.000000
LOS ANGELES,2018,281,
LOS ANGELES,2018,280,
LOS ANGELES,2018,279,
LOS ANGELES,2018,278,1.000000
LOS ANGELES,2018,277,1.000000
LOS ANGELES,2018,276,1.000000
LOS ANGELES,2018,275,1.000000
LOS ANGELES,2018,274,1.000000
LOS ANGELES,2018,273,
LOS ANGELES,2018,272,
LOS ANGELES,2018,271,1.000000
LOS ANGELES,2018,270,1.000000
LOS ANGELES,2018,269,1.000000
LOS ANGELES,2018,268,1.000000
LOS ANGELES,2018,267,1.000000
LOS ANGELES,2018,266,
LOS ANGELES,2018,265,
LOS ANGELES,2018,264,1.000000
LOS ANGELES,2018,263,1.000000
LOS ANGELES,2018,262,1.000000
LOS ANGELES,2018,261,1.000000
LOS ANGELES,2018,260,1.000000
LOS ANGELES,2018,259,
LOS ANGELES,2018,258,
LOS ANGELES,2018,257,1.000000
LOS ANGELES,2018,256,1.000000
LOS ANGELES,2018,255,1.000000
LOS ANGELES,2018,254,1.000000
LOS ANGELES,2018,253,1.000000
LOS ANGELES,2018,252,
LOS ANGELES,2018,251,
LOS ANGELES,2018,250,1.000000
LOS ANGELES,2018,249,1.000000
LOS ANGELES,2018,248,1.000000
LOS ANGELES,2018,247,1.000000
LOS ANGELES,2018,246,
LOS ANGELES,2018,245,
LOS ANGELES,2018,244,
LOS ANGELES,2018,243,1.000000
LOS ANGELES,2018,242,1.000000
LOS ANGELES,2018,241,1.000000
LOS ANGELES,2018,240,1.000000
LOS ANGELES,2018,239,1.000000
LOS ANGELES,2018,238,
LOS ANGELES,2018,237,
LOS ANGELES,2018,236,1.000000
LOS ANGELES,2018,235,1.000000
LOS ANGELES,2018,234,1.000000
LOS ANGELES,2018,233,
LOS ANGELES,2018,232,
LOS ANGELES,2018,231,
LOS ANGELES,2018,230,
LOS ANGELES,2018,229,
LOS ANGELES,2018,228,
LOS ANGELES,2018,227,
LOS ANGELES,2018,226,
LOS ANGELES,2018,225,
LOS ANGELES,2018,224,
LOS ANGELES,2018,223,
LOS ANGELES,2018,222,
LOS ANGELES,2018,221,
LOS ANGELES,2018,220,
LOS ANGELES,2018,219,
LOS ANGELES,2018,218,
LOS ANGELES,2018,217,
LOS ANGELES,2018,216,
LOS ANGELES,2018,215,
LOS ANGELES,2018,214,
LOS ANGELES,2018,213,
LOS ANGELES,2018,212,
LOS ANGELES,2018,211,
LOS ANGELES,2018,210,
LOS ANGELES,2018,209,
LOS ANGELES,2018,208,
LOS ANGELES,2018,207,
LOS ANGELES,2018,206,
LOS ANGELES,2018,205,
LOS ANGELES,2018,204,
LOS ANGELES,2018,203,
LOS ANGELES,2018,202,
LOS ANGELES,2018,201,
LOS ANGELES,2018,200,
LOS ANGELES,2018,199,
LOS ANGELES,2018,198,
LOS ANGELES,2018,197,
LOS ANGELES,2018,196,
LOS ANGELES,2018,195,
LOS ANGELES,2018,194,
LOS ANGELES,2018,193,
LOS ANGELES,2018,192,
LOS ANGELES,2018,191,
LOS ANGELES,2018,190,
LOS ANGELES,2018,189,
LOS ANGELES,2018,188,
LOS ANGELES,2018,187,
LOS ANGELES,2018,186,
LOS ANGELES,2018,185,
LOS ANGELES,2018,184,
LOS ANGELES,2018,183,
LOS ANGELES,2018,182,
LOS ANGELES,2018,181,
LOS ANGELES,2018,180,
LOS ANGELES,2018,179,
LOS ANGELES,2018,178,
LOS ANGELES,2018,177,
LOS ANGELES,2018,176,
LOS ANGELES,2018,175,
LOS ANGELES,2018,174,
LOS ANGELES,2018,173,
LOS ANGELES,2018,172,
LOS ANGELES,2018,171,
LOS ANGELES,2018,170,
LOS ANGELES,2018,169,
LOS ANGELES,2018,168,
LOS ANGELES,2018,167,
LOS ANGELES,2018,166,
LOS ANGELES,2018,165,
LOS ANGELES,2018,164,
LOS ANGELES,2018,163,
LOS ANGELES,2018,162,
LOS ANGELES,2018,161,
LOS ANGELES,2018,160,
LOS ANGELES,2018,159,
LOS ANGELES,2018,158,
LOS ANGELES,2018,157,
LOS ANGELES,2018,156,
LOS ANGELES,2018,155,
LOS ANGELES,2018,154,
LOS ANGELES,2018,153,
LOS ANGELES,2018,152,
LOS ANGELES,2018,151,
LOS ANGELES,2018,150,
LOS ANGELES,2018,149,
LOS ANGELES,2018,148,
LOS ANGELES,2018,147,
LOS ANGELES,2018,146,
LOS ANGELES,2018,145,
LOS ANGELES,2018,144,
LOS ANGELES,2018,143,
LOS ANGELES,2018,142,
LOS ANGELES,2018,141,
LOS ANGELES,2018,140,
LOS ANGELES,2018,139,
LOS ANGELES,2018,138,
LOS ANGELES,2018,137,
LOS ANGELES,2018,136,
LOS ANGELES,2018,135,
LOS ANGELES,2018,134,
LOS ANGELES,2018,133,
LOS ANGELES,2018,132,
LOS ANGELES,2018,131,
LOS ANGELES,2018,130,
LOS ANGELES,2018,129,
LOS ANGELES,2018,128,
LOS ANGELES,2018,127,
LOS ANGELES,2018,126,
LOS ANGELES,2018,125,
LOS ANGELES,2018,124,
LOS ANGELES,2018,123,
LOS ANGELES,2018,122,
LOS ANGELES,2018,121,
LOS ANGELES,2018,120,
LOS ANGELES,2018,119,
LOS ANGELES,2018,118,
LOS ANGELES,2018,117,
LOS ANGELES,2018,116,
LOS ANGELES,2018,115,
LOS ANGELES,2018,114,
LOS ANGELES,2018,113,
LOS ANGELES,2018,112,
LOS ANGELES,2018,111,
LOS ANGELES,2018,110,
LOS ANGELES,2018,109,
LOS ANGELES,2018,108,
LOS ANGELES,2018,107,
LOS ANGELES,2018,106,
LOS ANGELES,2018,105,
LOS ANGELES,2018,104,
LOS ANGELES,2018,103,
LOS ANGELES,2018,102,
LOS ANGELES,2018,101,
LOS ANGELES,2018,100,
LOS ANGELES,2018,99,
LOS ANGELES,2018,98,
LOS ANGELES,2018,97,
LOS ANGELES,2018,96,
LOS ANGELES,2018,95,
LOS ANGELES,2018,94,
LOS ANGELES,2018,93,
LOS ANGELES,2018,92,
LOS ANGELES,2018,91,
LOS ANGELES,2018,90,
LOS ANGELES,2018,89,
LOS ANGELES,2018,88,
LOS ANGELES,2018,87,
LOS ANGELES,2018,86,
LOS ANGELES,2018,85,
LOS ANGELES,2018,84,
LOS ANGELES,2018,83,
LOS ANGELES,2018,82,
LOS ANGELES,2018,81,
LOS ANGELES,2018,80,
LOS ANGELES,2018,79,
LOS ANGELES,2018,78,
LOS ANGELES,2018,77,
LOS ANGELES,2018,76,
LOS ANGELES,2018,75,
LOS ANGELES,2018,74,
LOS ANGELES,2018,73,
LOS ANGELES,2018,72,
LOS ANGELES,2018,71,
LOS ANGELES,2018,70,
LOS ANGELES,2018,69,
LOS ANGELES,2018,68,
LOS ANGELES,2018,67,
LOS ANGELES,2018,66,
LOS ANGELES,2018,65,
LOS ANGELES,2018,64,
LOS ANGELES,2018,63,
LOS ANGELES,2018,62,
LOS ANGELES,2018,61,
LOS ANGELES,2018,60,
LOS ANGELES,2018,59,
LOS ANGELES,2018,58,
LOS ANGELES,2018,57,
LOS ANGELES,2018,56,
LOS ANGELES,2018,55,
LOS ANGELES,2018,54,
LOS ANGELES,2018,53,
LOS ANGELES,2018,52,
LOS ANGELES,2018,51,
LOS ANGELES,2018,50,
LOS ANGELES,2018,49,
LOS ANGELES,2018,48,
LOS ANGELES,2018,47,
LOS ANGELES,2018,46,
LOS ANGELES,2018,45,
LOS ANGELES,2018,44,
LOS ANGELES,2018,43,
LOS ANGELES,2018,42,
LOS ANGELES,2018,41,
LOS ANGELES,2018,40,
LOS ANGELES,2018,39,
LOS ANGELES,2018,38,
LOS ANGELES,2018,37,
LOS ANGELES,2018,36,
LOS ANGELES,2018,35,
LOS ANGELES,2018,34,
LOS ANGELES,2018,33,
LOS ANGELES,2018,32,
LOS ANGELES,2018,31,
LOS ANGELES,2018,30,
LOS ANGELES,2018,29,
LOS ANGELES,2018,28,
LOS ANGELES,2018,27,
LOS ANGELES,2018,26,
LOS ANGELES,2018,25,
LOS ANGELES,2018,24,
LOS ANGELES,2018,23,
LOS ANGELES,2018,22,
LOS ANGELES,2018,21,
LOS ANGELES,2018,20,
LOS ANGELES,2018,19,
LOS ANGELES,2018,18,
LOS ANGELES,2018,17,
LOS ANGELES,2018,16,
LOS ANGELES,2018,15,
LOS ANGELES,2018,14,
LOS ANGELES,2018,13,
LOS ANGELES,2018,12,
LOS ANGELES,2018,11,
LOS ANGELES,2018,10,
LOS ANGELES,2018,9,
LOS ANGELES,2018,8,
LOS ANGELES,2018,7,
LOS ANGELES,2018,6,
LOS ANGELES,2018,5,
LOS ANGELES,2018,4,
LOS ANGELES,2018,3,
LOS ANGELES,2018,2,
NEW YORK,2018,366,
NEW YORK,2018,365,
NEW YORK,2018,364,
NEW YORK,2018,363,
NEW YORK,2018,362,
NEW YORK,2018,361,
NEW YORK,2018,360,
NEW YORK,2018,359,
NEW YORK,2018,358,
NEW YORK,2018,357,
NEW YORK,2018,356,
NEW YORK,2018,355,15.000000
NEW YORK,2018,354,15.000000
NEW YORK,2018,353,15.000000
NEW YORK,2018,352,
NEW YORK,2018,351,
NEW YORK,2018,350,
NEW YORK,2018,349,
NEW YORK,2018,348,21.000000
NEW YORK,2018,347,21.000000
NEW YORK,2018,346,
NEW YORK,2018,345,
NEW YORK,2018,344,
NEW YORK,2018,343,
NEW YORK,2018,342,
NEW YORK,2018,341,27.000000
NEW YORK,2018,340,27.000000
NEW YORK,2018,339,27.000000
NEW YORK,2018,338,27.000000
NEW YORK,2018,337,
NEW YORK,2018,336,
NEW YORK,2018,335,
NEW YORK,2018,334,
NEW YORK,2018,333,
NEW YORK,2018,332,
NEW YORK,2018,331,
NEW YORK,2018,330,
NEW YORK,2018,329,
NEW YORK,2018,328,
NEW YORK,2018,327,
NEW YORK,2018,326,
NEW YORK,2018,325,
NEW YORK,2018,324,
NEW YORK,2018,323,
NEW YORK,2018,322,
NEW YORK,2018,321,
NEW YORK,2018,320,
NEW YORK,2018,319,
NEW YORK,2018,318,
NEW YORK,2018,317,
NEW YORK,2018,316,
NEW YORK,2018,315,
NEW YORK,2018,314,
NEW YORK,2018,313,
NEW YORK,2018,312,
NEW YORK,2018,311,
NEW YORK,2018,310,
NEW YORK,2018,309,
NEW YORK,2018,308,
NEW YORK,2018,307,
NEW YORK,2018,306,
NEW YORK,2018,305,
NEW YORK,2018,304,
NEW YORK,2018,303,
NEW YORK,2018,302,
NEW YORK,2018,301,
NEW YORK,2018,300,
NEW YORK,2018,299,
NEW YORK,2018,298,
NEW YORK,2018,297,
NEW YORK,2018,296,
NEW YORK,2018,295,
NEW YORK,2018,294,
NEW YORK,2018,293,
NEW YORK,2018,292,
NEW YORK,2018,291,
NEW YORK,2018,290,
NEW YORK,2018,289,
NEW YORK,2018,288,
NEW YORK,2018,287,
NEW YORK,2018,286,
NEW YORK,2018,285,
NEW YORK,2018,284,
NEW YORK,2018,283,
NEW YORK,2018,282,
NEW YORK,2018,281,
NEW YORK,2018,280,
NEW YORK,2018,279,
NEW YORK,2018,278,
NEW YORK,2018,277,
NEW YORK,2018,276,
NEW YORK,2018,275,
NEW YORK,2018,274,
NEW YORK,2018,273,
NEW YORK,2018,272,
NEW YORK,2018,271,
NEW YORK,2018,270,
NEW YORK,2018,269,
NEW YORK,2018,268,
NEW YORK,2018,267,
NEW YORK,2018,266,
NEW YORK,2018,265,
NEW YORK,2018,264,
NEW YORK,2018,263,
NEW YORK,2018,262,
NEW YORK,2018,261,
NEW YORK,2018,260,
NEW YORK,2018,259,
NEW YORK,2018,258,
NEW YORK,2018,257,
NEW YORK,2018,256,
NEW YORK,2018,255,
NEW YORK,2018,254,
NEW YORK,2018,253,
NEW YORK,2018,252,
NEW YORK,2018,251,
NEW YORK,2018,250,
NEW YORK,2018,249,
NEW YORK,2018,248,
NEW YORK,2018,247,
NEW YORK,2018,246,
NEW YORK,2018,245,
NEW YORK,2018,244,
NEW YORK,2018,243,
NEW YORK,2018,242,
NEW YORK,2018,241,
NEW YORK,2018,240,
NEW YORK,2018,239,
NEW YORK,2018,238,
NEW YORK,2018,237,
NEW YORK,2018,236,
NEW YORK,2018,235,
NEW YORK,2018,234,
NEW YORK,2018,233,
NEW YORK,2018,232,
NEW YORK,2018,231,
NEW YORK,2018,230,
NEW YORK,2018,229,
NEW YORK,2018,228,
NEW YORK,2018,227,
NEW YORK,2018,226,
NEW YORK,2018,225,
NEW YORK,2018,224,
NEW YORK,2018,223,
NEW YORK,2018,222,
NEW YORK,2018,221,
NEW YORK,2018,220,
NEW YORK,2018,219,
NEW YORK,2018,218,
NEW YORK,2018,217,
NEW YORK,2018,216,
NEW YORK,2018,215,
NEW YORK,2018,214,
NEW YORK,2018,213,
NEW YORK,2018,212,
NEW YORK,2018,211,
NEW YORK,2018,210,
NEW YORK,2018,209,
NEW YORK,2018,208,
NEW YORK,2018,207,
NEW YORK,2018,206,
NEW YORK,2018,205,
NEW YORK,2018,204,
NEW YORK,2018,203,
NEW YORK,2018,202,
NEW YORK,2018,201,
NEW YORK,2018,200,
NEW YORK,2018,199,
NEW YORK,2018,198,
NEW YORK,2018,197,
NEW YORK,2018,196,
NEW YORK,2018,195,
NEW YORK,2018,194,
NEW YORK,2018,193,
NEW YORK,2018,192,
NEW YORK,2018,191,
NEW YORK,2018,190,
NEW YORK,2018,189,
NEW YORK,2018,188,
NEW YORK,2018,187,
NEW YORK,2018,186,
NEW YORK,2018,185,
NEW YORK,2018,184,
NEW YORK,2018,183,
NEW YORK,2018,182,
NEW YORK,2018,181,
NEW YORK,2018,180,
NEW YORK,2018,179,
NEW YORK,2018,178,
NEW YORK,2018,177,
NEW YORK,2018,176,
NEW YORK,2018,175,
NEW YORK,2018,174,
NEW YORK,2018,173,
NEW YORK,2018,172,
NEW YORK,2018,171,
NEW YORK,2018,170,
NEW YORK,2018,169,
NEW YORK,2018,168,
NEW YORK,2018,167,
NEW YORK,2018,166,
NEW YORK,2018,165,
NEW YORK,2018,164,
NEW YORK,2018,163,
NEW YORK,2018,162,
NEW YORK,2018,161,
NEW YORK,2018,160,
NEW YORK,2018,159,
NEW YORK,2018,158,
NEW YORK,2018,157,
NEW YORK,2018,156,
NEW YORK,2018,155,
NEW YORK,2018,154,
NEW YORK,2018,153,
NEW YORK,2018,152,
NEW YORK,2018,151,
NEW YORK,2018,150,
NEW YORK,2018,149,
NEW YORK,2018,148,
NEW YORK,2018,147,
NEW YORK,2018,146,
NEW YORK,2018,145,
NEW YORK,2018,144,
NEW YORK,2018,143,
NEW YORK,2018,142,
NEW YORK,2018,141,
NEW YORK,2018,140,
NEW YORK,2018,139,
NEW YORK,2018,138,
NEW YORK,2018,137,
NEW YORK,2018,136,
NEW YORK,2018,135,
NEW YORK,2018,134,
NEW YORK,2018,133,
NEW YORK,2018,132,
NEW YORK,2018,131,
NEW YORK,2018,130,
NEW YORK,2018,129,
NEW YORK,2018,128,
NEW YORK,2018,127,
NEW YORK,2018,126,
NEW YORK,2018,125,
NEW YORK,2018,124,
NEW YORK,2018,123,
NEW YORK,2018,122,
NEW YORK,2018,121,
NEW YORK,2018,120,
NEW YORK,2018,119,
NEW YORK,2018,118,
NEW YORK,2018,117,
NEW YORK,2018,116,
NEW YORK,2018,115,
NEW YORK,2018,114,
NEW YORK,2018,113,
NEW YORK,2018,112,
NEW YORK,2018,111,
NEW YORK,2018,110,
NEW YORK,2018,109,
NEW YORK,2018,108,
NEW YORK,2018,107,
NEW YORK,2018,106,
NEW YORK,2018,105,
NEW YORK,2018,104,
NEW YORK,2018,103,14.000000
NEW YORK,2018,102,14.000000
NEW YORK,2018,101,14.000000
NEW YORK,2018,100,
NEW YORK,2018,99,
NEW YORK,2018,98,
NEW YORK,2018,97,
NEW YORK,2018,96,20.000000
NEW YORK,2018,95,20.000000
NEW YORK,2018,94,20.000000
NEW YORK,2018,93,
NEW YORK,2018,92,
NEW YORK,2018,91,
NEW YORK,2018,90,
NEW YORK,2018,89,
NEW YORK,2018,88,
NEW YORK,2018,87,
NEW YORK,2018,86,
NEW YORK,2018,85,
NEW YORK,2018,84,
NEW YORK,2018,83,
NEW YORK,2018,82,
NEW YORK,2018,81,
NEW YORK,2018,80,
NEW YORK,2018,79,
NEW YORK,2018,78,
NEW YORK,2018,77,
NEW YORK,2018,76,
NEW YORK,2018,75,
NEW YORK,2018,74,
NEW YORK,2018,73,
NEW YORK,2018,72,
NEW YORK,2018,71,
NEW YORK,2018,70,
NEW YORK,2018,69,
NEW YORK,2018,68,
NEW YORK,2018,67,
NEW YORK,2018,66,
NEW YORK,2018,65,
NEW YORK,2018,64,
NEW YORK,2018,63,
NEW YORK,2018,62,
NEW YORK,2018,61,
NEW YORK,2018,60,
NEW YORK,2018,59,
NEW YORK,2018,58,
NEW YORK,2018,57,
NEW YORK,2018,56,
NEW YORK,2018,55,
NEW YORK,2018,54,
NEW YORK,2018,53,
NEW YORK,2018,52,
NEW YORK,2018,51,
NEW YORK,2018,50,
NEW YORK,2018,49,
NEW YORK,2018,48,
NEW YORK,2018,47,
NEW YORK,2018,46,
NEW YORK,2018,45,
NEW YORK,2018,44,
NEW YORK,2018,43,
NEW YORK,2018,42,
NEW YORK,2018,41,
NEW YORK,2018,40,
NEW YORK,2018,39,
NEW YORK,2018,38,
NEW YORK,2018,37,18.000000
NEW YORK,2018,36,18.000000
NEW YORK,2018,35,
NEW YORK,2018,34,
NEW YORK,2018,33,18.000000
NEW YORK,2018,32,18.000000
NEW YORK,2018,31,18.000000
NEW YORK,2018,30,18.000000
NEW YORK,2018,29,18.000000
NEW YORK,2018,28,
NEW YORK,2018,27,
NEW YORK,2018,26,18.000000
NEW YORK,2018,25,18.000000
NEW YORK,2018,24,18.000000
NEW YORK,2018,23,18.000000
NEW YORK,2018,22,18.000000
NEW YORK,2018,21,
NEW YORK,2018,20,
NEW YORK,2018,19,18.000000
NEW YORK,2018,18,18.000000
NEW YORK,2018,17,18.000000
NEW YORK,2018,16,20.500000
NEW YORK,2018,15,
NEW YORK,2018,14,
NEW YORK,2018,13,
NEW YORK,2018,12,22.333333
NEW YORK,2018,11,22.333333
NEW YORK,2018,10,22.333333
NEW YORK,2018,9,22.333333
NEW YORK,2018,8,22.333333
NEW YORK,2018,7,
NEW YORK,2018,6,
NEW YORK,2018,5,
NEW YORK,2018,4,26.000000
NEW YORK,2018,3,26.000000
NEW YORK,2018,2,24.000000
PHILADELPHIA,2018,366,
PHILADELPHIA,2018,365,30.000000
PHILADELPHIA,2018,364,
PHILADELPHIA,2018,363,
PHILADELPHIA,2018,362,32.000000
PHILADELPHIA,2018,361,32.000000
PHILADELPHIA,2018,360,32.000000
PHILADELPHIA,2018,359,
PHILADELPHIA,2018,358,
PHILADELPHIA,2018,357,
PHILADELPHIA,2018,356,
PHILADELPHIA,2018,355,23.000000
PHILADELPHIA,2018,354,23.000000
PHILADELPHIA,2018,353,23.000000
PHILADELPHIA,2018,352,23.000000
PHILADELPHIA,2018,351,23.000000
PHILADELPHIA,2018,350,
PHILADELPHIA,2018,349,
PHILADELPHIA,2018,348,24.000000
PHILADELPHIA,2018,347,24.000000
PHILADELPHIA,2018,346,24.000000
PHILADELPHIA,2018,345,24.000000
PHILADELPHIA,2018,344,24.000000
PHILADELPHIA,2018,343,
PHILADELPHIA,2018,342,
PHILADELPHIA,2018,341,24.000000
PHILADELPHIA,2018,340,24.000000
PHILADELPHIA,2018,339,24.000000
PHILADELPHIA,2018,338,
PHILADELPHIA,2018,337,24.000000
PHILADELPHIA,2018,336,
PHILADELPHIA,2018,335,
PHILADELPHIA,2018,334,28.000000
PHILADELPHIA,2018,333,28.000000
PHILADELPHIA,2018,332,28.000000
PHILADELPHIA,2018,331,28.000000
PHILADELPHIA,2018,330,30.000000
PHILADELPHIA,2018,329,
PHILADELPHIA,2018,328,
PHILADELPHIA,2018,327,
PHILADELPHIA,2018,326,
PHILADELPHIA,2018,325,30.000000
PHILADELPHIA,2018,324,30.000000
PHILADELPHIA,2018,323,30.000000
PHILADELPHIA,2018,322,
PHILADELPHIA,2018,321,
PHILADELPHIA,2018,320,
PHILADELPHIA,2018,319,
PHILADELPHIA,2018,318,
PHILADELPHIA,2018,317,
PHILADELPHIA,2018,316,
PHILADELPHIA,2018,315,
PHILADELPHIA,2018,314,
PHILADELPHIA,2018,313,
PHILADELPHIA,2018,312,
PHILADELPHIA,2018,311,
PHILADELPHIA,2018,310,
PHILADELPHIA,2018,309,
PHILADELPHIA,2018,308,
PHILADELPHIA,2018,307,
PHILADELPHIA,2018,306,
PHILADELPHIA,2018,305,
PHILADELPHIA,2018,304,
PHILADELPHIA,2018,303,
PHILADELPHIA,2018,302,
PHILADELPHIA,2018,301,
PHILADELPHIA,2018,300,
PHILADELPHIA,2018,299,
PHILADELPHIA,2018,298,
PHILADELPHIA,2018,297,
PHILADELPHIA,2018,296,
PHILADELPHIA,2018,295,
PHILADELPHIA,2018,294,
PHILADELPHIA,2018,293,
PHILADELPHIA,2018,292,
PHILADELPHIA,2018,291,
PHILADELPHIA,2018,290,
PHILADELPHIA,2018,289,
PHILADELPHIA,2018,288,
PHILADELPHIA,2018,287,
PHILADELPHIA,2018,286,
PHILADELPHIA,2018,285,25.500000
PHILADELPHIA,2018,284,25.500000
PHILADELPHIA,2018,283,25.500000
PHILADELPHIA,2018,282,25.500000
PHILADELPHIA,2018,281,
PHILADELPHIA,2018,280,
PHILADELPHIA,2018,279,
PHILADELPHIA,2018,278,25.500000
PHILADELPHIA,2018,277,25.500000
PHILADELPHIA,2018,276,25.500000
PHILADELPHIA,2018,275,25.500000
PHILADELPHIA,2018,274,25.500000
PHILADELPHIA,2018,273,
PHILADELPHIA,2018,272,
PHILADELPHIA,2018,271,25.500000
PHILADELPHIA,2018,270,25.500000
PHILADELPHIA,2018,269,25.500000
PHILADELPHIA,2018,268,25.500000
PHILADELPHIA,2018,267,25.500000
PHILADELPHIA,2018,266,
PHILADELPHIA,2018,265,
PHILADELPHIA,2018,264,25.500000
PHILADELPHIA,2018,263,25.500000
PHILADELPHIA,2018,262,25.500000
PHILADELPHIA,2018,261,25.500000
PHILADELPHIA,2018,260,
PHILADELPHIA,2018,259,
PHILADELPHIA,2018,258,
PHILADELPHIA,2018,257,
PHILADELPHIA,2018,256,
PHILADELPHIA,2018,255,
PHILADELPHIA,2018,254,
PHILADELPHIA,2018,253,
PHILADELPHIA,2018,252,
PHILADELPHIA,2018,251,
PHILADELPHIA,2018,250,
PHILADELPHIA,2018,249,
PHILADELPHIA,2018,248,29.000000
PHILADELPHIA,2018,247,29.000000
PHILADELPHIA,2018,246,
PHILADELPHIA,2018,245,
PHILADELPHIA,2018,244,
PHILADELPHIA,2018,243,29.000000
PHILADELPHIA,2018,242,29.000000
PHILADELPHIA,2018,241,29.000000
PHILADELPHIA,2018,240,29.000000
PHILADELPHIA,2018,239,29.000000
PHILADELPHIA,2018,238,
PHILADELPHIA,2018,237,
PHILADELPHIA,2018,236,29.000000
PHILADELPHIA,2018,235,29.000000
PHILADELPHIA,2018,234,29.000000
PHILADELPHIA,2018,233,29.000000
PHILADELPHIA,2018,232,29.000000
PHILADELPHIA,2018,231,
PHILADELPHIA,2018,230,
PHILADELPHIA,2018,229,35.000000
PHILADELPHIA,2018,228,35.000000
PHILADELPHIA,2018,227,35.000000
PHILADELPHIA,2018,226,35.000000
PHILADELPHIA,2018,225,
PHILADELPHIA,2018,224,
PHILADELPHIA,2018,223,
PHILADELPHIA,2018,222,
PHILADELPHIA,2018,221,
PHILADELPHIA,2018,220,
PHILADELPHIA,2018,219,
PHILADELPHIA,2018,218,36.000000
PHILADELPHIA,2018,217,
PHILADELPHIA,2018,216,
PHILADELPHIA,2018,215,36.000000
PHILADELPHIA,2018,214,36.000000
PHILADELPHIA,2018,213,36.000000
PHILADELPHIA,2018,212,36.000000
PHILADELPHIA,2018,211,36.000000
PHILADELPHIA,2018,210,
PHILADELPHIA,2018,209,
PHILADELPHIA,2018,208,36.000000
PHILADELPHIA,2018,207,36.000000
PHILADELPHIA,2018,206,36.000000
PHILADELPHIA,2018,205,36.000000
PHILADELPHIA,2018,204,36.000000
PHILADELPHIA,2018,203,
PHILADELPHIA,2018,202,
PHILADELPHIA,2018,201,36.000000
PHILADELPHIA,2018,200,36.000000
PHILADELPHIA,2018,199,36.000000
PHILADELPHIA,2018,198,36.000000
PHILADELPHIA,2018,197,30.000000
PHILADELPHIA,2018,196,
PHILADELPHIA,2018,195,
PHILADELPHIA,2018,194,30.000000
PHILADELPHIA,2018,193,30.000000
PHILADELPHIA,2018,192,30.000000
PHILADELPHIA,2018,191,30.000000
PHILADELPHIA,2018,190,30.000000
PHILADELPHIA,2018,189,
PHILADELPHIA,2018,188,
PHILADELPHIA,2018,187,30.000000
PHILADELPHIA,2018,186,30.000000
PHILADELPHIA,2018,185,
PHILADELPHIA,2018,184,30.000000
PHILADELPHIA,2018,183,36.000000
PHILADELPHIA,2018,182,
PHILADELPHIA,2018,181,
PHILADELPHIA,2018,180,36.000000
PHILADELPHIA,2018,179,36.000000
PHILADELPHIA,2018,178,36.000000
PHILADELPHIA,2018,177,36.000000
PHILADELPHIA,2018,176,36.000000
PHILADELPHIA,2018,175,
PHILADELPHIA,2018,174,
PHILADELPHIA,2018,173,36.000000
PHILADELPHIA,2018,172,36.000000
PHILADELPHIA,2018,171,36.000000
PHILADELPHIA,2018,170,36.000000
PHILADELPHIA,2018,169,
PHILADELPHIA,2018,168,
PHILADELPHIA,2018,167,
PHILADELPHIA,2018,166,
PHILADELPHIA,2018,165,
PHILADELPHIA,2018,164,
PHILADELPHIA,2018,163,
PHILADELPHIA,2018,162,
PHILADELPHIA,2018,161,
PHILADELPHIA,2018,160,
PHILADELPHIA,2018,159,
PHILADELPHIA,2018,158,
PHILADELPHIA,2018,157,
PHILADELPHIA,2018,156,
PHILADELPHIA,2018,155,
PHILADELPHIA,2018,154,
PHILADELPHIA,2018,153,
PHILADELPHIA,2018,152,
PHILADELPHIA,2018,151,
PHILADELPHIA,2018,150,
PHILADELPHIA,2018,149,
PHILADELPHIA,2018,148,
PHILADELPHIA,2018,147,
PHILADELPHIA,2018,146,
PHILADELPHIA,2018,145,
PHILADELPHIA,2018,144,
PHILADELPHIA,2018,143,
PHILADELPHIA,2018,142,
PHILADELPHIA,2018,141,
PHILADELPHIA,2018,140,
PHILADELPHIA,2018,139,
PHILADELPHIA,2018,138,22.000000
PHILADELPHIA,2018,137,22.000000
PHILADELPHIA,2018,136,22.000000
PHILADELPHIA,2018,135,22.000000
PHILADELPHIA,2018,134,22.000000
PHILADELPHIA,2018,133,
PHILADELPHIA,2018,132,
PHILADELPHIA,2018,131,22.000000
PHILADELPHIA,2018,130,22.000000
PHILADELPHIA,2018,129,22.000000
PHILADELPHIA,2018,128,22.000000
PHILADELPHIA,2018,127,22.000000
PHILADELPHIA,2018,126,
PHILADELPHIA,2018,125,
PHILADELPHIA,2018,124,
PHILADELPHIA,2018,123,
PHILADELPHIA,2018,122,24.000000
PHILADELPHIA,2018,121,24.000000
PHILADELPHIA,2018,120,24.000000
PHILADELPHIA,2018,119,
PHILADELPHIA,2018,118,
PHILADELPHIA,2018,117,24.000000
PHILADELPHIA,2018,116,24.000000
PHILADELPHIA,2018,115,24.000000
PHILADELPHIA,2018,114,24.000000
PHILADELPHIA,2018,113,24.000000
PHILADELPHIA,2018,112,
PHILADELPHIA,2018,111,
PHILADELPHIA,2018,110,24.000000
PHILADELPHIA,2018,109,24.000000
PHILADELPHIA,2018,108,24.000000
PHILADELPHIA,2018,107,24.000000
PHILADELPHIA,2018,106,24.000000
PHILADELPHIA,2018,105,
PHILADELPHIA,2018,104,
PHILADELPHIA,2018,103,
PHILADELPHIA,2018,102,
PHILADELPHIA,2018,101,
PHILADELPHIA,2018,100,
PHILADELPHIA,2018,99,
PHILADELPHIA,2018,98,
PHILADELPHIA,2018,97,
PHILADELPHIA,2018,96,19.000000
PHILADELPHIA,2018,95,19.000000
PHILADELPHIA,2018,94,19.000000
PHILADELPHIA,2018,93,19.000000
PHILADELPHIA,2018,92,
PHILADELPHIA,2018,91,
PHILADELPHIA,2018,90,
PHILADELPHIA,2018,89,19.000000
PHILADELPHIA,2018,88,19.000000
PHILADELPHIA,2018,87,19.000000
PHILADELPHIA,2018,86,19.000000
PHILADELPHIA,2018,85,19.000000
PHILADELPHIA,2018,84,
PHILADELPHIA,2018,83,
PHILADELPHIA,2018,82,
PHILADELPHIA,2018,81,
PHILADELPHIA,2018,80,
PHILADELPHIA,2018,79,19.000000
PHILADELPHIA,2018,78,19.000000
PHILADELPHIA,2018,77,
PHILADELPHIA,2018,76,
PHILADELPHIA,2018,75,19.000000
PHILADELPHIA,2018,74,19.000000
PHILADELPHIA,2018,73,19.000000
PHILADELPHIA,2018,72,19.000000
PHILADELPHIA,2018,71,19.000000
PHILADELPHIA,2018,70,
PHILADELPHIA,2018,69,
PHILADELPHIA,2018,68,
PHILADELPHIA,2018,67,
PHILADELPHIA,2018,66,
PHILADELPHIA,2018,65,19.000000
PHILADELPHIA,2018,64,19.000000
PHILADELPHIA,2018,63,
PHILADELPHIA,2018,62,
PHILADELPHIA,2018,61,21.000000
PHILADELPHIA,2018,60,21.000000
PHILADELPHIA,2018,59,21.000000
PHILADELPHIA,2018,58,21.000000
PHILADELPHIA,2018,57,21.000000
PHILADELPHIA,2018,56,
PHILADELPHIA,2018,55,
PHILADELPHIA,2018,54,23.000000
PHILADELPHIA,2018,53,23.000000
PHILADELPHIA,2018,52,23.000000
PHILADELPHIA,2018,51,23.000000
PHILADELPHIA,2018,50,
PHILADELPHIA,2018,49,
PHILADELPHIA,2018,48,
PHILADELPHIA,2018,47,23.000000
PHILADELPHIA,2018,46,23.000000
PHILADELPHIA,2018,45,28.000000
PHILADELPHIA,2018,44,28.000000
PHILADELPHIA,2018,43,28.000000
PHILADELPHIA,2018,42,
PHILADELPHIA,2018,41,
PHILADELPHIA,2018,40,28.000000
PHILADELPHIA,2018,39,28.000000
PHILADELPHIA,2018,38,28.000000
PHILADELPHIA,2018,37,28.000000
PHILADELPHIA,2018,36,28.000000
PHILADELPHIA,2018,35,
PHILADELPHIA,2018,34,
PHILADELPHIA,2018,33,10.000000
PHILADELPHIA,2018,32,10.000000
PHILADELPHIA,2018,31,10.000000
PHILADELPHIA,2018,30,10.000000
PHILADELPHIA,2018,29,10.000000
PHILADELPHIA,2018,28,
PHILADELPHIA,2018,27,
PHILADELPHIA,2018,26,10.000000
PHILADELPHIA,2018,25,10.000000
PHILADELPHIA,2018,24,10.000000
PHILADELPHIA,2018,23,10.000000
PHILADELPHIA,2018,22,10.000000
PHILADELPHIA,2018,21,
PHILADELPHIA,2018,20,
PHILADELPHIA,2018,19,15.000000
PHILADELPHIA,2018,18,15.000000
PHILADELPHIA,2018,17,15.000000
PHILADELPHIA,2018,16,15.000000
PHILADELPHIA,2018,15,
PHILADELPHIA,2018,14,
PHILADELPHIA,2018,13,
PHILADELPHIA,2018,12,31.000000
PHILADELPHIA,2018,11,31.000000
PHILADELPHIA,2018,10,31.000000
PHILADELPHIA,2018,9,31.000000
PHILADELPHIA,2018,8,31.000000
PHILADELPHIA,2018,7,
PHILADELPHIA,2018,6,
PHILADELPHIA,2018,5,
PHILADELPHIA,2018,4,
PHILADELPHIA,2018,3,
PHILADELPHIA,2018,2,
