CityName,Year,Day,Price
BALTIMORE,2024,366,
BALTIMORE,2024,365,
BALTIMORE,2024,364,
BALTIMORE,2024,363,
BALTIMORE,2024,362,
BALTIMORE,2024,361,
BALTIMORE,2024,360,
BALTIMORE,2024,359,
BALTIMORE,2024,358,
BALTIMORE,2024,357,
BALTIMORE,2024,356,
BALTIMORE,2024,355,
BALTIMORE,2024,354,
BALTIMORE,2024,353,
BALTIMORE,2024,352,
BALTIMORE,2024,351,
BALTIMORE,2024,350,
BALTIMORE,2024,349,
BALTIMORE,2024,348,
BALTIMORE,2024,347,
BALTIMORE,2024,346,
BALTIMORE,2024,345,
BALTIMORE,2024,344,
BALTIMORE,2024,343,
BALTIMORE,2024,342,
BALTIMORE,2024,341,
BALTIMORE,2024,340,
BALTIMORE,2024,339,
BALTIMORE,2024,338,
BALTIMORE,2024,337,
BALTIMORE,2024,336,
BALTIMORE,2024,335,
BALTIMORE,2024,334,
BALTIMORE,2024,333,
BALTIMORE,2024,332,
BALTIMORE,2024,331,
BALTIMORE,2024,330,
BALTIMORE,2024,329,
BALTIMORE,2024,328,
BALTIMORE,2024,327,
BALTIMORE,2024,326,
BALTIMORE,2024,325,
BALTIMORE,2024,324,
BALTIMORE,2024,323,
BALTIMORE,2024,322,
BALTIMORE,2024,321,
BALTIMORE,2024,320,
BALTIMORE,2024,319,
BALTIMORE,2024,318,
BALTIMORE,2024,317,
BALTIMORE,2024,316,
BALTIMORE,2024,315,
BALTIMORE,2024,314,
BALTIMORE,2024,313,
BALTIMORE,2024,312,
BALTIMORE,2024,311,
BALTIMORE,2024,310,
BALTIMORE,2024,309,
BALTIMORE,2024,308,
BALTIMORE,2024,307,
BALTIMORE,2024,306,
BALTIMORE,2024,305,
BALTIMORE,2024,304,
BALTIMORE,2024,303,
BALTIMORE,2024,302,
BALTIMORE,2024,301,
BALTIMORE,2024,300,
BALTIMORE,2024,299,
BALTIMORE,2024,298,
BALTIMORE,2024,297,
BALTIMORE,2024,296,
BALTIMORE,2024,295,
BALTIMORE,2024,294,
BALTIMORE,2024,293,
BALTIMORE,2024,292,
BALTIMORE,2024,291,
BALTIMORE,2024,290,
BALTIMORE,2024,289,
BALTIMORE,2024,288,
BALTIMORE,2024,287,
BALTIMORE,2024,286,
BALTIMORE,2024,285,
BALTIMORE,2024,284,
BALTIMORE,2024,283,
BALTIMORE,2024,282,
BALTIMORE,2024,281,
BALTIMORE,2024,280,
BALTIMORE,2024,279,
BALTIMORE,2024,278,
BALTIMORE,2024,277,
BALTIMORE,2024,276,
BALTIMORE,2024,275,
BALTIMORE,2024,274,28
BALTIMORE,2024,273,
BALTIMORE,2024,272,
BALTIMORE,2024,271,28
BALTIMORE,2024,270,28
BALTIMORE,2024,269,28
BALTIMORE,2024,268,28
BALTIMORE,2024,267,28
BALTIMORE,2024,266,
BALTIMORE,2024,265,
BALTIMORE,2024,264,28
BALTIMORE,2024,263,28
BALTIMORE,2024,262,28
BALTIMORE,2024,261,28
BALTIMORE,2024,260,28
BALTIMORE,2024,259,
BALTIMORE,2024,258,
BALTIMORE,2024,257,28
BALTIMORE,2024,256,28
BALTIMORE,2024,255,28
BALTIMORE,2024,254,28
BALTIMORE,2024,253,28
BALTIMORE,2024,252,
BALTIMORE,2024,251,
BALTIMORE,2024,250,28
BALTIMORE,2024,249,28
BALTIMORE,2024,248,28
BALTIMORE,2024,247,28
BALTIMORE,2024,246,
BALTIMORE,2024,245,
BALTIMORE,2024,244,
BALTIMORE,2024,243,28
BALTIMORE,2024,242,28
BALTIMORE,2024,241,28
BALTIMORE,2024,240,28
BALTIMORE,2024,239,28
BALTIMORE,2024,238,
BALTIMORE,2024,237,
BALTIMORE,2024,236,28
BALTIMORE,2024,235,28
BALTIMORE,2024,234,28
BALTIMORE,2024,233,28
BALTIMORE,2024,232,28
BALTIMORE,2024,231,
BALTIMORE,2024,230,
BALTIMORE,2024,229,28
BALTIMORE,2024,228,28
BALTIMORE,2024,227,28
BALTIMORE,2024,226,28
BALTIMORE,2024,225,28
BALTIMORE,2024,224,
BALTIMORE,2024,223,
BALTIMORE,2024,222,28
BALTIMORE,2024,221,28
BALTIMORE,2024,220,28
BALTIMORE,2024,219,28
BALTIMORE,2024,218,28
BALTIMORE,2024,217,
BALTIMORE,2024,216,
BALTIMORE,2024,215,28
BALTIMORE,2024,214,
BALTIMORE,2024,213,
BALTIMORE,2024,212,28
BALTIMORE,2024,211,28
BALTIMORE,2024,210,
BALTIMORE,2024,209,
BALTIMORE,2024,208,28
BALTIMORE,2024,207,28
BALTIMORE,2024,206,28
BALTIMORE,2024,205,28
BALTIMORE,2024,204,28
BALTIMORE,2024,203,
BALTIMORE,2024,202,
BALTIMORE,2024,201,28
BALTIMORE,2024,200,28
BALTIMORE,2024,199,
BALTIMORE,2024,198,28
BALTIMORE,2024,197,28
BALTIMORE,2024,196,
BALTIMORE,2024,195,
BALTIMORE,2024,194,28
BALTIMORE,2024,193,28
BALTIMORE,2024,192,28
BALTIMORE,2024,191,28
BALTIMORE,2024,190,28
BALTIMORE,2024,189,
BALTIMORE,2024,188,
BALTIMORE,2024,187,18
BALTIMORE,2024,186,
BALTIMORE,2024,185,18
BALTIMORE,2024,184,18
BALTIMORE,2024,183,18
BALTIMORE,2024,182,
BALTIMORE,2024,181,
BALTIMORE,2024,180,18
BALTIMORE,2024,179,18
BALTIMORE,2024,178,18
BALTIMORE,2024,177,18
BALTIMORE,2024,176,18
BALTIMORE,2024,175,
BALTIMORE,2024,174,
BALTIMORE,2024,173,18
BALTIMORE,2024,172,18
BALTIMORE,2024,171,
BALTIMORE,2024,170,18
BALTIMORE,2024,169,18
BALTIMORE,2024,168,
BALTIMORE,2024,167,
BALTIMORE,2024,166,18
BALTIMORE,2024,165,18
BALTIMORE,2024,164,18
BALTIMORE,2024,163,33
BALTIMORE,2024,162,33
BALTIMORE,2024,161,
BALTIMORE,2024,160,
BALTIMORE,2024,159,30
BALTIMORE,2024,158,30
BALTIMORE,2024,157,30
BALTIMORE,2024,156,30
BALTIMORE,2024,155,30
BALTIMORE,2024,154,
BALTIMORE,2024,153,
BALTIMORE,2024,152,30
BALTIMORE,2024,151,30
BALTIMORE,2024,150,30
BALTIMORE,2024,149,30
BALTIMORE,2024,148,
BALTIMORE,2024,147,
BALTIMORE,2024,146,
BALTIMORE,2024,145,30
BALTIMORE,2024,144,30
BALTIMORE,2024,143,30
BALTIMORE,2024,142,30
BALTIMORE,2024,141,30
BALTIMORE,2024,140,
BALTIMORE,2024,139,
BALTIMORE,2024,138,30
BALTIMORE,2024,137,30
BALTIMORE,2024,136,30
BALTIMORE,2024,135,30
BALTIMORE,2024,134,33
BALTIMORE,2024,133,
BALTIMORE,2024,132,
BALTIMORE,2024,131,33
BALTIMORE,2024,130,33
BALTIMORE,2024,129,33
BALTIMORE,2024,128,33
BALTIMORE,2024,127,33
BALTIMORE,2024,126,
BALTIMORE,2024,125,
BALTIMORE,2024,124,33
BALTIMORE,2024,123,33
BALTIMORE,2024,122,33
BALTIMORE,2024,121,33
BALTIMORE,2024,120,33
BALTIMORE,2024,119,
BALTIMORE,2024,118,
BALTIMORE,2024,117,33
BALTIMORE,2024,116,33
BALTIMORE,2024,115,33
BALTIMORE,2024,114,33
BALTIMORE,2024,113,30.5
BALTIMORE,2024,112,
BALTIMORE,2024,111,
BALTIMORE,2024,110,30.5
BALTIMORE,2024,109,30.5
BALTIMORE,2024,108,30.5
BALTIMORE,2024,107,30.5
BALTIMORE,2024,106,30.5
BALTIMORE,2024,105,
BALTIMORE,2024,104,
BALTIMORE,2024,103,30.5
BALTIMORE,2024,102,30.5
BALTIMORE,2024,101,30.5
BALTIMORE,2024,100,30.5
BALTIMORE,2024,99,30.5
BALTIMORE,2024,98,
BALTIMORE,2024,97,
BALTIMORE,2024,96,30.5
BALTIMORE,2024,95,30.5
BALTIMORE,2024,94,30.5
BALTIMORE,2024,93,30.5
BALTIMORE,2024,92,
BALTIMORE,2024,91,
BALTIMORE,2024,90,
BALTIMORE,2024,89,
BALTIMORE,2024,88,
BALTIMORE,2024,87,
BALTIMORE,2024,86,
BALTIMORE,2024,85,
BALTIMORE,2024,84,
BALTIMORE,2024,83,
BALTIMORE,2024,82,
BALTIMORE,2024,81,
BALTIMORE,2024,80,
BALTIMORE,2024,79,
BALTIMORE,2024,78,
BALTIMORE,2024,77,
BALTIMORE,2024,76,
BALTIMORE,2024,75,
BALTIMORE,2024,74,
BALTIMORE,2024,73,
BALTIMORE,2024,72,
BALTIMORE,2024,71,
BALTIMORE,2024,70,
BALTIMORE,2024,69,
BALTIMORE,2024,68,
BALTIMORE,2024,67,
BALTIMORE,2024,66,
BALTIMORE,2024,65,
BALTIMORE,2024,64,
BALTIMORE,2024,63,
BALTIMORE,2024,62,
BALTIMORE,2024,61,
BALTIMORE,2024,60,
BALTIMORE,2024,59,
BALTIMORE,2024,58,
BALTIMORE,2024,57,
BALTIMORE,2024,56,
BALTIMORE,2024,55,
BALTIMORE,2024,54,
BALTIMORE,2024,53,
BALTIMORE,2024,52,
BALTIMORE,2024,51,
BALTIMORE,2024,50,
BALTIMORE,2024,49,
BALTIMORE,2024,48,
BALTIMORE,2024,47,
BALTIMORE,2024,46,
BALTIMORE,2024,45,
BALTIMORE,2024,44,
BALTIMORE,2024,43,
BALTIMORE,2024,42,
BALTIMORE,2024,41,
BALTIMORE,2024,40,
BALTIMORE,2024,39,
BALTIMORE,2024,38,
BALTIMORE,2024,37,
BALTIMORE,2024,36,
BALTIMORE,2024,35,
BALTIMORE,2024,34,
BALTIMORE,2024,33,
BALTIMORE,2024,32,
BALTIMORE,2024,31,
BALTIMORE,2024,30,
BALTIMORE,2024,29,
BALTIMORE,2024,28,
BALTIMORE,2024,27,
BALTIMORE,2024,26,
BALTIMORE,2024,25,
BALTIMORE,2024,24,
BALTIMORE,2024,23,
BALTIMORE,2024,22,
BALTIMORE,2024,21,
BALTIMORE,2024,20,
BALTIMORE,2024,19,
BALTIMORE,2024,18,
BALTIMORE,2024,17,
BALTIMORE,2024,16,
BALTIMORE,2024,15,
BALTIMORE,2024,14,
BALTIMORE,2024,13,
BALTIMORE,2024,12,
BALTIMORE,2024,11,
BALTIMORE,2024,10,
BALTIMORE,2024,9,
BALTIMORE,2024,8,
BALTIMORE,2024,7,
BALTIMORE,2024,6,
BALTIMORE,2024,5,
BALTIMORE,2024,4,
BALTIMORE,2024,3,
BALTIMORE,2024,2,
BOSTON,2024,366,
BOSTON,2024,365,
BOSTON,2024,364,
BOSTON,2024,363,
BOSTON,2024,362,
BOSTON,2024,361,
BOSTON,2024,360,
BOSTON,2024,359,
BOSTON,2024,358,
BOSTON,2024,357,
BOSTON,2024,356,
BOSTON,2024,355,
BOSTON,2024,354,
BOSTON,2024,353,
BOSTON,2024,352,
BOSTON,2024,351,
BOSTON,2024,350,
BOSTON,2024,349,
BOSTON,2024,348,
BOSTON,2024,347,
BOSTON,2024,346,
BOSTON,2024,345,
BOSTON,2024,344,
BOSTON,2024,343,
BOSTON,2024,342,
BOSTON,2024,341,
BOSTON,2024,340,
BOSTON,2024,339,
BOSTON,2024,338,
BOSTON,2024,337,
BOSTON,2024,336,
BOSTON,2024,335,
BOSTON,2024,334,
BOSTON,2024,333,
BOSTON,2024,332,
BOSTON,2024,331,
BOSTON,2024,330,
BOSTON,2024,329,
BOSTON,2024,328,
BOSTON,2024,327,
BOSTON,2024,326,
BOSTON,2024,325,
BOSTON,2024,324,
BOSTON,2024,323,
BOSTON,2024,322,
BOSTON,2024,321,
BOSTON,2024,320,
BOSTON,2024,319,
BOSTON,2024,318,
BOSTON,2024,317,
BOSTON,2024,316,
BOSTON,2024,315,
BOSTON,2024,314,
BOSTON,2024,313,
BOSTON,2024,312,
BOSTON,2024,311,
BOSTON,2024,310,
BOSTON,2024,309,
BOSTON,2024,308,
BOSTON,2024,307,
BOSTON,2024,306,
BOSTON,2024,305,
BOSTON,2024,304,
BOSTON,2024,303,
BOSTON,2024,302,
BOSTON,2024,301,
BOSTON,2024,300,
BOSTON,2024,299,
BOSTON,2024,298,
BOSTON,2024,297,
BOSTON,2024,296,
BOSTON,2024,295,
BOSTON,2024,294,
BOSTON,2024,293,
BOSTON,2024,292,
BOSTON,2024,291,
BOSTON,2024,290,
BOSTON,2024,289,
BOSTON,2024,288,
BOSTON,2024,287,
BOSTON,2024,286,
BOSTON,2024,285,
BOSTON,2024,284,
BOSTON,2024,283,
BOSTON,2024,282,
BOSTON,2024,281,
BOSTON,2024,280,
BOSTON,2024,279,
BOSTON,2024,278,
BOSTON,2024,277,
BOSTON,2024,276,
BOSTON,2024,275,
BOSTON,2024,274,24
BOSTON,2024,273,
BOSTON,2024,272,
BOSTON,2024,271,24
BOSTON,2024,270,24
BOSTON,2024,269,24
BOSTON,2024,268,24
BOSTON,2024,267,24
BOSTON,2024,266,
BOSTON,2024,265,
BOSTON,2024,264,24
BOSTON,2024,263,24
BOSTON,2024,262,24
BOSTON,2024,261,24
BOSTON,2024,260,24
BOSTON,2024,259,
BOSTON,2024,258,
BOSTON,2024,257,24
BOSTON,2024,256,24
BOSTON,2024,255,24
BOSTON,2024,254,24
BOSTON,2024,253,24
BOSTON,2024,252,
BOSTON,2024,251,
BOSTON,2024,250,24
BOSTON,2024,249,24
BOSTON,2024,248,24
BOSTON,2024,247,24
BOSTON,2024,246,
BOSTON,2024,245,
BOSTON,2024,244,
BOSTON,2024,243,24
BOSTON,2024,242,24
BOSTON,2024,241,24
BOSTON,2024,240,24
BOSTON,2024,239,24
BOSTON,2024,238,
BOSTON,2024,237,
BOSTON,2024,236,24
BOSTON,2024,235,24
BOSTON,2024,234,24
BOSTON,2024,233,24
BOSTON,2024,232,24
BOSTON,2024,231,
BOSTON,2024,230,
BOSTON,2024,229,24
BOSTON,2024,228,24
BOSTON,2024,227,24
BOSTON,2024,226,24
BOSTON,2024,225,24
BOSTON,2024,224,
BOSTON,2024,223,
BOSTON,2024,222,24
BOSTON,2024,221,24
BOSTON,2024,220,24
BOSTON,2024,219,24
BOSTON,2024,218,24
BOSTON,2024,217,
BOSTON,2024,216,
BOSTON,2024,215,24
BOSTON,2024,214,
BOSTON,2024,213,24
BOSTON,2024,212,24
BOSTON,2024,211,24
BOSTON,2024,210,
BOSTON,2024,209,
BOSTON,2024,208,24
BOSTON,2024,207,24
BOSTON,2024,206,24
BOSTON,2024,205,24
BOSTON,2024,204,24
BOSTON,2024,203,
BOSTON,2024,202,
BOSTON,2024,201,24
BOSTON,2024,200,24
BOSTON,2024,199,24
BOSTON,2024,198,24
BOSTON,2024,197,
BOSTON,2024,196,
BOSTON,2024,195,
BOSTON,2024,194,24
BOSTON,2024,193,24
BOSTON,2024,192,24
BOSTON,2024,191,24
BOSTON,2024,190,24
BOSTON,2024,189,
BOSTON,2024,188,
BOSTON,2024,187,24
BOSTON,2024,186,
BOSTON,2024,185,24
BOSTON,2024,184,24
BOSTON,2024,183,24
BOSTON,2024,182,
BOSTON,2024,181,
BOSTON,2024,180,24
BOSTON,2024,179,24
BOSTON,2024,178,24
BOSTON,2024,177,24
BOSTON,2024,176,24
BOSTON,2024,175,
BOSTON,2024,174,
BOSTON,2024,173,24
BOSTON,2024,172,24
BOSTON,2024,171,
BOSTON,2024,170,24
BOSTON,2024,169,24
BOSTON,2024,168,
BOSTON,2024,167,
BOSTON,2024,166,24
BOSTON,2024,165,24
BOSTON,2024,164,24
BOSTON,2024,163,24
BOSTON,2024,162,24
BOSTON,2024,161,
BOSTON,2024,160,
BOSTON,2024,159,24
BOSTON,2024,158,24
BOSTON,2024,157,24
BOSTON,2024,156,24
BOSTON,2024,155,24
BOSTON,2024,154,
BOSTON,2024,153,
BOSTON,2024,152,24
BOSTON,2024,151,24
BOSTON,2024,150,24
BOSTON,2024,149,24
BOSTON,2024,148,
BOSTON,2024,147,
BOSTON,2024,146,
BOSTON,2024,145,24
BOSTON,2024,144,24
BOSTON,2024,143,24
BOSTON,2024,142,24
BOSTON,2024,141,24
BOSTON,2024,140,
BOSTON,2024,139,
BOSTON,2024,138,24
BOSTON,2024,137,24
BOSTON,2024,136,24
BOSTON,2024,135,24
BOSTON,2024,134,24
BOSTON,2024,133,
BOSTON,2024,132,
BOSTON,2024,131,24
BOSTON,2024,130,24
BOSTON,2024,129,24
BOSTON,2024,128,24
BOSTON,2024,127,24
BOSTON,2024,126,
BOSTON,2024,125,
BOSTON,2024,124,24
BOSTON,2024,123,24
BOSTON,2024,122,24
BOSTON,2024,121,24
BOSTON,2024,120,24
BOSTON,2024,119,
BOSTON,2024,118,
BOSTON,2024,117,24
BOSTON,2024,116,24
BOSTON,2024,115,24
BOSTON,2024,114,24
BOSTON,2024,113,24
BOSTON,2024,112,
BOSTON,2024,111,
BOSTON,2024,110,24
BOSTON,2024,109,24
BOSTON,2024,108,24
BOSTON,2024,107,24
BOSTON,2024,106,24
BOSTON,2024,105,
BOSTON,2024,104,
BOSTON,2024,103,24
BOSTON,2024,102,24
BOSTON,2024,101,24
BOSTON,2024,100,24
BOSTON,2024,99,24
BOSTON,2024,98,
BOSTON,2024,97,
BOSTON,2024,96,24
BOSTON,2024,95,24
BOSTON,2024,94,24
BOSTON,2024,93,24
BOSTON,2024,92,24
BOSTON,2024,91,
BOSTON,2024,90,
BOSTON,2024,89,24
BOSTON,2024,88,24
BOSTON,2024,87,24
BOSTON,2024,86,24
BOSTON,2024,85,24
BOSTON,2024,84,
BOSTON,2024,83,
BOSTON,2024,82,24
BOSTON,2024,81,24
BOSTON,2024,80,24
BOSTON,2024,79,24
BOSTON,2024,78,24
BOSTON,2024,77,
BOSTON,2024,76,
BOSTON,2024,75,24
BOSTON,2024,74,24
BOSTON,2024,73,24
BOSTON,2024,72,24
BOSTON,2024,71,24
BOSTON,2024,70,
BOSTON,2024,69,
BOSTON,2024,68,24
BOSTON,2024,67,24
BOSTON,2024,66,24
BOSTON,2024,65,24
BOSTON,2024,64,24
BOSTON,2024,63,
BOSTON,2024,62,
BOSTON,2024,61,24
BOSTON,2024,60,24
BOSTON,2024,59,24
BOSTON,2024,58,24
BOSTON,2024,57,24
BOSTON,2024,56,
BOSTON,2024,55,
BOSTON,2024,54,24
BOSTON,2024,53,24
BOSTON,2024,52,24
BOSTON,2024,51,24
BOSTON,2024,50,
BOSTON,2024,49,
BOSTON,2024,48,
BOSTON,2024,47,24
BOSTON,2024,46,24
BOSTON,2024,45,24
BOSTON,2024,44,24
BOSTON,2024,43,24
BOSTON,2024,42,
BOSTON,2024,41,
BOSTON,2024,40,24
BOSTON,2024,39,24
BOSTON,2024,38,24
BOSTON,2024,37,24
BOSTON,2024,36,24
BOSTON,2024,35,
BOSTON,2024,34,
BOSTON,2024,33,24
BOSTON,2024,32,24
BOSTON,2024,31,24
BOSTON,2024,30,24
BOSTON,2024,29,24
BOSTON,2024,28,
BOSTON,2024,27,
BOSTON,2024,26,24
BOSTON,2024,25,24
BOSTON,2024,24,24
BOSTON,2024,23,24
BOSTON,2024,22,24
BOSTON,2024,21,
BOSTON,2024,20,
BOSTON,2024,19,24
BOSTON,2024,18,24
BOSTON,2024,17,24
BOSTON,2024,16,24
BOSTON,2024,15,
BOSTON,2024,14,
BOSTON,2024,13,
BOSTON,2024,12,24
BOSTON,2024,11,24
BOSTON,2024,10,24
BOSTON,2024,9,24
BOSTON,2024,8,24
BOSTON,2024,7,
BOSTON,2024,6,
BOSTON,2024,5,24
BOSTON,2024,4,24
BOSTON,2024,3,24
BOSTON,2024,2,24
CHICAGO,2024,366,
CHICAGO,2024,365,
CHICAGO,2024,364,
CHICAGO,2024,363,
CHICAGO,2024,362,
CHICAGO,2024,361,
CHICAGO,2024,360,
CHICAGO,2024,359,
CHICAGO,2024,358,
CHICAGO,2024,357,
CHICAGO,2024,356,
CHICAGO,2024,355,
CHICAGO,2024,354,
CHICAGO,2024,353,
CHICAGO,2024,352,
CHICAGO,2024,351,
CHICAGO,2024,350,
CHICAGO,2024,349,
CHICAGO,2024,348,
CHICAGO,2024,347,
CHICAGO,2024,346,
CHICAGO,2024,345,
CHICAGO,2024,344,
CHICAGO,2024,343,
CHICAGO,2024,342,
CHICAGO,2024,341,
CHICAGO,2024,340,
CHICAGO,2024,339,
CHICAGO,2024,338,
CHICAGO,2024,337,
CHICAGO,2024,336,
CHICAGO,2024,335,
CHICAGO,2024,334,
CHICAGO,2024,333,
CHICAGO,2024,332,
CHICAGO,2024,331,
CHICAGO,2024,330,
CHICAGO,2024,329,
CHICAGO,2024,328,
CHICAGO,2024,327,
CHICAGO,2024,326,
CHICAGO,2024,325,
CHICAGO,2024,324,
CHICAGO,2024,323,
CHICAGO,2024,322,
CHICAGO,2024,321,
CHICAGO,2024,320,
CHICAGO,2024,319,
CHICAGO,2024,318,
CHICAGO,2024,317,
CHICAGO,2024,316,
CHICAGO,2024,315,
CHICAGO,2024,314,
CHICAGO,2024,313,
CHICAGO,2024,312,
CHICAGO,2024,311,
CHICAGO,2024,310,
CHICAGO,2024,309,
CHICAGO,2024,308,
CHICAGO,2024,307,
CHICAGO,2024,306,
CHICAGO,2024,305,
CHICAGO,2024,304,
CHICAGO,2024,303,
CHICAGO,2024,302,
CHICAGO,2024,301,
CHICAGO,2024,300,
CHICAGO,2024,299,
CHICAGO,2024,298,
CHICAGO,2024,297,
CHICAGO,2024,296,
CHICAGO,2024,295,
CHICAGO,2024,294,
CHICAGO,2024,293,
CHICAGO,2024,292,
CHICAGO,2024,291,
CHICAGO,2024,290,
CHICAGO,2024,289,
CHICAGO,2024,288,
CHICAGO,2024,287,
CHICAGO,2024,286,
CHICAGO,2024,285,
CHICAGO,2024,284,
CHICAGO,2024,283,
CHICAGO,2024,282,
CHICAGO,2024,281,
CHICAGO,2024,280,
CHICAGO,2024,279,
CHICAGO,2024,278,
CHICAGO,2024,277,
CHICAGO,2024,276,
CHICAGO,2024,275,
CHICAGO,2024,274,21.166666
CHICAGO,2024,273,
CHICAGO,2024,272,
CHICAGO,2024,271,21.166666
CHICAGO,2024,270,21.166666
CHICAGO,2024,269,21.166666
CHICAGO,2024,268,21.166666
CHICAGO,2024,267,
CHICAGO,2024,266,
CHICAGO,2024,265,
CHICAGO,2024,264,21.166666
CHICAGO,2024,263,21.166666
CHICAGO,2024,262,21.166666
CHICAGO,2024,261,21.166666
CHICAGO,2024,260,21.166666
CHICAGO,2024,259,
CHICAGO,2024,258,
CHICAGO,2024,257,21.166666
CHICAGO,2024,256,21.166666
CHICAGO,2024,255,21.166666
CHICAGO,2024,254,21.166666
CHICAGO,2024,253,21.166666
CHICAGO,2024,252,
CHICAGO,2024,251,
CHICAGO,2024,250,21.166666
CHICAGO,2024,249,27
CHICAGO,2024,248,27
CHICAGO,2024,247,27
CHICAGO,2024,246,
CHICAGO,2024,245,
CHICAGO,2024,244,
CHICAGO,2024,243,27
CHICAGO,2024,242,27
CHICAGO,2024,241,27
CHICAGO,2024,240,27
CHICAGO,2024,239,27
CHICAGO,2024,238,
CHICAGO,2024,237,
CHICAGO,2024,236,27
CHICAGO,2024,235,27
CHICAGO,2024,234,27
CHICAGO,2024,233,27
CHICAGO,2024,232,27
CHICAGO,2024,231,
CHICAGO,2024,230,
CHICAGO,2024,229,27
CHICAGO,2024,228,27
CHICAGO,2024,227,27
CHICAGO,2024,226,27
CHICAGO,2024,225,27
CHICAGO,2024,224,
CHICAGO,2024,223,
CHICAGO,2024,222,27
CHICAGO,2024,221,23
CHICAGO,2024,220,23
CHICAGO,2024,219,23
CHICAGO,2024,218,23
CHICAGO,2024,217,
CHICAGO,2024,216,
CHICAGO,2024,215,23
CHICAGO,2024,214,
CHICAGO,2024,213,23
CHICAGO,2024,212,23
CHICAGO,2024,211,23
CHICAGO,2024,210,
CHICAGO,2024,209,
CHICAGO,2024,208,23
CHICAGO,2024,207,23
CHICAGO,2024,206,23
CHICAGO,2024,205,23
CHICAGO,2024,204,23
CHICAGO,2024,203,
CHICAGO,2024,202,
CHICAGO,2024,201,23
CHICAGO,2024,200,23
CHICAGO,2024,199,22
CHICAGO,2024,198,22
CHICAGO,2024,197,22
CHICAGO,2024,196,
CHICAGO,2024,195,
CHICAGO,2024,194,22
CHICAGO,2024,193,22
CHICAGO,2024,192,22
CHICAGO,2024,191,22
CHICAGO,2024,190,22
CHICAGO,2024,189,
CHICAGO,2024,188,
CHICAGO,2024,187,22
CHICAGO,2024,186,
CHICAGO,2024,185,20.875
CHICAGO,2024,184,20.875
CHICAGO,2024,183,20.875
CHICAGO,2024,182,
CHICAGO,2024,181,
CHICAGO,2024,180,20.875
CHICAGO,2024,179,20.875
CHICAGO,2024,178,20.875
CHICAGO,2024,177,20.875
CHICAGO,2024,176,20.875
CHICAGO,2024,175,
CHICAGO,2024,174,
CHICAGO,2024,173,20.875
CHICAGO,2024,172,22
CHICAGO,2024,171,
CHICAGO,2024,170,22
CHICAGO,2024,169,22
CHICAGO,2024,168,
CHICAGO,2024,167,
CHICAGO,2024,166,22
CHICAGO,2024,165,22
CHICAGO,2024,164,22
CHICAGO,2024,163,22
CHICAGO,2024,162,22
CHICAGO,2024,161,
CHICAGO,2024,160,
CHICAGO,2024,159,22
CHICAGO,2024,158,23.5
CHICAGO,2024,157,23.5
CHICAGO,2024,156,23.5
CHICAGO,2024,155,23.5
CHICAGO,2024,154,
CHICAGO,2024,153,
CHICAGO,2024,152,23.5
CHICAGO,2024,151,23.5
CHICAGO,2024,150,23.5
CHICAGO,2024,149,23.5
CHICAGO,2024,148,
CHICAGO,2024,147,
CHICAGO,2024,146,
CHICAGO,2024,145,23.5
CHICAGO,2024,144,23.5
CHICAGO,2024,143,23.5
CHICAGO,2024,142,23.5
CHICAGO,2024,141,23.5
CHICAGO,2024,140,
CHICAGO,2024,139,
CHICAGO,2024,138,23.5
CHICAGO,2024,137,23.5
CHICAGO,2024,136,23.5
CHICAGO,2024,135,23.5
CHICAGO,2024,134,23.5
CHICAGO,2024,133,
CHICAGO,2024,132,
CHICAGO,2024,131,23.5
CHICAGO,2024,130,23.5
CHICAGO,2024,129,23.5
CHICAGO,2024,128,23.5
CHICAGO,2024,127,23.5
CHICAGO,2024,126,
CHICAGO,2024,125,
CHICAGO,2024,124,23.5
CHICAGO,2024,123,23.5
CHICAGO,2024,122,23.5
CHICAGO,2024,121,23.5
CHICAGO,2024,120,23.5
CHICAGO,2024,119,
CHICAGO,2024,118,
CHICAGO,2024,117,23.5
CHICAGO,2024,116,23.5
CHICAGO,2024,115,23.5
CHICAGO,2024,114,23.5
CHICAGO,2024,113,23.5
CHICAGO,2024,112,
CHICAGO,2024,111,
CHICAGO,2024,110,23.5
CHICAGO,2024,109,23.5
CHICAGO,2024,108,23.5
CHICAGO,2024,107,23.5
CHICAGO,2024,106,23.5
CHICAGO,2024,105,
CHICAGO,2024,104,
CHICAGO,2024,103,23.5
CHICAGO,2024,102,23.5
CHICAGO,2024,101,23.5
CHICAGO,2024,100,23.5
CHICAGO,2024,99,23.5
CHICAGO,2024,98,
CHICAGO,2024,97,
CHICAGO,2024,96,23.5
CHICAGO,2024,95,
CHICAGO,2024,94,23.5
CHICAGO,2024,93,23.5
CHICAGO,2024,92,23.5
CHICAGO,2024,91,
CHICAGO,2024,90,
CHICAGO,2024,89,23.5
CHICAGO,2024,88,23.5
CHICAGO,2024,87,23.5
CHICAGO,2024,86,23.5
CHICAGO,2024,85,23.5
CHICAGO,2024,84,
CHICAGO,2024,83,
CHICAGO,2024,82,23.5
CHICAGO,2024,81,23.5
CHICAGO,2024,80,23.5
CHICAGO,2024,79,23.5
CHICAGO,2024,78,23.5
CHICAGO,2024,77,
CHICAGO,2024,76,
CHICAGO,2024,75,23.5
CHICAGO,2024,74,23.5
CHICAGO,2024,73,23.5
CHICAGO,2024,72,25.25
CHICAGO,2024,71,25.25
CHICAGO,2024,70,
CHICAGO,2024,69,
CHICAGO,2024,68,25.25
CHICAGO,2024,67,25.25
CHICAGO,2024,66,25.25
CHICAGO,2024,65,25.25
CHICAGO,2024,64,25.25
CHICAGO,2024,63,
CHICAGO,2024,62,
CHICAGO,2024,61,25.25
CHICAGO,2024,60,25.25
CHICAGO,2024,59,25.25
CHICAGO,2024,58,25.25
CHICAGO,2024,57,25.25
CHICAGO,2024,56,
CHICAGO,2024,55,
CHICAGO,2024,54,25.25
CHICAGO,2024,53,25.25
CHICAGO,2024,52,25.25
CHICAGO,2024,51,25.25
CHICAGO,2024,50,
CHICAGO,2024,49,
CHICAGO,2024,48,
CHICAGO,2024,47,25.25
CHICAGO,2024,46,25.25
CHICAGO,2024,45,25.25
CHICAGO,2024,44,25.25
CHICAGO,2024,43,25.25
CHICAGO,2024,42,
CHICAGO,2024,41,
CHICAGO,2024,40,25.25
CHICAGO,2024,39,25.25
CHICAGO,2024,38,25.25
CHICAGO,2024,37,25.25
CHICAGO,2024,36,25.25
CHICAGO,2024,35,
CHICAGO,2024,34,
CHICAGO,2024,33,25.25
CHICAGO,2024,32,25.25
CHICAGO,2024,31,
CHICAGO,2024,30,25.25
CHICAGO,2024,29,25.25
CHICAGO,2024,28,
CHICAGO,2024,27,
CHICAGO,2024,26,25.25
CHICAGO,2024,25,25.25
CHICAGO,2024,24,35.5
CHICAGO,2024,23,35.5
CHICAGO,2024,22,35.5
CHICAGO,2024,21,
CHICAGO,2024,20,
CHICAGO,2024,19,35.5
CHICAGO,2024,18,35.5
CHICAGO,2024,17,35.5
CHICAGO,2024,16,35.5
CHICAGO,2024,15,
CHICAGO,2024,14,
CHICAGO,2024,13,
CHICAGO,2024,12,35.5
CHICAGO,2024,11,35.5
CHICAGO,2024,10,35.5
CHICAGO,2024,9,29
CHICAGO,2024,8,29
CHICAGO,2024,7,
CHICAGO,2024,6,
CHICAGO,2024,5,29
CHICAGO,2024,4,29
CHICAGO,2024,3,29
CHICAGO,2024,2,29
COLUMBIA,2024,366,
COLUMBIA,2024,365,
COLUMBIA,2024,364,
COLUMBIA,2024,363,
COLUMBIA,2024,362,
COLUMBIA,2024,361,
COLUMBIA,2024,360,
COLUMBIA,2024,359,
COLUMBIA,2024,358,
COLUMBIA,2024,357,
COLUMBIA,2024,356,
COLUMBIA,2024,355,
COLUMBIA,2024,354,
COLUMBIA,2024,353,
COLUMBIA,2024,352,
COLUMBIA,2024,351,
COLUMBIA,2024,350,
COLUMBIA,2024,349,
COLUMBIA,2024,348,
COLUMBIA,2024,347,
COLUMBIA,2024,346,
COLUMBIA,2024,345,
COLUMBIA,2024,344,
COLUMBIA,2024,343,
COLUMBIA,2024,342,
COLUMBIA,2024,341,
COLUMBIA,2024,340,
COLUMBIA,2024,339,
COLUMBIA,2024,338,
COLUMBIA,2024,337,
COLUMBIA,2024,336,
COLUMBIA,2024,335,
COLUMBIA,2024,334,
COLUMBIA,2024,333,
COLUMBIA,2024,332,
COLUMBIA,2024,331,
COLUMBIA,2024,330,
COLUMBIA,2024,329,
COLUMBIA,2024,328,
COLUMBIA,2024,327,
COLUMBIA,2024,326,
COLUMBIA,2024,325,
COLUMBIA,2024,324,
COLUMBIA,2024,323,
COLUMBIA,2024,322,
COLUMBIA,2024,321,
COLUMBIA,2024,320,
COLUMBIA,2024,319,
COLUMBIA,2024,318,
COLUMBIA,2024,317,
COLUMBIA,2024,316,
COLUMBIA,2024,315,
COLUMBIA,2024,314,
COLUMBIA,2024,313,
COLUMBIA,2024,312,
COLUMBIA,2024,311,
COLUMBIA,2024,310,
COLUMBIA,2024,309,
COLUMBIA,2024,308,
COLUMBIA,2024,307,
COLUMBIA,2024,306,
COLUMBIA,2024,305,
COLUMBIA,2024,304,
COLUMBIA,2024,303,
COLUMBIA,2024,302,
COLUMBIA,2024,301,
COLUMBIA,2024,300,
COLUMBIA,2024,299,
COLUMBIA,2024,298,
COLUMBIA,2024,297,
COLUMBIA,2024,296,
COLUMBIA,2024,295,
COLUMBIA,2024,294,
COLUMBIA,2024,293,
COLUMBIA,2024,292,
COLUMBIA,2024,291,
COLUMBIA,2024,290,
COLUMBIA,2024,289,
COLUMBIA,2024,288,
COLUMBIA,2024,287,
COLUMBIA,2024,286,
COLUMBIA,2024,285,
COLUMBIA,2024,284,
COLUMBIA,2024,283,
COLUMBIA,2024,282,
COLUMBIA,2024,281,
COLUMBIA,2024,280,
COLUMBIA,2024,279,
COLUMBIA,2024,278,
COLUMBIA,2024,277,
COLUMBIA,2024,276,
COLUMBIA,2024,275,
COLUMBIA,2024,274,
COLUMBIA,2024,273,
COLUMBIA,2024,272,
COLUMBIA,2024,271,
COLUMBIA,2024,270,
COLUMBIA,2024,269,
COLUMBIA,2024,268,
COLUMBIA,2024,267,
COLUMBIA,2024,266,
COLUMBIA,2024,265,
COLUMBIA,2024,264,
COLUMBIA,2024,263,
COLUMBIA,2024,262,
COLUMBIA,2024,261,
COLUMBIA,2024,260,
COLUMBIA,2024,259,
COLUMBIA,2024,258,
COLUMBIA,2024,257,18
COLUMBIA,2024,256,18
COLUMBIA,2024,255,18
COLUMBIA,2024,254,18
COLUMBIA,2024,253,18
COLUMBIA,2024,252,
COLUMBIA,2024,251,
COLUMBIA,2024,250,18
COLUMBIA,2024,249,18
COLUMBIA,2024,248,18
COLUMBIA,2024,247,18
COLUMBIA,2024,246,
COLUMBIA,2024,245,
COLUMBIA,2024,244,
COLUMBIA,2024,243,17
COLUMBIA,2024,242,17
COLUMBIA,2024,241,17
COLUMBIA,2024,240,17
COLUMBIA,2024,239,17
COLUMBIA,2024,238,
COLUMBIA,2024,237,
COLUMBIA,2024,236,17
COLUMBIA,2024,235,17
COLUMBIA,2024,234,17
COLUMBIA,2024,233,17
COLUMBIA,2024,232,17
COLUMBIA,2024,231,
COLUMBIA,2024,230,
COLUMBIA,2024,229,17
COLUMBIA,2024,228,17
COLUMBIA,2024,227,17
COLUMBIA,2024,226,17
COLUMBIA,2024,225,17
COLUMBIA,2024,224,
COLUMBIA,2024,223,
COLUMBIA,2024,222,
COLUMBIA,2024,221,
COLUMBIA,2024,220,
COLUMBIA,2024,219,
COLUMBIA,2024,218,
COLUMBIA,2024,217,
COLUMBIA,2024,216,
COLUMBIA,2024,215,
COLUMBIA,2024,214,
COLUMBIA,2024,213,
COLUMBIA,2024,212,
COLUMBIA,2024,211,
COLUMBIA,2024,210,
COLUMBIA,2024,209,
COLUMBIA,2024,208,
COLUMBIA,2024,207,
COLUMBIA,2024,206,
COLUMBIA,2024,205,
COLUMBIA,2024,204,
COLUMBIA,2024,203,
COLUMBIA,2024,202,
COLUMBIA,2024,201,
COLUMBIA,2024,200,
COLUMBIA,2024,199,
COLUMBIA,2024,198,
COLUMBIA,2024,197,
COLUMBIA,2024,196,
COLUMBIA,2024,195,
COLUMBIA,2024,194,
COLUMBIA,2024,193,
COLUMBIA,2024,192,
COLUMBIA,2024,191,
COLUMBIA,2024,190,
COLUMBIA,2024,189,
COLUMBIA,2024,188,
COLUMBIA,2024,187,
COLUMBIA,2024,186,
COLUMBIA,2024,185,
COLUMBIA,2024,184,
COLUMBIA,2024,183,
COLUMBIA,2024,182,
COLUMBIA,2024,181,
COLUMBIA,2024,180,
COLUMBIA,2024,179,
COLUMBIA,2024,178,
COLUMBIA,2024,177,
COLUMBIA,2024,176,
COLUMBIA,2024,175,
COLUMBIA,2024,174,
COLUMBIA,2024,173,
COLUMBIA,2024,172,
COLUMBIA,2024,171,
COLUMBIA,2024,170,
COLUMBIA,2024,169,
COLUMBIA,2024,168,
COLUMBIA,2024,167,
COLUMBIA,2024,166,
COLUMBIA,2024,165,
COLUMBIA,2024,164,
COLUMBIA,2024,163,
COLUMBIA,2024,162,
COLUMBIA,2024,161,
COLUMBIA,2024,160,
COLUMBIA,2024,159,
COLUMBIA,2024,158,
COLUMBIA,2024,157,
COLUMBIA,2024,156,
COLUMBIA,2024,155,
COLUMBIA,2024,154,
COLUMBIA,2024,153,
COLUMBIA,2024,152,
COLUMBIA,2024,151,
COLUMBIA,2024,150,
COLUMBIA,2024,149,
COLUMBIA,2024,148,
COLUMBIA,2024,147,
COLUMBIA,2024,146,
COLUMBIA,2024,145,
COLUMBIA,2024,144,
COLUMBIA,2024,143,
COLUMBIA,2024,142,
COLUMBIA,2024,141,
COLUMBIA,2024,140,
COLUMBIA,2024,139,
COLUMBIA,2024,138,
COLUMBIA,2024,137,
COLUMBIA,2024,136,
COLUMBIA,2024,135,
COLUMBIA,2024,134,
COLUMBIA,2024,133,
COLUMBIA,2024,132,
COLUMBIA,2024,131,
COLUMBIA,2024,130,
COLUMBIA,2024,129,
COLUMBIA,2024,128,
COLUMBIA,2024,127,
COLUMBIA,2024,126,
COLUMBIA,2024,125,
COLUMBIA,2024,124,
COLUMBIA,2024,123,
COLUMBIA,2024,122,
COLUMBIA,2024,121,
COLUMBIA,2024,120,
COLUMBIA,2024,119,
COLUMBIA,2024,118,
COLUMBIA,2024,117,
COLUMBIA,2024,116,
COLUMBIA,2024,115,
COLUMBIA,2024,114,
COLUMBIA,2024,113,
COLUMBIA,2024,112,
COLUMBIA,2024,111,
COLUMBIA,2024,110,
COLUMBIA,2024,109,
COLUMBIA,2024,108,
COLUMBIA,2024,107,
COLUMBIA,2024,106,
COLUMBIA,2024,105,
COLUMBIA,2024,104,
COLUMBIA,2024,103,
COLUMBIA,2024,102,
COLUMBIA,2024,101,
COLUMBIA,2024,100,
COLUMBIA,2024,99,
COLUMBIA,2024,98,
COLUMBIA,2024,97,
COLUMBIA,2024,96,
COLUMBIA,2024,95,
COLUMBIA,2024,94,
COLUMBIA,2024,93,
COLUMBIA,2024,92,
COLUMBIA,2024,91,
COLUMBIA,2024,90,
COLUMBIA,2024,89,
COLUMBIA,2024,88,
COLUMBIA,2024,87,
COLUMBIA,2024,86,
COLUMBIA,2024,85,
COLUMBIA,2024,84,
COLUMBIA,2024,83,
COLUMBIA,2024,82,
COLUMBIA,2024,81,
COLUMBIA,2024,80,
COLUMBIA,2024,79,
COLUMBIA,2024,78,
COLUMBIA,2024,77,
COLUMBIA,2024,76,
COLUMBIA,2024,75,
COLUMBIA,2024,74,
COLUMBIA,2024,73,
COLUMBIA,2024,72,
COLUMBIA,2024,71,
COLUMBIA,2024,70,
COLUMBIA,2024,69,
COLUMBIA,2024,68,
COLUMBIA,2024,67,
COLUMBIA,2024,66,
COLUMBIA,2024,65,
COLUMBIA,2024,64,
COLUMBIA,2024,63,
COLUMBIA,2024,62,
COLUMBIA,2024,61,
COLUMBIA,2024,60,
COLUMBIA,2024,59,
COLUMBIA,2024,58,
COLUMBIA,2024,57,
COLUMBIA,2024,56,
COLUMBIA,2024,55,
COLUMBIA,2024,54,
COLUMBIA,2024,53,
COLUMBIA,2024,52,
COLUMBIA,2024,51,
COLUMBIA,2024,50,
COLUMBIA,2024,49,
COLUMBIA,2024,48,
COLUMBIA,2024,47,
COLUMBIA,2024,46,
COLUMBIA,2024,45,
COLUMBIA,2024,44,
COLUMBIA,2024,43,
COLUMBIA,2024,42,
COLUMBIA,2024,41,
COLUMBIA,2024,40,
COLUMBIA,2024,39,
COLUMBIA,2024,38,
COLUMBIA,2024,37,
COLUMBIA,2024,36,
COLUMBIA,2024,35,
COLUMBIA,2024,34,
COLUMBIA,2024,33,
COLUMBIA,2024,32,
COLUMBIA,2024,31,
COLUMBIA,2024,30,
COLUMBIA,2024,29,
COLUMBIA,2024,28,
COLUMBIA,2024,27,
COLUMBIA,2024,26,
COLUMBIA,2024,25,
COLUMBIA,2024,24,
COLUMBIA,2024,23,
COLUMBIA,2024,22,
COLUMBIA,2024,21,
COLUMBIA,2024,20,
COLUMBIA,2024,19,
COLUMBIA,2024,18,
COLUMBIA,2024,17,
COLUMBIA,2024,16,
COLUMBIA,2024,15,
COLUMBIA,2024,14,
COLUMBIA,2024,13,
COLUMBIA,2024,12,
COLUMBIA,2024,11,
COLUMBIA,2024,10,
COLUMBIA,2024,9,
COLUMBIA,2024,8,
COLUMBIA,2024,7,
COLUMBIA,2024,6,
COLUMBIA,2024,5,
COLUMBIA,2024,4,
COLUMBIA,2024,3,
COLUMBIA,2024,2,
LOS ANGELES,2024,366,
LOS ANGELES,2024,365,
LOS ANGELES,2024,364,
LOS ANGELES,2024,363,
LOS ANGELES,2024,362,
LOS ANGELES,2024,361,
LOS ANGELES,2024,360,
LOS ANGELES,2024,359,
LOS ANGELES,2024,358,
LOS ANGELES,2024,357,
LOS ANGELES,2024,356,
LOS ANGELES,2024,355,
LOS ANGELES,2024,354,
LOS ANGELES,2024,353,
LOS ANGELES,2024,352,
LOS ANGELES,2024,351,
LOS ANGELES,2024,350,
LOS ANGELES,2024,349,
LOS ANGELES,2024,348,
LOS ANGELES,2024,347,
LOS ANGELES,2024,346,
LOS ANGELES,2024,345,
LOS ANGELES,2024,344,
LOS ANGELES,2024,343,
LOS ANGELES,2024,342,
LOS ANGELES,2024,341,
LOS ANGELES,2024,340,
LOS ANGELES,2024,339,
LOS ANGELES,2024,338,
LOS ANGELES,2024,337,
LOS ANGELES,2024,336,
LOS ANGELES,2024,335,
LOS ANGELES,2024,334,
LOS ANGELES,2024,333,
LOS ANGELES,2024,332,
LOS ANGELES,2024,331,
LOS ANGELES,2024,330,
LOS ANGELES,2024,329,
LOS ANGELES,2024,328,
LOS ANGELES,2024,327,
LOS ANGELES,2024,326,
LOS ANGELES,2024,325,
LOS ANGELES,2024,324,
LOS ANGELES,2024,323,
LOS ANGELES,2024,322,
LOS ANGELES,2024,321,
LOS ANGELES,2024,320,
LOS ANGELES,2024,319,
LOS ANGELES,2024,318,
LOS ANGELES,2024,317,
LOS ANGELES,2024,316,
LOS ANGELES,2024,315,
LOS ANGELES,2024,314,
LOS ANGELES,2024,313,
LOS ANGELES,2024,312,
LOS ANGELES,2024,311,
LOS ANGELES,2024,310,
LOS ANGELES,2024,309,
LOS ANGELES,2024,308,
LOS ANGELES,2024,307,
LOS ANGELES,2024,306,
LOS ANGELES,2024,305,
LOS ANGELES,2024,304,
LOS ANGELES,2024,303,
LOS ANGELES,2024,302,
LOS ANGELES,2024,301,
LOS ANGELES,2024,300,
LOS ANGELES,2024,299,
LOS ANGELES,2024,298,
LOS ANGELES,2024,297,
LOS ANGELES,2024,296,
LOS ANGELES,2024,295,
LOS ANGELES,2024,294,
LOS ANGELES,2024,293,
LOS ANGELES,2024,292,
LOS ANGELES,2024,291,
LOS ANGELES,2024,290,
LOS ANGELES,2024,289,
LOS ANGELES,2024,288,
LOS ANGELES,2024,287,
LOS ANGELES,2024,286,
LOS ANGELES,2024,285,
LOS ANGELES,2024,284,
LOS ANGELES,2024,283,
LOS ANGELES,2024,282,
LOS ANGELES,2024,281,
LOS ANGELES,2024,280,
LOS ANGELES,2024,279,
LOS ANGELES,2024,278,
LOS ANGELES,2024,277,
LOS ANGELES,2024,276,
LOS ANGELES,2024,275,
LOS ANGELES,2024,274,25
LOS ANGELES,2024,273,
LOS ANGELES,2024,272,
LOS ANGELES,2024,271,25
LOS ANGELES,2024,270,25
LOS ANGELES,2024,269,25
LOS ANGELES,2024,268,25
LOS ANGELES,2024,267,25
LOS ANGELES,2024,266,
LOS ANGELES,2024,265,
LOS ANGELES,2024,264,25
LOS ANGELES,2024,263,25
LOS ANGELES,2024,262,32
LOS ANGELES,2024,261,32
LOS ANGELES,2024,260,32
LOS ANGELES,2024,259,
LOS ANGELES,2024,258,
LOS ANGELES,2024,257,32
LOS ANGELES,2024,256,32
LOS ANGELES,2024,255,32
LOS ANGELES,2024,254,32
LOS ANGELES,2024,253,32
LOS ANGELES,2024,252,
LOS ANGELES,2024,251,
LOS ANGELES,2024,250,32
LOS ANGELES,2024,249,32
LOS ANGELES,2024,248,32
LOS ANGELES,2024,247,32
LOS ANGELES,2024,246,
LOS ANGELES,2024,245,
LOS ANGELES,2024,244,
LOS ANGELES,2024,243,32
LOS ANGELES,2024,242,32
LOS ANGELES,2024,241,32
LOS ANGELES,2024,240,32
LOS ANGELES,2024,239,32
LOS ANGELES,2024,238,
LOS ANGELES,2024,237,
LOS ANGELES,2024,236,32
LOS ANGELES,2024,235,32
LOS ANGELES,2024,234,32
LOS ANGELES,2024,233,32
LOS ANGELES,2024,232,32
LOS ANGELES,2024,231,
LOS ANGELES,2024,230,
LOS ANGELES,2024,229,32
LOS ANGELES,2024,228,32
LOS ANGELES,2024,227,32
LOS ANGELES,2024,226,32
LOS ANGELES,2024,225,32
LOS ANGELES,2024,224,
LOS ANGELES,2024,223,
LOS ANGELES,2024,222,32
LOS ANGELES,2024,221,32
LOS ANGELES,2024,220,32
LOS ANGELES,2024,219,32
LOS ANGELES,2024,218,32
LOS ANGELES,2024,217,
LOS ANGELES,2024,216,
LOS ANGELES,2024,215,32
LOS ANGELES,2024,214,
LOS ANGELES,2024,213,32
LOS ANGELES,2024,212,32
LOS ANGELES,2024,211,
LOS ANGELES,2024,210,
LOS ANGELES,2024,209,
LOS ANGELES,2024,208,
LOS ANGELES,2024,207,
LOS ANGELES,2024,206,
LOS ANGELES,2024,205,
LOS ANGELES,2024,204,
LOS ANGELES,2024,203,
LOS ANGELES,2024,202,
LOS ANGELES,2024,201,
LOS ANGELES,2024,200,
LOS ANGELES,2024,199,
LOS ANGELES,2024,198,
LOS ANGELES,2024,197,
LOS ANGELES,2024,196,
LOS ANGELES,2024,195,
LOS ANGELES,2024,194,
LOS ANGELES,2024,193,
LOS ANGELES,2024,192,
LOS ANGELES,2024,191,
LOS ANGELES,2024,190,
LOS ANGELES,2024,189,
LOS ANGELES,2024,188,
LOS ANGELES,2024,187,
LOS ANGELES,2024,186,
LOS ANGELES,2024,185,
LOS ANGELES,2024,184,
LOS ANGELES,2024,183,
LOS ANGELES,2024,182,
LOS ANGELES,2024,181,
LOS ANGELES,2024,180,
LOS ANGELES,2024,179,
LOS ANGELES,2024,178,
LOS ANGELES,2024,177,
LOS ANGELES,2024,176,
LOS ANGELES,2024,175,
LOS ANGELES,2024,174,
LOS ANGELES,2024,173,
LOS ANGELES,2024,172,
LOS ANGELES,2024,171,
LOS ANGELES,2024,170,
LOS ANGELES,2024,169,
LOS ANGELES,2024,168,
LOS ANGELES,2024,167,
LOS ANGELES,2024,166,
LOS ANGELES,2024,165,
LOS ANGELES,2024,164,
LOS ANGELES,2024,163,
LOS ANGELES,2024,162,
LOS ANGELES,2024,161,
LOS ANGELES,2024,160,
LOS ANGELES,2024,159,
LOS ANGELES,2024,158,
LOS ANGELES,2024,157,
LOS ANGELES,2024,156,
LOS ANGELES,2024,155,
LOS ANGELES,2024,154,
LOS ANGELES,2024,153,
LOS ANGELES,2024,152,
LOS ANGELES,2024,151,
LOS ANGELES,2024,150,
LOS ANGELES,2024,149,
LOS ANGELES,2024,148,
LOS ANGELES,2024,147,
LOS ANGELES,2024,146,
LOS ANGELES,2024,145,
LOS ANGELES,2024,144,
LOS ANGELES,2024,143,
LOS ANGELES,2024,142,
LOS ANGELES,2024,141,
LOS ANGELES,2024,140,
LOS ANGELES,2024,139,
LOS ANGELES,2024,138,
LOS ANGELES,2024,137,
LOS ANGELES,2024,136,
LOS ANGELES,2024,135,
LOS ANGELES,2024,134,
LOS ANGELES,2024,133,
LOS ANGELES,2024,132,
LOS ANGELES,2024,131,
LOS ANGELES,2024,130,
LOS ANGELES,2024,129,
LOS ANGELES,2024,128,
LOS ANGELES,2024,127,
LOS ANGELES,2024,126,
LOS ANGELES,2024,125,
LOS ANGELES,2024,124,
LOS ANGELES,2024,123,
LOS ANGELES,2024,122,
LOS ANGELES,2024,121,
LOS ANGELES,2024,120,
LOS ANGELES,2024,119,
LOS ANGELES,2024,118,
LOS ANGELES,2024,117,
LOS ANGELES,2024,116,
LOS ANGELES,2024,115,
LOS ANGELES,2024,114,
LOS ANGELES,2024,113,
LOS ANGELES,2024,112,
LOS ANGELES,2024,111,
LOS ANGELES,2024,110,
LOS ANGELES,2024,109,
LOS ANGELES,2024,108,
LOS ANGELES,2024,107,
LOS ANGELES,2024,106,
LOS ANGELES,2024,105,
LOS ANGELES,2024,104,
LOS ANGELES,2024,103,
LOS ANGELES,2024,102,
LOS ANGELES,2024,101,
LOS ANGELES,2024,100,
LOS ANGELES,2024,99,
LOS ANGELES,2024,98,
LOS ANGELES,2024,97,
LOS ANGELES,2024,96,
LOS ANGELES,2024,95,
LOS ANGELES,2024,94,
LOS ANGELES,2024,93,
LOS ANGELES,2024,92,
LOS ANGELES,2024,91,
LOS ANGELES,2024,90,
LOS ANGELES,2024,89,
LOS ANGELES,2024,88,
LOS ANGELES,2024,87,
LOS ANGELES,2024,86,
LOS ANGELES,2024,85,
LOS ANGELES,2024,84,
LOS ANGELES,2024,83,
LOS ANGELES,2024,82,
LOS ANGELES,2024,81,
LOS ANGELES,2024,80,
LOS ANGELES,2024,79,
LOS ANGELES,2024,78,
LOS ANGELES,2024,77,
LOS ANGELES,2024,76,
LOS ANGELES,2024,75,
LOS ANGELES,2024,74,
LOS ANGELES,2024,73,
LOS ANGELES,2024,72,
LOS ANGELES,2024,71,
LOS ANGELES,2024,70,
LOS ANGELES,2024,69,
LOS ANGELES,2024,68,
LOS ANGELES,2024,67,
LOS ANGELES,2024,66,
LOS ANGELES,2024,65,
LOS ANGELES,2024,64,
LOS ANGELES,2024,63,
LOS ANGELES,2024,62,
LOS ANGELES,2024,61,
LOS ANGELES,2024,60,
LOS ANGELES,2024,59,
LOS ANGELES,2024,58,
LOS ANGELES,2024,57,
LOS ANGELES,2024,56,
LOS ANGELES,2024,55,
LOS ANGELES,2024,54,
LOS ANGELES,2024,53,
LOS ANGELES,2024,52,
LOS ANGELES,2024,51,
LOS ANGELES,2024,50,
LOS ANGELES,2024,49,
LOS ANGELES,2024,48,
LOS ANGELES,2024,47,
LOS ANGELES,2024,46,
LOS ANGELES,2024,45,
LOS ANGELES,2024,44,
LOS ANGELES,2024,43,
LOS ANGELES,2024,42,
LOS ANGELES,2024,41,
LOS ANGELES,2024,40,
LOS ANGELES,2024,39,
LOS ANGELES,2024,38,
LOS ANGELES,2024,37,
LOS ANGELES,2024,36,
LOS ANGELES,2024,35,
LOS ANGELES,2024,34,
LOS ANGELES,2024,33,
LOS ANGELES,2024,32,
LOS ANGELES,2024,31,
LOS ANGELES,2024,30,
LOS ANGELES,2024,29,
LOS ANGELES,2024,28,
LOS ANGELES,2024,27,
LOS ANGELES,2024,26,
LOS ANGELES,2024,25,
LOS ANGELES,2024,24,
LOS ANGELES,2024,23,
LOS ANGELES,2024,22,
LOS ANGELES,2024,21,
LOS ANGELES,2024,20,
LOS ANGELES,2024,19,
LOS ANGELES,2024,18,
LOS ANGELES,2024,17,
LOS ANGELES,2024,16,
LOS ANGELES,2024,15,
LOS ANGELES,2024,14,
LOS ANGELES,2024,13,
LOS ANGELES,2024,12,
LOS ANGELES,2024,11,
LOS ANGELES,2024,10,
LOS ANGELES,2024,9,
LOS ANGELES,2024,8,
LOS ANGELES,2024,7,
LOS ANGELES,2024,6,
LOS ANGELES,2024,5,
LOS ANGELES,2024,4,
LOS ANGELES,2024,3,
LOS ANGELES,2024,2,
NEW YORK,2024,366,
NEW YORK,2024,365,
NEW YORK,2024,364,
NEW YORK,2024,363,
NEW YORK,2024,362,
NEW YORK,2024,361,
NEW YORK,2024,360,
NEW YORK,2024,359,
NEW YORK,2024,358,
NEW YORK,2024,357,
NEW YORK,2024,356,
NEW YORK,2024,355,
NEW YORK,2024,354,
NEW YORK,2024,353,
NEW YORK,2024,352,
NEW YORK,2024,351,
NEW YORK,2024,350,
NEW YORK,2024,349,
NEW YORK,2024,348,
NEW YORK,2024,347,
NEW YORK,2024,346,
NEW YORK,2024,345,
NEW YORK,2024,344,
NEW YORK,2024,343,
NEW YORK,2024,342,
NEW YORK,2024,341,
NEW YORK,2024,340,
NEW YORK,2024,339,
NEW YORK,2024,338,
NEW YORK,2024,337,
NEW YORK,2024,336,
NEW YORK,2024,335,
NEW YORK,2024,334,
NEW YORK,2024,333,
NEW YORK,2024,332,
NEW YORK,2024,331,
NEW YORK,2024,330,
NEW YORK,2024,329,
NEW YORK,2024,328,
NEW YORK,2024,327,
NEW YORK,2024,326,
NEW YORK,2024,325,
NEW YORK,2024,324,
NEW YORK,2024,323,
NEW YORK,2024,322,
NEW YORK,2024,321,
NEW YORK,2024,320,
NEW YORK,2024,319,
NEW YORK,2024,318,
NEW YORK,2024,317,
NEW YORK,2024,316,
NEW YORK,2024,315,
NEW YORK,2024,314,
NEW YORK,2024,313,
NEW YORK,2024,312,
NEW YORK,2024,311,
NEW YORK,2024,310,
NEW YORK,2024,309,
NEW YORK,2024,308,
NEW YORK,2024,307,
NEW YORK,2024,306,
NEW YORK,2024,305,
NEW YORK,2024,304,
NEW YORK,2024,303,
NEW YORK,2024,302,
NEW YORK,2024,301,
NEW YORK,2024,300,
NEW YORK,2024,299,
NEW YORK,2024,298,
NEW YORK,2024,297,
NEW YORK,2024,296,
NEW YORK,2024,295,
NEW YORK,2024,294,
NEW YORK,2024,293,
NEW YORK,2024,292,
NEW YORK,2024,291,
NEW YORK,2024,290,
NEW YORK,2024,289,
NEW YORK,2024,288,
NEW YORK,2024,287,
NEW YORK,2024,286,
NEW YORK,2024,285,
NEW YORK,2024,284,
NEW YORK,2024,283,
NEW YORK,2024,282,
NEW YORK,2024,281,
NEW YORK,2024,280,
NEW YORK,2024,279,
NEW YORK,2024,278,
NEW YORK,2024,277,
NEW YORK,2024,276,
NEW YORK,2024,275,
NEW YORK,2024,274,
NEW YORK,2024,273,
NEW YORK,2024,272,
NEW YORK,2024,271,
NEW YORK,2024,270,
NEW YORK,2024,269,
NEW YORK,2024,268,
NEW YORK,2024,267,
NEW YORK,2024,266,
NEW YORK,2024,265,
NEW YORK,2024,264,
NEW YORK,2024,263,
NEW YORK,2024,262,
NEW YORK,2024,261,
NEW YORK,2024,260,
NEW YORK,2024,259,
NEW YORK,2024,258,
NEW YORK,2024,257,
NEW YORK,2024,256,
NEW YORK,2024,255,
NEW YORK,2024,254,
NEW YORK,2024,253,
NEW YORK,2024,252,
NEW YORK,2024,251,
NEW YORK,2024,250,
NEW YORK,2024,249,
NEW YORK,2024,248,
NEW YORK,2024,247,
NEW YORK,2024,246,
NEW YORK,2024,245,
NEW YORK,2024,244,
NEW YORK,2024,243,
NEW YORK,2024,242,
NEW YORK,2024,241,
NEW YORK,2024,240,
NEW YORK,2024,239,
NEW YORK,2024,238,
NEW YORK,2024,237,
NEW YORK,2024,236,
NEW YORK,2024,235,
NEW YORK,2024,234,
NEW YORK,2024,233,
NEW YORK,2024,232,
NEW YORK,2024,231,
NEW YORK,2024,230,
NEW YORK,2024,229,40
NEW YORK,2024,228,40
NEW YORK,2024,227,40
NEW YORK,2024,226,40
NEW YORK,2024,225,40
NEW YORK,2024,224,
NEW YORK,2024,223,
NEW YORK,2024,222,40
NEW YORK,2024,221,40
NEW YORK,2024,220,40
NEW YORK,2024,219,40
NEW YORK,2024,218,40
NEW YORK,2024,217,
NEW YORK,2024,216,
NEW YORK,2024,215,40
NEW YORK,2024,214,
NEW YORK,2024,213,40
NEW YORK,2024,212,40
NEW YORK,2024,211,40
NEW YORK,2024,210,
NEW YORK,2024,209,
NEW YORK,2024,208,40
NEW YORK,2024,207,40
NEW YORK,2024,206,40
NEW YORK,2024,205,40
NEW YORK,2024,204,
NEW YORK,2024,203,
NEW YORK,2024,202,
NEW YORK,2024,201,
NEW YORK,2024,200,
NEW YORK,2024,199,
NEW YORK,2024,198,
NEW YORK,2024,197,
NEW YORK,2024,196,
NEW YORK,2024,195,
NEW YORK,2024,194,
NEW YORK,2024,193,
NEW YORK,2024,192,
NEW YORK,2024,191,
NEW YORK,2024,190,20
NEW YORK,2024,189,
NEW YORK,2024,188,
NEW YORK,2024,187,
NEW YORK,2024,186,
NEW YORK,2024,185,20
NEW YORK,2024,184,20
NEW YORK,2024,183,20
NEW YORK,2024,182,
NEW YORK,2024,181,
NEW YORK,2024,180,20
NEW YORK,2024,179,20
NEW YORK,2024,178,20
NEW YORK,2024,177,20
NEW YORK,2024,176,20
NEW YORK,2024,175,
NEW YORK,2024,174,
NEW YORK,2024,173,20
NEW YORK,2024,172,20
NEW YORK,2024,171,
NEW YORK,2024,170,20
NEW YORK,2024,169,20
NEW YORK,2024,168,
NEW YORK,2024,167,
NEW YORK,2024,166,20
NEW YORK,2024,165,20
NEW YORK,2024,164,20
NEW YORK,2024,163,20
NEW YORK,2024,162,31
NEW YORK,2024,161,
NEW YORK,2024,160,
NEW YORK,2024,159,31
NEW YORK,2024,158,31
NEW YORK,2024,157,31
NEW YORK,2024,156,31
NEW YORK,2024,155,31
NEW YORK,2024,154,
NEW YORK,2024,153,
NEW YORK,2024,152,31
NEW YORK,2024,151,31
NEW YORK,2024,150,31
NEW YORK,2024,149,31
NEW YORK,2024,148,
NEW YORK,2024,147,
NEW YORK,2024,146,
NEW YORK,2024,145,31
NEW YORK,2024,144,31
NEW YORK,2024,143,31
NEW YORK,2024,142,31
NEW YORK,2024,141,31
NEW YORK,2024,140,
NEW YORK,2024,139,
NEW YORK,2024,138,31
NEW YORK,2024,137,31
NEW YORK,2024,136,31
NEW YORK,2024,135,31
NEW YORK,2024,134,31
NEW YORK,2024,133,
NEW YORK,2024,132,
NEW YORK,2024,131,31
NEW YORK,2024,130,31
NEW YORK,2024,129,31
NEW YORK,2024,128,31
NEW YORK,2024,127,31
NEW YORK,2024,126,
NEW YORK,2024,125,
NEW YORK,2024,124,31
NEW YORK,2024,123,31
NEW YORK,2024,122,31
NEW YORK,2024,121,31
NEW YORK,2024,120,31
NEW YORK,2024,119,
NEW YORK,2024,118,
NEW YORK,2024,117,31
NEW YORK,2024,116,31
NEW YORK,2024,115,31
NEW YORK,2024,114,31
NEW YORK,2024,113,12
NEW YORK,2024,112,
NEW YORK,2024,111,
NEW YORK,2024,110,12
NEW YORK,2024,109,12
NEW YORK,2024,108,12
NEW YORK,2024,107,12
NEW YORK,2024,106,12
NEW YORK,2024,105,
NEW YORK,2024,104,
NEW YORK,2024,103,12
NEW YORK,2024,102,12
NEW YORK,2024,101,22
NEW YORK,2024,100,22
NEW YORK,2024,99,22
NEW YORK,2024,98,
NEW YORK,2024,97,
NEW YORK,2024,96,22
NEW YORK,2024,95,22
NEW YORK,2024,94,22
NEW YORK,2024,93,22
NEW YORK,2024,92,
NEW YORK,2024,91,
NEW YORK,2024,90,
NEW YORK,2024,89,
NEW YORK,2024,88,
NEW YORK,2024,87,
NEW YORK,2024,86,
NEW YORK,2024,85,
NEW YORK,2024,84,
NEW YORK,2024,83,
NEW YORK,2024,82,
NEW YORK,2024,81,
NEW YORK,2024,80,
NEW YORK,2024,79,
NEW YORK,2024,78,
NEW YORK,2024,77,
NEW YORK,2024,76,
NEW YORK,2024,75,
NEW YORK,2024,74,
NEW YORK,2024,73,
NEW YORK,2024,72,
NEW YORK,2024,71,
NEW YORK,2024,70,
NEW YORK,2024,69,
NEW YORK,2024,68,
NEW YORK,2024,67,
NEW YORK,2024,66,
NEW YORK,2024,65,
NEW YORK,2024,64,
NEW YORK,2024,63,
NEW YORK,2024,62,
NEW YORK,2024,61,
NEW YORK,2024,60,
NEW YORK,2024,59,
NEW YORK,2024,58,
NEW YORK,2024,57,
NEW YORK,2024,56,
NEW YORK,2024,55,
NEW YORK,2024,54,
NEW YORK,2024,53,
NEW YORK,2024,52,
NEW YORK,2024,51,
NEW YORK,2024,50,
NEW YORK,2024,49,
NEW YORK,2024,48,
NEW YORK,2024,47,
NEW YORK,2024,46,
NEW YORK,2024,45,
NEW YORK,2024,44,
NEW YORK,2024,43,
NEW YORK,2024,42,
NEW YORK,2024,41,
NEW YORK,2024,40,
NEW YORK,2024,39,
NEW YORK,2024,38,
NEW YORK,2024,37,
NEW YORK,2024,36,
NEW YORK,2024,35,
NEW YORK,2024,34,
NEW YORK,2024,33,
NEW YORK,2024,32,
NEW YORK,2024,31,
NEW YORK,2024,30,
NEW YORK,2024,29,
NEW YORK,2024,28,
NEW YORK,2024,27,
NEW YORK,2024,26,
NEW YORK,2024,25,
NEW YORK,2024,24,
NEW YORK,2024,23,
NEW YORK,2024,22,
NEW YORK,2024,21,
NEW YORK,2024,20,
NEW YORK,2024,19,
NEW YORK,2024,18,
NEW YORK,2024,17,
NEW YORK,2024,16,
NEW YORK,2024,15,
NEW YORK,2024,14,
NEW YORK,2024,13,
NEW YORK,2024,12,
NEW YORK,2024,11,
NEW YORK,2024,10,
NEW YORK,2024,9,
NEW YORK,2024,8,
NEW YORK,2024,7,
NEW YORK,2024,6,
NEW YORK,2024,5,
NEW YORK,2024,4,
NEW YORK,2024,3,
NEW YORK,2024,2,
PHILADELPHIA,2024,366,
PHILADELPHIA,2024,365,
PHILADELPHIA,2024,364,
PHILADELPHIA,2024,363,
PHILADELPHIA,2024,362,
PHILADELPHIA,2024,361,
PHILADELPHIA,2024,360,
PHILADELPHIA,2024,359,
PHILADELPHIA,2024,358,
PHILADELPHIA,2024,357,
PHILADELPHIA,2024,356,
PHILADELPHIA,2024,355,
PHILADELPHIA,2024,354,
PHILADELPHIA,2024,353,
PHILADELPHIA,2024,352,
PHILADELPHIA,2024,351,
PHILADELPHIA,2024,350,
PHILADELPHIA,2024,349,
PHILADELPHIA,2024,348,
PHILADELPHIA,2024,347,
PHILADELPHIA,2024,346,
PHILADELPHIA,2024,345,
PHILADELPHIA,2024,344,
PHILADELPHIA,2024,343,
PHILADELPHIA,2024,342,
PHILADELPHIA,2024,341,
PHILADELPHIA,2024,340,
PHILADELPHIA,2024,339,
PHILADELPHIA,2024,338,
PHILADELPHIA,2024,337,
PHILADELPHIA,2024,336,
PHILADELPHIA,2024,335,
PHILADELPHIA,2024,334,
PHILADELPHIA,2024,333,
PHILADELPHIA,2024,332,
PHILADELPHIA,2024,331,
PHILADELPHIA,2024,330,
PHILADELPHIA,2024,329,
PHILADELPHIA,2024,328,
PHILADELPHIA,2024,327,
PHILADELPHIA,2024,326,
PHILADELPHIA,2024,325,
PHILADELPHIA,2024,324,
PHILADELPHIA,2024,323,
PHILADELPHIA,2024,322,
PHILADELPHIA,2024,321,
PHILADELPHIA,2024,320,
PHILADELPHIA,2024,319,
PHILADELPHIA,2024,318,
PHILADELPHIA,2024,317,
PHILADELPHIA,2024,316,
PHILADELPHIA,2024,315,
PHILADELPHIA,2024,314,
PHILADELPHIA,2024,313,
PHILADELPHIA,2024,312,
PHILADELPHIA,2024,311,
PHILADELPHIA,2024,310,
PHILADELPHIA,2024,309,
PHILADELPHIA,2024,308,
PHILADELPHIA,2024,307,
PHILADELPHIA,2024,306,
PHILADELPHIA,2024,305,
PHILADELPHIA,2024,304,
PHILADELPHIA,2024,303,
PHILADELPHIA,2024,302,
PHILADELPHIA,2024,301,
PHILADELPHIA,2024,300,
PHILADELPHIA,2024,299,
PHILADELPHIA,2024,298,
PHILADELPHIA,2024,297,
PHILADELPHIA,2024,296,
PHILADELPHIA,2024,295,
PHILADELPHIA,2024,294,
PHILADELPHIA,2024,293,
PHILADELPHIA,2024,292,
PHILADELPHIA,2024,291,
PHILADELPHIA,2024,290,
PHILADELPHIA,2024,289,
PHILADELPHIA,2024,288,
PHILADELPHIA,2024,287,
PHILADELPHIA,2024,286,
PHILADELPHIA,2024,285,
PHILADELPHIA,2024,284,
PHILADELPHIA,2024,283,
PHILADELPHIA,2024,282,
PHILADELPHIA,2024,281,
PHILADELPHIA,2024,280,
PHILADELPHIA,2024,279,
PHILADELPHIA,2024,278,
PHILADELPHIA,2024,277,
PHILADELPHIA,2024,276,
PHILADELPHIA,2024,275,
PHILADELPHIA,2024,274,
PHILADELPHIA,2024,273,
PHILADELPHIA,2024,272,
PHILADELPHIA,2024,271,
PHILADELPHIA,2024,270,
PHILADELPHIA,2024,269,
PHILADELPHIA,2024,268,
PHILADELPHIA,2024,267,
PHILADELPHIA,2024,266,
PHILADELPHIA,2024,265,
PHILADELPHIA,2024,264,
PHILADELPHIA,2024,263,
PHILADELPHIA,2024,262,
PHILADELPHIA,2024,261,
PHILADELPHIA,2024,260,
PHILADELPHIA,2024,259,
PHILADELPHIA,2024,258,
PHILADELPHIA,2024,257,
PHILADELPHIA,2024,256,
PHILADELPHIA,2024,255,
PHILADELPHIA,2024,254,
PHILADELPHIA,2024,253,
PHILADELPHIA,2024,252,
PHILADELPHIA,2024,251,
PHILADELPHIA,2024,250,
PHILADELPHIA,2024,249,
PHILADELPHIA,2024,248,
PHILADELPHIA,2024,247,
PHILADELPHIA,2024,246,
PHILADELPHIA,2024,245,
PHILADELPHIA,2024,244,
PHILADELPHIA,2024,243,
PHILADELPHIA,2024,242,
PHILADELPHIA,2024,241,
PHILADELPHIA,2024,240,
PHILADELPHIA,2024,239,
PHILADELPHIA,2024,238,
PHILADELPHIA,2024,237,
PHILADELPHIA,2024,236,
PHILADELPHIA,2024,235,
PHILADELPHIA,2024,234,
PHILADELPHIA,2024,233,
PHILADELPHIA,2024,232,
PHILADELPHIA,2024,231,
PHILADELPHIA,2024,230,
PHILADELPHIA,2024,229,
PHILADELPHIA,2024,228,
PHILADELPHIA,2024,227,
PHILADELPHIA,2024,226,
PHILADELPHIA,2024,225,
PHILADELPHIA,2024,224,
PHILADELPHIA,2024,223,
PHILADELPHIA,2024,222,
PHILADELPHIA,2024,221,
PHILADELPHIA,2024,220,
PHILADELPHIA,2024,219,
PHILADELPHIA,2024,218,
PHILADELPHIA,2024,217,
PHILADELPHIA,2024,216,
PHILADELPHIA,2024,215,34.5
PHILADELPHIA,2024,214,
PHILADELPHIA,2024,213,34.5
PHILADELPHIA,2024,212,34.5
PHILADELPHIA,2024,211,
PHILADELPHIA,2024,210,
PHILADELPHIA,2024,209,
PHILADELPHIA,2024,208,
PHILADELPHIA,2024,207,
PHILADELPHIA,2024,206,
PHILADELPHIA,2024,205,
PHILADELPHIA,2024,204,
PHILADELPHIA,2024,203,
PHILADELPHIA,2024,202,
PHILADELPHIA,2024,201,
PHILADELPHIA,2024,200,
PHILADELPHIA,2024,199,
PHILADELPHIA,2024,198,
PHILADELPHIA,2024,197,
PHILADELPHIA,2024,196,
PHILADELPHIA,2024,195,
PHILADELPHIA,2024,194,
PHILADELPHIA,2024,193,
PHILADELPHIA,2024,192,
PHILADELPHIA,2024,191,
PHILADELPHIA,2024,190,
PHILADELPHIA,2024,189,
PHILADELPHIA,2024,188,
PHILADELPHIA,2024,187,
PHILADELPHIA,2024,186,
PHILADELPHIA,2024,185,
PHILADELPHIA,2024,184,
PHILADELPHIA,2024,183,
PHILADELPHIA,2024,182,
PHILADELPHIA,2024,181,
PHILADELPHIA,2024,180,
PHILADELPHIA,2024,179,
PHILADELPHIA,2024,178,
PHILADELPHIA,2024,177,
PHILADELPHIA,2024,176,
PHILADELPHIA,2024,175,
PHILADELPHIA,2024,174,
PHILADELPHIA,2024,173,
PHILADELPHIA,2024,172,
PHILADELPHIA,2024,171,
PHILADELPHIA,2024,170,
PHILADELPHIA,2024,169,
PHILADELPHIA,2024,168,
PHILADELPHIA,2024,167,
PHILADELPHIA,2024,166,
PHILADELPHIA,2024,165,
PHILADELPHIA,2024,164,
PHILADELPHIA,2024,163,
PHILADELPHIA,2024,162,
PHILADELPHIA,2024,161,
PHILADELPHIA,2024,160,
PHILADELPHIA,2024,159,29.5
PHILADELPHIA,2024,158,29.5
PHILADELPHIA,2024,157,29.5
PHILADELPHIA,2024,156,29.5
PHILADELPHIA,2024,155,
PHILADELPHIA,2024,154,
PHILADELPHIA,2024,153,
PHILADELPHIA,2024,152,
PHILADELPHIA,2024,151,
PHILADELPHIA,2024,150,
PHILADELPHIA,2024,149,
PHILADELPHIA,2024,148,
PHILADELPHIA,2024,147,
PHILADELPHIA,2024,146,
PHILADELPHIA,2024,145,
PHILADELPHIA,2024,144,
PHILADELPHIA,2024,143,
PHILADELPHIA,2024,142,
PHILADELPHIA,2024,141,
PHILADELPHIA,2024,140,
PHILADELPHIA,2024,139,
PHILADELPHIA,2024,138,
PHILADELPHIA,2024,137,
PHILADELPHIA,2024,136,
PHILADELPHIA,2024,135,
PHILADELPHIA,2024,134,
PHILADELPHIA,2024,133,
PHILADELPHIA,2024,132,
PHILADELPHIA,2024,131,
PHILADELPHIA,2024,130,
PHILADELPHIA,2024,129,
PHILADELPHIA,2024,128,
PHILADELPHIA,2024,127,
PHILADELPHIA,2024,126,
PHILADELPHIA,2024,125,
PHILADELPHIA,2024,124,
PHILADELPHIA,2024,123,
PHILADELPHIA,2024,122,
PHILADELPHIA,2024,121,
PHILADELPHIA,2024,120,
PHILADELPHIA,2024,119,
PHILADELPHIA,2024,118,
PHILADELPHIA,2024,117,
PHILADELPHIA,2024,116,
PHILADELPHIA,2024,115,
PHILADELPHIA,2024,114,
PHILADELPHIA,2024,113,
PHILADELPHIA,2024,112,
PHILADELPHIA,2024,111,
PHILADELPHIA,2024,110,
PHILADELPHIA,2024,109,
PHILADELPHIA,2024,108,
PHILADELPHIA,2024,107,
PHILADELPHIA,2024,106,
PHILADELPHIA,2024,105,
PHILADELPHIA,2024,104,
PHILADELPHIA,2024,103,
PHILADELPHIA,2024,102,
PHILADELPHIA,2024,101,
PHILADELPHIA,2024,100,
PHILADELPHIA,2024,99,
PHILADELPHIA,2024,98,
PHILADELPHIA,2024,97,
PHILADELPHIA,2024,96,
PHILADELPHIA,2024,95,
PHILADELPHIA,2024,94,
PHILADELPHIA,2024,93,
PHILADELPHIA,2024,92,
PHILADELPHIA,2024,91,
PHILADELPHIA,2024,90,
PHILADELPHIA,2024,89,
PHILADELPHIA,2024,88,
PHILADELPHIA,2024,87,
PHILADELPHIA,2024,86,
PHILADELPHIA,2024,85,
PHILADELPHIA,2024,84,
PHILADELPHIA,2024,83,
PHILADELPHIA,2024,82,
PHILADELPHIA,2024,81,11
PHILADELPHIA,2024,80,11
PHILADELPHIA,2024,79,11
PHILADELPHIA,2024,78,
PHILADELPHIA,2024,77,
PHILADELPHIA,2024,76,
PHILADELPHIA,2024,75,
PHILADELPHIA,2024,74,
PHILADELPHIA,2024,73,
PHILADELPHIA,2024,72,
PHILADELPHIA,2024,71,
PHILADELPHIA,2024,70,
PHILADELPHIA,2024,69,
PHILADELPHIA,2024,68,
PHILADELPHIA,2024,67,
PHILADELPHIA,2024,66,
PHILADELPHIA,2024,65,
PHILADELPHIA,2024,64,
PHILADELPHIA,2024,63,
PHILADELPHIA,2024,62,
PHILADELPHIA,2024,61,
PHILADELPHIA,2024,60,
PHILADELPHIA,2024,59,
PHILADELPHIA,2024,58,
PHILADELPHIA,2024,57,
PHILADELPHIA,2024,56,
PHILADELPHIA,2024,55,
PHILADELPHIA,2024,54,
PHILADELPHIA,2024,53,
PHILADELPHIA,2024,52,
PHILADELPHIA,2024,51,
PHILADELPHIA,2024,50,
PHILADELPHIA,2024,49,
PHILADELPHIA,2024,48,
PHILADELPHIA,2024,47,
PHILADELPHIA,2024,46,
PHILADELPHIA,2024,45,
PHILADELPHIA,2024,44,
PHILADELPHIA,2024,43,
PHILADELPHIA,2024,42,
PHILADELPHIA,2024,41,
PHILADELPHIA,2024,40,
PHILADELPHIA,2024,39,
PHILADELPHIA,2024,38,
PHILADELPHIA,2024,37,
PHILADELPHIA,2024,36,
PHILADELPHIA,2024,35,
PHILADELPHIA,2024,34,
PHILADELPHIA,2024,33,
PHILADELPHIA,2024,32,
PHILADELPHIA,2024,31,
PHILADELPHIA,2024,30,
PHILADELPHIA,2024,29,
PHILADELPHIA,2024,28,
PHILADELPHIA,2024,27,
PHILADELPHIA,2024,26,
PHILADELPHIA,2024,25,
PHILADELPHIA,2024,24,
PHILADELPHIA,2024,23,
PHILADELPHIA,2024,22,
PHILADELPHIA,2024,21,
PHILADELPHIA,2024,20,
PHILADELPHIA,2024,19,
PHILADELPHIA,2024,18,
PHILADELPHIA,2024,17,
PHILADELPHIA,2024,16,
PHILADELPHIA,2024,15,
PHILADELPHIA,2024,14,
PHILADELPHIA,2024,13,
PHILADELPHIA,2024,12,
PHILADELPHIA,2024,11,
PHILADELPHIA,2024,10,
PHILADELPHIA,2024,9,
PHILADELPHIA,2024,8,
PHILADELPHIA,2024,7,
PHILADELPHIA,2024,6,
PHILADELPHIA,2024,5,
PHILADELPHIA,2024,4,
PHILADELPHIA,2024,3,
PHILADELPHIA,2024,2,
BALTIMORE,2023,366,
BALTIMORE,2023,365,
BALTIMORE,2023,364,
BALTIMORE,2023,363,
BALTIMORE,2023,362,
BALTIMORE,2023,361,
BALTIMORE,2023,360,
BALTIMORE,2023,359,
BALTIMORE,2023,358,
BALTIMORE,2023,357,
BALTIMORE,2023,356,
BALTIMORE,2023,355,
BALTIMORE,2023,354,
BALTIMORE,2023,353,
BALTIMORE,2023,352,
BALTIMORE,2023,351,
BALTIMORE,2023,350,
BALTIMORE,2023,349,
BALTIMORE,2023,348,
BALTIMORE,2023,347,
BALTIMORE,2023,346,
BALTIMORE,2023,345,
BALTIMORE,2023,344,
BALTIMORE,2023,343,
BALTIMORE,2023,342,
BALTIMORE,2023,341,
BALTIMORE,2023,340,
BALTIMORE,2023,339,
BALTIMORE,2023,338,
BALTIMORE,2023,337,
BALTIMORE,2023,336,
BALTIMORE,2023,335,
BALTIMORE,2023,334,
BALTIMORE,2023,333,
BALTIMORE,2023,332,
BALTIMORE,2023,331,
BALTIMORE,2023,330,
BALTIMORE,2023,329,
BALTIMORE,2023,328,
BALTIMORE,2023,327,
BALTIMORE,2023,326,
BALTIMORE,2023,325,
BALTIMORE,2023,324,
BALTIMORE,2023,323,
BALTIMORE,2023,322,
BALTIMORE,2023,321,
BALTIMORE,2023,320,
BALTIMORE,2023,319,
BALTIMORE,2023,318,
BALTIMORE,2023,317,
BALTIMORE,2023,316,
BALTIMORE,2023,315,
BALTIMORE,2023,314,
BALTIMORE,2023,313,
BALTIMORE,2023,312,
BALTIMORE,2023,311,
BALTIMORE,2023,310,
BALTIMORE,2023,309,
BALTIMORE,2023,308,
BALTIMORE,2023,307,
BALTIMORE,2023,306,
BALTIMORE,2023,305,
BALTIMORE,2023,304,
BALTIMORE,2023,303,
BALTIMORE,2023,302,
BALTIMORE,2023,301,
BALTIMORE,2023,300,
BALTIMORE,2023,299,
BALTIMORE,2023,298,
BALTIMORE,2023,297,
BALTIMORE,2023,296,
BALTIMORE,2023,295,
BALTIMORE,2023,294,
BALTIMORE,2023,293,
BALTIMORE,2023,292,
BALTIMORE,2023,291,
BALTIMORE,2023,290,
BALTIMORE,2023,289,35
BALTIMORE,2023,288,
BALTIMORE,2023,287,
BALTIMORE,2023,286,35
BALTIMORE,2023,285,35
BALTIMORE,2023,284,35
BALTIMORE,2023,283,35
BALTIMORE,2023,282,
BALTIMORE,2023,281,
BALTIMORE,2023,280,
BALTIMORE,2023,279,35
BALTIMORE,2023,278,35
BALTIMORE,2023,277,
BALTIMORE,2023,276,
BALTIMORE,2023,275,
BALTIMORE,2023,274,
BALTIMORE,2023,273,
BALTIMORE,2023,272,
BALTIMORE,2023,271,
BALTIMORE,2023,270,
BALTIMORE,2023,269,
BALTIMORE,2023,268,
BALTIMORE,2023,267,
BALTIMORE,2023,266,
BALTIMORE,2023,265,
BALTIMORE,2023,264,
BALTIMORE,2023,263,
BALTIMORE,2023,262,
BALTIMORE,2023,261,
BALTIMORE,2023,260,
BALTIMORE,2023,259,
BALTIMORE,2023,258,
BALTIMORE,2023,257,
BALTIMORE,2023,256,
BALTIMORE,2023,255,
BALTIMORE,2023,254,
BALTIMORE,2023,253,
BALTIMORE,2023,252,
BALTIMORE,2023,251,
BALTIMORE,2023,250,
BALTIMORE,2023,249,
BALTIMORE,2023,248,
BALTIMORE,2023,247,
BALTIMORE,2023,246,
BALTIMORE,2023,245,
BALTIMORE,2023,244,25
BALTIMORE,2023,243,25
BALTIMORE,2023,242,23
BALTIMORE,2023,241,23
BALTIMORE,2023,240,23
BALTIMORE,2023,239,
BALTIMORE,2023,238,
BALTIMORE,2023,237,23
BALTIMORE,2023,236,23
BALTIMORE,2023,235,23
BALTIMORE,2023,234,23
BALTIMORE,2023,233,23
BALTIMORE,2023,232,
BALTIMORE,2023,231,
BALTIMORE,2023,230,23
BALTIMORE,2023,229,23
BALTIMORE,2023,228,23
BALTIMORE,2023,227,23
BALTIMORE,2023,226,23
BALTIMORE,2023,225,
BALTIMORE,2023,224,
BALTIMORE,2023,223,23
BALTIMORE,2023,222,23
BALTIMORE,2023,221,23
BALTIMORE,2023,220,23
BALTIMORE,2023,219,23
BALTIMORE,2023,218,
BALTIMORE,2023,217,
BALTIMORE,2023,216,29
BALTIMORE,2023,215,29
BALTIMORE,2023,214,29
BALTIMORE,2023,213,29
BALTIMORE,2023,212,29
BALTIMORE,2023,211,
BALTIMORE,2023,210,
BALTIMORE,2023,209,29
BALTIMORE,2023,208,29
BALTIMORE,2023,207,29
BALTIMORE,2023,206,
BALTIMORE,2023,205,
BALTIMORE,2023,204,
BALTIMORE,2023,203,
BALTIMORE,2023,202,
BALTIMORE,2023,201,
BALTIMORE,2023,200,
BALTIMORE,2023,199,
BALTIMORE,2023,198,
BALTIMORE,2023,197,
BALTIMORE,2023,196,
BALTIMORE,2023,195,
BALTIMORE,2023,194,
BALTIMORE,2023,193,
BALTIMORE,2023,192,
BALTIMORE,2023,191,
BALTIMORE,2023,190,
BALTIMORE,2023,189,
BALTIMORE,2023,188,
BALTIMORE,2023,187,
BALTIMORE,2023,186,
BALTIMORE,2023,185,
BALTIMORE,2023,184,39
BALTIMORE,2023,183,
BALTIMORE,2023,182,
BALTIMORE,2023,181,39
BALTIMORE,2023,180,39
BALTIMORE,2023,179,39
BALTIMORE,2023,178,39
BALTIMORE,2023,177,39
BALTIMORE,2023,176,
BALTIMORE,2023,175,
BALTIMORE,2023,174,39
BALTIMORE,2023,173,39
BALTIMORE,2023,172,39
BALTIMORE,2023,171,39
BALTIMORE,2023,170,
BALTIMORE,2023,169,
BALTIMORE,2023,168,
BALTIMORE,2023,167,39
BALTIMORE,2023,166,39
BALTIMORE,2023,165,39
BALTIMORE,2023,164,39
BALTIMORE,2023,163,39
BALTIMORE,2023,162,
BALTIMORE,2023,161,
BALTIMORE,2023,160,39
BALTIMORE,2023,159,39
BALTIMORE,2023,158,39
BALTIMORE,2023,157,39
BALTIMORE,2023,156,39
BALTIMORE,2023,155,
BALTIMORE,2023,154,
BALTIMORE,2023,153,39
BALTIMORE,2023,152,39
BALTIMORE,2023,151,39
BALTIMORE,2023,150,39
BALTIMORE,2023,149,
BALTIMORE,2023,148,
BALTIMORE,2023,147,
BALTIMORE,2023,146,39
BALTIMORE,2023,145,37
BALTIMORE,2023,144,37
BALTIMORE,2023,143,37
BALTIMORE,2023,142,37
BALTIMORE,2023,141,
BALTIMORE,2023,140,
BALTIMORE,2023,139,37
BALTIMORE,2023,138,37
BALTIMORE,2023,137,37
BALTIMORE,2023,136,37
BALTIMORE,2023,135,37
BALTIMORE,2023,134,
BALTIMORE,2023,133,
BALTIMORE,2023,132,37
BALTIMORE,2023,131,37
BALTIMORE,2023,130,37
BALTIMORE,2023,129,37
BALTIMORE,2023,128,35.5
BALTIMORE,2023,127,
BALTIMORE,2023,126,
BALTIMORE,2023,125,35.5
BALTIMORE,2023,124,35.5
BALTIMORE,2023,123,38.5
BALTIMORE,2023,122,38.5
BALTIMORE,2023,121,38.5
BALTIMORE,2023,120,
BALTIMORE,2023,119,
BALTIMORE,2023,118,32
BALTIMORE,2023,117,32
BALTIMORE,2023,116,28
BALTIMORE,2023,115,28
BALTIMORE,2023,114,28
BALTIMORE,2023,113,
BALTIMORE,2023,112,
BALTIMORE,2023,111,28
BALTIMORE,2023,110,28
BALTIMORE,2023,109,28
BALTIMORE,2023,108,28
BALTIMORE,2023,107,28
BALTIMORE,2023,106,
BALTIMORE,2023,105,
BALTIMORE,2023,104,28
BALTIMORE,2023,103,28
BALTIMORE,2023,102,27
BALTIMORE,2023,101,27
BALTIMORE,2023,100,27
BALTIMORE,2023,99,
BALTIMORE,2023,98,
BALTIMORE,2023,97,28
BALTIMORE,2023,96,28
BALTIMORE,2023,95,28
BALTIMORE,2023,94,28
BALTIMORE,2023,93,28
BALTIMORE,2023,92,
BALTIMORE,2023,91,
BALTIMORE,2023,90,32
BALTIMORE,2023,89,32
BALTIMORE,2023,88,32
BALTIMORE,2023,87,32
BALTIMORE,2023,86,32
BALTIMORE,2023,85,
BALTIMORE,2023,84,
BALTIMORE,2023,83,32
BALTIMORE,2023,82,32
BALTIMORE,2023,81,32
BALTIMORE,2023,80,32
BALTIMORE,2023,79,32
BALTIMORE,2023,78,
BALTIMORE,2023,77,
BALTIMORE,2023,76,32
BALTIMORE,2023,75,32
BALTIMORE,2023,74,32
BALTIMORE,2023,73,32
BALTIMORE,2023,72,34
BALTIMORE,2023,71,
BALTIMORE,2023,70,
BALTIMORE,2023,69,34
BALTIMORE,2023,68,34
BALTIMORE,2023,67,34
BALTIMORE,2023,66,34
BALTIMORE,2023,65,34
BALTIMORE,2023,64,
BALTIMORE,2023,63,
BALTIMORE,2023,62,34
BALTIMORE,2023,61,34
BALTIMORE,2023,60,30
BALTIMORE,2023,59,30
BALTIMORE,2023,58,20
BALTIMORE,2023,57,
BALTIMORE,2023,56,
BALTIMORE,2023,55,20
BALTIMORE,2023,54,20
BALTIMORE,2023,53,20
BALTIMORE,2023,52,20
BALTIMORE,2023,51,
BALTIMORE,2023,50,
BALTIMORE,2023,49,
BALTIMORE,2023,48,20
BALTIMORE,2023,47,20
BALTIMORE,2023,46,20
BALTIMORE,2023,45,20
BALTIMORE,2023,44,20
BALTIMORE,2023,43,
BALTIMORE,2023,42,
BALTIMORE,2023,41,19
BALTIMORE,2023,40,19
BALTIMORE,2023,39,19
BALTIMORE,2023,38,19
BALTIMORE,2023,37,19
BALTIMORE,2023,36,
BALTIMORE,2023,35,
BALTIMORE,2023,34,19
BALTIMORE,2023,33,19
BALTIMORE,2023,32,18
BALTIMORE,2023,31,18
BALTIMORE,2023,30,18
BALTIMORE,2023,29,
BALTIMORE,2023,28,
BALTIMORE,2023,27,18
BALTIMORE,2023,26,18
BALTIMORE,2023,25,18
BALTIMORE,2023,24,18
BALTIMORE,2023,23,18
BALTIMORE,2023,22,
BALTIMORE,2023,21,
BALTIMORE,2023,20,18
BALTIMORE,2023,19,18
BALTIMORE,2023,18,18
BALTIMORE,2023,17,18
BALTIMORE,2023,16,
BALTIMORE,2023,15,
BALTIMORE,2023,14,
BALTIMORE,2023,13,18
BALTIMORE,2023,12,18
BALTIMORE,2023,11,18
BALTIMORE,2023,10,18
BALTIMORE,2023,9,18
BALTIMORE,2023,8,
BALTIMORE,2023,7,
BALTIMORE,2023,6,18
BALTIMORE,2023,5,18
BALTIMORE,2023,4,18
BALTIMORE,2023,3,18
BALTIMORE,2023,2,
BOSTON,2023,366,
BOSTON,2023,365,
BOSTON,2023,364,
BOSTON,2023,363,24
BOSTON,2023,362,24
BOSTON,2023,361,24
BOSTON,2023,360,24
BOSTON,2023,359,
BOSTON,2023,358,
BOSTON,2023,357,
BOSTON,2023,356,24
BOSTON,2023,355,24
BOSTON,2023,354,24
BOSTON,2023,353,24
BOSTON,2023,352,24
BOSTON,2023,351,
BOSTON,2023,350,
BOSTON,2023,349,24
BOSTON,2023,348,24
BOSTON,2023,347,24
BOSTON,2023,346,24
BOSTON,2023,345,24
BOSTON,2023,344,
BOSTON,2023,343,
BOSTON,2023,342,24
BOSTON,2023,341,24
BOSTON,2023,340,24
BOSTON,2023,339,24
BOSTON,2023,338,24
BOSTON,2023,337,
BOSTON,2023,336,
BOSTON,2023,335,24
BOSTON,2023,334,24
BOSTON,2023,333,24
BOSTON,2023,332,24
BOSTON,2023,331,24
BOSTON,2023,330,
BOSTON,2023,329,
BOSTON,2023,328,24
BOSTON,2023,327,
BOSTON,2023,326,24
BOSTON,2023,325,24
BOSTON,2023,324,24
BOSTON,2023,323,
BOSTON,2023,322,
BOSTON,2023,321,24
BOSTON,2023,320,24
BOSTON,2023,319,24
BOSTON,2023,318,24
BOSTON,2023,317,24
BOSTON,2023,316,
BOSTON,2023,315,
BOSTON,2023,314,
BOSTON,2023,313,24
BOSTON,2023,312,24
BOSTON,2023,311,24
BOSTON,2023,310,24
BOSTON,2023,309,
BOSTON,2023,308,
BOSTON,2023,307,24
BOSTON,2023,306,24
BOSTON,2023,305,24
BOSTON,2023,304,24
BOSTON,2023,303,24
BOSTON,2023,302,
BOSTON,2023,301,
BOSTON,2023,300,24
BOSTON,2023,299,24
BOSTON,2023,298,24
BOSTON,2023,297,24
BOSTON,2023,296,24
BOSTON,2023,295,
BOSTON,2023,294,
BOSTON,2023,293,24
BOSTON,2023,292,24
BOSTON,2023,291,24
BOSTON,2023,290,24
BOSTON,2023,289,24
BOSTON,2023,288,
BOSTON,2023,287,
BOSTON,2023,286,24
BOSTON,2023,285,24
BOSTON,2023,284,24
BOSTON,2023,283,24
BOSTON,2023,282,
BOSTON,2023,281,
BOSTON,2023,280,
BOSTON,2023,279,24
BOSTON,2023,278,24
BOSTON,2023,277,24
BOSTON,2023,276,24
BOSTON,2023,275,24
BOSTON,2023,274,
BOSTON,2023,273,
BOSTON,2023,272,24
BOSTON,2023,271,24
BOSTON,2023,270,24
BOSTON,2023,269,24
BOSTON,2023,268,24
BOSTON,2023,267,
BOSTON,2023,266,
BOSTON,2023,265,24
BOSTON,2023,264,23
BOSTON,2023,263,23
BOSTON,2023,262,23
BOSTON,2023,261,23
BOSTON,2023,260,
BOSTON,2023,259,
BOSTON,2023,258,23
BOSTON,2023,257,23
BOSTON,2023,256,23
BOSTON,2023,255,23
BOSTON,2023,254,23
BOSTON,2023,253,
BOSTON,2023,252,
BOSTON,2023,251,23
BOSTON,2023,250,23
BOSTON,2023,249,23
BOSTON,2023,248,23
BOSTON,2023,247,
BOSTON,2023,246,
BOSTON,2023,245,
BOSTON,2023,244,23
BOSTON,2023,243,23
BOSTON,2023,242,23
BOSTON,2023,241,23
BOSTON,2023,240,23
BOSTON,2023,239,
BOSTON,2023,238,
BOSTON,2023,237,23
BOSTON,2023,236,23
BOSTON,2023,235,23
BOSTON,2023,234,23
BOSTON,2023,233,23
BOSTON,2023,232,
BOSTON,2023,231,
BOSTON,2023,230,23
BOSTON,2023,229,23
BOSTON,2023,228,23
BOSTON,2023,227,23
BOSTON,2023,226,23
BOSTON,2023,225,
BOSTON,2023,224,
BOSTON,2023,223,23
BOSTON,2023,222,23
BOSTON,2023,221,23
BOSTON,2023,220,23
BOSTON,2023,219,23
BOSTON,2023,218,
BOSTON,2023,217,
BOSTON,2023,216,23
BOSTON,2023,215,23
BOSTON,2023,214,23
BOSTON,2023,213,23
BOSTON,2023,212,23
BOSTON,2023,211,
BOSTON,2023,210,
BOSTON,2023,209,23
BOSTON,2023,208,23
BOSTON,2023,207,23
BOSTON,2023,206,23
BOSTON,2023,205,23
BOSTON,2023,204,
BOSTON,2023,203,
BOSTON,2023,202,23
BOSTON,2023,201,23
BOSTON,2023,200,23
BOSTON,2023,199,23
BOSTON,2023,198,23
BOSTON,2023,197,
BOSTON,2023,196,
BOSTON,2023,195,23
BOSTON,2023,194,23
BOSTON,2023,193,23
BOSTON,2023,192,23
BOSTON,2023,191,23
BOSTON,2023,190,
BOSTON,2023,189,
BOSTON,2023,188,23
BOSTON,2023,187,23
BOSTON,2023,186,23
BOSTON,2023,185,
BOSTON,2023,184,23
BOSTON,2023,183,
BOSTON,2023,182,
BOSTON,2023,181,23
BOSTON,2023,180,23
BOSTON,2023,179,23
BOSTON,2023,178,23
BOSTON,2023,177,23
BOSTON,2023,176,
BOSTON,2023,175,
BOSTON,2023,174,23
BOSTON,2023,173,23
BOSTON,2023,172,23
BOSTON,2023,171,23
BOSTON,2023,170,
BOSTON,2023,169,
BOSTON,2023,168,
BOSTON,2023,167,23
BOSTON,2023,166,23
BOSTON,2023,165,23
BOSTON,2023,164,23
BOSTON,2023,163,23
BOSTON,2023,162,
BOSTON,2023,161,
BOSTON,2023,160,23
BOSTON,2023,159,23
BOSTON,2023,158,23
BOSTON,2023,157,23
BOSTON,2023,156,23
BOSTON,2023,155,
BOSTON,2023,154,
BOSTON,2023,153,23
BOSTON,2023,152,23
BOSTON,2023,151,23
BOSTON,2023,150,23
BOSTON,2023,149,
BOSTON,2023,148,
BOSTON,2023,147,
BOSTON,2023,146,23
BOSTON,2023,145,23
BOSTON,2023,144,23
BOSTON,2023,143,23
BOSTON,2023,142,23
BOSTON,2023,141,
BOSTON,2023,140,
BOSTON,2023,139,23
BOSTON,2023,138,23
BOSTON,2023,137,23
BOSTON,2023,136,23
BOSTON,2023,135,23
BOSTON,2023,134,
BOSTON,2023,133,
BOSTON,2023,132,23
BOSTON,2023,131,23
BOSTON,2023,130,23
BOSTON,2023,129,23
BOSTON,2023,128,23
BOSTON,2023,127,
BOSTON,2023,126,
BOSTON,2023,125,23
BOSTON,2023,124,23
BOSTON,2023,123,23
BOSTON,2023,122,23
BOSTON,2023,121,23
BOSTON,2023,120,
BOSTON,2023,119,
BOSTON,2023,118,23
BOSTON,2023,117,23
BOSTON,2023,116,23
BOSTON,2023,115,23
BOSTON,2023,114,23
BOSTON,2023,113,
BOSTON,2023,112,
BOSTON,2023,111,23
BOSTON,2023,110,23
BOSTON,2023,109,23
BOSTON,2023,108,23
BOSTON,2023,107,23
BOSTON,2023,106,
BOSTON,2023,105,
BOSTON,2023,104,23
BOSTON,2023,103,23
BOSTON,2023,102,23
BOSTON,2023,101,23
BOSTON,2023,100,23
BOSTON,2023,99,
BOSTON,2023,98,
BOSTON,2023,97,23
BOSTON,2023,96,23
BOSTON,2023,95,23
BOSTON,2023,94,23
BOSTON,2023,93,23
BOSTON,2023,92,
BOSTON,2023,91,
BOSTON,2023,90,23
BOSTON,2023,89,23
BOSTON,2023,88,23
BOSTON,2023,87,23
BOSTON,2023,86,23
BOSTON,2023,85,
BOSTON,2023,84,
BOSTON,2023,83,23
BOSTON,2023,82,23
BOSTON,2023,81,23
BOSTON,2023,80,23
BOSTON,2023,79,23
BOSTON,2023,78,
BOSTON,2023,77,
BOSTON,2023,76,23
BOSTON,2023,75,23
BOSTON,2023,74,23
BOSTON,2023,73,23
BOSTON,2023,72,23
BOSTON,2023,71,
BOSTON,2023,70,
BOSTON,2023,69,24
BOSTON,2023,68,24
BOSTON,2023,67,24
BOSTON,2023,66,24
BOSTON,2023,65,
BOSTON,2023,64,
BOSTON,2023,63,
BOSTON,2023,62,
BOSTON,2023,61,
BOSTON,2023,60,
BOSTON,2023,59,
BOSTON,2023,58,
BOSTON,2023,57,
BOSTON,2023,56,
BOSTON,2023,55,
BOSTON,2023,54,
BOSTON,2023,53,
BOSTON,2023,52,
BOSTON,2023,51,
BOSTON,2023,50,
BOSTON,2023,49,
BOSTON,2023,48,
BOSTON,2023,47,
BOSTON,2023,46,
BOSTON,2023,45,
BOSTON,2023,44,
BOSTON,2023,43,
BOSTON,2023,42,
BOSTON,2023,41,
BOSTON,2023,40,
BOSTON,2023,39,
BOSTON,2023,38,
BOSTON,2023,37,
BOSTON,2023,36,
BOSTON,2023,35,
BOSTON,2023,34,
BOSTON,2023,33,
BOSTON,2023,32,
BOSTON,2023,31,
BOSTON,2023,30,
BOSTON,2023,29,
BOSTON,2023,28,
BOSTON,2023,27,
BOSTON,2023,26,
BOSTON,2023,25,
BOSTON,2023,24,
BOSTON,2023,23,
BOSTON,2023,22,
BOSTON,2023,21,
BOSTON,2023,20,
BOSTON,2023,19,
BOSTON,2023,18,
BOSTON,2023,17,
BOSTON,2023,16,
BOSTON,2023,15,
BOSTON,2023,14,
BOSTON,2023,13,
BOSTON,2023,12,
BOSTON,2023,11,
BOSTON,2023,10,
BOSTON,2023,9,
BOSTON,2023,8,
BOSTON,2023,7,
BOSTON,2023,6,
BOSTON,2023,5,
BOSTON,2023,4,
BOSTON,2023,3,
BOSTON,2023,2,
CHICAGO,2023,366,
CHICAGO,2023,365,
CHICAGO,2023,364,
CHICAGO,2023,363,29
CHICAGO,2023,362,29
CHICAGO,2023,361,29
CHICAGO,2023,360,29
CHICAGO,2023,359,
CHICAGO,2023,358,
CHICAGO,2023,357,
CHICAGO,2023,356,29
CHICAGO,2023,355,29
CHICAGO,2023,354,29
CHICAGO,2023,353,29
CHICAGO,2023,352,29
CHICAGO,2023,351,
CHICAGO,2023,350,
CHICAGO,2023,349,29
CHICAGO,2023,348,29
CHICAGO,2023,347,29
CHICAGO,2023,346,29
CHICAGO,2023,345,29
CHICAGO,2023,344,
CHICAGO,2023,343,
CHICAGO,2023,342,29
CHICAGO,2023,341,29
CHICAGO,2023,340,29
CHICAGO,2023,339,29
CHICAGO,2023,338,29
CHICAGO,2023,337,
CHICAGO,2023,336,
CHICAGO,2023,335,29
CHICAGO,2023,334,29
CHICAGO,2023,333,29
CHICAGO,2023,332,29
CHICAGO,2023,331,29
CHICAGO,2023,330,
CHICAGO,2023,329,
CHICAGO,2023,328,29
CHICAGO,2023,327,
CHICAGO,2023,326,29
CHICAGO,2023,325,29
CHICAGO,2023,324,29
CHICAGO,2023,323,
CHICAGO,2023,322,
CHICAGO,2023,321,29
CHICAGO,2023,320,29
CHICAGO,2023,319,23
CHICAGO,2023,318,23
CHICAGO,2023,317,23
CHICAGO,2023,316,
CHICAGO,2023,315,
CHICAGO,2023,314,
CHICAGO,2023,313,23
CHICAGO,2023,312,23
CHICAGO,2023,311,23
CHICAGO,2023,310,23
CHICAGO,2023,309,
CHICAGO,2023,308,
CHICAGO,2023,307,23
CHICAGO,2023,306,23
CHICAGO,2023,305,23
CHICAGO,2023,304,23
CHICAGO,2023,303,32.75
CHICAGO,2023,302,
CHICAGO,2023,301,
CHICAGO,2023,300,32.75
CHICAGO,2023,299,32.75
CHICAGO,2023,298,32.75
CHICAGO,2023,297,32.75
CHICAGO,2023,296,32.75
CHICAGO,2023,295,
CHICAGO,2023,294,
CHICAGO,2023,293,32.75
CHICAGO,2023,292,31.5
CHICAGO,2023,291,31.5
CHICAGO,2023,290,31.5
CHICAGO,2023,289,31.5
CHICAGO,2023,288,
CHICAGO,2023,287,
CHICAGO,2023,286,31.5
CHICAGO,2023,285,31.5
CHICAGO,2023,284,31.5
CHICAGO,2023,283,31.5
CHICAGO,2023,282,
CHICAGO,2023,281,
CHICAGO,2023,280,
CHICAGO,2023,279,31.5
CHICAGO,2023,278,31.5
CHICAGO,2023,277,31.5
CHICAGO,2023,276,31.5
CHICAGO,2023,275,39
CHICAGO,2023,274,
CHICAGO,2023,273,
CHICAGO,2023,272,39
CHICAGO,2023,271,31.666666
CHICAGO,2023,270,31.666666
CHICAGO,2023,269,31.666666
CHICAGO,2023,268,31.666666
CHICAGO,2023,267,
CHICAGO,2023,266,
CHICAGO,2023,265,31.666666
CHICAGO,2023,264,31.666666
CHICAGO,2023,263,31.666666
CHICAGO,2023,262,31.666666
CHICAGO,2023,261,31.666666
CHICAGO,2023,260,
CHICAGO,2023,259,
CHICAGO,2023,258,31.666666
CHICAGO,2023,257,31.666666
CHICAGO,2023,256,31.666666
CHICAGO,2023,255,31.666666
CHICAGO,2023,254,31.666666
CHICAGO,2023,253,
CHICAGO,2023,252,
CHICAGO,2023,251,31.666666
CHICAGO,2023,250,31.666666
CHICAGO,2023,249,31.666666
CHICAGO,2023,248,31.666666
CHICAGO,2023,247,
CHICAGO,2023,246,
CHICAGO,2023,245,
CHICAGO,2023,244,31.666666
CHICAGO,2023,243,31.666666
CHICAGO,2023,242,31.666666
CHICAGO,2023,241,31.666666
CHICAGO,2023,240,31.666666
CHICAGO,2023,239,
CHICAGO,2023,238,
CHICAGO,2023,237,31.666666
CHICAGO,2023,236,31.666666
CHICAGO,2023,235,31.666666
CHICAGO,2023,234,31.666666
CHICAGO,2023,233,31.666666
CHICAGO,2023,232,
CHICAGO,2023,231,
CHICAGO,2023,230,31.666666
CHICAGO,2023,229,31.666666
CHICAGO,2023,228,31.666666
CHICAGO,2023,227,31.666666
CHICAGO,2023,226,31.666666
CHICAGO,2023,225,
CHICAGO,2023,224,
CHICAGO,2023,223,31.666666
CHICAGO,2023,222,31.666666
CHICAGO,2023,221,31.666666
CHICAGO,2023,220,31.666666
CHICAGO,2023,219,31.666666
CHICAGO,2023,218,
CHICAGO,2023,217,
CHICAGO,2023,216,31.666666
CHICAGO,2023,215,31.666666
CHICAGO,2023,214,31.666666
CHICAGO,2023,213,31.666666
CHICAGO,2023,212,31.666666
CHICAGO,2023,211,
CHICAGO,2023,210,
CHICAGO,2023,209,31.666666
CHICAGO,2023,208,31.666666
CHICAGO,2023,207,31.666666
CHICAGO,2023,206,31.666666
CHICAGO,2023,205,24.666666
CHICAGO,2023,204,
CHICAGO,2023,203,
CHICAGO,2023,202,24.666666
CHICAGO,2023,201,24.666666
CHICAGO,2023,200,24.666666
CHICAGO,2023,199,24.666666
CHICAGO,2023,198,24.666666
CHICAGO,2023,197,
CHICAGO,2023,196,
CHICAGO,2023,195,24.666666
CHICAGO,2023,194,24.666666
CHICAGO,2023,193,24.666666
CHICAGO,2023,192,24.666666
CHICAGO,2023,191,24.666666
CHICAGO,2023,190,
CHICAGO,2023,189,
CHICAGO,2023,188,24.666666
CHICAGO,2023,187,24.666666
CHICAGO,2023,186,24.666666
CHICAGO,2023,185,
CHICAGO,2023,184,24.666666
CHICAGO,2023,183,
CHICAGO,2023,182,
CHICAGO,2023,181,24.666666
CHICAGO,2023,180,24.666666
CHICAGO,2023,179,24.666666
CHICAGO,2023,178,24.666666
CHICAGO,2023,177,25.333333
CHICAGO,2023,176,
CHICAGO,2023,175,
CHICAGO,2023,174,25.333333
CHICAGO,2023,173,25.333333
CHICAGO,2023,172,25.333333
CHICAGO,2023,171,25.333333
CHICAGO,2023,170,
CHICAGO,2023,169,
CHICAGO,2023,168,
CHICAGO,2023,167,25.333333
CHICAGO,2023,166,25.333333
CHICAGO,2023,165,25.333333
CHICAGO,2023,164,25.333333
CHICAGO,2023,163,25.333333
CHICAGO,2023,162,
CHICAGO,2023,161,
CHICAGO,2023,160,25.333333
CHICAGO,2023,159,25.333333
CHICAGO,2023,158,25.333333
CHICAGO,2023,157,25.333333
CHICAGO,2023,156,25.333333
CHICAGO,2023,155,
CHICAGO,2023,154,
CHICAGO,2023,153,25.333333
CHICAGO,2023,152,25.333333
CHICAGO,2023,151,25.333333
CHICAGO,2023,150,25.333333
CHICAGO,2023,149,
CHICAGO,2023,148,
CHICAGO,2023,147,
CHICAGO,2023,146,25.333333
CHICAGO,2023,145,25.333333
CHICAGO,2023,144,25.333333
CHICAGO,2023,143,25.333333
CHICAGO,2023,142,25.333333
CHICAGO,2023,141,
CHICAGO,2023,140,
CHICAGO,2023,139,25.333333
CHICAGO,2023,138,25.333333
CHICAGO,2023,137,25.333333
CHICAGO,2023,136,25.333333
CHICAGO,2023,135,25.333333
CHICAGO,2023,134,
CHICAGO,2023,133,
CHICAGO,2023,132,25.333333
CHICAGO,2023,131,25.333333
CHICAGO,2023,130,25.333333
CHICAGO,2023,129,25.333333
CHICAGO,2023,128,25.333333
CHICAGO,2023,127,
CHICAGO,2023,126,
CHICAGO,2023,125,25.333333
CHICAGO,2023,124,25.333333
CHICAGO,2023,123,25.333333
CHICAGO,2023,122,25.333333
CHICAGO,2023,121,25.333333
CHICAGO,2023,120,
CHICAGO,2023,119,
CHICAGO,2023,118,25.333333
CHICAGO,2023,117,25.333333
CHICAGO,2023,116,25.333333
CHICAGO,2023,115,25.333333
CHICAGO,2023,114,25.333333
CHICAGO,2023,113,
CHICAGO,2023,112,
CHICAGO,2023,111,25.333333
CHICAGO,2023,110,25.333333
CHICAGO,2023,109,25.333333
CHICAGO,2023,108,25.333333
CHICAGO,2023,107,25.333333
CHICAGO,2023,106,
CHICAGO,2023,105,
CHICAGO,2023,104,25.333333
CHICAGO,2023,103,25.333333
CHICAGO,2023,102,25.333333
CHICAGO,2023,101,25.333333
CHICAGO,2023,100,25.333333
CHICAGO,2023,99,
CHICAGO,2023,98,
CHICAGO,2023,97,25.333333
CHICAGO,2023,96,25.333333
CHICAGO,2023,95,25.333333
CHICAGO,2023,94,25.333333
CHICAGO,2023,93,25.333333
CHICAGO,2023,92,
CHICAGO,2023,91,
CHICAGO,2023,90,25.333333
CHICAGO,2023,89,25.333333
CHICAGO,2023,88,25.333333
CHICAGO,2023,87,25.333333
CHICAGO,2023,86,25.333333
CHICAGO,2023,85,
CHICAGO,2023,84,
CHICAGO,2023,83,25.333333
CHICAGO,2023,82,25.333333
CHICAGO,2023,81,25.333333
CHICAGO,2023,80,27.2
CHICAGO,2023,79,27.2
CHICAGO,2023,78,
CHICAGO,2023,77,
CHICAGO,2023,76,27.2
CHICAGO,2023,75,27.2
CHICAGO,2023,74,27.2
CHICAGO,2023,73,27.2
CHICAGO,2023,72,27.2
CHICAGO,2023,71,
CHICAGO,2023,70,
CHICAGO,2023,69,27.2
CHICAGO,2023,68,27.2
CHICAGO,2023,67,27.2
CHICAGO,2023,66,27.2
CHICAGO,2023,65,27.2
CHICAGO,2023,64,
CHICAGO,2023,63,
CHICAGO,2023,62,27.2
CHICAGO,2023,61,25.2
CHICAGO,2023,60,25.2
CHICAGO,2023,59,25.2
CHICAGO,2023,58,25.2
CHICAGO,2023,57,
CHICAGO,2023,56,
CHICAGO,2023,55,25.2
CHICAGO,2023,54,25.2
CHICAGO,2023,53,25.2
CHICAGO,2023,52,25.2
CHICAGO,2023,51,
CHICAGO,2023,50,
CHICAGO,2023,49,
CHICAGO,2023,48,25.2
CHICAGO,2023,47,25.2
CHICAGO,2023,46,25.2
CHICAGO,2023,45,25.2
CHICAGO,2023,44,25.2
CHICAGO,2023,43,
CHICAGO,2023,42,
CHICAGO,2023,41,25.2
CHICAGO,2023,40,25.2
CHICAGO,2023,39,25.2
CHICAGO,2023,38,25.2
CHICAGO,2023,37,25.2
CHICAGO,2023,36,
CHICAGO,2023,35,
CHICAGO,2023,34,25.2
CHICAGO,2023,33,30.3
CHICAGO,2023,32,30.3
CHICAGO,2023,31,30.3
CHICAGO,2023,30,30.3
CHICAGO,2023,29,
CHICAGO,2023,28,
CHICAGO,2023,27,30.3
CHICAGO,2023,26,30.3
CHICAGO,2023,25,30.3
CHICAGO,2023,24,30.3
CHICAGO,2023,23,30.3
CHICAGO,2023,22,
CHICAGO,2023,21,
CHICAGO,2023,20,30.3
CHICAGO,2023,19,30.3
CHICAGO,2023,18,30.3
CHICAGO,2023,17,30.3
CHICAGO,2023,16,
CHICAGO,2023,15,
CHICAGO,2023,14,
CHICAGO,2023,13,30.3
CHICAGO,2023,12,30.3
CHICAGO,2023,11,30.3
CHICAGO,2023,10,30.3
CHICAGO,2023,9,30.3
CHICAGO,2023,8,
CHICAGO,2023,7,
CHICAGO,2023,6,30.3
CHICAGO,2023,5,30.3
CHICAGO,2023,4,30.3
CHICAGO,2023,3,30.3
CHICAGO,2023,2,
COLUMBIA,2023,366,
COLUMBIA,2023,365,
COLUMBIA,2023,364,
COLUMBIA,2023,363,
COLUMBIA,2023,362,
COLUMBIA,2023,361,
COLUMBIA,2023,360,
COLUMBIA,2023,359,
COLUMBIA,2023,358,
COLUMBIA,2023,357,
COLUMBIA,2023,356,
COLUMBIA,2023,355,39
COLUMBIA,2023,354,39
COLUMBIA,2023,353,39
COLUMBIA,2023,352,39
COLUMBIA,2023,351,
COLUMBIA,2023,350,
COLUMBIA,2023,349,39
COLUMBIA,2023,348,39
COLUMBIA,2023,347,39
COLUMBIA,2023,346,39
COLUMBIA,2023,345,39
COLUMBIA,2023,344,
COLUMBIA,2023,343,
COLUMBIA,2023,342,18
COLUMBIA,2023,341,18
COLUMBIA,2023,340,18
COLUMBIA,2023,339,18
COLUMBIA,2023,338,18
COLUMBIA,2023,337,
COLUMBIA,2023,336,
COLUMBIA,2023,335,18
COLUMBIA,2023,334,18
COLUMBIA,2023,333,18
COLUMBIA,2023,332,18
COLUMBIA,2023,331,18
COLUMBIA,2023,330,
COLUMBIA,2023,329,
COLUMBIA,2023,328,
COLUMBIA,2023,327,
COLUMBIA,2023,326,18
COLUMBIA,2023,325,18
COLUMBIA,2023,324,18
COLUMBIA,2023,323,
COLUMBIA,2023,322,
COLUMBIA,2023,321,18
COLUMBIA,2023,320,18
COLUMBIA,2023,319,18
COLUMBIA,2023,318,18
COLUMBIA,2023,317,18
COLUMBIA,2023,316,
COLUMBIA,2023,315,
COLUMBIA,2023,314,
COLUMBIA,2023,313,18
COLUMBIA,2023,312,18
COLUMBIA,2023,311,18
COLUMBIA,2023,310,18
COLUMBIA,2023,309,
COLUMBIA,2023,308,
COLUMBIA,2023,307,18
COLUMBIA,2023,306,18
COLUMBIA,2023,305,18
COLUMBIA,2023,304,18
COLUMBIA,2023,303,18
COLUMBIA,2023,302,
COLUMBIA,2023,301,
COLUMBIA,2023,300,18
COLUMBIA,2023,299,18
COLUMBIA,2023,298,18
COLUMBIA,2023,297,18
COLUMBIA,2023,296,18
COLUMBIA,2023,295,
COLUMBIA,2023,294,
COLUMBIA,2023,293,18
COLUMBIA,2023,292,18
COLUMBIA,2023,291,18
COLUMBIA,2023,290,18
COLUMBIA,2023,289,18
COLUMBIA,2023,288,
COLUMBIA,2023,287,
COLUMBIA,2023,286,18
COLUMBIA,2023,285,18
COLUMBIA,2023,284,18
COLUMBIA,2023,283,18
COLUMBIA,2023,282,18
COLUMBIA,2023,281,
COLUMBIA,2023,280,
COLUMBIA,2023,279,18
COLUMBIA,2023,278,18
COLUMBIA,2023,277,18
COLUMBIA,2023,276,18
COLUMBIA,2023,275,18
COLUMBIA,2023,274,
COLUMBIA,2023,273,
COLUMBIA,2023,272,18
COLUMBIA,2023,271,18
COLUMBIA,2023,270,18
COLUMBIA,2023,269,18
COLUMBIA,2023,268,18
COLUMBIA,2023,267,
COLUMBIA,2023,266,
COLUMBIA,2023,265,18
COLUMBIA,2023,264,18
COLUMBIA,2023,263,18
COLUMBIA,2023,262,18
COLUMBIA,2023,261,18
COLUMBIA,2023,260,
COLUMBIA,2023,259,
COLUMBIA,2023,258,18
COLUMBIA,2023,257,18
COLUMBIA,2023,256,18
COLUMBIA,2023,255,18
COLUMBIA,2023,254,18
COLUMBIA,2023,253,
COLUMBIA,2023,252,
COLUMBIA,2023,251,18
COLUMBIA,2023,250,18
COLUMBIA,2023,249,18
COLUMBIA,2023,248,18
COLUMBIA,2023,247,
COLUMBIA,2023,246,
COLUMBIA,2023,245,
COLUMBIA,2023,244,18
COLUMBIA,2023,243,18
COLUMBIA,2023,242,18
COLUMBIA,2023,241,18
COLUMBIA,2023,240,18
COLUMBIA,2023,239,
COLUMBIA,2023,238,
COLUMBIA,2023,237,18
COLUMBIA,2023,236,18
COLUMBIA,2023,235,18
COLUMBIA,2023,234,18
COLUMBIA,2023,233,18
COLUMBIA,2023,232,
COLUMBIA,2023,231,
COLUMBIA,2023,230,18
COLUMBIA,2023,229,18
COLUMBIA,2023,228,18
COLUMBIA,2023,227,18
COLUMBIA,2023,226,18
COLUMBIA,2023,225,
COLUMBIA,2023,224,
COLUMBIA,2023,223,21
COLUMBIA,2023,222,21
COLUMBIA,2023,221,21
COLUMBIA,2023,220,21
COLUMBIA,2023,219,21
COLUMBIA,2023,218,
COLUMBIA,2023,217,
COLUMBIA,2023,216,21
COLUMBIA,2023,215,21
COLUMBIA,2023,214,21
COLUMBIA,2023,213,21
COLUMBIA,2023,212,21
COLUMBIA,2023,211,
COLUMBIA,2023,210,
COLUMBIA,2023,209,21
COLUMBIA,2023,208,21
COLUMBIA,2023,207,21
COLUMBIA,2023,206,21
COLUMBIA,2023,205,21
COLUMBIA,2023,204,
COLUMBIA,2023,203,
COLUMBIA,2023,202,21
COLUMBIA,2023,201,21
COLUMBIA,2023,200,21
COLUMBIA,2023,199,21
COLUMBIA,2023,198,21
COLUMBIA,2023,197,
COLUMBIA,2023,196,
COLUMBIA,2023,195,36.5
COLUMBIA,2023,194,35
COLUMBIA,2023,193,35
COLUMBIA,2023,192,35
COLUMBIA,2023,191,35
COLUMBIA,2023,190,
COLUMBIA,2023,189,
COLUMBIA,2023,188,35
COLUMBIA,2023,187,35
COLUMBIA,2023,186,35
COLUMBIA,2023,185,
COLUMBIA,2023,184,35
COLUMBIA,2023,183,
COLUMBIA,2023,182,
COLUMBIA,2023,181,35
COLUMBIA,2023,180,35
COLUMBIA,2023,179,35
COLUMBIA,2023,178,35
COLUMBIA,2023,177,34.25
COLUMBIA,2023,176,
COLUMBIA,2023,175,
COLUMBIA,2023,174,35
COLUMBIA,2023,173,29.4
COLUMBIA,2023,172,29.4
COLUMBIA,2023,171,29.4
COLUMBIA,2023,170,29.4
COLUMBIA,2023,169,
COLUMBIA,2023,168,
COLUMBIA,2023,167,29.4
COLUMBIA,2023,166,29.4
COLUMBIA,2023,165,29.4
COLUMBIA,2023,164,29.4
COLUMBIA,2023,163,29.4
COLUMBIA,2023,162,
COLUMBIA,2023,161,
COLUMBIA,2023,160,29.4
COLUMBIA,2023,159,29.4
COLUMBIA,2023,158,29.4
COLUMBIA,2023,157,23.75
COLUMBIA,2023,156,23.75
COLUMBIA,2023,155,
COLUMBIA,2023,154,
COLUMBIA,2023,153,23.75
COLUMBIA,2023,152,23.75
COLUMBIA,2023,151,23.75
COLUMBIA,2023,150,25.666666
COLUMBIA,2023,149,
COLUMBIA,2023,148,
COLUMBIA,2023,147,
COLUMBIA,2023,146,25.666666
COLUMBIA,2023,145,25.666666
COLUMBIA,2023,144,25.666666
COLUMBIA,2023,143,25.666666
COLUMBIA,2023,142,
COLUMBIA,2023,141,
COLUMBIA,2023,140,
COLUMBIA,2023,139,25.666666
COLUMBIA,2023,138,25.666666
COLUMBIA,2023,137,25.666666
COLUMBIA,2023,136,25.666666
COLUMBIA,2023,135,25.666666
COLUMBIA,2023,134,
COLUMBIA,2023,133,
COLUMBIA,2023,132,25.666666
COLUMBIA,2023,131,25.666666
COLUMBIA,2023,130,
COLUMBIA,2023,129,25.666666
COLUMBIA,2023,128,25.666666
COLUMBIA,2023,127,
COLUMBIA,2023,126,
COLUMBIA,2023,125,25.666666
COLUMBIA,2023,124,25.666666
COLUMBIA,2023,123,25.666666
COLUMBIA,2023,122,25.666666
COLUMBIA,2023,121,25.666666
COLUMBIA,2023,120,
COLUMBIA,2023,119,
COLUMBIA,2023,118,25
COLUMBIA,2023,117,25
COLUMBIA,2023,116,23.666666
COLUMBIA,2023,115,23.666666
COLUMBIA,2023,114,22
COLUMBIA,2023,113,
COLUMBIA,2023,112,
COLUMBIA,2023,111,22
COLUMBIA,2023,110,22
COLUMBIA,2023,109,22
COLUMBIA,2023,108,22
COLUMBIA,2023,107,22
COLUMBIA,2023,106,
COLUMBIA,2023,105,
COLUMBIA,2023,104,27
COLUMBIA,2023,103,27
COLUMBIA,2023,102,27
COLUMBIA,2023,101,27
COLUMBIA,2023,100,27
COLUMBIA,2023,99,
COLUMBIA,2023,98,
COLUMBIA,2023,97,30
COLUMBIA,2023,96,30
COLUMBIA,2023,95,30
COLUMBIA,2023,94,30
COLUMBIA,2023,93,30
COLUMBIA,2023,92,
COLUMBIA,2023,91,
COLUMBIA,2023,90,32
COLUMBIA,2023,89,32
COLUMBIA,2023,88,32
COLUMBIA,2023,87,32
COLUMBIA,2023,86,32
COLUMBIA,2023,85,
COLUMBIA,2023,84,
COLUMBIA,2023,83,32
COLUMBIA,2023,82,32
COLUMBIA,2023,81,32
COLUMBIA,2023,80,32
COLUMBIA,2023,79,32
COLUMBIA,2023,78,
COLUMBIA,2023,77,
COLUMBIA,2023,76,32
COLUMBIA,2023,75,32
COLUMBIA,2023,74,32
COLUMBIA,2023,73,32
COLUMBIA,2023,72,32
COLUMBIA,2023,71,
COLUMBIA,2023,70,
COLUMBIA,2023,69,32
COLUMBIA,2023,68,32
COLUMBIA,2023,67,32
COLUMBIA,2023,66,32
COLUMBIA,2023,65,32
COLUMBIA,2023,64,
COLUMBIA,2023,63,
COLUMBIA,2023,62,32
COLUMBIA,2023,61,32
COLUMBIA,2023,60,32
COLUMBIA,2023,59,32
COLUMBIA,2023,58,32
COLUMBIA,2023,57,
COLUMBIA,2023,56,
COLUMBIA,2023,55,32
COLUMBIA,2023,54,32
COLUMBIA,2023,53,32
COLUMBIA,2023,52,32
COLUMBIA,2023,51,
COLUMBIA,2023,50,
COLUMBIA,2023,49,
COLUMBIA,2023,48,32
COLUMBIA,2023,47,32
COLUMBIA,2023,46,32
COLUMBIA,2023,45,32
COLUMBIA,2023,44,32
COLUMBIA,2023,43,
COLUMBIA,2023,42,
COLUMBIA,2023,41,24
COLUMBIA,2023,40,24
COLUMBIA,2023,39,24
COLUMBIA,2023,38,24
COLUMBIA,2023,37,24
COLUMBIA,2023,36,
COLUMBIA,2023,35,
COLUMBIA,2023,34,24
COLUMBIA,2023,33,24
COLUMBIA,2023,32,24
COLUMBIA,2023,31,24
COLUMBIA,2023,30,24
COLUMBIA,2023,29,
COLUMBIA,2023,28,
COLUMBIA,2023,27,24
COLUMBIA,2023,26,24
COLUMBIA,2023,25,24
COLUMBIA,2023,24,24
COLUMBIA,2023,23,24
COLUMBIA,2023,22,
COLUMBIA,2023,21,
COLUMBIA,2023,20,22.5
COLUMBIA,2023,19,22.5
COLUMBIA,2023,18,22.5
COLUMBIA,2023,17,24
COLUMBIA,2023,16,
COLUMBIA,2023,15,
COLUMBIA,2023,14,
COLUMBIA,2023,13,22
COLUMBIA,2023,12,22
COLUMBIA,2023,11,22
COLUMBIA,2023,10,22
COLUMBIA,2023,9,22
COLUMBIA,2023,8,
COLUMBIA,2023,7,
COLUMBIA,2023,6,22
COLUMBIA,2023,5,22
COLUMBIA,2023,4,22
COLUMBIA,2023,3,22
COLUMBIA,2023,2,
MIAMI,2023,366,
MIAMI,2023,365,
MIAMI,2023,364,
MIAMI,2023,363,
MIAMI,2023,362,
MIAMI,2023,361,
MIAMI,2023,360,
MIAMI,2023,359,
MIAMI,2023,358,
MIAMI,2023,357,
MIAMI,2023,356,
MIAMI,2023,355,
MIAMI,2023,354,
MIAMI,2023,353,
MIAMI,2023,352,
MIAMI,2023,351,
MIAMI,2023,350,
MIAMI,2023,349,
MIAMI,2023,348,
MIAMI,2023,347,
MIAMI,2023,346,
MIAMI,2023,345,
MIAMI,2023,344,
MIAMI,2023,343,
MIAMI,2023,342,
MIAMI,2023,341,
MIAMI,2023,340,
MIAMI,2023,339,
MIAMI,2023,338,
MIAMI,2023,337,
MIAMI,2023,336,
MIAMI,2023,335,
MIAMI,2023,334,
MIAMI,2023,333,
MIAMI,2023,332,
MIAMI,2023,331,
MIAMI,2023,330,
MIAMI,2023,329,
MIAMI,2023,328,
MIAMI,2023,327,
MIAMI,2023,326,
MIAMI,2023,325,
MIAMI,2023,324,
MIAMI,2023,323,
MIAMI,2023,322,
MIAMI,2023,321,
MIAMI,2023,320,
MIAMI,2023,319,
MIAMI,2023,318,
MIAMI,2023,317,
MIAMI,2023,316,
MIAMI,2023,315,
MIAMI,2023,314,
MIAMI,2023,313,
MIAMI,2023,312,
MIAMI,2023,311,
MIAMI,2023,310,
MIAMI,2023,309,
MIAMI,2023,308,
MIAMI,2023,307,
MIAMI,2023,306,
MIAMI,2023,305,
MIAMI,2023,304,
MIAMI,2023,303,
MIAMI,2023,302,
MIAMI,2023,301,
MIAMI,2023,300,
MIAMI,2023,299,
MIAMI,2023,298,
MIAMI,2023,297,
MIAMI,2023,296,
MIAMI,2023,295,
MIAMI,2023,294,
MIAMI,2023,293,
MIAMI,2023,292,
MIAMI,2023,291,
MIAMI,2023,290,
MIAMI,2023,289,
MIAMI,2023,288,
MIAMI,2023,287,
MIAMI,2023,286,
MIAMI,2023,285,
MIAMI,2023,284,
MIAMI,2023,283,
MIAMI,2023,282,
MIAMI,2023,281,
MIAMI,2023,280,
MIAMI,2023,279,
MIAMI,2023,278,
MIAMI,2023,277,
MIAMI,2023,276,
MIAMI,2023,275,
MIAMI,2023,274,
MIAMI,2023,273,
MIAMI,2023,272,
MIAMI,2023,271,
MIAMI,2023,270,
MIAMI,2023,269,
MIAMI,2023,268,
MIAMI,2023,267,
MIAMI,2023,266,
MIAMI,2023,265,
MIAMI,2023,264,
MIAMI,2023,263,
MIAMI,2023,262,
MIAMI,2023,261,
MIAMI,2023,260,
MIAMI,2023,259,
MIAMI,2023,258,
MIAMI,2023,257,
MIAMI,2023,256,
MIAMI,2023,255,
MIAMI,2023,254,
MIAMI,2023,253,
MIAMI,2023,252,
MIAMI,2023,251,
MIAMI,2023,250,
MIAMI,2023,249,
MIAMI,2023,248,
MIAMI,2023,247,
MIAMI,2023,246,
MIAMI,2023,245,
MIAMI,2023,244,
MIAMI,2023,243,
MIAMI,2023,242,
MIAMI,2023,241,
MIAMI,2023,240,
MIAMI,2023,239,
MIAMI,2023,238,
MIAMI,2023,237,
MIAMI,2023,236,
MIAMI,2023,235,
MIAMI,2023,234,
MIAMI,2023,233,
MIAMI,2023,232,
MIAMI,2023,231,
MIAMI,2023,230,
MIAMI,2023,229,
MIAMI,2023,228,
MIAMI,2023,227,
MIAMI,2023,226,
MIAMI,2023,225,
MIAMI,2023,224,
MIAMI,2023,223,
MIAMI,2023,222,
MIAMI,2023,221,
MIAMI,2023,220,
MIAMI,2023,219,
MIAMI,2023,218,
MIAMI,2023,217,
MIAMI,2023,216,
MIAMI,2023,215,
MIAMI,2023,214,
MIAMI,2023,213,
MIAMI,2023,212,
MIAMI,2023,211,
MIAMI,2023,210,
MIAMI,2023,209,
MIAMI,2023,208,
MIAMI,2023,207,
MIAMI,2023,206,
MIAMI,2023,205,
MIAMI,2023,204,
MIAMI,2023,203,
MIAMI,2023,202,
MIAMI,2023,201,
MIAMI,2023,200,
MIAMI,2023,199,
MIAMI,2023,198,
MIAMI,2023,197,
MIAMI,2023,196,
MIAMI,2023,195,
MIAMI,2023,194,
MIAMI,2023,193,
MIAMI,2023,192,
MIAMI,2023,191,
MIAMI,2023,190,
MIAMI,2023,189,
MIAMI,2023,188,
MIAMI,2023,187,
MIAMI,2023,186,
MIAMI,2023,185,
MIAMI,2023,184,
MIAMI,2023,183,
MIAMI,2023,182,
MIAMI,2023,181,
MIAMI,2023,180,
MIAMI,2023,179,
MIAMI,2023,178,
MIAMI,2023,177,
MIAMI,2023,176,
MIAMI,2023,175,
MIAMI,2023,174,
MIAMI,2023,173,
MIAMI,2023,172,
MIAMI,2023,171,
MIAMI,2023,170,
MIAMI,2023,169,
MIAMI,2023,168,
MIAMI,2023,167,
MIAMI,2023,166,
MIAMI,2023,165,
MIAMI,2023,164,
MIAMI,2023,163,
MIAMI,2023,162,
MIAMI,2023,161,
MIAMI,2023,160,29
MIAMI,2023,159,29
MIAMI,2023,158,29
MIAMI,2023,157,29
MIAMI,2023,156,29
MIAMI,2023,155,
MIAMI,2023,154,
MIAMI,2023,153,29
MIAMI,2023,152,29
MIAMI,2023,151,29
MIAMI,2023,150,29
MIAMI,2023,149,
MIAMI,2023,148,
MIAMI,2023,147,
MIAMI,2023,146,29
MIAMI,2023,145,29
MIAMI,2023,144,29
MIAMI,2023,143,29
MIAMI,2023,142,29
MIAMI,2023,141,
MIAMI,2023,140,
MIAMI,2023,139,29
MIAMI,2023,138,29
MIAMI,2023,137,29
MIAMI,2023,136,29
MIAMI,2023,135,29
MIAMI,2023,134,
MIAMI,2023,133,
MIAMI,2023,132,29
MIAMI,2023,131,29
MIAMI,2023,130,29
MIAMI,2023,129,29
MIAMI,2023,128,29
MIAMI,2023,127,
MIAMI,2023,126,
MIAMI,2023,125,29
MIAMI,2023,124,29
MIAMI,2023,123,29
MIAMI,2023,122,29
MIAMI,2023,121,29
MIAMI,2023,120,
MIAMI,2023,119,
MIAMI,2023,118,29
MIAMI,2023,117,29
MIAMI,2023,116,29
MIAMI,2023,115,29
MIAMI,2023,114,29
MIAMI,2023,113,
MIAMI,2023,112,
MIAMI,2023,111,29
MIAMI,2023,110,29
MIAMI,2023,109,29
MIAMI,2023,108,29
MIAMI,2023,107,29
MIAMI,2023,106,
MIAMI,2023,105,
MIAMI,2023,104,29
MIAMI,2023,103,29
MIAMI,2023,102,29
MIAMI,2023,101,29
MIAMI,2023,100,29
MIAMI,2023,99,
MIAMI,2023,98,
MIAMI,2023,97,29
MIAMI,2023,96,29
MIAMI,2023,95,29
MIAMI,2023,94,29
MIAMI,2023,93,29
MIAMI,2023,92,
MIAMI,2023,91,
MIAMI,2023,90,29
MIAMI,2023,89,29
MIAMI,2023,88,29
MIAMI,2023,87,29
MIAMI,2023,86,29
MIAMI,2023,85,
MIAMI,2023,84,
MIAMI,2023,83,29
MIAMI,2023,82,29
MIAMI,2023,81,29
MIAMI,2023,80,29
MIAMI,2023,79,29
MIAMI,2023,78,
MIAMI,2023,77,
MIAMI,2023,76,29
MIAMI,2023,75,29
MIAMI,2023,74,29
MIAMI,2023,73,29
MIAMI,2023,72,29
MIAMI,2023,71,
MIAMI,2023,70,
MIAMI,2023,69,29
MIAMI,2023,68,29
MIAMI,2023,67,29
MIAMI,2023,66,29
MIAMI,2023,65,29
MIAMI,2023,64,
MIAMI,2023,63,
MIAMI,2023,62,29
MIAMI,2023,61,29
MIAMI,2023,60,29
MIAMI,2023,59,29
MIAMI,2023,58,29
MIAMI,2023,57,
MIAMI,2023,56,
MIAMI,2023,55,29
MIAMI,2023,54,29
MIAMI,2023,53,29
MIAMI,2023,52,29
MIAMI,2023,51,
MIAMI,2023,50,
MIAMI,2023,49,
MIAMI,2023,48,29
MIAMI,2023,47,29
MIAMI,2023,46,29
MIAMI,2023,45,29
MIAMI,2023,44,29
MIAMI,2023,43,
MIAMI,2023,42,
MIAMI,2023,41,29
MIAMI,2023,40,29
MIAMI,2023,39,29
MIAMI,2023,38,29
MIAMI,2023,37,29
MIAMI,2023,36,
MIAMI,2023,35,
MIAMI,2023,34,29
MIAMI,2023,33,29
MIAMI,2023,32,29
MIAMI,2023,31,29
MIAMI,2023,30,29
MIAMI,2023,29,
MIAMI,2023,28,
MIAMI,2023,27,29
MIAMI,2023,26,29
MIAMI,2023,25,29
MIAMI,2023,24,29
MIAMI,2023,23,29
MIAMI,2023,22,
MIAMI,2023,21,
MIAMI,2023,20,29
MIAMI,2023,19,29
MIAMI,2023,18,29
MIAMI,2023,17,29
MIAMI,2023,16,
MIAMI,2023,15,
MIAMI,2023,14,
MIAMI,2023,13,
MIAMI,2023,12,
MIAMI,2023,11,
MIAMI,2023,10,
MIAMI,2023,9,
MIAMI,2023,8,
MIAMI,2023,7,
MIAMI,2023,6,
MIAMI,2023,5,
MIAMI,2023,4,
MIAMI,2023,3,
MIAMI,2023,2,
NEW YORK,2023,366,
NEW YORK,2023,365,
NEW YORK,2023,364,
NEW YORK,2023,363,
NEW YORK,2023,362,
NEW YORK,2023,361,
NEW YORK,2023,360,
NEW YORK,2023,359,
NEW YORK,2023,358,
NEW YORK,2023,357,
NEW YORK,2023,356,
NEW YORK,2023,355,
NEW YORK,2023,354,
NEW YORK,2023,353,
NEW YORK,2023,352,
NEW YORK,2023,351,
NEW YORK,2023,350,
NEW YORK,2023,349,
NEW YORK,2023,348,
NEW YORK,2023,347,
NEW YORK,2023,346,
NEW YORK,2023,345,
NEW YORK,2023,344,
NEW YORK,2023,343,
NEW YORK,2023,342,
NEW YORK,2023,341,
NEW YORK,2023,340,
NEW YORK,2023,339,
NEW YORK,2023,338,
NEW YORK,2023,337,
NEW YORK,2023,336,
NEW YORK,2023,335,
NEW YORK,2023,334,
NEW YORK,2023,333,
NEW YORK,2023,332,
NEW YORK,2023,331,
NEW YORK,2023,330,
NEW YORK,2023,329,
NEW YORK,2023,328,
NEW YORK,2023,327,
NEW YORK,2023,326,
NEW YORK,2023,325,
NEW YORK,2023,324,
NEW YORK,2023,323,
NEW YORK,2023,322,
NEW YORK,2023,321,
NEW YORK,2023,320,
NEW YORK,2023,319,
NEW YORK,2023,318,
NEW YORK,2023,317,
NEW YORK,2023,316,
NEW YORK,2023,315,
NEW YORK,2023,314,
NEW YORK,2023,313,
NEW YORK,2023,312,
NEW YORK,2023,311,
NEW YORK,2023,310,
NEW YORK,2023,309,
NEW YORK,2023,308,
NEW YORK,2023,307,
NEW YORK,2023,306,
NEW YORK,2023,305,
NEW YORK,2023,304,
NEW YORK,2023,303,
NEW YORK,2023,302,
NEW YORK,2023,301,
NEW YORK,2023,300,
NEW YORK,2023,299,
NEW YORK,2023,298,
NEW YORK,2023,297,
NEW YORK,2023,296,
NEW YORK,2023,295,
NEW YORK,2023,294,
NEW YORK,2023,293,
NEW YORK,2023,292,
NEW YORK,2023,291,
NEW YORK,2023,290,
NEW YORK,2023,289,
NEW YORK,2023,288,
NEW YORK,2023,287,
NEW YORK,2023,286,
NEW YORK,2023,285,
NEW YORK,2023,284,
NEW YORK,2023,283,
NEW YORK,2023,282,
NEW YORK,2023,281,
NEW YORK,2023,280,
NEW YORK,2023,279,
NEW YORK,2023,278,
NEW YORK,2023,277,
NEW YORK,2023,276,
NEW YORK,2023,275,
NEW YORK,2023,274,
NEW YORK,2023,273,
NEW YORK,2023,272,
NEW YORK,2023,271,
NEW YORK,2023,270,
NEW YORK,2023,269,
NEW YORK,2023,268,
NEW YORK,2023,267,
NEW YORK,2023,266,
NEW YORK,2023,265,
NEW YORK,2023,264,
NEW YORK,2023,263,
NEW YORK,2023,262,
NEW YORK,2023,261,
NEW YORK,2023,260,
NEW YORK,2023,259,
NEW YORK,2023,258,
NEW YORK,2023,257,
NEW YORK,2023,256,
NEW YORK,2023,255,
NEW YORK,2023,254,
NEW YORK,2023,253,
NEW YORK,2023,252,
NEW YORK,2023,251,
NEW YORK,2023,250,
NEW YORK,2023,249,
NEW YORK,2023,248,
NEW YORK,2023,247,
NEW YORK,2023,246,
NEW YORK,2023,245,
NEW YORK,2023,244,18
NEW YORK,2023,243,
NEW YORK,2023,242,
NEW YORK,2023,241,
NEW YORK,2023,240,
NEW YORK,2023,239,
NEW YORK,2023,238,
NEW YORK,2023,237,
NEW YORK,2023,236,
NEW YORK,2023,235,
NEW YORK,2023,234,
NEW YORK,2023,233,
NEW YORK,2023,232,
NEW YORK,2023,231,
NEW YORK,2023,230,
NEW YORK,2023,229,
NEW YORK,2023,228,
NEW YORK,2023,227,
NEW YORK,2023,226,
NEW YORK,2023,225,
NEW YORK,2023,224,
NEW YORK,2023,223,
NEW YORK,2023,222,
NEW YORK,2023,221,
NEW YORK,2023,220,
NEW YORK,2023,219,
NEW YORK,2023,218,
NEW YORK,2023,217,
NEW YORK,2023,216,
NEW YORK,2023,215,
NEW YORK,2023,214,
NEW YORK,2023,213,
NEW YORK,2023,212,
NEW YORK,2023,211,
NEW YORK,2023,210,
NEW YORK,2023,209,
NEW YORK,2023,208,
NEW YORK,2023,207,
NEW YORK,2023,206,
NEW YORK,2023,205,
NEW YORK,2023,204,
NEW YORK,2023,203,
NEW YORK,2023,202,
NEW YORK,2023,201,
NEW YORK,2023,200,
NEW YORK,2023,199,
NEW YORK,2023,198,
NEW YORK,2023,197,
NEW YORK,2023,196,
NEW YORK,2023,195,
NEW YORK,2023,194,
NEW YORK,2023,193,
NEW YORK,2023,192,
NEW YORK,2023,191,
NEW YORK,2023,190,
NEW YORK,2023,189,
NEW YORK,2023,188,
NEW YORK,2023,187,
NEW YORK,2023,186,
NEW YORK,2023,185,
NEW YORK,2023,184,
NEW YORK,2023,183,
NEW YORK,2023,182,
NEW YORK,2023,181,
NEW YORK,2023,180,
NEW YORK,2023,179,
NEW YORK,2023,178,
NEW YORK,2023,177,
NEW YORK,2023,176,
NEW YORK,2023,175,
NEW YORK,2023,174,
NEW YORK,2023,173,
NEW YORK,2023,172,
NEW YORK,2023,171,
NEW YORK,2023,170,
NEW YORK,2023,169,
NEW YORK,2023,168,
NEW YORK,2023,167,
NEW YORK,2023,166,
NEW YORK,2023,165,
NEW YORK,2023,164,
NEW YORK,2023,163,
NEW YORK,2023,162,
NEW YORK,2023,161,
NEW YORK,2023,160,
NEW YORK,2023,159,
NEW YORK,2023,158,
NEW YORK,2023,157,
NEW YORK,2023,156,
NEW YORK,2023,155,
NEW YORK,2023,154,
NEW YORK,2023,153,32
NEW YORK,2023,152,32
NEW YORK,2023,151,32
NEW YORK,2023,150,32
NEW YORK,2023,149,
NEW YORK,2023,148,
NEW YORK,2023,147,
NEW YORK,2023,146,
NEW YORK,2023,145,
NEW YORK,2023,144,
NEW YORK,2023,143,
NEW YORK,2023,142,
NEW YORK,2023,141,
NEW YORK,2023,140,
NEW YORK,2023,139,
NEW YORK,2023,138,
NEW YORK,2023,137,
NEW YORK,2023,136,
NEW YORK,2023,135,
NEW YORK,2023,134,
NEW YORK,2023,133,
NEW YORK,2023,132,
NEW YORK,2023,131,
NEW YORK,2023,130,
NEW YORK,2023,129,
NEW YORK,2023,128,
NEW YORK,2023,127,
NEW YORK,2023,126,
NEW YORK,2023,125,
NEW YORK,2023,124,
NEW YORK,2023,123,
NEW YORK,2023,122,
NEW YORK,2023,121,
NEW YORK,2023,120,
NEW YORK,2023,119,
NEW YORK,2023,118,
NEW YORK,2023,117,
NEW YORK,2023,116,
NEW YORK,2023,115,
NEW YORK,2023,114,
NEW YORK,2023,113,
NEW YORK,2023,112,
NEW YORK,2023,111,
NEW YORK,2023,110,
NEW YORK,2023,109,
NEW YORK,2023,108,
NEW YORK,2023,107,
NEW YORK,2023,106,
NEW YORK,2023,105,
NEW YORK,2023,104,
NEW YORK,2023,103,
NEW YORK,2023,102,
NEW YORK,2023,101,
NEW YORK,2023,100,
NEW YORK,2023,99,
NEW YORK,2023,98,
NEW YORK,2023,97,
NEW YORK,2023,96,
NEW YORK,2023,95,
NEW YORK,2023,94,
NEW YORK,2023,93,
NEW YORK,2023,92,
NEW YORK,2023,91,
NEW YORK,2023,90,24
NEW YORK,2023,89,24
NEW YORK,2023,88,
NEW YORK,2023,87,24
NEW YORK,2023,86,24
NEW YORK,2023,85,
NEW YORK,2023,84,
NEW YORK,2023,83,
NEW YORK,2023,82,
NEW YORK,2023,81,
NEW YORK,2023,80,
NEW YORK,2023,79,
NEW YORK,2023,78,
NEW YORK,2023,77,
NEW YORK,2023,76,
NEW YORK,2023,75,
NEW YORK,2023,74,
NEW YORK,2023,73,
NEW YORK,2023,72,
NEW YORK,2023,71,
NEW YORK,2023,70,
NEW YORK,2023,69,
NEW YORK,2023,68,
NEW YORK,2023,67,
NEW YORK,2023,66,
NEW YORK,2023,65,
NEW YORK,2023,64,
NEW YORK,2023,63,
NEW YORK,2023,62,
NEW YORK,2023,61,
NEW YORK,2023,60,
NEW YORK,2023,59,
NEW YORK,2023,58,
NEW YORK,2023,57,
NEW YORK,2023,56,
NEW YORK,2023,55,
NEW YORK,2023,54,
NEW YORK,2023,53,
NEW YORK,2023,52,
NEW YORK,2023,51,
NEW YORK,2023,50,
NEW YORK,2023,49,
NEW YORK,2023,48,
NEW YORK,2023,47,
NEW YORK,2023,46,
NEW YORK,2023,45,
NEW YORK,2023,44,
NEW YORK,2023,43,
NEW YORK,2023,42,
NEW YORK,2023,41,
NEW YORK,2023,40,
NEW YORK,2023,39,
NEW YORK,2023,38,
NEW YORK,2023,37,
NEW YORK,2023,36,
NEW YORK,2023,35,
NEW YORK,2023,34,
NEW YORK,2023,33,
NEW YORK,2023,32,
NEW YORK,2023,31,
NEW YORK,2023,30,
NEW YORK,2023,29,
NEW YORK,2023,28,
NEW YORK,2023,27,
NEW YORK,2023,26,
NEW YORK,2023,25,
NEW YORK,2023,24,
NEW YORK,2023,23,
NEW YORK,2023,22,
NEW YORK,2023,21,
NEW YORK,2023,20,
NEW YORK,2023,19,
NEW YORK,2023,18,
NEW YORK,2023,17,
NEW YORK,2023,16,
NEW YORK,2023,15,
NEW YORK,2023,14,
NEW YORK,2023,13,
NEW YORK,2023,12,
NEW YORK,2023,11,
NEW YORK,2023,10,
NEW YORK,2023,9,
NEW YORK,2023,8,
NEW YORK,2023,7,
NEW YORK,2023,6,
NEW YORK,2023,5,
NEW YORK,2023,4,
NEW YORK,2023,3,
NEW YORK,2023,2,
PHILADELPHIA,2023,366,
PHILADELPHIA,2023,365,
PHILADELPHIA,2023,364,
PHILADELPHIA,2023,363,15
PHILADELPHIA,2023,362,15
PHILADELPHIA,2023,361,15
PHILADELPHIA,2023,360,15
PHILADELPHIA,2023,359,
PHILADELPHIA,2023,358,
PHILADELPHIA,2023,357,
PHILADELPHIA,2023,356,18
PHILADELPHIA,2023,355,18
PHILADELPHIA,2023,354,18
PHILADELPHIA,2023,353,18
PHILADELPHIA,2023,352,18
PHILADELPHIA,2023,351,
PHILADELPHIA,2023,350,
PHILADELPHIA,2023,349,
PHILADELPHIA,2023,348,
PHILADELPHIA,2023,347,
PHILADELPHIA,2023,346,
PHILADELPHIA,2023,345,
PHILADELPHIA,2023,344,
PHILADELPHIA,2023,343,
PHILADELPHIA,2023,342,
PHILADELPHIA,2023,341,
PHILADELPHIA,2023,340,
PHILADELPHIA,2023,339,
PHILADELPHIA,2023,338,
PHILADELPHIA,2023,337,
PHILADELPHIA,2023,336,
PHILADELPHIA,2023,335,
PHILADELPHIA,2023,334,
PHILADELPHIA,2023,333,
PHILADELPHIA,2023,332,
PHILADELPHIA,2023,331,
PHILADELPHIA,2023,330,
PHILADELPHIA,2023,329,
PHILADELPHIA,2023,328,
PHILADELPHIA,2023,327,
PHILADELPHIA,2023,326,
PHILADELPHIA,2023,325,
PHILADELPHIA,2023,324,
PHILADELPHIA,2023,323,
PHILADELPHIA,2023,322,
PHILADELPHIA,2023,321,
PHILADELPHIA,2023,320,
PHILADELPHIA,2023,319,
PHILADELPHIA,2023,318,
PHILADELPHIA,2023,317,
PHILADELPHIA,2023,316,
PHILADELPHIA,2023,315,
PHILADELPHIA,2023,314,
PHILADELPHIA,2023,313,
PHILADELPHIA,2023,312,
PHILADELPHIA,2023,311,
PHILADELPHIA,2023,310,
PHILADELPHIA,2023,309,
PHILADELPHIA,2023,308,
PHILADELPHIA,2023,307,
PHILADELPHIA,2023,306,
PHILADELPHIA,2023,305,
PHILADELPHIA,2023,304,
PHILADELPHIA,2023,303,
PHILADELPHIA,2023,302,
PHILADELPHIA,2023,301,
PHILADELPHIA,2023,300,
PHILADELPHIA,2023,299,
PHILADELPHIA,2023,298,
PHILADELPHIA,2023,297,
PHILADELPHIA,2023,296,
PHILADELPHIA,2023,295,
PHILADELPHIA,2023,294,
PHILADELPHIA,2023,293,
PHILADELPHIA,2023,292,
PHILADELPHIA,2023,291,
PHILADELPHIA,2023,290,
PHILADELPHIA,2023,289,
PHILADELPHIA,2023,288,
PHILADELPHIA,2023,287,
PHILADELPHIA,2023,286,
PHILADELPHIA,2023,285,
PHILADELPHIA,2023,284,
PHILADELPHIA,2023,283,
PHILADELPHIA,2023,282,
PHILADELPHIA,2023,281,
PHILADELPHIA,2023,280,
PHILADELPHIA,2023,279,
PHILADELPHIA,2023,278,
PHILADELPHIA,2023,277,
PHILADELPHIA,2023,276,
PHILADELPHIA,2023,275,
PHILADELPHIA,2023,274,
PHILADELPHIA,2023,273,
PHILADELPHIA,2023,272,14
PHILADELPHIA,2023,271,14
PHILADELPHIA,2023,270,14
PHILADELPHIA,2023,269,14
PHILADELPHIA,2023,268,
PHILADELPHIA,2023,267,
PHILADELPHIA,2023,266,
PHILADELPHIA,2023,265,
PHILADELPHIA,2023,264,
PHILADELPHIA,2023,263,
PHILADELPHIA,2023,262,
PHILADELPHIA,2023,261,
PHILADELPHIA,2023,260,
PHILADELPHIA,2023,259,
PHILADELPHIA,2023,258,
PHILADELPHIA,2023,257,
PHILADELPHIA,2023,256,
PHILADELPHIA,2023,255,
PHILADELPHIA,2023,254,
PHILADELPHIA,2023,253,
PHILADELPHIA,2023,252,
PHILADELPHIA,2023,251,10
PHILADELPHIA,2023,250,10
PHILADELPHIA,2023,249,10
PHILADELPHIA,2023,248,10
PHILADELPHIA,2023,247,
PHILADELPHIA,2023,246,
PHILADELPHIA,2023,245,
PHILADELPHIA,2023,244,
PHILADELPHIA,2023,243,
PHILADELPHIA,2023,242,
PHILADELPHIA,2023,241,
PHILADELPHIA,2023,240,
PHILADELPHIA,2023,239,
PHILADELPHIA,2023,238,
PHILADELPHIA,2023,237,
PHILADELPHIA,2023,236,
PHILADELPHIA,2023,235,
PHILADELPHIA,2023,234,
PHILADELPHIA,2023,233,
PHILADELPHIA,2023,232,
PHILADELPHIA,2023,231,
PHILADELPHIA,2023,230,
PHILADELPHIA,2023,229,
PHILADELPHIA,2023,228,
PHILADELPHIA,2023,227,
PHILADELPHIA,2023,226,
PHILADELPHIA,2023,225,
PHILADELPHIA,2023,224,
PHILADELPHIA,2023,223,
PHILADELPHIA,2023,222,
PHILADELPHIA,2023,221,
PHILADELPHIA,2023,220,
PHILADELPHIA,2023,219,
PHILADELPHIA,2023,218,
PHILADELPHIA,2023,217,
PHILADELPHIA,2023,216,
PHILADELPHIA,2023,215,
PHILADELPHIA,2023,214,
PHILADELPHIA,2023,213,
PHILADELPHIA,2023,212,
PHILADELPHIA,2023,211,
PHILADELPHIA,2023,210,
PHILADELPHIA,2023,209,
PHILADELPHIA,2023,208,
PHILADELPHIA,2023,207,
PHILADELPHIA,2023,206,
PHILADELPHIA,2023,205,
PHILADELPHIA,2023,204,
PHILADELPHIA,2023,203,
PHILADELPHIA,2023,202,
PHILADELPHIA,2023,201,
PHILADELPHIA,2023,200,
PHILADELPHIA,2023,199,
PHILADELPHIA,2023,198,
PHILADELPHIA,2023,197,
PHILADELPHIA,2023,196,
PHILADELPHIA,2023,195,
PHILADELPHIA,2023,194,
PHILADELPHIA,2023,193,
PHILADELPHIA,2023,192,
PHILADELPHIA,2023,191,
PHILADELPHIA,2023,190,
PHILADELPHIA,2023,189,
PHILADELPHIA,2023,188,
PHILADELPHIA,2023,187,
PHILADELPHIA,2023,186,
PHILADELPHIA,2023,185,
PHILADELPHIA,2023,184,
PHILADELPHIA,2023,183,
PHILADELPHIA,2023,182,
PHILADELPHIA,2023,181,
PHILADELPHIA,2023,180,
PHILADELPHIA,2023,179,
PHILADELPHIA,2023,178,
PHILADELPHIA,2023,177,
PHILADELPHIA,2023,176,
PHILADELPHIA,2023,175,
PHILADELPHIA,2023,174,
PHILADELPHIA,2023,173,
PHILADELPHIA,2023,172,
PHILADELPHIA,2023,171,
PHILADELPHIA,2023,170,
PHILADELPHIA,2023,169,
PHILADELPHIA,2023,168,
PHILADELPHIA,2023,167,
PHILADELPHIA,2023,166,
PHILADELPHIA,2023,165,
PHILADELPHIA,2023,164,
PHILADELPHIA,2023,163,
PHILADELPHIA,2023,162,
PHILADELPHIA,2023,161,
PHILADELPHIA,2023,160,
PHILADELPHIA,2023,159,
PHILADELPHIA,2023,158,
PHILADELPHIA,2023,157,
PHILADELPHIA,2023,156,
PHILADELPHIA,2023,155,
PHILADELPHIA,2023,154,
PHILADELPHIA,2023,153,
PHILADELPHIA,2023,152,
PHILADELPHIA,2023,151,
PHILADELPHIA,2023,150,
PHILADELPHIA,2023,149,
PHILADELPHIA,2023,148,
PHILADELPHIA,2023,147,
PHILADELPHIA,2023,146,25
PHILADELPHIA,2023,145,25
PHILADELPHIA,2023,144,25
PHILADELPHIA,2023,143,
PHILADELPHIA,2023,142,
PHILADELPHIA,2023,141,
PHILADELPHIA,2023,140,
PHILADELPHIA,2023,139,
PHILADELPHIA,2023,138,
PHILADELPHIA,2023,137,
PHILADELPHIA,2023,136,
PHILADELPHIA,2023,135,
PHILADELPHIA,2023,134,
PHILADELPHIA,2023,133,
PHILADELPHIA,2023,132,
PHILADELPHIA,2023,131,
PHILADELPHIA,2023,130,
PHILADELPHIA,2023,129,
PHILADELPHIA,2023,128,
PHILADELPHIA,2023,127,
PHILADELPHIA,2023,126,
PHILADELPHIA,2023,125,
PHILADELPHIA,2023,124,
PHILADELPHIA,2023,123,
PHILADELPHIA,2023,122,
PHILADELPHIA,2023,121,
PHILADELPHIA,2023,120,
PHILADELPHIA,2023,119,
PHILADELPHIA,2023,118,
PHILADELPHIA,2023,117,
PHILADELPHIA,2023,116,
PHILADELPHIA,2023,115,
PHILADELPHIA,2023,114,
PHILADELPHIA,2023,113,
PHILADELPHIA,2023,112,
PHILADELPHIA,2023,111,
PHILADELPHIA,2023,110,
PHILADELPHIA,2023,109,
PHILADELPHIA,2023,108,
PHILADELPHIA,2023,107,
PHILADELPHIA,2023,106,
PHILADELPHIA,2023,105,
PHILADELPHIA,2023,104,
PHILADELPHIA,2023,103,
PHILADELPHIA,2023,102,
PHILADELPHIA,2023,101,
PHILADELPHIA,2023,100,
PHILADELPHIA,2023,99,
PHILADELPHIA,2023,98,
PHILADELPHIA,2023,97,14
PHILADELPHIA,2023,96,14
PHILADELPHIA,2023,95,14
PHILADELPHIA,2023,94,14
PHILADELPHIA,2023,93,
PHILADELPHIA,2023,92,
PHILADELPHIA,2023,91,
PHILADELPHIA,2023,90,
PHILADELPHIA,2023,89,
PHILADELPHIA,2023,88,
PHILADELPHIA,2023,87,
PHILADELPHIA,2023,86,15
PHILADELPHIA,2023,85,
PHILADELPHIA,2023,84,
PHILADELPHIA,2023,83,15
PHILADELPHIA,2023,82,15
PHILADELPHIA,2023,81,15
PHILADELPHIA,2023,80,15
PHILADELPHIA,2023,79,17
PHILADELPHIA,2023,78,
PHILADELPHIA,2023,77,
PHILADELPHIA,2023,76,17
PHILADELPHIA,2023,75,17
PHILADELPHIA,2023,74,17
PHILADELPHIA,2023,73,17
PHILADELPHIA,2023,72,17
PHILADELPHIA,2023,71,
PHILADELPHIA,2023,70,
PHILADELPHIA,2023,69,17
PHILADELPHIA,2023,68,17
PHILADELPHIA,2023,67,17
PHILADELPHIA,2023,66,17
PHILADELPHIA,2023,65,17
PHILADELPHIA,2023,64,
PHILADELPHIA,2023,63,
PHILADELPHIA,2023,62,17
PHILADELPHIA,2023,61,17
PHILADELPHIA,2023,60,17
PHILADELPHIA,2023,59,17
PHILADELPHIA,2023,58,17
PHILADELPHIA,2023,57,
PHILADELPHIA,2023,56,
PHILADELPHIA,2023,55,17
PHILADELPHIA,2023,54,17
PHILADELPHIA,2023,53,17
PHILADELPHIA,2023,52,17
PHILADELPHIA,2023,51,
PHILADELPHIA,2023,50,
PHILADELPHIA,2023,49,
PHILADELPHIA,2023,48,18
PHILADELPHIA,2023,47,18
PHILADELPHIA,2023,46,18
PHILADELPHIA,2023,45,18
PHILADELPHIA,2023,44,
PHILADELPHIA,2023,43,
PHILADELPHIA,2023,42,
PHILADELPHIA,2023,41,18
PHILADELPHIA,2023,40,18
PHILADELPHIA,2023,39,18
PHILADELPHIA,2023,38,18
PHILADELPHIA,2023,37,18
PHILADELPHIA,2023,36,
PHILADELPHIA,2023,35,
PHILADELPHIA,2023,34,18
PHILADELPHIA,2023,33,18
PHILADELPHIA,2023,32,
PHILADELPHIA,2023,31,
PHILADELPHIA,2023,30,
PHILADELPHIA,2023,29,
PHILADELPHIA,2023,28,
PHILADELPHIA,2023,27,
PHILADELPHIA,2023,26,
PHILADELPHIA,2023,25,
PHILADELPHIA,2023,24,
PHILADELPHIA,2023,23,
PHILADELPHIA,2023,22,
PHILADELPHIA,2023,21,
PHILADELPHIA,2023,20,
PHILADELPHIA,2023,19,
PHILADELPHIA,2023,18,
PHILADELPHIA,2023,17,
PHILADELPHIA,2023,16,
PHILADELPHIA,2023,15,
PHILADELPHIA,2023,14,
PHILADELPHIA,2023,13,16
PHILADELPHIA,2023,12,16
PHILADELPHIA,2023,11,16
PHILADELPHIA,2023,10,16
PHILADELPHIA,2023,9,16
PHILADELPHIA,2023,8,
PHILADELPHIA,2023,7,
PHILADELPHIA,2023,6,16
PHILADELPHIA,2023,5,16
PHILADELPHIA,2023,4,16
PHILADELPHIA,2023,3,16
PHILADELPHIA,2023,2,
BALTIMORE,2022,366,
BALTIMORE,2022,365,
BALTIMORE,2022,364,18
BALTIMORE,2022,363,18
BALTIMORE,2022,362,18
BALTIMORE,2022,361,18
BALTIMORE,2022,360,
BALTIMORE,2022,359,
BALTIMORE,2022,358,
BALTIMORE,2022,357,18
BALTIMORE,2022,356,18
BALTIMORE,2022,355,18
BALTIMORE,2022,354,18
BALTIMORE,2022,353,18
BALTIMORE,2022,352,
BALTIMORE,2022,351,
BALTIMORE,2022,350,18
BALTIMORE,2022,349,18
BALTIMORE,2022,348,18
BALTIMORE,2022,347,18
BALTIMORE,2022,346,18
BALTIMORE,2022,345,
BALTIMORE,2022,344,
BALTIMORE,2022,343,18
BALTIMORE,2022,342,18
BALTIMORE,2022,341,18
BALTIMORE,2022,340,18
BALTIMORE,2022,339,18
BALTIMORE,2022,338,
BALTIMORE,2022,337,
BALTIMORE,2022,336,18
BALTIMORE,2022,335,18
BALTIMORE,2022,334,18
BALTIMORE,2022,333,18
BALTIMORE,2022,332,18
BALTIMORE,2022,331,
BALTIMORE,2022,330,
BALTIMORE,2022,329,27.333333
BALTIMORE,2022,328,
BALTIMORE,2022,327,22
BALTIMORE,2022,326,22
BALTIMORE,2022,325,22
BALTIMORE,2022,324,
BALTIMORE,2022,323,
BALTIMORE,2022,322,22
BALTIMORE,2022,321,22
BALTIMORE,2022,320,22
BALTIMORE,2022,319,22
BALTIMORE,2022,318,22
BALTIMORE,2022,317,
BALTIMORE,2022,316,
BALTIMORE,2022,315,
BALTIMORE,2022,314,22
BALTIMORE,2022,313,22
BALTIMORE,2022,312,22
BALTIMORE,2022,311,22
BALTIMORE,2022,310,
BALTIMORE,2022,309,
BALTIMORE,2022,308,22
BALTIMORE,2022,307,22
BALTIMORE,2022,306,22
BALTIMORE,2022,305,22
BALTIMORE,2022,304,24.5
BALTIMORE,2022,303,
BALTIMORE,2022,302,
BALTIMORE,2022,301,24.5
BALTIMORE,2022,300,24.5
BALTIMORE,2022,299,24.5
BALTIMORE,2022,298,30.5
BALTIMORE,2022,297,30.5
BALTIMORE,2022,296,
BALTIMORE,2022,295,
BALTIMORE,2022,294,30.5
BALTIMORE,2022,293,30.5
BALTIMORE,2022,292,30.5
BALTIMORE,2022,291,30.5
BALTIMORE,2022,290,30.5
BALTIMORE,2022,289,
BALTIMORE,2022,288,
BALTIMORE,2022,287,20.5
BALTIMORE,2022,286,20.5
BALTIMORE,2022,285,20.5
BALTIMORE,2022,284,20.5
BALTIMORE,2022,283,
BALTIMORE,2022,282,
BALTIMORE,2022,281,
BALTIMORE,2022,280,20.5
BALTIMORE,2022,279,20.5
BALTIMORE,2022,278,20.5
BALTIMORE,2022,277,20.5
BALTIMORE,2022,276,20.5
BALTIMORE,2022,275,
BALTIMORE,2022,274,
BALTIMORE,2022,273,22.5
BALTIMORE,2022,272,21.5
BALTIMORE,2022,271,21.5
BALTIMORE,2022,270,21.5
BALTIMORE,2022,269,21.5
BALTIMORE,2022,268,
BALTIMORE,2022,267,
BALTIMORE,2022,266,21.5
BALTIMORE,2022,265,21.5
BALTIMORE,2022,264,19.75
BALTIMORE,2022,263,19.75
BALTIMORE,2022,262,19.75
BALTIMORE,2022,261,
BALTIMORE,2022,260,
BALTIMORE,2022,259,19.75
BALTIMORE,2022,258,19.75
BALTIMORE,2022,257,19.75
BALTIMORE,2022,256,19.75
BALTIMORE,2022,255,19.75
BALTIMORE,2022,254,
BALTIMORE,2022,253,
BALTIMORE,2022,252,19.75
BALTIMORE,2022,251,19.75
BALTIMORE,2022,250,19.75
BALTIMORE,2022,249,19.75
BALTIMORE,2022,248,
BALTIMORE,2022,247,
BALTIMORE,2022,246,
BALTIMORE,2022,245,19.75
BALTIMORE,2022,244,19.75
BALTIMORE,2022,243,19.75
BALTIMORE,2022,242,19.75
BALTIMORE,2022,241,19.75
BALTIMORE,2022,240,
BALTIMORE,2022,239,
BALTIMORE,2022,238,19.5
BALTIMORE,2022,237,19.5
BALTIMORE,2022,236,19.5
BALTIMORE,2022,235,19.5
BALTIMORE,2022,234,19.5
BALTIMORE,2022,233,
BALTIMORE,2022,232,
BALTIMORE,2022,231,26.833333
BALTIMORE,2022,230,29.5
BALTIMORE,2022,229,29
BALTIMORE,2022,228,29
BALTIMORE,2022,227,29
BALTIMORE,2022,226,
BALTIMORE,2022,225,
BALTIMORE,2022,224,23.5
BALTIMORE,2022,223,23.5
BALTIMORE,2022,222,28
BALTIMORE,2022,221,28
BALTIMORE,2022,220,28
BALTIMORE,2022,219,
BALTIMORE,2022,218,
BALTIMORE,2022,217,
BALTIMORE,2022,216,
BALTIMORE,2022,215,16
BALTIMORE,2022,214,27
BALTIMORE,2022,213,27
BALTIMORE,2022,212,
BALTIMORE,2022,211,
BALTIMORE,2022,210,27
BALTIMORE,2022,209,27
BALTIMORE,2022,208,27
BALTIMORE,2022,207,27
BALTIMORE,2022,206,27
BALTIMORE,2022,205,
BALTIMORE,2022,204,
BALTIMORE,2022,203,31
BALTIMORE,2022,202,31
BALTIMORE,2022,201,34
BALTIMORE,2022,200,34
BALTIMORE,2022,199,34
BALTIMORE,2022,198,
BALTIMORE,2022,197,
BALTIMORE,2022,196,34
BALTIMORE,2022,195,34
BALTIMORE,2022,194,34
BALTIMORE,2022,193,34
BALTIMORE,2022,192,
BALTIMORE,2022,191,
BALTIMORE,2022,190,
BALTIMORE,2022,189,31
BALTIMORE,2022,188,32.5
BALTIMORE,2022,187,32.5
BALTIMORE,2022,186,31.5
BALTIMORE,2022,185,
BALTIMORE,2022,184,
BALTIMORE,2022,183,
BALTIMORE,2022,182,31.5
BALTIMORE,2022,181,31.5
BALTIMORE,2022,180,27
BALTIMORE,2022,179,27
BALTIMORE,2022,178,27
BALTIMORE,2022,177,
BALTIMORE,2022,176,
BALTIMORE,2022,175,27
BALTIMORE,2022,174,27
BALTIMORE,2022,173,27
BALTIMORE,2022,172,27
BALTIMORE,2022,171,
BALTIMORE,2022,170,
BALTIMORE,2022,169,
BALTIMORE,2022,168,46.5
BALTIMORE,2022,167,46.5
BALTIMORE,2022,166,46.5
BALTIMORE,2022,165,46.5
BALTIMORE,2022,164,46.5
BALTIMORE,2022,163,
BALTIMORE,2022,162,
BALTIMORE,2022,161,46.5
BALTIMORE,2022,160,46.5
BALTIMORE,2022,159,48
BALTIMORE,2022,158,48
BALTIMORE,2022,157,43
BALTIMORE,2022,156,
BALTIMORE,2022,155,
BALTIMORE,2022,154,52
BALTIMORE,2022,153,52
BALTIMORE,2022,152,52
BALTIMORE,2022,151,52
BALTIMORE,2022,150,
BALTIMORE,2022,149,
BALTIMORE,2022,148,
BALTIMORE,2022,147,
BALTIMORE,2022,146,25
BALTIMORE,2022,145,34
BALTIMORE,2022,144,34
BALTIMORE,2022,143,34
BALTIMORE,2022,142,
BALTIMORE,2022,141,
BALTIMORE,2022,140,33
BALTIMORE,2022,139,33
BALTIMORE,2022,138,33
BALTIMORE,2022,137,33
BALTIMORE,2022,136,33
BALTIMORE,2022,135,
BALTIMORE,2022,134,
BALTIMORE,2022,133,38.5
BALTIMORE,2022,132,38.5
BALTIMORE,2022,131,38.5
BALTIMORE,2022,130,38.5
BALTIMORE,2022,129,34
BALTIMORE,2022,128,
BALTIMORE,2022,127,
BALTIMORE,2022,126,34
BALTIMORE,2022,125,34
BALTIMORE,2022,124,29
BALTIMORE,2022,123,29
BALTIMORE,2022,122,29
BALTIMORE,2022,121,
BALTIMORE,2022,120,
BALTIMORE,2022,119,33.75
BALTIMORE,2022,118,33.75
BALTIMORE,2022,117,33.75
BALTIMORE,2022,116,34
BALTIMORE,2022,115,34
BALTIMORE,2022,114,
BALTIMORE,2022,113,
BALTIMORE,2022,112,37
BALTIMORE,2022,111,37
BALTIMORE,2022,110,29
BALTIMORE,2022,109,28.5
BALTIMORE,2022,108,28.5
BALTIMORE,2022,107,
BALTIMORE,2022,106,
BALTIMORE,2022,105,28.5
BALTIMORE,2022,104,28.5
BALTIMORE,2022,103,28.5
BALTIMORE,2022,102,28.5
BALTIMORE,2022,101,28.5
BALTIMORE,2022,100,
BALTIMORE,2022,99,
BALTIMORE,2022,98,29.5
BALTIMORE,2022,97,29.5
BALTIMORE,2022,96,29.5
BALTIMORE,2022,95,29.5
BALTIMORE,2022,94,29.5
BALTIMORE,2022,93,
BALTIMORE,2022,92,
BALTIMORE,2022,91,34
BALTIMORE,2022,90,34
BALTIMORE,2022,89,34
BALTIMORE,2022,88,34
BALTIMORE,2022,87,34
BALTIMORE,2022,86,
BALTIMORE,2022,85,
BALTIMORE,2022,84,37.5
BALTIMORE,2022,83,37.5
BALTIMORE,2022,82,38
BALTIMORE,2022,81,38
BALTIMORE,2022,80,38
BALTIMORE,2022,79,
BALTIMORE,2022,78,
BALTIMORE,2022,77,37
BALTIMORE,2022,76,37
BALTIMORE,2022,75,37
BALTIMORE,2022,74,37
BALTIMORE,2022,73,37
BALTIMORE,2022,72,
BALTIMORE,2022,71,
BALTIMORE,2022,70,48
BALTIMORE,2022,69,48
BALTIMORE,2022,68,48
BALTIMORE,2022,67,48
BALTIMORE,2022,66,
BALTIMORE,2022,65,
BALTIMORE,2022,64,
BALTIMORE,2022,63,44
BALTIMORE,2022,62,44
BALTIMORE,2022,61,36
BALTIMORE,2022,60,36
BALTIMORE,2022,59,36
BALTIMORE,2022,58,
BALTIMORE,2022,57,
BALTIMORE,2022,56,35
BALTIMORE,2022,55,35
BALTIMORE,2022,54,35
BALTIMORE,2022,53,35
BALTIMORE,2022,52,
BALTIMORE,2022,51,
BALTIMORE,2022,50,
BALTIMORE,2022,49,32
BALTIMORE,2022,48,32
BALTIMORE,2022,47,32
BALTIMORE,2022,46,32
BALTIMORE,2022,45,32
BALTIMORE,2022,44,
BALTIMORE,2022,43,
BALTIMORE,2022,42,32
BALTIMORE,2022,41,32
BALTIMORE,2022,40,32
BALTIMORE,2022,39,25
BALTIMORE,2022,38,25
BALTIMORE,2022,37,
BALTIMORE,2022,36,
BALTIMORE,2022,35,25
BALTIMORE,2022,34,25
BALTIMORE,2022,33,25
BALTIMORE,2022,32,25
BALTIMORE,2022,31,25
BALTIMORE,2022,30,
BALTIMORE,2022,29,
BALTIMORE,2022,28,
BALTIMORE,2022,27,
BALTIMORE,2022,26,
BALTIMORE,2022,25,
BALTIMORE,2022,24,
BALTIMORE,2022,23,
BALTIMORE,2022,22,
BALTIMORE,2022,21,
BALTIMORE,2022,20,
BALTIMORE,2022,19,
BALTIMORE,2022,18,
BALTIMORE,2022,17,
BALTIMORE,2022,16,
BALTIMORE,2022,15,
BALTIMORE,2022,14,
BALTIMORE,2022,13,
BALTIMORE,2022,12,
BALTIMORE,2022,11,
BALTIMORE,2022,10,
BALTIMORE,2022,9,
BALTIMORE,2022,8,
BALTIMORE,2022,7,32
BALTIMORE,2022,6,32
BALTIMORE,2022,5,32
BALTIMORE,2022,4,32
BALTIMORE,2022,3,32
BALTIMORE,2022,2,
BOSTON,2022,366,
BOSTON,2022,365,
BOSTON,2022,364,
BOSTON,2022,363,
BOSTON,2022,362,
BOSTON,2022,361,
BOSTON,2022,360,
BOSTON,2022,359,
BOSTON,2022,358,
BOSTON,2022,357,
BOSTON,2022,356,
BOSTON,2022,355,
BOSTON,2022,354,
BOSTON,2022,353,
BOSTON,2022,352,
BOSTON,2022,351,
BOSTON,2022,350,
BOSTON,2022,349,
BOSTON,2022,348,
BOSTON,2022,347,
BOSTON,2022,346,
BOSTON,2022,345,
BOSTON,2022,344,
BOSTON,2022,343,
BOSTON,2022,342,
BOSTON,2022,341,
BOSTON,2022,340,
BOSTON,2022,339,
BOSTON,2022,338,
BOSTON,2022,337,
BOSTON,2022,336,
BOSTON,2022,335,
BOSTON,2022,334,
BOSTON,2022,333,
BOSTON,2022,332,
BOSTON,2022,331,
BOSTON,2022,330,
BOSTON,2022,329,
BOSTON,2022,328,
BOSTON,2022,327,
BOSTON,2022,326,
BOSTON,2022,325,
BOSTON,2022,324,
BOSTON,2022,323,
BOSTON,2022,322,
BOSTON,2022,321,
BOSTON,2022,320,
BOSTON,2022,319,
BOSTON,2022,318,
BOSTON,2022,317,
BOSTON,2022,316,
BOSTON,2022,315,
BOSTON,2022,314,
BOSTON,2022,313,
BOSTON,2022,312,
BOSTON,2022,311,
BOSTON,2022,310,
BOSTON,2022,309,
BOSTON,2022,308,
BOSTON,2022,307,
BOSTON,2022,306,
BOSTON,2022,305,
BOSTON,2022,304,
BOSTON,2022,303,
BOSTON,2022,302,
BOSTON,2022,301,
BOSTON,2022,300,
BOSTON,2022,299,
BOSTON,2022,298,
BOSTON,2022,297,
BOSTON,2022,296,
BOSTON,2022,295,
BOSTON,2022,294,
BOSTON,2022,293,
BOSTON,2022,292,
BOSTON,2022,291,
BOSTON,2022,290,
BOSTON,2022,289,
BOSTON,2022,288,
BOSTON,2022,287,
BOSTON,2022,286,
BOSTON,2022,285,
BOSTON,2022,284,
BOSTON,2022,283,
BOSTON,2022,282,
BOSTON,2022,281,
BOSTON,2022,280,
BOSTON,2022,279,
BOSTON,2022,278,
BOSTON,2022,277,
BOSTON,2022,276,
BOSTON,2022,275,
BOSTON,2022,274,
BOSTON,2022,273,
BOSTON,2022,272,
BOSTON,2022,271,
BOSTON,2022,270,
BOSTON,2022,269,
BOSTON,2022,268,
BOSTON,2022,267,
BOSTON,2022,266,
BOSTON,2022,265,
BOSTON,2022,264,
BOSTON,2022,263,
BOSTON,2022,262,
BOSTON,2022,261,
BOSTON,2022,260,
BOSTON,2022,259,
BOSTON,2022,258,
BOSTON,2022,257,
BOSTON,2022,256,
BOSTON,2022,255,
BOSTON,2022,254,
BOSTON,2022,253,
BOSTON,2022,252,
BOSTON,2022,251,
BOSTON,2022,250,
BOSTON,2022,249,
BOSTON,2022,248,
BOSTON,2022,247,
BOSTON,2022,246,
BOSTON,2022,245,
BOSTON,2022,244,
BOSTON,2022,243,
BOSTON,2022,242,
BOSTON,2022,241,
BOSTON,2022,240,
BOSTON,2022,239,
BOSTON,2022,238,
BOSTON,2022,237,
BOSTON,2022,236,
BOSTON,2022,235,
BOSTON,2022,234,
BOSTON,2022,233,
BOSTON,2022,232,
BOSTON,2022,231,
BOSTON,2022,230,
BOSTON,2022,229,
BOSTON,2022,228,
BOSTON,2022,227,
BOSTON,2022,226,
BOSTON,2022,225,
BOSTON,2022,224,
BOSTON,2022,223,
BOSTON,2022,222,
BOSTON,2022,221,
BOSTON,2022,220,
BOSTON,2022,219,
BOSTON,2022,218,
BOSTON,2022,217,
BOSTON,2022,216,
BOSTON,2022,215,
BOSTON,2022,214,
BOSTON,2022,213,
BOSTON,2022,212,
BOSTON,2022,211,
BOSTON,2022,210,
BOSTON,2022,209,
BOSTON,2022,208,
BOSTON,2022,207,
BOSTON,2022,206,
BOSTON,2022,205,
BOSTON,2022,204,
BOSTON,2022,203,
BOSTON,2022,202,
BOSTON,2022,201,
BOSTON,2022,200,
BOSTON,2022,199,
BOSTON,2022,198,
BOSTON,2022,197,
BOSTON,2022,196,24
BOSTON,2022,195,24
BOSTON,2022,194,24
BOSTON,2022,193,24
BOSTON,2022,192,
BOSTON,2022,191,
BOSTON,2022,190,
BOSTON,2022,189,
BOSTON,2022,188,
BOSTON,2022,187,
BOSTON,2022,186,
BOSTON,2022,185,
BOSTON,2022,184,
BOSTON,2022,183,
BOSTON,2022,182,
BOSTON,2022,181,
BOSTON,2022,180,
BOSTON,2022,179,
BOSTON,2022,178,
BOSTON,2022,177,
BOSTON,2022,176,
BOSTON,2022,175,
BOSTON,2022,174,
BOSTON,2022,173,
BOSTON,2022,172,
BOSTON,2022,171,
BOSTON,2022,170,
BOSTON,2022,169,
BOSTON,2022,168,
BOSTON,2022,167,
BOSTON,2022,166,
BOSTON,2022,165,
BOSTON,2022,164,
BOSTON,2022,163,
BOSTON,2022,162,
BOSTON,2022,161,
BOSTON,2022,160,
BOSTON,2022,159,
BOSTON,2022,158,
BOSTON,2022,157,
BOSTON,2022,156,
BOSTON,2022,155,
BOSTON,2022,154,
BOSTON,2022,153,
BOSTON,2022,152,
BOSTON,2022,151,
BOSTON,2022,150,
BOSTON,2022,149,
BOSTON,2022,148,
BOSTON,2022,147,
BOSTON,2022,146,
BOSTON,2022,145,
BOSTON,2022,144,
BOSTON,2022,143,
BOSTON,2022,142,
BOSTON,2022,141,
BOSTON,2022,140,
BOSTON,2022,139,
BOSTON,2022,138,
BOSTON,2022,137,
BOSTON,2022,136,
BOSTON,2022,135,
BOSTON,2022,134,
BOSTON,2022,133,
BOSTON,2022,132,
BOSTON,2022,131,
BOSTON,2022,130,
BOSTON,2022,129,
BOSTON,2022,128,
BOSTON,2022,127,
BOSTON,2022,126,
BOSTON,2022,125,
BOSTON,2022,124,
BOSTON,2022,123,
BOSTON,2022,122,
BOSTON,2022,121,
BOSTON,2022,120,
BOSTON,2022,119,
BOSTON,2022,118,
BOSTON,2022,117,
BOSTON,2022,116,
BOSTON,2022,115,
BOSTON,2022,114,
BOSTON,2022,113,
BOSTON,2022,112,
BOSTON,2022,111,
BOSTON,2022,110,
BOSTON,2022,109,
BOSTON,2022,108,
BOSTON,2022,107,
BOSTON,2022,106,
BOSTON,2022,105,
BOSTON,2022,104,
BOSTON,2022,103,
BOSTON,2022,102,
BOSTON,2022,101,
BOSTON,2022,100,
BOSTON,2022,99,
BOSTON,2022,98,
BOSTON,2022,97,
BOSTON,2022,96,
BOSTON,2022,95,
BOSTON,2022,94,
BOSTON,2022,93,
BOSTON,2022,92,
BOSTON,2022,91,
BOSTON,2022,90,
BOSTON,2022,89,
BOSTON,2022,88,
BOSTON,2022,87,
BOSTON,2022,86,
BOSTON,2022,85,
BOSTON,2022,84,
BOSTON,2022,83,
BOSTON,2022,82,
BOSTON,2022,81,
BOSTON,2022,80,
BOSTON,2022,79,
BOSTON,2022,78,
BOSTON,2022,77,
BOSTON,2022,76,
BOSTON,2022,75,
BOSTON,2022,74,
BOSTON,2022,73,
BOSTON,2022,72,
BOSTON,2022,71,
BOSTON,2022,70,
BOSTON,2022,69,
BOSTON,2022,68,
BOSTON,2022,67,
BOSTON,2022,66,
BOSTON,2022,65,
BOSTON,2022,64,
BOSTON,2022,63,
BOSTON,2022,62,
BOSTON,2022,61,
BOSTON,2022,60,
BOSTON,2022,59,
BOSTON,2022,58,
BOSTON,2022,57,
BOSTON,2022,56,
BOSTON,2022,55,
BOSTON,2022,54,
BOSTON,2022,53,
BOSTON,2022,52,
BOSTON,2022,51,
BOSTON,2022,50,
BOSTON,2022,49,
BOSTON,2022,48,
BOSTON,2022,47,
BOSTON,2022,46,
BOSTON,2022,45,
BOSTON,2022,44,
BOSTON,2022,43,
BOSTON,2022,42,
BOSTON,2022,41,
BOSTON,2022,40,
BOSTON,2022,39,
BOSTON,2022,38,
BOSTON,2022,37,
BOSTON,2022,36,
BOSTON,2022,35,
BOSTON,2022,34,
BOSTON,2022,33,
BOSTON,2022,32,
BOSTON,2022,31,
BOSTON,2022,30,
BOSTON,2022,29,
BOSTON,2022,28,
BOSTON,2022,27,
BOSTON,2022,26,
BOSTON,2022,25,14
BOSTON,2022,24,14
BOSTON,2022,23,
BOSTON,2022,22,
BOSTON,2022,21,14
BOSTON,2022,20,14
BOSTON,2022,19,14
BOSTON,2022,18,14
BOSTON,2022,17,
BOSTON,2022,16,
BOSTON,2022,15,
BOSTON,2022,14,14
BOSTON,2022,13,14
BOSTON,2022,12,14
BOSTON,2022,11,14
BOSTON,2022,10,14
BOSTON,2022,9,
BOSTON,2022,8,
BOSTON,2022,7,14
BOSTON,2022,6,14
BOSTON,2022,5,14
BOSTON,2022,4,14
BOSTON,2022,3,14
BOSTON,2022,2,
CHICAGO,2022,366,
CHICAGO,2022,365,
CHICAGO,2022,364,30.3
CHICAGO,2022,363,32.9
CHICAGO,2022,362,32.9
CHICAGO,2022,361,32.9
CHICAGO,2022,360,
CHICAGO,2022,359,
CHICAGO,2022,358,
CHICAGO,2022,357,32.9
CHICAGO,2022,356,32.9
CHICAGO,2022,355,32.9
CHICAGO,2022,354,32.9
CHICAGO,2022,353,32.9
CHICAGO,2022,352,
CHICAGO,2022,351,
CHICAGO,2022,350,32.9
CHICAGO,2022,349,31.7
CHICAGO,2022,348,31.7
CHICAGO,2022,347,29.1875
CHICAGO,2022,346,29.1875
CHICAGO,2022,345,
CHICAGO,2022,344,
CHICAGO,2022,343,29.1875
CHICAGO,2022,342,29.1875
CHICAGO,2022,341,29.1875
CHICAGO,2022,340,29.1875
CHICAGO,2022,339,29.1875
CHICAGO,2022,338,
CHICAGO,2022,337,
CHICAGO,2022,336,29.1875
CHICAGO,2022,335,29.1875
CHICAGO,2022,334,29.1875
CHICAGO,2022,333,29.1875
CHICAGO,2022,332,29.1875
CHICAGO,2022,331,
CHICAGO,2022,330,
CHICAGO,2022,329,
CHICAGO,2022,328,
CHICAGO,2022,327,29.1875
CHICAGO,2022,326,29.1875
CHICAGO,2022,325,29.1875
CHICAGO,2022,324,
CHICAGO,2022,323,
CHICAGO,2022,322,29.1875
CHICAGO,2022,321,29.1875
CHICAGO,2022,320,29.1875
CHICAGO,2022,319,29.1875
CHICAGO,2022,318,29.1875
CHICAGO,2022,317,
CHICAGO,2022,316,
CHICAGO,2022,315,
CHICAGO,2022,314,29.1875
CHICAGO,2022,313,29.1875
CHICAGO,2022,312,29.1875
CHICAGO,2022,311,29.1875
CHICAGO,2022,310,
CHICAGO,2022,309,
CHICAGO,2022,308,29.1875
CHICAGO,2022,307,29.1875
CHICAGO,2022,306,29.1875
CHICAGO,2022,305,29.333333
CHICAGO,2022,304,29.333333
CHICAGO,2022,303,
CHICAGO,2022,302,
CHICAGO,2022,301,29.333333
CHICAGO,2022,300,29.333333
CHICAGO,2022,299,23.875
CHICAGO,2022,298,23.875
CHICAGO,2022,297,22.125
CHICAGO,2022,296,
CHICAGO,2022,295,
CHICAGO,2022,294,22.125
CHICAGO,2022,293,22.125
CHICAGO,2022,292,22.125
CHICAGO,2022,291,22.125
CHICAGO,2022,290,22.125
CHICAGO,2022,289,
CHICAGO,2022,288,
CHICAGO,2022,287,22.125
CHICAGO,2022,286,22.125
CHICAGO,2022,285,22.125
CHICAGO,2022,284,22.125
CHICAGO,2022,283,
CHICAGO,2022,282,
CHICAGO,2022,281,
CHICAGO,2022,280,22.125
CHICAGO,2022,279,22.125
CHICAGO,2022,278,22.125
CHICAGO,2022,277,22.125
CHICAGO,2022,276,22.125
CHICAGO,2022,275,
CHICAGO,2022,274,
CHICAGO,2022,273,22.125
CHICAGO,2022,272,22.125
CHICAGO,2022,271,22.125
CHICAGO,2022,270,22.125
CHICAGO,2022,269,22.125
CHICAGO,2022,268,
CHICAGO,2022,267,
CHICAGO,2022,266,22.125
CHICAGO,2022,265,22.125
CHICAGO,2022,264,22.125
CHICAGO,2022,263,22.125
CHICAGO,2022,262,22.125
CHICAGO,2022,261,
CHICAGO,2022,260,
CHICAGO,2022,259,22.125
CHICAGO,2022,258,22.125
CHICAGO,2022,257,22.125
CHICAGO,2022,256,22.125
CHICAGO,2022,255,22.125
CHICAGO,2022,254,
CHICAGO,2022,253,
CHICAGO,2022,252,22.125
CHICAGO,2022,251,23
CHICAGO,2022,250,23
CHICAGO,2022,249,23
CHICAGO,2022,248,
CHICAGO,2022,247,
CHICAGO,2022,246,
CHICAGO,2022,245,23
CHICAGO,2022,244,23
CHICAGO,2022,243,23
CHICAGO,2022,242,23
CHICAGO,2022,241,23
CHICAGO,2022,240,
CHICAGO,2022,239,
CHICAGO,2022,238,23
CHICAGO,2022,237,26.75
CHICAGO,2022,236,26.75
CHICAGO,2022,235,26.75
CHICAGO,2022,234,26.75
CHICAGO,2022,233,
CHICAGO,2022,232,
CHICAGO,2022,231,26.75
CHICAGO,2022,230,26.75
CHICAGO,2022,229,26.75
CHICAGO,2022,228,26.75
CHICAGO,2022,227,26.75
CHICAGO,2022,226,
CHICAGO,2022,225,
CHICAGO,2022,224,26.75
CHICAGO,2022,223,26.75
CHICAGO,2022,222,26.75
CHICAGO,2022,221,26.75
CHICAGO,2022,220,26.75
CHICAGO,2022,219,
CHICAGO,2022,218,
CHICAGO,2022,217,28.666666
CHICAGO,2022,216,28.666666
CHICAGO,2022,215,28.666666
CHICAGO,2022,214,28.666666
CHICAGO,2022,213,28.9375
CHICAGO,2022,212,
CHICAGO,2022,211,
CHICAGO,2022,210,28.9375
CHICAGO,2022,209,28.9375
CHICAGO,2022,208,28.9375
CHICAGO,2022,207,28.9375
CHICAGO,2022,206,25.4
CHICAGO,2022,205,
CHICAGO,2022,204,
CHICAGO,2022,203,25.4
CHICAGO,2022,202,25.4
CHICAGO,2022,201,25.4
CHICAGO,2022,200,25.4
CHICAGO,2022,199,25.4
CHICAGO,2022,198,
CHICAGO,2022,197,
CHICAGO,2022,196,25.4
CHICAGO,2022,195,25.4
CHICAGO,2022,194,25.4
CHICAGO,2022,193,25.4
CHICAGO,2022,192,25.4
CHICAGO,2022,191,
CHICAGO,2022,190,
CHICAGO,2022,189,25.4
CHICAGO,2022,188,25.4
CHICAGO,2022,187,25.4
CHICAGO,2022,186,25.4
CHICAGO,2022,185,
CHICAGO,2022,184,
CHICAGO,2022,183,
CHICAGO,2022,182,25.4
CHICAGO,2022,181,30
CHICAGO,2022,180,25.4
CHICAGO,2022,179,25.4
CHICAGO,2022,178,33
CHICAGO,2022,177,
CHICAGO,2022,176,
CHICAGO,2022,175,33
CHICAGO,2022,174,33
CHICAGO,2022,173,35.5
CHICAGO,2022,172,35.5
CHICAGO,2022,171,
CHICAGO,2022,170,
CHICAGO,2022,169,
CHICAGO,2022,168,35.5
CHICAGO,2022,167,35.5
CHICAGO,2022,166,35.5
CHICAGO,2022,165,35.5
CHICAGO,2022,164,35.5
CHICAGO,2022,163,
CHICAGO,2022,162,
CHICAGO,2022,161,35.5
CHICAGO,2022,160,35.5
CHICAGO,2022,159,35.5
CHICAGO,2022,158,35.5
CHICAGO,2022,157,35.5
CHICAGO,2022,156,
CHICAGO,2022,155,
CHICAGO,2022,154,35.5
CHICAGO,2022,153,35.5
CHICAGO,2022,152,35.5
CHICAGO,2022,151,35.5
CHICAGO,2022,150,
CHICAGO,2022,149,
CHICAGO,2022,148,
CHICAGO,2022,147,35.5
CHICAGO,2022,146,35.5
CHICAGO,2022,145,35.5
CHICAGO,2022,144,35.5
CHICAGO,2022,143,35.5
CHICAGO,2022,142,
CHICAGO,2022,141,
CHICAGO,2022,140,35.5
CHICAGO,2022,139,35.5
CHICAGO,2022,138,35.5
CHICAGO,2022,137,35.5
CHICAGO,2022,136,35.5
CHICAGO,2022,135,
CHICAGO,2022,134,
CHICAGO,2022,133,35.5
CHICAGO,2022,132,35.5
CHICAGO,2022,131,35.5
CHICAGO,2022,130,35.5
CHICAGO,2022,129,35.5
CHICAGO,2022,128,
CHICAGO,2022,127,
CHICAGO,2022,126,35.5
CHICAGO,2022,125,35.5
CHICAGO,2022,124,35.5
CHICAGO,2022,123,35.5
CHICAGO,2022,122,35.5
CHICAGO,2022,121,
CHICAGO,2022,120,
CHICAGO,2022,119,35.5
CHICAGO,2022,118,35.5
CHICAGO,2022,117,35.5
CHICAGO,2022,116,35.5
CHICAGO,2022,115,35.5
CHICAGO,2022,114,
CHICAGO,2022,113,
CHICAGO,2022,112,35.5
CHICAGO,2022,111,35.5
CHICAGO,2022,110,35.5
CHICAGO,2022,109,35.5
CHICAGO,2022,108,35.5
CHICAGO,2022,107,
CHICAGO,2022,106,
CHICAGO,2022,105,35.5
CHICAGO,2022,104,33
CHICAGO,2022,103,33
CHICAGO,2022,102,33
CHICAGO,2022,101,33
CHICAGO,2022,100,
CHICAGO,2022,99,
CHICAGO,2022,98,33
CHICAGO,2022,97,33
CHICAGO,2022,96,33
CHICAGO,2022,95,33
CHICAGO,2022,94,33
CHICAGO,2022,93,
CHICAGO,2022,92,
CHICAGO,2022,91,33
CHICAGO,2022,90,33
CHICAGO,2022,89,33
CHICAGO,2022,88,33
CHICAGO,2022,87,33
CHICAGO,2022,86,
CHICAGO,2022,85,
CHICAGO,2022,84,33
CHICAGO,2022,83,33
CHICAGO,2022,82,33
CHICAGO,2022,81,33
CHICAGO,2022,80,33
CHICAGO,2022,79,
CHICAGO,2022,78,
CHICAGO,2022,77,33
CHICAGO,2022,76,31
CHICAGO,2022,75,31
CHICAGO,2022,74,31
CHICAGO,2022,73,31
CHICAGO,2022,72,
CHICAGO,2022,71,
CHICAGO,2022,70,31
CHICAGO,2022,69,31
CHICAGO,2022,68,31
CHICAGO,2022,67,31
CHICAGO,2022,66,31
CHICAGO,2022,65,
CHICAGO,2022,64,
CHICAGO,2022,63,31
CHICAGO,2022,62,31
CHICAGO,2022,61,31
CHICAGO,2022,60,31
CHICAGO,2022,59,31
CHICAGO,2022,58,
CHICAGO,2022,57,
CHICAGO,2022,56,31
CHICAGO,2022,55,31
CHICAGO,2022,54,31
CHICAGO,2022,53,31
CHICAGO,2022,52,
CHICAGO,2022,51,
CHICAGO,2022,50,
CHICAGO,2022,49,31
CHICAGO,2022,48,25.5
CHICAGO,2022,47,25.5
CHICAGO,2022,46,25.5
CHICAGO,2022,45,25.5
CHICAGO,2022,44,
CHICAGO,2022,43,
CHICAGO,2022,42,25.5
CHICAGO,2022,41,25.5
CHICAGO,2022,40,25.5
CHICAGO,2022,39,25.5
CHICAGO,2022,38,25.5
CHICAGO,2022,37,
CHICAGO,2022,36,
CHICAGO,2022,35,25.5
CHICAGO,2022,34,25.5
CHICAGO,2022,33,25.5
CHICAGO,2022,32,25.5
CHICAGO,2022,31,25.5
CHICAGO,2022,30,
CHICAGO,2022,29,
CHICAGO,2022,28,25.5
CHICAGO,2022,27,27
CHICAGO,2022,26,27
CHICAGO,2022,25,27
CHICAGO,2022,24,27
CHICAGO,2022,23,
CHICAGO,2022,22,
CHICAGO,2022,21,27
CHICAGO,2022,20,27
CHICAGO,2022,19,27
CHICAGO,2022,18,27
CHICAGO,2022,17,
CHICAGO,2022,16,
CHICAGO,2022,15,
CHICAGO,2022,14,27
CHICAGO,2022,13,27
CHICAGO,2022,12,27
CHICAGO,2022,11,27
CHICAGO,2022,10,27
CHICAGO,2022,9,
CHICAGO,2022,8,
CHICAGO,2022,7,27
CHICAGO,2022,6,27
CHICAGO,2022,5,27
CHICAGO,2022,4,27
CHICAGO,2022,3,27
CHICAGO,2022,2,
COLUMBIA,2022,366,
COLUMBIA,2022,365,
COLUMBIA,2022,364,22
COLUMBIA,2022,363,22
COLUMBIA,2022,362,22
COLUMBIA,2022,361,
COLUMBIA,2022,360,
COLUMBIA,2022,359,
COLUMBIA,2022,358,
COLUMBIA,2022,357,
COLUMBIA,2022,356,
COLUMBIA,2022,355,
COLUMBIA,2022,354,
COLUMBIA,2022,353,22
COLUMBIA,2022,352,
COLUMBIA,2022,351,
COLUMBIA,2022,350,22
COLUMBIA,2022,349,22
COLUMBIA,2022,348,22
COLUMBIA,2022,347,22
COLUMBIA,2022,346,22
COLUMBIA,2022,345,
COLUMBIA,2022,344,
COLUMBIA,2022,343,
COLUMBIA,2022,342,
COLUMBIA,2022,341,
COLUMBIA,2022,340,
COLUMBIA,2022,339,
COLUMBIA,2022,338,
COLUMBIA,2022,337,
COLUMBIA,2022,336,
COLUMBIA,2022,335,
COLUMBIA,2022,334,
COLUMBIA,2022,333,
COLUMBIA,2022,332,
COLUMBIA,2022,331,
COLUMBIA,2022,330,
COLUMBIA,2022,329,
COLUMBIA,2022,328,
COLUMBIA,2022,327,
COLUMBIA,2022,326,
COLUMBIA,2022,325,
COLUMBIA,2022,324,
COLUMBIA,2022,323,
COLUMBIA,2022,322,
COLUMBIA,2022,321,
COLUMBIA,2022,320,
COLUMBIA,2022,319,
COLUMBIA,2022,318,
COLUMBIA,2022,317,
COLUMBIA,2022,316,
COLUMBIA,2022,315,
COLUMBIA,2022,314,
COLUMBIA,2022,313,
COLUMBIA,2022,312,
COLUMBIA,2022,311,
COLUMBIA,2022,310,
COLUMBIA,2022,309,
COLUMBIA,2022,308,
COLUMBIA,2022,307,
COLUMBIA,2022,306,
COLUMBIA,2022,305,
COLUMBIA,2022,304,
COLUMBIA,2022,303,
COLUMBIA,2022,302,
COLUMBIA,2022,301,27
COLUMBIA,2022,300,27
COLUMBIA,2022,299,27
COLUMBIA,2022,298,27
COLUMBIA,2022,297,27
COLUMBIA,2022,296,
COLUMBIA,2022,295,
COLUMBIA,2022,294,27
COLUMBIA,2022,293,27
COLUMBIA,2022,292,27
COLUMBIA,2022,291,27
COLUMBIA,2022,290,27
COLUMBIA,2022,289,
COLUMBIA,2022,288,
COLUMBIA,2022,287,27
COLUMBIA,2022,286,22.5
COLUMBIA,2022,285,22.5
COLUMBIA,2022,284,22.5
COLUMBIA,2022,283,
COLUMBIA,2022,282,
COLUMBIA,2022,281,
COLUMBIA,2022,280,22.5
COLUMBIA,2022,279,22.5
COLUMBIA,2022,278,22.5
COLUMBIA,2022,277,22.5
COLUMBIA,2022,276,22.5
COLUMBIA,2022,275,
COLUMBIA,2022,274,
COLUMBIA,2022,273,
COLUMBIA,2022,272,22
COLUMBIA,2022,271,22
COLUMBIA,2022,270,18
COLUMBIA,2022,269,18
COLUMBIA,2022,268,
COLUMBIA,2022,267,
COLUMBIA,2022,266,18
COLUMBIA,2022,265,18
COLUMBIA,2022,264,18
COLUMBIA,2022,263,18
COLUMBIA,2022,262,18
COLUMBIA,2022,261,
COLUMBIA,2022,260,
COLUMBIA,2022,259,18
COLUMBIA,2022,258,18
COLUMBIA,2022,257,18
COLUMBIA,2022,256,18
COLUMBIA,2022,255,18
COLUMBIA,2022,254,
COLUMBIA,2022,253,
COLUMBIA,2022,252,18
COLUMBIA,2022,251,18
COLUMBIA,2022,250,18
COLUMBIA,2022,249,18
COLUMBIA,2022,248,
COLUMBIA,2022,247,
COLUMBIA,2022,246,
COLUMBIA,2022,245,19
COLUMBIA,2022,244,19
COLUMBIA,2022,243,19
COLUMBIA,2022,242,19
COLUMBIA,2022,241,19
COLUMBIA,2022,240,
COLUMBIA,2022,239,
COLUMBIA,2022,238,19.5
COLUMBIA,2022,237,19.5
COLUMBIA,2022,236,19.5
COLUMBIA,2022,235,19.5
COLUMBIA,2022,234,19.5
COLUMBIA,2022,233,
COLUMBIA,2022,232,
COLUMBIA,2022,231,19.5
COLUMBIA,2022,230,19.5
COLUMBIA,2022,229,19.5
COLUMBIA,2022,228,19.5
COLUMBIA,2022,227,19.5
COLUMBIA,2022,226,
COLUMBIA,2022,225,
COLUMBIA,2022,224,19.5
COLUMBIA,2022,223,19.5
COLUMBIA,2022,222,19.5
COLUMBIA,2022,221,19.5
COLUMBIA,2022,220,19.5
COLUMBIA,2022,219,
COLUMBIA,2022,218,
COLUMBIA,2022,217,19.5
COLUMBIA,2022,216,19.5
COLUMBIA,2022,215,19.5
COLUMBIA,2022,214,19.5
COLUMBIA,2022,213,19.5
COLUMBIA,2022,212,
COLUMBIA,2022,211,
COLUMBIA,2022,210,19.5
COLUMBIA,2022,209,19.5
COLUMBIA,2022,208,19.5
COLUMBIA,2022,207,19.5
COLUMBIA,2022,206,19.5
COLUMBIA,2022,205,
COLUMBIA,2022,204,
COLUMBIA,2022,203,19.5
COLUMBIA,2022,202,19.5
COLUMBIA,2022,201,19.5
COLUMBIA,2022,200,19.5
COLUMBIA,2022,199,19.5
COLUMBIA,2022,198,
COLUMBIA,2022,197,
COLUMBIA,2022,196,19.5
COLUMBIA,2022,195,19.5
COLUMBIA,2022,194,19.5
COLUMBIA,2022,193,19.5
COLUMBIA,2022,192,19.5
COLUMBIA,2022,191,
COLUMBIA,2022,190,
COLUMBIA,2022,189,19.5
COLUMBIA,2022,188,19.5
COLUMBIA,2022,187,19.5
COLUMBIA,2022,186,19.5
COLUMBIA,2022,185,
COLUMBIA,2022,184,
COLUMBIA,2022,183,
COLUMBIA,2022,182,19.5
COLUMBIA,2022,181,19.5
COLUMBIA,2022,180,19.5
COLUMBIA,2022,179,19.5
COLUMBIA,2022,178,19.5
COLUMBIA,2022,177,
COLUMBIA,2022,176,
COLUMBIA,2022,175,19.5
COLUMBIA,2022,174,19.5
COLUMBIA,2022,173,19.5
COLUMBIA,2022,172,19.5
COLUMBIA,2022,171,19.5
COLUMBIA,2022,170,
COLUMBIA,2022,169,
COLUMBIA,2022,168,19.5
COLUMBIA,2022,167,19.5
COLUMBIA,2022,166,19.5
COLUMBIA,2022,165,19.5
COLUMBIA,2022,164,19.5
COLUMBIA,2022,163,
COLUMBIA,2022,162,
COLUMBIA,2022,161,20
COLUMBIA,2022,160,20
COLUMBIA,2022,159,20
COLUMBIA,2022,158,20
COLUMBIA,2022,157,20
COLUMBIA,2022,156,
COLUMBIA,2022,155,
COLUMBIA,2022,154,20
COLUMBIA,2022,153,20
COLUMBIA,2022,152,20
COLUMBIA,2022,151,20
COLUMBIA,2022,150,
COLUMBIA,2022,149,
COLUMBIA,2022,148,
COLUMBIA,2022,147,20
COLUMBIA,2022,146,20
COLUMBIA,2022,145,20
COLUMBIA,2022,144,20
COLUMBIA,2022,143,20
COLUMBIA,2022,142,
COLUMBIA,2022,141,
COLUMBIA,2022,140,20
COLUMBIA,2022,139,20
COLUMBIA,2022,138,20
COLUMBIA,2022,137,20
COLUMBIA,2022,136,20
COLUMBIA,2022,135,
COLUMBIA,2022,134,
COLUMBIA,2022,133,20
COLUMBIA,2022,132,20
COLUMBIA,2022,131,20
COLUMBIA,2022,130,
COLUMBIA,2022,129,20
COLUMBIA,2022,128,
COLUMBIA,2022,127,
COLUMBIA,2022,126,19
COLUMBIA,2022,125,19
COLUMBIA,2022,124,19
COLUMBIA,2022,123,19
COLUMBIA,2022,122,19
COLUMBIA,2022,121,
COLUMBIA,2022,120,
COLUMBIA,2022,119,17
COLUMBIA,2022,118,17
COLUMBIA,2022,117,17
COLUMBIA,2022,116,17
COLUMBIA,2022,115,17
COLUMBIA,2022,114,
COLUMBIA,2022,113,
COLUMBIA,2022,112,15.5
COLUMBIA,2022,111,15.5
COLUMBIA,2022,110,15.5
COLUMBIA,2022,109,15.5
COLUMBIA,2022,108,15.5
COLUMBIA,2022,107,
COLUMBIA,2022,106,
COLUMBIA,2022,105,15.5
COLUMBIA,2022,104,15.5
COLUMBIA,2022,103,15.5
COLUMBIA,2022,102,15.5
COLUMBIA,2022,101,15.5
COLUMBIA,2022,100,
COLUMBIA,2022,99,
COLUMBIA,2022,98,15.5
COLUMBIA,2022,97,15.5
COLUMBIA,2022,96,15.5
COLUMBIA,2022,95,15.5
COLUMBIA,2022,94,15.5
COLUMBIA,2022,93,
COLUMBIA,2022,92,
COLUMBIA,2022,91,15.5
COLUMBIA,2022,90,15.5
COLUMBIA,2022,89,15.5
COLUMBIA,2022,88,15.5
COLUMBIA,2022,87,15.5
COLUMBIA,2022,86,
COLUMBIA,2022,85,
COLUMBIA,2022,84,15.5
COLUMBIA,2022,83,15.5
COLUMBIA,2022,82,15.5
COLUMBIA,2022,81,15.5
COLUMBIA,2022,80,
COLUMBIA,2022,79,
COLUMBIA,2022,78,
COLUMBIA,2022,77,17.5
COLUMBIA,2022,76,17.5
COLUMBIA,2022,75,17.5
COLUMBIA,2022,74,15
COLUMBIA,2022,73,
COLUMBIA,2022,72,
COLUMBIA,2022,71,
COLUMBIA,2022,70,15
COLUMBIA,2022,69,15
COLUMBIA,2022,68,15
COLUMBIA,2022,67,15
COLUMBIA,2022,66,15
COLUMBIA,2022,65,
COLUMBIA,2022,64,
COLUMBIA,2022,63,15
COLUMBIA,2022,62,15
COLUMBIA,2022,61,15
COLUMBIA,2022,60,15
COLUMBIA,2022,59,15
COLUMBIA,2022,58,
COLUMBIA,2022,57,
COLUMBIA,2022,56,15
COLUMBIA,2022,55,15
COLUMBIA,2022,54,15
COLUMBIA,2022,53,15
COLUMBIA,2022,52,
COLUMBIA,2022,51,
COLUMBIA,2022,50,
COLUMBIA,2022,49,15
COLUMBIA,2022,48,15
COLUMBIA,2022,47,15
COLUMBIA,2022,46,15
COLUMBIA,2022,45,15
COLUMBIA,2022,44,
COLUMBIA,2022,43,
COLUMBIA,2022,42,20
COLUMBIA,2022,41,20
COLUMBIA,2022,40,20
COLUMBIA,2022,39,20
COLUMBIA,2022,38,20
COLUMBIA,2022,37,
COLUMBIA,2022,36,
COLUMBIA,2022,35,20
COLUMBIA,2022,34,20
COLUMBIA,2022,33,20
COLUMBIA,2022,32,20
COLUMBIA,2022,31,20
COLUMBIA,2022,30,
COLUMBIA,2022,29,
COLUMBIA,2022,28,20
COLUMBIA,2022,27,20
COLUMBIA,2022,26,20
COLUMBIA,2022,25,20
COLUMBIA,2022,24,20
COLUMBIA,2022,23,
COLUMBIA,2022,22,
COLUMBIA,2022,21,20
COLUMBIA,2022,20,20
COLUMBIA,2022,19,20
COLUMBIA,2022,18,20
COLUMBIA,2022,17,
COLUMBIA,2022,16,
COLUMBIA,2022,15,
COLUMBIA,2022,14,20
COLUMBIA,2022,13,20
COLUMBIA,2022,12,20
COLUMBIA,2022,11,20
COLUMBIA,2022,10,20
COLUMBIA,2022,9,
COLUMBIA,2022,8,
COLUMBIA,2022,7,20
COLUMBIA,2022,6,20
COLUMBIA,2022,5,
COLUMBIA,2022,4,20
COLUMBIA,2022,3,
COLUMBIA,2022,2,
NEW YORK,2022,366,
NEW YORK,2022,365,
NEW YORK,2022,364,
NEW YORK,2022,363,
NEW YORK,2022,362,
NEW YORK,2022,361,
NEW YORK,2022,360,
NEW YORK,2022,359,
NEW YORK,2022,358,
NEW YORK,2022,357,
NEW YORK,2022,356,
NEW YORK,2022,355,
NEW YORK,2022,354,
NEW YORK,2022,353,
NEW YORK,2022,352,
NEW YORK,2022,351,
NEW YORK,2022,350,
NEW YORK,2022,349,22
NEW YORK,2022,348,22
NEW YORK,2022,347,22
NEW YORK,2022,346,22
NEW YORK,2022,345,
NEW YORK,2022,344,
NEW YORK,2022,343,
NEW YORK,2022,342,22
NEW YORK,2022,341,22
NEW YORK,2022,340,22
NEW YORK,2022,339,22
NEW YORK,2022,338,
NEW YORK,2022,337,
NEW YORK,2022,336,22
NEW YORK,2022,335,22
NEW YORK,2022,334,22
NEW YORK,2022,333,22
NEW YORK,2022,332,
NEW YORK,2022,331,
NEW YORK,2022,330,
NEW YORK,2022,329,
NEW YORK,2022,328,
NEW YORK,2022,327,
NEW YORK,2022,326,
NEW YORK,2022,325,
NEW YORK,2022,324,
NEW YORK,2022,323,
NEW YORK,2022,322,
NEW YORK,2022,321,
NEW YORK,2022,320,
NEW YORK,2022,319,
NEW YORK,2022,318,
NEW YORK,2022,317,
NEW YORK,2022,316,
NEW YORK,2022,315,
NEW YORK,2022,314,
NEW YORK,2022,313,
NEW YORK,2022,312,
NEW YORK,2022,311,
NEW YORK,2022,310,
NEW YORK,2022,309,
NEW YORK,2022,308,
NEW YORK,2022,307,
NEW YORK,2022,306,
NEW YORK,2022,305,
NEW YORK,2022,304,
NEW YORK,2022,303,
NEW YORK,2022,302,
NEW YORK,2022,301,
NEW YORK,2022,300,
NEW YORK,2022,299,
NEW YORK,2022,298,
NEW YORK,2022,297,
NEW YORK,2022,296,
NEW YORK,2022,295,
NEW YORK,2022,294,
NEW YORK,2022,293,
NEW YORK,2022,292,
NEW YORK,2022,291,
NEW YORK,2022,290,
NEW YORK,2022,289,
NEW YORK,2022,288,
NEW YORK,2022,287,
NEW YORK,2022,286,
NEW YORK,2022,285,
NEW YORK,2022,284,
NEW YORK,2022,283,
NEW YORK,2022,282,
NEW YORK,2022,281,
NEW YORK,2022,280,
NEW YORK,2022,279,
NEW YORK,2022,278,
NEW YORK,2022,277,
NEW YORK,2022,276,
NEW YORK,2022,275,
NEW YORK,2022,274,
NEW YORK,2022,273,
NEW YORK,2022,272,
NEW YORK,2022,271,
NEW YORK,2022,270,
NEW YORK,2022,269,
NEW YORK,2022,268,
NEW YORK,2022,267,
NEW YORK,2022,266,
NEW YORK,2022,265,
NEW YORK,2022,264,
NEW YORK,2022,263,
NEW YORK,2022,262,
NEW YORK,2022,261,
NEW YORK,2022,260,
NEW YORK,2022,259,
NEW YORK,2022,258,
NEW YORK,2022,257,
NEW YORK,2022,256,
NEW YORK,2022,255,
NEW YORK,2022,254,
NEW YORK,2022,253,
NEW YORK,2022,252,
NEW YORK,2022,251,
NEW YORK,2022,250,
NEW YORK,2022,249,
NEW YORK,2022,248,
NEW YORK,2022,247,
NEW YORK,2022,246,
NEW YORK,2022,245,
NEW YORK,2022,244,
NEW YORK,2022,243,
NEW YORK,2022,242,
NEW YORK,2022,241,8
NEW YORK,2022,240,
NEW YORK,2022,239,
NEW YORK,2022,238,
NEW YORK,2022,237,
NEW YORK,2022,236,16
NEW YORK,2022,235,16
NEW YORK,2022,234,16
NEW YORK,2022,233,
NEW YORK,2022,232,
NEW YORK,2022,231,
NEW YORK,2022,230,
NEW YORK,2022,229,
NEW YORK,2022,228,
NEW YORK,2022,227,
NEW YORK,2022,226,
NEW YORK,2022,225,
NEW YORK,2022,224,
NEW YORK,2022,223,
NEW YORK,2022,222,
NEW YORK,2022,221,
NEW YORK,2022,220,
NEW YORK,2022,219,
NEW YORK,2022,218,
NEW YORK,2022,217,
NEW YORK,2022,216,
NEW YORK,2022,215,38
NEW YORK,2022,214,31.5
NEW YORK,2022,213,25
NEW YORK,2022,212,
NEW YORK,2022,211,
NEW YORK,2022,210,
NEW YORK,2022,209,38
NEW YORK,2022,208,
NEW YORK,2022,207,38
NEW YORK,2022,206,
NEW YORK,2022,205,
NEW YORK,2022,204,
NEW YORK,2022,203,
NEW YORK,2022,202,
NEW YORK,2022,201,
NEW YORK,2022,200,
NEW YORK,2022,199,
NEW YORK,2022,198,
NEW YORK,2022,197,
NEW YORK,2022,196,
NEW YORK,2022,195,
NEW YORK,2022,194,
NEW YORK,2022,193,
NEW YORK,2022,192,
NEW YORK,2022,191,
NEW YORK,2022,190,
NEW YORK,2022,189,
NEW YORK,2022,188,
NEW YORK,2022,187,
NEW YORK,2022,186,
NEW YORK,2022,185,
NEW YORK,2022,184,
NEW YORK,2022,183,
NEW YORK,2022,182,22
NEW YORK,2022,181,22
NEW YORK,2022,180,22
NEW YORK,2022,179,22
NEW YORK,2022,178,22
NEW YORK,2022,177,
NEW YORK,2022,176,
NEW YORK,2022,175,22
NEW YORK,2022,174,22
NEW YORK,2022,173,22
NEW YORK,2022,172,22
NEW YORK,2022,171,
NEW YORK,2022,170,
NEW YORK,2022,169,
NEW YORK,2022,168,
NEW YORK,2022,167,
NEW YORK,2022,166,
NEW YORK,2022,165,
NEW YORK,2022,164,
NEW YORK,2022,163,
NEW YORK,2022,162,
NEW YORK,2022,161,26
NEW YORK,2022,160,26
NEW YORK,2022,159,26
NEW YORK,2022,158,28
NEW YORK,2022,157,28
NEW YORK,2022,156,
NEW YORK,2022,155,
NEW YORK,2022,154,25
NEW YORK,2022,153,25
NEW YORK,2022,152,25
NEW YORK,2022,151,25
NEW YORK,2022,150,
NEW YORK,2022,149,
NEW YORK,2022,148,
NEW YORK,2022,147,25
NEW YORK,2022,146,25
NEW YORK,2022,145,25
NEW YORK,2022,144,25
NEW YORK,2022,143,25
NEW YORK,2022,142,
NEW YORK,2022,141,
NEW YORK,2022,140,
NEW YORK,2022,139,
NEW YORK,2022,138,
NEW YORK,2022,137,
NEW YORK,2022,136,
NEW YORK,2022,135,
NEW YORK,2022,134,
NEW YORK,2022,133,
NEW YORK,2022,132,
NEW YORK,2022,131,
NEW YORK,2022,130,
NEW YORK,2022,129,
NEW YORK,2022,128,
NEW YORK,2022,127,
NEW YORK,2022,126,
NEW YORK,2022,125,
NEW YORK,2022,124,
NEW YORK,2022,123,
NEW YORK,2022,122,
NEW YORK,2022,121,
NEW YORK,2022,120,
NEW YORK,2022,119,
NEW YORK,2022,118,
NEW YORK,2022,117,
NEW YORK,2022,116,
NEW YORK,2022,115,
NEW YORK,2022,114,
NEW YORK,2022,113,
NEW YORK,2022,112,
NEW YORK,2022,111,
NEW YORK,2022,110,
NEW YORK,2022,109,
NEW YORK,2022,108,
NEW YORK,2022,107,
NEW YORK,2022,106,
NEW YORK,2022,105,
NEW YORK,2022,104,
NEW YORK,2022,103,
NEW YORK,2022,102,
NEW YORK,2022,101,
NEW YORK,2022,100,
NEW YORK,2022,99,
NEW YORK,2022,98,
NEW YORK,2022,97,
NEW YORK,2022,96,
NEW YORK,2022,95,
NEW YORK,2022,94,
NEW YORK,2022,93,
NEW YORK,2022,92,
NEW YORK,2022,91,24
NEW YORK,2022,90,24
NEW YORK,2022,89,24
NEW YORK,2022,88,24
NEW YORK,2022,87,24
NEW YORK,2022,86,
NEW YORK,2022,85,
NEW YORK,2022,84,24
NEW YORK,2022,83,24
NEW YORK,2022,82,24
NEW YORK,2022,81,24
NEW YORK,2022,80,24
NEW YORK,2022,79,
NEW YORK,2022,78,
NEW YORK,2022,77,24
NEW YORK,2022,76,24
NEW YORK,2022,75,24
NEW YORK,2022,74,24
NEW YORK,2022,73,24
NEW YORK,2022,72,
NEW YORK,2022,71,
NEW YORK,2022,70,
NEW YORK,2022,69,
NEW YORK,2022,68,
NEW YORK,2022,67,
NEW YORK,2022,66,
NEW YORK,2022,65,
NEW YORK,2022,64,
NEW YORK,2022,63,
NEW YORK,2022,62,
NEW YORK,2022,61,15
NEW YORK,2022,60,
NEW YORK,2022,59,15
NEW YORK,2022,58,
NEW YORK,2022,57,
NEW YORK,2022,56,
NEW YORK,2022,55,
NEW YORK,2022,54,
NEW YORK,2022,53,
NEW YORK,2022,52,
NEW YORK,2022,51,
NEW YORK,2022,50,
NEW YORK,2022,49,
NEW YORK,2022,48,
NEW YORK,2022,47,
NEW YORK,2022,46,
NEW YORK,2022,45,
NEW YORK,2022,44,
NEW YORK,2022,43,
NEW YORK,2022,42,
NEW YORK,2022,41,
NEW YORK,2022,40,
NEW YORK,2022,39,
NEW YORK,2022,38,
NEW YORK,2022,37,
NEW YORK,2022,36,
NEW YORK,2022,35,
NEW YORK,2022,34,
NEW YORK,2022,33,
NEW YORK,2022,32,
NEW YORK,2022,31,
NEW YORK,2022,30,
NEW YORK,2022,29,
NEW YORK,2022,28,
NEW YORK,2022,27,
NEW YORK,2022,26,
NEW YORK,2022,25,
NEW YORK,2022,24,
NEW YORK,2022,23,
NEW YORK,2022,22,
NEW YORK,2022,21,
NEW YORK,2022,20,
NEW YORK,2022,19,
NEW YORK,2022,18,
NEW YORK,2022,17,
NEW YORK,2022,16,
NEW YORK,2022,15,
NEW YORK,2022,14,
NEW YORK,2022,13,
NEW YORK,2022,12,
NEW YORK,2022,11,
NEW YORK,2022,10,
NEW YORK,2022,9,
NEW YORK,2022,8,
NEW YORK,2022,7,
NEW YORK,2022,6,
NEW YORK,2022,5,
NEW YORK,2022,4,
NEW YORK,2022,3,
NEW YORK,2022,2,
PHILADELPHIA,2022,366,
PHILADELPHIA,2022,365,
PHILADELPHIA,2022,364,16
PHILADELPHIA,2022,363,16
PHILADELPHIA,2022,362,16
PHILADELPHIA,2022,361,16
PHILADELPHIA,2022,360,
PHILADELPHIA,2022,359,
PHILADELPHIA,2022,358,
PHILADELPHIA,2022,357,16
PHILADELPHIA,2022,356,16
PHILADELPHIA,2022,355,16
PHILADELPHIA,2022,354,16
PHILADELPHIA,2022,353,16
PHILADELPHIA,2022,352,
PHILADELPHIA,2022,351,
PHILADELPHIA,2022,350,
PHILADELPHIA,2022,349,
PHILADELPHIA,2022,348,
PHILADELPHIA,2022,347,
PHILADELPHIA,2022,346,
PHILADELPHIA,2022,345,
PHILADELPHIA,2022,344,
PHILADELPHIA,2022,343,
PHILADELPHIA,2022,342,
PHILADELPHIA,2022,341,
PHILADELPHIA,2022,340,
PHILADELPHIA,2022,339,
PHILADELPHIA,2022,338,
PHILADELPHIA,2022,337,
PHILADELPHIA,2022,336,
PHILADELPHIA,2022,335,
PHILADELPHIA,2022,334,
PHILADELPHIA,2022,333,
PHILADELPHIA,2022,332,
PHILADELPHIA,2022,331,
PHILADELPHIA,2022,330,
PHILADELPHIA,2022,329,
PHILADELPHIA,2022,328,
PHILADELPHIA,2022,327,
PHILADELPHIA,2022,326,
PHILADELPHIA,2022,325,
PHILADELPHIA,2022,324,
PHILADELPHIA,2022,323,
PHILADELPHIA,2022,322,
PHILADELPHIA,2022,321,
PHILADELPHIA,2022,320,
PHILADELPHIA,2022,319,
PHILADELPHIA,2022,318,
PHILADELPHIA,2022,317,
PHILADELPHIA,2022,316,
PHILADELPHIA,2022,315,
PHILADELPHIA,2022,314,
PHILADELPHIA,2022,313,
PHILADELPHIA,2022,312,
PHILADELPHIA,2022,311,
PHILADELPHIA,2022,310,
PHILADELPHIA,2022,309,
PHILADELPHIA,2022,308,12
PHILADELPHIA,2022,307,12
PHILADELPHIA,2022,306,12
PHILADELPHIA,2022,305,12
PHILADELPHIA,2022,304,12
PHILADELPHIA,2022,303,
PHILADELPHIA,2022,302,
PHILADELPHIA,2022,301,12
PHILADELPHIA,2022,300,12
PHILADELPHIA,2022,299,12
PHILADELPHIA,2022,298,12
PHILADELPHIA,2022,297,12
PHILADELPHIA,2022,296,
PHILADELPHIA,2022,295,
PHILADELPHIA,2022,294,12
PHILADELPHIA,2022,293,12
PHILADELPHIA,2022,292,12
PHILADELPHIA,2022,291,12
PHILADELPHIA,2022,290,12
PHILADELPHIA,2022,289,
PHILADELPHIA,2022,288,
PHILADELPHIA,2022,287,12
PHILADELPHIA,2022,286,12
PHILADELPHIA,2022,285,12
PHILADELPHIA,2022,284,12
PHILADELPHIA,2022,283,
PHILADELPHIA,2022,282,
PHILADELPHIA,2022,281,
PHILADELPHIA,2022,280,12
PHILADELPHIA,2022,279,12
PHILADELPHIA,2022,278,12
PHILADELPHIA,2022,277,12
PHILADELPHIA,2022,276,12
PHILADELPHIA,2022,275,
PHILADELPHIA,2022,274,
PHILADELPHIA,2022,273,16
PHILADELPHIA,2022,272,16
PHILADELPHIA,2022,271,16
PHILADELPHIA,2022,270,16
PHILADELPHIA,2022,269,16
PHILADELPHIA,2022,268,
PHILADELPHIA,2022,267,
PHILADELPHIA,2022,266,16
PHILADELPHIA,2022,265,16
PHILADELPHIA,2022,264,16
PHILADELPHIA,2022,263,16
PHILADELPHIA,2022,262,16
PHILADELPHIA,2022,261,
PHILADELPHIA,2022,260,
PHILADELPHIA,2022,259,16
PHILADELPHIA,2022,258,16
PHILADELPHIA,2022,257,16
PHILADELPHIA,2022,256,16
PHILADELPHIA,2022,255,16
PHILADELPHIA,2022,254,
PHILADELPHIA,2022,253,
PHILADELPHIA,2022,252,23
PHILADELPHIA,2022,251,23
PHILADELPHIA,2022,250,23
PHILADELPHIA,2022,249,23
PHILADELPHIA,2022,248,
PHILADELPHIA,2022,247,
PHILADELPHIA,2022,246,
PHILADELPHIA,2022,245,23
PHILADELPHIA,2022,244,23
PHILADELPHIA,2022,243,23
PHILADELPHIA,2022,242,23
PHILADELPHIA,2022,241,23
PHILADELPHIA,2022,240,
PHILADELPHIA,2022,239,
PHILADELPHIA,2022,238,23
PHILADELPHIA,2022,237,23
PHILADELPHIA,2022,236,23
PHILADELPHIA,2022,235,23
PHILADELPHIA,2022,234,23
PHILADELPHIA,2022,233,
PHILADELPHIA,2022,232,
PHILADELPHIA,2022,231,23
PHILADELPHIA,2022,230,23
PHILADELPHIA,2022,229,23
PHILADELPHIA,2022,228,23
PHILADELPHIA,2022,227,23
PHILADELPHIA,2022,226,
PHILADELPHIA,2022,225,
PHILADELPHIA,2022,224,23
PHILADELPHIA,2022,223,23
PHILADELPHIA,2022,222,23
PHILADELPHIA,2022,221,23
PHILADELPHIA,2022,220,23
PHILADELPHIA,2022,219,
PHILADELPHIA,2022,218,
PHILADELPHIA,2022,217,23
PHILADELPHIA,2022,216,23
PHILADELPHIA,2022,215,23
PHILADELPHIA,2022,214,23
PHILADELPHIA,2022,213,23
PHILADELPHIA,2022,212,
PHILADELPHIA,2022,211,
PHILADELPHIA,2022,210,23
PHILADELPHIA,2022,209,23
PHILADELPHIA,2022,208,23
PHILADELPHIA,2022,207,23
PHILADELPHIA,2022,206,23
PHILADELPHIA,2022,205,
PHILADELPHIA,2022,204,
PHILADELPHIA,2022,203,23
PHILADELPHIA,2022,202,23
PHILADELPHIA,2022,201,23
PHILADELPHIA,2022,200,23
PHILADELPHIA,2022,199,23
PHILADELPHIA,2022,198,
PHILADELPHIA,2022,197,
PHILADELPHIA,2022,196,
PHILADELPHIA,2022,195,
PHILADELPHIA,2022,194,
PHILADELPHIA,2022,193,
PHILADELPHIA,2022,192,
PHILADELPHIA,2022,191,
PHILADELPHIA,2022,190,
PHILADELPHIA,2022,189,
PHILADELPHIA,2022,188,
PHILADELPHIA,2022,187,
PHILADELPHIA,2022,186,
PHILADELPHIA,2022,185,
PHILADELPHIA,2022,184,
PHILADELPHIA,2022,183,
PHILADELPHIA,2022,182,
PHILADELPHIA,2022,181,
PHILADELPHIA,2022,180,
PHILADELPHIA,2022,179,
PHILADELPHIA,2022,178,
PHILADELPHIA,2022,177,
PHILADELPHIA,2022,176,
PHILADELPHIA,2022,175,
PHILADELPHIA,2022,174,
PHILADELPHIA,2022,173,
PHILADELPHIA,2022,172,
PHILADELPHIA,2022,171,
PHILADELPHIA,2022,170,
PHILADELPHIA,2022,169,
PHILADELPHIA,2022,168,
PHILADELPHIA,2022,167,
PHILADELPHIA,2022,166,
PHILADELPHIA,2022,165,
PHILADELPHIA,2022,164,
PHILADELPHIA,2022,163,
PHILADELPHIA,2022,162,
PHILADELPHIA,2022,161,
PHILADELPHIA,2022,160,
PHILADELPHIA,2022,159,
PHILADELPHIA,2022,158,
PHILADELPHIA,2022,157,20
PHILADELPHIA,2022,156,
PHILADELPHIA,2022,155,
PHILADELPHIA,2022,154,20
PHILADELPHIA,2022,153,20
PHILADELPHIA,2022,152,20
PHILADELPHIA,2022,151,20
PHILADELPHIA,2022,150,
PHILADELPHIA,2022,149,
PHILADELPHIA,2022,148,
PHILADELPHIA,2022,147,20
PHILADELPHIA,2022,146,20
PHILADELPHIA,2022,145,20
PHILADELPHIA,2022,144,20
PHILADELPHIA,2022,143,20
PHILADELPHIA,2022,142,
PHILADELPHIA,2022,141,
PHILADELPHIA,2022,140,20
PHILADELPHIA,2022,139,20
PHILADELPHIA,2022,138,20
PHILADELPHIA,2022,137,20
PHILADELPHIA,2022,136,20
PHILADELPHIA,2022,135,
PHILADELPHIA,2022,134,
PHILADELPHIA,2022,133,20
PHILADELPHIA,2022,132,20
PHILADELPHIA,2022,131,20
PHILADELPHIA,2022,130,20
PHILADELPHIA,2022,129,20
PHILADELPHIA,2022,128,
PHILADELPHIA,2022,127,
PHILADELPHIA,2022,126,20
PHILADELPHIA,2022,125,20
PHILADELPHIA,2022,124,20
PHILADELPHIA,2022,123,20
PHILADELPHIA,2022,122,20
PHILADELPHIA,2022,121,
PHILADELPHIA,2022,120,
PHILADELPHIA,2022,119,20
PHILADELPHIA,2022,118,20
PHILADELPHIA,2022,117,20
PHILADELPHIA,2022,116,20
PHILADELPHIA,2022,115,20
PHILADELPHIA,2022,114,
PHILADELPHIA,2022,113,
PHILADELPHIA,2022,112,
PHILADELPHIA,2022,111,
PHILADELPHIA,2022,110,
PHILADELPHIA,2022,109,
PHILADELPHIA,2022,108,
PHILADELPHIA,2022,107,
PHILADELPHIA,2022,106,
PHILADELPHIA,2022,105,
PHILADELPHIA,2022,104,
PHILADELPHIA,2022,103,
PHILADELPHIA,2022,102,
PHILADELPHIA,2022,101,
PHILADELPHIA,2022,100,
PHILADELPHIA,2022,99,
PHILADELPHIA,2022,98,28
PHILADELPHIA,2022,97,28
PHILADELPHIA,2022,96,
PHILADELPHIA,2022,95,
PHILADELPHIA,2022,94,
PHILADELPHIA,2022,93,
PHILADELPHIA,2022,92,
PHILADELPHIA,2022,91,
PHILADELPHIA,2022,90,
PHILADELPHIA,2022,89,
PHILADELPHIA,2022,88,
PHILADELPHIA,2022,87,
PHILADELPHIA,2022,86,
PHILADELPHIA,2022,85,
PHILADELPHIA,2022,84,
PHILADELPHIA,2022,83,
PHILADELPHIA,2022,82,
PHILADELPHIA,2022,81,
PHILADELPHIA,2022,80,
PHILADELPHIA,2022,79,
PHILADELPHIA,2022,78,
PHILADELPHIA,2022,77,
PHILADELPHIA,2022,76,
PHILADELPHIA,2022,75,
PHILADELPHIA,2022,74,
PHILADELPHIA,2022,73,
PHILADELPHIA,2022,72,
PHILADELPHIA,2022,71,
PHILADELPHIA,2022,70,
PHILADELPHIA,2022,69,
PHILADELPHIA,2022,68,
PHILADELPHIA,2022,67,
PHILADELPHIA,2022,66,
PHILADELPHIA,2022,65,
PHILADELPHIA,2022,64,
PHILADELPHIA,2022,63,
PHILADELPHIA,2022,62,
PHILADELPHIA,2022,61,
PHILADELPHIA,2022,60,
PHILADELPHIA,2022,59,
PHILADELPHIA,2022,58,
PHILADELPHIA,2022,57,
PHILADELPHIA,2022,56,16
PHILADELPHIA,2022,55,16
PHILADELPHIA,2022,54,16
PHILADELPHIA,2022,53,16
PHILADELPHIA,2022,52,
PHILADELPHIA,2022,51,
PHILADELPHIA,2022,50,
PHILADELPHIA,2022,49,20
PHILADELPHIA,2022,48,20
PHILADELPHIA,2022,47,20
PHILADELPHIA,2022,46,20
PHILADELPHIA,2022,45,16
PHILADELPHIA,2022,44,
PHILADELPHIA,2022,43,
PHILADELPHIA,2022,42,16
PHILADELPHIA,2022,41,16
PHILADELPHIA,2022,40,16
PHILADELPHIA,2022,39,16
PHILADELPHIA,2022,38,16
PHILADELPHIA,2022,37,
PHILADELPHIA,2022,36,
PHILADELPHIA,2022,35,23.333333
PHILADELPHIA,2022,34,23.333333
PHILADELPHIA,2022,33,23.333333
PHILADELPHIA,2022,32,23.333333
PHILADELPHIA,2022,31,22
PHILADELPHIA,2022,30,
PHILADELPHIA,2022,29,
PHILADELPHIA,2022,28,22
PHILADELPHIA,2022,27,22
PHILADELPHIA,2022,26,22
PHILADELPHIA,2022,25,22
PHILADELPHIA,2022,24,22
PHILADELPHIA,2022,23,
PHILADELPHIA,2022,22,
PHILADELPHIA,2022,21,22
PHILADELPHIA,2022,20,22
PHILADELPHIA,2022,19,22
PHILADELPHIA,2022,18,22
PHILADELPHIA,2022,17,
PHILADELPHIA,2022,16,
PHILADELPHIA,2022,15,
PHILADELPHIA,2022,14,16
PHILADELPHIA,2022,13,16
PHILADELPHIA,2022,12,16
PHILADELPHIA,2022,11,16
PHILADELPHIA,2022,10,16
PHILADELPHIA,2022,9,
PHILADELPHIA,2022,8,
PHILADELPHIA,2022,7,16
PHILADELPHIA,2022,6,16
PHILADELPHIA,2022,5,16
PHILADELPHIA,2022,4,16
PHILADELPHIA,2022,3,16
PHILADELPHIA,2022,2,
BALTIMORE,2021,366,
BALTIMORE,2021,365,
BALTIMORE,2021,364,
BALTIMORE,2021,363,33
BALTIMORE,2021,362,
BALTIMORE,2021,361,
BALTIMORE,2021,360,
BALTIMORE,2021,359,
BALTIMORE,2021,358,
BALTIMORE,2021,357,
BALTIMORE,2021,356,
BALTIMORE,2021,355,
BALTIMORE,2021,354,
BALTIMORE,2021,353,
BALTIMORE,2021,352,
BALTIMORE,2021,351,
BALTIMORE,2021,350,
BALTIMORE,2021,349,30
BALTIMORE,2021,348,30
BALTIMORE,2021,347,30
BALTIMORE,2021,346,
BALTIMORE,2021,345,
BALTIMORE,2021,344,30
BALTIMORE,2021,343,30
BALTIMORE,2021,342,30
BALTIMORE,2021,341,30
BALTIMORE,2021,340,30
BALTIMORE,2021,339,
BALTIMORE,2021,338,
BALTIMORE,2021,337,26.75
BALTIMORE,2021,336,26.75
BALTIMORE,2021,335,27
BALTIMORE,2021,334,27
BALTIMORE,2021,333,27
BALTIMORE,2021,332,
BALTIMORE,2021,331,
BALTIMORE,2021,330,27
BALTIMORE,2021,329,
BALTIMORE,2021,328,27
BALTIMORE,2021,327,27
BALTIMORE,2021,326,27
BALTIMORE,2021,325,
BALTIMORE,2021,324,
BALTIMORE,2021,323,21.5
BALTIMORE,2021,322,21.5
BALTIMORE,2021,321,29.5
BALTIMORE,2021,320,29.75
BALTIMORE,2021,319,29.75
BALTIMORE,2021,318,
BALTIMORE,2021,317,
BALTIMORE,2021,316,29.166666
BALTIMORE,2021,315,
BALTIMORE,2021,314,29.166666
BALTIMORE,2021,313,29.166666
BALTIMORE,2021,312,29.166666
BALTIMORE,2021,311,
BALTIMORE,2021,310,
BALTIMORE,2021,309,36
BALTIMORE,2021,308,32
BALTIMORE,2021,307,27.5
BALTIMORE,2021,306,27.5
BALTIMORE,2021,305,27.5
BALTIMORE,2021,304,
BALTIMORE,2021,303,
BALTIMORE,2021,302,28
BALTIMORE,2021,301,28
BALTIMORE,2021,300,24
BALTIMORE,2021,299,24
BALTIMORE,2021,298,24
BALTIMORE,2021,297,
BALTIMORE,2021,296,
BALTIMORE,2021,295,27.75
BALTIMORE,2021,294,27.75
BALTIMORE,2021,293,27.75
BALTIMORE,2021,292,28
BALTIMORE,2021,291,28
BALTIMORE,2021,290,
BALTIMORE,2021,289,
BALTIMORE,2021,288,
BALTIMORE,2021,287,
BALTIMORE,2021,286,
BALTIMORE,2021,285,
BALTIMORE,2021,284,
BALTIMORE,2021,283,
BALTIMORE,2021,282,
BALTIMORE,2021,281,
BALTIMORE,2021,280,
BALTIMORE,2021,279,
BALTIMORE,2021,278,
BALTIMORE,2021,277,
BALTIMORE,2021,276,
BALTIMORE,2021,275,
BALTIMORE,2021,274,
BALTIMORE,2021,273,
BALTIMORE,2021,272,
BALTIMORE,2021,271,
BALTIMORE,2021,270,
BALTIMORE,2021,269,
BALTIMORE,2021,268,
BALTIMORE,2021,267,18.5
BALTIMORE,2021,266,18.5
BALTIMORE,2021,265,18.5
BALTIMORE,2021,264,18.5
BALTIMORE,2021,263,18.5
BALTIMORE,2021,262,
BALTIMORE,2021,261,
BALTIMORE,2021,260,19
BALTIMORE,2021,259,19
BALTIMORE,2021,258,19
BALTIMORE,2021,257,19
BALTIMORE,2021,256,19
BALTIMORE,2021,255,
BALTIMORE,2021,254,
BALTIMORE,2021,253,27
BALTIMORE,2021,252,27
BALTIMORE,2021,251,19
BALTIMORE,2021,250,19
BALTIMORE,2021,249,
BALTIMORE,2021,248,
BALTIMORE,2021,247,
BALTIMORE,2021,246,19
BALTIMORE,2021,245,19
BALTIMORE,2021,244,19
BALTIMORE,2021,243,19
BALTIMORE,2021,242,19
BALTIMORE,2021,241,
BALTIMORE,2021,240,
BALTIMORE,2021,239,19
BALTIMORE,2021,238,19
BALTIMORE,2021,237,19
BALTIMORE,2021,236,19
BALTIMORE,2021,235,19
BALTIMORE,2021,234,
BALTIMORE,2021,233,
BALTIMORE,2021,232,35.25
BALTIMORE,2021,231,
BALTIMORE,2021,230,
BALTIMORE,2021,229,
BALTIMORE,2021,228,
BALTIMORE,2021,227,
BALTIMORE,2021,226,
BALTIMORE,2021,225,
BALTIMORE,2021,224,
BALTIMORE,2021,223,
BALTIMORE,2021,222,
BALTIMORE,2021,221,
BALTIMORE,2021,220,
BALTIMORE,2021,219,
BALTIMORE,2021,218,
BALTIMORE,2021,217,
BALTIMORE,2021,216,19
BALTIMORE,2021,215,19
BALTIMORE,2021,214,19
BALTIMORE,2021,213,
BALTIMORE,2021,212,
BALTIMORE,2021,211,19
BALTIMORE,2021,210,19
BALTIMORE,2021,209,19
BALTIMORE,2021,208,19
BALTIMORE,2021,207,19
BALTIMORE,2021,206,
BALTIMORE,2021,205,
BALTIMORE,2021,204,24
BALTIMORE,2021,203,24
BALTIMORE,2021,202,24
BALTIMORE,2021,201,24
BALTIMORE,2021,200,24
BALTIMORE,2021,199,
BALTIMORE,2021,198,
BALTIMORE,2021,197,
BALTIMORE,2021,196,
BALTIMORE,2021,195,
BALTIMORE,2021,194,
BALTIMORE,2021,193,
BALTIMORE,2021,192,
BALTIMORE,2021,191,
BALTIMORE,2021,190,
BALTIMORE,2021,189,
BALTIMORE,2021,188,
BALTIMORE,2021,187,
BALTIMORE,2021,186,
BALTIMORE,2021,185,
BALTIMORE,2021,184,
BALTIMORE,2021,183,29.25
BALTIMORE,2021,182,29.25
BALTIMORE,2021,181,25
BALTIMORE,2021,180,25
BALTIMORE,2021,179,25
BALTIMORE,2021,178,
BALTIMORE,2021,177,
BALTIMORE,2021,176,
BALTIMORE,2021,175,
BALTIMORE,2021,174,
BALTIMORE,2021,173,
BALTIMORE,2021,172,
BALTIMORE,2021,171,
BALTIMORE,2021,170,
BALTIMORE,2021,169,
BALTIMORE,2021,168,
BALTIMORE,2021,167,
BALTIMORE,2021,166,
BALTIMORE,2021,165,32
BALTIMORE,2021,164,
BALTIMORE,2021,163,
BALTIMORE,2021,162,32
BALTIMORE,2021,161,32
BALTIMORE,2021,160,32
BALTIMORE,2021,159,32
BALTIMORE,2021,158,
BALTIMORE,2021,157,
BALTIMORE,2021,156,
BALTIMORE,2021,155,
BALTIMORE,2021,154,
BALTIMORE,2021,153,
BALTIMORE,2021,152,
BALTIMORE,2021,151,
BALTIMORE,2021,150,
BALTIMORE,2021,149,
BALTIMORE,2021,148,
BALTIMORE,2021,147,
BALTIMORE,2021,146,
BALTIMORE,2021,145,
BALTIMORE,2021,144,
BALTIMORE,2021,143,
BALTIMORE,2021,142,
BALTIMORE,2021,141,
BALTIMORE,2021,140,
BALTIMORE,2021,139,32
BALTIMORE,2021,138,32
BALTIMORE,2021,137,32
BALTIMORE,2021,136,
BALTIMORE,2021,135,
BALTIMORE,2021,134,26
BALTIMORE,2021,133,26
BALTIMORE,2021,132,26
BALTIMORE,2021,131,26
BALTIMORE,2021,130,26
BALTIMORE,2021,129,
BALTIMORE,2021,128,
BALTIMORE,2021,127,26
BALTIMORE,2021,126,26
BALTIMORE,2021,125,21.25
BALTIMORE,2021,124,21.25
BALTIMORE,2021,123,21.25
BALTIMORE,2021,122,
BALTIMORE,2021,121,
BALTIMORE,2021,120,24
BALTIMORE,2021,119,24
BALTIMORE,2021,118,24
BALTIMORE,2021,117,23.5
BALTIMORE,2021,116,23.5
BALTIMORE,2021,115,
BALTIMORE,2021,114,
BALTIMORE,2021,113,23.5
BALTIMORE,2021,112,23.5
BALTIMORE,2021,111,23
BALTIMORE,2021,110,23
BALTIMORE,2021,109,23
BALTIMORE,2021,108,
BALTIMORE,2021,107,
BALTIMORE,2021,106,23
BALTIMORE,2021,105,23
BALTIMORE,2021,104,23
BALTIMORE,2021,103,23
BALTIMORE,2021,102,23
BALTIMORE,2021,101,
BALTIMORE,2021,100,
BALTIMORE,2021,99,
BALTIMORE,2021,98,17
BALTIMORE,2021,97,17
BALTIMORE,2021,96,17
BALTIMORE,2021,95,17
BALTIMORE,2021,94,
BALTIMORE,2021,93,
BALTIMORE,2021,92,
BALTIMORE,2021,91,
BALTIMORE,2021,90,
BALTIMORE,2021,89,
BALTIMORE,2021,88,
BALTIMORE,2021,87,
BALTIMORE,2021,86,
BALTIMORE,2021,85,
BALTIMORE,2021,84,
BALTIMORE,2021,83,
BALTIMORE,2021,82,
BALTIMORE,2021,81,
BALTIMORE,2021,80,
BALTIMORE,2021,79,
BALTIMORE,2021,78,37.5
BALTIMORE,2021,77,37.5
BALTIMORE,2021,76,37.5
BALTIMORE,2021,75,37.5
BALTIMORE,2021,74,30
BALTIMORE,2021,73,
BALTIMORE,2021,72,
BALTIMORE,2021,71,30
BALTIMORE,2021,70,30
BALTIMORE,2021,69,30
BALTIMORE,2021,68,30
BALTIMORE,2021,67,30
BALTIMORE,2021,66,
BALTIMORE,2021,65,
BALTIMORE,2021,64,24.25
BALTIMORE,2021,63,24.25
BALTIMORE,2021,62,24.25
BALTIMORE,2021,61,24.25
BALTIMORE,2021,60,24.25
BALTIMORE,2021,59,
BALTIMORE,2021,58,
BALTIMORE,2021,57,27.25
BALTIMORE,2021,56,27.25
BALTIMORE,2021,55,30
BALTIMORE,2021,54,30
BALTIMORE,2021,53,30
BALTIMORE,2021,52,
BALTIMORE,2021,51,
BALTIMORE,2021,50,32.5
BALTIMORE,2021,49,32.5
BALTIMORE,2021,48,32.5
BALTIMORE,2021,47,33
BALTIMORE,2021,46,
BALTIMORE,2021,45,
BALTIMORE,2021,44,
BALTIMORE,2021,43,33
BALTIMORE,2021,42,33
BALTIMORE,2021,41,32.5
BALTIMORE,2021,40,32
BALTIMORE,2021,39,32
BALTIMORE,2021,38,
BALTIMORE,2021,37,
BALTIMORE,2021,36,24.5
BALTIMORE,2021,35,24.5
BALTIMORE,2021,34,21.75
BALTIMORE,2021,33,21.75
BALTIMORE,2021,32,21.75
BALTIMORE,2021,31,
BALTIMORE,2021,30,
BALTIMORE,2021,29,21.75
BALTIMORE,2021,28,21.75
BALTIMORE,2021,27,26.74
BALTIMORE,2021,26,26.74
BALTIMORE,2021,25,26.74
BALTIMORE,2021,24,
BALTIMORE,2021,23,
BALTIMORE,2021,22,29
BALTIMORE,2021,21,29
BALTIMORE,2021,20,29
BALTIMORE,2021,19,29
BALTIMORE,2021,18,
BALTIMORE,2021,17,
BALTIMORE,2021,16,
BALTIMORE,2021,15,30.5
BALTIMORE,2021,14,30.5
BALTIMORE,2021,13,30.5
BALTIMORE,2021,12,29
BALTIMORE,2021,11,29
BALTIMORE,2021,10,
BALTIMORE,2021,9,
BALTIMORE,2021,8,22
BALTIMORE,2021,7,22
BALTIMORE,2021,6,22
BALTIMORE,2021,5,22
BALTIMORE,2021,4,22
BALTIMORE,2021,3,
BALTIMORE,2021,2,
BOSTON,2021,366,
BOSTON,2021,365,
BOSTON,2021,364,14
BOSTON,2021,363,14
BOSTON,2021,362,14
BOSTON,2021,361,14
BOSTON,2021,360,
BOSTON,2021,359,
BOSTON,2021,358,
BOSTON,2021,357,14
BOSTON,2021,356,14
BOSTON,2021,355,14
BOSTON,2021,354,14
BOSTON,2021,353,
BOSTON,2021,352,
BOSTON,2021,351,14
BOSTON,2021,350,14
BOSTON,2021,349,
BOSTON,2021,348,
BOSTON,2021,347,
BOSTON,2021,346,
BOSTON,2021,345,
BOSTON,2021,344,
BOSTON,2021,343,
BOSTON,2021,342,
BOSTON,2021,341,
BOSTON,2021,340,
BOSTON,2021,339,
BOSTON,2021,338,
BOSTON,2021,337,
BOSTON,2021,336,
BOSTON,2021,335,
BOSTON,2021,334,
BOSTON,2021,333,
BOSTON,2021,332,
BOSTON,2021,331,
BOSTON,2021,330,
BOSTON,2021,329,
BOSTON,2021,328,
BOSTON,2021,327,
BOSTON,2021,326,
BOSTON,2021,325,
BOSTON,2021,324,
BOSTON,2021,323,
BOSTON,2021,322,
BOSTON,2021,321,
BOSTON,2021,320,
BOSTON,2021,319,
BOSTON,2021,318,
BOSTON,2021,317,
BOSTON,2021,316,
BOSTON,2021,315,
BOSTON,2021,314,
BOSTON,2021,313,
BOSTON,2021,312,
BOSTON,2021,311,
BOSTON,2021,310,
BOSTON,2021,309,
BOSTON,2021,308,
BOSTON,2021,307,
BOSTON,2021,306,
BOSTON,2021,305,
BOSTON,2021,304,
BOSTON,2021,303,
BOSTON,2021,302,
BOSTON,2021,301,
BOSTON,2021,300,
BOSTON,2021,299,
BOSTON,2021,298,
BOSTON,2021,297,
BOSTON,2021,296,
BOSTON,2021,295,
BOSTON,2021,294,
BOSTON,2021,293,
BOSTON,2021,292,
BOSTON,2021,291,
BOSTON,2021,290,
BOSTON,2021,289,
BOSTON,2021,288,
BOSTON,2021,287,
BOSTON,2021,286,
BOSTON,2021,285,
BOSTON,2021,284,
BOSTON,2021,283,
BOSTON,2021,282,
BOSTON,2021,281,
BOSTON,2021,280,
BOSTON,2021,279,
BOSTON,2021,278,
BOSTON,2021,277,
BOSTON,2021,276,
BOSTON,2021,275,
BOSTON,2021,274,
BOSTON,2021,273,
BOSTON,2021,272,
BOSTON,2021,271,
BOSTON,2021,270,
BOSTON,2021,269,
BOSTON,2021,268,
BOSTON,2021,267,
BOSTON,2021,266,
BOSTON,2021,265,
BOSTON,2021,264,
BOSTON,2021,263,
BOSTON,2021,262,
BOSTON,2021,261,
BOSTON,2021,260,
BOSTON,2021,259,
BOSTON,2021,258,
BOSTON,2021,257,
BOSTON,2021,256,
BOSTON,2021,255,
BOSTON,2021,254,
BOSTON,2021,253,
BOSTON,2021,252,
BOSTON,2021,251,
BOSTON,2021,250,
BOSTON,2021,249,
BOSTON,2021,248,
BOSTON,2021,247,
BOSTON,2021,246,
BOSTON,2021,245,
BOSTON,2021,244,
BOSTON,2021,243,
BOSTON,2021,242,
BOSTON,2021,241,
BOSTON,2021,240,
BOSTON,2021,239,
BOSTON,2021,238,
BOSTON,2021,237,
BOSTON,2021,236,
BOSTON,2021,235,
BOSTON,2021,234,
BOSTON,2021,233,
BOSTON,2021,232,
BOSTON,2021,231,
BOSTON,2021,230,
BOSTON,2021,229,
BOSTON,2021,228,
BOSTON,2021,227,
BOSTON,2021,226,
BOSTON,2021,225,
BOSTON,2021,224,
BOSTON,2021,223,
BOSTON,2021,222,
BOSTON,2021,221,
BOSTON,2021,220,
BOSTON,2021,219,
BOSTON,2021,218,
BOSTON,2021,217,
BOSTON,2021,216,
BOSTON,2021,215,
BOSTON,2021,214,
BOSTON,2021,213,
BOSTON,2021,212,
BOSTON,2021,211,
BOSTON,2021,210,
BOSTON,2021,209,
BOSTON,2021,208,
BOSTON,2021,207,
BOSTON,2021,206,
BOSTON,2021,205,
BOSTON,2021,204,
BOSTON,2021,203,
BOSTON,2021,202,
BOSTON,2021,201,
BOSTON,2021,200,
BOSTON,2021,199,
BOSTON,2021,198,
BOSTON,2021,197,
BOSTON,2021,196,
BOSTON,2021,195,
BOSTON,2021,194,
BOSTON,2021,193,
BOSTON,2021,192,
BOSTON,2021,191,
BOSTON,2021,190,
BOSTON,2021,189,
BOSTON,2021,188,
BOSTON,2021,187,
BOSTON,2021,186,
BOSTON,2021,185,
BOSTON,2021,184,
BOSTON,2021,183,
BOSTON,2021,182,
BOSTON,2021,181,
BOSTON,2021,180,
BOSTON,2021,179,
BOSTON,2021,178,
BOSTON,2021,177,
BOSTON,2021,176,
BOSTON,2021,175,
BOSTON,2021,174,
BOSTON,2021,173,
BOSTON,2021,172,24
BOSTON,2021,171,
BOSTON,2021,170,
BOSTON,2021,169,24
BOSTON,2021,168,24
BOSTON,2021,167,24
BOSTON,2021,166,24
BOSTON,2021,165,24
BOSTON,2021,164,
BOSTON,2021,163,
BOSTON,2021,162,24
BOSTON,2021,161,24
BOSTON,2021,160,24
BOSTON,2021,159,24
BOSTON,2021,158,24
BOSTON,2021,157,
BOSTON,2021,156,
BOSTON,2021,155,24
BOSTON,2021,154,24
BOSTON,2021,153,24
BOSTON,2021,152,24
BOSTON,2021,151,
BOSTON,2021,150,
BOSTON,2021,149,
BOSTON,2021,148,24
BOSTON,2021,147,24
BOSTON,2021,146,24
BOSTON,2021,145,24
BOSTON,2021,144,24
BOSTON,2021,143,
BOSTON,2021,142,
BOSTON,2021,141,24
BOSTON,2021,140,24
BOSTON,2021,139,24
BOSTON,2021,138,24
BOSTON,2021,137,24
BOSTON,2021,136,
BOSTON,2021,135,
BOSTON,2021,134,24
BOSTON,2021,133,24
BOSTON,2021,132,24
BOSTON,2021,131,24
BOSTON,2021,130,24
BOSTON,2021,129,
BOSTON,2021,128,
BOSTON,2021,127,24
BOSTON,2021,126,24
BOSTON,2021,125,24
BOSTON,2021,124,24
BOSTON,2021,123,24
BOSTON,2021,122,
BOSTON,2021,121,
BOSTON,2021,120,24
BOSTON,2021,119,24
BOSTON,2021,118,24
BOSTON,2021,117,24
BOSTON,2021,116,24
BOSTON,2021,115,
BOSTON,2021,114,
BOSTON,2021,113,24
BOSTON,2021,112,24
BOSTON,2021,111,24
BOSTON,2021,110,24
BOSTON,2021,109,24
BOSTON,2021,108,
BOSTON,2021,107,
BOSTON,2021,106,24
BOSTON,2021,105,24
BOSTON,2021,104,24
BOSTON,2021,103,24
BOSTON,2021,102,24
BOSTON,2021,101,
BOSTON,2021,100,
BOSTON,2021,99,24
BOSTON,2021,98,24
BOSTON,2021,97,24
BOSTON,2021,96,24
BOSTON,2021,95,24
BOSTON,2021,94,
BOSTON,2021,93,
BOSTON,2021,92,24
BOSTON,2021,91,24
BOSTON,2021,90,24
BOSTON,2021,89,24
BOSTON,2021,88,24
BOSTON,2021,87,
BOSTON,2021,86,
BOSTON,2021,85,24
BOSTON,2021,84,24
BOSTON,2021,83,24
BOSTON,2021,82,24
BOSTON,2021,81,24
BOSTON,2021,80,
BOSTON,2021,79,
BOSTON,2021,78,24
BOSTON,2021,77,24
BOSTON,2021,76,24
BOSTON,2021,75,24
BOSTON,2021,74,24
BOSTON,2021,73,
BOSTON,2021,72,
BOSTON,2021,71,24
BOSTON,2021,70,24
BOSTON,2021,69,24
BOSTON,2021,68,24
BOSTON,2021,67,24
BOSTON,2021,66,
BOSTON,2021,65,
BOSTON,2021,64,24
BOSTON,2021,63,24
BOSTON,2021,62,24
BOSTON,2021,61,24
BOSTON,2021,60,24
BOSTON,2021,59,
BOSTON,2021,58,
BOSTON,2021,57,24
BOSTON,2021,56,24
BOSTON,2021,55,24
BOSTON,2021,54,24
BOSTON,2021,53,24
BOSTON,2021,52,
BOSTON,2021,51,
BOSTON,2021,50,24
BOSTON,2021,49,24
BOSTON,2021,48,24
BOSTON,2021,47,24
BOSTON,2021,46,
BOSTON,2021,45,
BOSTON,2021,44,
BOSTON,2021,43,24
BOSTON,2021,42,24
BOSTON,2021,41,24
BOSTON,2021,40,24
BOSTON,2021,39,24
BOSTON,2021,38,
BOSTON,2021,37,
BOSTON,2021,36,24
BOSTON,2021,35,24
BOSTON,2021,34,24
BOSTON,2021,33,24
BOSTON,2021,32,24
BOSTON,2021,31,
BOSTON,2021,30,
BOSTON,2021,29,24
BOSTON,2021,28,24
BOSTON,2021,27,24
BOSTON,2021,26,24
BOSTON,2021,25,24
BOSTON,2021,24,
BOSTON,2021,23,
BOSTON,2021,22,24
BOSTON,2021,21,24
BOSTON,2021,20,24
BOSTON,2021,19,24
BOSTON,2021,18,
BOSTON,2021,17,
BOSTON,2021,16,
BOSTON,2021,15,24
BOSTON,2021,14,24
BOSTON,2021,13,24
BOSTON,2021,12,24
BOSTON,2021,11,24
BOSTON,2021,10,
BOSTON,2021,9,
BOSTON,2021,8,24
BOSTON,2021,7,24
BOSTON,2021,6,24
BOSTON,2021,5,24
BOSTON,2021,4,24
BOSTON,2021,3,
BOSTON,2021,2,
CHICAGO,2021,366,
CHICAGO,2021,365,
CHICAGO,2021,364,27
CHICAGO,2021,363,22.5
CHICAGO,2021,362,22.5
CHICAGO,2021,361,22.5
CHICAGO,2021,360,
CHICAGO,2021,359,
CHICAGO,2021,358,
CHICAGO,2021,357,22.5
CHICAGO,2021,356,22.5
CHICAGO,2021,355,22.5
CHICAGO,2021,354,22.5
CHICAGO,2021,353,
CHICAGO,2021,352,
CHICAGO,2021,351,22.5
CHICAGO,2021,350,22.5
CHICAGO,2021,349,22.5
CHICAGO,2021,348,22.5
CHICAGO,2021,347,22.5
CHICAGO,2021,346,
CHICAGO,2021,345,
CHICAGO,2021,344,22.5
CHICAGO,2021,343,22.5
CHICAGO,2021,342,22.5
CHICAGO,2021,341,22.5
CHICAGO,2021,340,22.5
CHICAGO,2021,339,
CHICAGO,2021,338,
CHICAGO,2021,337,22.5
CHICAGO,2021,336,22.5
CHICAGO,2021,335,22.5
CHICAGO,2021,334,22.5
CHICAGO,2021,333,22.5
CHICAGO,2021,332,
CHICAGO,2021,331,
CHICAGO,2021,330,22.5
CHICAGO,2021,329,
CHICAGO,2021,328,22.5
CHICAGO,2021,327,22.5
CHICAGO,2021,326,22.5
CHICAGO,2021,325,
CHICAGO,2021,324,
CHICAGO,2021,323,22.5
CHICAGO,2021,322,22.5
CHICAGO,2021,321,22.5
CHICAGO,2021,320,22.5
CHICAGO,2021,319,22.5
CHICAGO,2021,318,
CHICAGO,2021,317,
CHICAGO,2021,316,22.5
CHICAGO,2021,315,
CHICAGO,2021,314,22.5
CHICAGO,2021,313,22.5
CHICAGO,2021,312,22.5
CHICAGO,2021,311,
CHICAGO,2021,310,
CHICAGO,2021,309,22.5
CHICAGO,2021,308,22.5
CHICAGO,2021,307,22.5
CHICAGO,2021,306,22.5
CHICAGO,2021,305,22.5
CHICAGO,2021,304,
CHICAGO,2021,303,
CHICAGO,2021,302,22.5
CHICAGO,2021,301,22.5
CHICAGO,2021,300,22.5
CHICAGO,2021,299,22.666666
CHICAGO,2021,298,22.666666
CHICAGO,2021,297,
CHICAGO,2021,296,
CHICAGO,2021,295,22.666666
CHICAGO,2021,294,22.666666
CHICAGO,2021,293,22.666666
CHICAGO,2021,292,22.666666
CHICAGO,2021,291,22.666666
CHICAGO,2021,290,
CHICAGO,2021,289,
CHICAGO,2021,288,22.666666
CHICAGO,2021,287,22.666666
CHICAGO,2021,286,22.666666
CHICAGO,2021,285,22.666666
CHICAGO,2021,284,
CHICAGO,2021,283,
CHICAGO,2021,282,
CHICAGO,2021,281,22.666666
CHICAGO,2021,280,22.666666
CHICAGO,2021,279,22.666666
CHICAGO,2021,278,22.666666
CHICAGO,2021,277,22.666666
CHICAGO,2021,276,
CHICAGO,2021,275,
CHICAGO,2021,274,22.666666
CHICAGO,2021,273,22.666666
CHICAGO,2021,272,22.666666
CHICAGO,2021,271,22.666666
CHICAGO,2021,270,22.666666
CHICAGO,2021,269,
CHICAGO,2021,268,
CHICAGO,2021,267,22.666666
CHICAGO,2021,266,22.666666
CHICAGO,2021,265,22.666666
CHICAGO,2021,264,22.666666
CHICAGO,2021,263,22.666666
CHICAGO,2021,262,
CHICAGO,2021,261,
CHICAGO,2021,260,22.666666
CHICAGO,2021,259,22.666666
CHICAGO,2021,258,22.666666
CHICAGO,2021,257,22.666666
CHICAGO,2021,256,22.666666
CHICAGO,2021,255,
CHICAGO,2021,254,
CHICAGO,2021,253,22.666666
CHICAGO,2021,252,22.666666
CHICAGO,2021,251,22.666666
CHICAGO,2021,250,22.666666
CHICAGO,2021,249,
CHICAGO,2021,248,
CHICAGO,2021,247,
CHICAGO,2021,246,22.666666
CHICAGO,2021,245,22.666666
CHICAGO,2021,244,22.666666
CHICAGO,2021,243,22.666666
CHICAGO,2021,242,22.666666
CHICAGO,2021,241,
CHICAGO,2021,240,
CHICAGO,2021,239,22.666666
CHICAGO,2021,238,22.666666
CHICAGO,2021,237,22.666666
CHICAGO,2021,236,22.666666
CHICAGO,2021,235,22.333333
CHICAGO,2021,234,
CHICAGO,2021,233,
CHICAGO,2021,232,22.333333
CHICAGO,2021,231,26
CHICAGO,2021,230,26
CHICAGO,2021,229,26
CHICAGO,2021,228,26
CHICAGO,2021,227,
CHICAGO,2021,226,
CHICAGO,2021,225,26
CHICAGO,2021,224,26.5
CHICAGO,2021,223,26.5
CHICAGO,2021,222,26.5
CHICAGO,2021,221,23.5
CHICAGO,2021,220,
CHICAGO,2021,219,
CHICAGO,2021,218,23.5
CHICAGO,2021,217,29
CHICAGO,2021,216,29
CHICAGO,2021,215,29
CHICAGO,2021,214,24.75
CHICAGO,2021,213,
CHICAGO,2021,212,
CHICAGO,2021,211,24.75
CHICAGO,2021,210,19.5
CHICAGO,2021,209,19.5
CHICAGO,2021,208,19.5
CHICAGO,2021,207,19.5
CHICAGO,2021,206,
CHICAGO,2021,205,
CHICAGO,2021,204,19.5
CHICAGO,2021,203,20
CHICAGO,2021,202,20
CHICAGO,2021,201,18
CHICAGO,2021,200,18
CHICAGO,2021,199,
CHICAGO,2021,198,
CHICAGO,2021,197,18
CHICAGO,2021,196,18
CHICAGO,2021,195,18
CHICAGO,2021,194,18
CHICAGO,2021,193,16
CHICAGO,2021,192,
CHICAGO,2021,191,
CHICAGO,2021,190,16
CHICAGO,2021,189,16
CHICAGO,2021,188,16.25
CHICAGO,2021,187,16.25
CHICAGO,2021,186,
CHICAGO,2021,185,
CHICAGO,2021,184,
CHICAGO,2021,183,16.25
CHICAGO,2021,182,23
CHICAGO,2021,181,23
CHICAGO,2021,180,23
CHICAGO,2021,179,25.125
CHICAGO,2021,178,
CHICAGO,2021,177,
CHICAGO,2021,176,25.125
CHICAGO,2021,175,25.125
CHICAGO,2021,174,25.125
CHICAGO,2021,173,26.625
CHICAGO,2021,172,26.625
CHICAGO,2021,171,
CHICAGO,2021,170,
CHICAGO,2021,169,26.625
CHICAGO,2021,168,27
CHICAGO,2021,167,27
CHICAGO,2021,166,29
CHICAGO,2021,165,29
CHICAGO,2021,164,
CHICAGO,2021,163,
CHICAGO,2021,162,29
CHICAGO,2021,161,29
CHICAGO,2021,160,31.333333
CHICAGO,2021,159,31.333333
CHICAGO,2021,158,31.333333
CHICAGO,2021,157,
CHICAGO,2021,156,
CHICAGO,2021,155,31.333333
CHICAGO,2021,154,25.75
CHICAGO,2021,153,25.75
CHICAGO,2021,152,25.75
CHICAGO,2021,151,
CHICAGO,2021,150,
CHICAGO,2021,149,
CHICAGO,2021,148,25.75
CHICAGO,2021,147,25.75
CHICAGO,2021,146,25.75
CHICAGO,2021,145,25.75
CHICAGO,2021,144,25.75
CHICAGO,2021,143,
CHICAGO,2021,142,
CHICAGO,2021,141,25.75
CHICAGO,2021,140,25.75
CHICAGO,2021,139,25.75
CHICAGO,2021,138,25.75
CHICAGO,2021,137,29
CHICAGO,2021,136,
CHICAGO,2021,135,
CHICAGO,2021,134,29
CHICAGO,2021,133,30
CHICAGO,2021,132,30
CHICAGO,2021,131,30
CHICAGO,2021,130,28
CHICAGO,2021,129,
CHICAGO,2021,128,
CHICAGO,2021,127,28
CHICAGO,2021,126,27.5
CHICAGO,2021,125,27.5
CHICAGO,2021,124,27.5
CHICAGO,2021,123,27.5
CHICAGO,2021,122,
CHICAGO,2021,121,
CHICAGO,2021,120,27.5
CHICAGO,2021,119,27.5
CHICAGO,2021,118,27.5
CHICAGO,2021,117,27.5
CHICAGO,2021,116,27
CHICAGO,2021,115,
CHICAGO,2021,114,
CHICAGO,2021,113,27
CHICAGO,2021,112,27
CHICAGO,2021,111,27
CHICAGO,2021,110,27
CHICAGO,2021,109,25.5
CHICAGO,2021,108,
CHICAGO,2021,107,
CHICAGO,2021,106,25.5
CHICAGO,2021,105,25
CHICAGO,2021,104,25
CHICAGO,2021,103,25
CHICAGO,2021,102,23.5
CHICAGO,2021,101,
CHICAGO,2021,100,
CHICAGO,2021,99,23.5
CHICAGO,2021,98,23.5
CHICAGO,2021,97,23.5
CHICAGO,2021,96,23.5
CHICAGO,2021,95,22.666666
CHICAGO,2021,94,
CHICAGO,2021,93,
CHICAGO,2021,92,22.666666
CHICAGO,2021,91,22.666666
CHICAGO,2021,90,22.666666
CHICAGO,2021,89,22.666666
CHICAGO,2021,88,23.5
CHICAGO,2021,87,
CHICAGO,2021,86,
CHICAGO,2021,85,23.5
CHICAGO,2021,84,23.5
CHICAGO,2021,83,23.5
CHICAGO,2021,82,23.5
CHICAGO,2021,81,23.333333
CHICAGO,2021,80,
CHICAGO,2021,79,
CHICAGO,2021,78,23.333333
CHICAGO,2021,77,23
CHICAGO,2021,76,23
CHICAGO,2021,75,23.333333
CHICAGO,2021,74,22
CHICAGO,2021,73,
CHICAGO,2021,72,
CHICAGO,2021,71,22
CHICAGO,2021,70,21
CHICAGO,2021,69,21
CHICAGO,2021,68,22.833333
CHICAGO,2021,67,22.833333
CHICAGO,2021,66,
CHICAGO,2021,65,
CHICAGO,2021,64,22.833333
CHICAGO,2021,63,23
CHICAGO,2021,62,23
CHICAGO,2021,61,23
CHICAGO,2021,60,23
CHICAGO,2021,59,
CHICAGO,2021,58,
CHICAGO,2021,57,23
CHICAGO,2021,56,24
CHICAGO,2021,55,24
CHICAGO,2021,54,24
CHICAGO,2021,53,24
CHICAGO,2021,52,
CHICAGO,2021,51,
CHICAGO,2021,50,24
CHICAGO,2021,49,24
CHICAGO,2021,48,24
CHICAGO,2021,47,24
CHICAGO,2021,46,
CHICAGO,2021,45,
CHICAGO,2021,44,
CHICAGO,2021,43,24
CHICAGO,2021,42,23.5
CHICAGO,2021,41,23.5
CHICAGO,2021,40,23.5
CHICAGO,2021,39,23.5
CHICAGO,2021,38,
CHICAGO,2021,37,
CHICAGO,2021,36,23.5
CHICAGO,2021,35,23.5
CHICAGO,2021,34,23.5
CHICAGO,2021,33,23.5
CHICAGO,2021,32,25
CHICAGO,2021,31,
CHICAGO,2021,30,
CHICAGO,2021,29,25
CHICAGO,2021,28,25
CHICAGO,2021,27,24.5
CHICAGO,2021,26,24.5
CHICAGO,2021,25,24.5
CHICAGO,2021,24,
CHICAGO,2021,23,
CHICAGO,2021,22,24.5
CHICAGO,2021,21,25.5
CHICAGO,2021,20,25.5
CHICAGO,2021,19,23
CHICAGO,2021,18,
CHICAGO,2021,17,
CHICAGO,2021,16,
CHICAGO,2021,15,23
CHICAGO,2021,14,23
CHICAGO,2021,13,22.5
CHICAGO,2021,12,22.5
CHICAGO,2021,11,21.5
CHICAGO,2021,10,
CHICAGO,2021,9,
CHICAGO,2021,8,21.5
CHICAGO,2021,7,21
CHICAGO,2021,6,21
CHICAGO,2021,5,21
CHICAGO,2021,4,19
CHICAGO,2021,3,
CHICAGO,2021,2,
COLUMBIA,2021,366,
COLUMBIA,2021,365,20
COLUMBIA,2021,364,20
COLUMBIA,2021,363,20
COLUMBIA,2021,362,
COLUMBIA,2021,361,
COLUMBIA,2021,360,
COLUMBIA,2021,359,
COLUMBIA,2021,358,
COLUMBIA,2021,357,15.5
COLUMBIA,2021,356,15.5
COLUMBIA,2021,355,15.5
COLUMBIA,2021,354,15.5
COLUMBIA,2021,353,
COLUMBIA,2021,352,
COLUMBIA,2021,351,15.5
COLUMBIA,2021,350,15.5
COLUMBIA,2021,349,15.5
COLUMBIA,2021,348,15.5
COLUMBIA,2021,347,15.5
COLUMBIA,2021,346,
COLUMBIA,2021,345,
COLUMBIA,2021,344,15.5
COLUMBIA,2021,343,15.5
COLUMBIA,2021,342,15.5
COLUMBIA,2021,341,15.5
COLUMBIA,2021,340,
COLUMBIA,2021,339,
COLUMBIA,2021,338,
COLUMBIA,2021,337,15.5
COLUMBIA,2021,336,15.5
COLUMBIA,2021,335,15.5
COLUMBIA,2021,334,15.5
COLUMBIA,2021,333,15.5
COLUMBIA,2021,332,
COLUMBIA,2021,331,
COLUMBIA,2021,330,
COLUMBIA,2021,329,
COLUMBIA,2021,328,15.5
COLUMBIA,2021,327,15.5
COLUMBIA,2021,326,15.5
COLUMBIA,2021,325,
COLUMBIA,2021,324,
COLUMBIA,2021,323,15.5
COLUMBIA,2021,322,15.5
COLUMBIA,2021,321,15.5
COLUMBIA,2021,320,15.5
COLUMBIA,2021,319,15.5
COLUMBIA,2021,318,
COLUMBIA,2021,317,
COLUMBIA,2021,316,16
COLUMBIA,2021,315,
COLUMBIA,2021,314,16
COLUMBIA,2021,313,16
COLUMBIA,2021,312,16
COLUMBIA,2021,311,
COLUMBIA,2021,310,
COLUMBIA,2021,309,16
COLUMBIA,2021,308,16
COLUMBIA,2021,307,16
COLUMBIA,2021,306,16
COLUMBIA,2021,305,16
COLUMBIA,2021,304,
COLUMBIA,2021,303,
COLUMBIA,2021,302,15.5
COLUMBIA,2021,301,15.5
COLUMBIA,2021,300,15.5
COLUMBIA,2021,299,15.5
COLUMBIA,2021,298,15.5
COLUMBIA,2021,297,
COLUMBIA,2021,296,
COLUMBIA,2021,295,15.5
COLUMBIA,2021,294,15.5
COLUMBIA,2021,293,15.5
COLUMBIA,2021,292,15.5
COLUMBIA,2021,291,15.5
COLUMBIA,2021,290,
COLUMBIA,2021,289,
COLUMBIA,2021,288,15.5
COLUMBIA,2021,287,15.5
COLUMBIA,2021,286,15.5
COLUMBIA,2021,285,15.5
COLUMBIA,2021,284,15.5
COLUMBIA,2021,283,
COLUMBIA,2021,282,
COLUMBIA,2021,281,15
COLUMBIA,2021,280,15
COLUMBIA,2021,279,15
COLUMBIA,2021,278,15
COLUMBIA,2021,277,15
COLUMBIA,2021,276,
COLUMBIA,2021,275,
COLUMBIA,2021,274,15
COLUMBIA,2021,273,15
COLUMBIA,2021,272,15
COLUMBIA,2021,271,15
COLUMBIA,2021,270,15
COLUMBIA,2021,269,
COLUMBIA,2021,268,
COLUMBIA,2021,267,15
COLUMBIA,2021,266,15
COLUMBIA,2021,265,15
COLUMBIA,2021,264,15
COLUMBIA,2021,263,15
COLUMBIA,2021,262,
COLUMBIA,2021,261,
COLUMBIA,2021,260,15
COLUMBIA,2021,259,15
COLUMBIA,2021,258,15
COLUMBIA,2021,257,15
COLUMBIA,2021,256,15
COLUMBIA,2021,255,
COLUMBIA,2021,254,
COLUMBIA,2021,253,15
COLUMBIA,2021,252,15
COLUMBIA,2021,251,15
COLUMBIA,2021,250,15
COLUMBIA,2021,249,
COLUMBIA,2021,248,
COLUMBIA,2021,247,
COLUMBIA,2021,246,15.5
COLUMBIA,2021,245,15.5
COLUMBIA,2021,244,15.5
COLUMBIA,2021,243,15.5
COLUMBIA,2021,242,15.5
COLUMBIA,2021,241,
COLUMBIA,2021,240,
COLUMBIA,2021,239,15.5
COLUMBIA,2021,238,15.5
COLUMBIA,2021,237,15.5
COLUMBIA,2021,236,15.5
COLUMBIA,2021,235,15.5
COLUMBIA,2021,234,
COLUMBIA,2021,233,
COLUMBIA,2021,232,20.333333
COLUMBIA,2021,231,20.333333
COLUMBIA,2021,230,20.333333
COLUMBIA,2021,229,20.333333
COLUMBIA,2021,228,20.333333
COLUMBIA,2021,227,
COLUMBIA,2021,226,
COLUMBIA,2021,225,20.333333
COLUMBIA,2021,224,20.333333
COLUMBIA,2021,223,20.333333
COLUMBIA,2021,222,20.333333
COLUMBIA,2021,221,20.333333
COLUMBIA,2021,220,
COLUMBIA,2021,219,
COLUMBIA,2021,218,20.333333
COLUMBIA,2021,217,20.333333
COLUMBIA,2021,216,20.333333
COLUMBIA,2021,215,20.333333
COLUMBIA,2021,214,20.333333
COLUMBIA,2021,213,
COLUMBIA,2021,212,
COLUMBIA,2021,211,20.333333
COLUMBIA,2021,210,20.333333
COLUMBIA,2021,209,20.333333
COLUMBIA,2021,208,20.333333
COLUMBIA,2021,207,20.333333
COLUMBIA,2021,206,
COLUMBIA,2021,205,
COLUMBIA,2021,204,18.166666
COLUMBIA,2021,203,18.166666
COLUMBIA,2021,202,18.166666
COLUMBIA,2021,201,18.166666
COLUMBIA,2021,200,18.166666
COLUMBIA,2021,199,
COLUMBIA,2021,198,
COLUMBIA,2021,197,14.75
COLUMBIA,2021,196,14.75
COLUMBIA,2021,195,14.75
COLUMBIA,2021,194,14.75
COLUMBIA,2021,193,
COLUMBIA,2021,192,
COLUMBIA,2021,191,
COLUMBIA,2021,190,14.75
COLUMBIA,2021,189,14.75
COLUMBIA,2021,188,14.75
COLUMBIA,2021,187,14.75
COLUMBIA,2021,186,
COLUMBIA,2021,185,
COLUMBIA,2021,184,
COLUMBIA,2021,183,15
COLUMBIA,2021,182,15
COLUMBIA,2021,181,15
COLUMBIA,2021,180,15
COLUMBIA,2021,179,15
COLUMBIA,2021,178,
COLUMBIA,2021,177,
COLUMBIA,2021,176,18.166666
COLUMBIA,2021,175,18.166666
COLUMBIA,2021,174,18.166666
COLUMBIA,2021,173,18.166666
COLUMBIA,2021,172,18.166666
COLUMBIA,2021,171,
COLUMBIA,2021,170,
COLUMBIA,2021,169,18.166666
COLUMBIA,2021,168,18.166666
COLUMBIA,2021,167,18.166666
COLUMBIA,2021,166,18.166666
COLUMBIA,2021,165,18.166666
COLUMBIA,2021,164,
COLUMBIA,2021,163,
COLUMBIA,2021,162,18.166666
COLUMBIA,2021,161,14.75
COLUMBIA,2021,160,14.75
COLUMBIA,2021,159,14.75
COLUMBIA,2021,158,14.75
COLUMBIA,2021,157,
COLUMBIA,2021,156,
COLUMBIA,2021,155,14.75
COLUMBIA,2021,154,14.75
COLUMBIA,2021,153,14.75
COLUMBIA,2021,152,14.75
COLUMBIA,2021,151,
COLUMBIA,2021,150,
COLUMBIA,2021,149,
COLUMBIA,2021,148,18.5
COLUMBIA,2021,147,18.5
COLUMBIA,2021,146,18.5
COLUMBIA,2021,145,18.5
COLUMBIA,2021,144,18.5
COLUMBIA,2021,143,
COLUMBIA,2021,142,
COLUMBIA,2021,141,18.5
COLUMBIA,2021,140,14.75
COLUMBIA,2021,139,14.75
COLUMBIA,2021,138,14.75
COLUMBIA,2021,137,
COLUMBIA,2021,136,
COLUMBIA,2021,135,
COLUMBIA,2021,134,18.166666
COLUMBIA,2021,133,18.166666
COLUMBIA,2021,132,18.166666
COLUMBIA,2021,131,18.166666
COLUMBIA,2021,130,
COLUMBIA,2021,129,
COLUMBIA,2021,128,
COLUMBIA,2021,127,18.333333
COLUMBIA,2021,126,18
COLUMBIA,2021,125,18
COLUMBIA,2021,124,18
COLUMBIA,2021,123,18
COLUMBIA,2021,122,
COLUMBIA,2021,121,
COLUMBIA,2021,120,17.666666
COLUMBIA,2021,119,17.666666
COLUMBIA,2021,118,17.666666
COLUMBIA,2021,117,17.666666
COLUMBIA,2021,116,17.666666
COLUMBIA,2021,115,
COLUMBIA,2021,114,
COLUMBIA,2021,113,18
COLUMBIA,2021,112,18
COLUMBIA,2021,111,18
COLUMBIA,2021,110,18
COLUMBIA,2021,109,18
COLUMBIA,2021,108,
COLUMBIA,2021,107,
COLUMBIA,2021,106,18
COLUMBIA,2021,105,18
COLUMBIA,2021,104,18
COLUMBIA,2021,103,18
COLUMBIA,2021,102,18
COLUMBIA,2021,101,
COLUMBIA,2021,100,
COLUMBIA,2021,99,18
COLUMBIA,2021,98,18
COLUMBIA,2021,97,18
COLUMBIA,2021,96,18
COLUMBIA,2021,95,18
COLUMBIA,2021,94,
COLUMBIA,2021,93,
COLUMBIA,2021,92,18
COLUMBIA,2021,91,18
COLUMBIA,2021,90,18
COLUMBIA,2021,89,18
COLUMBIA,2021,88,18
COLUMBIA,2021,87,
COLUMBIA,2021,86,
COLUMBIA,2021,85,17.833333
COLUMBIA,2021,84,17.833333
COLUMBIA,2021,83,17.833333
COLUMBIA,2021,82,17.833333
COLUMBIA,2021,81,17.833333
COLUMBIA,2021,80,
COLUMBIA,2021,79,
COLUMBIA,2021,78,17.833333
COLUMBIA,2021,77,17.833333
COLUMBIA,2021,76,17.833333
COLUMBIA,2021,75,17.833333
COLUMBIA,2021,74,17.833333
COLUMBIA,2021,73,
COLUMBIA,2021,72,
COLUMBIA,2021,71,18
COLUMBIA,2021,70,18
COLUMBIA,2021,69,18
COLUMBIA,2021,68,18
COLUMBIA,2021,67,18
COLUMBIA,2021,66,
COLUMBIA,2021,65,
COLUMBIA,2021,64,14.5
COLUMBIA,2021,63,14.5
COLUMBIA,2021,62,14.5
COLUMBIA,2021,61,14.5
COLUMBIA,2021,60,14.5
COLUMBIA,2021,59,
COLUMBIA,2021,58,
COLUMBIA,2021,57,15
COLUMBIA,2021,56,15
COLUMBIA,2021,55,15
COLUMBIA,2021,54,15
COLUMBIA,2021,53,15
COLUMBIA,2021,52,
COLUMBIA,2021,51,
COLUMBIA,2021,50,15
COLUMBIA,2021,49,15
COLUMBIA,2021,48,15
COLUMBIA,2021,47,15
COLUMBIA,2021,46,
COLUMBIA,2021,45,
COLUMBIA,2021,44,
COLUMBIA,2021,43,19.666666
COLUMBIA,2021,42,19.666666
COLUMBIA,2021,41,19.666666
COLUMBIA,2021,40,19.666666
COLUMBIA,2021,39,19.666666
COLUMBIA,2021,38,
COLUMBIA,2021,37,
COLUMBIA,2021,36,18
COLUMBIA,2021,35,18
COLUMBIA,2021,34,18
COLUMBIA,2021,33,18
COLUMBIA,2021,32,18
COLUMBIA,2021,31,
COLUMBIA,2021,30,
COLUMBIA,2021,29,18
COLUMBIA,2021,28,18
COLUMBIA,2021,27,18
COLUMBIA,2021,26,18
COLUMBIA,2021,25,18
COLUMBIA,2021,24,
COLUMBIA,2021,23,
COLUMBIA,2021,22,18
COLUMBIA,2021,21,18
COLUMBIA,2021,20,18
COLUMBIA,2021,19,18
COLUMBIA,2021,18,
COLUMBIA,2021,17,
COLUMBIA,2021,16,
COLUMBIA,2021,15,21.25
COLUMBIA,2021,14,18.333333
COLUMBIA,2021,13,18.333333
COLUMBIA,2021,12,18.333333
COLUMBIA,2021,11,18.333333
COLUMBIA,2021,10,
COLUMBIA,2021,9,
COLUMBIA,2021,8,18.333333
COLUMBIA,2021,7,18
COLUMBIA,2021,6,18
COLUMBIA,2021,5,14.5
COLUMBIA,2021,4,14.5
COLUMBIA,2021,3,
COLUMBIA,2021,2,
NEW YORK,2021,366,
NEW YORK,2021,365,
NEW YORK,2021,364,
NEW YORK,2021,363,
NEW YORK,2021,362,
NEW YORK,2021,361,
NEW YORK,2021,360,
NEW YORK,2021,359,
NEW YORK,2021,358,
NEW YORK,2021,357,
NEW YORK,2021,356,
NEW YORK,2021,355,
NEW YORK,2021,354,
NEW YORK,2021,353,
NEW YORK,2021,352,
NEW YORK,2021,351,
NEW YORK,2021,350,
NEW YORK,2021,349,
NEW YORK,2021,348,
NEW YORK,2021,347,
NEW YORK,2021,346,
NEW YORK,2021,345,
NEW YORK,2021,344,
NEW YORK,2021,343,
NEW YORK,2021,342,
NEW YORK,2021,341,
NEW YORK,2021,340,
NEW YORK,2021,339,
NEW YORK,2021,338,
NEW YORK,2021,337,
NEW YORK,2021,336,
NEW YORK,2021,335,
NEW YORK,2021,334,
NEW YORK,2021,333,
NEW YORK,2021,332,
NEW YORK,2021,331,
NEW YORK,2021,330,
NEW YORK,2021,329,
NEW YORK,2021,328,
NEW YORK,2021,327,
NEW YORK,2021,326,
NEW YORK,2021,325,
NEW YORK,2021,324,
NEW YORK,2021,323,
NEW YORK,2021,322,
NEW YORK,2021,321,
NEW YORK,2021,320,21
NEW YORK,2021,319,21
NEW YORK,2021,318,
NEW YORK,2021,317,
NEW YORK,2021,316,21
NEW YORK,2021,315,
NEW YORK,2021,314,21
NEW YORK,2021,313,21
NEW YORK,2021,312,21
NEW YORK,2021,311,
NEW YORK,2021,310,
NEW YORK,2021,309,17.75
NEW YORK,2021,308,17.75
NEW YORK,2021,307,17.75
NEW YORK,2021,306,17.75
NEW YORK,2021,305,17.75
NEW YORK,2021,304,
NEW YORK,2021,303,
NEW YORK,2021,302,17.5
NEW YORK,2021,301,17.5
NEW YORK,2021,300,17.5
NEW YORK,2021,299,17.5
NEW YORK,2021,298,17.5
NEW YORK,2021,297,
NEW YORK,2021,296,
NEW YORK,2021,295,24
NEW YORK,2021,294,24
NEW YORK,2021,293,
NEW YORK,2021,292,
NEW YORK,2021,291,
NEW YORK,2021,290,
NEW YORK,2021,289,
NEW YORK,2021,288,
NEW YORK,2021,287,
NEW YORK,2021,286,
NEW YORK,2021,285,
NEW YORK,2021,284,
NEW YORK,2021,283,
NEW YORK,2021,282,
NEW YORK,2021,281,
NEW YORK,2021,280,
NEW YORK,2021,279,
NEW YORK,2021,278,
NEW YORK,2021,277,
NEW YORK,2021,276,
NEW YORK,2021,275,
NEW YORK,2021,274,
NEW YORK,2021,273,
NEW YORK,2021,272,
NEW YORK,2021,271,
NEW YORK,2021,270,
NEW YORK,2021,269,
NEW YORK,2021,268,
NEW YORK,2021,267,
NEW YORK,2021,266,
NEW YORK,2021,265,
NEW YORK,2021,264,
NEW YORK,2021,263,
NEW YORK,2021,262,
NEW YORK,2021,261,
NEW YORK,2021,260,
NEW YORK,2021,259,
NEW YORK,2021,258,
NEW YORK,2021,257,
NEW YORK,2021,256,
NEW YORK,2021,255,
NEW YORK,2021,254,
NEW YORK,2021,253,
NEW YORK,2021,252,
NEW YORK,2021,251,
NEW YORK,2021,250,19
NEW YORK,2021,249,
NEW YORK,2021,248,
NEW YORK,2021,247,
NEW YORK,2021,246,19
NEW YORK,2021,245,19
NEW YORK,2021,244,19
NEW YORK,2021,243,19
NEW YORK,2021,242,21
NEW YORK,2021,241,
NEW YORK,2021,240,
NEW YORK,2021,239,17
NEW YORK,2021,238,17
NEW YORK,2021,237,22
NEW YORK,2021,236,22
NEW YORK,2021,235,22
NEW YORK,2021,234,
NEW YORK,2021,233,
NEW YORK,2021,232,
NEW YORK,2021,231,
NEW YORK,2021,230,
NEW YORK,2021,229,
NEW YORK,2021,228,
NEW YORK,2021,227,
NEW YORK,2021,226,
NEW YORK,2021,225,21
NEW YORK,2021,224,21
NEW YORK,2021,223,22
NEW YORK,2021,222,22
NEW YORK,2021,221,22
NEW YORK,2021,220,
NEW YORK,2021,219,
NEW YORK,2021,218,
NEW YORK,2021,217,
NEW YORK,2021,216,
NEW YORK,2021,215,
NEW YORK,2021,214,
NEW YORK,2021,213,
NEW YORK,2021,212,
NEW YORK,2021,211,
NEW YORK,2021,210,
NEW YORK,2021,209,
NEW YORK,2021,208,
NEW YORK,2021,207,
NEW YORK,2021,206,
NEW YORK,2021,205,
NEW YORK,2021,204,
NEW YORK,2021,203,
NEW YORK,2021,202,
NEW YORK,2021,201,
NEW YORK,2021,200,
NEW YORK,2021,199,
NEW YORK,2021,198,
NEW YORK,2021,197,
NEW YORK,2021,196,
NEW YORK,2021,195,
NEW YORK,2021,194,
NEW YORK,2021,193,
NEW YORK,2021,192,
NEW YORK,2021,191,
NEW YORK,2021,190,
NEW YORK,2021,189,
NEW YORK,2021,188,
NEW YORK,2021,187,
NEW YORK,2021,186,
NEW YORK,2021,185,
NEW YORK,2021,184,
NEW YORK,2021,183,
NEW YORK,2021,182,
NEW YORK,2021,181,
NEW YORK,2021,180,
NEW YORK,2021,179,17
NEW YORK,2021,178,
NEW YORK,2021,177,
NEW YORK,2021,176,17.5
NEW YORK,2021,175,17.5
NEW YORK,2021,174,18
NEW YORK,2021,173,18
NEW YORK,2021,172,18
NEW YORK,2021,171,
NEW YORK,2021,170,
NEW YORK,2021,169,17
NEW YORK,2021,168,17
NEW YORK,2021,167,17
NEW YORK,2021,166,17
NEW YORK,2021,165,17
NEW YORK,2021,164,
NEW YORK,2021,163,
NEW YORK,2021,162,20
NEW YORK,2021,161,20
NEW YORK,2021,160,20
NEW YORK,2021,159,20
NEW YORK,2021,158,20
NEW YORK,2021,157,
NEW YORK,2021,156,
NEW YORK,2021,155,
NEW YORK,2021,154,
NEW YORK,2021,153,
NEW YORK,2021,152,
NEW YORK,2021,151,
NEW YORK,2021,150,
NEW YORK,2021,149,
NEW YORK,2021,148,
NEW YORK,2021,147,
NEW YORK,2021,146,
NEW YORK,2021,145,
NEW YORK,2021,144,23
NEW YORK,2021,143,
NEW YORK,2021,142,
NEW YORK,2021,141,23
NEW YORK,2021,140,23
NEW YORK,2021,139,23
NEW YORK,2021,138,23
NEW YORK,2021,137,23
NEW YORK,2021,136,
NEW YORK,2021,135,
NEW YORK,2021,134,24
NEW YORK,2021,133,24
NEW YORK,2021,132,
NEW YORK,2021,131,
NEW YORK,2021,130,
NEW YORK,2021,129,
NEW YORK,2021,128,
NEW YORK,2021,127,
NEW YORK,2021,126,
NEW YORK,2021,125,
NEW YORK,2021,124,
NEW YORK,2021,123,
NEW YORK,2021,122,
NEW YORK,2021,121,
NEW YORK,2021,120,
NEW YORK,2021,119,
NEW YORK,2021,118,
NEW YORK,2021,117,9
NEW YORK,2021,116,9
NEW YORK,2021,115,
NEW YORK,2021,114,
NEW YORK,2021,113,9
NEW YORK,2021,112,
NEW YORK,2021,111,
NEW YORK,2021,110,
NEW YORK,2021,109,
NEW YORK,2021,108,
NEW YORK,2021,107,
NEW YORK,2021,106,
NEW YORK,2021,105,
NEW YORK,2021,104,
NEW YORK,2021,103,
NEW YORK,2021,102,
NEW YORK,2021,101,
NEW YORK,2021,100,
NEW YORK,2021,99,
NEW YORK,2021,98,
NEW YORK,2021,97,
NEW YORK,2021,96,
NEW YORK,2021,95,
NEW YORK,2021,94,
NEW YORK,2021,93,
NEW YORK,2021,92,
NEW YORK,2021,91,
NEW YORK,2021,90,
NEW YORK,2021,89,
NEW YORK,2021,88,15.5
NEW YORK,2021,87,
NEW YORK,2021,86,
NEW YORK,2021,85,15.5
NEW YORK,2021,84,15.5
NEW YORK,2021,83,
NEW YORK,2021,82,
NEW YORK,2021,81,25
NEW YORK,2021,80,
NEW YORK,2021,79,
NEW YORK,2021,78,25
NEW YORK,2021,77,25
NEW YORK,2021,76,25
NEW YORK,2021,75,
NEW YORK,2021,74,24
NEW YORK,2021,73,
NEW YORK,2021,72,
NEW YORK,2021,71,24
NEW YORK,2021,70,24
NEW YORK,2021,69,
NEW YORK,2021,68,
NEW YORK,2021,67,
NEW YORK,2021,66,
NEW YORK,2021,65,
NEW YORK,2021,64,
NEW YORK,2021,63,
NEW YORK,2021,62,
NEW YORK,2021,61,
NEW YORK,2021,60,21
NEW YORK,2021,59,
NEW YORK,2021,58,
NEW YORK,2021,57,21
NEW YORK,2021,56,21
NEW YORK,2021,55,21
NEW YORK,2021,54,
NEW YORK,2021,53,
NEW YORK,2021,52,
NEW YORK,2021,51,
NEW YORK,2021,50,
NEW YORK,2021,49,
NEW YORK,2021,48,
NEW YORK,2021,47,
NEW YORK,2021,46,
NEW YORK,2021,45,
NEW YORK,2021,44,
NEW YORK,2021,43,
NEW YORK,2021,42,
NEW YORK,2021,41,
NEW YORK,2021,40,
NEW YORK,2021,39,
NEW YORK,2021,38,
NEW YORK,2021,37,
NEW YORK,2021,36,22
NEW YORK,2021,35,22
NEW YORK,2021,34,22
NEW YORK,2021,33,
NEW YORK,2021,32,
NEW YORK,2021,31,
NEW YORK,2021,30,
NEW YORK,2021,29,
NEW YORK,2021,28,
NEW YORK,2021,27,
NEW YORK,2021,26,
NEW YORK,2021,25,
NEW YORK,2021,24,
NEW YORK,2021,23,
NEW YORK,2021,22,
NEW YORK,2021,21,
NEW YORK,2021,20,
NEW YORK,2021,19,
NEW YORK,2021,18,
NEW YORK,2021,17,
NEW YORK,2021,16,
NEW YORK,2021,15,
NEW YORK,2021,14,
NEW YORK,2021,13,
NEW YORK,2021,12,
NEW YORK,2021,11,
NEW YORK,2021,10,
NEW YORK,2021,9,
NEW YORK,2021,8,
NEW YORK,2021,7,
NEW YORK,2021,6,
NEW YORK,2021,5,
NEW YORK,2021,4,
NEW YORK,2021,3,
NEW YORK,2021,2,
PHILADELPHIA,2021,366,
PHILADELPHIA,2021,365,
PHILADELPHIA,2021,364,16
PHILADELPHIA,2021,363,16
PHILADELPHIA,2021,362,16
PHILADELPHIA,2021,361,16
PHILADELPHIA,2021,360,
PHILADELPHIA,2021,359,
PHILADELPHIA,2021,358,
PHILADELPHIA,2021,357,16
PHILADELPHIA,2021,356,16
PHILADELPHIA,2021,355,16
PHILADELPHIA,2021,354,16
PHILADELPHIA,2021,353,
PHILADELPHIA,2021,352,
PHILADELPHIA,2021,351,16
PHILADELPHIA,2021,350,16
PHILADELPHIA,2021,349,16
PHILADELPHIA,2021,348,16
PHILADELPHIA,2021,347,16
PHILADELPHIA,2021,346,
PHILADELPHIA,2021,345,
PHILADELPHIA,2021,344,14
PHILADELPHIA,2021,343,14
PHILADELPHIA,2021,342,14
PHILADELPHIA,2021,341,14
PHILADELPHIA,2021,340,14
PHILADELPHIA,2021,339,
PHILADELPHIA,2021,338,
PHILADELPHIA,2021,337,14
PHILADELPHIA,2021,336,14
PHILADELPHIA,2021,335,14
PHILADELPHIA,2021,334,14
PHILADELPHIA,2021,333,14
PHILADELPHIA,2021,332,
PHILADELPHIA,2021,331,
PHILADELPHIA,2021,330,
PHILADELPHIA,2021,329,
PHILADELPHIA,2021,328,14
PHILADELPHIA,2021,327,14
PHILADELPHIA,2021,326,14
PHILADELPHIA,2021,325,
PHILADELPHIA,2021,324,
PHILADELPHIA,2021,323,14
PHILADELPHIA,2021,322,14
PHILADELPHIA,2021,321,14
PHILADELPHIA,2021,320,14
PHILADELPHIA,2021,319,14
PHILADELPHIA,2021,318,
PHILADELPHIA,2021,317,
PHILADELPHIA,2021,316,14
PHILADELPHIA,2021,315,
PHILADELPHIA,2021,314,14
PHILADELPHIA,2021,313,14
PHILADELPHIA,2021,312,14
PHILADELPHIA,2021,311,
PHILADELPHIA,2021,310,
PHILADELPHIA,2021,309,18.5
PHILADELPHIA,2021,308,18.5
PHILADELPHIA,2021,307,18.5
PHILADELPHIA,2021,306,18.5
PHILADELPHIA,2021,305,18.5
PHILADELPHIA,2021,304,
PHILADELPHIA,2021,303,
PHILADELPHIA,2021,302,14
PHILADELPHIA,2021,301,14
PHILADELPHIA,2021,300,14
PHILADELPHIA,2021,299,14
PHILADELPHIA,2021,298,14
PHILADELPHIA,2021,297,
PHILADELPHIA,2021,296,
PHILADELPHIA,2021,295,17
PHILADELPHIA,2021,294,
PHILADELPHIA,2021,293,14
PHILADELPHIA,2021,292,
PHILADELPHIA,2021,291,14
PHILADELPHIA,2021,290,
PHILADELPHIA,2021,289,
PHILADELPHIA,2021,288,14
PHILADELPHIA,2021,287,
PHILADELPHIA,2021,286,14
PHILADELPHIA,2021,285,
PHILADELPHIA,2021,284,
PHILADELPHIA,2021,283,
PHILADELPHIA,2021,282,
PHILADELPHIA,2021,281,14
PHILADELPHIA,2021,280,
PHILADELPHIA,2021,279,14
PHILADELPHIA,2021,278,
PHILADELPHIA,2021,277,14
PHILADELPHIA,2021,276,
PHILADELPHIA,2021,275,
PHILADELPHIA,2021,274,14
PHILADELPHIA,2021,273,
PHILADELPHIA,2021,272,14
PHILADELPHIA,2021,271,
PHILADELPHIA,2021,270,14
PHILADELPHIA,2021,269,
PHILADELPHIA,2021,268,
PHILADELPHIA,2021,267,14
PHILADELPHIA,2021,266,14
PHILADELPHIA,2021,265,14
PHILADELPHIA,2021,264,14
PHILADELPHIA,2021,263,14
PHILADELPHIA,2021,262,
PHILADELPHIA,2021,261,
PHILADELPHIA,2021,260,14
PHILADELPHIA,2021,259,14
PHILADELPHIA,2021,258,14
PHILADELPHIA,2021,257,14
PHILADELPHIA,2021,256,14
PHILADELPHIA,2021,255,
PHILADELPHIA,2021,254,
PHILADELPHIA,2021,253,14
PHILADELPHIA,2021,252,14
PHILADELPHIA,2021,251,14
PHILADELPHIA,2021,250,14
PHILADELPHIA,2021,249,
PHILADELPHIA,2021,248,
PHILADELPHIA,2021,247,
PHILADELPHIA,2021,246,14
PHILADELPHIA,2021,245,14
PHILADELPHIA,2021,244,14
PHILADELPHIA,2021,243,16
PHILADELPHIA,2021,242,16
PHILADELPHIA,2021,241,
PHILADELPHIA,2021,240,
PHILADELPHIA,2021,239,16
PHILADELPHIA,2021,238,16
PHILADELPHIA,2021,237,16
PHILADELPHIA,2021,236,16
PHILADELPHIA,2021,235,16
PHILADELPHIA,2021,234,
PHILADELPHIA,2021,233,
PHILADELPHIA,2021,232,16
PHILADELPHIA,2021,231,16
PHILADELPHIA,2021,230,16
PHILADELPHIA,2021,229,16
PHILADELPHIA,2021,228,16
PHILADELPHIA,2021,227,
PHILADELPHIA,2021,226,
PHILADELPHIA,2021,225,16
PHILADELPHIA,2021,224,16
PHILADELPHIA,2021,223,16
PHILADELPHIA,2021,222,16
PHILADELPHIA,2021,221,16
PHILADELPHIA,2021,220,
PHILADELPHIA,2021,219,
PHILADELPHIA,2021,218,24
PHILADELPHIA,2021,217,24
PHILADELPHIA,2021,216,24
PHILADELPHIA,2021,215,24
PHILADELPHIA,2021,214,24
PHILADELPHIA,2021,213,
PHILADELPHIA,2021,212,
PHILADELPHIA,2021,211,
PHILADELPHIA,2021,210,
PHILADELPHIA,2021,209,
PHILADELPHIA,2021,208,
PHILADELPHIA,2021,207,
PHILADELPHIA,2021,206,
PHILADELPHIA,2021,205,
PHILADELPHIA,2021,204,
PHILADELPHIA,2021,203,
PHILADELPHIA,2021,202,
PHILADELPHIA,2021,201,
PHILADELPHIA,2021,200,
PHILADELPHIA,2021,199,
PHILADELPHIA,2021,198,
PHILADELPHIA,2021,197,
PHILADELPHIA,2021,196,
PHILADELPHIA,2021,195,
PHILADELPHIA,2021,194,
PHILADELPHIA,2021,193,
PHILADELPHIA,2021,192,
PHILADELPHIA,2021,191,
PHILADELPHIA,2021,190,
PHILADELPHIA,2021,189,
PHILADELPHIA,2021,188,
PHILADELPHIA,2021,187,
PHILADELPHIA,2021,186,
PHILADELPHIA,2021,185,
PHILADELPHIA,2021,184,
PHILADELPHIA,2021,183,12
PHILADELPHIA,2021,182,12
PHILADELPHIA,2021,181,12
PHILADELPHIA,2021,180,12
PHILADELPHIA,2021,179,12
PHILADELPHIA,2021,178,
PHILADELPHIA,2021,177,
PHILADELPHIA,2021,176,12
PHILADELPHIA,2021,175,12
PHILADELPHIA,2021,174,12
PHILADELPHIA,2021,173,12
PHILADELPHIA,2021,172,12
PHILADELPHIA,2021,171,
PHILADELPHIA,2021,170,
PHILADELPHIA,2021,169,
PHILADELPHIA,2021,168,
PHILADELPHIA,2021,167,
PHILADELPHIA,2021,166,
PHILADELPHIA,2021,165,
PHILADELPHIA,2021,164,
PHILADELPHIA,2021,163,
PHILADELPHIA,2021,162,
PHILADELPHIA,2021,161,
PHILADELPHIA,2021,160,
PHILADELPHIA,2021,159,
PHILADELPHIA,2021,158,
PHILADELPHIA,2021,157,
PHILADELPHIA,2021,156,
PHILADELPHIA,2021,155,20
PHILADELPHIA,2021,154,20
PHILADELPHIA,2021,153,20
PHILADELPHIA,2021,152,20
PHILADELPHIA,2021,151,
PHILADELPHIA,2021,150,
PHILADELPHIA,2021,149,
PHILADELPHIA,2021,148,21.5
PHILADELPHIA,2021,147,21.5
PHILADELPHIA,2021,146,21.5
PHILADELPHIA,2021,145,21.5
PHILADELPHIA,2021,144,21.5
PHILADELPHIA,2021,143,
PHILADELPHIA,2021,142,
PHILADELPHIA,2021,141,21.5
PHILADELPHIA,2021,140,21.5
PHILADELPHIA,2021,139,21.5
PHILADELPHIA,2021,138,21.5
PHILADELPHIA,2021,137,21.5
PHILADELPHIA,2021,136,
PHILADELPHIA,2021,135,
PHILADELPHIA,2021,134,17.5
PHILADELPHIA,2021,133,17.5
PHILADELPHIA,2021,132,17.5
PHILADELPHIA,2021,131,17.5
PHILADELPHIA,2021,130,17.5
PHILADELPHIA,2021,129,
PHILADELPHIA,2021,128,
PHILADELPHIA,2021,127,17.5
PHILADELPHIA,2021,126,17.5
PHILADELPHIA,2021,125,17.5
PHILADELPHIA,2021,124,17.5
PHILADELPHIA,2021,123,17.5
PHILADELPHIA,2021,122,
PHILADELPHIA,2021,121,
PHILADELPHIA,2021,120,17.5
PHILADELPHIA,2021,119,17.5
PHILADELPHIA,2021,118,17.5
PHILADELPHIA,2021,117,17.5
PHILADELPHIA,2021,116,17.5
PHILADELPHIA,2021,115,
PHILADELPHIA,2021,114,
PHILADELPHIA,2021,113,17.5
PHILADELPHIA,2021,112,17.5
PHILADELPHIA,2021,111,17.5
PHILADELPHIA,2021,110,17.5
PHILADELPHIA,2021,109,17.5
PHILADELPHIA,2021,108,
PHILADELPHIA,2021,107,
PHILADELPHIA,2021,106,17.5
PHILADELPHIA,2021,105,17.5
PHILADELPHIA,2021,104,17.5
PHILADELPHIA,2021,103,17.5
PHILADELPHIA,2021,102,17.5
PHILADELPHIA,2021,101,
PHILADELPHIA,2021,100,
PHILADELPHIA,2021,99,17.5
PHILADELPHIA,2021,98,17.5
PHILADELPHIA,2021,97,17.5
PHILADELPHIA,2021,96,17.5
PHILADELPHIA,2021,95,
PHILADELPHIA,2021,94,
PHILADELPHIA,2021,93,
PHILADELPHIA,2021,92,12
PHILADELPHIA,2021,91,12
PHILADELPHIA,2021,90,12
PHILADELPHIA,2021,89,12
PHILADELPHIA,2021,88,12
PHILADELPHIA,2021,87,
PHILADELPHIA,2021,86,
PHILADELPHIA,2021,85,13.5
PHILADELPHIA,2021,84,13.5
PHILADELPHIA,2021,83,13.5
PHILADELPHIA,2021,82,13.5
PHILADELPHIA,2021,81,13.5
PHILADELPHIA,2021,80,
PHILADELPHIA,2021,79,
PHILADELPHIA,2021,78,13.5
PHILADELPHIA,2021,77,13.5
PHILADELPHIA,2021,76,13.5
PHILADELPHIA,2021,75,13.5
PHILADELPHIA,2021,74,13.5
PHILADELPHIA,2021,73,
PHILADELPHIA,2021,72,
PHILADELPHIA,2021,71,15.5
PHILADELPHIA,2021,70,15.5
PHILADELPHIA,2021,69,15.5
PHILADELPHIA,2021,68,15.5
PHILADELPHIA,2021,67,15.5
PHILADELPHIA,2021,66,
PHILADELPHIA,2021,65,
PHILADELPHIA,2021,64,19.5
PHILADELPHIA,2021,63,19.5
PHILADELPHIA,2021,62,19.5
PHILADELPHIA,2021,61,19.5
PHILADELPHIA,2021,60,19.5
PHILADELPHIA,2021,59,
PHILADELPHIA,2021,58,
PHILADELPHIA,2021,57,19.5
PHILADELPHIA,2021,56,19.5
PHILADELPHIA,2021,55,19.5
PHILADELPHIA,2021,54,19.5
PHILADELPHIA,2021,53,19.5
PHILADELPHIA,2021,52,
PHILADELPHIA,2021,51,
PHILADELPHIA,2021,50,19.5
PHILADELPHIA,2021,49,19.5
PHILADELPHIA,2021,48,19.5
PHILADELPHIA,2021,47,19.5
PHILADELPHIA,2021,46,
PHILADELPHIA,2021,45,
PHILADELPHIA,2021,44,
PHILADELPHIA,2021,43,19.5
PHILADELPHIA,2021,42,19.5
PHILADELPHIA,2021,41,19.5
PHILADELPHIA,2021,40,19.5
PHILADELPHIA,2021,39,19.5
PHILADELPHIA,2021,38,
PHILADELPHIA,2021,37,
PHILADELPHIA,2021,36,19.5
PHILADELPHIA,2021,35,19.5
PHILADELPHIA,2021,34,19.5
PHILADELPHIA,2021,33,19.5
PHILADELPHIA,2021,32,
PHILADELPHIA,2021,31,
PHILADELPHIA,2021,30,
PHILADELPHIA,2021,29,19.5
PHILADELPHIA,2021,28,19.5
PHILADELPHIA,2021,27,19.5
PHILADELPHIA,2021,26,19.5
PHILADELPHIA,2021,25,19.5
PHILADELPHIA,2021,24,
PHILADELPHIA,2021,23,
PHILADELPHIA,2021,22,21
PHILADELPHIA,2021,21,21
PHILADELPHIA,2021,20,21
PHILADELPHIA,2021,19,21
PHILADELPHIA,2021,18,
PHILADELPHIA,2021,17,
PHILADELPHIA,2021,16,
PHILADELPHIA,2021,15,16.5
PHILADELPHIA,2021,14,16.5
PHILADELPHIA,2021,13,16.5
PHILADELPHIA,2021,12,16.5
PHILADELPHIA,2021,11,16.5
PHILADELPHIA,2021,10,
PHILADELPHIA,2021,9,
PHILADELPHIA,2021,8,16
PHILADELPHIA,2021,7,16
PHILADELPHIA,2021,6,16
PHILADELPHIA,2021,5,16
PHILADELPHIA,2021,4,16
PHILADELPHIA,2021,3,
PHILADELPHIA,2021,2,
BALTIMORE,2020,366,
BALTIMORE,2020,365,22
BALTIMORE,2020,364,22
BALTIMORE,2020,363,22
BALTIMORE,2020,362,
BALTIMORE,2020,361,
BALTIMORE,2020,360,
BALTIMORE,2020,359,
BALTIMORE,2020,358,
BALTIMORE,2020,357,
BALTIMORE,2020,356,
BALTIMORE,2020,355,
BALTIMORE,2020,354,
BALTIMORE,2020,353,
BALTIMORE,2020,352,
BALTIMORE,2020,351,
BALTIMORE,2020,350,
BALTIMORE,2020,349,
BALTIMORE,2020,348,
BALTIMORE,2020,347,
BALTIMORE,2020,346,
BALTIMORE,2020,345,
BALTIMORE,2020,344,
BALTIMORE,2020,343,
BALTIMORE,2020,342,
BALTIMORE,2020,341,
BALTIMORE,2020,340,
BALTIMORE,2020,339,18
BALTIMORE,2020,338,18
BALTIMORE,2020,337,18
BALTIMORE,2020,336,
BALTIMORE,2020,335,
BALTIMORE,2020,334,
BALTIMORE,2020,333,
BALTIMORE,2020,332,
BALTIMORE,2020,331,
BALTIMORE,2020,330,
BALTIMORE,2020,329,
BALTIMORE,2020,328,
BALTIMORE,2020,327,
BALTIMORE,2020,326,
BALTIMORE,2020,325,
BALTIMORE,2020,324,
BALTIMORE,2020,323,
BALTIMORE,2020,322,
BALTIMORE,2020,321,
BALTIMORE,2020,320,
BALTIMORE,2020,319,
BALTIMORE,2020,318,
BALTIMORE,2020,317,
BALTIMORE,2020,316,
BALTIMORE,2020,315,25
BALTIMORE,2020,314,25
BALTIMORE,2020,313,
BALTIMORE,2020,312,
BALTIMORE,2020,311,21.5
BALTIMORE,2020,310,
BALTIMORE,2020,309,28.5
BALTIMORE,2020,308,28.5
BALTIMORE,2020,307,28.5
BALTIMORE,2020,306,
BALTIMORE,2020,305,
BALTIMORE,2020,304,23.25
BALTIMORE,2020,303,23.25
BALTIMORE,2020,302,23.5
BALTIMORE,2020,301,29
BALTIMORE,2020,300,29
BALTIMORE,2020,299,
BALTIMORE,2020,298,
BALTIMORE,2020,297,
BALTIMORE,2020,296,
BALTIMORE,2020,295,33
BALTIMORE,2020,294,33
BALTIMORE,2020,293,33
BALTIMORE,2020,292,
BALTIMORE,2020,291,
BALTIMORE,2020,290,25.5
BALTIMORE,2020,289,25.5
BALTIMORE,2020,288,29
BALTIMORE,2020,287,29
BALTIMORE,2020,286,
BALTIMORE,2020,285,
BALTIMORE,2020,284,
BALTIMORE,2020,283,18
BALTIMORE,2020,282,18
BALTIMORE,2020,281,18
BALTIMORE,2020,280,20.333333
BALTIMORE,2020,279,21.5
BALTIMORE,2020,278,
BALTIMORE,2020,277,
BALTIMORE,2020,276,18.333333
BALTIMORE,2020,275,18.333333
BALTIMORE,2020,274,25.666666
BALTIMORE,2020,273,40
BALTIMORE,2020,272,
BALTIMORE,2020,271,
BALTIMORE,2020,270,
BALTIMORE,2020,269,17.5
BALTIMORE,2020,268,17.5
BALTIMORE,2020,267,17.5
BALTIMORE,2020,266,17.5
BALTIMORE,2020,265,17.5
BALTIMORE,2020,264,
BALTIMORE,2020,263,
BALTIMORE,2020,262,17.5
BALTIMORE,2020,261,22.75
BALTIMORE,2020,260,22.75
BALTIMORE,2020,259,22.75
BALTIMORE,2020,258,22.25
BALTIMORE,2020,257,
BALTIMORE,2020,256,
BALTIMORE,2020,255,18.666666
BALTIMORE,2020,254,18.666666
BALTIMORE,2020,253,18
BALTIMORE,2020,252,18
BALTIMORE,2020,251,
BALTIMORE,2020,250,
BALTIMORE,2020,249,
BALTIMORE,2020,248,23
BALTIMORE,2020,247,23
BALTIMORE,2020,246,17
BALTIMORE,2020,245,17
BALTIMORE,2020,244,16.5
BALTIMORE,2020,243,
BALTIMORE,2020,242,
BALTIMORE,2020,241,16.5
BALTIMORE,2020,240,16.5
BALTIMORE,2020,239,17
BALTIMORE,2020,238,17.25
BALTIMORE,2020,237,17.25
BALTIMORE,2020,236,
BALTIMORE,2020,235,
BALTIMORE,2020,234,18.5
BALTIMORE,2020,233,19
BALTIMORE,2020,232,19
BALTIMORE,2020,231,19
BALTIMORE,2020,230,19.25
BALTIMORE,2020,229,
BALTIMORE,2020,228,
BALTIMORE,2020,227,20
BALTIMORE,2020,226,20
BALTIMORE,2020,225,20
BALTIMORE,2020,224,20
BALTIMORE,2020,223,20
BALTIMORE,2020,222,
BALTIMORE,2020,221,
BALTIMORE,2020,220,20
BALTIMORE,2020,219,20
BALTIMORE,2020,218,21
BALTIMORE,2020,217,21
BALTIMORE,2020,216,21
BALTIMORE,2020,215,
BALTIMORE,2020,214,
BALTIMORE,2020,213,22.5
BALTIMORE,2020,212,24
BALTIMORE,2020,211,24
BALTIMORE,2020,210,24
BALTIMORE,2020,209,24
BALTIMORE,2020,208,
BALTIMORE,2020,207,
BALTIMORE,2020,206,35
BALTIMORE,2020,205,35
BALTIMORE,2020,204,35
BALTIMORE,2020,203,35
BALTIMORE,2020,202,
BALTIMORE,2020,201,
BALTIMORE,2020,200,
BALTIMORE,2020,199,
BALTIMORE,2020,198,
BALTIMORE,2020,197,
BALTIMORE,2020,196,17
BALTIMORE,2020,195,17
BALTIMORE,2020,194,
BALTIMORE,2020,193,
BALTIMORE,2020,192,17
BALTIMORE,2020,191,18
BALTIMORE,2020,190,28
BALTIMORE,2020,189,20
BALTIMORE,2020,188,20
BALTIMORE,2020,187,
BALTIMORE,2020,186,
BALTIMORE,2020,185,
BALTIMORE,2020,184,20
BALTIMORE,2020,183,20
BALTIMORE,2020,182,22.5
BALTIMORE,2020,181,22.5
BALTIMORE,2020,180,
BALTIMORE,2020,179,
BALTIMORE,2020,178,23
BALTIMORE,2020,177,20
BALTIMORE,2020,176,20
BALTIMORE,2020,175,
BALTIMORE,2020,174,
BALTIMORE,2020,173,
BALTIMORE,2020,172,
BALTIMORE,2020,171,
BALTIMORE,2020,170,
BALTIMORE,2020,169,
BALTIMORE,2020,168,
BALTIMORE,2020,167,
BALTIMORE,2020,166,
BALTIMORE,2020,165,
BALTIMORE,2020,164,
BALTIMORE,2020,163,
BALTIMORE,2020,162,
BALTIMORE,2020,161,
BALTIMORE,2020,160,
BALTIMORE,2020,159,
BALTIMORE,2020,158,
BALTIMORE,2020,157,
BALTIMORE,2020,156,37
BALTIMORE,2020,155,37
BALTIMORE,2020,154,37
BALTIMORE,2020,153,37
BALTIMORE,2020,152,
BALTIMORE,2020,151,
BALTIMORE,2020,150,39
BALTIMORE,2020,149,39
BALTIMORE,2020,148,39
BALTIMORE,2020,147,39
BALTIMORE,2020,146,
BALTIMORE,2020,145,
BALTIMORE,2020,144,
BALTIMORE,2020,143,20
BALTIMORE,2020,142,20
BALTIMORE,2020,141,29
BALTIMORE,2020,140,29
BALTIMORE,2020,139,20
BALTIMORE,2020,138,
BALTIMORE,2020,137,
BALTIMORE,2020,136,20
BALTIMORE,2020,135,20
BALTIMORE,2020,134,20
BALTIMORE,2020,133,20
BALTIMORE,2020,132,20
BALTIMORE,2020,131,
BALTIMORE,2020,130,
BALTIMORE,2020,129,15
BALTIMORE,2020,128,15
BALTIMORE,2020,127,15
BALTIMORE,2020,126,15
BALTIMORE,2020,125,16
BALTIMORE,2020,124,
BALTIMORE,2020,123,
BALTIMORE,2020,122,14
BALTIMORE,2020,121,14
BALTIMORE,2020,120,17.5
BALTIMORE,2020,119,17.5
BALTIMORE,2020,118,20
BALTIMORE,2020,117,
BALTIMORE,2020,116,
BALTIMORE,2020,115,20
BALTIMORE,2020,114,20
BALTIMORE,2020,113,20
BALTIMORE,2020,112,14
BALTIMORE,2020,111,14
BALTIMORE,2020,110,
BALTIMORE,2020,109,
BALTIMORE,2020,108,10
BALTIMORE,2020,107,10
BALTIMORE,2020,106,10
BALTIMORE,2020,105,10
BALTIMORE,2020,104,10
BALTIMORE,2020,103,
BALTIMORE,2020,102,
BALTIMORE,2020,101,14
BALTIMORE,2020,100,14
BALTIMORE,2020,99,14
BALTIMORE,2020,98,14
BALTIMORE,2020,97,14
BALTIMORE,2020,96,
BALTIMORE,2020,95,
BALTIMORE,2020,94,19
BALTIMORE,2020,93,19
BALTIMORE,2020,92,19
BALTIMORE,2020,91,19
BALTIMORE,2020,90,19
BALTIMORE,2020,89,
BALTIMORE,2020,88,
BALTIMORE,2020,87,19
BALTIMORE,2020,86,19
BALTIMORE,2020,85,
BALTIMORE,2020,84,
BALTIMORE,2020,83,
BALTIMORE,2020,82,
BALTIMORE,2020,81,
BALTIMORE,2020,80,20
BALTIMORE,2020,79,20
BALTIMORE,2020,78,
BALTIMORE,2020,77,
BALTIMORE,2020,76,14
BALTIMORE,2020,75,
BALTIMORE,2020,74,
BALTIMORE,2020,73,25.5
BALTIMORE,2020,72,
BALTIMORE,2020,71,
BALTIMORE,2020,70,
BALTIMORE,2020,69,
BALTIMORE,2020,68,
BALTIMORE,2020,67,
BALTIMORE,2020,66,
BALTIMORE,2020,65,
BALTIMORE,2020,64,14
BALTIMORE,2020,63,14
BALTIMORE,2020,62,14
BALTIMORE,2020,61,
BALTIMORE,2020,60,
BALTIMORE,2020,59,14
BALTIMORE,2020,58,14
BALTIMORE,2020,57,14
BALTIMORE,2020,56,14
BALTIMORE,2020,55,14
BALTIMORE,2020,54,
BALTIMORE,2020,53,
BALTIMORE,2020,52,25
BALTIMORE,2020,51,25
BALTIMORE,2020,50,25
BALTIMORE,2020,49,25
BALTIMORE,2020,48,
BALTIMORE,2020,47,
BALTIMORE,2020,46,
BALTIMORE,2020,45,
BALTIMORE,2020,44,
BALTIMORE,2020,43,
BALTIMORE,2020,42,
BALTIMORE,2020,41,
BALTIMORE,2020,40,
BALTIMORE,2020,39,
BALTIMORE,2020,38,14
BALTIMORE,2020,37,14
BALTIMORE,2020,36,14
BALTIMORE,2020,35,14
BALTIMORE,2020,34,14
BALTIMORE,2020,33,
BALTIMORE,2020,32,
BALTIMORE,2020,31,14
BALTIMORE,2020,30,19.25
BALTIMORE,2020,29,19.25
BALTIMORE,2020,28,19.25
BALTIMORE,2020,27,19.25
BALTIMORE,2020,26,
BALTIMORE,2020,25,
BALTIMORE,2020,24,15
BALTIMORE,2020,23,15
BALTIMORE,2020,22,15
BALTIMORE,2020,21,15
BALTIMORE,2020,20,
BALTIMORE,2020,19,
BALTIMORE,2020,18,
BALTIMORE,2020,17,14
BALTIMORE,2020,16,14
BALTIMORE,2020,15,17
BALTIMORE,2020,14,17
BALTIMORE,2020,13,11
BALTIMORE,2020,12,
BALTIMORE,2020,11,
BALTIMORE,2020,10,13.5
BALTIMORE,2020,9,13.5
BALTIMORE,2020,8,13.5
BALTIMORE,2020,7,
BALTIMORE,2020,6,
BALTIMORE,2020,5,
BALTIMORE,2020,4,
BALTIMORE,2020,3,11
BALTIMORE,2020,2,19
BOSTON,2020,366,24
BOSTON,2020,365,24
BOSTON,2020,364,24
BOSTON,2020,363,24
BOSTON,2020,362,
BOSTON,2020,361,
BOSTON,2020,360,
BOSTON,2020,359,
BOSTON,2020,358,24
BOSTON,2020,357,24
BOSTON,2020,356,24
BOSTON,2020,355,
BOSTON,2020,354,
BOSTON,2020,353,24
BOSTON,2020,352,24
BOSTON,2020,351,24
BOSTON,2020,350,24
BOSTON,2020,349,
BOSTON,2020,348,
BOSTON,2020,347,
BOSTON,2020,346,24
BOSTON,2020,345,24
BOSTON,2020,344,24
BOSTON,2020,343,24
BOSTON,2020,342,24
BOSTON,2020,341,
BOSTON,2020,340,
BOSTON,2020,339,24
BOSTON,2020,338,24
BOSTON,2020,337,24
BOSTON,2020,336,24
BOSTON,2020,335,24
BOSTON,2020,334,
BOSTON,2020,333,
BOSTON,2020,332,24
BOSTON,2020,331,
BOSTON,2020,330,24
BOSTON,2020,329,24
BOSTON,2020,328,24
BOSTON,2020,327,
BOSTON,2020,326,
BOSTON,2020,325,24
BOSTON,2020,324,24
BOSTON,2020,323,24
BOSTON,2020,322,24
BOSTON,2020,321,24
BOSTON,2020,320,
BOSTON,2020,319,
BOSTON,2020,318,24
BOSTON,2020,317,24
BOSTON,2020,316,
BOSTON,2020,315,24
BOSTON,2020,314,24
BOSTON,2020,313,
BOSTON,2020,312,
BOSTON,2020,311,24
BOSTON,2020,310,24
BOSTON,2020,309,24
BOSTON,2020,308,24
BOSTON,2020,307,24
BOSTON,2020,306,
BOSTON,2020,305,
BOSTON,2020,304,24
BOSTON,2020,303,24
BOSTON,2020,302,24
BOSTON,2020,301,24
BOSTON,2020,300,24
BOSTON,2020,299,
BOSTON,2020,298,
BOSTON,2020,297,24
BOSTON,2020,296,24
BOSTON,2020,295,24
BOSTON,2020,294,24
BOSTON,2020,293,24
BOSTON,2020,292,
BOSTON,2020,291,
BOSTON,2020,290,24
BOSTON,2020,289,24
BOSTON,2020,288,24
BOSTON,2020,287,24
BOSTON,2020,286,
BOSTON,2020,285,
BOSTON,2020,284,
BOSTON,2020,283,24
BOSTON,2020,282,24
BOSTON,2020,281,24
BOSTON,2020,280,24
BOSTON,2020,279,24
BOSTON,2020,278,
BOSTON,2020,277,
BOSTON,2020,276,24
BOSTON,2020,275,24
BOSTON,2020,274,24
BOSTON,2020,273,24
BOSTON,2020,272,24
BOSTON,2020,271,
BOSTON,2020,270,
BOSTON,2020,269,24
BOSTON,2020,268,24
BOSTON,2020,267,24
BOSTON,2020,266,24
BOSTON,2020,265,24
BOSTON,2020,264,
BOSTON,2020,263,
BOSTON,2020,262,24
BOSTON,2020,261,24
BOSTON,2020,260,24
BOSTON,2020,259,24
BOSTON,2020,258,24
BOSTON,2020,257,
BOSTON,2020,256,
BOSTON,2020,255,24
BOSTON,2020,254,24
BOSTON,2020,253,24
BOSTON,2020,252,24
BOSTON,2020,251,
BOSTON,2020,250,
BOSTON,2020,249,
BOSTON,2020,248,24
BOSTON,2020,247,24
BOSTON,2020,246,24
BOSTON,2020,245,24
BOSTON,2020,244,24
BOSTON,2020,243,
BOSTON,2020,242,
BOSTON,2020,241,24
BOSTON,2020,240,24
BOSTON,2020,239,24
BOSTON,2020,238,24
BOSTON,2020,237,24
BOSTON,2020,236,
BOSTON,2020,235,
BOSTON,2020,234,24
BOSTON,2020,233,24
BOSTON,2020,232,24
BOSTON,2020,231,24
BOSTON,2020,230,24
BOSTON,2020,229,
BOSTON,2020,228,
BOSTON,2020,227,24
BOSTON,2020,226,24
BOSTON,2020,225,24
BOSTON,2020,224,24
BOSTON,2020,223,24
BOSTON,2020,222,
BOSTON,2020,221,
BOSTON,2020,220,24
BOSTON,2020,219,24
BOSTON,2020,218,24
BOSTON,2020,217,24
BOSTON,2020,216,24
BOSTON,2020,215,
BOSTON,2020,214,
BOSTON,2020,213,24
BOSTON,2020,212,29
BOSTON,2020,211,29
BOSTON,2020,210,29
BOSTON,2020,209,29
BOSTON,2020,208,
BOSTON,2020,207,
BOSTON,2020,206,29
BOSTON,2020,205,29
BOSTON,2020,204,29
BOSTON,2020,203,29
BOSTON,2020,202,29
BOSTON,2020,201,
BOSTON,2020,200,
BOSTON,2020,199,24
BOSTON,2020,198,24
BOSTON,2020,197,24
BOSTON,2020,196,24
BOSTON,2020,195,24
BOSTON,2020,194,
BOSTON,2020,193,
BOSTON,2020,192,24
BOSTON,2020,191,24
BOSTON,2020,190,24
BOSTON,2020,189,24
BOSTON,2020,188,24
BOSTON,2020,187,
BOSTON,2020,186,
BOSTON,2020,185,
BOSTON,2020,184,24
BOSTON,2020,183,24
BOSTON,2020,182,24
BOSTON,2020,181,24
BOSTON,2020,180,
BOSTON,2020,179,
BOSTON,2020,178,24
BOSTON,2020,177,24
BOSTON,2020,176,24
BOSTON,2020,175,25
BOSTON,2020,174,25
BOSTON,2020,173,
BOSTON,2020,172,
BOSTON,2020,171,25
BOSTON,2020,170,25
BOSTON,2020,169,25
BOSTON,2020,168,24
BOSTON,2020,167,24
BOSTON,2020,166,
BOSTON,2020,165,
BOSTON,2020,164,24
BOSTON,2020,163,24
BOSTON,2020,162,24
BOSTON,2020,161,24
BOSTON,2020,160,24
BOSTON,2020,159,
BOSTON,2020,158,
BOSTON,2020,157,24
BOSTON,2020,156,24
BOSTON,2020,155,24
BOSTON,2020,154,24
BOSTON,2020,153,24
BOSTON,2020,152,
BOSTON,2020,151,
BOSTON,2020,150,24
BOSTON,2020,149,28
BOSTON,2020,148,28
BOSTON,2020,147,28
BOSTON,2020,146,
BOSTON,2020,145,
BOSTON,2020,144,
BOSTON,2020,143,28
BOSTON,2020,142,28
BOSTON,2020,141,28
BOSTON,2020,140,28
BOSTON,2020,139,28
BOSTON,2020,138,
BOSTON,2020,137,
BOSTON,2020,136,28
BOSTON,2020,135,28
BOSTON,2020,134,28
BOSTON,2020,133,28
BOSTON,2020,132,28
BOSTON,2020,131,
BOSTON,2020,130,
BOSTON,2020,129,28
BOSTON,2020,128,10
BOSTON,2020,127,10
BOSTON,2020,126,10
BOSTON,2020,125,10
BOSTON,2020,124,
BOSTON,2020,123,
BOSTON,2020,122,10
BOSTON,2020,121,10
BOSTON,2020,120,10
BOSTON,2020,119,10
BOSTON,2020,118,10
BOSTON,2020,117,
BOSTON,2020,116,
BOSTON,2020,115,
BOSTON,2020,114,
BOSTON,2020,113,
BOSTON,2020,112,
BOSTON,2020,111,
BOSTON,2020,110,
BOSTON,2020,109,
BOSTON,2020,108,
BOSTON,2020,107,
BOSTON,2020,106,
BOSTON,2020,105,
BOSTON,2020,104,
BOSTON,2020,103,
BOSTON,2020,102,
BOSTON,2020,101,
BOSTON,2020,100,
BOSTON,2020,99,
BOSTON,2020,98,
BOSTON,2020,97,
BOSTON,2020,96,
BOSTON,2020,95,
BOSTON,2020,94,
BOSTON,2020,93,
BOSTON,2020,92,
BOSTON,2020,91,
BOSTON,2020,90,
BOSTON,2020,89,
BOSTON,2020,88,
BOSTON,2020,87,
BOSTON,2020,86,
BOSTON,2020,85,
BOSTON,2020,84,
BOSTON,2020,83,
BOSTON,2020,82,
BOSTON,2020,81,
BOSTON,2020,80,
BOSTON,2020,79,
BOSTON,2020,78,
BOSTON,2020,77,
BOSTON,2020,76,
BOSTON,2020,75,
BOSTON,2020,74,
BOSTON,2020,73,12
BOSTON,2020,72,12
BOSTON,2020,71,12
BOSTON,2020,70,12
BOSTON,2020,69,12
BOSTON,2020,68,
BOSTON,2020,67,
BOSTON,2020,66,
BOSTON,2020,65,
BOSTON,2020,64,
BOSTON,2020,63,
BOSTON,2020,62,
BOSTON,2020,61,
BOSTON,2020,60,
BOSTON,2020,59,18
BOSTON,2020,58,18
BOSTON,2020,57,18
BOSTON,2020,56,18
BOSTON,2020,55,18
BOSTON,2020,54,
BOSTON,2020,53,
BOSTON,2020,52,
BOSTON,2020,51,
BOSTON,2020,50,
BOSTON,2020,49,
BOSTON,2020,48,
BOSTON,2020,47,
BOSTON,2020,46,
BOSTON,2020,45,
BOSTON,2020,44,
BOSTON,2020,43,
BOSTON,2020,42,
BOSTON,2020,41,
BOSTON,2020,40,
BOSTON,2020,39,
BOSTON,2020,38,
BOSTON,2020,37,
BOSTON,2020,36,
BOSTON,2020,35,
BOSTON,2020,34,
BOSTON,2020,33,
BOSTON,2020,32,
BOSTON,2020,31,
BOSTON,2020,30,
BOSTON,2020,29,
BOSTON,2020,28,
BOSTON,2020,27,
BOSTON,2020,26,
BOSTON,2020,25,
BOSTON,2020,24,
BOSTON,2020,23,
BOSTON,2020,22,
BOSTON,2020,21,
BOSTON,2020,20,
BOSTON,2020,19,
BOSTON,2020,18,
BOSTON,2020,17,
BOSTON,2020,16,
BOSTON,2020,15,
BOSTON,2020,14,
BOSTON,2020,13,
BOSTON,2020,12,
BOSTON,2020,11,
BOSTON,2020,10,
BOSTON,2020,9,
BOSTON,2020,8,
BOSTON,2020,7,
BOSTON,2020,6,
BOSTON,2020,5,
BOSTON,2020,4,
BOSTON,2020,3,
BOSTON,2020,2,
CHICAGO,2020,366,19
CHICAGO,2020,365,19
CHICAGO,2020,364,19
CHICAGO,2020,363,19
CHICAGO,2020,362,
CHICAGO,2020,361,
CHICAGO,2020,360,
CHICAGO,2020,359,
CHICAGO,2020,358,19
CHICAGO,2020,357,19
CHICAGO,2020,356,19
CHICAGO,2020,355,
CHICAGO,2020,354,
CHICAGO,2020,353,19
CHICAGO,2020,352,19
CHICAGO,2020,351,19
CHICAGO,2020,350,19
CHICAGO,2020,349,19
CHICAGO,2020,348,
CHICAGO,2020,347,
CHICAGO,2020,346,19
CHICAGO,2020,345,19
CHICAGO,2020,344,19
CHICAGO,2020,343,19
CHICAGO,2020,342,21
CHICAGO,2020,341,
CHICAGO,2020,340,
CHICAGO,2020,339,21
CHICAGO,2020,338,21.5
CHICAGO,2020,337,21.5
CHICAGO,2020,336,22
CHICAGO,2020,335,21
CHICAGO,2020,334,
CHICAGO,2020,333,
CHICAGO,2020,332,21
CHICAGO,2020,331,
CHICAGO,2020,330,21
CHICAGO,2020,329,21
CHICAGO,2020,328,20.5
CHICAGO,2020,327,
CHICAGO,2020,326,
CHICAGO,2020,325,20.5
CHICAGO,2020,324,20.5
CHICAGO,2020,323,21
CHICAGO,2020,322,21
CHICAGO,2020,321,19
CHICAGO,2020,320,
CHICAGO,2020,319,
CHICAGO,2020,318,19
CHICAGO,2020,317,19
CHICAGO,2020,316,
CHICAGO,2020,315,19
CHICAGO,2020,314,20
CHICAGO,2020,313,
CHICAGO,2020,312,
CHICAGO,2020,311,20
CHICAGO,2020,310,24
CHICAGO,2020,309,24
CHICAGO,2020,308,24
CHICAGO,2020,307,24
CHICAGO,2020,306,
CHICAGO,2020,305,
CHICAGO,2020,304,24
CHICAGO,2020,303,20.5
CHICAGO,2020,302,20.5
CHICAGO,2020,301,20.5
CHICAGO,2020,300,20.5
CHICAGO,2020,299,
CHICAGO,2020,298,
CHICAGO,2020,297,20.5
CHICAGO,2020,296,20.5
CHICAGO,2020,295,20.5
CHICAGO,2020,294,20.5
CHICAGO,2020,293,20.5
CHICAGO,2020,292,
CHICAGO,2020,291,
CHICAGO,2020,290,20.5
CHICAGO,2020,289,20.5
CHICAGO,2020,288,20.5
CHICAGO,2020,287,24
CHICAGO,2020,286,
CHICAGO,2020,285,
CHICAGO,2020,284,
CHICAGO,2020,283,24
CHICAGO,2020,282,24
CHICAGO,2020,281,24
CHICAGO,2020,280,24.25
CHICAGO,2020,279,24.25
CHICAGO,2020,278,
CHICAGO,2020,277,
CHICAGO,2020,276,24.25
CHICAGO,2020,275,23.25
CHICAGO,2020,274,23.25
CHICAGO,2020,273,23.25
CHICAGO,2020,272,23.25
CHICAGO,2020,271,
CHICAGO,2020,270,
CHICAGO,2020,269,23.25
CHICAGO,2020,268,23.1
CHICAGO,2020,267,23.1
CHICAGO,2020,266,23.375
CHICAGO,2020,265,22.5
CHICAGO,2020,264,
CHICAGO,2020,263,
CHICAGO,2020,262,22.5
CHICAGO,2020,261,22.5
CHICAGO,2020,260,22.5
CHICAGO,2020,259,22.5
CHICAGO,2020,258,22.375
CHICAGO,2020,257,
CHICAGO,2020,256,
CHICAGO,2020,255,22.375
CHICAGO,2020,254,22.375
CHICAGO,2020,253,22.375
CHICAGO,2020,252,22.375
CHICAGO,2020,251,
CHICAGO,2020,250,
CHICAGO,2020,249,
CHICAGO,2020,248,22.25
CHICAGO,2020,247,22.5
CHICAGO,2020,246,22.5
CHICAGO,2020,245,23.875
CHICAGO,2020,244,24.166666
CHICAGO,2020,243,
CHICAGO,2020,242,
CHICAGO,2020,241,23.666666
CHICAGO,2020,240,23.666666
CHICAGO,2020,239,23.666666
CHICAGO,2020,238,24.833333
CHICAGO,2020,237,24.833333
CHICAGO,2020,236,
CHICAGO,2020,235,
CHICAGO,2020,234,24.833333
CHICAGO,2020,233,24.5
CHICAGO,2020,232,24.5
CHICAGO,2020,231,24.5
CHICAGO,2020,230,24.5
CHICAGO,2020,229,
CHICAGO,2020,228,
CHICAGO,2020,227,24.5
CHICAGO,2020,226,24.5
CHICAGO,2020,225,24.5
CHICAGO,2020,224,24.5
CHICAGO,2020,223,24.5
CHICAGO,2020,222,
CHICAGO,2020,221,
CHICAGO,2020,220,24.5
CHICAGO,2020,219,26.75
CHICAGO,2020,218,30.75
CHICAGO,2020,217,30.75
CHICAGO,2020,216,30.75
CHICAGO,2020,215,
CHICAGO,2020,214,
CHICAGO,2020,213,32
CHICAGO,2020,212,32
CHICAGO,2020,211,33
CHICAGO,2020,210,34
CHICAGO,2020,209,34
CHICAGO,2020,208,
CHICAGO,2020,207,
CHICAGO,2020,206,38
CHICAGO,2020,205,35.5
CHICAGO,2020,204,35.5
CHICAGO,2020,203,35.5
CHICAGO,2020,202,35.5
CHICAGO,2020,201,
CHICAGO,2020,200,
CHICAGO,2020,199,35.5
CHICAGO,2020,198,35.5
CHICAGO,2020,197,35.5
CHICAGO,2020,196,35.5
CHICAGO,2020,195,35.5
CHICAGO,2020,194,
CHICAGO,2020,193,
CHICAGO,2020,192,35.5
CHICAGO,2020,191,35.5
CHICAGO,2020,190,35.5
CHICAGO,2020,189,35.5
CHICAGO,2020,188,26
CHICAGO,2020,187,
CHICAGO,2020,186,
CHICAGO,2020,185,
CHICAGO,2020,184,26
CHICAGO,2020,183,26
CHICAGO,2020,182,26
CHICAGO,2020,181,26
CHICAGO,2020,180,
CHICAGO,2020,179,
CHICAGO,2020,178,26
CHICAGO,2020,177,28
CHICAGO,2020,176,28
CHICAGO,2020,175,28
CHICAGO,2020,174,28
CHICAGO,2020,173,
CHICAGO,2020,172,
CHICAGO,2020,171,28
CHICAGO,2020,170,28
CHICAGO,2020,169,26
CHICAGO,2020,168,26
CHICAGO,2020,167,29
CHICAGO,2020,166,
CHICAGO,2020,165,
CHICAGO,2020,164,29
CHICAGO,2020,163,29
CHICAGO,2020,162,34.5
CHICAGO,2020,161,34.5
CHICAGO,2020,160,34.5
CHICAGO,2020,159,
CHICAGO,2020,158,
CHICAGO,2020,157,34.5
CHICAGO,2020,156,34.5
CHICAGO,2020,155,34.5
CHICAGO,2020,154,34.5
CHICAGO,2020,153,34.5
CHICAGO,2020,152,
CHICAGO,2020,151,
CHICAGO,2020,150,34.5
CHICAGO,2020,149,34.5
CHICAGO,2020,148,34
CHICAGO,2020,147,34
CHICAGO,2020,146,
CHICAGO,2020,145,
CHICAGO,2020,144,
CHICAGO,2020,143,33
CHICAGO,2020,142,33
CHICAGO,2020,141,33
CHICAGO,2020,140,33
CHICAGO,2020,139,33
CHICAGO,2020,138,
CHICAGO,2020,137,
CHICAGO,2020,136,33
CHICAGO,2020,135,33
CHICAGO,2020,134,33
CHICAGO,2020,133,33
CHICAGO,2020,132,33
CHICAGO,2020,131,
CHICAGO,2020,130,
CHICAGO,2020,129,33
CHICAGO,2020,128,33
CHICAGO,2020,127,33
CHICAGO,2020,126,33
CHICAGO,2020,125,33
CHICAGO,2020,124,
CHICAGO,2020,123,
CHICAGO,2020,122,33
CHICAGO,2020,121,33
CHICAGO,2020,120,25
CHICAGO,2020,119,25
CHICAGO,2020,118,25
CHICAGO,2020,117,
CHICAGO,2020,116,
CHICAGO,2020,115,25
CHICAGO,2020,114,25
CHICAGO,2020,113,25
CHICAGO,2020,112,25
CHICAGO,2020,111,25
CHICAGO,2020,110,
CHICAGO,2020,109,
CHICAGO,2020,108,25
CHICAGO,2020,107,25
CHICAGO,2020,106,25
CHICAGO,2020,105,25
CHICAGO,2020,104,25.5
CHICAGO,2020,103,
CHICAGO,2020,102,
CHICAGO,2020,101,25.5
CHICAGO,2020,100,25.5
CHICAGO,2020,99,25.5
CHICAGO,2020,98,25.5
CHICAGO,2020,97,25.5
CHICAGO,2020,96,
CHICAGO,2020,95,
CHICAGO,2020,94,25.5
CHICAGO,2020,93,25.5
CHICAGO,2020,92,25.5
CHICAGO,2020,91,25.5
CHICAGO,2020,90,25.5
CHICAGO,2020,89,
CHICAGO,2020,88,
CHICAGO,2020,87,25.5
CHICAGO,2020,86,25.5
CHICAGO,2020,85,25.5
CHICAGO,2020,84,25.5
CHICAGO,2020,83,25.5
CHICAGO,2020,82,
CHICAGO,2020,81,
CHICAGO,2020,80,25.5
CHICAGO,2020,79,25.5
CHICAGO,2020,78,25.5
CHICAGO,2020,77,25.5
CHICAGO,2020,76,25.5
CHICAGO,2020,75,
CHICAGO,2020,74,
CHICAGO,2020,73,26.5
CHICAGO,2020,72,26.5
CHICAGO,2020,71,26.5
CHICAGO,2020,70,26.5
CHICAGO,2020,69,26.5
CHICAGO,2020,68,
CHICAGO,2020,67,
CHICAGO,2020,66,26.5
CHICAGO,2020,65,26.5
CHICAGO,2020,64,26.5
CHICAGO,2020,63,26.5
CHICAGO,2020,62,26.5
CHICAGO,2020,61,
CHICAGO,2020,60,
CHICAGO,2020,59,26.5
CHICAGO,2020,58,26.5
CHICAGO,2020,57,26.5
CHICAGO,2020,56,26.5
CHICAGO,2020,55,26.5
CHICAGO,2020,54,
CHICAGO,2020,53,
CHICAGO,2020,52,26.5
CHICAGO,2020,51,17.75
CHICAGO,2020,50,17.75
CHICAGO,2020,49,17.75
CHICAGO,2020,48,
CHICAGO,2020,47,
CHICAGO,2020,46,
CHICAGO,2020,45,17.75
CHICAGO,2020,44,17.75
CHICAGO,2020,43,17.75
CHICAGO,2020,42,17.75
CHICAGO,2020,41,17.75
CHICAGO,2020,40,
CHICAGO,2020,39,
CHICAGO,2020,38,17.75
CHICAGO,2020,37,17.75
CHICAGO,2020,36,17.75
CHICAGO,2020,35,17.75
CHICAGO,2020,34,17.75
CHICAGO,2020,33,
CHICAGO,2020,32,
CHICAGO,2020,31,17.75
CHICAGO,2020,30,17.75
CHICAGO,2020,29,17.75
CHICAGO,2020,28,17.75
CHICAGO,2020,27,17.75
CHICAGO,2020,26,
CHICAGO,2020,25,
CHICAGO,2020,24,17.75
CHICAGO,2020,23,17.75
CHICAGO,2020,22,17.75
CHICAGO,2020,21,17.75
CHICAGO,2020,20,
CHICAGO,2020,19,
CHICAGO,2020,18,
CHICAGO,2020,17,17.75
CHICAGO,2020,16,17.75
CHICAGO,2020,15,17.75
CHICAGO,2020,14,17.75
CHICAGO,2020,13,17.75
CHICAGO,2020,12,
CHICAGO,2020,11,
CHICAGO,2020,10,17.75
CHICAGO,2020,9,17.75
CHICAGO,2020,8,22.5
CHICAGO,2020,7,22.5
CHICAGO,2020,6,22.5
CHICAGO,2020,5,
CHICAGO,2020,4,
CHICAGO,2020,3,22.5
CHICAGO,2020,2,22.5
COLUMBIA,2020,366,16.333333
COLUMBIA,2020,365,16.333333
COLUMBIA,2020,364,16.333333
COLUMBIA,2020,363,
COLUMBIA,2020,362,
COLUMBIA,2020,361,
COLUMBIA,2020,360,
COLUMBIA,2020,359,
COLUMBIA,2020,358,16.333333
COLUMBIA,2020,357,16.333333
COLUMBIA,2020,356,16.333333
COLUMBIA,2020,355,
COLUMBIA,2020,354,
COLUMBIA,2020,353,17
COLUMBIA,2020,352,17
COLUMBIA,2020,351,17
COLUMBIA,2020,350,17
COLUMBIA,2020,349,17
COLUMBIA,2020,348,
COLUMBIA,2020,347,
COLUMBIA,2020,346,18
COLUMBIA,2020,345,18
COLUMBIA,2020,344,18
COLUMBIA,2020,343,18
COLUMBIA,2020,342,18
COLUMBIA,2020,341,
COLUMBIA,2020,340,
COLUMBIA,2020,339,19
COLUMBIA,2020,338,19
COLUMBIA,2020,337,19
COLUMBIA,2020,336,19
COLUMBIA,2020,335,19
COLUMBIA,2020,334,
COLUMBIA,2020,333,
COLUMBIA,2020,332,
COLUMBIA,2020,331,
COLUMBIA,2020,330,19.166666
COLUMBIA,2020,329,19.166666
COLUMBIA,2020,328,19.166666
COLUMBIA,2020,327,
COLUMBIA,2020,326,
COLUMBIA,2020,325,19.166666
COLUMBIA,2020,324,19.166666
COLUMBIA,2020,323,19.166666
COLUMBIA,2020,322,19.166666
COLUMBIA,2020,321,19.166666
COLUMBIA,2020,320,
COLUMBIA,2020,319,
COLUMBIA,2020,318,19.166666
COLUMBIA,2020,317,19
COLUMBIA,2020,316,
COLUMBIA,2020,315,19
COLUMBIA,2020,314,19
COLUMBIA,2020,313,
COLUMBIA,2020,312,
COLUMBIA,2020,311,16
COLUMBIA,2020,310,16
COLUMBIA,2020,309,16
COLUMBIA,2020,308,16
COLUMBIA,2020,307,16
COLUMBIA,2020,306,
COLUMBIA,2020,305,
COLUMBIA,2020,304,16.5
COLUMBIA,2020,303,16.5
COLUMBIA,2020,302,16.5
COLUMBIA,2020,301,16.5
COLUMBIA,2020,300,16.5
COLUMBIA,2020,299,
COLUMBIA,2020,298,
COLUMBIA,2020,297,17.25
COLUMBIA,2020,296,17.25
COLUMBIA,2020,295,17.25
COLUMBIA,2020,294,17.25
COLUMBIA,2020,293,17.25
COLUMBIA,2020,292,
COLUMBIA,2020,291,
COLUMBIA,2020,290,21.833333
COLUMBIA,2020,289,19.25
COLUMBIA,2020,288,19.25
COLUMBIA,2020,287,19.25
COLUMBIA,2020,286,19.25
COLUMBIA,2020,285,
COLUMBIA,2020,284,
COLUMBIA,2020,283,19.75
COLUMBIA,2020,282,19.75
COLUMBIA,2020,281,19.75
COLUMBIA,2020,280,19.75
COLUMBIA,2020,279,19.75
COLUMBIA,2020,278,
COLUMBIA,2020,277,
COLUMBIA,2020,276,17.75
COLUMBIA,2020,275,17.75
COLUMBIA,2020,274,17.75
COLUMBIA,2020,273,17.75
COLUMBIA,2020,272,17.75
COLUMBIA,2020,271,
COLUMBIA,2020,270,
COLUMBIA,2020,269,17.75
COLUMBIA,2020,268,17.75
COLUMBIA,2020,267,17.75
COLUMBIA,2020,266,17.75
COLUMBIA,2020,265,17.75
COLUMBIA,2020,264,
COLUMBIA,2020,263,
COLUMBIA,2020,262,19.833333
COLUMBIA,2020,261,19.833333
COLUMBIA,2020,260,19.833333
COLUMBIA,2020,259,17.25
COLUMBIA,2020,258,16.5
COLUMBIA,2020,257,
COLUMBIA,2020,256,
COLUMBIA,2020,255,16.5
COLUMBIA,2020,254,16.5
COLUMBIA,2020,253,16.5
COLUMBIA,2020,252,16.5
COLUMBIA,2020,251,
COLUMBIA,2020,250,
COLUMBIA,2020,249,
COLUMBIA,2020,248,16.5
COLUMBIA,2020,247,16.5
COLUMBIA,2020,246,16.5
COLUMBIA,2020,245,16.5
COLUMBIA,2020,244,16.5
COLUMBIA,2020,243,
COLUMBIA,2020,242,
COLUMBIA,2020,241,16.5
COLUMBIA,2020,240,16.5
COLUMBIA,2020,239,16.5
COLUMBIA,2020,238,16.5
COLUMBIA,2020,237,16.5
COLUMBIA,2020,236,
COLUMBIA,2020,235,
COLUMBIA,2020,234,16.5
COLUMBIA,2020,233,19
COLUMBIA,2020,232,19
COLUMBIA,2020,231,19
COLUMBIA,2020,230,19
COLUMBIA,2020,229,
COLUMBIA,2020,228,
COLUMBIA,2020,227,19
COLUMBIA,2020,226,19
COLUMBIA,2020,225,19
COLUMBIA,2020,224,19
COLUMBIA,2020,223,19
COLUMBIA,2020,222,
COLUMBIA,2020,221,
COLUMBIA,2020,220,17.666666
COLUMBIA,2020,219,17.5
COLUMBIA,2020,218,17.5
COLUMBIA,2020,217,17.5
COLUMBIA,2020,216,17.5
COLUMBIA,2020,215,
COLUMBIA,2020,214,
COLUMBIA,2020,213,17.25
COLUMBIA,2020,212,17.25
COLUMBIA,2020,211,17.25
COLUMBIA,2020,210,16.333333
COLUMBIA,2020,209,
COLUMBIA,2020,208,
COLUMBIA,2020,207,
COLUMBIA,2020,206,16.333333
COLUMBIA,2020,205,16.333333
COLUMBIA,2020,204,16.333333
COLUMBIA,2020,203,16.333333
COLUMBIA,2020,202,16.333333
COLUMBIA,2020,201,
COLUMBIA,2020,200,
COLUMBIA,2020,199,15
COLUMBIA,2020,198,15
COLUMBIA,2020,197,15
COLUMBIA,2020,196,15
COLUMBIA,2020,195,15
COLUMBIA,2020,194,
COLUMBIA,2020,193,
COLUMBIA,2020,192,16.25
COLUMBIA,2020,191,16.25
COLUMBIA,2020,190,16.25
COLUMBIA,2020,189,16.25
COLUMBIA,2020,188,16.25
COLUMBIA,2020,187,
COLUMBIA,2020,186,
COLUMBIA,2020,185,
COLUMBIA,2020,184,16.25
COLUMBIA,2020,183,16.25
COLUMBIA,2020,182,16.25
COLUMBIA,2020,181,16
COLUMBIA,2020,180,
COLUMBIA,2020,179,
COLUMBIA,2020,178,16
COLUMBIA,2020,177,16
COLUMBIA,2020,176,16
COLUMBIA,2020,175,16
COLUMBIA,2020,174,16
COLUMBIA,2020,173,
COLUMBIA,2020,172,
COLUMBIA,2020,171,16
COLUMBIA,2020,170,16
COLUMBIA,2020,169,16.5
COLUMBIA,2020,168,16.5
COLUMBIA,2020,167,16.5
COLUMBIA,2020,166,
COLUMBIA,2020,165,
COLUMBIA,2020,164,17
COLUMBIA,2020,163,17
COLUMBIA,2020,162,18
COLUMBIA,2020,161,18
COLUMBIA,2020,160,18
COLUMBIA,2020,159,
COLUMBIA,2020,158,
COLUMBIA,2020,157,18
COLUMBIA,2020,156,18
COLUMBIA,2020,155,18
COLUMBIA,2020,154,18
COLUMBIA,2020,153,18
COLUMBIA,2020,152,
COLUMBIA,2020,151,
COLUMBIA,2020,150,18
COLUMBIA,2020,149,18
COLUMBIA,2020,148,18
COLUMBIA,2020,147,20
COLUMBIA,2020,146,
COLUMBIA,2020,145,
COLUMBIA,2020,144,
COLUMBIA,2020,143,18.5
COLUMBIA,2020,142,18.5
COLUMBIA,2020,141,18.5
COLUMBIA,2020,140,18.5
COLUMBIA,2020,139,18.5
COLUMBIA,2020,138,
COLUMBIA,2020,137,
COLUMBIA,2020,136,17.5
COLUMBIA,2020,135,17.5
COLUMBIA,2020,134,17.5
COLUMBIA,2020,133,17.5
COLUMBIA,2020,132,
COLUMBIA,2020,131,
COLUMBIA,2020,130,
COLUMBIA,2020,129,17.5
COLUMBIA,2020,128,17.5
COLUMBIA,2020,127,17.5
COLUMBIA,2020,126,17.5
COLUMBIA,2020,125,17.5
COLUMBIA,2020,124,
COLUMBIA,2020,123,
COLUMBIA,2020,122,17.5
COLUMBIA,2020,121,17.5
COLUMBIA,2020,120,17.5
COLUMBIA,2020,119,15.75
COLUMBIA,2020,118,15.75
COLUMBIA,2020,117,
COLUMBIA,2020,116,
COLUMBIA,2020,115,15.75
COLUMBIA,2020,114,15.75
COLUMBIA,2020,113,15.75
COLUMBIA,2020,112,16.5
COLUMBIA,2020,111,16.5
COLUMBIA,2020,110,
COLUMBIA,2020,109,
COLUMBIA,2020,108,16.5
COLUMBIA,2020,107,16.5
COLUMBIA,2020,106,16.5
COLUMBIA,2020,105,16.5
COLUMBIA,2020,104,16.5
COLUMBIA,2020,103,
COLUMBIA,2020,102,
COLUMBIA,2020,101,16.5
COLUMBIA,2020,100,16.5
COLUMBIA,2020,99,16.5
COLUMBIA,2020,98,16.5
COLUMBIA,2020,97,16.5
COLUMBIA,2020,96,
COLUMBIA,2020,95,
COLUMBIA,2020,94,22.666666
COLUMBIA,2020,93,22.666666
COLUMBIA,2020,92,22.666666
COLUMBIA,2020,91,22.666666
COLUMBIA,2020,90,22.666666
COLUMBIA,2020,89,
COLUMBIA,2020,88,
COLUMBIA,2020,87,22.666666
COLUMBIA,2020,86,22.666666
COLUMBIA,2020,85,22.666666
COLUMBIA,2020,84,22.666666
COLUMBIA,2020,83,22.666666
COLUMBIA,2020,82,
COLUMBIA,2020,81,
COLUMBIA,2020,80,19.333333
COLUMBIA,2020,79,19.333333
COLUMBIA,2020,78,19.333333
COLUMBIA,2020,77,19.333333
COLUMBIA,2020,76,19.333333
COLUMBIA,2020,75,
COLUMBIA,2020,74,
COLUMBIA,2020,73,19
COLUMBIA,2020,72,19
COLUMBIA,2020,71,19
COLUMBIA,2020,70,19
COLUMBIA,2020,69,19
COLUMBIA,2020,68,
COLUMBIA,2020,67,
COLUMBIA,2020,66,20
COLUMBIA,2020,65,20
COLUMBIA,2020,64,20
COLUMBIA,2020,63,19.333333
COLUMBIA,2020,62,19.333333
COLUMBIA,2020,61,
COLUMBIA,2020,60,
COLUMBIA,2020,59,22
COLUMBIA,2020,58,22
COLUMBIA,2020,57,22
COLUMBIA,2020,56,22
COLUMBIA,2020,55,19.333333
COLUMBIA,2020,54,
COLUMBIA,2020,53,
COLUMBIA,2020,52,19.333333
COLUMBIA,2020,51,19.333333
COLUMBIA,2020,50,19.333333
COLUMBIA,2020,49,20
COLUMBIA,2020,48,
COLUMBIA,2020,47,
COLUMBIA,2020,46,
COLUMBIA,2020,45,17.5
COLUMBIA,2020,44,17.5
COLUMBIA,2020,43,15.5
COLUMBIA,2020,42,15.5
COLUMBIA,2020,41,15.5
COLUMBIA,2020,40,
COLUMBIA,2020,39,
COLUMBIA,2020,38,15.5
COLUMBIA,2020,37,15.5
COLUMBIA,2020,36,15.5
COLUMBIA,2020,35,15.5
COLUMBIA,2020,34,15.5
COLUMBIA,2020,33,
COLUMBIA,2020,32,
COLUMBIA,2020,31,15.5
COLUMBIA,2020,30,15.5
COLUMBIA,2020,29,15.5
COLUMBIA,2020,28,15.5
COLUMBIA,2020,27,15.5
COLUMBIA,2020,26,
COLUMBIA,2020,25,
COLUMBIA,2020,24,16
COLUMBIA,2020,23,16
COLUMBIA,2020,22,16
COLUMBIA,2020,21,16
COLUMBIA,2020,20,
COLUMBIA,2020,19,
COLUMBIA,2020,18,
COLUMBIA,2020,17,16
COLUMBIA,2020,16,15.5
COLUMBIA,2020,15,15.5
COLUMBIA,2020,14,15.5
COLUMBIA,2020,13,15.5
COLUMBIA,2020,12,
COLUMBIA,2020,11,
COLUMBIA,2020,10,15.5
COLUMBIA,2020,9,15.5
COLUMBIA,2020,8,15.5
COLUMBIA,2020,7,15.5
COLUMBIA,2020,6,15.5
COLUMBIA,2020,5,
COLUMBIA,2020,4,
COLUMBIA,2020,3,15.5
COLUMBIA,2020,2,15.5
NEW YORK,2020,366,
NEW YORK,2020,365,
NEW YORK,2020,364,
NEW YORK,2020,363,
NEW YORK,2020,362,
NEW YORK,2020,361,
NEW YORK,2020,360,
NEW YORK,2020,359,
NEW YORK,2020,358,
NEW YORK,2020,357,
NEW YORK,2020,356,
NEW YORK,2020,355,
NEW YORK,2020,354,
NEW YORK,2020,353,
NEW YORK,2020,352,
NEW YORK,2020,351,
NEW YORK,2020,350,14
NEW YORK,2020,349,14
NEW YORK,2020,348,
NEW YORK,2020,347,
NEW YORK,2020,346,14
NEW YORK,2020,345,14
NEW YORK,2020,344,12
NEW YORK,2020,343,16
NEW YORK,2020,342,16
NEW YORK,2020,341,
NEW YORK,2020,340,
NEW YORK,2020,339,14
NEW YORK,2020,338,14
NEW YORK,2020,337,
NEW YORK,2020,336,
NEW YORK,2020,335,
NEW YORK,2020,334,
NEW YORK,2020,333,
NEW YORK,2020,332,
NEW YORK,2020,331,
NEW YORK,2020,330,
NEW YORK,2020,329,
NEW YORK,2020,328,
NEW YORK,2020,327,
NEW YORK,2020,326,
NEW YORK,2020,325,
NEW YORK,2020,324,
NEW YORK,2020,323,
NEW YORK,2020,322,
NEW YORK,2020,321,
NEW YORK,2020,320,
NEW YORK,2020,319,
NEW YORK,2020,318,18
NEW YORK,2020,317,18
NEW YORK,2020,316,
NEW YORK,2020,315,18
NEW YORK,2020,314,
NEW YORK,2020,313,
NEW YORK,2020,312,
NEW YORK,2020,311,19
NEW YORK,2020,310,19
NEW YORK,2020,309,19
NEW YORK,2020,308,21
NEW YORK,2020,307,21
NEW YORK,2020,306,
NEW YORK,2020,305,
NEW YORK,2020,304,
NEW YORK,2020,303,
NEW YORK,2020,302,
NEW YORK,2020,301,
NEW YORK,2020,300,
NEW YORK,2020,299,
NEW YORK,2020,298,
NEW YORK,2020,297,
NEW YORK,2020,296,
NEW YORK,2020,295,
NEW YORK,2020,294,
NEW YORK,2020,293,
NEW YORK,2020,292,
NEW YORK,2020,291,
NEW YORK,2020,290,
NEW YORK,2020,289,
NEW YORK,2020,288,
NEW YORK,2020,287,
NEW YORK,2020,286,
NEW YORK,2020,285,
NEW YORK,2020,284,
NEW YORK,2020,283,
NEW YORK,2020,282,
NEW YORK,2020,281,
NEW YORK,2020,280,
NEW YORK,2020,279,
NEW YORK,2020,278,
NEW YORK,2020,277,
NEW YORK,2020,276,
NEW YORK,2020,275,
NEW YORK,2020,274,
NEW YORK,2020,273,
NEW YORK,2020,272,
NEW YORK,2020,271,
NEW YORK,2020,270,
NEW YORK,2020,269,
NEW YORK,2020,268,
NEW YORK,2020,267,
NEW YORK,2020,266,
NEW YORK,2020,265,
NEW YORK,2020,264,
NEW YORK,2020,263,
NEW YORK,2020,262,
NEW YORK,2020,261,
NEW YORK,2020,260,
NEW YORK,2020,259,
NEW YORK,2020,258,
NEW YORK,2020,257,
NEW YORK,2020,256,
NEW YORK,2020,255,
NEW YORK,2020,254,
NEW YORK,2020,253,
NEW YORK,2020,252,
NEW YORK,2020,251,
NEW YORK,2020,250,
NEW YORK,2020,249,
NEW YORK,2020,248,
NEW YORK,2020,247,
NEW YORK,2020,246,
NEW YORK,2020,245,
NEW YORK,2020,244,
NEW YORK,2020,243,
NEW YORK,2020,242,
NEW YORK,2020,241,
NEW YORK,2020,240,
NEW YORK,2020,239,
NEW YORK,2020,238,
NEW YORK,2020,237,
NEW YORK,2020,236,
NEW YORK,2020,235,
NEW YORK,2020,234,
NEW YORK,2020,233,
NEW YORK,2020,232,
NEW YORK,2020,231,
NEW YORK,2020,230,
NEW YORK,2020,229,
NEW YORK,2020,228,
NEW YORK,2020,227,
NEW YORK,2020,226,
NEW YORK,2020,225,
NEW YORK,2020,224,
NEW YORK,2020,223,
NEW YORK,2020,222,
NEW YORK,2020,221,
NEW YORK,2020,220,
NEW YORK,2020,219,
NEW YORK,2020,218,
NEW YORK,2020,217,
NEW YORK,2020,216,
NEW YORK,2020,215,
NEW YORK,2020,214,
NEW YORK,2020,213,
NEW YORK,2020,212,
NEW YORK,2020,211,
NEW YORK,2020,210,
NEW YORK,2020,209,
NEW YORK,2020,208,
NEW YORK,2020,207,
NEW YORK,2020,206,
NEW YORK,2020,205,
NEW YORK,2020,204,
NEW YORK,2020,203,
NEW YORK,2020,202,
NEW YORK,2020,201,
NEW YORK,2020,200,
NEW YORK,2020,199,
NEW YORK,2020,198,
NEW YORK,2020,197,
NEW YORK,2020,196,
NEW YORK,2020,195,
NEW YORK,2020,194,
NEW YORK,2020,193,
NEW YORK,2020,192,
NEW YORK,2020,191,
NEW YORK,2020,190,
NEW YORK,2020,189,24
NEW YORK,2020,188,24
NEW YORK,2020,187,
NEW YORK,2020,186,
NEW YORK,2020,185,
NEW YORK,2020,184,20
NEW YORK,2020,183,20
NEW YORK,2020,182,20
NEW YORK,2020,181,20
NEW YORK,2020,180,
NEW YORK,2020,179,
NEW YORK,2020,178,
NEW YORK,2020,177,
NEW YORK,2020,176,
NEW YORK,2020,175,
NEW YORK,2020,174,
NEW YORK,2020,173,
NEW YORK,2020,172,
NEW YORK,2020,171,
NEW YORK,2020,170,12
NEW YORK,2020,169,12
NEW YORK,2020,168,
NEW YORK,2020,167,16
NEW YORK,2020,166,
NEW YORK,2020,165,
NEW YORK,2020,164,
NEW YORK,2020,163,
NEW YORK,2020,162,
NEW YORK,2020,161,
NEW YORK,2020,160,
NEW YORK,2020,159,
NEW YORK,2020,158,
NEW YORK,2020,157,
NEW YORK,2020,156,
NEW YORK,2020,155,
NEW YORK,2020,154,
NEW YORK,2020,153,
NEW YORK,2020,152,
NEW YORK,2020,151,
NEW YORK,2020,150,
NEW YORK,2020,149,
NEW YORK,2020,148,
NEW YORK,2020,147,
NEW YORK,2020,146,
NEW YORK,2020,145,
NEW YORK,2020,144,
NEW YORK,2020,143,
NEW YORK,2020,142,
NEW YORK,2020,141,
NEW YORK,2020,140,
NEW YORK,2020,139,
NEW YORK,2020,138,
NEW YORK,2020,137,
NEW YORK,2020,136,
NEW YORK,2020,135,
NEW YORK,2020,134,
NEW YORK,2020,133,
NEW YORK,2020,132,
NEW YORK,2020,131,
NEW YORK,2020,130,
NEW YORK,2020,129,
NEW YORK,2020,128,
NEW YORK,2020,127,
NEW YORK,2020,126,
NEW YORK,2020,125,
NEW YORK,2020,124,
NEW YORK,2020,123,
NEW YORK,2020,122,
NEW YORK,2020,121,
NEW YORK,2020,120,
NEW YORK,2020,119,
NEW YORK,2020,118,
NEW YORK,2020,117,
NEW YORK,2020,116,
NEW YORK,2020,115,
NEW YORK,2020,114,
NEW YORK,2020,113,
NEW YORK,2020,112,
NEW YORK,2020,111,
NEW YORK,2020,110,
NEW YORK,2020,109,
NEW YORK,2020,108,
NEW YORK,2020,107,
NEW YORK,2020,106,
NEW YORK,2020,105,
NEW YORK,2020,104,
NEW YORK,2020,103,
NEW YORK,2020,102,
NEW YORK,2020,101,
NEW YORK,2020,100,
NEW YORK,2020,99,
NEW YORK,2020,98,
NEW YORK,2020,97,
NEW YORK,2020,96,
NEW YORK,2020,95,
NEW YORK,2020,94,
NEW YORK,2020,93,
NEW YORK,2020,92,
NEW YORK,2020,91,
NEW YORK,2020,90,
NEW YORK,2020,89,
NEW YORK,2020,88,
NEW YORK,2020,87,
NEW YORK,2020,86,
NEW YORK,2020,85,
NEW YORK,2020,84,
NEW YORK,2020,83,
NEW YORK,2020,82,
NEW YORK,2020,81,
NEW YORK,2020,80,
NEW YORK,2020,79,
NEW YORK,2020,78,
NEW YORK,2020,77,
NEW YORK,2020,76,
NEW YORK,2020,75,
NEW YORK,2020,74,
NEW YORK,2020,73,
NEW YORK,2020,72,
NEW YORK,2020,71,
NEW YORK,2020,70,
NEW YORK,2020,69,
NEW YORK,2020,68,
NEW YORK,2020,67,
NEW YORK,2020,66,
NEW YORK,2020,65,
NEW YORK,2020,64,
NEW YORK,2020,63,
NEW YORK,2020,62,
NEW YORK,2020,61,
NEW YORK,2020,60,
NEW YORK,2020,59,
NEW YORK,2020,58,
NEW YORK,2020,57,
NEW YORK,2020,56,
NEW YORK,2020,55,
NEW YORK,2020,54,
NEW YORK,2020,53,
NEW YORK,2020,52,
NEW YORK,2020,51,
NEW YORK,2020,50,
NEW YORK,2020,49,
NEW YORK,2020,48,
NEW YORK,2020,47,
NEW YORK,2020,46,
NEW YORK,2020,45,
NEW YORK,2020,44,
NEW YORK,2020,43,
NEW YORK,2020,42,
NEW YORK,2020,41,
NEW YORK,2020,40,
NEW YORK,2020,39,
NEW YORK,2020,38,
NEW YORK,2020,37,
NEW YORK,2020,36,
NEW YORK,2020,35,
NEW YORK,2020,34,
NEW YORK,2020,33,
NEW YORK,2020,32,
NEW YORK,2020,31,
NEW YORK,2020,30,
NEW YORK,2020,29,
NEW YORK,2020,28,
NEW YORK,2020,27,
NEW YORK,2020,26,
NEW YORK,2020,25,
NEW YORK,2020,24,
NEW YORK,2020,23,
NEW YORK,2020,22,
NEW YORK,2020,21,
NEW YORK,2020,20,
NEW YORK,2020,19,
NEW YORK,2020,18,
NEW YORK,2020,17,
NEW YORK,2020,16,
NEW YORK,2020,15,
NEW YORK,2020,14,
NEW YORK,2020,13,
NEW YORK,2020,12,
NEW YORK,2020,11,
NEW YORK,2020,10,
NEW YORK,2020,9,
NEW YORK,2020,8,
NEW YORK,2020,7,
NEW YORK,2020,6,
NEW YORK,2020,5,
NEW YORK,2020,4,
NEW YORK,2020,3,
NEW YORK,2020,2,
PHILADELPHIA,2020,366,16
PHILADELPHIA,2020,365,16
PHILADELPHIA,2020,364,16
PHILADELPHIA,2020,363,16
PHILADELPHIA,2020,362,
PHILADELPHIA,2020,361,
PHILADELPHIA,2020,360,
PHILADELPHIA,2020,359,
PHILADELPHIA,2020,358,23
PHILADELPHIA,2020,357,23
PHILADELPHIA,2020,356,23
PHILADELPHIA,2020,355,
PHILADELPHIA,2020,354,
PHILADELPHIA,2020,353,9.5
PHILADELPHIA,2020,352,9.5
PHILADELPHIA,2020,351,9.5
PHILADELPHIA,2020,350,9.5
PHILADELPHIA,2020,349,9.5
PHILADELPHIA,2020,348,
PHILADELPHIA,2020,347,
PHILADELPHIA,2020,346,17.75
PHILADELPHIA,2020,345,17.75
PHILADELPHIA,2020,344,17.75
PHILADELPHIA,2020,343,17.75
PHILADELPHIA,2020,342,17.75
PHILADELPHIA,2020,341,
PHILADELPHIA,2020,340,
PHILADELPHIA,2020,339,19.25
PHILADELPHIA,2020,338,19.25
PHILADELPHIA,2020,337,13.5
PHILADELPHIA,2020,336,13.5
PHILADELPHIA,2020,335,13.5
PHILADELPHIA,2020,334,
PHILADELPHIA,2020,333,
PHILADELPHIA,2020,332,
PHILADELPHIA,2020,331,
PHILADELPHIA,2020,330,14.5
PHILADELPHIA,2020,329,14.5
PHILADELPHIA,2020,328,14.5
PHILADELPHIA,2020,327,
PHILADELPHIA,2020,326,
PHILADELPHIA,2020,325,14.5
PHILADELPHIA,2020,324,14.5
PHILADELPHIA,2020,323,14.5
PHILADELPHIA,2020,322,14.5
PHILADELPHIA,2020,321,14.5
PHILADELPHIA,2020,320,
PHILADELPHIA,2020,319,
PHILADELPHIA,2020,318,13
PHILADELPHIA,2020,317,13
PHILADELPHIA,2020,316,
PHILADELPHIA,2020,315,13
PHILADELPHIA,2020,314,13
PHILADELPHIA,2020,313,
PHILADELPHIA,2020,312,
PHILADELPHIA,2020,311,16
PHILADELPHIA,2020,310,16
PHILADELPHIA,2020,309,16.666666
PHILADELPHIA,2020,308,16.666666
PHILADELPHIA,2020,307,16.666666
PHILADELPHIA,2020,306,
PHILADELPHIA,2020,305,
PHILADELPHIA,2020,304,20.25
PHILADELPHIA,2020,303,20.25
PHILADELPHIA,2020,302,20.25
PHILADELPHIA,2020,301,20.25
PHILADELPHIA,2020,300,20.25
PHILADELPHIA,2020,299,
PHILADELPHIA,2020,298,
PHILADELPHIA,2020,297,18.333333
PHILADELPHIA,2020,296,18.333333
PHILADELPHIA,2020,295,20.5
PHILADELPHIA,2020,294,20.5
PHILADELPHIA,2020,293,20.5
PHILADELPHIA,2020,292,
PHILADELPHIA,2020,291,
PHILADELPHIA,2020,290,20.5
PHILADELPHIA,2020,289,20.5
PHILADELPHIA,2020,288,20.5
PHILADELPHIA,2020,287,20.5
PHILADELPHIA,2020,286,
PHILADELPHIA,2020,285,
PHILADELPHIA,2020,284,
PHILADELPHIA,2020,283,12.5
PHILADELPHIA,2020,282,12.5
PHILADELPHIA,2020,281,12.5
PHILADELPHIA,2020,280,12.5
PHILADELPHIA,2020,279,12.5
PHILADELPHIA,2020,278,
PHILADELPHIA,2020,277,
PHILADELPHIA,2020,276,
PHILADELPHIA,2020,275,
PHILADELPHIA,2020,274,
PHILADELPHIA,2020,273,
PHILADELPHIA,2020,272,
PHILADELPHIA,2020,271,
PHILADELPHIA,2020,270,
PHILADELPHIA,2020,269,
PHILADELPHIA,2020,268,
PHILADELPHIA,2020,267,
PHILADELPHIA,2020,266,
PHILADELPHIA,2020,265,
PHILADELPHIA,2020,264,
PHILADELPHIA,2020,263,
PHILADELPHIA,2020,262,
PHILADELPHIA,2020,261,
PHILADELPHIA,2020,260,
PHILADELPHIA,2020,259,
PHILADELPHIA,2020,258,
PHILADELPHIA,2020,257,
PHILADELPHIA,2020,256,
PHILADELPHIA,2020,255,
PHILADELPHIA,2020,254,
PHILADELPHIA,2020,253,
PHILADELPHIA,2020,252,
PHILADELPHIA,2020,251,
PHILADELPHIA,2020,250,
PHILADELPHIA,2020,249,
PHILADELPHIA,2020,248,10
PHILADELPHIA,2020,247,10
PHILADELPHIA,2020,246,10
PHILADELPHIA,2020,245,10
PHILADELPHIA,2020,244,10
PHILADELPHIA,2020,243,
PHILADELPHIA,2020,242,
PHILADELPHIA,2020,241,
PHILADELPHIA,2020,240,
PHILADELPHIA,2020,239,
PHILADELPHIA,2020,238,
PHILADELPHIA,2020,237,
PHILADELPHIA,2020,236,
PHILADELPHIA,2020,235,
PHILADELPHIA,2020,234,
PHILADELPHIA,2020,233,
PHILADELPHIA,2020,232,
PHILADELPHIA,2020,231,
PHILADELPHIA,2020,230,
PHILADELPHIA,2020,229,
PHILADELPHIA,2020,228,
PHILADELPHIA,2020,227,10
PHILADELPHIA,2020,226,10
PHILADELPHIA,2020,225,10
PHILADELPHIA,2020,224,10
PHILADELPHIA,2020,223,10
PHILADELPHIA,2020,222,
PHILADELPHIA,2020,221,
PHILADELPHIA,2020,220,
PHILADELPHIA,2020,219,
PHILADELPHIA,2020,218,
PHILADELPHIA,2020,217,
PHILADELPHIA,2020,216,
PHILADELPHIA,2020,215,
PHILADELPHIA,2020,214,
PHILADELPHIA,2020,213,
PHILADELPHIA,2020,212,
PHILADELPHIA,2020,211,
PHILADELPHIA,2020,210,
PHILADELPHIA,2020,209,
PHILADELPHIA,2020,208,
PHILADELPHIA,2020,207,
PHILADELPHIA,2020,206,
PHILADELPHIA,2020,205,
PHILADELPHIA,2020,204,
PHILADELPHIA,2020,203,
PHILADELPHIA,2020,202,
PHILADELPHIA,2020,201,
PHILADELPHIA,2020,200,
PHILADELPHIA,2020,199,
PHILADELPHIA,2020,198,
PHILADELPHIA,2020,197,
PHILADELPHIA,2020,196,
PHILADELPHIA,2020,195,
PHILADELPHIA,2020,194,
PHILADELPHIA,2020,193,
PHILADELPHIA,2020,192,
PHILADELPHIA,2020,191,
PHILADELPHIA,2020,190,
PHILADELPHIA,2020,189,
PHILADELPHIA,2020,188,
PHILADELPHIA,2020,187,
PHILADELPHIA,2020,186,
PHILADELPHIA,2020,185,
PHILADELPHIA,2020,184,
PHILADELPHIA,2020,183,
PHILADELPHIA,2020,182,
PHILADELPHIA,2020,181,
PHILADELPHIA,2020,180,
PHILADELPHIA,2020,179,
PHILADELPHIA,2020,178,
PHILADELPHIA,2020,177,
PHILADELPHIA,2020,176,
PHILADELPHIA,2020,175,
PHILADELPHIA,2020,174,
PHILADELPHIA,2020,173,
PHILADELPHIA,2020,172,
PHILADELPHIA,2020,171,25
PHILADELPHIA,2020,170,25
PHILADELPHIA,2020,169,25
PHILADELPHIA,2020,168,25
PHILADELPHIA,2020,167,25
PHILADELPHIA,2020,166,
PHILADELPHIA,2020,165,
PHILADELPHIA,2020,164,25
PHILADELPHIA,2020,163,25
PHILADELPHIA,2020,162,25
PHILADELPHIA,2020,161,25
PHILADELPHIA,2020,160,25
PHILADELPHIA,2020,159,
PHILADELPHIA,2020,158,
PHILADELPHIA,2020,157,
PHILADELPHIA,2020,156,
PHILADELPHIA,2020,155,
PHILADELPHIA,2020,154,
PHILADELPHIA,2020,153,
PHILADELPHIA,2020,152,
PHILADELPHIA,2020,151,
PHILADELPHIA,2020,150,
PHILADELPHIA,2020,149,
PHILADELPHIA,2020,148,
PHILADELPHIA,2020,147,
PHILADELPHIA,2020,146,
PHILADELPHIA,2020,145,
PHILADELPHIA,2020,144,
PHILADELPHIA,2020,143,
PHILADELPHIA,2020,142,
PHILADELPHIA,2020,141,
PHILADELPHIA,2020,140,
PHILADELPHIA,2020,139,
PHILADELPHIA,2020,138,
PHILADELPHIA,2020,137,
PHILADELPHIA,2020,136,
PHILADELPHIA,2020,135,
PHILADELPHIA,2020,134,
PHILADELPHIA,2020,133,
PHILADELPHIA,2020,132,
PHILADELPHIA,2020,131,
PHILADELPHIA,2020,130,
PHILADELPHIA,2020,129,
PHILADELPHIA,2020,128,
PHILADELPHIA,2020,127,
PHILADELPHIA,2020,126,
PHILADELPHIA,2020,125,
PHILADELPHIA,2020,124,
PHILADELPHIA,2020,123,
PHILADELPHIA,2020,122,
PHILADELPHIA,2020,121,
PHILADELPHIA,2020,120,
PHILADELPHIA,2020,119,
PHILADELPHIA,2020,118,
PHILADELPHIA,2020,117,
PHILADELPHIA,2020,116,
PHILADELPHIA,2020,115,16
PHILADELPHIA,2020,114,16
PHILADELPHIA,2020,113,16
PHILADELPHIA,2020,112,16
PHILADELPHIA,2020,111,16
PHILADELPHIA,2020,110,
PHILADELPHIA,2020,109,
PHILADELPHIA,2020,108,20
PHILADELPHIA,2020,107,20
PHILADELPHIA,2020,106,20
PHILADELPHIA,2020,105,20
PHILADELPHIA,2020,104,
PHILADELPHIA,2020,103,
PHILADELPHIA,2020,102,
PHILADELPHIA,2020,101,20
PHILADELPHIA,2020,100,20
PHILADELPHIA,2020,99,20
PHILADELPHIA,2020,98,20
PHILADELPHIA,2020,97,20
PHILADELPHIA,2020,96,
PHILADELPHIA,2020,95,
PHILADELPHIA,2020,94,17.333333
PHILADELPHIA,2020,93,17.333333
PHILADELPHIA,2020,92,17.333333
PHILADELPHIA,2020,91,17.333333
PHILADELPHIA,2020,90,17.333333
PHILADELPHIA,2020,89,
PHILADELPHIA,2020,88,
PHILADELPHIA,2020,87,20
PHILADELPHIA,2020,86,20
PHILADELPHIA,2020,85,20
PHILADELPHIA,2020,84,20
PHILADELPHIA,2020,83,20
PHILADELPHIA,2020,82,
PHILADELPHIA,2020,81,
PHILADELPHIA,2020,80,13
PHILADELPHIA,2020,79,13
PHILADELPHIA,2020,78,13
PHILADELPHIA,2020,77,13
PHILADELPHIA,2020,76,13
PHILADELPHIA,2020,75,
PHILADELPHIA,2020,74,
PHILADELPHIA,2020,73,13
PHILADELPHIA,2020,72,13
PHILADELPHIA,2020,71,13
PHILADELPHIA,2020,70,13
PHILADELPHIA,2020,69,13
PHILADELPHIA,2020,68,
PHILADELPHIA,2020,67,
PHILADELPHIA,2020,66,13
PHILADELPHIA,2020,65,13
PHILADELPHIA,2020,64,13
PHILADELPHIA,2020,63,13
PHILADELPHIA,2020,62,
PHILADELPHIA,2020,61,
PHILADELPHIA,2020,60,
PHILADELPHIA,2020,59,
PHILADELPHIA,2020,58,
PHILADELPHIA,2020,57,
PHILADELPHIA,2020,56,
PHILADELPHIA,2020,55,
PHILADELPHIA,2020,54,
PHILADELPHIA,2020,53,
PHILADELPHIA,2020,52,
PHILADELPHIA,2020,51,
PHILADELPHIA,2020,50,
PHILADELPHIA,2020,49,
PHILADELPHIA,2020,48,
PHILADELPHIA,2020,47,
PHILADELPHIA,2020,46,
PHILADELPHIA,2020,45,
PHILADELPHIA,2020,44,
PHILADELPHIA,2020,43,
PHILADELPHIA,2020,42,
PHILADELPHIA,2020,41,
PHILADELPHIA,2020,40,
PHILADELPHIA,2020,39,
PHILADELPHIA,2020,38,
PHILADELPHIA,2020,37,
PHILADELPHIA,2020,36,
PHILADELPHIA,2020,35,
PHILADELPHIA,2020,34,
PHILADELPHIA,2020,33,
PHILADELPHIA,2020,32,
PHILADELPHIA,2020,31,
PHILADELPHIA,2020,30,
PHILADELPHIA,2020,29,
PHILADELPHIA,2020,28,
PHILADELPHIA,2020,27,
PHILADELPHIA,2020,26,
PHILADELPHIA,2020,25,
PHILADELPHIA,2020,24,
PHILADELPHIA,2020,23,
PHILADELPHIA,2020,22,
PHILADELPHIA,2020,21,
PHILADELPHIA,2020,20,
PHILADELPHIA,2020,19,
PHILADELPHIA,2020,18,
PHILADELPHIA,2020,17,
PHILADELPHIA,2020,16,
PHILADELPHIA,2020,15,
PHILADELPHIA,2020,14,
PHILADELPHIA,2020,13,
PHILADELPHIA,2020,12,
PHILADELPHIA,2020,11,
PHILADELPHIA,2020,10,
PHILADELPHIA,2020,9,
PHILADELPHIA,2020,8,
PHILADELPHIA,2020,7,
PHILADELPHIA,2020,6,
PHILADELPHIA,2020,5,
PHILADELPHIA,2020,4,
PHILADELPHIA,2020,3,
PHILADELPHIA,2020,2,
BALTIMORE,2019,366,
BALTIMORE,2019,365,18
BALTIMORE,2019,364,17.75
BALTIMORE,2019,363,
BALTIMORE,2019,362,
BALTIMORE,2019,361,17.75
BALTIMORE,2019,360,17.75
BALTIMORE,2019,359,
BALTIMORE,2019,358,
BALTIMORE,2019,357,17.75
BALTIMORE,2019,356,
BALTIMORE,2019,355,
BALTIMORE,2019,354,17.75
BALTIMORE,2019,353,17.75
BALTIMORE,2019,352,17.75
BALTIMORE,2019,351,17.75
BALTIMORE,2019,350,17.75
BALTIMORE,2019,349,
BALTIMORE,2019,348,
BALTIMORE,2019,347,18
BALTIMORE,2019,346,18
BALTIMORE,2019,345,20
BALTIMORE,2019,344,20
BALTIMORE,2019,343,20
BALTIMORE,2019,342,
BALTIMORE,2019,341,
BALTIMORE,2019,340,20
BALTIMORE,2019,339,20
BALTIMORE,2019,338,20
BALTIMORE,2019,337,20
BALTIMORE,2019,336,20
BALTIMORE,2019,335,
BALTIMORE,2019,334,
BALTIMORE,2019,333,20
BALTIMORE,2019,332,
BALTIMORE,2019,331,20
BALTIMORE,2019,330,20
BALTIMORE,2019,329,20
BALTIMORE,2019,328,
BALTIMORE,2019,327,
BALTIMORE,2019,326,20
BALTIMORE,2019,325,20
BALTIMORE,2019,324,20.5
BALTIMORE,2019,323,20.5
BALTIMORE,2019,322,20.5
BALTIMORE,2019,321,
BALTIMORE,2019,320,
BALTIMORE,2019,319,10
BALTIMORE,2019,318,10
BALTIMORE,2019,317,10
BALTIMORE,2019,316,14
BALTIMORE,2019,315,
BALTIMORE,2019,314,
BALTIMORE,2019,313,
BALTIMORE,2019,312,14
BALTIMORE,2019,311,14
BALTIMORE,2019,310,14
BALTIMORE,2019,309,
BALTIMORE,2019,308,
BALTIMORE,2019,307,
BALTIMORE,2019,306,
BALTIMORE,2019,305,14
BALTIMORE,2019,304,14
BALTIMORE,2019,303,14
BALTIMORE,2019,302,14
BALTIMORE,2019,301,14
BALTIMORE,2019,300,
BALTIMORE,2019,299,
BALTIMORE,2019,298,14
BALTIMORE,2019,297,19.5
BALTIMORE,2019,296,19.5
BALTIMORE,2019,295,19.5
BALTIMORE,2019,294,17
BALTIMORE,2019,293,
BALTIMORE,2019,292,
BALTIMORE,2019,291,17
BALTIMORE,2019,290,15.5
BALTIMORE,2019,289,15.5
BALTIMORE,2019,288,15.5
BALTIMORE,2019,287,
BALTIMORE,2019,286,
BALTIMORE,2019,285,
BALTIMORE,2019,284,15.5
BALTIMORE,2019,283,15.5
BALTIMORE,2019,282,15
BALTIMORE,2019,281,15
BALTIMORE,2019,280,15
BALTIMORE,2019,279,
BALTIMORE,2019,278,
BALTIMORE,2019,277,14.5
BALTIMORE,2019,276,15
BALTIMORE,2019,275,15
BALTIMORE,2019,274,15
BALTIMORE,2019,273,15
BALTIMORE,2019,272,
BALTIMORE,2019,271,
BALTIMORE,2019,270,15
BALTIMORE,2019,269,15
BALTIMORE,2019,268,15
BALTIMORE,2019,267,15
BALTIMORE,2019,266,15
BALTIMORE,2019,265,
BALTIMORE,2019,264,
BALTIMORE,2019,263,15
BALTIMORE,2019,262,15
BALTIMORE,2019,261,15
BALTIMORE,2019,260,15.5
BALTIMORE,2019,259,15.5
BALTIMORE,2019,258,
BALTIMORE,2019,257,
BALTIMORE,2019,256,15.5
BALTIMORE,2019,255,15.5
BALTIMORE,2019,254,14.5
BALTIMORE,2019,253,14.5
BALTIMORE,2019,252,14.5
BALTIMORE,2019,251,
BALTIMORE,2019,250,
BALTIMORE,2019,249,14.5
BALTIMORE,2019,248,14
BALTIMORE,2019,247,14.5
BALTIMORE,2019,246,14.5
BALTIMORE,2019,245,
BALTIMORE,2019,244,
BALTIMORE,2019,243,
BALTIMORE,2019,242,14.5
BALTIMORE,2019,241,14.5
BALTIMORE,2019,240,14.5
BALTIMORE,2019,239,21.333333
BALTIMORE,2019,238,21.333333
BALTIMORE,2019,237,
BALTIMORE,2019,236,
BALTIMORE,2019,235,21.333333
BALTIMORE,2019,234,21.333333
BALTIMORE,2019,233,21.333333
BALTIMORE,2019,232,21.333333
BALTIMORE,2019,231,14
BALTIMORE,2019,230,
BALTIMORE,2019,229,
BALTIMORE,2019,228,
BALTIMORE,2019,227,14
BALTIMORE,2019,226,14
BALTIMORE,2019,225,14
BALTIMORE,2019,224,14
BALTIMORE,2019,223,
BALTIMORE,2019,222,
BALTIMORE,2019,221,14
BALTIMORE,2019,220,14
BALTIMORE,2019,219,14
BALTIMORE,2019,218,14
BALTIMORE,2019,217,14
BALTIMORE,2019,216,
BALTIMORE,2019,215,
BALTIMORE,2019,214,14
BALTIMORE,2019,213,14
BALTIMORE,2019,212,16.75
BALTIMORE,2019,211,17.25
BALTIMORE,2019,210,17.25
BALTIMORE,2019,209,
BALTIMORE,2019,208,
BALTIMORE,2019,207,17.25
BALTIMORE,2019,206,18.5
BALTIMORE,2019,205,
BALTIMORE,2019,204,
BALTIMORE,2019,203,
BALTIMORE,2019,202,
BALTIMORE,2019,201,
BALTIMORE,2019,200,
BALTIMORE,2019,199,
BALTIMORE,2019,198,
BALTIMORE,2019,197,
BALTIMORE,2019,196,
BALTIMORE,2019,195,
BALTIMORE,2019,194,
BALTIMORE,2019,193,15.75
BALTIMORE,2019,192,15.75
BALTIMORE,2019,191,15.75
BALTIMORE,2019,190,22
BALTIMORE,2019,189,22
BALTIMORE,2019,188,
BALTIMORE,2019,187,
BALTIMORE,2019,186,16.333333
BALTIMORE,2019,185,
BALTIMORE,2019,184,16.333333
BALTIMORE,2019,183,16.333333
BALTIMORE,2019,182,16.75
BALTIMORE,2019,181,
BALTIMORE,2019,180,
BALTIMORE,2019,179,12
BALTIMORE,2019,178,12
BALTIMORE,2019,177,12
BALTIMORE,2019,176,12
BALTIMORE,2019,175,12
BALTIMORE,2019,174,
BALTIMORE,2019,173,
BALTIMORE,2019,172,12
BALTIMORE,2019,171,12
BALTIMORE,2019,170,12
BALTIMORE,2019,169,18
BALTIMORE,2019,168,23.333333
BALTIMORE,2019,167,
BALTIMORE,2019,166,
BALTIMORE,2019,165,23.333333
BALTIMORE,2019,164,29
BALTIMORE,2019,163,29
BALTIMORE,2019,162,29
BALTIMORE,2019,161,29
BALTIMORE,2019,160,
BALTIMORE,2019,159,
BALTIMORE,2019,158,29
BALTIMORE,2019,157,29
BALTIMORE,2019,156,29
BALTIMORE,2019,155,29
BALTIMORE,2019,154,29
BALTIMORE,2019,153,
BALTIMORE,2019,152,
BALTIMORE,2019,151,24
BALTIMORE,2019,150,26.5
BALTIMORE,2019,149,26.5
BALTIMORE,2019,148,26.5
BALTIMORE,2019,147,
BALTIMORE,2019,146,
BALTIMORE,2019,145,
BALTIMORE,2019,144,19
BALTIMORE,2019,143,19
BALTIMORE,2019,142,19
BALTIMORE,2019,141,19
BALTIMORE,2019,140,19
BALTIMORE,2019,139,
BALTIMORE,2019,138,
BALTIMORE,2019,137,17
BALTIMORE,2019,136,17
BALTIMORE,2019,135,17
BALTIMORE,2019,134,17
BALTIMORE,2019,133,17
BALTIMORE,2019,132,
BALTIMORE,2019,131,
BALTIMORE,2019,130,16
BALTIMORE,2019,129,16
BALTIMORE,2019,128,16
BALTIMORE,2019,127,16
BALTIMORE,2019,126,14
BALTIMORE,2019,125,
BALTIMORE,2019,124,
BALTIMORE,2019,123,14
BALTIMORE,2019,122,16
BALTIMORE,2019,121,14
BALTIMORE,2019,120,14
BALTIMORE,2019,119,14
BALTIMORE,2019,118,
BALTIMORE,2019,117,
BALTIMORE,2019,116,
BALTIMORE,2019,115,
BALTIMORE,2019,114,14
BALTIMORE,2019,113,14
BALTIMORE,2019,112,14
BALTIMORE,2019,111,
BALTIMORE,2019,110,
BALTIMORE,2019,109,14
BALTIMORE,2019,108,14
BALTIMORE,2019,107,14
BALTIMORE,2019,106,14
BALTIMORE,2019,105,14
BALTIMORE,2019,104,
BALTIMORE,2019,103,
BALTIMORE,2019,102,
BALTIMORE,2019,101,
BALTIMORE,2019,100,
BALTIMORE,2019,99,
BALTIMORE,2019,98,
BALTIMORE,2019,97,
BALTIMORE,2019,96,
BALTIMORE,2019,95,
BALTIMORE,2019,94,
BALTIMORE,2019,93,
BALTIMORE,2019,92,
BALTIMORE,2019,91,
BALTIMORE,2019,90,
BALTIMORE,2019,89,
BALTIMORE,2019,88,
BALTIMORE,2019,87,
BALTIMORE,2019,86,
BALTIMORE,2019,85,
BALTIMORE,2019,84,
BALTIMORE,2019,83,
BALTIMORE,2019,82,
BALTIMORE,2019,81,
BALTIMORE,2019,80,
BALTIMORE,2019,79,
BALTIMORE,2019,78,
BALTIMORE,2019,77,
BALTIMORE,2019,76,
BALTIMORE,2019,75,
BALTIMORE,2019,74,
BALTIMORE,2019,73,
BALTIMORE,2019,72,
BALTIMORE,2019,71,
BALTIMORE,2019,70,
BALTIMORE,2019,69,
BALTIMORE,2019,68,
BALTIMORE,2019,67,
BALTIMORE,2019,66,
BALTIMORE,2019,65,23
BALTIMORE,2019,64,23
BALTIMORE,2019,63,23
BALTIMORE,2019,62,
BALTIMORE,2019,61,
BALTIMORE,2019,60,23
BALTIMORE,2019,59,23
BALTIMORE,2019,58,23
BALTIMORE,2019,57,23
BALTIMORE,2019,56,24
BALTIMORE,2019,55,
BALTIMORE,2019,54,
BALTIMORE,2019,53,24
BALTIMORE,2019,52,24
BALTIMORE,2019,51,24
BALTIMORE,2019,50,24
BALTIMORE,2019,49,
BALTIMORE,2019,48,
BALTIMORE,2019,47,
BALTIMORE,2019,46,
BALTIMORE,2019,45,24
BALTIMORE,2019,44,24
BALTIMORE,2019,43,24
BALTIMORE,2019,42,24
BALTIMORE,2019,41,
BALTIMORE,2019,40,
BALTIMORE,2019,39,29
BALTIMORE,2019,38,29
BALTIMORE,2019,37,29
BALTIMORE,2019,36,19
BALTIMORE,2019,35,19
BALTIMORE,2019,34,
BALTIMORE,2019,33,
BALTIMORE,2019,32,19
BALTIMORE,2019,31,19
BALTIMORE,2019,30,19
BALTIMORE,2019,29,19
BALTIMORE,2019,28,22
BALTIMORE,2019,27,
BALTIMORE,2019,26,
BALTIMORE,2019,25,
BALTIMORE,2019,24,
BALTIMORE,2019,23,
BALTIMORE,2019,22,
BALTIMORE,2019,21,
BALTIMORE,2019,20,
BALTIMORE,2019,19,
BALTIMORE,2019,18,27
BALTIMORE,2019,17,23
BALTIMORE,2019,16,23
BALTIMORE,2019,15,23
BALTIMORE,2019,14,22
BALTIMORE,2019,13,
BALTIMORE,2019,12,
BALTIMORE,2019,11,19
BALTIMORE,2019,10,19
BALTIMORE,2019,9,19
BALTIMORE,2019,8,19
BALTIMORE,2019,7,19
BALTIMORE,2019,6,
BALTIMORE,2019,5,
BALTIMORE,2019,4,19
BALTIMORE,2019,3,19
BALTIMORE,2019,2,19
BOSTON,2019,366,
BOSTON,2019,365,
BOSTON,2019,364,
BOSTON,2019,363,
BOSTON,2019,362,
BOSTON,2019,361,
BOSTON,2019,360,
BOSTON,2019,359,
BOSTON,2019,358,
BOSTON,2019,357,
BOSTON,2019,356,
BOSTON,2019,355,
BOSTON,2019,354,
BOSTON,2019,353,
BOSTON,2019,352,
BOSTON,2019,351,
BOSTON,2019,350,
BOSTON,2019,349,
BOSTON,2019,348,
BOSTON,2019,347,
BOSTON,2019,346,
BOSTON,2019,345,24
BOSTON,2019,344,24
BOSTON,2019,343,24
BOSTON,2019,342,
BOSTON,2019,341,
BOSTON,2019,340,24
BOSTON,2019,339,24
BOSTON,2019,338,24
BOSTON,2019,337,24
BOSTON,2019,336,24
BOSTON,2019,335,
BOSTON,2019,334,
BOSTON,2019,333,24
BOSTON,2019,332,
BOSTON,2019,331,24
BOSTON,2019,330,24
BOSTON,2019,329,24
BOSTON,2019,328,
BOSTON,2019,327,
BOSTON,2019,326,24
BOSTON,2019,325,24
BOSTON,2019,324,24
BOSTON,2019,323,24
BOSTON,2019,322,24
BOSTON,2019,321,
BOSTON,2019,320,
BOSTON,2019,319,24
BOSTON,2019,318,24
BOSTON,2019,317,24
BOSTON,2019,316,24
BOSTON,2019,315,
BOSTON,2019,314,
BOSTON,2019,313,
BOSTON,2019,312,24
BOSTON,2019,311,24
BOSTON,2019,310,24
BOSTON,2019,309,24
BOSTON,2019,308,24
BOSTON,2019,307,
BOSTON,2019,306,
BOSTON,2019,305,24
BOSTON,2019,304,24
BOSTON,2019,303,24
BOSTON,2019,302,24
BOSTON,2019,301,24
BOSTON,2019,300,
BOSTON,2019,299,
BOSTON,2019,298,24
BOSTON,2019,297,24
BOSTON,2019,296,24
BOSTON,2019,295,24
BOSTON,2019,294,24
BOSTON,2019,293,
BOSTON,2019,292,
BOSTON,2019,291,24
BOSTON,2019,290,24
BOSTON,2019,289,24
BOSTON,2019,288,24
BOSTON,2019,287,
BOSTON,2019,286,
BOSTON,2019,285,
BOSTON,2019,284,24
BOSTON,2019,283,24
BOSTON,2019,282,24
BOSTON,2019,281,24
BOSTON,2019,280,24
BOSTON,2019,279,
BOSTON,2019,278,
BOSTON,2019,277,24
BOSTON,2019,276,24
BOSTON,2019,275,24
BOSTON,2019,274,24
BOSTON,2019,273,24
BOSTON,2019,272,
BOSTON,2019,271,
BOSTON,2019,270,24
BOSTON,2019,269,24
BOSTON,2019,268,24
BOSTON,2019,267,24
BOSTON,2019,266,24
BOSTON,2019,265,
BOSTON,2019,264,
BOSTON,2019,263,24
BOSTON,2019,262,24
BOSTON,2019,261,24
BOSTON,2019,260,24
BOSTON,2019,259,24
BOSTON,2019,258,
BOSTON,2019,257,
BOSTON,2019,256,24
BOSTON,2019,255,24
BOSTON,2019,254,24
BOSTON,2019,253,24
BOSTON,2019,252,24
BOSTON,2019,251,
BOSTON,2019,250,
BOSTON,2019,249,24
BOSTON,2019,248,24
BOSTON,2019,247,24
BOSTON,2019,246,24
BOSTON,2019,245,
BOSTON,2019,244,
BOSTON,2019,243,
BOSTON,2019,242,24
BOSTON,2019,241,24
BOSTON,2019,240,24
BOSTON,2019,239,24
BOSTON,2019,238,24
BOSTON,2019,237,
BOSTON,2019,236,
BOSTON,2019,235,24
BOSTON,2019,234,24
BOSTON,2019,233,24
BOSTON,2019,232,24
BOSTON,2019,231,24
BOSTON,2019,230,
BOSTON,2019,229,
BOSTON,2019,228,
BOSTON,2019,227,
BOSTON,2019,226,24
BOSTON,2019,225,24
BOSTON,2019,224,24
BOSTON,2019,223,
BOSTON,2019,222,
BOSTON,2019,221,24
BOSTON,2019,220,24
BOSTON,2019,219,24
BOSTON,2019,218,24
BOSTON,2019,217,24
BOSTON,2019,216,
BOSTON,2019,215,
BOSTON,2019,214,24
BOSTON,2019,213,24
BOSTON,2019,212,24
BOSTON,2019,211,24
BOSTON,2019,210,24
BOSTON,2019,209,
BOSTON,2019,208,
BOSTON,2019,207,24
BOSTON,2019,206,24
BOSTON,2019,205,24
BOSTON,2019,204,24
BOSTON,2019,203,24
BOSTON,2019,202,
BOSTON,2019,201,
BOSTON,2019,200,24
BOSTON,2019,199,24
BOSTON,2019,198,24
BOSTON,2019,197,24
BOSTON,2019,196,24
BOSTON,2019,195,
BOSTON,2019,194,
BOSTON,2019,193,24
BOSTON,2019,192,24
BOSTON,2019,191,24
BOSTON,2019,190,24
BOSTON,2019,189,24
BOSTON,2019,188,
BOSTON,2019,187,
BOSTON,2019,186,24
BOSTON,2019,185,
BOSTON,2019,184,24
BOSTON,2019,183,24
BOSTON,2019,182,24
BOSTON,2019,181,
BOSTON,2019,180,
BOSTON,2019,179,24
BOSTON,2019,178,24
BOSTON,2019,177,24
BOSTON,2019,176,24
BOSTON,2019,175,24
BOSTON,2019,174,
BOSTON,2019,173,
BOSTON,2019,172,24
BOSTON,2019,171,24
BOSTON,2019,170,24
BOSTON,2019,169,24
BOSTON,2019,168,24
BOSTON,2019,167,
BOSTON,2019,166,
BOSTON,2019,165,24
BOSTON,2019,164,24
BOSTON,2019,163,24
BOSTON,2019,162,24
BOSTON,2019,161,24
BOSTON,2019,160,
BOSTON,2019,159,
BOSTON,2019,158,24
BOSTON,2019,157,24
BOSTON,2019,156,24
BOSTON,2019,155,24
BOSTON,2019,154,24
BOSTON,2019,153,
BOSTON,2019,152,
BOSTON,2019,151,24
BOSTON,2019,150,24
BOSTON,2019,149,24
BOSTON,2019,148,24
BOSTON,2019,147,
BOSTON,2019,146,
BOSTON,2019,145,
BOSTON,2019,144,24
BOSTON,2019,143,24
BOSTON,2019,142,24
BOSTON,2019,141,24
BOSTON,2019,140,24
BOSTON,2019,139,
BOSTON,2019,138,
BOSTON,2019,137,24
BOSTON,2019,136,24
BOSTON,2019,135,24
BOSTON,2019,134,24
BOSTON,2019,133,24
BOSTON,2019,132,
BOSTON,2019,131,
BOSTON,2019,130,24
BOSTON,2019,129,24
BOSTON,2019,128,24
BOSTON,2019,127,24
BOSTON,2019,126,24
BOSTON,2019,125,
BOSTON,2019,124,
BOSTON,2019,123,24
BOSTON,2019,122,24
BOSTON,2019,121,24
BOSTON,2019,120,24
BOSTON,2019,119,24
BOSTON,2019,118,
BOSTON,2019,117,
BOSTON,2019,116,24
BOSTON,2019,115,24
BOSTON,2019,114,24
BOSTON,2019,113,24
BOSTON,2019,112,24
BOSTON,2019,111,
BOSTON,2019,110,
BOSTON,2019,109,24
BOSTON,2019,108,24
BOSTON,2019,107,24
BOSTON,2019,106,24
BOSTON,2019,105,24
BOSTON,2019,104,
BOSTON,2019,103,
BOSTON,2019,102,24
BOSTON,2019,101,
BOSTON,2019,100,
BOSTON,2019,99,
BOSTON,2019,98,
BOSTON,2019,97,
BOSTON,2019,96,
BOSTON,2019,95,
BOSTON,2019,94,
BOSTON,2019,93,
BOSTON,2019,92,
BOSTON,2019,91,
BOSTON,2019,90,
BOSTON,2019,89,
BOSTON,2019,88,
BOSTON,2019,87,
BOSTON,2019,86,
BOSTON,2019,85,
BOSTON,2019,84,
BOSTON,2019,83,
BOSTON,2019,82,
BOSTON,2019,81,
BOSTON,2019,80,
BOSTON,2019,79,
BOSTON,2019,78,
BOSTON,2019,77,
BOSTON,2019,76,
BOSTON,2019,75,
BOSTON,2019,74,
BOSTON,2019,73,
BOSTON,2019,72,
BOSTON,2019,71,
BOSTON,2019,70,
BOSTON,2019,69,
BOSTON,2019,68,
BOSTON,2019,67,
BOSTON,2019,66,
BOSTON,2019,65,
BOSTON,2019,64,
BOSTON,2019,63,
BOSTON,2019,62,
BOSTON,2019,61,
BOSTON,2019,60,
BOSTON,2019,59,
BOSTON,2019,58,
BOSTON,2019,57,
BOSTON,2019,56,
BOSTON,2019,55,
BOSTON,2019,54,
BOSTON,2019,53,
BOSTON,2019,52,
BOSTON,2019,51,
BOSTON,2019,50,
BOSTON,2019,49,
BOSTON,2019,48,
BOSTON,2019,47,
BOSTON,2019,46,
BOSTON,2019,45,
BOSTON,2019,44,
BOSTON,2019,43,
BOSTON,2019,42,
BOSTON,2019,41,
BOSTON,2019,40,
BOSTON,2019,39,
BOSTON,2019,38,
BOSTON,2019,37,
BOSTON,2019,36,
BOSTON,2019,35,
BOSTON,2019,34,
BOSTON,2019,33,
BOSTON,2019,32,
BOSTON,2019,31,
BOSTON,2019,30,
BOSTON,2019,29,
BOSTON,2019,28,
BOSTON,2019,27,
BOSTON,2019,26,
BOSTON,2019,25,
BOSTON,2019,24,
BOSTON,2019,23,
BOSTON,2019,22,
BOSTON,2019,21,
BOSTON,2019,20,
BOSTON,2019,19,
BOSTON,2019,18,
BOSTON,2019,17,
BOSTON,2019,16,
BOSTON,2019,15,
BOSTON,2019,14,
BOSTON,2019,13,
BOSTON,2019,12,
BOSTON,2019,11,
BOSTON,2019,10,
BOSTON,2019,9,
BOSTON,2019,8,
BOSTON,2019,7,
BOSTON,2019,6,
BOSTON,2019,5,
BOSTON,2019,4,
BOSTON,2019,3,
BOSTON,2019,2,
CHICAGO,2019,366,
CHICAGO,2019,365,22.5
CHICAGO,2019,364,22.5
CHICAGO,2019,363,
CHICAGO,2019,362,
CHICAGO,2019,361,22.5
CHICAGO,2019,360,
CHICAGO,2019,359,
CHICAGO,2019,358,
CHICAGO,2019,357,22.5
CHICAGO,2019,356,
CHICAGO,2019,355,
CHICAGO,2019,354,22.5
CHICAGO,2019,353,
CHICAGO,2019,352,22.5
CHICAGO,2019,351,
CHICAGO,2019,350,22.5
CHICAGO,2019,349,
CHICAGO,2019,348,
CHICAGO,2019,347,22.5
CHICAGO,2019,346,22.5
CHICAGO,2019,345,22.5
CHICAGO,2019,344,22.5
CHICAGO,2019,343,22.5
CHICAGO,2019,342,
CHICAGO,2019,341,
CHICAGO,2019,340,22.5
CHICAGO,2019,339,22.5
CHICAGO,2019,338,22.5
CHICAGO,2019,337,22.5
CHICAGO,2019,336,22.5
CHICAGO,2019,335,
CHICAGO,2019,334,
CHICAGO,2019,333,22.5
CHICAGO,2019,332,
CHICAGO,2019,331,22.5
CHICAGO,2019,330,22.5
CHICAGO,2019,329,22.5
CHICAGO,2019,328,
CHICAGO,2019,327,
CHICAGO,2019,326,22.5
CHICAGO,2019,325,22.5
CHICAGO,2019,324,22.5
CHICAGO,2019,323,22.5
CHICAGO,2019,322,22.5
CHICAGO,2019,321,
CHICAGO,2019,320,
CHICAGO,2019,319,22.5
CHICAGO,2019,318,22.5
CHICAGO,2019,317,20.25
CHICAGO,2019,316,20.25
CHICAGO,2019,315,
CHICAGO,2019,314,
CHICAGO,2019,313,
CHICAGO,2019,312,18
CHICAGO,2019,311,18
CHICAGO,2019,310,18
CHICAGO,2019,309,18
CHICAGO,2019,308,18
CHICAGO,2019,307,
CHICAGO,2019,306,
CHICAGO,2019,305,18
CHICAGO,2019,304,18
CHICAGO,2019,303,18.5
CHICAGO,2019,302,18.5
CHICAGO,2019,301,18.5
CHICAGO,2019,300,
CHICAGO,2019,299,
CHICAGO,2019,298,18.5
CHICAGO,2019,297,18.5
CHICAGO,2019,296,18.5
CHICAGO,2019,295,18.5
CHICAGO,2019,294,18.5
CHICAGO,2019,293,
CHICAGO,2019,292,
CHICAGO,2019,291,18.5
CHICAGO,2019,290,18.5
CHICAGO,2019,289,18.333333
CHICAGO,2019,288,18.333333
CHICAGO,2019,287,
CHICAGO,2019,286,
CHICAGO,2019,285,
CHICAGO,2019,284,18.333333
CHICAGO,2019,283,18.333333
CHICAGO,2019,282,18.333333
CHICAGO,2019,281,19.666666
CHICAGO,2019,280,19.666666
CHICAGO,2019,279,
CHICAGO,2019,278,
CHICAGO,2019,277,19.666666
CHICAGO,2019,276,19.666666
CHICAGO,2019,275,19.666666
CHICAGO,2019,274,19.666666
CHICAGO,2019,273,19.666666
CHICAGO,2019,272,
CHICAGO,2019,271,
CHICAGO,2019,270,19.666666
CHICAGO,2019,269,19.666666
CHICAGO,2019,268,19.666666
CHICAGO,2019,267,19.666666
CHICAGO,2019,266,19.666666
CHICAGO,2019,265,
CHICAGO,2019,264,
CHICAGO,2019,263,19.666666
CHICAGO,2019,262,19.666666
CHICAGO,2019,261,19.666666
CHICAGO,2019,260,20
CHICAGO,2019,259,20
CHICAGO,2019,258,
CHICAGO,2019,257,
CHICAGO,2019,256,20
CHICAGO,2019,255,20
CHICAGO,2019,254,20
CHICAGO,2019,253,20
CHICAGO,2019,252,20
CHICAGO,2019,251,
CHICAGO,2019,250,
CHICAGO,2019,249,20
CHICAGO,2019,248,
CHICAGO,2019,247,20
CHICAGO,2019,246,
CHICAGO,2019,245,
CHICAGO,2019,244,
CHICAGO,2019,243,
CHICAGO,2019,242,20
CHICAGO,2019,241,20
CHICAGO,2019,240,20
CHICAGO,2019,239,20
CHICAGO,2019,238,21.666666
CHICAGO,2019,237,
CHICAGO,2019,236,
CHICAGO,2019,235,23.5
CHICAGO,2019,234,23.5
CHICAGO,2019,233,23.5
CHICAGO,2019,232,24
CHICAGO,2019,231,24
CHICAGO,2019,230,
CHICAGO,2019,229,
CHICAGO,2019,228,
CHICAGO,2019,227,
CHICAGO,2019,226,24
CHICAGO,2019,225,
CHICAGO,2019,224,22
CHICAGO,2019,223,
CHICAGO,2019,222,
CHICAGO,2019,221,22
CHICAGO,2019,220,
CHICAGO,2019,219,22
CHICAGO,2019,218,
CHICAGO,2019,217,23.5
CHICAGO,2019,216,
CHICAGO,2019,215,
CHICAGO,2019,214,23.5
CHICAGO,2019,213,
CHICAGO,2019,212,22.625
CHICAGO,2019,211,
CHICAGO,2019,210,22.625
CHICAGO,2019,209,
CHICAGO,2019,208,
CHICAGO,2019,207,22.625
CHICAGO,2019,206,
CHICAGO,2019,205,22.5
CHICAGO,2019,204,
CHICAGO,2019,203,22.5
CHICAGO,2019,202,
CHICAGO,2019,201,
CHICAGO,2019,200,21.75
CHICAGO,2019,199,
CHICAGO,2019,198,21.75
CHICAGO,2019,197,
CHICAGO,2019,196,21.75
CHICAGO,2019,195,
CHICAGO,2019,194,
CHICAGO,2019,193,21.75
CHICAGO,2019,192,
CHICAGO,2019,191,21.75
CHICAGO,2019,190,
CHICAGO,2019,189,21.75
CHICAGO,2019,188,
CHICAGO,2019,187,
CHICAGO,2019,186,21.75
CHICAGO,2019,185,
CHICAGO,2019,184,21.75
CHICAGO,2019,183,
CHICAGO,2019,182,21.75
CHICAGO,2019,181,
CHICAGO,2019,180,
CHICAGO,2019,179,21.75
CHICAGO,2019,178,
CHICAGO,2019,177,21.75
CHICAGO,2019,176,
CHICAGO,2019,175,21.75
CHICAGO,2019,174,
CHICAGO,2019,173,
CHICAGO,2019,172,25.166666
CHICAGO,2019,171,
CHICAGO,2019,170,25.833333
CHICAGO,2019,169,
CHICAGO,2019,168,25.833333
CHICAGO,2019,167,
CHICAGO,2019,166,
CHICAGO,2019,165,25.833333
CHICAGO,2019,164,
CHICAGO,2019,163,25.833333
CHICAGO,2019,162,
CHICAGO,2019,161,24.833333
CHICAGO,2019,160,
CHICAGO,2019,159,
CHICAGO,2019,158,24.833333
CHICAGO,2019,157,
CHICAGO,2019,156,24.833333
CHICAGO,2019,155,
CHICAGO,2019,154,24.833333
CHICAGO,2019,153,
CHICAGO,2019,152,
CHICAGO,2019,151,24.833333
CHICAGO,2019,150,
CHICAGO,2019,149,24.833333
CHICAGO,2019,148,
CHICAGO,2019,147,
CHICAGO,2019,146,
CHICAGO,2019,145,
CHICAGO,2019,144,25.5
CHICAGO,2019,143,
CHICAGO,2019,142,27.5
CHICAGO,2019,141,
CHICAGO,2019,140,27.166666
CHICAGO,2019,139,
CHICAGO,2019,138,
CHICAGO,2019,137,27.166666
CHICAGO,2019,136,
CHICAGO,2019,135,24.75
CHICAGO,2019,134,
CHICAGO,2019,133,25.5
CHICAGO,2019,132,
CHICAGO,2019,131,
CHICAGO,2019,130,25.5
CHICAGO,2019,129,
CHICAGO,2019,128,25.5
CHICAGO,2019,127,
CHICAGO,2019,126,20
CHICAGO,2019,125,
CHICAGO,2019,124,
CHICAGO,2019,123,18.75
CHICAGO,2019,122,18.75
CHICAGO,2019,121,18.75
CHICAGO,2019,120,18.75
CHICAGO,2019,119,18.75
CHICAGO,2019,118,
CHICAGO,2019,117,
CHICAGO,2019,116,18.75
CHICAGO,2019,115,
CHICAGO,2019,114,18.75
CHICAGO,2019,113,18.75
CHICAGO,2019,112,22.25
CHICAGO,2019,111,
CHICAGO,2019,110,
CHICAGO,2019,109,22.25
CHICAGO,2019,108,22.25
CHICAGO,2019,107,22.25
CHICAGO,2019,106,
CHICAGO,2019,105,
CHICAGO,2019,104,
CHICAGO,2019,103,
CHICAGO,2019,102,
CHICAGO,2019,101,
CHICAGO,2019,100,22.25
CHICAGO,2019,99,
CHICAGO,2019,98,22.25
CHICAGO,2019,97,
CHICAGO,2019,96,
CHICAGO,2019,95,22.25
CHICAGO,2019,94,22.25
CHICAGO,2019,93,22.25
CHICAGO,2019,92,17.666666
CHICAGO,2019,91,17.666666
CHICAGO,2019,90,
CHICAGO,2019,89,
CHICAGO,2019,88,17.666666
CHICAGO,2019,87,17.666666
CHICAGO,2019,86,18.5
CHICAGO,2019,85,18.5
CHICAGO,2019,84,18.5
CHICAGO,2019,83,
CHICAGO,2019,82,
CHICAGO,2019,81,19
CHICAGO,2019,80,19
CHICAGO,2019,79,19
CHICAGO,2019,78,18.833333
CHICAGO,2019,77,18.333333
CHICAGO,2019,76,
CHICAGO,2019,75,
CHICAGO,2019,74,18.333333
CHICAGO,2019,73,20.666666
CHICAGO,2019,72,20.666666
CHICAGO,2019,71,20
CHICAGO,2019,70,20
CHICAGO,2019,69,
CHICAGO,2019,68,
CHICAGO,2019,67,20
CHICAGO,2019,66,20
CHICAGO,2019,65,20
CHICAGO,2019,64,20
CHICAGO,2019,63,20
CHICAGO,2019,62,
CHICAGO,2019,61,
CHICAGO,2019,60,22.666666
CHICAGO,2019,59,22.666666
CHICAGO,2019,58,22.666666
CHICAGO,2019,57,22.666666
CHICAGO,2019,56,22.666666
CHICAGO,2019,55,
CHICAGO,2019,54,
CHICAGO,2019,53,22.666666
CHICAGO,2019,52,22.666666
CHICAGO,2019,51,22.666666
CHICAGO,2019,50,22.666666
CHICAGO,2019,49,
CHICAGO,2019,48,
CHICAGO,2019,47,
CHICAGO,2019,46,22.833333
CHICAGO,2019,45,22.833333
CHICAGO,2019,44,20.5
CHICAGO,2019,43,21
CHICAGO,2019,42,21
CHICAGO,2019,41,
CHICAGO,2019,40,
CHICAGO,2019,39,21
CHICAGO,2019,38,21
CHICAGO,2019,37,21
CHICAGO,2019,36,21.333333
CHICAGO,2019,35,21.333333
CHICAGO,2019,34,
CHICAGO,2019,33,
CHICAGO,2019,32,21.333333
CHICAGO,2019,31,21.333333
CHICAGO,2019,30,21.333333
CHICAGO,2019,29,21.333333
CHICAGO,2019,28,21.333333
CHICAGO,2019,27,
CHICAGO,2019,26,
CHICAGO,2019,25,21.333333
CHICAGO,2019,24,21.333333
CHICAGO,2019,23,21.333333
CHICAGO,2019,22,21.333333
CHICAGO,2019,21,
CHICAGO,2019,20,
CHICAGO,2019,19,
CHICAGO,2019,18,21.333333
CHICAGO,2019,17,21.333333
CHICAGO,2019,16,21.333333
CHICAGO,2019,15,21.333333
CHICAGO,2019,14,21.333333
CHICAGO,2019,13,
CHICAGO,2019,12,
CHICAGO,2019,11,21.333333
CHICAGO,2019,10,21.333333
CHICAGO,2019,9,
CHICAGO,2019,8,21.333333
CHICAGO,2019,7,21.333333
CHICAGO,2019,6,
CHICAGO,2019,5,
CHICAGO,2019,4,21.333333
CHICAGO,2019,3,21.333333
CHICAGO,2019,2,
COLUMBIA,2019,366,
COLUMBIA,2019,365,15.5
COLUMBIA,2019,364,15.5
COLUMBIA,2019,363,
COLUMBIA,2019,362,
COLUMBIA,2019,361,15.5
COLUMBIA,2019,360,
COLUMBIA,2019,359,
COLUMBIA,2019,358,
COLUMBIA,2019,357,15.5
COLUMBIA,2019,356,
COLUMBIA,2019,355,
COLUMBIA,2019,354,15.5
COLUMBIA,2019,353,15.5
COLUMBIA,2019,352,15.5
COLUMBIA,2019,351,15.5
COLUMBIA,2019,350,15
COLUMBIA,2019,349,
COLUMBIA,2019,348,
COLUMBIA,2019,347,15
COLUMBIA,2019,346,15
COLUMBIA,2019,345,15
COLUMBIA,2019,344,15
COLUMBIA,2019,343,15
COLUMBIA,2019,342,
COLUMBIA,2019,341,
COLUMBIA,2019,340,15
COLUMBIA,2019,339,15
COLUMBIA,2019,338,15
COLUMBIA,2019,337,15
COLUMBIA,2019,336,14
COLUMBIA,2019,335,
COLUMBIA,2019,334,
COLUMBIA,2019,333,
COLUMBIA,2019,332,
COLUMBIA,2019,331,14.5
COLUMBIA,2019,330,14.5
COLUMBIA,2019,329,14.5
COLUMBIA,2019,328,
COLUMBIA,2019,327,
COLUMBIA,2019,326,15
COLUMBIA,2019,325,15
COLUMBIA,2019,324,15
COLUMBIA,2019,323,15
COLUMBIA,2019,322,15
COLUMBIA,2019,321,
COLUMBIA,2019,320,
COLUMBIA,2019,319,15
COLUMBIA,2019,318,15
COLUMBIA,2019,317,16
COLUMBIA,2019,316,16
COLUMBIA,2019,315,
COLUMBIA,2019,314,
COLUMBIA,2019,313,
COLUMBIA,2019,312,16
COLUMBIA,2019,311,16
COLUMBIA,2019,310,16
COLUMBIA,2019,309,16
COLUMBIA,2019,308,16
COLUMBIA,2019,307,
COLUMBIA,2019,306,
COLUMBIA,2019,305,14.333333
COLUMBIA,2019,304,14.333333
COLUMBIA,2019,303,14.333333
COLUMBIA,2019,302,14.333333
COLUMBIA,2019,301,14.333333
COLUMBIA,2019,300,
COLUMBIA,2019,299,
COLUMBIA,2019,298,14.333333
COLUMBIA,2019,297,14.333333
COLUMBIA,2019,296,14.333333
COLUMBIA,2019,295,14.333333
COLUMBIA,2019,294,
COLUMBIA,2019,293,
COLUMBIA,2019,292,
COLUMBIA,2019,291,14.333333
COLUMBIA,2019,290,14.333333
COLUMBIA,2019,289,14.333333
COLUMBIA,2019,288,14.333333
COLUMBIA,2019,287,14.333333
COLUMBIA,2019,286,
COLUMBIA,2019,285,
COLUMBIA,2019,284,14.333333
COLUMBIA,2019,283,14.333333
COLUMBIA,2019,282,13.666666
COLUMBIA,2019,281,13.666666
COLUMBIA,2019,280,13.666666
COLUMBIA,2019,279,
COLUMBIA,2019,278,
COLUMBIA,2019,277,13.666666
COLUMBIA,2019,276,13.5
COLUMBIA,2019,275,15.25
COLUMBIA,2019,274,15.25
COLUMBIA,2019,273,15.25
COLUMBIA,2019,272,
COLUMBIA,2019,271,
COLUMBIA,2019,270,15.25
COLUMBIA,2019,269,15.5
COLUMBIA,2019,268,15.5
COLUMBIA,2019,267,15.5
COLUMBIA,2019,266,15.5
COLUMBIA,2019,265,
COLUMBIA,2019,264,
COLUMBIA,2019,263,15.5
COLUMBIA,2019,262,15.5
COLUMBIA,2019,261,15.5
COLUMBIA,2019,260,15.5
COLUMBIA,2019,259,15.5
COLUMBIA,2019,258,
COLUMBIA,2019,257,
COLUMBIA,2019,256,15.5
COLUMBIA,2019,255,15.5
COLUMBIA,2019,254,15.5
COLUMBIA,2019,253,15.5
COLUMBIA,2019,252,15.5
COLUMBIA,2019,251,
COLUMBIA,2019,250,
COLUMBIA,2019,249,15.5
COLUMBIA,2019,248,16
COLUMBIA,2019,247,16
COLUMBIA,2019,246,
COLUMBIA,2019,245,
COLUMBIA,2019,244,
COLUMBIA,2019,243,
COLUMBIA,2019,242,16
COLUMBIA,2019,241,16
COLUMBIA,2019,240,16
COLUMBIA,2019,239,16
COLUMBIA,2019,238,15.5
COLUMBIA,2019,237,
COLUMBIA,2019,236,
COLUMBIA,2019,235,15.5
COLUMBIA,2019,234,15.5
COLUMBIA,2019,233,15.5
COLUMBIA,2019,232,15.5
COLUMBIA,2019,231,15.5
COLUMBIA,2019,230,
COLUMBIA,2019,229,
COLUMBIA,2019,228,15.5
COLUMBIA,2019,227,15.5
COLUMBIA,2019,226,15.5
COLUMBIA,2019,225,15.5
COLUMBIA,2019,224,15.5
COLUMBIA,2019,223,
COLUMBIA,2019,222,
COLUMBIA,2019,221,15.5
COLUMBIA,2019,220,16.5
COLUMBIA,2019,219,16.5
COLUMBIA,2019,218,16
COLUMBIA,2019,217,16
COLUMBIA,2019,216,
COLUMBIA,2019,215,
COLUMBIA,2019,214,16
COLUMBIA,2019,213,16.5
COLUMBIA,2019,212,16.5
COLUMBIA,2019,211,16.5
COLUMBIA,2019,210,16.5
COLUMBIA,2019,209,
COLUMBIA,2019,208,
COLUMBIA,2019,207,16.5
COLUMBIA,2019,206,16.5
COLUMBIA,2019,205,16.5
COLUMBIA,2019,204,16.5
COLUMBIA,2019,203,16.5
COLUMBIA,2019,202,
COLUMBIA,2019,201,
COLUMBIA,2019,200,16.5
COLUMBIA,2019,199,16.5
COLUMBIA,2019,198,16.5
COLUMBIA,2019,197,16.5
COLUMBIA,2019,196,16.5
COLUMBIA,2019,195,
COLUMBIA,2019,194,
COLUMBIA,2019,193,18.666666
COLUMBIA,2019,192,18.666666
COLUMBIA,2019,191,16.5
COLUMBIA,2019,190,16.5
COLUMBIA,2019,189,16.5
COLUMBIA,2019,188,
COLUMBIA,2019,187,
COLUMBIA,2019,186,18.333333
COLUMBIA,2019,185,
COLUMBIA,2019,184,18.333333
COLUMBIA,2019,183,18.333333
COLUMBIA,2019,182,18.333333
COLUMBIA,2019,181,
COLUMBIA,2019,180,
COLUMBIA,2019,179,16
COLUMBIA,2019,178,16
COLUMBIA,2019,177,16
COLUMBIA,2019,176,16
COLUMBIA,2019,175,16
COLUMBIA,2019,174,
COLUMBIA,2019,173,
COLUMBIA,2019,172,16
COLUMBIA,2019,171,16
COLUMBIA,2019,170,16
COLUMBIA,2019,169,16
COLUMBIA,2019,168,16
COLUMBIA,2019,167,
COLUMBIA,2019,166,
COLUMBIA,2019,165,16
COLUMBIA,2019,164,16
COLUMBIA,2019,163,16
COLUMBIA,2019,162,16
COLUMBIA,2019,161,16
COLUMBIA,2019,160,
COLUMBIA,2019,159,
COLUMBIA,2019,158,17.666666
COLUMBIA,2019,157,17.666666
COLUMBIA,2019,156,17.666666
COLUMBIA,2019,155,17.666666
COLUMBIA,2019,154,17.666666
COLUMBIA,2019,153,
COLUMBIA,2019,152,
COLUMBIA,2019,151,17.666666
COLUMBIA,2019,150,15.5
COLUMBIA,2019,149,15.5
COLUMBIA,2019,148,15.5
COLUMBIA,2019,147,
COLUMBIA,2019,146,
COLUMBIA,2019,145,
COLUMBIA,2019,144,17.333333
COLUMBIA,2019,143,17.333333
COLUMBIA,2019,142,17.333333
COLUMBIA,2019,141,17.333333
COLUMBIA,2019,140,17.5
COLUMBIA,2019,139,
COLUMBIA,2019,138,
COLUMBIA,2019,137,17.5
COLUMBIA,2019,136,17.5
COLUMBIA,2019,135,16.666666
COLUMBIA,2019,134,16.666666
COLUMBIA,2019,133,16.666666
COLUMBIA,2019,132,
COLUMBIA,2019,131,
COLUMBIA,2019,130,
COLUMBIA,2019,129,16.666666
COLUMBIA,2019,128,16.666666
COLUMBIA,2019,127,16.666666
COLUMBIA,2019,126,16.666666
COLUMBIA,2019,125,
COLUMBIA,2019,124,
COLUMBIA,2019,123,19.666666
COLUMBIA,2019,122,19.666666
COLUMBIA,2019,121,19.666666
COLUMBIA,2019,120,19.666666
COLUMBIA,2019,119,21.333333
COLUMBIA,2019,118,
COLUMBIA,2019,117,
COLUMBIA,2019,116,19.5
COLUMBIA,2019,115,19.5
COLUMBIA,2019,114,19.5
COLUMBIA,2019,113,19.5
COLUMBIA,2019,112,19.5
COLUMBIA,2019,111,
COLUMBIA,2019,110,
COLUMBIA,2019,109,18.5
COLUMBIA,2019,108,18.5
COLUMBIA,2019,107,18.5
COLUMBIA,2019,106,18.5
COLUMBIA,2019,105,18.5
COLUMBIA,2019,104,
COLUMBIA,2019,103,
COLUMBIA,2019,102,18.5
COLUMBIA,2019,101,18.5
COLUMBIA,2019,100,17.25
COLUMBIA,2019,99,17.25
COLUMBIA,2019,98,17.25
COLUMBIA,2019,97,
COLUMBIA,2019,96,
COLUMBIA,2019,95,17.75
COLUMBIA,2019,94,17.75
COLUMBIA,2019,93,17.75
COLUMBIA,2019,92,17.25
COLUMBIA,2019,91,17.25
COLUMBIA,2019,90,
COLUMBIA,2019,89,
COLUMBIA,2019,88,17.75
COLUMBIA,2019,87,17.75
COLUMBIA,2019,86,15.5
COLUMBIA,2019,85,15.5
COLUMBIA,2019,84,
COLUMBIA,2019,83,
COLUMBIA,2019,82,
COLUMBIA,2019,81,15.5
COLUMBIA,2019,80,16
COLUMBIA,2019,79,16
COLUMBIA,2019,78,16
COLUMBIA,2019,77,16
COLUMBIA,2019,76,
COLUMBIA,2019,75,
COLUMBIA,2019,74,20.5
COLUMBIA,2019,73,20.5
COLUMBIA,2019,72,20.5
COLUMBIA,2019,71,20.5
COLUMBIA,2019,70,20.5
COLUMBIA,2019,69,
COLUMBIA,2019,68,
COLUMBIA,2019,67,20.5
COLUMBIA,2019,66,20.5
COLUMBIA,2019,65,22
COLUMBIA,2019,64,22
COLUMBIA,2019,63,22
COLUMBIA,2019,62,
COLUMBIA,2019,61,
COLUMBIA,2019,60,22
COLUMBIA,2019,59,22
COLUMBIA,2019,58,22
COLUMBIA,2019,57,22
COLUMBIA,2019,56,22
COLUMBIA,2019,55,
COLUMBIA,2019,54,
COLUMBIA,2019,53,22
COLUMBIA,2019,52,22
COLUMBIA,2019,51,22
COLUMBIA,2019,50,22
COLUMBIA,2019,49,
COLUMBIA,2019,48,
COLUMBIA,2019,47,
COLUMBIA,2019,46,20
COLUMBIA,2019,45,20
COLUMBIA,2019,44,20
COLUMBIA,2019,43,20
COLUMBIA,2019,42,20
COLUMBIA,2019,41,
COLUMBIA,2019,40,
COLUMBIA,2019,39,20
COLUMBIA,2019,38,22
COLUMBIA,2019,37,22
COLUMBIA,2019,36,22
COLUMBIA,2019,35,22
COLUMBIA,2019,34,
COLUMBIA,2019,33,
COLUMBIA,2019,32,22
COLUMBIA,2019,31,19
COLUMBIA,2019,30,19
COLUMBIA,2019,29,19
COLUMBIA,2019,28,
COLUMBIA,2019,27,
COLUMBIA,2019,26,
COLUMBIA,2019,25,19
COLUMBIA,2019,24,19
COLUMBIA,2019,23,19
COLUMBIA,2019,22,19
COLUMBIA,2019,21,
COLUMBIA,2019,20,
COLUMBIA,2019,19,
COLUMBIA,2019,18,19
COLUMBIA,2019,17,19
COLUMBIA,2019,16,19
COLUMBIA,2019,15,19
COLUMBIA,2019,14,19
COLUMBIA,2019,13,
COLUMBIA,2019,12,
COLUMBIA,2019,11,19
COLUMBIA,2019,10,19
COLUMBIA,2019,9,19
COLUMBIA,2019,8,19
COLUMBIA,2019,7,19
COLUMBIA,2019,6,
COLUMBIA,2019,5,
COLUMBIA,2019,4,19
COLUMBIA,2019,3,18
COLUMBIA,2019,2,18
NEW YORK,2019,366,
NEW YORK,2019,365,
NEW YORK,2019,364,
NEW YORK,2019,363,
NEW YORK,2019,362,
NEW YORK,2019,361,
NEW YORK,2019,360,
NEW YORK,2019,359,
NEW YORK,2019,358,
NEW YORK,2019,357,
NEW YORK,2019,356,
NEW YORK,2019,355,
NEW YORK,2019,354,
NEW YORK,2019,353,
NEW YORK,2019,352,
NEW YORK,2019,351,
NEW YORK,2019,350,
NEW YORK,2019,349,
NEW YORK,2019,348,
NEW YORK,2019,347,
NEW YORK,2019,346,
NEW YORK,2019,345,
NEW YORK,2019,344,
NEW YORK,2019,343,
NEW YORK,2019,342,
NEW YORK,2019,341,
NEW YORK,2019,340,
NEW YORK,2019,339,
NEW YORK,2019,338,
NEW YORK,2019,337,
NEW YORK,2019,336,
NEW YORK,2019,335,
NEW YORK,2019,334,
NEW YORK,2019,333,
NEW YORK,2019,332,
NEW YORK,2019,331,
NEW YORK,2019,330,
NEW YORK,2019,329,
NEW YORK,2019,328,
NEW YORK,2019,327,
NEW YORK,2019,326,
NEW YORK,2019,325,
NEW YORK,2019,324,
NEW YORK,2019,323,
NEW YORK,2019,322,
NEW YORK,2019,321,
NEW YORK,2019,320,
NEW YORK,2019,319,
NEW YORK,2019,318,
NEW YORK,2019,317,
NEW YORK,2019,316,
NEW YORK,2019,315,
NEW YORK,2019,314,
NEW YORK,2019,313,
NEW YORK,2019,312,
NEW YORK,2019,311,
NEW YORK,2019,310,
NEW YORK,2019,309,
NEW YORK,2019,308,
NEW YORK,2019,307,
NEW YORK,2019,306,
NEW YORK,2019,305,
NEW YORK,2019,304,
NEW YORK,2019,303,
NEW YORK,2019,302,
NEW YORK,2019,301,
NEW YORK,2019,300,
NEW YORK,2019,299,
NEW YORK,2019,298,
NEW YORK,2019,297,
NEW YORK,2019,296,
NEW YORK,2019,295,
NEW YORK,2019,294,
NEW YORK,2019,293,
NEW YORK,2019,292,
NEW YORK,2019,291,
NEW YORK,2019,290,
NEW YORK,2019,289,
NEW YORK,2019,288,
NEW YORK,2019,287,
NEW YORK,2019,286,
NEW YORK,2019,285,
NEW YORK,2019,284,
NEW YORK,2019,283,
NEW YORK,2019,282,
NEW YORK,2019,281,
NEW YORK,2019,280,
NEW YORK,2019,279,
NEW YORK,2019,278,
NEW YORK,2019,277,
NEW YORK,2019,276,
NEW YORK,2019,275,
NEW YORK,2019,274,
NEW YORK,2019,273,
NEW YORK,2019,272,
NEW YORK,2019,271,
NEW YORK,2019,270,
NEW YORK,2019,269,
NEW YORK,2019,268,
NEW YORK,2019,267,
NEW YORK,2019,266,
NEW YORK,2019,265,
NEW YORK,2019,264,
NEW YORK,2019,263,
NEW YORK,2019,262,
NEW YORK,2019,261,
NEW YORK,2019,260,
NEW YORK,2019,259,
NEW YORK,2019,258,
NEW YORK,2019,257,
NEW YORK,2019,256,
NEW YORK,2019,255,
NEW YORK,2019,254,
NEW YORK,2019,253,
NEW YORK,2019,252,
NEW YORK,2019,251,
NEW YORK,2019,250,
NEW YORK,2019,249,
NEW YORK,2019,248,
NEW YORK,2019,247,
NEW YORK,2019,246,
NEW YORK,2019,245,
NEW YORK,2019,244,
NEW YORK,2019,243,
NEW YORK,2019,242,
NEW YORK,2019,241,
NEW YORK,2019,240,
NEW YORK,2019,239,
NEW YORK,2019,238,
NEW YORK,2019,237,
NEW YORK,2019,236,
NEW YORK,2019,235,
NEW YORK,2019,234,
NEW YORK,2019,233,
NEW YORK,2019,232,
NEW YORK,2019,231,
NEW YORK,2019,230,
NEW YORK,2019,229,
NEW YORK,2019,228,
NEW YORK,2019,227,
NEW YORK,2019,226,
NEW YORK,2019,225,
NEW YORK,2019,224,
NEW YORK,2019,223,
NEW YORK,2019,222,
NEW YORK,2019,221,
NEW YORK,2019,220,
NEW YORK,2019,219,
NEW YORK,2019,218,
NEW YORK,2019,217,
NEW YORK,2019,216,
NEW YORK,2019,215,
NEW YORK,2019,214,
NEW YORK,2019,213,
NEW YORK,2019,212,
NEW YORK,2019,211,
NEW YORK,2019,210,
NEW YORK,2019,209,
NEW YORK,2019,208,
NEW YORK,2019,207,
NEW YORK,2019,206,
NEW YORK,2019,205,
NEW YORK,2019,204,
NEW YORK,2019,203,
NEW YORK,2019,202,
NEW YORK,2019,201,
NEW YORK,2019,200,
NEW YORK,2019,199,
NEW YORK,2019,198,
NEW YORK,2019,197,
NEW YORK,2019,196,
NEW YORK,2019,195,
NEW YORK,2019,194,
NEW YORK,2019,193,
NEW YORK,2019,192,
NEW YORK,2019,191,
NEW YORK,2019,190,
NEW YORK,2019,189,
NEW YORK,2019,188,
NEW YORK,2019,187,
NEW YORK,2019,186,
NEW YORK,2019,185,
NEW YORK,2019,184,
NEW YORK,2019,183,
NEW YORK,2019,182,
NEW YORK,2019,181,
NEW YORK,2019,180,
NEW YORK,2019,179,
NEW YORK,2019,178,
NEW YORK,2019,177,
NEW YORK,2019,176,
NEW YORK,2019,175,
NEW YORK,2019,174,
NEW YORK,2019,173,
NEW YORK,2019,172,
NEW YORK,2019,171,
NEW YORK,2019,170,8
NEW YORK,2019,169,8
NEW YORK,2019,168,
NEW YORK,2019,167,
NEW YORK,2019,166,
NEW YORK,2019,165,
NEW YORK,2019,164,
NEW YORK,2019,163,
NEW YORK,2019,162,
NEW YORK,2019,161,
NEW YORK,2019,160,
NEW YORK,2019,159,
NEW YORK,2019,158,
NEW YORK,2019,157,6.5
NEW YORK,2019,156,
NEW YORK,2019,155,
NEW YORK,2019,154,
NEW YORK,2019,153,
NEW YORK,2019,152,
NEW YORK,2019,151,
NEW YORK,2019,150,
NEW YORK,2019,149,15
NEW YORK,2019,148,15
NEW YORK,2019,147,
NEW YORK,2019,146,
NEW YORK,2019,145,
NEW YORK,2019,144,
NEW YORK,2019,143,18
NEW YORK,2019,142,18
NEW YORK,2019,141,18
NEW YORK,2019,140,18
NEW YORK,2019,139,
NEW YORK,2019,138,
NEW YORK,2019,137,
NEW YORK,2019,136,
NEW YORK,2019,135,
NEW YORK,2019,134,
NEW YORK,2019,133,
NEW YORK,2019,132,
NEW YORK,2019,131,
NEW YORK,2019,130,
NEW YORK,2019,129,
NEW YORK,2019,128,
NEW YORK,2019,127,
NEW YORK,2019,126,
NEW YORK,2019,125,
NEW YORK,2019,124,
NEW YORK,2019,123,
NEW YORK,2019,122,
NEW YORK,2019,121,
NEW YORK,2019,120,
NEW YORK,2019,119,
NEW YORK,2019,118,
NEW YORK,2019,117,
NEW YORK,2019,116,
NEW YORK,2019,115,
NEW YORK,2019,114,
NEW YORK,2019,113,
NEW YORK,2019,112,
NEW YORK,2019,111,
NEW YORK,2019,110,
NEW YORK,2019,109,
NEW YORK,2019,108,
NEW YORK,2019,107,
NEW YORK,2019,106,
NEW YORK,2019,105,
NEW YORK,2019,104,
NEW YORK,2019,103,
NEW YORK,2019,102,
NEW YORK,2019,101,
NEW YORK,2019,100,
NEW YORK,2019,99,
NEW YORK,2019,98,
NEW YORK,2019,97,
NEW YORK,2019,96,
NEW YORK,2019,95,
NEW YORK,2019,94,
NEW YORK,2019,93,
NEW YORK,2019,92,
NEW YORK,2019,91,
NEW YORK,2019,90,
NEW YORK,2019,89,
NEW YORK,2019,88,
NEW YORK,2019,87,
NEW YORK,2019,86,
NEW YORK,2019,85,
NEW YORK,2019,84,
NEW YORK,2019,83,
NEW YORK,2019,82,
NEW YORK,2019,81,
NEW YORK,2019,80,
NEW YORK,2019,79,
NEW YORK,2019,78,
NEW YORK,2019,77,
NEW YORK,2019,76,
NEW YORK,2019,75,
NEW YORK,2019,74,
NEW YORK,2019,73,
NEW YORK,2019,72,
NEW YORK,2019,71,
NEW YORK,2019,70,
NEW YORK,2019,69,
NEW YORK,2019,68,
NEW YORK,2019,67,
NEW YORK,2019,66,
NEW YORK,2019,65,
NEW YORK,2019,64,
NEW YORK,2019,63,
NEW YORK,2019,62,
NEW YORK,2019,61,
NEW YORK,2019,60,
NEW YORK,2019,59,
NEW YORK,2019,58,
NEW YORK,2019,57,
NEW YORK,2019,56,
NEW YORK,2019,55,
NEW YORK,2019,54,
NEW YORK,2019,53,
NEW YORK,2019,52,
NEW YORK,2019,51,
NEW YORK,2019,50,
NEW YORK,2019,49,
NEW YORK,2019,48,
NEW YORK,2019,47,
NEW YORK,2019,46,
NEW YORK,2019,45,
NEW YORK,2019,44,
NEW YORK,2019,43,
NEW YORK,2019,42,
NEW YORK,2019,41,
NEW YORK,2019,40,
NEW YORK,2019,39,
NEW YORK,2019,38,
NEW YORK,2019,37,
NEW YORK,2019,36,
NEW YORK,2019,35,
NEW YORK,2019,34,
NEW YORK,2019,33,
NEW YORK,2019,32,
NEW YORK,2019,31,
NEW YORK,2019,30,
NEW YORK,2019,29,
NEW YORK,2019,28,
NEW YORK,2019,27,
NEW YORK,2019,26,
NEW YORK,2019,25,
NEW YORK,2019,24,
NEW YORK,2019,23,
NEW YORK,2019,22,
NEW YORK,2019,21,
NEW YORK,2019,20,
NEW YORK,2019,19,
NEW YORK,2019,18,
NEW YORK,2019,17,
NEW YORK,2019,16,
NEW YORK,2019,15,
NEW YORK,2019,14,
NEW YORK,2019,13,
NEW YORK,2019,12,
NEW YORK,2019,11,
NEW YORK,2019,10,
NEW YORK,2019,9,
NEW YORK,2019,8,
NEW YORK,2019,7,
NEW YORK,2019,6,
NEW YORK,2019,5,
NEW YORK,2019,4,
NEW YORK,2019,3,
NEW YORK,2019,2,
PHILADELPHIA,2019,366,
PHILADELPHIA,2019,365,
PHILADELPHIA,2019,364,
PHILADELPHIA,2019,363,
PHILADELPHIA,2019,362,
PHILADELPHIA,2019,361,12
PHILADELPHIA,2019,360,
PHILADELPHIA,2019,359,
PHILADELPHIA,2019,358,
PHILADELPHIA,2019,357,
PHILADELPHIA,2019,356,
PHILADELPHIA,2019,355,
PHILADELPHIA,2019,354,
PHILADELPHIA,2019,353,
PHILADELPHIA,2019,352,
PHILADELPHIA,2019,351,
PHILADELPHIA,2019,350,
PHILADELPHIA,2019,349,
PHILADELPHIA,2019,348,
PHILADELPHIA,2019,347,
PHILADELPHIA,2019,346,
PHILADELPHIA,2019,345,
PHILADELPHIA,2019,344,
PHILADELPHIA,2019,343,
PHILADELPHIA,2019,342,
PHILADELPHIA,2019,341,
PHILADELPHIA,2019,340,
PHILADELPHIA,2019,339,
PHILADELPHIA,2019,338,
PHILADELPHIA,2019,337,
PHILADELPHIA,2019,336,
PHILADELPHIA,2019,335,
PHILADELPHIA,2019,334,
PHILADELPHIA,2019,333,
PHILADELPHIA,2019,332,
PHILADELPHIA,2019,331,14
PHILADELPHIA,2019,330,14
PHILADELPHIA,2019,329,14
PHILADELPHIA,2019,328,
PHILADELPHIA,2019,327,
PHILADELPHIA,2019,326,14
PHILADELPHIA,2019,325,14
PHILADELPHIA,2019,324,14
PHILADELPHIA,2019,323,14
PHILADELPHIA,2019,322,14
PHILADELPHIA,2019,321,
PHILADELPHIA,2019,320,
PHILADELPHIA,2019,319,12
PHILADELPHIA,2019,318,12
PHILADELPHIA,2019,317,12
PHILADELPHIA,2019,316,12
PHILADELPHIA,2019,315,
PHILADELPHIA,2019,314,
PHILADELPHIA,2019,313,
PHILADELPHIA,2019,312,12
PHILADELPHIA,2019,311,12
PHILADELPHIA,2019,310,12
PHILADELPHIA,2019,309,12
PHILADELPHIA,2019,308,12
PHILADELPHIA,2019,307,
PHILADELPHIA,2019,306,
PHILADELPHIA,2019,305,10
PHILADELPHIA,2019,304,10
PHILADELPHIA,2019,303,10
PHILADELPHIA,2019,302,10
PHILADELPHIA,2019,301,10
PHILADELPHIA,2019,300,
PHILADELPHIA,2019,299,
PHILADELPHIA,2019,298,11.75
PHILADELPHIA,2019,297,11.75
PHILADELPHIA,2019,296,11.75
PHILADELPHIA,2019,295,10
PHILADELPHIA,2019,294,10
PHILADELPHIA,2019,293,
PHILADELPHIA,2019,292,
PHILADELPHIA,2019,291,
PHILADELPHIA,2019,290,
PHILADELPHIA,2019,289,
PHILADELPHIA,2019,288,
PHILADELPHIA,2019,287,
PHILADELPHIA,2019,286,
PHILADELPHIA,2019,285,
PHILADELPHIA,2019,284,
PHILADELPHIA,2019,283,
PHILADELPHIA,2019,282,
PHILADELPHIA,2019,281,
PHILADELPHIA,2019,280,
PHILADELPHIA,2019,279,
PHILADELPHIA,2019,278,
PHILADELPHIA,2019,277,
PHILADELPHIA,2019,276,
PHILADELPHIA,2019,275,
PHILADELPHIA,2019,274,
PHILADELPHIA,2019,273,
PHILADELPHIA,2019,272,
PHILADELPHIA,2019,271,
PHILADELPHIA,2019,270,13
PHILADELPHIA,2019,269,13
PHILADELPHIA,2019,268,13
PHILADELPHIA,2019,267,13
PHILADELPHIA,2019,266,13
PHILADELPHIA,2019,265,
PHILADELPHIA,2019,264,
PHILADELPHIA,2019,263,
PHILADELPHIA,2019,262,
PHILADELPHIA,2019,261,
PHILADELPHIA,2019,260,
PHILADELPHIA,2019,259,
PHILADELPHIA,2019,258,
PHILADELPHIA,2019,257,
PHILADELPHIA,2019,256,13
PHILADELPHIA,2019,255,13
PHILADELPHIA,2019,254,
PHILADELPHIA,2019,253,
PHILADELPHIA,2019,252,
PHILADELPHIA,2019,251,
PHILADELPHIA,2019,250,
PHILADELPHIA,2019,249,
PHILADELPHIA,2019,248,
PHILADELPHIA,2019,247,
PHILADELPHIA,2019,246,
PHILADELPHIA,2019,245,
PHILADELPHIA,2019,244,
PHILADELPHIA,2019,243,
PHILADELPHIA,2019,242,
PHILADELPHIA,2019,241,
PHILADELPHIA,2019,240,
PHILADELPHIA,2019,239,
PHILADELPHIA,2019,238,
PHILADELPHIA,2019,237,
PHILADELPHIA,2019,236,
PHILADELPHIA,2019,235,10
PHILADELPHIA,2019,234,10
PHILADELPHIA,2019,233,10
PHILADELPHIA,2019,232,10
PHILADELPHIA,2019,231,10
PHILADELPHIA,2019,230,
PHILADELPHIA,2019,229,
PHILADELPHIA,2019,228,12.5
PHILADELPHIA,2019,227,12.5
PHILADELPHIA,2019,226,12.5
PHILADELPHIA,2019,225,
PHILADELPHIA,2019,224,12.5
PHILADELPHIA,2019,223,
PHILADELPHIA,2019,222,
PHILADELPHIA,2019,221,8
PHILADELPHIA,2019,220,8
PHILADELPHIA,2019,219,8
PHILADELPHIA,2019,218,
PHILADELPHIA,2019,217,
PHILADELPHIA,2019,216,
PHILADELPHIA,2019,215,
PHILADELPHIA,2019,214,
PHILADELPHIA,2019,213,5
PHILADELPHIA,2019,212,11.75
PHILADELPHIA,2019,211,11.75
PHILADELPHIA,2019,210,11.75
PHILADELPHIA,2019,209,
PHILADELPHIA,2019,208,
PHILADELPHIA,2019,207,11.5
PHILADELPHIA,2019,206,11.5
PHILADELPHIA,2019,205,
PHILADELPHIA,2019,204,
PHILADELPHIA,2019,203,
PHILADELPHIA,2019,202,
PHILADELPHIA,2019,201,
PHILADELPHIA,2019,200,
PHILADELPHIA,2019,199,
PHILADELPHIA,2019,198,
PHILADELPHIA,2019,197,
PHILADELPHIA,2019,196,14
PHILADELPHIA,2019,195,
PHILADELPHIA,2019,194,
PHILADELPHIA,2019,193,14
PHILADELPHIA,2019,192,14
PHILADELPHIA,2019,191,14
PHILADELPHIA,2019,190,14
PHILADELPHIA,2019,189,
PHILADELPHIA,2019,188,
PHILADELPHIA,2019,187,
PHILADELPHIA,2019,186,
PHILADELPHIA,2019,185,
PHILADELPHIA,2019,184,
PHILADELPHIA,2019,183,
PHILADELPHIA,2019,182,20
PHILADELPHIA,2019,181,
PHILADELPHIA,2019,180,
PHILADELPHIA,2019,179,
PHILADELPHIA,2019,178,
PHILADELPHIA,2019,177,
PHILADELPHIA,2019,176,
PHILADELPHIA,2019,175,
PHILADELPHIA,2019,174,
PHILADELPHIA,2019,173,
PHILADELPHIA,2019,172,15
PHILADELPHIA,2019,171,15
PHILADELPHIA,2019,170,15
PHILADELPHIA,2019,169,15
PHILADELPHIA,2019,168,15
PHILADELPHIA,2019,167,
PHILADELPHIA,2019,166,
PHILADELPHIA,2019,165,15
PHILADELPHIA,2019,164,15
PHILADELPHIA,2019,163,15
PHILADELPHIA,2019,162,15
PHILADELPHIA,2019,161,15
PHILADELPHIA,2019,160,
PHILADELPHIA,2019,159,
PHILADELPHIA,2019,158,
PHILADELPHIA,2019,157,
PHILADELPHIA,2019,156,
PHILADELPHIA,2019,155,
PHILADELPHIA,2019,154,15
PHILADELPHIA,2019,153,
PHILADELPHIA,2019,152,
PHILADELPHIA,2019,151,15
PHILADELPHIA,2019,150,15
PHILADELPHIA,2019,149,15
PHILADELPHIA,2019,148,15
PHILADELPHIA,2019,147,
PHILADELPHIA,2019,146,
PHILADELPHIA,2019,145,
PHILADELPHIA,2019,144,13.5
PHILADELPHIA,2019,143,13.5
PHILADELPHIA,2019,142,13.5
PHILADELPHIA,2019,141,13.5
PHILADELPHIA,2019,140,13.5
PHILADELPHIA,2019,139,
PHILADELPHIA,2019,138,
PHILADELPHIA,2019,137,13.5
PHILADELPHIA,2019,136,13.5
PHILADELPHIA,2019,135,13.5
PHILADELPHIA,2019,134,13.5
PHILADELPHIA,2019,133,13.5
PHILADELPHIA,2019,132,
PHILADELPHIA,2019,131,
PHILADELPHIA,2019,130,13.5
PHILADELPHIA,2019,129,13.5
PHILADELPHIA,2019,128,13.5
PHILADELPHIA,2019,127,13.5
PHILADELPHIA,2019,126,13.5
PHILADELPHIA,2019,125,
PHILADELPHIA,2019,124,
PHILADELPHIA,2019,123,
PHILADELPHIA,2019,122,
PHILADELPHIA,2019,121,
PHILADELPHIA,2019,120,
PHILADELPHIA,2019,119,13.25
PHILADELPHIA,2019,118,
PHILADELPHIA,2019,117,
PHILADELPHIA,2019,116,
PHILADELPHIA,2019,115,13.25
PHILADELPHIA,2019,114,
PHILADELPHIA,2019,113,13.25
PHILADELPHIA,2019,112,
PHILADELPHIA,2019,111,
PHILADELPHIA,2019,110,
PHILADELPHIA,2019,109,13.25
PHILADELPHIA,2019,108,13.25
PHILADELPHIA,2019,107,13.25
PHILADELPHIA,2019,106,13.25
PHILADELPHIA,2019,105,13.25
PHILADELPHIA,2019,104,
PHILADELPHIA,2019,103,
PHILADELPHIA,2019,102,15.25
PHILADELPHIA,2019,101,15.25
PHILADELPHIA,2019,100,15.25
PHILADELPHIA,2019,99,15.25
PHILADELPHIA,2019,98,15.25
PHILADELPHIA,2019,97,
PHILADELPHIA,2019,96,
PHILADELPHIA,2019,95,18.5
PHILADELPHIA,2019,94,18.5
PHILADELPHIA,2019,93,18.5
PHILADELPHIA,2019,92,18.5
PHILADELPHIA,2019,91,18.5
PHILADELPHIA,2019,90,
PHILADELPHIA,2019,89,
PHILADELPHIA,2019,88,18.5
PHILADELPHIA,2019,87,18.5
PHILADELPHIA,2019,86,18.5
PHILADELPHIA,2019,85,18.5
PHILADELPHIA,2019,84,18.5
PHILADELPHIA,2019,83,
PHILADELPHIA,2019,82,
PHILADELPHIA,2019,81,18.5
PHILADELPHIA,2019,80,18.5
PHILADELPHIA,2019,79,18.5
PHILADELPHIA,2019,78,18.5
PHILADELPHIA,2019,77,13.5
PHILADELPHIA,2019,76,
PHILADELPHIA,2019,75,
PHILADELPHIA,2019,74,13.5
PHILADELPHIA,2019,73,13.5
PHILADELPHIA,2019,72,13.5
PHILADELPHIA,2019,71,13.5
PHILADELPHIA,2019,70,13.5
PHILADELPHIA,2019,69,
PHILADELPHIA,2019,68,
PHILADELPHIA,2019,67,13.5
PHILADELPHIA,2019,66,13.5
PHILADELPHIA,2019,65,13.5
PHILADELPHIA,2019,64,13.5
PHILADELPHIA,2019,63,18
PHILADELPHIA,2019,62,
PHILADELPHIA,2019,61,
PHILADELPHIA,2019,60,18
PHILADELPHIA,2019,59,18
PHILADELPHIA,2019,58,18
PHILADELPHIA,2019,57,
PHILADELPHIA,2019,56,
PHILADELPHIA,2019,55,
PHILADELPHIA,2019,54,
PHILADELPHIA,2019,53,
PHILADELPHIA,2019,52,
PHILADELPHIA,2019,51,
PHILADELPHIA,2019,50,21
PHILADELPHIA,2019,49,
PHILADELPHIA,2019,48,
PHILADELPHIA,2019,47,
PHILADELPHIA,2019,46,21
PHILADELPHIA,2019,45,21
PHILADELPHIA,2019,44,21
PHILADELPHIA,2019,43,21
PHILADELPHIA,2019,42,21
PHILADELPHIA,2019,41,
PHILADELPHIA,2019,40,
PHILADELPHIA,2019,39,22
PHILADELPHIA,2019,38,22
PHILADELPHIA,2019,37,22
PHILADELPHIA,2019,36,23
PHILADELPHIA,2019,35,23
PHILADELPHIA,2019,34,
PHILADELPHIA,2019,33,
PHILADELPHIA,2019,32,23
PHILADELPHIA,2019,31,23
PHILADELPHIA,2019,30,23
PHILADELPHIA,2019,29,23
PHILADELPHIA,2019,28,23
PHILADELPHIA,2019,27,
PHILADELPHIA,2019,26,
PHILADELPHIA,2019,25,23.5
PHILADELPHIA,2019,24,23.5
PHILADELPHIA,2019,23,23.5
PHILADELPHIA,2019,22,23.5
PHILADELPHIA,2019,21,
PHILADELPHIA,2019,20,
PHILADELPHIA,2019,19,
PHILADELPHIA,2019,18,
PHILADELPHIA,2019,17,
PHILADELPHIA,2019,16,
PHILADELPHIA,2019,15,
PHILADELPHIA,2019,14,
PHILADELPHIA,2019,13,
PHILADELPHIA,2019,12,
PHILADELPHIA,2019,11,
PHILADELPHIA,2019,10,
PHILADELPHIA,2019,9,
PHILADELPHIA,2019,8,
PHILADELPHIA,2019,7,
PHILADELPHIA,2019,6,
PHILADELPHIA,2019,5,
PHILADELPHIA,2019,4,
PHILADELPHIA,2019,3,
PHILADELPHIA,2019,2,
BALTIMORE,2018,366,
BALTIMORE,2018,365,19
BALTIMORE,2018,364,
BALTIMORE,2018,363,
BALTIMORE,2018,362,19
BALTIMORE,2018,361,19
BALTIMORE,2018,360,24
BALTIMORE,2018,359,
BALTIMORE,2018,358,
BALTIMORE,2018,357,
BALTIMORE,2018,356,
BALTIMORE,2018,355,
BALTIMORE,2018,354,
BALTIMORE,2018,353,
BALTIMORE,2018,352,
BALTIMORE,2018,351,
BALTIMORE,2018,350,
BALTIMORE,2018,349,
BALTIMORE,2018,348,19
BALTIMORE,2018,347,19
BALTIMORE,2018,346,19
BALTIMORE,2018,345,19
BALTIMORE,2018,344,
BALTIMORE,2018,343,
BALTIMORE,2018,342,
BALTIMORE,2018,341,
BALTIMORE,2018,340,
BALTIMORE,2018,339,
BALTIMORE,2018,338,
BALTIMORE,2018,337,
BALTIMORE,2018,336,
BALTIMORE,2018,335,
BALTIMORE,2018,334,35
BALTIMORE,2018,333,35
BALTIMORE,2018,332,35
BALTIMORE,2018,331,35
BALTIMORE,2018,330,35
BALTIMORE,2018,329,
BALTIMORE,2018,328,
BALTIMORE,2018,327,
BALTIMORE,2018,326,
BALTIMORE,2018,325,
BALTIMORE,2018,324,
BALTIMORE,2018,323,
BALTIMORE,2018,322,
BALTIMORE,2018,321,
BALTIMORE,2018,320,
BALTIMORE,2018,319,
BALTIMORE,2018,318,
BALTIMORE,2018,317,
BALTIMORE,2018,316,
BALTIMORE,2018,315,
BALTIMORE,2018,314,
BALTIMORE,2018,313,20
BALTIMORE,2018,312,25
BALTIMORE,2018,311,25
BALTIMORE,2018,310,25
BALTIMORE,2018,309,25
BALTIMORE,2018,308,
BALTIMORE,2018,307,
BALTIMORE,2018,306,16
BALTIMORE,2018,305,16
BALTIMORE,2018,304,16
BALTIMORE,2018,303,16
BALTIMORE,2018,302,16
BALTIMORE,2018,301,
BALTIMORE,2018,300,
BALTIMORE,2018,299,16
BALTIMORE,2018,298,16
BALTIMORE,2018,297,16
BALTIMORE,2018,296,16
BALTIMORE,2018,295,16
BALTIMORE,2018,294,
BALTIMORE,2018,293,
BALTIMORE,2018,292,30
BALTIMORE,2018,291,30
BALTIMORE,2018,290,30
BALTIMORE,2018,289,30
BALTIMORE,2018,288,
BALTIMORE,2018,287,
BALTIMORE,2018,286,
BALTIMORE,2018,285,
BALTIMORE,2018,284,18
BALTIMORE,2018,283,
BALTIMORE,2018,282,24
BALTIMORE,2018,281,
BALTIMORE,2018,280,
BALTIMORE,2018,279,
BALTIMORE,2018,278,18
BALTIMORE,2018,277,18
BALTIMORE,2018,276,18
BALTIMORE,2018,275,18
BALTIMORE,2018,274,18
BALTIMORE,2018,273,
BALTIMORE,2018,272,
BALTIMORE,2018,271,18
BALTIMORE,2018,270,18
BALTIMORE,2018,269,20.5
BALTIMORE,2018,268,20.5
BALTIMORE,2018,267,20.5
BALTIMORE,2018,266,
BALTIMORE,2018,265,
BALTIMORE,2018,264,20.5
BALTIMORE,2018,263,20.5
BALTIMORE,2018,262,20.5
BALTIMORE,2018,261,20.5
BALTIMORE,2018,260,20.5
BALTIMORE,2018,259,
BALTIMORE,2018,258,
BALTIMORE,2018,257,19.5
BALTIMORE,2018,256,19.5
BALTIMORE,2018,255,19.5
BALTIMORE,2018,254,19.5
BALTIMORE,2018,253,19.5
BALTIMORE,2018,252,
BALTIMORE,2018,251,
BALTIMORE,2018,250,20
BALTIMORE,2018,249,19.25
BALTIMORE,2018,248,19.25
BALTIMORE,2018,247,18
BALTIMORE,2018,246,
BALTIMORE,2018,245,
BALTIMORE,2018,244,
BALTIMORE,2018,243,20
BALTIMORE,2018,242,20
BALTIMORE,2018,241,18
BALTIMORE,2018,240,18
BALTIMORE,2018,239,18
BALTIMORE,2018,238,
BALTIMORE,2018,237,
BALTIMORE,2018,236,18
BALTIMORE,2018,235,18
BALTIMORE,2018,234,
BALTIMORE,2018,233,
BALTIMORE,2018,232,
BALTIMORE,2018,231,
BALTIMORE,2018,230,
BALTIMORE,2018,229,
BALTIMORE,2018,228,
BALTIMORE,2018,227,
BALTIMORE,2018,226,
BALTIMORE,2018,225,
BALTIMORE,2018,224,
BALTIMORE,2018,223,
BALTIMORE,2018,222,
BALTIMORE,2018,221,
BALTIMORE,2018,220,
BALTIMORE,2018,219,
BALTIMORE,2018,218,
BALTIMORE,2018,217,
BALTIMORE,2018,216,
BALTIMORE,2018,215,
BALTIMORE,2018,214,
BALTIMORE,2018,213,
BALTIMORE,2018,212,
BALTIMORE,2018,211,
BALTIMORE,2018,210,
BALTIMORE,2018,209,
BALTIMORE,2018,208,
BALTIMORE,2018,207,
BALTIMORE,2018,206,
BALTIMORE,2018,205,
BALTIMORE,2018,204,
BALTIMORE,2018,203,
BALTIMORE,2018,202,
BALTIMORE,2018,201,14
BALTIMORE,2018,200,14
BALTIMORE,2018,199,14
BALTIMORE,2018,198,14
BALTIMORE,2018,197,14
BALTIMORE,2018,196,
BALTIMORE,2018,195,
BALTIMORE,2018,194,24
BALTIMORE,2018,193,24
BALTIMORE,2018,192,24
BALTIMORE,2018,191,19
BALTIMORE,2018,190,19
BALTIMORE,2018,189,
BALTIMORE,2018,188,
BALTIMORE,2018,187,
BALTIMORE,2018,186,
BALTIMORE,2018,185,
BALTIMORE,2018,184,29.5
BALTIMORE,2018,183,29.5
BALTIMORE,2018,182,
BALTIMORE,2018,181,
BALTIMORE,2018,180,29.5
BALTIMORE,2018,179,29.5
BALTIMORE,2018,178,14
BALTIMORE,2018,177,14
BALTIMORE,2018,176,14
BALTIMORE,2018,175,
BALTIMORE,2018,174,
BALTIMORE,2018,173,14
BALTIMORE,2018,172,14
BALTIMORE,2018,171,14
BALTIMORE,2018,170,
BALTIMORE,2018,169,
BALTIMORE,2018,168,
BALTIMORE,2018,167,
BALTIMORE,2018,166,
BALTIMORE,2018,165,
BALTIMORE,2018,164,
BALTIMORE,2018,163,
BALTIMORE,2018,162,
BALTIMORE,2018,161,
BALTIMORE,2018,160,
BALTIMORE,2018,159,
BALTIMORE,2018,158,
BALTIMORE,2018,157,
BALTIMORE,2018,156,
BALTIMORE,2018,155,
BALTIMORE,2018,154,
BALTIMORE,2018,153,
BALTIMORE,2018,152,
BALTIMORE,2018,151,
BALTIMORE,2018,150,
BALTIMORE,2018,149,
BALTIMORE,2018,148,
BALTIMORE,2018,147,
BALTIMORE,2018,146,
BALTIMORE,2018,145,
BALTIMORE,2018,144,
BALTIMORE,2018,143,
BALTIMORE,2018,142,
BALTIMORE,2018,141,
BALTIMORE,2018,140,
BALTIMORE,2018,139,
BALTIMORE,2018,138,
BALTIMORE,2018,137,
BALTIMORE,2018,136,
BALTIMORE,2018,135,
BALTIMORE,2018,134,
BALTIMORE,2018,133,
BALTIMORE,2018,132,
BALTIMORE,2018,131,
BALTIMORE,2018,130,
BALTIMORE,2018,129,
BALTIMORE,2018,128,
BALTIMORE,2018,127,
BALTIMORE,2018,126,
BALTIMORE,2018,125,
BALTIMORE,2018,124,
BALTIMORE,2018,123,
BALTIMORE,2018,122,
BALTIMORE,2018,121,
BALTIMORE,2018,120,
BALTIMORE,2018,119,
BALTIMORE,2018,118,
BALTIMORE,2018,117,
BALTIMORE,2018,116,
BALTIMORE,2018,115,
BALTIMORE,2018,114,
BALTIMORE,2018,113,
BALTIMORE,2018,112,
BALTIMORE,2018,111,
BALTIMORE,2018,110,
BALTIMORE,2018,109,
BALTIMORE,2018,108,
BALTIMORE,2018,107,
BALTIMORE,2018,106,
BALTIMORE,2018,105,
BALTIMORE,2018,104,
BALTIMORE,2018,103,
BALTIMORE,2018,102,
BALTIMORE,2018,101,
BALTIMORE,2018,100,
BALTIMORE,2018,99,
BALTIMORE,2018,98,
BALTIMORE,2018,97,
BALTIMORE,2018,96,
BALTIMORE,2018,95,
BALTIMORE,2018,94,
BALTIMORE,2018,93,
BALTIMORE,2018,92,
BALTIMORE,2018,91,
BALTIMORE,2018,90,
BALTIMORE,2018,89,
BALTIMORE,2018,88,
BALTIMORE,2018,87,
BALTIMORE,2018,86,
BALTIMORE,2018,85,
BALTIMORE,2018,84,
BALTIMORE,2018,83,
BALTIMORE,2018,82,
BALTIMORE,2018,81,
BALTIMORE,2018,80,
BALTIMORE,2018,79,
BALTIMORE,2018,78,
BALTIMORE,2018,77,
BALTIMORE,2018,76,
BALTIMORE,2018,75,
BALTIMORE,2018,74,
BALTIMORE,2018,73,
BALTIMORE,2018,72,
BALTIMORE,2018,71,
BALTIMORE,2018,70,
BALTIMORE,2018,69,
BALTIMORE,2018,68,
BALTIMORE,2018,67,
BALTIMORE,2018,66,14
BALTIMORE,2018,65,14
BALTIMORE,2018,64,14
BALTIMORE,2018,63,
BALTIMORE,2018,62,
BALTIMORE,2018,61,14
BALTIMORE,2018,60,14
BALTIMORE,2018,59,14
BALTIMORE,2018,58,14
BALTIMORE,2018,57,14
BALTIMORE,2018,56,
BALTIMORE,2018,55,
BALTIMORE,2018,54,
BALTIMORE,2018,53,
BALTIMORE,2018,52,19.5
BALTIMORE,2018,51,19.5
BALTIMORE,2018,50,
BALTIMORE,2018,49,
BALTIMORE,2018,48,
BALTIMORE,2018,47,19.5
BALTIMORE,2018,46,19.5
BALTIMORE,2018,45,
BALTIMORE,2018,44,
BALTIMORE,2018,43,
BALTIMORE,2018,42,
BALTIMORE,2018,41,
BALTIMORE,2018,40,
BALTIMORE,2018,39,
BALTIMORE,2018,38,
BALTIMORE,2018,37,
BALTIMORE,2018,36,
BALTIMORE,2018,35,
BALTIMORE,2018,34,
BALTIMORE,2018,33,
BALTIMORE,2018,32,
BALTIMORE,2018,31,
BALTIMORE,2018,30,
BALTIMORE,2018,29,
BALTIMORE,2018,28,
BALTIMORE,2018,27,
BALTIMORE,2018,26,
BALTIMORE,2018,25,
BALTIMORE,2018,24,
BALTIMORE,2018,23,
BALTIMORE,2018,22,
BALTIMORE,2018,21,
BALTIMORE,2018,20,
BALTIMORE,2018,19,
BALTIMORE,2018,18,
BALTIMORE,2018,17,
BALTIMORE,2018,16,
BALTIMORE,2018,15,
BALTIMORE,2018,14,
BALTIMORE,2018,13,
BALTIMORE,2018,12,
BALTIMORE,2018,11,
BALTIMORE,2018,10,
BALTIMORE,2018,9,
BALTIMORE,2018,8,
BALTIMORE,2018,7,
BALTIMORE,2018,6,
BALTIMORE,2018,5,
BALTIMORE,2018,4,
BALTIMORE,2018,3,
BALTIMORE,2018,2,
BOSTON,2018,366,
BOSTON,2018,365,
BOSTON,2018,364,
BOSTON,2018,363,
BOSTON,2018,362,
BOSTON,2018,361,
BOSTON,2018,360,
BOSTON,2018,359,
BOSTON,2018,358,
BOSTON,2018,357,
BOSTON,2018,356,
BOSTON,2018,355,
BOSTON,2018,354,
BOSTON,2018,353,
BOSTON,2018,352,
BOSTON,2018,351,
BOSTON,2018,350,
BOSTON,2018,349,
BOSTON,2018,348,
BOSTON,2018,347,
BOSTON,2018,346,
BOSTON,2018,345,
BOSTON,2018,344,
BOSTON,2018,343,
BOSTON,2018,342,
BOSTON,2018,341,
BOSTON,2018,340,
BOSTON,2018,339,
BOSTON,2018,338,
BOSTON,2018,337,
BOSTON,2018,336,
BOSTON,2018,335,
BOSTON,2018,334,
BOSTON,2018,333,
BOSTON,2018,332,
BOSTON,2018,331,
BOSTON,2018,330,
BOSTON,2018,329,
BOSTON,2018,328,
BOSTON,2018,327,
BOSTON,2018,326,
BOSTON,2018,325,
BOSTON,2018,324,
BOSTON,2018,323,
BOSTON,2018,322,
BOSTON,2018,321,
BOSTON,2018,320,
BOSTON,2018,319,
BOSTON,2018,318,
BOSTON,2018,317,
BOSTON,2018,316,
BOSTON,2018,315,
BOSTON,2018,314,
BOSTON,2018,313,
BOSTON,2018,312,
BOSTON,2018,311,
BOSTON,2018,310,
BOSTON,2018,309,
BOSTON,2018,308,
BOSTON,2018,307,
BOSTON,2018,306,
BOSTON,2018,305,
BOSTON,2018,304,
BOSTON,2018,303,
BOSTON,2018,302,
BOSTON,2018,301,
BOSTON,2018,300,
BOSTON,2018,299,
BOSTON,2018,298,
BOSTON,2018,297,
BOSTON,2018,296,
BOSTON,2018,295,
BOSTON,2018,294,
BOSTON,2018,293,
BOSTON,2018,292,
BOSTON,2018,291,
BOSTON,2018,290,
BOSTON,2018,289,
BOSTON,2018,288,
BOSTON,2018,287,
BOSTON,2018,286,
BOSTON,2018,285,
BOSTON,2018,284,
BOSTON,2018,283,
BOSTON,2018,282,
BOSTON,2018,281,
BOSTON,2018,280,
BOSTON,2018,279,
BOSTON,2018,278,
BOSTON,2018,277,
BOSTON,2018,276,
BOSTON,2018,275,
BOSTON,2018,274,
BOSTON,2018,273,
BOSTON,2018,272,
BOSTON,2018,271,
BOSTON,2018,270,
BOSTON,2018,269,
BOSTON,2018,268,
BOSTON,2018,267,
BOSTON,2018,266,
BOSTON,2018,265,
BOSTON,2018,264,
BOSTON,2018,263,
BOSTON,2018,262,
BOSTON,2018,261,
BOSTON,2018,260,
BOSTON,2018,259,
BOSTON,2018,258,
BOSTON,2018,257,
BOSTON,2018,256,
BOSTON,2018,255,
BOSTON,2018,254,
BOSTON,2018,253,
BOSTON,2018,252,
BOSTON,2018,251,
BOSTON,2018,250,
BOSTON,2018,249,
BOSTON,2018,248,
BOSTON,2018,247,
BOSTON,2018,246,
BOSTON,2018,245,
BOSTON,2018,244,
BOSTON,2018,243,
BOSTON,2018,242,
BOSTON,2018,241,
BOSTON,2018,240,
BOSTON,2018,239,
BOSTON,2018,238,
BOSTON,2018,237,
BOSTON,2018,236,
BOSTON,2018,235,
BOSTON,2018,234,
BOSTON,2018,233,
BOSTON,2018,232,
BOSTON,2018,231,
BOSTON,2018,230,
BOSTON,2018,229,
BOSTON,2018,228,
BOSTON,2018,227,
BOSTON,2018,226,
BOSTON,2018,225,
BOSTON,2018,224,
BOSTON,2018,223,
BOSTON,2018,222,
BOSTON,2018,221,
BOSTON,2018,220,
BOSTON,2018,219,
BOSTON,2018,218,
BOSTON,2018,217,
BOSTON,2018,216,
BOSTON,2018,215,
BOSTON,2018,214,
BOSTON,2018,213,
BOSTON,2018,212,
BOSTON,2018,211,
BOSTON,2018,210,
BOSTON,2018,209,
BOSTON,2018,208,
BOSTON,2018,207,
BOSTON,2018,206,
BOSTON,2018,205,
BOSTON,2018,204,
BOSTON,2018,203,
BOSTON,2018,202,
BOSTON,2018,201,
BOSTON,2018,200,
BOSTON,2018,199,
BOSTON,2018,198,
BOSTON,2018,197,
BOSTON,2018,196,
BOSTON,2018,195,
BOSTON,2018,194,
BOSTON,2018,193,
BOSTON,2018,192,
BOSTON,2018,191,
BOSTON,2018,190,
BOSTON,2018,189,
BOSTON,2018,188,
BOSTON,2018,187,
BOSTON,2018,186,
BOSTON,2018,185,
BOSTON,2018,184,
BOSTON,2018,183,
BOSTON,2018,182,
BOSTON,2018,181,
BOSTON,2018,180,
BOSTON,2018,179,
BOSTON,2018,178,
BOSTON,2018,177,
BOSTON,2018,176,
BOSTON,2018,175,
BOSTON,2018,174,
BOSTON,2018,173,
BOSTON,2018,172,
BOSTON,2018,171,
BOSTON,2018,170,
BOSTON,2018,169,
BOSTON,2018,168,
BOSTON,2018,167,
BOSTON,2018,166,
BOSTON,2018,165,
BOSTON,2018,164,
BOSTON,2018,163,
BOSTON,2018,162,
BOSTON,2018,161,
BOSTON,2018,160,
BOSTON,2018,159,
BOSTON,2018,158,
BOSTON,2018,157,
BOSTON,2018,156,
BOSTON,2018,155,
BOSTON,2018,154,
BOSTON,2018,153,
BOSTON,2018,152,
BOSTON,2018,151,
BOSTON,2018,150,
BOSTON,2018,149,
BOSTON,2018,148,
BOSTON,2018,147,
BOSTON,2018,146,
BOSTON,2018,145,
BOSTON,2018,144,
BOSTON,2018,143,
BOSTON,2018,142,
BOSTON,2018,141,
BOSTON,2018,140,
BOSTON,2018,139,
BOSTON,2018,138,
BOSTON,2018,137,
BOSTON,2018,136,
BOSTON,2018,135,
BOSTON,2018,134,
BOSTON,2018,133,
BOSTON,2018,132,
BOSTON,2018,131,
BOSTON,2018,130,
BOSTON,2018,129,
BOSTON,2018,128,
BOSTON,2018,127,
BOSTON,2018,126,
BOSTON,2018,125,
BOSTON,2018,124,
BOSTON,2018,123,
BOSTON,2018,122,
BOSTON,2018,121,
BOSTON,2018,120,
BOSTON,2018,119,
BOSTON,2018,118,
BOSTON,2018,117,
BOSTON,2018,116,24
BOSTON,2018,115,24
BOSTON,2018,114,24
BOSTON,2018,113,24
BOSTON,2018,112,
BOSTON,2018,111,
BOSTON,2018,110,24
BOSTON,2018,109,
BOSTON,2018,108,
BOSTON,2018,107,
BOSTON,2018,106,
BOSTON,2018,105,
BOSTON,2018,104,
BOSTON,2018,103,
BOSTON,2018,102,18
BOSTON,2018,101,18
BOSTON,2018,100,18
BOSTON,2018,99,18
BOSTON,2018,98,
BOSTON,2018,97,
BOSTON,2018,96,18
BOSTON,2018,95,
BOSTON,2018,94,
BOSTON,2018,93,
BOSTON,2018,92,
BOSTON,2018,91,
BOSTON,2018,90,
BOSTON,2018,89,
BOSTON,2018,88,
BOSTON,2018,87,
BOSTON,2018,86,
BOSTON,2018,85,
BOSTON,2018,84,
BOSTON,2018,83,
BOSTON,2018,82,
BOSTON,2018,81,
BOSTON,2018,80,
BOSTON,2018,79,
BOSTON,2018,78,
BOSTON,2018,77,
BOSTON,2018,76,
BOSTON,2018,75,
BOSTON,2018,74,
BOSTON,2018,73,
BOSTON,2018,72,
BOSTON,2018,71,
BOSTON,2018,70,
BOSTON,2018,69,
BOSTON,2018,68,
BOSTON,2018,67,
BOSTON,2018,66,
BOSTON,2018,65,
BOSTON,2018,64,
BOSTON,2018,63,
BOSTON,2018,62,
BOSTON,2018,61,
BOSTON,2018,60,
BOSTON,2018,59,
BOSTON,2018,58,
BOSTON,2018,57,
BOSTON,2018,56,
BOSTON,2018,55,
BOSTON,2018,54,
BOSTON,2018,53,
BOSTON,2018,52,
BOSTON,2018,51,
BOSTON,2018,50,
BOSTON,2018,49,
BOSTON,2018,48,
BOSTON,2018,47,
BOSTON,2018,46,
BOSTON,2018,45,
BOSTON,2018,44,
BOSTON,2018,43,
BOSTON,2018,42,
BOSTON,2018,41,
BOSTON,2018,40,
BOSTON,2018,39,
BOSTON,2018,38,
BOSTON,2018,37,
BOSTON,2018,36,
BOSTON,2018,35,
BOSTON,2018,34,
BOSTON,2018,33,
BOSTON,2018,32,
BOSTON,2018,31,
BOSTON,2018,30,
BOSTON,2018,29,
BOSTON,2018,28,
BOSTON,2018,27,
BOSTON,2018,26,
BOSTON,2018,25,
BOSTON,2018,24,
BOSTON,2018,23,
BOSTON,2018,22,
BOSTON,2018,21,
BOSTON,2018,20,
BOSTON,2018,19,
BOSTON,2018,18,
BOSTON,2018,17,
BOSTON,2018,16,
BOSTON,2018,15,
BOSTON,2018,14,
BOSTON,2018,13,
BOSTON,2018,12,
BOSTON,2018,11,
BOSTON,2018,10,
BOSTON,2018,9,
BOSTON,2018,8,
BOSTON,2018,7,
BOSTON,2018,6,
BOSTON,2018,5,
BOSTON,2018,4,
BOSTON,2018,3,
BOSTON,2018,2,
CHICAGO,2018,366,
CHICAGO,2018,365,21.333333
CHICAGO,2018,364,
CHICAGO,2018,363,
CHICAGO,2018,362,21.333333
CHICAGO,2018,361,
CHICAGO,2018,360,
CHICAGO,2018,359,
CHICAGO,2018,358,
CHICAGO,2018,357,
CHICAGO,2018,356,
CHICAGO,2018,355,17.5
CHICAGO,2018,354,17.5
CHICAGO,2018,353,17.5
CHICAGO,2018,352,17.5
CHICAGO,2018,351,
CHICAGO,2018,350,
CHICAGO,2018,349,
CHICAGO,2018,348,
CHICAGO,2018,347,25.5
CHICAGO,2018,346,25.5
CHICAGO,2018,345,25.5
CHICAGO,2018,344,26.5
CHICAGO,2018,343,
CHICAGO,2018,342,
CHICAGO,2018,341,
CHICAGO,2018,340,26.5
CHICAGO,2018,339,26.5
CHICAGO,2018,338,26.5
CHICAGO,2018,337,25.25
CHICAGO,2018,336,
CHICAGO,2018,335,
CHICAGO,2018,334,25.25
CHICAGO,2018,333,25.25
CHICAGO,2018,332,25.25
CHICAGO,2018,331,25.25
CHICAGO,2018,330,25
CHICAGO,2018,329,
CHICAGO,2018,328,
CHICAGO,2018,327,25
CHICAGO,2018,326,
CHICAGO,2018,325,25
CHICAGO,2018,324,25
CHICAGO,2018,323,26
CHICAGO,2018,322,
CHICAGO,2018,321,
CHICAGO,2018,320,26
CHICAGO,2018,319,26
CHICAGO,2018,318,26
CHICAGO,2018,317,26
CHICAGO,2018,316,
CHICAGO,2018,315,
CHICAGO,2018,314,
CHICAGO,2018,313,26.5
CHICAGO,2018,312,26.5
CHICAGO,2018,311,26.5
CHICAGO,2018,310,
CHICAGO,2018,309,26.5
CHICAGO,2018,308,
CHICAGO,2018,307,
CHICAGO,2018,306,26.5
CHICAGO,2018,305,26.5
CHICAGO,2018,304,26.5
CHICAGO,2018,303,26.5
CHICAGO,2018,302,22.625
CHICAGO,2018,301,
CHICAGO,2018,300,
CHICAGO,2018,299,22.625
CHICAGO,2018,298,22.625
CHICAGO,2018,297,22.625
CHICAGO,2018,296,22.625
CHICAGO,2018,295,23.75
CHICAGO,2018,294,
CHICAGO,2018,293,
CHICAGO,2018,292,23.75
CHICAGO,2018,291,23.75
CHICAGO,2018,290,22.5
CHICAGO,2018,289,22.5
CHICAGO,2018,288,22.5
CHICAGO,2018,287,
CHICAGO,2018,286,
CHICAGO,2018,285,22.5
CHICAGO,2018,284,22.5
CHICAGO,2018,283,22.5
CHICAGO,2018,282,17.75
CHICAGO,2018,281,
CHICAGO,2018,280,
CHICAGO,2018,279,
CHICAGO,2018,278,17.75
CHICAGO,2018,277,17.75
CHICAGO,2018,276,17.75
CHICAGO,2018,275,17.75
CHICAGO,2018,274,15.25
CHICAGO,2018,273,
CHICAGO,2018,272,
CHICAGO,2018,271,15.25
CHICAGO,2018,270,15.25
CHICAGO,2018,269,15.25
CHICAGO,2018,268,15.25
CHICAGO,2018,267,14.833333
CHICAGO,2018,266,
CHICAGO,2018,265,
CHICAGO,2018,264,14.833333
CHICAGO,2018,263,14.833333
CHICAGO,2018,262,14.833333
CHICAGO,2018,261,14.833333
CHICAGO,2018,260,16.333333
CHICAGO,2018,259,
CHICAGO,2018,258,
CHICAGO,2018,257,16.333333
CHICAGO,2018,256,16.333333
CHICAGO,2018,255,16.333333
CHICAGO,2018,254,16.333333
CHICAGO,2018,253,16.333333
CHICAGO,2018,252,
CHICAGO,2018,251,
CHICAGO,2018,250,15.666666
CHICAGO,2018,249,15.666666
CHICAGO,2018,248,15.666666
CHICAGO,2018,247,16
CHICAGO,2018,246,
CHICAGO,2018,245,
CHICAGO,2018,244,
CHICAGO,2018,243,16
CHICAGO,2018,242,16
CHICAGO,2018,241,16
CHICAGO,2018,240,16
CHICAGO,2018,239,16
CHICAGO,2018,238,
CHICAGO,2018,237,
CHICAGO,2018,236,17.333333
CHICAGO,2018,235,17.333333
CHICAGO,2018,234,17.333333
CHICAGO,2018,233,17.333333
CHICAGO,2018,232,17
CHICAGO,2018,231,
CHICAGO,2018,230,
CHICAGO,2018,229,17
CHICAGO,2018,228,17
CHICAGO,2018,227,17
CHICAGO,2018,226,17
CHICAGO,2018,225,23
CHICAGO,2018,224,
CHICAGO,2018,223,
CHICAGO,2018,222,23
CHICAGO,2018,221,23
CHICAGO,2018,220,23
CHICAGO,2018,219,23
CHICAGO,2018,218,16
CHICAGO,2018,217,
CHICAGO,2018,216,
CHICAGO,2018,215,16
CHICAGO,2018,214,16
CHICAGO,2018,213,17.5
CHICAGO,2018,212,17.5
CHICAGO,2018,211,17.5
CHICAGO,2018,210,
CHICAGO,2018,209,
CHICAGO,2018,208,17.5
CHICAGO,2018,207,17.5
CHICAGO,2018,206,17.5
CHICAGO,2018,205,17.5
CHICAGO,2018,204,17.5
CHICAGO,2018,203,
CHICAGO,2018,202,
CHICAGO,2018,201,25.5
CHICAGO,2018,200,25.5
CHICAGO,2018,199,25.5
CHICAGO,2018,198,25.5
CHICAGO,2018,197,22.75
CHICAGO,2018,196,
CHICAGO,2018,195,
CHICAGO,2018,194,22.75
CHICAGO,2018,193,22.75
CHICAGO,2018,192,22.75
CHICAGO,2018,191,22.75
CHICAGO,2018,190,
CHICAGO,2018,189,
CHICAGO,2018,188,
CHICAGO,2018,187,24.75
CHICAGO,2018,186,24.75
CHICAGO,2018,185,
CHICAGO,2018,184,24.75
CHICAGO,2018,183,23.75
CHICAGO,2018,182,
CHICAGO,2018,181,
CHICAGO,2018,180,23.75
CHICAGO,2018,179,23.75
CHICAGO,2018,178,23.75
CHICAGO,2018,177,23.75
CHICAGO,2018,176,23.75
CHICAGO,2018,175,
CHICAGO,2018,174,
CHICAGO,2018,173,22.25
CHICAGO,2018,172,22.25
CHICAGO,2018,171,22.25
CHICAGO,2018,170,22.25
CHICAGO,2018,169,22.25
CHICAGO,2018,168,
CHICAGO,2018,167,
CHICAGO,2018,166,20.5
CHICAGO,2018,165,20.5
CHICAGO,2018,164,20.5
CHICAGO,2018,163,20.5
CHICAGO,2018,162,19.5
CHICAGO,2018,161,
CHICAGO,2018,160,
CHICAGO,2018,159,19.5
CHICAGO,2018,158,19.5
CHICAGO,2018,157,19.5
CHICAGO,2018,156,19.5
CHICAGO,2018,155,19.5
CHICAGO,2018,154,
CHICAGO,2018,153,
CHICAGO,2018,152,18
CHICAGO,2018,151,18
CHICAGO,2018,150,18
CHICAGO,2018,149,18
CHICAGO,2018,148,
CHICAGO,2018,147,
CHICAGO,2018,146,
CHICAGO,2018,145,18.75
CHICAGO,2018,144,18.75
CHICAGO,2018,143,18.75
CHICAGO,2018,142,18.75
CHICAGO,2018,141,18.75
CHICAGO,2018,140,
CHICAGO,2018,139,
CHICAGO,2018,138,18.75
CHICAGO,2018,137,18.75
CHICAGO,2018,136,18.75
CHICAGO,2018,135,18.75
CHICAGO,2018,134,18
CHICAGO,2018,133,
CHICAGO,2018,132,
CHICAGO,2018,131,18
CHICAGO,2018,130,18
CHICAGO,2018,129,18
CHICAGO,2018,128,18
CHICAGO,2018,127,18
CHICAGO,2018,126,
CHICAGO,2018,125,
CHICAGO,2018,124,18
CHICAGO,2018,123,18
CHICAGO,2018,122,18
CHICAGO,2018,121,18
CHICAGO,2018,120,18
CHICAGO,2018,119,
CHICAGO,2018,118,
CHICAGO,2018,117,18
CHICAGO,2018,116,18
CHICAGO,2018,115,18
CHICAGO,2018,114,18
CHICAGO,2018,113,18
CHICAGO,2018,112,
CHICAGO,2018,111,
CHICAGO,2018,110,15.75
CHICAGO,2018,109,15.75
CHICAGO,2018,108,15.75
CHICAGO,2018,107,15.75
CHICAGO,2018,106,16
CHICAGO,2018,105,
CHICAGO,2018,104,
CHICAGO,2018,103,16
CHICAGO,2018,102,16
CHICAGO,2018,101,16
CHICAGO,2018,100,16
CHICAGO,2018,99,18.75
CHICAGO,2018,98,
CHICAGO,2018,97,
CHICAGO,2018,96,18.75
CHICAGO,2018,95,18.75
CHICAGO,2018,94,18.75
CHICAGO,2018,93,19.25
CHICAGO,2018,92,19.75
CHICAGO,2018,91,
CHICAGO,2018,90,
CHICAGO,2018,89,19.75
CHICAGO,2018,88,19.75
CHICAGO,2018,87,19.75
CHICAGO,2018,86,19.75
CHICAGO,2018,85,19.75
CHICAGO,2018,84,
CHICAGO,2018,83,
CHICAGO,2018,82,18.75
CHICAGO,2018,81,18.75
CHICAGO,2018,80,18.75
CHICAGO,2018,79,18.75
CHICAGO,2018,78,18.75
CHICAGO,2018,77,
CHICAGO,2018,76,
CHICAGO,2018,75,19
CHICAGO,2018,74,19
CHICAGO,2018,73,19
CHICAGO,2018,72,19
CHICAGO,2018,71,19
CHICAGO,2018,70,
CHICAGO,2018,69,
CHICAGO,2018,68,
CHICAGO,2018,67,
CHICAGO,2018,66,18.75
CHICAGO,2018,65,18.75
CHICAGO,2018,64,18.75
CHICAGO,2018,63,
CHICAGO,2018,62,
CHICAGO,2018,61,19.75
CHICAGO,2018,60,19.75
CHICAGO,2018,59,19.75
CHICAGO,2018,58,19.75
CHICAGO,2018,57,23
CHICAGO,2018,56,
CHICAGO,2018,55,
CHICAGO,2018,54,19
CHICAGO,2018,53,19
CHICAGO,2018,52,19
CHICAGO,2018,51,19
CHICAGO,2018,50,
CHICAGO,2018,49,
CHICAGO,2018,48,
CHICAGO,2018,47,20
CHICAGO,2018,46,20
CHICAGO,2018,45,20
CHICAGO,2018,44,20
CHICAGO,2018,43,20
CHICAGO,2018,42,
CHICAGO,2018,41,
CHICAGO,2018,40,20
CHICAGO,2018,39,20
CHICAGO,2018,38,20
CHICAGO,2018,37,
CHICAGO,2018,36,20
CHICAGO,2018,35,
CHICAGO,2018,34,
CHICAGO,2018,33,20
CHICAGO,2018,32,20
CHICAGO,2018,31,20
CHICAGO,2018,30,20
CHICAGO,2018,29,20
CHICAGO,2018,28,
CHICAGO,2018,27,
CHICAGO,2018,26,20
CHICAGO,2018,25,20
CHICAGO,2018,24,20
CHICAGO,2018,23,20
CHICAGO,2018,22,20
CHICAGO,2018,21,
CHICAGO,2018,20,
CHICAGO,2018,19,90
CHICAGO,2018,18,90
CHICAGO,2018,17,90
CHICAGO,2018,16,
CHICAGO,2018,15,
CHICAGO,2018,14,
CHICAGO,2018,13,
CHICAGO,2018,12,20.5
CHICAGO,2018,11,20.5
CHICAGO,2018,10,20.5
CHICAGO,2018,9,20.5
CHICAGO,2018,8,21.25
CHICAGO,2018,7,
CHICAGO,2018,6,
CHICAGO,2018,5,21.25
CHICAGO,2018,4,21.25
CHICAGO,2018,3,21.25
CHICAGO,2018,2,21.25
COLUMBIA,2018,366,
COLUMBIA,2018,365,18
COLUMBIA,2018,364,
COLUMBIA,2018,363,
COLUMBIA,2018,362,18
COLUMBIA,2018,361,18
COLUMBIA,2018,360,
COLUMBIA,2018,359,
COLUMBIA,2018,358,
COLUMBIA,2018,357,
COLUMBIA,2018,356,
COLUMBIA,2018,355,18
COLUMBIA,2018,354,18
COLUMBIA,2018,353,18
COLUMBIA,2018,352,18
COLUMBIA,2018,351,18
COLUMBIA,2018,350,
COLUMBIA,2018,349,
COLUMBIA,2018,348,16
COLUMBIA,2018,347,16
COLUMBIA,2018,346,16
COLUMBIA,2018,345,16
COLUMBIA,2018,344,16
COLUMBIA,2018,343,
COLUMBIA,2018,342,
COLUMBIA,2018,341,16
COLUMBIA,2018,340,16
COLUMBIA,2018,339,16
COLUMBIA,2018,338,16
COLUMBIA,2018,337,16
COLUMBIA,2018,336,
COLUMBIA,2018,335,
COLUMBIA,2018,334,16
COLUMBIA,2018,333,16
COLUMBIA,2018,332,16
COLUMBIA,2018,331,16
COLUMBIA,2018,330,16
COLUMBIA,2018,329,
COLUMBIA,2018,328,
COLUMBIA,2018,327,
COLUMBIA,2018,326,
COLUMBIA,2018,325,14.666666
COLUMBIA,2018,324,14.666666
COLUMBIA,2018,323,14.666666
COLUMBIA,2018,322,
COLUMBIA,2018,321,
COLUMBIA,2018,320,15
COLUMBIA,2018,319,15
COLUMBIA,2018,318,15
COLUMBIA,2018,317,15
COLUMBIA,2018,316,
COLUMBIA,2018,315,
COLUMBIA,2018,314,
COLUMBIA,2018,313,14.333333
COLUMBIA,2018,312,14.333333
COLUMBIA,2018,311,14.333333
COLUMBIA,2018,310,14.333333
COLUMBIA,2018,309,15.5
COLUMBIA,2018,308,
COLUMBIA,2018,307,
COLUMBIA,2018,306,15.5
COLUMBIA,2018,305,15.5
COLUMBIA,2018,304,15.5
COLUMBIA,2018,303,15.5
COLUMBIA,2018,302,15.5
COLUMBIA,2018,301,
COLUMBIA,2018,300,
COLUMBIA,2018,299,19
COLUMBIA,2018,298,19
COLUMBIA,2018,297,19
COLUMBIA,2018,296,19
COLUMBIA,2018,295,19
COLUMBIA,2018,294,
COLUMBIA,2018,293,
COLUMBIA,2018,292,19
COLUMBIA,2018,291,15.5
COLUMBIA,2018,290,15.5
COLUMBIA,2018,289,15.5
COLUMBIA,2018,288,15.5
COLUMBIA,2018,287,
COLUMBIA,2018,286,
COLUMBIA,2018,285,15.5
COLUMBIA,2018,284,
COLUMBIA,2018,283,15.5
COLUMBIA,2018,282,15.5
COLUMBIA,2018,281,15.5
COLUMBIA,2018,280,
COLUMBIA,2018,279,
COLUMBIA,2018,278,15.5
COLUMBIA,2018,277,16
COLUMBIA,2018,276,16
COLUMBIA,2018,275,16
COLUMBIA,2018,274,16
COLUMBIA,2018,273,
COLUMBIA,2018,272,
COLUMBIA,2018,271,16
COLUMBIA,2018,270,16
COLUMBIA,2018,269,16
COLUMBIA,2018,268,15.5
COLUMBIA,2018,267,15.5
COLUMBIA,2018,266,
COLUMBIA,2018,265,
COLUMBIA,2018,264,15.5
COLUMBIA,2018,263,15.5
COLUMBIA,2018,262,15.5
COLUMBIA,2018,261,15.5
COLUMBIA,2018,260,15.5
COLUMBIA,2018,259,
COLUMBIA,2018,258,
COLUMBIA,2018,257,
COLUMBIA,2018,256,
COLUMBIA,2018,255,
COLUMBIA,2018,254,
COLUMBIA,2018,253,15.5
COLUMBIA,2018,252,
COLUMBIA,2018,251,
COLUMBIA,2018,250,15.5
COLUMBIA,2018,249,15.5
COLUMBIA,2018,248,15.5
COLUMBIA,2018,247,15.5
COLUMBIA,2018,246,
COLUMBIA,2018,245,
COLUMBIA,2018,244,
COLUMBIA,2018,243,16
COLUMBIA,2018,242,16
COLUMBIA,2018,241,16
COLUMBIA,2018,240,16
COLUMBIA,2018,239,16
COLUMBIA,2018,238,
COLUMBIA,2018,237,
COLUMBIA,2018,236,16
COLUMBIA,2018,235,16
COLUMBIA,2018,234,15.75
COLUMBIA,2018,233,15.75
COLUMBIA,2018,232,15.75
COLUMBIA,2018,231,
COLUMBIA,2018,230,
COLUMBIA,2018,229,15.75
COLUMBIA,2018,228,15.75
COLUMBIA,2018,227,15.75
COLUMBIA,2018,226,15.75
COLUMBIA,2018,225,15
COLUMBIA,2018,224,
COLUMBIA,2018,223,
COLUMBIA,2018,222,15
COLUMBIA,2018,221,15
COLUMBIA,2018,220,15
COLUMBIA,2018,219,15
COLUMBIA,2018,218,15
COLUMBIA,2018,217,
COLUMBIA,2018,216,
COLUMBIA,2018,215,15
COLUMBIA,2018,214,15
COLUMBIA,2018,213,15
COLUMBIA,2018,212,15
COLUMBIA,2018,211,15
COLUMBIA,2018,210,
COLUMBIA,2018,209,
COLUMBIA,2018,208,15
COLUMBIA,2018,207,15
COLUMBIA,2018,206,15
COLUMBIA,2018,205,15
COLUMBIA,2018,204,15
COLUMBIA,2018,203,
COLUMBIA,2018,202,
COLUMBIA,2018,201,15
COLUMBIA,2018,200,15
COLUMBIA,2018,199,15
COLUMBIA,2018,198,15
COLUMBIA,2018,197,15
COLUMBIA,2018,196,
COLUMBIA,2018,195,
COLUMBIA,2018,194,15
COLUMBIA,2018,193,12.75
COLUMBIA,2018,192,12.75
COLUMBIA,2018,191,12.75
COLUMBIA,2018,190,
COLUMBIA,2018,189,
COLUMBIA,2018,188,
COLUMBIA,2018,187,12.875
COLUMBIA,2018,186,12.875
COLUMBIA,2018,185,
COLUMBIA,2018,184,12.875
COLUMBIA,2018,183,12.875
COLUMBIA,2018,182,
COLUMBIA,2018,181,
COLUMBIA,2018,180,12.75
COLUMBIA,2018,179,12.75
COLUMBIA,2018,178,12.75
COLUMBIA,2018,177,12.75
COLUMBIA,2018,176,12.75
COLUMBIA,2018,175,
COLUMBIA,2018,174,
COLUMBIA,2018,173,13.666666
COLUMBIA,2018,172,13.666666
COLUMBIA,2018,171,13.5
COLUMBIA,2018,170,13.5
COLUMBIA,2018,169,13.5
COLUMBIA,2018,168,
COLUMBIA,2018,167,
COLUMBIA,2018,166,13
COLUMBIA,2018,165,13
COLUMBIA,2018,164,13
COLUMBIA,2018,163,13
COLUMBIA,2018,162,13
COLUMBIA,2018,161,
COLUMBIA,2018,160,
COLUMBIA,2018,159,13
COLUMBIA,2018,158,13
COLUMBIA,2018,157,13
COLUMBIA,2018,156,13
COLUMBIA,2018,155,
COLUMBIA,2018,154,
COLUMBIA,2018,153,
COLUMBIA,2018,152,13
COLUMBIA,2018,151,13
COLUMBIA,2018,150,13
COLUMBIA,2018,149,13
COLUMBIA,2018,148,
COLUMBIA,2018,147,
COLUMBIA,2018,146,
COLUMBIA,2018,145,13
COLUMBIA,2018,144,13
COLUMBIA,2018,143,13
COLUMBIA,2018,142,13
COLUMBIA,2018,141,13
COLUMBIA,2018,140,
COLUMBIA,2018,139,
COLUMBIA,2018,138,13
COLUMBIA,2018,137,13
COLUMBIA,2018,136,13
COLUMBIA,2018,135,13
COLUMBIA,2018,134,13
COLUMBIA,2018,133,
COLUMBIA,2018,132,
COLUMBIA,2018,131,13
COLUMBIA,2018,130,
COLUMBIA,2018,129,13
COLUMBIA,2018,128,13
COLUMBIA,2018,127,13
COLUMBIA,2018,126,
COLUMBIA,2018,125,
COLUMBIA,2018,124,13
COLUMBIA,2018,123,13
COLUMBIA,2018,122,13.5
COLUMBIA,2018,121,13.5
COLUMBIA,2018,120,13.5
COLUMBIA,2018,119,
COLUMBIA,2018,118,
COLUMBIA,2018,117,13
COLUMBIA,2018,116,13
COLUMBIA,2018,115,13
COLUMBIA,2018,114,13
COLUMBIA,2018,113,13
COLUMBIA,2018,112,
COLUMBIA,2018,111,
COLUMBIA,2018,110,13.5
COLUMBIA,2018,109,13.5
COLUMBIA,2018,108,13.5
COLUMBIA,2018,107,13.5
COLUMBIA,2018,106,13.5
COLUMBIA,2018,105,
COLUMBIA,2018,104,
COLUMBIA,2018,103,13.5
COLUMBIA,2018,102,13.5
COLUMBIA,2018,101,13
COLUMBIA,2018,100,14
COLUMBIA,2018,99,14
COLUMBIA,2018,98,
COLUMBIA,2018,97,
COLUMBIA,2018,96,13
COLUMBIA,2018,95,13
COLUMBIA,2018,94,13
COLUMBIA,2018,93,13
COLUMBIA,2018,92,13
COLUMBIA,2018,91,
COLUMBIA,2018,90,
COLUMBIA,2018,89,13
COLUMBIA,2018,88,13
COLUMBIA,2018,87,13
COLUMBIA,2018,86,13
COLUMBIA,2018,85,13
COLUMBIA,2018,84,
COLUMBIA,2018,83,
COLUMBIA,2018,82,13
COLUMBIA,2018,81,13
COLUMBIA,2018,80,13
COLUMBIA,2018,79,13
COLUMBIA,2018,78,13
COLUMBIA,2018,77,
COLUMBIA,2018,76,
COLUMBIA,2018,75,13
COLUMBIA,2018,74,13
COLUMBIA,2018,73,13
COLUMBIA,2018,72,
COLUMBIA,2018,71,13
COLUMBIA,2018,70,
COLUMBIA,2018,69,
COLUMBIA,2018,68,13
COLUMBIA,2018,67,13
COLUMBIA,2018,66,13
COLUMBIA,2018,65,13
COLUMBIA,2018,64,13
COLUMBIA,2018,63,
COLUMBIA,2018,62,
COLUMBIA,2018,61,14
COLUMBIA,2018,60,14
COLUMBIA,2018,59,14
COLUMBIA,2018,58,14
COLUMBIA,2018,57,14
COLUMBIA,2018,56,
COLUMBIA,2018,55,
COLUMBIA,2018,54,14.5
COLUMBIA,2018,53,14.5
COLUMBIA,2018,52,
COLUMBIA,2018,51,14.5
COLUMBIA,2018,50,
COLUMBIA,2018,49,
COLUMBIA,2018,48,
COLUMBIA,2018,47,14.5
COLUMBIA,2018,46,16
COLUMBIA,2018,45,16
COLUMBIA,2018,44,16
COLUMBIA,2018,43,16
COLUMBIA,2018,42,
COLUMBIA,2018,41,
COLUMBIA,2018,40,16
COLUMBIA,2018,39,16
COLUMBIA,2018,38,16
COLUMBIA,2018,37,16
COLUMBIA,2018,36,
COLUMBIA,2018,35,
COLUMBIA,2018,34,
COLUMBIA,2018,33,16
COLUMBIA,2018,32,16
COLUMBIA,2018,31,16
COLUMBIA,2018,30,16
COLUMBIA,2018,29,16
COLUMBIA,2018,28,
COLUMBIA,2018,27,
COLUMBIA,2018,26,16
COLUMBIA,2018,25,16
COLUMBIA,2018,24,16
COLUMBIA,2018,23,16
COLUMBIA,2018,22,16
COLUMBIA,2018,21,
COLUMBIA,2018,20,
COLUMBIA,2018,19,16
COLUMBIA,2018,18,16
COLUMBIA,2018,17,
COLUMBIA,2018,16,16
COLUMBIA,2018,15,
COLUMBIA,2018,14,
COLUMBIA,2018,13,
COLUMBIA,2018,12,16
COLUMBIA,2018,11,16
COLUMBIA,2018,10,16
COLUMBIA,2018,9,16
COLUMBIA,2018,8,16
COLUMBIA,2018,7,
COLUMBIA,2018,6,
COLUMBIA,2018,5,16
COLUMBIA,2018,4,16
COLUMBIA,2018,3,16
COLUMBIA,2018,2,16
NEW YORK,2018,366,
NEW YORK,2018,365,
NEW YORK,2018,364,
NEW YORK,2018,363,
NEW YORK,2018,362,
NEW YORK,2018,361,
NEW YORK,2018,360,
NEW YORK,2018,359,
NEW YORK,2018,358,
NEW YORK,2018,357,
NEW YORK,2018,356,
NEW YORK,2018,355,
NEW YORK,2018,354,
NEW YORK,2018,353,
NEW YORK,2018,352,
NEW YORK,2018,351,
NEW YORK,2018,350,
NEW YORK,2018,349,
NEW YORK,2018,348,
NEW YORK,2018,347,
NEW YORK,2018,346,
NEW YORK,2018,345,
NEW YORK,2018,344,
NEW YORK,2018,343,
NEW YORK,2018,342,
NEW YORK,2018,341,
NEW YORK,2018,340,
NEW YORK,2018,339,
NEW YORK,2018,338,
NEW YORK,2018,337,
NEW YORK,2018,336,
NEW YORK,2018,335,
NEW YORK,2018,334,
NEW YORK,2018,333,
NEW YORK,2018,332,
NEW YORK,2018,331,
NEW YORK,2018,330,
NEW YORK,2018,329,
NEW YORK,2018,328,
NEW YORK,2018,327,
NEW YORK,2018,326,
NEW YORK,2018,325,
NEW YORK,2018,324,
NEW YORK,2018,323,
NEW YORK,2018,322,
NEW YORK,2018,321,
NEW YORK,2018,320,
NEW YORK,2018,319,
NEW YORK,2018,318,
NEW YORK,2018,317,
NEW YORK,2018,316,
NEW YORK,2018,315,
NEW YORK,2018,314,
NEW YORK,2018,313,
NEW YORK,2018,312,
NEW YORK,2018,311,
NEW YORK,2018,310,
NEW YORK,2018,309,
NEW YORK,2018,308,
NEW YORK,2018,307,
NEW YORK,2018,306,
NEW YORK,2018,305,
NEW YORK,2018,304,
NEW YORK,2018,303,
NEW YORK,2018,302,
NEW YORK,2018,301,
NEW YORK,2018,300,
NEW YORK,2018,299,14.5
NEW YORK,2018,298,
NEW YORK,2018,297,
NEW YORK,2018,296,
NEW YORK,2018,295,
NEW YORK,2018,294,
NEW YORK,2018,293,
NEW YORK,2018,292,
NEW YORK,2018,291,
NEW YORK,2018,290,
NEW YORK,2018,289,
NEW YORK,2018,288,
NEW YORK,2018,287,
NEW YORK,2018,286,
NEW YORK,2018,285,
NEW YORK,2018,284,
NEW YORK,2018,283,
NEW YORK,2018,282,
NEW YORK,2018,281,
NEW YORK,2018,280,
NEW YORK,2018,279,
NEW YORK,2018,278,
NEW YORK,2018,277,
NEW YORK,2018,276,
NEW YORK,2018,275,
NEW YORK,2018,274,
NEW YORK,2018,273,
NEW YORK,2018,272,
NEW YORK,2018,271,
NEW YORK,2018,270,
NEW YORK,2018,269,
NEW YORK,2018,268,
NEW YORK,2018,267,
NEW YORK,2018,266,
NEW YORK,2018,265,
NEW YORK,2018,264,
NEW YORK,2018,263,
NEW YORK,2018,262,
NEW YORK,2018,261,
NEW YORK,2018,260,
NEW YORK,2018,259,
NEW YORK,2018,258,
NEW YORK,2018,257,
NEW YORK,2018,256,
NEW YORK,2018,255,
NEW YORK,2018,254,
NEW YORK,2018,253,
NEW YORK,2018,252,
NEW YORK,2018,251,
NEW YORK,2018,250,
NEW YORK,2018,249,
NEW YORK,2018,248,
NEW YORK,2018,247,
NEW YORK,2018,246,
NEW YORK,2018,245,
NEW YORK,2018,244,
NEW YORK,2018,243,
NEW YORK,2018,242,
NEW YORK,2018,241,
NEW YORK,2018,240,
NEW YORK,2018,239,
NEW YORK,2018,238,
NEW YORK,2018,237,
NEW YORK,2018,236,
NEW YORK,2018,235,
NEW YORK,2018,234,
NEW YORK,2018,233,
NEW YORK,2018,232,
NEW YORK,2018,231,
NEW YORK,2018,230,
NEW YORK,2018,229,
NEW YORK,2018,228,
NEW YORK,2018,227,
NEW YORK,2018,226,
NEW YORK,2018,225,
NEW YORK,2018,224,
NEW YORK,2018,223,
NEW YORK,2018,222,
NEW YORK,2018,221,
NEW YORK,2018,220,
NEW YORK,2018,219,
NEW YORK,2018,218,
NEW YORK,2018,217,
NEW YORK,2018,216,
NEW YORK,2018,215,
NEW YORK,2018,214,
NEW YORK,2018,213,
NEW YORK,2018,212,
NEW YORK,2018,211,
NEW YORK,2018,210,
NEW YORK,2018,209,
NEW YORK,2018,208,
NEW YORK,2018,207,
NEW YORK,2018,206,
NEW YORK,2018,205,
NEW YORK,2018,204,
NEW YORK,2018,203,
NEW YORK,2018,202,
NEW YORK,2018,201,
NEW YORK,2018,200,
NEW YORK,2018,199,
NEW YORK,2018,198,
NEW YORK,2018,197,
NEW YORK,2018,196,
NEW YORK,2018,195,
NEW YORK,2018,194,
NEW YORK,2018,193,
NEW YORK,2018,192,
NEW YORK,2018,191,
NEW YORK,2018,190,
NEW YORK,2018,189,
NEW YORK,2018,188,
NEW YORK,2018,187,
NEW YORK,2018,186,
NEW YORK,2018,185,
NEW YORK,2018,184,
NEW YORK,2018,183,
NEW YORK,2018,182,
NEW YORK,2018,181,
NEW YORK,2018,180,
NEW YORK,2018,179,
NEW YORK,2018,178,
NEW YORK,2018,177,
NEW YORK,2018,176,
NEW YORK,2018,175,
NEW YORK,2018,174,
NEW YORK,2018,173,
NEW YORK,2018,172,
NEW YORK,2018,171,
NEW YORK,2018,170,
NEW YORK,2018,169,
NEW YORK,2018,168,
NEW YORK,2018,167,
NEW YORK,2018,166,
NEW YORK,2018,165,
NEW YORK,2018,164,
NEW YORK,2018,163,
NEW YORK,2018,162,
NEW YORK,2018,161,
NEW YORK,2018,160,
NEW YORK,2018,159,
NEW YORK,2018,158,
NEW YORK,2018,157,
NEW YORK,2018,156,
NEW YORK,2018,155,
NEW YORK,2018,154,
NEW YORK,2018,153,
NEW YORK,2018,152,
NEW YORK,2018,151,
NEW YORK,2018,150,
NEW YORK,2018,149,
NEW YORK,2018,148,
NEW YORK,2018,147,
NEW YORK,2018,146,
NEW YORK,2018,145,
NEW YORK,2018,144,
NEW YORK,2018,143,
NEW YORK,2018,142,
NEW YORK,2018,141,
NEW YORK,2018,140,
NEW YORK,2018,139,
NEW YORK,2018,138,
NEW YORK,2018,137,
NEW YORK,2018,136,
NEW YORK,2018,135,
NEW YORK,2018,134,
NEW YORK,2018,133,
NEW YORK,2018,132,
NEW YORK,2018,131,
NEW YORK,2018,130,
NEW YORK,2018,129,
NEW YORK,2018,128,
NEW YORK,2018,127,
NEW YORK,2018,126,
NEW YORK,2018,125,
NEW YORK,2018,124,
NEW YORK,2018,123,
NEW YORK,2018,122,
NEW YORK,2018,121,
NEW YORK,2018,120,
NEW YORK,2018,119,
NEW YORK,2018,118,
NEW YORK,2018,117,
NEW YORK,2018,116,
NEW YORK,2018,115,
NEW YORK,2018,114,
NEW YORK,2018,113,
NEW YORK,2018,112,
NEW YORK,2018,111,
NEW YORK,2018,110,
NEW YORK,2018,109,
NEW YORK,2018,108,
NEW YORK,2018,107,
NEW YORK,2018,106,
NEW YORK,2018,105,
NEW YORK,2018,104,
NEW YORK,2018,103,
NEW YORK,2018,102,
NEW YORK,2018,101,
NEW YORK,2018,100,
NEW YORK,2018,99,
NEW YORK,2018,98,
NEW YORK,2018,97,
NEW YORK,2018,96,
NEW YORK,2018,95,
NEW YORK,2018,94,
NEW YORK,2018,93,
NEW YORK,2018,92,
NEW YORK,2018,91,
NEW YORK,2018,90,
NEW YORK,2018,89,
NEW YORK,2018,88,
NEW YORK,2018,87,
NEW YORK,2018,86,
NEW YORK,2018,85,
NEW YORK,2018,84,
NEW YORK,2018,83,
NEW YORK,2018,82,
NEW YORK,2018,81,
NEW YORK,2018,80,
NEW YORK,2018,79,
NEW YORK,2018,78,
NEW YORK,2018,77,
NEW YORK,2018,76,
NEW YORK,2018,75,
NEW YORK,2018,74,
NEW YORK,2018,73,
NEW YORK,2018,72,
NEW YORK,2018,71,
NEW YORK,2018,70,
NEW YORK,2018,69,
NEW YORK,2018,68,
NEW YORK,2018,67,
NEW YORK,2018,66,
NEW YORK,2018,65,
NEW YORK,2018,64,
NEW YORK,2018,63,
NEW YORK,2018,62,
NEW YORK,2018,61,
NEW YORK,2018,60,
NEW YORK,2018,59,
NEW YORK,2018,58,
NEW YORK,2018,57,
NEW YORK,2018,56,
NEW YORK,2018,55,
NEW YORK,2018,54,
NEW YORK,2018,53,
NEW YORK,2018,52,
NEW YORK,2018,51,
NEW YORK,2018,50,
NEW YORK,2018,49,
NEW YORK,2018,48,
NEW YORK,2018,47,
NEW YORK,2018,46,
NEW YORK,2018,45,
NEW YORK,2018,44,
NEW YORK,2018,43,
NEW YORK,2018,42,
NEW YORK,2018,41,
NEW YORK,2018,40,
NEW YORK,2018,39,
NEW YORK,2018,38,
NEW YORK,2018,37,
NEW YORK,2018,36,
NEW YORK,2018,35,
NEW YORK,2018,34,
NEW YORK,2018,33,
NEW YORK,2018,32,
NEW YORK,2018,31,
NEW YORK,2018,30,
NEW YORK,2018,29,
NEW YORK,2018,28,
NEW YORK,2018,27,
NEW YORK,2018,26,
NEW YORK,2018,25,
NEW YORK,2018,24,
NEW YORK,2018,23,
NEW YORK,2018,22,
NEW YORK,2018,21,
NEW YORK,2018,20,
NEW YORK,2018,19,
NEW YORK,2018,18,
NEW YORK,2018,17,
NEW YORK,2018,16,
NEW YORK,2018,15,
NEW YORK,2018,14,
NEW YORK,2018,13,
NEW YORK,2018,12,
NEW YORK,2018,11,
NEW YORK,2018,10,
NEW YORK,2018,9,
NEW YORK,2018,8,
NEW YORK,2018,7,
NEW YORK,2018,6,
NEW YORK,2018,5,
NEW YORK,2018,4,
NEW YORK,2018,3,
NEW YORK,2018,2,
PHILADELPHIA,2018,366,
PHILADELPHIA,2018,365,
PHILADELPHIA,2018,364,
PHILADELPHIA,2018,363,
PHILADELPHIA,2018,362,
PHILADELPHIA,2018,361,
PHILADELPHIA,2018,360,15
PHILADELPHIA,2018,359,
PHILADELPHIA,2018,358,
PHILADELPHIA,2018,357,
PHILADELPHIA,2018,356,
PHILADELPHIA,2018,355,
PHILADELPHIA,2018,354,
PHILADELPHIA,2018,353,
PHILADELPHIA,2018,352,
PHILADELPHIA,2018,351,
PHILADELPHIA,2018,350,
PHILADELPHIA,2018,349,
PHILADELPHIA,2018,348,15
PHILADELPHIA,2018,347,15
PHILADELPHIA,2018,346,15
PHILADELPHIA,2018,345,15
PHILADELPHIA,2018,344,18
PHILADELPHIA,2018,343,
PHILADELPHIA,2018,342,
PHILADELPHIA,2018,341,18
PHILADELPHIA,2018,340,18
PHILADELPHIA,2018,339,18
PHILADELPHIA,2018,338,
PHILADELPHIA,2018,337,18
PHILADELPHIA,2018,336,
PHILADELPHIA,2018,335,
PHILADELPHIA,2018,334,20
PHILADELPHIA,2018,333,20
PHILADELPHIA,2018,332,20
PHILADELPHIA,2018,331,20
PHILADELPHIA,2018,330,19
PHILADELPHIA,2018,329,
PHILADELPHIA,2018,328,
PHILADELPHIA,2018,327,
PHILADELPHIA,2018,326,
PHILADELPHIA,2018,325,19
PHILADELPHIA,2018,324,19
PHILADELPHIA,2018,323,19
PHILADELPHIA,2018,322,
PHILADELPHIA,2018,321,
PHILADELPHIA,2018,320,18
PHILADELPHIA,2018,319,18
PHILADELPHIA,2018,318,18
PHILADELPHIA,2018,317,18
PHILADELPHIA,2018,316,
PHILADELPHIA,2018,315,
PHILADELPHIA,2018,314,
PHILADELPHIA,2018,313,19
PHILADELPHIA,2018,312,19
PHILADELPHIA,2018,311,19
PHILADELPHIA,2018,310,19
PHILADELPHIA,2018,309,14
PHILADELPHIA,2018,308,
PHILADELPHIA,2018,307,
PHILADELPHIA,2018,306,14
PHILADELPHIA,2018,305,14
PHILADELPHIA,2018,304,14
PHILADELPHIA,2018,303,14
PHILADELPHIA,2018,302,14
PHILADELPHIA,2018,301,
PHILADELPHIA,2018,300,
PHILADELPHIA,2018,299,8
PHILADELPHIA,2018,298,8
PHILADELPHIA,2018,297,8
PHILADELPHIA,2018,296,10
PHILADELPHIA,2018,295,10
PHILADELPHIA,2018,294,
PHILADELPHIA,2018,293,
PHILADELPHIA,2018,292,10
PHILADELPHIA,2018,291,10
PHILADELPHIA,2018,290,10
PHILADELPHIA,2018,289,10
PHILADELPHIA,2018,288,10
PHILADELPHIA,2018,287,
PHILADELPHIA,2018,286,
PHILADELPHIA,2018,285,14.5
PHILADELPHIA,2018,284,14.5
PHILADELPHIA,2018,283,14.5
PHILADELPHIA,2018,282,15.75
PHILADELPHIA,2018,281,
PHILADELPHIA,2018,280,
PHILADELPHIA,2018,279,
PHILADELPHIA,2018,278,15.75
PHILADELPHIA,2018,277,15.75
PHILADELPHIA,2018,276,15.75
PHILADELPHIA,2018,275,15.75
PHILADELPHIA,2018,274,15.75
PHILADELPHIA,2018,273,
PHILADELPHIA,2018,272,
PHILADELPHIA,2018,271,15.75
PHILADELPHIA,2018,270,15.75
PHILADELPHIA,2018,269,15.75
PHILADELPHIA,2018,268,15.75
PHILADELPHIA,2018,267,15.5
PHILADELPHIA,2018,266,
PHILADELPHIA,2018,265,
PHILADELPHIA,2018,264,15.5
PHILADELPHIA,2018,263,15.5
PHILADELPHIA,2018,262,15.5
PHILADELPHIA,2018,261,15.5
PHILADELPHIA,2018,260,15.75
PHILADELPHIA,2018,259,
PHILADELPHIA,2018,258,
PHILADELPHIA,2018,257,15.75
PHILADELPHIA,2018,256,15.75
PHILADELPHIA,2018,255,15.75
PHILADELPHIA,2018,254,15.75
PHILADELPHIA,2018,253,15.75
PHILADELPHIA,2018,252,
PHILADELPHIA,2018,251,
PHILADELPHIA,2018,250,14
PHILADELPHIA,2018,249,14
PHILADELPHIA,2018,248,15
PHILADELPHIA,2018,247,15
PHILADELPHIA,2018,246,
PHILADELPHIA,2018,245,
PHILADELPHIA,2018,244,
PHILADELPHIA,2018,243,15
PHILADELPHIA,2018,242,15
PHILADELPHIA,2018,241,15
PHILADELPHIA,2018,240,15
PHILADELPHIA,2018,239,15
PHILADELPHIA,2018,238,
PHILADELPHIA,2018,237,
PHILADELPHIA,2018,236,15
PHILADELPHIA,2018,235,15
PHILADELPHIA,2018,234,15
PHILADELPHIA,2018,233,15
PHILADELPHIA,2018,232,15
PHILADELPHIA,2018,231,
PHILADELPHIA,2018,230,
PHILADELPHIA,2018,229,13
PHILADELPHIA,2018,228,13
PHILADELPHIA,2018,227,13
PHILADELPHIA,2018,226,13
PHILADELPHIA,2018,225,13
PHILADELPHIA,2018,224,
PHILADELPHIA,2018,223,
PHILADELPHIA,2018,222,13
PHILADELPHIA,2018,221,13
PHILADELPHIA,2018,220,16
PHILADELPHIA,2018,219,16
PHILADELPHIA,2018,218,14.625
PHILADELPHIA,2018,217,
PHILADELPHIA,2018,216,
PHILADELPHIA,2018,215,15.125
PHILADELPHIA,2018,214,15.125
PHILADELPHIA,2018,213,15.125
PHILADELPHIA,2018,212,15.125
PHILADELPHIA,2018,211,15.125
PHILADELPHIA,2018,210,
PHILADELPHIA,2018,209,
PHILADELPHIA,2018,208,15.125
PHILADELPHIA,2018,207,15.125
PHILADELPHIA,2018,206,15.125
PHILADELPHIA,2018,205,15.125
PHILADELPHIA,2018,204,15.125
PHILADELPHIA,2018,203,
PHILADELPHIA,2018,202,
PHILADELPHIA,2018,201,16.166666
PHILADELPHIA,2018,200,16
PHILADELPHIA,2018,199,16
PHILADELPHIA,2018,198,16
PHILADELPHIA,2018,197,13.5
PHILADELPHIA,2018,196,
PHILADELPHIA,2018,195,
PHILADELPHIA,2018,194,13.5
PHILADELPHIA,2018,193,13.5
PHILADELPHIA,2018,192,13.5
PHILADELPHIA,2018,191,13.5
PHILADELPHIA,2018,190,13.5
PHILADELPHIA,2018,189,
PHILADELPHIA,2018,188,
PHILADELPHIA,2018,187,14
PHILADELPHIA,2018,186,14
PHILADELPHIA,2018,185,
PHILADELPHIA,2018,184,14
PHILADELPHIA,2018,183,14
PHILADELPHIA,2018,182,
PHILADELPHIA,2018,181,
PHILADELPHIA,2018,180,14
PHILADELPHIA,2018,179,14
PHILADELPHIA,2018,178,14
PHILADELPHIA,2018,177,14
PHILADELPHIA,2018,176,14
PHILADELPHIA,2018,175,
PHILADELPHIA,2018,174,
PHILADELPHIA,2018,173,14
PHILADELPHIA,2018,172,14
PHILADELPHIA,2018,171,14
PHILADELPHIA,2018,170,14
PHILADELPHIA,2018,169,14
PHILADELPHIA,2018,168,
PHILADELPHIA,2018,167,
PHILADELPHIA,2018,166,
PHILADELPHIA,2018,165,
PHILADELPHIA,2018,164,
PHILADELPHIA,2018,163,
PHILADELPHIA,2018,162,
PHILADELPHIA,2018,161,
PHILADELPHIA,2018,160,
PHILADELPHIA,2018,159,
PHILADELPHIA,2018,158,
PHILADELPHIA,2018,157,
PHILADELPHIA,2018,156,
PHILADELPHIA,2018,155,
PHILADELPHIA,2018,154,
PHILADELPHIA,2018,153,
PHILADELPHIA,2018,152,
PHILADELPHIA,2018,151,
PHILADELPHIA,2018,150,
PHILADELPHIA,2018,149,
PHILADELPHIA,2018,148,
PHILADELPHIA,2018,147,
PHILADELPHIA,2018,146,
PHILADELPHIA,2018,145,15
PHILADELPHIA,2018,144,15
PHILADELPHIA,2018,143,15
PHILADELPHIA,2018,142,15
PHILADELPHIA,2018,141,15
PHILADELPHIA,2018,140,
PHILADELPHIA,2018,139,
PHILADELPHIA,2018,138,15
PHILADELPHIA,2018,137,15
PHILADELPHIA,2018,136,15
PHILADELPHIA,2018,135,15
PHILADELPHIA,2018,134,12.5
PHILADELPHIA,2018,133,
PHILADELPHIA,2018,132,
PHILADELPHIA,2018,131,12.5
PHILADELPHIA,2018,130,12.5
PHILADELPHIA,2018,129,12.5
PHILADELPHIA,2018,128,12.5
PHILADELPHIA,2018,127,12.5
PHILADELPHIA,2018,126,
PHILADELPHIA,2018,125,
PHILADELPHIA,2018,124,12
PHILADELPHIA,2018,123,12
PHILADELPHIA,2018,122,11.5
PHILADELPHIA,2018,121,11.5
PHILADELPHIA,2018,120,11.5
PHILADELPHIA,2018,119,
PHILADELPHIA,2018,118,
PHILADELPHIA,2018,117,11.5
PHILADELPHIA,2018,116,11.5
PHILADELPHIA,2018,115,11.5
PHILADELPHIA,2018,114,11.5
PHILADELPHIA,2018,113,11.5
PHILADELPHIA,2018,112,
PHILADELPHIA,2018,111,
PHILADELPHIA,2018,110,11.5
PHILADELPHIA,2018,109,11.5
PHILADELPHIA,2018,108,11.5
PHILADELPHIA,2018,107,11.5
PHILADELPHIA,2018,106,11.5
PHILADELPHIA,2018,105,
PHILADELPHIA,2018,104,
PHILADELPHIA,2018,103,
PHILADELPHIA,2018,102,
PHILADELPHIA,2018,101,
PHILADELPHIA,2018,100,
PHILADELPHIA,2018,99,
PHILADELPHIA,2018,98,
PHILADELPHIA,2018,97,
PHILADELPHIA,2018,96,11
PHILADELPHIA,2018,95,11
PHILADELPHIA,2018,94,11
PHILADELPHIA,2018,93,11
PHILADELPHIA,2018,92,
PHILADELPHIA,2018,91,
PHILADELPHIA,2018,90,
PHILADELPHIA,2018,89,11
PHILADELPHIA,2018,88,11
PHILADELPHIA,2018,87,11
PHILADELPHIA,2018,86,11
PHILADELPHIA,2018,85,11
PHILADELPHIA,2018,84,
PHILADELPHIA,2018,83,
PHILADELPHIA,2018,82,16
PHILADELPHIA,2018,81,16
PHILADELPHIA,2018,80,
PHILADELPHIA,2018,79,15
PHILADELPHIA,2018,78,17
PHILADELPHIA,2018,77,
PHILADELPHIA,2018,76,
PHILADELPHIA,2018,75,17
PHILADELPHIA,2018,74,17
PHILADELPHIA,2018,73,17
PHILADELPHIA,2018,72,17
PHILADELPHIA,2018,71,17
PHILADELPHIA,2018,70,
PHILADELPHIA,2018,69,
PHILADELPHIA,2018,68,
PHILADELPHIA,2018,67,
PHILADELPHIA,2018,66,
PHILADELPHIA,2018,65,21.25
PHILADELPHIA,2018,64,21.25
PHILADELPHIA,2018,63,
PHILADELPHIA,2018,62,
PHILADELPHIA,2018,61,15.5
PHILADELPHIA,2018,60,15.5
PHILADELPHIA,2018,59,15.5
PHILADELPHIA,2018,58,15.5
PHILADELPHIA,2018,57,15.5
PHILADELPHIA,2018,56,
PHILADELPHIA,2018,55,
PHILADELPHIA,2018,54,20
PHILADELPHIA,2018,53,20
PHILADELPHIA,2018,52,20
PHILADELPHIA,2018,51,20
PHILADELPHIA,2018,50,
PHILADELPHIA,2018,49,
PHILADELPHIA,2018,48,
PHILADELPHIA,2018,47,20
PHILADELPHIA,2018,46,20
PHILADELPHIA,2018,45,20
PHILADELPHIA,2018,44,20
PHILADELPHIA,2018,43,20
PHILADELPHIA,2018,42,
PHILADELPHIA,2018,41,
PHILADELPHIA,2018,40,20
PHILADELPHIA,2018,39,20
PHILADELPHIA,2018,38,20
PHILADELPHIA,2018,37,20
PHILADELPHIA,2018,36,20
PHILADELPHIA,2018,35,
PHILADELPHIA,2018,34,
PHILADELPHIA,2018,33,20
PHILADELPHIA,2018,32,20
PHILADELPHIA,2018,31,20
PHILADELPHIA,2018,30,20
PHILADELPHIA,2018,29,20
PHILADELPHIA,2018,28,
PHILADELPHIA,2018,27,
PHILADELPHIA,2018,26,20
PHILADELPHIA,2018,25,20
PHILADELPHIA,2018,24,20
PHILADELPHIA,2018,23,20
PHILADELPHIA,2018,22,20
PHILADELPHIA,2018,21,
PHILADELPHIA,2018,20,
PHILADELPHIA,2018,19,
PHILADELPHIA,2018,18,
PHILADELPHIA,2018,17,
PHILADELPHIA,2018,16,
PHILADELPHIA,2018,15,
PHILADELPHIA,2018,14,
PHILADELPHIA,2018,13,
PHILADELPHIA,2018,12,21.5
PHILADELPHIA,2018,11,21.5
PHILADELPHIA,2018,10,21.5
PHILADELPHIA,2018,9,21.5
PHILADELPHIA,2018,8,
PHILADELPHIA,2018,7,
PHILADELPHIA,2018,6,
PHILADELPHIA,2018,5,22.5
PHILADELPHIA,2018,4,30
PHILADELPHIA,2018,3,30
PHILADELPHIA,2018,2,30
