CityName,Year,Day,Price
BALTIMORE,2024,366,
BALTIMORE,2024,365,
BALTIMORE,2024,364,
BALTIMORE,2024,363,
BALTIMORE,2024,362,
BALTIMORE,2024,361,
BALTIMORE,2024,360,
BALTIMORE,2024,359,
BALTIMORE,2024,358,
BALTIMORE,2024,357,
BALTIMORE,2024,356,
BALTIMORE,2024,355,
BALTIMORE,2024,354,
BALTIMORE,2024,353,
BALTIMORE,2024,352,
BALTIMORE,2024,351,
BALTIMORE,2024,350,
BALTIMORE,2024,349,
BALTIMORE,2024,348,
BALTIMORE,2024,347,
BALTIMORE,2024,346,
BALTIMORE,2024,345,
BALTIMORE,2024,344,
BALTIMORE,2024,343,
BALTIMORE,2024,342,
BALTIMORE,2024,341,
BALTIMORE,2024,340,
BALTIMORE,2024,339,
BALTIMORE,2024,338,
BALTIMORE,2024,337,
BALTIMORE,2024,336,
BALTIMORE,2024,335,
BALTIMORE,2024,334,
BALTIMORE,2024,333,
BALTIMORE,2024,332,
BALTIMORE,2024,331,
BALTIMORE,2024,330,
BALTIMORE,2024,329,
BALTIMORE,2024,328,
BALTIMORE,2024,327,
BALTIMORE,2024,326,
BALTIMORE,2024,325,
BALTIMORE,2024,324,
BALTIMORE,2024,323,
BALTIMORE,2024,322,
BALTIMORE,2024,321,
BALTIMORE,2024,320,
BALTIMORE,2024,319,
BALTIMORE,2024,318,
BALTIMORE,2024,317,
BALTIMORE,2024,316,
BALTIMORE,2024,315,
BALTIMORE,2024,314,
BALTIMORE,2024,313,
BALTIMORE,2024,312,
BALTIMORE,2024,311,
BALTIMORE,2024,310,
BALTIMORE,2024,309,
BALTIMORE,2024,308,
BALTIMORE,2024,307,
BALTIMORE,2024,306,
BALTIMORE,2024,305,
BALTIMORE,2024,304,
BALTIMORE,2024,303,
BALTIMORE,2024,302,
BALTIMORE,2024,301,
BALTIMORE,2024,300,
BALTIMORE,2024,299,
BALTIMORE,2024,298,
BALTIMORE,2024,297,
BALTIMORE,2024,296,
BALTIMORE,2024,295,
BALTIMORE,2024,294,
BALTIMORE,2024,293,
BALTIMORE,2024,292,
BALTIMORE,2024,291,
BALTIMORE,2024,290,
BALTIMORE,2024,289,
BALTIMORE,2024,288,
BALTIMORE,2024,287,
BALTIMORE,2024,286,
BALTIMORE,2024,285,
BALTIMORE,2024,284,
BALTIMORE,2024,283,
BALTIMORE,2024,282,
BALTIMORE,2024,281,
BALTIMORE,2024,280,
BALTIMORE,2024,279,
BALTIMORE,2024,278,
BALTIMORE,2024,277,
BALTIMORE,2024,276,
BALTIMORE,2024,275,
BALTIMORE,2024,274,25.000000
BALTIMORE,2024,273,
BALTIMORE,2024,272,
BALTIMORE,2024,271,25.000000
BALTIMORE,2024,270,25.000000
BALTIMORE,2024,269,25.000000
BALTIMORE,2024,268,25.000000
BALTIMORE,2024,267,25.750000
BALTIMORE,2024,266,
BALTIMORE,2024,265,
BALTIMORE,2024,264,25.750000
BALTIMORE,2024,263,25.750000
BALTIMORE,2024,262,25.750000
BALTIMORE,2024,261,25.750000
BALTIMORE,2024,260,25.500000
BALTIMORE,2024,259,
BALTIMORE,2024,258,
BALTIMORE,2024,257,25.500000
BALTIMORE,2024,256,25.500000
BALTIMORE,2024,255,25.500000
BALTIMORE,2024,254,25.500000
BALTIMORE,2024,253,28.000000
BALTIMORE,2024,252,
BALTIMORE,2024,251,
BALTIMORE,2024,250,31.000000
BALTIMORE,2024,249,31.000000
BALTIMORE,2024,248,31.000000
BALTIMORE,2024,247,31.000000
BALTIMORE,2024,246,
BALTIMORE,2024,245,
BALTIMORE,2024,244,
BALTIMORE,2024,243,27.666666
BALTIMORE,2024,242,27.666666
BALTIMORE,2024,241,27.666666
BALTIMORE,2024,240,27.666666
BALTIMORE,2024,239,27.333333
BALTIMORE,2024,238,
BALTIMORE,2024,237,
BALTIMORE,2024,236,27.333333
BALTIMORE,2024,235,27.333333
BALTIMORE,2024,234,24.500000
BALTIMORE,2024,233,24.500000
BALTIMORE,2024,232,24.500000
BALTIMORE,2024,231,
BALTIMORE,2024,230,
BALTIMORE,2024,229,30.333333
BALTIMORE,2024,228,27.750000
BALTIMORE,2024,227,27.750000
BALTIMORE,2024,226,27.750000
BALTIMORE,2024,225,27.750000
BALTIMORE,2024,224,
BALTIMORE,2024,223,
BALTIMORE,2024,222,27.750000
BALTIMORE,2024,221,27.750000
BALTIMORE,2024,220,27.750000
BALTIMORE,2024,219,27.750000
BALTIMORE,2024,218,27.666666
BALTIMORE,2024,217,
BALTIMORE,2024,216,
BALTIMORE,2024,215,32.500000
BALTIMORE,2024,214,
BALTIMORE,2024,213,
BALTIMORE,2024,212,32.500000
BALTIMORE,2024,211,36.000000
BALTIMORE,2024,210,
BALTIMORE,2024,209,
BALTIMORE,2024,208,36.000000
BALTIMORE,2024,207,36.000000
BALTIMORE,2024,206,23.000000
BALTIMORE,2024,205,23.000000
BALTIMORE,2024,204,26.500000
BALTIMORE,2024,203,
BALTIMORE,2024,202,
BALTIMORE,2024,201,26.500000
BALTIMORE,2024,200,26.500000
BALTIMORE,2024,199,
BALTIMORE,2024,198,26.500000
BALTIMORE,2024,197,26.500000
BALTIMORE,2024,196,
BALTIMORE,2024,195,
BALTIMORE,2024,194,28.500000
BALTIMORE,2024,193,28.500000
BALTIMORE,2024,192,38.500000
BALTIMORE,2024,191,38.500000
BALTIMORE,2024,190,28.500000
BALTIMORE,2024,189,
BALTIMORE,2024,188,
BALTIMORE,2024,187,32.750000
BALTIMORE,2024,186,
BALTIMORE,2024,185,32.750000
BALTIMORE,2024,184,32.750000
BALTIMORE,2024,183,32.333333
BALTIMORE,2024,182,
BALTIMORE,2024,181,
BALTIMORE,2024,180,32.333333
BALTIMORE,2024,179,24.400000
BALTIMORE,2024,178,24.400000
BALTIMORE,2024,177,24.400000
BALTIMORE,2024,176,24.400000
BALTIMORE,2024,175,
BALTIMORE,2024,174,
BALTIMORE,2024,173,24.666666
BALTIMORE,2024,172,24.666666
BALTIMORE,2024,171,
BALTIMORE,2024,170,24.666666
BALTIMORE,2024,169,24.666666
BALTIMORE,2024,168,
BALTIMORE,2024,167,
BALTIMORE,2024,166,24.666666
BALTIMORE,2024,165,24.666666
BALTIMORE,2024,164,24.666666
BALTIMORE,2024,163,30.583333
BALTIMORE,2024,162,30.583333
BALTIMORE,2024,161,
BALTIMORE,2024,160,
BALTIMORE,2024,159,30.583333
BALTIMORE,2024,158,32.300000
BALTIMORE,2024,157,32.300000
BALTIMORE,2024,156,32.300000
BALTIMORE,2024,155,32.300000
BALTIMORE,2024,154,
BALTIMORE,2024,153,
BALTIMORE,2024,152,33.800000
BALTIMORE,2024,151,33.800000
BALTIMORE,2024,150,34.000000
BALTIMORE,2024,149,34.000000
BALTIMORE,2024,148,
BALTIMORE,2024,147,
BALTIMORE,2024,146,
BALTIMORE,2024,145,34.000000
BALTIMORE,2024,144,34.000000
BALTIMORE,2024,143,34.000000
BALTIMORE,2024,142,34.000000
BALTIMORE,2024,141,34.000000
BALTIMORE,2024,140,
BALTIMORE,2024,139,
BALTIMORE,2024,138,36.000000
BALTIMORE,2024,137,36.000000
BALTIMORE,2024,136,36.000000
BALTIMORE,2024,135,36.000000
BALTIMORE,2024,134,34.000000
BALTIMORE,2024,133,
BALTIMORE,2024,132,
BALTIMORE,2024,131,34.000000
BALTIMORE,2024,130,34.000000
BALTIMORE,2024,129,35.000000
BALTIMORE,2024,128,35.000000
BALTIMORE,2024,127,35.000000
BALTIMORE,2024,126,
BALTIMORE,2024,125,
BALTIMORE,2024,124,53.000000
BALTIMORE,2024,123,53.000000
BALTIMORE,2024,122,53.000000
BALTIMORE,2024,121,53.000000
BALTIMORE,2024,120,56.500000
BALTIMORE,2024,119,
BALTIMORE,2024,118,
BALTIMORE,2024,117,56.500000
BALTIMORE,2024,116,56.500000
BALTIMORE,2024,115,56.500000
BALTIMORE,2024,114,56.500000
BALTIMORE,2024,113,48.750000
BALTIMORE,2024,112,
BALTIMORE,2024,111,
BALTIMORE,2024,110,48.750000
BALTIMORE,2024,109,48.750000
BALTIMORE,2024,108,48.750000
BALTIMORE,2024,107,48.750000
BALTIMORE,2024,106,44.000000
BALTIMORE,2024,105,
BALTIMORE,2024,104,
BALTIMORE,2024,103,43.500000
BALTIMORE,2024,102,43.500000
BALTIMORE,2024,101,43.500000
BALTIMORE,2024,100,43.500000
BALTIMORE,2024,99,41.500000
BALTIMORE,2024,98,
BALTIMORE,2024,97,
BALTIMORE,2024,96,41.500000
BALTIMORE,2024,95,40.000000
BALTIMORE,2024,94,36.500000
BALTIMORE,2024,93,36.500000
BALTIMORE,2024,92,
BALTIMORE,2024,91,
BALTIMORE,2024,90,
BALTIMORE,2024,89,27.500000
BALTIMORE,2024,88,27.500000
BALTIMORE,2024,87,27.500000
BALTIMORE,2024,86,27.833333
BALTIMORE,2024,85,27.833333
BALTIMORE,2024,84,
BALTIMORE,2024,83,
BALTIMORE,2024,82,26.500000
BALTIMORE,2024,81,26.500000
BALTIMORE,2024,80,26.500000
BALTIMORE,2024,79,26.500000
BALTIMORE,2024,78,25.666666
BALTIMORE,2024,77,
BALTIMORE,2024,76,
BALTIMORE,2024,75,23.333333
BALTIMORE,2024,74,23.333333
BALTIMORE,2024,73,23.333333
BALTIMORE,2024,72,23.333333
BALTIMORE,2024,71,29.375000
BALTIMORE,2024,70,
BALTIMORE,2024,69,
BALTIMORE,2024,68,29.375000
BALTIMORE,2024,67,29.375000
BALTIMORE,2024,66,29.375000
BALTIMORE,2024,65,29.375000
BALTIMORE,2024,64,29.375000
BALTIMORE,2024,63,
BALTIMORE,2024,62,
BALTIMORE,2024,61,29.250000
BALTIMORE,2024,60,29.250000
BALTIMORE,2024,59,29.250000
BALTIMORE,2024,58,29.250000
BALTIMORE,2024,57,28.500000
BALTIMORE,2024,56,
BALTIMORE,2024,55,
BALTIMORE,2024,54,28.500000
BALTIMORE,2024,53,28.500000
BALTIMORE,2024,52,28.500000
BALTIMORE,2024,51,28.500000
BALTIMORE,2024,50,
BALTIMORE,2024,49,
BALTIMORE,2024,48,
BALTIMORE,2024,47,28.000000
BALTIMORE,2024,46,28.000000
BALTIMORE,2024,45,28.000000
BALTIMORE,2024,44,28.000000
BALTIMORE,2024,43,28.000000
BALTIMORE,2024,42,
BALTIMORE,2024,41,
BALTIMORE,2024,40,28.000000
BALTIMORE,2024,39,28.000000
BALTIMORE,2024,38,28.000000
BALTIMORE,2024,37,28.000000
BALTIMORE,2024,36,28.500000
BALTIMORE,2024,35,
BALTIMORE,2024,34,
BALTIMORE,2024,33,28.500000
BALTIMORE,2024,32,28.500000
BALTIMORE,2024,31,28.500000
BALTIMORE,2024,30,23.500000
BALTIMORE,2024,29,23.500000
BALTIMORE,2024,28,
BALTIMORE,2024,27,
BALTIMORE,2024,26,23.500000
BALTIMORE,2024,25,23.500000
BALTIMORE,2024,24,23.500000
BALTIMORE,2024,23,23.500000
BALTIMORE,2024,22,23.500000
BALTIMORE,2024,21,
BALTIMORE,2024,20,
BALTIMORE,2024,19,25.125000
BALTIMORE,2024,18,25.125000
BALTIMORE,2024,17,25.125000
BALTIMORE,2024,16,25.125000
BALTIMORE,2024,15,
BALTIMORE,2024,14,
BALTIMORE,2024,13,
BALTIMORE,2024,12,26.125000
BALTIMORE,2024,11,26.125000
BALTIMORE,2024,10,26.125000
BALTIMORE,2024,9,25.750000
BALTIMORE,2024,8,25.750000
BALTIMORE,2024,7,
BALTIMORE,2024,6,
BALTIMORE,2024,5,25.750000
BALTIMORE,2024,4,25.750000
BALTIMORE,2024,3,25.750000
BALTIMORE,2024,2,25.750000
BOSTON,2024,366,
BOSTON,2024,365,
BOSTON,2024,364,
BOSTON,2024,363,
BOSTON,2024,362,
BOSTON,2024,361,
BOSTON,2024,360,
BOSTON,2024,359,
BOSTON,2024,358,
BOSTON,2024,357,
BOSTON,2024,356,
BOSTON,2024,355,
BOSTON,2024,354,
BOSTON,2024,353,
BOSTON,2024,352,
BOSTON,2024,351,
BOSTON,2024,350,
BOSTON,2024,349,
BOSTON,2024,348,
BOSTON,2024,347,
BOSTON,2024,346,
BOSTON,2024,345,
BOSTON,2024,344,
BOSTON,2024,343,
BOSTON,2024,342,
BOSTON,2024,341,
BOSTON,2024,340,
BOSTON,2024,339,
BOSTON,2024,338,
BOSTON,2024,337,
BOSTON,2024,336,
BOSTON,2024,335,
BOSTON,2024,334,
BOSTON,2024,333,
BOSTON,2024,332,
BOSTON,2024,331,
BOSTON,2024,330,
BOSTON,2024,329,
BOSTON,2024,328,
BOSTON,2024,327,
BOSTON,2024,326,
BOSTON,2024,325,
BOSTON,2024,324,
BOSTON,2024,323,
BOSTON,2024,322,
BOSTON,2024,321,
BOSTON,2024,320,
BOSTON,2024,319,
BOSTON,2024,318,
BOSTON,2024,317,
BOSTON,2024,316,
BOSTON,2024,315,
BOSTON,2024,314,
BOSTON,2024,313,
BOSTON,2024,312,
BOSTON,2024,311,
BOSTON,2024,310,
BOSTON,2024,309,
BOSTON,2024,308,
BOSTON,2024,307,
BOSTON,2024,306,
BOSTON,2024,305,
BOSTON,2024,304,
BOSTON,2024,303,
BOSTON,2024,302,
BOSTON,2024,301,
BOSTON,2024,300,
BOSTON,2024,299,
BOSTON,2024,298,
BOSTON,2024,297,
BOSTON,2024,296,
BOSTON,2024,295,
BOSTON,2024,294,
BOSTON,2024,293,
BOSTON,2024,292,
BOSTON,2024,291,
BOSTON,2024,290,
BOSTON,2024,289,
BOSTON,2024,288,
BOSTON,2024,287,
BOSTON,2024,286,
BOSTON,2024,285,
BOSTON,2024,284,
BOSTON,2024,283,
BOSTON,2024,282,
BOSTON,2024,281,
BOSTON,2024,280,
BOSTON,2024,279,
BOSTON,2024,278,
BOSTON,2024,277,
BOSTON,2024,276,
BOSTON,2024,275,
BOSTON,2024,274,21.500000
BOSTON,2024,273,
BOSTON,2024,272,
BOSTON,2024,271,21.500000
BOSTON,2024,270,21.500000
BOSTON,2024,269,21.500000
BOSTON,2024,268,21.500000
BOSTON,2024,267,21.500000
BOSTON,2024,266,
BOSTON,2024,265,
BOSTON,2024,264,21.500000
BOSTON,2024,263,21.500000
BOSTON,2024,262,21.500000
BOSTON,2024,261,21.500000
BOSTON,2024,260,21.500000
BOSTON,2024,259,
BOSTON,2024,258,
BOSTON,2024,257,21.500000
BOSTON,2024,256,21.500000
BOSTON,2024,255,21.500000
BOSTON,2024,254,21.500000
BOSTON,2024,253,22.000000
BOSTON,2024,252,
BOSTON,2024,251,
BOSTON,2024,250,22.000000
BOSTON,2024,249,22.000000
BOSTON,2024,248,22.000000
BOSTON,2024,247,22.000000
BOSTON,2024,246,
BOSTON,2024,245,
BOSTON,2024,244,
BOSTON,2024,243,22.000000
BOSTON,2024,242,22.000000
BOSTON,2024,241,22.000000
BOSTON,2024,240,22.000000
BOSTON,2024,239,22.000000
BOSTON,2024,238,
BOSTON,2024,237,
BOSTON,2024,236,22.000000
BOSTON,2024,235,22.000000
BOSTON,2024,234,22.000000
BOSTON,2024,233,25.500000
BOSTON,2024,232,25.500000
BOSTON,2024,231,
BOSTON,2024,230,
BOSTON,2024,229,25.500000
BOSTON,2024,228,25.500000
BOSTON,2024,227,25.500000
BOSTON,2024,226,25.500000
BOSTON,2024,225,25.500000
BOSTON,2024,224,
BOSTON,2024,223,
BOSTON,2024,222,25.500000
BOSTON,2024,221,25.500000
BOSTON,2024,220,25.500000
BOSTON,2024,219,25.500000
BOSTON,2024,218,25.500000
BOSTON,2024,217,
BOSTON,2024,216,
BOSTON,2024,215,25.500000
BOSTON,2024,214,
BOSTON,2024,213,25.500000
BOSTON,2024,212,25.500000
BOSTON,2024,211,25.500000
BOSTON,2024,210,
BOSTON,2024,209,
BOSTON,2024,208,25.500000
BOSTON,2024,207,25.500000
BOSTON,2024,206,25.500000
BOSTON,2024,205,25.000000
BOSTON,2024,204,25.000000
BOSTON,2024,203,
BOSTON,2024,202,
BOSTON,2024,201,25.000000
BOSTON,2024,200,25.000000
BOSTON,2024,199,25.000000
BOSTON,2024,198,25.000000
BOSTON,2024,197,
BOSTON,2024,196,
BOSTON,2024,195,
BOSTON,2024,194,25.000000
BOSTON,2024,193,25.000000
BOSTON,2024,192,25.000000
BOSTON,2024,191,25.000000
BOSTON,2024,190,21.000000
BOSTON,2024,189,
BOSTON,2024,188,
BOSTON,2024,187,21.000000
BOSTON,2024,186,
BOSTON,2024,185,21.000000
BOSTON,2024,184,21.000000
BOSTON,2024,183,21.000000
BOSTON,2024,182,
BOSTON,2024,181,
BOSTON,2024,180,21.000000
BOSTON,2024,179,21.000000
BOSTON,2024,178,21.000000
BOSTON,2024,177,21.000000
BOSTON,2024,176,21.000000
BOSTON,2024,175,
BOSTON,2024,174,
BOSTON,2024,173,21.000000
BOSTON,2024,172,21.000000
BOSTON,2024,171,
BOSTON,2024,170,19.500000
BOSTON,2024,169,19.500000
BOSTON,2024,168,
BOSTON,2024,167,
BOSTON,2024,166,19.500000
BOSTON,2024,165,19.500000
BOSTON,2024,164,19.500000
BOSTON,2024,163,19.500000
BOSTON,2024,162,19.500000
BOSTON,2024,161,
BOSTON,2024,160,
BOSTON,2024,159,19.500000
BOSTON,2024,158,19.500000
BOSTON,2024,157,19.500000
BOSTON,2024,156,19.500000
BOSTON,2024,155,19.500000
BOSTON,2024,154,
BOSTON,2024,153,
BOSTON,2024,152,25.000000
BOSTON,2024,151,25.000000
BOSTON,2024,150,25.000000
BOSTON,2024,149,25.000000
BOSTON,2024,148,
BOSTON,2024,147,
BOSTON,2024,146,
BOSTON,2024,145,25.000000
BOSTON,2024,144,25.000000
BOSTON,2024,143,25.000000
BOSTON,2024,142,25.000000
BOSTON,2024,141,25.000000
BOSTON,2024,140,
BOSTON,2024,139,
BOSTON,2024,138,25.000000
BOSTON,2024,137,25.000000
BOSTON,2024,136,25.000000
BOSTON,2024,135,25.000000
BOSTON,2024,134,25.000000
BOSTON,2024,133,
BOSTON,2024,132,
BOSTON,2024,131,25.000000
BOSTON,2024,130,25.000000
BOSTON,2024,129,25.000000
BOSTON,2024,128,25.000000
BOSTON,2024,127,25.000000
BOSTON,2024,126,
BOSTON,2024,125,
BOSTON,2024,124,25.000000
BOSTON,2024,123,25.000000
BOSTON,2024,122,25.000000
BOSTON,2024,121,25.000000
BOSTON,2024,120,25.000000
BOSTON,2024,119,
BOSTON,2024,118,
BOSTON,2024,117,25.000000
BOSTON,2024,116,25.000000
BOSTON,2024,115,25.000000
BOSTON,2024,114,25.000000
BOSTON,2024,113,25.000000
BOSTON,2024,112,
BOSTON,2024,111,
BOSTON,2024,110,25.000000
BOSTON,2024,109,25.000000
BOSTON,2024,108,25.000000
BOSTON,2024,107,25.000000
BOSTON,2024,106,25.000000
BOSTON,2024,105,
BOSTON,2024,104,
BOSTON,2024,103,25.000000
BOSTON,2024,102,25.000000
BOSTON,2024,101,25.000000
BOSTON,2024,100,25.000000
BOSTON,2024,99,25.000000
BOSTON,2024,98,
BOSTON,2024,97,
BOSTON,2024,96,25.000000
BOSTON,2024,95,25.000000
BOSTON,2024,94,25.000000
BOSTON,2024,93,25.000000
BOSTON,2024,92,25.000000
BOSTON,2024,91,
BOSTON,2024,90,
BOSTON,2024,89,25.000000
BOSTON,2024,88,25.000000
BOSTON,2024,87,25.000000
BOSTON,2024,86,25.000000
BOSTON,2024,85,25.000000
BOSTON,2024,84,
BOSTON,2024,83,
BOSTON,2024,82,25.000000
BOSTON,2024,81,25.000000
BOSTON,2024,80,25.000000
BOSTON,2024,79,25.000000
BOSTON,2024,78,25.000000
BOSTON,2024,77,
BOSTON,2024,76,
BOSTON,2024,75,25.000000
BOSTON,2024,74,25.000000
BOSTON,2024,73,25.000000
BOSTON,2024,72,25.000000
BOSTON,2024,71,25.000000
BOSTON,2024,70,
BOSTON,2024,69,
BOSTON,2024,68,25.000000
BOSTON,2024,67,25.000000
BOSTON,2024,66,25.000000
BOSTON,2024,65,25.000000
BOSTON,2024,64,25.000000
BOSTON,2024,63,
BOSTON,2024,62,
BOSTON,2024,61,25.000000
BOSTON,2024,60,25.000000
BOSTON,2024,59,22.750000
BOSTON,2024,58,22.750000
BOSTON,2024,57,22.750000
BOSTON,2024,56,
BOSTON,2024,55,
BOSTON,2024,54,22.750000
BOSTON,2024,53,22.250000
BOSTON,2024,52,22.250000
BOSTON,2024,51,22.250000
BOSTON,2024,50,
BOSTON,2024,49,
BOSTON,2024,48,
BOSTON,2024,47,22.250000
BOSTON,2024,46,22.250000
BOSTON,2024,45,22.250000
BOSTON,2024,44,22.250000
BOSTON,2024,43,22.250000
BOSTON,2024,42,
BOSTON,2024,41,
BOSTON,2024,40,22.250000
BOSTON,2024,39,22.250000
BOSTON,2024,38,22.250000
BOSTON,2024,37,22.250000
BOSTON,2024,36,22.250000
BOSTON,2024,35,
BOSTON,2024,34,
BOSTON,2024,33,22.250000
BOSTON,2024,32,22.250000
BOSTON,2024,31,22.250000
BOSTON,2024,30,22.250000
BOSTON,2024,29,22.250000
BOSTON,2024,28,
BOSTON,2024,27,
BOSTON,2024,26,22.250000
BOSTON,2024,25,22.250000
BOSTON,2024,24,22.250000
BOSTON,2024,23,22.250000
BOSTON,2024,22,22.250000
BOSTON,2024,21,
BOSTON,2024,20,
BOSTON,2024,19,22.250000
BOSTON,2024,18,22.250000
BOSTON,2024,17,23.500000
BOSTON,2024,16,23.500000
BOSTON,2024,15,
BOSTON,2024,14,
BOSTON,2024,13,
BOSTON,2024,12,23.500000
BOSTON,2024,11,23.500000
BOSTON,2024,10,23.500000
BOSTON,2024,9,23.500000
BOSTON,2024,8,23.500000
BOSTON,2024,7,
BOSTON,2024,6,
BOSTON,2024,5,23.500000
BOSTON,2024,4,23.500000
BOSTON,2024,3,23.500000
BOSTON,2024,2,23.500000
CHICAGO,2024,366,
CHICAGO,2024,365,
CHICAGO,2024,364,
CHICAGO,2024,363,
CHICAGO,2024,362,
CHICAGO,2024,361,
CHICAGO,2024,360,
CHICAGO,2024,359,
CHICAGO,2024,358,
CHICAGO,2024,357,
CHICAGO,2024,356,
CHICAGO,2024,355,
CHICAGO,2024,354,
CHICAGO,2024,353,
CHICAGO,2024,352,
CHICAGO,2024,351,
CHICAGO,2024,350,
CHICAGO,2024,349,
CHICAGO,2024,348,
CHICAGO,2024,347,
CHICAGO,2024,346,
CHICAGO,2024,345,
CHICAGO,2024,344,
CHICAGO,2024,343,
CHICAGO,2024,342,
CHICAGO,2024,341,
CHICAGO,2024,340,
CHICAGO,2024,339,
CHICAGO,2024,338,
CHICAGO,2024,337,
CHICAGO,2024,336,
CHICAGO,2024,335,
CHICAGO,2024,334,
CHICAGO,2024,333,
CHICAGO,2024,332,
CHICAGO,2024,331,
CHICAGO,2024,330,
CHICAGO,2024,329,
CHICAGO,2024,328,
CHICAGO,2024,327,
CHICAGO,2024,326,
CHICAGO,2024,325,
CHICAGO,2024,324,
CHICAGO,2024,323,
CHICAGO,2024,322,
CHICAGO,2024,321,
CHICAGO,2024,320,
CHICAGO,2024,319,
CHICAGO,2024,318,
CHICAGO,2024,317,
CHICAGO,2024,316,
CHICAGO,2024,315,
CHICAGO,2024,314,
CHICAGO,2024,313,
CHICAGO,2024,312,
CHICAGO,2024,311,
CHICAGO,2024,310,
CHICAGO,2024,309,
CHICAGO,2024,308,
CHICAGO,2024,307,
CHICAGO,2024,306,
CHICAGO,2024,305,
CHICAGO,2024,304,
CHICAGO,2024,303,
CHICAGO,2024,302,
CHICAGO,2024,301,
CHICAGO,2024,300,
CHICAGO,2024,299,
CHICAGO,2024,298,
CHICAGO,2024,297,
CHICAGO,2024,296,
CHICAGO,2024,295,
CHICAGO,2024,294,
CHICAGO,2024,293,
CHICAGO,2024,292,
CHICAGO,2024,291,
CHICAGO,2024,290,
CHICAGO,2024,289,
CHICAGO,2024,288,
CHICAGO,2024,287,
CHICAGO,2024,286,
CHICAGO,2024,285,
CHICAGO,2024,284,
CHICAGO,2024,283,
CHICAGO,2024,282,
CHICAGO,2024,281,
CHICAGO,2024,280,
CHICAGO,2024,279,
CHICAGO,2024,278,
CHICAGO,2024,277,
CHICAGO,2024,276,
CHICAGO,2024,275,
CHICAGO,2024,274,25.250000
CHICAGO,2024,273,
CHICAGO,2024,272,
CHICAGO,2024,271,25.250000
CHICAGO,2024,270,25.250000
CHICAGO,2024,269,25.250000
CHICAGO,2024,268,25.250000
CHICAGO,2024,267,
CHICAGO,2024,266,
CHICAGO,2024,265,
CHICAGO,2024,264,25.250000
CHICAGO,2024,263,25.250000
CHICAGO,2024,262,25.250000
CHICAGO,2024,261,25.250000
CHICAGO,2024,260,25.250000
CHICAGO,2024,259,
CHICAGO,2024,258,
CHICAGO,2024,257,25.250000
CHICAGO,2024,256,25.250000
CHICAGO,2024,255,25.250000
CHICAGO,2024,254,25.250000
CHICAGO,2024,253,25.250000
CHICAGO,2024,252,
CHICAGO,2024,251,
CHICAGO,2024,250,25.250000
CHICAGO,2024,249,23.200000
CHICAGO,2024,248,23.200000
CHICAGO,2024,247,23.200000
CHICAGO,2024,246,
CHICAGO,2024,245,
CHICAGO,2024,244,
CHICAGO,2024,243,23.200000
CHICAGO,2024,242,23.200000
CHICAGO,2024,241,23.200000
CHICAGO,2024,240,23.200000
CHICAGO,2024,239,23.200000
CHICAGO,2024,238,
CHICAGO,2024,237,
CHICAGO,2024,236,23.200000
CHICAGO,2024,235,23.200000
CHICAGO,2024,234,23.200000
CHICAGO,2024,233,23.200000
CHICAGO,2024,232,23.200000
CHICAGO,2024,231,
CHICAGO,2024,230,
CHICAGO,2024,229,23.200000
CHICAGO,2024,228,23.200000
CHICAGO,2024,227,23.200000
CHICAGO,2024,226,23.200000
CHICAGO,2024,225,23.200000
CHICAGO,2024,224,
CHICAGO,2024,223,
CHICAGO,2024,222,23.200000
CHICAGO,2024,221,27.333333
CHICAGO,2024,220,27.333333
CHICAGO,2024,219,27.333333
CHICAGO,2024,218,27.333333
CHICAGO,2024,217,
CHICAGO,2024,216,
CHICAGO,2024,215,27.333333
CHICAGO,2024,214,
CHICAGO,2024,213,27.333333
CHICAGO,2024,212,27.333333
CHICAGO,2024,211,27.333333
CHICAGO,2024,210,
CHICAGO,2024,209,
CHICAGO,2024,208,27.333333
CHICAGO,2024,207,27.333333
CHICAGO,2024,206,27.333333
CHICAGO,2024,205,27.333333
CHICAGO,2024,204,27.333333
CHICAGO,2024,203,
CHICAGO,2024,202,
CHICAGO,2024,201,27.333333
CHICAGO,2024,200,27.333333
CHICAGO,2024,199,29.166666
CHICAGO,2024,198,29.166666
CHICAGO,2024,197,29.166666
CHICAGO,2024,196,
CHICAGO,2024,195,
CHICAGO,2024,194,29.166666
CHICAGO,2024,193,29.166666
CHICAGO,2024,192,29.166666
CHICAGO,2024,191,29.166666
CHICAGO,2024,190,29.166666
CHICAGO,2024,189,
CHICAGO,2024,188,
CHICAGO,2024,187,27.333333
CHICAGO,2024,186,
CHICAGO,2024,185,29.416666
CHICAGO,2024,184,29.416666
CHICAGO,2024,183,29.416666
CHICAGO,2024,182,
CHICAGO,2024,181,
CHICAGO,2024,180,29.416666
CHICAGO,2024,179,29.416666
CHICAGO,2024,178,29.416666
CHICAGO,2024,177,29.416666
CHICAGO,2024,176,29.416666
CHICAGO,2024,175,
CHICAGO,2024,174,
CHICAGO,2024,173,29.416666
CHICAGO,2024,172,37.312500
CHICAGO,2024,171,
CHICAGO,2024,170,37.312500
CHICAGO,2024,169,37.312500
CHICAGO,2024,168,
CHICAGO,2024,167,
CHICAGO,2024,166,37.312500
CHICAGO,2024,165,37.312500
CHICAGO,2024,164,37.312500
CHICAGO,2024,163,37.312500
CHICAGO,2024,162,37.312500
CHICAGO,2024,161,
CHICAGO,2024,160,
CHICAGO,2024,159,37.312500
CHICAGO,2024,158,27.250000
CHICAGO,2024,157,27.250000
CHICAGO,2024,156,27.250000
CHICAGO,2024,155,27.250000
CHICAGO,2024,154,
CHICAGO,2024,153,
CHICAGO,2024,152,27.250000
CHICAGO,2024,151,27.250000
CHICAGO,2024,150,27.250000
CHICAGO,2024,149,27.250000
CHICAGO,2024,148,
CHICAGO,2024,147,
CHICAGO,2024,146,
CHICAGO,2024,145,27.250000
CHICAGO,2024,144,27.250000
CHICAGO,2024,143,27.250000
CHICAGO,2024,142,27.250000
CHICAGO,2024,141,27.250000
CHICAGO,2024,140,
CHICAGO,2024,139,
CHICAGO,2024,138,27.250000
CHICAGO,2024,137,27.250000
CHICAGO,2024,136,27.250000
CHICAGO,2024,135,27.250000
CHICAGO,2024,134,27.250000
CHICAGO,2024,133,
CHICAGO,2024,132,
CHICAGO,2024,131,27.250000
CHICAGO,2024,130,27.250000
CHICAGO,2024,129,27.250000
CHICAGO,2024,128,27.250000
CHICAGO,2024,127,27.250000
CHICAGO,2024,126,
CHICAGO,2024,125,
CHICAGO,2024,124,27.250000
CHICAGO,2024,123,27.250000
CHICAGO,2024,122,27.250000
CHICAGO,2024,121,27.250000
CHICAGO,2024,120,27.250000
CHICAGO,2024,119,
CHICAGO,2024,118,
CHICAGO,2024,117,27.250000
CHICAGO,2024,116,27.250000
CHICAGO,2024,115,27.250000
CHICAGO,2024,114,27.250000
CHICAGO,2024,113,27.250000
CHICAGO,2024,112,
CHICAGO,2024,111,
CHICAGO,2024,110,27.250000
CHICAGO,2024,109,27.250000
CHICAGO,2024,108,27.250000
CHICAGO,2024,107,27.250000
CHICAGO,2024,106,27.250000
CHICAGO,2024,105,
CHICAGO,2024,104,
CHICAGO,2024,103,27.250000
CHICAGO,2024,102,27.250000
CHICAGO,2024,101,27.250000
CHICAGO,2024,100,27.250000
CHICAGO,2024,99,27.250000
CHICAGO,2024,98,
CHICAGO,2024,97,
CHICAGO,2024,96,27.250000
CHICAGO,2024,95,
CHICAGO,2024,94,27.250000
CHICAGO,2024,93,27.250000
CHICAGO,2024,92,27.250000
CHICAGO,2024,91,
CHICAGO,2024,90,
CHICAGO,2024,89,27.250000
CHICAGO,2024,88,27.250000
CHICAGO,2024,87,27.250000
CHICAGO,2024,86,27.250000
CHICAGO,2024,85,27.250000
CHICAGO,2024,84,
CHICAGO,2024,83,
CHICAGO,2024,82,27.250000
CHICAGO,2024,81,27.250000
CHICAGO,2024,80,27.250000
CHICAGO,2024,79,27.250000
CHICAGO,2024,78,27.250000
CHICAGO,2024,77,
CHICAGO,2024,76,
CHICAGO,2024,75,27.250000
CHICAGO,2024,74,27.250000
CHICAGO,2024,73,27.250000
CHICAGO,2024,72,34.875000
CHICAGO,2024,71,34.875000
CHICAGO,2024,70,
CHICAGO,2024,69,
CHICAGO,2024,68,34.875000
CHICAGO,2024,67,34.875000
CHICAGO,2024,66,34.875000
CHICAGO,2024,65,34.875000
CHICAGO,2024,64,34.875000
CHICAGO,2024,63,
CHICAGO,2024,62,
CHICAGO,2024,61,34.875000
CHICAGO,2024,60,34.875000
CHICAGO,2024,59,34.875000
CHICAGO,2024,58,34.875000
CHICAGO,2024,57,34.875000
CHICAGO,2024,56,
CHICAGO,2024,55,
CHICAGO,2024,54,34.875000
CHICAGO,2024,53,34.875000
CHICAGO,2024,52,34.875000
CHICAGO,2024,51,34.875000
CHICAGO,2024,50,
CHICAGO,2024,49,
CHICAGO,2024,48,
CHICAGO,2024,47,34.875000
CHICAGO,2024,46,34.875000
CHICAGO,2024,45,34.875000
CHICAGO,2024,44,34.875000
CHICAGO,2024,43,34.875000
CHICAGO,2024,42,
CHICAGO,2024,41,
CHICAGO,2024,40,34.875000
CHICAGO,2024,39,34.875000
CHICAGO,2024,38,34.875000
CHICAGO,2024,37,34.875000
CHICAGO,2024,36,34.875000
CHICAGO,2024,35,
CHICAGO,2024,34,
CHICAGO,2024,33,34.875000
CHICAGO,2024,32,34.875000
CHICAGO,2024,31,
CHICAGO,2024,30,34.875000
CHICAGO,2024,29,34.875000
CHICAGO,2024,28,
CHICAGO,2024,27,
CHICAGO,2024,26,34.875000
CHICAGO,2024,25,34.875000
CHICAGO,2024,24,39.000000
CHICAGO,2024,23,39.000000
CHICAGO,2024,22,39.000000
CHICAGO,2024,21,
CHICAGO,2024,20,
CHICAGO,2024,19,39.000000
CHICAGO,2024,18,39.000000
CHICAGO,2024,17,39.000000
CHICAGO,2024,16,39.000000
CHICAGO,2024,15,
CHICAGO,2024,14,
CHICAGO,2024,13,
CHICAGO,2024,12,39.000000
CHICAGO,2024,11,39.000000
CHICAGO,2024,10,39.000000
CHICAGO,2024,9,39.000000
CHICAGO,2024,8,39.000000
CHICAGO,2024,7,
CHICAGO,2024,6,
CHICAGO,2024,5,39.000000
CHICAGO,2024,4,39.000000
CHICAGO,2024,3,39.000000
CHICAGO,2024,2,39.000000
COLUMBIA,2024,366,
COLUMBIA,2024,365,
COLUMBIA,2024,364,
COLUMBIA,2024,363,
COLUMBIA,2024,362,
COLUMBIA,2024,361,
COLUMBIA,2024,360,
COLUMBIA,2024,359,
COLUMBIA,2024,358,
COLUMBIA,2024,357,
COLUMBIA,2024,356,
COLUMBIA,2024,355,
COLUMBIA,2024,354,
COLUMBIA,2024,353,
COLUMBIA,2024,352,
COLUMBIA,2024,351,
COLUMBIA,2024,350,
COLUMBIA,2024,349,
COLUMBIA,2024,348,
COLUMBIA,2024,347,
COLUMBIA,2024,346,
COLUMBIA,2024,345,
COLUMBIA,2024,344,
COLUMBIA,2024,343,
COLUMBIA,2024,342,
COLUMBIA,2024,341,
COLUMBIA,2024,340,
COLUMBIA,2024,339,
COLUMBIA,2024,338,
COLUMBIA,2024,337,
COLUMBIA,2024,336,
COLUMBIA,2024,335,
COLUMBIA,2024,334,
COLUMBIA,2024,333,
COLUMBIA,2024,332,
COLUMBIA,2024,331,
COLUMBIA,2024,330,
COLUMBIA,2024,329,
COLUMBIA,2024,328,
COLUMBIA,2024,327,
COLUMBIA,2024,326,
COLUMBIA,2024,325,
COLUMBIA,2024,324,
COLUMBIA,2024,323,
COLUMBIA,2024,322,
COLUMBIA,2024,321,
COLUMBIA,2024,320,
COLUMBIA,2024,319,
COLUMBIA,2024,318,
COLUMBIA,2024,317,
COLUMBIA,2024,316,
COLUMBIA,2024,315,
COLUMBIA,2024,314,
COLUMBIA,2024,313,
COLUMBIA,2024,312,
COLUMBIA,2024,311,
COLUMBIA,2024,310,
COLUMBIA,2024,309,
COLUMBIA,2024,308,
COLUMBIA,2024,307,
COLUMBIA,2024,306,
COLUMBIA,2024,305,
COLUMBIA,2024,304,
COLUMBIA,2024,303,
COLUMBIA,2024,302,
COLUMBIA,2024,301,
COLUMBIA,2024,300,
COLUMBIA,2024,299,
COLUMBIA,2024,298,
COLUMBIA,2024,297,
COLUMBIA,2024,296,
COLUMBIA,2024,295,
COLUMBIA,2024,294,
COLUMBIA,2024,293,
COLUMBIA,2024,292,
COLUMBIA,2024,291,
COLUMBIA,2024,290,
COLUMBIA,2024,289,
COLUMBIA,2024,288,
COLUMBIA,2024,287,
COLUMBIA,2024,286,
COLUMBIA,2024,285,
COLUMBIA,2024,284,
COLUMBIA,2024,283,
COLUMBIA,2024,282,
COLUMBIA,2024,281,
COLUMBIA,2024,280,
COLUMBIA,2024,279,
COLUMBIA,2024,278,
COLUMBIA,2024,277,
COLUMBIA,2024,276,
COLUMBIA,2024,275,
COLUMBIA,2024,274,22.250000
COLUMBIA,2024,273,
COLUMBIA,2024,272,
COLUMBIA,2024,271,
COLUMBIA,2024,270,22.250000
COLUMBIA,2024,269,22.250000
COLUMBIA,2024,268,22.250000
COLUMBIA,2024,267,22.250000
COLUMBIA,2024,266,
COLUMBIA,2024,265,
COLUMBIA,2024,264,22.250000
COLUMBIA,2024,263,22.250000
COLUMBIA,2024,262,22.250000
COLUMBIA,2024,261,22.250000
COLUMBIA,2024,260,22.250000
COLUMBIA,2024,259,
COLUMBIA,2024,258,
COLUMBIA,2024,257,22.250000
COLUMBIA,2024,256,22.250000
COLUMBIA,2024,255,22.250000
COLUMBIA,2024,254,22.250000
COLUMBIA,2024,253,22.250000
COLUMBIA,2024,252,
COLUMBIA,2024,251,
COLUMBIA,2024,250,22.250000
COLUMBIA,2024,249,22.250000
COLUMBIA,2024,248,22.250000
COLUMBIA,2024,247,22.250000
COLUMBIA,2024,246,
COLUMBIA,2024,245,
COLUMBIA,2024,244,
COLUMBIA,2024,243,22.250000
COLUMBIA,2024,242,22.250000
COLUMBIA,2024,241,22.250000
COLUMBIA,2024,240,22.250000
COLUMBIA,2024,239,22.250000
COLUMBIA,2024,238,
COLUMBIA,2024,237,
COLUMBIA,2024,236,22.250000
COLUMBIA,2024,235,22.250000
COLUMBIA,2024,234,22.250000
COLUMBIA,2024,233,22.250000
COLUMBIA,2024,232,22.250000
COLUMBIA,2024,231,
COLUMBIA,2024,230,
COLUMBIA,2024,229,22.250000
COLUMBIA,2024,228,22.250000
COLUMBIA,2024,227,22.250000
COLUMBIA,2024,226,22.250000
COLUMBIA,2024,225,22.250000
COLUMBIA,2024,224,
COLUMBIA,2024,223,
COLUMBIA,2024,222,22.250000
COLUMBIA,2024,221,22.250000
COLUMBIA,2024,220,22.250000
COLUMBIA,2024,219,22.250000
COLUMBIA,2024,218,22.250000
COLUMBIA,2024,217,
COLUMBIA,2024,216,
COLUMBIA,2024,215,23.250000
COLUMBIA,2024,214,23.250000
COLUMBIA,2024,213,23.250000
COLUMBIA,2024,212,23.250000
COLUMBIA,2024,211,23.250000
COLUMBIA,2024,210,
COLUMBIA,2024,209,
COLUMBIA,2024,208,23.250000
COLUMBIA,2024,207,23.250000
COLUMBIA,2024,206,23.250000
COLUMBIA,2024,205,23.250000
COLUMBIA,2024,204,23.250000
COLUMBIA,2024,203,
COLUMBIA,2024,202,
COLUMBIA,2024,201,24.250000
COLUMBIA,2024,200,24.250000
COLUMBIA,2024,199,24.250000
COLUMBIA,2024,198,24.250000
COLUMBIA,2024,197,24.250000
COLUMBIA,2024,196,
COLUMBIA,2024,195,
COLUMBIA,2024,194,24.000000
COLUMBIA,2024,193,24.000000
COLUMBIA,2024,192,21.750000
COLUMBIA,2024,191,21.750000
COLUMBIA,2024,190,21.750000
COLUMBIA,2024,189,
COLUMBIA,2024,188,
COLUMBIA,2024,187,21.750000
COLUMBIA,2024,186,
COLUMBIA,2024,185,21.750000
COLUMBIA,2024,184,21.750000
COLUMBIA,2024,183,21.750000
COLUMBIA,2024,182,
COLUMBIA,2024,181,
COLUMBIA,2024,180,21.750000
COLUMBIA,2024,179,21.750000
COLUMBIA,2024,178,21.750000
COLUMBIA,2024,177,21.750000
COLUMBIA,2024,176,21.750000
COLUMBIA,2024,175,
COLUMBIA,2024,174,
COLUMBIA,2024,173,19.500000
COLUMBIA,2024,172,19.500000
COLUMBIA,2024,171,19.500000
COLUMBIA,2024,170,19.500000
COLUMBIA,2024,169,19.500000
COLUMBIA,2024,168,
COLUMBIA,2024,167,
COLUMBIA,2024,166,22.250000
COLUMBIA,2024,165,22.250000
COLUMBIA,2024,164,22.250000
COLUMBIA,2024,163,22.250000
COLUMBIA,2024,162,22.250000
COLUMBIA,2024,161,
COLUMBIA,2024,160,
COLUMBIA,2024,159,22.250000
COLUMBIA,2024,158,22.250000
COLUMBIA,2024,157,22.250000
COLUMBIA,2024,156,22.250000
COLUMBIA,2024,155,22.250000
COLUMBIA,2024,154,
COLUMBIA,2024,153,
COLUMBIA,2024,152,
COLUMBIA,2024,151,
COLUMBIA,2024,150,
COLUMBIA,2024,149,
COLUMBIA,2024,148,
COLUMBIA,2024,147,
COLUMBIA,2024,146,
COLUMBIA,2024,145,
COLUMBIA,2024,144,
COLUMBIA,2024,143,
COLUMBIA,2024,142,
COLUMBIA,2024,141,
COLUMBIA,2024,140,
COLUMBIA,2024,139,
COLUMBIA,2024,138,39.500000
COLUMBIA,2024,137,39.500000
COLUMBIA,2024,136,39.500000
COLUMBIA,2024,135,39.500000
COLUMBIA,2024,134,39.500000
COLUMBIA,2024,133,
COLUMBIA,2024,132,
COLUMBIA,2024,131,
COLUMBIA,2024,130,39.250000
COLUMBIA,2024,129,39.250000
COLUMBIA,2024,128,26.500000
COLUMBIA,2024,127,26.500000
COLUMBIA,2024,126,
COLUMBIA,2024,125,
COLUMBIA,2024,124,26.500000
COLUMBIA,2024,123,26.500000
COLUMBIA,2024,122,26.500000
COLUMBIA,2024,121,26.500000
COLUMBIA,2024,120,26.500000
COLUMBIA,2024,119,
COLUMBIA,2024,118,
COLUMBIA,2024,117,19.500000
COLUMBIA,2024,116,19.500000
COLUMBIA,2024,115,19.500000
COLUMBIA,2024,114,19.500000
COLUMBIA,2024,113,19.500000
COLUMBIA,2024,112,
COLUMBIA,2024,111,
COLUMBIA,2024,110,18.000000
COLUMBIA,2024,109,18.000000
COLUMBIA,2024,108,18.000000
COLUMBIA,2024,107,18.000000
COLUMBIA,2024,106,18.000000
COLUMBIA,2024,105,
COLUMBIA,2024,104,
COLUMBIA,2024,103,17.000000
COLUMBIA,2024,102,17.000000
COLUMBIA,2024,101,17.000000
COLUMBIA,2024,100,17.000000
COLUMBIA,2024,99,17.000000
COLUMBIA,2024,98,
COLUMBIA,2024,97,
COLUMBIA,2024,96,16.500000
COLUMBIA,2024,95,16.500000
COLUMBIA,2024,94,16.500000
COLUMBIA,2024,93,16.500000
COLUMBIA,2024,92,16.500000
COLUMBIA,2024,91,
COLUMBIA,2024,90,
COLUMBIA,2024,89,16.500000
COLUMBIA,2024,88,16.500000
COLUMBIA,2024,87,16.500000
COLUMBIA,2024,86,16.500000
COLUMBIA,2024,85,24.250000
COLUMBIA,2024,84,
COLUMBIA,2024,83,
COLUMBIA,2024,82,24.250000
COLUMBIA,2024,81,24.250000
COLUMBIA,2024,80,24.250000
COLUMBIA,2024,79,24.250000
COLUMBIA,2024,78,24.250000
COLUMBIA,2024,77,
COLUMBIA,2024,76,
COLUMBIA,2024,75,23.750000
COLUMBIA,2024,74,23.750000
COLUMBIA,2024,73,23.750000
COLUMBIA,2024,72,23.750000
COLUMBIA,2024,71,23.750000
COLUMBIA,2024,70,
COLUMBIA,2024,69,
COLUMBIA,2024,68,23.750000
COLUMBIA,2024,67,23.750000
COLUMBIA,2024,66,23.750000
COLUMBIA,2024,65,23.750000
COLUMBIA,2024,64,23.750000
COLUMBIA,2024,63,
COLUMBIA,2024,62,
COLUMBIA,2024,61,23.750000
COLUMBIA,2024,60,23.750000
COLUMBIA,2024,59,24.666666
COLUMBIA,2024,58,24.666666
COLUMBIA,2024,57,24.666666
COLUMBIA,2024,56,
COLUMBIA,2024,55,
COLUMBIA,2024,54,24.666666
COLUMBIA,2024,53,24.666666
COLUMBIA,2024,52,24.666666
COLUMBIA,2024,51,24.666666
COLUMBIA,2024,50,
COLUMBIA,2024,49,
COLUMBIA,2024,48,
COLUMBIA,2024,47,24.666666
COLUMBIA,2024,46,24.666666
COLUMBIA,2024,45,24.666666
COLUMBIA,2024,44,24.666666
COLUMBIA,2024,43,24.666666
COLUMBIA,2024,42,
COLUMBIA,2024,41,
COLUMBIA,2024,40,24.666666
COLUMBIA,2024,39,24.666666
COLUMBIA,2024,38,24.666666
COLUMBIA,2024,37,24.666666
COLUMBIA,2024,36,24.666666
COLUMBIA,2024,35,
COLUMBIA,2024,34,
COLUMBIA,2024,33,25.375000
COLUMBIA,2024,32,25.375000
COLUMBIA,2024,31,25.375000
COLUMBIA,2024,30,25.375000
COLUMBIA,2024,29,25.375000
COLUMBIA,2024,28,
COLUMBIA,2024,27,
COLUMBIA,2024,26,25.375000
COLUMBIA,2024,25,25.375000
COLUMBIA,2024,24,25.166666
COLUMBIA,2024,23,25.166666
COLUMBIA,2024,22,24.000000
COLUMBIA,2024,21,
COLUMBIA,2024,20,
COLUMBIA,2024,19,24.000000
COLUMBIA,2024,18,24.000000
COLUMBIA,2024,17,24.000000
COLUMBIA,2024,16,24.000000
COLUMBIA,2024,15,
COLUMBIA,2024,14,
COLUMBIA,2024,13,
COLUMBIA,2024,12,24.000000
COLUMBIA,2024,11,24.000000
COLUMBIA,2024,10,24.000000
COLUMBIA,2024,9,24.000000
COLUMBIA,2024,8,24.000000
COLUMBIA,2024,7,
COLUMBIA,2024,6,
COLUMBIA,2024,5,24.625000
COLUMBIA,2024,4,24.625000
COLUMBIA,2024,3,24.625000
COLUMBIA,2024,2,24.625000
LOS ANGELES,2024,366,
LOS ANGELES,2024,365,
LOS ANGELES,2024,364,
LOS ANGELES,2024,363,
LOS ANGELES,2024,362,
LOS ANGELES,2024,361,
LOS ANGELES,2024,360,
LOS ANGELES,2024,359,
LOS ANGELES,2024,358,
LOS ANGELES,2024,357,
LOS ANGELES,2024,356,
LOS ANGELES,2024,355,
LOS ANGELES,2024,354,
LOS ANGELES,2024,353,
LOS ANGELES,2024,352,
LOS ANGELES,2024,351,
LOS ANGELES,2024,350,
LOS ANGELES,2024,349,
LOS ANGELES,2024,348,
LOS ANGELES,2024,347,
LOS ANGELES,2024,346,
LOS ANGELES,2024,345,
LOS ANGELES,2024,344,
LOS ANGELES,2024,343,
LOS ANGELES,2024,342,
LOS ANGELES,2024,341,
LOS ANGELES,2024,340,
LOS ANGELES,2024,339,
LOS ANGELES,2024,338,
LOS ANGELES,2024,337,
LOS ANGELES,2024,336,
LOS ANGELES,2024,335,
LOS ANGELES,2024,334,
LOS ANGELES,2024,333,
LOS ANGELES,2024,332,
LOS ANGELES,2024,331,
LOS ANGELES,2024,330,
LOS ANGELES,2024,329,
LOS ANGELES,2024,328,
LOS ANGELES,2024,327,
LOS ANGELES,2024,326,
LOS ANGELES,2024,325,
LOS ANGELES,2024,324,
LOS ANGELES,2024,323,
LOS ANGELES,2024,322,
LOS ANGELES,2024,321,
LOS ANGELES,2024,320,
LOS ANGELES,2024,319,
LOS ANGELES,2024,318,
LOS ANGELES,2024,317,
LOS ANGELES,2024,316,
LOS ANGELES,2024,315,
LOS ANGELES,2024,314,
LOS ANGELES,2024,313,
LOS ANGELES,2024,312,
LOS ANGELES,2024,311,
LOS ANGELES,2024,310,
LOS ANGELES,2024,309,
LOS ANGELES,2024,308,
LOS ANGELES,2024,307,
LOS ANGELES,2024,306,
LOS ANGELES,2024,305,
LOS ANGELES,2024,304,
LOS ANGELES,2024,303,
LOS ANGELES,2024,302,
LOS ANGELES,2024,301,
LOS ANGELES,2024,300,
LOS ANGELES,2024,299,
LOS ANGELES,2024,298,
LOS ANGELES,2024,297,
LOS ANGELES,2024,296,
LOS ANGELES,2024,295,
LOS ANGELES,2024,294,
LOS ANGELES,2024,293,
LOS ANGELES,2024,292,
LOS ANGELES,2024,291,
LOS ANGELES,2024,290,
LOS ANGELES,2024,289,
LOS ANGELES,2024,288,
LOS ANGELES,2024,287,
LOS ANGELES,2024,286,
LOS ANGELES,2024,285,
LOS ANGELES,2024,284,
LOS ANGELES,2024,283,
LOS ANGELES,2024,282,
LOS ANGELES,2024,281,
LOS ANGELES,2024,280,
LOS ANGELES,2024,279,
LOS ANGELES,2024,278,
LOS ANGELES,2024,277,
LOS ANGELES,2024,276,
LOS ANGELES,2024,275,
LOS ANGELES,2024,274,21.000000
LOS ANGELES,2024,273,
LOS ANGELES,2024,272,
LOS ANGELES,2024,271,21.000000
LOS ANGELES,2024,270,21.000000
LOS ANGELES,2024,269,21.000000
LOS ANGELES,2024,268,21.000000
LOS ANGELES,2024,267,21.000000
LOS ANGELES,2024,266,
LOS ANGELES,2024,265,
LOS ANGELES,2024,264,21.000000
LOS ANGELES,2024,263,21.000000
LOS ANGELES,2024,262,25.000000
LOS ANGELES,2024,261,25.000000
LOS ANGELES,2024,260,25.000000
LOS ANGELES,2024,259,
LOS ANGELES,2024,258,
LOS ANGELES,2024,257,25.000000
LOS ANGELES,2024,256,25.000000
LOS ANGELES,2024,255,25.000000
LOS ANGELES,2024,254,25.000000
LOS ANGELES,2024,253,25.000000
LOS ANGELES,2024,252,
LOS ANGELES,2024,251,
LOS ANGELES,2024,250,25.000000
LOS ANGELES,2024,249,25.000000
LOS ANGELES,2024,248,25.000000
LOS ANGELES,2024,247,25.000000
LOS ANGELES,2024,246,
LOS ANGELES,2024,245,
LOS ANGELES,2024,244,
LOS ANGELES,2024,243,25.000000
LOS ANGELES,2024,242,25.000000
LOS ANGELES,2024,241,25.000000
LOS ANGELES,2024,240,25.000000
LOS ANGELES,2024,239,25.000000
LOS ANGELES,2024,238,
LOS ANGELES,2024,237,
LOS ANGELES,2024,236,25.000000
LOS ANGELES,2024,235,25.000000
LOS ANGELES,2024,234,25.000000
LOS ANGELES,2024,233,25.000000
LOS ANGELES,2024,232,25.000000
LOS ANGELES,2024,231,
LOS ANGELES,2024,230,
LOS ANGELES,2024,229,25.000000
LOS ANGELES,2024,228,25.000000
LOS ANGELES,2024,227,25.000000
LOS ANGELES,2024,226,25.000000
LOS ANGELES,2024,225,25.000000
LOS ANGELES,2024,224,
LOS ANGELES,2024,223,
LOS ANGELES,2024,222,25.000000
LOS ANGELES,2024,221,25.000000
LOS ANGELES,2024,220,25.000000
LOS ANGELES,2024,219,25.000000
LOS ANGELES,2024,218,25.000000
LOS ANGELES,2024,217,
LOS ANGELES,2024,216,
LOS ANGELES,2024,215,25.000000
LOS ANGELES,2024,214,
LOS ANGELES,2024,213,25.000000
LOS ANGELES,2024,212,25.000000
LOS ANGELES,2024,211,21.000000
LOS ANGELES,2024,210,
LOS ANGELES,2024,209,
LOS ANGELES,2024,208,21.000000
LOS ANGELES,2024,207,21.000000
LOS ANGELES,2024,206,21.000000
LOS ANGELES,2024,205,21.000000
LOS ANGELES,2024,204,31.500000
LOS ANGELES,2024,203,
LOS ANGELES,2024,202,
LOS ANGELES,2024,201,31.500000
LOS ANGELES,2024,200,34.833333
LOS ANGELES,2024,199,34.833333
LOS ANGELES,2024,198,34.833333
LOS ANGELES,2024,197,34.833333
LOS ANGELES,2024,196,
LOS ANGELES,2024,195,
LOS ANGELES,2024,194,34.833333
LOS ANGELES,2024,193,34.833333
LOS ANGELES,2024,192,34.833333
LOS ANGELES,2024,191,34.833333
LOS ANGELES,2024,190,34.833333
LOS ANGELES,2024,189,
LOS ANGELES,2024,188,
LOS ANGELES,2024,187,34.833333
LOS ANGELES,2024,186,
LOS ANGELES,2024,185,34.833333
LOS ANGELES,2024,184,34.833333
LOS ANGELES,2024,183,34.833333
LOS ANGELES,2024,182,
LOS ANGELES,2024,181,
LOS ANGELES,2024,180,34.833333
LOS ANGELES,2024,179,34.833333
LOS ANGELES,2024,178,34.833333
LOS ANGELES,2024,177,34.833333
LOS ANGELES,2024,176,34.833333
LOS ANGELES,2024,175,
LOS ANGELES,2024,174,
LOS ANGELES,2024,173,33.250000
LOS ANGELES,2024,172,33.250000
LOS ANGELES,2024,171,
LOS ANGELES,2024,170,33.250000
LOS ANGELES,2024,169,33.250000
LOS ANGELES,2024,168,
LOS ANGELES,2024,167,
LOS ANGELES,2024,166,33.250000
LOS ANGELES,2024,165,34.875000
LOS ANGELES,2024,164,34.875000
LOS ANGELES,2024,163,31.625000
LOS ANGELES,2024,162,31.625000
LOS ANGELES,2024,161,
LOS ANGELES,2024,160,
LOS ANGELES,2024,159,31.625000
LOS ANGELES,2024,158,31.625000
LOS ANGELES,2024,157,31.625000
LOS ANGELES,2024,156,31.625000
LOS ANGELES,2024,155,31.625000
LOS ANGELES,2024,154,
LOS ANGELES,2024,153,
LOS ANGELES,2024,152,31.625000
LOS ANGELES,2024,151,31.625000
LOS ANGELES,2024,150,31.625000
LOS ANGELES,2024,149,31.625000
LOS ANGELES,2024,148,
LOS ANGELES,2024,147,
LOS ANGELES,2024,146,
LOS ANGELES,2024,145,31.625000
LOS ANGELES,2024,144,30.875000
LOS ANGELES,2024,143,30.875000
LOS ANGELES,2024,142,30.875000
LOS ANGELES,2024,141,34.166666
LOS ANGELES,2024,140,
LOS ANGELES,2024,139,
LOS ANGELES,2024,138,34.166666
LOS ANGELES,2024,137,37.500000
LOS ANGELES,2024,136,37.500000
LOS ANGELES,2024,135,37.666666
LOS ANGELES,2024,134,37.666666
LOS ANGELES,2024,133,
LOS ANGELES,2024,132,
LOS ANGELES,2024,131,37.666666
LOS ANGELES,2024,130,40.666666
LOS ANGELES,2024,129,43.666666
LOS ANGELES,2024,128,43.666666
LOS ANGELES,2024,127,43.666666
LOS ANGELES,2024,126,
LOS ANGELES,2024,125,
LOS ANGELES,2024,124,38.666666
LOS ANGELES,2024,123,38.666666
LOS ANGELES,2024,122,38.666666
LOS ANGELES,2024,121,38.666666
LOS ANGELES,2024,120,38.666666
LOS ANGELES,2024,119,
LOS ANGELES,2024,118,
LOS ANGELES,2024,117,38.666666
LOS ANGELES,2024,116,38.666666
LOS ANGELES,2024,115,38.666666
LOS ANGELES,2024,114,38.666666
LOS ANGELES,2024,113,38.666666
LOS ANGELES,2024,112,
LOS ANGELES,2024,111,
LOS ANGELES,2024,110,38.666666
LOS ANGELES,2024,109,38.666666
LOS ANGELES,2024,108,38.666666
LOS ANGELES,2024,107,38.666666
LOS ANGELES,2024,106,38.666666
LOS ANGELES,2024,105,
LOS ANGELES,2024,104,
LOS ANGELES,2024,103,38.666666
LOS ANGELES,2024,102,38.666666
LOS ANGELES,2024,101,38.666666
LOS ANGELES,2024,100,38.666666
LOS ANGELES,2024,99,34.625000
LOS ANGELES,2024,98,
LOS ANGELES,2024,97,
LOS ANGELES,2024,96,32.125000
LOS ANGELES,2024,95,32.125000
LOS ANGELES,2024,94,32.125000
LOS ANGELES,2024,93,32.125000
LOS ANGELES,2024,92,32.125000
LOS ANGELES,2024,91,
LOS ANGELES,2024,90,
LOS ANGELES,2024,89,32.125000
LOS ANGELES,2024,88,32.125000
LOS ANGELES,2024,87,32.125000
LOS ANGELES,2024,86,32.125000
LOS ANGELES,2024,85,32.125000
LOS ANGELES,2024,84,
LOS ANGELES,2024,83,
LOS ANGELES,2024,82,24.625000
LOS ANGELES,2024,81,24.625000
LOS ANGELES,2024,80,24.625000
LOS ANGELES,2024,79,24.625000
LOS ANGELES,2024,78,24.500000
LOS ANGELES,2024,77,
LOS ANGELES,2024,76,
LOS ANGELES,2024,75,24.500000
LOS ANGELES,2024,74,24.500000
LOS ANGELES,2024,73,24.500000
LOS ANGELES,2024,72,22.166666
LOS ANGELES,2024,71,22.166666
LOS ANGELES,2024,70,
LOS ANGELES,2024,69,
LOS ANGELES,2024,68,21.833333
LOS ANGELES,2024,67,21.833333
LOS ANGELES,2024,66,21.833333
LOS ANGELES,2024,65,22.000000
LOS ANGELES,2024,64,22.000000
LOS ANGELES,2024,63,
LOS ANGELES,2024,62,
LOS ANGELES,2024,61,22.000000
LOS ANGELES,2024,60,22.000000
LOS ANGELES,2024,59,22.000000
LOS ANGELES,2024,58,22.000000
LOS ANGELES,2024,57,22.000000
LOS ANGELES,2024,56,
LOS ANGELES,2024,55,
LOS ANGELES,2024,54,22.000000
LOS ANGELES,2024,53,22.000000
LOS ANGELES,2024,52,22.000000
LOS ANGELES,2024,51,22.000000
LOS ANGELES,2024,50,
LOS ANGELES,2024,49,
LOS ANGELES,2024,48,
LOS ANGELES,2024,47,22.000000
LOS ANGELES,2024,46,22.000000
LOS ANGELES,2024,45,22.000000
LOS ANGELES,2024,44,22.000000
LOS ANGELES,2024,43,22.000000
LOS ANGELES,2024,42,
LOS ANGELES,2024,41,
LOS ANGELES,2024,40,22.000000
LOS ANGELES,2024,39,22.000000
LOS ANGELES,2024,38,22.000000
LOS ANGELES,2024,37,22.000000
LOS ANGELES,2024,36,22.000000
LOS ANGELES,2024,35,
LOS ANGELES,2024,34,
LOS ANGELES,2024,33,22.000000
LOS ANGELES,2024,32,22.000000
LOS ANGELES,2024,31,24.500000
LOS ANGELES,2024,30,24.500000
LOS ANGELES,2024,29,24.500000
LOS ANGELES,2024,28,
LOS ANGELES,2024,27,
LOS ANGELES,2024,26,24.500000
LOS ANGELES,2024,25,24.500000
LOS ANGELES,2024,24,24.500000
LOS ANGELES,2024,23,24.500000
LOS ANGELES,2024,22,24.500000
LOS ANGELES,2024,21,
LOS ANGELES,2024,20,
LOS ANGELES,2024,19,24.500000
LOS ANGELES,2024,18,24.500000
LOS ANGELES,2024,17,24.500000
LOS ANGELES,2024,16,24.500000
LOS ANGELES,2024,15,
LOS ANGELES,2024,14,
LOS ANGELES,2024,13,
LOS ANGELES,2024,12,24.500000
LOS ANGELES,2024,11,24.500000
LOS ANGELES,2024,10,24.500000
LOS ANGELES,2024,9,24.500000
LOS ANGELES,2024,8,24.500000
LOS ANGELES,2024,7,
LOS ANGELES,2024,6,
LOS ANGELES,2024,5,24.500000
LOS ANGELES,2024,4,24.500000
LOS ANGELES,2024,3,24.500000
LOS ANGELES,2024,2,24.500000
MIAMI,2024,366,
MIAMI,2024,365,
MIAMI,2024,364,
MIAMI,2024,363,
MIAMI,2024,362,
MIAMI,2024,361,
MIAMI,2024,360,
MIAMI,2024,359,
MIAMI,2024,358,
MIAMI,2024,357,
MIAMI,2024,356,
MIAMI,2024,355,
MIAMI,2024,354,
MIAMI,2024,353,
MIAMI,2024,352,
MIAMI,2024,351,
MIAMI,2024,350,
MIAMI,2024,349,
MIAMI,2024,348,
MIAMI,2024,347,
MIAMI,2024,346,
MIAMI,2024,345,
MIAMI,2024,344,
MIAMI,2024,343,
MIAMI,2024,342,
MIAMI,2024,341,
MIAMI,2024,340,
MIAMI,2024,339,
MIAMI,2024,338,
MIAMI,2024,337,
MIAMI,2024,336,
MIAMI,2024,335,
MIAMI,2024,334,
MIAMI,2024,333,
MIAMI,2024,332,
MIAMI,2024,331,
MIAMI,2024,330,
MIAMI,2024,329,
MIAMI,2024,328,
MIAMI,2024,327,
MIAMI,2024,326,
MIAMI,2024,325,
MIAMI,2024,324,
MIAMI,2024,323,
MIAMI,2024,322,
MIAMI,2024,321,
MIAMI,2024,320,
MIAMI,2024,319,
MIAMI,2024,318,
MIAMI,2024,317,
MIAMI,2024,316,
MIAMI,2024,315,
MIAMI,2024,314,
MIAMI,2024,313,
MIAMI,2024,312,
MIAMI,2024,311,
MIAMI,2024,310,
MIAMI,2024,309,
MIAMI,2024,308,
MIAMI,2024,307,
MIAMI,2024,306,
MIAMI,2024,305,
MIAMI,2024,304,
MIAMI,2024,303,
MIAMI,2024,302,
MIAMI,2024,301,
MIAMI,2024,300,
MIAMI,2024,299,
MIAMI,2024,298,
MIAMI,2024,297,
MIAMI,2024,296,
MIAMI,2024,295,
MIAMI,2024,294,
MIAMI,2024,293,
MIAMI,2024,292,
MIAMI,2024,291,
MIAMI,2024,290,
MIAMI,2024,289,
MIAMI,2024,288,
MIAMI,2024,287,
MIAMI,2024,286,
MIAMI,2024,285,
MIAMI,2024,284,
MIAMI,2024,283,
MIAMI,2024,282,
MIAMI,2024,281,
MIAMI,2024,280,
MIAMI,2024,279,
MIAMI,2024,278,
MIAMI,2024,277,
MIAMI,2024,276,
MIAMI,2024,275,
MIAMI,2024,274,39.000000
MIAMI,2024,273,
MIAMI,2024,272,
MIAMI,2024,271,39.000000
MIAMI,2024,270,39.000000
MIAMI,2024,269,39.000000
MIAMI,2024,268,39.000000
MIAMI,2024,267,39.000000
MIAMI,2024,266,
MIAMI,2024,265,
MIAMI,2024,264,39.000000
MIAMI,2024,263,39.000000
MIAMI,2024,262,39.000000
MIAMI,2024,261,39.000000
MIAMI,2024,260,39.000000
MIAMI,2024,259,
MIAMI,2024,258,
MIAMI,2024,257,39.000000
MIAMI,2024,256,39.000000
MIAMI,2024,255,39.000000
MIAMI,2024,254,39.000000
MIAMI,2024,253,39.000000
MIAMI,2024,252,
MIAMI,2024,251,
MIAMI,2024,250,39.000000
MIAMI,2024,249,39.000000
MIAMI,2024,248,39.000000
MIAMI,2024,247,39.000000
MIAMI,2024,246,
MIAMI,2024,245,
MIAMI,2024,244,
MIAMI,2024,243,39.000000
MIAMI,2024,242,39.000000
MIAMI,2024,241,39.000000
MIAMI,2024,240,39.000000
MIAMI,2024,239,39.000000
MIAMI,2024,238,
MIAMI,2024,237,
MIAMI,2024,236,39.000000
MIAMI,2024,235,39.000000
MIAMI,2024,234,39.000000
MIAMI,2024,233,39.000000
MIAMI,2024,232,39.000000
MIAMI,2024,231,
MIAMI,2024,230,
MIAMI,2024,229,39.000000
MIAMI,2024,228,39.000000
MIAMI,2024,227,39.000000
MIAMI,2024,226,39.000000
MIAMI,2024,225,39.000000
MIAMI,2024,224,
MIAMI,2024,223,
MIAMI,2024,222,39.000000
MIAMI,2024,221,39.000000
MIAMI,2024,220,39.000000
MIAMI,2024,219,39.000000
MIAMI,2024,218,39.000000
MIAMI,2024,217,
MIAMI,2024,216,
MIAMI,2024,215,39.000000
MIAMI,2024,214,
MIAMI,2024,213,39.000000
MIAMI,2024,212,39.000000
MIAMI,2024,211,39.000000
MIAMI,2024,210,
MIAMI,2024,209,
MIAMI,2024,208,39.000000
MIAMI,2024,207,39.000000
MIAMI,2024,206,39.000000
MIAMI,2024,205,39.000000
MIAMI,2024,204,39.000000
MIAMI,2024,203,
MIAMI,2024,202,
MIAMI,2024,201,39.000000
MIAMI,2024,200,39.000000
MIAMI,2024,199,39.000000
MIAMI,2024,198,39.000000
MIAMI,2024,197,39.000000
MIAMI,2024,196,
MIAMI,2024,195,
MIAMI,2024,194,39.000000
MIAMI,2024,193,39.000000
MIAMI,2024,192,39.000000
MIAMI,2024,191,39.000000
MIAMI,2024,190,39.000000
MIAMI,2024,189,
MIAMI,2024,188,
MIAMI,2024,187,23.000000
MIAMI,2024,186,
MIAMI,2024,185,23.000000
MIAMI,2024,184,23.000000
MIAMI,2024,183,
MIAMI,2024,182,
MIAMI,2024,181,
MIAMI,2024,180,
MIAMI,2024,179,
MIAMI,2024,178,
MIAMI,2024,177,
MIAMI,2024,176,23.000000
MIAMI,2024,175,
MIAMI,2024,174,
MIAMI,2024,173,23.000000
MIAMI,2024,172,23.000000
MIAMI,2024,171,
MIAMI,2024,170,23.000000
MIAMI,2024,169,23.000000
MIAMI,2024,168,
MIAMI,2024,167,
MIAMI,2024,166,27.000000
MIAMI,2024,165,27.000000
MIAMI,2024,164,27.000000
MIAMI,2024,163,27.000000
MIAMI,2024,162,27.000000
MIAMI,2024,161,
MIAMI,2024,160,
MIAMI,2024,159,27.000000
MIAMI,2024,158,27.000000
MIAMI,2024,157,27.000000
MIAMI,2024,156,27.000000
MIAMI,2024,155,27.000000
MIAMI,2024,154,
MIAMI,2024,153,
MIAMI,2024,152,27.000000
MIAMI,2024,151,27.000000
MIAMI,2024,150,27.000000
MIAMI,2024,149,27.000000
MIAMI,2024,148,
MIAMI,2024,147,
MIAMI,2024,146,
MIAMI,2024,145,27.000000
MIAMI,2024,144,27.000000
MIAMI,2024,143,27.000000
MIAMI,2024,142,27.000000
MIAMI,2024,141,27.000000
MIAMI,2024,140,
MIAMI,2024,139,
MIAMI,2024,138,27.000000
MIAMI,2024,137,27.000000
MIAMI,2024,136,27.000000
MIAMI,2024,135,27.000000
MIAMI,2024,134,27.000000
MIAMI,2024,133,
MIAMI,2024,132,
MIAMI,2024,131,27.000000
MIAMI,2024,130,27.000000
MIAMI,2024,129,27.000000
MIAMI,2024,128,27.000000
MIAMI,2024,127,27.000000
MIAMI,2024,126,
MIAMI,2024,125,
MIAMI,2024,124,27.000000
MIAMI,2024,123,27.000000
MIAMI,2024,122,27.000000
MIAMI,2024,121,27.000000
MIAMI,2024,120,27.000000
MIAMI,2024,119,
MIAMI,2024,118,
MIAMI,2024,117,27.000000
MIAMI,2024,116,27.000000
MIAMI,2024,115,27.000000
MIAMI,2024,114,27.000000
MIAMI,2024,113,27.000000
MIAMI,2024,112,
MIAMI,2024,111,
MIAMI,2024,110,27.000000
MIAMI,2024,109,27.000000
MIAMI,2024,108,27.000000
MIAMI,2024,107,27.000000
MIAMI,2024,106,27.000000
MIAMI,2024,105,
MIAMI,2024,104,
MIAMI,2024,103,27.000000
MIAMI,2024,102,27.000000
MIAMI,2024,101,27.000000
MIAMI,2024,100,27.000000
MIAMI,2024,99,27.000000
MIAMI,2024,98,
MIAMI,2024,97,
MIAMI,2024,96,27.000000
MIAMI,2024,95,27.000000
MIAMI,2024,94,27.000000
MIAMI,2024,93,27.000000
MIAMI,2024,92,27.000000
MIAMI,2024,91,
MIAMI,2024,90,
MIAMI,2024,89,27.000000
MIAMI,2024,88,27.000000
MIAMI,2024,87,27.000000
MIAMI,2024,86,27.000000
MIAMI,2024,85,27.000000
MIAMI,2024,84,
MIAMI,2024,83,
MIAMI,2024,82,27.000000
MIAMI,2024,81,27.000000
MIAMI,2024,80,27.000000
MIAMI,2024,79,27.000000
MIAMI,2024,78,27.000000
MIAMI,2024,77,
MIAMI,2024,76,
MIAMI,2024,75,27.000000
MIAMI,2024,74,27.000000
MIAMI,2024,73,27.000000
MIAMI,2024,72,27.000000
MIAMI,2024,71,27.000000
MIAMI,2024,70,
MIAMI,2024,69,
MIAMI,2024,68,27.000000
MIAMI,2024,67,27.000000
MIAMI,2024,66,27.000000
MIAMI,2024,65,27.000000
MIAMI,2024,64,27.000000
MIAMI,2024,63,
MIAMI,2024,62,
MIAMI,2024,61,27.000000
MIAMI,2024,60,27.000000
MIAMI,2024,59,27.000000
MIAMI,2024,58,27.000000
MIAMI,2024,57,27.000000
MIAMI,2024,56,
MIAMI,2024,55,
MIAMI,2024,54,27.000000
MIAMI,2024,53,27.000000
MIAMI,2024,52,27.000000
MIAMI,2024,51,27.000000
MIAMI,2024,50,
MIAMI,2024,49,
MIAMI,2024,48,
MIAMI,2024,47,27.000000
MIAMI,2024,46,27.000000
MIAMI,2024,45,27.000000
MIAMI,2024,44,27.000000
MIAMI,2024,43,27.000000
MIAMI,2024,42,
MIAMI,2024,41,
MIAMI,2024,40,27.000000
MIAMI,2024,39,27.000000
MIAMI,2024,38,27.000000
MIAMI,2024,37,29.000000
MIAMI,2024,36,29.000000
MIAMI,2024,35,
MIAMI,2024,34,
MIAMI,2024,33,29.000000
MIAMI,2024,32,29.000000
MIAMI,2024,31,29.000000
MIAMI,2024,30,29.000000
MIAMI,2024,29,29.000000
MIAMI,2024,28,
MIAMI,2024,27,
MIAMI,2024,26,29.000000
MIAMI,2024,25,29.000000
MIAMI,2024,24,29.000000
MIAMI,2024,23,29.000000
MIAMI,2024,22,29.000000
MIAMI,2024,21,
MIAMI,2024,20,
MIAMI,2024,19,29.000000
MIAMI,2024,18,29.000000
MIAMI,2024,17,29.000000
MIAMI,2024,16,29.000000
MIAMI,2024,15,
MIAMI,2024,14,
MIAMI,2024,13,
MIAMI,2024,12,29.000000
MIAMI,2024,11,29.000000
MIAMI,2024,10,29.000000
MIAMI,2024,9,29.000000
MIAMI,2024,8,29.000000
MIAMI,2024,7,
MIAMI,2024,6,
MIAMI,2024,5,29.000000
MIAMI,2024,4,29.000000
MIAMI,2024,3,29.000000
MIAMI,2024,2,29.000000
NEW YORK,2024,366,
NEW YORK,2024,365,
NEW YORK,2024,364,
NEW YORK,2024,363,
NEW YORK,2024,362,
NEW YORK,2024,361,
NEW YORK,2024,360,
NEW YORK,2024,359,
NEW YORK,2024,358,
NEW YORK,2024,357,
NEW YORK,2024,356,
NEW YORK,2024,355,
NEW YORK,2024,354,
NEW YORK,2024,353,
NEW YORK,2024,352,
NEW YORK,2024,351,
NEW YORK,2024,350,
NEW YORK,2024,349,
NEW YORK,2024,348,
NEW YORK,2024,347,
NEW YORK,2024,346,
NEW YORK,2024,345,
NEW YORK,2024,344,
NEW YORK,2024,343,
NEW YORK,2024,342,
NEW YORK,2024,341,
NEW YORK,2024,340,
NEW YORK,2024,339,
NEW YORK,2024,338,
NEW YORK,2024,337,
NEW YORK,2024,336,
NEW YORK,2024,335,
NEW YORK,2024,334,
NEW YORK,2024,333,
NEW YORK,2024,332,
NEW YORK,2024,331,
NEW YORK,2024,330,
NEW YORK,2024,329,
NEW YORK,2024,328,
NEW YORK,2024,327,
NEW YORK,2024,326,
NEW YORK,2024,325,
NEW YORK,2024,324,
NEW YORK,2024,323,
NEW YORK,2024,322,
NEW YORK,2024,321,
NEW YORK,2024,320,
NEW YORK,2024,319,
NEW YORK,2024,318,
NEW YORK,2024,317,
NEW YORK,2024,316,
NEW YORK,2024,315,
NEW YORK,2024,314,
NEW YORK,2024,313,
NEW YORK,2024,312,
NEW YORK,2024,311,
NEW YORK,2024,310,
NEW YORK,2024,309,
NEW YORK,2024,308,
NEW YORK,2024,307,
NEW YORK,2024,306,
NEW YORK,2024,305,
NEW YORK,2024,304,
NEW YORK,2024,303,
NEW YORK,2024,302,
NEW YORK,2024,301,
NEW YORK,2024,300,
NEW YORK,2024,299,
NEW YORK,2024,298,
NEW YORK,2024,297,
NEW YORK,2024,296,
NEW YORK,2024,295,
NEW YORK,2024,294,
NEW YORK,2024,293,
NEW YORK,2024,292,
NEW YORK,2024,291,
NEW YORK,2024,290,
NEW YORK,2024,289,
NEW YORK,2024,288,
NEW YORK,2024,287,
NEW YORK,2024,286,
NEW YORK,2024,285,
NEW YORK,2024,284,
NEW YORK,2024,283,
NEW YORK,2024,282,
NEW YORK,2024,281,
NEW YORK,2024,280,
NEW YORK,2024,279,
NEW YORK,2024,278,
NEW YORK,2024,277,
NEW YORK,2024,276,
NEW YORK,2024,275,
NEW YORK,2024,274,19.357142
NEW YORK,2024,273,
NEW YORK,2024,272,
NEW YORK,2024,271,19.357142
NEW YORK,2024,270,19.083333
NEW YORK,2024,269,19.083333
NEW YORK,2024,268,19.083333
NEW YORK,2024,267,19.083333
NEW YORK,2024,266,
NEW YORK,2024,265,
NEW YORK,2024,264,18.583333
NEW YORK,2024,263,18.583333
NEW YORK,2024,262,18.583333
NEW YORK,2024,261,18.750000
NEW YORK,2024,260,18.750000
NEW YORK,2024,259,
NEW YORK,2024,258,
NEW YORK,2024,257,18.333333
NEW YORK,2024,256,18.333333
NEW YORK,2024,255,18.416666
NEW YORK,2024,254,18.583333
NEW YORK,2024,253,18.583333
NEW YORK,2024,252,
NEW YORK,2024,251,
NEW YORK,2024,250,18.142857
NEW YORK,2024,249,18.142857
NEW YORK,2024,248,18.375000
NEW YORK,2024,247,18.375000
NEW YORK,2024,246,
NEW YORK,2024,245,
NEW YORK,2024,244,
NEW YORK,2024,243,19.500000
NEW YORK,2024,242,19.500000
NEW YORK,2024,241,20.571428
NEW YORK,2024,240,20.571428
NEW YORK,2024,239,20.571428
NEW YORK,2024,238,
NEW YORK,2024,237,
NEW YORK,2024,236,21.111111
NEW YORK,2024,235,21.111111
NEW YORK,2024,234,21.111111
NEW YORK,2024,233,21.111111
NEW YORK,2024,232,21.111111
NEW YORK,2024,231,
NEW YORK,2024,230,
NEW YORK,2024,229,21.111111
NEW YORK,2024,228,21.500000
NEW YORK,2024,227,22.000000
NEW YORK,2024,226,22.000000
NEW YORK,2024,225,22.166666
NEW YORK,2024,224,
NEW YORK,2024,223,
NEW YORK,2024,222,21.125000
NEW YORK,2024,221,21.125000
NEW YORK,2024,220,21.125000
NEW YORK,2024,219,21.125000
NEW YORK,2024,218,24.214285
NEW YORK,2024,217,
NEW YORK,2024,216,
NEW YORK,2024,215,22.812500
NEW YORK,2024,214,
NEW YORK,2024,213,22.833333
NEW YORK,2024,212,22.111111
NEW YORK,2024,211,22.111111
NEW YORK,2024,210,
NEW YORK,2024,209,
NEW YORK,2024,208,23.833333
NEW YORK,2024,207,23.875000
NEW YORK,2024,206,23.958333
NEW YORK,2024,205,25.850000
NEW YORK,2024,204,26.166666
NEW YORK,2024,203,
NEW YORK,2024,202,
NEW YORK,2024,201,29.611111
NEW YORK,2024,200,29.187500
NEW YORK,2024,199,31.722222
NEW YORK,2024,198,30.388888
NEW YORK,2024,197,30.214285
NEW YORK,2024,196,
NEW YORK,2024,195,
NEW YORK,2024,194,32.250000
NEW YORK,2024,193,32.850000
NEW YORK,2024,192,32.666666
NEW YORK,2024,191,30.875000
NEW YORK,2024,190,27.777777
NEW YORK,2024,189,
NEW YORK,2024,188,
NEW YORK,2024,187,
NEW YORK,2024,186,
NEW YORK,2024,185,25.400000
NEW YORK,2024,184,23.375000
NEW YORK,2024,183,24.750000
NEW YORK,2024,182,
NEW YORK,2024,181,
NEW YORK,2024,180,24.750000
NEW YORK,2024,179,21.333333
NEW YORK,2024,178,21.333333
NEW YORK,2024,177,21.333333
NEW YORK,2024,176,21.333333
NEW YORK,2024,175,
NEW YORK,2024,174,
NEW YORK,2024,173,21.333333
NEW YORK,2024,172,21.333333
NEW YORK,2024,171,
NEW YORK,2024,170,21.333333
NEW YORK,2024,169,21.333333
NEW YORK,2024,168,
NEW YORK,2024,167,
NEW YORK,2024,166,21.333333
NEW YORK,2024,165,21.333333
NEW YORK,2024,164,21.333333
NEW YORK,2024,163,21.333333
NEW YORK,2024,162,21.333333
NEW YORK,2024,161,
NEW YORK,2024,160,
NEW YORK,2024,159,21.333333
NEW YORK,2024,158,21.333333
NEW YORK,2024,157,21.333333
NEW YORK,2024,156,22.375000
NEW YORK,2024,155,22.375000
NEW YORK,2024,154,
NEW YORK,2024,153,
NEW YORK,2024,152,18.666666
NEW YORK,2024,151,18.666666
NEW YORK,2024,150,18.666666
NEW YORK,2024,149,20.500000
NEW YORK,2024,148,
NEW YORK,2024,147,
NEW YORK,2024,146,
NEW YORK,2024,145,24.000000
NEW YORK,2024,144,24.000000
NEW YORK,2024,143,24.000000
NEW YORK,2024,142,23.875000
NEW YORK,2024,141,23.875000
NEW YORK,2024,140,
NEW YORK,2024,139,
NEW YORK,2024,138,23.333333
NEW YORK,2024,137,23.333333
NEW YORK,2024,136,25.625000
NEW YORK,2024,135,27.083333
NEW YORK,2024,134,28.666666
NEW YORK,2024,133,
NEW YORK,2024,132,
NEW YORK,2024,131,39.250000
NEW YORK,2024,130,39.250000
NEW YORK,2024,129,37.833333
NEW YORK,2024,128,37.833333
NEW YORK,2024,127,40.166666
NEW YORK,2024,126,
NEW YORK,2024,125,
NEW YORK,2024,124,39.200000
NEW YORK,2024,123,39.200000
NEW YORK,2024,122,40.000000
NEW YORK,2024,121,40.000000
NEW YORK,2024,120,38.000000
NEW YORK,2024,119,
NEW YORK,2024,118,
NEW YORK,2024,117,34.400000
NEW YORK,2024,116,34.400000
NEW YORK,2024,115,34.400000
NEW YORK,2024,114,33.200000
NEW YORK,2024,113,37.250000
NEW YORK,2024,112,
NEW YORK,2024,111,
NEW YORK,2024,110,31.250000
NEW YORK,2024,109,30.700000
NEW YORK,2024,108,34.250000
NEW YORK,2024,107,33.916666
NEW YORK,2024,106,34.250000
NEW YORK,2024,105,
NEW YORK,2024,104,
NEW YORK,2024,103,34.250000
NEW YORK,2024,102,34.250000
NEW YORK,2024,101,29.333333
NEW YORK,2024,100,28.714285
NEW YORK,2024,99,30.250000
NEW YORK,2024,98,
NEW YORK,2024,97,
NEW YORK,2024,96,29.714285
NEW YORK,2024,95,29.714285
NEW YORK,2024,94,30.166666
NEW YORK,2024,93,30.833333
NEW YORK,2024,92,
NEW YORK,2024,91,
NEW YORK,2024,90,
NEW YORK,2024,89,26.428571
NEW YORK,2024,88,26.428571
NEW YORK,2024,87,26.428571
NEW YORK,2024,86,26.428571
NEW YORK,2024,85,26.000000
NEW YORK,2024,84,
NEW YORK,2024,83,
NEW YORK,2024,82,24.250000
NEW YORK,2024,81,24.250000
NEW YORK,2024,80,25.428571
NEW YORK,2024,79,24.785714
NEW YORK,2024,78,24.785714
NEW YORK,2024,77,
NEW YORK,2024,76,
NEW YORK,2024,75,24.785714
NEW YORK,2024,74,24.785714
NEW YORK,2024,73,25.000000
NEW YORK,2024,72,25.000000
NEW YORK,2024,71,25.625000
NEW YORK,2024,70,
NEW YORK,2024,69,
NEW YORK,2024,68,26.714285
NEW YORK,2024,67,26.714285
NEW YORK,2024,66,26.714285
NEW YORK,2024,65,26.916666
NEW YORK,2024,64,26.916666
NEW YORK,2024,63,
NEW YORK,2024,62,
NEW YORK,2024,61,27.142857
NEW YORK,2024,60,27.142857
NEW YORK,2024,59,27.000000
NEW YORK,2024,58,26.428571
NEW YORK,2024,57,22.142857
NEW YORK,2024,56,
NEW YORK,2024,55,
NEW YORK,2024,54,22.285714
NEW YORK,2024,53,22.285714
NEW YORK,2024,52,22.285714
NEW YORK,2024,51,23.125000
NEW YORK,2024,50,
NEW YORK,2024,49,
NEW YORK,2024,48,
NEW YORK,2024,47,21.100000
NEW YORK,2024,46,21.100000
NEW YORK,2024,45,21.200000
NEW YORK,2024,44,21.700000
NEW YORK,2024,43,21.500000
NEW YORK,2024,42,
NEW YORK,2024,41,
NEW YORK,2024,40,22.583333
NEW YORK,2024,39,22.583333
NEW YORK,2024,38,22.583333
NEW YORK,2024,37,21.166666
NEW YORK,2024,36,21.166666
NEW YORK,2024,35,
NEW YORK,2024,34,
NEW YORK,2024,33,20.125000
NEW YORK,2024,32,20.125000
NEW YORK,2024,31,23.900000
NEW YORK,2024,30,23.900000
NEW YORK,2024,29,20.125000
NEW YORK,2024,28,
NEW YORK,2024,27,
NEW YORK,2024,26,20.900000
NEW YORK,2024,25,20.900000
NEW YORK,2024,24,22.300000
NEW YORK,2024,23,23.500000
NEW YORK,2024,22,23.500000
NEW YORK,2024,21,
NEW YORK,2024,20,
NEW YORK,2024,19,26.250000
NEW YORK,2024,18,26.250000
NEW YORK,2024,17,24.300000
NEW YORK,2024,16,23.750000
NEW YORK,2024,15,
NEW YORK,2024,14,
NEW YORK,2024,13,
NEW YORK,2024,12,27.214285
NEW YORK,2024,11,27.214285
NEW YORK,2024,10,27.285714
NEW YORK,2024,9,25.166666
NEW YORK,2024,8,32.333333
NEW YORK,2024,7,
NEW YORK,2024,6,
NEW YORK,2024,5,25.500000
NEW YORK,2024,4,22.300000
NEW YORK,2024,3,20.375000
NEW YORK,2024,2,21.333333
PHILADELPHIA,2024,366,
PHILADELPHIA,2024,365,
PHILADELPHIA,2024,364,
PHILADELPHIA,2024,363,
PHILADELPHIA,2024,362,
PHILADELPHIA,2024,361,
PHILADELPHIA,2024,360,
PHILADELPHIA,2024,359,
PHILADELPHIA,2024,358,
PHILADELPHIA,2024,357,
PHILADELPHIA,2024,356,
PHILADELPHIA,2024,355,
PHILADELPHIA,2024,354,
PHILADELPHIA,2024,353,
PHILADELPHIA,2024,352,
PHILADELPHIA,2024,351,
PHILADELPHIA,2024,350,
PHILADELPHIA,2024,349,
PHILADELPHIA,2024,348,
PHILADELPHIA,2024,347,
PHILADELPHIA,2024,346,
PHILADELPHIA,2024,345,
PHILADELPHIA,2024,344,
PHILADELPHIA,2024,343,
PHILADELPHIA,2024,342,
PHILADELPHIA,2024,341,
PHILADELPHIA,2024,340,
PHILADELPHIA,2024,339,
PHILADELPHIA,2024,338,
PHILADELPHIA,2024,337,
PHILADELPHIA,2024,336,
PHILADELPHIA,2024,335,
PHILADELPHIA,2024,334,
PHILADELPHIA,2024,333,
PHILADELPHIA,2024,332,
PHILADELPHIA,2024,331,
PHILADELPHIA,2024,330,
PHILADELPHIA,2024,329,
PHILADELPHIA,2024,328,
PHILADELPHIA,2024,327,
PHILADELPHIA,2024,326,
PHILADELPHIA,2024,325,
PHILADELPHIA,2024,324,
PHILADELPHIA,2024,323,
PHILADELPHIA,2024,322,
PHILADELPHIA,2024,321,
PHILADELPHIA,2024,320,
PHILADELPHIA,2024,319,
PHILADELPHIA,2024,318,
PHILADELPHIA,2024,317,
PHILADELPHIA,2024,316,
PHILADELPHIA,2024,315,
PHILADELPHIA,2024,314,
PHILADELPHIA,2024,313,
PHILADELPHIA,2024,312,
PHILADELPHIA,2024,311,
PHILADELPHIA,2024,310,
PHILADELPHIA,2024,309,
PHILADELPHIA,2024,308,
PHILADELPHIA,2024,307,
PHILADELPHIA,2024,306,
PHILADELPHIA,2024,305,
PHILADELPHIA,2024,304,
PHILADELPHIA,2024,303,
PHILADELPHIA,2024,302,
PHILADELPHIA,2024,301,
PHILADELPHIA,2024,300,
PHILADELPHIA,2024,299,
PHILADELPHIA,2024,298,
PHILADELPHIA,2024,297,
PHILADELPHIA,2024,296,
PHILADELPHIA,2024,295,
PHILADELPHIA,2024,294,
PHILADELPHIA,2024,293,
PHILADELPHIA,2024,292,
PHILADELPHIA,2024,291,
PHILADELPHIA,2024,290,
PHILADELPHIA,2024,289,
PHILADELPHIA,2024,288,
PHILADELPHIA,2024,287,
PHILADELPHIA,2024,286,
PHILADELPHIA,2024,285,
PHILADELPHIA,2024,284,
PHILADELPHIA,2024,283,
PHILADELPHIA,2024,282,
PHILADELPHIA,2024,281,
PHILADELPHIA,2024,280,
PHILADELPHIA,2024,279,
PHILADELPHIA,2024,278,
PHILADELPHIA,2024,277,
PHILADELPHIA,2024,276,
PHILADELPHIA,2024,275,
PHILADELPHIA,2024,274,19.000000
PHILADELPHIA,2024,273,
PHILADELPHIA,2024,272,
PHILADELPHIA,2024,271,26.250000
PHILADELPHIA,2024,270,26.250000
PHILADELPHIA,2024,269,25.000000
PHILADELPHIA,2024,268,25.000000
PHILADELPHIA,2024,267,25.000000
PHILADELPHIA,2024,266,
PHILADELPHIA,2024,265,
PHILADELPHIA,2024,264,
PHILADELPHIA,2024,263,
PHILADELPHIA,2024,262,
PHILADELPHIA,2024,261,
PHILADELPHIA,2024,260,
PHILADELPHIA,2024,259,
PHILADELPHIA,2024,258,
PHILADELPHIA,2024,257,31.500000
PHILADELPHIA,2024,256,31.500000
PHILADELPHIA,2024,255,31.500000
PHILADELPHIA,2024,254,31.500000
PHILADELPHIA,2024,253,31.500000
PHILADELPHIA,2024,252,
PHILADELPHIA,2024,251,
PHILADELPHIA,2024,250,17.000000
PHILADELPHIA,2024,249,17.000000
PHILADELPHIA,2024,248,17.000000
PHILADELPHIA,2024,247,17.000000
PHILADELPHIA,2024,246,
PHILADELPHIA,2024,245,
PHILADELPHIA,2024,244,
PHILADELPHIA,2024,243,21.750000
PHILADELPHIA,2024,242,21.750000
PHILADELPHIA,2024,241,21.750000
PHILADELPHIA,2024,240,21.500000
PHILADELPHIA,2024,239,20.000000
PHILADELPHIA,2024,238,
PHILADELPHIA,2024,237,
PHILADELPHIA,2024,236,30.250000
PHILADELPHIA,2024,235,30.250000
PHILADELPHIA,2024,234,30.250000
PHILADELPHIA,2024,233,30.250000
PHILADELPHIA,2024,232,
PHILADELPHIA,2024,231,
PHILADELPHIA,2024,230,
PHILADELPHIA,2024,229,23.000000
PHILADELPHIA,2024,228,23.000000
PHILADELPHIA,2024,227,23.000000
PHILADELPHIA,2024,226,23.000000
PHILADELPHIA,2024,225,24.500000
PHILADELPHIA,2024,224,
PHILADELPHIA,2024,223,
PHILADELPHIA,2024,222,
PHILADELPHIA,2024,221,
PHILADELPHIA,2024,220,28.000000
PHILADELPHIA,2024,219,28.000000
PHILADELPHIA,2024,218,22.500000
PHILADELPHIA,2024,217,
PHILADELPHIA,2024,216,
PHILADELPHIA,2024,215,22.500000
PHILADELPHIA,2024,214,
PHILADELPHIA,2024,213,22.500000
PHILADELPHIA,2024,212,22.500000
PHILADELPHIA,2024,211,
PHILADELPHIA,2024,210,
PHILADELPHIA,2024,209,
PHILADELPHIA,2024,208,48.500000
PHILADELPHIA,2024,207,48.500000
PHILADELPHIA,2024,206,48.500000
PHILADELPHIA,2024,205,48.500000
PHILADELPHIA,2024,204,
PHILADELPHIA,2024,203,
PHILADELPHIA,2024,202,
PHILADELPHIA,2024,201,30.000000
PHILADELPHIA,2024,200,30.000000
PHILADELPHIA,2024,199,30.000000
PHILADELPHIA,2024,198,30.000000
PHILADELPHIA,2024,197,30.000000
PHILADELPHIA,2024,196,
PHILADELPHIA,2024,195,
PHILADELPHIA,2024,194,29.000000
PHILADELPHIA,2024,193,
PHILADELPHIA,2024,192,
PHILADELPHIA,2024,191,
PHILADELPHIA,2024,190,
PHILADELPHIA,2024,189,
PHILADELPHIA,2024,188,
PHILADELPHIA,2024,187,
PHILADELPHIA,2024,186,
PHILADELPHIA,2024,185,
PHILADELPHIA,2024,184,
PHILADELPHIA,2024,183,
PHILADELPHIA,2024,182,
PHILADELPHIA,2024,181,
PHILADELPHIA,2024,180,25.000000
PHILADELPHIA,2024,179,25.000000
PHILADELPHIA,2024,178,25.000000
PHILADELPHIA,2024,177,25.000000
PHILADELPHIA,2024,176,25.000000
PHILADELPHIA,2024,175,
PHILADELPHIA,2024,174,
PHILADELPHIA,2024,173,25.000000
PHILADELPHIA,2024,172,30.000000
PHILADELPHIA,2024,171,
PHILADELPHIA,2024,170,30.000000
PHILADELPHIA,2024,169,30.000000
PHILADELPHIA,2024,168,
PHILADELPHIA,2024,167,
PHILADELPHIA,2024,166,25.750000
PHILADELPHIA,2024,165,25.750000
PHILADELPHIA,2024,164,25.750000
PHILADELPHIA,2024,163,25.750000
PHILADELPHIA,2024,162,21.000000
PHILADELPHIA,2024,161,
PHILADELPHIA,2024,160,
PHILADELPHIA,2024,159,34.000000
PHILADELPHIA,2024,158,34.000000
PHILADELPHIA,2024,157,34.000000
PHILADELPHIA,2024,156,
PHILADELPHIA,2024,155,
PHILADELPHIA,2024,154,
PHILADELPHIA,2024,153,
PHILADELPHIA,2024,152,24.500000
PHILADELPHIA,2024,151,24.500000
PHILADELPHIA,2024,150,24.500000
PHILADELPHIA,2024,149,19.000000
PHILADELPHIA,2024,148,
PHILADELPHIA,2024,147,
PHILADELPHIA,2024,146,
PHILADELPHIA,2024,145,39.000000
PHILADELPHIA,2024,144,39.000000
PHILADELPHIA,2024,143,39.000000
PHILADELPHIA,2024,142,38.000000
PHILADELPHIA,2024,141,
PHILADELPHIA,2024,140,
PHILADELPHIA,2024,139,
PHILADELPHIA,2024,138,37.500000
PHILADELPHIA,2024,137,37.500000
PHILADELPHIA,2024,136,37.500000
PHILADELPHIA,2024,135,40.000000
PHILADELPHIA,2024,134,40.000000
PHILADELPHIA,2024,133,
PHILADELPHIA,2024,132,
PHILADELPHIA,2024,131,
PHILADELPHIA,2024,130,
PHILADELPHIA,2024,129,
PHILADELPHIA,2024,128,
PHILADELPHIA,2024,127,
PHILADELPHIA,2024,126,
PHILADELPHIA,2024,125,
PHILADELPHIA,2024,124,53.000000
PHILADELPHIA,2024,123,53.000000
PHILADELPHIA,2024,122,53.000000
PHILADELPHIA,2024,121,53.000000
PHILADELPHIA,2024,120,
PHILADELPHIA,2024,119,
PHILADELPHIA,2024,118,
PHILADELPHIA,2024,117,48.333333
PHILADELPHIA,2024,116,48.333333
PHILADELPHIA,2024,115,48.333333
PHILADELPHIA,2024,114,48.333333
PHILADELPHIA,2024,113,48.000000
PHILADELPHIA,2024,112,
PHILADELPHIA,2024,111,
PHILADELPHIA,2024,110,49.250000
PHILADELPHIA,2024,109,49.250000
PHILADELPHIA,2024,108,49.250000
PHILADELPHIA,2024,107,
PHILADELPHIA,2024,106,
PHILADELPHIA,2024,105,
PHILADELPHIA,2024,104,
PHILADELPHIA,2024,103,55.500000
PHILADELPHIA,2024,102,55.500000
PHILADELPHIA,2024,101,
PHILADELPHIA,2024,100,
PHILADELPHIA,2024,99,
PHILADELPHIA,2024,98,
PHILADELPHIA,2024,97,
PHILADELPHIA,2024,96,41.000000
PHILADELPHIA,2024,95,41.000000
PHILADELPHIA,2024,94,41.000000
PHILADELPHIA,2024,93,38.000000
PHILADELPHIA,2024,92,
PHILADELPHIA,2024,91,
PHILADELPHIA,2024,90,
PHILADELPHIA,2024,89,36.500000
PHILADELPHIA,2024,88,36.500000
PHILADELPHIA,2024,87,36.500000
PHILADELPHIA,2024,86,
PHILADELPHIA,2024,85,
PHILADELPHIA,2024,84,
PHILADELPHIA,2024,83,
PHILADELPHIA,2024,82,31.000000
PHILADELPHIA,2024,81,31.000000
PHILADELPHIA,2024,80,31.000000
PHILADELPHIA,2024,79,31.000000
PHILADELPHIA,2024,78,
PHILADELPHIA,2024,77,
PHILADELPHIA,2024,76,
PHILADELPHIA,2024,75,31.833333
PHILADELPHIA,2024,74,31.833333
PHILADELPHIA,2024,73,35.500000
PHILADELPHIA,2024,72,36.500000
PHILADELPHIA,2024,71,36.500000
PHILADELPHIA,2024,70,
PHILADELPHIA,2024,69,
PHILADELPHIA,2024,68,42.000000
PHILADELPHIA,2024,67,42.000000
PHILADELPHIA,2024,66,42.000000
PHILADELPHIA,2024,65,
PHILADELPHIA,2024,64,
PHILADELPHIA,2024,63,
PHILADELPHIA,2024,62,
PHILADELPHIA,2024,61,34.750000
PHILADELPHIA,2024,60,34.750000
PHILADELPHIA,2024,59,34.750000
PHILADELPHIA,2024,58,34.750000
PHILADELPHIA,2024,57,34.750000
PHILADELPHIA,2024,56,
PHILADELPHIA,2024,55,
PHILADELPHIA,2024,54,31.500000
PHILADELPHIA,2024,53,31.500000
PHILADELPHIA,2024,52,31.500000
PHILADELPHIA,2024,51,27.000000
PHILADELPHIA,2024,50,
PHILADELPHIA,2024,49,
PHILADELPHIA,2024,48,
PHILADELPHIA,2024,47,34.250000
PHILADELPHIA,2024,46,34.250000
PHILADELPHIA,2024,45,34.250000
PHILADELPHIA,2024,44,27.500000
PHILADELPHIA,2024,43,27.500000
PHILADELPHIA,2024,42,
PHILADELPHIA,2024,41,
PHILADELPHIA,2024,40,23.750000
PHILADELPHIA,2024,39,23.750000
PHILADELPHIA,2024,38,24.750000
PHILADELPHIA,2024,37,24.750000
PHILADELPHIA,2024,36,23.000000
PHILADELPHIA,2024,35,
PHILADELPHIA,2024,34,
PHILADELPHIA,2024,33,22.500000
PHILADELPHIA,2024,32,22.500000
PHILADELPHIA,2024,31,22.500000
PHILADELPHIA,2024,30,
PHILADELPHIA,2024,29,
PHILADELPHIA,2024,28,
PHILADELPHIA,2024,27,
PHILADELPHIA,2024,26,27.000000
PHILADELPHIA,2024,25,27.000000
PHILADELPHIA,2024,24,27.000000
PHILADELPHIA,2024,23,27.000000
PHILADELPHIA,2024,22,27.000000
PHILADELPHIA,2024,21,
PHILADELPHIA,2024,20,
PHILADELPHIA,2024,19,27.000000
PHILADELPHIA,2024,18,27.000000
PHILADELPHIA,2024,17,27.000000
PHILADELPHIA,2024,16,27.000000
PHILADELPHIA,2024,15,
PHILADELPHIA,2024,14,
PHILADELPHIA,2024,13,
PHILADELPHIA,2024,12,27.000000
PHILADELPHIA,2024,11,27.000000
PHILADELPHIA,2024,10,27.000000
PHILADELPHIA,2024,9,27.000000
PHILADELPHIA,2024,8,27.000000
PHILADELPHIA,2024,7,
PHILADELPHIA,2024,6,
PHILADELPHIA,2024,5,30.000000
PHILADELPHIA,2024,4,28.000000
PHILADELPHIA,2024,3,28.000000
PHILADELPHIA,2024,2,
BALTIMORE,2023,366,
BALTIMORE,2023,365,
BALTIMORE,2023,364,
BALTIMORE,2023,363,25.750000
BALTIMORE,2023,362,25.750000
BALTIMORE,2023,361,25.750000
BALTIMORE,2023,360,25.750000
BALTIMORE,2023,359,
BALTIMORE,2023,358,
BALTIMORE,2023,357,
BALTIMORE,2023,356,25.750000
BALTIMORE,2023,355,25.750000
BALTIMORE,2023,354,25.750000
BALTIMORE,2023,353,25.750000
BALTIMORE,2023,352,31.125000
BALTIMORE,2023,351,
BALTIMORE,2023,350,
BALTIMORE,2023,349,31.125000
BALTIMORE,2023,348,31.125000
BALTIMORE,2023,347,31.125000
BALTIMORE,2023,346,31.125000
BALTIMORE,2023,345,31.125000
BALTIMORE,2023,344,
BALTIMORE,2023,343,
BALTIMORE,2023,342,31.125000
BALTIMORE,2023,341,31.125000
BALTIMORE,2023,340,31.125000
BALTIMORE,2023,339,31.125000
BALTIMORE,2023,338,32.750000
BALTIMORE,2023,337,
BALTIMORE,2023,336,
BALTIMORE,2023,335,32.750000
BALTIMORE,2023,334,32.750000
BALTIMORE,2023,333,32.750000
BALTIMORE,2023,332,32.750000
BALTIMORE,2023,331,32.750000
BALTIMORE,2023,330,
BALTIMORE,2023,329,
BALTIMORE,2023,328,32.750000
BALTIMORE,2023,327,
BALTIMORE,2023,326,32.750000
BALTIMORE,2023,325,32.750000
BALTIMORE,2023,324,32.750000
BALTIMORE,2023,323,
BALTIMORE,2023,322,
BALTIMORE,2023,321,31.833333
BALTIMORE,2023,320,31.833333
BALTIMORE,2023,319,31.250000
BALTIMORE,2023,318,31.250000
BALTIMORE,2023,317,31.250000
BALTIMORE,2023,316,
BALTIMORE,2023,315,
BALTIMORE,2023,314,
BALTIMORE,2023,313,31.250000
BALTIMORE,2023,312,31.250000
BALTIMORE,2023,311,31.250000
BALTIMORE,2023,310,29.166666
BALTIMORE,2023,309,
BALTIMORE,2023,308,
BALTIMORE,2023,307,29.166666
BALTIMORE,2023,306,29.166666
BALTIMORE,2023,305,29.166666
BALTIMORE,2023,304,35.625000
BALTIMORE,2023,303,35.625000
BALTIMORE,2023,302,
BALTIMORE,2023,301,
BALTIMORE,2023,300,35.625000
BALTIMORE,2023,299,35.625000
BALTIMORE,2023,298,35.625000
BALTIMORE,2023,297,35.625000
BALTIMORE,2023,296,35.625000
BALTIMORE,2023,295,
BALTIMORE,2023,294,
BALTIMORE,2023,293,35.000000
BALTIMORE,2023,292,35.000000
BALTIMORE,2023,291,35.000000
BALTIMORE,2023,290,35.000000
BALTIMORE,2023,289,31.625000
BALTIMORE,2023,288,
BALTIMORE,2023,287,
BALTIMORE,2023,286,31.625000
BALTIMORE,2023,285,31.625000
BALTIMORE,2023,284,31.625000
BALTIMORE,2023,283,31.625000
BALTIMORE,2023,282,
BALTIMORE,2023,281,
BALTIMORE,2023,280,
BALTIMORE,2023,279,31.625000
BALTIMORE,2023,278,31.625000
BALTIMORE,2023,277,31.625000
BALTIMORE,2023,276,31.625000
BALTIMORE,2023,275,31.625000
BALTIMORE,2023,274,
BALTIMORE,2023,273,
BALTIMORE,2023,272,31.625000
BALTIMORE,2023,271,30.100000
BALTIMORE,2023,270,30.100000
BALTIMORE,2023,269,30.100000
BALTIMORE,2023,268,26.250000
BALTIMORE,2023,267,
BALTIMORE,2023,266,
BALTIMORE,2023,265,29.300000
BALTIMORE,2023,264,29.300000
BALTIMORE,2023,263,29.300000
BALTIMORE,2023,262,29.900000
BALTIMORE,2023,261,29.900000
BALTIMORE,2023,260,
BALTIMORE,2023,259,
BALTIMORE,2023,258,
BALTIMORE,2023,257,30.700000
BALTIMORE,2023,256,30.700000
BALTIMORE,2023,255,30.700000
BALTIMORE,2023,254,30.700000
BALTIMORE,2023,253,
BALTIMORE,2023,252,
BALTIMORE,2023,251,31.000000
BALTIMORE,2023,250,31.000000
BALTIMORE,2023,249,30.833333
BALTIMORE,2023,248,30.833333
BALTIMORE,2023,247,
BALTIMORE,2023,246,
BALTIMORE,2023,245,
BALTIMORE,2023,244,34.666666
BALTIMORE,2023,243,34.666666
BALTIMORE,2023,242,30.500000
BALTIMORE,2023,241,30.500000
BALTIMORE,2023,240,30.500000
BALTIMORE,2023,239,
BALTIMORE,2023,238,
BALTIMORE,2023,237,30.500000
BALTIMORE,2023,236,30.500000
BALTIMORE,2023,235,30.500000
BALTIMORE,2023,234,30.500000
BALTIMORE,2023,233,30.500000
BALTIMORE,2023,232,
BALTIMORE,2023,231,
BALTIMORE,2023,230,33.375000
BALTIMORE,2023,229,33.375000
BALTIMORE,2023,228,33.375000
BALTIMORE,2023,227,33.375000
BALTIMORE,2023,226,33.375000
BALTIMORE,2023,225,
BALTIMORE,2023,224,
BALTIMORE,2023,223,33.375000
BALTIMORE,2023,222,26.125000
BALTIMORE,2023,221,27.150000
BALTIMORE,2023,220,28.650000
BALTIMORE,2023,219,28.650000
BALTIMORE,2023,218,
BALTIMORE,2023,217,
BALTIMORE,2023,216,28.333333
BALTIMORE,2023,215,28.333333
BALTIMORE,2023,214,28.333333
BALTIMORE,2023,213,28.333333
BALTIMORE,2023,212,28.333333
BALTIMORE,2023,211,
BALTIMORE,2023,210,
BALTIMORE,2023,209,30.166666
BALTIMORE,2023,208,30.166666
BALTIMORE,2023,207,30.166666
BALTIMORE,2023,206,31.375000
BALTIMORE,2023,205,31.375000
BALTIMORE,2023,204,
BALTIMORE,2023,203,
BALTIMORE,2023,202,31.375000
BALTIMORE,2023,201,31.375000
BALTIMORE,2023,200,29.875000
BALTIMORE,2023,199,29.875000
BALTIMORE,2023,198,29.875000
BALTIMORE,2023,197,
BALTIMORE,2023,196,
BALTIMORE,2023,195,29.875000
BALTIMORE,2023,194,29.875000
BALTIMORE,2023,193,29.875000
BALTIMORE,2023,192,29.875000
BALTIMORE,2023,191,29.875000
BALTIMORE,2023,190,
BALTIMORE,2023,189,
BALTIMORE,2023,188,32.000000
BALTIMORE,2023,187,32.000000
BALTIMORE,2023,186,32.000000
BALTIMORE,2023,185,
BALTIMORE,2023,184,32.500000
BALTIMORE,2023,183,
BALTIMORE,2023,182,
BALTIMORE,2023,181,33.000000
BALTIMORE,2023,180,33.000000
BALTIMORE,2023,179,33.000000
BALTIMORE,2023,178,33.000000
BALTIMORE,2023,177,32.833333
BALTIMORE,2023,176,
BALTIMORE,2023,175,
BALTIMORE,2023,174,29.000000
BALTIMORE,2023,173,27.500000
BALTIMORE,2023,172,27.500000
BALTIMORE,2023,171,24.000000
BALTIMORE,2023,170,
BALTIMORE,2023,169,
BALTIMORE,2023,168,
BALTIMORE,2023,167,24.000000
BALTIMORE,2023,166,24.000000
BALTIMORE,2023,165,24.000000
BALTIMORE,2023,164,31.833333
BALTIMORE,2023,163,31.833333
BALTIMORE,2023,162,
BALTIMORE,2023,161,
BALTIMORE,2023,160,31.833333
BALTIMORE,2023,159,31.833333
BALTIMORE,2023,158,31.833333
BALTIMORE,2023,157,31.833333
BALTIMORE,2023,156,31.833333
BALTIMORE,2023,155,
BALTIMORE,2023,154,
BALTIMORE,2023,153,33.500000
BALTIMORE,2023,152,33.500000
BALTIMORE,2023,151,33.500000
BALTIMORE,2023,150,33.500000
BALTIMORE,2023,149,
BALTIMORE,2023,148,
BALTIMORE,2023,147,
BALTIMORE,2023,146,33.500000
BALTIMORE,2023,145,33.166666
BALTIMORE,2023,144,33.166666
BALTIMORE,2023,143,33.166666
BALTIMORE,2023,142,33.166666
BALTIMORE,2023,141,
BALTIMORE,2023,140,
BALTIMORE,2023,139,32.333333
BALTIMORE,2023,138,32.333333
BALTIMORE,2023,137,32.333333
BALTIMORE,2023,136,32.333333
BALTIMORE,2023,135,32.333333
BALTIMORE,2023,134,
BALTIMORE,2023,133,
BALTIMORE,2023,132,32.333333
BALTIMORE,2023,131,29.750000
BALTIMORE,2023,130,32.166666
BALTIMORE,2023,129,31.375000
BALTIMORE,2023,128,33.666666
BALTIMORE,2023,127,
BALTIMORE,2023,126,
BALTIMORE,2023,125,31.125000
BALTIMORE,2023,124,31.125000
BALTIMORE,2023,123,30.700000
BALTIMORE,2023,122,30.700000
BALTIMORE,2023,121,30.700000
BALTIMORE,2023,120,
BALTIMORE,2023,119,
BALTIMORE,2023,118,36.000000
BALTIMORE,2023,117,36.000000
BALTIMORE,2023,116,36.250000
BALTIMORE,2023,115,38.800000
BALTIMORE,2023,114,38.800000
BALTIMORE,2023,113,
BALTIMORE,2023,112,
BALTIMORE,2023,111,34.250000
BALTIMORE,2023,110,34.250000
BALTIMORE,2023,109,28.000000
BALTIMORE,2023,108,28.000000
BALTIMORE,2023,107,28.000000
BALTIMORE,2023,106,
BALTIMORE,2023,105,
BALTIMORE,2023,104,29.500000
BALTIMORE,2023,103,29.500000
BALTIMORE,2023,102,24.666666
BALTIMORE,2023,101,24.666666
BALTIMORE,2023,100,28.000000
BALTIMORE,2023,99,
BALTIMORE,2023,98,
BALTIMORE,2023,97,29.500000
BALTIMORE,2023,96,29.500000
BALTIMORE,2023,95,29.500000
BALTIMORE,2023,94,31.250000
BALTIMORE,2023,93,31.250000
BALTIMORE,2023,92,
BALTIMORE,2023,91,
BALTIMORE,2023,90,32.500000
BALTIMORE,2023,89,34.666666
BALTIMORE,2023,88,34.666666
BALTIMORE,2023,87,34.666666
BALTIMORE,2023,86,34.666666
BALTIMORE,2023,85,
BALTIMORE,2023,84,
BALTIMORE,2023,83,34.666666
BALTIMORE,2023,82,34.666666
BALTIMORE,2023,81,34.666666
BALTIMORE,2023,80,34.666666
BALTIMORE,2023,79,34.666666
BALTIMORE,2023,78,
BALTIMORE,2023,77,
BALTIMORE,2023,76,38.500000
BALTIMORE,2023,75,38.500000
BALTIMORE,2023,74,38.500000
BALTIMORE,2023,73,38.500000
BALTIMORE,2023,72,39.500000
BALTIMORE,2023,71,
BALTIMORE,2023,70,
BALTIMORE,2023,69,39.500000
BALTIMORE,2023,68,39.500000
BALTIMORE,2023,67,39.500000
BALTIMORE,2023,66,39.500000
BALTIMORE,2023,65,39.500000
BALTIMORE,2023,64,
BALTIMORE,2023,63,
BALTIMORE,2023,62,39.500000
BALTIMORE,2023,61,39.500000
BALTIMORE,2023,60,34.166666
BALTIMORE,2023,59,34.166666
BALTIMORE,2023,58,50.400000
BALTIMORE,2023,57,
BALTIMORE,2023,56,
BALTIMORE,2023,55,50.400000
BALTIMORE,2023,54,50.400000
BALTIMORE,2023,53,50.400000
BALTIMORE,2023,52,50.100000
BALTIMORE,2023,51,
BALTIMORE,2023,50,
BALTIMORE,2023,49,
BALTIMORE,2023,48,50.100000
BALTIMORE,2023,47,50.100000
BALTIMORE,2023,46,50.100000
BALTIMORE,2023,45,50.100000
BALTIMORE,2023,44,50.100000
BALTIMORE,2023,43,
BALTIMORE,2023,42,
BALTIMORE,2023,41,50.100000
BALTIMORE,2023,40,50.100000
BALTIMORE,2023,39,50.100000
BALTIMORE,2023,38,37.166666
BALTIMORE,2023,37,37.166666
BALTIMORE,2023,36,
BALTIMORE,2023,35,
BALTIMORE,2023,34,37.166666
BALTIMORE,2023,33,37.166666
BALTIMORE,2023,32,38.250000
BALTIMORE,2023,31,38.250000
BALTIMORE,2023,30,38.250000
BALTIMORE,2023,29,
BALTIMORE,2023,28,
BALTIMORE,2023,27,38.875000
BALTIMORE,2023,26,38.875000
BALTIMORE,2023,25,38.875000
BALTIMORE,2023,24,38.875000
BALTIMORE,2023,23,38.875000
BALTIMORE,2023,22,
BALTIMORE,2023,21,
BALTIMORE,2023,20,40.000000
BALTIMORE,2023,19,40.000000
BALTIMORE,2023,18,40.000000
BALTIMORE,2023,17,40.000000
BALTIMORE,2023,16,
BALTIMORE,2023,15,
BALTIMORE,2023,14,
BALTIMORE,2023,13,40.000000
BALTIMORE,2023,12,38.666666
BALTIMORE,2023,11,38.666666
BALTIMORE,2023,10,38.666666
BALTIMORE,2023,9,38.666666
BALTIMORE,2023,8,
BALTIMORE,2023,7,
BALTIMORE,2023,6,36.166666
BALTIMORE,2023,5,36.333333
BALTIMORE,2023,4,31.500000
BALTIMORE,2023,3,31.125000
BALTIMORE,2023,2,
BOSTON,2023,366,
BOSTON,2023,365,
BOSTON,2023,364,
BOSTON,2023,363,23.500000
BOSTON,2023,362,23.500000
BOSTON,2023,361,23.500000
BOSTON,2023,360,23.500000
BOSTON,2023,359,
BOSTON,2023,358,
BOSTON,2023,357,
BOSTON,2023,356,23.500000
BOSTON,2023,355,23.500000
BOSTON,2023,354,23.500000
BOSTON,2023,353,23.500000
BOSTON,2023,352,23.500000
BOSTON,2023,351,
BOSTON,2023,350,
BOSTON,2023,349,23.500000
BOSTON,2023,348,23.500000
BOSTON,2023,347,23.500000
BOSTON,2023,346,24.000000
BOSTON,2023,345,24.000000
BOSTON,2023,344,
BOSTON,2023,343,
BOSTON,2023,342,24.000000
BOSTON,2023,341,24.000000
BOSTON,2023,340,24.000000
BOSTON,2023,339,23.500000
BOSTON,2023,338,23.500000
BOSTON,2023,337,
BOSTON,2023,336,
BOSTON,2023,335,23.500000
BOSTON,2023,334,23.500000
BOSTON,2023,333,23.500000
BOSTON,2023,332,23.500000
BOSTON,2023,331,23.500000
BOSTON,2023,330,
BOSTON,2023,329,
BOSTON,2023,328,23.500000
BOSTON,2023,327,
BOSTON,2023,326,23.500000
BOSTON,2023,325,23.500000
BOSTON,2023,324,23.500000
BOSTON,2023,323,
BOSTON,2023,322,
BOSTON,2023,321,23.500000
BOSTON,2023,320,23.500000
BOSTON,2023,319,23.500000
BOSTON,2023,318,23.500000
BOSTON,2023,317,23.500000
BOSTON,2023,316,
BOSTON,2023,315,
BOSTON,2023,314,
BOSTON,2023,313,23.500000
BOSTON,2023,312,23.500000
BOSTON,2023,311,23.500000
BOSTON,2023,310,23.500000
BOSTON,2023,309,
BOSTON,2023,308,
BOSTON,2023,307,23.500000
BOSTON,2023,306,23.500000
BOSTON,2023,305,23.500000
BOSTON,2023,304,23.500000
BOSTON,2023,303,23.500000
BOSTON,2023,302,
BOSTON,2023,301,
BOSTON,2023,300,23.500000
BOSTON,2023,299,23.500000
BOSTON,2023,298,23.500000
BOSTON,2023,297,23.500000
BOSTON,2023,296,23.500000
BOSTON,2023,295,
BOSTON,2023,294,
BOSTON,2023,293,23.500000
BOSTON,2023,292,23.500000
BOSTON,2023,291,23.500000
BOSTON,2023,290,23.250000
BOSTON,2023,289,23.250000
BOSTON,2023,288,
BOSTON,2023,287,
BOSTON,2023,286,23.250000
BOSTON,2023,285,23.250000
BOSTON,2023,284,23.250000
BOSTON,2023,283,22.750000
BOSTON,2023,282,
BOSTON,2023,281,
BOSTON,2023,280,
BOSTON,2023,279,22.750000
BOSTON,2023,278,22.750000
BOSTON,2023,277,22.750000
BOSTON,2023,276,22.750000
BOSTON,2023,275,22.500000
BOSTON,2023,274,
BOSTON,2023,273,
BOSTON,2023,272,22.500000
BOSTON,2023,271,23.000000
BOSTON,2023,270,23.000000
BOSTON,2023,269,24.750000
BOSTON,2023,268,24.750000
BOSTON,2023,267,
BOSTON,2023,266,
BOSTON,2023,265,24.750000
BOSTON,2023,264,22.000000
BOSTON,2023,263,23.000000
BOSTON,2023,262,23.000000
BOSTON,2023,261,23.000000
BOSTON,2023,260,
BOSTON,2023,259,
BOSTON,2023,258,23.000000
BOSTON,2023,257,23.000000
BOSTON,2023,256,23.000000
BOSTON,2023,255,23.000000
BOSTON,2023,254,23.000000
BOSTON,2023,253,
BOSTON,2023,252,
BOSTON,2023,251,23.000000
BOSTON,2023,250,23.000000
BOSTON,2023,249,23.000000
BOSTON,2023,248,23.000000
BOSTON,2023,247,
BOSTON,2023,246,
BOSTON,2023,245,
BOSTON,2023,244,23.000000
BOSTON,2023,243,23.000000
BOSTON,2023,242,25.000000
BOSTON,2023,241,25.000000
BOSTON,2023,240,25.000000
BOSTON,2023,239,
BOSTON,2023,238,
BOSTON,2023,237,25.000000
BOSTON,2023,236,25.000000
BOSTON,2023,235,25.000000
BOSTON,2023,234,25.000000
BOSTON,2023,233,28.666666
BOSTON,2023,232,
BOSTON,2023,231,
BOSTON,2023,230,28.666666
BOSTON,2023,229,28.666666
BOSTON,2023,228,28.666666
BOSTON,2023,227,28.666666
BOSTON,2023,226,28.666666
BOSTON,2023,225,
BOSTON,2023,224,
BOSTON,2023,223,28.666666
BOSTON,2023,222,28.666666
BOSTON,2023,221,28.666666
BOSTON,2023,220,28.666666
BOSTON,2023,219,28.666666
BOSTON,2023,218,
BOSTON,2023,217,
BOSTON,2023,216,28.666666
BOSTON,2023,215,28.666666
BOSTON,2023,214,28.666666
BOSTON,2023,213,28.666666
BOSTON,2023,212,28.666666
BOSTON,2023,211,
BOSTON,2023,210,
BOSTON,2023,209,28.666666
BOSTON,2023,208,28.666666
BOSTON,2023,207,28.666666
BOSTON,2023,206,28.666666
BOSTON,2023,205,28.666666
BOSTON,2023,204,
BOSTON,2023,203,
BOSTON,2023,202,28.666666
BOSTON,2023,201,28.666666
BOSTON,2023,200,28.666666
BOSTON,2023,199,28.666666
BOSTON,2023,198,28.666666
BOSTON,2023,197,
BOSTON,2023,196,
BOSTON,2023,195,28.666666
BOSTON,2023,194,28.666666
BOSTON,2023,193,28.666666
BOSTON,2023,192,28.666666
BOSTON,2023,191,28.666666
BOSTON,2023,190,
BOSTON,2023,189,
BOSTON,2023,188,27.000000
BOSTON,2023,187,27.000000
BOSTON,2023,186,27.000000
BOSTON,2023,185,
BOSTON,2023,184,27.000000
BOSTON,2023,183,
BOSTON,2023,182,
BOSTON,2023,181,27.000000
BOSTON,2023,180,27.000000
BOSTON,2023,179,27.000000
BOSTON,2023,178,27.000000
BOSTON,2023,177,27.000000
BOSTON,2023,176,
BOSTON,2023,175,
BOSTON,2023,174,22.000000
BOSTON,2023,173,22.000000
BOSTON,2023,172,22.000000
BOSTON,2023,171,22.000000
BOSTON,2023,170,
BOSTON,2023,169,
BOSTON,2023,168,
BOSTON,2023,167,22.000000
BOSTON,2023,166,22.000000
BOSTON,2023,165,22.000000
BOSTON,2023,164,23.000000
BOSTON,2023,163,23.000000
BOSTON,2023,162,
BOSTON,2023,161,
BOSTON,2023,160,23.000000
BOSTON,2023,159,23.000000
BOSTON,2023,158,23.000000
BOSTON,2023,157,23.000000
BOSTON,2023,156,23.000000
BOSTON,2023,155,
BOSTON,2023,154,
BOSTON,2023,153,23.000000
BOSTON,2023,152,28.666666
BOSTON,2023,151,28.666666
BOSTON,2023,150,28.666666
BOSTON,2023,149,
BOSTON,2023,148,
BOSTON,2023,147,
BOSTON,2023,146,28.666666
BOSTON,2023,145,28.666666
BOSTON,2023,144,28.666666
BOSTON,2023,143,28.666666
BOSTON,2023,142,28.666666
BOSTON,2023,141,
BOSTON,2023,140,
BOSTON,2023,139,28.666666
BOSTON,2023,138,28.666666
BOSTON,2023,137,28.666666
BOSTON,2023,136,28.666666
BOSTON,2023,135,28.666666
BOSTON,2023,134,
BOSTON,2023,133,
BOSTON,2023,132,28.666666
BOSTON,2023,131,28.666666
BOSTON,2023,130,28.666666
BOSTON,2023,129,28.666666
BOSTON,2023,128,28.666666
BOSTON,2023,127,
BOSTON,2023,126,
BOSTON,2023,125,28.666666
BOSTON,2023,124,28.666666
BOSTON,2023,123,31.500000
BOSTON,2023,122,31.500000
BOSTON,2023,121,31.500000
BOSTON,2023,120,
BOSTON,2023,119,
BOSTON,2023,118,31.500000
BOSTON,2023,117,31.500000
BOSTON,2023,116,31.500000
BOSTON,2023,115,31.500000
BOSTON,2023,114,31.500000
BOSTON,2023,113,
BOSTON,2023,112,
BOSTON,2023,111,31.500000
BOSTON,2023,110,31.500000
BOSTON,2023,109,31.500000
BOSTON,2023,108,31.500000
BOSTON,2023,107,31.500000
BOSTON,2023,106,
BOSTON,2023,105,
BOSTON,2023,104,31.500000
BOSTON,2023,103,31.500000
BOSTON,2023,102,31.500000
BOSTON,2023,101,31.500000
BOSTON,2023,100,31.500000
BOSTON,2023,99,
BOSTON,2023,98,
BOSTON,2023,97,28.666666
BOSTON,2023,96,28.666666
BOSTON,2023,95,29.166666
BOSTON,2023,94,26.750000
BOSTON,2023,93,26.750000
BOSTON,2023,92,
BOSTON,2023,91,
BOSTON,2023,90,26.750000
BOSTON,2023,89,26.750000
BOSTON,2023,88,27.250000
BOSTON,2023,87,27.250000
BOSTON,2023,86,27.250000
BOSTON,2023,85,
BOSTON,2023,84,
BOSTON,2023,83,27.750000
BOSTON,2023,82,27.750000
BOSTON,2023,81,29.500000
BOSTON,2023,80,29.500000
BOSTON,2023,79,29.500000
BOSTON,2023,78,
BOSTON,2023,77,
BOSTON,2023,76,29.500000
BOSTON,2023,75,29.500000
BOSTON,2023,74,29.500000
BOSTON,2023,73,29.500000
BOSTON,2023,72,30.000000
BOSTON,2023,71,
BOSTON,2023,70,
BOSTON,2023,69,30.000000
BOSTON,2023,68,30.000000
BOSTON,2023,67,30.000000
BOSTON,2023,66,28.500000
BOSTON,2023,65,28.500000
BOSTON,2023,64,
BOSTON,2023,63,
BOSTON,2023,62,28.500000
BOSTON,2023,61,32.333333
BOSTON,2023,60,32.333333
BOSTON,2023,59,32.333333
BOSTON,2023,58,32.333333
BOSTON,2023,57,
BOSTON,2023,56,
BOSTON,2023,55,32.333333
BOSTON,2023,54,32.333333
BOSTON,2023,53,32.333333
BOSTON,2023,52,32.333333
BOSTON,2023,51,
BOSTON,2023,50,
BOSTON,2023,49,
BOSTON,2023,48,32.333333
BOSTON,2023,47,32.333333
BOSTON,2023,46,32.333333
BOSTON,2023,45,32.333333
BOSTON,2023,44,32.333333
BOSTON,2023,43,
BOSTON,2023,42,
BOSTON,2023,41,32.333333
BOSTON,2023,40,32.333333
BOSTON,2023,39,32.333333
BOSTON,2023,38,32.333333
BOSTON,2023,37,32.333333
BOSTON,2023,36,
BOSTON,2023,35,
BOSTON,2023,34,29.000000
BOSTON,2023,33,29.000000
BOSTON,2023,32,29.000000
BOSTON,2023,31,29.000000
BOSTON,2023,30,34.000000
BOSTON,2023,29,
BOSTON,2023,28,
BOSTON,2023,27,34.000000
BOSTON,2023,26,34.000000
BOSTON,2023,25,34.000000
BOSTON,2023,24,34.000000
BOSTON,2023,23,33.500000
BOSTON,2023,22,
BOSTON,2023,21,
BOSTON,2023,20,33.500000
BOSTON,2023,19,33.500000
BOSTON,2023,18,24.000000
BOSTON,2023,17,24.000000
BOSTON,2023,16,
BOSTON,2023,15,
BOSTON,2023,14,
BOSTON,2023,13,24.000000
BOSTON,2023,12,24.000000
BOSTON,2023,11,24.000000
BOSTON,2023,10,24.000000
BOSTON,2023,9,24.000000
BOSTON,2023,8,
BOSTON,2023,7,
BOSTON,2023,6,24.000000
BOSTON,2023,5,24.000000
BOSTON,2023,4,24.000000
BOSTON,2023,3,24.000000
BOSTON,2023,2,
CHICAGO,2023,366,
CHICAGO,2023,365,
CHICAGO,2023,364,
CHICAGO,2023,363,39.000000
CHICAGO,2023,362,39.000000
CHICAGO,2023,361,39.000000
CHICAGO,2023,360,39.000000
CHICAGO,2023,359,
CHICAGO,2023,358,
CHICAGO,2023,357,
CHICAGO,2023,356,39.000000
CHICAGO,2023,355,39.000000
CHICAGO,2023,354,39.000000
CHICAGO,2023,353,39.000000
CHICAGO,2023,352,39.000000
CHICAGO,2023,351,
CHICAGO,2023,350,
CHICAGO,2023,349,39.000000
CHICAGO,2023,348,39.000000
CHICAGO,2023,347,39.000000
CHICAGO,2023,346,39.000000
CHICAGO,2023,345,39.000000
CHICAGO,2023,344,
CHICAGO,2023,343,
CHICAGO,2023,342,39.000000
CHICAGO,2023,341,39.000000
CHICAGO,2023,340,39.000000
CHICAGO,2023,339,39.000000
CHICAGO,2023,338,39.000000
CHICAGO,2023,337,
CHICAGO,2023,336,
CHICAGO,2023,335,39.000000
CHICAGO,2023,334,39.000000
CHICAGO,2023,333,39.000000
CHICAGO,2023,332,39.000000
CHICAGO,2023,331,39.000000
CHICAGO,2023,330,
CHICAGO,2023,329,
CHICAGO,2023,328,39.000000
CHICAGO,2023,327,
CHICAGO,2023,326,39.000000
CHICAGO,2023,325,39.000000
CHICAGO,2023,324,39.000000
CHICAGO,2023,323,
CHICAGO,2023,322,
CHICAGO,2023,321,39.000000
CHICAGO,2023,320,39.000000
CHICAGO,2023,319,37.250000
CHICAGO,2023,318,37.250000
CHICAGO,2023,317,37.250000
CHICAGO,2023,316,
CHICAGO,2023,315,
CHICAGO,2023,314,
CHICAGO,2023,313,37.250000
CHICAGO,2023,312,37.250000
CHICAGO,2023,311,37.250000
CHICAGO,2023,310,37.250000
CHICAGO,2023,309,
CHICAGO,2023,308,
CHICAGO,2023,307,37.250000
CHICAGO,2023,306,37.250000
CHICAGO,2023,305,37.250000
CHICAGO,2023,304,37.250000
CHICAGO,2023,303,32.071428
CHICAGO,2023,302,
CHICAGO,2023,301,
CHICAGO,2023,300,32.071428
CHICAGO,2023,299,32.071428
CHICAGO,2023,298,32.071428
CHICAGO,2023,297,32.071428
CHICAGO,2023,296,32.071428
CHICAGO,2023,295,
CHICAGO,2023,294,
CHICAGO,2023,293,32.071428
CHICAGO,2023,292,29.750000
CHICAGO,2023,291,29.750000
CHICAGO,2023,290,29.750000
CHICAGO,2023,289,29.750000
CHICAGO,2023,288,
CHICAGO,2023,287,
CHICAGO,2023,286,29.750000
CHICAGO,2023,285,29.750000
CHICAGO,2023,284,29.750000
CHICAGO,2023,283,29.750000
CHICAGO,2023,282,
CHICAGO,2023,281,
CHICAGO,2023,280,
CHICAGO,2023,279,29.750000
CHICAGO,2023,278,29.750000
CHICAGO,2023,277,29.750000
CHICAGO,2023,276,29.750000
CHICAGO,2023,275,25.000000
CHICAGO,2023,274,
CHICAGO,2023,273,
CHICAGO,2023,272,25.000000
CHICAGO,2023,271,24.583333
CHICAGO,2023,270,24.583333
CHICAGO,2023,269,24.583333
CHICAGO,2023,268,24.583333
CHICAGO,2023,267,
CHICAGO,2023,266,
CHICAGO,2023,265,24.583333
CHICAGO,2023,264,24.583333
CHICAGO,2023,263,24.583333
CHICAGO,2023,262,24.583333
CHICAGO,2023,261,24.583333
CHICAGO,2023,260,
CHICAGO,2023,259,
CHICAGO,2023,258,24.583333
CHICAGO,2023,257,29.750000
CHICAGO,2023,256,29.750000
CHICAGO,2023,255,29.750000
CHICAGO,2023,254,29.750000
CHICAGO,2023,253,
CHICAGO,2023,252,
CHICAGO,2023,251,29.750000
CHICAGO,2023,250,29.750000
CHICAGO,2023,249,29.750000
CHICAGO,2023,248,29.750000
CHICAGO,2023,247,
CHICAGO,2023,246,
CHICAGO,2023,245,
CHICAGO,2023,244,29.750000
CHICAGO,2023,243,29.750000
CHICAGO,2023,242,29.750000
CHICAGO,2023,241,29.750000
CHICAGO,2023,240,29.750000
CHICAGO,2023,239,
CHICAGO,2023,238,
CHICAGO,2023,237,29.750000
CHICAGO,2023,236,29.750000
CHICAGO,2023,235,29.750000
CHICAGO,2023,234,29.750000
CHICAGO,2023,233,29.750000
CHICAGO,2023,232,
CHICAGO,2023,231,
CHICAGO,2023,230,29.750000
CHICAGO,2023,229,29.750000
CHICAGO,2023,228,29.750000
CHICAGO,2023,227,29.750000
CHICAGO,2023,226,29.750000
CHICAGO,2023,225,
CHICAGO,2023,224,
CHICAGO,2023,223,29.750000
CHICAGO,2023,222,29.750000
CHICAGO,2023,221,29.750000
CHICAGO,2023,220,29.750000
CHICAGO,2023,219,29.750000
CHICAGO,2023,218,
CHICAGO,2023,217,
CHICAGO,2023,216,29.750000
CHICAGO,2023,215,29.750000
CHICAGO,2023,214,29.750000
CHICAGO,2023,213,29.750000
CHICAGO,2023,212,29.750000
CHICAGO,2023,211,
CHICAGO,2023,210,
CHICAGO,2023,209,29.750000
CHICAGO,2023,208,29.750000
CHICAGO,2023,207,29.750000
CHICAGO,2023,206,29.750000
CHICAGO,2023,205,32.450000
CHICAGO,2023,204,
CHICAGO,2023,203,
CHICAGO,2023,202,32.450000
CHICAGO,2023,201,32.450000
CHICAGO,2023,200,32.450000
CHICAGO,2023,199,32.450000
CHICAGO,2023,198,32.450000
CHICAGO,2023,197,
CHICAGO,2023,196,
CHICAGO,2023,195,32.450000
CHICAGO,2023,194,31.900000
CHICAGO,2023,193,31.900000
CHICAGO,2023,192,31.900000
CHICAGO,2023,191,31.900000
CHICAGO,2023,190,
CHICAGO,2023,189,
CHICAGO,2023,188,31.900000
CHICAGO,2023,187,31.900000
CHICAGO,2023,186,31.900000
CHICAGO,2023,185,
CHICAGO,2023,184,31.900000
CHICAGO,2023,183,
CHICAGO,2023,182,
CHICAGO,2023,181,31.900000
CHICAGO,2023,180,30.875000
CHICAGO,2023,179,30.875000
CHICAGO,2023,178,30.875000
CHICAGO,2023,177,19.875000
CHICAGO,2023,176,
CHICAGO,2023,175,
CHICAGO,2023,174,19.875000
CHICAGO,2023,173,19.875000
CHICAGO,2023,172,19.875000
CHICAGO,2023,171,19.875000
CHICAGO,2023,170,
CHICAGO,2023,169,
CHICAGO,2023,168,
CHICAGO,2023,167,19.875000
CHICAGO,2023,166,30.750000
CHICAGO,2023,165,30.750000
CHICAGO,2023,164,30.750000
CHICAGO,2023,163,30.750000
CHICAGO,2023,162,
CHICAGO,2023,161,
CHICAGO,2023,160,30.750000
CHICAGO,2023,159,30.750000
CHICAGO,2023,158,30.750000
CHICAGO,2023,157,30.750000
CHICAGO,2023,156,30.750000
CHICAGO,2023,155,
CHICAGO,2023,154,
CHICAGO,2023,153,30.750000
CHICAGO,2023,152,30.750000
CHICAGO,2023,151,30.750000
CHICAGO,2023,150,30.750000
CHICAGO,2023,149,
CHICAGO,2023,148,
CHICAGO,2023,147,
CHICAGO,2023,146,30.750000
CHICAGO,2023,145,30.750000
CHICAGO,2023,144,30.750000
CHICAGO,2023,143,30.750000
CHICAGO,2023,142,30.750000
CHICAGO,2023,141,
CHICAGO,2023,140,
CHICAGO,2023,139,30.750000
CHICAGO,2023,138,30.750000
CHICAGO,2023,137,30.750000
CHICAGO,2023,136,30.750000
CHICAGO,2023,135,30.750000
CHICAGO,2023,134,
CHICAGO,2023,133,
CHICAGO,2023,132,30.750000
CHICAGO,2023,131,30.750000
CHICAGO,2023,130,30.750000
CHICAGO,2023,129,30.750000
CHICAGO,2023,128,30.750000
CHICAGO,2023,127,
CHICAGO,2023,126,
CHICAGO,2023,125,30.750000
CHICAGO,2023,124,30.750000
CHICAGO,2023,123,30.750000
CHICAGO,2023,122,30.750000
CHICAGO,2023,121,30.750000
CHICAGO,2023,120,
CHICAGO,2023,119,
CHICAGO,2023,118,30.750000
CHICAGO,2023,117,30.750000
CHICAGO,2023,116,30.750000
CHICAGO,2023,115,30.750000
CHICAGO,2023,114,30.750000
CHICAGO,2023,113,
CHICAGO,2023,112,
CHICAGO,2023,111,30.750000
CHICAGO,2023,110,30.750000
CHICAGO,2023,109,30.750000
CHICAGO,2023,108,30.750000
CHICAGO,2023,107,30.750000
CHICAGO,2023,106,
CHICAGO,2023,105,
CHICAGO,2023,104,30.750000
CHICAGO,2023,103,30.750000
CHICAGO,2023,102,30.750000
CHICAGO,2023,101,30.750000
CHICAGO,2023,100,30.750000
CHICAGO,2023,99,
CHICAGO,2023,98,
CHICAGO,2023,97,30.750000
CHICAGO,2023,96,30.750000
CHICAGO,2023,95,30.750000
CHICAGO,2023,94,30.750000
CHICAGO,2023,93,30.750000
CHICAGO,2023,92,
CHICAGO,2023,91,
CHICAGO,2023,90,30.750000
CHICAGO,2023,89,30.750000
CHICAGO,2023,88,30.750000
CHICAGO,2023,87,30.750000
CHICAGO,2023,86,30.750000
CHICAGO,2023,85,
CHICAGO,2023,84,
CHICAGO,2023,83,30.750000
CHICAGO,2023,82,30.750000
CHICAGO,2023,81,30.750000
CHICAGO,2023,80,33.625000
CHICAGO,2023,79,33.625000
CHICAGO,2023,78,
CHICAGO,2023,77,
CHICAGO,2023,76,33.625000
CHICAGO,2023,75,33.625000
CHICAGO,2023,74,33.625000
CHICAGO,2023,73,33.625000
CHICAGO,2023,72,33.625000
CHICAGO,2023,71,
CHICAGO,2023,70,
CHICAGO,2023,69,33.625000
CHICAGO,2023,68,33.625000
CHICAGO,2023,67,33.625000
CHICAGO,2023,66,33.625000
CHICAGO,2023,65,33.625000
CHICAGO,2023,64,
CHICAGO,2023,63,
CHICAGO,2023,62,33.625000
CHICAGO,2023,61,31.875000
CHICAGO,2023,60,31.875000
CHICAGO,2023,59,31.875000
CHICAGO,2023,58,31.875000
CHICAGO,2023,57,
CHICAGO,2023,56,
CHICAGO,2023,55,31.875000
CHICAGO,2023,54,31.875000
CHICAGO,2023,53,31.875000
CHICAGO,2023,52,31.875000
CHICAGO,2023,51,
CHICAGO,2023,50,
CHICAGO,2023,49,
CHICAGO,2023,48,31.875000
CHICAGO,2023,47,31.875000
CHICAGO,2023,46,31.875000
CHICAGO,2023,45,31.875000
CHICAGO,2023,44,31.875000
CHICAGO,2023,43,
CHICAGO,2023,42,
CHICAGO,2023,41,31.875000
CHICAGO,2023,40,31.875000
CHICAGO,2023,39,31.875000
CHICAGO,2023,38,31.875000
CHICAGO,2023,37,31.875000
CHICAGO,2023,36,
CHICAGO,2023,35,
CHICAGO,2023,34,31.875000
CHICAGO,2023,33,31.100000
CHICAGO,2023,32,31.100000
CHICAGO,2023,31,31.100000
CHICAGO,2023,30,31.100000
CHICAGO,2023,29,
CHICAGO,2023,28,
CHICAGO,2023,27,31.100000
CHICAGO,2023,26,31.100000
CHICAGO,2023,25,31.100000
CHICAGO,2023,24,31.100000
CHICAGO,2023,23,31.100000
CHICAGO,2023,22,
CHICAGO,2023,21,
CHICAGO,2023,20,31.100000
CHICAGO,2023,19,31.100000
CHICAGO,2023,18,31.100000
CHICAGO,2023,17,31.100000
CHICAGO,2023,16,
CHICAGO,2023,15,
CHICAGO,2023,14,
CHICAGO,2023,13,31.100000
CHICAGO,2023,12,31.100000
CHICAGO,2023,11,31.100000
CHICAGO,2023,10,31.100000
CHICAGO,2023,9,31.100000
CHICAGO,2023,8,
CHICAGO,2023,7,
CHICAGO,2023,6,31.100000
CHICAGO,2023,5,31.100000
CHICAGO,2023,4,31.100000
CHICAGO,2023,3,31.100000
CHICAGO,2023,2,
COLUMBIA,2023,366,
COLUMBIA,2023,365,
COLUMBIA,2023,364,
COLUMBIA,2023,363,24.625000
COLUMBIA,2023,362,24.625000
COLUMBIA,2023,361,24.625000
COLUMBIA,2023,360,
COLUMBIA,2023,359,
COLUMBIA,2023,358,
COLUMBIA,2023,357,
COLUMBIA,2023,356,
COLUMBIA,2023,355,25.444444
COLUMBIA,2023,354,25.444444
COLUMBIA,2023,353,25.444444
COLUMBIA,2023,352,25.444444
COLUMBIA,2023,351,
COLUMBIA,2023,350,
COLUMBIA,2023,349,27.142857
COLUMBIA,2023,348,27.142857
COLUMBIA,2023,347,27.142857
COLUMBIA,2023,346,27.142857
COLUMBIA,2023,345,27.142857
COLUMBIA,2023,344,
COLUMBIA,2023,343,
COLUMBIA,2023,342,24.333333
COLUMBIA,2023,341,24.333333
COLUMBIA,2023,340,24.333333
COLUMBIA,2023,339,24.333333
COLUMBIA,2023,338,24.333333
COLUMBIA,2023,337,
COLUMBIA,2023,336,
COLUMBIA,2023,335,24.166666
COLUMBIA,2023,334,24.166666
COLUMBIA,2023,333,24.166666
COLUMBIA,2023,332,24.166666
COLUMBIA,2023,331,24.166666
COLUMBIA,2023,330,
COLUMBIA,2023,329,
COLUMBIA,2023,328,
COLUMBIA,2023,327,
COLUMBIA,2023,326,24.166666
COLUMBIA,2023,325,24.166666
COLUMBIA,2023,324,24.166666
COLUMBIA,2023,323,
COLUMBIA,2023,322,
COLUMBIA,2023,321,24.333333
COLUMBIA,2023,320,24.333333
COLUMBIA,2023,319,24.333333
COLUMBIA,2023,318,24.333333
COLUMBIA,2023,317,24.333333
COLUMBIA,2023,316,
COLUMBIA,2023,315,
COLUMBIA,2023,314,
COLUMBIA,2023,313,24.333333
COLUMBIA,2023,312,24.333333
COLUMBIA,2023,311,24.333333
COLUMBIA,2023,310,24.333333
COLUMBIA,2023,309,
COLUMBIA,2023,308,
COLUMBIA,2023,307,24.666666
COLUMBIA,2023,306,24.666666
COLUMBIA,2023,305,24.666666
COLUMBIA,2023,304,24.666666
COLUMBIA,2023,303,24.666666
COLUMBIA,2023,302,
COLUMBIA,2023,301,
COLUMBIA,2023,300,24.666666
COLUMBIA,2023,299,24.666666
COLUMBIA,2023,298,24.666666
COLUMBIA,2023,297,24.666666
COLUMBIA,2023,296,24.000000
COLUMBIA,2023,295,
COLUMBIA,2023,294,
COLUMBIA,2023,293,24.000000
COLUMBIA,2023,292,24.000000
COLUMBIA,2023,291,24.000000
COLUMBIA,2023,290,24.000000
COLUMBIA,2023,289,24.000000
COLUMBIA,2023,288,
COLUMBIA,2023,287,
COLUMBIA,2023,286,24.166666
COLUMBIA,2023,285,24.166666
COLUMBIA,2023,284,24.166666
COLUMBIA,2023,283,24.166666
COLUMBIA,2023,282,24.166666
COLUMBIA,2023,281,
COLUMBIA,2023,280,
COLUMBIA,2023,279,22.500000
COLUMBIA,2023,278,22.500000
COLUMBIA,2023,277,22.500000
COLUMBIA,2023,276,22.500000
COLUMBIA,2023,275,22.500000
COLUMBIA,2023,274,
COLUMBIA,2023,273,
COLUMBIA,2023,272,22.333333
COLUMBIA,2023,271,22.333333
COLUMBIA,2023,270,22.333333
COLUMBIA,2023,269,22.333333
COLUMBIA,2023,268,22.333333
COLUMBIA,2023,267,
COLUMBIA,2023,266,
COLUMBIA,2023,265,22.333333
COLUMBIA,2023,264,22.333333
COLUMBIA,2023,263,22.333333
COLUMBIA,2023,262,22.333333
COLUMBIA,2023,261,22.333333
COLUMBIA,2023,260,
COLUMBIA,2023,259,
COLUMBIA,2023,258,23.666666
COLUMBIA,2023,257,23.666666
COLUMBIA,2023,256,23.666666
COLUMBIA,2023,255,23.666666
COLUMBIA,2023,254,23.666666
COLUMBIA,2023,253,
COLUMBIA,2023,252,
COLUMBIA,2023,251,23.666666
COLUMBIA,2023,250,23.666666
COLUMBIA,2023,249,23.666666
COLUMBIA,2023,248,23.666666
COLUMBIA,2023,247,
COLUMBIA,2023,246,
COLUMBIA,2023,245,
COLUMBIA,2023,244,23.166666
COLUMBIA,2023,243,23.166666
COLUMBIA,2023,242,23.166666
COLUMBIA,2023,241,23.166666
COLUMBIA,2023,240,23.166666
COLUMBIA,2023,239,
COLUMBIA,2023,238,
COLUMBIA,2023,237,20.125000
COLUMBIA,2023,236,20.125000
COLUMBIA,2023,235,18.333333
COLUMBIA,2023,234,18.333333
COLUMBIA,2023,233,18.333333
COLUMBIA,2023,232,
COLUMBIA,2023,231,
COLUMBIA,2023,230,19.333333
COLUMBIA,2023,229,19.333333
COLUMBIA,2023,228,19.333333
COLUMBIA,2023,227,19.333333
COLUMBIA,2023,226,19.333333
COLUMBIA,2023,225,
COLUMBIA,2023,224,
COLUMBIA,2023,223,20.000000
COLUMBIA,2023,222,20.000000
COLUMBIA,2023,221,20.000000
COLUMBIA,2023,220,20.000000
COLUMBIA,2023,219,20.000000
COLUMBIA,2023,218,
COLUMBIA,2023,217,
COLUMBIA,2023,216,20.000000
COLUMBIA,2023,215,20.000000
COLUMBIA,2023,214,20.000000
COLUMBIA,2023,213,20.000000
COLUMBIA,2023,212,20.000000
COLUMBIA,2023,211,
COLUMBIA,2023,210,
COLUMBIA,2023,209,20.333333
COLUMBIA,2023,208,20.333333
COLUMBIA,2023,207,20.333333
COLUMBIA,2023,206,20.333333
COLUMBIA,2023,205,20.333333
COLUMBIA,2023,204,
COLUMBIA,2023,203,
COLUMBIA,2023,202,19.666666
COLUMBIA,2023,201,19.666666
COLUMBIA,2023,200,19.666666
COLUMBIA,2023,199,19.666666
COLUMBIA,2023,198,19.666666
COLUMBIA,2023,197,
COLUMBIA,2023,196,
COLUMBIA,2023,195,19.666666
COLUMBIA,2023,194,19.666666
COLUMBIA,2023,193,19.666666
COLUMBIA,2023,192,19.666666
COLUMBIA,2023,191,19.666666
COLUMBIA,2023,190,
COLUMBIA,2023,189,
COLUMBIA,2023,188,19.333333
COLUMBIA,2023,187,19.333333
COLUMBIA,2023,186,19.333333
COLUMBIA,2023,185,
COLUMBIA,2023,184,19.333333
COLUMBIA,2023,183,
COLUMBIA,2023,182,
COLUMBIA,2023,181,19.333333
COLUMBIA,2023,180,19.333333
COLUMBIA,2023,179,19.333333
COLUMBIA,2023,178,21.375000
COLUMBIA,2023,177,21.375000
COLUMBIA,2023,176,
COLUMBIA,2023,175,
COLUMBIA,2023,174,23.187500
COLUMBIA,2023,173,23.187500
COLUMBIA,2023,172,23.187500
COLUMBIA,2023,171,23.187500
COLUMBIA,2023,170,22.583333
COLUMBIA,2023,169,
COLUMBIA,2023,168,
COLUMBIA,2023,167,22.583333
COLUMBIA,2023,166,22.583333
COLUMBIA,2023,165,22.583333
COLUMBIA,2023,164,22.583333
COLUMBIA,2023,163,22.583333
COLUMBIA,2023,162,
COLUMBIA,2023,161,
COLUMBIA,2023,160,22.583333
COLUMBIA,2023,159,22.583333
COLUMBIA,2023,158,22.583333
COLUMBIA,2023,157,22.583333
COLUMBIA,2023,156,22.583333
COLUMBIA,2023,155,
COLUMBIA,2023,154,
COLUMBIA,2023,153,23.416666
COLUMBIA,2023,152,23.250000
COLUMBIA,2023,151,23.250000
COLUMBIA,2023,150,23.250000
COLUMBIA,2023,149,
COLUMBIA,2023,148,
COLUMBIA,2023,147,
COLUMBIA,2023,146,23.250000
COLUMBIA,2023,145,23.250000
COLUMBIA,2023,144,23.250000
COLUMBIA,2023,143,23.250000
COLUMBIA,2023,142,
COLUMBIA,2023,141,
COLUMBIA,2023,140,
COLUMBIA,2023,139,23.250000
COLUMBIA,2023,138,23.250000
COLUMBIA,2023,137,23.250000
COLUMBIA,2023,136,23.250000
COLUMBIA,2023,135,23.250000
COLUMBIA,2023,134,
COLUMBIA,2023,133,
COLUMBIA,2023,132,26.812500
COLUMBIA,2023,131,26.812500
COLUMBIA,2023,130,
COLUMBIA,2023,129,26.812500
COLUMBIA,2023,128,26.812500
COLUMBIA,2023,127,
COLUMBIA,2023,126,
COLUMBIA,2023,125,26.937500
COLUMBIA,2023,124,26.937500
COLUMBIA,2023,123,26.937500
COLUMBIA,2023,122,26.937500
COLUMBIA,2023,121,26.916666
COLUMBIA,2023,120,
COLUMBIA,2023,119,
COLUMBIA,2023,118,26.416666
COLUMBIA,2023,117,26.416666
COLUMBIA,2023,116,26.416666
COLUMBIA,2023,115,26.416666
COLUMBIA,2023,114,26.416666
COLUMBIA,2023,113,
COLUMBIA,2023,112,
COLUMBIA,2023,111,26.416666
COLUMBIA,2023,110,26.416666
COLUMBIA,2023,109,26.416666
COLUMBIA,2023,108,26.416666
COLUMBIA,2023,107,26.416666
COLUMBIA,2023,106,
COLUMBIA,2023,105,
COLUMBIA,2023,104,26.416666
COLUMBIA,2023,103,26.416666
COLUMBIA,2023,102,26.416666
COLUMBIA,2023,101,26.416666
COLUMBIA,2023,100,26.416666
COLUMBIA,2023,99,
COLUMBIA,2023,98,
COLUMBIA,2023,97,29.916666
COLUMBIA,2023,96,29.916666
COLUMBIA,2023,95,29.916666
COLUMBIA,2023,94,29.916666
COLUMBIA,2023,93,29.916666
COLUMBIA,2023,92,
COLUMBIA,2023,91,
COLUMBIA,2023,90,29.833333
COLUMBIA,2023,89,29.833333
COLUMBIA,2023,88,29.833333
COLUMBIA,2023,87,29.833333
COLUMBIA,2023,86,29.833333
COLUMBIA,2023,85,
COLUMBIA,2023,84,
COLUMBIA,2023,83,29.833333
COLUMBIA,2023,82,29.833333
COLUMBIA,2023,81,29.833333
COLUMBIA,2023,80,29.833333
COLUMBIA,2023,79,29.833333
COLUMBIA,2023,78,
COLUMBIA,2023,77,
COLUMBIA,2023,76,29.833333
COLUMBIA,2023,75,29.833333
COLUMBIA,2023,74,29.833333
COLUMBIA,2023,73,29.833333
COLUMBIA,2023,72,29.833333
COLUMBIA,2023,71,
COLUMBIA,2023,70,
COLUMBIA,2023,69,31.166666
COLUMBIA,2023,68,31.166666
COLUMBIA,2023,67,31.166666
COLUMBIA,2023,66,31.166666
COLUMBIA,2023,65,31.166666
COLUMBIA,2023,64,
COLUMBIA,2023,63,
COLUMBIA,2023,62,32.250000
COLUMBIA,2023,61,32.250000
COLUMBIA,2023,60,32.250000
COLUMBIA,2023,59,32.250000
COLUMBIA,2023,58,32.312500
COLUMBIA,2023,57,
COLUMBIA,2023,56,
COLUMBIA,2023,55,32.312500
COLUMBIA,2023,54,32.312500
COLUMBIA,2023,53,32.312500
COLUMBIA,2023,52,32.312500
COLUMBIA,2023,51,
COLUMBIA,2023,50,
COLUMBIA,2023,49,
COLUMBIA,2023,48,32.125000
COLUMBIA,2023,47,32.125000
COLUMBIA,2023,46,32.125000
COLUMBIA,2023,45,31.166666
COLUMBIA,2023,44,31.166666
COLUMBIA,2023,43,
COLUMBIA,2023,42,
COLUMBIA,2023,41,27.250000
COLUMBIA,2023,40,27.250000
COLUMBIA,2023,39,27.250000
COLUMBIA,2023,38,27.250000
COLUMBIA,2023,37,27.250000
COLUMBIA,2023,36,
COLUMBIA,2023,35,
COLUMBIA,2023,34,29.000000
COLUMBIA,2023,33,29.000000
COLUMBIA,2023,32,28.250000
COLUMBIA,2023,31,28.250000
COLUMBIA,2023,30,28.250000
COLUMBIA,2023,29,
COLUMBIA,2023,28,
COLUMBIA,2023,27,28.500000
COLUMBIA,2023,26,28.500000
COLUMBIA,2023,25,28.500000
COLUMBIA,2023,24,28.500000
COLUMBIA,2023,23,31.333333
COLUMBIA,2023,22,
COLUMBIA,2023,21,
COLUMBIA,2023,20,28.375000
COLUMBIA,2023,19,28.375000
COLUMBIA,2023,18,28.375000
COLUMBIA,2023,17,31.166666
COLUMBIA,2023,16,
COLUMBIA,2023,15,
COLUMBIA,2023,14,
COLUMBIA,2023,13,29.500000
COLUMBIA,2023,12,29.500000
COLUMBIA,2023,11,29.500000
COLUMBIA,2023,10,29.500000
COLUMBIA,2023,9,29.500000
COLUMBIA,2023,8,
COLUMBIA,2023,7,
COLUMBIA,2023,6,29.333333
COLUMBIA,2023,5,29.333333
COLUMBIA,2023,4,29.333333
COLUMBIA,2023,3,29.333333
COLUMBIA,2023,2,
LOS ANGELES,2023,366,
LOS ANGELES,2023,365,
LOS ANGELES,2023,364,
LOS ANGELES,2023,363,24.500000
LOS ANGELES,2023,362,24.500000
LOS ANGELES,2023,361,24.500000
LOS ANGELES,2023,360,24.500000
LOS ANGELES,2023,359,
LOS ANGELES,2023,358,
LOS ANGELES,2023,357,
LOS ANGELES,2023,356,23.833333
LOS ANGELES,2023,355,23.833333
LOS ANGELES,2023,354,23.833333
LOS ANGELES,2023,353,23.833333
LOS ANGELES,2023,352,23.833333
LOS ANGELES,2023,351,
LOS ANGELES,2023,350,
LOS ANGELES,2023,349,22.166666
LOS ANGELES,2023,348,22.166666
LOS ANGELES,2023,347,22.166666
LOS ANGELES,2023,346,22.166666
LOS ANGELES,2023,345,22.166666
LOS ANGELES,2023,344,
LOS ANGELES,2023,343,
LOS ANGELES,2023,342,22.166666
LOS ANGELES,2023,341,22.166666
LOS ANGELES,2023,340,22.166666
LOS ANGELES,2023,339,22.166666
LOS ANGELES,2023,338,26.125000
LOS ANGELES,2023,337,
LOS ANGELES,2023,336,
LOS ANGELES,2023,335,31.200000
LOS ANGELES,2023,334,31.200000
LOS ANGELES,2023,333,31.200000
LOS ANGELES,2023,332,31.200000
LOS ANGELES,2023,331,31.200000
LOS ANGELES,2023,330,
LOS ANGELES,2023,329,
LOS ANGELES,2023,328,31.200000
LOS ANGELES,2023,327,
LOS ANGELES,2023,326,31.200000
LOS ANGELES,2023,325,31.200000
LOS ANGELES,2023,324,31.200000
LOS ANGELES,2023,323,
LOS ANGELES,2023,322,
LOS ANGELES,2023,321,30.000000
LOS ANGELES,2023,320,27.000000
LOS ANGELES,2023,319,27.000000
LOS ANGELES,2023,318,22.071428
LOS ANGELES,2023,317,22.071428
LOS ANGELES,2023,316,
LOS ANGELES,2023,315,
LOS ANGELES,2023,314,
LOS ANGELES,2023,313,22.071428
LOS ANGELES,2023,312,22.071428
LOS ANGELES,2023,311,22.071428
LOS ANGELES,2023,310,22.071428
LOS ANGELES,2023,309,
LOS ANGELES,2023,308,
LOS ANGELES,2023,307,22.071428
LOS ANGELES,2023,306,22.071428
LOS ANGELES,2023,305,22.071428
LOS ANGELES,2023,304,22.333333
LOS ANGELES,2023,303,21.600000
LOS ANGELES,2023,302,
LOS ANGELES,2023,301,
LOS ANGELES,2023,300,19.200000
LOS ANGELES,2023,299,19.200000
LOS ANGELES,2023,298,19.200000
LOS ANGELES,2023,297,19.200000
LOS ANGELES,2023,296,18.450000
LOS ANGELES,2023,295,
LOS ANGELES,2023,294,
LOS ANGELES,2023,293,18.450000
LOS ANGELES,2023,292,18.450000
LOS ANGELES,2023,291,18.450000
LOS ANGELES,2023,290,18.450000
LOS ANGELES,2023,289,18.450000
LOS ANGELES,2023,288,
LOS ANGELES,2023,287,
LOS ANGELES,2023,286,18.450000
LOS ANGELES,2023,285,18.450000
LOS ANGELES,2023,284,18.450000
LOS ANGELES,2023,283,18.450000
LOS ANGELES,2023,282,
LOS ANGELES,2023,281,
LOS ANGELES,2023,280,
LOS ANGELES,2023,279,18.450000
LOS ANGELES,2023,278,18.050000
LOS ANGELES,2023,277,18.050000
LOS ANGELES,2023,276,18.050000
LOS ANGELES,2023,275,20.166666
LOS ANGELES,2023,274,
LOS ANGELES,2023,273,
LOS ANGELES,2023,272,20.875000
LOS ANGELES,2023,271,20.875000
LOS ANGELES,2023,270,20.875000
LOS ANGELES,2023,269,20.875000
LOS ANGELES,2023,268,20.875000
LOS ANGELES,2023,267,
LOS ANGELES,2023,266,
LOS ANGELES,2023,265,20.875000
LOS ANGELES,2023,264,20.875000
LOS ANGELES,2023,263,20.875000
LOS ANGELES,2023,262,20.875000
LOS ANGELES,2023,261,20.875000
LOS ANGELES,2023,260,
LOS ANGELES,2023,259,
LOS ANGELES,2023,258,20.875000
LOS ANGELES,2023,257,20.875000
LOS ANGELES,2023,256,20.875000
LOS ANGELES,2023,255,20.875000
LOS ANGELES,2023,254,20.875000
LOS ANGELES,2023,253,
LOS ANGELES,2023,252,
LOS ANGELES,2023,251,20.875000
LOS ANGELES,2023,250,21.500000
LOS ANGELES,2023,249,21.500000
LOS ANGELES,2023,248,21.500000
LOS ANGELES,2023,247,
LOS ANGELES,2023,246,
LOS ANGELES,2023,245,
LOS ANGELES,2023,244,21.500000
LOS ANGELES,2023,243,21.500000
LOS ANGELES,2023,242,21.500000
LOS ANGELES,2023,241,22.500000
LOS ANGELES,2023,240,20.333333
LOS ANGELES,2023,239,
LOS ANGELES,2023,238,
LOS ANGELES,2023,237,20.333333
LOS ANGELES,2023,236,20.333333
LOS ANGELES,2023,235,20.333333
LOS ANGELES,2023,234,20.333333
LOS ANGELES,2023,233,20.333333
LOS ANGELES,2023,232,
LOS ANGELES,2023,231,
LOS ANGELES,2023,230,20.333333
LOS ANGELES,2023,229,20.333333
LOS ANGELES,2023,228,20.333333
LOS ANGELES,2023,227,20.333333
LOS ANGELES,2023,226,20.333333
LOS ANGELES,2023,225,
LOS ANGELES,2023,224,
LOS ANGELES,2023,223,20.333333
LOS ANGELES,2023,222,20.333333
LOS ANGELES,2023,221,20.666666
LOS ANGELES,2023,220,20.666666
LOS ANGELES,2023,219,21.833333
LOS ANGELES,2023,218,
LOS ANGELES,2023,217,
LOS ANGELES,2023,216,28.250000
LOS ANGELES,2023,215,28.250000
LOS ANGELES,2023,214,28.250000
LOS ANGELES,2023,213,29.500000
LOS ANGELES,2023,212,31.500000
LOS ANGELES,2023,211,
LOS ANGELES,2023,210,
LOS ANGELES,2023,209,31.500000
LOS ANGELES,2023,208,31.500000
LOS ANGELES,2023,207,31.500000
LOS ANGELES,2023,206,31.500000
LOS ANGELES,2023,205,31.500000
LOS ANGELES,2023,204,
LOS ANGELES,2023,203,
LOS ANGELES,2023,202,30.000000
LOS ANGELES,2023,201,31.250000
LOS ANGELES,2023,200,31.250000
LOS ANGELES,2023,199,31.250000
LOS ANGELES,2023,198,32.250000
LOS ANGELES,2023,197,
LOS ANGELES,2023,196,
LOS ANGELES,2023,195,31.833333
LOS ANGELES,2023,194,31.833333
LOS ANGELES,2023,193,31.833333
LOS ANGELES,2023,192,31.833333
LOS ANGELES,2023,191,31.833333
LOS ANGELES,2023,190,
LOS ANGELES,2023,189,
LOS ANGELES,2023,188,31.833333
LOS ANGELES,2023,187,31.833333
LOS ANGELES,2023,186,31.833333
LOS ANGELES,2023,185,
LOS ANGELES,2023,184,31.833333
LOS ANGELES,2023,183,
LOS ANGELES,2023,182,
LOS ANGELES,2023,181,31.833333
LOS ANGELES,2023,180,31.833333
LOS ANGELES,2023,179,31.833333
LOS ANGELES,2023,178,31.833333
LOS ANGELES,2023,177,31.833333
LOS ANGELES,2023,176,
LOS ANGELES,2023,175,
LOS ANGELES,2023,174,31.833333
LOS ANGELES,2023,173,26.000000
LOS ANGELES,2023,172,26.000000
LOS ANGELES,2023,171,26.000000
LOS ANGELES,2023,170,
LOS ANGELES,2023,169,
LOS ANGELES,2023,168,
LOS ANGELES,2023,167,22.500000
LOS ANGELES,2023,166,22.500000
LOS ANGELES,2023,165,22.500000
LOS ANGELES,2023,164,22.500000
LOS ANGELES,2023,163,21.333333
LOS ANGELES,2023,162,
LOS ANGELES,2023,161,
LOS ANGELES,2023,160,21.125000
LOS ANGELES,2023,159,21.125000
LOS ANGELES,2023,158,21.125000
LOS ANGELES,2023,157,19.833333
LOS ANGELES,2023,156,19.833333
LOS ANGELES,2023,155,
LOS ANGELES,2023,154,
LOS ANGELES,2023,153,19.833333
LOS ANGELES,2023,152,19.833333
LOS ANGELES,2023,151,19.833333
LOS ANGELES,2023,150,19.833333
LOS ANGELES,2023,149,
LOS ANGELES,2023,148,
LOS ANGELES,2023,147,
LOS ANGELES,2023,146,19.833333
LOS ANGELES,2023,145,19.833333
LOS ANGELES,2023,144,21.166666
LOS ANGELES,2023,143,21.166666
LOS ANGELES,2023,142,21.166666
LOS ANGELES,2023,141,
LOS ANGELES,2023,140,
LOS ANGELES,2023,139,21.166666
LOS ANGELES,2023,138,22.333333
LOS ANGELES,2023,137,22.333333
LOS ANGELES,2023,136,22.333333
LOS ANGELES,2023,135,22.333333
LOS ANGELES,2023,134,
LOS ANGELES,2023,133,
LOS ANGELES,2023,132,22.333333
LOS ANGELES,2023,131,22.333333
LOS ANGELES,2023,130,22.333333
LOS ANGELES,2023,129,22.333333
LOS ANGELES,2023,128,22.333333
LOS ANGELES,2023,127,
LOS ANGELES,2023,126,
LOS ANGELES,2023,125,22.333333
LOS ANGELES,2023,124,22.333333
LOS ANGELES,2023,123,22.333333
LOS ANGELES,2023,122,22.333333
LOS ANGELES,2023,121,22.333333
LOS ANGELES,2023,120,
LOS ANGELES,2023,119,
LOS ANGELES,2023,118,22.333333
LOS ANGELES,2023,117,22.333333
LOS ANGELES,2023,116,21.500000
LOS ANGELES,2023,115,21.500000
LOS ANGELES,2023,114,21.500000
LOS ANGELES,2023,113,
LOS ANGELES,2023,112,
LOS ANGELES,2023,111,21.500000
LOS ANGELES,2023,110,21.500000
LOS ANGELES,2023,109,21.500000
LOS ANGELES,2023,108,21.500000
LOS ANGELES,2023,107,21.500000
LOS ANGELES,2023,106,
LOS ANGELES,2023,105,
LOS ANGELES,2023,104,21.500000
LOS ANGELES,2023,103,21.500000
LOS ANGELES,2023,102,21.500000
LOS ANGELES,2023,101,21.500000
LOS ANGELES,2023,100,26.166666
LOS ANGELES,2023,99,
LOS ANGELES,2023,98,
LOS ANGELES,2023,97,26.166666
LOS ANGELES,2023,96,26.166666
LOS ANGELES,2023,95,26.166666
LOS ANGELES,2023,94,26.166666
LOS ANGELES,2023,93,26.166666
LOS ANGELES,2023,92,
LOS ANGELES,2023,91,
LOS ANGELES,2023,90,26.166666
LOS ANGELES,2023,89,26.166666
LOS ANGELES,2023,88,27.166666
LOS ANGELES,2023,87,27.166666
LOS ANGELES,2023,86,27.166666
LOS ANGELES,2023,85,
LOS ANGELES,2023,84,
LOS ANGELES,2023,83,27.166666
LOS ANGELES,2023,82,27.166666
LOS ANGELES,2023,81,27.166666
LOS ANGELES,2023,80,27.166666
LOS ANGELES,2023,79,25.833333
LOS ANGELES,2023,78,
LOS ANGELES,2023,77,
LOS ANGELES,2023,76,25.833333
LOS ANGELES,2023,75,25.833333
LOS ANGELES,2023,74,25.833333
LOS ANGELES,2023,73,25.833333
LOS ANGELES,2023,72,25.833333
LOS ANGELES,2023,71,
LOS ANGELES,2023,70,
LOS ANGELES,2023,69,25.833333
LOS ANGELES,2023,68,25.833333
LOS ANGELES,2023,67,25.833333
LOS ANGELES,2023,66,25.833333
LOS ANGELES,2023,65,28.500000
LOS ANGELES,2023,64,
LOS ANGELES,2023,63,
LOS ANGELES,2023,62,32.333333
LOS ANGELES,2023,61,32.333333
LOS ANGELES,2023,60,32.333333
LOS ANGELES,2023,59,31.833333
LOS ANGELES,2023,58,31.875000
LOS ANGELES,2023,57,
LOS ANGELES,2023,56,
LOS ANGELES,2023,55,33.000000
LOS ANGELES,2023,54,33.000000
LOS ANGELES,2023,53,33.000000
LOS ANGELES,2023,52,33.000000
LOS ANGELES,2023,51,
LOS ANGELES,2023,50,
LOS ANGELES,2023,49,
LOS ANGELES,2023,48,32.500000
LOS ANGELES,2023,47,30.125000
LOS ANGELES,2023,46,30.125000
LOS ANGELES,2023,45,30.125000
LOS ANGELES,2023,44,30.125000
LOS ANGELES,2023,43,
LOS ANGELES,2023,42,
LOS ANGELES,2023,41,30.125000
LOS ANGELES,2023,40,30.125000
LOS ANGELES,2023,39,28.000000
LOS ANGELES,2023,38,28.000000
LOS ANGELES,2023,37,28.000000
LOS ANGELES,2023,36,
LOS ANGELES,2023,35,
LOS ANGELES,2023,34,26.500000
LOS ANGELES,2023,33,26.500000
LOS ANGELES,2023,32,26.500000
LOS ANGELES,2023,31,27.500000
LOS ANGELES,2023,30,27.500000
LOS ANGELES,2023,29,
LOS ANGELES,2023,28,
LOS ANGELES,2023,27,27.500000
LOS ANGELES,2023,26,27.500000
LOS ANGELES,2023,25,27.500000
LOS ANGELES,2023,24,26.500000
LOS ANGELES,2023,23,28.333333
LOS ANGELES,2023,22,
LOS ANGELES,2023,21,
LOS ANGELES,2023,20,28.333333
LOS ANGELES,2023,19,28.333333
LOS ANGELES,2023,18,28.333333
LOS ANGELES,2023,17,27.500000
LOS ANGELES,2023,16,
LOS ANGELES,2023,15,
LOS ANGELES,2023,14,
LOS ANGELES,2023,13,27.500000
LOS ANGELES,2023,12,27.500000
LOS ANGELES,2023,11,27.500000
LOS ANGELES,2023,10,29.833333
LOS ANGELES,2023,9,29.833333
LOS ANGELES,2023,8,
LOS ANGELES,2023,7,
LOS ANGELES,2023,6,29.833333
LOS ANGELES,2023,5,29.833333
LOS ANGELES,2023,4,29.833333
LOS ANGELES,2023,3,29.833333
LOS ANGELES,2023,2,
MIAMI,2023,366,
MIAMI,2023,365,
MIAMI,2023,364,
MIAMI,2023,363,29.000000
MIAMI,2023,362,29.000000
MIAMI,2023,361,29.000000
MIAMI,2023,360,29.000000
MIAMI,2023,359,
MIAMI,2023,358,
MIAMI,2023,357,
MIAMI,2023,356,29.000000
MIAMI,2023,355,29.000000
MIAMI,2023,354,29.000000
MIAMI,2023,353,28.250000
MIAMI,2023,352,28.250000
MIAMI,2023,351,
MIAMI,2023,350,
MIAMI,2023,349,28.250000
MIAMI,2023,348,28.250000
MIAMI,2023,347,28.250000
MIAMI,2023,346,28.250000
MIAMI,2023,345,28.250000
MIAMI,2023,344,
MIAMI,2023,343,
MIAMI,2023,342,29.500000
MIAMI,2023,341,29.500000
MIAMI,2023,340,29.500000
MIAMI,2023,339,29.500000
MIAMI,2023,338,29.500000
MIAMI,2023,337,
MIAMI,2023,336,
MIAMI,2023,335,29.500000
MIAMI,2023,334,29.500000
MIAMI,2023,333,29.500000
MIAMI,2023,332,29.500000
MIAMI,2023,331,29.500000
MIAMI,2023,330,
MIAMI,2023,329,
MIAMI,2023,328,29.166666
MIAMI,2023,327,
MIAMI,2023,326,29.166666
MIAMI,2023,325,29.166666
MIAMI,2023,324,29.166666
MIAMI,2023,323,
MIAMI,2023,322,
MIAMI,2023,321,29.166666
MIAMI,2023,320,29.166666
MIAMI,2023,319,29.166666
MIAMI,2023,318,29.166666
MIAMI,2023,317,29.166666
MIAMI,2023,316,
MIAMI,2023,315,
MIAMI,2023,314,
MIAMI,2023,313,29.166666
MIAMI,2023,312,29.166666
MIAMI,2023,311,29.166666
MIAMI,2023,310,29.166666
MIAMI,2023,309,
MIAMI,2023,308,
MIAMI,2023,307,29.166666
MIAMI,2023,306,29.166666
MIAMI,2023,305,29.166666
MIAMI,2023,304,29.166666
MIAMI,2023,303,29.166666
MIAMI,2023,302,
MIAMI,2023,301,
MIAMI,2023,300,29.166666
MIAMI,2023,299,29.166666
MIAMI,2023,298,29.166666
MIAMI,2023,297,29.166666
MIAMI,2023,296,29.166666
MIAMI,2023,295,
MIAMI,2023,294,
MIAMI,2023,293,29.166666
MIAMI,2023,292,29.166666
MIAMI,2023,291,29.166666
MIAMI,2023,290,29.166666
MIAMI,2023,289,29.166666
MIAMI,2023,288,
MIAMI,2023,287,
MIAMI,2023,286,29.166666
MIAMI,2023,285,29.166666
MIAMI,2023,284,29.166666
MIAMI,2023,283,29.166666
MIAMI,2023,282,
MIAMI,2023,281,
MIAMI,2023,280,
MIAMI,2023,279,29.166666
MIAMI,2023,278,29.166666
MIAMI,2023,277,29.166666
MIAMI,2023,276,29.166666
MIAMI,2023,275,29.166666
MIAMI,2023,274,
MIAMI,2023,273,
MIAMI,2023,272,29.166666
MIAMI,2023,271,29.166666
MIAMI,2023,270,29.166666
MIAMI,2023,269,29.166666
MIAMI,2023,268,29.166666
MIAMI,2023,267,
MIAMI,2023,266,
MIAMI,2023,265,29.166666
MIAMI,2023,264,29.166666
MIAMI,2023,263,29.166666
MIAMI,2023,262,29.166666
MIAMI,2023,261,29.166666
MIAMI,2023,260,
MIAMI,2023,259,
MIAMI,2023,258,29.166666
MIAMI,2023,257,29.166666
MIAMI,2023,256,29.166666
MIAMI,2023,255,29.166666
MIAMI,2023,254,29.166666
MIAMI,2023,253,
MIAMI,2023,252,
MIAMI,2023,251,29.166666
MIAMI,2023,250,29.166666
MIAMI,2023,249,29.166666
MIAMI,2023,248,29.166666
MIAMI,2023,247,
MIAMI,2023,246,
MIAMI,2023,245,
MIAMI,2023,244,29.166666
MIAMI,2023,243,29.166666
MIAMI,2023,242,29.166666
MIAMI,2023,241,29.166666
MIAMI,2023,240,29.166666
MIAMI,2023,239,
MIAMI,2023,238,
MIAMI,2023,237,28.500000
MIAMI,2023,236,28.500000
MIAMI,2023,235,28.500000
MIAMI,2023,234,28.500000
MIAMI,2023,233,28.500000
MIAMI,2023,232,
MIAMI,2023,231,
MIAMI,2023,230,28.500000
MIAMI,2023,229,28.500000
MIAMI,2023,228,28.500000
MIAMI,2023,227,28.500000
MIAMI,2023,226,28.500000
MIAMI,2023,225,
MIAMI,2023,224,
MIAMI,2023,223,28.500000
MIAMI,2023,222,28.500000
MIAMI,2023,221,28.500000
MIAMI,2023,220,28.500000
MIAMI,2023,219,28.500000
MIAMI,2023,218,
MIAMI,2023,217,
MIAMI,2023,216,28.500000
MIAMI,2023,215,28.500000
MIAMI,2023,214,28.500000
MIAMI,2023,213,28.500000
MIAMI,2023,212,28.500000
MIAMI,2023,211,
MIAMI,2023,210,
MIAMI,2023,209,28.500000
MIAMI,2023,208,28.500000
MIAMI,2023,207,28.500000
MIAMI,2023,206,28.500000
MIAMI,2023,205,28.500000
MIAMI,2023,204,
MIAMI,2023,203,
MIAMI,2023,202,26.250000
MIAMI,2023,201,26.250000
MIAMI,2023,200,26.250000
MIAMI,2023,199,26.250000
MIAMI,2023,198,26.250000
MIAMI,2023,197,
MIAMI,2023,196,
MIAMI,2023,195,26.250000
MIAMI,2023,194,26.250000
MIAMI,2023,193,26.250000
MIAMI,2023,192,26.250000
MIAMI,2023,191,26.250000
MIAMI,2023,190,
MIAMI,2023,189,
MIAMI,2023,188,26.250000
MIAMI,2023,187,26.250000
MIAMI,2023,186,26.250000
MIAMI,2023,185,
MIAMI,2023,184,26.250000
MIAMI,2023,183,
MIAMI,2023,182,
MIAMI,2023,181,26.250000
MIAMI,2023,180,26.250000
MIAMI,2023,179,26.250000
MIAMI,2023,178,26.250000
MIAMI,2023,177,26.250000
MIAMI,2023,176,
MIAMI,2023,175,
MIAMI,2023,174,26.250000
MIAMI,2023,173,26.250000
MIAMI,2023,172,26.250000
MIAMI,2023,171,26.250000
MIAMI,2023,170,
MIAMI,2023,169,
MIAMI,2023,168,
MIAMI,2023,167,25.750000
MIAMI,2023,166,25.750000
MIAMI,2023,165,25.750000
MIAMI,2023,164,25.750000
MIAMI,2023,163,25.750000
MIAMI,2023,162,
MIAMI,2023,161,
MIAMI,2023,160,36.000000
MIAMI,2023,159,36.000000
MIAMI,2023,158,36.000000
MIAMI,2023,157,36.000000
MIAMI,2023,156,36.000000
MIAMI,2023,155,
MIAMI,2023,154,
MIAMI,2023,153,36.000000
MIAMI,2023,152,36.000000
MIAMI,2023,151,36.000000
MIAMI,2023,150,36.000000
MIAMI,2023,149,
MIAMI,2023,148,
MIAMI,2023,147,
MIAMI,2023,146,36.000000
MIAMI,2023,145,36.000000
MIAMI,2023,144,36.000000
MIAMI,2023,143,36.000000
MIAMI,2023,142,36.000000
MIAMI,2023,141,
MIAMI,2023,140,
MIAMI,2023,139,36.000000
MIAMI,2023,138,36.000000
MIAMI,2023,137,36.000000
MIAMI,2023,136,36.000000
MIAMI,2023,135,36.000000
MIAMI,2023,134,
MIAMI,2023,133,
MIAMI,2023,132,36.000000
MIAMI,2023,131,36.000000
MIAMI,2023,130,36.000000
MIAMI,2023,129,36.000000
MIAMI,2023,128,36.000000
MIAMI,2023,127,
MIAMI,2023,126,
MIAMI,2023,125,36.000000
MIAMI,2023,124,36.000000
MIAMI,2023,123,36.000000
MIAMI,2023,122,36.000000
MIAMI,2023,121,36.000000
MIAMI,2023,120,
MIAMI,2023,119,
MIAMI,2023,118,36.000000
MIAMI,2023,117,36.000000
MIAMI,2023,116,36.000000
MIAMI,2023,115,36.000000
MIAMI,2023,114,36.000000
MIAMI,2023,113,
MIAMI,2023,112,
MIAMI,2023,111,36.000000
MIAMI,2023,110,36.000000
MIAMI,2023,109,36.000000
MIAMI,2023,108,36.000000
MIAMI,2023,107,36.000000
MIAMI,2023,106,
MIAMI,2023,105,
MIAMI,2023,104,36.000000
MIAMI,2023,103,36.000000
MIAMI,2023,102,36.000000
MIAMI,2023,101,36.000000
MIAMI,2023,100,36.000000
MIAMI,2023,99,
MIAMI,2023,98,
MIAMI,2023,97,36.000000
MIAMI,2023,96,36.000000
MIAMI,2023,95,36.000000
MIAMI,2023,94,36.000000
MIAMI,2023,93,36.000000
MIAMI,2023,92,
MIAMI,2023,91,
MIAMI,2023,90,36.000000
MIAMI,2023,89,36.000000
MIAMI,2023,88,36.000000
MIAMI,2023,87,36.000000
MIAMI,2023,86,36.000000
MIAMI,2023,85,
MIAMI,2023,84,
MIAMI,2023,83,36.000000
MIAMI,2023,82,36.000000
MIAMI,2023,81,36.000000
MIAMI,2023,80,36.000000
MIAMI,2023,79,36.000000
MIAMI,2023,78,
MIAMI,2023,77,
MIAMI,2023,76,36.000000
MIAMI,2023,75,36.000000
MIAMI,2023,74,36.000000
MIAMI,2023,73,36.000000
MIAMI,2023,72,36.000000
MIAMI,2023,71,
MIAMI,2023,70,
MIAMI,2023,69,36.000000
MIAMI,2023,68,36.000000
MIAMI,2023,67,36.000000
MIAMI,2023,66,36.000000
MIAMI,2023,65,36.000000
MIAMI,2023,64,
MIAMI,2023,63,
MIAMI,2023,62,36.000000
MIAMI,2023,61,36.000000
MIAMI,2023,60,36.000000
MIAMI,2023,59,36.000000
MIAMI,2023,58,36.000000
MIAMI,2023,57,
MIAMI,2023,56,
MIAMI,2023,55,36.000000
MIAMI,2023,54,36.000000
MIAMI,2023,53,36.000000
MIAMI,2023,52,36.000000
MIAMI,2023,51,
MIAMI,2023,50,
MIAMI,2023,49,
MIAMI,2023,48,36.000000
MIAMI,2023,47,36.000000
MIAMI,2023,46,36.000000
MIAMI,2023,45,36.000000
MIAMI,2023,44,36.000000
MIAMI,2023,43,
MIAMI,2023,42,
MIAMI,2023,41,36.000000
MIAMI,2023,40,36.000000
MIAMI,2023,39,36.000000
MIAMI,2023,38,31.750000
MIAMI,2023,37,31.750000
MIAMI,2023,36,
MIAMI,2023,35,
MIAMI,2023,34,31.750000
MIAMI,2023,33,31.750000
MIAMI,2023,32,31.750000
MIAMI,2023,31,31.750000
MIAMI,2023,30,31.750000
MIAMI,2023,29,
MIAMI,2023,28,
MIAMI,2023,27,31.750000
MIAMI,2023,26,31.750000
MIAMI,2023,25,31.750000
MIAMI,2023,24,28.000000
MIAMI,2023,23,28.000000
MIAMI,2023,22,
MIAMI,2023,21,
MIAMI,2023,20,28.000000
MIAMI,2023,19,28.000000
MIAMI,2023,18,28.000000
MIAMI,2023,17,28.000000
MIAMI,2023,16,
MIAMI,2023,15,
MIAMI,2023,14,
MIAMI,2023,13,28.000000
MIAMI,2023,12,28.000000
MIAMI,2023,11,28.000000
MIAMI,2023,10,29.250000
MIAMI,2023,9,29.250000
MIAMI,2023,8,
MIAMI,2023,7,
MIAMI,2023,6,29.250000
MIAMI,2023,5,29.250000
MIAMI,2023,4,29.250000
MIAMI,2023,3,29.250000
MIAMI,2023,2,
NEW YORK,2023,366,
NEW YORK,2023,365,
NEW YORK,2023,364,
NEW YORK,2023,363,21.100000
NEW YORK,2023,362,22.083333
NEW YORK,2023,361,21.700000
NEW YORK,2023,360,
NEW YORK,2023,359,
NEW YORK,2023,358,
NEW YORK,2023,357,
NEW YORK,2023,356,18.625000
NEW YORK,2023,355,18.625000
NEW YORK,2023,354,21.333333
NEW YORK,2023,353,21.333333
NEW YORK,2023,352,20.375000
NEW YORK,2023,351,
NEW YORK,2023,350,
NEW YORK,2023,349,22.300000
NEW YORK,2023,348,22.300000
NEW YORK,2023,347,22.300000
NEW YORK,2023,346,21.583333
NEW YORK,2023,345,21.666666
NEW YORK,2023,344,
NEW YORK,2023,343,
NEW YORK,2023,342,21.666666
NEW YORK,2023,341,20.400000
NEW YORK,2023,340,23.000000
NEW YORK,2023,339,24.200000
NEW YORK,2023,338,25.750000
NEW YORK,2023,337,
NEW YORK,2023,336,
NEW YORK,2023,335,23.333333
NEW YORK,2023,334,23.333333
NEW YORK,2023,333,31.666666
NEW YORK,2023,332,31.666666
NEW YORK,2023,331,31.500000
NEW YORK,2023,330,
NEW YORK,2023,329,
NEW YORK,2023,328,
NEW YORK,2023,327,
NEW YORK,2023,326,23.500000
NEW YORK,2023,325,23.333333
NEW YORK,2023,324,23.000000
NEW YORK,2023,323,
NEW YORK,2023,322,
NEW YORK,2023,321,24.666666
NEW YORK,2023,320,24.666666
NEW YORK,2023,319,24.666666
NEW YORK,2023,318,24.666666
NEW YORK,2023,317,24.666666
NEW YORK,2023,316,
NEW YORK,2023,315,
NEW YORK,2023,314,
NEW YORK,2023,313,20.666666
NEW YORK,2023,312,20.666666
NEW YORK,2023,311,23.250000
NEW YORK,2023,310,23.250000
NEW YORK,2023,309,
NEW YORK,2023,308,
NEW YORK,2023,307,23.250000
NEW YORK,2023,306,23.250000
NEW YORK,2023,305,23.250000
NEW YORK,2023,304,23.250000
NEW YORK,2023,303,20.333333
NEW YORK,2023,302,
NEW YORK,2023,301,
NEW YORK,2023,300,21.375000
NEW YORK,2023,299,21.375000
NEW YORK,2023,298,21.375000
NEW YORK,2023,297,21.625000
NEW YORK,2023,296,21.625000
NEW YORK,2023,295,
NEW YORK,2023,294,
NEW YORK,2023,293,24.583333
NEW YORK,2023,292,24.583333
NEW YORK,2023,291,25.357142
NEW YORK,2023,290,25.000000
NEW YORK,2023,289,25.166666
NEW YORK,2023,288,
NEW YORK,2023,287,
NEW YORK,2023,286,24.166666
NEW YORK,2023,285,24.166666
NEW YORK,2023,284,24.166666
NEW YORK,2023,283,23.750000
NEW YORK,2023,282,
NEW YORK,2023,281,
NEW YORK,2023,280,
NEW YORK,2023,279,23.666666
NEW YORK,2023,278,23.666666
NEW YORK,2023,277,23.666666
NEW YORK,2023,276,21.400000
NEW YORK,2023,275,20.333333
NEW YORK,2023,274,
NEW YORK,2023,273,
NEW YORK,2023,272,21.250000
NEW YORK,2023,271,21.250000
NEW YORK,2023,270,21.200000
NEW YORK,2023,269,20.800000
NEW YORK,2023,268,20.600000
NEW YORK,2023,267,
NEW YORK,2023,266,
NEW YORK,2023,265,19.700000
NEW YORK,2023,264,19.900000
NEW YORK,2023,263,19.900000
NEW YORK,2023,262,19.900000
NEW YORK,2023,261,19.900000
NEW YORK,2023,260,
NEW YORK,2023,259,
NEW YORK,2023,258,20.583333
NEW YORK,2023,257,20.583333
NEW YORK,2023,256,20.500000
NEW YORK,2023,255,22.250000
NEW YORK,2023,254,21.857142
NEW YORK,2023,253,
NEW YORK,2023,252,
NEW YORK,2023,251,21.250000
NEW YORK,2023,250,21.357142
NEW YORK,2023,249,21.916666
NEW YORK,2023,248,21.916666
NEW YORK,2023,247,
NEW YORK,2023,246,
NEW YORK,2023,245,
NEW YORK,2023,244,24.357142
NEW YORK,2023,243,24.357142
NEW YORK,2023,242,23.812500
NEW YORK,2023,241,22.500000
NEW YORK,2023,240,22.900000
NEW YORK,2023,239,
NEW YORK,2023,238,
NEW YORK,2023,237,22.687500
NEW YORK,2023,236,22.687500
NEW YORK,2023,235,22.687500
NEW YORK,2023,234,20.571428
NEW YORK,2023,233,21.571428
NEW YORK,2023,232,
NEW YORK,2023,231,
NEW YORK,2023,230,23.200000
NEW YORK,2023,229,23.200000
NEW YORK,2023,228,22.791666
NEW YORK,2023,227,22.791666
NEW YORK,2023,226,22.450000
NEW YORK,2023,225,
NEW YORK,2023,224,
NEW YORK,2023,223,23.833333
NEW YORK,2023,222,23.833333
NEW YORK,2023,221,23.833333
NEW YORK,2023,220,23.071428
NEW YORK,2023,219,23.071428
NEW YORK,2023,218,
NEW YORK,2023,217,
NEW YORK,2023,216,22.200000
NEW YORK,2023,215,21.800000
NEW YORK,2023,214,22.500000
NEW YORK,2023,213,22.700000
NEW YORK,2023,212,28.000000
NEW YORK,2023,211,
NEW YORK,2023,210,
NEW YORK,2023,209,29.400000
NEW YORK,2023,208,29.400000
NEW YORK,2023,207,26.166666
NEW YORK,2023,206,26.166666
NEW YORK,2023,205,26.166666
NEW YORK,2023,204,
NEW YORK,2023,203,
NEW YORK,2023,202,29.500000
NEW YORK,2023,201,29.500000
NEW YORK,2023,200,28.875000
NEW YORK,2023,199,26.300000
NEW YORK,2023,198,26.200000
NEW YORK,2023,197,
NEW YORK,2023,196,
NEW YORK,2023,195,26.666666
NEW YORK,2023,194,26.666666
NEW YORK,2023,193,27.750000
NEW YORK,2023,192,27.750000
NEW YORK,2023,191,28.500000
NEW YORK,2023,190,
NEW YORK,2023,189,
NEW YORK,2023,188,24.100000
NEW YORK,2023,187,24.100000
NEW YORK,2023,186,22.833333
NEW YORK,2023,185,
NEW YORK,2023,184,22.833333
NEW YORK,2023,183,
NEW YORK,2023,182,
NEW YORK,2023,181,20.875000
NEW YORK,2023,180,25.250000
NEW YORK,2023,179,25.000000
NEW YORK,2023,178,25.000000
NEW YORK,2023,177,21.000000
NEW YORK,2023,176,
NEW YORK,2023,175,
NEW YORK,2023,174,19.250000
NEW YORK,2023,173,19.250000
NEW YORK,2023,172,21.000000
NEW YORK,2023,171,19.300000
NEW YORK,2023,170,
NEW YORK,2023,169,
NEW YORK,2023,168,
NEW YORK,2023,167,19.250000
NEW YORK,2023,166,19.416666
NEW YORK,2023,165,19.700000
NEW YORK,2023,164,20.166666
NEW YORK,2023,163,20.166666
NEW YORK,2023,162,
NEW YORK,2023,161,
NEW YORK,2023,160,17.571428
NEW YORK,2023,159,17.571428
NEW YORK,2023,158,20.166666
NEW YORK,2023,157,20.166666
NEW YORK,2023,156,20.125000
NEW YORK,2023,155,
NEW YORK,2023,154,
NEW YORK,2023,153,21.700000
NEW YORK,2023,152,21.700000
NEW YORK,2023,151,21.000000
NEW YORK,2023,150,21.000000
NEW YORK,2023,149,
NEW YORK,2023,148,
NEW YORK,2023,147,
NEW YORK,2023,146,23.500000
NEW YORK,2023,145,23.583333
NEW YORK,2023,144,23.416666
NEW YORK,2023,143,22.500000
NEW YORK,2023,142,22.500000
NEW YORK,2023,141,
NEW YORK,2023,140,
NEW YORK,2023,139,22.500000
NEW YORK,2023,138,22.500000
NEW YORK,2023,137,22.500000
NEW YORK,2023,136,22.500000
NEW YORK,2023,135,23.700000
NEW YORK,2023,134,
NEW YORK,2023,133,
NEW YORK,2023,132,23.583333
NEW YORK,2023,131,23.583333
NEW YORK,2023,130,24.100000
NEW YORK,2023,129,24.100000
NEW YORK,2023,128,22.500000
NEW YORK,2023,127,
NEW YORK,2023,126,
NEW YORK,2023,125,21.100000
NEW YORK,2023,124,21.583333
NEW YORK,2023,123,21.300000
NEW YORK,2023,122,21.500000
NEW YORK,2023,121,21.300000
NEW YORK,2023,120,
NEW YORK,2023,119,
NEW YORK,2023,118,24.300000
NEW YORK,2023,117,26.916666
NEW YORK,2023,116,25.642857
NEW YORK,2023,115,25.785714
NEW YORK,2023,114,22.800000
NEW YORK,2023,113,
NEW YORK,2023,112,
NEW YORK,2023,111,22.800000
NEW YORK,2023,110,22.800000
NEW YORK,2023,109,22.750000
NEW YORK,2023,108,23.714285
NEW YORK,2023,107,24.400000
NEW YORK,2023,106,
NEW YORK,2023,105,
NEW YORK,2023,104,26.428571
NEW YORK,2023,103,26.428571
NEW YORK,2023,102,26.166666
NEW YORK,2023,101,23.400000
NEW YORK,2023,100,
NEW YORK,2023,99,
NEW YORK,2023,98,
NEW YORK,2023,97,23.125000
NEW YORK,2023,96,22.875000
NEW YORK,2023,95,24.300000
NEW YORK,2023,94,24.300000
NEW YORK,2023,93,25.100000
NEW YORK,2023,92,
NEW YORK,2023,91,
NEW YORK,2023,90,27.916666
NEW YORK,2023,89,27.916666
NEW YORK,2023,88,28.250000
NEW YORK,2023,87,30.000000
NEW YORK,2023,86,30.000000
NEW YORK,2023,85,
NEW YORK,2023,84,
NEW YORK,2023,83,27.500000
NEW YORK,2023,82,27.750000
NEW YORK,2023,81,30.750000
NEW YORK,2023,80,31.000000
NEW YORK,2023,79,30.750000
NEW YORK,2023,78,
NEW YORK,2023,77,
NEW YORK,2023,76,35.000000
NEW YORK,2023,75,29.000000
NEW YORK,2023,74,29.000000
NEW YORK,2023,73,32.000000
NEW YORK,2023,72,32.000000
NEW YORK,2023,71,
NEW YORK,2023,70,
NEW YORK,2023,69,30.666666
NEW YORK,2023,68,30.000000
NEW YORK,2023,67,30.000000
NEW YORK,2023,66,29.800000
NEW YORK,2023,65,29.800000
NEW YORK,2023,64,
NEW YORK,2023,63,
NEW YORK,2023,62,25.500000
NEW YORK,2023,61,25.500000
NEW YORK,2023,60,28.100000
NEW YORK,2023,59,27.166666
NEW YORK,2023,58,26.500000
NEW YORK,2023,57,
NEW YORK,2023,56,
NEW YORK,2023,55,26.833333
NEW YORK,2023,54,26.833333
NEW YORK,2023,53,26.833333
NEW YORK,2023,52,27.875000
NEW YORK,2023,51,
NEW YORK,2023,50,
NEW YORK,2023,49,
NEW YORK,2023,48,33.000000
NEW YORK,2023,47,33.000000
NEW YORK,2023,46,33.000000
NEW YORK,2023,45,33.000000
NEW YORK,2023,44,26.166666
NEW YORK,2023,43,
NEW YORK,2023,42,
NEW YORK,2023,41,27.250000
NEW YORK,2023,40,27.250000
NEW YORK,2023,39,27.250000
NEW YORK,2023,38,26.916666
NEW YORK,2023,37,25.500000
NEW YORK,2023,36,
NEW YORK,2023,35,
NEW YORK,2023,34,25.300000
NEW YORK,2023,33,25.100000
NEW YORK,2023,32,23.125000
NEW YORK,2023,31,23.625000
NEW YORK,2023,30,24.125000
NEW YORK,2023,29,
NEW YORK,2023,28,
NEW YORK,2023,27,28.750000
NEW YORK,2023,26,28.583333
NEW YORK,2023,25,28.583333
NEW YORK,2023,24,28.750000
NEW YORK,2023,23,28.750000
NEW YORK,2023,22,
NEW YORK,2023,21,
NEW YORK,2023,20,27.400000
NEW YORK,2023,19,27.400000
NEW YORK,2023,18,27.900000
NEW YORK,2023,17,27.900000
NEW YORK,2023,16,
NEW YORK,2023,15,
NEW YORK,2023,14,
NEW YORK,2023,13,26.800000
NEW YORK,2023,12,26.800000
NEW YORK,2023,11,25.700000
NEW YORK,2023,10,26.100000
NEW YORK,2023,9,23.700000
NEW YORK,2023,8,
NEW YORK,2023,7,
NEW YORK,2023,6,23.375000
NEW YORK,2023,5,26.142857
NEW YORK,2023,4,25.200000
NEW YORK,2023,3,25.200000
NEW YORK,2023,2,
PHILADELPHIA,2023,366,
PHILADELPHIA,2023,365,
PHILADELPHIA,2023,364,
PHILADELPHIA,2023,363,31.800000
PHILADELPHIA,2023,362,34.750000
PHILADELPHIA,2023,361,34.750000
PHILADELPHIA,2023,360,37.000000
PHILADELPHIA,2023,359,
PHILADELPHIA,2023,358,
PHILADELPHIA,2023,357,
PHILADELPHIA,2023,356,35.625000
PHILADELPHIA,2023,355,35.625000
PHILADELPHIA,2023,354,35.625000
PHILADELPHIA,2023,353,35.625000
PHILADELPHIA,2023,352,35.625000
PHILADELPHIA,2023,351,
PHILADELPHIA,2023,350,
PHILADELPHIA,2023,349,42.000000
PHILADELPHIA,2023,348,42.000000
PHILADELPHIA,2023,347,42.000000
PHILADELPHIA,2023,346,26.500000
PHILADELPHIA,2023,345,26.500000
PHILADELPHIA,2023,344,
PHILADELPHIA,2023,343,
PHILADELPHIA,2023,342,31.000000
PHILADELPHIA,2023,341,31.000000
PHILADELPHIA,2023,340,31.000000
PHILADELPHIA,2023,339,31.000000
PHILADELPHIA,2023,338,31.000000
PHILADELPHIA,2023,337,
PHILADELPHIA,2023,336,
PHILADELPHIA,2023,335,37.500000
PHILADELPHIA,2023,334,37.500000
PHILADELPHIA,2023,333,37.500000
PHILADELPHIA,2023,332,37.500000
PHILADELPHIA,2023,331,37.500000
PHILADELPHIA,2023,330,
PHILADELPHIA,2023,329,
PHILADELPHIA,2023,328,
PHILADELPHIA,2023,327,
PHILADELPHIA,2023,326,37.000000
PHILADELPHIA,2023,325,38.000000
PHILADELPHIA,2023,324,38.000000
PHILADELPHIA,2023,323,
PHILADELPHIA,2023,322,
PHILADELPHIA,2023,321,29.500000
PHILADELPHIA,2023,320,29.500000
PHILADELPHIA,2023,319,29.500000
PHILADELPHIA,2023,318,29.500000
PHILADELPHIA,2023,317,27.800000
PHILADELPHIA,2023,316,
PHILADELPHIA,2023,315,
PHILADELPHIA,2023,314,
PHILADELPHIA,2023,313,49.000000
PHILADELPHIA,2023,312,49.000000
PHILADELPHIA,2023,311,49.000000
PHILADELPHIA,2023,310,49.000000
PHILADELPHIA,2023,309,
PHILADELPHIA,2023,308,
PHILADELPHIA,2023,307,33.875000
PHILADELPHIA,2023,306,33.875000
PHILADELPHIA,2023,305,33.875000
PHILADELPHIA,2023,304,22.833333
PHILADELPHIA,2023,303,26.750000
PHILADELPHIA,2023,302,
PHILADELPHIA,2023,301,
PHILADELPHIA,2023,300,36.500000
PHILADELPHIA,2023,299,36.500000
PHILADELPHIA,2023,298,42.000000
PHILADELPHIA,2023,297,42.000000
PHILADELPHIA,2023,296,42.000000
PHILADELPHIA,2023,295,
PHILADELPHIA,2023,294,
PHILADELPHIA,2023,293,29.600000
PHILADELPHIA,2023,292,29.600000
PHILADELPHIA,2023,291,31.800000
PHILADELPHIA,2023,290,31.800000
PHILADELPHIA,2023,289,31.200000
PHILADELPHIA,2023,288,
PHILADELPHIA,2023,287,
PHILADELPHIA,2023,286,28.571428
PHILADELPHIA,2023,285,28.571428
PHILADELPHIA,2023,284,26.000000
PHILADELPHIA,2023,283,26.000000
PHILADELPHIA,2023,282,
PHILADELPHIA,2023,281,
PHILADELPHIA,2023,280,
PHILADELPHIA,2023,279,29.500000
PHILADELPHIA,2023,278,29.500000
PHILADELPHIA,2023,277,29.500000
PHILADELPHIA,2023,276,29.500000
PHILADELPHIA,2023,275,29.666666
PHILADELPHIA,2023,274,
PHILADELPHIA,2023,273,
PHILADELPHIA,2023,272,30.500000
PHILADELPHIA,2023,271,30.500000
PHILADELPHIA,2023,270,29.600000
PHILADELPHIA,2023,269,29.600000
PHILADELPHIA,2023,268,29.200000
PHILADELPHIA,2023,267,
PHILADELPHIA,2023,266,
PHILADELPHIA,2023,265,27.600000
PHILADELPHIA,2023,264,27.600000
PHILADELPHIA,2023,263,27.600000
PHILADELPHIA,2023,262,27.600000
PHILADELPHIA,2023,261,27.600000
PHILADELPHIA,2023,260,
PHILADELPHIA,2023,259,
PHILADELPHIA,2023,258,21.625000
PHILADELPHIA,2023,257,21.625000
PHILADELPHIA,2023,256,21.625000
PHILADELPHIA,2023,255,21.166666
PHILADELPHIA,2023,254,21.166666
PHILADELPHIA,2023,253,
PHILADELPHIA,2023,252,
PHILADELPHIA,2023,251,24.833333
PHILADELPHIA,2023,250,24.833333
PHILADELPHIA,2023,249,24.833333
PHILADELPHIA,2023,248,25.000000
PHILADELPHIA,2023,247,
PHILADELPHIA,2023,246,
PHILADELPHIA,2023,245,
PHILADELPHIA,2023,244,25.750000
PHILADELPHIA,2023,243,25.750000
PHILADELPHIA,2023,242,25.625000
PHILADELPHIA,2023,241,25.625000
PHILADELPHIA,2023,240,26.666666
PHILADELPHIA,2023,239,
PHILADELPHIA,2023,238,
PHILADELPHIA,2023,237,30.333333
PHILADELPHIA,2023,236,30.333333
PHILADELPHIA,2023,235,28.250000
PHILADELPHIA,2023,234,29.000000
PHILADELPHIA,2023,233,28.500000
PHILADELPHIA,2023,232,
PHILADELPHIA,2023,231,
PHILADELPHIA,2023,230,32.500000
PHILADELPHIA,2023,229,32.500000
PHILADELPHIA,2023,228,32.500000
PHILADELPHIA,2023,227,32.333333
PHILADELPHIA,2023,226,28.500000
PHILADELPHIA,2023,225,
PHILADELPHIA,2023,224,
PHILADELPHIA,2023,223,24.166666
PHILADELPHIA,2023,222,24.166666
PHILADELPHIA,2023,221,24.166666
PHILADELPHIA,2023,220,24.333333
PHILADELPHIA,2023,219,26.166666
PHILADELPHIA,2023,218,
PHILADELPHIA,2023,217,
PHILADELPHIA,2023,216,27.375000
PHILADELPHIA,2023,215,27.375000
PHILADELPHIA,2023,214,27.375000
PHILADELPHIA,2023,213,27.375000
PHILADELPHIA,2023,212,28.500000
PHILADELPHIA,2023,211,
PHILADELPHIA,2023,210,
PHILADELPHIA,2023,209,33.500000
PHILADELPHIA,2023,208,33.500000
PHILADELPHIA,2023,207,33.500000
PHILADELPHIA,2023,206,33.500000
PHILADELPHIA,2023,205,33.500000
PHILADELPHIA,2023,204,
PHILADELPHIA,2023,203,
PHILADELPHIA,2023,202,26.750000
PHILADELPHIA,2023,201,26.750000
PHILADELPHIA,2023,200,26.750000
PHILADELPHIA,2023,199,26.750000
PHILADELPHIA,2023,198,26.750000
PHILADELPHIA,2023,197,
PHILADELPHIA,2023,196,
PHILADELPHIA,2023,195,37.500000
PHILADELPHIA,2023,194,37.500000
PHILADELPHIA,2023,193,37.500000
PHILADELPHIA,2023,192,37.500000
PHILADELPHIA,2023,191,39.000000
PHILADELPHIA,2023,190,
PHILADELPHIA,2023,189,
PHILADELPHIA,2023,188,40.500000
PHILADELPHIA,2023,187,40.500000
PHILADELPHIA,2023,186,36.250000
PHILADELPHIA,2023,185,
PHILADELPHIA,2023,184,35.500000
PHILADELPHIA,2023,183,
PHILADELPHIA,2023,182,
PHILADELPHIA,2023,181,27.875000
PHILADELPHIA,2023,180,27.875000
PHILADELPHIA,2023,179,27.875000
PHILADELPHIA,2023,178,24.000000
PHILADELPHIA,2023,177,23.333333
PHILADELPHIA,2023,176,
PHILADELPHIA,2023,175,
PHILADELPHIA,2023,174,33.000000
PHILADELPHIA,2023,173,28.000000
PHILADELPHIA,2023,172,28.000000
PHILADELPHIA,2023,171,18.000000
PHILADELPHIA,2023,170,
PHILADELPHIA,2023,169,
PHILADELPHIA,2023,168,
PHILADELPHIA,2023,167,31.333333
PHILADELPHIA,2023,166,30.333333
PHILADELPHIA,2023,165,31.000000
PHILADELPHIA,2023,164,31.000000
PHILADELPHIA,2023,163,31.333333
PHILADELPHIA,2023,162,
PHILADELPHIA,2023,161,
PHILADELPHIA,2023,160,22.333333
PHILADELPHIA,2023,159,28.250000
PHILADELPHIA,2023,158,30.666666
PHILADELPHIA,2023,157,30.666666
PHILADELPHIA,2023,156,22.500000
PHILADELPHIA,2023,155,
PHILADELPHIA,2023,154,
PHILADELPHIA,2023,153,24.000000
PHILADELPHIA,2023,152,29.200000
PHILADELPHIA,2023,151,30.000000
PHILADELPHIA,2023,150,30.250000
PHILADELPHIA,2023,149,
PHILADELPHIA,2023,148,
PHILADELPHIA,2023,147,
PHILADELPHIA,2023,146,40.000000
PHILADELPHIA,2023,145,40.000000
PHILADELPHIA,2023,144,40.000000
PHILADELPHIA,2023,143,28.000000
PHILADELPHIA,2023,142,26.000000
PHILADELPHIA,2023,141,
PHILADELPHIA,2023,140,
PHILADELPHIA,2023,139,34.166666
PHILADELPHIA,2023,138,31.250000
PHILADELPHIA,2023,137,31.750000
PHILADELPHIA,2023,136,31.750000
PHILADELPHIA,2023,135,31.500000
PHILADELPHIA,2023,134,
PHILADELPHIA,2023,133,
PHILADELPHIA,2023,132,27.000000
PHILADELPHIA,2023,131,27.000000
PHILADELPHIA,2023,130,27.000000
PHILADELPHIA,2023,129,27.000000
PHILADELPHIA,2023,128,27.000000
PHILADELPHIA,2023,127,
PHILADELPHIA,2023,126,
PHILADELPHIA,2023,125,31.500000
PHILADELPHIA,2023,124,31.500000
PHILADELPHIA,2023,123,31.500000
PHILADELPHIA,2023,122,40.333333
PHILADELPHIA,2023,121,40.166666
PHILADELPHIA,2023,120,
PHILADELPHIA,2023,119,
PHILADELPHIA,2023,118,44.500000
PHILADELPHIA,2023,117,34.750000
PHILADELPHIA,2023,116,34.750000
PHILADELPHIA,2023,115,34.750000
PHILADELPHIA,2023,114,39.000000
PHILADELPHIA,2023,113,
PHILADELPHIA,2023,112,
PHILADELPHIA,2023,111,27.000000
PHILADELPHIA,2023,110,28.500000
PHILADELPHIA,2023,109,28.500000
PHILADELPHIA,2023,108,28.500000
PHILADELPHIA,2023,107,26.333333
PHILADELPHIA,2023,106,
PHILADELPHIA,2023,105,
PHILADELPHIA,2023,104,30.500000
PHILADELPHIA,2023,103,30.500000
PHILADELPHIA,2023,102,31.375000
PHILADELPHIA,2023,101,31.375000
PHILADELPHIA,2023,100,
PHILADELPHIA,2023,99,
PHILADELPHIA,2023,98,
PHILADELPHIA,2023,97,38.750000
PHILADELPHIA,2023,96,38.750000
PHILADELPHIA,2023,95,38.750000
PHILADELPHIA,2023,94,38.750000
PHILADELPHIA,2023,93,38.500000
PHILADELPHIA,2023,92,
PHILADELPHIA,2023,91,
PHILADELPHIA,2023,90,31.833333
PHILADELPHIA,2023,89,31.666666
PHILADELPHIA,2023,88,31.666666
PHILADELPHIA,2023,87,31.666666
PHILADELPHIA,2023,86,32.333333
PHILADELPHIA,2023,85,
PHILADELPHIA,2023,84,
PHILADELPHIA,2023,83,34.375000
PHILADELPHIA,2023,82,34.375000
PHILADELPHIA,2023,81,36.625000
PHILADELPHIA,2023,80,36.625000
PHILADELPHIA,2023,79,36.250000
PHILADELPHIA,2023,78,
PHILADELPHIA,2023,77,
PHILADELPHIA,2023,76,33.583333
PHILADELPHIA,2023,75,33.583333
PHILADELPHIA,2023,74,36.500000
PHILADELPHIA,2023,73,34.500000
PHILADELPHIA,2023,72,32.500000
PHILADELPHIA,2023,71,
PHILADELPHIA,2023,70,
PHILADELPHIA,2023,69,34.750000
PHILADELPHIA,2023,68,34.750000
PHILADELPHIA,2023,67,35.000000
PHILADELPHIA,2023,66,35.000000
PHILADELPHIA,2023,65,35.750000
PHILADELPHIA,2023,64,
PHILADELPHIA,2023,63,
PHILADELPHIA,2023,62,43.100000
PHILADELPHIA,2023,61,43.100000
PHILADELPHIA,2023,60,43.800000
PHILADELPHIA,2023,59,46.333333
PHILADELPHIA,2023,58,46.333333
PHILADELPHIA,2023,57,
PHILADELPHIA,2023,56,
PHILADELPHIA,2023,55,34.250000
PHILADELPHIA,2023,54,34.250000
PHILADELPHIA,2023,53,32.333333
PHILADELPHIA,2023,52,28.500000
PHILADELPHIA,2023,51,
PHILADELPHIA,2023,50,
PHILADELPHIA,2023,49,
PHILADELPHIA,2023,48,41.125000
PHILADELPHIA,2023,47,41.125000
PHILADELPHIA,2023,46,41.125000
PHILADELPHIA,2023,45,41.125000
PHILADELPHIA,2023,44,47.500000
PHILADELPHIA,2023,43,
PHILADELPHIA,2023,42,
PHILADELPHIA,2023,41,39.875000
PHILADELPHIA,2023,40,39.875000
PHILADELPHIA,2023,39,39.875000
PHILADELPHIA,2023,38,39.875000
PHILADELPHIA,2023,37,46.000000
PHILADELPHIA,2023,36,
PHILADELPHIA,2023,35,
PHILADELPHIA,2023,34,44.625000
PHILADELPHIA,2023,33,45.375000
PHILADELPHIA,2023,32,53.166666
PHILADELPHIA,2023,31,53.166666
PHILADELPHIA,2023,30,53.166666
PHILADELPHIA,2023,29,
PHILADELPHIA,2023,28,
PHILADELPHIA,2023,27,53.000000
PHILADELPHIA,2023,26,53.666666
PHILADELPHIA,2023,25,54.333333
PHILADELPHIA,2023,24,54.333333
PHILADELPHIA,2023,23,61.500000
PHILADELPHIA,2023,22,
PHILADELPHIA,2023,21,
PHILADELPHIA,2023,20,42.400000
PHILADELPHIA,2023,19,42.800000
PHILADELPHIA,2023,18,48.250000
PHILADELPHIA,2023,17,48.500000
PHILADELPHIA,2023,16,
PHILADELPHIA,2023,15,
PHILADELPHIA,2023,14,
PHILADELPHIA,2023,13,36.500000
PHILADELPHIA,2023,12,35.250000
PHILADELPHIA,2023,11,36.875000
PHILADELPHIA,2023,10,32.500000
PHILADELPHIA,2023,9,33.333333
PHILADELPHIA,2023,8,
PHILADELPHIA,2023,7,
PHILADELPHIA,2023,6,30.875000
PHILADELPHIA,2023,5,30.875000
PHILADELPHIA,2023,4,31.250000
PHILADELPHIA,2023,3,31.250000
PHILADELPHIA,2023,2,
BALTIMORE,2022,366,
BALTIMORE,2022,365,
BALTIMORE,2022,364,35.800000
BALTIMORE,2022,363,35.800000
BALTIMORE,2022,362,35.800000
BALTIMORE,2022,361,35.800000
BALTIMORE,2022,360,
BALTIMORE,2022,359,
BALTIMORE,2022,358,
BALTIMORE,2022,357,35.200000
BALTIMORE,2022,356,35.200000
BALTIMORE,2022,355,35.200000
BALTIMORE,2022,354,32.200000
BALTIMORE,2022,353,32.200000
BALTIMORE,2022,352,
BALTIMORE,2022,351,
BALTIMORE,2022,350,32.200000
BALTIMORE,2022,349,32.200000
BALTIMORE,2022,348,32.200000
BALTIMORE,2022,347,29.666666
BALTIMORE,2022,346,29.666666
BALTIMORE,2022,345,
BALTIMORE,2022,344,
BALTIMORE,2022,343,29.666666
BALTIMORE,2022,342,29.666666
BALTIMORE,2022,341,29.000000
BALTIMORE,2022,340,29.000000
BALTIMORE,2022,339,29.000000
BALTIMORE,2022,338,
BALTIMORE,2022,337,
BALTIMORE,2022,336,27.833333
BALTIMORE,2022,335,26.666666
BALTIMORE,2022,334,26.666666
BALTIMORE,2022,333,26.833333
BALTIMORE,2022,332,26.833333
BALTIMORE,2022,331,
BALTIMORE,2022,330,
BALTIMORE,2022,329,28.833333
BALTIMORE,2022,328,
BALTIMORE,2022,327,30.375000
BALTIMORE,2022,326,29.875000
BALTIMORE,2022,325,29.875000
BALTIMORE,2022,324,
BALTIMORE,2022,323,
BALTIMORE,2022,322,29.875000
BALTIMORE,2022,321,29.875000
BALTIMORE,2022,320,29.875000
BALTIMORE,2022,319,29.875000
BALTIMORE,2022,318,29.875000
BALTIMORE,2022,317,
BALTIMORE,2022,316,
BALTIMORE,2022,315,
BALTIMORE,2022,314,30.375000
BALTIMORE,2022,313,30.500000
BALTIMORE,2022,312,30.400000
BALTIMORE,2022,311,30.400000
BALTIMORE,2022,310,
BALTIMORE,2022,309,
BALTIMORE,2022,308,30.400000
BALTIMORE,2022,307,30.400000
BALTIMORE,2022,306,30.400000
BALTIMORE,2022,305,30.400000
BALTIMORE,2022,304,29.900000
BALTIMORE,2022,303,
BALTIMORE,2022,302,
BALTIMORE,2022,301,29.900000
BALTIMORE,2022,300,29.900000
BALTIMORE,2022,299,29.900000
BALTIMORE,2022,298,29.500000
BALTIMORE,2022,297,29.500000
BALTIMORE,2022,296,
BALTIMORE,2022,295,
BALTIMORE,2022,294,29.250000
BALTIMORE,2022,293,29.250000
BALTIMORE,2022,292,29.250000
BALTIMORE,2022,291,29.250000
BALTIMORE,2022,290,29.250000
BALTIMORE,2022,289,
BALTIMORE,2022,288,
BALTIMORE,2022,287,29.916666
BALTIMORE,2022,286,29.200000
BALTIMORE,2022,285,28.900000
BALTIMORE,2022,284,28.900000
BALTIMORE,2022,283,
BALTIMORE,2022,282,
BALTIMORE,2022,281,
BALTIMORE,2022,280,28.900000
BALTIMORE,2022,279,28.900000
BALTIMORE,2022,278,29.100000
BALTIMORE,2022,277,28.900000
BALTIMORE,2022,276,28.900000
BALTIMORE,2022,275,
BALTIMORE,2022,274,
BALTIMORE,2022,273,28.000000
BALTIMORE,2022,272,32.250000
BALTIMORE,2022,271,27.900000
BALTIMORE,2022,270,27.900000
BALTIMORE,2022,269,27.700000
BALTIMORE,2022,268,
BALTIMORE,2022,267,
BALTIMORE,2022,266,29.500000
BALTIMORE,2022,265,29.500000
BALTIMORE,2022,264,28.700000
BALTIMORE,2022,263,28.200000
BALTIMORE,2022,262,28.200000
BALTIMORE,2022,261,
BALTIMORE,2022,260,
BALTIMORE,2022,259,27.400000
BALTIMORE,2022,258,27.125000
BALTIMORE,2022,257,27.500000
BALTIMORE,2022,256,27.500000
BALTIMORE,2022,255,27.666666
BALTIMORE,2022,254,
BALTIMORE,2022,253,
BALTIMORE,2022,252,28.500000
BALTIMORE,2022,251,28.500000
BALTIMORE,2022,250,28.500000
BALTIMORE,2022,249,28.500000
BALTIMORE,2022,248,
BALTIMORE,2022,247,
BALTIMORE,2022,246,
BALTIMORE,2022,245,29.000000
BALTIMORE,2022,244,29.000000
BALTIMORE,2022,243,28.500000
BALTIMORE,2022,242,25.000000
BALTIMORE,2022,241,25.500000
BALTIMORE,2022,240,
BALTIMORE,2022,239,
BALTIMORE,2022,238,24.333333
BALTIMORE,2022,237,24.666666
BALTIMORE,2022,236,26.875000
BALTIMORE,2022,235,26.875000
BALTIMORE,2022,234,26.875000
BALTIMORE,2022,233,
BALTIMORE,2022,232,
BALTIMORE,2022,231,25.700000
BALTIMORE,2022,230,25.700000
BALTIMORE,2022,229,26.000000
BALTIMORE,2022,228,26.000000
BALTIMORE,2022,227,26.000000
BALTIMORE,2022,226,
BALTIMORE,2022,225,
BALTIMORE,2022,224,27.107142
BALTIMORE,2022,223,27.107142
BALTIMORE,2022,222,26.416666
BALTIMORE,2022,221,26.416666
BALTIMORE,2022,220,26.333333
BALTIMORE,2022,219,
BALTIMORE,2022,218,
BALTIMORE,2022,217,24.500000
BALTIMORE,2022,216,24.500000
BALTIMORE,2022,215,25.000000
BALTIMORE,2022,214,25.071428
BALTIMORE,2022,213,25.071428
BALTIMORE,2022,212,
BALTIMORE,2022,211,
BALTIMORE,2022,210,25.285714
BALTIMORE,2022,209,25.285714
BALTIMORE,2022,208,25.285714
BALTIMORE,2022,207,25.285714
BALTIMORE,2022,206,25.285714
BALTIMORE,2022,205,
BALTIMORE,2022,204,
BALTIMORE,2022,203,30.375000
BALTIMORE,2022,202,30.375000
BALTIMORE,2022,201,33.000000
BALTIMORE,2022,200,34.500000
BALTIMORE,2022,199,34.125000
BALTIMORE,2022,198,
BALTIMORE,2022,197,
BALTIMORE,2022,196,31.750000
BALTIMORE,2022,195,31.750000
BALTIMORE,2022,194,30.600000
BALTIMORE,2022,193,30.600000
BALTIMORE,2022,192,28.833333
BALTIMORE,2022,191,
BALTIMORE,2022,190,
BALTIMORE,2022,189,30.562500
BALTIMORE,2022,188,30.562500
BALTIMORE,2022,187,31.666666
BALTIMORE,2022,186,30.166666
BALTIMORE,2022,185,
BALTIMORE,2022,184,
BALTIMORE,2022,183,
BALTIMORE,2022,182,26.750000
BALTIMORE,2022,181,26.750000
BALTIMORE,2022,180,27.750000
BALTIMORE,2022,179,27.750000
BALTIMORE,2022,178,24.875000
BALTIMORE,2022,177,
BALTIMORE,2022,176,
BALTIMORE,2022,175,24.125000
BALTIMORE,2022,174,24.125000
BALTIMORE,2022,173,24.000000
BALTIMORE,2022,172,24.000000
BALTIMORE,2022,171,
BALTIMORE,2022,170,
BALTIMORE,2022,169,
BALTIMORE,2022,168,25.250000
BALTIMORE,2022,167,25.250000
BALTIMORE,2022,166,25.250000
BALTIMORE,2022,165,25.250000
BALTIMORE,2022,164,25.250000
BALTIMORE,2022,163,
BALTIMORE,2022,162,
BALTIMORE,2022,161,25.125000
BALTIMORE,2022,160,23.166666
BALTIMORE,2022,159,23.333333
BALTIMORE,2022,158,23.333333
BALTIMORE,2022,157,23.333333
BALTIMORE,2022,156,
BALTIMORE,2022,155,
BALTIMORE,2022,154,23.375000
BALTIMORE,2022,153,23.375000
BALTIMORE,2022,152,23.375000
BALTIMORE,2022,151,23.750000
BALTIMORE,2022,150,
BALTIMORE,2022,149,
BALTIMORE,2022,148,
BALTIMORE,2022,147,25.750000
BALTIMORE,2022,146,25.750000
BALTIMORE,2022,145,31.166666
BALTIMORE,2022,144,31.166666
BALTIMORE,2022,143,31.166666
BALTIMORE,2022,142,
BALTIMORE,2022,141,
BALTIMORE,2022,140,31.666666
BALTIMORE,2022,139,31.666666
BALTIMORE,2022,138,31.666666
BALTIMORE,2022,137,32.916666
BALTIMORE,2022,136,32.916666
BALTIMORE,2022,135,
BALTIMORE,2022,134,
BALTIMORE,2022,133,31.300000
BALTIMORE,2022,132,31.300000
BALTIMORE,2022,131,31.300000
BALTIMORE,2022,130,31.300000
BALTIMORE,2022,129,32.833333
BALTIMORE,2022,128,
BALTIMORE,2022,127,
BALTIMORE,2022,126,27.937500
BALTIMORE,2022,125,27.937500
BALTIMORE,2022,124,26.375000
BALTIMORE,2022,123,26.666666
BALTIMORE,2022,122,26.750000
BALTIMORE,2022,121,
BALTIMORE,2022,120,
BALTIMORE,2022,119,29.250000
BALTIMORE,2022,118,29.250000
BALTIMORE,2022,117,29.600000
BALTIMORE,2022,116,32.000000
BALTIMORE,2022,115,32.250000
BALTIMORE,2022,114,
BALTIMORE,2022,113,
BALTIMORE,2022,112,34.500000
BALTIMORE,2022,111,33.400000
BALTIMORE,2022,110,29.750000
BALTIMORE,2022,109,29.875000
BALTIMORE,2022,108,29.875000
BALTIMORE,2022,107,
BALTIMORE,2022,106,
BALTIMORE,2022,105,29.750000
BALTIMORE,2022,104,29.750000
BALTIMORE,2022,103,29.500000
BALTIMORE,2022,102,28.000000
BALTIMORE,2022,101,28.000000
BALTIMORE,2022,100,
BALTIMORE,2022,99,
BALTIMORE,2022,98,26.214285
BALTIMORE,2022,97,26.214285
BALTIMORE,2022,96,26.214285
BALTIMORE,2022,95,26.714285
BALTIMORE,2022,94,26.714285
BALTIMORE,2022,93,
BALTIMORE,2022,92,
BALTIMORE,2022,91,28.464285
BALTIMORE,2022,90,28.464285
BALTIMORE,2022,89,28.583333
BALTIMORE,2022,88,28.583333
BALTIMORE,2022,87,28.583333
BALTIMORE,2022,86,
BALTIMORE,2022,85,
BALTIMORE,2022,84,26.600000
BALTIMORE,2022,83,26.600000
BALTIMORE,2022,82,26.950000
BALTIMORE,2022,81,26.937500
BALTIMORE,2022,80,27.000000
BALTIMORE,2022,79,
BALTIMORE,2022,78,
BALTIMORE,2022,77,29.500000
BALTIMORE,2022,76,29.500000
BALTIMORE,2022,75,28.000000
BALTIMORE,2022,74,27.875000
BALTIMORE,2022,73,28.000000
BALTIMORE,2022,72,
BALTIMORE,2022,71,
BALTIMORE,2022,70,29.625000
BALTIMORE,2022,69,26.000000
BALTIMORE,2022,68,27.000000
BALTIMORE,2022,67,27.000000
BALTIMORE,2022,66,27.000000
BALTIMORE,2022,65,
BALTIMORE,2022,64,
BALTIMORE,2022,63,24.250000
BALTIMORE,2022,62,27.500000
BALTIMORE,2022,61,27.125000
BALTIMORE,2022,60,27.125000
BALTIMORE,2022,59,27.125000
BALTIMORE,2022,58,
BALTIMORE,2022,57,
BALTIMORE,2022,56,27.000000
BALTIMORE,2022,55,26.750000
BALTIMORE,2022,54,26.666666
BALTIMORE,2022,53,26.666666
BALTIMORE,2022,52,
BALTIMORE,2022,51,
BALTIMORE,2022,50,
BALTIMORE,2022,49,27.000000
BALTIMORE,2022,48,27.000000
BALTIMORE,2022,47,26.125000
BALTIMORE,2022,46,26.000000
BALTIMORE,2022,45,26.000000
BALTIMORE,2022,44,
BALTIMORE,2022,43,
BALTIMORE,2022,42,26.333333
BALTIMORE,2022,41,23.500000
BALTIMORE,2022,40,25.000000
BALTIMORE,2022,39,25.000000
BALTIMORE,2022,38,25.000000
BALTIMORE,2022,37,
BALTIMORE,2022,36,
BALTIMORE,2022,35,22.833333
BALTIMORE,2022,34,23.000000
BALTIMORE,2022,33,22.625000
BALTIMORE,2022,32,22.625000
BALTIMORE,2022,31,22.750000
BALTIMORE,2022,30,
BALTIMORE,2022,29,
BALTIMORE,2022,28,24.333333
BALTIMORE,2022,27,24.666666
BALTIMORE,2022,26,25.500000
BALTIMORE,2022,25,25.500000
BALTIMORE,2022,24,23.000000
BALTIMORE,2022,23,
BALTIMORE,2022,22,
BALTIMORE,2022,21,23.250000
BALTIMORE,2022,20,23.250000
BALTIMORE,2022,19,27.250000
BALTIMORE,2022,18,21.333333
BALTIMORE,2022,17,
BALTIMORE,2022,16,
BALTIMORE,2022,15,
BALTIMORE,2022,14,40.166666
BALTIMORE,2022,13,40.166666
BALTIMORE,2022,12,36.875000
BALTIMORE,2022,11,34.200000
BALTIMORE,2022,10,34.900000
BALTIMORE,2022,9,
BALTIMORE,2022,8,
BALTIMORE,2022,7,23.833333
BALTIMORE,2022,6,34.500000
BALTIMORE,2022,5,36.833333
BALTIMORE,2022,4,23.500000
BALTIMORE,2022,3,23.500000
BALTIMORE,2022,2,
BOSTON,2022,366,
BOSTON,2022,365,
BOSTON,2022,364,24.000000
BOSTON,2022,363,24.000000
BOSTON,2022,362,24.000000
BOSTON,2022,361,22.500000
BOSTON,2022,360,
BOSTON,2022,359,
BOSTON,2022,358,
BOSTON,2022,357,22.500000
BOSTON,2022,356,22.500000
BOSTON,2022,355,22.500000
BOSTON,2022,354,22.500000
BOSTON,2022,353,22.500000
BOSTON,2022,352,
BOSTON,2022,351,
BOSTON,2022,350,22.500000
BOSTON,2022,349,22.500000
BOSTON,2022,348,22.500000
BOSTON,2022,347,22.500000
BOSTON,2022,346,22.500000
BOSTON,2022,345,
BOSTON,2022,344,
BOSTON,2022,343,22.500000
BOSTON,2022,342,22.500000
BOSTON,2022,341,22.500000
BOSTON,2022,340,22.500000
BOSTON,2022,339,22.500000
BOSTON,2022,338,
BOSTON,2022,337,
BOSTON,2022,336,22.500000
BOSTON,2022,335,22.500000
BOSTON,2022,334,22.500000
BOSTON,2022,333,22.500000
BOSTON,2022,332,22.500000
BOSTON,2022,331,
BOSTON,2022,330,
BOSTON,2022,329,22.500000
BOSTON,2022,328,
BOSTON,2022,327,22.500000
BOSTON,2022,326,22.500000
BOSTON,2022,325,22.500000
BOSTON,2022,324,
BOSTON,2022,323,
BOSTON,2022,322,22.500000
BOSTON,2022,321,22.500000
BOSTON,2022,320,22.500000
BOSTON,2022,319,22.500000
BOSTON,2022,318,22.500000
BOSTON,2022,317,
BOSTON,2022,316,
BOSTON,2022,315,
BOSTON,2022,314,22.500000
BOSTON,2022,313,22.500000
BOSTON,2022,312,22.500000
BOSTON,2022,311,22.500000
BOSTON,2022,310,
BOSTON,2022,309,
BOSTON,2022,308,22.500000
BOSTON,2022,307,22.500000
BOSTON,2022,306,22.500000
BOSTON,2022,305,22.500000
BOSTON,2022,304,22.500000
BOSTON,2022,303,
BOSTON,2022,302,
BOSTON,2022,301,22.500000
BOSTON,2022,300,22.500000
BOSTON,2022,299,21.000000
BOSTON,2022,298,20.500000
BOSTON,2022,297,20.500000
BOSTON,2022,296,
BOSTON,2022,295,
BOSTON,2022,294,20.500000
BOSTON,2022,293,20.500000
BOSTON,2022,292,20.500000
BOSTON,2022,291,20.500000
BOSTON,2022,290,20.250000
BOSTON,2022,289,
BOSTON,2022,288,
BOSTON,2022,287,20.250000
BOSTON,2022,286,20.250000
BOSTON,2022,285,20.250000
BOSTON,2022,284,20.250000
BOSTON,2022,283,
BOSTON,2022,282,
BOSTON,2022,281,
BOSTON,2022,280,20.250000
BOSTON,2022,279,20.250000
BOSTON,2022,278,20.250000
BOSTON,2022,277,20.250000
BOSTON,2022,276,20.250000
BOSTON,2022,275,
BOSTON,2022,274,
BOSTON,2022,273,20.250000
BOSTON,2022,272,20.250000
BOSTON,2022,271,20.250000
BOSTON,2022,270,20.250000
BOSTON,2022,269,19.500000
BOSTON,2022,268,
BOSTON,2022,267,
BOSTON,2022,266,19.500000
BOSTON,2022,265,19.500000
BOSTON,2022,264,19.500000
BOSTON,2022,263,19.500000
BOSTON,2022,262,19.500000
BOSTON,2022,261,
BOSTON,2022,260,
BOSTON,2022,259,19.500000
BOSTON,2022,258,19.500000
BOSTON,2022,257,19.500000
BOSTON,2022,256,19.500000
BOSTON,2022,255,19.500000
BOSTON,2022,254,
BOSTON,2022,253,
BOSTON,2022,252,19.500000
BOSTON,2022,251,19.500000
BOSTON,2022,250,19.500000
BOSTON,2022,249,19.500000
BOSTON,2022,248,
BOSTON,2022,247,
BOSTON,2022,246,
BOSTON,2022,245,19.500000
BOSTON,2022,244,19.500000
BOSTON,2022,243,19.500000
BOSTON,2022,242,19.500000
BOSTON,2022,241,19.500000
BOSTON,2022,240,
BOSTON,2022,239,
BOSTON,2022,238,19.500000
BOSTON,2022,237,19.500000
BOSTON,2022,236,19.500000
BOSTON,2022,235,19.500000
BOSTON,2022,234,19.500000
BOSTON,2022,233,
BOSTON,2022,232,
BOSTON,2022,231,19.500000
BOSTON,2022,230,19.500000
BOSTON,2022,229,19.500000
BOSTON,2022,228,19.500000
BOSTON,2022,227,19.500000
BOSTON,2022,226,
BOSTON,2022,225,
BOSTON,2022,224,22.500000
BOSTON,2022,223,22.500000
BOSTON,2022,222,22.500000
BOSTON,2022,221,22.500000
BOSTON,2022,220,22.500000
BOSTON,2022,219,
BOSTON,2022,218,
BOSTON,2022,217,22.500000
BOSTON,2022,216,22.500000
BOSTON,2022,215,22.500000
BOSTON,2022,214,24.000000
BOSTON,2022,213,24.000000
BOSTON,2022,212,
BOSTON,2022,211,
BOSTON,2022,210,24.000000
BOSTON,2022,209,24.000000
BOSTON,2022,208,24.000000
BOSTON,2022,207,24.000000
BOSTON,2022,206,24.000000
BOSTON,2022,205,
BOSTON,2022,204,
BOSTON,2022,203,28.500000
BOSTON,2022,202,28.500000
BOSTON,2022,201,28.500000
BOSTON,2022,200,28.500000
BOSTON,2022,199,31.000000
BOSTON,2022,198,
BOSTON,2022,197,
BOSTON,2022,196,31.000000
BOSTON,2022,195,31.000000
BOSTON,2022,194,31.000000
BOSTON,2022,193,38.000000
BOSTON,2022,192,38.000000
BOSTON,2022,191,
BOSTON,2022,190,
BOSTON,2022,189,26.000000
BOSTON,2022,188,26.000000
BOSTON,2022,187,26.000000
BOSTON,2022,186,26.000000
BOSTON,2022,185,
BOSTON,2022,184,
BOSTON,2022,183,
BOSTON,2022,182,26.000000
BOSTON,2022,181,26.000000
BOSTON,2022,180,26.000000
BOSTON,2022,179,26.000000
BOSTON,2022,178,26.000000
BOSTON,2022,177,
BOSTON,2022,176,
BOSTON,2022,175,26.000000
BOSTON,2022,174,26.000000
BOSTON,2022,173,26.000000
BOSTON,2022,172,26.000000
BOSTON,2022,171,
BOSTON,2022,170,
BOSTON,2022,169,
BOSTON,2022,168,26.000000
BOSTON,2022,167,26.000000
BOSTON,2022,166,26.000000
BOSTON,2022,165,26.000000
BOSTON,2022,164,26.000000
BOSTON,2022,163,
BOSTON,2022,162,
BOSTON,2022,161,26.000000
BOSTON,2022,160,26.000000
BOSTON,2022,159,26.000000
BOSTON,2022,158,26.000000
BOSTON,2022,157,26.000000
BOSTON,2022,156,
BOSTON,2022,155,
BOSTON,2022,154,26.000000
BOSTON,2022,153,26.000000
BOSTON,2022,152,26.000000
BOSTON,2022,151,26.000000
BOSTON,2022,150,
BOSTON,2022,149,
BOSTON,2022,148,
BOSTON,2022,147,26.000000
BOSTON,2022,146,26.000000
BOSTON,2022,145,26.000000
BOSTON,2022,144,26.000000
BOSTON,2022,143,26.000000
BOSTON,2022,142,
BOSTON,2022,141,
BOSTON,2022,140,26.000000
BOSTON,2022,139,26.000000
BOSTON,2022,138,26.000000
BOSTON,2022,137,26.000000
BOSTON,2022,136,26.000000
BOSTON,2022,135,
BOSTON,2022,134,
BOSTON,2022,133,26.000000
BOSTON,2022,132,26.000000
BOSTON,2022,131,26.000000
BOSTON,2022,130,26.000000
BOSTON,2022,129,26.000000
BOSTON,2022,128,
BOSTON,2022,127,
BOSTON,2022,126,26.000000
BOSTON,2022,125,26.000000
BOSTON,2022,124,26.000000
BOSTON,2022,123,26.000000
BOSTON,2022,122,26.000000
BOSTON,2022,121,
BOSTON,2022,120,
BOSTON,2022,119,26.000000
BOSTON,2022,118,26.000000
BOSTON,2022,117,26.000000
BOSTON,2022,116,26.000000
BOSTON,2022,115,26.000000
BOSTON,2022,114,
BOSTON,2022,113,
BOSTON,2022,112,26.000000
BOSTON,2022,111,26.000000
BOSTON,2022,110,26.000000
BOSTON,2022,109,20.500000
BOSTON,2022,108,20.500000
BOSTON,2022,107,
BOSTON,2022,106,
BOSTON,2022,105,20.500000
BOSTON,2022,104,20.500000
BOSTON,2022,103,20.500000
BOSTON,2022,102,20.500000
BOSTON,2022,101,20.500000
BOSTON,2022,100,
BOSTON,2022,99,
BOSTON,2022,98,20.500000
BOSTON,2022,97,20.500000
BOSTON,2022,96,20.500000
BOSTON,2022,95,20.500000
BOSTON,2022,94,20.500000
BOSTON,2022,93,
BOSTON,2022,92,
BOSTON,2022,91,20.500000
BOSTON,2022,90,20.500000
BOSTON,2022,89,20.500000
BOSTON,2022,88,20.500000
BOSTON,2022,87,20.500000
BOSTON,2022,86,
BOSTON,2022,85,
BOSTON,2022,84,20.500000
BOSTON,2022,83,20.500000
BOSTON,2022,82,20.500000
BOSTON,2022,81,20.500000
BOSTON,2022,80,20.500000
BOSTON,2022,79,
BOSTON,2022,78,
BOSTON,2022,77,20.500000
BOSTON,2022,76,20.500000
BOSTON,2022,75,20.500000
BOSTON,2022,74,20.500000
BOSTON,2022,73,20.500000
BOSTON,2022,72,
BOSTON,2022,71,
BOSTON,2022,70,20.500000
BOSTON,2022,69,20.500000
BOSTON,2022,68,20.500000
BOSTON,2022,67,20.500000
BOSTON,2022,66,20.500000
BOSTON,2022,65,
BOSTON,2022,64,
BOSTON,2022,63,20.500000
BOSTON,2022,62,20.500000
BOSTON,2022,61,20.500000
BOSTON,2022,60,20.500000
BOSTON,2022,59,20.500000
BOSTON,2022,58,
BOSTON,2022,57,
BOSTON,2022,56,20.500000
BOSTON,2022,55,20.500000
BOSTON,2022,54,20.500000
BOSTON,2022,53,20.500000
BOSTON,2022,52,
BOSTON,2022,51,
BOSTON,2022,50,
BOSTON,2022,49,20.500000
BOSTON,2022,48,20.500000
BOSTON,2022,47,20.500000
BOSTON,2022,46,20.500000
BOSTON,2022,45,20.500000
BOSTON,2022,44,
BOSTON,2022,43,
BOSTON,2022,42,20.500000
BOSTON,2022,41,20.500000
BOSTON,2022,40,20.500000
BOSTON,2022,39,20.500000
BOSTON,2022,38,20.500000
BOSTON,2022,37,
BOSTON,2022,36,
BOSTON,2022,35,20.500000
BOSTON,2022,34,20.500000
BOSTON,2022,33,20.500000
BOSTON,2022,32,20.500000
BOSTON,2022,31,20.500000
BOSTON,2022,30,
BOSTON,2022,29,
BOSTON,2022,28,20.500000
BOSTON,2022,27,20.500000
BOSTON,2022,26,20.500000
BOSTON,2022,25,23.000000
BOSTON,2022,24,23.000000
BOSTON,2022,23,
BOSTON,2022,22,
BOSTON,2022,21,23.000000
BOSTON,2022,20,23.000000
BOSTON,2022,19,23.000000
BOSTON,2022,18,23.000000
BOSTON,2022,17,
BOSTON,2022,16,
BOSTON,2022,15,
BOSTON,2022,14,23.000000
BOSTON,2022,13,23.000000
BOSTON,2022,12,23.000000
BOSTON,2022,11,23.000000
BOSTON,2022,10,23.000000
BOSTON,2022,9,
BOSTON,2022,8,
BOSTON,2022,7,23.000000
BOSTON,2022,6,23.000000
BOSTON,2022,5,22.000000
BOSTON,2022,4,22.000000
BOSTON,2022,3,21.500000
BOSTON,2022,2,
CHICAGO,2022,366,
CHICAGO,2022,365,
CHICAGO,2022,364,31.100000
CHICAGO,2022,363,30.200000
CHICAGO,2022,362,30.200000
CHICAGO,2022,361,30.200000
CHICAGO,2022,360,
CHICAGO,2022,359,
CHICAGO,2022,358,
CHICAGO,2022,357,30.200000
CHICAGO,2022,356,30.200000
CHICAGO,2022,355,30.200000
CHICAGO,2022,354,30.200000
CHICAGO,2022,353,30.200000
CHICAGO,2022,352,
CHICAGO,2022,351,
CHICAGO,2022,350,30.200000
CHICAGO,2022,349,26.100000
CHICAGO,2022,348,26.100000
CHICAGO,2022,347,27.250000
CHICAGO,2022,346,27.250000
CHICAGO,2022,345,
CHICAGO,2022,344,
CHICAGO,2022,343,27.250000
CHICAGO,2022,342,27.250000
CHICAGO,2022,341,27.250000
CHICAGO,2022,340,27.250000
CHICAGO,2022,339,27.250000
CHICAGO,2022,338,
CHICAGO,2022,337,
CHICAGO,2022,336,27.250000
CHICAGO,2022,335,27.250000
CHICAGO,2022,334,27.250000
CHICAGO,2022,333,27.250000
CHICAGO,2022,332,27.250000
CHICAGO,2022,331,
CHICAGO,2022,330,
CHICAGO,2022,329,
CHICAGO,2022,328,
CHICAGO,2022,327,27.250000
CHICAGO,2022,326,27.250000
CHICAGO,2022,325,27.250000
CHICAGO,2022,324,
CHICAGO,2022,323,
CHICAGO,2022,322,27.250000
CHICAGO,2022,321,27.250000
CHICAGO,2022,320,27.250000
CHICAGO,2022,319,27.250000
CHICAGO,2022,318,27.250000
CHICAGO,2022,317,
CHICAGO,2022,316,
CHICAGO,2022,315,
CHICAGO,2022,314,27.250000
CHICAGO,2022,313,27.250000
CHICAGO,2022,312,27.250000
CHICAGO,2022,311,27.250000
CHICAGO,2022,310,
CHICAGO,2022,309,
CHICAGO,2022,308,27.250000
CHICAGO,2022,307,27.250000
CHICAGO,2022,306,27.250000
CHICAGO,2022,305,24.666666
CHICAGO,2022,304,24.666666
CHICAGO,2022,303,
CHICAGO,2022,302,
CHICAGO,2022,301,24.666666
CHICAGO,2022,300,24.666666
CHICAGO,2022,299,20.791666
CHICAGO,2022,298,20.791666
CHICAGO,2022,297,20.791666
CHICAGO,2022,296,
CHICAGO,2022,295,
CHICAGO,2022,294,20.791666
CHICAGO,2022,293,20.791666
CHICAGO,2022,292,20.791666
CHICAGO,2022,291,20.791666
CHICAGO,2022,290,20.791666
CHICAGO,2022,289,
CHICAGO,2022,288,
CHICAGO,2022,287,20.791666
CHICAGO,2022,286,20.791666
CHICAGO,2022,285,20.791666
CHICAGO,2022,284,20.791666
CHICAGO,2022,283,
CHICAGO,2022,282,
CHICAGO,2022,281,
CHICAGO,2022,280,20.791666
CHICAGO,2022,279,20.791666
CHICAGO,2022,278,20.791666
CHICAGO,2022,277,20.791666
CHICAGO,2022,276,20.791666
CHICAGO,2022,275,
CHICAGO,2022,274,
CHICAGO,2022,273,20.791666
CHICAGO,2022,272,20.791666
CHICAGO,2022,271,20.791666
CHICAGO,2022,270,20.791666
CHICAGO,2022,269,20.791666
CHICAGO,2022,268,
CHICAGO,2022,267,
CHICAGO,2022,266,20.791666
CHICAGO,2022,265,20.791666
CHICAGO,2022,264,20.791666
CHICAGO,2022,263,20.791666
CHICAGO,2022,262,20.791666
CHICAGO,2022,261,
CHICAGO,2022,260,
CHICAGO,2022,259,20.791666
CHICAGO,2022,258,20.791666
CHICAGO,2022,257,20.791666
CHICAGO,2022,256,20.791666
CHICAGO,2022,255,20.791666
CHICAGO,2022,254,
CHICAGO,2022,253,
CHICAGO,2022,252,20.791666
CHICAGO,2022,251,20.791666
CHICAGO,2022,250,20.791666
CHICAGO,2022,249,20.791666
CHICAGO,2022,248,
CHICAGO,2022,247,
CHICAGO,2022,246,
CHICAGO,2022,245,20.791666
CHICAGO,2022,244,20.791666
CHICAGO,2022,243,20.791666
CHICAGO,2022,242,20.791666
CHICAGO,2022,241,20.791666
CHICAGO,2022,240,
CHICAGO,2022,239,
CHICAGO,2022,238,20.791666
CHICAGO,2022,237,22.125000
CHICAGO,2022,236,22.125000
CHICAGO,2022,235,22.125000
CHICAGO,2022,234,22.125000
CHICAGO,2022,233,
CHICAGO,2022,232,
CHICAGO,2022,231,22.125000
CHICAGO,2022,230,22.125000
CHICAGO,2022,229,22.125000
CHICAGO,2022,228,22.125000
CHICAGO,2022,227,22.125000
CHICAGO,2022,226,
CHICAGO,2022,225,
CHICAGO,2022,224,22.125000
CHICAGO,2022,223,22.125000
CHICAGO,2022,222,22.125000
CHICAGO,2022,221,22.125000
CHICAGO,2022,220,22.125000
CHICAGO,2022,219,
CHICAGO,2022,218,
CHICAGO,2022,217,24.000000
CHICAGO,2022,216,24.000000
CHICAGO,2022,215,25.750000
CHICAGO,2022,214,25.000000
CHICAGO,2022,213,25.700000
CHICAGO,2022,212,
CHICAGO,2022,211,
CHICAGO,2022,210,25.700000
CHICAGO,2022,209,25.700000
CHICAGO,2022,208,25.700000
CHICAGO,2022,207,25.700000
CHICAGO,2022,206,26.375000
CHICAGO,2022,205,
CHICAGO,2022,204,
CHICAGO,2022,203,26.375000
CHICAGO,2022,202,26.375000
CHICAGO,2022,201,26.375000
CHICAGO,2022,200,26.375000
CHICAGO,2022,199,26.375000
CHICAGO,2022,198,
CHICAGO,2022,197,
CHICAGO,2022,196,26.375000
CHICAGO,2022,195,26.375000
CHICAGO,2022,194,26.375000
CHICAGO,2022,193,26.375000
CHICAGO,2022,192,26.375000
CHICAGO,2022,191,
CHICAGO,2022,190,
CHICAGO,2022,189,26.375000
CHICAGO,2022,188,26.375000
CHICAGO,2022,187,26.375000
CHICAGO,2022,186,26.375000
CHICAGO,2022,185,
CHICAGO,2022,184,
CHICAGO,2022,183,
CHICAGO,2022,182,26.375000
CHICAGO,2022,181,25.333333
CHICAGO,2022,180,24.500000
CHICAGO,2022,179,24.500000
CHICAGO,2022,178,28.428571
CHICAGO,2022,177,
CHICAGO,2022,176,
CHICAGO,2022,175,28.428571
CHICAGO,2022,174,28.428571
CHICAGO,2022,173,28.500000
CHICAGO,2022,172,28.500000
CHICAGO,2022,171,
CHICAGO,2022,170,
CHICAGO,2022,169,
CHICAGO,2022,168,28.500000
CHICAGO,2022,167,30.166666
CHICAGO,2022,166,31.800000
CHICAGO,2022,165,31.800000
CHICAGO,2022,164,31.800000
CHICAGO,2022,163,
CHICAGO,2022,162,
CHICAGO,2022,161,31.800000
CHICAGO,2022,160,31.800000
CHICAGO,2022,159,31.800000
CHICAGO,2022,158,31.800000
CHICAGO,2022,157,31.800000
CHICAGO,2022,156,
CHICAGO,2022,155,
CHICAGO,2022,154,31.800000
CHICAGO,2022,153,31.800000
CHICAGO,2022,152,31.800000
CHICAGO,2022,151,31.800000
CHICAGO,2022,150,
CHICAGO,2022,149,
CHICAGO,2022,148,
CHICAGO,2022,147,31.800000
CHICAGO,2022,146,31.800000
CHICAGO,2022,145,31.800000
CHICAGO,2022,144,31.800000
CHICAGO,2022,143,31.800000
CHICAGO,2022,142,
CHICAGO,2022,141,
CHICAGO,2022,140,31.800000
CHICAGO,2022,139,31.800000
CHICAGO,2022,138,31.800000
CHICAGO,2022,137,31.800000
CHICAGO,2022,136,31.800000
CHICAGO,2022,135,
CHICAGO,2022,134,
CHICAGO,2022,133,31.800000
CHICAGO,2022,132,31.800000
CHICAGO,2022,131,31.800000
CHICAGO,2022,130,31.800000
CHICAGO,2022,129,31.800000
CHICAGO,2022,128,
CHICAGO,2022,127,
CHICAGO,2022,126,31.800000
CHICAGO,2022,125,31.800000
CHICAGO,2022,124,31.800000
CHICAGO,2022,123,31.800000
CHICAGO,2022,122,31.800000
CHICAGO,2022,121,
CHICAGO,2022,120,
CHICAGO,2022,119,31.800000
CHICAGO,2022,118,31.800000
CHICAGO,2022,117,31.800000
CHICAGO,2022,116,31.800000
CHICAGO,2022,115,31.800000
CHICAGO,2022,114,
CHICAGO,2022,113,
CHICAGO,2022,112,31.800000
CHICAGO,2022,111,31.800000
CHICAGO,2022,110,31.800000
CHICAGO,2022,109,31.800000
CHICAGO,2022,108,31.800000
CHICAGO,2022,107,
CHICAGO,2022,106,
CHICAGO,2022,105,31.800000
CHICAGO,2022,104,31.375000
CHICAGO,2022,103,31.375000
CHICAGO,2022,102,31.375000
CHICAGO,2022,101,31.375000
CHICAGO,2022,100,
CHICAGO,2022,99,
CHICAGO,2022,98,31.375000
CHICAGO,2022,97,31.375000
CHICAGO,2022,96,31.375000
CHICAGO,2022,95,31.375000
CHICAGO,2022,94,31.375000
CHICAGO,2022,93,
CHICAGO,2022,92,
CHICAGO,2022,91,31.375000
CHICAGO,2022,90,31.375000
CHICAGO,2022,89,31.375000
CHICAGO,2022,88,31.375000
CHICAGO,2022,87,31.375000
CHICAGO,2022,86,
CHICAGO,2022,85,
CHICAGO,2022,84,31.375000
CHICAGO,2022,83,31.375000
CHICAGO,2022,82,31.375000
CHICAGO,2022,81,31.375000
CHICAGO,2022,80,31.375000
CHICAGO,2022,79,
CHICAGO,2022,78,
CHICAGO,2022,77,31.375000
CHICAGO,2022,76,31.500000
CHICAGO,2022,75,31.500000
CHICAGO,2022,74,31.500000
CHICAGO,2022,73,31.500000
CHICAGO,2022,72,
CHICAGO,2022,71,
CHICAGO,2022,70,31.500000
CHICAGO,2022,69,31.750000
CHICAGO,2022,68,31.750000
CHICAGO,2022,67,32.250000
CHICAGO,2022,66,32.250000
CHICAGO,2022,65,
CHICAGO,2022,64,
CHICAGO,2022,63,32.250000
CHICAGO,2022,62,32.250000
CHICAGO,2022,61,32.250000
CHICAGO,2022,60,32.250000
CHICAGO,2022,59,32.250000
CHICAGO,2022,58,
CHICAGO,2022,57,
CHICAGO,2022,56,32.250000
CHICAGO,2022,55,32.250000
CHICAGO,2022,54,32.250000
CHICAGO,2022,53,32.250000
CHICAGO,2022,52,
CHICAGO,2022,51,
CHICAGO,2022,50,
CHICAGO,2022,49,32.250000
CHICAGO,2022,48,32.250000
CHICAGO,2022,47,32.250000
CHICAGO,2022,46,25.125000
CHICAGO,2022,45,25.125000
CHICAGO,2022,44,
CHICAGO,2022,43,
CHICAGO,2022,42,25.125000
CHICAGO,2022,41,25.125000
CHICAGO,2022,40,25.125000
CHICAGO,2022,39,25.125000
CHICAGO,2022,38,25.125000
CHICAGO,2022,37,
CHICAGO,2022,36,
CHICAGO,2022,35,25.125000
CHICAGO,2022,34,25.125000
CHICAGO,2022,33,25.125000
CHICAGO,2022,32,25.125000
CHICAGO,2022,31,25.125000
CHICAGO,2022,30,
CHICAGO,2022,29,
CHICAGO,2022,28,25.125000
CHICAGO,2022,27,25.625000
CHICAGO,2022,26,25.625000
CHICAGO,2022,25,25.625000
CHICAGO,2022,24,25.625000
CHICAGO,2022,23,
CHICAGO,2022,22,
CHICAGO,2022,21,25.625000
CHICAGO,2022,20,36.750000
CHICAGO,2022,19,36.750000
CHICAGO,2022,18,36.750000
CHICAGO,2022,17,
CHICAGO,2022,16,
CHICAGO,2022,15,
CHICAGO,2022,14,36.750000
CHICAGO,2022,13,36.750000
CHICAGO,2022,12,44.125000
CHICAGO,2022,11,44.125000
CHICAGO,2022,10,44.125000
CHICAGO,2022,9,
CHICAGO,2022,8,
CHICAGO,2022,7,44.125000
CHICAGO,2022,6,44.125000
CHICAGO,2022,5,44.125000
CHICAGO,2022,4,44.125000
CHICAGO,2022,3,44.125000
CHICAGO,2022,2,
COLUMBIA,2022,366,
COLUMBIA,2022,365,
COLUMBIA,2022,364,29.666666
COLUMBIA,2022,363,29.666666
COLUMBIA,2022,362,29.666666
COLUMBIA,2022,361,
COLUMBIA,2022,360,
COLUMBIA,2022,359,
COLUMBIA,2022,358,
COLUMBIA,2022,357,
COLUMBIA,2022,356,
COLUMBIA,2022,355,
COLUMBIA,2022,354,
COLUMBIA,2022,353,29.666666
COLUMBIA,2022,352,
COLUMBIA,2022,351,
COLUMBIA,2022,350,29.666666
COLUMBIA,2022,349,29.666666
COLUMBIA,2022,348,29.666666
COLUMBIA,2022,347,29.666666
COLUMBIA,2022,346,29.666666
COLUMBIA,2022,345,
COLUMBIA,2022,344,
COLUMBIA,2022,343,27.333333
COLUMBIA,2022,342,27.333333
COLUMBIA,2022,341,27.333333
COLUMBIA,2022,340,27.333333
COLUMBIA,2022,339,27.333333
COLUMBIA,2022,338,
COLUMBIA,2022,337,
COLUMBIA,2022,336,26.666666
COLUMBIA,2022,335,26.666666
COLUMBIA,2022,334,27.000000
COLUMBIA,2022,333,27.000000
COLUMBIA,2022,332,26.166666
COLUMBIA,2022,331,
COLUMBIA,2022,330,
COLUMBIA,2022,329,
COLUMBIA,2022,328,
COLUMBIA,2022,327,
COLUMBIA,2022,326,
COLUMBIA,2022,325,26.166666
COLUMBIA,2022,324,
COLUMBIA,2022,323,
COLUMBIA,2022,322,26.125000
COLUMBIA,2022,321,26.125000
COLUMBIA,2022,320,26.125000
COLUMBIA,2022,319,26.125000
COLUMBIA,2022,318,26.125000
COLUMBIA,2022,317,
COLUMBIA,2022,316,
COLUMBIA,2022,315,
COLUMBIA,2022,314,25.875000
COLUMBIA,2022,313,25.875000
COLUMBIA,2022,312,26.125000
COLUMBIA,2022,311,26.125000
COLUMBIA,2022,310,
COLUMBIA,2022,309,
COLUMBIA,2022,308,26.125000
COLUMBIA,2022,307,26.125000
COLUMBIA,2022,306,26.125000
COLUMBIA,2022,305,26.125000
COLUMBIA,2022,304,26.125000
COLUMBIA,2022,303,
COLUMBIA,2022,302,
COLUMBIA,2022,301,26.125000
COLUMBIA,2022,300,26.125000
COLUMBIA,2022,299,23.833333
COLUMBIA,2022,298,23.833333
COLUMBIA,2022,297,23.833333
COLUMBIA,2022,296,
COLUMBIA,2022,295,
COLUMBIA,2022,294,20.625000
COLUMBIA,2022,293,20.625000
COLUMBIA,2022,292,20.625000
COLUMBIA,2022,291,20.625000
COLUMBIA,2022,290,20.625000
COLUMBIA,2022,289,
COLUMBIA,2022,288,
COLUMBIA,2022,287,20.125000
COLUMBIA,2022,286,19.900000
COLUMBIA,2022,285,19.900000
COLUMBIA,2022,284,19.900000
COLUMBIA,2022,283,
COLUMBIA,2022,282,
COLUMBIA,2022,281,
COLUMBIA,2022,280,19.900000
COLUMBIA,2022,279,19.900000
COLUMBIA,2022,278,19.900000
COLUMBIA,2022,277,19.900000
COLUMBIA,2022,276,19.900000
COLUMBIA,2022,275,
COLUMBIA,2022,274,
COLUMBIA,2022,273,
COLUMBIA,2022,272,19.600000
COLUMBIA,2022,271,19.600000
COLUMBIA,2022,270,19.600000
COLUMBIA,2022,269,19.600000
COLUMBIA,2022,268,
COLUMBIA,2022,267,
COLUMBIA,2022,266,20.000000
COLUMBIA,2022,265,20.000000
COLUMBIA,2022,264,20.000000
COLUMBIA,2022,263,20.000000
COLUMBIA,2022,262,20.000000
COLUMBIA,2022,261,
COLUMBIA,2022,260,
COLUMBIA,2022,259,21.750000
COLUMBIA,2022,258,21.750000
COLUMBIA,2022,257,21.750000
COLUMBIA,2022,256,21.750000
COLUMBIA,2022,255,21.750000
COLUMBIA,2022,254,
COLUMBIA,2022,253,
COLUMBIA,2022,252,21.750000
COLUMBIA,2022,251,21.750000
COLUMBIA,2022,250,21.750000
COLUMBIA,2022,249,21.750000
COLUMBIA,2022,248,
COLUMBIA,2022,247,
COLUMBIA,2022,246,
COLUMBIA,2022,245,22.750000
COLUMBIA,2022,244,22.750000
COLUMBIA,2022,243,22.750000
COLUMBIA,2022,242,22.750000
COLUMBIA,2022,241,22.750000
COLUMBIA,2022,240,
COLUMBIA,2022,239,
COLUMBIA,2022,238,22.750000
COLUMBIA,2022,237,22.750000
COLUMBIA,2022,236,22.750000
COLUMBIA,2022,235,22.750000
COLUMBIA,2022,234,22.750000
COLUMBIA,2022,233,
COLUMBIA,2022,232,
COLUMBIA,2022,231,22.750000
COLUMBIA,2022,230,22.750000
COLUMBIA,2022,229,22.750000
COLUMBIA,2022,228,23.125000
COLUMBIA,2022,227,23.125000
COLUMBIA,2022,226,
COLUMBIA,2022,225,
COLUMBIA,2022,224,23.125000
COLUMBIA,2022,223,23.125000
COLUMBIA,2022,222,23.125000
COLUMBIA,2022,221,23.125000
COLUMBIA,2022,220,23.250000
COLUMBIA,2022,219,
COLUMBIA,2022,218,
COLUMBIA,2022,217,23.250000
COLUMBIA,2022,216,23.250000
COLUMBIA,2022,215,23.250000
COLUMBIA,2022,214,23.250000
COLUMBIA,2022,213,23.125000
COLUMBIA,2022,212,
COLUMBIA,2022,211,
COLUMBIA,2022,210,23.125000
COLUMBIA,2022,209,23.125000
COLUMBIA,2022,208,23.125000
COLUMBIA,2022,207,23.125000
COLUMBIA,2022,206,23.125000
COLUMBIA,2022,205,
COLUMBIA,2022,204,
COLUMBIA,2022,203,22.937500
COLUMBIA,2022,202,22.937500
COLUMBIA,2022,201,22.937500
COLUMBIA,2022,200,22.937500
COLUMBIA,2022,199,23.062500
COLUMBIA,2022,198,
COLUMBIA,2022,197,
COLUMBIA,2022,196,23.125000
COLUMBIA,2022,195,23.125000
COLUMBIA,2022,194,23.125000
COLUMBIA,2022,193,23.125000
COLUMBIA,2022,192,23.500000
COLUMBIA,2022,191,
COLUMBIA,2022,190,
COLUMBIA,2022,189,23.125000
COLUMBIA,2022,188,23.125000
COLUMBIA,2022,187,23.125000
COLUMBIA,2022,186,23.125000
COLUMBIA,2022,185,
COLUMBIA,2022,184,
COLUMBIA,2022,183,
COLUMBIA,2022,182,23.125000
COLUMBIA,2022,181,23.125000
COLUMBIA,2022,180,23.125000
COLUMBIA,2022,179,23.125000
COLUMBIA,2022,178,23.125000
COLUMBIA,2022,177,
COLUMBIA,2022,176,
COLUMBIA,2022,175,24.125000
COLUMBIA,2022,174,24.125000
COLUMBIA,2022,173,24.125000
COLUMBIA,2022,172,24.125000
COLUMBIA,2022,171,24.125000
COLUMBIA,2022,170,
COLUMBIA,2022,169,
COLUMBIA,2022,168,23.166666
COLUMBIA,2022,167,23.166666
COLUMBIA,2022,166,23.166666
COLUMBIA,2022,165,23.166666
COLUMBIA,2022,164,23.166666
COLUMBIA,2022,163,
COLUMBIA,2022,162,
COLUMBIA,2022,161,23.333333
COLUMBIA,2022,160,23.333333
COLUMBIA,2022,159,23.333333
COLUMBIA,2022,158,23.333333
COLUMBIA,2022,157,23.333333
COLUMBIA,2022,156,
COLUMBIA,2022,155,
COLUMBIA,2022,154,25.000000
COLUMBIA,2022,153,25.000000
COLUMBIA,2022,152,25.000000
COLUMBIA,2022,151,25.000000
COLUMBIA,2022,150,
COLUMBIA,2022,149,
COLUMBIA,2022,148,
COLUMBIA,2022,147,25.000000
COLUMBIA,2022,146,25.000000
COLUMBIA,2022,145,25.000000
COLUMBIA,2022,144,25.000000
COLUMBIA,2022,143,25.000000
COLUMBIA,2022,142,
COLUMBIA,2022,141,
COLUMBIA,2022,140,24.333333
COLUMBIA,2022,139,24.333333
COLUMBIA,2022,138,24.333333
COLUMBIA,2022,137,24.333333
COLUMBIA,2022,136,25.000000
COLUMBIA,2022,135,
COLUMBIA,2022,134,
COLUMBIA,2022,133,24.333333
COLUMBIA,2022,132,24.333333
COLUMBIA,2022,131,24.333333
COLUMBIA,2022,130,
COLUMBIA,2022,129,24.333333
COLUMBIA,2022,128,
COLUMBIA,2022,127,
COLUMBIA,2022,126,24.333333
COLUMBIA,2022,125,24.333333
COLUMBIA,2022,124,24.333333
COLUMBIA,2022,123,25.000000
COLUMBIA,2022,122,25.000000
COLUMBIA,2022,121,
COLUMBIA,2022,120,
COLUMBIA,2022,119,24.333333
COLUMBIA,2022,118,25.000000
COLUMBIA,2022,117,25.000000
COLUMBIA,2022,116,25.000000
COLUMBIA,2022,115,25.000000
COLUMBIA,2022,114,
COLUMBIA,2022,113,
COLUMBIA,2022,112,24.666666
COLUMBIA,2022,111,24.666666
COLUMBIA,2022,110,24.666666
COLUMBIA,2022,109,24.666666
COLUMBIA,2022,108,24.000000
COLUMBIA,2022,107,
COLUMBIA,2022,106,
COLUMBIA,2022,105,24.000000
COLUMBIA,2022,104,24.000000
COLUMBIA,2022,103,24.000000
COLUMBIA,2022,102,24.000000
COLUMBIA,2022,101,24.000000
COLUMBIA,2022,100,
COLUMBIA,2022,99,
COLUMBIA,2022,98,24.000000
COLUMBIA,2022,97,24.000000
COLUMBIA,2022,96,24.000000
COLUMBIA,2022,95,24.000000
COLUMBIA,2022,94,24.000000
COLUMBIA,2022,93,
COLUMBIA,2022,92,
COLUMBIA,2022,91,24.166666
COLUMBIA,2022,90,24.166666
COLUMBIA,2022,89,24.166666
COLUMBIA,2022,88,24.166666
COLUMBIA,2022,87,24.166666
COLUMBIA,2022,86,
COLUMBIA,2022,85,
COLUMBIA,2022,84,23.833333
COLUMBIA,2022,83,23.833333
COLUMBIA,2022,82,23.833333
COLUMBIA,2022,81,23.833333
COLUMBIA,2022,80,
COLUMBIA,2022,79,
COLUMBIA,2022,78,
COLUMBIA,2022,77,21.500000
COLUMBIA,2022,76,21.500000
COLUMBIA,2022,75,21.500000
COLUMBIA,2022,74,22.833333
COLUMBIA,2022,73,
COLUMBIA,2022,72,
COLUMBIA,2022,71,
COLUMBIA,2022,70,22.833333
COLUMBIA,2022,69,22.833333
COLUMBIA,2022,68,22.833333
COLUMBIA,2022,67,22.833333
COLUMBIA,2022,66,23.250000
COLUMBIA,2022,65,
COLUMBIA,2022,64,
COLUMBIA,2022,63,22.750000
COLUMBIA,2022,62,22.750000
COLUMBIA,2022,61,22.750000
COLUMBIA,2022,60,22.750000
COLUMBIA,2022,59,22.750000
COLUMBIA,2022,58,
COLUMBIA,2022,57,
COLUMBIA,2022,56,22.750000
COLUMBIA,2022,55,22.750000
COLUMBIA,2022,54,22.750000
COLUMBIA,2022,53,22.750000
COLUMBIA,2022,52,
COLUMBIA,2022,51,
COLUMBIA,2022,50,
COLUMBIA,2022,49,22.750000
COLUMBIA,2022,48,22.750000
COLUMBIA,2022,47,22.750000
COLUMBIA,2022,46,22.750000
COLUMBIA,2022,45,22.750000
COLUMBIA,2022,44,
COLUMBIA,2022,43,
COLUMBIA,2022,42,22.500000
COLUMBIA,2022,41,22.500000
COLUMBIA,2022,40,22.500000
COLUMBIA,2022,39,22.500000
COLUMBIA,2022,38,22.500000
COLUMBIA,2022,37,
COLUMBIA,2022,36,
COLUMBIA,2022,35,23.666666
COLUMBIA,2022,34,23.666666
COLUMBIA,2022,33,23.666666
COLUMBIA,2022,32,23.666666
COLUMBIA,2022,31,22.833333
COLUMBIA,2022,30,
COLUMBIA,2022,29,
COLUMBIA,2022,28,22.333333
COLUMBIA,2022,27,22.333333
COLUMBIA,2022,26,22.333333
COLUMBIA,2022,25,22.333333
COLUMBIA,2022,24,22.333333
COLUMBIA,2022,23,
COLUMBIA,2022,22,
COLUMBIA,2022,21,22.833333
COLUMBIA,2022,20,22.833333
COLUMBIA,2022,19,22.833333
COLUMBIA,2022,18,22.833333
COLUMBIA,2022,17,
COLUMBIA,2022,16,
COLUMBIA,2022,15,
COLUMBIA,2022,14,22.833333
COLUMBIA,2022,13,22.833333
COLUMBIA,2022,12,22.833333
COLUMBIA,2022,11,22.833333
COLUMBIA,2022,10,22.833333
COLUMBIA,2022,9,
COLUMBIA,2022,8,
COLUMBIA,2022,7,22.750000
COLUMBIA,2022,6,22.750000
COLUMBIA,2022,5,
COLUMBIA,2022,4,22.750000
COLUMBIA,2022,3,
COLUMBIA,2022,2,
LOS ANGELES,2022,366,
LOS ANGELES,2022,365,
LOS ANGELES,2022,364,29.000000
LOS ANGELES,2022,363,29.000000
LOS ANGELES,2022,362,29.000000
LOS ANGELES,2022,361,29.000000
LOS ANGELES,2022,360,
LOS ANGELES,2022,359,
LOS ANGELES,2022,358,
LOS ANGELES,2022,357,29.000000
LOS ANGELES,2022,356,29.000000
LOS ANGELES,2022,355,29.000000
LOS ANGELES,2022,354,35.666666
LOS ANGELES,2022,353,35.666666
LOS ANGELES,2022,352,
LOS ANGELES,2022,351,
LOS ANGELES,2022,350,35.666666
LOS ANGELES,2022,349,35.666666
LOS ANGELES,2022,348,35.666666
LOS ANGELES,2022,347,35.666666
LOS ANGELES,2022,346,35.666666
LOS ANGELES,2022,345,
LOS ANGELES,2022,344,
LOS ANGELES,2022,343,35.666666
LOS ANGELES,2022,342,35.666666
LOS ANGELES,2022,341,35.666666
LOS ANGELES,2022,340,32.750000
LOS ANGELES,2022,339,31.750000
LOS ANGELES,2022,338,
LOS ANGELES,2022,337,
LOS ANGELES,2022,336,34.000000
LOS ANGELES,2022,335,34.000000
LOS ANGELES,2022,334,34.000000
LOS ANGELES,2022,333,34.000000
LOS ANGELES,2022,332,30.500000
LOS ANGELES,2022,331,
LOS ANGELES,2022,330,
LOS ANGELES,2022,329,29.500000
LOS ANGELES,2022,328,
LOS ANGELES,2022,327,29.500000
LOS ANGELES,2022,326,29.000000
LOS ANGELES,2022,325,29.000000
LOS ANGELES,2022,324,
LOS ANGELES,2022,323,
LOS ANGELES,2022,322,29.000000
LOS ANGELES,2022,321,28.750000
LOS ANGELES,2022,320,28.750000
LOS ANGELES,2022,319,28.750000
LOS ANGELES,2022,318,29.750000
LOS ANGELES,2022,317,
LOS ANGELES,2022,316,
LOS ANGELES,2022,315,
LOS ANGELES,2022,314,28.750000
LOS ANGELES,2022,313,28.750000
LOS ANGELES,2022,312,28.750000
LOS ANGELES,2022,311,28.750000
LOS ANGELES,2022,310,
LOS ANGELES,2022,309,
LOS ANGELES,2022,308,28.750000
LOS ANGELES,2022,307,28.750000
LOS ANGELES,2022,306,28.750000
LOS ANGELES,2022,305,28.750000
LOS ANGELES,2022,304,28.750000
LOS ANGELES,2022,303,
LOS ANGELES,2022,302,
LOS ANGELES,2022,301,28.750000
LOS ANGELES,2022,300,28.125000
LOS ANGELES,2022,299,28.125000
LOS ANGELES,2022,298,28.125000
LOS ANGELES,2022,297,27.875000
LOS ANGELES,2022,296,
LOS ANGELES,2022,295,
LOS ANGELES,2022,294,27.875000
LOS ANGELES,2022,293,27.875000
LOS ANGELES,2022,292,26.125000
LOS ANGELES,2022,291,26.125000
LOS ANGELES,2022,290,26.125000
LOS ANGELES,2022,289,
LOS ANGELES,2022,288,
LOS ANGELES,2022,287,26.125000
LOS ANGELES,2022,286,26.125000
LOS ANGELES,2022,285,26.125000
LOS ANGELES,2022,284,26.125000
LOS ANGELES,2022,283,
LOS ANGELES,2022,282,
LOS ANGELES,2022,281,
LOS ANGELES,2022,280,28.750000
LOS ANGELES,2022,279,28.750000
LOS ANGELES,2022,278,28.750000
LOS ANGELES,2022,277,28.750000
LOS ANGELES,2022,276,28.666666
LOS ANGELES,2022,275,
LOS ANGELES,2022,274,
LOS ANGELES,2022,273,28.666666
LOS ANGELES,2022,272,28.666666
LOS ANGELES,2022,271,28.666666
LOS ANGELES,2022,270,28.666666
LOS ANGELES,2022,269,28.666666
LOS ANGELES,2022,268,
LOS ANGELES,2022,267,
LOS ANGELES,2022,266,28.666666
LOS ANGELES,2022,265,28.666666
LOS ANGELES,2022,264,28.666666
LOS ANGELES,2022,263,28.666666
LOS ANGELES,2022,262,22.666666
LOS ANGELES,2022,261,
LOS ANGELES,2022,260,
LOS ANGELES,2022,259,22.666666
LOS ANGELES,2022,258,22.666666
LOS ANGELES,2022,257,22.666666
LOS ANGELES,2022,256,22.666666
LOS ANGELES,2022,255,22.666666
LOS ANGELES,2022,254,
LOS ANGELES,2022,253,
LOS ANGELES,2022,252,22.666666
LOS ANGELES,2022,251,22.666666
LOS ANGELES,2022,250,22.666666
LOS ANGELES,2022,249,22.666666
LOS ANGELES,2022,248,
LOS ANGELES,2022,247,
LOS ANGELES,2022,246,
LOS ANGELES,2022,245,22.666666
LOS ANGELES,2022,244,22.666666
LOS ANGELES,2022,243,22.666666
LOS ANGELES,2022,242,22.666666
LOS ANGELES,2022,241,22.666666
LOS ANGELES,2022,240,
LOS ANGELES,2022,239,
LOS ANGELES,2022,238,22.666666
LOS ANGELES,2022,237,22.666666
LOS ANGELES,2022,236,22.666666
LOS ANGELES,2022,235,22.666666
LOS ANGELES,2022,234,22.666666
LOS ANGELES,2022,233,
LOS ANGELES,2022,232,
LOS ANGELES,2022,231,22.666666
LOS ANGELES,2022,230,22.666666
LOS ANGELES,2022,229,23.333333
LOS ANGELES,2022,228,23.333333
LOS ANGELES,2022,227,23.333333
LOS ANGELES,2022,226,
LOS ANGELES,2022,225,
LOS ANGELES,2022,224,23.333333
LOS ANGELES,2022,223,23.333333
LOS ANGELES,2022,222,23.333333
LOS ANGELES,2022,221,23.333333
LOS ANGELES,2022,220,24.333333
LOS ANGELES,2022,219,
LOS ANGELES,2022,218,
LOS ANGELES,2022,217,27.000000
LOS ANGELES,2022,216,27.000000
LOS ANGELES,2022,215,27.000000
LOS ANGELES,2022,214,27.000000
LOS ANGELES,2022,213,27.000000
LOS ANGELES,2022,212,
LOS ANGELES,2022,211,
LOS ANGELES,2022,210,27.000000
LOS ANGELES,2022,209,25.666666
LOS ANGELES,2022,208,25.666666
LOS ANGELES,2022,207,25.666666
LOS ANGELES,2022,206,25.666666
LOS ANGELES,2022,205,
LOS ANGELES,2022,204,
LOS ANGELES,2022,203,25.666666
LOS ANGELES,2022,202,25.666666
LOS ANGELES,2022,201,25.666666
LOS ANGELES,2022,200,25.666666
LOS ANGELES,2022,199,25.666666
LOS ANGELES,2022,198,
LOS ANGELES,2022,197,
LOS ANGELES,2022,196,25.666666
LOS ANGELES,2022,195,25.666666
LOS ANGELES,2022,194,25.666666
LOS ANGELES,2022,193,25.666666
LOS ANGELES,2022,192,25.666666
LOS ANGELES,2022,191,
LOS ANGELES,2022,190,
LOS ANGELES,2022,189,25.666666
LOS ANGELES,2022,188,25.166666
LOS ANGELES,2022,187,21.500000
LOS ANGELES,2022,186,21.500000
LOS ANGELES,2022,185,
LOS ANGELES,2022,184,
LOS ANGELES,2022,183,
LOS ANGELES,2022,182,21.500000
LOS ANGELES,2022,181,21.500000
LOS ANGELES,2022,180,21.500000
LOS ANGELES,2022,179,20.500000
LOS ANGELES,2022,178,20.500000
LOS ANGELES,2022,177,
LOS ANGELES,2022,176,
LOS ANGELES,2022,175,20.500000
LOS ANGELES,2022,174,20.500000
LOS ANGELES,2022,173,20.500000
LOS ANGELES,2022,172,20.500000
LOS ANGELES,2022,171,
LOS ANGELES,2022,170,
LOS ANGELES,2022,169,
LOS ANGELES,2022,168,20.500000
LOS ANGELES,2022,167,20.500000
LOS ANGELES,2022,166,20.500000
LOS ANGELES,2022,165,23.833333
LOS ANGELES,2022,164,23.833333
LOS ANGELES,2022,163,
LOS ANGELES,2022,162,
LOS ANGELES,2022,161,21.275000
LOS ANGELES,2022,160,21.275000
LOS ANGELES,2022,159,21.275000
LOS ANGELES,2022,158,21.275000
LOS ANGELES,2022,157,21.275000
LOS ANGELES,2022,156,
LOS ANGELES,2022,155,
LOS ANGELES,2022,154,21.275000
LOS ANGELES,2022,153,21.275000
LOS ANGELES,2022,152,21.275000
LOS ANGELES,2022,151,21.275000
LOS ANGELES,2022,150,
LOS ANGELES,2022,149,
LOS ANGELES,2022,148,
LOS ANGELES,2022,147,21.275000
LOS ANGELES,2022,146,21.275000
LOS ANGELES,2022,145,21.275000
LOS ANGELES,2022,144,21.275000
LOS ANGELES,2022,143,21.275000
LOS ANGELES,2022,142,
LOS ANGELES,2022,141,
LOS ANGELES,2022,140,21.275000
LOS ANGELES,2022,139,21.325000
LOS ANGELES,2022,138,21.325000
LOS ANGELES,2022,137,21.325000
LOS ANGELES,2022,136,21.325000
LOS ANGELES,2022,135,
LOS ANGELES,2022,134,
LOS ANGELES,2022,133,21.325000
LOS ANGELES,2022,132,21.325000
LOS ANGELES,2022,131,21.325000
LOS ANGELES,2022,130,21.275000
LOS ANGELES,2022,129,21.275000
LOS ANGELES,2022,128,
LOS ANGELES,2022,127,
LOS ANGELES,2022,126,21.275000
LOS ANGELES,2022,125,0.550000
LOS ANGELES,2022,124,0.550000
LOS ANGELES,2022,123,0.550000
LOS ANGELES,2022,122,0.550000
LOS ANGELES,2022,121,
LOS ANGELES,2022,120,
LOS ANGELES,2022,119,0.550000
LOS ANGELES,2022,118,0.550000
LOS ANGELES,2022,117,0.550000
LOS ANGELES,2022,116,0.550000
LOS ANGELES,2022,115,0.550000
LOS ANGELES,2022,114,
LOS ANGELES,2022,113,
LOS ANGELES,2022,112,0.550000
LOS ANGELES,2022,111,0.550000
LOS ANGELES,2022,110,0.550000
LOS ANGELES,2022,109,0.550000
LOS ANGELES,2022,108,0.550000
LOS ANGELES,2022,107,
LOS ANGELES,2022,106,
LOS ANGELES,2022,105,0.550000
LOS ANGELES,2022,104,0.550000
LOS ANGELES,2022,103,0.550000
LOS ANGELES,2022,102,0.750000
LOS ANGELES,2022,101,0.750000
LOS ANGELES,2022,100,
LOS ANGELES,2022,99,
LOS ANGELES,2022,98,0.750000
LOS ANGELES,2022,97,0.750000
LOS ANGELES,2022,96,0.750000
LOS ANGELES,2022,95,0.750000
LOS ANGELES,2022,94,0.750000
LOS ANGELES,2022,93,
LOS ANGELES,2022,92,
LOS ANGELES,2022,91,0.750000
LOS ANGELES,2022,90,0.750000
LOS ANGELES,2022,89,0.750000
LOS ANGELES,2022,88,0.750000
LOS ANGELES,2022,87,0.500000
LOS ANGELES,2022,86,
LOS ANGELES,2022,85,
LOS ANGELES,2022,84,0.500000
LOS ANGELES,2022,83,0.500000
LOS ANGELES,2022,82,0.500000
LOS ANGELES,2022,81,0.500000
LOS ANGELES,2022,80,21.250000
LOS ANGELES,2022,79,
LOS ANGELES,2022,78,
LOS ANGELES,2022,77,21.250000
LOS ANGELES,2022,76,21.250000
LOS ANGELES,2022,75,21.250000
LOS ANGELES,2022,74,21.250000
LOS ANGELES,2022,73,21.250000
LOS ANGELES,2022,72,
LOS ANGELES,2022,71,
LOS ANGELES,2022,70,21.250000
LOS ANGELES,2022,69,21.250000
LOS ANGELES,2022,68,21.325000
LOS ANGELES,2022,67,21.325000
LOS ANGELES,2022,66,19.825000
LOS ANGELES,2022,65,
LOS ANGELES,2022,64,
LOS ANGELES,2022,63,19.825000
LOS ANGELES,2022,62,19.825000
LOS ANGELES,2022,61,19.825000
LOS ANGELES,2022,60,19.825000
LOS ANGELES,2022,59,18.325000
LOS ANGELES,2022,58,
LOS ANGELES,2022,57,
LOS ANGELES,2022,56,18.325000
LOS ANGELES,2022,55,18.325000
LOS ANGELES,2022,54,18.325000
LOS ANGELES,2022,53,18.325000
LOS ANGELES,2022,52,
LOS ANGELES,2022,51,
LOS ANGELES,2022,50,
LOS ANGELES,2022,49,18.325000
LOS ANGELES,2022,48,18.325000
LOS ANGELES,2022,47,0.650000
LOS ANGELES,2022,46,0.650000
LOS ANGELES,2022,45,0.500000
LOS ANGELES,2022,44,
LOS ANGELES,2022,43,
LOS ANGELES,2022,42,0.500000
LOS ANGELES,2022,41,0.500000
LOS ANGELES,2022,40,0.500000
LOS ANGELES,2022,39,0.500000
LOS ANGELES,2022,38,0.500000
LOS ANGELES,2022,37,
LOS ANGELES,2022,36,
LOS ANGELES,2022,35,0.500000
LOS ANGELES,2022,34,0.500000
LOS ANGELES,2022,33,0.500000
LOS ANGELES,2022,32,0.500000
LOS ANGELES,2022,31,0.500000
LOS ANGELES,2022,30,
LOS ANGELES,2022,29,
LOS ANGELES,2022,28,0.500000
LOS ANGELES,2022,27,0.500000
LOS ANGELES,2022,26,0.500000
LOS ANGELES,2022,25,0.500000
LOS ANGELES,2022,24,0.500000
LOS ANGELES,2022,23,
LOS ANGELES,2022,22,
LOS ANGELES,2022,21,0.500000
LOS ANGELES,2022,20,0.500000
LOS ANGELES,2022,19,0.500000
LOS ANGELES,2022,18,0.500000
LOS ANGELES,2022,17,
LOS ANGELES,2022,16,
LOS ANGELES,2022,15,
LOS ANGELES,2022,14,0.500000
LOS ANGELES,2022,13,0.500000
LOS ANGELES,2022,12,0.350000
LOS ANGELES,2022,11,0.350000
LOS ANGELES,2022,10,0.350000
LOS ANGELES,2022,9,
LOS ANGELES,2022,8,
LOS ANGELES,2022,7,0.350000
LOS ANGELES,2022,6,0.350000
LOS ANGELES,2022,5,0.350000
LOS ANGELES,2022,4,0.350000
LOS ANGELES,2022,3,
LOS ANGELES,2022,2,
MIAMI,2022,366,
MIAMI,2022,365,
MIAMI,2022,364,29.250000
MIAMI,2022,363,29.250000
MIAMI,2022,362,29.250000
MIAMI,2022,361,29.250000
MIAMI,2022,360,
MIAMI,2022,359,
MIAMI,2022,358,
MIAMI,2022,357,29.250000
MIAMI,2022,356,29.250000
MIAMI,2022,355,29.250000
MIAMI,2022,354,29.250000
MIAMI,2022,353,29.250000
MIAMI,2022,352,
MIAMI,2022,351,
MIAMI,2022,350,26.500000
MIAMI,2022,349,26.500000
MIAMI,2022,348,26.500000
MIAMI,2022,347,26.500000
MIAMI,2022,346,26.500000
MIAMI,2022,345,
MIAMI,2022,344,
MIAMI,2022,343,26.500000
MIAMI,2022,342,26.500000
MIAMI,2022,341,26.500000
MIAMI,2022,340,26.500000
MIAMI,2022,339,26.500000
MIAMI,2022,338,
MIAMI,2022,337,
MIAMI,2022,336,26.500000
MIAMI,2022,335,26.500000
MIAMI,2022,334,26.500000
MIAMI,2022,333,26.500000
MIAMI,2022,332,26.500000
MIAMI,2022,331,
MIAMI,2022,330,
MIAMI,2022,329,26.500000
MIAMI,2022,328,
MIAMI,2022,327,26.500000
MIAMI,2022,326,26.500000
MIAMI,2022,325,26.500000
MIAMI,2022,324,
MIAMI,2022,323,
MIAMI,2022,322,26.500000
MIAMI,2022,321,26.500000
MIAMI,2022,320,26.500000
MIAMI,2022,319,26.500000
MIAMI,2022,318,26.500000
MIAMI,2022,317,
MIAMI,2022,316,
MIAMI,2022,315,
MIAMI,2022,314,26.500000
MIAMI,2022,313,27.250000
MIAMI,2022,312,27.250000
MIAMI,2022,311,27.250000
MIAMI,2022,310,
MIAMI,2022,309,
MIAMI,2022,308,27.250000
MIAMI,2022,307,27.250000
MIAMI,2022,306,27.250000
MIAMI,2022,305,27.250000
MIAMI,2022,304,27.250000
MIAMI,2022,303,
MIAMI,2022,302,
MIAMI,2022,301,27.250000
MIAMI,2022,300,27.250000
MIAMI,2022,299,27.250000
MIAMI,2022,298,27.250000
MIAMI,2022,297,27.250000
MIAMI,2022,296,
MIAMI,2022,295,
MIAMI,2022,294,27.250000
MIAMI,2022,293,27.250000
MIAMI,2022,292,27.250000
MIAMI,2022,291,27.250000
MIAMI,2022,290,27.250000
MIAMI,2022,289,
MIAMI,2022,288,
MIAMI,2022,287,27.250000
MIAMI,2022,286,27.250000
MIAMI,2022,285,27.250000
MIAMI,2022,284,27.250000
MIAMI,2022,283,
MIAMI,2022,282,
MIAMI,2022,281,
MIAMI,2022,280,27.250000
MIAMI,2022,279,27.250000
MIAMI,2022,278,27.250000
MIAMI,2022,277,27.250000
MIAMI,2022,276,27.250000
MIAMI,2022,275,
MIAMI,2022,274,
MIAMI,2022,273,27.250000
MIAMI,2022,272,27.250000
MIAMI,2022,271,27.250000
MIAMI,2022,270,27.250000
MIAMI,2022,269,27.250000
MIAMI,2022,268,
MIAMI,2022,267,
MIAMI,2022,266,27.250000
MIAMI,2022,265,27.250000
MIAMI,2022,264,27.250000
MIAMI,2022,263,27.250000
MIAMI,2022,262,27.250000
MIAMI,2022,261,
MIAMI,2022,260,
MIAMI,2022,259,27.250000
MIAMI,2022,258,27.250000
MIAMI,2022,257,27.250000
MIAMI,2022,256,27.250000
MIAMI,2022,255,27.250000
MIAMI,2022,254,
MIAMI,2022,253,
MIAMI,2022,252,27.250000
MIAMI,2022,251,27.250000
MIAMI,2022,250,27.250000
MIAMI,2022,249,27.250000
MIAMI,2022,248,
MIAMI,2022,247,
MIAMI,2022,246,
MIAMI,2022,245,27.250000
MIAMI,2022,244,27.250000
MIAMI,2022,243,27.250000
MIAMI,2022,242,27.000000
MIAMI,2022,241,27.000000
MIAMI,2022,240,
MIAMI,2022,239,
MIAMI,2022,238,27.000000
MIAMI,2022,237,27.000000
MIAMI,2022,236,27.000000
MIAMI,2022,235,27.000000
MIAMI,2022,234,27.000000
MIAMI,2022,233,
MIAMI,2022,232,
MIAMI,2022,231,27.000000
MIAMI,2022,230,27.000000
MIAMI,2022,229,27.000000
MIAMI,2022,228,27.000000
MIAMI,2022,227,27.000000
MIAMI,2022,226,
MIAMI,2022,225,
MIAMI,2022,224,27.000000
MIAMI,2022,223,27.000000
MIAMI,2022,222,27.000000
MIAMI,2022,221,27.000000
MIAMI,2022,220,27.000000
MIAMI,2022,219,
MIAMI,2022,218,
MIAMI,2022,217,27.000000
MIAMI,2022,216,27.000000
MIAMI,2022,215,27.000000
MIAMI,2022,214,27.000000
MIAMI,2022,213,27.000000
MIAMI,2022,212,
MIAMI,2022,211,
MIAMI,2022,210,27.000000
MIAMI,2022,209,27.000000
MIAMI,2022,208,27.000000
MIAMI,2022,207,27.000000
MIAMI,2022,206,27.000000
MIAMI,2022,205,
MIAMI,2022,204,
MIAMI,2022,203,27.000000
MIAMI,2022,202,27.000000
MIAMI,2022,201,27.000000
MIAMI,2022,200,27.000000
MIAMI,2022,199,27.000000
MIAMI,2022,198,
MIAMI,2022,197,
MIAMI,2022,196,27.000000
MIAMI,2022,195,27.000000
MIAMI,2022,194,27.000000
MIAMI,2022,193,27.000000
MIAMI,2022,192,27.000000
MIAMI,2022,191,
MIAMI,2022,190,
MIAMI,2022,189,27.000000
MIAMI,2022,188,27.000000
MIAMI,2022,187,27.000000
MIAMI,2022,186,27.000000
MIAMI,2022,185,
MIAMI,2022,184,
MIAMI,2022,183,
MIAMI,2022,182,27.000000
MIAMI,2022,181,27.000000
MIAMI,2022,180,27.000000
MIAMI,2022,179,27.000000
MIAMI,2022,178,27.000000
MIAMI,2022,177,
MIAMI,2022,176,
MIAMI,2022,175,27.000000
MIAMI,2022,174,27.000000
MIAMI,2022,173,27.000000
MIAMI,2022,172,27.000000
MIAMI,2022,171,
MIAMI,2022,170,
MIAMI,2022,169,
MIAMI,2022,168,27.000000
MIAMI,2022,167,27.000000
MIAMI,2022,166,27.000000
MIAMI,2022,165,27.000000
MIAMI,2022,164,27.000000
MIAMI,2022,163,
MIAMI,2022,162,
MIAMI,2022,161,27.000000
MIAMI,2022,160,27.000000
MIAMI,2022,159,27.000000
MIAMI,2022,158,27.000000
MIAMI,2022,157,27.000000
MIAMI,2022,156,
MIAMI,2022,155,
MIAMI,2022,154,27.000000
MIAMI,2022,153,27.000000
MIAMI,2022,152,27.000000
MIAMI,2022,151,27.000000
MIAMI,2022,150,
MIAMI,2022,149,
MIAMI,2022,148,
MIAMI,2022,147,27.000000
MIAMI,2022,146,27.000000
MIAMI,2022,145,27.000000
MIAMI,2022,144,27.000000
MIAMI,2022,143,27.000000
MIAMI,2022,142,
MIAMI,2022,141,
MIAMI,2022,140,27.000000
MIAMI,2022,139,27.000000
MIAMI,2022,138,27.000000
MIAMI,2022,137,27.000000
MIAMI,2022,136,27.000000
MIAMI,2022,135,
MIAMI,2022,134,
MIAMI,2022,133,27.000000
MIAMI,2022,132,27.000000
MIAMI,2022,131,24.500000
MIAMI,2022,130,24.500000
MIAMI,2022,129,24.500000
MIAMI,2022,128,
MIAMI,2022,127,
MIAMI,2022,126,24.500000
MIAMI,2022,125,24.500000
MIAMI,2022,124,24.500000
MIAMI,2022,123,24.500000
MIAMI,2022,122,24.500000
MIAMI,2022,121,
MIAMI,2022,120,
MIAMI,2022,119,24.500000
MIAMI,2022,118,24.500000
MIAMI,2022,117,24.500000
MIAMI,2022,116,24.500000
MIAMI,2022,115,24.500000
MIAMI,2022,114,
MIAMI,2022,113,
MIAMI,2022,112,23.500000
MIAMI,2022,111,23.500000
MIAMI,2022,110,23.500000
MIAMI,2022,109,23.500000
MIAMI,2022,108,23.500000
MIAMI,2022,107,
MIAMI,2022,106,
MIAMI,2022,105,23.500000
MIAMI,2022,104,23.500000
MIAMI,2022,103,23.500000
MIAMI,2022,102,23.500000
MIAMI,2022,101,23.500000
MIAMI,2022,100,
MIAMI,2022,99,
MIAMI,2022,98,23.500000
MIAMI,2022,97,23.500000
MIAMI,2022,96,23.500000
MIAMI,2022,95,23.500000
MIAMI,2022,94,23.500000
MIAMI,2022,93,
MIAMI,2022,92,
MIAMI,2022,91,23.500000
MIAMI,2022,90,23.500000
MIAMI,2022,89,23.500000
MIAMI,2022,88,27.250000
MIAMI,2022,87,27.250000
MIAMI,2022,86,
MIAMI,2022,85,
MIAMI,2022,84,27.250000
MIAMI,2022,83,27.250000
MIAMI,2022,82,27.250000
MIAMI,2022,81,27.250000
MIAMI,2022,80,27.250000
MIAMI,2022,79,
MIAMI,2022,78,
MIAMI,2022,77,27.250000
MIAMI,2022,76,27.500000
MIAMI,2022,75,27.500000
MIAMI,2022,74,27.500000
MIAMI,2022,73,27.500000
MIAMI,2022,72,
MIAMI,2022,71,
MIAMI,2022,70,27.500000
MIAMI,2022,69,27.500000
MIAMI,2022,68,27.500000
MIAMI,2022,67,27.500000
MIAMI,2022,66,27.500000
MIAMI,2022,65,
MIAMI,2022,64,
MIAMI,2022,63,27.500000
MIAMI,2022,62,27.500000
MIAMI,2022,61,27.500000
MIAMI,2022,60,27.500000
MIAMI,2022,59,27.500000
MIAMI,2022,58,
MIAMI,2022,57,
MIAMI,2022,56,27.500000
MIAMI,2022,55,27.500000
MIAMI,2022,54,27.500000
MIAMI,2022,53,27.500000
MIAMI,2022,52,
MIAMI,2022,51,
MIAMI,2022,50,
MIAMI,2022,49,27.500000
MIAMI,2022,48,27.500000
MIAMI,2022,47,27.500000
MIAMI,2022,46,27.500000
MIAMI,2022,45,27.500000
MIAMI,2022,44,
MIAMI,2022,43,
MIAMI,2022,42,27.500000
MIAMI,2022,41,27.500000
MIAMI,2022,40,27.500000
MIAMI,2022,39,27.500000
MIAMI,2022,38,27.500000
MIAMI,2022,37,
MIAMI,2022,36,
MIAMI,2022,35,27.500000
MIAMI,2022,34,27.500000
MIAMI,2022,33,27.500000
MIAMI,2022,32,27.500000
MIAMI,2022,31,27.500000
MIAMI,2022,30,
MIAMI,2022,29,
MIAMI,2022,28,27.500000
MIAMI,2022,27,27.500000
MIAMI,2022,26,27.500000
MIAMI,2022,25,27.500000
MIAMI,2022,24,27.500000
MIAMI,2022,23,
MIAMI,2022,22,
MIAMI,2022,21,27.500000
MIAMI,2022,20,27.500000
MIAMI,2022,19,27.500000
MIAMI,2022,18,27.500000
MIAMI,2022,17,
MIAMI,2022,16,
MIAMI,2022,15,
MIAMI,2022,14,27.500000
MIAMI,2022,13,27.500000
MIAMI,2022,12,28.000000
MIAMI,2022,11,30.000000
MIAMI,2022,10,30.000000
MIAMI,2022,9,
MIAMI,2022,8,
MIAMI,2022,7,
MIAMI,2022,6,
MIAMI,2022,5,
MIAMI,2022,4,
MIAMI,2022,3,
MIAMI,2022,2,
NEW YORK,2022,366,
NEW YORK,2022,365,
NEW YORK,2022,364,26.166666
NEW YORK,2022,363,26.166666
NEW YORK,2022,362,26.333333
NEW YORK,2022,361,25.666666
NEW YORK,2022,360,
NEW YORK,2022,359,
NEW YORK,2022,358,
NEW YORK,2022,357,24.000000
NEW YORK,2022,356,24.000000
NEW YORK,2022,355,26.600000
NEW YORK,2022,354,25.500000
NEW YORK,2022,353,23.928571
NEW YORK,2022,352,
NEW YORK,2022,351,
NEW YORK,2022,350,24.357142
NEW YORK,2022,349,22.250000
NEW YORK,2022,348,22.750000
NEW YORK,2022,347,21.900000
NEW YORK,2022,346,22.100000
NEW YORK,2022,345,
NEW YORK,2022,344,
NEW YORK,2022,343,23.916666
NEW YORK,2022,342,23.916666
NEW YORK,2022,341,24.750000
NEW YORK,2022,340,24.750000
NEW YORK,2022,339,25.083333
NEW YORK,2022,338,
NEW YORK,2022,337,
NEW YORK,2022,336,26.500000
NEW YORK,2022,335,24.714285
NEW YORK,2022,334,24.500000
NEW YORK,2022,333,25.166666
NEW YORK,2022,332,25.166666
NEW YORK,2022,331,
NEW YORK,2022,330,
NEW YORK,2022,329,
NEW YORK,2022,328,
NEW YORK,2022,327,19.375000
NEW YORK,2022,326,19.375000
NEW YORK,2022,325,19.375000
NEW YORK,2022,324,
NEW YORK,2022,323,
NEW YORK,2022,322,21.300000
NEW YORK,2022,321,21.300000
NEW YORK,2022,320,21.300000
NEW YORK,2022,319,21.300000
NEW YORK,2022,318,20.900000
NEW YORK,2022,317,
NEW YORK,2022,316,
NEW YORK,2022,315,
NEW YORK,2022,314,19.375000
NEW YORK,2022,313,20.200000
NEW YORK,2022,312,20.100000
NEW YORK,2022,311,20.500000
NEW YORK,2022,310,
NEW YORK,2022,309,
NEW YORK,2022,308,19.000000
NEW YORK,2022,307,19.000000
NEW YORK,2022,306,19.000000
NEW YORK,2022,305,20.250000
NEW YORK,2022,304,20.000000
NEW YORK,2022,303,
NEW YORK,2022,302,
NEW YORK,2022,301,19.500000
NEW YORK,2022,300,19.500000
NEW YORK,2022,299,18.250000
NEW YORK,2022,298,19.300000
NEW YORK,2022,297,19.400000
NEW YORK,2022,296,
NEW YORK,2022,295,
NEW YORK,2022,294,22.000000
NEW YORK,2022,293,22.000000
NEW YORK,2022,292,22.600000
NEW YORK,2022,291,23.083333
NEW YORK,2022,290,23.571428
NEW YORK,2022,289,
NEW YORK,2022,288,
NEW YORK,2022,287,22.571428
NEW YORK,2022,286,22.571428
NEW YORK,2022,285,22.571428
NEW YORK,2022,284,21.500000
NEW YORK,2022,283,
NEW YORK,2022,282,
NEW YORK,2022,281,
NEW YORK,2022,280,21.600000
NEW YORK,2022,279,20.500000
NEW YORK,2022,278,19.750000
NEW YORK,2022,277,19.500000
NEW YORK,2022,276,19.625000
NEW YORK,2022,275,
NEW YORK,2022,274,
NEW YORK,2022,273,19.625000
NEW YORK,2022,272,19.625000
NEW YORK,2022,271,19.875000
NEW YORK,2022,270,19.875000
NEW YORK,2022,269,19.875000
NEW YORK,2022,268,
NEW YORK,2022,267,
NEW YORK,2022,266,19.875000
NEW YORK,2022,265,19.875000
NEW YORK,2022,264,19.875000
NEW YORK,2022,263,19.875000
NEW YORK,2022,262,20.125000
NEW YORK,2022,261,
NEW YORK,2022,260,
NEW YORK,2022,259,20.000000
NEW YORK,2022,258,20.000000
NEW YORK,2022,257,19.750000
NEW YORK,2022,256,17.666666
NEW YORK,2022,255,18.000000
NEW YORK,2022,254,
NEW YORK,2022,253,
NEW YORK,2022,252,17.333333
NEW YORK,2022,251,17.333333
NEW YORK,2022,250,17.333333
NEW YORK,2022,249,17.333333
NEW YORK,2022,248,
NEW YORK,2022,247,
NEW YORK,2022,246,
NEW YORK,2022,245,17.500000
NEW YORK,2022,244,17.500000
NEW YORK,2022,243,17.500000
NEW YORK,2022,242,17.500000
NEW YORK,2022,241,19.000000
NEW YORK,2022,240,
NEW YORK,2022,239,
NEW YORK,2022,238,18.750000
NEW YORK,2022,237,18.750000
NEW YORK,2022,236,18.750000
NEW YORK,2022,235,17.000000
NEW YORK,2022,234,17.000000
NEW YORK,2022,233,
NEW YORK,2022,232,
NEW YORK,2022,231,17.333333
NEW YORK,2022,230,17.333333
NEW YORK,2022,229,17.333333
NEW YORK,2022,228,17.333333
NEW YORK,2022,227,18.000000
NEW YORK,2022,226,
NEW YORK,2022,225,
NEW YORK,2022,224,19.750000
NEW YORK,2022,223,19.750000
NEW YORK,2022,222,19.875000
NEW YORK,2022,221,19.875000
NEW YORK,2022,220,19.875000
NEW YORK,2022,219,
NEW YORK,2022,218,
NEW YORK,2022,217,20.700000
NEW YORK,2022,216,20.900000
NEW YORK,2022,215,21.300000
NEW YORK,2022,214,21.750000
NEW YORK,2022,213,21.666666
NEW YORK,2022,212,
NEW YORK,2022,211,
NEW YORK,2022,210,21.833333
NEW YORK,2022,209,21.888888
NEW YORK,2022,208,22.000000
NEW YORK,2022,207,23.750000
NEW YORK,2022,206,21.750000
NEW YORK,2022,205,
NEW YORK,2022,204,
NEW YORK,2022,203,22.666666
NEW YORK,2022,202,23.000000
NEW YORK,2022,201,21.714285
NEW YORK,2022,200,23.583333
NEW YORK,2022,199,22.000000
NEW YORK,2022,198,
NEW YORK,2022,197,
NEW YORK,2022,196,24.600000
NEW YORK,2022,195,25.250000
NEW YORK,2022,194,26.500000
NEW YORK,2022,193,26.800000
NEW YORK,2022,192,27.000000
NEW YORK,2022,191,
NEW YORK,2022,190,
NEW YORK,2022,189,20.500000
NEW YORK,2022,188,20.500000
NEW YORK,2022,187,20.333333
NEW YORK,2022,186,20.000000
NEW YORK,2022,185,
NEW YORK,2022,184,
NEW YORK,2022,183,
NEW YORK,2022,182,19.500000
NEW YORK,2022,181,19.500000
NEW YORK,2022,180,19.500000
NEW YORK,2022,179,19.500000
NEW YORK,2022,178,19.500000
NEW YORK,2022,177,
NEW YORK,2022,176,
NEW YORK,2022,175,19.500000
NEW YORK,2022,174,19.500000
NEW YORK,2022,173,20.000000
NEW YORK,2022,172,20.000000
NEW YORK,2022,171,
NEW YORK,2022,170,
NEW YORK,2022,169,
NEW YORK,2022,168,19.750000
NEW YORK,2022,167,19.750000
NEW YORK,2022,166,20.875000
NEW YORK,2022,165,20.875000
NEW YORK,2022,164,17.666666
NEW YORK,2022,163,
NEW YORK,2022,162,
NEW YORK,2022,161,19.857142
NEW YORK,2022,160,19.857142
NEW YORK,2022,159,20.000000
NEW YORK,2022,158,21.333333
NEW YORK,2022,157,19.800000
NEW YORK,2022,156,
NEW YORK,2022,155,
NEW YORK,2022,154,19.600000
NEW YORK,2022,153,19.600000
NEW YORK,2022,152,19.600000
NEW YORK,2022,151,19.600000
NEW YORK,2022,150,
NEW YORK,2022,149,
NEW YORK,2022,148,
NEW YORK,2022,147,22.833333
NEW YORK,2022,146,22.714285
NEW YORK,2022,145,22.714285
NEW YORK,2022,144,21.166666
NEW YORK,2022,143,20.833333
NEW YORK,2022,142,
NEW YORK,2022,141,
NEW YORK,2022,140,27.875000
NEW YORK,2022,139,27.875000
NEW YORK,2022,138,27.875000
NEW YORK,2022,137,28.625000
NEW YORK,2022,136,29.000000
NEW YORK,2022,135,
NEW YORK,2022,134,
NEW YORK,2022,133,29.750000
NEW YORK,2022,132,29.750000
NEW YORK,2022,131,29.750000
NEW YORK,2022,130,27.600000
NEW YORK,2022,129,26.000000
NEW YORK,2022,128,
NEW YORK,2022,127,
NEW YORK,2022,126,31.166666
NEW YORK,2022,125,31.166666
NEW YORK,2022,124,34.071428
NEW YORK,2022,123,34.071428
NEW YORK,2022,122,32.666666
NEW YORK,2022,121,
NEW YORK,2022,120,
NEW YORK,2022,119,26.000000
NEW YORK,2022,118,26.000000
NEW YORK,2022,117,25.666666
NEW YORK,2022,116,25.666666
NEW YORK,2022,115,24.000000
NEW YORK,2022,114,
NEW YORK,2022,113,
NEW YORK,2022,112,29.500000
NEW YORK,2022,111,29.500000
NEW YORK,2022,110,29.000000
NEW YORK,2022,109,25.000000
NEW YORK,2022,108,
NEW YORK,2022,107,
NEW YORK,2022,106,
NEW YORK,2022,105,22.000000
NEW YORK,2022,104,22.000000
NEW YORK,2022,103,21.666666
NEW YORK,2022,102,21.666666
NEW YORK,2022,101,22.000000
NEW YORK,2022,100,
NEW YORK,2022,99,
NEW YORK,2022,98,23.400000
NEW YORK,2022,97,23.400000
NEW YORK,2022,96,23.400000
NEW YORK,2022,95,22.000000
NEW YORK,2022,94,22.000000
NEW YORK,2022,93,
NEW YORK,2022,92,
NEW YORK,2022,91,26.833333
NEW YORK,2022,90,26.833333
NEW YORK,2022,89,27.000000
NEW YORK,2022,88,25.714285
NEW YORK,2022,87,25.714285
NEW YORK,2022,86,
NEW YORK,2022,85,
NEW YORK,2022,84,24.142857
NEW YORK,2022,83,24.142857
NEW YORK,2022,82,24.142857
NEW YORK,2022,81,24.812500
NEW YORK,2022,80,22.583333
NEW YORK,2022,79,
NEW YORK,2022,78,
NEW YORK,2022,77,23.250000
NEW YORK,2022,76,23.250000
NEW YORK,2022,75,23.250000
NEW YORK,2022,74,23.500000
NEW YORK,2022,73,23.500000
NEW YORK,2022,72,
NEW YORK,2022,71,
NEW YORK,2022,70,21.700000
NEW YORK,2022,69,21.700000
NEW YORK,2022,68,21.700000
NEW YORK,2022,67,22.583333
NEW YORK,2022,66,22.250000
NEW YORK,2022,65,
NEW YORK,2022,64,
NEW YORK,2022,63,20.500000
NEW YORK,2022,62,20.500000
NEW YORK,2022,61,20.625000
NEW YORK,2022,60,20.250000
NEW YORK,2022,59,22.200000
NEW YORK,2022,58,
NEW YORK,2022,57,
NEW YORK,2022,56,22.000000
NEW YORK,2022,55,22.600000
NEW YORK,2022,54,22.600000
NEW YORK,2022,53,22.600000
NEW YORK,2022,52,
NEW YORK,2022,51,
NEW YORK,2022,50,
NEW YORK,2022,49,22.600000
NEW YORK,2022,48,22.600000
NEW YORK,2022,47,22.600000
NEW YORK,2022,46,23.000000
NEW YORK,2022,45,23.000000
NEW YORK,2022,44,
NEW YORK,2022,43,
NEW YORK,2022,42,23.714285
NEW YORK,2022,41,23.214285
NEW YORK,2022,40,22.357142
NEW YORK,2022,39,22.357142
NEW YORK,2022,38,22.500000
NEW YORK,2022,37,
NEW YORK,2022,36,
NEW YORK,2022,35,21.000000
NEW YORK,2022,34,21.000000
NEW YORK,2022,33,21.000000
NEW YORK,2022,32,21.428571
NEW YORK,2022,31,21.357142
NEW YORK,2022,30,
NEW YORK,2022,29,
NEW YORK,2022,28,22.500000
NEW YORK,2022,27,22.500000
NEW YORK,2022,26,22.500000
NEW YORK,2022,25,22.750000
NEW YORK,2022,24,21.500000
NEW YORK,2022,23,
NEW YORK,2022,22,
NEW YORK,2022,21,22.285714
NEW YORK,2022,20,22.285714
NEW YORK,2022,19,22.142857
NEW YORK,2022,18,21.000000
NEW YORK,2022,17,
NEW YORK,2022,16,
NEW YORK,2022,15,
NEW YORK,2022,14,22.000000
NEW YORK,2022,13,22.000000
NEW YORK,2022,12,22.062500
NEW YORK,2022,11,22.062500
NEW YORK,2022,10,20.833333
NEW YORK,2022,9,
NEW YORK,2022,8,
NEW YORK,2022,7,15.214285
NEW YORK,2022,6,15.214285
NEW YORK,2022,5,16.833333
NEW YORK,2022,4,16.833333
NEW YORK,2022,3,18.500000
NEW YORK,2022,2,
PHILADELPHIA,2022,366,
PHILADELPHIA,2022,365,
PHILADELPHIA,2022,364,29.125000
PHILADELPHIA,2022,363,29.125000
PHILADELPHIA,2022,362,29.125000
PHILADELPHIA,2022,361,30.625000
PHILADELPHIA,2022,360,
PHILADELPHIA,2022,359,
PHILADELPHIA,2022,358,
PHILADELPHIA,2022,357,29.666666
PHILADELPHIA,2022,356,29.666666
PHILADELPHIA,2022,355,29.666666
PHILADELPHIA,2022,354,29.666666
PHILADELPHIA,2022,353,29.666666
PHILADELPHIA,2022,352,
PHILADELPHIA,2022,351,
PHILADELPHIA,2022,350,29.333333
PHILADELPHIA,2022,349,29.333333
PHILADELPHIA,2022,348,29.333333
PHILADELPHIA,2022,347,29.333333
PHILADELPHIA,2022,346,29.333333
PHILADELPHIA,2022,345,
PHILADELPHIA,2022,344,
PHILADELPHIA,2022,343,25.333333
PHILADELPHIA,2022,342,25.333333
PHILADELPHIA,2022,341,27.500000
PHILADELPHIA,2022,340,27.500000
PHILADELPHIA,2022,339,25.333333
PHILADELPHIA,2022,338,
PHILADELPHIA,2022,337,
PHILADELPHIA,2022,336,30.250000
PHILADELPHIA,2022,335,30.250000
PHILADELPHIA,2022,334,30.250000
PHILADELPHIA,2022,333,30.250000
PHILADELPHIA,2022,332,29.250000
PHILADELPHIA,2022,331,
PHILADELPHIA,2022,330,
PHILADELPHIA,2022,329,
PHILADELPHIA,2022,328,
PHILADELPHIA,2022,327,26.625000
PHILADELPHIA,2022,326,26.625000
PHILADELPHIA,2022,325,24.500000
PHILADELPHIA,2022,324,
PHILADELPHIA,2022,323,
PHILADELPHIA,2022,322,26.916666
PHILADELPHIA,2022,321,26.500000
PHILADELPHIA,2022,320,26.500000
PHILADELPHIA,2022,319,26.500000
PHILADELPHIA,2022,318,24.900000
PHILADELPHIA,2022,317,
PHILADELPHIA,2022,316,
PHILADELPHIA,2022,315,
PHILADELPHIA,2022,314,24.900000
PHILADELPHIA,2022,313,25.300000
PHILADELPHIA,2022,312,25.300000
PHILADELPHIA,2022,311,25.250000
PHILADELPHIA,2022,310,
PHILADELPHIA,2022,309,
PHILADELPHIA,2022,308,24.125000
PHILADELPHIA,2022,307,24.125000
PHILADELPHIA,2022,306,22.500000
PHILADELPHIA,2022,305,22.500000
PHILADELPHIA,2022,304,22.500000
PHILADELPHIA,2022,303,
PHILADELPHIA,2022,302,
PHILADELPHIA,2022,301,24.666666
PHILADELPHIA,2022,300,24.666666
PHILADELPHIA,2022,299,24.666666
PHILADELPHIA,2022,298,24.666666
PHILADELPHIA,2022,297,25.000000
PHILADELPHIA,2022,296,
PHILADELPHIA,2022,295,
PHILADELPHIA,2022,294,20.500000
PHILADELPHIA,2022,293,20.500000
PHILADELPHIA,2022,292,20.500000
PHILADELPHIA,2022,291,23.750000
PHILADELPHIA,2022,290,21.000000
PHILADELPHIA,2022,289,
PHILADELPHIA,2022,288,
PHILADELPHIA,2022,287,21.400000
PHILADELPHIA,2022,286,21.400000
PHILADELPHIA,2022,285,21.400000
PHILADELPHIA,2022,284,21.400000
PHILADELPHIA,2022,283,
PHILADELPHIA,2022,282,
PHILADELPHIA,2022,281,
PHILADELPHIA,2022,280,22.833333
PHILADELPHIA,2022,279,22.833333
PHILADELPHIA,2022,278,22.833333
PHILADELPHIA,2022,277,21.166666
PHILADELPHIA,2022,276,21.166666
PHILADELPHIA,2022,275,
PHILADELPHIA,2022,274,
PHILADELPHIA,2022,273,21.166666
PHILADELPHIA,2022,272,21.166666
PHILADELPHIA,2022,271,21.166666
PHILADELPHIA,2022,270,21.000000
PHILADELPHIA,2022,269,21.000000
PHILADELPHIA,2022,268,
PHILADELPHIA,2022,267,
PHILADELPHIA,2022,266,23.700000
PHILADELPHIA,2022,265,23.700000
PHILADELPHIA,2022,264,23.700000
PHILADELPHIA,2022,263,23.700000
PHILADELPHIA,2022,262,20.625000
PHILADELPHIA,2022,261,
PHILADELPHIA,2022,260,
PHILADELPHIA,2022,259,20.375000
PHILADELPHIA,2022,258,20.375000
PHILADELPHIA,2022,257,20.375000
PHILADELPHIA,2022,256,20.250000
PHILADELPHIA,2022,255,17.666666
PHILADELPHIA,2022,254,
PHILADELPHIA,2022,253,
PHILADELPHIA,2022,252,25.000000
PHILADELPHIA,2022,251,25.500000
PHILADELPHIA,2022,250,25.750000
PHILADELPHIA,2022,249,27.666666
PHILADELPHIA,2022,248,
PHILADELPHIA,2022,247,
PHILADELPHIA,2022,246,
PHILADELPHIA,2022,245,22.800000
PHILADELPHIA,2022,244,22.800000
PHILADELPHIA,2022,243,25.375000
PHILADELPHIA,2022,242,26.250000
PHILADELPHIA,2022,241,26.250000
PHILADELPHIA,2022,240,
PHILADELPHIA,2022,239,
PHILADELPHIA,2022,238,28.250000
PHILADELPHIA,2022,237,28.250000
PHILADELPHIA,2022,236,28.250000
PHILADELPHIA,2022,235,28.250000
PHILADELPHIA,2022,234,26.500000
PHILADELPHIA,2022,233,
PHILADELPHIA,2022,232,
PHILADELPHIA,2022,231,26.562500
PHILADELPHIA,2022,230,26.562500
PHILADELPHIA,2022,229,26.562500
PHILADELPHIA,2022,228,27.062500
PHILADELPHIA,2022,227,28.928571
PHILADELPHIA,2022,226,
PHILADELPHIA,2022,225,
PHILADELPHIA,2022,224,28.928571
PHILADELPHIA,2022,223,28.928571
PHILADELPHIA,2022,222,28.928571
PHILADELPHIA,2022,221,30.750000
PHILADELPHIA,2022,220,33.100000
PHILADELPHIA,2022,219,
PHILADELPHIA,2022,218,
PHILADELPHIA,2022,217,33.100000
PHILADELPHIA,2022,216,33.100000
PHILADELPHIA,2022,215,33.100000
PHILADELPHIA,2022,214,30.375000
PHILADELPHIA,2022,213,30.375000
PHILADELPHIA,2022,212,
PHILADELPHIA,2022,211,
PHILADELPHIA,2022,210,30.375000
PHILADELPHIA,2022,209,30.375000
PHILADELPHIA,2022,208,30.500000
PHILADELPHIA,2022,207,25.600000
PHILADELPHIA,2022,206,29.500000
PHILADELPHIA,2022,205,
PHILADELPHIA,2022,204,
PHILADELPHIA,2022,203,30.500000
PHILADELPHIA,2022,202,30.500000
PHILADELPHIA,2022,201,30.500000
PHILADELPHIA,2022,200,30.500000
PHILADELPHIA,2022,199,30.500000
PHILADELPHIA,2022,198,
PHILADELPHIA,2022,197,
PHILADELPHIA,2022,196,41.750000
PHILADELPHIA,2022,195,41.750000
PHILADELPHIA,2022,194,42.500000
PHILADELPHIA,2022,193,42.500000
PHILADELPHIA,2022,192,42.500000
PHILADELPHIA,2022,191,
PHILADELPHIA,2022,190,
PHILADELPHIA,2022,189,37.500000
PHILADELPHIA,2022,188,37.500000
PHILADELPHIA,2022,187,37.500000
PHILADELPHIA,2022,186,41.250000
PHILADELPHIA,2022,185,
PHILADELPHIA,2022,184,
PHILADELPHIA,2022,183,
PHILADELPHIA,2022,182,35.500000
PHILADELPHIA,2022,181,35.500000
PHILADELPHIA,2022,180,35.500000
PHILADELPHIA,2022,179,35.500000
PHILADELPHIA,2022,178,30.875000
PHILADELPHIA,2022,177,
PHILADELPHIA,2022,176,
PHILADELPHIA,2022,175,22.666666
PHILADELPHIA,2022,174,22.666666
PHILADELPHIA,2022,173,22.666666
PHILADELPHIA,2022,172,22.666666
PHILADELPHIA,2022,171,
PHILADELPHIA,2022,170,
PHILADELPHIA,2022,169,
PHILADELPHIA,2022,168,24.000000
PHILADELPHIA,2022,167,24.000000
PHILADELPHIA,2022,166,24.000000
PHILADELPHIA,2022,165,24.000000
PHILADELPHIA,2022,164,24.000000
PHILADELPHIA,2022,163,
PHILADELPHIA,2022,162,
PHILADELPHIA,2022,161,29.400000
PHILADELPHIA,2022,160,29.400000
PHILADELPHIA,2022,159,30.200000
PHILADELPHIA,2022,158,30.200000
PHILADELPHIA,2022,157,30.800000
PHILADELPHIA,2022,156,
PHILADELPHIA,2022,155,
PHILADELPHIA,2022,154,24.916666
PHILADELPHIA,2022,153,24.916666
PHILADELPHIA,2022,152,24.916666
PHILADELPHIA,2022,151,24.916666
PHILADELPHIA,2022,150,
PHILADELPHIA,2022,149,
PHILADELPHIA,2022,148,
PHILADELPHIA,2022,147,34.000000
PHILADELPHIA,2022,146,34.000000
PHILADELPHIA,2022,145,34.000000
PHILADELPHIA,2022,144,34.000000
PHILADELPHIA,2022,143,34.000000
PHILADELPHIA,2022,142,
PHILADELPHIA,2022,141,
PHILADELPHIA,2022,140,36.000000
PHILADELPHIA,2022,139,36.000000
PHILADELPHIA,2022,138,36.000000
PHILADELPHIA,2022,137,36.000000
PHILADELPHIA,2022,136,36.000000
PHILADELPHIA,2022,135,
PHILADELPHIA,2022,134,
PHILADELPHIA,2022,133,31.400000
PHILADELPHIA,2022,132,31.400000
PHILADELPHIA,2022,131,29.250000
PHILADELPHIA,2022,130,29.250000
PHILADELPHIA,2022,129,26.500000
PHILADELPHIA,2022,128,
PHILADELPHIA,2022,127,
PHILADELPHIA,2022,126,32.000000
PHILADELPHIA,2022,125,32.000000
PHILADELPHIA,2022,124,32.000000
PHILADELPHIA,2022,123,30.000000
PHILADELPHIA,2022,122,31.000000
PHILADELPHIA,2022,121,
PHILADELPHIA,2022,120,
PHILADELPHIA,2022,119,34.000000
PHILADELPHIA,2022,118,34.000000
PHILADELPHIA,2022,117,34.000000
PHILADELPHIA,2022,116,34.000000
PHILADELPHIA,2022,115,34.666666
PHILADELPHIA,2022,114,
PHILADELPHIA,2022,113,
PHILADELPHIA,2022,112,34.333333
PHILADELPHIA,2022,111,34.333333
PHILADELPHIA,2022,110,34.333333
PHILADELPHIA,2022,109,35.500000
PHILADELPHIA,2022,108,
PHILADELPHIA,2022,107,
PHILADELPHIA,2022,106,
PHILADELPHIA,2022,105,36.400000
PHILADELPHIA,2022,104,36.400000
PHILADELPHIA,2022,103,36.600000
PHILADELPHIA,2022,102,36.400000
PHILADELPHIA,2022,101,36.000000
PHILADELPHIA,2022,100,
PHILADELPHIA,2022,99,
PHILADELPHIA,2022,98,42.500000
PHILADELPHIA,2022,97,42.500000
PHILADELPHIA,2022,96,42.500000
PHILADELPHIA,2022,95,42.500000
PHILADELPHIA,2022,94,41.000000
PHILADELPHIA,2022,93,
PHILADELPHIA,2022,92,
PHILADELPHIA,2022,91,32.250000
PHILADELPHIA,2022,90,32.125000
PHILADELPHIA,2022,89,36.000000
PHILADELPHIA,2022,88,35.000000
PHILADELPHIA,2022,87,28.000000
PHILADELPHIA,2022,86,
PHILADELPHIA,2022,85,
PHILADELPHIA,2022,84,32.500000
PHILADELPHIA,2022,83,32.500000
PHILADELPHIA,2022,82,32.500000
PHILADELPHIA,2022,81,32.500000
PHILADELPHIA,2022,80,32.500000
PHILADELPHIA,2022,79,
PHILADELPHIA,2022,78,
PHILADELPHIA,2022,77,32.333333
PHILADELPHIA,2022,76,32.333333
PHILADELPHIA,2022,75,31.250000
PHILADELPHIA,2022,74,36.250000
PHILADELPHIA,2022,73,38.333333
PHILADELPHIA,2022,72,
PHILADELPHIA,2022,71,
PHILADELPHIA,2022,70,31.333333
PHILADELPHIA,2022,69,30.250000
PHILADELPHIA,2022,68,30.333333
PHILADELPHIA,2022,67,31.500000
PHILADELPHIA,2022,66,27.000000
PHILADELPHIA,2022,65,
PHILADELPHIA,2022,64,
PHILADELPHIA,2022,63,34.000000
PHILADELPHIA,2022,62,34.000000
PHILADELPHIA,2022,61,34.000000
PHILADELPHIA,2022,60,34.000000
PHILADELPHIA,2022,59,34.000000
PHILADELPHIA,2022,58,
PHILADELPHIA,2022,57,
PHILADELPHIA,2022,56,30.500000
PHILADELPHIA,2022,55,29.500000
PHILADELPHIA,2022,54,30.000000
PHILADELPHIA,2022,53,30.333333
PHILADELPHIA,2022,52,
PHILADELPHIA,2022,51,
PHILADELPHIA,2022,50,
PHILADELPHIA,2022,49,28.000000
PHILADELPHIA,2022,48,28.000000
PHILADELPHIA,2022,47,27.666666
PHILADELPHIA,2022,46,27.666666
PHILADELPHIA,2022,45,26.500000
PHILADELPHIA,2022,44,
PHILADELPHIA,2022,43,
PHILADELPHIA,2022,42,24.900000
PHILADELPHIA,2022,41,26.125000
PHILADELPHIA,2022,40,26.125000
PHILADELPHIA,2022,39,24.833333
PHILADELPHIA,2022,38,24.833333
PHILADELPHIA,2022,37,
PHILADELPHIA,2022,36,
PHILADELPHIA,2022,35,30.000000
PHILADELPHIA,2022,34,30.000000
PHILADELPHIA,2022,33,30.000000
PHILADELPHIA,2022,32,30.000000
PHILADELPHIA,2022,31,30.000000
PHILADELPHIA,2022,30,
PHILADELPHIA,2022,29,
PHILADELPHIA,2022,28,22.700000
PHILADELPHIA,2022,27,22.700000
PHILADELPHIA,2022,26,22.700000
PHILADELPHIA,2022,25,22.700000
PHILADELPHIA,2022,24,22.700000
PHILADELPHIA,2022,23,
PHILADELPHIA,2022,22,
PHILADELPHIA,2022,21,25.750000
PHILADELPHIA,2022,20,25.750000
PHILADELPHIA,2022,19,25.750000
PHILADELPHIA,2022,18,37.333333
PHILADELPHIA,2022,17,
PHILADELPHIA,2022,16,
PHILADELPHIA,2022,15,
PHILADELPHIA,2022,14,37.666666
PHILADELPHIA,2022,13,34.250000
PHILADELPHIA,2022,12,34.250000
PHILADELPHIA,2022,11,34.625000
PHILADELPHIA,2022,10,34.625000
PHILADELPHIA,2022,9,
PHILADELPHIA,2022,8,
PHILADELPHIA,2022,7,34.000000
PHILADELPHIA,2022,6,34.000000
PHILADELPHIA,2022,5,34.000000
PHILADELPHIA,2022,4,34.000000
PHILADELPHIA,2022,3,34.000000
PHILADELPHIA,2022,2,
BALTIMORE,2021,366,
BALTIMORE,2021,365,
BALTIMORE,2021,364,23.500000
BALTIMORE,2021,363,28.000000
BALTIMORE,2021,362,28.750000
BALTIMORE,2021,361,28.750000
BALTIMORE,2021,360,
BALTIMORE,2021,359,
BALTIMORE,2021,358,
BALTIMORE,2021,357,25.666666
BALTIMORE,2021,356,25.666666
BALTIMORE,2021,355,23.000000
BALTIMORE,2021,354,37.000000
BALTIMORE,2021,353,
BALTIMORE,2021,352,
BALTIMORE,2021,351,37.625000
BALTIMORE,2021,350,37.625000
BALTIMORE,2021,349,40.166666
BALTIMORE,2021,348,39.125000
BALTIMORE,2021,347,39.625000
BALTIMORE,2021,346,
BALTIMORE,2021,345,
BALTIMORE,2021,344,43.125000
BALTIMORE,2021,343,43.125000
BALTIMORE,2021,342,42.750000
BALTIMORE,2021,341,43.000000
BALTIMORE,2021,340,43.000000
BALTIMORE,2021,339,
BALTIMORE,2021,338,
BALTIMORE,2021,337,25.500000
BALTIMORE,2021,336,35.250000
BALTIMORE,2021,335,44.400000
BALTIMORE,2021,334,47.750000
BALTIMORE,2021,333,38.750000
BALTIMORE,2021,332,
BALTIMORE,2021,331,
BALTIMORE,2021,330,49.250000
BALTIMORE,2021,329,
BALTIMORE,2021,328,49.250000
BALTIMORE,2021,327,49.500000
BALTIMORE,2021,326,49.500000
BALTIMORE,2021,325,
BALTIMORE,2021,324,
BALTIMORE,2021,323,56.833333
BALTIMORE,2021,322,56.833333
BALTIMORE,2021,321,50.642857
BALTIMORE,2021,320,49.800000
BALTIMORE,2021,319,49.750000
BALTIMORE,2021,318,
BALTIMORE,2021,317,
BALTIMORE,2021,316,48.500000
BALTIMORE,2021,315,
BALTIMORE,2021,314,47.000000
BALTIMORE,2021,313,41.125000
BALTIMORE,2021,312,38.666666
BALTIMORE,2021,311,
BALTIMORE,2021,310,
BALTIMORE,2021,309,35.666666
BALTIMORE,2021,308,34.500000
BALTIMORE,2021,307,33.714285
BALTIMORE,2021,306,25.500000
BALTIMORE,2021,305,24.750000
BALTIMORE,2021,304,
BALTIMORE,2021,303,
BALTIMORE,2021,302,24.600000
BALTIMORE,2021,301,23.428571
BALTIMORE,2021,300,27.700000
BALTIMORE,2021,299,27.900000
BALTIMORE,2021,298,27.900000
BALTIMORE,2021,297,
BALTIMORE,2021,296,
BALTIMORE,2021,295,27.666666
BALTIMORE,2021,294,27.666666
BALTIMORE,2021,293,27.500000
BALTIMORE,2021,292,27.125000
BALTIMORE,2021,291,27.125000
BALTIMORE,2021,290,
BALTIMORE,2021,289,
BALTIMORE,2021,288,29.166666
BALTIMORE,2021,287,26.333333
BALTIMORE,2021,286,26.333333
BALTIMORE,2021,285,26.333333
BALTIMORE,2021,284,
BALTIMORE,2021,283,
BALTIMORE,2021,282,
BALTIMORE,2021,281,26.333333
BALTIMORE,2021,280,26.333333
BALTIMORE,2021,279,26.333333
BALTIMORE,2021,278,26.333333
BALTIMORE,2021,277,26.333333
BALTIMORE,2021,276,
BALTIMORE,2021,275,
BALTIMORE,2021,274,25.500000
BALTIMORE,2021,273,22.000000
BALTIMORE,2021,272,26.000000
BALTIMORE,2021,271,26.000000
BALTIMORE,2021,270,26.000000
BALTIMORE,2021,269,
BALTIMORE,2021,268,
BALTIMORE,2021,267,29.166666
BALTIMORE,2021,266,28.625000
BALTIMORE,2021,265,28.166666
BALTIMORE,2021,264,27.125000
BALTIMORE,2021,263,26.875000
BALTIMORE,2021,262,
BALTIMORE,2021,261,
BALTIMORE,2021,260,22.333333
BALTIMORE,2021,259,22.333333
BALTIMORE,2021,258,20.750000
BALTIMORE,2021,257,20.750000
BALTIMORE,2021,256,20.625000
BALTIMORE,2021,255,
BALTIMORE,2021,254,
BALTIMORE,2021,253,21.375000
BALTIMORE,2021,252,21.200000
BALTIMORE,2021,251,21.000000
BALTIMORE,2021,250,21.000000
BALTIMORE,2021,249,
BALTIMORE,2021,248,
BALTIMORE,2021,247,
BALTIMORE,2021,246,20.300000
BALTIMORE,2021,245,20.300000
BALTIMORE,2021,244,20.300000
BALTIMORE,2021,243,20.300000
BALTIMORE,2021,242,20.300000
BALTIMORE,2021,241,
BALTIMORE,2021,240,
BALTIMORE,2021,239,20.350000
BALTIMORE,2021,238,20.350000
BALTIMORE,2021,237,21.500000
BALTIMORE,2021,236,21.500000
BALTIMORE,2021,235,21.200000
BALTIMORE,2021,234,
BALTIMORE,2021,233,
BALTIMORE,2021,232,19.750000
BALTIMORE,2021,231,19.850000
BALTIMORE,2021,230,19.500000
BALTIMORE,2021,229,20.650000
BALTIMORE,2021,228,20.650000
BALTIMORE,2021,227,
BALTIMORE,2021,226,
BALTIMORE,2021,225,20.125000
BALTIMORE,2021,224,20.125000
BALTIMORE,2021,223,20.125000
BALTIMORE,2021,222,20.125000
BALTIMORE,2021,221,20.125000
BALTIMORE,2021,220,
BALTIMORE,2021,219,
BALTIMORE,2021,218,20.125000
BALTIMORE,2021,217,20.125000
BALTIMORE,2021,216,22.400000
BALTIMORE,2021,215,22.400000
BALTIMORE,2021,214,22.600000
BALTIMORE,2021,213,
BALTIMORE,2021,212,
BALTIMORE,2021,211,23.300000
BALTIMORE,2021,210,23.400000
BALTIMORE,2021,209,24.000000
BALTIMORE,2021,208,24.142857
BALTIMORE,2021,207,23.916666
BALTIMORE,2021,206,
BALTIMORE,2021,205,
BALTIMORE,2021,204,20.500000
BALTIMORE,2021,203,20.500000
BALTIMORE,2021,202,22.333333
BALTIMORE,2021,201,22.500000
BALTIMORE,2021,200,22.500000
BALTIMORE,2021,199,
BALTIMORE,2021,198,
BALTIMORE,2021,197,21.333333
BALTIMORE,2021,196,18.250000
BALTIMORE,2021,195,21.500000
BALTIMORE,2021,194,22.000000
BALTIMORE,2021,193,22.000000
BALTIMORE,2021,192,
BALTIMORE,2021,191,
BALTIMORE,2021,190,22.187500
BALTIMORE,2021,189,22.187500
BALTIMORE,2021,188,24.650000
BALTIMORE,2021,187,20.375000
BALTIMORE,2021,186,
BALTIMORE,2021,185,
BALTIMORE,2021,184,
BALTIMORE,2021,183,19.400000
BALTIMORE,2021,182,19.400000
BALTIMORE,2021,181,18.950000
BALTIMORE,2021,180,18.416666
BALTIMORE,2021,179,18.416666
BALTIMORE,2021,178,
BALTIMORE,2021,177,
BALTIMORE,2021,176,23.050000
BALTIMORE,2021,175,23.050000
BALTIMORE,2021,174,24.500000
BALTIMORE,2021,173,21.000000
BALTIMORE,2021,172,21.000000
BALTIMORE,2021,171,
BALTIMORE,2021,170,
BALTIMORE,2021,169,20.312500
BALTIMORE,2021,168,20.125000
BALTIMORE,2021,167,20.795000
BALTIMORE,2021,166,20.795000
BALTIMORE,2021,165,22.500000
BALTIMORE,2021,164,
BALTIMORE,2021,163,
BALTIMORE,2021,162,22.500000
BALTIMORE,2021,161,22.000000
BALTIMORE,2021,160,22.800000
BALTIMORE,2021,159,22.300000
BALTIMORE,2021,158,24.833333
BALTIMORE,2021,157,
BALTIMORE,2021,156,
BALTIMORE,2021,155,22.750000
BALTIMORE,2021,154,23.150000
BALTIMORE,2021,153,21.250000
BALTIMORE,2021,152,25.500000
BALTIMORE,2021,151,
BALTIMORE,2021,150,
BALTIMORE,2021,149,
BALTIMORE,2021,148,22.000000
BALTIMORE,2021,147,22.000000
BALTIMORE,2021,146,20.666666
BALTIMORE,2021,145,21.500000
BALTIMORE,2021,144,21.100000
BALTIMORE,2021,143,
BALTIMORE,2021,142,
BALTIMORE,2021,141,25.250000
BALTIMORE,2021,140,26.500000
BALTIMORE,2021,139,23.750000
BALTIMORE,2021,138,24.900000
BALTIMORE,2021,137,25.800000
BALTIMORE,2021,136,
BALTIMORE,2021,135,
BALTIMORE,2021,134,27.250000
BALTIMORE,2021,133,27.250000
BALTIMORE,2021,132,27.250000
BALTIMORE,2021,131,27.250000
BALTIMORE,2021,130,27.250000
BALTIMORE,2021,129,
BALTIMORE,2021,128,
BALTIMORE,2021,127,27.250000
BALTIMORE,2021,126,27.250000
BALTIMORE,2021,125,23.250000
BALTIMORE,2021,124,26.750000
BALTIMORE,2021,123,26.750000
BALTIMORE,2021,122,
BALTIMORE,2021,121,
BALTIMORE,2021,120,28.600000
BALTIMORE,2021,119,27.000000
BALTIMORE,2021,118,28.000000
BALTIMORE,2021,117,27.750000
BALTIMORE,2021,116,27.750000
BALTIMORE,2021,115,
BALTIMORE,2021,114,
BALTIMORE,2021,113,27.100000
BALTIMORE,2021,112,27.100000
BALTIMORE,2021,111,29.100000
BALTIMORE,2021,110,29.100000
BALTIMORE,2021,109,29.100000
BALTIMORE,2021,108,
BALTIMORE,2021,107,
BALTIMORE,2021,106,29.100000
BALTIMORE,2021,105,29.100000
BALTIMORE,2021,104,28.083333
BALTIMORE,2021,103,28.083333
BALTIMORE,2021,102,28.083333
BALTIMORE,2021,101,
BALTIMORE,2021,100,
BALTIMORE,2021,99,24.500000
BALTIMORE,2021,98,22.875000
BALTIMORE,2021,97,20.666666
BALTIMORE,2021,96,20.666666
BALTIMORE,2021,95,20.666666
BALTIMORE,2021,94,
BALTIMORE,2021,93,
BALTIMORE,2021,92,19.166666
BALTIMORE,2021,91,19.166666
BALTIMORE,2021,90,19.810000
BALTIMORE,2021,89,19.810000
BALTIMORE,2021,88,19.810000
BALTIMORE,2021,87,
BALTIMORE,2021,86,
BALTIMORE,2021,85,18.500000
BALTIMORE,2021,84,18.500000
BALTIMORE,2021,83,18.500000
BALTIMORE,2021,82,18.500000
BALTIMORE,2021,81,17.700000
BALTIMORE,2021,80,
BALTIMORE,2021,79,
BALTIMORE,2021,78,19.500000
BALTIMORE,2021,77,19.500000
BALTIMORE,2021,76,19.625000
BALTIMORE,2021,75,19.625000
BALTIMORE,2021,74,19.400000
BALTIMORE,2021,73,
BALTIMORE,2021,72,
BALTIMORE,2021,71,15.750000
BALTIMORE,2021,70,15.750000
BALTIMORE,2021,69,20.062500
BALTIMORE,2021,68,20.062500
BALTIMORE,2021,67,20.062500
BALTIMORE,2021,66,
BALTIMORE,2021,65,
BALTIMORE,2021,64,13.600000
BALTIMORE,2021,63,13.600000
BALTIMORE,2021,62,15.750000
BALTIMORE,2021,61,15.750000
BALTIMORE,2021,60,18.750000
BALTIMORE,2021,59,
BALTIMORE,2021,58,
BALTIMORE,2021,57,12.333333
BALTIMORE,2021,56,12.333333
BALTIMORE,2021,55,14.400000
BALTIMORE,2021,54,18.166666
BALTIMORE,2021,53,18.166666
BALTIMORE,2021,52,
BALTIMORE,2021,51,
BALTIMORE,2021,50,15.250000
BALTIMORE,2021,49,17.500000
BALTIMORE,2021,48,17.833333
BALTIMORE,2021,47,17.166666
BALTIMORE,2021,46,
BALTIMORE,2021,45,
BALTIMORE,2021,44,
BALTIMORE,2021,43,17.000000
BALTIMORE,2021,42,17.000000
BALTIMORE,2021,41,17.333333
BALTIMORE,2021,40,16.000000
BALTIMORE,2021,39,16.125000
BALTIMORE,2021,38,
BALTIMORE,2021,37,
BALTIMORE,2021,36,17.833333
BALTIMORE,2021,35,16.875000
BALTIMORE,2021,34,18.666666
BALTIMORE,2021,33,18.666666
BALTIMORE,2021,32,18.083333
BALTIMORE,2021,31,
BALTIMORE,2021,30,
BALTIMORE,2021,29,18.500000
BALTIMORE,2021,28,19.000000
BALTIMORE,2021,27,19.500000
BALTIMORE,2021,26,19.500000
BALTIMORE,2021,25,19.500000
BALTIMORE,2021,24,
BALTIMORE,2021,23,
BALTIMORE,2021,22,15.000000
BALTIMORE,2021,21,17.000000
BALTIMORE,2021,20,16.750000
BALTIMORE,2021,19,16.750000
BALTIMORE,2021,18,
BALTIMORE,2021,17,
BALTIMORE,2021,16,
BALTIMORE,2021,15,15.666666
BALTIMORE,2021,14,15.333333
BALTIMORE,2021,13,15.500000
BALTIMORE,2021,12,15.500000
BALTIMORE,2021,11,15.500000
BALTIMORE,2021,10,
BALTIMORE,2021,9,
BALTIMORE,2021,8,16.416666
BALTIMORE,2021,7,16.416666
BALTIMORE,2021,6,17.500000
BALTIMORE,2021,5,16.000000
BALTIMORE,2021,4,16.333333
BALTIMORE,2021,3,
BALTIMORE,2021,2,
BOSTON,2021,366,
BOSTON,2021,365,
BOSTON,2021,364,21.500000
BOSTON,2021,363,28.000000
BOSTON,2021,362,28.000000
BOSTON,2021,361,28.000000
BOSTON,2021,360,
BOSTON,2021,359,
BOSTON,2021,358,
BOSTON,2021,357,
BOSTON,2021,356,
BOSTON,2021,355,
BOSTON,2021,354,
BOSTON,2021,353,
BOSTON,2021,352,
BOSTON,2021,351,
BOSTON,2021,350,
BOSTON,2021,349,
BOSTON,2021,348,
BOSTON,2021,347,
BOSTON,2021,346,
BOSTON,2021,345,
BOSTON,2021,344,
BOSTON,2021,343,43.000000
BOSTON,2021,342,43.000000
BOSTON,2021,341,43.000000
BOSTON,2021,340,43.000000
BOSTON,2021,339,
BOSTON,2021,338,
BOSTON,2021,337,44.000000
BOSTON,2021,336,44.000000
BOSTON,2021,335,44.000000
BOSTON,2021,334,44.000000
BOSTON,2021,333,44.000000
BOSTON,2021,332,
BOSTON,2021,331,
BOSTON,2021,330,44.000000
BOSTON,2021,329,
BOSTON,2021,328,44.000000
BOSTON,2021,327,44.000000
BOSTON,2021,326,45.500000
BOSTON,2021,325,
BOSTON,2021,324,
BOSTON,2021,323,45.500000
BOSTON,2021,322,45.500000
BOSTON,2021,321,45.500000
BOSTON,2021,320,38.000000
BOSTON,2021,319,38.000000
BOSTON,2021,318,
BOSTON,2021,317,
BOSTON,2021,316,22.000000
BOSTON,2021,315,
BOSTON,2021,314,22.000000
BOSTON,2021,313,22.000000
BOSTON,2021,312,22.000000
BOSTON,2021,311,
BOSTON,2021,310,
BOSTON,2021,309,22.000000
BOSTON,2021,308,22.000000
BOSTON,2021,307,22.000000
BOSTON,2021,306,22.000000
BOSTON,2021,305,22.000000
BOSTON,2021,304,
BOSTON,2021,303,
BOSTON,2021,302,22.000000
BOSTON,2021,301,22.000000
BOSTON,2021,300,22.000000
BOSTON,2021,299,22.000000
BOSTON,2021,298,22.000000
BOSTON,2021,297,
BOSTON,2021,296,
BOSTON,2021,295,22.000000
BOSTON,2021,294,22.000000
BOSTON,2021,293,22.000000
BOSTON,2021,292,22.000000
BOSTON,2021,291,22.000000
BOSTON,2021,290,
BOSTON,2021,289,
BOSTON,2021,288,22.000000
BOSTON,2021,287,22.000000
BOSTON,2021,286,22.000000
BOSTON,2021,285,22.000000
BOSTON,2021,284,
BOSTON,2021,283,
BOSTON,2021,282,
BOSTON,2021,281,22.000000
BOSTON,2021,280,22.000000
BOSTON,2021,279,22.000000
BOSTON,2021,278,22.000000
BOSTON,2021,277,22.000000
BOSTON,2021,276,
BOSTON,2021,275,
BOSTON,2021,274,22.000000
BOSTON,2021,273,22.000000
BOSTON,2021,272,22.000000
BOSTON,2021,271,22.000000
BOSTON,2021,270,23.666666
BOSTON,2021,269,
BOSTON,2021,268,
BOSTON,2021,267,23.666666
BOSTON,2021,266,23.666666
BOSTON,2021,265,23.666666
BOSTON,2021,264,23.666666
BOSTON,2021,263,23.166666
BOSTON,2021,262,
BOSTON,2021,261,
BOSTON,2021,260,23.166666
BOSTON,2021,259,23.166666
BOSTON,2021,258,23.166666
BOSTON,2021,257,19.000000
BOSTON,2021,256,23.500000
BOSTON,2021,255,
BOSTON,2021,254,
BOSTON,2021,253,23.500000
BOSTON,2021,252,23.500000
BOSTON,2021,251,23.500000
BOSTON,2021,250,20.250000
BOSTON,2021,249,
BOSTON,2021,248,
BOSTON,2021,247,
BOSTON,2021,246,20.250000
BOSTON,2021,245,20.250000
BOSTON,2021,244,20.250000
BOSTON,2021,243,22.000000
BOSTON,2021,242,22.000000
BOSTON,2021,241,
BOSTON,2021,240,
BOSTON,2021,239,22.000000
BOSTON,2021,238,22.000000
BOSTON,2021,237,22.000000
BOSTON,2021,236,22.000000
BOSTON,2021,235,22.833333
BOSTON,2021,234,
BOSTON,2021,233,
BOSTON,2021,232,22.833333
BOSTON,2021,231,22.833333
BOSTON,2021,230,22.833333
BOSTON,2021,229,22.833333
BOSTON,2021,228,23.833333
BOSTON,2021,227,
BOSTON,2021,226,
BOSTON,2021,225,23.833333
BOSTON,2021,224,23.833333
BOSTON,2021,223,23.833333
BOSTON,2021,222,23.833333
BOSTON,2021,221,23.000000
BOSTON,2021,220,
BOSTON,2021,219,
BOSTON,2021,218,23.000000
BOSTON,2021,217,23.000000
BOSTON,2021,216,23.000000
BOSTON,2021,215,23.000000
BOSTON,2021,214,23.500000
BOSTON,2021,213,
BOSTON,2021,212,
BOSTON,2021,211,26.666666
BOSTON,2021,210,26.666666
BOSTON,2021,209,26.666666
BOSTON,2021,208,26.666666
BOSTON,2021,207,17.000000
BOSTON,2021,206,
BOSTON,2021,205,
BOSTON,2021,204,17.000000
BOSTON,2021,203,17.000000
BOSTON,2021,202,22.666666
BOSTON,2021,201,22.666666
BOSTON,2021,200,17.000000
BOSTON,2021,199,
BOSTON,2021,198,
BOSTON,2021,197,17.000000
BOSTON,2021,196,17.000000
BOSTON,2021,195,17.000000
BOSTON,2021,194,17.000000
BOSTON,2021,193,17.000000
BOSTON,2021,192,
BOSTON,2021,191,
BOSTON,2021,190,16.833333
BOSTON,2021,189,16.833333
BOSTON,2021,188,16.833333
BOSTON,2021,187,16.500000
BOSTON,2021,186,
BOSTON,2021,185,
BOSTON,2021,184,
BOSTON,2021,183,16.500000
BOSTON,2021,182,16.500000
BOSTON,2021,181,16.500000
BOSTON,2021,180,15.750000
BOSTON,2021,179,19.500000
BOSTON,2021,178,
BOSTON,2021,177,
BOSTON,2021,176,19.500000
BOSTON,2021,175,19.500000
BOSTON,2021,174,19.500000
BOSTON,2021,173,19.500000
BOSTON,2021,172,20.000000
BOSTON,2021,171,
BOSTON,2021,170,
BOSTON,2021,169,20.000000
BOSTON,2021,168,20.000000
BOSTON,2021,167,20.000000
BOSTON,2021,166,20.000000
BOSTON,2021,165,20.000000
BOSTON,2021,164,
BOSTON,2021,163,
BOSTON,2021,162,20.000000
BOSTON,2021,161,20.000000
BOSTON,2021,160,20.000000
BOSTON,2021,159,20.000000
BOSTON,2021,158,20.000000
BOSTON,2021,157,
BOSTON,2021,156,
BOSTON,2021,155,24.000000
BOSTON,2021,154,24.000000
BOSTON,2021,153,24.000000
BOSTON,2021,152,24.000000
BOSTON,2021,151,
BOSTON,2021,150,
BOSTON,2021,149,
BOSTON,2021,148,24.000000
BOSTON,2021,147,24.000000
BOSTON,2021,146,24.000000
BOSTON,2021,145,24.000000
BOSTON,2021,144,24.000000
BOSTON,2021,143,
BOSTON,2021,142,
BOSTON,2021,141,24.000000
BOSTON,2021,140,24.000000
BOSTON,2021,139,24.000000
BOSTON,2021,138,24.000000
BOSTON,2021,137,24.000000
BOSTON,2021,136,
BOSTON,2021,135,
BOSTON,2021,134,24.000000
BOSTON,2021,133,24.000000
BOSTON,2021,132,24.000000
BOSTON,2021,131,24.000000
BOSTON,2021,130,24.000000
BOSTON,2021,129,
BOSTON,2021,128,
BOSTON,2021,127,26.000000
BOSTON,2021,126,26.000000
BOSTON,2021,125,26.000000
BOSTON,2021,124,26.000000
BOSTON,2021,123,26.000000
BOSTON,2021,122,
BOSTON,2021,121,
BOSTON,2021,120,26.000000
BOSTON,2021,119,26.000000
BOSTON,2021,118,26.000000
BOSTON,2021,117,26.000000
BOSTON,2021,116,26.000000
BOSTON,2021,115,
BOSTON,2021,114,
BOSTON,2021,113,18.000000
BOSTON,2021,112,18.000000
BOSTON,2021,111,18.000000
BOSTON,2021,110,18.000000
BOSTON,2021,109,18.000000
BOSTON,2021,108,
BOSTON,2021,107,
BOSTON,2021,106,18.000000
BOSTON,2021,105,18.000000
BOSTON,2021,104,18.000000
BOSTON,2021,103,18.000000
BOSTON,2021,102,18.000000
BOSTON,2021,101,
BOSTON,2021,100,
BOSTON,2021,99,18.000000
BOSTON,2021,98,18.000000
BOSTON,2021,97,18.000000
BOSTON,2021,96,18.000000
BOSTON,2021,95,18.000000
BOSTON,2021,94,
BOSTON,2021,93,
BOSTON,2021,92,18.000000
BOSTON,2021,91,18.000000
BOSTON,2021,90,18.000000
BOSTON,2021,89,18.000000
BOSTON,2021,88,18.000000
BOSTON,2021,87,
BOSTON,2021,86,
BOSTON,2021,85,18.000000
BOSTON,2021,84,18.000000
BOSTON,2021,83,18.000000
BOSTON,2021,82,18.000000
BOSTON,2021,81,18.000000
BOSTON,2021,80,
BOSTON,2021,79,
BOSTON,2021,78,18.000000
BOSTON,2021,77,13.166666
BOSTON,2021,76,13.166666
BOSTON,2021,75,13.166666
BOSTON,2021,74,13.166666
BOSTON,2021,73,
BOSTON,2021,72,
BOSTON,2021,71,13.166666
BOSTON,2021,70,13.166666
BOSTON,2021,69,19.500000
BOSTON,2021,68,19.500000
BOSTON,2021,67,19.500000
BOSTON,2021,66,
BOSTON,2021,65,
BOSTON,2021,64,19.500000
BOSTON,2021,63,19.500000
BOSTON,2021,62,19.500000
BOSTON,2021,61,19.500000
BOSTON,2021,60,19.500000
BOSTON,2021,59,
BOSTON,2021,58,
BOSTON,2021,57,19.500000
BOSTON,2021,56,19.500000
BOSTON,2021,55,20.000000
BOSTON,2021,54,20.000000
BOSTON,2021,53,20.000000
BOSTON,2021,52,
BOSTON,2021,51,
BOSTON,2021,50,20.000000
BOSTON,2021,49,20.000000
BOSTON,2021,48,20.500000
BOSTON,2021,47,20.500000
BOSTON,2021,46,
BOSTON,2021,45,
BOSTON,2021,44,
BOSTON,2021,43,20.500000
BOSTON,2021,42,20.500000
BOSTON,2021,41,20.500000
BOSTON,2021,40,20.500000
BOSTON,2021,39,20.500000
BOSTON,2021,38,
BOSTON,2021,37,
BOSTON,2021,36,20.500000
BOSTON,2021,35,20.500000
BOSTON,2021,34,17.000000
BOSTON,2021,33,17.000000
BOSTON,2021,32,17.000000
BOSTON,2021,31,
BOSTON,2021,30,
BOSTON,2021,29,17.000000
BOSTON,2021,28,17.000000
BOSTON,2021,27,17.000000
BOSTON,2021,26,17.000000
BOSTON,2021,25,17.000000
BOSTON,2021,24,
BOSTON,2021,23,
BOSTON,2021,22,17.000000
BOSTON,2021,21,17.000000
BOSTON,2021,20,17.000000
BOSTON,2021,19,17.000000
BOSTON,2021,18,
BOSTON,2021,17,
BOSTON,2021,16,
BOSTON,2021,15,17.000000
BOSTON,2021,14,17.000000
BOSTON,2021,13,17.000000
BOSTON,2021,12,17.000000
BOSTON,2021,11,17.000000
BOSTON,2021,10,
BOSTON,2021,9,
BOSTON,2021,8,17.000000
BOSTON,2021,7,17.000000
BOSTON,2021,6,17.000000
BOSTON,2021,5,19.000000
BOSTON,2021,4,19.000000
BOSTON,2021,3,
BOSTON,2021,2,
CHICAGO,2021,366,
CHICAGO,2021,365,
CHICAGO,2021,364,44.125000
CHICAGO,2021,363,42.100000
CHICAGO,2021,362,42.100000
CHICAGO,2021,361,42.100000
CHICAGO,2021,360,
CHICAGO,2021,359,
CHICAGO,2021,358,
CHICAGO,2021,357,42.100000
CHICAGO,2021,356,42.100000
CHICAGO,2021,355,42.100000
CHICAGO,2021,354,42.100000
CHICAGO,2021,353,
CHICAGO,2021,352,
CHICAGO,2021,351,42.100000
CHICAGO,2021,350,42.100000
CHICAGO,2021,349,42.100000
CHICAGO,2021,348,42.100000
CHICAGO,2021,347,42.100000
CHICAGO,2021,346,
CHICAGO,2021,345,
CHICAGO,2021,344,42.100000
CHICAGO,2021,343,42.100000
CHICAGO,2021,342,42.100000
CHICAGO,2021,341,42.100000
CHICAGO,2021,340,42.100000
CHICAGO,2021,339,
CHICAGO,2021,338,
CHICAGO,2021,337,42.100000
CHICAGO,2021,336,42.100000
CHICAGO,2021,335,42.100000
CHICAGO,2021,334,42.100000
CHICAGO,2021,333,42.100000
CHICAGO,2021,332,
CHICAGO,2021,331,
CHICAGO,2021,330,42.100000
CHICAGO,2021,329,
CHICAGO,2021,328,42.100000
CHICAGO,2021,327,42.100000
CHICAGO,2021,326,42.100000
CHICAGO,2021,325,
CHICAGO,2021,324,
CHICAGO,2021,323,42.100000
CHICAGO,2021,322,42.100000
CHICAGO,2021,321,42.100000
CHICAGO,2021,320,42.100000
CHICAGO,2021,319,42.100000
CHICAGO,2021,318,
CHICAGO,2021,317,
CHICAGO,2021,316,42.100000
CHICAGO,2021,315,
CHICAGO,2021,314,42.100000
CHICAGO,2021,313,42.100000
CHICAGO,2021,312,40.800000
CHICAGO,2021,311,
CHICAGO,2021,310,
CHICAGO,2021,309,40.800000
CHICAGO,2021,308,40.800000
CHICAGO,2021,307,32.300000
CHICAGO,2021,306,32.300000
CHICAGO,2021,305,32.300000
CHICAGO,2021,304,
CHICAGO,2021,303,
CHICAGO,2021,302,32.300000
CHICAGO,2021,301,32.300000
CHICAGO,2021,300,32.300000
CHICAGO,2021,299,29.583333
CHICAGO,2021,298,29.583333
CHICAGO,2021,297,
CHICAGO,2021,296,
CHICAGO,2021,295,29.583333
CHICAGO,2021,294,24.928571
CHICAGO,2021,293,24.928571
CHICAGO,2021,292,24.928571
CHICAGO,2021,291,24.928571
CHICAGO,2021,290,
CHICAGO,2021,289,
CHICAGO,2021,288,24.928571
CHICAGO,2021,287,24.928571
CHICAGO,2021,286,24.928571
CHICAGO,2021,285,24.928571
CHICAGO,2021,284,
CHICAGO,2021,283,
CHICAGO,2021,282,
CHICAGO,2021,281,24.928571
CHICAGO,2021,280,24.928571
CHICAGO,2021,279,24.928571
CHICAGO,2021,278,24.928571
CHICAGO,2021,277,24.928571
CHICAGO,2021,276,
CHICAGO,2021,275,
CHICAGO,2021,274,24.928571
CHICAGO,2021,273,24.928571
CHICAGO,2021,272,24.928571
CHICAGO,2021,271,24.928571
CHICAGO,2021,270,24.928571
CHICAGO,2021,269,
CHICAGO,2021,268,
CHICAGO,2021,267,24.928571
CHICAGO,2021,266,24.928571
CHICAGO,2021,265,24.928571
CHICAGO,2021,264,24.928571
CHICAGO,2021,263,24.928571
CHICAGO,2021,262,
CHICAGO,2021,261,
CHICAGO,2021,260,24.928571
CHICAGO,2021,259,24.928571
CHICAGO,2021,258,24.928571
CHICAGO,2021,257,24.928571
CHICAGO,2021,256,24.928571
CHICAGO,2021,255,
CHICAGO,2021,254,
CHICAGO,2021,253,24.928571
CHICAGO,2021,252,24.928571
CHICAGO,2021,251,24.928571
CHICAGO,2021,250,24.928571
CHICAGO,2021,249,
CHICAGO,2021,248,
CHICAGO,2021,247,
CHICAGO,2021,246,24.928571
CHICAGO,2021,245,24.928571
CHICAGO,2021,244,24.928571
CHICAGO,2021,243,24.928571
CHICAGO,2021,242,24.928571
CHICAGO,2021,241,
CHICAGO,2021,240,
CHICAGO,2021,239,24.928571
CHICAGO,2021,238,24.928571
CHICAGO,2021,237,24.928571
CHICAGO,2021,236,24.928571
CHICAGO,2021,235,25.428571
CHICAGO,2021,234,
CHICAGO,2021,233,
CHICAGO,2021,232,25.428571
CHICAGO,2021,231,26.500000
CHICAGO,2021,230,26.500000
CHICAGO,2021,229,26.500000
CHICAGO,2021,228,25.000000
CHICAGO,2021,227,
CHICAGO,2021,226,
CHICAGO,2021,225,25.000000
CHICAGO,2021,224,25.375000
CHICAGO,2021,223,25.375000
CHICAGO,2021,222,25.375000
CHICAGO,2021,221,26.642857
CHICAGO,2021,220,
CHICAGO,2021,219,
CHICAGO,2021,218,26.642857
CHICAGO,2021,217,26.142857
CHICAGO,2021,216,26.142857
CHICAGO,2021,215,26.142857
CHICAGO,2021,214,24.214285
CHICAGO,2021,213,
CHICAGO,2021,212,
CHICAGO,2021,211,24.214285
CHICAGO,2021,210,25.714285
CHICAGO,2021,209,25.714285
CHICAGO,2021,208,26.166666
CHICAGO,2021,207,26.166666
CHICAGO,2021,206,
CHICAGO,2021,205,
CHICAGO,2021,204,26.166666
CHICAGO,2021,203,24.500000
CHICAGO,2021,202,24.500000
CHICAGO,2021,201,27.900000
CHICAGO,2021,200,27.900000
CHICAGO,2021,199,
CHICAGO,2021,198,
CHICAGO,2021,197,27.900000
CHICAGO,2021,196,27.900000
CHICAGO,2021,195,27.250000
CHICAGO,2021,194,27.250000
CHICAGO,2021,193,27.125000
CHICAGO,2021,192,
CHICAGO,2021,191,
CHICAGO,2021,190,27.125000
CHICAGO,2021,189,27.125000
CHICAGO,2021,188,25.250000
CHICAGO,2021,187,25.250000
CHICAGO,2021,186,
CHICAGO,2021,185,
CHICAGO,2021,184,
CHICAGO,2021,183,25.250000
CHICAGO,2021,182,24.875000
CHICAGO,2021,181,24.875000
CHICAGO,2021,180,24.875000
CHICAGO,2021,179,21.100000
CHICAGO,2021,178,
CHICAGO,2021,177,
CHICAGO,2021,176,21.100000
CHICAGO,2021,175,20.700000
CHICAGO,2021,174,20.700000
CHICAGO,2021,173,20.250000
CHICAGO,2021,172,20.250000
CHICAGO,2021,171,
CHICAGO,2021,170,
CHICAGO,2021,169,20.250000
CHICAGO,2021,168,22.750000
CHICAGO,2021,167,22.750000
CHICAGO,2021,166,23.500000
CHICAGO,2021,165,23.500000
CHICAGO,2021,164,
CHICAGO,2021,163,
CHICAGO,2021,162,23.500000
CHICAGO,2021,161,23.500000
CHICAGO,2021,160,22.900000
CHICAGO,2021,159,22.900000
CHICAGO,2021,158,22.900000
CHICAGO,2021,157,
CHICAGO,2021,156,
CHICAGO,2021,155,22.900000
CHICAGO,2021,154,28.250000
CHICAGO,2021,153,28.250000
CHICAGO,2021,152,28.250000
CHICAGO,2021,151,
CHICAGO,2021,150,
CHICAGO,2021,149,
CHICAGO,2021,148,28.250000
CHICAGO,2021,147,28.250000
CHICAGO,2021,146,28.250000
CHICAGO,2021,145,28.250000
CHICAGO,2021,144,28.250000
CHICAGO,2021,143,
CHICAGO,2021,142,
CHICAGO,2021,141,28.250000
CHICAGO,2021,140,29.000000
CHICAGO,2021,139,29.000000
CHICAGO,2021,138,29.000000
CHICAGO,2021,137,29.600000
CHICAGO,2021,136,
CHICAGO,2021,135,
CHICAGO,2021,134,29.600000
CHICAGO,2021,133,28.400000
CHICAGO,2021,132,28.400000
CHICAGO,2021,131,28.400000
CHICAGO,2021,130,30.000000
CHICAGO,2021,129,
CHICAGO,2021,128,
CHICAGO,2021,127,30.000000
CHICAGO,2021,126,31.500000
CHICAGO,2021,125,31.500000
CHICAGO,2021,124,31.500000
CHICAGO,2021,123,31.500000
CHICAGO,2021,122,
CHICAGO,2021,121,
CHICAGO,2021,120,31.500000
CHICAGO,2021,119,32.250000
CHICAGO,2021,118,32.250000
CHICAGO,2021,117,32.250000
CHICAGO,2021,116,30.750000
CHICAGO,2021,115,
CHICAGO,2021,114,
CHICAGO,2021,113,30.750000
CHICAGO,2021,112,31.000000
CHICAGO,2021,111,31.000000
CHICAGO,2021,110,31.000000
CHICAGO,2021,109,31.250000
CHICAGO,2021,108,
CHICAGO,2021,107,
CHICAGO,2021,106,31.250000
CHICAGO,2021,105,26.000000
CHICAGO,2021,104,26.000000
CHICAGO,2021,103,26.000000
CHICAGO,2021,102,24.600000
CHICAGO,2021,101,
CHICAGO,2021,100,
CHICAGO,2021,99,24.600000
CHICAGO,2021,98,22.166666
CHICAGO,2021,97,22.166666
CHICAGO,2021,96,22.166666
CHICAGO,2021,95,21.500000
CHICAGO,2021,94,
CHICAGO,2021,93,
CHICAGO,2021,92,21.500000
CHICAGO,2021,91,21.666666
CHICAGO,2021,90,21.666666
CHICAGO,2021,89,21.666666
CHICAGO,2021,88,19.900000
CHICAGO,2021,87,
CHICAGO,2021,86,
CHICAGO,2021,85,19.900000
CHICAGO,2021,84,22.600000
CHICAGO,2021,83,22.600000
CHICAGO,2021,82,22.600000
CHICAGO,2021,81,22.300000
CHICAGO,2021,80,
CHICAGO,2021,79,
CHICAGO,2021,78,22.300000
CHICAGO,2021,77,21.700000
CHICAGO,2021,76,21.700000
CHICAGO,2021,75,19.300000
CHICAGO,2021,74,19.375000
CHICAGO,2021,73,
CHICAGO,2021,72,
CHICAGO,2021,71,19.375000
CHICAGO,2021,70,19.291666
CHICAGO,2021,69,19.291666
CHICAGO,2021,68,20.250000
CHICAGO,2021,67,20.250000
CHICAGO,2021,66,
CHICAGO,2021,65,
CHICAGO,2021,64,20.250000
CHICAGO,2021,63,19.916666
CHICAGO,2021,62,19.916666
CHICAGO,2021,61,19.916666
CHICAGO,2021,60,19.916666
CHICAGO,2021,59,
CHICAGO,2021,58,
CHICAGO,2021,57,19.916666
CHICAGO,2021,56,19.500000
CHICAGO,2021,55,19.500000
CHICAGO,2021,54,19.500000
CHICAGO,2021,53,20.166666
CHICAGO,2021,52,
CHICAGO,2021,51,
CHICAGO,2021,50,20.166666
CHICAGO,2021,49,20.166666
CHICAGO,2021,48,21.583333
CHICAGO,2021,47,21.583333
CHICAGO,2021,46,
CHICAGO,2021,45,
CHICAGO,2021,44,
CHICAGO,2021,43,21.583333
CHICAGO,2021,42,19.100000
CHICAGO,2021,41,19.100000
CHICAGO,2021,40,19.100000
CHICAGO,2021,39,18.600000
CHICAGO,2021,38,
CHICAGO,2021,37,
CHICAGO,2021,36,18.600000
CHICAGO,2021,35,18.600000
CHICAGO,2021,34,18.600000
CHICAGO,2021,33,18.600000
CHICAGO,2021,32,22.500000
CHICAGO,2021,31,
CHICAGO,2021,30,
CHICAGO,2021,29,22.500000
CHICAGO,2021,28,22.500000
CHICAGO,2021,27,27.666666
CHICAGO,2021,26,27.666666
CHICAGO,2021,25,27.666666
CHICAGO,2021,24,
CHICAGO,2021,23,
CHICAGO,2021,22,27.666666
CHICAGO,2021,21,27.750000
CHICAGO,2021,20,27.750000
CHICAGO,2021,19,29.700000
CHICAGO,2021,18,
CHICAGO,2021,17,
CHICAGO,2021,16,
CHICAGO,2021,15,29.700000
CHICAGO,2021,14,29.800000
CHICAGO,2021,13,29.900000
CHICAGO,2021,12,29.900000
CHICAGO,2021,11,24.281250
CHICAGO,2021,10,
CHICAGO,2021,9,
CHICAGO,2021,8,24.281250
CHICAGO,2021,7,24.406250
CHICAGO,2021,6,24.406250
CHICAGO,2021,5,24.406250
CHICAGO,2021,4,23.968750
CHICAGO,2021,3,
CHICAGO,2021,2,
COLUMBIA,2021,366,
COLUMBIA,2021,365,22.750000
COLUMBIA,2021,364,22.750000
COLUMBIA,2021,363,22.750000
COLUMBIA,2021,362,
COLUMBIA,2021,361,
COLUMBIA,2021,360,
COLUMBIA,2021,359,
COLUMBIA,2021,358,
COLUMBIA,2021,357,24.500000
COLUMBIA,2021,356,24.500000
COLUMBIA,2021,355,24.500000
COLUMBIA,2021,354,24.500000
COLUMBIA,2021,353,
COLUMBIA,2021,352,
COLUMBIA,2021,351,24.500000
COLUMBIA,2021,350,24.500000
COLUMBIA,2021,349,24.500000
COLUMBIA,2021,348,24.500000
COLUMBIA,2021,347,24.500000
COLUMBIA,2021,346,
COLUMBIA,2021,345,
COLUMBIA,2021,344,27.000000
COLUMBIA,2021,343,27.000000
COLUMBIA,2021,342,27.000000
COLUMBIA,2021,341,27.500000
COLUMBIA,2021,340,
COLUMBIA,2021,339,
COLUMBIA,2021,338,
COLUMBIA,2021,337,40.500000
COLUMBIA,2021,336,40.500000
COLUMBIA,2021,335,40.500000
COLUMBIA,2021,334,40.500000
COLUMBIA,2021,333,40.500000
COLUMBIA,2021,332,
COLUMBIA,2021,331,
COLUMBIA,2021,330,
COLUMBIA,2021,329,
COLUMBIA,2021,328,40.500000
COLUMBIA,2021,327,41.000000
COLUMBIA,2021,326,41.000000
COLUMBIA,2021,325,
COLUMBIA,2021,324,
COLUMBIA,2021,323,42.000000
COLUMBIA,2021,322,42.000000
COLUMBIA,2021,321,42.000000
COLUMBIA,2021,320,42.000000
COLUMBIA,2021,319,42.000000
COLUMBIA,2021,318,
COLUMBIA,2021,317,
COLUMBIA,2021,316,43.500000
COLUMBIA,2021,315,
COLUMBIA,2021,314,43.500000
COLUMBIA,2021,313,33.250000
COLUMBIA,2021,312,23.000000
COLUMBIA,2021,311,
COLUMBIA,2021,310,
COLUMBIA,2021,309,23.000000
COLUMBIA,2021,308,23.000000
COLUMBIA,2021,307,23.000000
COLUMBIA,2021,306,23.000000
COLUMBIA,2021,305,23.000000
COLUMBIA,2021,304,
COLUMBIA,2021,303,
COLUMBIA,2021,302,23.000000
COLUMBIA,2021,301,23.000000
COLUMBIA,2021,300,23.000000
COLUMBIA,2021,299,23.000000
COLUMBIA,2021,298,23.000000
COLUMBIA,2021,297,
COLUMBIA,2021,296,
COLUMBIA,2021,295,23.000000
COLUMBIA,2021,294,23.000000
COLUMBIA,2021,293,23.000000
COLUMBIA,2021,292,23.000000
COLUMBIA,2021,291,23.000000
COLUMBIA,2021,290,
COLUMBIA,2021,289,
COLUMBIA,2021,288,23.166666
COLUMBIA,2021,287,23.166666
COLUMBIA,2021,286,23.166666
COLUMBIA,2021,285,23.166666
COLUMBIA,2021,284,23.166666
COLUMBIA,2021,283,
COLUMBIA,2021,282,
COLUMBIA,2021,281,21.000000
COLUMBIA,2021,280,21.000000
COLUMBIA,2021,279,21.000000
COLUMBIA,2021,278,21.000000
COLUMBIA,2021,277,21.000000
COLUMBIA,2021,276,
COLUMBIA,2021,275,
COLUMBIA,2021,274,21.000000
COLUMBIA,2021,273,21.000000
COLUMBIA,2021,272,21.000000
COLUMBIA,2021,271,21.000000
COLUMBIA,2021,270,21.000000
COLUMBIA,2021,269,
COLUMBIA,2021,268,
COLUMBIA,2021,267,20.833333
COLUMBIA,2021,266,20.833333
COLUMBIA,2021,265,20.833333
COLUMBIA,2021,264,20.833333
COLUMBIA,2021,263,20.500000
COLUMBIA,2021,262,
COLUMBIA,2021,261,
COLUMBIA,2021,260,20.333333
COLUMBIA,2021,259,20.333333
COLUMBIA,2021,258,20.333333
COLUMBIA,2021,257,20.333333
COLUMBIA,2021,256,20.333333
COLUMBIA,2021,255,
COLUMBIA,2021,254,
COLUMBIA,2021,253,20.166666
COLUMBIA,2021,252,20.166666
COLUMBIA,2021,251,20.166666
COLUMBIA,2021,250,20.166666
COLUMBIA,2021,249,
COLUMBIA,2021,248,
COLUMBIA,2021,247,
COLUMBIA,2021,246,20.166666
COLUMBIA,2021,245,20.166666
COLUMBIA,2021,244,20.166666
COLUMBIA,2021,243,20.166666
COLUMBIA,2021,242,20.166666
COLUMBIA,2021,241,
COLUMBIA,2021,240,
COLUMBIA,2021,239,20.166666
COLUMBIA,2021,238,20.166666
COLUMBIA,2021,237,20.166666
COLUMBIA,2021,236,20.166666
COLUMBIA,2021,235,20.166666
COLUMBIA,2021,234,
COLUMBIA,2021,233,
COLUMBIA,2021,232,21.333333
COLUMBIA,2021,231,21.333333
COLUMBIA,2021,230,21.333333
COLUMBIA,2021,229,21.333333
COLUMBIA,2021,228,21.333333
COLUMBIA,2021,227,
COLUMBIA,2021,226,
COLUMBIA,2021,225,21.333333
COLUMBIA,2021,224,21.333333
COLUMBIA,2021,223,21.333333
COLUMBIA,2021,222,21.333333
COLUMBIA,2021,221,21.333333
COLUMBIA,2021,220,
COLUMBIA,2021,219,
COLUMBIA,2021,218,20.666666
COLUMBIA,2021,217,20.666666
COLUMBIA,2021,216,20.666666
COLUMBIA,2021,215,20.666666
COLUMBIA,2021,214,20.666666
COLUMBIA,2021,213,
COLUMBIA,2021,212,
COLUMBIA,2021,211,21.333333
COLUMBIA,2021,210,21.333333
COLUMBIA,2021,209,21.333333
COLUMBIA,2021,208,21.333333
COLUMBIA,2021,207,21.333333
COLUMBIA,2021,206,
COLUMBIA,2021,205,
COLUMBIA,2021,204,19.500000
COLUMBIA,2021,203,19.500000
COLUMBIA,2021,202,19.500000
COLUMBIA,2021,201,19.500000
COLUMBIA,2021,200,19.500000
COLUMBIA,2021,199,
COLUMBIA,2021,198,
COLUMBIA,2021,197,18.666666
COLUMBIA,2021,196,18.666666
COLUMBIA,2021,195,18.666666
COLUMBIA,2021,194,18.666666
COLUMBIA,2021,193,
COLUMBIA,2021,192,
COLUMBIA,2021,191,
COLUMBIA,2021,190,17.250000
COLUMBIA,2021,189,17.250000
COLUMBIA,2021,188,17.250000
COLUMBIA,2021,187,18.000000
COLUMBIA,2021,186,
COLUMBIA,2021,185,
COLUMBIA,2021,184,
COLUMBIA,2021,183,16.500000
COLUMBIA,2021,182,16.500000
COLUMBIA,2021,181,16.500000
COLUMBIA,2021,180,16.500000
COLUMBIA,2021,179,16.500000
COLUMBIA,2021,178,
COLUMBIA,2021,177,
COLUMBIA,2021,176,16.500000
COLUMBIA,2021,175,16.500000
COLUMBIA,2021,174,16.500000
COLUMBIA,2021,173,16.500000
COLUMBIA,2021,172,16.500000
COLUMBIA,2021,171,
COLUMBIA,2021,170,
COLUMBIA,2021,169,16.500000
COLUMBIA,2021,168,16.500000
COLUMBIA,2021,167,16.500000
COLUMBIA,2021,166,16.500000
COLUMBIA,2021,165,16.500000
COLUMBIA,2021,164,
COLUMBIA,2021,163,
COLUMBIA,2021,162,18.666666
COLUMBIA,2021,161,18.666666
COLUMBIA,2021,160,18.666666
COLUMBIA,2021,159,18.166666
COLUMBIA,2021,158,18.166666
COLUMBIA,2021,157,
COLUMBIA,2021,156,
COLUMBIA,2021,155,19.333333
COLUMBIA,2021,154,18.500000
COLUMBIA,2021,153,18.500000
COLUMBIA,2021,152,18.500000
COLUMBIA,2021,151,
COLUMBIA,2021,150,
COLUMBIA,2021,149,
COLUMBIA,2021,148,22.000000
COLUMBIA,2021,147,22.000000
COLUMBIA,2021,146,22.000000
COLUMBIA,2021,145,22.000000
COLUMBIA,2021,144,22.000000
COLUMBIA,2021,143,
COLUMBIA,2021,142,
COLUMBIA,2021,141,22.000000
COLUMBIA,2021,140,23.333333
COLUMBIA,2021,139,23.333333
COLUMBIA,2021,138,23.333333
COLUMBIA,2021,137,
COLUMBIA,2021,136,
COLUMBIA,2021,135,
COLUMBIA,2021,134,23.833333
COLUMBIA,2021,133,23.833333
COLUMBIA,2021,132,23.833333
COLUMBIA,2021,131,23.833333
COLUMBIA,2021,130,
COLUMBIA,2021,129,
COLUMBIA,2021,128,
COLUMBIA,2021,127,23.500000
COLUMBIA,2021,126,23.500000
COLUMBIA,2021,125,24.500000
COLUMBIA,2021,124,24.500000
COLUMBIA,2021,123,24.500000
COLUMBIA,2021,122,
COLUMBIA,2021,121,
COLUMBIA,2021,120,24.500000
COLUMBIA,2021,119,24.500000
COLUMBIA,2021,118,24.500000
COLUMBIA,2021,117,24.500000
COLUMBIA,2021,116,24.500000
COLUMBIA,2021,115,
COLUMBIA,2021,114,
COLUMBIA,2021,113,24.500000
COLUMBIA,2021,112,24.500000
COLUMBIA,2021,111,24.500000
COLUMBIA,2021,110,19.500000
COLUMBIA,2021,109,19.500000
COLUMBIA,2021,108,
COLUMBIA,2021,107,
COLUMBIA,2021,106,19.500000
COLUMBIA,2021,105,19.500000
COLUMBIA,2021,104,19.166666
COLUMBIA,2021,103,19.166666
COLUMBIA,2021,102,19.166666
COLUMBIA,2021,101,
COLUMBIA,2021,100,
COLUMBIA,2021,99,18.833333
COLUMBIA,2021,98,18.833333
COLUMBIA,2021,97,18.833333
COLUMBIA,2021,96,18.833333
COLUMBIA,2021,95,18.833333
COLUMBIA,2021,94,
COLUMBIA,2021,93,
COLUMBIA,2021,92,19.666666
COLUMBIA,2021,91,19.666666
COLUMBIA,2021,90,19.666666
COLUMBIA,2021,89,19.666666
COLUMBIA,2021,88,19.666666
COLUMBIA,2021,87,
COLUMBIA,2021,86,
COLUMBIA,2021,85,19.833333
COLUMBIA,2021,84,19.833333
COLUMBIA,2021,83,19.833333
COLUMBIA,2021,82,19.833333
COLUMBIA,2021,81,19.833333
COLUMBIA,2021,80,
COLUMBIA,2021,79,
COLUMBIA,2021,78,19.833333
COLUMBIA,2021,77,19.833333
COLUMBIA,2021,76,19.833333
COLUMBIA,2021,75,19.833333
COLUMBIA,2021,74,19.833333
COLUMBIA,2021,73,
COLUMBIA,2021,72,
COLUMBIA,2021,71,19.833333
COLUMBIA,2021,70,19.833333
COLUMBIA,2021,69,19.833333
COLUMBIA,2021,68,19.833333
COLUMBIA,2021,67,19.833333
COLUMBIA,2021,66,
COLUMBIA,2021,65,
COLUMBIA,2021,64,20.500000
COLUMBIA,2021,63,20.500000
COLUMBIA,2021,62,20.500000
COLUMBIA,2021,61,20.500000
COLUMBIA,2021,60,20.500000
COLUMBIA,2021,59,
COLUMBIA,2021,58,
COLUMBIA,2021,57,18.833333
COLUMBIA,2021,56,18.833333
COLUMBIA,2021,55,18.833333
COLUMBIA,2021,54,18.833333
COLUMBIA,2021,53,18.833333
COLUMBIA,2021,52,
COLUMBIA,2021,51,
COLUMBIA,2021,50,19.333333
COLUMBIA,2021,49,19.333333
COLUMBIA,2021,48,19.333333
COLUMBIA,2021,47,19.333333
COLUMBIA,2021,46,
COLUMBIA,2021,45,
COLUMBIA,2021,44,
COLUMBIA,2021,43,19.833333
COLUMBIA,2021,42,19.833333
COLUMBIA,2021,41,19.833333
COLUMBIA,2021,40,19.833333
COLUMBIA,2021,39,19.833333
COLUMBIA,2021,38,
COLUMBIA,2021,37,
COLUMBIA,2021,36,18.375000
COLUMBIA,2021,35,18.375000
COLUMBIA,2021,34,18.375000
COLUMBIA,2021,33,18.375000
COLUMBIA,2021,32,18.375000
COLUMBIA,2021,31,
COLUMBIA,2021,30,
COLUMBIA,2021,29,18.375000
COLUMBIA,2021,28,18.375000
COLUMBIA,2021,27,18.375000
COLUMBIA,2021,26,18.375000
COLUMBIA,2021,25,18.375000
COLUMBIA,2021,24,
COLUMBIA,2021,23,
COLUMBIA,2021,22,18.375000
COLUMBIA,2021,21,18.375000
COLUMBIA,2021,20,18.375000
COLUMBIA,2021,19,18.375000
COLUMBIA,2021,18,
COLUMBIA,2021,17,
COLUMBIA,2021,16,
COLUMBIA,2021,15,18.375000
COLUMBIA,2021,14,18.375000
COLUMBIA,2021,13,18.375000
COLUMBIA,2021,12,18.375000
COLUMBIA,2021,11,18.750000
COLUMBIA,2021,10,
COLUMBIA,2021,9,
COLUMBIA,2021,8,18.750000
COLUMBIA,2021,7,18.750000
COLUMBIA,2021,6,18.750000
COLUMBIA,2021,5,18.750000
COLUMBIA,2021,4,18.750000
COLUMBIA,2021,3,
COLUMBIA,2021,2,
LOS ANGELES,2021,366,
LOS ANGELES,2021,365,
LOS ANGELES,2021,364,0.350000
LOS ANGELES,2021,363,0.350000
LOS ANGELES,2021,362,0.350000
LOS ANGELES,2021,361,
LOS ANGELES,2021,360,
LOS ANGELES,2021,359,
LOS ANGELES,2021,358,
LOS ANGELES,2021,357,0.350000
LOS ANGELES,2021,356,0.450000
LOS ANGELES,2021,355,0.450000
LOS ANGELES,2021,354,0.450000
LOS ANGELES,2021,353,
LOS ANGELES,2021,352,
LOS ANGELES,2021,351,0.450000
LOS ANGELES,2021,350,29.000000
LOS ANGELES,2021,349,29.000000
LOS ANGELES,2021,348,29.000000
LOS ANGELES,2021,347,29.000000
LOS ANGELES,2021,346,
LOS ANGELES,2021,345,
LOS ANGELES,2021,344,29.000000
LOS ANGELES,2021,343,29.000000
LOS ANGELES,2021,342,29.000000
LOS ANGELES,2021,341,29.000000
LOS ANGELES,2021,340,29.000000
LOS ANGELES,2021,339,
LOS ANGELES,2021,338,
LOS ANGELES,2021,337,29.000000
LOS ANGELES,2021,336,29.000000
LOS ANGELES,2021,335,56.500000
LOS ANGELES,2021,334,56.500000
LOS ANGELES,2021,333,56.500000
LOS ANGELES,2021,332,
LOS ANGELES,2021,331,
LOS ANGELES,2021,330,56.500000
LOS ANGELES,2021,329,
LOS ANGELES,2021,328,56.500000
LOS ANGELES,2021,327,56.500000
LOS ANGELES,2021,326,56.500000
LOS ANGELES,2021,325,
LOS ANGELES,2021,324,
LOS ANGELES,2021,323,56.500000
LOS ANGELES,2021,322,56.500000
LOS ANGELES,2021,321,56.500000
LOS ANGELES,2021,320,56.500000
LOS ANGELES,2021,319,56.500000
LOS ANGELES,2021,318,
LOS ANGELES,2021,317,
LOS ANGELES,2021,316,56.500000
LOS ANGELES,2021,315,
LOS ANGELES,2021,314,56.500000
LOS ANGELES,2021,313,56.500000
LOS ANGELES,2021,312,56.500000
LOS ANGELES,2021,311,
LOS ANGELES,2021,310,
LOS ANGELES,2021,309,54.000000
LOS ANGELES,2021,308,44.000000
LOS ANGELES,2021,307,39.000000
LOS ANGELES,2021,306,39.000000
LOS ANGELES,2021,305,33.000000
LOS ANGELES,2021,304,
LOS ANGELES,2021,303,
LOS ANGELES,2021,302,33.000000
LOS ANGELES,2021,301,29.000000
LOS ANGELES,2021,300,29.000000
LOS ANGELES,2021,299,29.000000
LOS ANGELES,2021,298,29.000000
LOS ANGELES,2021,297,
LOS ANGELES,2021,296,
LOS ANGELES,2021,295,29.000000
LOS ANGELES,2021,294,29.000000
LOS ANGELES,2021,293,24.000000
LOS ANGELES,2021,292,14.500000
LOS ANGELES,2021,291,14.500000
LOS ANGELES,2021,290,
LOS ANGELES,2021,289,
LOS ANGELES,2021,288,14.500000
LOS ANGELES,2021,287,14.500000
LOS ANGELES,2021,286,14.500000
LOS ANGELES,2021,285,14.500000
LOS ANGELES,2021,284,
LOS ANGELES,2021,283,
LOS ANGELES,2021,282,
LOS ANGELES,2021,281,14.500000
LOS ANGELES,2021,280,14.500000
LOS ANGELES,2021,279,14.500000
LOS ANGELES,2021,278,14.500000
LOS ANGELES,2021,277,14.500000
LOS ANGELES,2021,276,
LOS ANGELES,2021,275,
LOS ANGELES,2021,274,14.500000
LOS ANGELES,2021,273,14.500000
LOS ANGELES,2021,272,14.500000
LOS ANGELES,2021,271,14.500000
LOS ANGELES,2021,270,14.500000
LOS ANGELES,2021,269,
LOS ANGELES,2021,268,
LOS ANGELES,2021,267,14.500000
LOS ANGELES,2021,266,14.500000
LOS ANGELES,2021,265,14.500000
LOS ANGELES,2021,264,14.500000
LOS ANGELES,2021,263,14.500000
LOS ANGELES,2021,262,
LOS ANGELES,2021,261,
LOS ANGELES,2021,260,14.500000
LOS ANGELES,2021,259,14.500000
LOS ANGELES,2021,258,15.333333
LOS ANGELES,2021,257,15.333333
LOS ANGELES,2021,256,15.333333
LOS ANGELES,2021,255,
LOS ANGELES,2021,254,
LOS ANGELES,2021,253,15.333333
LOS ANGELES,2021,252,15.333333
LOS ANGELES,2021,251,15.333333
LOS ANGELES,2021,250,15.333333
LOS ANGELES,2021,249,
LOS ANGELES,2021,248,
LOS ANGELES,2021,247,
LOS ANGELES,2021,246,15.333333
LOS ANGELES,2021,245,15.333333
LOS ANGELES,2021,244,18.750000
LOS ANGELES,2021,243,18.750000
LOS ANGELES,2021,242,18.750000
LOS ANGELES,2021,241,
LOS ANGELES,2021,240,
LOS ANGELES,2021,239,18.750000
LOS ANGELES,2021,238,18.750000
LOS ANGELES,2021,237,18.750000
LOS ANGELES,2021,236,18.750000
LOS ANGELES,2021,235,18.750000
LOS ANGELES,2021,234,
LOS ANGELES,2021,233,
LOS ANGELES,2021,232,18.750000
LOS ANGELES,2021,231,18.750000
LOS ANGELES,2021,230,18.750000
LOS ANGELES,2021,229,18.750000
LOS ANGELES,2021,228,18.750000
LOS ANGELES,2021,227,
LOS ANGELES,2021,226,
LOS ANGELES,2021,225,18.750000
LOS ANGELES,2021,224,18.750000
LOS ANGELES,2021,223,18.750000
LOS ANGELES,2021,222,18.750000
LOS ANGELES,2021,221,18.750000
LOS ANGELES,2021,220,
LOS ANGELES,2021,219,
LOS ANGELES,2021,218,18.750000
LOS ANGELES,2021,217,18.750000
LOS ANGELES,2021,216,18.875000
LOS ANGELES,2021,215,18.875000
LOS ANGELES,2021,214,24.333333
LOS ANGELES,2021,213,
LOS ANGELES,2021,212,
LOS ANGELES,2021,211,24.333333
LOS ANGELES,2021,210,24.333333
LOS ANGELES,2021,209,24.333333
LOS ANGELES,2021,208,24.333333
LOS ANGELES,2021,207,24.333333
LOS ANGELES,2021,206,
LOS ANGELES,2021,205,
LOS ANGELES,2021,204,24.333333
LOS ANGELES,2021,203,26.333333
LOS ANGELES,2021,202,26.333333
LOS ANGELES,2021,201,26.333333
LOS ANGELES,2021,200,26.333333
LOS ANGELES,2021,199,
LOS ANGELES,2021,198,
LOS ANGELES,2021,197,26.333333
LOS ANGELES,2021,196,26.333333
LOS ANGELES,2021,195,26.333333
LOS ANGELES,2021,194,26.333333
LOS ANGELES,2021,193,25.666666
LOS ANGELES,2021,192,
LOS ANGELES,2021,191,
LOS ANGELES,2021,190,25.666666
LOS ANGELES,2021,189,25.666666
LOS ANGELES,2021,188,25.666666
LOS ANGELES,2021,187,22.833333
LOS ANGELES,2021,186,
LOS ANGELES,2021,185,
LOS ANGELES,2021,184,
LOS ANGELES,2021,183,22.833333
LOS ANGELES,2021,182,22.833333
LOS ANGELES,2021,181,22.833333
LOS ANGELES,2021,180,22.833333
LOS ANGELES,2021,179,22.833333
LOS ANGELES,2021,178,
LOS ANGELES,2021,177,
LOS ANGELES,2021,176,22.833333
LOS ANGELES,2021,175,22.833333
LOS ANGELES,2021,174,22.833333
LOS ANGELES,2021,173,22.833333
LOS ANGELES,2021,172,22.833333
LOS ANGELES,2021,171,
LOS ANGELES,2021,170,
LOS ANGELES,2021,169,22.833333
LOS ANGELES,2021,168,22.833333
LOS ANGELES,2021,167,15.800000
LOS ANGELES,2021,166,15.800000
LOS ANGELES,2021,165,15.800000
LOS ANGELES,2021,164,
LOS ANGELES,2021,163,
LOS ANGELES,2021,162,15.800000
LOS ANGELES,2021,161,15.800000
LOS ANGELES,2021,160,15.800000
LOS ANGELES,2021,159,15.800000
LOS ANGELES,2021,158,15.800000
LOS ANGELES,2021,157,
LOS ANGELES,2021,156,
LOS ANGELES,2021,155,15.800000
LOS ANGELES,2021,154,15.800000
LOS ANGELES,2021,153,15.800000
LOS ANGELES,2021,152,15.800000
LOS ANGELES,2021,151,
LOS ANGELES,2021,150,
LOS ANGELES,2021,149,
LOS ANGELES,2021,148,15.800000
LOS ANGELES,2021,147,15.800000
LOS ANGELES,2021,146,15.800000
LOS ANGELES,2021,145,15.800000
LOS ANGELES,2021,144,12.550000
LOS ANGELES,2021,143,
LOS ANGELES,2021,142,
LOS ANGELES,2021,141,12.550000
LOS ANGELES,2021,140,12.550000
LOS ANGELES,2021,139,12.550000
LOS ANGELES,2021,138,12.550000
LOS ANGELES,2021,137,12.550000
LOS ANGELES,2021,136,
LOS ANGELES,2021,135,
LOS ANGELES,2021,134,12.550000
LOS ANGELES,2021,133,12.550000
LOS ANGELES,2021,132,12.550000
LOS ANGELES,2021,131,12.550000
LOS ANGELES,2021,130,12.550000
LOS ANGELES,2021,129,
LOS ANGELES,2021,128,
LOS ANGELES,2021,127,12.550000
LOS ANGELES,2021,126,12.550000
LOS ANGELES,2021,125,12.550000
LOS ANGELES,2021,124,12.550000
LOS ANGELES,2021,123,12.550000
LOS ANGELES,2021,122,
LOS ANGELES,2021,121,
LOS ANGELES,2021,120,12.550000
LOS ANGELES,2021,119,12.550000
LOS ANGELES,2021,118,12.550000
LOS ANGELES,2021,117,12.550000
LOS ANGELES,2021,116,12.550000
LOS ANGELES,2021,115,
LOS ANGELES,2021,114,
LOS ANGELES,2021,113,12.550000
LOS ANGELES,2021,112,12.550000
LOS ANGELES,2021,111,12.550000
LOS ANGELES,2021,110,12.550000
LOS ANGELES,2021,109,12.550000
LOS ANGELES,2021,108,
LOS ANGELES,2021,107,
LOS ANGELES,2021,106,12.550000
LOS ANGELES,2021,105,12.550000
LOS ANGELES,2021,104,12.550000
LOS ANGELES,2021,103,12.550000
LOS ANGELES,2021,102,12.550000
LOS ANGELES,2021,101,
LOS ANGELES,2021,100,
LOS ANGELES,2021,99,12.550000
LOS ANGELES,2021,98,12.550000
LOS ANGELES,2021,97,12.550000
LOS ANGELES,2021,96,12.550000
LOS ANGELES,2021,95,12.550000
LOS ANGELES,2021,94,
LOS ANGELES,2021,93,
LOS ANGELES,2021,92,12.550000
LOS ANGELES,2021,91,12.550000
LOS ANGELES,2021,90,12.550000
LOS ANGELES,2021,89,12.550000
LOS ANGELES,2021,88,12.550000
LOS ANGELES,2021,87,
LOS ANGELES,2021,86,
LOS ANGELES,2021,85,12.550000
LOS ANGELES,2021,84,12.550000
LOS ANGELES,2021,83,12.550000
LOS ANGELES,2021,82,12.550000
LOS ANGELES,2021,81,12.550000
LOS ANGELES,2021,80,
LOS ANGELES,2021,79,
LOS ANGELES,2021,78,12.475000
LOS ANGELES,2021,77,12.475000
LOS ANGELES,2021,76,12.475000
LOS ANGELES,2021,75,12.475000
LOS ANGELES,2021,74,12.475000
LOS ANGELES,2021,73,
LOS ANGELES,2021,72,
LOS ANGELES,2021,71,12.475000
LOS ANGELES,2021,70,12.475000
LOS ANGELES,2021,69,15.725000
LOS ANGELES,2021,68,15.725000
LOS ANGELES,2021,67,15.725000
LOS ANGELES,2021,66,
LOS ANGELES,2021,65,
LOS ANGELES,2021,64,15.725000
LOS ANGELES,2021,63,15.725000
LOS ANGELES,2021,62,15.725000
LOS ANGELES,2021,61,15.725000
LOS ANGELES,2021,60,15.725000
LOS ANGELES,2021,59,
LOS ANGELES,2021,58,
LOS ANGELES,2021,57,15.725000
LOS ANGELES,2021,56,15.725000
LOS ANGELES,2021,55,15.725000
LOS ANGELES,2021,54,15.725000
LOS ANGELES,2021,53,15.725000
LOS ANGELES,2021,52,
LOS ANGELES,2021,51,
LOS ANGELES,2021,50,15.725000
LOS ANGELES,2021,49,15.725000
LOS ANGELES,2021,48,15.725000
LOS ANGELES,2021,47,15.725000
LOS ANGELES,2021,46,
LOS ANGELES,2021,45,
LOS ANGELES,2021,44,
LOS ANGELES,2021,43,15.725000
LOS ANGELES,2021,42,15.725000
LOS ANGELES,2021,41,15.725000
LOS ANGELES,2021,40,15.725000
LOS ANGELES,2021,39,15.725000
LOS ANGELES,2021,38,
LOS ANGELES,2021,37,
LOS ANGELES,2021,36,15.725000
LOS ANGELES,2021,35,15.725000
LOS ANGELES,2021,34,15.975000
LOS ANGELES,2021,33,15.975000
LOS ANGELES,2021,32,15.975000
LOS ANGELES,2021,31,
LOS ANGELES,2021,30,
LOS ANGELES,2021,29,15.915000
LOS ANGELES,2021,28,12.415000
LOS ANGELES,2021,27,12.415000
LOS ANGELES,2021,26,12.415000
LOS ANGELES,2021,25,12.415000
LOS ANGELES,2021,24,
LOS ANGELES,2021,23,
LOS ANGELES,2021,22,12.415000
LOS ANGELES,2021,21,12.415000
LOS ANGELES,2021,20,12.415000
LOS ANGELES,2021,19,12.415000
LOS ANGELES,2021,18,
LOS ANGELES,2021,17,
LOS ANGELES,2021,16,
LOS ANGELES,2021,15,12.415000
LOS ANGELES,2021,14,12.415000
LOS ANGELES,2021,13,12.415000
LOS ANGELES,2021,12,12.415000
LOS ANGELES,2021,11,12.415000
LOS ANGELES,2021,10,
LOS ANGELES,2021,9,
LOS ANGELES,2021,8,12.415000
LOS ANGELES,2021,7,12.415000
LOS ANGELES,2021,6,14.165000
LOS ANGELES,2021,5,14.165000
LOS ANGELES,2021,4,14.165000
LOS ANGELES,2021,3,
LOS ANGELES,2021,2,
MIAMI,2021,366,
MIAMI,2021,365,
MIAMI,2021,364,30.000000
MIAMI,2021,363,30.000000
MIAMI,2021,362,30.000000
MIAMI,2021,361,30.000000
MIAMI,2021,360,
MIAMI,2021,359,
MIAMI,2021,358,
MIAMI,2021,357,30.000000
MIAMI,2021,356,30.000000
MIAMI,2021,355,30.000000
MIAMI,2021,354,30.000000
MIAMI,2021,353,
MIAMI,2021,352,
MIAMI,2021,351,30.000000
MIAMI,2021,350,30.000000
MIAMI,2021,349,43.500000
MIAMI,2021,348,43.500000
MIAMI,2021,347,43.500000
MIAMI,2021,346,
MIAMI,2021,345,
MIAMI,2021,344,43.500000
MIAMI,2021,343,43.500000
MIAMI,2021,342,43.500000
MIAMI,2021,341,43.500000
MIAMI,2021,340,43.500000
MIAMI,2021,339,
MIAMI,2021,338,
MIAMI,2021,337,43.500000
MIAMI,2021,336,43.500000
MIAMI,2021,335,43.500000
MIAMI,2021,334,43.500000
MIAMI,2021,333,43.500000
MIAMI,2021,332,
MIAMI,2021,331,
MIAMI,2021,330,43.500000
MIAMI,2021,329,
MIAMI,2021,328,43.500000
MIAMI,2021,327,43.500000
MIAMI,2021,326,43.500000
MIAMI,2021,325,
MIAMI,2021,324,
MIAMI,2021,323,23.250000
MIAMI,2021,322,23.250000
MIAMI,2021,321,23.250000
MIAMI,2021,320,23.250000
MIAMI,2021,319,23.250000
MIAMI,2021,318,
MIAMI,2021,317,
MIAMI,2021,316,23.250000
MIAMI,2021,315,
MIAMI,2021,314,23.250000
MIAMI,2021,313,23.250000
MIAMI,2021,312,23.250000
MIAMI,2021,311,
MIAMI,2021,310,
MIAMI,2021,309,23.250000
MIAMI,2021,308,23.250000
MIAMI,2021,307,23.250000
MIAMI,2021,306,23.250000
MIAMI,2021,305,23.250000
MIAMI,2021,304,
MIAMI,2021,303,
MIAMI,2021,302,23.250000
MIAMI,2021,301,23.250000
MIAMI,2021,300,23.250000
MIAMI,2021,299,23.250000
MIAMI,2021,298,23.250000
MIAMI,2021,297,
MIAMI,2021,296,
MIAMI,2021,295,23.250000
MIAMI,2021,294,23.250000
MIAMI,2021,293,23.250000
MIAMI,2021,292,23.250000
MIAMI,2021,291,23.250000
MIAMI,2021,290,
MIAMI,2021,289,
MIAMI,2021,288,23.250000
MIAMI,2021,287,23.250000
MIAMI,2021,286,23.250000
MIAMI,2021,285,23.250000
MIAMI,2021,284,
MIAMI,2021,283,
MIAMI,2021,282,
MIAMI,2021,281,23.250000
MIAMI,2021,280,23.250000
MIAMI,2021,279,23.250000
MIAMI,2021,278,23.250000
MIAMI,2021,277,23.250000
MIAMI,2021,276,
MIAMI,2021,275,
MIAMI,2021,274,23.250000
MIAMI,2021,273,23.250000
MIAMI,2021,272,23.250000
MIAMI,2021,271,23.250000
MIAMI,2021,270,23.250000
MIAMI,2021,269,
MIAMI,2021,268,
MIAMI,2021,267,23.250000
MIAMI,2021,266,23.250000
MIAMI,2021,265,23.250000
MIAMI,2021,264,23.250000
MIAMI,2021,263,23.250000
MIAMI,2021,262,
MIAMI,2021,261,
MIAMI,2021,260,23.250000
MIAMI,2021,259,23.250000
MIAMI,2021,258,23.250000
MIAMI,2021,257,23.250000
MIAMI,2021,256,23.250000
MIAMI,2021,255,
MIAMI,2021,254,
MIAMI,2021,253,23.250000
MIAMI,2021,252,23.250000
MIAMI,2021,251,23.250000
MIAMI,2021,250,23.250000
MIAMI,2021,249,
MIAMI,2021,248,
MIAMI,2021,247,
MIAMI,2021,246,23.250000
MIAMI,2021,245,23.250000
MIAMI,2021,244,23.250000
MIAMI,2021,243,23.250000
MIAMI,2021,242,23.250000
MIAMI,2021,241,
MIAMI,2021,240,
MIAMI,2021,239,23.250000
MIAMI,2021,238,23.250000
MIAMI,2021,237,23.250000
MIAMI,2021,236,23.250000
MIAMI,2021,235,23.250000
MIAMI,2021,234,
MIAMI,2021,233,
MIAMI,2021,232,23.250000
MIAMI,2021,231,23.250000
MIAMI,2021,230,23.250000
MIAMI,2021,229,23.250000
MIAMI,2021,228,23.250000
MIAMI,2021,227,
MIAMI,2021,226,
MIAMI,2021,225,23.250000
MIAMI,2021,224,23.250000
MIAMI,2021,223,23.250000
MIAMI,2021,222,23.250000
MIAMI,2021,221,23.250000
MIAMI,2021,220,
MIAMI,2021,219,
MIAMI,2021,218,23.250000
MIAMI,2021,217,23.250000
MIAMI,2021,216,23.250000
MIAMI,2021,215,23.250000
MIAMI,2021,214,23.250000
MIAMI,2021,213,
MIAMI,2021,212,
MIAMI,2021,211,23.250000
MIAMI,2021,210,23.250000
MIAMI,2021,209,23.250000
MIAMI,2021,208,23.250000
MIAMI,2021,207,23.250000
MIAMI,2021,206,
MIAMI,2021,205,
MIAMI,2021,204,23.250000
MIAMI,2021,203,23.250000
MIAMI,2021,202,23.250000
MIAMI,2021,201,23.250000
MIAMI,2021,200,23.250000
MIAMI,2021,199,
MIAMI,2021,198,
MIAMI,2021,197,23.250000
MIAMI,2021,196,23.250000
MIAMI,2021,195,25.000000
MIAMI,2021,194,25.000000
MIAMI,2021,193,25.000000
MIAMI,2021,192,
MIAMI,2021,191,
MIAMI,2021,190,25.000000
MIAMI,2021,189,25.000000
MIAMI,2021,188,25.000000
MIAMI,2021,187,25.000000
MIAMI,2021,186,
MIAMI,2021,185,
MIAMI,2021,184,
MIAMI,2021,183,25.000000
MIAMI,2021,182,25.000000
MIAMI,2021,181,25.000000
MIAMI,2021,180,25.000000
MIAMI,2021,179,25.000000
MIAMI,2021,178,
MIAMI,2021,177,
MIAMI,2021,176,25.000000
MIAMI,2021,175,25.000000
MIAMI,2021,174,25.000000
MIAMI,2021,173,25.000000
MIAMI,2021,172,25.000000
MIAMI,2021,171,
MIAMI,2021,170,
MIAMI,2021,169,25.500000
MIAMI,2021,168,25.500000
MIAMI,2021,167,25.500000
MIAMI,2021,166,25.500000
MIAMI,2021,165,25.500000
MIAMI,2021,164,
MIAMI,2021,163,
MIAMI,2021,162,25.500000
MIAMI,2021,161,25.500000
MIAMI,2021,160,25.500000
MIAMI,2021,159,25.500000
MIAMI,2021,158,25.500000
MIAMI,2021,157,
MIAMI,2021,156,
MIAMI,2021,155,25.500000
MIAMI,2021,154,25.500000
MIAMI,2021,153,25.500000
MIAMI,2021,152,25.500000
MIAMI,2021,151,
MIAMI,2021,150,
MIAMI,2021,149,
MIAMI,2021,148,25.500000
MIAMI,2021,147,25.500000
MIAMI,2021,146,25.500000
MIAMI,2021,145,25.500000
MIAMI,2021,144,25.500000
MIAMI,2021,143,
MIAMI,2021,142,
MIAMI,2021,141,25.500000
MIAMI,2021,140,25.500000
MIAMI,2021,139,25.500000
MIAMI,2021,138,25.500000
MIAMI,2021,137,25.500000
MIAMI,2021,136,
MIAMI,2021,135,
MIAMI,2021,134,25.500000
MIAMI,2021,133,25.500000
MIAMI,2021,132,25.500000
MIAMI,2021,131,25.500000
MIAMI,2021,130,25.500000
MIAMI,2021,129,
MIAMI,2021,128,
MIAMI,2021,127,25.500000
MIAMI,2021,126,25.500000
MIAMI,2021,125,25.500000
MIAMI,2021,124,25.500000
MIAMI,2021,123,25.500000
MIAMI,2021,122,
MIAMI,2021,121,
MIAMI,2021,120,25.500000
MIAMI,2021,119,25.500000
MIAMI,2021,118,25.500000
MIAMI,2021,117,25.500000
MIAMI,2021,116,25.500000
MIAMI,2021,115,
MIAMI,2021,114,
MIAMI,2021,113,23.500000
MIAMI,2021,112,23.500000
MIAMI,2021,111,23.500000
MIAMI,2021,110,23.500000
MIAMI,2021,109,23.500000
MIAMI,2021,108,
MIAMI,2021,107,
MIAMI,2021,106,23.500000
MIAMI,2021,105,23.500000
MIAMI,2021,104,23.500000
MIAMI,2021,103,23.500000
MIAMI,2021,102,23.500000
MIAMI,2021,101,
MIAMI,2021,100,
MIAMI,2021,99,23.500000
MIAMI,2021,98,23.500000
MIAMI,2021,97,23.500000
MIAMI,2021,96,23.500000
MIAMI,2021,95,23.500000
MIAMI,2021,94,
MIAMI,2021,93,
MIAMI,2021,92,23.500000
MIAMI,2021,91,23.500000
MIAMI,2021,90,23.500000
MIAMI,2021,89,23.500000
MIAMI,2021,88,23.500000
MIAMI,2021,87,
MIAMI,2021,86,
MIAMI,2021,85,22.000000
MIAMI,2021,84,22.000000
MIAMI,2021,83,22.000000
MIAMI,2021,82,22.000000
MIAMI,2021,81,22.000000
MIAMI,2021,80,
MIAMI,2021,79,
MIAMI,2021,78,22.000000
MIAMI,2021,77,22.000000
MIAMI,2021,76,22.000000
MIAMI,2021,75,22.000000
MIAMI,2021,74,22.000000
MIAMI,2021,73,
MIAMI,2021,72,
MIAMI,2021,71,22.000000
MIAMI,2021,70,22.000000
MIAMI,2021,69,22.000000
MIAMI,2021,68,22.000000
MIAMI,2021,67,22.000000
MIAMI,2021,66,
MIAMI,2021,65,
MIAMI,2021,64,22.000000
MIAMI,2021,63,22.000000
MIAMI,2021,62,22.000000
MIAMI,2021,61,22.000000
MIAMI,2021,60,22.000000
MIAMI,2021,59,
MIAMI,2021,58,
MIAMI,2021,57,22.000000
MIAMI,2021,56,22.000000
MIAMI,2021,55,22.000000
MIAMI,2021,54,22.000000
MIAMI,2021,53,22.000000
MIAMI,2021,52,
MIAMI,2021,51,
MIAMI,2021,50,22.000000
MIAMI,2021,49,22.000000
MIAMI,2021,48,22.000000
MIAMI,2021,47,22.000000
MIAMI,2021,46,
MIAMI,2021,45,
MIAMI,2021,44,
MIAMI,2021,43,22.000000
MIAMI,2021,42,22.000000
MIAMI,2021,41,22.000000
MIAMI,2021,40,22.000000
MIAMI,2021,39,22.000000
MIAMI,2021,38,
MIAMI,2021,37,
MIAMI,2021,36,22.000000
MIAMI,2021,35,22.000000
MIAMI,2021,34,22.000000
MIAMI,2021,33,22.000000
MIAMI,2021,32,22.000000
MIAMI,2021,31,
MIAMI,2021,30,
MIAMI,2021,29,22.000000
MIAMI,2021,28,22.000000
MIAMI,2021,27,22.000000
MIAMI,2021,26,22.000000
MIAMI,2021,25,22.000000
MIAMI,2021,24,
MIAMI,2021,23,
MIAMI,2021,22,22.000000
MIAMI,2021,21,22.000000
MIAMI,2021,20,22.000000
MIAMI,2021,19,22.000000
MIAMI,2021,18,
MIAMI,2021,17,
MIAMI,2021,16,
MIAMI,2021,15,22.000000
MIAMI,2021,14,22.000000
MIAMI,2021,13,22.000000
MIAMI,2021,12,22.000000
MIAMI,2021,11,22.000000
MIAMI,2021,10,
MIAMI,2021,9,
MIAMI,2021,8,22.000000
MIAMI,2021,7,22.000000
MIAMI,2021,6,22.000000
MIAMI,2021,5,22.000000
MIAMI,2021,4,22.000000
MIAMI,2021,3,
MIAMI,2021,2,
NEW YORK,2021,366,
NEW YORK,2021,365,
NEW YORK,2021,364,19.562500
NEW YORK,2021,363,19.562500
NEW YORK,2021,362,19.562500
NEW YORK,2021,361,20.625000
NEW YORK,2021,360,
NEW YORK,2021,359,
NEW YORK,2021,358,
NEW YORK,2021,357,21.350000
NEW YORK,2021,356,21.350000
NEW YORK,2021,355,21.350000
NEW YORK,2021,354,21.727272
NEW YORK,2021,353,
NEW YORK,2021,352,
NEW YORK,2021,351,24.681818
NEW YORK,2021,350,24.681818
NEW YORK,2021,349,24.681818
NEW YORK,2021,348,21.533333
NEW YORK,2021,347,22.033333
NEW YORK,2021,346,
NEW YORK,2021,345,
NEW YORK,2021,344,24.807692
NEW YORK,2021,343,24.807692
NEW YORK,2021,342,26.041666
NEW YORK,2021,341,26.041666
NEW YORK,2021,340,27.444444
NEW YORK,2021,339,
NEW YORK,2021,338,
NEW YORK,2021,337,36.000000
NEW YORK,2021,336,36.500000
NEW YORK,2021,335,41.250000
NEW YORK,2021,334,41.250000
NEW YORK,2021,333,45.750000
NEW YORK,2021,332,
NEW YORK,2021,331,
NEW YORK,2021,330,
NEW YORK,2021,329,
NEW YORK,2021,328,46.125000
NEW YORK,2021,327,46.125000
NEW YORK,2021,326,46.125000
NEW YORK,2021,325,
NEW YORK,2021,324,
NEW YORK,2021,323,50.000000
NEW YORK,2021,322,50.625000
NEW YORK,2021,321,53.055555
NEW YORK,2021,320,53.166666
NEW YORK,2021,319,52.000000
NEW YORK,2021,318,
NEW YORK,2021,317,
NEW YORK,2021,316,39.583333
NEW YORK,2021,315,
NEW YORK,2021,314,32.857142
NEW YORK,2021,313,32.000000
NEW YORK,2021,312,29.928571
NEW YORK,2021,311,
NEW YORK,2021,310,
NEW YORK,2021,309,27.214285
NEW YORK,2021,308,24.800000
NEW YORK,2021,307,25.187500
NEW YORK,2021,306,24.687500
NEW YORK,2021,305,24.687500
NEW YORK,2021,304,
NEW YORK,2021,303,
NEW YORK,2021,302,24.562500
NEW YORK,2021,301,24.562500
NEW YORK,2021,300,22.437500
NEW YORK,2021,299,22.562500
NEW YORK,2021,298,22.562500
NEW YORK,2021,297,
NEW YORK,2021,296,
NEW YORK,2021,295,21.400000
NEW YORK,2021,294,21.400000
NEW YORK,2021,293,21.200000
NEW YORK,2021,292,23.875000
NEW YORK,2021,291,25.166666
NEW YORK,2021,290,
NEW YORK,2021,289,
NEW YORK,2021,288,22.666666
NEW YORK,2021,287,22.666666
NEW YORK,2021,286,22.666666
NEW YORK,2021,285,23.000000
NEW YORK,2021,284,
NEW YORK,2021,283,
NEW YORK,2021,282,
NEW YORK,2021,281,23.875000
NEW YORK,2021,280,23.875000
NEW YORK,2021,279,23.875000
NEW YORK,2021,278,23.714285
NEW YORK,2021,277,23.000000
NEW YORK,2021,276,
NEW YORK,2021,275,
NEW YORK,2021,274,21.312500
NEW YORK,2021,273,21.222222
NEW YORK,2021,272,20.722222
NEW YORK,2021,271,20.750000
NEW YORK,2021,270,20.550000
NEW YORK,2021,269,
NEW YORK,2021,268,
NEW YORK,2021,267,20.550000
NEW YORK,2021,266,20.550000
NEW YORK,2021,265,20.550000
NEW YORK,2021,264,20.166666
NEW YORK,2021,263,20.222222
NEW YORK,2021,262,
NEW YORK,2021,261,
NEW YORK,2021,260,19.444444
NEW YORK,2021,259,19.444444
NEW YORK,2021,258,19.444444
NEW YORK,2021,257,19.000000
NEW YORK,2021,256,19.555555
NEW YORK,2021,255,
NEW YORK,2021,254,
NEW YORK,2021,253,17.950000
NEW YORK,2021,252,19.333333
NEW YORK,2021,251,19.444444
NEW YORK,2021,250,18.875000
NEW YORK,2021,249,
NEW YORK,2021,248,
NEW YORK,2021,247,
NEW YORK,2021,246,19.409090
NEW YORK,2021,245,18.250000
NEW YORK,2021,244,18.250000
NEW YORK,2021,243,18.250000
NEW YORK,2021,242,18.875000
NEW YORK,2021,241,
NEW YORK,2021,240,
NEW YORK,2021,239,18.791666
NEW YORK,2021,238,18.791666
NEW YORK,2021,237,18.791666
NEW YORK,2021,236,18.900000
NEW YORK,2021,235,20.777777
NEW YORK,2021,234,
NEW YORK,2021,233,
NEW YORK,2021,232,17.714285
NEW YORK,2021,231,17.714285
NEW YORK,2021,230,17.384615
NEW YORK,2021,229,15.181818
NEW YORK,2021,228,18.136363
NEW YORK,2021,227,
NEW YORK,2021,226,
NEW YORK,2021,225,22.892857
NEW YORK,2021,224,22.892857
NEW YORK,2021,223,23.269230
NEW YORK,2021,222,23.269230
NEW YORK,2021,221,23.269230
NEW YORK,2021,220,
NEW YORK,2021,219,
NEW YORK,2021,218,24.730769
NEW YORK,2021,217,24.730769
NEW YORK,2021,216,24.807692
NEW YORK,2021,215,25.041666
NEW YORK,2021,214,25.125000
NEW YORK,2021,213,
NEW YORK,2021,212,
NEW YORK,2021,211,25.818181
NEW YORK,2021,210,25.818181
NEW YORK,2021,209,25.850000
NEW YORK,2021,208,25.950000
NEW YORK,2021,207,25.444444
NEW YORK,2021,206,
NEW YORK,2021,205,
NEW YORK,2021,204,27.181818
NEW YORK,2021,203,27.181818
NEW YORK,2021,202,27.166666
NEW YORK,2021,201,25.950000
NEW YORK,2021,200,25.950000
NEW YORK,2021,199,
NEW YORK,2021,198,
NEW YORK,2021,197,27.428571
NEW YORK,2021,196,17.400000
NEW YORK,2021,195,17.400000
NEW YORK,2021,194,17.400000
NEW YORK,2021,193,17.300000
NEW YORK,2021,192,
NEW YORK,2021,191,
NEW YORK,2021,190,17.500000
NEW YORK,2021,189,17.500000
NEW YORK,2021,188,15.800000
NEW YORK,2021,187,15.600000
NEW YORK,2021,186,
NEW YORK,2021,185,
NEW YORK,2021,184,
NEW YORK,2021,183,14.500000
NEW YORK,2021,182,14.500000
NEW YORK,2021,181,14.500000
NEW YORK,2021,180,12.785714
NEW YORK,2021,179,12.500000
NEW YORK,2021,178,
NEW YORK,2021,177,
NEW YORK,2021,176,13.125000
NEW YORK,2021,175,13.125000
NEW YORK,2021,174,13.642857
NEW YORK,2021,173,13.642857
NEW YORK,2021,172,13.928571
NEW YORK,2021,171,
NEW YORK,2021,170,
NEW YORK,2021,169,13.318181
NEW YORK,2021,168,13.318181
NEW YORK,2021,167,13.318181
NEW YORK,2021,166,13.318181
NEW YORK,2021,165,14.000000
NEW YORK,2021,164,
NEW YORK,2021,163,
NEW YORK,2021,162,15.375000
NEW YORK,2021,161,15.375000
NEW YORK,2021,160,15.375000
NEW YORK,2021,159,15.375000
NEW YORK,2021,158,16.142857
NEW YORK,2021,157,
NEW YORK,2021,156,
NEW YORK,2021,155,19.666666
NEW YORK,2021,154,19.666666
NEW YORK,2021,153,20.250000
NEW YORK,2021,152,23.812500
NEW YORK,2021,151,
NEW YORK,2021,150,
NEW YORK,2021,149,
NEW YORK,2021,148,25.928571
NEW YORK,2021,147,25.928571
NEW YORK,2021,146,25.928571
NEW YORK,2021,145,25.928571
NEW YORK,2021,144,26.750000
NEW YORK,2021,143,
NEW YORK,2021,142,
NEW YORK,2021,141,26.928571
NEW YORK,2021,140,26.928571
NEW YORK,2021,139,26.928571
NEW YORK,2021,138,26.928571
NEW YORK,2021,137,26.928571
NEW YORK,2021,136,
NEW YORK,2021,135,
NEW YORK,2021,134,26.666666
NEW YORK,2021,133,26.666666
NEW YORK,2021,132,26.666666
NEW YORK,2021,131,26.666666
NEW YORK,2021,130,26.500000
NEW YORK,2021,129,
NEW YORK,2021,128,
NEW YORK,2021,127,26.500000
NEW YORK,2021,126,26.500000
NEW YORK,2021,125,26.500000
NEW YORK,2021,124,26.400000
NEW YORK,2021,123,26.583333
NEW YORK,2021,122,
NEW YORK,2021,121,
NEW YORK,2021,120,26.500000
NEW YORK,2021,119,26.500000
NEW YORK,2021,118,26.500000
NEW YORK,2021,117,20.400000
NEW YORK,2021,116,20.400000
NEW YORK,2021,115,
NEW YORK,2021,114,
NEW YORK,2021,113,20.400000
NEW YORK,2021,112,20.400000
NEW YORK,2021,111,20.400000
NEW YORK,2021,110,20.400000
NEW YORK,2021,109,21.375000
NEW YORK,2021,108,
NEW YORK,2021,107,
NEW YORK,2021,106,21.375000
NEW YORK,2021,105,21.375000
NEW YORK,2021,104,20.875000
NEW YORK,2021,103,20.875000
NEW YORK,2021,102,20.625000
NEW YORK,2021,101,
NEW YORK,2021,100,
NEW YORK,2021,99,20.125000
NEW YORK,2021,98,20.125000
NEW YORK,2021,97,20.375000
NEW YORK,2021,96,17.833333
NEW YORK,2021,95,
NEW YORK,2021,94,
NEW YORK,2021,93,
NEW YORK,2021,92,18.000000
NEW YORK,2021,91,16.000000
NEW YORK,2021,90,19.400000
NEW YORK,2021,89,19.400000
NEW YORK,2021,88,21.000000
NEW YORK,2021,87,
NEW YORK,2021,86,
NEW YORK,2021,85,21.000000
NEW YORK,2021,84,21.000000
NEW YORK,2021,83,20.833333
NEW YORK,2021,82,20.833333
NEW YORK,2021,81,20.000000
NEW YORK,2021,80,
NEW YORK,2021,79,
NEW YORK,2021,78,20.000000
NEW YORK,2021,77,20.000000
NEW YORK,2021,76,20.000000
NEW YORK,2021,75,20.000000
NEW YORK,2021,74,18.250000
NEW YORK,2021,73,
NEW YORK,2021,72,
NEW YORK,2021,71,18.250000
NEW YORK,2021,70,18.250000
NEW YORK,2021,69,18.250000
NEW YORK,2021,68,18.250000
NEW YORK,2021,67,19.500000
NEW YORK,2021,66,
NEW YORK,2021,65,
NEW YORK,2021,64,19.500000
NEW YORK,2021,63,19.500000
NEW YORK,2021,62,19.625000
NEW YORK,2021,61,19.625000
NEW YORK,2021,60,20.625000
NEW YORK,2021,59,
NEW YORK,2021,58,
NEW YORK,2021,57,21.125000
NEW YORK,2021,56,21.125000
NEW YORK,2021,55,21.125000
NEW YORK,2021,54,21.625000
NEW YORK,2021,53,17.625000
NEW YORK,2021,52,
NEW YORK,2021,51,
NEW YORK,2021,50,17.625000
NEW YORK,2021,49,17.625000
NEW YORK,2021,48,17.625000
NEW YORK,2021,47,18.100000
NEW YORK,2021,46,
NEW YORK,2021,45,
NEW YORK,2021,44,
NEW YORK,2021,43,18.916666
NEW YORK,2021,42,18.916666
NEW YORK,2021,41,18.916666
NEW YORK,2021,40,18.916666
NEW YORK,2021,39,16.375000
NEW YORK,2021,38,
NEW YORK,2021,37,
NEW YORK,2021,36,18.700000
NEW YORK,2021,35,18.700000
NEW YORK,2021,34,18.700000
NEW YORK,2021,33,18.928571
NEW YORK,2021,32,18.928571
NEW YORK,2021,31,
NEW YORK,2021,30,
NEW YORK,2021,29,18.928571
NEW YORK,2021,28,18.928571
NEW YORK,2021,27,19.214285
NEW YORK,2021,26,19.214285
NEW YORK,2021,25,19.300000
NEW YORK,2021,24,
NEW YORK,2021,23,
NEW YORK,2021,22,17.700000
NEW YORK,2021,21,17.700000
NEW YORK,2021,20,17.875000
NEW YORK,2021,19,18.375000
NEW YORK,2021,18,
NEW YORK,2021,17,
NEW YORK,2021,16,
NEW YORK,2021,15,18.625000
NEW YORK,2021,14,20.944444
NEW YORK,2021,13,20.833333
NEW YORK,2021,12,20.937500
NEW YORK,2021,11,20.916666
NEW YORK,2021,10,
NEW YORK,2021,9,
NEW YORK,2021,8,20.928571
NEW YORK,2021,7,20.928571
NEW YORK,2021,6,19.750000
NEW YORK,2021,5,19.750000
NEW YORK,2021,4,18.900000
NEW YORK,2021,3,
NEW YORK,2021,2,
PHILADELPHIA,2021,366,
PHILADELPHIA,2021,365,
PHILADELPHIA,2021,364,24.200000
PHILADELPHIA,2021,363,24.000000
PHILADELPHIA,2021,362,24.000000
PHILADELPHIA,2021,361,25.000000
PHILADELPHIA,2021,360,
PHILADELPHIA,2021,359,
PHILADELPHIA,2021,358,
PHILADELPHIA,2021,357,26.625000
PHILADELPHIA,2021,356,26.625000
PHILADELPHIA,2021,355,26.625000
PHILADELPHIA,2021,354,25.333333
PHILADELPHIA,2021,353,
PHILADELPHIA,2021,352,
PHILADELPHIA,2021,351,21.000000
PHILADELPHIA,2021,350,19.500000
PHILADELPHIA,2021,349,19.500000
PHILADELPHIA,2021,348,19.500000
PHILADELPHIA,2021,347,18.000000
PHILADELPHIA,2021,346,
PHILADELPHIA,2021,345,
PHILADELPHIA,2021,344,31.500000
PHILADELPHIA,2021,343,31.500000
PHILADELPHIA,2021,342,31.500000
PHILADELPHIA,2021,341,31.500000
PHILADELPHIA,2021,340,31.500000
PHILADELPHIA,2021,339,
PHILADELPHIA,2021,338,
PHILADELPHIA,2021,337,36.500000
PHILADELPHIA,2021,336,36.500000
PHILADELPHIA,2021,335,36.250000
PHILADELPHIA,2021,334,36.250000
PHILADELPHIA,2021,333,44.500000
PHILADELPHIA,2021,332,
PHILADELPHIA,2021,331,
PHILADELPHIA,2021,330,
PHILADELPHIA,2021,329,
PHILADELPHIA,2021,328,50.000000
PHILADELPHIA,2021,327,50.000000
PHILADELPHIA,2021,326,50.000000
PHILADELPHIA,2021,325,
PHILADELPHIA,2021,324,
PHILADELPHIA,2021,323,56.333333
PHILADELPHIA,2021,322,56.333333
PHILADELPHIA,2021,321,56.333333
PHILADELPHIA,2021,320,57.000000
PHILADELPHIA,2021,319,57.833333
PHILADELPHIA,2021,318,
PHILADELPHIA,2021,317,
PHILADELPHIA,2021,316,57.500000
PHILADELPHIA,2021,315,
PHILADELPHIA,2021,314,46.000000
PHILADELPHIA,2021,313,46.000000
PHILADELPHIA,2021,312,46.000000
PHILADELPHIA,2021,311,
PHILADELPHIA,2021,310,
PHILADELPHIA,2021,309,36.500000
PHILADELPHIA,2021,308,36.500000
PHILADELPHIA,2021,307,36.500000
PHILADELPHIA,2021,306,36.500000
PHILADELPHIA,2021,305,36.500000
PHILADELPHIA,2021,304,
PHILADELPHIA,2021,303,
PHILADELPHIA,2021,302,35.000000
PHILADELPHIA,2021,301,35.000000
PHILADELPHIA,2021,300,35.000000
PHILADELPHIA,2021,299,35.000000
PHILADELPHIA,2021,298,34.166666
PHILADELPHIA,2021,297,
PHILADELPHIA,2021,296,
PHILADELPHIA,2021,295,34.000000
PHILADELPHIA,2021,294,
PHILADELPHIA,2021,293,31.875000
PHILADELPHIA,2021,292,
PHILADELPHIA,2021,291,26.400000
PHILADELPHIA,2021,290,
PHILADELPHIA,2021,289,
PHILADELPHIA,2021,288,25.000000
PHILADELPHIA,2021,287,
PHILADELPHIA,2021,286,25.000000
PHILADELPHIA,2021,285,
PHILADELPHIA,2021,284,
PHILADELPHIA,2021,283,
PHILADELPHIA,2021,282,
PHILADELPHIA,2021,281,25.000000
PHILADELPHIA,2021,280,
PHILADELPHIA,2021,279,25.500000
PHILADELPHIA,2021,278,
PHILADELPHIA,2021,277,28.250000
PHILADELPHIA,2021,276,
PHILADELPHIA,2021,275,
PHILADELPHIA,2021,274,22.500000
PHILADELPHIA,2021,273,
PHILADELPHIA,2021,272,22.500000
PHILADELPHIA,2021,271,
PHILADELPHIA,2021,270,22.500000
PHILADELPHIA,2021,269,
PHILADELPHIA,2021,268,
PHILADELPHIA,2021,267,22.500000
PHILADELPHIA,2021,266,22.500000
PHILADELPHIA,2021,265,22.500000
PHILADELPHIA,2021,264,20.333333
PHILADELPHIA,2021,263,17.333333
PHILADELPHIA,2021,262,
PHILADELPHIA,2021,261,
PHILADELPHIA,2021,260,17.333333
PHILADELPHIA,2021,259,17.333333
PHILADELPHIA,2021,258,17.333333
PHILADELPHIA,2021,257,17.333333
PHILADELPHIA,2021,256,18.833333
PHILADELPHIA,2021,255,
PHILADELPHIA,2021,254,
PHILADELPHIA,2021,253,18.833333
PHILADELPHIA,2021,252,18.833333
PHILADELPHIA,2021,251,22.625000
PHILADELPHIA,2021,250,22.625000
PHILADELPHIA,2021,249,
PHILADELPHIA,2021,248,
PHILADELPHIA,2021,247,
PHILADELPHIA,2021,246,22.250000
PHILADELPHIA,2021,245,22.250000
PHILADELPHIA,2021,244,22.250000
PHILADELPHIA,2021,243,24.333333
PHILADELPHIA,2021,242,24.333333
PHILADELPHIA,2021,241,
PHILADELPHIA,2021,240,
PHILADELPHIA,2021,239,23.500000
PHILADELPHIA,2021,238,24.666666
PHILADELPHIA,2021,237,24.666666
PHILADELPHIA,2021,236,24.666666
PHILADELPHIA,2021,235,24.666666
PHILADELPHIA,2021,234,
PHILADELPHIA,2021,233,
PHILADELPHIA,2021,232,21.000000
PHILADELPHIA,2021,231,21.000000
PHILADELPHIA,2021,230,21.000000
PHILADELPHIA,2021,229,17.333333
PHILADELPHIA,2021,228,17.333333
PHILADELPHIA,2021,227,
PHILADELPHIA,2021,226,
PHILADELPHIA,2021,225,18.600000
PHILADELPHIA,2021,224,18.600000
PHILADELPHIA,2021,223,19.000000
PHILADELPHIA,2021,222,19.000000
PHILADELPHIA,2021,221,19.333333
PHILADELPHIA,2021,220,
PHILADELPHIA,2021,219,
PHILADELPHIA,2021,218,21.400000
PHILADELPHIA,2021,217,21.400000
PHILADELPHIA,2021,216,21.400000
PHILADELPHIA,2021,215,21.750000
PHILADELPHIA,2021,214,19.333333
PHILADELPHIA,2021,213,
PHILADELPHIA,2021,212,
PHILADELPHIA,2021,211,27.000000
PHILADELPHIA,2021,210,27.000000
PHILADELPHIA,2021,209,27.250000
PHILADELPHIA,2021,208,27.250000
PHILADELPHIA,2021,207,27.250000
PHILADELPHIA,2021,206,
PHILADELPHIA,2021,205,
PHILADELPHIA,2021,204,24.833333
PHILADELPHIA,2021,203,24.833333
PHILADELPHIA,2021,202,24.833333
PHILADELPHIA,2021,201,24.833333
PHILADELPHIA,2021,200,22.666666
PHILADELPHIA,2021,199,
PHILADELPHIA,2021,198,
PHILADELPHIA,2021,197,28.200000
PHILADELPHIA,2021,196,28.200000
PHILADELPHIA,2021,195,28.200000
PHILADELPHIA,2021,194,29.200000
PHILADELPHIA,2021,193,29.000000
PHILADELPHIA,2021,192,
PHILADELPHIA,2021,191,
PHILADELPHIA,2021,190,27.000000
PHILADELPHIA,2021,189,27.000000
PHILADELPHIA,2021,188,27.000000
PHILADELPHIA,2021,187,27.000000
PHILADELPHIA,2021,186,
PHILADELPHIA,2021,185,
PHILADELPHIA,2021,184,
PHILADELPHIA,2021,183,22.500000
PHILADELPHIA,2021,182,22.500000
PHILADELPHIA,2021,181,22.500000
PHILADELPHIA,2021,180,22.500000
PHILADELPHIA,2021,179,22.500000
PHILADELPHIA,2021,178,
PHILADELPHIA,2021,177,
PHILADELPHIA,2021,176,22.500000
PHILADELPHIA,2021,175,22.500000
PHILADELPHIA,2021,174,22.500000
PHILADELPHIA,2021,173,26.833333
PHILADELPHIA,2021,172,26.833333
PHILADELPHIA,2021,171,
PHILADELPHIA,2021,170,
PHILADELPHIA,2021,169,27.500000
PHILADELPHIA,2021,168,27.500000
PHILADELPHIA,2021,167,27.500000
PHILADELPHIA,2021,166,27.500000
PHILADELPHIA,2021,165,27.500000
PHILADELPHIA,2021,164,
PHILADELPHIA,2021,163,
PHILADELPHIA,2021,162,24.200000
PHILADELPHIA,2021,161,24.200000
PHILADELPHIA,2021,160,25.750000
PHILADELPHIA,2021,159,28.333333
PHILADELPHIA,2021,158,28.333333
PHILADELPHIA,2021,157,
PHILADELPHIA,2021,156,
PHILADELPHIA,2021,155,25.500000
PHILADELPHIA,2021,154,25.500000
PHILADELPHIA,2021,153,25.500000
PHILADELPHIA,2021,152,25.875000
PHILADELPHIA,2021,151,
PHILADELPHIA,2021,150,
PHILADELPHIA,2021,149,
PHILADELPHIA,2021,148,24.833333
PHILADELPHIA,2021,147,24.833333
PHILADELPHIA,2021,146,24.833333
PHILADELPHIA,2021,145,24.833333
PHILADELPHIA,2021,144,22.083333
PHILADELPHIA,2021,143,
PHILADELPHIA,2021,142,
PHILADELPHIA,2021,141,22.500000
PHILADELPHIA,2021,140,22.500000
PHILADELPHIA,2021,139,22.500000
PHILADELPHIA,2021,138,22.500000
PHILADELPHIA,2021,137,22.916666
PHILADELPHIA,2021,136,
PHILADELPHIA,2021,135,
PHILADELPHIA,2021,134,23.916666
PHILADELPHIA,2021,133,23.916666
PHILADELPHIA,2021,132,25.166666
PHILADELPHIA,2021,131,25.400000
PHILADELPHIA,2021,130,29.125000
PHILADELPHIA,2021,129,
PHILADELPHIA,2021,128,
PHILADELPHIA,2021,127,29.125000
PHILADELPHIA,2021,126,29.125000
PHILADELPHIA,2021,125,29.625000
PHILADELPHIA,2021,124,29.625000
PHILADELPHIA,2021,123,29.625000
PHILADELPHIA,2021,122,
PHILADELPHIA,2021,121,
PHILADELPHIA,2021,120,29.375000
PHILADELPHIA,2021,119,29.125000
PHILADELPHIA,2021,118,29.125000
PHILADELPHIA,2021,117,29.125000
PHILADELPHIA,2021,116,29.125000
PHILADELPHIA,2021,115,
PHILADELPHIA,2021,114,
PHILADELPHIA,2021,113,29.500000
PHILADELPHIA,2021,112,29.500000
PHILADELPHIA,2021,111,29.500000
PHILADELPHIA,2021,110,29.500000
PHILADELPHIA,2021,109,29.500000
PHILADELPHIA,2021,108,
PHILADELPHIA,2021,107,
PHILADELPHIA,2021,106,30.700000
PHILADELPHIA,2021,105,31.100000
PHILADELPHIA,2021,104,31.100000
PHILADELPHIA,2021,103,29.800000
PHILADELPHIA,2021,102,21.000000
PHILADELPHIA,2021,101,
PHILADELPHIA,2021,100,
PHILADELPHIA,2021,99,22.500000
PHILADELPHIA,2021,98,22.500000
PHILADELPHIA,2021,97,22.500000
PHILADELPHIA,2021,96,22.500000
PHILADELPHIA,2021,95,
PHILADELPHIA,2021,94,
PHILADELPHIA,2021,93,
PHILADELPHIA,2021,92,21.000000
PHILADELPHIA,2021,91,21.000000
PHILADELPHIA,2021,90,21.000000
PHILADELPHIA,2021,89,20.750000
PHILADELPHIA,2021,88,20.750000
PHILADELPHIA,2021,87,
PHILADELPHIA,2021,86,
PHILADELPHIA,2021,85,22.500000
PHILADELPHIA,2021,84,22.500000
PHILADELPHIA,2021,83,20.500000
PHILADELPHIA,2021,82,20.500000
PHILADELPHIA,2021,81,20.500000
PHILADELPHIA,2021,80,
PHILADELPHIA,2021,79,
PHILADELPHIA,2021,78,19.600000
PHILADELPHIA,2021,77,19.600000
PHILADELPHIA,2021,76,19.600000
PHILADELPHIA,2021,75,19.600000
PHILADELPHIA,2021,74,21.125000
PHILADELPHIA,2021,73,
PHILADELPHIA,2021,72,
PHILADELPHIA,2021,71,18.500000
PHILADELPHIA,2021,70,18.500000
PHILADELPHIA,2021,69,18.500000
PHILADELPHIA,2021,68,18.500000
PHILADELPHIA,2021,67,18.666666
PHILADELPHIA,2021,66,
PHILADELPHIA,2021,65,
PHILADELPHIA,2021,64,18.500000
PHILADELPHIA,2021,63,19.166666
PHILADELPHIA,2021,62,19.166666
PHILADELPHIA,2021,61,19.166666
PHILADELPHIA,2021,60,19.166666
PHILADELPHIA,2021,59,
PHILADELPHIA,2021,58,
PHILADELPHIA,2021,57,21.875000
PHILADELPHIA,2021,56,22.000000
PHILADELPHIA,2021,55,22.000000
PHILADELPHIA,2021,54,22.250000
PHILADELPHIA,2021,53,19.666666
PHILADELPHIA,2021,52,
PHILADELPHIA,2021,51,
PHILADELPHIA,2021,50,19.500000
PHILADELPHIA,2021,49,19.500000
PHILADELPHIA,2021,48,19.500000
PHILADELPHIA,2021,47,19.500000
PHILADELPHIA,2021,46,
PHILADELPHIA,2021,45,
PHILADELPHIA,2021,44,
PHILADELPHIA,2021,43,18.666666
PHILADELPHIA,2021,42,18.666666
PHILADELPHIA,2021,41,18.666666
PHILADELPHIA,2021,40,18.666666
PHILADELPHIA,2021,39,18.666666
PHILADELPHIA,2021,38,
PHILADELPHIA,2021,37,
PHILADELPHIA,2021,36,19.166666
PHILADELPHIA,2021,35,19.166666
PHILADELPHIA,2021,34,19.500000
PHILADELPHIA,2021,33,21.250000
PHILADELPHIA,2021,32,
PHILADELPHIA,2021,31,
PHILADELPHIA,2021,30,
PHILADELPHIA,2021,29,21.250000
PHILADELPHIA,2021,28,21.250000
PHILADELPHIA,2021,27,21.250000
PHILADELPHIA,2021,26,21.250000
PHILADELPHIA,2021,25,21.250000
PHILADELPHIA,2021,24,
PHILADELPHIA,2021,23,
PHILADELPHIA,2021,22,23.750000
PHILADELPHIA,2021,21,23.750000
PHILADELPHIA,2021,20,24.000000
PHILADELPHIA,2021,19,24.125000
PHILADELPHIA,2021,18,
PHILADELPHIA,2021,17,
PHILADELPHIA,2021,16,
PHILADELPHIA,2021,15,20.833333
PHILADELPHIA,2021,14,20.833333
PHILADELPHIA,2021,13,20.833333
PHILADELPHIA,2021,12,20.833333
PHILADELPHIA,2021,11,20.833333
PHILADELPHIA,2021,10,
PHILADELPHIA,2021,9,
PHILADELPHIA,2021,8,24.500000
PHILADELPHIA,2021,7,24.500000
PHILADELPHIA,2021,6,24.500000
PHILADELPHIA,2021,5,24.500000
PHILADELPHIA,2021,4,24.500000
PHILADELPHIA,2021,3,
PHILADELPHIA,2021,2,
BALTIMORE,2020,366,20.500000
BALTIMORE,2020,365,18.666666
BALTIMORE,2020,364,21.000000
BALTIMORE,2020,363,21.000000
BALTIMORE,2020,362,
BALTIMORE,2020,361,
BALTIMORE,2020,360,
BALTIMORE,2020,359,
BALTIMORE,2020,358,24.333333
BALTIMORE,2020,357,21.625000
BALTIMORE,2020,356,21.687500
BALTIMORE,2020,355,
BALTIMORE,2020,354,
BALTIMORE,2020,353,22.750000
BALTIMORE,2020,352,22.166666
BALTIMORE,2020,351,26.000000
BALTIMORE,2020,350,26.000000
BALTIMORE,2020,349,26.125000
BALTIMORE,2020,348,
BALTIMORE,2020,347,
BALTIMORE,2020,346,18.000000
BALTIMORE,2020,345,18.000000
BALTIMORE,2020,344,26.750000
BALTIMORE,2020,343,28.900000
BALTIMORE,2020,342,28.900000
BALTIMORE,2020,341,
BALTIMORE,2020,340,
BALTIMORE,2020,339,22.000000
BALTIMORE,2020,338,21.833333
BALTIMORE,2020,337,21.833333
BALTIMORE,2020,336,22.833333
BALTIMORE,2020,335,22.833333
BALTIMORE,2020,334,
BALTIMORE,2020,333,
BALTIMORE,2020,332,21.000000
BALTIMORE,2020,331,
BALTIMORE,2020,330,21.000000
BALTIMORE,2020,329,20.500000
BALTIMORE,2020,328,20.500000
BALTIMORE,2020,327,
BALTIMORE,2020,326,
BALTIMORE,2020,325,22.000000
BALTIMORE,2020,324,22.000000
BALTIMORE,2020,323,20.166666
BALTIMORE,2020,322,20.600000
BALTIMORE,2020,321,20.900000
BALTIMORE,2020,320,
BALTIMORE,2020,319,
BALTIMORE,2020,318,23.833333
BALTIMORE,2020,317,23.833333
BALTIMORE,2020,316,
BALTIMORE,2020,315,21.000000
BALTIMORE,2020,314,21.000000
BALTIMORE,2020,313,
BALTIMORE,2020,312,
BALTIMORE,2020,311,21.500000
BALTIMORE,2020,310,23.000000
BALTIMORE,2020,309,23.000000
BALTIMORE,2020,308,21.333333
BALTIMORE,2020,307,23.125000
BALTIMORE,2020,306,
BALTIMORE,2020,305,
BALTIMORE,2020,304,26.000000
BALTIMORE,2020,303,26.000000
BALTIMORE,2020,302,26.000000
BALTIMORE,2020,301,26.333333
BALTIMORE,2020,300,26.750000
BALTIMORE,2020,299,
BALTIMORE,2020,298,
BALTIMORE,2020,297,26.583333
BALTIMORE,2020,296,23.875000
BALTIMORE,2020,295,25.416666
BALTIMORE,2020,294,25.666666
BALTIMORE,2020,293,25.833333
BALTIMORE,2020,292,
BALTIMORE,2020,291,
BALTIMORE,2020,290,22.250000
BALTIMORE,2020,289,22.250000
BALTIMORE,2020,288,22.600000
BALTIMORE,2020,287,22.600000
BALTIMORE,2020,286,
BALTIMORE,2020,285,
BALTIMORE,2020,284,
BALTIMORE,2020,283,20.583333
BALTIMORE,2020,282,20.583333
BALTIMORE,2020,281,20.900000
BALTIMORE,2020,280,19.875000
BALTIMORE,2020,279,19.875000
BALTIMORE,2020,278,
BALTIMORE,2020,277,
BALTIMORE,2020,276,18.375000
BALTIMORE,2020,275,18.375000
BALTIMORE,2020,274,18.125000
BALTIMORE,2020,273,19.000000
BALTIMORE,2020,272,18.750000
BALTIMORE,2020,271,
BALTIMORE,2020,270,
BALTIMORE,2020,269,21.125000
BALTIMORE,2020,268,21.125000
BALTIMORE,2020,267,21.125000
BALTIMORE,2020,266,21.458333
BALTIMORE,2020,265,20.500000
BALTIMORE,2020,264,
BALTIMORE,2020,263,
BALTIMORE,2020,262,22.291666
BALTIMORE,2020,261,23.041666
BALTIMORE,2020,260,23.000000
BALTIMORE,2020,259,21.750000
BALTIMORE,2020,258,21.200000
BALTIMORE,2020,257,
BALTIMORE,2020,256,
BALTIMORE,2020,255,20.916666
BALTIMORE,2020,254,20.142857
BALTIMORE,2020,253,20.750000
BALTIMORE,2020,252,23.000000
BALTIMORE,2020,251,
BALTIMORE,2020,250,
BALTIMORE,2020,249,
BALTIMORE,2020,248,19.166666
BALTIMORE,2020,247,19.166666
BALTIMORE,2020,246,17.000000
BALTIMORE,2020,245,17.000000
BALTIMORE,2020,244,16.875000
BALTIMORE,2020,243,
BALTIMORE,2020,242,
BALTIMORE,2020,241,15.625000
BALTIMORE,2020,240,16.300000
BALTIMORE,2020,239,17.000000
BALTIMORE,2020,238,16.666666
BALTIMORE,2020,237,16.666666
BALTIMORE,2020,236,
BALTIMORE,2020,235,
BALTIMORE,2020,234,16.750000
BALTIMORE,2020,233,16.750000
BALTIMORE,2020,232,16.750000
BALTIMORE,2020,231,16.750000
BALTIMORE,2020,230,17.000000
BALTIMORE,2020,229,
BALTIMORE,2020,228,
BALTIMORE,2020,227,16.000000
BALTIMORE,2020,226,16.000000
BALTIMORE,2020,225,16.000000
BALTIMORE,2020,224,16.000000
BALTIMORE,2020,223,16.000000
BALTIMORE,2020,222,
BALTIMORE,2020,221,
BALTIMORE,2020,220,16.000000
BALTIMORE,2020,219,16.000000
BALTIMORE,2020,218,16.750000
BALTIMORE,2020,217,16.750000
BALTIMORE,2020,216,24.625000
BALTIMORE,2020,215,
BALTIMORE,2020,214,
BALTIMORE,2020,213,25.250000
BALTIMORE,2020,212,24.750000
BALTIMORE,2020,211,17.833333
BALTIMORE,2020,210,18.000000
BALTIMORE,2020,209,18.166666
BALTIMORE,2020,208,
BALTIMORE,2020,207,
BALTIMORE,2020,206,22.666666
BALTIMORE,2020,205,24.500000
BALTIMORE,2020,204,15.750000
BALTIMORE,2020,203,15.750000
BALTIMORE,2020,202,15.750000
BALTIMORE,2020,201,
BALTIMORE,2020,200,
BALTIMORE,2020,199,17.333333
BALTIMORE,2020,198,18.333333
BALTIMORE,2020,197,19.166666
BALTIMORE,2020,196,21.625000
BALTIMORE,2020,195,22.166666
BALTIMORE,2020,194,
BALTIMORE,2020,193,
BALTIMORE,2020,192,18.500000
BALTIMORE,2020,191,18.666666
BALTIMORE,2020,190,25.437500
BALTIMORE,2020,189,23.750000
BALTIMORE,2020,188,18.937500
BALTIMORE,2020,187,
BALTIMORE,2020,186,
BALTIMORE,2020,185,
BALTIMORE,2020,184,21.100000
BALTIMORE,2020,183,21.100000
BALTIMORE,2020,182,18.800000
BALTIMORE,2020,181,18.800000
BALTIMORE,2020,180,
BALTIMORE,2020,179,
BALTIMORE,2020,178,18.833333
BALTIMORE,2020,177,18.833333
BALTIMORE,2020,176,19.000000
BALTIMORE,2020,175,19.000000
BALTIMORE,2020,174,19.000000
BALTIMORE,2020,173,
BALTIMORE,2020,172,
BALTIMORE,2020,171,22.000000
BALTIMORE,2020,170,22.000000
BALTIMORE,2020,169,20.333333
BALTIMORE,2020,168,20.333333
BALTIMORE,2020,167,20.333333
BALTIMORE,2020,166,
BALTIMORE,2020,165,
BALTIMORE,2020,164,20.333333
BALTIMORE,2020,163,22.000000
BALTIMORE,2020,162,27.400000
BALTIMORE,2020,161,27.400000
BALTIMORE,2020,160,27.400000
BALTIMORE,2020,159,
BALTIMORE,2020,158,
BALTIMORE,2020,157,29.250000
BALTIMORE,2020,156,30.000000
BALTIMORE,2020,155,25.700000
BALTIMORE,2020,154,20.500000
BALTIMORE,2020,153,20.600000
BALTIMORE,2020,152,
BALTIMORE,2020,151,
BALTIMORE,2020,150,25.666666
BALTIMORE,2020,149,25.666666
BALTIMORE,2020,148,27.900000
BALTIMORE,2020,147,28.300000
BALTIMORE,2020,146,
BALTIMORE,2020,145,
BALTIMORE,2020,144,
BALTIMORE,2020,143,27.000000
BALTIMORE,2020,142,22.000000
BALTIMORE,2020,141,25.000000
BALTIMORE,2020,140,24.833333
BALTIMORE,2020,139,24.666666
BALTIMORE,2020,138,
BALTIMORE,2020,137,
BALTIMORE,2020,136,21.500000
BALTIMORE,2020,135,21.000000
BALTIMORE,2020,134,24.000000
BALTIMORE,2020,133,21.500000
BALTIMORE,2020,132,21.625000
BALTIMORE,2020,131,
BALTIMORE,2020,130,
BALTIMORE,2020,129,20.333333
BALTIMORE,2020,128,20.333333
BALTIMORE,2020,127,20.500000
BALTIMORE,2020,126,20.333333
BALTIMORE,2020,125,24.700000
BALTIMORE,2020,124,
BALTIMORE,2020,123,
BALTIMORE,2020,122,24.166666
BALTIMORE,2020,121,24.583333
BALTIMORE,2020,120,26.600000
BALTIMORE,2020,119,26.600000
BALTIMORE,2020,118,27.400000
BALTIMORE,2020,117,
BALTIMORE,2020,116,
BALTIMORE,2020,115,26.083333
BALTIMORE,2020,114,26.083333
BALTIMORE,2020,113,26.166666
BALTIMORE,2020,112,25.750000
BALTIMORE,2020,111,27.250000
BALTIMORE,2020,110,
BALTIMORE,2020,109,
BALTIMORE,2020,108,28.666666
BALTIMORE,2020,107,30.200000
BALTIMORE,2020,106,28.875000
BALTIMORE,2020,105,22.400000
BALTIMORE,2020,104,26.200000
BALTIMORE,2020,103,
BALTIMORE,2020,102,
BALTIMORE,2020,101,20.200000
BALTIMORE,2020,100,21.750000
BALTIMORE,2020,99,20.300000
BALTIMORE,2020,98,24.750000
BALTIMORE,2020,97,25.416666
BALTIMORE,2020,96,
BALTIMORE,2020,95,
BALTIMORE,2020,94,31.375000
BALTIMORE,2020,93,31.375000
BALTIMORE,2020,92,32.250000
BALTIMORE,2020,91,32.250000
BALTIMORE,2020,90,32.250000
BALTIMORE,2020,89,
BALTIMORE,2020,88,
BALTIMORE,2020,87,32.250000
BALTIMORE,2020,86,32.250000
BALTIMORE,2020,85,30.750000
BALTIMORE,2020,84,26.750000
BALTIMORE,2020,83,24.000000
BALTIMORE,2020,82,
BALTIMORE,2020,81,
BALTIMORE,2020,80,29.000000
BALTIMORE,2020,79,24.333333
BALTIMORE,2020,78,32.000000
BALTIMORE,2020,77,27.700000
BALTIMORE,2020,76,27.800000
BALTIMORE,2020,75,
BALTIMORE,2020,74,
BALTIMORE,2020,73,25.500000
BALTIMORE,2020,72,23.916666
BALTIMORE,2020,71,23.875000
BALTIMORE,2020,70,23.875000
BALTIMORE,2020,69,23.875000
BALTIMORE,2020,68,
BALTIMORE,2020,67,
BALTIMORE,2020,66,23.333333
BALTIMORE,2020,65,23.416666
BALTIMORE,2020,64,21.125000
BALTIMORE,2020,63,21.125000
BALTIMORE,2020,62,21.625000
BALTIMORE,2020,61,
BALTIMORE,2020,60,
BALTIMORE,2020,59,25.200000
BALTIMORE,2020,58,25.400000
BALTIMORE,2020,57,25.500000
BALTIMORE,2020,56,28.125000
BALTIMORE,2020,55,28.125000
BALTIMORE,2020,54,
BALTIMORE,2020,53,
BALTIMORE,2020,52,20.125000
BALTIMORE,2020,51,24.700000
BALTIMORE,2020,50,22.000000
BALTIMORE,2020,49,22.000000
BALTIMORE,2020,48,
BALTIMORE,2020,47,
BALTIMORE,2020,46,
BALTIMORE,2020,45,22.500000
BALTIMORE,2020,44,20.750000
BALTIMORE,2020,43,25.875000
BALTIMORE,2020,42,24.666666
BALTIMORE,2020,41,28.125000
BALTIMORE,2020,40,
BALTIMORE,2020,39,
BALTIMORE,2020,38,24.333333
BALTIMORE,2020,37,24.333333
BALTIMORE,2020,36,20.250000
BALTIMORE,2020,35,19.000000
BALTIMORE,2020,34,20.000000
BALTIMORE,2020,33,
BALTIMORE,2020,32,
BALTIMORE,2020,31,27.500000
BALTIMORE,2020,30,20.000000
BALTIMORE,2020,29,24.000000
BALTIMORE,2020,28,24.000000
BALTIMORE,2020,27,23.437500
BALTIMORE,2020,26,
BALTIMORE,2020,25,
BALTIMORE,2020,24,27.900000
BALTIMORE,2020,23,26.583333
BALTIMORE,2020,22,22.375000
BALTIMORE,2020,21,22.375000
BALTIMORE,2020,20,
BALTIMORE,2020,19,
BALTIMORE,2020,18,
BALTIMORE,2020,17,23.600000
BALTIMORE,2020,16,23.600000
BALTIMORE,2020,15,32.625000
BALTIMORE,2020,14,32.833333
BALTIMORE,2020,13,32.833333
BALTIMORE,2020,12,
BALTIMORE,2020,11,
BALTIMORE,2020,10,26.750000
BALTIMORE,2020,9,26.750000
BALTIMORE,2020,8,27.625000
BALTIMORE,2020,7,25.875000
BALTIMORE,2020,6,25.000000
BALTIMORE,2020,5,
BALTIMORE,2020,4,
BALTIMORE,2020,3,24.000000
BALTIMORE,2020,2,23.750000
BOSTON,2020,366,19.000000
BOSTON,2020,365,19.000000
BOSTON,2020,364,19.000000
BOSTON,2020,363,19.000000
BOSTON,2020,362,
BOSTON,2020,361,
BOSTON,2020,360,
BOSTON,2020,359,
BOSTON,2020,358,19.000000
BOSTON,2020,357,19.000000
BOSTON,2020,356,19.500000
BOSTON,2020,355,
BOSTON,2020,354,
BOSTON,2020,353,21.000000
BOSTON,2020,352,21.000000
BOSTON,2020,351,21.000000
BOSTON,2020,350,21.000000
BOSTON,2020,349,
BOSTON,2020,348,
BOSTON,2020,347,
BOSTON,2020,346,20.250000
BOSTON,2020,345,20.250000
BOSTON,2020,344,20.250000
BOSTON,2020,343,20.250000
BOSTON,2020,342,20.250000
BOSTON,2020,341,
BOSTON,2020,340,
BOSTON,2020,339,20.250000
BOSTON,2020,338,20.250000
BOSTON,2020,337,20.250000
BOSTON,2020,336,20.250000
BOSTON,2020,335,20.250000
BOSTON,2020,334,
BOSTON,2020,333,
BOSTON,2020,332,20.250000
BOSTON,2020,331,
BOSTON,2020,330,20.250000
BOSTON,2020,329,20.250000
BOSTON,2020,328,18.166666
BOSTON,2020,327,
BOSTON,2020,326,
BOSTON,2020,325,18.166666
BOSTON,2020,324,18.166666
BOSTON,2020,323,18.166666
BOSTON,2020,322,18.333333
BOSTON,2020,321,18.333333
BOSTON,2020,320,
BOSTON,2020,319,
BOSTON,2020,318,18.333333
BOSTON,2020,317,18.666666
BOSTON,2020,316,
BOSTON,2020,315,19.666666
BOSTON,2020,314,19.666666
BOSTON,2020,313,
BOSTON,2020,312,
BOSTON,2020,311,19.666666
BOSTON,2020,310,19.666666
BOSTON,2020,309,19.166666
BOSTON,2020,308,19.166666
BOSTON,2020,307,19.166666
BOSTON,2020,306,
BOSTON,2020,305,
BOSTON,2020,304,19.166666
BOSTON,2020,303,19.166666
BOSTON,2020,302,19.166666
BOSTON,2020,301,19.166666
BOSTON,2020,300,19.166666
BOSTON,2020,299,
BOSTON,2020,298,
BOSTON,2020,297,19.166666
BOSTON,2020,296,19.166666
BOSTON,2020,295,19.166666
BOSTON,2020,294,19.166666
BOSTON,2020,293,19.500000
BOSTON,2020,292,
BOSTON,2020,291,
BOSTON,2020,290,19.500000
BOSTON,2020,289,19.500000
BOSTON,2020,288,19.500000
BOSTON,2020,287,21.625000
BOSTON,2020,286,
BOSTON,2020,285,
BOSTON,2020,284,
BOSTON,2020,283,21.625000
BOSTON,2020,282,21.625000
BOSTON,2020,281,21.625000
BOSTON,2020,280,21.625000
BOSTON,2020,279,19.500000
BOSTON,2020,278,
BOSTON,2020,277,
BOSTON,2020,276,12.500000
BOSTON,2020,275,12.500000
BOSTON,2020,274,12.500000
BOSTON,2020,273,12.500000
BOSTON,2020,272,12.500000
BOSTON,2020,271,
BOSTON,2020,270,
BOSTON,2020,269,12.500000
BOSTON,2020,268,12.500000
BOSTON,2020,267,12.500000
BOSTON,2020,266,12.500000
BOSTON,2020,265,12.500000
BOSTON,2020,264,
BOSTON,2020,263,
BOSTON,2020,262,12.500000
BOSTON,2020,261,12.500000
BOSTON,2020,260,12.500000
BOSTON,2020,259,12.500000
BOSTON,2020,258,12.500000
BOSTON,2020,257,
BOSTON,2020,256,
BOSTON,2020,255,12.500000
BOSTON,2020,254,12.500000
BOSTON,2020,253,12.500000
BOSTON,2020,252,12.500000
BOSTON,2020,251,
BOSTON,2020,250,
BOSTON,2020,249,
BOSTON,2020,248,12.500000
BOSTON,2020,247,12.500000
BOSTON,2020,246,12.500000
BOSTON,2020,245,12.500000
BOSTON,2020,244,22.785714
BOSTON,2020,243,
BOSTON,2020,242,
BOSTON,2020,241,22.785714
BOSTON,2020,240,22.785714
BOSTON,2020,239,22.785714
BOSTON,2020,238,22.785714
BOSTON,2020,237,22.785714
BOSTON,2020,236,
BOSTON,2020,235,
BOSTON,2020,234,22.785714
BOSTON,2020,233,22.785714
BOSTON,2020,232,22.785714
BOSTON,2020,231,22.785714
BOSTON,2020,230,22.785714
BOSTON,2020,229,
BOSTON,2020,228,
BOSTON,2020,227,22.785714
BOSTON,2020,226,22.785714
BOSTON,2020,225,22.785714
BOSTON,2020,224,22.785714
BOSTON,2020,223,22.785714
BOSTON,2020,222,
BOSTON,2020,221,
BOSTON,2020,220,22.416666
BOSTON,2020,219,22.000000
BOSTON,2020,218,22.000000
BOSTON,2020,217,22.000000
BOSTON,2020,216,22.000000
BOSTON,2020,215,
BOSTON,2020,214,
BOSTON,2020,213,22.000000
BOSTON,2020,212,23.500000
BOSTON,2020,211,23.500000
BOSTON,2020,210,23.500000
BOSTON,2020,209,24.000000
BOSTON,2020,208,
BOSTON,2020,207,
BOSTON,2020,206,24.000000
BOSTON,2020,205,24.000000
BOSTON,2020,204,24.000000
BOSTON,2020,203,24.000000
BOSTON,2020,202,24.000000
BOSTON,2020,201,
BOSTON,2020,200,
BOSTON,2020,199,24.000000
BOSTON,2020,198,23.666666
BOSTON,2020,197,23.666666
BOSTON,2020,196,23.666666
BOSTON,2020,195,21.250000
BOSTON,2020,194,
BOSTON,2020,193,
BOSTON,2020,192,21.250000
BOSTON,2020,191,19.900000
BOSTON,2020,190,19.900000
BOSTON,2020,189,19.200000
BOSTON,2020,188,19.200000
BOSTON,2020,187,
BOSTON,2020,186,
BOSTON,2020,185,
BOSTON,2020,184,18.200000
BOSTON,2020,183,18.200000
BOSTON,2020,182,18.200000
BOSTON,2020,181,18.200000
BOSTON,2020,180,
BOSTON,2020,179,
BOSTON,2020,178,18.200000
BOSTON,2020,177,19.416666
BOSTON,2020,176,19.416666
BOSTON,2020,175,19.833333
BOSTON,2020,174,19.833333
BOSTON,2020,173,
BOSTON,2020,172,
BOSTON,2020,171,19.833333
BOSTON,2020,170,19.833333
BOSTON,2020,169,19.833333
BOSTON,2020,168,20.750000
BOSTON,2020,167,20.750000
BOSTON,2020,166,
BOSTON,2020,165,
BOSTON,2020,164,20.750000
BOSTON,2020,163,21.833333
BOSTON,2020,162,21.833333
BOSTON,2020,161,21.833333
BOSTON,2020,160,21.833333
BOSTON,2020,159,
BOSTON,2020,158,
BOSTON,2020,157,21.833333
BOSTON,2020,156,22.166666
BOSTON,2020,155,22.166666
BOSTON,2020,154,22.166666
BOSTON,2020,153,22.166666
BOSTON,2020,152,
BOSTON,2020,151,
BOSTON,2020,150,22.166666
BOSTON,2020,149,22.166666
BOSTON,2020,148,22.166666
BOSTON,2020,147,22.166666
BOSTON,2020,146,
BOSTON,2020,145,
BOSTON,2020,144,
BOSTON,2020,143,22.166666
BOSTON,2020,142,22.875000
BOSTON,2020,141,22.875000
BOSTON,2020,140,22.875000
BOSTON,2020,139,22.875000
BOSTON,2020,138,
BOSTON,2020,137,
BOSTON,2020,136,22.875000
BOSTON,2020,135,22.875000
BOSTON,2020,134,22.875000
BOSTON,2020,133,22.875000
BOSTON,2020,132,22.875000
BOSTON,2020,131,
BOSTON,2020,130,
BOSTON,2020,129,22.875000
BOSTON,2020,128,22.666666
BOSTON,2020,127,22.666666
BOSTON,2020,126,22.666666
BOSTON,2020,125,22.666666
BOSTON,2020,124,
BOSTON,2020,123,
BOSTON,2020,122,22.666666
BOSTON,2020,121,22.666666
BOSTON,2020,120,22.666666
BOSTON,2020,119,22.666666
BOSTON,2020,118,22.666666
BOSTON,2020,117,
BOSTON,2020,116,
BOSTON,2020,115,20.666666
BOSTON,2020,114,20.666666
BOSTON,2020,113,20.666666
BOSTON,2020,112,20.666666
BOSTON,2020,111,20.666666
BOSTON,2020,110,
BOSTON,2020,109,
BOSTON,2020,108,22.000000
BOSTON,2020,107,22.000000
BOSTON,2020,106,22.000000
BOSTON,2020,105,22.000000
BOSTON,2020,104,22.000000
BOSTON,2020,103,
BOSTON,2020,102,
BOSTON,2020,101,21.000000
BOSTON,2020,100,21.666666
BOSTON,2020,99,21.666666
BOSTON,2020,98,25.500000
BOSTON,2020,97,25.500000
BOSTON,2020,96,
BOSTON,2020,95,
BOSTON,2020,94,25.500000
BOSTON,2020,93,25.500000
BOSTON,2020,92,25.500000
BOSTON,2020,91,25.500000
BOSTON,2020,90,25.500000
BOSTON,2020,89,
BOSTON,2020,88,
BOSTON,2020,87,25.500000
BOSTON,2020,86,25.500000
BOSTON,2020,85,25.500000
BOSTON,2020,84,25.500000
BOSTON,2020,83,25.500000
BOSTON,2020,82,
BOSTON,2020,81,
BOSTON,2020,80,25.500000
BOSTON,2020,79,23.500000
BOSTON,2020,78,23.500000
BOSTON,2020,77,23.500000
BOSTON,2020,76,23.500000
BOSTON,2020,75,
BOSTON,2020,74,
BOSTON,2020,73,21.500000
BOSTON,2020,72,21.500000
BOSTON,2020,71,21.500000
BOSTON,2020,70,21.500000
BOSTON,2020,69,21.500000
BOSTON,2020,68,
BOSTON,2020,67,
BOSTON,2020,66,20.900000
BOSTON,2020,65,20.900000
BOSTON,2020,64,20.900000
BOSTON,2020,63,20.900000
BOSTON,2020,62,20.800000
BOSTON,2020,61,
BOSTON,2020,60,
BOSTON,2020,59,19.500000
BOSTON,2020,58,19.500000
BOSTON,2020,57,19.500000
BOSTON,2020,56,19.500000
BOSTON,2020,55,19.500000
BOSTON,2020,54,
BOSTON,2020,53,
BOSTON,2020,52,18.333333
BOSTON,2020,51,18.333333
BOSTON,2020,50,18.333333
BOSTON,2020,49,20.500000
BOSTON,2020,48,
BOSTON,2020,47,
BOSTON,2020,46,
BOSTON,2020,45,18.666666
BOSTON,2020,44,18.666666
BOSTON,2020,43,18.666666
BOSTON,2020,42,18.666666
BOSTON,2020,41,18.666666
BOSTON,2020,40,
BOSTON,2020,39,
BOSTON,2020,38,19.700000
BOSTON,2020,37,19.700000
BOSTON,2020,36,19.700000
BOSTON,2020,35,19.800000
BOSTON,2020,34,19.800000
BOSTON,2020,33,
BOSTON,2020,32,
BOSTON,2020,31,19.800000
BOSTON,2020,30,19.800000
BOSTON,2020,29,19.800000
BOSTON,2020,28,21.250000
BOSTON,2020,27,18.375000
BOSTON,2020,26,
BOSTON,2020,25,
BOSTON,2020,24,18.500000
BOSTON,2020,23,18.500000
BOSTON,2020,22,18.500000
BOSTON,2020,21,18.625000
BOSTON,2020,20,
BOSTON,2020,19,
BOSTON,2020,18,
BOSTON,2020,17,21.166666
BOSTON,2020,16,21.166666
BOSTON,2020,15,21.166666
BOSTON,2020,14,21.875000
BOSTON,2020,13,21.000000
BOSTON,2020,12,
BOSTON,2020,11,
BOSTON,2020,10,21.000000
BOSTON,2020,9,20.666666
BOSTON,2020,8,20.666666
BOSTON,2020,7,20.666666
BOSTON,2020,6,20.666666
BOSTON,2020,5,
BOSTON,2020,4,
BOSTON,2020,3,20.000000
BOSTON,2020,2,20.000000
CHICAGO,2020,366,23.968750
CHICAGO,2020,365,25.031250
CHICAGO,2020,364,25.031250
CHICAGO,2020,363,25.031250
CHICAGO,2020,362,
CHICAGO,2020,361,
CHICAGO,2020,360,
CHICAGO,2020,359,
CHICAGO,2020,358,25.031250
CHICAGO,2020,357,23.937500
CHICAGO,2020,356,23.937500
CHICAGO,2020,355,
CHICAGO,2020,354,
CHICAGO,2020,353,23.937500
CHICAGO,2020,352,25.142857
CHICAGO,2020,351,25.142857
CHICAGO,2020,350,25.142857
CHICAGO,2020,349,23.400000
CHICAGO,2020,348,
CHICAGO,2020,347,
CHICAGO,2020,346,23.400000
CHICAGO,2020,345,25.250000
CHICAGO,2020,344,25.250000
CHICAGO,2020,343,25.250000
CHICAGO,2020,342,26.333333
CHICAGO,2020,341,
CHICAGO,2020,340,
CHICAGO,2020,339,26.333333
CHICAGO,2020,338,21.375000
CHICAGO,2020,337,21.375000
CHICAGO,2020,336,21.375000
CHICAGO,2020,335,23.000000
CHICAGO,2020,334,
CHICAGO,2020,333,
CHICAGO,2020,332,23.000000
CHICAGO,2020,331,
CHICAGO,2020,330,25.500000
CHICAGO,2020,329,25.500000
CHICAGO,2020,328,24.750000
CHICAGO,2020,327,
CHICAGO,2020,326,
CHICAGO,2020,325,24.750000
CHICAGO,2020,324,25.000000
CHICAGO,2020,323,19.000000
CHICAGO,2020,322,19.000000
CHICAGO,2020,321,22.000000
CHICAGO,2020,320,
CHICAGO,2020,319,
CHICAGO,2020,318,22.000000
CHICAGO,2020,317,22.000000
CHICAGO,2020,316,
CHICAGO,2020,315,22.000000
CHICAGO,2020,314,22.000000
CHICAGO,2020,313,
CHICAGO,2020,312,
CHICAGO,2020,311,22.000000
CHICAGO,2020,310,26.125000
CHICAGO,2020,309,26.125000
CHICAGO,2020,308,26.125000
CHICAGO,2020,307,26.125000
CHICAGO,2020,306,
CHICAGO,2020,305,
CHICAGO,2020,304,26.125000
CHICAGO,2020,303,30.312500
CHICAGO,2020,302,30.312500
CHICAGO,2020,301,30.312500
CHICAGO,2020,300,30.312500
CHICAGO,2020,299,
CHICAGO,2020,298,
CHICAGO,2020,297,30.312500
CHICAGO,2020,296,28.500000
CHICAGO,2020,295,22.666666
CHICAGO,2020,294,22.666666
CHICAGO,2020,293,22.666666
CHICAGO,2020,292,
CHICAGO,2020,291,
CHICAGO,2020,290,22.666666
CHICAGO,2020,289,22.666666
CHICAGO,2020,288,22.333333
CHICAGO,2020,287,22.333333
CHICAGO,2020,286,
CHICAGO,2020,285,
CHICAGO,2020,284,
CHICAGO,2020,283,22.333333
CHICAGO,2020,282,22.500000
CHICAGO,2020,281,22.500000
CHICAGO,2020,280,23.750000
CHICAGO,2020,279,23.750000
CHICAGO,2020,278,
CHICAGO,2020,277,
CHICAGO,2020,276,23.750000
CHICAGO,2020,275,27.166666
CHICAGO,2020,274,27.166666
CHICAGO,2020,273,27.166666
CHICAGO,2020,272,26.333333
CHICAGO,2020,271,
CHICAGO,2020,270,
CHICAGO,2020,269,26.333333
CHICAGO,2020,268,23.250000
CHICAGO,2020,267,23.250000
CHICAGO,2020,266,23.250000
CHICAGO,2020,265,23.250000
CHICAGO,2020,264,
CHICAGO,2020,263,
CHICAGO,2020,262,23.250000
CHICAGO,2020,261,23.250000
CHICAGO,2020,260,22.200000
CHICAGO,2020,259,22.200000
CHICAGO,2020,258,22.200000
CHICAGO,2020,257,
CHICAGO,2020,256,
CHICAGO,2020,255,22.200000
CHICAGO,2020,254,22.200000
CHICAGO,2020,253,22.200000
CHICAGO,2020,252,22.200000
CHICAGO,2020,251,
CHICAGO,2020,250,
CHICAGO,2020,249,
CHICAGO,2020,248,22.200000
CHICAGO,2020,247,21.100000
CHICAGO,2020,246,21.100000
CHICAGO,2020,245,21.000000
CHICAGO,2020,244,20.800000
CHICAGO,2020,243,
CHICAGO,2020,242,
CHICAGO,2020,241,20.800000
CHICAGO,2020,240,20.800000
CHICAGO,2020,239,23.750000
CHICAGO,2020,238,23.750000
CHICAGO,2020,237,23.750000
CHICAGO,2020,236,
CHICAGO,2020,235,
CHICAGO,2020,234,23.750000
CHICAGO,2020,233,23.750000
CHICAGO,2020,232,23.750000
CHICAGO,2020,231,24.000000
CHICAGO,2020,230,24.000000
CHICAGO,2020,229,
CHICAGO,2020,228,
CHICAGO,2020,227,24.375000
CHICAGO,2020,226,24.375000
CHICAGO,2020,225,24.625000
CHICAGO,2020,224,24.625000
CHICAGO,2020,223,24.625000
CHICAGO,2020,222,
CHICAGO,2020,221,
CHICAGO,2020,220,24.625000
CHICAGO,2020,219,24.750000
CHICAGO,2020,218,24.250000
CHICAGO,2020,217,24.250000
CHICAGO,2020,216,24.250000
CHICAGO,2020,215,
CHICAGO,2020,214,
CHICAGO,2020,213,25.000000
CHICAGO,2020,212,25.250000
CHICAGO,2020,211,26.000000
CHICAGO,2020,210,26.000000
CHICAGO,2020,209,27.333333
CHICAGO,2020,208,
CHICAGO,2020,207,
CHICAGO,2020,206,27.750000
CHICAGO,2020,205,24.812500
CHICAGO,2020,204,24.812500
CHICAGO,2020,203,24.812500
CHICAGO,2020,202,24.812500
CHICAGO,2020,201,
CHICAGO,2020,200,
CHICAGO,2020,199,24.250000
CHICAGO,2020,198,24.250000
CHICAGO,2020,197,24.250000
CHICAGO,2020,196,24.250000
CHICAGO,2020,195,24.250000
CHICAGO,2020,194,
CHICAGO,2020,193,
CHICAGO,2020,192,24.250000
CHICAGO,2020,191,24.250000
CHICAGO,2020,190,24.250000
CHICAGO,2020,189,24.250000
CHICAGO,2020,188,25.000000
CHICAGO,2020,187,
CHICAGO,2020,186,
CHICAGO,2020,185,
CHICAGO,2020,184,25.000000
CHICAGO,2020,183,26.333333
CHICAGO,2020,182,26.333333
CHICAGO,2020,181,26.333333
CHICAGO,2020,180,
CHICAGO,2020,179,
CHICAGO,2020,178,26.333333
CHICAGO,2020,177,27.250000
CHICAGO,2020,176,27.250000
CHICAGO,2020,175,27.250000
CHICAGO,2020,174,27.250000
CHICAGO,2020,173,
CHICAGO,2020,172,
CHICAGO,2020,171,27.250000
CHICAGO,2020,170,27.250000
CHICAGO,2020,169,27.625000
CHICAGO,2020,168,27.625000
CHICAGO,2020,167,30.125000
CHICAGO,2020,166,
CHICAGO,2020,165,
CHICAGO,2020,164,30.125000
CHICAGO,2020,163,30.125000
CHICAGO,2020,162,30.125000
CHICAGO,2020,161,30.125000
CHICAGO,2020,160,30.125000
CHICAGO,2020,159,
CHICAGO,2020,158,
CHICAGO,2020,157,30.125000
CHICAGO,2020,156,30.125000
CHICAGO,2020,155,30.125000
CHICAGO,2020,154,30.125000
CHICAGO,2020,153,30.125000
CHICAGO,2020,152,
CHICAGO,2020,151,
CHICAGO,2020,150,30.125000
CHICAGO,2020,149,30.125000
CHICAGO,2020,148,30.125000
CHICAGO,2020,147,30.125000
CHICAGO,2020,146,
CHICAGO,2020,145,
CHICAGO,2020,144,
CHICAGO,2020,143,30.125000
CHICAGO,2020,142,30.125000
CHICAGO,2020,141,30.125000
CHICAGO,2020,140,30.125000
CHICAGO,2020,139,30.125000
CHICAGO,2020,138,
CHICAGO,2020,137,
CHICAGO,2020,136,30.125000
CHICAGO,2020,135,30.125000
CHICAGO,2020,134,30.125000
CHICAGO,2020,133,30.125000
CHICAGO,2020,132,30.125000
CHICAGO,2020,131,
CHICAGO,2020,130,
CHICAGO,2020,129,30.125000
CHICAGO,2020,128,30.125000
CHICAGO,2020,127,29.700000
CHICAGO,2020,126,29.700000
CHICAGO,2020,125,29.700000
CHICAGO,2020,124,
CHICAGO,2020,123,
CHICAGO,2020,122,29.700000
CHICAGO,2020,121,29.700000
CHICAGO,2020,120,28.750000
CHICAGO,2020,119,28.750000
CHICAGO,2020,118,28.750000
CHICAGO,2020,117,
CHICAGO,2020,116,
CHICAGO,2020,115,25.750000
CHICAGO,2020,114,26.000000
CHICAGO,2020,113,26.000000
CHICAGO,2020,112,26.000000
CHICAGO,2020,111,26.000000
CHICAGO,2020,110,
CHICAGO,2020,109,
CHICAGO,2020,108,26.000000
CHICAGO,2020,107,26.000000
CHICAGO,2020,106,26.000000
CHICAGO,2020,105,26.000000
CHICAGO,2020,104,23.375000
CHICAGO,2020,103,
CHICAGO,2020,102,
CHICAGO,2020,101,23.375000
CHICAGO,2020,100,23.375000
CHICAGO,2020,99,23.375000
CHICAGO,2020,98,23.375000
CHICAGO,2020,97,23.375000
CHICAGO,2020,96,
CHICAGO,2020,95,
CHICAGO,2020,94,23.375000
CHICAGO,2020,93,23.375000
CHICAGO,2020,92,23.375000
CHICAGO,2020,91,23.375000
CHICAGO,2020,90,23.375000
CHICAGO,2020,89,
CHICAGO,2020,88,
CHICAGO,2020,87,23.375000
CHICAGO,2020,86,23.375000
CHICAGO,2020,85,23.375000
CHICAGO,2020,84,23.375000
CHICAGO,2020,83,23.375000
CHICAGO,2020,82,
CHICAGO,2020,81,
CHICAGO,2020,80,23.375000
CHICAGO,2020,79,23.375000
CHICAGO,2020,78,23.375000
CHICAGO,2020,77,23.375000
CHICAGO,2020,76,23.375000
CHICAGO,2020,75,
CHICAGO,2020,74,
CHICAGO,2020,73,23.375000
CHICAGO,2020,72,23.375000
CHICAGO,2020,71,23.375000
CHICAGO,2020,70,23.375000
CHICAGO,2020,69,23.375000
CHICAGO,2020,68,
CHICAGO,2020,67,
CHICAGO,2020,66,23.375000
CHICAGO,2020,65,23.375000
CHICAGO,2020,64,23.375000
CHICAGO,2020,63,23.375000
CHICAGO,2020,62,23.375000
CHICAGO,2020,61,
CHICAGO,2020,60,
CHICAGO,2020,59,23.375000
CHICAGO,2020,58,23.375000
CHICAGO,2020,57,23.375000
CHICAGO,2020,56,23.375000
CHICAGO,2020,55,23.375000
CHICAGO,2020,54,
CHICAGO,2020,53,
CHICAGO,2020,52,23.375000
CHICAGO,2020,51,26.750000
CHICAGO,2020,50,26.750000
CHICAGO,2020,49,26.750000
CHICAGO,2020,48,
CHICAGO,2020,47,
CHICAGO,2020,46,
CHICAGO,2020,45,26.750000
CHICAGO,2020,44,26.750000
CHICAGO,2020,43,26.750000
CHICAGO,2020,42,26.750000
CHICAGO,2020,41,26.750000
CHICAGO,2020,40,
CHICAGO,2020,39,
CHICAGO,2020,38,26.750000
CHICAGO,2020,37,26.750000
CHICAGO,2020,36,26.750000
CHICAGO,2020,35,26.750000
CHICAGO,2020,34,26.750000
CHICAGO,2020,33,
CHICAGO,2020,32,
CHICAGO,2020,31,26.750000
CHICAGO,2020,30,26.750000
CHICAGO,2020,29,26.750000
CHICAGO,2020,28,26.750000
CHICAGO,2020,27,26.750000
CHICAGO,2020,26,
CHICAGO,2020,25,
CHICAGO,2020,24,26.750000
CHICAGO,2020,23,26.750000
CHICAGO,2020,22,26.750000
CHICAGO,2020,21,26.750000
CHICAGO,2020,20,
CHICAGO,2020,19,
CHICAGO,2020,18,
CHICAGO,2020,17,26.750000
CHICAGO,2020,16,26.750000
CHICAGO,2020,15,26.750000
CHICAGO,2020,14,26.750000
CHICAGO,2020,13,26.750000
CHICAGO,2020,12,
CHICAGO,2020,11,
CHICAGO,2020,10,26.750000
CHICAGO,2020,9,26.750000
CHICAGO,2020,8,24.750000
CHICAGO,2020,7,24.750000
CHICAGO,2020,6,24.750000
CHICAGO,2020,5,
CHICAGO,2020,4,
CHICAGO,2020,3,22.000000
CHICAGO,2020,2,22.000000
COLUMBIA,2020,366,19.166666
COLUMBIA,2020,365,19.166666
COLUMBIA,2020,364,19.166666
COLUMBIA,2020,363,
COLUMBIA,2020,362,
COLUMBIA,2020,361,
COLUMBIA,2020,360,
COLUMBIA,2020,359,
COLUMBIA,2020,358,19.333333
COLUMBIA,2020,357,19.333333
COLUMBIA,2020,356,19.333333
COLUMBIA,2020,355,
COLUMBIA,2020,354,
COLUMBIA,2020,353,20.000000
COLUMBIA,2020,352,20.000000
COLUMBIA,2020,351,20.000000
COLUMBIA,2020,350,20.000000
COLUMBIA,2020,349,20.000000
COLUMBIA,2020,348,
COLUMBIA,2020,347,
COLUMBIA,2020,346,17.833333
COLUMBIA,2020,345,17.833333
COLUMBIA,2020,344,17.833333
COLUMBIA,2020,343,17.833333
COLUMBIA,2020,342,17.833333
COLUMBIA,2020,341,
COLUMBIA,2020,340,
COLUMBIA,2020,339,19.833333
COLUMBIA,2020,338,19.833333
COLUMBIA,2020,337,19.833333
COLUMBIA,2020,336,19.833333
COLUMBIA,2020,335,19.833333
COLUMBIA,2020,334,
COLUMBIA,2020,333,
COLUMBIA,2020,332,
COLUMBIA,2020,331,
COLUMBIA,2020,330,20.833333
COLUMBIA,2020,329,20.833333
COLUMBIA,2020,328,20.833333
COLUMBIA,2020,327,
COLUMBIA,2020,326,
COLUMBIA,2020,325,21.083333
COLUMBIA,2020,324,21.083333
COLUMBIA,2020,323,21.083333
COLUMBIA,2020,322,22.083333
COLUMBIA,2020,321,22.083333
COLUMBIA,2020,320,
COLUMBIA,2020,319,
COLUMBIA,2020,318,22.083333
COLUMBIA,2020,317,22.083333
COLUMBIA,2020,316,
COLUMBIA,2020,315,22.083333
COLUMBIA,2020,314,21.750000
COLUMBIA,2020,313,
COLUMBIA,2020,312,
COLUMBIA,2020,311,22.083333
COLUMBIA,2020,310,22.083333
COLUMBIA,2020,309,22.083333
COLUMBIA,2020,308,22.083333
COLUMBIA,2020,307,22.083333
COLUMBIA,2020,306,
COLUMBIA,2020,305,
COLUMBIA,2020,304,22.000000
COLUMBIA,2020,303,22.333333
COLUMBIA,2020,302,22.333333
COLUMBIA,2020,301,22.333333
COLUMBIA,2020,300,22.333333
COLUMBIA,2020,299,
COLUMBIA,2020,298,
COLUMBIA,2020,297,22.833333
COLUMBIA,2020,296,22.833333
COLUMBIA,2020,295,22.833333
COLUMBIA,2020,294,22.500000
COLUMBIA,2020,293,22.500000
COLUMBIA,2020,292,
COLUMBIA,2020,291,
COLUMBIA,2020,290,22.500000
COLUMBIA,2020,289,21.833333
COLUMBIA,2020,288,21.833333
COLUMBIA,2020,287,21.833333
COLUMBIA,2020,286,21.833333
COLUMBIA,2020,285,
COLUMBIA,2020,284,
COLUMBIA,2020,283,20.875000
COLUMBIA,2020,282,20.875000
COLUMBIA,2020,281,20.875000
COLUMBIA,2020,280,20.875000
COLUMBIA,2020,279,20.875000
COLUMBIA,2020,278,
COLUMBIA,2020,277,
COLUMBIA,2020,276,20.700000
COLUMBIA,2020,275,20.700000
COLUMBIA,2020,274,20.700000
COLUMBIA,2020,273,20.700000
COLUMBIA,2020,272,20.700000
COLUMBIA,2020,271,
COLUMBIA,2020,270,
COLUMBIA,2020,269,20.550000
COLUMBIA,2020,268,20.550000
COLUMBIA,2020,267,20.550000
COLUMBIA,2020,266,20.550000
COLUMBIA,2020,265,20.250000
COLUMBIA,2020,264,
COLUMBIA,2020,263,
COLUMBIA,2020,262,18.000000
COLUMBIA,2020,261,18.000000
COLUMBIA,2020,260,18.000000
COLUMBIA,2020,259,18.000000
COLUMBIA,2020,258,18.000000
COLUMBIA,2020,257,
COLUMBIA,2020,256,
COLUMBIA,2020,255,18.000000
COLUMBIA,2020,254,18.000000
COLUMBIA,2020,253,18.000000
COLUMBIA,2020,252,18.000000
COLUMBIA,2020,251,
COLUMBIA,2020,250,
COLUMBIA,2020,249,
COLUMBIA,2020,248,18.000000
COLUMBIA,2020,247,18.000000
COLUMBIA,2020,246,18.000000
COLUMBIA,2020,245,18.000000
COLUMBIA,2020,244,18.400000
COLUMBIA,2020,243,
COLUMBIA,2020,242,
COLUMBIA,2020,241,19.666666
COLUMBIA,2020,240,19.000000
COLUMBIA,2020,239,19.000000
COLUMBIA,2020,238,19.000000
COLUMBIA,2020,237,19.000000
COLUMBIA,2020,236,
COLUMBIA,2020,235,
COLUMBIA,2020,234,18.833333
COLUMBIA,2020,233,19.600000
COLUMBIA,2020,232,19.600000
COLUMBIA,2020,231,21.200000
COLUMBIA,2020,230,21.000000
COLUMBIA,2020,229,
COLUMBIA,2020,228,
COLUMBIA,2020,227,20.500000
COLUMBIA,2020,226,20.500000
COLUMBIA,2020,225,20.500000
COLUMBIA,2020,224,20.500000
COLUMBIA,2020,223,20.625000
COLUMBIA,2020,222,
COLUMBIA,2020,221,
COLUMBIA,2020,220,20.625000
COLUMBIA,2020,219,20.625000
COLUMBIA,2020,218,20.625000
COLUMBIA,2020,217,20.125000
COLUMBIA,2020,216,20.125000
COLUMBIA,2020,215,
COLUMBIA,2020,214,
COLUMBIA,2020,213,20.125000
COLUMBIA,2020,212,20.125000
COLUMBIA,2020,211,20.125000
COLUMBIA,2020,210,20.125000
COLUMBIA,2020,209,
COLUMBIA,2020,208,
COLUMBIA,2020,207,
COLUMBIA,2020,206,20.125000
COLUMBIA,2020,205,20.125000
COLUMBIA,2020,204,20.125000
COLUMBIA,2020,203,20.125000
COLUMBIA,2020,202,20.125000
COLUMBIA,2020,201,
COLUMBIA,2020,200,
COLUMBIA,2020,199,22.300000
COLUMBIA,2020,198,22.300000
COLUMBIA,2020,197,22.300000
COLUMBIA,2020,196,22.500000
COLUMBIA,2020,195,22.500000
COLUMBIA,2020,194,
COLUMBIA,2020,193,
COLUMBIA,2020,192,22.500000
COLUMBIA,2020,191,22.500000
COLUMBIA,2020,190,22.500000
COLUMBIA,2020,189,22.500000
COLUMBIA,2020,188,22.500000
COLUMBIA,2020,187,
COLUMBIA,2020,186,
COLUMBIA,2020,185,
COLUMBIA,2020,184,22.500000
COLUMBIA,2020,183,22.500000
COLUMBIA,2020,182,22.500000
COLUMBIA,2020,181,22.500000
COLUMBIA,2020,180,
COLUMBIA,2020,179,
COLUMBIA,2020,178,20.166666
COLUMBIA,2020,177,20.166666
COLUMBIA,2020,176,20.166666
COLUMBIA,2020,175,20.166666
COLUMBIA,2020,174,20.166666
COLUMBIA,2020,173,
COLUMBIA,2020,172,
COLUMBIA,2020,171,21.000000
COLUMBIA,2020,170,21.000000
COLUMBIA,2020,169,21.500000
COLUMBIA,2020,168,21.500000
COLUMBIA,2020,167,21.500000
COLUMBIA,2020,166,
COLUMBIA,2020,165,
COLUMBIA,2020,164,20.375000
COLUMBIA,2020,163,20.375000
COLUMBIA,2020,162,20.375000
COLUMBIA,2020,161,20.375000
COLUMBIA,2020,160,21.250000
COLUMBIA,2020,159,
COLUMBIA,2020,158,
COLUMBIA,2020,157,21.250000
COLUMBIA,2020,156,21.250000
COLUMBIA,2020,155,21.250000
COLUMBIA,2020,154,21.250000
COLUMBIA,2020,153,21.250000
COLUMBIA,2020,152,
COLUMBIA,2020,151,
COLUMBIA,2020,150,21.437500
COLUMBIA,2020,149,21.437500
COLUMBIA,2020,148,21.437500
COLUMBIA,2020,147,20.750000
COLUMBIA,2020,146,
COLUMBIA,2020,145,
COLUMBIA,2020,144,
COLUMBIA,2020,143,22.166666
COLUMBIA,2020,142,22.166666
COLUMBIA,2020,141,22.166666
COLUMBIA,2020,140,22.166666
COLUMBIA,2020,139,22.166666
COLUMBIA,2020,138,
COLUMBIA,2020,137,
COLUMBIA,2020,136,22.333333
COLUMBIA,2020,135,22.333333
COLUMBIA,2020,134,22.333333
COLUMBIA,2020,133,22.333333
COLUMBIA,2020,132,
COLUMBIA,2020,131,
COLUMBIA,2020,130,
COLUMBIA,2020,129,22.000000
COLUMBIA,2020,128,22.000000
COLUMBIA,2020,127,22.000000
COLUMBIA,2020,126,22.000000
COLUMBIA,2020,125,22.333333
COLUMBIA,2020,124,
COLUMBIA,2020,123,
COLUMBIA,2020,122,22.666666
COLUMBIA,2020,121,22.666666
COLUMBIA,2020,120,22.666666
COLUMBIA,2020,119,22.666666
COLUMBIA,2020,118,22.666666
COLUMBIA,2020,117,
COLUMBIA,2020,116,
COLUMBIA,2020,115,23.000000
COLUMBIA,2020,114,22.500000
COLUMBIA,2020,113,22.500000
COLUMBIA,2020,112,22.500000
COLUMBIA,2020,111,22.500000
COLUMBIA,2020,110,
COLUMBIA,2020,109,
COLUMBIA,2020,108,21.500000
COLUMBIA,2020,107,21.500000
COLUMBIA,2020,106,21.500000
COLUMBIA,2020,105,21.500000
COLUMBIA,2020,104,21.500000
COLUMBIA,2020,103,
COLUMBIA,2020,102,
COLUMBIA,2020,101,22.333333
COLUMBIA,2020,100,22.333333
COLUMBIA,2020,99,22.333333
COLUMBIA,2020,98,22.333333
COLUMBIA,2020,97,22.333333
COLUMBIA,2020,96,
COLUMBIA,2020,95,
COLUMBIA,2020,94,24.625000
COLUMBIA,2020,93,24.625000
COLUMBIA,2020,92,24.625000
COLUMBIA,2020,91,24.625000
COLUMBIA,2020,90,24.625000
COLUMBIA,2020,89,
COLUMBIA,2020,88,
COLUMBIA,2020,87,24.000000
COLUMBIA,2020,86,24.000000
COLUMBIA,2020,85,24.000000
COLUMBIA,2020,84,24.000000
COLUMBIA,2020,83,24.000000
COLUMBIA,2020,82,
COLUMBIA,2020,81,
COLUMBIA,2020,80,24.000000
COLUMBIA,2020,79,24.000000
COLUMBIA,2020,78,24.000000
COLUMBIA,2020,77,24.000000
COLUMBIA,2020,76,24.000000
COLUMBIA,2020,75,
COLUMBIA,2020,74,
COLUMBIA,2020,73,24.100000
COLUMBIA,2020,72,24.100000
COLUMBIA,2020,71,24.100000
COLUMBIA,2020,70,24.100000
COLUMBIA,2020,69,24.100000
COLUMBIA,2020,68,
COLUMBIA,2020,67,
COLUMBIA,2020,66,24.333333
COLUMBIA,2020,65,24.333333
COLUMBIA,2020,64,24.333333
COLUMBIA,2020,63,24.166666
COLUMBIA,2020,62,24.600000
COLUMBIA,2020,61,
COLUMBIA,2020,60,
COLUMBIA,2020,59,25.800000
COLUMBIA,2020,58,25.800000
COLUMBIA,2020,57,24.800000
COLUMBIA,2020,56,24.800000
COLUMBIA,2020,55,24.800000
COLUMBIA,2020,54,
COLUMBIA,2020,53,
COLUMBIA,2020,52,25.000000
COLUMBIA,2020,51,25.000000
COLUMBIA,2020,50,24.000000
COLUMBIA,2020,49,24.000000
COLUMBIA,2020,48,
COLUMBIA,2020,47,
COLUMBIA,2020,46,
COLUMBIA,2020,45,25.875000
COLUMBIA,2020,44,25.875000
COLUMBIA,2020,43,25.875000
COLUMBIA,2020,42,25.875000
COLUMBIA,2020,41,25.875000
COLUMBIA,2020,40,
COLUMBIA,2020,39,
COLUMBIA,2020,38,23.500000
COLUMBIA,2020,37,23.375000
COLUMBIA,2020,36,22.875000
COLUMBIA,2020,35,22.875000
COLUMBIA,2020,34,22.875000
COLUMBIA,2020,33,
COLUMBIA,2020,32,
COLUMBIA,2020,31,23.375000
COLUMBIA,2020,30,23.375000
COLUMBIA,2020,29,23.375000
COLUMBIA,2020,28,23.375000
COLUMBIA,2020,27,23.375000
COLUMBIA,2020,26,
COLUMBIA,2020,25,
COLUMBIA,2020,24,23.750000
COLUMBIA,2020,23,23.750000
COLUMBIA,2020,22,21.833333
COLUMBIA,2020,21,22.166666
COLUMBIA,2020,20,
COLUMBIA,2020,19,
COLUMBIA,2020,18,
COLUMBIA,2020,17,22.666666
COLUMBIA,2020,16,22.166666
COLUMBIA,2020,15,22.166666
COLUMBIA,2020,14,22.166666
COLUMBIA,2020,13,22.166666
COLUMBIA,2020,12,
COLUMBIA,2020,11,
COLUMBIA,2020,10,22.166666
COLUMBIA,2020,9,22.166666
COLUMBIA,2020,8,22.166666
COLUMBIA,2020,7,22.166666
COLUMBIA,2020,6,22.166666
COLUMBIA,2020,5,
COLUMBIA,2020,4,
COLUMBIA,2020,3,21.375000
COLUMBIA,2020,2,21.375000
LOS ANGELES,2020,366,14.165000
LOS ANGELES,2020,365,14.165000
LOS ANGELES,2020,364,14.165000
LOS ANGELES,2020,363,14.165000
LOS ANGELES,2020,362,
LOS ANGELES,2020,361,
LOS ANGELES,2020,360,
LOS ANGELES,2020,359,
LOS ANGELES,2020,358,14.165000
LOS ANGELES,2020,357,14.165000
LOS ANGELES,2020,356,14.165000
LOS ANGELES,2020,355,
LOS ANGELES,2020,354,
LOS ANGELES,2020,353,14.165000
LOS ANGELES,2020,352,14.325000
LOS ANGELES,2020,351,14.325000
LOS ANGELES,2020,350,14.325000
LOS ANGELES,2020,349,14.325000
LOS ANGELES,2020,348,
LOS ANGELES,2020,347,
LOS ANGELES,2020,346,14.325000
LOS ANGELES,2020,345,14.325000
LOS ANGELES,2020,344,14.325000
LOS ANGELES,2020,343,15.825000
LOS ANGELES,2020,342,15.825000
LOS ANGELES,2020,341,
LOS ANGELES,2020,340,
LOS ANGELES,2020,339,15.825000
LOS ANGELES,2020,338,15.825000
LOS ANGELES,2020,337,22.333333
LOS ANGELES,2020,336,22.333333
LOS ANGELES,2020,335,22.333333
LOS ANGELES,2020,334,
LOS ANGELES,2020,333,
LOS ANGELES,2020,332,22.333333
LOS ANGELES,2020,331,
LOS ANGELES,2020,330,22.333333
LOS ANGELES,2020,329,22.333333
LOS ANGELES,2020,328,22.333333
LOS ANGELES,2020,327,
LOS ANGELES,2020,326,
LOS ANGELES,2020,325,22.333333
LOS ANGELES,2020,324,22.333333
LOS ANGELES,2020,323,22.333333
LOS ANGELES,2020,322,22.333333
LOS ANGELES,2020,321,22.333333
LOS ANGELES,2020,320,
LOS ANGELES,2020,319,
LOS ANGELES,2020,318,22.333333
LOS ANGELES,2020,317,22.333333
LOS ANGELES,2020,316,
LOS ANGELES,2020,315,22.333333
LOS ANGELES,2020,314,22.333333
LOS ANGELES,2020,313,
LOS ANGELES,2020,312,
LOS ANGELES,2020,311,22.333333
LOS ANGELES,2020,310,22.333333
LOS ANGELES,2020,309,22.333333
LOS ANGELES,2020,308,27.250000
LOS ANGELES,2020,307,27.250000
LOS ANGELES,2020,306,
LOS ANGELES,2020,305,
LOS ANGELES,2020,304,27.250000
LOS ANGELES,2020,303,26.875000
LOS ANGELES,2020,302,26.875000
LOS ANGELES,2020,301,26.875000
LOS ANGELES,2020,300,26.875000
LOS ANGELES,2020,299,
LOS ANGELES,2020,298,
LOS ANGELES,2020,297,26.875000
LOS ANGELES,2020,296,26.875000
LOS ANGELES,2020,295,26.875000
LOS ANGELES,2020,294,26.875000
LOS ANGELES,2020,293,26.875000
LOS ANGELES,2020,292,
LOS ANGELES,2020,291,
LOS ANGELES,2020,290,26.875000
LOS ANGELES,2020,289,31.333333
LOS ANGELES,2020,288,31.333333
LOS ANGELES,2020,287,30.666666
LOS ANGELES,2020,286,
LOS ANGELES,2020,285,
LOS ANGELES,2020,284,
LOS ANGELES,2020,283,29.000000
LOS ANGELES,2020,282,29.000000
LOS ANGELES,2020,281,29.000000
LOS ANGELES,2020,280,26.333333
LOS ANGELES,2020,279,26.333333
LOS ANGELES,2020,278,
LOS ANGELES,2020,277,
LOS ANGELES,2020,276,26.333333
LOS ANGELES,2020,275,24.500000
LOS ANGELES,2020,274,24.500000
LOS ANGELES,2020,273,24.500000
LOS ANGELES,2020,272,24.500000
LOS ANGELES,2020,271,
LOS ANGELES,2020,270,
LOS ANGELES,2020,269,24.500000
LOS ANGELES,2020,268,24.500000
LOS ANGELES,2020,267,24.500000
LOS ANGELES,2020,266,24.500000
LOS ANGELES,2020,265,24.500000
LOS ANGELES,2020,264,
LOS ANGELES,2020,263,
LOS ANGELES,2020,262,25.250000
LOS ANGELES,2020,261,25.250000
LOS ANGELES,2020,260,25.250000
LOS ANGELES,2020,259,25.250000
LOS ANGELES,2020,258,25.250000
LOS ANGELES,2020,257,
LOS ANGELES,2020,256,
LOS ANGELES,2020,255,25.250000
LOS ANGELES,2020,254,15.500000
LOS ANGELES,2020,253,15.500000
LOS ANGELES,2020,252,15.500000
LOS ANGELES,2020,251,
LOS ANGELES,2020,250,
LOS ANGELES,2020,249,
LOS ANGELES,2020,248,15.500000
LOS ANGELES,2020,247,11.250000
LOS ANGELES,2020,246,11.250000
LOS ANGELES,2020,245,12.750000
LOS ANGELES,2020,244,12.750000
LOS ANGELES,2020,243,
LOS ANGELES,2020,242,
LOS ANGELES,2020,241,12.750000
LOS ANGELES,2020,240,12.750000
LOS ANGELES,2020,239,12.750000
LOS ANGELES,2020,238,12.750000
LOS ANGELES,2020,237,12.750000
LOS ANGELES,2020,236,
LOS ANGELES,2020,235,
LOS ANGELES,2020,234,12.750000
LOS ANGELES,2020,233,12.750000
LOS ANGELES,2020,232,12.750000
LOS ANGELES,2020,231,12.750000
LOS ANGELES,2020,230,12.750000
LOS ANGELES,2020,229,
LOS ANGELES,2020,228,
LOS ANGELES,2020,227,12.750000
LOS ANGELES,2020,226,12.750000
LOS ANGELES,2020,225,1.890000
LOS ANGELES,2020,224,1.890000
LOS ANGELES,2020,223,1.890000
LOS ANGELES,2020,222,
LOS ANGELES,2020,221,
LOS ANGELES,2020,220,1.890000
LOS ANGELES,2020,219,1.890000
LOS ANGELES,2020,218,1.890000
LOS ANGELES,2020,217,1.890000
LOS ANGELES,2020,216,1.690000
LOS ANGELES,2020,215,
LOS ANGELES,2020,214,
LOS ANGELES,2020,213,1.690000
LOS ANGELES,2020,212,1.690000
LOS ANGELES,2020,211,1.690000
LOS ANGELES,2020,210,1.690000
LOS ANGELES,2020,209,1.690000
LOS ANGELES,2020,208,
LOS ANGELES,2020,207,
LOS ANGELES,2020,206,1.690000
LOS ANGELES,2020,205,1.690000
LOS ANGELES,2020,204,1.690000
LOS ANGELES,2020,203,1.690000
LOS ANGELES,2020,202,1.690000
LOS ANGELES,2020,201,
LOS ANGELES,2020,200,
LOS ANGELES,2020,199,1.690000
LOS ANGELES,2020,198,1.790000
LOS ANGELES,2020,197,1.790000
LOS ANGELES,2020,196,1.790000
LOS ANGELES,2020,195,1.790000
LOS ANGELES,2020,194,
LOS ANGELES,2020,193,
LOS ANGELES,2020,192,1.825000
LOS ANGELES,2020,191,1.825000
LOS ANGELES,2020,190,1.825000
LOS ANGELES,2020,189,1.825000
LOS ANGELES,2020,188,
LOS ANGELES,2020,187,
LOS ANGELES,2020,186,
LOS ANGELES,2020,185,
LOS ANGELES,2020,184,1.825000
LOS ANGELES,2020,183,1.825000
LOS ANGELES,2020,182,1.825000
LOS ANGELES,2020,181,1.825000
LOS ANGELES,2020,180,
LOS ANGELES,2020,179,
LOS ANGELES,2020,178,1.825000
LOS ANGELES,2020,177,1.825000
LOS ANGELES,2020,176,1.825000
LOS ANGELES,2020,175,1.850000
LOS ANGELES,2020,174,1.850000
LOS ANGELES,2020,173,
LOS ANGELES,2020,172,
LOS ANGELES,2020,171,1.850000
LOS ANGELES,2020,170,1.850000
LOS ANGELES,2020,169,1.850000
LOS ANGELES,2020,168,1.850000
LOS ANGELES,2020,167,1.850000
LOS ANGELES,2020,166,
LOS ANGELES,2020,165,
LOS ANGELES,2020,164,1.850000
LOS ANGELES,2020,163,1.850000
LOS ANGELES,2020,162,1.850000
LOS ANGELES,2020,161,1.850000
LOS ANGELES,2020,160,1.850000
LOS ANGELES,2020,159,
LOS ANGELES,2020,158,
LOS ANGELES,2020,157,1.850000
LOS ANGELES,2020,156,1.850000
LOS ANGELES,2020,155,1.850000
LOS ANGELES,2020,154,1.850000
LOS ANGELES,2020,153,1.850000
LOS ANGELES,2020,152,
LOS ANGELES,2020,151,
LOS ANGELES,2020,150,1.850000
LOS ANGELES,2020,149,1.850000
LOS ANGELES,2020,148,1.850000
LOS ANGELES,2020,147,1.850000
LOS ANGELES,2020,146,
LOS ANGELES,2020,145,
LOS ANGELES,2020,144,
LOS ANGELES,2020,143,1.850000
LOS ANGELES,2020,142,1.850000
LOS ANGELES,2020,141,1.850000
LOS ANGELES,2020,140,1.850000
LOS ANGELES,2020,139,1.850000
LOS ANGELES,2020,138,
LOS ANGELES,2020,137,
LOS ANGELES,2020,136,0.970000
LOS ANGELES,2020,135,0.970000
LOS ANGELES,2020,134,0.970000
LOS ANGELES,2020,133,0.970000
LOS ANGELES,2020,132,0.970000
LOS ANGELES,2020,131,
LOS ANGELES,2020,130,
LOS ANGELES,2020,129,0.970000
LOS ANGELES,2020,128,0.970000
LOS ANGELES,2020,127,0.970000
LOS ANGELES,2020,126,0.970000
LOS ANGELES,2020,125,0.970000
LOS ANGELES,2020,124,
LOS ANGELES,2020,123,
LOS ANGELES,2020,122,0.970000
LOS ANGELES,2020,121,0.970000
LOS ANGELES,2020,120,1.002000
LOS ANGELES,2020,119,1.160000
LOS ANGELES,2020,118,1.200000
LOS ANGELES,2020,117,
LOS ANGELES,2020,116,
LOS ANGELES,2020,115,1.200000
LOS ANGELES,2020,114,1.200000
LOS ANGELES,2020,113,1.200000
LOS ANGELES,2020,112,1.200000
LOS ANGELES,2020,111,1.200000
LOS ANGELES,2020,110,
LOS ANGELES,2020,109,
LOS ANGELES,2020,108,1.100000
LOS ANGELES,2020,107,1.100000
LOS ANGELES,2020,106,1.100000
LOS ANGELES,2020,105,1.100000
LOS ANGELES,2020,104,1.100000
LOS ANGELES,2020,103,
LOS ANGELES,2020,102,
LOS ANGELES,2020,101,0.960000
LOS ANGELES,2020,100,0.960000
LOS ANGELES,2020,99,0.960000
LOS ANGELES,2020,98,0.960000
LOS ANGELES,2020,97,1.000000
LOS ANGELES,2020,96,
LOS ANGELES,2020,95,
LOS ANGELES,2020,94,1.000000
LOS ANGELES,2020,93,1.000000
LOS ANGELES,2020,92,1.000000
LOS ANGELES,2020,91,1.000000
LOS ANGELES,2020,90,1.040000
LOS ANGELES,2020,89,
LOS ANGELES,2020,88,
LOS ANGELES,2020,87,1.080000
LOS ANGELES,2020,86,1.080000
LOS ANGELES,2020,85,1.080000
LOS ANGELES,2020,84,1.010000
LOS ANGELES,2020,83,1.230000
LOS ANGELES,2020,82,
LOS ANGELES,2020,81,
LOS ANGELES,2020,80,1.230000
LOS ANGELES,2020,79,1.230000
LOS ANGELES,2020,78,1.114000
LOS ANGELES,2020,77,1.114000
LOS ANGELES,2020,76,0.954000
LOS ANGELES,2020,75,
LOS ANGELES,2020,74,
LOS ANGELES,2020,73,0.954000
LOS ANGELES,2020,72,0.930000
LOS ANGELES,2020,71,0.930000
LOS ANGELES,2020,70,0.930000
LOS ANGELES,2020,69,0.930000
LOS ANGELES,2020,68,
LOS ANGELES,2020,67,
LOS ANGELES,2020,66,0.930000
LOS ANGELES,2020,65,0.930000
LOS ANGELES,2020,64,0.930000
LOS ANGELES,2020,63,0.930000
LOS ANGELES,2020,62,0.930000
LOS ANGELES,2020,61,
LOS ANGELES,2020,60,
LOS ANGELES,2020,59,0.930000
LOS ANGELES,2020,58,0.930000
LOS ANGELES,2020,57,0.930000
LOS ANGELES,2020,56,0.930000
LOS ANGELES,2020,55,0.930000
LOS ANGELES,2020,54,
LOS ANGELES,2020,53,
LOS ANGELES,2020,52,0.930000
LOS ANGELES,2020,51,0.930000
LOS ANGELES,2020,50,0.890000
LOS ANGELES,2020,49,0.890000
LOS ANGELES,2020,48,
LOS ANGELES,2020,47,
LOS ANGELES,2020,46,
LOS ANGELES,2020,45,0.930000
LOS ANGELES,2020,44,0.954000
LOS ANGELES,2020,43,0.954000
LOS ANGELES,2020,42,0.954000
LOS ANGELES,2020,41,0.954000
LOS ANGELES,2020,40,
LOS ANGELES,2020,39,
LOS ANGELES,2020,38,0.930000
LOS ANGELES,2020,37,0.896000
LOS ANGELES,2020,36,0.896000
LOS ANGELES,2020,35,0.896000
LOS ANGELES,2020,34,0.896000
LOS ANGELES,2020,33,
LOS ANGELES,2020,32,
LOS ANGELES,2020,31,0.930000
LOS ANGELES,2020,30,0.930000
LOS ANGELES,2020,29,0.930000
LOS ANGELES,2020,28,0.930000
LOS ANGELES,2020,27,0.930000
LOS ANGELES,2020,26,
LOS ANGELES,2020,25,
LOS ANGELES,2020,24,0.930000
LOS ANGELES,2020,23,0.930000
LOS ANGELES,2020,22,0.930000
LOS ANGELES,2020,21,0.930000
LOS ANGELES,2020,20,
LOS ANGELES,2020,19,
LOS ANGELES,2020,18,
LOS ANGELES,2020,17,0.930000
LOS ANGELES,2020,16,0.930000
LOS ANGELES,2020,15,0.930000
LOS ANGELES,2020,14,0.970000
LOS ANGELES,2020,13,0.970000
LOS ANGELES,2020,12,
LOS ANGELES,2020,11,
LOS ANGELES,2020,10,0.970000
LOS ANGELES,2020,9,0.970000
LOS ANGELES,2020,8,0.940000
LOS ANGELES,2020,7,0.940000
LOS ANGELES,2020,6,0.860000
LOS ANGELES,2020,5,
LOS ANGELES,2020,4,
LOS ANGELES,2020,3,0.860000
LOS ANGELES,2020,2,0.860000
MIAMI,2020,366,22.000000
MIAMI,2020,365,22.000000
MIAMI,2020,364,22.000000
MIAMI,2020,363,22.000000
MIAMI,2020,362,
MIAMI,2020,361,
MIAMI,2020,360,
MIAMI,2020,359,
MIAMI,2020,358,22.333333
MIAMI,2020,357,22.333333
MIAMI,2020,356,22.333333
MIAMI,2020,355,
MIAMI,2020,354,
MIAMI,2020,353,22.333333
MIAMI,2020,352,22.333333
MIAMI,2020,351,21.500000
MIAMI,2020,350,21.500000
MIAMI,2020,349,21.500000
MIAMI,2020,348,
MIAMI,2020,347,
MIAMI,2020,346,21.500000
MIAMI,2020,345,21.500000
MIAMI,2020,344,21.500000
MIAMI,2020,343,21.500000
MIAMI,2020,342,21.500000
MIAMI,2020,341,
MIAMI,2020,340,
MIAMI,2020,339,25.750000
MIAMI,2020,338,25.750000
MIAMI,2020,337,25.750000
MIAMI,2020,336,25.750000
MIAMI,2020,335,25.750000
MIAMI,2020,334,
MIAMI,2020,333,
MIAMI,2020,332,25.750000
MIAMI,2020,331,
MIAMI,2020,330,25.750000
MIAMI,2020,329,25.750000
MIAMI,2020,328,25.750000
MIAMI,2020,327,
MIAMI,2020,326,
MIAMI,2020,325,25.750000
MIAMI,2020,324,25.750000
MIAMI,2020,323,25.750000
MIAMI,2020,322,25.750000
MIAMI,2020,321,25.750000
MIAMI,2020,320,
MIAMI,2020,319,
MIAMI,2020,318,25.750000
MIAMI,2020,317,25.750000
MIAMI,2020,316,
MIAMI,2020,315,25.750000
MIAMI,2020,314,25.750000
MIAMI,2020,313,
MIAMI,2020,312,
MIAMI,2020,311,25.750000
MIAMI,2020,310,25.750000
MIAMI,2020,309,25.750000
MIAMI,2020,308,25.750000
MIAMI,2020,307,25.750000
MIAMI,2020,306,
MIAMI,2020,305,
MIAMI,2020,304,25.750000
MIAMI,2020,303,25.750000
MIAMI,2020,302,25.750000
MIAMI,2020,301,25.750000
MIAMI,2020,300,25.750000
MIAMI,2020,299,
MIAMI,2020,298,
MIAMI,2020,297,25.750000
MIAMI,2020,296,25.750000
MIAMI,2020,295,25.750000
MIAMI,2020,294,25.750000
MIAMI,2020,293,25.750000
MIAMI,2020,292,
MIAMI,2020,291,
MIAMI,2020,290,25.750000
MIAMI,2020,289,25.750000
MIAMI,2020,288,25.750000
MIAMI,2020,287,25.750000
MIAMI,2020,286,
MIAMI,2020,285,
MIAMI,2020,284,
MIAMI,2020,283,25.750000
MIAMI,2020,282,25.750000
MIAMI,2020,281,25.750000
MIAMI,2020,280,25.750000
MIAMI,2020,279,25.750000
MIAMI,2020,278,
MIAMI,2020,277,
MIAMI,2020,276,25.750000
MIAMI,2020,275,25.750000
MIAMI,2020,274,25.750000
MIAMI,2020,273,25.750000
MIAMI,2020,272,25.750000
MIAMI,2020,271,
MIAMI,2020,270,
MIAMI,2020,269,25.750000
MIAMI,2020,268,25.750000
MIAMI,2020,267,25.750000
MIAMI,2020,266,25.750000
MIAMI,2020,265,25.750000
MIAMI,2020,264,
MIAMI,2020,263,
MIAMI,2020,262,25.750000
MIAMI,2020,261,25.750000
MIAMI,2020,260,25.750000
MIAMI,2020,259,28.500000
MIAMI,2020,258,28.500000
MIAMI,2020,257,
MIAMI,2020,256,
MIAMI,2020,255,28.500000
MIAMI,2020,254,28.500000
MIAMI,2020,253,28.500000
MIAMI,2020,252,28.500000
MIAMI,2020,251,
MIAMI,2020,250,
MIAMI,2020,249,
MIAMI,2020,248,28.500000
MIAMI,2020,247,29.000000
MIAMI,2020,246,29.000000
MIAMI,2020,245,29.000000
MIAMI,2020,244,29.000000
MIAMI,2020,243,
MIAMI,2020,242,
MIAMI,2020,241,29.000000
MIAMI,2020,240,29.000000
MIAMI,2020,239,29.000000
MIAMI,2020,238,29.000000
MIAMI,2020,237,29.000000
MIAMI,2020,236,
MIAMI,2020,235,
MIAMI,2020,234,29.000000
MIAMI,2020,233,29.000000
MIAMI,2020,232,29.000000
MIAMI,2020,231,29.000000
MIAMI,2020,230,29.000000
MIAMI,2020,229,
MIAMI,2020,228,
MIAMI,2020,227,29.000000
MIAMI,2020,226,29.000000
MIAMI,2020,225,29.000000
MIAMI,2020,224,29.000000
MIAMI,2020,223,29.000000
MIAMI,2020,222,
MIAMI,2020,221,
MIAMI,2020,220,29.000000
MIAMI,2020,219,29.000000
MIAMI,2020,218,29.000000
MIAMI,2020,217,29.000000
MIAMI,2020,216,29.000000
MIAMI,2020,215,
MIAMI,2020,214,
MIAMI,2020,213,29.000000
MIAMI,2020,212,29.000000
MIAMI,2020,211,29.000000
MIAMI,2020,210,29.000000
MIAMI,2020,209,29.000000
MIAMI,2020,208,
MIAMI,2020,207,
MIAMI,2020,206,29.000000
MIAMI,2020,205,29.000000
MIAMI,2020,204,29.000000
MIAMI,2020,203,29.000000
MIAMI,2020,202,29.000000
MIAMI,2020,201,
MIAMI,2020,200,
MIAMI,2020,199,29.000000
MIAMI,2020,198,29.000000
MIAMI,2020,197,29.000000
MIAMI,2020,196,29.000000
MIAMI,2020,195,29.000000
MIAMI,2020,194,
MIAMI,2020,193,
MIAMI,2020,192,29.000000
MIAMI,2020,191,26.000000
MIAMI,2020,190,26.000000
MIAMI,2020,189,26.000000
MIAMI,2020,188,26.000000
MIAMI,2020,187,
MIAMI,2020,186,
MIAMI,2020,185,
MIAMI,2020,184,26.000000
MIAMI,2020,183,26.000000
MIAMI,2020,182,26.000000
MIAMI,2020,181,26.000000
MIAMI,2020,180,
MIAMI,2020,179,
MIAMI,2020,178,26.000000
MIAMI,2020,177,26.000000
MIAMI,2020,176,26.000000
MIAMI,2020,175,26.000000
MIAMI,2020,174,26.000000
MIAMI,2020,173,
MIAMI,2020,172,
MIAMI,2020,171,26.000000
MIAMI,2020,170,26.000000
MIAMI,2020,169,26.000000
MIAMI,2020,168,26.000000
MIAMI,2020,167,26.000000
MIAMI,2020,166,
MIAMI,2020,165,
MIAMI,2020,164,26.000000
MIAMI,2020,163,26.000000
MIAMI,2020,162,26.000000
MIAMI,2020,161,26.000000
MIAMI,2020,160,26.000000
MIAMI,2020,159,
MIAMI,2020,158,
MIAMI,2020,157,26.000000
MIAMI,2020,156,26.000000
MIAMI,2020,155,26.000000
MIAMI,2020,154,26.000000
MIAMI,2020,153,26.000000
MIAMI,2020,152,
MIAMI,2020,151,
MIAMI,2020,150,26.000000
MIAMI,2020,149,26.000000
MIAMI,2020,148,26.000000
MIAMI,2020,147,26.000000
MIAMI,2020,146,
MIAMI,2020,145,
MIAMI,2020,144,
MIAMI,2020,143,26.000000
MIAMI,2020,142,26.000000
MIAMI,2020,141,26.000000
MIAMI,2020,140,26.000000
MIAMI,2020,139,26.000000
MIAMI,2020,138,
MIAMI,2020,137,
MIAMI,2020,136,25.000000
MIAMI,2020,135,25.000000
MIAMI,2020,134,25.000000
MIAMI,2020,133,25.000000
MIAMI,2020,132,25.000000
MIAMI,2020,131,
MIAMI,2020,130,
MIAMI,2020,129,25.000000
MIAMI,2020,128,25.000000
MIAMI,2020,127,25.000000
MIAMI,2020,126,25.000000
MIAMI,2020,125,25.000000
MIAMI,2020,124,
MIAMI,2020,123,
MIAMI,2020,122,25.000000
MIAMI,2020,121,25.000000
MIAMI,2020,120,25.000000
MIAMI,2020,119,25.000000
MIAMI,2020,118,25.000000
MIAMI,2020,117,
MIAMI,2020,116,
MIAMI,2020,115,25.000000
MIAMI,2020,114,25.000000
MIAMI,2020,113,25.000000
MIAMI,2020,112,21.250000
MIAMI,2020,111,21.250000
MIAMI,2020,110,
MIAMI,2020,109,
MIAMI,2020,108,21.250000
MIAMI,2020,107,21.250000
MIAMI,2020,106,21.250000
MIAMI,2020,105,21.250000
MIAMI,2020,104,21.250000
MIAMI,2020,103,
MIAMI,2020,102,
MIAMI,2020,101,21.250000
MIAMI,2020,100,21.250000
MIAMI,2020,99,21.250000
MIAMI,2020,98,21.250000
MIAMI,2020,97,21.250000
MIAMI,2020,96,
MIAMI,2020,95,
MIAMI,2020,94,21.250000
MIAMI,2020,93,21.250000
MIAMI,2020,92,21.250000
MIAMI,2020,91,21.250000
MIAMI,2020,90,21.250000
MIAMI,2020,89,
MIAMI,2020,88,
MIAMI,2020,87,21.250000
MIAMI,2020,86,21.250000
MIAMI,2020,85,21.250000
MIAMI,2020,84,21.250000
MIAMI,2020,83,21.250000
MIAMI,2020,82,
MIAMI,2020,81,
MIAMI,2020,80,21.250000
MIAMI,2020,79,21.250000
MIAMI,2020,78,21.250000
MIAMI,2020,77,21.250000
MIAMI,2020,76,21.250000
MIAMI,2020,75,
MIAMI,2020,74,
MIAMI,2020,73,21.250000
MIAMI,2020,72,21.250000
MIAMI,2020,71,21.250000
MIAMI,2020,70,21.250000
MIAMI,2020,69,21.250000
MIAMI,2020,68,
MIAMI,2020,67,
MIAMI,2020,66,21.250000
MIAMI,2020,65,21.250000
MIAMI,2020,64,21.166666
MIAMI,2020,63,21.166666
MIAMI,2020,62,21.166666
MIAMI,2020,61,
MIAMI,2020,60,
MIAMI,2020,59,21.166666
MIAMI,2020,58,21.166666
MIAMI,2020,57,21.166666
MIAMI,2020,56,21.166666
MIAMI,2020,55,21.166666
MIAMI,2020,54,
MIAMI,2020,53,
MIAMI,2020,52,21.166666
MIAMI,2020,51,21.166666
MIAMI,2020,50,21.166666
MIAMI,2020,49,21.166666
MIAMI,2020,48,
MIAMI,2020,47,
MIAMI,2020,46,
MIAMI,2020,45,21.166666
MIAMI,2020,44,21.166666
MIAMI,2020,43,21.166666
MIAMI,2020,42,21.166666
MIAMI,2020,41,21.166666
MIAMI,2020,40,
MIAMI,2020,39,
MIAMI,2020,38,21.166666
MIAMI,2020,37,21.166666
MIAMI,2020,36,21.166666
MIAMI,2020,35,21.166666
MIAMI,2020,34,21.166666
MIAMI,2020,33,
MIAMI,2020,32,
MIAMI,2020,31,21.166666
MIAMI,2020,30,21.166666
MIAMI,2020,29,21.166666
MIAMI,2020,28,21.166666
MIAMI,2020,27,21.166666
MIAMI,2020,26,
MIAMI,2020,25,
MIAMI,2020,24,21.166666
MIAMI,2020,23,21.166666
MIAMI,2020,22,21.166666
MIAMI,2020,21,21.166666
MIAMI,2020,20,
MIAMI,2020,19,
MIAMI,2020,18,
MIAMI,2020,17,22.000000
MIAMI,2020,16,22.000000
MIAMI,2020,15,22.000000
MIAMI,2020,14,22.000000
MIAMI,2020,13,22.000000
MIAMI,2020,12,
MIAMI,2020,11,
MIAMI,2020,10,22.000000
MIAMI,2020,9,21.333333
MIAMI,2020,8,21.333333
MIAMI,2020,7,21.333333
MIAMI,2020,6,21.333333
MIAMI,2020,5,
MIAMI,2020,4,
MIAMI,2020,3,21.333333
MIAMI,2020,2,21.333333
NEW YORK,2020,366,21.125000
NEW YORK,2020,365,21.125000
NEW YORK,2020,364,21.125000
NEW YORK,2020,363,21.250000
NEW YORK,2020,362,
NEW YORK,2020,361,
NEW YORK,2020,360,
NEW YORK,2020,359,
NEW YORK,2020,358,21.750000
NEW YORK,2020,357,21.750000
NEW YORK,2020,356,21.125000
NEW YORK,2020,355,
NEW YORK,2020,354,
NEW YORK,2020,353,21.125000
NEW YORK,2020,352,20.700000
NEW YORK,2020,351,21.000000
NEW YORK,2020,350,21.000000
NEW YORK,2020,349,22.625000
NEW YORK,2020,348,
NEW YORK,2020,347,
NEW YORK,2020,346,21.900000
NEW YORK,2020,345,21.900000
NEW YORK,2020,344,20.250000
NEW YORK,2020,343,20.250000
NEW YORK,2020,342,19.285714
NEW YORK,2020,341,
NEW YORK,2020,340,
NEW YORK,2020,339,21.000000
NEW YORK,2020,338,21.000000
NEW YORK,2020,337,20.625000
NEW YORK,2020,336,20.125000
NEW YORK,2020,335,20.333333
NEW YORK,2020,334,
NEW YORK,2020,333,
NEW YORK,2020,332,
NEW YORK,2020,331,
NEW YORK,2020,330,20.200000
NEW YORK,2020,329,22.250000
NEW YORK,2020,328,25.000000
NEW YORK,2020,327,
NEW YORK,2020,326,
NEW YORK,2020,325,21.625000
NEW YORK,2020,324,21.625000
NEW YORK,2020,323,21.375000
NEW YORK,2020,322,21.375000
NEW YORK,2020,321,22.000000
NEW YORK,2020,320,
NEW YORK,2020,319,
NEW YORK,2020,318,22.500000
NEW YORK,2020,317,22.333333
NEW YORK,2020,316,
NEW YORK,2020,315,20.700000
NEW YORK,2020,314,18.333333
NEW YORK,2020,313,
NEW YORK,2020,312,
NEW YORK,2020,311,18.000000
NEW YORK,2020,310,20.333333
NEW YORK,2020,309,20.500000
NEW YORK,2020,308,21.500000
NEW YORK,2020,307,18.000000
NEW YORK,2020,306,
NEW YORK,2020,305,
NEW YORK,2020,304,19.500000
NEW YORK,2020,303,22.333333
NEW YORK,2020,302,24.750000
NEW YORK,2020,301,24.750000
NEW YORK,2020,300,22.000000
NEW YORK,2020,299,
NEW YORK,2020,298,
NEW YORK,2020,297,22.666666
NEW YORK,2020,296,22.750000
NEW YORK,2020,295,22.500000
NEW YORK,2020,294,22.500000
NEW YORK,2020,293,20.000000
NEW YORK,2020,292,
NEW YORK,2020,291,
NEW YORK,2020,290,24.600000
NEW YORK,2020,289,24.400000
NEW YORK,2020,288,24.100000
NEW YORK,2020,287,23.625000
NEW YORK,2020,286,
NEW YORK,2020,285,
NEW YORK,2020,284,
NEW YORK,2020,283,24.000000
NEW YORK,2020,282,24.500000
NEW YORK,2020,281,24.000000
NEW YORK,2020,280,19.000000
NEW YORK,2020,279,15.250000
NEW YORK,2020,278,
NEW YORK,2020,277,
NEW YORK,2020,276,20.857142
NEW YORK,2020,275,20.857142
NEW YORK,2020,274,18.800000
NEW YORK,2020,273,16.333333
NEW YORK,2020,272,16.500000
NEW YORK,2020,271,
NEW YORK,2020,270,
NEW YORK,2020,269,19.500000
NEW YORK,2020,268,18.125000
NEW YORK,2020,267,17.750000
NEW YORK,2020,266,17.166666
NEW YORK,2020,265,17.166666
NEW YORK,2020,264,
NEW YORK,2020,263,
NEW YORK,2020,262,18.900000
NEW YORK,2020,261,19.416666
NEW YORK,2020,260,18.625000
NEW YORK,2020,259,18.625000
NEW YORK,2020,258,17.166666
NEW YORK,2020,257,
NEW YORK,2020,256,
NEW YORK,2020,255,15.625000
NEW YORK,2020,254,15.625000
NEW YORK,2020,253,15.625000
NEW YORK,2020,252,15.625000
NEW YORK,2020,251,
NEW YORK,2020,250,
NEW YORK,2020,249,
NEW YORK,2020,248,16.625000
NEW YORK,2020,247,17.000000
NEW YORK,2020,246,16.500000
NEW YORK,2020,245,16.875000
NEW YORK,2020,244,16.875000
NEW YORK,2020,243,
NEW YORK,2020,242,
NEW YORK,2020,241,15.500000
NEW YORK,2020,240,16.687500
NEW YORK,2020,239,16.812500
NEW YORK,2020,238,16.812500
NEW YORK,2020,237,17.785714
NEW YORK,2020,236,
NEW YORK,2020,235,
NEW YORK,2020,234,18.714285
NEW YORK,2020,233,19.250000
NEW YORK,2020,232,19.833333
NEW YORK,2020,231,19.500000
NEW YORK,2020,230,19.750000
NEW YORK,2020,229,
NEW YORK,2020,228,
NEW YORK,2020,227,19.111111
NEW YORK,2020,226,19.333333
NEW YORK,2020,225,19.222222
NEW YORK,2020,224,20.000000
NEW YORK,2020,223,19.714285
NEW YORK,2020,222,
NEW YORK,2020,221,
NEW YORK,2020,220,18.312500
NEW YORK,2020,219,18.312500
NEW YORK,2020,218,19.000000
NEW YORK,2020,217,19.428571
NEW YORK,2020,216,19.142857
NEW YORK,2020,215,
NEW YORK,2020,214,
NEW YORK,2020,213,19.333333
NEW YORK,2020,212,18.000000
NEW YORK,2020,211,18.200000
NEW YORK,2020,210,18.600000
NEW YORK,2020,209,18.400000
NEW YORK,2020,208,
NEW YORK,2020,207,
NEW YORK,2020,206,15.250000
NEW YORK,2020,205,15.250000
NEW YORK,2020,204,14.357142
NEW YORK,2020,203,16.142857
NEW YORK,2020,202,17.083333
NEW YORK,2020,201,
NEW YORK,2020,200,
NEW YORK,2020,199,16.375000
NEW YORK,2020,198,16.375000
NEW YORK,2020,197,16.375000
NEW YORK,2020,196,16.375000
NEW YORK,2020,195,16.750000
NEW YORK,2020,194,
NEW YORK,2020,193,
NEW YORK,2020,192,21.722222
NEW YORK,2020,191,20.318181
NEW YORK,2020,190,20.318181
NEW YORK,2020,189,19.050000
NEW YORK,2020,188,18.222222
NEW YORK,2020,187,
NEW YORK,2020,186,
NEW YORK,2020,185,
NEW YORK,2020,184,15.666666
NEW YORK,2020,183,15.750000
NEW YORK,2020,182,15.550000
NEW YORK,2020,181,16.375000
NEW YORK,2020,180,
NEW YORK,2020,179,
NEW YORK,2020,178,17.285714
NEW YORK,2020,177,17.285714
NEW YORK,2020,176,17.000000
NEW YORK,2020,175,15.777777
NEW YORK,2020,174,16.111111
NEW YORK,2020,173,
NEW YORK,2020,172,
NEW YORK,2020,171,15.444444
NEW YORK,2020,170,13.346153
NEW YORK,2020,169,13.416666
NEW YORK,2020,168,16.111111
NEW YORK,2020,167,15.500000
NEW YORK,2020,166,
NEW YORK,2020,165,
NEW YORK,2020,164,20.111111
NEW YORK,2020,163,18.727272
NEW YORK,2020,162,16.750000
NEW YORK,2020,161,18.833333
NEW YORK,2020,160,15.875000
NEW YORK,2020,159,
NEW YORK,2020,158,
NEW YORK,2020,157,17.571428
NEW YORK,2020,156,18.333333
NEW YORK,2020,155,18.333333
NEW YORK,2020,154,19.142857
NEW YORK,2020,153,19.142857
NEW YORK,2020,152,
NEW YORK,2020,151,
NEW YORK,2020,150,18.888888
NEW YORK,2020,149,18.375000
NEW YORK,2020,148,19.750000
NEW YORK,2020,147,19.333333
NEW YORK,2020,146,
NEW YORK,2020,145,
NEW YORK,2020,144,
NEW YORK,2020,143,18.857142
NEW YORK,2020,142,18.857142
NEW YORK,2020,141,19.333333
NEW YORK,2020,140,19.333333
NEW YORK,2020,139,19.200000
NEW YORK,2020,138,
NEW YORK,2020,137,
NEW YORK,2020,136,19.200000
NEW YORK,2020,135,19.200000
NEW YORK,2020,134,19.200000
NEW YORK,2020,133,19.200000
NEW YORK,2020,132,19.200000
NEW YORK,2020,131,
NEW YORK,2020,130,
NEW YORK,2020,129,18.500000
NEW YORK,2020,128,18.500000
NEW YORK,2020,127,18.500000
NEW YORK,2020,126,18.500000
NEW YORK,2020,125,18.500000
NEW YORK,2020,124,
NEW YORK,2020,123,
NEW YORK,2020,122,14.833333
NEW YORK,2020,121,14.833333
NEW YORK,2020,120,14.833333
NEW YORK,2020,119,14.833333
NEW YORK,2020,118,14.833333
NEW YORK,2020,117,
NEW YORK,2020,116,
NEW YORK,2020,115,19.333333
NEW YORK,2020,114,19.333333
NEW YORK,2020,113,19.333333
NEW YORK,2020,112,19.250000
NEW YORK,2020,111,19.000000
NEW YORK,2020,110,
NEW YORK,2020,109,
NEW YORK,2020,108,21.166666
NEW YORK,2020,107,21.166666
NEW YORK,2020,106,21.166666
NEW YORK,2020,105,19.900000
NEW YORK,2020,104,
NEW YORK,2020,103,
NEW YORK,2020,102,
NEW YORK,2020,101,20.083333
NEW YORK,2020,100,20.083333
NEW YORK,2020,99,20.083333
NEW YORK,2020,98,20.083333
NEW YORK,2020,97,20.083333
NEW YORK,2020,96,
NEW YORK,2020,95,
NEW YORK,2020,94,19.000000
NEW YORK,2020,93,19.000000
NEW YORK,2020,92,18.000000
NEW YORK,2020,91,19.400000
NEW YORK,2020,90,19.400000
NEW YORK,2020,89,
NEW YORK,2020,88,
NEW YORK,2020,87,15.666666
NEW YORK,2020,86,15.666666
NEW YORK,2020,85,15.666666
NEW YORK,2020,84,15.666666
NEW YORK,2020,83,22.333333
NEW YORK,2020,82,
NEW YORK,2020,81,
NEW YORK,2020,80,22.642857
NEW YORK,2020,79,22.642857
NEW YORK,2020,78,22.083333
NEW YORK,2020,77,22.083333
NEW YORK,2020,76,17.875000
NEW YORK,2020,75,
NEW YORK,2020,74,
NEW YORK,2020,73,18.000000
NEW YORK,2020,72,18.000000
NEW YORK,2020,71,18.000000
NEW YORK,2020,70,18.000000
NEW YORK,2020,69,18.000000
NEW YORK,2020,68,
NEW YORK,2020,67,
NEW YORK,2020,66,18.571428
NEW YORK,2020,65,18.571428
NEW YORK,2020,64,18.571428
NEW YORK,2020,63,18.500000
NEW YORK,2020,62,17.625000
NEW YORK,2020,61,
NEW YORK,2020,60,
NEW YORK,2020,59,21.666666
NEW YORK,2020,58,21.666666
NEW YORK,2020,57,22.714285
NEW YORK,2020,56,22.714285
NEW YORK,2020,55,23.600000
NEW YORK,2020,54,
NEW YORK,2020,53,
NEW YORK,2020,52,22.400000
NEW YORK,2020,51,22.400000
NEW YORK,2020,50,22.600000
NEW YORK,2020,49,22.250000
NEW YORK,2020,48,
NEW YORK,2020,47,
NEW YORK,2020,46,
NEW YORK,2020,45,20.900000
NEW YORK,2020,44,20.900000
NEW YORK,2020,43,22.875000
NEW YORK,2020,42,22.875000
NEW YORK,2020,41,22.875000
NEW YORK,2020,40,
NEW YORK,2020,39,
NEW YORK,2020,38,22.125000
NEW YORK,2020,37,20.000000
NEW YORK,2020,36,19.800000
NEW YORK,2020,35,20.000000
NEW YORK,2020,34,19.750000
NEW YORK,2020,33,
NEW YORK,2020,32,
NEW YORK,2020,31,19.000000
NEW YORK,2020,30,21.500000
NEW YORK,2020,29,21.500000
NEW YORK,2020,28,21.500000
NEW YORK,2020,27,21.500000
NEW YORK,2020,26,
NEW YORK,2020,25,
NEW YORK,2020,24,21.833333
NEW YORK,2020,23,21.833333
NEW YORK,2020,22,21.833333
NEW YORK,2020,21,22.200000
NEW YORK,2020,20,
NEW YORK,2020,19,
NEW YORK,2020,18,
NEW YORK,2020,17,24.300000
NEW YORK,2020,16,24.300000
NEW YORK,2020,15,25.500000
NEW YORK,2020,14,25.500000
NEW YORK,2020,13,25.500000
NEW YORK,2020,12,
NEW YORK,2020,11,
NEW YORK,2020,10,22.916666
NEW YORK,2020,9,22.916666
NEW YORK,2020,8,22.916666
NEW YORK,2020,7,22.916666
NEW YORK,2020,6,19.500000
NEW YORK,2020,5,
NEW YORK,2020,4,
NEW YORK,2020,3,17.750000
NEW YORK,2020,2,17.833333
PHILADELPHIA,2020,366,28.083333
PHILADELPHIA,2020,365,28.083333
PHILADELPHIA,2020,364,28.083333
PHILADELPHIA,2020,363,28.083333
PHILADELPHIA,2020,362,
PHILADELPHIA,2020,361,
PHILADELPHIA,2020,360,
PHILADELPHIA,2020,359,
PHILADELPHIA,2020,358,27.750000
PHILADELPHIA,2020,357,27.750000
PHILADELPHIA,2020,356,28.125000
PHILADELPHIA,2020,355,
PHILADELPHIA,2020,354,
PHILADELPHIA,2020,353,23.250000
PHILADELPHIA,2020,352,23.250000
PHILADELPHIA,2020,351,23.250000
PHILADELPHIA,2020,350,23.250000
PHILADELPHIA,2020,349,23.250000
PHILADELPHIA,2020,348,
PHILADELPHIA,2020,347,
PHILADELPHIA,2020,346,22.300000
PHILADELPHIA,2020,345,22.300000
PHILADELPHIA,2020,344,22.300000
PHILADELPHIA,2020,343,19.125000
PHILADELPHIA,2020,342,19.750000
PHILADELPHIA,2020,341,
PHILADELPHIA,2020,340,
PHILADELPHIA,2020,339,21.000000
PHILADELPHIA,2020,338,21.000000
PHILADELPHIA,2020,337,20.750000
PHILADELPHIA,2020,336,20.750000
PHILADELPHIA,2020,335,20.900000
PHILADELPHIA,2020,334,
PHILADELPHIA,2020,333,
PHILADELPHIA,2020,332,
PHILADELPHIA,2020,331,
PHILADELPHIA,2020,330,21.400000
PHILADELPHIA,2020,329,21.400000
PHILADELPHIA,2020,328,21.400000
PHILADELPHIA,2020,327,
PHILADELPHIA,2020,326,
PHILADELPHIA,2020,325,21.800000
PHILADELPHIA,2020,324,21.800000
PHILADELPHIA,2020,323,21.800000
PHILADELPHIA,2020,322,21.800000
PHILADELPHIA,2020,321,21.000000
PHILADELPHIA,2020,320,
PHILADELPHIA,2020,319,
PHILADELPHIA,2020,318,21.125000
PHILADELPHIA,2020,317,21.125000
PHILADELPHIA,2020,316,
PHILADELPHIA,2020,315,20.833333
PHILADELPHIA,2020,314,26.125000
PHILADELPHIA,2020,313,
PHILADELPHIA,2020,312,
PHILADELPHIA,2020,311,26.125000
PHILADELPHIA,2020,310,26.125000
PHILADELPHIA,2020,309,26.125000
PHILADELPHIA,2020,308,26.125000
PHILADELPHIA,2020,307,26.125000
PHILADELPHIA,2020,306,
PHILADELPHIA,2020,305,
PHILADELPHIA,2020,304,22.700000
PHILADELPHIA,2020,303,22.800000
PHILADELPHIA,2020,302,22.200000
PHILADELPHIA,2020,301,23.100000
PHILADELPHIA,2020,300,23.100000
PHILADELPHIA,2020,299,
PHILADELPHIA,2020,298,
PHILADELPHIA,2020,297,27.250000
PHILADELPHIA,2020,296,27.250000
PHILADELPHIA,2020,295,27.250000
PHILADELPHIA,2020,294,27.250000
PHILADELPHIA,2020,293,30.500000
PHILADELPHIA,2020,292,
PHILADELPHIA,2020,291,
PHILADELPHIA,2020,290,28.625000
PHILADELPHIA,2020,289,28.625000
PHILADELPHIA,2020,288,28.166666
PHILADELPHIA,2020,287,27.750000
PHILADELPHIA,2020,286,
PHILADELPHIA,2020,285,
PHILADELPHIA,2020,284,
PHILADELPHIA,2020,283,16.500000
PHILADELPHIA,2020,282,16.500000
PHILADELPHIA,2020,281,16.750000
PHILADELPHIA,2020,280,16.750000
PHILADELPHIA,2020,279,16.750000
PHILADELPHIA,2020,278,
PHILADELPHIA,2020,277,
PHILADELPHIA,2020,276,18.833333
PHILADELPHIA,2020,275,18.833333
PHILADELPHIA,2020,274,18.833333
PHILADELPHIA,2020,273,18.833333
PHILADELPHIA,2020,272,20.000000
PHILADELPHIA,2020,271,
PHILADELPHIA,2020,270,
PHILADELPHIA,2020,269,18.600000
PHILADELPHIA,2020,268,18.600000
PHILADELPHIA,2020,267,18.600000
PHILADELPHIA,2020,266,18.600000
PHILADELPHIA,2020,265,18.600000
PHILADELPHIA,2020,264,
PHILADELPHIA,2020,263,
PHILADELPHIA,2020,262,16.833333
PHILADELPHIA,2020,261,16.833333
PHILADELPHIA,2020,260,16.833333
PHILADELPHIA,2020,259,15.125000
PHILADELPHIA,2020,258,15.250000
PHILADELPHIA,2020,257,
PHILADELPHIA,2020,256,
PHILADELPHIA,2020,255,15.750000
PHILADELPHIA,2020,254,15.750000
PHILADELPHIA,2020,253,15.750000
PHILADELPHIA,2020,252,17.200000
PHILADELPHIA,2020,251,
PHILADELPHIA,2020,250,
PHILADELPHIA,2020,249,
PHILADELPHIA,2020,248,18.000000
PHILADELPHIA,2020,247,18.000000
PHILADELPHIA,2020,246,18.000000
PHILADELPHIA,2020,245,18.000000
PHILADELPHIA,2020,244,18.000000
PHILADELPHIA,2020,243,
PHILADELPHIA,2020,242,
PHILADELPHIA,2020,241,19.500000
PHILADELPHIA,2020,240,19.500000
PHILADELPHIA,2020,239,19.500000
PHILADELPHIA,2020,238,19.500000
PHILADELPHIA,2020,237,19.375000
PHILADELPHIA,2020,236,
PHILADELPHIA,2020,235,
PHILADELPHIA,2020,234,21.250000
PHILADELPHIA,2020,233,21.250000
PHILADELPHIA,2020,232,20.750000
PHILADELPHIA,2020,231,20.750000
PHILADELPHIA,2020,230,21.500000
PHILADELPHIA,2020,229,
PHILADELPHIA,2020,228,
PHILADELPHIA,2020,227,18.600000
PHILADELPHIA,2020,226,18.600000
PHILADELPHIA,2020,225,18.600000
PHILADELPHIA,2020,224,21.375000
PHILADELPHIA,2020,223,22.375000
PHILADELPHIA,2020,222,
PHILADELPHIA,2020,221,
PHILADELPHIA,2020,220,24.500000
PHILADELPHIA,2020,219,24.500000
PHILADELPHIA,2020,218,24.500000
PHILADELPHIA,2020,217,32.000000
PHILADELPHIA,2020,216,32.000000
PHILADELPHIA,2020,215,
PHILADELPHIA,2020,214,
PHILADELPHIA,2020,213,25.333333
PHILADELPHIA,2020,212,25.333333
PHILADELPHIA,2020,211,25.333333
PHILADELPHIA,2020,210,25.333333
PHILADELPHIA,2020,209,25.666666
PHILADELPHIA,2020,208,
PHILADELPHIA,2020,207,
PHILADELPHIA,2020,206,25.666666
PHILADELPHIA,2020,205,25.666666
PHILADELPHIA,2020,204,25.666666
PHILADELPHIA,2020,203,25.666666
PHILADELPHIA,2020,202,16.750000
PHILADELPHIA,2020,201,
PHILADELPHIA,2020,200,
PHILADELPHIA,2020,199,21.500000
PHILADELPHIA,2020,198,21.500000
PHILADELPHIA,2020,197,23.166666
PHILADELPHIA,2020,196,28.000000
PHILADELPHIA,2020,195,22.000000
PHILADELPHIA,2020,194,
PHILADELPHIA,2020,193,
PHILADELPHIA,2020,192,22.000000
PHILADELPHIA,2020,191,27.875000
PHILADELPHIA,2020,190,27.750000
PHILADELPHIA,2020,189,27.750000
PHILADELPHIA,2020,188,
PHILADELPHIA,2020,187,
PHILADELPHIA,2020,186,
PHILADELPHIA,2020,185,
PHILADELPHIA,2020,184,28.000000
PHILADELPHIA,2020,183,28.000000
PHILADELPHIA,2020,182,22.666666
PHILADELPHIA,2020,181,22.666666
PHILADELPHIA,2020,180,
PHILADELPHIA,2020,179,
PHILADELPHIA,2020,178,21.833333
PHILADELPHIA,2020,177,24.000000
PHILADELPHIA,2020,176,24.000000
PHILADELPHIA,2020,175,24.000000
PHILADELPHIA,2020,174,24.000000
PHILADELPHIA,2020,173,
PHILADELPHIA,2020,172,
PHILADELPHIA,2020,171,25.000000
PHILADELPHIA,2020,170,25.000000
PHILADELPHIA,2020,169,25.000000
PHILADELPHIA,2020,168,25.000000
PHILADELPHIA,2020,167,25.000000
PHILADELPHIA,2020,166,
PHILADELPHIA,2020,165,
PHILADELPHIA,2020,164,25.000000
PHILADELPHIA,2020,163,25.000000
PHILADELPHIA,2020,162,25.000000
PHILADELPHIA,2020,161,24.666666
PHILADELPHIA,2020,160,24.666666
PHILADELPHIA,2020,159,
PHILADELPHIA,2020,158,
PHILADELPHIA,2020,157,24.166666
PHILADELPHIA,2020,156,24.166666
PHILADELPHIA,2020,155,24.333333
PHILADELPHIA,2020,154,24.000000
PHILADELPHIA,2020,153,24.333333
PHILADELPHIA,2020,152,
PHILADELPHIA,2020,151,
PHILADELPHIA,2020,150,22.000000
PHILADELPHIA,2020,149,22.000000
PHILADELPHIA,2020,148,25.500000
PHILADELPHIA,2020,147,25.500000
PHILADELPHIA,2020,146,
PHILADELPHIA,2020,145,
PHILADELPHIA,2020,144,
PHILADELPHIA,2020,143,33.333333
PHILADELPHIA,2020,142,33.333333
PHILADELPHIA,2020,141,33.333333
PHILADELPHIA,2020,140,33.333333
PHILADELPHIA,2020,139,28.750000
PHILADELPHIA,2020,138,
PHILADELPHIA,2020,137,
PHILADELPHIA,2020,136,28.750000
PHILADELPHIA,2020,135,28.750000
PHILADELPHIA,2020,134,28.750000
PHILADELPHIA,2020,133,28.750000
PHILADELPHIA,2020,132,28.250000
PHILADELPHIA,2020,131,
PHILADELPHIA,2020,130,
PHILADELPHIA,2020,129,29.500000
PHILADELPHIA,2020,128,29.500000
PHILADELPHIA,2020,127,29.500000
PHILADELPHIA,2020,126,29.500000
PHILADELPHIA,2020,125,26.000000
PHILADELPHIA,2020,124,
PHILADELPHIA,2020,123,
PHILADELPHIA,2020,122,26.000000
PHILADELPHIA,2020,121,26.000000
PHILADELPHIA,2020,120,26.000000
PHILADELPHIA,2020,119,26.000000
PHILADELPHIA,2020,118,23.000000
PHILADELPHIA,2020,117,
PHILADELPHIA,2020,116,
PHILADELPHIA,2020,115,25.666666
PHILADELPHIA,2020,114,25.666666
PHILADELPHIA,2020,113,25.666666
PHILADELPHIA,2020,112,25.666666
PHILADELPHIA,2020,111,25.666666
PHILADELPHIA,2020,110,
PHILADELPHIA,2020,109,
PHILADELPHIA,2020,108,25.333333
PHILADELPHIA,2020,107,25.333333
PHILADELPHIA,2020,106,25.333333
PHILADELPHIA,2020,105,25.333333
PHILADELPHIA,2020,104,
PHILADELPHIA,2020,103,
PHILADELPHIA,2020,102,
PHILADELPHIA,2020,101,25.333333
PHILADELPHIA,2020,100,25.333333
PHILADELPHIA,2020,99,25.333333
PHILADELPHIA,2020,98,25.333333
PHILADELPHIA,2020,97,25.333333
PHILADELPHIA,2020,96,
PHILADELPHIA,2020,95,
PHILADELPHIA,2020,94,25.333333
PHILADELPHIA,2020,93,25.333333
PHILADELPHIA,2020,92,25.333333
PHILADELPHIA,2020,91,25.333333
PHILADELPHIA,2020,90,25.333333
PHILADELPHIA,2020,89,
PHILADELPHIA,2020,88,
PHILADELPHIA,2020,87,25.500000
PHILADELPHIA,2020,86,25.500000
PHILADELPHIA,2020,85,28.666666
PHILADELPHIA,2020,84,28.666666
PHILADELPHIA,2020,83,28.500000
PHILADELPHIA,2020,82,
PHILADELPHIA,2020,81,
PHILADELPHIA,2020,80,23.166666
PHILADELPHIA,2020,79,23.166666
PHILADELPHIA,2020,78,23.166666
PHILADELPHIA,2020,77,23.166666
PHILADELPHIA,2020,76,23.166666
PHILADELPHIA,2020,75,
PHILADELPHIA,2020,74,
PHILADELPHIA,2020,73,28.250000
PHILADELPHIA,2020,72,28.250000
PHILADELPHIA,2020,71,28.250000
PHILADELPHIA,2020,70,28.250000
PHILADELPHIA,2020,69,27.375000
PHILADELPHIA,2020,68,
PHILADELPHIA,2020,67,
PHILADELPHIA,2020,66,27.375000
PHILADELPHIA,2020,65,27.375000
PHILADELPHIA,2020,64,21.833333
PHILADELPHIA,2020,63,21.833333
PHILADELPHIA,2020,62,25.750000
PHILADELPHIA,2020,61,
PHILADELPHIA,2020,60,
PHILADELPHIA,2020,59,24.250000
PHILADELPHIA,2020,58,24.250000
PHILADELPHIA,2020,57,24.500000
PHILADELPHIA,2020,56,24.500000
PHILADELPHIA,2020,55,24.500000
PHILADELPHIA,2020,54,
PHILADELPHIA,2020,53,
PHILADELPHIA,2020,52,27.500000
PHILADELPHIA,2020,51,27.500000
PHILADELPHIA,2020,50,27.500000
PHILADELPHIA,2020,49,30.000000
PHILADELPHIA,2020,48,
PHILADELPHIA,2020,47,
PHILADELPHIA,2020,46,
PHILADELPHIA,2020,45,28.500000
PHILADELPHIA,2020,44,28.500000
PHILADELPHIA,2020,43,28.500000
PHILADELPHIA,2020,42,28.833333
PHILADELPHIA,2020,41,28.833333
PHILADELPHIA,2020,40,
PHILADELPHIA,2020,39,
PHILADELPHIA,2020,38,23.875000
PHILADELPHIA,2020,37,23.500000
PHILADELPHIA,2020,36,23.500000
PHILADELPHIA,2020,35,23.500000
PHILADELPHIA,2020,34,25.666666
PHILADELPHIA,2020,33,
PHILADELPHIA,2020,32,
PHILADELPHIA,2020,31,25.666666
PHILADELPHIA,2020,30,25.666666
PHILADELPHIA,2020,29,25.666666
PHILADELPHIA,2020,28,30.125000
PHILADELPHIA,2020,27,30.125000
PHILADELPHIA,2020,26,
PHILADELPHIA,2020,25,
PHILADELPHIA,2020,24,30.875000
PHILADELPHIA,2020,23,30.875000
PHILADELPHIA,2020,22,30.875000
PHILADELPHIA,2020,21,24.333333
PHILADELPHIA,2020,20,
PHILADELPHIA,2020,19,
PHILADELPHIA,2020,18,
PHILADELPHIA,2020,17,25.500000
PHILADELPHIA,2020,16,25.500000
PHILADELPHIA,2020,15,25.833333
PHILADELPHIA,2020,14,25.833333
PHILADELPHIA,2020,13,25.666666
PHILADELPHIA,2020,12,
PHILADELPHIA,2020,11,
PHILADELPHIA,2020,10,25.666666
PHILADELPHIA,2020,9,25.666666
PHILADELPHIA,2020,8,25.666666
PHILADELPHIA,2020,7,26.333333
PHILADELPHIA,2020,6,22.500000
PHILADELPHIA,2020,5,
PHILADELPHIA,2020,4,
PHILADELPHIA,2020,3,21.250000
PHILADELPHIA,2020,2,21.250000
BALTIMORE,2019,366,
BALTIMORE,2019,365,24.000000
BALTIMORE,2019,364,20.500000
BALTIMORE,2019,363,
BALTIMORE,2019,362,
BALTIMORE,2019,361,20.000000
BALTIMORE,2019,360,19.750000
BALTIMORE,2019,359,
BALTIMORE,2019,358,
BALTIMORE,2019,357,20.000000
BALTIMORE,2019,356,
BALTIMORE,2019,355,
BALTIMORE,2019,354,22.333333
BALTIMORE,2019,353,22.333333
BALTIMORE,2019,352,23.000000
BALTIMORE,2019,351,21.500000
BALTIMORE,2019,350,21.250000
BALTIMORE,2019,349,
BALTIMORE,2019,348,
BALTIMORE,2019,347,24.200000
BALTIMORE,2019,346,20.600000
BALTIMORE,2019,345,22.083333
BALTIMORE,2019,344,22.083333
BALTIMORE,2019,343,22.083333
BALTIMORE,2019,342,
BALTIMORE,2019,341,
BALTIMORE,2019,340,24.300000
BALTIMORE,2019,339,23.200000
BALTIMORE,2019,338,29.000000
BALTIMORE,2019,337,29.000000
BALTIMORE,2019,336,25.666666
BALTIMORE,2019,335,
BALTIMORE,2019,334,
BALTIMORE,2019,333,21.500000
BALTIMORE,2019,332,
BALTIMORE,2019,331,22.833333
BALTIMORE,2019,330,24.200000
BALTIMORE,2019,329,24.400000
BALTIMORE,2019,328,
BALTIMORE,2019,327,
BALTIMORE,2019,326,26.375000
BALTIMORE,2019,325,26.375000
BALTIMORE,2019,324,24.142857
BALTIMORE,2019,323,23.000000
BALTIMORE,2019,322,22.100000
BALTIMORE,2019,321,
BALTIMORE,2019,320,
BALTIMORE,2019,319,22.375000
BALTIMORE,2019,318,22.300000
BALTIMORE,2019,317,21.666666
BALTIMORE,2019,316,22.000000
BALTIMORE,2019,315,
BALTIMORE,2019,314,
BALTIMORE,2019,313,
BALTIMORE,2019,312,20.500000
BALTIMORE,2019,311,17.000000
BALTIMORE,2019,310,17.000000
BALTIMORE,2019,309,18.750000
BALTIMORE,2019,308,18.750000
BALTIMORE,2019,307,
BALTIMORE,2019,306,
BALTIMORE,2019,305,20.500000
BALTIMORE,2019,304,20.500000
BALTIMORE,2019,303,20.500000
BALTIMORE,2019,302,20.500000
BALTIMORE,2019,301,18.500000
BALTIMORE,2019,300,
BALTIMORE,2019,299,
BALTIMORE,2019,298,18.250000
BALTIMORE,2019,297,16.666666
BALTIMORE,2019,296,16.666666
BALTIMORE,2019,295,16.666666
BALTIMORE,2019,294,16.400000
BALTIMORE,2019,293,
BALTIMORE,2019,292,
BALTIMORE,2019,291,16.900000
BALTIMORE,2019,290,16.900000
BALTIMORE,2019,289,16.928571
BALTIMORE,2019,288,16.928571
BALTIMORE,2019,287,
BALTIMORE,2019,286,
BALTIMORE,2019,285,
BALTIMORE,2019,284,16.785714
BALTIMORE,2019,283,16.750000
BALTIMORE,2019,282,17.400000
BALTIMORE,2019,281,17.400000
BALTIMORE,2019,280,17.375000
BALTIMORE,2019,279,
BALTIMORE,2019,278,
BALTIMORE,2019,277,15.750000
BALTIMORE,2019,276,16.666666
BALTIMORE,2019,275,16.666666
BALTIMORE,2019,274,20.500000
BALTIMORE,2019,273,20.500000
BALTIMORE,2019,272,
BALTIMORE,2019,271,
BALTIMORE,2019,270,20.000000
BALTIMORE,2019,269,20.833333
BALTIMORE,2019,268,21.450000
BALTIMORE,2019,267,21.450000
BALTIMORE,2019,266,21.450000
BALTIMORE,2019,265,
BALTIMORE,2019,264,
BALTIMORE,2019,263,17.833333
BALTIMORE,2019,262,22.625000
BALTIMORE,2019,261,24.000000
BALTIMORE,2019,260,23.625000
BALTIMORE,2019,259,23.625000
BALTIMORE,2019,258,
BALTIMORE,2019,257,
BALTIMORE,2019,256,22.400000
BALTIMORE,2019,255,22.300000
BALTIMORE,2019,254,17.625000
BALTIMORE,2019,253,15.500000
BALTIMORE,2019,252,15.500000
BALTIMORE,2019,251,
BALTIMORE,2019,250,
BALTIMORE,2019,249,19.361111
BALTIMORE,2019,248,19.277777
BALTIMORE,2019,247,18.714285
BALTIMORE,2019,246,13.400000
BALTIMORE,2019,245,
BALTIMORE,2019,244,
BALTIMORE,2019,243,
BALTIMORE,2019,242,13.400000
BALTIMORE,2019,241,13.400000
BALTIMORE,2019,240,15.166666
BALTIMORE,2019,239,15.500000
BALTIMORE,2019,238,19.000000
BALTIMORE,2019,237,
BALTIMORE,2019,236,
BALTIMORE,2019,235,14.200000
BALTIMORE,2019,234,19.000000
BALTIMORE,2019,233,19.000000
BALTIMORE,2019,232,18.000000
BALTIMORE,2019,231,19.375000
BALTIMORE,2019,230,
BALTIMORE,2019,229,
BALTIMORE,2019,228,
BALTIMORE,2019,227,14.250000
BALTIMORE,2019,226,14.250000
BALTIMORE,2019,225,14.250000
BALTIMORE,2019,224,14.250000
BALTIMORE,2019,223,
BALTIMORE,2019,222,
BALTIMORE,2019,221,15.750000
BALTIMORE,2019,220,15.750000
BALTIMORE,2019,219,15.750000
BALTIMORE,2019,218,15.750000
BALTIMORE,2019,217,15.750000
BALTIMORE,2019,216,
BALTIMORE,2019,215,
BALTIMORE,2019,214,15.750000
BALTIMORE,2019,213,15.750000
BALTIMORE,2019,212,13.500000
BALTIMORE,2019,211,16.833333
BALTIMORE,2019,210,16.833333
BALTIMORE,2019,209,
BALTIMORE,2019,208,
BALTIMORE,2019,207,15.700000
BALTIMORE,2019,206,18.833333
BALTIMORE,2019,205,18.666666
BALTIMORE,2019,204,15.625000
BALTIMORE,2019,203,15.625000
BALTIMORE,2019,202,
BALTIMORE,2019,201,
BALTIMORE,2019,200,15.250000
BALTIMORE,2019,199,17.666666
BALTIMORE,2019,198,19.375000
BALTIMORE,2019,197,17.950000
BALTIMORE,2019,196,17.950000
BALTIMORE,2019,195,
BALTIMORE,2019,194,
BALTIMORE,2019,193,17.166666
BALTIMORE,2019,192,17.166666
BALTIMORE,2019,191,16.950000
BALTIMORE,2019,190,18.850000
BALTIMORE,2019,189,18.812500
BALTIMORE,2019,188,
BALTIMORE,2019,187,
BALTIMORE,2019,186,18.333333
BALTIMORE,2019,185,
BALTIMORE,2019,184,18.900000
BALTIMORE,2019,183,18.900000
BALTIMORE,2019,182,21.250000
BALTIMORE,2019,181,
BALTIMORE,2019,180,
BALTIMORE,2019,179,19.300000
BALTIMORE,2019,178,16.000000
BALTIMORE,2019,177,16.333333
BALTIMORE,2019,176,16.333333
BALTIMORE,2019,175,16.333333
BALTIMORE,2019,174,
BALTIMORE,2019,173,
BALTIMORE,2019,172,18.500000
BALTIMORE,2019,171,18.500000
BALTIMORE,2019,170,15.500000
BALTIMORE,2019,169,16.000000
BALTIMORE,2019,168,16.833333
BALTIMORE,2019,167,
BALTIMORE,2019,166,
BALTIMORE,2019,165,16.000000
BALTIMORE,2019,164,16.166666
BALTIMORE,2019,163,16.500000
BALTIMORE,2019,162,16.500000
BALTIMORE,2019,161,16.500000
BALTIMORE,2019,160,
BALTIMORE,2019,159,
BALTIMORE,2019,158,16.833333
BALTIMORE,2019,157,16.833333
BALTIMORE,2019,156,16.166666
BALTIMORE,2019,155,16.833333
BALTIMORE,2019,154,16.833333
BALTIMORE,2019,153,
BALTIMORE,2019,152,
BALTIMORE,2019,151,17.666666
BALTIMORE,2019,150,16.500000
BALTIMORE,2019,149,17.375000
BALTIMORE,2019,148,17.375000
BALTIMORE,2019,147,
BALTIMORE,2019,146,
BALTIMORE,2019,145,
BALTIMORE,2019,144,16.583333
BALTIMORE,2019,143,17.937500
BALTIMORE,2019,142,21.875000
BALTIMORE,2019,141,21.875000
BALTIMORE,2019,140,21.875000
BALTIMORE,2019,139,
BALTIMORE,2019,138,
BALTIMORE,2019,137,17.833333
BALTIMORE,2019,136,22.500000
BALTIMORE,2019,135,18.833333
BALTIMORE,2019,134,23.625000
BALTIMORE,2019,133,23.000000
BALTIMORE,2019,132,
BALTIMORE,2019,131,
BALTIMORE,2019,130,19.125000
BALTIMORE,2019,129,19.875000
BALTIMORE,2019,128,27.625000
BALTIMORE,2019,127,27.625000
BALTIMORE,2019,126,23.250000
BALTIMORE,2019,125,
BALTIMORE,2019,124,
BALTIMORE,2019,123,28.000000
BALTIMORE,2019,122,28.000000
BALTIMORE,2019,121,29.333333
BALTIMORE,2019,120,29.333333
BALTIMORE,2019,119,29.333333
BALTIMORE,2019,118,
BALTIMORE,2019,117,
BALTIMORE,2019,116,24.750000
BALTIMORE,2019,115,25.000000
BALTIMORE,2019,114,35.666666
BALTIMORE,2019,113,33.125000
BALTIMORE,2019,112,24.666666
BALTIMORE,2019,111,
BALTIMORE,2019,110,
BALTIMORE,2019,109,24.000000
BALTIMORE,2019,108,30.000000
BALTIMORE,2019,107,30.125000
BALTIMORE,2019,106,25.875000
BALTIMORE,2019,105,26.166666
BALTIMORE,2019,104,
BALTIMORE,2019,103,
BALTIMORE,2019,102,32.000000
BALTIMORE,2019,101,32.000000
BALTIMORE,2019,100,31.812500
BALTIMORE,2019,99,31.812500
BALTIMORE,2019,98,31.812500
BALTIMORE,2019,97,
BALTIMORE,2019,96,
BALTIMORE,2019,95,31.812500
BALTIMORE,2019,94,31.812500
BALTIMORE,2019,93,31.812500
BALTIMORE,2019,92,31.812500
BALTIMORE,2019,91,31.812500
BALTIMORE,2019,90,
BALTIMORE,2019,89,
BALTIMORE,2019,88,31.812500
BALTIMORE,2019,87,31.812500
BALTIMORE,2019,86,34.250000
BALTIMORE,2019,85,34.666666
BALTIMORE,2019,84,31.375000
BALTIMORE,2019,83,
BALTIMORE,2019,82,
BALTIMORE,2019,81,31.375000
BALTIMORE,2019,80,32.625000
BALTIMORE,2019,79,32.750000
BALTIMORE,2019,78,24.166666
BALTIMORE,2019,77,24.166666
BALTIMORE,2019,76,
BALTIMORE,2019,75,
BALTIMORE,2019,74,33.125000
BALTIMORE,2019,73,33.125000
BALTIMORE,2019,72,33.125000
BALTIMORE,2019,71,33.125000
BALTIMORE,2019,70,24.833333
BALTIMORE,2019,69,
BALTIMORE,2019,68,
BALTIMORE,2019,67,36.750000
BALTIMORE,2019,66,26.375000
BALTIMORE,2019,65,33.583333
BALTIMORE,2019,64,33.583333
BALTIMORE,2019,63,33.916666
BALTIMORE,2019,62,
BALTIMORE,2019,61,
BALTIMORE,2019,60,33.750000
BALTIMORE,2019,59,33.750000
BALTIMORE,2019,58,35.500000
BALTIMORE,2019,57,35.500000
BALTIMORE,2019,56,36.000000
BALTIMORE,2019,55,
BALTIMORE,2019,54,
BALTIMORE,2019,53,35.333333
BALTIMORE,2019,52,36.250000
BALTIMORE,2019,51,28.333333
BALTIMORE,2019,50,28.333333
BALTIMORE,2019,49,
BALTIMORE,2019,48,
BALTIMORE,2019,47,
BALTIMORE,2019,46,
BALTIMORE,2019,45,28.000000
BALTIMORE,2019,44,29.000000
BALTIMORE,2019,43,30.000000
BALTIMORE,2019,42,30.000000
BALTIMORE,2019,41,
BALTIMORE,2019,40,
BALTIMORE,2019,39,33.250000
BALTIMORE,2019,38,33.250000
BALTIMORE,2019,37,34.333333
BALTIMORE,2019,36,35.000000
BALTIMORE,2019,35,35.666666
BALTIMORE,2019,34,
BALTIMORE,2019,33,
BALTIMORE,2019,32,36.500000
BALTIMORE,2019,31,38.500000
BALTIMORE,2019,30,42.000000
BALTIMORE,2019,29,42.500000
BALTIMORE,2019,28,43.000000
BALTIMORE,2019,27,
BALTIMORE,2019,26,
BALTIMORE,2019,25,44.500000
BALTIMORE,2019,24,51.166666
BALTIMORE,2019,23,44.333333
BALTIMORE,2019,22,43.500000
BALTIMORE,2019,21,
BALTIMORE,2019,20,
BALTIMORE,2019,19,
BALTIMORE,2019,18,45.500000
BALTIMORE,2019,17,45.500000
BALTIMORE,2019,16,40.750000
BALTIMORE,2019,15,40.625000
BALTIMORE,2019,14,48.000000
BALTIMORE,2019,13,
BALTIMORE,2019,12,
BALTIMORE,2019,11,47.250000
BALTIMORE,2019,10,47.250000
BALTIMORE,2019,9,47.750000
BALTIMORE,2019,8,47.000000
BALTIMORE,2019,7,38.500000
BALTIMORE,2019,6,
BALTIMORE,2019,5,
BALTIMORE,2019,4,42.000000
BALTIMORE,2019,3,38.666666
BALTIMORE,2019,2,37.500000
BOSTON,2019,366,
BOSTON,2019,365,20.000000
BOSTON,2019,364,20.000000
BOSTON,2019,363,
BOSTON,2019,362,
BOSTON,2019,361,20.000000
BOSTON,2019,360,20.000000
BOSTON,2019,359,
BOSTON,2019,358,
BOSTON,2019,357,18.666666
BOSTON,2019,356,
BOSTON,2019,355,
BOSTON,2019,354,17.333333
BOSTON,2019,353,17.333333
BOSTON,2019,352,17.333333
BOSTON,2019,351,17.333333
BOSTON,2019,350,17.333333
BOSTON,2019,349,
BOSTON,2019,348,
BOSTON,2019,347,18.166666
BOSTON,2019,346,18.166666
BOSTON,2019,345,18.125000
BOSTON,2019,344,18.125000
BOSTON,2019,343,18.125000
BOSTON,2019,342,
BOSTON,2019,341,
BOSTON,2019,340,18.125000
BOSTON,2019,339,18.125000
BOSTON,2019,338,18.125000
BOSTON,2019,337,18.125000
BOSTON,2019,336,18.125000
BOSTON,2019,335,
BOSTON,2019,334,
BOSTON,2019,333,18.125000
BOSTON,2019,332,
BOSTON,2019,331,18.125000
BOSTON,2019,330,18.125000
BOSTON,2019,329,18.125000
BOSTON,2019,328,
BOSTON,2019,327,
BOSTON,2019,326,18.125000
BOSTON,2019,325,16.875000
BOSTON,2019,324,16.875000
BOSTON,2019,323,16.875000
BOSTON,2019,322,16.875000
BOSTON,2019,321,
BOSTON,2019,320,
BOSTON,2019,319,16.875000
BOSTON,2019,318,16.875000
BOSTON,2019,317,16.875000
BOSTON,2019,316,16.875000
BOSTON,2019,315,
BOSTON,2019,314,
BOSTON,2019,313,
BOSTON,2019,312,16.875000
BOSTON,2019,311,16.875000
BOSTON,2019,310,16.875000
BOSTON,2019,309,16.875000
BOSTON,2019,308,17.166666
BOSTON,2019,307,
BOSTON,2019,306,
BOSTON,2019,305,15.666666
BOSTON,2019,304,15.666666
BOSTON,2019,303,15.666666
BOSTON,2019,302,15.666666
BOSTON,2019,301,15.666666
BOSTON,2019,300,
BOSTON,2019,299,
BOSTON,2019,298,15.666666
BOSTON,2019,297,15.666666
BOSTON,2019,296,15.666666
BOSTON,2019,295,15.666666
BOSTON,2019,294,14.500000
BOSTON,2019,293,
BOSTON,2019,292,
BOSTON,2019,291,14.500000
BOSTON,2019,290,14.500000
BOSTON,2019,289,14.500000
BOSTON,2019,288,14.500000
BOSTON,2019,287,
BOSTON,2019,286,
BOSTON,2019,285,
BOSTON,2019,284,14.500000
BOSTON,2019,283,14.500000
BOSTON,2019,282,14.500000
BOSTON,2019,281,14.500000
BOSTON,2019,280,14.500000
BOSTON,2019,279,
BOSTON,2019,278,
BOSTON,2019,277,14.500000
BOSTON,2019,276,14.500000
BOSTON,2019,275,14.500000
BOSTON,2019,274,14.500000
BOSTON,2019,273,14.500000
BOSTON,2019,272,
BOSTON,2019,271,
BOSTON,2019,270,14.500000
BOSTON,2019,269,14.500000
BOSTON,2019,268,14.500000
BOSTON,2019,267,14.500000
BOSTON,2019,266,14.500000
BOSTON,2019,265,
BOSTON,2019,264,
BOSTON,2019,263,14.500000
BOSTON,2019,262,14.500000
BOSTON,2019,261,14.500000
BOSTON,2019,260,14.500000
BOSTON,2019,259,14.500000
BOSTON,2019,258,
BOSTON,2019,257,
BOSTON,2019,256,14.500000
BOSTON,2019,255,14.500000
BOSTON,2019,254,14.500000
BOSTON,2019,253,14.500000
BOSTON,2019,252,14.500000
BOSTON,2019,251,
BOSTON,2019,250,
BOSTON,2019,249,14.500000
BOSTON,2019,248,14.500000
BOSTON,2019,247,14.500000
BOSTON,2019,246,14.500000
BOSTON,2019,245,
BOSTON,2019,244,
BOSTON,2019,243,
BOSTON,2019,242,14.500000
BOSTON,2019,241,14.500000
BOSTON,2019,240,14.500000
BOSTON,2019,239,14.500000
BOSTON,2019,238,14.500000
BOSTON,2019,237,
BOSTON,2019,236,
BOSTON,2019,235,16.000000
BOSTON,2019,234,16.000000
BOSTON,2019,233,16.000000
BOSTON,2019,232,16.000000
BOSTON,2019,231,16.000000
BOSTON,2019,230,
BOSTON,2019,229,
BOSTON,2019,228,
BOSTON,2019,227,
BOSTON,2019,226,16.000000
BOSTON,2019,225,16.000000
BOSTON,2019,224,16.000000
BOSTON,2019,223,
BOSTON,2019,222,
BOSTON,2019,221,16.000000
BOSTON,2019,220,16.000000
BOSTON,2019,219,16.000000
BOSTON,2019,218,16.000000
BOSTON,2019,217,16.000000
BOSTON,2019,216,
BOSTON,2019,215,
BOSTON,2019,214,16.000000
BOSTON,2019,213,16.000000
BOSTON,2019,212,16.000000
BOSTON,2019,211,16.000000
BOSTON,2019,210,16.000000
BOSTON,2019,209,
BOSTON,2019,208,
BOSTON,2019,207,16.000000
BOSTON,2019,206,16.000000
BOSTON,2019,205,16.000000
BOSTON,2019,204,16.000000
BOSTON,2019,203,16.000000
BOSTON,2019,202,
BOSTON,2019,201,
BOSTON,2019,200,16.000000
BOSTON,2019,199,16.000000
BOSTON,2019,198,16.000000
BOSTON,2019,197,16.500000
BOSTON,2019,196,16.500000
BOSTON,2019,195,
BOSTON,2019,194,
BOSTON,2019,193,16.500000
BOSTON,2019,192,16.750000
BOSTON,2019,191,16.750000
BOSTON,2019,190,16.750000
BOSTON,2019,189,16.750000
BOSTON,2019,188,
BOSTON,2019,187,
BOSTON,2019,186,16.750000
BOSTON,2019,185,
BOSTON,2019,184,16.750000
BOSTON,2019,183,16.750000
BOSTON,2019,182,16.750000
BOSTON,2019,181,
BOSTON,2019,180,
BOSTON,2019,179,16.750000
BOSTON,2019,178,16.750000
BOSTON,2019,177,16.750000
BOSTON,2019,176,16.750000
BOSTON,2019,175,16.750000
BOSTON,2019,174,
BOSTON,2019,173,
BOSTON,2019,172,16.750000
BOSTON,2019,171,18.900000
BOSTON,2019,170,18.900000
BOSTON,2019,169,18.900000
BOSTON,2019,168,18.900000
BOSTON,2019,167,
BOSTON,2019,166,
BOSTON,2019,165,18.900000
BOSTON,2019,164,18.900000
BOSTON,2019,163,18.900000
BOSTON,2019,162,18.900000
BOSTON,2019,161,18.900000
BOSTON,2019,160,
BOSTON,2019,159,
BOSTON,2019,158,18.900000
BOSTON,2019,157,18.375000
BOSTON,2019,156,20.666666
BOSTON,2019,155,20.666666
BOSTON,2019,154,20.666666
BOSTON,2019,153,
BOSTON,2019,152,
BOSTON,2019,151,20.666666
BOSTON,2019,150,20.250000
BOSTON,2019,149,20.250000
BOSTON,2019,148,21.000000
BOSTON,2019,147,
BOSTON,2019,146,
BOSTON,2019,145,
BOSTON,2019,144,21.000000
BOSTON,2019,143,21.000000
BOSTON,2019,142,21.000000
BOSTON,2019,141,21.000000
BOSTON,2019,140,21.000000
BOSTON,2019,139,
BOSTON,2019,138,
BOSTON,2019,137,21.000000
BOSTON,2019,136,21.750000
BOSTON,2019,135,21.750000
BOSTON,2019,134,21.750000
BOSTON,2019,133,21.750000
BOSTON,2019,132,
BOSTON,2019,131,
BOSTON,2019,130,21.750000
BOSTON,2019,129,23.125000
BOSTON,2019,128,23.125000
BOSTON,2019,127,23.125000
BOSTON,2019,126,23.125000
BOSTON,2019,125,
BOSTON,2019,124,
BOSTON,2019,123,23.125000
BOSTON,2019,122,22.250000
BOSTON,2019,121,22.250000
BOSTON,2019,120,19.625000
BOSTON,2019,119,19.625000
BOSTON,2019,118,
BOSTON,2019,117,
BOSTON,2019,116,19.625000
BOSTON,2019,115,19.625000
BOSTON,2019,114,19.625000
BOSTON,2019,113,19.625000
BOSTON,2019,112,22.250000
BOSTON,2019,111,
BOSTON,2019,110,
BOSTON,2019,109,22.250000
BOSTON,2019,108,22.250000
BOSTON,2019,107,22.250000
BOSTON,2019,106,22.250000
BOSTON,2019,105,22.250000
BOSTON,2019,104,
BOSTON,2019,103,
BOSTON,2019,102,22.250000
BOSTON,2019,101,22.500000
BOSTON,2019,100,22.500000
BOSTON,2019,99,22.500000
BOSTON,2019,98,22.500000
BOSTON,2019,97,
BOSTON,2019,96,
BOSTON,2019,95,22.500000
BOSTON,2019,94,22.750000
BOSTON,2019,93,22.750000
BOSTON,2019,92,22.750000
BOSTON,2019,91,22.750000
BOSTON,2019,90,
BOSTON,2019,89,
BOSTON,2019,88,22.750000
BOSTON,2019,87,22.500000
BOSTON,2019,86,22.500000
BOSTON,2019,85,22.500000
BOSTON,2019,84,22.500000
BOSTON,2019,83,
BOSTON,2019,82,
BOSTON,2019,81,22.500000
BOSTON,2019,80,23.375000
BOSTON,2019,79,23.375000
BOSTON,2019,78,23.375000
BOSTON,2019,77,23.375000
BOSTON,2019,76,
BOSTON,2019,75,
BOSTON,2019,74,23.375000
BOSTON,2019,73,23.375000
BOSTON,2019,72,23.375000
BOSTON,2019,71,23.375000
BOSTON,2019,70,27.900000
BOSTON,2019,69,
BOSTON,2019,68,
BOSTON,2019,67,27.900000
BOSTON,2019,66,27.900000
BOSTON,2019,65,27.900000
BOSTON,2019,64,27.900000
BOSTON,2019,63,27.900000
BOSTON,2019,62,
BOSTON,2019,61,
BOSTON,2019,60,27.900000
BOSTON,2019,59,27.900000
BOSTON,2019,58,27.375000
BOSTON,2019,57,27.375000
BOSTON,2019,56,27.375000
BOSTON,2019,55,
BOSTON,2019,54,
BOSTON,2019,53,27.375000
BOSTON,2019,52,29.750000
BOSTON,2019,51,29.750000
BOSTON,2019,50,29.750000
BOSTON,2019,49,
BOSTON,2019,48,
BOSTON,2019,47,
BOSTON,2019,46,29.750000
BOSTON,2019,45,29.750000
BOSTON,2019,44,29.750000
BOSTON,2019,43,29.750000
BOSTON,2019,42,29.750000
BOSTON,2019,41,
BOSTON,2019,40,
BOSTON,2019,39,29.750000
BOSTON,2019,38,29.750000
BOSTON,2019,37,29.750000
BOSTON,2019,36,29.750000
BOSTON,2019,35,29.750000
BOSTON,2019,34,
BOSTON,2019,33,
BOSTON,2019,32,29.750000
BOSTON,2019,31,29.750000
BOSTON,2019,30,29.750000
BOSTON,2019,29,29.750000
BOSTON,2019,28,29.750000
BOSTON,2019,27,
BOSTON,2019,26,
BOSTON,2019,25,29.750000
BOSTON,2019,24,29.750000
BOSTON,2019,23,29.750000
BOSTON,2019,22,30.625000
BOSTON,2019,21,
BOSTON,2019,20,
BOSTON,2019,19,
BOSTON,2019,18,30.625000
BOSTON,2019,17,30.625000
BOSTON,2019,16,30.625000
BOSTON,2019,15,30.625000
BOSTON,2019,14,30.625000
BOSTON,2019,13,
BOSTON,2019,12,
BOSTON,2019,11,30.625000
BOSTON,2019,10,30.625000
BOSTON,2019,9,30.625000
BOSTON,2019,8,30.625000
BOSTON,2019,7,33.666666
BOSTON,2019,6,
BOSTON,2019,5,
BOSTON,2019,4,31.500000
BOSTON,2019,3,31.500000
BOSTON,2019,2,31.500000
CHICAGO,2019,366,
CHICAGO,2019,365,22.000000
CHICAGO,2019,364,22.000000
CHICAGO,2019,363,
CHICAGO,2019,362,
CHICAGO,2019,361,22.000000
CHICAGO,2019,360,
CHICAGO,2019,359,
CHICAGO,2019,358,
CHICAGO,2019,357,22.000000
CHICAGO,2019,356,
CHICAGO,2019,355,
CHICAGO,2019,354,22.000000
CHICAGO,2019,353,
CHICAGO,2019,352,22.000000
CHICAGO,2019,351,
CHICAGO,2019,350,22.000000
CHICAGO,2019,349,
CHICAGO,2019,348,
CHICAGO,2019,347,22.000000
CHICAGO,2019,346,22.000000
CHICAGO,2019,345,22.000000
CHICAGO,2019,344,22.000000
CHICAGO,2019,343,22.000000
CHICAGO,2019,342,
CHICAGO,2019,341,
CHICAGO,2019,340,22.000000
CHICAGO,2019,339,22.000000
CHICAGO,2019,338,22.000000
CHICAGO,2019,337,22.000000
CHICAGO,2019,336,22.000000
CHICAGO,2019,335,
CHICAGO,2019,334,
CHICAGO,2019,333,22.000000
CHICAGO,2019,332,
CHICAGO,2019,331,22.000000
CHICAGO,2019,330,22.000000
CHICAGO,2019,329,22.000000
CHICAGO,2019,328,
CHICAGO,2019,327,
CHICAGO,2019,326,22.000000
CHICAGO,2019,325,22.000000
CHICAGO,2019,324,22.000000
CHICAGO,2019,323,22.000000
CHICAGO,2019,322,22.000000
CHICAGO,2019,321,
CHICAGO,2019,320,
CHICAGO,2019,319,22.000000
CHICAGO,2019,318,22.000000
CHICAGO,2019,317,21.300000
CHICAGO,2019,316,21.300000
CHICAGO,2019,315,
CHICAGO,2019,314,
CHICAGO,2019,313,
CHICAGO,2019,312,21.300000
CHICAGO,2019,311,21.300000
CHICAGO,2019,310,21.300000
CHICAGO,2019,309,21.300000
CHICAGO,2019,308,21.300000
CHICAGO,2019,307,
CHICAGO,2019,306,
CHICAGO,2019,305,21.300000
CHICAGO,2019,304,21.300000
CHICAGO,2019,303,21.300000
CHICAGO,2019,302,21.300000
CHICAGO,2019,301,21.300000
CHICAGO,2019,300,
CHICAGO,2019,299,
CHICAGO,2019,298,21.300000
CHICAGO,2019,297,21.300000
CHICAGO,2019,296,21.300000
CHICAGO,2019,295,21.300000
CHICAGO,2019,294,21.300000
CHICAGO,2019,293,
CHICAGO,2019,292,
CHICAGO,2019,291,21.300000
CHICAGO,2019,290,23.583333
CHICAGO,2019,289,23.583333
CHICAGO,2019,288,23.583333
CHICAGO,2019,287,
CHICAGO,2019,286,
CHICAGO,2019,285,
CHICAGO,2019,284,23.583333
CHICAGO,2019,283,23.583333
CHICAGO,2019,282,23.583333
CHICAGO,2019,281,22.714285
CHICAGO,2019,280,22.714285
CHICAGO,2019,279,
CHICAGO,2019,278,
CHICAGO,2019,277,22.714285
CHICAGO,2019,276,22.714285
CHICAGO,2019,275,22.714285
CHICAGO,2019,274,22.642857
CHICAGO,2019,273,22.642857
CHICAGO,2019,272,
CHICAGO,2019,271,
CHICAGO,2019,270,22.642857
CHICAGO,2019,269,22.642857
CHICAGO,2019,268,22.642857
CHICAGO,2019,267,22.642857
CHICAGO,2019,266,22.642857
CHICAGO,2019,265,
CHICAGO,2019,264,
CHICAGO,2019,263,22.642857
CHICAGO,2019,262,22.642857
CHICAGO,2019,261,22.642857
CHICAGO,2019,260,22.437500
CHICAGO,2019,259,22.437500
CHICAGO,2019,258,
CHICAGO,2019,257,
CHICAGO,2019,256,22.437500
CHICAGO,2019,255,22.437500
CHICAGO,2019,254,22.437500
CHICAGO,2019,253,22.437500
CHICAGO,2019,252,22.437500
CHICAGO,2019,251,
CHICAGO,2019,250,
CHICAGO,2019,249,22.437500
CHICAGO,2019,248,
CHICAGO,2019,247,22.437500
CHICAGO,2019,246,
CHICAGO,2019,245,
CHICAGO,2019,244,
CHICAGO,2019,243,
CHICAGO,2019,242,22.375000
CHICAGO,2019,241,23.142857
CHICAGO,2019,240,23.142857
CHICAGO,2019,239,22.928571
CHICAGO,2019,238,23.916666
CHICAGO,2019,237,
CHICAGO,2019,236,
CHICAGO,2019,235,23.916666
CHICAGO,2019,234,23.916666
CHICAGO,2019,233,23.916666
CHICAGO,2019,232,23.250000
CHICAGO,2019,231,23.250000
CHICAGO,2019,230,
CHICAGO,2019,229,
CHICAGO,2019,228,
CHICAGO,2019,227,
CHICAGO,2019,226,23.250000
CHICAGO,2019,225,
CHICAGO,2019,224,24.785714
CHICAGO,2019,223,
CHICAGO,2019,222,
CHICAGO,2019,221,24.785714
CHICAGO,2019,220,
CHICAGO,2019,219,24.785714
CHICAGO,2019,218,
CHICAGO,2019,217,24.437500
CHICAGO,2019,216,
CHICAGO,2019,215,
CHICAGO,2019,214,24.437500
CHICAGO,2019,213,
CHICAGO,2019,212,24.437500
CHICAGO,2019,211,
CHICAGO,2019,210,24.437500
CHICAGO,2019,209,
CHICAGO,2019,208,
CHICAGO,2019,207,24.437500
CHICAGO,2019,206,
CHICAGO,2019,205,24.642857
CHICAGO,2019,204,
CHICAGO,2019,203,24.642857
CHICAGO,2019,202,
CHICAGO,2019,201,
CHICAGO,2019,200,25.083333
CHICAGO,2019,199,
CHICAGO,2019,198,25.083333
CHICAGO,2019,197,
CHICAGO,2019,196,25.083333
CHICAGO,2019,195,
CHICAGO,2019,194,
CHICAGO,2019,193,24.500000
CHICAGO,2019,192,
CHICAGO,2019,191,24.500000
CHICAGO,2019,190,
CHICAGO,2019,189,24.500000
CHICAGO,2019,188,
CHICAGO,2019,187,
CHICAGO,2019,186,24.500000
CHICAGO,2019,185,
CHICAGO,2019,184,24.500000
CHICAGO,2019,183,
CHICAGO,2019,182,24.500000
CHICAGO,2019,181,
CHICAGO,2019,180,
CHICAGO,2019,179,24.500000
CHICAGO,2019,178,
CHICAGO,2019,177,24.500000
CHICAGO,2019,176,
CHICAGO,2019,175,24.500000
CHICAGO,2019,174,
CHICAGO,2019,173,
CHICAGO,2019,172,25.900000
CHICAGO,2019,171,
CHICAGO,2019,170,27.375000
CHICAGO,2019,169,
CHICAGO,2019,168,27.375000
CHICAGO,2019,167,
CHICAGO,2019,166,
CHICAGO,2019,165,27.375000
CHICAGO,2019,164,
CHICAGO,2019,163,27.375000
CHICAGO,2019,162,
CHICAGO,2019,161,27.375000
CHICAGO,2019,160,
CHICAGO,2019,159,
CHICAGO,2019,158,27.375000
CHICAGO,2019,157,
CHICAGO,2019,156,27.375000
CHICAGO,2019,155,
CHICAGO,2019,154,27.375000
CHICAGO,2019,153,
CHICAGO,2019,152,
CHICAGO,2019,151,27.375000
CHICAGO,2019,150,
CHICAGO,2019,149,27.375000
CHICAGO,2019,148,
CHICAGO,2019,147,
CHICAGO,2019,146,
CHICAGO,2019,145,
CHICAGO,2019,144,27.375000
CHICAGO,2019,143,
CHICAGO,2019,142,27.375000
CHICAGO,2019,141,
CHICAGO,2019,140,27.375000
CHICAGO,2019,139,
CHICAGO,2019,138,
CHICAGO,2019,137,27.375000
CHICAGO,2019,136,
CHICAGO,2019,135,26.875000
CHICAGO,2019,134,
CHICAGO,2019,133,26.875000
CHICAGO,2019,132,
CHICAGO,2019,131,
CHICAGO,2019,130,26.875000
CHICAGO,2019,129,
CHICAGO,2019,128,26.875000
CHICAGO,2019,127,
CHICAGO,2019,126,22.500000
CHICAGO,2019,125,
CHICAGO,2019,124,
CHICAGO,2019,123,22.666666
CHICAGO,2019,122,22.666666
CHICAGO,2019,121,22.666666
CHICAGO,2019,120,22.666666
CHICAGO,2019,119,22.666666
CHICAGO,2019,118,
CHICAGO,2019,117,
CHICAGO,2019,116,22.666666
CHICAGO,2019,115,
CHICAGO,2019,114,22.666666
CHICAGO,2019,113,22.666666
CHICAGO,2019,112,23.000000
CHICAGO,2019,111,
CHICAGO,2019,110,
CHICAGO,2019,109,23.000000
CHICAGO,2019,108,23.000000
CHICAGO,2019,107,23.000000
CHICAGO,2019,106,
CHICAGO,2019,105,
CHICAGO,2019,104,
CHICAGO,2019,103,
CHICAGO,2019,102,
CHICAGO,2019,101,
CHICAGO,2019,100,23.000000
CHICAGO,2019,99,
CHICAGO,2019,98,23.000000
CHICAGO,2019,97,
CHICAGO,2019,96,
CHICAGO,2019,95,23.000000
CHICAGO,2019,94,23.000000
CHICAGO,2019,93,23.000000
CHICAGO,2019,92,23.000000
CHICAGO,2019,91,23.000000
CHICAGO,2019,90,
CHICAGO,2019,89,
CHICAGO,2019,88,23.000000
CHICAGO,2019,87,23.000000
CHICAGO,2019,86,23.000000
CHICAGO,2019,85,23.000000
CHICAGO,2019,84,23.000000
CHICAGO,2019,83,
CHICAGO,2019,82,
CHICAGO,2019,81,23.000000
CHICAGO,2019,80,23.000000
CHICAGO,2019,79,23.000000
CHICAGO,2019,78,23.000000
CHICAGO,2019,77,22.666666
CHICAGO,2019,76,
CHICAGO,2019,75,
CHICAGO,2019,74,27.666666
CHICAGO,2019,73,27.666666
CHICAGO,2019,72,27.666666
CHICAGO,2019,71,27.666666
CHICAGO,2019,70,27.666666
CHICAGO,2019,69,
CHICAGO,2019,68,
CHICAGO,2019,67,27.666666
CHICAGO,2019,66,27.666666
CHICAGO,2019,65,27.666666
CHICAGO,2019,64,27.666666
CHICAGO,2019,63,27.666666
CHICAGO,2019,62,
CHICAGO,2019,61,
CHICAGO,2019,60,27.666666
CHICAGO,2019,59,27.666666
CHICAGO,2019,58,27.666666
CHICAGO,2019,57,27.666666
CHICAGO,2019,56,27.666666
CHICAGO,2019,55,
CHICAGO,2019,54,
CHICAGO,2019,53,27.666666
CHICAGO,2019,52,27.666666
CHICAGO,2019,51,27.666666
CHICAGO,2019,50,27.666666
CHICAGO,2019,49,
CHICAGO,2019,48,
CHICAGO,2019,47,
CHICAGO,2019,46,31.000000
CHICAGO,2019,45,31.000000
CHICAGO,2019,44,31.000000
CHICAGO,2019,43,30.666666
CHICAGO,2019,42,40.333333
CHICAGO,2019,41,
CHICAGO,2019,40,
CHICAGO,2019,39,40.333333
CHICAGO,2019,38,40.333333
CHICAGO,2019,37,40.333333
CHICAGO,2019,36,41.833333
CHICAGO,2019,35,41.833333
CHICAGO,2019,34,
CHICAGO,2019,33,
CHICAGO,2019,32,43.666666
CHICAGO,2019,31,43.666666
CHICAGO,2019,30,43.666666
CHICAGO,2019,29,43.666666
CHICAGO,2019,28,43.666666
CHICAGO,2019,27,
CHICAGO,2019,26,
CHICAGO,2019,25,47.833333
CHICAGO,2019,24,47.833333
CHICAGO,2019,23,47.833333
CHICAGO,2019,22,47.833333
CHICAGO,2019,21,
CHICAGO,2019,20,
CHICAGO,2019,19,
CHICAGO,2019,18,47.833333
CHICAGO,2019,17,49.166666
CHICAGO,2019,16,49.166666
CHICAGO,2019,15,49.166666
CHICAGO,2019,14,49.166666
CHICAGO,2019,13,
CHICAGO,2019,12,
CHICAGO,2019,11,49.166666
CHICAGO,2019,10,49.166666
CHICAGO,2019,9,
CHICAGO,2019,8,47.500000
CHICAGO,2019,7,47.500000
CHICAGO,2019,6,
CHICAGO,2019,5,
CHICAGO,2019,4,38.166666
CHICAGO,2019,3,38.166666
CHICAGO,2019,2,
COLUMBIA,2019,366,
COLUMBIA,2019,365,21.375000
COLUMBIA,2019,364,21.375000
COLUMBIA,2019,363,
COLUMBIA,2019,362,
COLUMBIA,2019,361,20.437500
COLUMBIA,2019,360,
COLUMBIA,2019,359,
COLUMBIA,2019,358,
COLUMBIA,2019,357,20.437500
COLUMBIA,2019,356,
COLUMBIA,2019,355,
COLUMBIA,2019,354,20.437500
COLUMBIA,2019,353,20.437500
COLUMBIA,2019,352,20.437500
COLUMBIA,2019,351,20.437500
COLUMBIA,2019,350,20.437500
COLUMBIA,2019,349,
COLUMBIA,2019,348,
COLUMBIA,2019,347,21.000000
COLUMBIA,2019,346,20.750000
COLUMBIA,2019,345,20.750000
COLUMBIA,2019,344,21.000000
COLUMBIA,2019,343,21.000000
COLUMBIA,2019,342,
COLUMBIA,2019,341,
COLUMBIA,2019,340,19.400000
COLUMBIA,2019,339,19.400000
COLUMBIA,2019,338,19.400000
COLUMBIA,2019,337,19.400000
COLUMBIA,2019,336,19.666666
COLUMBIA,2019,335,
COLUMBIA,2019,334,
COLUMBIA,2019,333,
COLUMBIA,2019,332,
COLUMBIA,2019,331,21.166666
COLUMBIA,2019,330,17.250000
COLUMBIA,2019,329,17.250000
COLUMBIA,2019,328,
COLUMBIA,2019,327,
COLUMBIA,2019,326,16.000000
COLUMBIA,2019,325,16.000000
COLUMBIA,2019,324,16.000000
COLUMBIA,2019,323,16.000000
COLUMBIA,2019,322,16.000000
COLUMBIA,2019,321,
COLUMBIA,2019,320,
COLUMBIA,2019,319,16.785714
COLUMBIA,2019,318,16.785714
COLUMBIA,2019,317,17.312500
COLUMBIA,2019,316,17.312500
COLUMBIA,2019,315,
COLUMBIA,2019,314,
COLUMBIA,2019,313,
COLUMBIA,2019,312,17.562500
COLUMBIA,2019,311,17.562500
COLUMBIA,2019,310,17.562500
COLUMBIA,2019,309,17.562500
COLUMBIA,2019,308,17.562500
COLUMBIA,2019,307,
COLUMBIA,2019,306,
COLUMBIA,2019,305,18.041666
COLUMBIA,2019,304,17.541666
COLUMBIA,2019,303,17.541666
COLUMBIA,2019,302,17.541666
COLUMBIA,2019,301,17.541666
COLUMBIA,2019,300,
COLUMBIA,2019,299,
COLUMBIA,2019,298,18.321428
COLUMBIA,2019,297,18.321428
COLUMBIA,2019,296,18.321428
COLUMBIA,2019,295,18.321428
COLUMBIA,2019,294,
COLUMBIA,2019,293,
COLUMBIA,2019,292,
COLUMBIA,2019,291,18.178571
COLUMBIA,2019,290,19.156250
COLUMBIA,2019,289,19.156250
COLUMBIA,2019,288,19.156250
COLUMBIA,2019,287,19.156250
COLUMBIA,2019,286,
COLUMBIA,2019,285,
COLUMBIA,2019,284,18.400000
COLUMBIA,2019,283,18.400000
COLUMBIA,2019,282,18.125000
COLUMBIA,2019,281,18.571428
COLUMBIA,2019,280,18.571428
COLUMBIA,2019,279,
COLUMBIA,2019,278,
COLUMBIA,2019,277,18.857142
COLUMBIA,2019,276,18.857142
COLUMBIA,2019,275,18.333333
COLUMBIA,2019,274,18.333333
COLUMBIA,2019,273,17.857142
COLUMBIA,2019,272,
COLUMBIA,2019,271,
COLUMBIA,2019,270,18.062500
COLUMBIA,2019,269,18.062500
COLUMBIA,2019,268,18.062500
COLUMBIA,2019,267,18.062500
COLUMBIA,2019,266,18.062500
COLUMBIA,2019,265,
COLUMBIA,2019,264,
COLUMBIA,2019,263,18.062500
COLUMBIA,2019,262,18.187500
COLUMBIA,2019,261,17.500000
COLUMBIA,2019,260,17.500000
COLUMBIA,2019,259,17.500000
COLUMBIA,2019,258,
COLUMBIA,2019,257,
COLUMBIA,2019,256,17.500000
COLUMBIA,2019,255,17.500000
COLUMBIA,2019,254,17.500000
COLUMBIA,2019,253,17.500000
COLUMBIA,2019,252,17.500000
COLUMBIA,2019,251,
COLUMBIA,2019,250,
COLUMBIA,2019,249,17.916666
COLUMBIA,2019,248,19.500000
COLUMBIA,2019,247,19.500000
COLUMBIA,2019,246,
COLUMBIA,2019,245,
COLUMBIA,2019,244,
COLUMBIA,2019,243,
COLUMBIA,2019,242,19.500000
COLUMBIA,2019,241,19.500000
COLUMBIA,2019,240,19.500000
COLUMBIA,2019,239,19.500000
COLUMBIA,2019,238,19.500000
COLUMBIA,2019,237,
COLUMBIA,2019,236,
COLUMBIA,2019,235,21.700000
COLUMBIA,2019,234,21.700000
COLUMBIA,2019,233,21.700000
COLUMBIA,2019,232,21.700000
COLUMBIA,2019,231,21.700000
COLUMBIA,2019,230,
COLUMBIA,2019,229,
COLUMBIA,2019,228,21.700000
COLUMBIA,2019,227,21.700000
COLUMBIA,2019,226,21.700000
COLUMBIA,2019,225,21.700000
COLUMBIA,2019,224,21.700000
COLUMBIA,2019,223,
COLUMBIA,2019,222,
COLUMBIA,2019,221,20.900000
COLUMBIA,2019,220,20.900000
COLUMBIA,2019,219,20.900000
COLUMBIA,2019,218,20.900000
COLUMBIA,2019,217,20.900000
COLUMBIA,2019,216,
COLUMBIA,2019,215,
COLUMBIA,2019,214,20.700000
COLUMBIA,2019,213,20.900000
COLUMBIA,2019,212,20.900000
COLUMBIA,2019,211,20.900000
COLUMBIA,2019,210,20.900000
COLUMBIA,2019,209,
COLUMBIA,2019,208,
COLUMBIA,2019,207,21.500000
COLUMBIA,2019,206,21.500000
COLUMBIA,2019,205,21.500000
COLUMBIA,2019,204,21.500000
COLUMBIA,2019,203,21.500000
COLUMBIA,2019,202,
COLUMBIA,2019,201,
COLUMBIA,2019,200,21.250000
COLUMBIA,2019,199,20.312500
COLUMBIA,2019,198,20.312500
COLUMBIA,2019,197,19.750000
COLUMBIA,2019,196,19.750000
COLUMBIA,2019,195,
COLUMBIA,2019,194,
COLUMBIA,2019,193,19.500000
COLUMBIA,2019,192,19.500000
COLUMBIA,2019,191,18.750000
COLUMBIA,2019,190,18.750000
COLUMBIA,2019,189,18.250000
COLUMBIA,2019,188,
COLUMBIA,2019,187,
COLUMBIA,2019,186,17.875000
COLUMBIA,2019,185,
COLUMBIA,2019,184,17.875000
COLUMBIA,2019,183,17.875000
COLUMBIA,2019,182,17.875000
COLUMBIA,2019,181,
COLUMBIA,2019,180,
COLUMBIA,2019,179,18.000000
COLUMBIA,2019,178,18.000000
COLUMBIA,2019,177,17.833333
COLUMBIA,2019,176,17.833333
COLUMBIA,2019,175,17.833333
COLUMBIA,2019,174,
COLUMBIA,2019,173,
COLUMBIA,2019,172,18.000000
COLUMBIA,2019,171,18.000000
COLUMBIA,2019,170,18.000000
COLUMBIA,2019,169,18.000000
COLUMBIA,2019,168,18.000000
COLUMBIA,2019,167,
COLUMBIA,2019,166,
COLUMBIA,2019,165,18.000000
COLUMBIA,2019,164,18.000000
COLUMBIA,2019,163,18.000000
COLUMBIA,2019,162,18.000000
COLUMBIA,2019,161,18.000000
COLUMBIA,2019,160,
COLUMBIA,2019,159,
COLUMBIA,2019,158,18.333333
COLUMBIA,2019,157,18.333333
COLUMBIA,2019,156,18.333333
COLUMBIA,2019,155,17.666666
COLUMBIA,2019,154,18.000000
COLUMBIA,2019,153,
COLUMBIA,2019,152,
COLUMBIA,2019,151,18.000000
COLUMBIA,2019,150,18.750000
COLUMBIA,2019,149,19.000000
COLUMBIA,2019,148,19.000000
COLUMBIA,2019,147,
COLUMBIA,2019,146,
COLUMBIA,2019,145,
COLUMBIA,2019,144,20.750000
COLUMBIA,2019,143,21.000000
COLUMBIA,2019,142,21.000000
COLUMBIA,2019,141,21.000000
COLUMBIA,2019,140,21.000000
COLUMBIA,2019,139,
COLUMBIA,2019,138,
COLUMBIA,2019,137,24.375000
COLUMBIA,2019,136,24.375000
COLUMBIA,2019,135,24.375000
COLUMBIA,2019,134,22.875000
COLUMBIA,2019,133,22.875000
COLUMBIA,2019,132,
COLUMBIA,2019,131,
COLUMBIA,2019,130,
COLUMBIA,2019,129,24.250000
COLUMBIA,2019,128,24.250000
COLUMBIA,2019,127,25.666666
COLUMBIA,2019,126,25.666666
COLUMBIA,2019,125,
COLUMBIA,2019,124,
COLUMBIA,2019,123,25.000000
COLUMBIA,2019,122,25.000000
COLUMBIA,2019,121,24.000000
COLUMBIA,2019,120,24.000000
COLUMBIA,2019,119,21.500000
COLUMBIA,2019,118,
COLUMBIA,2019,117,
COLUMBIA,2019,116,22.000000
COLUMBIA,2019,115,22.000000
COLUMBIA,2019,114,22.000000
COLUMBIA,2019,113,21.333333
COLUMBIA,2019,112,21.333333
COLUMBIA,2019,111,
COLUMBIA,2019,110,
COLUMBIA,2019,109,20.333333
COLUMBIA,2019,108,20.333333
COLUMBIA,2019,107,20.333333
COLUMBIA,2019,106,20.333333
COLUMBIA,2019,105,20.333333
COLUMBIA,2019,104,
COLUMBIA,2019,103,
COLUMBIA,2019,102,20.333333
COLUMBIA,2019,101,20.333333
COLUMBIA,2019,100,20.333333
COLUMBIA,2019,99,20.333333
COLUMBIA,2019,98,20.333333
COLUMBIA,2019,97,
COLUMBIA,2019,96,
COLUMBIA,2019,95,22.333333
COLUMBIA,2019,94,22.333333
COLUMBIA,2019,93,22.333333
COLUMBIA,2019,92,22.333333
COLUMBIA,2019,91,22.333333
COLUMBIA,2019,90,
COLUMBIA,2019,89,
COLUMBIA,2019,88,22.333333
COLUMBIA,2019,87,22.333333
COLUMBIA,2019,86,22.333333
COLUMBIA,2019,85,22.333333
COLUMBIA,2019,84,
COLUMBIA,2019,83,
COLUMBIA,2019,82,
COLUMBIA,2019,81,25.000000
COLUMBIA,2019,80,25.000000
COLUMBIA,2019,79,25.000000
COLUMBIA,2019,78,25.000000
COLUMBIA,2019,77,25.000000
COLUMBIA,2019,76,
COLUMBIA,2019,75,
COLUMBIA,2019,74,26.166666
COLUMBIA,2019,73,26.166666
COLUMBIA,2019,72,26.166666
COLUMBIA,2019,71,26.166666
COLUMBIA,2019,70,28.500000
COLUMBIA,2019,69,
COLUMBIA,2019,68,
COLUMBIA,2019,67,28.833333
COLUMBIA,2019,66,28.833333
COLUMBIA,2019,65,28.833333
COLUMBIA,2019,64,28.833333
COLUMBIA,2019,63,31.833333
COLUMBIA,2019,62,
COLUMBIA,2019,61,
COLUMBIA,2019,60,31.833333
COLUMBIA,2019,59,32.833333
COLUMBIA,2019,58,32.833333
COLUMBIA,2019,57,32.833333
COLUMBIA,2019,56,32.833333
COLUMBIA,2019,55,
COLUMBIA,2019,54,
COLUMBIA,2019,53,34.666666
COLUMBIA,2019,52,34.666666
COLUMBIA,2019,51,34.666666
COLUMBIA,2019,50,34.666666
COLUMBIA,2019,49,
COLUMBIA,2019,48,
COLUMBIA,2019,47,
COLUMBIA,2019,46,34.833333
COLUMBIA,2019,45,34.833333
COLUMBIA,2019,44,35.333333
COLUMBIA,2019,43,35.833333
COLUMBIA,2019,42,35.833333
COLUMBIA,2019,41,
COLUMBIA,2019,40,
COLUMBIA,2019,39,39.333333
COLUMBIA,2019,38,39.333333
COLUMBIA,2019,37,39.333333
COLUMBIA,2019,36,39.333333
COLUMBIA,2019,35,39.333333
COLUMBIA,2019,34,
COLUMBIA,2019,33,
COLUMBIA,2019,32,40.166666
COLUMBIA,2019,31,40.166666
COLUMBIA,2019,30,40.166666
COLUMBIA,2019,29,40.166666
COLUMBIA,2019,28,
COLUMBIA,2019,27,
COLUMBIA,2019,26,
COLUMBIA,2019,25,40.500000
COLUMBIA,2019,24,37.833333
COLUMBIA,2019,23,37.833333
COLUMBIA,2019,22,37.666666
COLUMBIA,2019,21,
COLUMBIA,2019,20,
COLUMBIA,2019,19,
COLUMBIA,2019,18,40.000000
COLUMBIA,2019,17,39.166666
COLUMBIA,2019,16,39.166666
COLUMBIA,2019,15,39.166666
COLUMBIA,2019,14,39.166666
COLUMBIA,2019,13,
COLUMBIA,2019,12,
COLUMBIA,2019,11,38.666666
COLUMBIA,2019,10,38.666666
COLUMBIA,2019,9,38.666666
COLUMBIA,2019,8,39.000000
COLUMBIA,2019,7,39.000000
COLUMBIA,2019,6,
COLUMBIA,2019,5,
COLUMBIA,2019,4,39.250000
COLUMBIA,2019,3,39.250000
COLUMBIA,2019,2,39.666666
LOS ANGELES,2019,366,
LOS ANGELES,2019,365,0.860000
LOS ANGELES,2019,364,0.820000
LOS ANGELES,2019,363,
LOS ANGELES,2019,362,
LOS ANGELES,2019,361,0.820000
LOS ANGELES,2019,360,0.820000
LOS ANGELES,2019,359,
LOS ANGELES,2019,358,
LOS ANGELES,2019,357,0.820000
LOS ANGELES,2019,356,
LOS ANGELES,2019,355,
LOS ANGELES,2019,354,0.820000
LOS ANGELES,2019,353,0.820000
LOS ANGELES,2019,352,0.820000
LOS ANGELES,2019,351,0.820000
LOS ANGELES,2019,350,0.820000
LOS ANGELES,2019,349,
LOS ANGELES,2019,348,
LOS ANGELES,2019,347,0.820000
LOS ANGELES,2019,346,0.820000
LOS ANGELES,2019,345,0.820000
LOS ANGELES,2019,344,0.820000
LOS ANGELES,2019,343,0.860000
LOS ANGELES,2019,342,
LOS ANGELES,2019,341,
LOS ANGELES,2019,340,0.860000
LOS ANGELES,2019,339,1.133333
LOS ANGELES,2019,338,1.220000
LOS ANGELES,2019,337,1.220000
LOS ANGELES,2019,336,0.964000
LOS ANGELES,2019,335,
LOS ANGELES,2019,334,
LOS ANGELES,2019,333,0.964000
LOS ANGELES,2019,332,
LOS ANGELES,2019,331,0.840000
LOS ANGELES,2019,330,0.840000
LOS ANGELES,2019,329,0.883333
LOS ANGELES,2019,328,
LOS ANGELES,2019,327,
LOS ANGELES,2019,326,0.883333
LOS ANGELES,2019,325,0.883333
LOS ANGELES,2019,324,0.883333
LOS ANGELES,2019,323,0.883333
LOS ANGELES,2019,322,0.816666
LOS ANGELES,2019,321,
LOS ANGELES,2019,320,
LOS ANGELES,2019,319,0.816666
LOS ANGELES,2019,318,0.816666
LOS ANGELES,2019,317,0.816666
LOS ANGELES,2019,316,0.816666
LOS ANGELES,2019,315,
LOS ANGELES,2019,314,
LOS ANGELES,2019,313,
LOS ANGELES,2019,312,0.430000
LOS ANGELES,2019,311,0.430000
LOS ANGELES,2019,310,0.430000
LOS ANGELES,2019,309,0.430000
LOS ANGELES,2019,308,0.430000
LOS ANGELES,2019,307,
LOS ANGELES,2019,306,
LOS ANGELES,2019,305,0.370000
LOS ANGELES,2019,304,0.370000
LOS ANGELES,2019,303,0.370000
LOS ANGELES,2019,302,0.370000
LOS ANGELES,2019,301,0.370000
LOS ANGELES,2019,300,
LOS ANGELES,2019,299,
LOS ANGELES,2019,298,0.355000
LOS ANGELES,2019,297,0.355000
LOS ANGELES,2019,296,0.355000
LOS ANGELES,2019,295,0.355000
LOS ANGELES,2019,294,0.355000
LOS ANGELES,2019,293,
LOS ANGELES,2019,292,
LOS ANGELES,2019,291,0.315000
LOS ANGELES,2019,290,0.315000
LOS ANGELES,2019,289,0.315000
LOS ANGELES,2019,288,0.315000
LOS ANGELES,2019,287,
LOS ANGELES,2019,286,
LOS ANGELES,2019,285,
LOS ANGELES,2019,284,0.315000
LOS ANGELES,2019,283,0.315000
LOS ANGELES,2019,282,0.315000
LOS ANGELES,2019,281,0.300000
LOS ANGELES,2019,280,0.300000
LOS ANGELES,2019,279,
LOS ANGELES,2019,278,
LOS ANGELES,2019,277,0.300000
LOS ANGELES,2019,276,0.300000
LOS ANGELES,2019,275,0.300000
LOS ANGELES,2019,274,0.300000
LOS ANGELES,2019,273,0.300000
LOS ANGELES,2019,272,
LOS ANGELES,2019,271,
LOS ANGELES,2019,270,0.300000
LOS ANGELES,2019,269,0.300000
LOS ANGELES,2019,268,0.300000
LOS ANGELES,2019,267,0.280000
LOS ANGELES,2019,266,0.280000
LOS ANGELES,2019,265,
LOS ANGELES,2019,264,
LOS ANGELES,2019,263,0.280000
LOS ANGELES,2019,262,0.280000
LOS ANGELES,2019,261,0.280000
LOS ANGELES,2019,260,0.280000
LOS ANGELES,2019,259,0.350000
LOS ANGELES,2019,258,
LOS ANGELES,2019,257,
LOS ANGELES,2019,256,0.350000
LOS ANGELES,2019,255,0.350000
LOS ANGELES,2019,254,0.350000
LOS ANGELES,2019,253,0.350000
LOS ANGELES,2019,252,0.350000
LOS ANGELES,2019,251,
LOS ANGELES,2019,250,
LOS ANGELES,2019,249,0.350000
LOS ANGELES,2019,248,0.350000
LOS ANGELES,2019,247,0.350000
LOS ANGELES,2019,246,0.350000
LOS ANGELES,2019,245,
LOS ANGELES,2019,244,
LOS ANGELES,2019,243,
LOS ANGELES,2019,242,0.350000
LOS ANGELES,2019,241,0.350000
LOS ANGELES,2019,240,0.350000
LOS ANGELES,2019,239,0.350000
LOS ANGELES,2019,238,0.380000
LOS ANGELES,2019,237,
LOS ANGELES,2019,236,
LOS ANGELES,2019,235,0.380000
LOS ANGELES,2019,234,0.380000
LOS ANGELES,2019,233,0.380000
LOS ANGELES,2019,232,0.380000
LOS ANGELES,2019,231,0.380000
LOS ANGELES,2019,230,
LOS ANGELES,2019,229,
LOS ANGELES,2019,228,
LOS ANGELES,2019,227,0.380000
LOS ANGELES,2019,226,0.380000
LOS ANGELES,2019,225,0.380000
LOS ANGELES,2019,224,0.380000
LOS ANGELES,2019,223,
LOS ANGELES,2019,222,
LOS ANGELES,2019,221,0.465000
LOS ANGELES,2019,220,0.465000
LOS ANGELES,2019,219,0.465000
LOS ANGELES,2019,218,0.465000
LOS ANGELES,2019,217,0.465000
LOS ANGELES,2019,216,
LOS ANGELES,2019,215,
LOS ANGELES,2019,214,0.465000
LOS ANGELES,2019,213,0.465000
LOS ANGELES,2019,212,0.465000
LOS ANGELES,2019,211,0.465000
LOS ANGELES,2019,210,0.465000
LOS ANGELES,2019,209,
LOS ANGELES,2019,208,
LOS ANGELES,2019,207,0.465000
LOS ANGELES,2019,206,0.465000
LOS ANGELES,2019,205,0.465000
LOS ANGELES,2019,204,0.465000
LOS ANGELES,2019,203,0.580000
LOS ANGELES,2019,202,
LOS ANGELES,2019,201,
LOS ANGELES,2019,200,0.580000
LOS ANGELES,2019,199,0.580000
LOS ANGELES,2019,198,0.580000
LOS ANGELES,2019,197,0.580000
LOS ANGELES,2019,196,0.580000
LOS ANGELES,2019,195,
LOS ANGELES,2019,194,
LOS ANGELES,2019,193,0.580000
LOS ANGELES,2019,192,0.580000
LOS ANGELES,2019,191,0.580000
LOS ANGELES,2019,190,0.580000
LOS ANGELES,2019,189,0.580000
LOS ANGELES,2019,188,
LOS ANGELES,2019,187,
LOS ANGELES,2019,186,0.580000
LOS ANGELES,2019,185,
LOS ANGELES,2019,184,0.580000
LOS ANGELES,2019,183,0.580000
LOS ANGELES,2019,182,0.580000
LOS ANGELES,2019,181,
LOS ANGELES,2019,180,
LOS ANGELES,2019,179,0.580000
LOS ANGELES,2019,178,0.580000
LOS ANGELES,2019,177,0.580000
LOS ANGELES,2019,176,0.580000
LOS ANGELES,2019,175,0.330000
LOS ANGELES,2019,174,
LOS ANGELES,2019,173,
LOS ANGELES,2019,172,0.330000
LOS ANGELES,2019,171,0.330000
LOS ANGELES,2019,170,0.330000
LOS ANGELES,2019,169,0.330000
LOS ANGELES,2019,168,0.330000
LOS ANGELES,2019,167,
LOS ANGELES,2019,166,
LOS ANGELES,2019,165,0.330000
LOS ANGELES,2019,164,0.330000
LOS ANGELES,2019,163,0.330000
LOS ANGELES,2019,162,0.330000
LOS ANGELES,2019,161,0.330000
LOS ANGELES,2019,160,
LOS ANGELES,2019,159,
LOS ANGELES,2019,158,0.330000
LOS ANGELES,2019,157,0.330000
LOS ANGELES,2019,156,0.330000
LOS ANGELES,2019,155,0.330000
LOS ANGELES,2019,154,0.330000
LOS ANGELES,2019,153,
LOS ANGELES,2019,152,
LOS ANGELES,2019,151,0.330000
LOS ANGELES,2019,150,0.330000
LOS ANGELES,2019,149,0.380000
LOS ANGELES,2019,148,0.380000
LOS ANGELES,2019,147,
LOS ANGELES,2019,146,
LOS ANGELES,2019,145,
LOS ANGELES,2019,144,0.380000
LOS ANGELES,2019,143,0.380000
LOS ANGELES,2019,142,0.380000
LOS ANGELES,2019,141,0.550000
LOS ANGELES,2019,140,0.550000
LOS ANGELES,2019,139,
LOS ANGELES,2019,138,
LOS ANGELES,2019,137,0.550000
LOS ANGELES,2019,136,0.550000
LOS ANGELES,2019,135,0.550000
LOS ANGELES,2019,134,0.550000
LOS ANGELES,2019,133,0.550000
LOS ANGELES,2019,132,
LOS ANGELES,2019,131,
LOS ANGELES,2019,130,0.550000
LOS ANGELES,2019,129,0.550000
LOS ANGELES,2019,128,0.550000
LOS ANGELES,2019,127,0.550000
LOS ANGELES,2019,126,0.550000
LOS ANGELES,2019,125,
LOS ANGELES,2019,124,
LOS ANGELES,2019,123,0.550000
LOS ANGELES,2019,122,0.550000
LOS ANGELES,2019,121,0.550000
LOS ANGELES,2019,120,0.550000
LOS ANGELES,2019,119,0.550000
LOS ANGELES,2019,118,
LOS ANGELES,2019,117,
LOS ANGELES,2019,116,0.550000
LOS ANGELES,2019,115,0.550000
LOS ANGELES,2019,114,0.550000
LOS ANGELES,2019,113,0.550000
LOS ANGELES,2019,112,0.550000
LOS ANGELES,2019,111,
LOS ANGELES,2019,110,
LOS ANGELES,2019,109,0.500000
LOS ANGELES,2019,108,0.500000
LOS ANGELES,2019,107,0.500000
LOS ANGELES,2019,106,0.500000
LOS ANGELES,2019,105,0.500000
LOS ANGELES,2019,104,
LOS ANGELES,2019,103,
LOS ANGELES,2019,102,0.500000
LOS ANGELES,2019,101,0.500000
LOS ANGELES,2019,100,0.500000
LOS ANGELES,2019,99,0.500000
LOS ANGELES,2019,98,0.500000
LOS ANGELES,2019,97,
LOS ANGELES,2019,96,
LOS ANGELES,2019,95,0.500000
LOS ANGELES,2019,94,0.500000
LOS ANGELES,2019,93,0.500000
LOS ANGELES,2019,92,0.500000
LOS ANGELES,2019,91,0.500000
LOS ANGELES,2019,90,
LOS ANGELES,2019,89,
LOS ANGELES,2019,88,0.500000
LOS ANGELES,2019,87,0.500000
LOS ANGELES,2019,86,0.500000
LOS ANGELES,2019,85,0.500000
LOS ANGELES,2019,84,0.500000
LOS ANGELES,2019,83,
LOS ANGELES,2019,82,
LOS ANGELES,2019,81,0.500000
LOS ANGELES,2019,80,0.500000
LOS ANGELES,2019,79,0.500000
LOS ANGELES,2019,78,0.500000
LOS ANGELES,2019,77,0.550000
LOS ANGELES,2019,76,
LOS ANGELES,2019,75,
LOS ANGELES,2019,74,0.550000
LOS ANGELES,2019,73,0.550000
LOS ANGELES,2019,72,0.550000
LOS ANGELES,2019,71,0.550000
LOS ANGELES,2019,70,0.550000
LOS ANGELES,2019,69,
LOS ANGELES,2019,68,
LOS ANGELES,2019,67,0.550000
LOS ANGELES,2019,66,0.550000
LOS ANGELES,2019,65,0.550000
LOS ANGELES,2019,64,0.550000
LOS ANGELES,2019,63,0.800000
LOS ANGELES,2019,62,
LOS ANGELES,2019,61,
LOS ANGELES,2019,60,0.800000
LOS ANGELES,2019,59,0.800000
LOS ANGELES,2019,58,0.800000
LOS ANGELES,2019,57,0.800000
LOS ANGELES,2019,56,0.800000
LOS ANGELES,2019,55,
LOS ANGELES,2019,54,
LOS ANGELES,2019,53,0.800000
LOS ANGELES,2019,52,0.800000
LOS ANGELES,2019,51,0.800000
LOS ANGELES,2019,50,0.800000
LOS ANGELES,2019,49,
LOS ANGELES,2019,48,
LOS ANGELES,2019,47,
LOS ANGELES,2019,46,0.800000
LOS ANGELES,2019,45,0.800000
LOS ANGELES,2019,44,0.800000
LOS ANGELES,2019,43,0.800000
LOS ANGELES,2019,42,0.800000
LOS ANGELES,2019,41,
LOS ANGELES,2019,40,
LOS ANGELES,2019,39,0.800000
LOS ANGELES,2019,38,0.800000
LOS ANGELES,2019,37,0.800000
LOS ANGELES,2019,36,0.800000
LOS ANGELES,2019,35,0.800000
LOS ANGELES,2019,34,
LOS ANGELES,2019,33,
LOS ANGELES,2019,32,0.800000
LOS ANGELES,2019,31,0.800000
LOS ANGELES,2019,30,0.800000
LOS ANGELES,2019,29,0.800000
LOS ANGELES,2019,28,0.800000
LOS ANGELES,2019,27,
LOS ANGELES,2019,26,
LOS ANGELES,2019,25,0.800000
LOS ANGELES,2019,24,0.800000
LOS ANGELES,2019,23,0.800000
LOS ANGELES,2019,22,0.800000
LOS ANGELES,2019,21,
LOS ANGELES,2019,20,
LOS ANGELES,2019,19,
LOS ANGELES,2019,18,0.800000
LOS ANGELES,2019,17,0.800000
LOS ANGELES,2019,16,0.800000
LOS ANGELES,2019,15,0.800000
LOS ANGELES,2019,14,0.800000
LOS ANGELES,2019,13,
LOS ANGELES,2019,12,
LOS ANGELES,2019,11,0.800000
LOS ANGELES,2019,10,0.800000
LOS ANGELES,2019,9,0.800000
LOS ANGELES,2019,8,0.800000
LOS ANGELES,2019,7,0.800000
LOS ANGELES,2019,6,
LOS ANGELES,2019,5,
LOS ANGELES,2019,4,0.800000
LOS ANGELES,2019,3,0.800000
LOS ANGELES,2019,2,0.750000
MIAMI,2019,366,
MIAMI,2019,365,21.333333
MIAMI,2019,364,21.333333
MIAMI,2019,363,
MIAMI,2019,362,
MIAMI,2019,361,21.333333
MIAMI,2019,360,21.333333
MIAMI,2019,359,
MIAMI,2019,358,
MIAMI,2019,357,21.333333
MIAMI,2019,356,
MIAMI,2019,355,
MIAMI,2019,354,21.500000
MIAMI,2019,353,21.500000
MIAMI,2019,352,21.500000
MIAMI,2019,351,21.500000
MIAMI,2019,350,21.500000
MIAMI,2019,349,
MIAMI,2019,348,
MIAMI,2019,347,21.833333
MIAMI,2019,346,21.833333
MIAMI,2019,345,21.833333
MIAMI,2019,344,21.833333
MIAMI,2019,343,21.833333
MIAMI,2019,342,
MIAMI,2019,341,
MIAMI,2019,340,21.833333
MIAMI,2019,339,21.833333
MIAMI,2019,338,21.833333
MIAMI,2019,337,21.833333
MIAMI,2019,336,21.833333
MIAMI,2019,335,
MIAMI,2019,334,
MIAMI,2019,333,21.833333
MIAMI,2019,332,
MIAMI,2019,331,21.833333
MIAMI,2019,330,21.250000
MIAMI,2019,329,21.250000
MIAMI,2019,328,
MIAMI,2019,327,
MIAMI,2019,326,21.250000
MIAMI,2019,325,21.250000
MIAMI,2019,324,21.250000
MIAMI,2019,323,21.250000
MIAMI,2019,322,21.250000
MIAMI,2019,321,
MIAMI,2019,320,
MIAMI,2019,319,21.250000
MIAMI,2019,318,21.250000
MIAMI,2019,317,21.250000
MIAMI,2019,316,21.250000
MIAMI,2019,315,
MIAMI,2019,314,
MIAMI,2019,313,
MIAMI,2019,312,21.000000
MIAMI,2019,311,21.000000
MIAMI,2019,310,21.000000
MIAMI,2019,309,21.000000
MIAMI,2019,308,21.000000
MIAMI,2019,307,
MIAMI,2019,306,
MIAMI,2019,305,21.000000
MIAMI,2019,304,21.000000
MIAMI,2019,303,21.000000
MIAMI,2019,302,21.000000
MIAMI,2019,301,21.000000
MIAMI,2019,300,
MIAMI,2019,299,
MIAMI,2019,298,21.000000
MIAMI,2019,297,21.000000
MIAMI,2019,296,21.000000
MIAMI,2019,295,21.000000
MIAMI,2019,294,21.000000
MIAMI,2019,293,
MIAMI,2019,292,
MIAMI,2019,291,21.000000
MIAMI,2019,290,21.000000
MIAMI,2019,289,21.000000
MIAMI,2019,288,21.000000
MIAMI,2019,287,
MIAMI,2019,286,
MIAMI,2019,285,
MIAMI,2019,284,21.000000
MIAMI,2019,283,21.000000
MIAMI,2019,282,21.000000
MIAMI,2019,281,21.000000
MIAMI,2019,280,21.000000
MIAMI,2019,279,
MIAMI,2019,278,
MIAMI,2019,277,21.000000
MIAMI,2019,276,21.000000
MIAMI,2019,275,21.000000
MIAMI,2019,274,21.000000
MIAMI,2019,273,21.000000
MIAMI,2019,272,
MIAMI,2019,271,
MIAMI,2019,270,21.000000
MIAMI,2019,269,21.000000
MIAMI,2019,268,21.500000
MIAMI,2019,267,21.500000
MIAMI,2019,266,21.500000
MIAMI,2019,265,
MIAMI,2019,264,
MIAMI,2019,263,21.500000
MIAMI,2019,262,21.500000
MIAMI,2019,261,21.500000
MIAMI,2019,260,21.500000
MIAMI,2019,259,21.500000
MIAMI,2019,258,
MIAMI,2019,257,
MIAMI,2019,256,21.500000
MIAMI,2019,255,21.500000
MIAMI,2019,254,22.000000
MIAMI,2019,253,22.000000
MIAMI,2019,252,22.000000
MIAMI,2019,251,
MIAMI,2019,250,
MIAMI,2019,249,22.000000
MIAMI,2019,248,22.000000
MIAMI,2019,247,22.000000
MIAMI,2019,246,22.000000
MIAMI,2019,245,
MIAMI,2019,244,
MIAMI,2019,243,
MIAMI,2019,242,22.000000
MIAMI,2019,241,22.000000
MIAMI,2019,240,22.000000
MIAMI,2019,239,22.000000
MIAMI,2019,238,22.000000
MIAMI,2019,237,
MIAMI,2019,236,
MIAMI,2019,235,22.000000
MIAMI,2019,234,22.000000
MIAMI,2019,233,22.000000
MIAMI,2019,232,22.000000
MIAMI,2019,231,22.000000
MIAMI,2019,230,
MIAMI,2019,229,
MIAMI,2019,228,
MIAMI,2019,227,
MIAMI,2019,226,22.000000
MIAMI,2019,225,22.000000
MIAMI,2019,224,22.000000
MIAMI,2019,223,
MIAMI,2019,222,
MIAMI,2019,221,22.000000
MIAMI,2019,220,22.000000
MIAMI,2019,219,22.000000
MIAMI,2019,218,22.000000
MIAMI,2019,217,22.000000
MIAMI,2019,216,
MIAMI,2019,215,
MIAMI,2019,214,22.000000
MIAMI,2019,213,22.000000
MIAMI,2019,212,22.000000
MIAMI,2019,211,22.000000
MIAMI,2019,210,22.000000
MIAMI,2019,209,
MIAMI,2019,208,
MIAMI,2019,207,22.000000
MIAMI,2019,206,22.000000
MIAMI,2019,205,22.000000
MIAMI,2019,204,22.000000
MIAMI,2019,203,22.000000
MIAMI,2019,202,
MIAMI,2019,201,
MIAMI,2019,200,22.000000
MIAMI,2019,199,22.000000
MIAMI,2019,198,22.000000
MIAMI,2019,197,22.000000
MIAMI,2019,196,22.000000
MIAMI,2019,195,
MIAMI,2019,194,
MIAMI,2019,193,22.000000
MIAMI,2019,192,22.000000
MIAMI,2019,191,22.000000
MIAMI,2019,190,22.000000
MIAMI,2019,189,22.000000
MIAMI,2019,188,
MIAMI,2019,187,
MIAMI,2019,186,27.000000
MIAMI,2019,185,
MIAMI,2019,184,27.000000
MIAMI,2019,183,27.000000
MIAMI,2019,182,27.000000
MIAMI,2019,181,
MIAMI,2019,180,
MIAMI,2019,179,27.000000
MIAMI,2019,178,27.000000
MIAMI,2019,177,23.750000
MIAMI,2019,176,23.750000
MIAMI,2019,175,23.750000
MIAMI,2019,174,
MIAMI,2019,173,
MIAMI,2019,172,23.750000
MIAMI,2019,171,23.750000
MIAMI,2019,170,23.750000
MIAMI,2019,169,23.750000
MIAMI,2019,168,23.750000
MIAMI,2019,167,
MIAMI,2019,166,
MIAMI,2019,165,23.750000
MIAMI,2019,164,23.750000
MIAMI,2019,163,23.750000
MIAMI,2019,162,23.750000
MIAMI,2019,161,23.750000
MIAMI,2019,160,
MIAMI,2019,159,
MIAMI,2019,158,23.750000
MIAMI,2019,157,23.750000
MIAMI,2019,156,23.750000
MIAMI,2019,155,23.750000
MIAMI,2019,154,23.750000
MIAMI,2019,153,
MIAMI,2019,152,
MIAMI,2019,151,23.750000
MIAMI,2019,150,23.750000
MIAMI,2019,149,23.750000
MIAMI,2019,148,23.750000
MIAMI,2019,147,
MIAMI,2019,146,
MIAMI,2019,145,
MIAMI,2019,144,23.750000
MIAMI,2019,143,23.750000
MIAMI,2019,142,23.750000
MIAMI,2019,141,23.750000
MIAMI,2019,140,23.750000
MIAMI,2019,139,
MIAMI,2019,138,
MIAMI,2019,137,23.750000
MIAMI,2019,136,23.750000
MIAMI,2019,135,23.750000
MIAMI,2019,134,23.750000
MIAMI,2019,133,23.750000
MIAMI,2019,132,
MIAMI,2019,131,
MIAMI,2019,130,23.750000
MIAMI,2019,129,23.750000
MIAMI,2019,128,23.750000
MIAMI,2019,127,23.750000
MIAMI,2019,126,23.750000
MIAMI,2019,125,
MIAMI,2019,124,
MIAMI,2019,123,23.750000
MIAMI,2019,122,23.750000
MIAMI,2019,121,23.750000
MIAMI,2019,120,23.750000
MIAMI,2019,119,23.750000
MIAMI,2019,118,
MIAMI,2019,117,
MIAMI,2019,116,23.750000
MIAMI,2019,115,23.750000
MIAMI,2019,114,23.750000
MIAMI,2019,113,23.750000
MIAMI,2019,112,23.750000
MIAMI,2019,111,
MIAMI,2019,110,
MIAMI,2019,109,23.750000
MIAMI,2019,108,23.750000
MIAMI,2019,107,23.750000
MIAMI,2019,106,23.000000
MIAMI,2019,105,23.000000
MIAMI,2019,104,
MIAMI,2019,103,
MIAMI,2019,102,23.000000
MIAMI,2019,101,23.000000
MIAMI,2019,100,23.000000
MIAMI,2019,99,23.000000
MIAMI,2019,98,23.000000
MIAMI,2019,97,
MIAMI,2019,96,
MIAMI,2019,95,23.000000
MIAMI,2019,94,23.000000
MIAMI,2019,93,23.000000
MIAMI,2019,92,23.000000
MIAMI,2019,91,21.000000
MIAMI,2019,90,
MIAMI,2019,89,
MIAMI,2019,88,21.000000
MIAMI,2019,87,21.000000
MIAMI,2019,86,38.000000
MIAMI,2019,85,38.000000
MIAMI,2019,84,38.000000
MIAMI,2019,83,
MIAMI,2019,82,
MIAMI,2019,81,38.000000
MIAMI,2019,80,38.000000
MIAMI,2019,79,38.000000
MIAMI,2019,78,38.000000
MIAMI,2019,77,38.000000
MIAMI,2019,76,
MIAMI,2019,75,
MIAMI,2019,74,38.000000
MIAMI,2019,73,38.000000
MIAMI,2019,72,38.000000
MIAMI,2019,71,38.000000
MIAMI,2019,70,38.000000
MIAMI,2019,69,
MIAMI,2019,68,
MIAMI,2019,67,38.000000
MIAMI,2019,66,38.000000
MIAMI,2019,65,38.000000
MIAMI,2019,64,38.000000
MIAMI,2019,63,38.000000
MIAMI,2019,62,
MIAMI,2019,61,
MIAMI,2019,60,38.000000
MIAMI,2019,59,38.000000
MIAMI,2019,58,38.000000
MIAMI,2019,57,38.000000
MIAMI,2019,56,38.000000
MIAMI,2019,55,
MIAMI,2019,54,
MIAMI,2019,53,38.000000
MIAMI,2019,52,38.000000
MIAMI,2019,51,38.000000
MIAMI,2019,50,38.000000
MIAMI,2019,49,
MIAMI,2019,48,
MIAMI,2019,47,
MIAMI,2019,46,38.000000
MIAMI,2019,45,44.000000
MIAMI,2019,44,44.000000
MIAMI,2019,43,44.000000
MIAMI,2019,42,44.000000
MIAMI,2019,41,
MIAMI,2019,40,
MIAMI,2019,39,44.000000
MIAMI,2019,38,44.000000
MIAMI,2019,37,44.000000
MIAMI,2019,36,44.000000
MIAMI,2019,35,44.000000
MIAMI,2019,34,
MIAMI,2019,33,
MIAMI,2019,32,44.000000
MIAMI,2019,31,44.000000
MIAMI,2019,30,44.000000
MIAMI,2019,29,44.000000
MIAMI,2019,28,44.000000
MIAMI,2019,27,
MIAMI,2019,26,
MIAMI,2019,25,44.000000
MIAMI,2019,24,44.000000
MIAMI,2019,23,44.000000
MIAMI,2019,22,44.000000
MIAMI,2019,21,
MIAMI,2019,20,
MIAMI,2019,19,
MIAMI,2019,18,44.000000
MIAMI,2019,17,44.000000
MIAMI,2019,16,47.000000
MIAMI,2019,15,47.000000
MIAMI,2019,14,47.000000
MIAMI,2019,13,
MIAMI,2019,12,
MIAMI,2019,11,47.000000
MIAMI,2019,10,47.000000
MIAMI,2019,9,47.000000
MIAMI,2019,8,47.000000
MIAMI,2019,7,47.000000
MIAMI,2019,6,
MIAMI,2019,5,
MIAMI,2019,4,29.000000
MIAMI,2019,3,29.000000
MIAMI,2019,2,29.000000
NEW YORK,2019,366,
NEW YORK,2019,365,17.833333
NEW YORK,2019,364,17.833333
NEW YORK,2019,363,
NEW YORK,2019,362,
NEW YORK,2019,361,18.785714
NEW YORK,2019,360,
NEW YORK,2019,359,
NEW YORK,2019,358,
NEW YORK,2019,357,18.750000
NEW YORK,2019,356,
NEW YORK,2019,355,
NEW YORK,2019,354,20.142857
NEW YORK,2019,353,20.142857
NEW YORK,2019,352,20.142857
NEW YORK,2019,351,18.642857
NEW YORK,2019,350,18.642857
NEW YORK,2019,349,
NEW YORK,2019,348,
NEW YORK,2019,347,18.642857
NEW YORK,2019,346,17.666666
NEW YORK,2019,345,17.666666
NEW YORK,2019,344,17.666666
NEW YORK,2019,343,17.666666
NEW YORK,2019,342,
NEW YORK,2019,341,
NEW YORK,2019,340,17.666666
NEW YORK,2019,339,19.250000
NEW YORK,2019,338,19.250000
NEW YORK,2019,337,19.250000
NEW YORK,2019,336,16.400000
NEW YORK,2019,335,
NEW YORK,2019,334,
NEW YORK,2019,333,
NEW YORK,2019,332,
NEW YORK,2019,331,16.400000
NEW YORK,2019,330,16.400000
NEW YORK,2019,329,16.400000
NEW YORK,2019,328,
NEW YORK,2019,327,
NEW YORK,2019,326,16.400000
NEW YORK,2019,325,16.400000
NEW YORK,2019,324,16.400000
NEW YORK,2019,323,16.400000
NEW YORK,2019,322,15.600000
NEW YORK,2019,321,
NEW YORK,2019,320,
NEW YORK,2019,319,16.833333
NEW YORK,2019,318,16.833333
NEW YORK,2019,317,16.833333
NEW YORK,2019,316,17.800000
NEW YORK,2019,315,
NEW YORK,2019,314,
NEW YORK,2019,313,
NEW YORK,2019,312,17.333333
NEW YORK,2019,311,18.357142
NEW YORK,2019,310,18.357142
NEW YORK,2019,309,17.700000
NEW YORK,2019,308,18.750000
NEW YORK,2019,307,
NEW YORK,2019,306,
NEW YORK,2019,305,13.750000
NEW YORK,2019,304,14.500000
NEW YORK,2019,303,15.600000
NEW YORK,2019,302,15.750000
NEW YORK,2019,301,15.333333
NEW YORK,2019,300,
NEW YORK,2019,299,
NEW YORK,2019,298,15.750000
NEW YORK,2019,297,16.600000
NEW YORK,2019,296,16.600000
NEW YORK,2019,295,16.400000
NEW YORK,2019,294,16.400000
NEW YORK,2019,293,
NEW YORK,2019,292,
NEW YORK,2019,291,16.250000
NEW YORK,2019,290,17.700000
NEW YORK,2019,289,17.700000
NEW YORK,2019,288,
NEW YORK,2019,287,
NEW YORK,2019,286,
NEW YORK,2019,285,
NEW YORK,2019,284,16.333333
NEW YORK,2019,283,16.333333
NEW YORK,2019,282,16.666666
NEW YORK,2019,281,17.700000
NEW YORK,2019,280,17.700000
NEW YORK,2019,279,
NEW YORK,2019,278,
NEW YORK,2019,277,16.875000
NEW YORK,2019,276,16.722222
NEW YORK,2019,275,19.166666
NEW YORK,2019,274,19.166666
NEW YORK,2019,273,19.166666
NEW YORK,2019,272,
NEW YORK,2019,271,
NEW YORK,2019,270,15.333333
NEW YORK,2019,269,15.750000
NEW YORK,2019,268,15.750000
NEW YORK,2019,267,16.500000
NEW YORK,2019,266,16.800000
NEW YORK,2019,265,
NEW YORK,2019,264,
NEW YORK,2019,263,13.750000
NEW YORK,2019,262,16.312500
NEW YORK,2019,261,16.312500
NEW YORK,2019,260,17.071428
NEW YORK,2019,259,16.583333
NEW YORK,2019,258,
NEW YORK,2019,257,
NEW YORK,2019,256,14.916666
NEW YORK,2019,255,14.928571
NEW YORK,2019,254,15.071428
NEW YORK,2019,253,15.357142
NEW YORK,2019,252,16.000000
NEW YORK,2019,251,
NEW YORK,2019,250,
NEW YORK,2019,249,
NEW YORK,2019,248,
NEW YORK,2019,247,15.000000
NEW YORK,2019,246,14.800000
NEW YORK,2019,245,
NEW YORK,2019,244,
NEW YORK,2019,243,
NEW YORK,2019,242,13.000000
NEW YORK,2019,241,13.000000
NEW YORK,2019,240,11.000000
NEW YORK,2019,239,10.500000
NEW YORK,2019,238,11.000000
NEW YORK,2019,237,
NEW YORK,2019,236,
NEW YORK,2019,235,10.666666
NEW YORK,2019,234,14.500000
NEW YORK,2019,233,16.700000
NEW YORK,2019,232,17.666666
NEW YORK,2019,231,17.875000
NEW YORK,2019,230,
NEW YORK,2019,229,
NEW YORK,2019,228,
NEW YORK,2019,227,
NEW YORK,2019,226,16.200000
NEW YORK,2019,225,18.200000
NEW YORK,2019,224,18.200000
NEW YORK,2019,223,
NEW YORK,2019,222,
NEW YORK,2019,221,15.000000
NEW YORK,2019,220,15.000000
NEW YORK,2019,219,15.200000
NEW YORK,2019,218,16.000000
NEW YORK,2019,217,15.833333
NEW YORK,2019,216,
NEW YORK,2019,215,
NEW YORK,2019,214,17.375000
NEW YORK,2019,213,17.375000
NEW YORK,2019,212,17.375000
NEW YORK,2019,211,17.375000
NEW YORK,2019,210,17.375000
NEW YORK,2019,209,
NEW YORK,2019,208,
NEW YORK,2019,207,17.375000
NEW YORK,2019,206,18.300000
NEW YORK,2019,205,18.300000
NEW YORK,2019,204,18.300000
NEW YORK,2019,203,16.625000
NEW YORK,2019,202,
NEW YORK,2019,201,
NEW YORK,2019,200,22.375000
NEW YORK,2019,199,22.375000
NEW YORK,2019,198,22.375000
NEW YORK,2019,197,21.833333
NEW YORK,2019,196,23.000000
NEW YORK,2019,195,
NEW YORK,2019,194,
NEW YORK,2019,193,23.250000
NEW YORK,2019,192,19.000000
NEW YORK,2019,191,19.000000
NEW YORK,2019,190,17.666666
NEW YORK,2019,189,16.000000
NEW YORK,2019,188,
NEW YORK,2019,187,
NEW YORK,2019,186,
NEW YORK,2019,185,
NEW YORK,2019,184,16.500000
NEW YORK,2019,183,11.666666
NEW YORK,2019,182,16.500000
NEW YORK,2019,181,
NEW YORK,2019,180,
NEW YORK,2019,179,16.500000
NEW YORK,2019,178,16.500000
NEW YORK,2019,177,16.500000
NEW YORK,2019,176,16.500000
NEW YORK,2019,175,16.500000
NEW YORK,2019,174,
NEW YORK,2019,173,
NEW YORK,2019,172,16.500000
NEW YORK,2019,171,16.500000
NEW YORK,2019,170,16.666666
NEW YORK,2019,169,16.666666
NEW YORK,2019,168,17.000000
NEW YORK,2019,167,
NEW YORK,2019,166,
NEW YORK,2019,165,17.000000
NEW YORK,2019,164,17.000000
NEW YORK,2019,163,17.333333
NEW YORK,2019,162,15.750000
NEW YORK,2019,161,17.333333
NEW YORK,2019,160,
NEW YORK,2019,159,
NEW YORK,2019,158,16.000000
NEW YORK,2019,157,16.250000
NEW YORK,2019,156,16.250000
NEW YORK,2019,155,17.000000
NEW YORK,2019,154,17.000000
NEW YORK,2019,153,
NEW YORK,2019,152,
NEW YORK,2019,151,19.250000
NEW YORK,2019,150,19.250000
NEW YORK,2019,149,19.250000
NEW YORK,2019,148,19.500000
NEW YORK,2019,147,
NEW YORK,2019,146,
NEW YORK,2019,145,
NEW YORK,2019,144,16.750000
NEW YORK,2019,143,16.750000
NEW YORK,2019,142,18.500000
NEW YORK,2019,141,21.000000
NEW YORK,2019,140,23.375000
NEW YORK,2019,139,
NEW YORK,2019,138,
NEW YORK,2019,137,23.375000
NEW YORK,2019,136,23.100000
NEW YORK,2019,135,21.750000
NEW YORK,2019,134,20.375000
NEW YORK,2019,133,20.375000
NEW YORK,2019,132,
NEW YORK,2019,131,
NEW YORK,2019,130,20.875000
NEW YORK,2019,129,22.416666
NEW YORK,2019,128,23.083333
NEW YORK,2019,127,22.916666
NEW YORK,2019,126,26.500000
NEW YORK,2019,125,
NEW YORK,2019,124,
NEW YORK,2019,123,22.750000
NEW YORK,2019,122,22.750000
NEW YORK,2019,121,22.750000
NEW YORK,2019,120,23.500000
NEW YORK,2019,119,25.500000
NEW YORK,2019,118,
NEW YORK,2019,117,
NEW YORK,2019,116,26.000000
NEW YORK,2019,115,19.500000
NEW YORK,2019,114,19.500000
NEW YORK,2019,113,19.500000
NEW YORK,2019,112,
NEW YORK,2019,111,
NEW YORK,2019,110,
NEW YORK,2019,109,19.500000
NEW YORK,2019,108,19.500000
NEW YORK,2019,107,19.500000
NEW YORK,2019,106,20.000000
NEW YORK,2019,105,20.000000
NEW YORK,2019,104,
NEW YORK,2019,103,
NEW YORK,2019,102,20.000000
NEW YORK,2019,101,19.000000
NEW YORK,2019,100,21.900000
NEW YORK,2019,99,21.900000
NEW YORK,2019,98,21.875000
NEW YORK,2019,97,
NEW YORK,2019,96,
NEW YORK,2019,95,24.333333
NEW YORK,2019,94,24.333333
NEW YORK,2019,93,24.333333
NEW YORK,2019,92,24.333333
NEW YORK,2019,91,24.333333
NEW YORK,2019,90,
NEW YORK,2019,89,
NEW YORK,2019,88,24.500000
NEW YORK,2019,87,24.500000
NEW YORK,2019,86,24.500000
NEW YORK,2019,85,24.500000
NEW YORK,2019,84,24.666666
NEW YORK,2019,83,
NEW YORK,2019,82,
NEW YORK,2019,81,26.750000
NEW YORK,2019,80,26.750000
NEW YORK,2019,79,23.200000
NEW YORK,2019,78,27.000000
NEW YORK,2019,77,27.000000
NEW YORK,2019,76,
NEW YORK,2019,75,
NEW YORK,2019,74,24.000000
NEW YORK,2019,73,26.333333
NEW YORK,2019,72,27.000000
NEW YORK,2019,71,27.000000
NEW YORK,2019,70,29.000000
NEW YORK,2019,69,
NEW YORK,2019,68,
NEW YORK,2019,67,20.666666
NEW YORK,2019,66,22.750000
NEW YORK,2019,65,26.333333
NEW YORK,2019,64,26.333333
NEW YORK,2019,63,26.666666
NEW YORK,2019,62,
NEW YORK,2019,61,
NEW YORK,2019,60,27.333333
NEW YORK,2019,59,27.333333
NEW YORK,2019,58,27.333333
NEW YORK,2019,57,27.333333
NEW YORK,2019,56,27.333333
NEW YORK,2019,55,
NEW YORK,2019,54,
NEW YORK,2019,53,27.333333
NEW YORK,2019,52,29.250000
NEW YORK,2019,51,29.250000
NEW YORK,2019,50,29.666666
NEW YORK,2019,49,
NEW YORK,2019,48,
NEW YORK,2019,47,
NEW YORK,2019,46,31.000000
NEW YORK,2019,45,31.000000
NEW YORK,2019,44,31.000000
NEW YORK,2019,43,35.250000
NEW YORK,2019,42,36.100000
NEW YORK,2019,41,
NEW YORK,2019,40,
NEW YORK,2019,39,39.200000
NEW YORK,2019,38,39.200000
NEW YORK,2019,37,38.600000
NEW YORK,2019,36,38.600000
NEW YORK,2019,35,37.250000
NEW YORK,2019,34,
NEW YORK,2019,33,
NEW YORK,2019,32,38.375000
NEW YORK,2019,31,38.375000
NEW YORK,2019,30,38.375000
NEW YORK,2019,29,40.200000
NEW YORK,2019,28,40.200000
NEW YORK,2019,27,
NEW YORK,2019,26,
NEW YORK,2019,25,34.666666
NEW YORK,2019,24,34.666666
NEW YORK,2019,23,34.666666
NEW YORK,2019,22,39.250000
NEW YORK,2019,21,
NEW YORK,2019,20,
NEW YORK,2019,19,
NEW YORK,2019,18,22.000000
NEW YORK,2019,17,38.600000
NEW YORK,2019,16,38.600000
NEW YORK,2019,15,36.250000
NEW YORK,2019,14,36.250000
NEW YORK,2019,13,
NEW YORK,2019,12,
NEW YORK,2019,11,24.000000
NEW YORK,2019,10,24.000000
NEW YORK,2019,9,37.833333
NEW YORK,2019,8,37.833333
NEW YORK,2019,7,37.833333
NEW YORK,2019,6,
NEW YORK,2019,5,
NEW YORK,2019,4,34.250000
NEW YORK,2019,3,38.000000
NEW YORK,2019,2,38.000000
PHILADELPHIA,2019,366,
PHILADELPHIA,2019,365,21.250000
PHILADELPHIA,2019,364,21.000000
PHILADELPHIA,2019,363,
PHILADELPHIA,2019,362,
PHILADELPHIA,2019,361,27.000000
PHILADELPHIA,2019,360,27.166666
PHILADELPHIA,2019,359,
PHILADELPHIA,2019,358,
PHILADELPHIA,2019,357,24.750000
PHILADELPHIA,2019,356,
PHILADELPHIA,2019,355,
PHILADELPHIA,2019,354,28.666666
PHILADELPHIA,2019,353,28.666666
PHILADELPHIA,2019,352,28.666666
PHILADELPHIA,2019,351,28.666666
PHILADELPHIA,2019,350,28.000000
PHILADELPHIA,2019,349,
PHILADELPHIA,2019,348,
PHILADELPHIA,2019,347,27.750000
PHILADELPHIA,2019,346,27.750000
PHILADELPHIA,2019,345,27.750000
PHILADELPHIA,2019,344,27.750000
PHILADELPHIA,2019,343,25.500000
PHILADELPHIA,2019,342,
PHILADELPHIA,2019,341,
PHILADELPHIA,2019,340,27.125000
PHILADELPHIA,2019,339,27.125000
PHILADELPHIA,2019,338,31.333333
PHILADELPHIA,2019,337,31.333333
PHILADELPHIA,2019,336,31.333333
PHILADELPHIA,2019,335,
PHILADELPHIA,2019,334,
PHILADELPHIA,2019,333,
PHILADELPHIA,2019,332,
PHILADELPHIA,2019,331,21.833333
PHILADELPHIA,2019,330,18.750000
PHILADELPHIA,2019,329,18.750000
PHILADELPHIA,2019,328,
PHILADELPHIA,2019,327,
PHILADELPHIA,2019,326,18.750000
PHILADELPHIA,2019,325,18.750000
PHILADELPHIA,2019,324,18.125000
PHILADELPHIA,2019,323,18.125000
PHILADELPHIA,2019,322,16.625000
PHILADELPHIA,2019,321,
PHILADELPHIA,2019,320,
PHILADELPHIA,2019,319,18.166666
PHILADELPHIA,2019,318,18.166666
PHILADELPHIA,2019,317,18.166666
PHILADELPHIA,2019,316,19.750000
PHILADELPHIA,2019,315,
PHILADELPHIA,2019,314,
PHILADELPHIA,2019,313,
PHILADELPHIA,2019,312,15.333333
PHILADELPHIA,2019,311,15.333333
PHILADELPHIA,2019,310,15.333333
PHILADELPHIA,2019,309,17.500000
PHILADELPHIA,2019,308,17.500000
PHILADELPHIA,2019,307,
PHILADELPHIA,2019,306,
PHILADELPHIA,2019,305,14.625000
PHILADELPHIA,2019,304,15.250000
PHILADELPHIA,2019,303,15.750000
PHILADELPHIA,2019,302,15.750000
PHILADELPHIA,2019,301,15.750000
PHILADELPHIA,2019,300,
PHILADELPHIA,2019,299,
PHILADELPHIA,2019,298,15.900000
PHILADELPHIA,2019,297,15.900000
PHILADELPHIA,2019,296,15.900000
PHILADELPHIA,2019,295,15.400000
PHILADELPHIA,2019,294,15.500000
PHILADELPHIA,2019,293,
PHILADELPHIA,2019,292,
PHILADELPHIA,2019,291,16.600000
PHILADELPHIA,2019,290,16.600000
PHILADELPHIA,2019,289,16.600000
PHILADELPHIA,2019,288,17.250000
PHILADELPHIA,2019,287,
PHILADELPHIA,2019,286,
PHILADELPHIA,2019,285,
PHILADELPHIA,2019,284,22.000000
PHILADELPHIA,2019,283,22.000000
PHILADELPHIA,2019,282,23.333333
PHILADELPHIA,2019,281,23.500000
PHILADELPHIA,2019,280,23.500000
PHILADELPHIA,2019,279,
PHILADELPHIA,2019,278,
PHILADELPHIA,2019,277,27.750000
PHILADELPHIA,2019,276,27.750000
PHILADELPHIA,2019,275,27.750000
PHILADELPHIA,2019,274,27.750000
PHILADELPHIA,2019,273,22.500000
PHILADELPHIA,2019,272,
PHILADELPHIA,2019,271,
PHILADELPHIA,2019,270,24.500000
PHILADELPHIA,2019,269,24.500000
PHILADELPHIA,2019,268,24.500000
PHILADELPHIA,2019,267,24.500000
PHILADELPHIA,2019,266,27.500000
PHILADELPHIA,2019,265,
PHILADELPHIA,2019,264,
PHILADELPHIA,2019,263,18.000000
PHILADELPHIA,2019,262,18.000000
PHILADELPHIA,2019,261,18.000000
PHILADELPHIA,2019,260,18.500000
PHILADELPHIA,2019,259,18.500000
PHILADELPHIA,2019,258,
PHILADELPHIA,2019,257,
PHILADELPHIA,2019,256,19.400000
PHILADELPHIA,2019,255,19.000000
PHILADELPHIA,2019,254,19.000000
PHILADELPHIA,2019,253,21.250000
PHILADELPHIA,2019,252,17.333333
PHILADELPHIA,2019,251,
PHILADELPHIA,2019,250,
PHILADELPHIA,2019,249,16.666666
PHILADELPHIA,2019,248,16.666666
PHILADELPHIA,2019,247,16.666666
PHILADELPHIA,2019,246,16.000000
PHILADELPHIA,2019,245,
PHILADELPHIA,2019,244,
PHILADELPHIA,2019,243,
PHILADELPHIA,2019,242,22.000000
PHILADELPHIA,2019,241,22.000000
PHILADELPHIA,2019,240,20.000000
PHILADELPHIA,2019,239,20.000000
PHILADELPHIA,2019,238,20.000000
PHILADELPHIA,2019,237,
PHILADELPHIA,2019,236,
PHILADELPHIA,2019,235,15.500000
PHILADELPHIA,2019,234,15.500000
PHILADELPHIA,2019,233,15.500000
PHILADELPHIA,2019,232,15.500000
PHILADELPHIA,2019,231,16.250000
PHILADELPHIA,2019,230,
PHILADELPHIA,2019,229,
PHILADELPHIA,2019,228,17.500000
PHILADELPHIA,2019,227,17.500000
PHILADELPHIA,2019,226,17.500000
PHILADELPHIA,2019,225,
PHILADELPHIA,2019,224,17.500000
PHILADELPHIA,2019,223,
PHILADELPHIA,2019,222,
PHILADELPHIA,2019,221,18.400000
PHILADELPHIA,2019,220,18.400000
PHILADELPHIA,2019,219,18.400000
PHILADELPHIA,2019,218,
PHILADELPHIA,2019,217,18.125000
PHILADELPHIA,2019,216,
PHILADELPHIA,2019,215,
PHILADELPHIA,2019,214,22.200000
PHILADELPHIA,2019,213,23.500000
PHILADELPHIA,2019,212,23.500000
PHILADELPHIA,2019,211,23.500000
PHILADELPHIA,2019,210,20.666666
PHILADELPHIA,2019,209,
PHILADELPHIA,2019,208,
PHILADELPHIA,2019,207,20.666666
PHILADELPHIA,2019,206,21.166666
PHILADELPHIA,2019,205,21.166666
PHILADELPHIA,2019,204,18.750000
PHILADELPHIA,2019,203,18.750000
PHILADELPHIA,2019,202,
PHILADELPHIA,2019,201,
PHILADELPHIA,2019,200,18.500000
PHILADELPHIA,2019,199,18.500000
PHILADELPHIA,2019,198,18.500000
PHILADELPHIA,2019,197,25.000000
PHILADELPHIA,2019,196,30.000000
PHILADELPHIA,2019,195,
PHILADELPHIA,2019,194,
PHILADELPHIA,2019,193,30.000000
PHILADELPHIA,2019,192,24.666666
PHILADELPHIA,2019,191,24.666666
PHILADELPHIA,2019,190,24.666666
PHILADELPHIA,2019,189,
PHILADELPHIA,2019,188,
PHILADELPHIA,2019,187,
PHILADELPHIA,2019,186,18.750000
PHILADELPHIA,2019,185,
PHILADELPHIA,2019,184,18.750000
PHILADELPHIA,2019,183,19.250000
PHILADELPHIA,2019,182,19.000000
PHILADELPHIA,2019,181,
PHILADELPHIA,2019,180,
PHILADELPHIA,2019,179,26.500000
PHILADELPHIA,2019,178,26.500000
PHILADELPHIA,2019,177,26.500000
PHILADELPHIA,2019,176,26.500000
PHILADELPHIA,2019,175,21.500000
PHILADELPHIA,2019,174,
PHILADELPHIA,2019,173,
PHILADELPHIA,2019,172,24.000000
PHILADELPHIA,2019,171,24.000000
PHILADELPHIA,2019,170,24.000000
PHILADELPHIA,2019,169,24.000000
PHILADELPHIA,2019,168,19.000000
PHILADELPHIA,2019,167,
PHILADELPHIA,2019,166,
PHILADELPHIA,2019,165,17.875000
PHILADELPHIA,2019,164,18.500000
PHILADELPHIA,2019,163,20.250000
PHILADELPHIA,2019,162,19.500000
PHILADELPHIA,2019,161,19.500000
PHILADELPHIA,2019,160,
PHILADELPHIA,2019,159,
PHILADELPHIA,2019,158,18.000000
PHILADELPHIA,2019,157,18.000000
PHILADELPHIA,2019,156,18.000000
PHILADELPHIA,2019,155,18.000000
PHILADELPHIA,2019,154,18.333333
PHILADELPHIA,2019,153,
PHILADELPHIA,2019,152,
PHILADELPHIA,2019,151,18.333333
PHILADELPHIA,2019,150,18.333333
PHILADELPHIA,2019,149,18.333333
PHILADELPHIA,2019,148,20.000000
PHILADELPHIA,2019,147,
PHILADELPHIA,2019,146,
PHILADELPHIA,2019,145,
PHILADELPHIA,2019,144,17.750000
PHILADELPHIA,2019,143,17.750000
PHILADELPHIA,2019,142,18.166666
PHILADELPHIA,2019,141,22.500000
PHILADELPHIA,2019,140,20.333333
PHILADELPHIA,2019,139,
PHILADELPHIA,2019,138,
PHILADELPHIA,2019,137,21.750000
PHILADELPHIA,2019,136,21.750000
PHILADELPHIA,2019,135,22.333333
PHILADELPHIA,2019,134,22.333333
PHILADELPHIA,2019,133,30.500000
PHILADELPHIA,2019,132,
PHILADELPHIA,2019,131,
PHILADELPHIA,2019,130,29.416666
PHILADELPHIA,2019,129,29.416666
PHILADELPHIA,2019,128,29.416666
PHILADELPHIA,2019,127,31.250000
PHILADELPHIA,2019,126,27.900000
PHILADELPHIA,2019,125,
PHILADELPHIA,2019,124,
PHILADELPHIA,2019,123,31.000000
PHILADELPHIA,2019,122,31.000000
PHILADELPHIA,2019,121,31.000000
PHILADELPHIA,2019,120,31.000000
PHILADELPHIA,2019,119,31.642857
PHILADELPHIA,2019,118,
PHILADELPHIA,2019,117,
PHILADELPHIA,2019,116,
PHILADELPHIA,2019,115,30.916666
PHILADELPHIA,2019,114,
PHILADELPHIA,2019,113,30.916666
PHILADELPHIA,2019,112,
PHILADELPHIA,2019,111,
PHILADELPHIA,2019,110,
PHILADELPHIA,2019,109,28.468750
PHILADELPHIA,2019,108,28.468750
PHILADELPHIA,2019,107,26.678571
PHILADELPHIA,2019,106,26.964285
PHILADELPHIA,2019,105,26.821428
PHILADELPHIA,2019,104,
PHILADELPHIA,2019,103,
PHILADELPHIA,2019,102,22.166666
PHILADELPHIA,2019,101,22.166666
PHILADELPHIA,2019,100,22.166666
PHILADELPHIA,2019,99,22.166666
PHILADELPHIA,2019,98,22.400000
PHILADELPHIA,2019,97,
PHILADELPHIA,2019,96,
PHILADELPHIA,2019,95,23.300000
PHILADELPHIA,2019,94,23.300000
PHILADELPHIA,2019,93,23.300000
PHILADELPHIA,2019,92,23.300000
PHILADELPHIA,2019,91,23.500000
PHILADELPHIA,2019,90,
PHILADELPHIA,2019,89,
PHILADELPHIA,2019,88,23.750000
PHILADELPHIA,2019,87,23.750000
PHILADELPHIA,2019,86,23.750000
PHILADELPHIA,2019,85,24.083333
PHILADELPHIA,2019,84,23.500000
PHILADELPHIA,2019,83,
PHILADELPHIA,2019,82,
PHILADELPHIA,2019,81,23.800000
PHILADELPHIA,2019,80,23.800000
PHILADELPHIA,2019,79,23.800000
PHILADELPHIA,2019,78,23.800000
PHILADELPHIA,2019,77,23.250000
PHILADELPHIA,2019,76,
PHILADELPHIA,2019,75,
PHILADELPHIA,2019,74,27.000000
PHILADELPHIA,2019,73,27.000000
PHILADELPHIA,2019,72,27.000000
PHILADELPHIA,2019,71,27.000000
PHILADELPHIA,2019,70,27.000000
PHILADELPHIA,2019,69,
PHILADELPHIA,2019,68,
PHILADELPHIA,2019,67,24.800000
PHILADELPHIA,2019,66,24.800000
PHILADELPHIA,2019,65,24.800000
PHILADELPHIA,2019,64,26.125000
PHILADELPHIA,2019,63,27.125000
PHILADELPHIA,2019,62,
PHILADELPHIA,2019,61,
PHILADELPHIA,2019,60,33.375000
PHILADELPHIA,2019,59,33.375000
PHILADELPHIA,2019,58,33.375000
PHILADELPHIA,2019,57,
PHILADELPHIA,2019,56,33.625000
PHILADELPHIA,2019,55,
PHILADELPHIA,2019,54,
PHILADELPHIA,2019,53,41.000000
PHILADELPHIA,2019,52,41.000000
PHILADELPHIA,2019,51,29.500000
PHILADELPHIA,2019,50,30.166666
PHILADELPHIA,2019,49,
PHILADELPHIA,2019,48,
PHILADELPHIA,2019,47,
PHILADELPHIA,2019,46,35.166666
PHILADELPHIA,2019,45,35.166666
PHILADELPHIA,2019,44,35.166666
PHILADELPHIA,2019,43,35.166666
PHILADELPHIA,2019,42,32.750000
PHILADELPHIA,2019,41,
PHILADELPHIA,2019,40,
PHILADELPHIA,2019,39,40.625000
PHILADELPHIA,2019,38,40.625000
PHILADELPHIA,2019,37,40.625000
PHILADELPHIA,2019,36,42.500000
PHILADELPHIA,2019,35,40.000000
PHILADELPHIA,2019,34,
PHILADELPHIA,2019,33,
PHILADELPHIA,2019,32,42.500000
PHILADELPHIA,2019,31,42.500000
PHILADELPHIA,2019,30,42.625000
PHILADELPHIA,2019,29,42.625000
PHILADELPHIA,2019,28,43.000000
PHILADELPHIA,2019,27,
PHILADELPHIA,2019,26,
PHILADELPHIA,2019,25,42.000000
PHILADELPHIA,2019,24,42.000000
PHILADELPHIA,2019,23,42.333333
PHILADELPHIA,2019,22,42.333333
PHILADELPHIA,2019,21,
PHILADELPHIA,2019,20,
PHILADELPHIA,2019,19,
PHILADELPHIA,2019,18,46.500000
PHILADELPHIA,2019,17,46.500000
PHILADELPHIA,2019,16,42.416666
PHILADELPHIA,2019,15,42.416666
PHILADELPHIA,2019,14,41.375000
PHILADELPHIA,2019,13,
PHILADELPHIA,2019,12,
PHILADELPHIA,2019,11,43.333333
PHILADELPHIA,2019,10,43.333333
PHILADELPHIA,2019,9,43.333333
PHILADELPHIA,2019,8,39.500000
PHILADELPHIA,2019,7,25.000000
PHILADELPHIA,2019,6,
PHILADELPHIA,2019,5,
PHILADELPHIA,2019,4,35.750000
PHILADELPHIA,2019,3,35.750000
PHILADELPHIA,2019,2,36.750000
BALTIMORE,2018,366,
BALTIMORE,2018,365,39.625000
BALTIMORE,2018,364,
BALTIMORE,2018,363,
BALTIMORE,2018,362,40.875000
BALTIMORE,2018,361,39.500000
BALTIMORE,2018,360,41.750000
BALTIMORE,2018,359,
BALTIMORE,2018,358,
BALTIMORE,2018,357,
BALTIMORE,2018,356,
BALTIMORE,2018,355,39.833333
BALTIMORE,2018,354,38.000000
BALTIMORE,2018,353,38.000000
BALTIMORE,2018,352,38.000000
BALTIMORE,2018,351,38.000000
BALTIMORE,2018,350,
BALTIMORE,2018,349,
BALTIMORE,2018,348,31.375000
BALTIMORE,2018,347,31.375000
BALTIMORE,2018,346,31.125000
BALTIMORE,2018,345,31.125000
BALTIMORE,2018,344,32.416666
BALTIMORE,2018,343,
BALTIMORE,2018,342,
BALTIMORE,2018,341,30.125000
BALTIMORE,2018,340,30.250000
BALTIMORE,2018,339,28.875000
BALTIMORE,2018,338,28.875000
BALTIMORE,2018,337,29.200000
BALTIMORE,2018,336,
BALTIMORE,2018,335,
BALTIMORE,2018,334,29.437500
BALTIMORE,2018,333,29.437500
BALTIMORE,2018,332,28.625000
BALTIMORE,2018,331,28.437500
BALTIMORE,2018,330,29.950000
BALTIMORE,2018,329,
BALTIMORE,2018,328,
BALTIMORE,2018,327,30.500000
BALTIMORE,2018,326,
BALTIMORE,2018,325,30.500000
BALTIMORE,2018,324,29.250000
BALTIMORE,2018,323,28.875000
BALTIMORE,2018,322,
BALTIMORE,2018,321,
BALTIMORE,2018,320,25.500000
BALTIMORE,2018,319,29.500000
BALTIMORE,2018,318,29.750000
BALTIMORE,2018,317,23.300000
BALTIMORE,2018,316,
BALTIMORE,2018,315,
BALTIMORE,2018,314,
BALTIMORE,2018,313,24.750000
BALTIMORE,2018,312,24.000000
BALTIMORE,2018,311,22.000000
BALTIMORE,2018,310,20.450000
BALTIMORE,2018,309,20.450000
BALTIMORE,2018,308,
BALTIMORE,2018,307,
BALTIMORE,2018,306,22.700000
BALTIMORE,2018,305,22.375000
BALTIMORE,2018,304,22.000000
BALTIMORE,2018,303,24.000000
BALTIMORE,2018,302,24.000000
BALTIMORE,2018,301,
BALTIMORE,2018,300,
BALTIMORE,2018,299,21.250000
BALTIMORE,2018,298,21.250000
BALTIMORE,2018,297,19.800000
BALTIMORE,2018,296,21.625000
BALTIMORE,2018,295,21.625000
BALTIMORE,2018,294,
BALTIMORE,2018,293,
BALTIMORE,2018,292,21.500000
BALTIMORE,2018,291,21.500000
BALTIMORE,2018,290,22.333333
BALTIMORE,2018,289,22.333333
BALTIMORE,2018,288,22.666666
BALTIMORE,2018,287,
BALTIMORE,2018,286,
BALTIMORE,2018,285,22.666666
BALTIMORE,2018,284,21.900000
BALTIMORE,2018,283,20.200000
BALTIMORE,2018,282,19.833333
BALTIMORE,2018,281,
BALTIMORE,2018,280,
BALTIMORE,2018,279,
BALTIMORE,2018,278,24.000000
BALTIMORE,2018,277,24.000000
BALTIMORE,2018,276,23.625000
BALTIMORE,2018,275,22.666666
BALTIMORE,2018,274,20.625000
BALTIMORE,2018,273,
BALTIMORE,2018,272,
BALTIMORE,2018,271,25.250000
BALTIMORE,2018,270,23.200000
BALTIMORE,2018,269,23.000000
BALTIMORE,2018,268,22.666666
BALTIMORE,2018,267,22.666666
BALTIMORE,2018,266,
BALTIMORE,2018,265,
BALTIMORE,2018,264,19.230000
BALTIMORE,2018,263,19.230000
BALTIMORE,2018,262,19.146666
BALTIMORE,2018,261,19.146666
BALTIMORE,2018,260,19.146666
BALTIMORE,2018,259,
BALTIMORE,2018,258,
BALTIMORE,2018,257,17.166666
BALTIMORE,2018,256,17.375000
BALTIMORE,2018,255,18.000000
BALTIMORE,2018,254,18.000000
BALTIMORE,2018,253,18.333333
BALTIMORE,2018,252,
BALTIMORE,2018,251,
BALTIMORE,2018,250,17.000000
BALTIMORE,2018,249,18.875000
BALTIMORE,2018,248,18.375000
BALTIMORE,2018,247,18.375000
BALTIMORE,2018,246,
BALTIMORE,2018,245,
BALTIMORE,2018,244,
BALTIMORE,2018,243,18.875000
BALTIMORE,2018,242,18.875000
BALTIMORE,2018,241,18.800000
BALTIMORE,2018,240,18.800000
BALTIMORE,2018,239,18.800000
BALTIMORE,2018,238,
BALTIMORE,2018,237,
BALTIMORE,2018,236,19.600000
BALTIMORE,2018,235,18.250000
BALTIMORE,2018,234,16.375000
BALTIMORE,2018,233,16.375000
BALTIMORE,2018,232,
BALTIMORE,2018,231,
BALTIMORE,2018,230,
BALTIMORE,2018,229,18.666666
BALTIMORE,2018,228,18.666666
BALTIMORE,2018,227,18.666666
BALTIMORE,2018,226,19.166666
BALTIMORE,2018,225,19.166666
BALTIMORE,2018,224,
BALTIMORE,2018,223,
BALTIMORE,2018,222,19.166666
BALTIMORE,2018,221,19.166666
BALTIMORE,2018,220,19.166666
BALTIMORE,2018,219,19.166666
BALTIMORE,2018,218,19.583333
BALTIMORE,2018,217,
BALTIMORE,2018,216,
BALTIMORE,2018,215,19.583333
BALTIMORE,2018,214,19.583333
BALTIMORE,2018,213,19.583333
BALTIMORE,2018,212,19.250000
BALTIMORE,2018,211,19.250000
BALTIMORE,2018,210,
BALTIMORE,2018,209,
BALTIMORE,2018,208,20.650000
BALTIMORE,2018,207,20.650000
BALTIMORE,2018,206,19.437500
BALTIMORE,2018,205,19.625000
BALTIMORE,2018,204,19.625000
BALTIMORE,2018,203,
BALTIMORE,2018,202,
BALTIMORE,2018,201,23.500000
BALTIMORE,2018,200,23.500000
BALTIMORE,2018,199,20.375000
BALTIMORE,2018,198,21.500000
BALTIMORE,2018,197,21.500000
BALTIMORE,2018,196,
BALTIMORE,2018,195,
BALTIMORE,2018,194,20.333333
BALTIMORE,2018,193,21.083333
BALTIMORE,2018,192,21.833333
BALTIMORE,2018,191,22.333333
BALTIMORE,2018,190,22.666666
BALTIMORE,2018,189,
BALTIMORE,2018,188,
BALTIMORE,2018,187,22.600000
BALTIMORE,2018,186,18.200000
BALTIMORE,2018,185,
BALTIMORE,2018,184,20.142857
BALTIMORE,2018,183,19.100000
BALTIMORE,2018,182,
BALTIMORE,2018,181,
BALTIMORE,2018,180,20.833333
BALTIMORE,2018,179,22.000000
BALTIMORE,2018,178,20.300000
BALTIMORE,2018,177,20.300000
BALTIMORE,2018,176,20.300000
BALTIMORE,2018,175,
BALTIMORE,2018,174,
BALTIMORE,2018,173,20.250000
BALTIMORE,2018,172,20.250000
BALTIMORE,2018,171,20.166666
BALTIMORE,2018,170,21.800000
BALTIMORE,2018,169,21.800000
BALTIMORE,2018,168,
BALTIMORE,2018,167,
BALTIMORE,2018,166,19.166666
BALTIMORE,2018,165,19.875000
BALTIMORE,2018,164,
BALTIMORE,2018,163,19.833333
BALTIMORE,2018,162,19.833333
BALTIMORE,2018,161,
BALTIMORE,2018,160,
BALTIMORE,2018,159,22.500000
BALTIMORE,2018,158,20.900000
BALTIMORE,2018,157,19.750000
BALTIMORE,2018,156,20.000000
BALTIMORE,2018,155,20.125000
BALTIMORE,2018,154,
BALTIMORE,2018,153,
BALTIMORE,2018,152,20.187500
BALTIMORE,2018,151,20.583333
BALTIMORE,2018,150,16.625000
BALTIMORE,2018,149,17.583333
BALTIMORE,2018,148,
BALTIMORE,2018,147,
BALTIMORE,2018,146,
BALTIMORE,2018,145,18.166666
BALTIMORE,2018,144,18.166666
BALTIMORE,2018,143,19.166666
BALTIMORE,2018,142,19.000000
BALTIMORE,2018,141,19.000000
BALTIMORE,2018,140,
BALTIMORE,2018,139,
BALTIMORE,2018,138,22.800000
BALTIMORE,2018,137,22.800000
BALTIMORE,2018,136,22.800000
BALTIMORE,2018,135,22.800000
BALTIMORE,2018,134,22.800000
BALTIMORE,2018,133,
BALTIMORE,2018,132,
BALTIMORE,2018,131,22.800000
BALTIMORE,2018,130,22.800000
BALTIMORE,2018,129,22.800000
BALTIMORE,2018,128,22.800000
BALTIMORE,2018,127,22.800000
BALTIMORE,2018,126,
BALTIMORE,2018,125,
BALTIMORE,2018,124,23.000000
BALTIMORE,2018,123,23.000000
BALTIMORE,2018,122,23.000000
BALTIMORE,2018,121,20.750000
BALTIMORE,2018,120,20.750000
BALTIMORE,2018,119,
BALTIMORE,2018,118,
BALTIMORE,2018,117,22.666666
BALTIMORE,2018,116,22.666666
BALTIMORE,2018,115,22.833333
BALTIMORE,2018,114,23.625000
BALTIMORE,2018,113,23.625000
BALTIMORE,2018,112,
BALTIMORE,2018,111,
BALTIMORE,2018,110,25.250000
BALTIMORE,2018,109,24.500000
BALTIMORE,2018,108,25.750000
BALTIMORE,2018,107,24.937500
BALTIMORE,2018,106,24.937500
BALTIMORE,2018,105,
BALTIMORE,2018,104,
BALTIMORE,2018,103,27.333333
BALTIMORE,2018,102,24.600000
BALTIMORE,2018,101,26.500000
BALTIMORE,2018,100,25.125000
BALTIMORE,2018,99,24.200000
BALTIMORE,2018,98,
BALTIMORE,2018,97,
BALTIMORE,2018,96,24.625000
BALTIMORE,2018,95,21.166666
BALTIMORE,2018,94,21.250000
BALTIMORE,2018,93,21.250000
BALTIMORE,2018,92,21.250000
BALTIMORE,2018,91,
BALTIMORE,2018,90,
BALTIMORE,2018,89,21.500000
BALTIMORE,2018,88,21.500000
BALTIMORE,2018,87,21.000000
BALTIMORE,2018,86,21.000000
BALTIMORE,2018,85,20.750000
BALTIMORE,2018,84,
BALTIMORE,2018,83,
BALTIMORE,2018,82,21.666666
BALTIMORE,2018,81,21.666666
BALTIMORE,2018,80,
BALTIMORE,2018,79,22.250000
BALTIMORE,2018,78,22.250000
BALTIMORE,2018,77,
BALTIMORE,2018,76,
BALTIMORE,2018,75,21.333333
BALTIMORE,2018,74,19.000000
BALTIMORE,2018,73,18.875000
BALTIMORE,2018,72,18.875000
BALTIMORE,2018,71,18.875000
BALTIMORE,2018,70,
BALTIMORE,2018,69,
BALTIMORE,2018,68,
BALTIMORE,2018,67,
BALTIMORE,2018,66,17.437500
BALTIMORE,2018,65,17.437500
BALTIMORE,2018,64,17.437500
BALTIMORE,2018,63,
BALTIMORE,2018,62,
BALTIMORE,2018,61,19.250000
BALTIMORE,2018,60,19.250000
BALTIMORE,2018,59,18.400000
BALTIMORE,2018,58,18.400000
BALTIMORE,2018,57,18.400000
BALTIMORE,2018,56,
BALTIMORE,2018,55,
BALTIMORE,2018,54,18.833333
BALTIMORE,2018,53,18.833333
BALTIMORE,2018,52,20.312500
BALTIMORE,2018,51,20.312500
BALTIMORE,2018,50,
BALTIMORE,2018,49,
BALTIMORE,2018,48,
BALTIMORE,2018,47,17.916666
BALTIMORE,2018,46,17.916666
BALTIMORE,2018,45,18.000000
BALTIMORE,2018,44,17.500000
BALTIMORE,2018,43,16.750000
BALTIMORE,2018,42,
BALTIMORE,2018,41,
BALTIMORE,2018,40,16.875000
BALTIMORE,2018,39,16.875000
BALTIMORE,2018,38,17.900000
BALTIMORE,2018,37,17.666666
BALTIMORE,2018,36,17.666666
BALTIMORE,2018,35,
BALTIMORE,2018,34,
BALTIMORE,2018,33,17.666666
BALTIMORE,2018,32,16.500000
BALTIMORE,2018,31,18.375000
BALTIMORE,2018,30,18.125000
BALTIMORE,2018,29,15.250000
BALTIMORE,2018,28,
BALTIMORE,2018,27,
BALTIMORE,2018,26,16.250000
BALTIMORE,2018,25,16.500000
BALTIMORE,2018,24,16.000000
BALTIMORE,2018,23,16.000000
BALTIMORE,2018,22,16.000000
BALTIMORE,2018,21,
BALTIMORE,2018,20,
BALTIMORE,2018,19,16.500000
BALTIMORE,2018,18,17.500000
BALTIMORE,2018,17,18.500000
BALTIMORE,2018,16,18.500000
BALTIMORE,2018,15,
BALTIMORE,2018,14,
BALTIMORE,2018,13,
BALTIMORE,2018,12,21.833333
BALTIMORE,2018,11,21.333333
BALTIMORE,2018,10,21.166666
BALTIMORE,2018,9,21.166666
BALTIMORE,2018,8,21.166666
BALTIMORE,2018,7,
BALTIMORE,2018,6,
BALTIMORE,2018,5,20.500000
BALTIMORE,2018,4,21.000000
BALTIMORE,2018,3,20.000000
BALTIMORE,2018,2,20.000000
BOSTON,2018,366,
BOSTON,2018,365,24.125000
BOSTON,2018,364,
BOSTON,2018,363,
BOSTON,2018,362,22.000000
BOSTON,2018,361,22.000000
BOSTON,2018,360,21.500000
BOSTON,2018,359,
BOSTON,2018,358,
BOSTON,2018,357,
BOSTON,2018,356,
BOSTON,2018,355,20.500000
BOSTON,2018,354,20.500000
BOSTON,2018,353,20.000000
BOSTON,2018,352,20.000000
BOSTON,2018,351,19.333333
BOSTON,2018,350,
BOSTON,2018,349,
BOSTON,2018,348,19.333333
BOSTON,2018,347,19.333333
BOSTON,2018,346,19.333333
BOSTON,2018,345,19.333333
BOSTON,2018,344,20.600000
BOSTON,2018,343,
BOSTON,2018,342,
BOSTON,2018,341,19.833333
BOSTON,2018,340,19.833333
BOSTON,2018,339,19.833333
BOSTON,2018,338,19.833333
BOSTON,2018,337,19.250000
BOSTON,2018,336,
BOSTON,2018,335,
BOSTON,2018,334,18.500000
BOSTON,2018,333,18.500000
BOSTON,2018,332,18.500000
BOSTON,2018,331,18.500000
BOSTON,2018,330,18.500000
BOSTON,2018,329,
BOSTON,2018,328,
BOSTON,2018,327,18.500000
BOSTON,2018,326,
BOSTON,2018,325,18.500000
BOSTON,2018,324,18.500000
BOSTON,2018,323,18.500000
BOSTON,2018,322,
BOSTON,2018,321,
BOSTON,2018,320,18.500000
BOSTON,2018,319,18.500000
BOSTON,2018,318,18.500000
BOSTON,2018,317,18.500000
BOSTON,2018,316,
BOSTON,2018,315,
BOSTON,2018,314,
BOSTON,2018,313,18.500000
BOSTON,2018,312,18.500000
BOSTON,2018,311,19.000000
BOSTON,2018,310,19.000000
BOSTON,2018,309,19.000000
BOSTON,2018,308,
BOSTON,2018,307,
BOSTON,2018,306,19.000000
BOSTON,2018,305,19.000000
BOSTON,2018,304,19.000000
BOSTON,2018,303,19.300000
BOSTON,2018,302,19.300000
BOSTON,2018,301,
BOSTON,2018,300,
BOSTON,2018,299,19.300000
BOSTON,2018,298,19.300000
BOSTON,2018,297,19.300000
BOSTON,2018,296,19.300000
BOSTON,2018,295,19.300000
BOSTON,2018,294,
BOSTON,2018,293,
BOSTON,2018,292,19.300000
BOSTON,2018,291,20.750000
BOSTON,2018,290,20.750000
BOSTON,2018,289,20.750000
BOSTON,2018,288,20.750000
BOSTON,2018,287,
BOSTON,2018,286,
BOSTON,2018,285,20.750000
BOSTON,2018,284,20.750000
BOSTON,2018,283,20.750000
BOSTON,2018,282,20.750000
BOSTON,2018,281,
BOSTON,2018,280,
BOSTON,2018,279,
BOSTON,2018,278,20.750000
BOSTON,2018,277,18.250000
BOSTON,2018,276,18.250000
BOSTON,2018,275,18.250000
BOSTON,2018,274,18.250000
BOSTON,2018,273,
BOSTON,2018,272,
BOSTON,2018,271,18.250000
BOSTON,2018,270,18.250000
BOSTON,2018,269,18.250000
BOSTON,2018,268,18.250000
BOSTON,2018,267,18.333333
BOSTON,2018,266,
BOSTON,2018,265,
BOSTON,2018,264,18.333333
BOSTON,2018,263,18.333333
BOSTON,2018,262,18.333333
BOSTON,2018,261,18.333333
BOSTON,2018,260,18.333333
BOSTON,2018,259,
BOSTON,2018,258,
BOSTON,2018,257,18.333333
BOSTON,2018,256,18.500000
BOSTON,2018,255,18.500000
BOSTON,2018,254,18.500000
BOSTON,2018,253,18.500000
BOSTON,2018,252,
BOSTON,2018,251,
BOSTON,2018,250,18.500000
BOSTON,2018,249,18.500000
BOSTON,2018,248,18.500000
BOSTON,2018,247,18.500000
BOSTON,2018,246,
BOSTON,2018,245,
BOSTON,2018,244,
BOSTON,2018,243,18.500000
BOSTON,2018,242,18.500000
BOSTON,2018,241,18.500000
BOSTON,2018,240,18.500000
BOSTON,2018,239,18.500000
BOSTON,2018,238,
BOSTON,2018,237,
BOSTON,2018,236,18.500000
BOSTON,2018,235,18.500000
BOSTON,2018,234,
BOSTON,2018,233,18.500000
BOSTON,2018,232,18.500000
BOSTON,2018,231,
BOSTON,2018,230,
BOSTON,2018,229,18.500000
BOSTON,2018,228,18.500000
BOSTON,2018,227,18.500000
BOSTON,2018,226,18.500000
BOSTON,2018,225,18.500000
BOSTON,2018,224,
BOSTON,2018,223,
BOSTON,2018,222,18.500000
BOSTON,2018,221,18.500000
BOSTON,2018,220,18.500000
BOSTON,2018,219,18.833333
BOSTON,2018,218,18.833333
BOSTON,2018,217,
BOSTON,2018,216,
BOSTON,2018,215,18.833333
BOSTON,2018,214,18.833333
BOSTON,2018,213,18.833333
BOSTON,2018,212,20.000000
BOSTON,2018,211,20.000000
BOSTON,2018,210,
BOSTON,2018,209,
BOSTON,2018,208,20.000000
BOSTON,2018,207,20.100000
BOSTON,2018,206,20.100000
BOSTON,2018,205,20.100000
BOSTON,2018,204,20.100000
BOSTON,2018,203,
BOSTON,2018,202,
BOSTON,2018,201,20.100000
BOSTON,2018,200,20.100000
BOSTON,2018,199,20.100000
BOSTON,2018,198,20.100000
BOSTON,2018,197,19.333333
BOSTON,2018,196,
BOSTON,2018,195,
BOSTON,2018,194,19.333333
BOSTON,2018,193,19.333333
BOSTON,2018,192,19.333333
BOSTON,2018,191,19.333333
BOSTON,2018,190,19.333333
BOSTON,2018,189,
BOSTON,2018,188,
BOSTON,2018,187,19.333333
BOSTON,2018,186,19.500000
BOSTON,2018,185,
BOSTON,2018,184,19.500000
BOSTON,2018,183,19.500000
BOSTON,2018,182,
BOSTON,2018,181,
BOSTON,2018,180,19.500000
BOSTON,2018,179,18.600000
BOSTON,2018,178,18.600000
BOSTON,2018,177,18.600000
BOSTON,2018,176,18.600000
BOSTON,2018,175,
BOSTON,2018,174,
BOSTON,2018,173,18.600000
BOSTON,2018,172,19.100000
BOSTON,2018,171,19.100000
BOSTON,2018,170,19.100000
BOSTON,2018,169,19.100000
BOSTON,2018,168,
BOSTON,2018,167,
BOSTON,2018,166,19.100000
BOSTON,2018,165,19.100000
BOSTON,2018,164,19.100000
BOSTON,2018,163,19.100000
BOSTON,2018,162,19.100000
BOSTON,2018,161,
BOSTON,2018,160,
BOSTON,2018,159,19.100000
BOSTON,2018,158,19.100000
BOSTON,2018,157,19.100000
BOSTON,2018,156,19.100000
BOSTON,2018,155,19.100000
BOSTON,2018,154,
BOSTON,2018,153,
BOSTON,2018,152,18.300000
BOSTON,2018,151,
BOSTON,2018,150,18.800000
BOSTON,2018,149,18.800000
BOSTON,2018,148,
BOSTON,2018,147,
BOSTON,2018,146,
BOSTON,2018,145,18.800000
BOSTON,2018,144,18.800000
BOSTON,2018,143,18.800000
BOSTON,2018,142,18.800000
BOSTON,2018,141,18.800000
BOSTON,2018,140,
BOSTON,2018,139,
BOSTON,2018,138,18.800000
BOSTON,2018,137,16.875000
BOSTON,2018,136,16.875000
BOSTON,2018,135,16.875000
BOSTON,2018,134,16.875000
BOSTON,2018,133,
BOSTON,2018,132,
BOSTON,2018,131,16.875000
BOSTON,2018,130,17.875000
BOSTON,2018,129,17.875000
BOSTON,2018,128,17.875000
BOSTON,2018,127,17.875000
BOSTON,2018,126,
BOSTON,2018,125,
BOSTON,2018,124,17.875000
BOSTON,2018,123,19.600000
BOSTON,2018,122,19.600000
BOSTON,2018,121,19.600000
BOSTON,2018,120,19.600000
BOSTON,2018,119,
BOSTON,2018,118,
BOSTON,2018,117,19.600000
BOSTON,2018,116,20.100000
BOSTON,2018,115,20.100000
BOSTON,2018,114,20.100000
BOSTON,2018,113,20.100000
BOSTON,2018,112,
BOSTON,2018,111,
BOSTON,2018,110,20.100000
BOSTON,2018,109,19.500000
BOSTON,2018,108,19.500000
BOSTON,2018,107,19.500000
BOSTON,2018,106,19.500000
BOSTON,2018,105,
BOSTON,2018,104,
BOSTON,2018,103,19.500000
BOSTON,2018,102,16.750000
BOSTON,2018,101,16.750000
BOSTON,2018,100,16.750000
BOSTON,2018,99,16.750000
BOSTON,2018,98,
BOSTON,2018,97,
BOSTON,2018,96,16.750000
BOSTON,2018,95,19.600000
BOSTON,2018,94,19.600000
BOSTON,2018,93,19.600000
BOSTON,2018,92,19.600000
BOSTON,2018,91,
BOSTON,2018,90,
BOSTON,2018,89,19.600000
BOSTON,2018,88,17.000000
BOSTON,2018,87,17.000000
BOSTON,2018,86,17.000000
BOSTON,2018,85,17.000000
BOSTON,2018,84,
BOSTON,2018,83,
BOSTON,2018,82,17.000000
BOSTON,2018,81,18.500000
BOSTON,2018,80,18.500000
BOSTON,2018,79,18.500000
BOSTON,2018,78,18.500000
BOSTON,2018,77,
BOSTON,2018,76,
BOSTON,2018,75,18.500000
BOSTON,2018,74,18.500000
BOSTON,2018,73,18.500000
BOSTON,2018,72,
BOSTON,2018,71,18.500000
BOSTON,2018,70,
BOSTON,2018,69,
BOSTON,2018,68,18.500000
BOSTON,2018,67,
BOSTON,2018,66,16.625000
BOSTON,2018,65,16.625000
BOSTON,2018,64,16.625000
BOSTON,2018,63,
BOSTON,2018,62,
BOSTON,2018,61,16.625000
BOSTON,2018,60,16.875000
BOSTON,2018,59,16.875000
BOSTON,2018,58,16.875000
BOSTON,2018,57,16.875000
BOSTON,2018,56,
BOSTON,2018,55,
BOSTON,2018,54,16.875000
BOSTON,2018,53,19.300000
BOSTON,2018,52,19.300000
BOSTON,2018,51,19.300000
BOSTON,2018,50,
BOSTON,2018,49,
BOSTON,2018,48,
BOSTON,2018,47,19.300000
BOSTON,2018,46,19.700000
BOSTON,2018,45,19.700000
BOSTON,2018,44,19.700000
BOSTON,2018,43,19.700000
BOSTON,2018,42,
BOSTON,2018,41,
BOSTON,2018,40,19.700000
BOSTON,2018,39,21.500000
BOSTON,2018,38,21.500000
BOSTON,2018,37,21.500000
BOSTON,2018,36,21.500000
BOSTON,2018,35,
BOSTON,2018,34,
BOSTON,2018,33,21.500000
BOSTON,2018,32,22.900000
BOSTON,2018,31,22.900000
BOSTON,2018,30,22.900000
BOSTON,2018,29,22.900000
BOSTON,2018,28,
BOSTON,2018,27,
BOSTON,2018,26,22.900000
BOSTON,2018,25,18.250000
BOSTON,2018,24,18.250000
BOSTON,2018,23,18.250000
BOSTON,2018,22,18.250000
BOSTON,2018,21,
BOSTON,2018,20,
BOSTON,2018,19,18.250000
BOSTON,2018,18,18.875000
BOSTON,2018,17,18.875000
BOSTON,2018,16,18.875000
BOSTON,2018,15,
BOSTON,2018,14,
BOSTON,2018,13,
BOSTON,2018,12,18.875000
BOSTON,2018,11,18.625000
BOSTON,2018,10,18.625000
BOSTON,2018,9,18.625000
BOSTON,2018,8,18.625000
BOSTON,2018,7,
BOSTON,2018,6,
BOSTON,2018,5,18.625000
BOSTON,2018,4,
BOSTON,2018,3,17.500000
BOSTON,2018,2,17.500000
CHICAGO,2018,366,
CHICAGO,2018,365,38.166666
CHICAGO,2018,364,
CHICAGO,2018,363,
CHICAGO,2018,362,38.166666
CHICAGO,2018,361,
CHICAGO,2018,360,
CHICAGO,2018,359,
CHICAGO,2018,358,
CHICAGO,2018,357,
CHICAGO,2018,356,
CHICAGO,2018,355,40.166666
CHICAGO,2018,354,40.166666
CHICAGO,2018,353,40.166666
CHICAGO,2018,352,40.166666
CHICAGO,2018,351,
CHICAGO,2018,350,
CHICAGO,2018,349,
CHICAGO,2018,348,
CHICAGO,2018,347,35.600000
CHICAGO,2018,346,34.300000
CHICAGO,2018,345,34.300000
CHICAGO,2018,344,33.000000
CHICAGO,2018,343,
CHICAGO,2018,342,
CHICAGO,2018,341,
CHICAGO,2018,340,33.000000
CHICAGO,2018,339,33.000000
CHICAGO,2018,338,33.000000
CHICAGO,2018,337,31.125000
CHICAGO,2018,336,
CHICAGO,2018,335,
CHICAGO,2018,334,31.125000
CHICAGO,2018,333,31.125000
CHICAGO,2018,332,31.125000
CHICAGO,2018,331,31.125000
CHICAGO,2018,330,29.750000
CHICAGO,2018,329,
CHICAGO,2018,328,
CHICAGO,2018,327,29.750000
CHICAGO,2018,326,
CHICAGO,2018,325,29.750000
CHICAGO,2018,324,29.750000
CHICAGO,2018,323,27.187500
CHICAGO,2018,322,
CHICAGO,2018,321,
CHICAGO,2018,320,27.187500
CHICAGO,2018,319,27.187500
CHICAGO,2018,318,27.187500
CHICAGO,2018,317,27.187500
CHICAGO,2018,316,
CHICAGO,2018,315,
CHICAGO,2018,314,
CHICAGO,2018,313,25.600000
CHICAGO,2018,312,25.600000
CHICAGO,2018,311,25.600000
CHICAGO,2018,310,
CHICAGO,2018,309,23.500000
CHICAGO,2018,308,
CHICAGO,2018,307,
CHICAGO,2018,306,23.500000
CHICAGO,2018,305,23.500000
CHICAGO,2018,304,23.500000
CHICAGO,2018,303,23.500000
CHICAGO,2018,302,22.900000
CHICAGO,2018,301,
CHICAGO,2018,300,
CHICAGO,2018,299,22.900000
CHICAGO,2018,298,22.900000
CHICAGO,2018,297,22.900000
CHICAGO,2018,296,22.900000
CHICAGO,2018,295,21.800000
CHICAGO,2018,294,
CHICAGO,2018,293,
CHICAGO,2018,292,21.800000
CHICAGO,2018,291,21.800000
CHICAGO,2018,290,22.600000
CHICAGO,2018,289,22.600000
CHICAGO,2018,288,22.600000
CHICAGO,2018,287,
CHICAGO,2018,286,
CHICAGO,2018,285,22.600000
CHICAGO,2018,284,22.600000
CHICAGO,2018,283,22.600000
CHICAGO,2018,282,22.100000
CHICAGO,2018,281,
CHICAGO,2018,280,
CHICAGO,2018,279,
CHICAGO,2018,278,22.100000
CHICAGO,2018,277,22.100000
CHICAGO,2018,276,22.100000
CHICAGO,2018,275,22.100000
CHICAGO,2018,274,21.200000
CHICAGO,2018,273,
CHICAGO,2018,272,
CHICAGO,2018,271,21.200000
CHICAGO,2018,270,21.200000
CHICAGO,2018,269,21.200000
CHICAGO,2018,268,21.200000
CHICAGO,2018,267,19.700000
CHICAGO,2018,266,
CHICAGO,2018,265,
CHICAGO,2018,264,19.700000
CHICAGO,2018,263,19.700000
CHICAGO,2018,262,19.700000
CHICAGO,2018,261,19.700000
CHICAGO,2018,260,20.541666
CHICAGO,2018,259,
CHICAGO,2018,258,
CHICAGO,2018,257,20.541666
CHICAGO,2018,256,20.541666
CHICAGO,2018,255,20.541666
CHICAGO,2018,254,20.541666
CHICAGO,2018,253,20.541666
CHICAGO,2018,252,
CHICAGO,2018,251,
CHICAGO,2018,250,21.916666
CHICAGO,2018,249,21.916666
CHICAGO,2018,248,21.916666
CHICAGO,2018,247,19.100000
CHICAGO,2018,246,
CHICAGO,2018,245,
CHICAGO,2018,244,
CHICAGO,2018,243,19.100000
CHICAGO,2018,242,19.100000
CHICAGO,2018,241,19.100000
CHICAGO,2018,240,19.100000
CHICAGO,2018,239,19.100000
CHICAGO,2018,238,
CHICAGO,2018,237,
CHICAGO,2018,236,22.666666
CHICAGO,2018,235,22.666666
CHICAGO,2018,234,22.666666
CHICAGO,2018,233,22.666666
CHICAGO,2018,232,23.000000
CHICAGO,2018,231,
CHICAGO,2018,230,
CHICAGO,2018,229,23.000000
CHICAGO,2018,228,23.000000
CHICAGO,2018,227,23.000000
CHICAGO,2018,226,23.000000
CHICAGO,2018,225,24.083333
CHICAGO,2018,224,
CHICAGO,2018,223,
CHICAGO,2018,222,24.083333
CHICAGO,2018,221,24.083333
CHICAGO,2018,220,24.083333
CHICAGO,2018,219,24.083333
CHICAGO,2018,218,21.375000
CHICAGO,2018,217,
CHICAGO,2018,216,
CHICAGO,2018,215,21.375000
CHICAGO,2018,214,21.375000
CHICAGO,2018,213,23.916666
CHICAGO,2018,212,23.916666
CHICAGO,2018,211,23.916666
CHICAGO,2018,210,
CHICAGO,2018,209,
CHICAGO,2018,208,23.916666
CHICAGO,2018,207,23.916666
CHICAGO,2018,206,23.916666
CHICAGO,2018,205,23.916666
CHICAGO,2018,204,23.916666
CHICAGO,2018,203,
CHICAGO,2018,202,
CHICAGO,2018,201,25.833333
CHICAGO,2018,200,25.833333
CHICAGO,2018,199,25.833333
CHICAGO,2018,198,25.833333
CHICAGO,2018,197,26.083333
CHICAGO,2018,196,
CHICAGO,2018,195,
CHICAGO,2018,194,26.083333
CHICAGO,2018,193,26.083333
CHICAGO,2018,192,26.083333
CHICAGO,2018,191,26.083333
CHICAGO,2018,190,
CHICAGO,2018,189,
CHICAGO,2018,188,
CHICAGO,2018,187,22.600000
CHICAGO,2018,186,22.600000
CHICAGO,2018,185,
CHICAGO,2018,184,22.600000
CHICAGO,2018,183,21.400000
CHICAGO,2018,182,
CHICAGO,2018,181,
CHICAGO,2018,180,21.400000
CHICAGO,2018,179,21.400000
CHICAGO,2018,178,21.400000
CHICAGO,2018,177,21.400000
CHICAGO,2018,176,21.400000
CHICAGO,2018,175,
CHICAGO,2018,174,
CHICAGO,2018,173,18.400000
CHICAGO,2018,172,18.400000
CHICAGO,2018,171,18.400000
CHICAGO,2018,170,18.400000
CHICAGO,2018,169,18.400000
CHICAGO,2018,168,
CHICAGO,2018,167,
CHICAGO,2018,166,20.857142
CHICAGO,2018,165,20.857142
CHICAGO,2018,164,20.857142
CHICAGO,2018,163,20.857142
CHICAGO,2018,162,16.875000
CHICAGO,2018,161,
CHICAGO,2018,160,
CHICAGO,2018,159,16.875000
CHICAGO,2018,158,16.875000
CHICAGO,2018,157,16.875000
CHICAGO,2018,156,16.875000
CHICAGO,2018,155,16.875000
CHICAGO,2018,154,
CHICAGO,2018,153,
CHICAGO,2018,152,23.250000
CHICAGO,2018,151,23.250000
CHICAGO,2018,150,23.250000
CHICAGO,2018,149,23.250000
CHICAGO,2018,148,
CHICAGO,2018,147,
CHICAGO,2018,146,
CHICAGO,2018,145,21.250000
CHICAGO,2018,144,21.250000
CHICAGO,2018,143,21.250000
CHICAGO,2018,142,21.250000
CHICAGO,2018,141,21.250000
CHICAGO,2018,140,
CHICAGO,2018,139,
CHICAGO,2018,138,21.250000
CHICAGO,2018,137,21.250000
CHICAGO,2018,136,21.250000
CHICAGO,2018,135,21.250000
CHICAGO,2018,134,22.500000
CHICAGO,2018,133,
CHICAGO,2018,132,
CHICAGO,2018,131,22.500000
CHICAGO,2018,130,22.500000
CHICAGO,2018,129,22.500000
CHICAGO,2018,128,22.500000
CHICAGO,2018,127,26.000000
CHICAGO,2018,126,
CHICAGO,2018,125,
CHICAGO,2018,124,26.000000
CHICAGO,2018,123,26.000000
CHICAGO,2018,122,26.000000
CHICAGO,2018,121,26.000000
CHICAGO,2018,120,26.000000
CHICAGO,2018,119,
CHICAGO,2018,118,
CHICAGO,2018,117,25.250000
CHICAGO,2018,116,25.250000
CHICAGO,2018,115,25.250000
CHICAGO,2018,114,25.250000
CHICAGO,2018,113,25.250000
CHICAGO,2018,112,
CHICAGO,2018,111,
CHICAGO,2018,110,26.125000
CHICAGO,2018,109,26.125000
CHICAGO,2018,108,26.125000
CHICAGO,2018,107,26.125000
CHICAGO,2018,106,24.750000
CHICAGO,2018,105,
CHICAGO,2018,104,
CHICAGO,2018,103,24.750000
CHICAGO,2018,102,24.750000
CHICAGO,2018,101,24.750000
CHICAGO,2018,100,24.750000
CHICAGO,2018,99,22.200000
CHICAGO,2018,98,
CHICAGO,2018,97,
CHICAGO,2018,96,22.200000
CHICAGO,2018,95,22.200000
CHICAGO,2018,94,21.100000
CHICAGO,2018,93,21.100000
CHICAGO,2018,92,21.100000
CHICAGO,2018,91,
CHICAGO,2018,90,
CHICAGO,2018,89,21.100000
CHICAGO,2018,88,21.100000
CHICAGO,2018,87,20.900000
CHICAGO,2018,86,20.900000
CHICAGO,2018,85,20.900000
CHICAGO,2018,84,
CHICAGO,2018,83,
CHICAGO,2018,82,20.900000
CHICAGO,2018,81,20.900000
CHICAGO,2018,80,20.900000
CHICAGO,2018,79,20.900000
CHICAGO,2018,78,20.900000
CHICAGO,2018,77,
CHICAGO,2018,76,
CHICAGO,2018,75,21.100000
CHICAGO,2018,74,21.100000
CHICAGO,2018,73,21.100000
CHICAGO,2018,72,21.100000
CHICAGO,2018,71,21.100000
CHICAGO,2018,70,
CHICAGO,2018,69,
CHICAGO,2018,68,
CHICAGO,2018,67,
CHICAGO,2018,66,21.200000
CHICAGO,2018,65,21.200000
CHICAGO,2018,64,21.200000
CHICAGO,2018,63,
CHICAGO,2018,62,
CHICAGO,2018,61,20.950000
CHICAGO,2018,60,20.950000
CHICAGO,2018,59,20.950000
CHICAGO,2018,58,20.950000
CHICAGO,2018,57,21.250000
CHICAGO,2018,56,
CHICAGO,2018,55,
CHICAGO,2018,54,21.250000
CHICAGO,2018,53,21.250000
CHICAGO,2018,52,21.250000
CHICAGO,2018,51,21.250000
CHICAGO,2018,50,
CHICAGO,2018,49,
CHICAGO,2018,48,
CHICAGO,2018,47,20.125000
CHICAGO,2018,46,20.125000
CHICAGO,2018,45,20.125000
CHICAGO,2018,44,20.125000
CHICAGO,2018,43,22.700000
CHICAGO,2018,42,
CHICAGO,2018,41,
CHICAGO,2018,40,22.700000
CHICAGO,2018,39,22.700000
CHICAGO,2018,38,22.700000
CHICAGO,2018,37,
CHICAGO,2018,36,17.333333
CHICAGO,2018,35,
CHICAGO,2018,34,
CHICAGO,2018,33,17.333333
CHICAGO,2018,32,17.333333
CHICAGO,2018,31,17.333333
CHICAGO,2018,30,17.333333
CHICAGO,2018,29,18.500000
CHICAGO,2018,28,
CHICAGO,2018,27,
CHICAGO,2018,26,18.500000
CHICAGO,2018,25,18.500000
CHICAGO,2018,24,18.500000
CHICAGO,2018,23,18.500000
CHICAGO,2018,22,18.500000
CHICAGO,2018,21,
CHICAGO,2018,20,
CHICAGO,2018,19,18.833333
CHICAGO,2018,18,18.833333
CHICAGO,2018,17,18.833333
CHICAGO,2018,16,
CHICAGO,2018,15,
CHICAGO,2018,14,
CHICAGO,2018,13,
CHICAGO,2018,12,20.833333
CHICAGO,2018,11,20.833333
CHICAGO,2018,10,20.833333
CHICAGO,2018,9,20.833333
CHICAGO,2018,8,18.166666
CHICAGO,2018,7,
CHICAGO,2018,6,
CHICAGO,2018,5,18.166666
CHICAGO,2018,4,18.166666
CHICAGO,2018,3,18.166666
CHICAGO,2018,2,18.166666
COLUMBIA,2018,366,
COLUMBIA,2018,365,32.666666
COLUMBIA,2018,364,
COLUMBIA,2018,363,
COLUMBIA,2018,362,27.000000
COLUMBIA,2018,361,27.000000
COLUMBIA,2018,360,
COLUMBIA,2018,359,
COLUMBIA,2018,358,
COLUMBIA,2018,357,
COLUMBIA,2018,356,
COLUMBIA,2018,355,24.625000
COLUMBIA,2018,354,24.625000
COLUMBIA,2018,353,24.625000
COLUMBIA,2018,352,24.625000
COLUMBIA,2018,351,24.125000
COLUMBIA,2018,350,
COLUMBIA,2018,349,
COLUMBIA,2018,348,25.500000
COLUMBIA,2018,347,21.833333
COLUMBIA,2018,346,21.833333
COLUMBIA,2018,345,21.833333
COLUMBIA,2018,344,21.833333
COLUMBIA,2018,343,
COLUMBIA,2018,342,
COLUMBIA,2018,341,21.833333
COLUMBIA,2018,340,21.833333
COLUMBIA,2018,339,21.833333
COLUMBIA,2018,338,23.375000
COLUMBIA,2018,337,23.375000
COLUMBIA,2018,336,
COLUMBIA,2018,335,
COLUMBIA,2018,334,23.500000
COLUMBIA,2018,333,23.500000
COLUMBIA,2018,332,23.500000
COLUMBIA,2018,331,23.500000
COLUMBIA,2018,330,23.500000
COLUMBIA,2018,329,
COLUMBIA,2018,328,
COLUMBIA,2018,327,
COLUMBIA,2018,326,
COLUMBIA,2018,325,21.400000
COLUMBIA,2018,324,21.400000
COLUMBIA,2018,323,21.400000
COLUMBIA,2018,322,
COLUMBIA,2018,321,
COLUMBIA,2018,320,22.833333
COLUMBIA,2018,319,22.833333
COLUMBIA,2018,318,22.833333
COLUMBIA,2018,317,21.400000
COLUMBIA,2018,316,
COLUMBIA,2018,315,
COLUMBIA,2018,314,
COLUMBIA,2018,313,21.400000
COLUMBIA,2018,312,21.400000
COLUMBIA,2018,311,21.400000
COLUMBIA,2018,310,21.400000
COLUMBIA,2018,309,23.333333
COLUMBIA,2018,308,
COLUMBIA,2018,307,
COLUMBIA,2018,306,23.625000
COLUMBIA,2018,305,23.625000
COLUMBIA,2018,304,23.625000
COLUMBIA,2018,303,23.625000
COLUMBIA,2018,302,24.700000
COLUMBIA,2018,301,
COLUMBIA,2018,300,
COLUMBIA,2018,299,22.833333
COLUMBIA,2018,298,22.916666
COLUMBIA,2018,297,22.916666
COLUMBIA,2018,296,22.916666
COLUMBIA,2018,295,20.500000
COLUMBIA,2018,294,
COLUMBIA,2018,293,
COLUMBIA,2018,292,20.500000
COLUMBIA,2018,291,20.600000
COLUMBIA,2018,290,19.000000
COLUMBIA,2018,289,19.000000
COLUMBIA,2018,288,20.500000
COLUMBIA,2018,287,
COLUMBIA,2018,286,
COLUMBIA,2018,285,20.166666
COLUMBIA,2018,284,
COLUMBIA,2018,283,20.166666
COLUMBIA,2018,282,20.166666
COLUMBIA,2018,281,20.166666
COLUMBIA,2018,280,
COLUMBIA,2018,279,
COLUMBIA,2018,278,19.500000
COLUMBIA,2018,277,19.333333
COLUMBIA,2018,276,19.333333
COLUMBIA,2018,275,19.333333
COLUMBIA,2018,274,19.333333
COLUMBIA,2018,273,
COLUMBIA,2018,272,
COLUMBIA,2018,271,19.333333
COLUMBIA,2018,270,19.333333
COLUMBIA,2018,269,19.333333
COLUMBIA,2018,268,19.333333
COLUMBIA,2018,267,19.333333
COLUMBIA,2018,266,
COLUMBIA,2018,265,
COLUMBIA,2018,264,19.166666
COLUMBIA,2018,263,19.166666
COLUMBIA,2018,262,19.166666
COLUMBIA,2018,261,19.166666
COLUMBIA,2018,260,19.166666
COLUMBIA,2018,259,
COLUMBIA,2018,258,
COLUMBIA,2018,257,
COLUMBIA,2018,256,
COLUMBIA,2018,255,
COLUMBIA,2018,254,
COLUMBIA,2018,253,18.125000
COLUMBIA,2018,252,
COLUMBIA,2018,251,
COLUMBIA,2018,250,18.125000
COLUMBIA,2018,249,18.125000
COLUMBIA,2018,248,18.125000
COLUMBIA,2018,247,18.125000
COLUMBIA,2018,246,
COLUMBIA,2018,245,
COLUMBIA,2018,244,
COLUMBIA,2018,243,17.375000
COLUMBIA,2018,242,17.375000
COLUMBIA,2018,241,17.375000
COLUMBIA,2018,240,17.375000
COLUMBIA,2018,239,17.375000
COLUMBIA,2018,238,
COLUMBIA,2018,237,
COLUMBIA,2018,236,18.100000
COLUMBIA,2018,235,18.100000
COLUMBIA,2018,234,18.300000
COLUMBIA,2018,233,18.300000
COLUMBIA,2018,232,18.300000
COLUMBIA,2018,231,
COLUMBIA,2018,230,
COLUMBIA,2018,229,18.700000
COLUMBIA,2018,228,18.700000
COLUMBIA,2018,227,18.700000
COLUMBIA,2018,226,18.700000
COLUMBIA,2018,225,18.700000
COLUMBIA,2018,224,
COLUMBIA,2018,223,
COLUMBIA,2018,222,18.700000
COLUMBIA,2018,221,18.700000
COLUMBIA,2018,220,18.700000
COLUMBIA,2018,219,19.000000
COLUMBIA,2018,218,19.000000
COLUMBIA,2018,217,
COLUMBIA,2018,216,
COLUMBIA,2018,215,21.833333
COLUMBIA,2018,214,21.833333
COLUMBIA,2018,213,21.833333
COLUMBIA,2018,212,21.833333
COLUMBIA,2018,211,21.833333
COLUMBIA,2018,210,
COLUMBIA,2018,209,
COLUMBIA,2018,208,21.833333
COLUMBIA,2018,207,21.833333
COLUMBIA,2018,206,21.833333
COLUMBIA,2018,205,22.000000
COLUMBIA,2018,204,22.000000
COLUMBIA,2018,203,
COLUMBIA,2018,202,
COLUMBIA,2018,201,21.666666
COLUMBIA,2018,200,20.500000
COLUMBIA,2018,199,20.500000
COLUMBIA,2018,198,20.500000
COLUMBIA,2018,197,19.400000
COLUMBIA,2018,196,
COLUMBIA,2018,195,
COLUMBIA,2018,194,18.900000
COLUMBIA,2018,193,20.000000
COLUMBIA,2018,192,20.000000
COLUMBIA,2018,191,20.000000
COLUMBIA,2018,190,
COLUMBIA,2018,189,
COLUMBIA,2018,188,
COLUMBIA,2018,187,18.875000
COLUMBIA,2018,186,18.875000
COLUMBIA,2018,185,
COLUMBIA,2018,184,18.875000
COLUMBIA,2018,183,19.000000
COLUMBIA,2018,182,
COLUMBIA,2018,181,
COLUMBIA,2018,180,18.800000
COLUMBIA,2018,179,19.000000
COLUMBIA,2018,178,18.875000
COLUMBIA,2018,177,18.875000
COLUMBIA,2018,176,18.875000
COLUMBIA,2018,175,
COLUMBIA,2018,174,
COLUMBIA,2018,173,18.875000
COLUMBIA,2018,172,18.300000
COLUMBIA,2018,171,18.100000
COLUMBIA,2018,170,18.200000
COLUMBIA,2018,169,17.750000
COLUMBIA,2018,168,
COLUMBIA,2018,167,
COLUMBIA,2018,166,17.100000
COLUMBIA,2018,165,18.125000
COLUMBIA,2018,164,18.125000
COLUMBIA,2018,163,18.125000
COLUMBIA,2018,162,18.125000
COLUMBIA,2018,161,
COLUMBIA,2018,160,
COLUMBIA,2018,159,18.125000
COLUMBIA,2018,158,18.125000
COLUMBIA,2018,157,18.125000
COLUMBIA,2018,156,18.125000
COLUMBIA,2018,155,
COLUMBIA,2018,154,
COLUMBIA,2018,153,
COLUMBIA,2018,152,18.375000
COLUMBIA,2018,151,18.375000
COLUMBIA,2018,150,18.125000
COLUMBIA,2018,149,18.125000
COLUMBIA,2018,148,
COLUMBIA,2018,147,
COLUMBIA,2018,146,
COLUMBIA,2018,145,19.000000
COLUMBIA,2018,144,22.750000
COLUMBIA,2018,143,23.000000
COLUMBIA,2018,142,23.000000
COLUMBIA,2018,141,23.000000
COLUMBIA,2018,140,
COLUMBIA,2018,139,
COLUMBIA,2018,138,22.200000
COLUMBIA,2018,137,22.200000
COLUMBIA,2018,136,22.200000
COLUMBIA,2018,135,22.250000
COLUMBIA,2018,134,22.250000
COLUMBIA,2018,133,
COLUMBIA,2018,132,
COLUMBIA,2018,131,22.166666
COLUMBIA,2018,130,
COLUMBIA,2018,129,23.100000
COLUMBIA,2018,128,23.100000
COLUMBIA,2018,127,23.100000
COLUMBIA,2018,126,
COLUMBIA,2018,125,
COLUMBIA,2018,124,23.500000
COLUMBIA,2018,123,23.500000
COLUMBIA,2018,122,23.100000
COLUMBIA,2018,121,23.500000
COLUMBIA,2018,120,21.625000
COLUMBIA,2018,119,
COLUMBIA,2018,118,
COLUMBIA,2018,117,22.900000
COLUMBIA,2018,116,22.900000
COLUMBIA,2018,115,23.625000
COLUMBIA,2018,114,23.625000
COLUMBIA,2018,113,23.375000
COLUMBIA,2018,112,
COLUMBIA,2018,111,
COLUMBIA,2018,110,23.375000
COLUMBIA,2018,109,23.375000
COLUMBIA,2018,108,23.375000
COLUMBIA,2018,107,23.375000
COLUMBIA,2018,106,23.625000
COLUMBIA,2018,105,
COLUMBIA,2018,104,
COLUMBIA,2018,103,23.625000
COLUMBIA,2018,102,23.625000
COLUMBIA,2018,101,23.625000
COLUMBIA,2018,100,23.875000
COLUMBIA,2018,99,22.666666
COLUMBIA,2018,98,
COLUMBIA,2018,97,
COLUMBIA,2018,96,20.833333
COLUMBIA,2018,95,20.833333
COLUMBIA,2018,94,20.833333
COLUMBIA,2018,93,20.166666
COLUMBIA,2018,92,20.166666
COLUMBIA,2018,91,
COLUMBIA,2018,90,
COLUMBIA,2018,89,20.500000
COLUMBIA,2018,88,20.500000
COLUMBIA,2018,87,20.500000
COLUMBIA,2018,86,20.500000
COLUMBIA,2018,85,20.500000
COLUMBIA,2018,84,
COLUMBIA,2018,83,
COLUMBIA,2018,82,20.666666
COLUMBIA,2018,81,20.666666
COLUMBIA,2018,80,20.666666
COLUMBIA,2018,79,20.666666
COLUMBIA,2018,78,21.000000
COLUMBIA,2018,77,
COLUMBIA,2018,76,
COLUMBIA,2018,75,21.200000
COLUMBIA,2018,74,21.200000
COLUMBIA,2018,73,21.400000
COLUMBIA,2018,72,
COLUMBIA,2018,71,21.400000
COLUMBIA,2018,70,
COLUMBIA,2018,69,
COLUMBIA,2018,68,21.700000
COLUMBIA,2018,67,21.700000
COLUMBIA,2018,66,21.700000
COLUMBIA,2018,65,21.900000
COLUMBIA,2018,64,21.900000
COLUMBIA,2018,63,
COLUMBIA,2018,62,
COLUMBIA,2018,61,18.833333
COLUMBIA,2018,60,18.833333
COLUMBIA,2018,59,18.428571
COLUMBIA,2018,58,18.428571
COLUMBIA,2018,57,18.416666
COLUMBIA,2018,56,
COLUMBIA,2018,55,
COLUMBIA,2018,54,18.500000
COLUMBIA,2018,53,18.500000
COLUMBIA,2018,52,
COLUMBIA,2018,51,19.400000
COLUMBIA,2018,50,
COLUMBIA,2018,49,
COLUMBIA,2018,48,
COLUMBIA,2018,47,19.400000
COLUMBIA,2018,46,19.400000
COLUMBIA,2018,45,19.400000
COLUMBIA,2018,44,19.400000
COLUMBIA,2018,43,19.400000
COLUMBIA,2018,42,
COLUMBIA,2018,41,
COLUMBIA,2018,40,18.500000
COLUMBIA,2018,39,18.500000
COLUMBIA,2018,38,18.500000
COLUMBIA,2018,37,19.500000
COLUMBIA,2018,36,
COLUMBIA,2018,35,
COLUMBIA,2018,34,
COLUMBIA,2018,33,20.666666
COLUMBIA,2018,32,20.666666
COLUMBIA,2018,31,20.666666
COLUMBIA,2018,30,20.000000
COLUMBIA,2018,29,20.000000
COLUMBIA,2018,28,
COLUMBIA,2018,27,
COLUMBIA,2018,26,20.000000
COLUMBIA,2018,25,23.833333
COLUMBIA,2018,24,23.833333
COLUMBIA,2018,23,23.833333
COLUMBIA,2018,22,23.833333
COLUMBIA,2018,21,
COLUMBIA,2018,20,
COLUMBIA,2018,19,21.333333
COLUMBIA,2018,18,21.333333
COLUMBIA,2018,17,
COLUMBIA,2018,16,21.333333
COLUMBIA,2018,15,
COLUMBIA,2018,14,
COLUMBIA,2018,13,
COLUMBIA,2018,12,21.666666
COLUMBIA,2018,11,21.000000
COLUMBIA,2018,10,21.000000
COLUMBIA,2018,9,21.000000
COLUMBIA,2018,8,21.000000
COLUMBIA,2018,7,
COLUMBIA,2018,6,
COLUMBIA,2018,5,20.666666
COLUMBIA,2018,4,20.666666
COLUMBIA,2018,3,21.333333
COLUMBIA,2018,2,21.333333
LOS ANGELES,2018,366,
LOS ANGELES,2018,365,0.725000
LOS ANGELES,2018,364,
LOS ANGELES,2018,363,
LOS ANGELES,2018,362,0.550000
LOS ANGELES,2018,361,0.550000
LOS ANGELES,2018,360,0.550000
LOS ANGELES,2018,359,
LOS ANGELES,2018,358,
LOS ANGELES,2018,357,
LOS ANGELES,2018,356,
LOS ANGELES,2018,355,0.550000
LOS ANGELES,2018,354,0.550000
LOS ANGELES,2018,353,0.550000
LOS ANGELES,2018,352,0.950000
LOS ANGELES,2018,351,0.950000
LOS ANGELES,2018,350,
LOS ANGELES,2018,349,
LOS ANGELES,2018,348,0.950000
LOS ANGELES,2018,347,0.950000
LOS ANGELES,2018,346,0.950000
LOS ANGELES,2018,345,0.750000
LOS ANGELES,2018,344,0.650000
LOS ANGELES,2018,343,
LOS ANGELES,2018,342,
LOS ANGELES,2018,341,0.650000
LOS ANGELES,2018,340,0.650000
LOS ANGELES,2018,339,0.650000
LOS ANGELES,2018,338,0.650000
LOS ANGELES,2018,337,0.650000
LOS ANGELES,2018,336,
LOS ANGELES,2018,335,
LOS ANGELES,2018,334,0.650000
LOS ANGELES,2018,333,0.650000
LOS ANGELES,2018,332,0.650000
LOS ANGELES,2018,331,0.650000
LOS ANGELES,2018,330,0.650000
LOS ANGELES,2018,329,
LOS ANGELES,2018,328,
LOS ANGELES,2018,327,0.650000
LOS ANGELES,2018,326,
LOS ANGELES,2018,325,0.650000
LOS ANGELES,2018,324,0.650000
LOS ANGELES,2018,323,0.650000
LOS ANGELES,2018,322,
LOS ANGELES,2018,321,
LOS ANGELES,2018,320,0.650000
LOS ANGELES,2018,319,0.525000
LOS ANGELES,2018,318,0.525000
LOS ANGELES,2018,317,0.525000
LOS ANGELES,2018,316,
LOS ANGELES,2018,315,
LOS ANGELES,2018,314,
LOS ANGELES,2018,313,0.515000
LOS ANGELES,2018,312,0.515000
LOS ANGELES,2018,311,0.515000
LOS ANGELES,2018,310,0.515000
LOS ANGELES,2018,309,0.515000
LOS ANGELES,2018,308,
LOS ANGELES,2018,307,
LOS ANGELES,2018,306,0.500000
LOS ANGELES,2018,305,0.500000
LOS ANGELES,2018,304,0.500000
LOS ANGELES,2018,303,0.500000
LOS ANGELES,2018,302,0.500000
LOS ANGELES,2018,301,
LOS ANGELES,2018,300,
LOS ANGELES,2018,299,0.500000
LOS ANGELES,2018,298,0.500000
LOS ANGELES,2018,297,0.450000
LOS ANGELES,2018,296,0.450000
LOS ANGELES,2018,295,0.450000
LOS ANGELES,2018,294,
LOS ANGELES,2018,293,
LOS ANGELES,2018,292,0.450000
LOS ANGELES,2018,291,0.450000
LOS ANGELES,2018,290,0.465000
LOS ANGELES,2018,289,0.465000
LOS ANGELES,2018,288,0.465000
LOS ANGELES,2018,287,
LOS ANGELES,2018,286,
LOS ANGELES,2018,285,0.465000
LOS ANGELES,2018,284,0.465000
LOS ANGELES,2018,283,0.465000
LOS ANGELES,2018,282,0.400000
LOS ANGELES,2018,281,
LOS ANGELES,2018,280,
LOS ANGELES,2018,279,
LOS ANGELES,2018,278,0.400000
LOS ANGELES,2018,277,0.400000
LOS ANGELES,2018,276,0.400000
LOS ANGELES,2018,275,0.400000
LOS ANGELES,2018,274,0.330000
LOS ANGELES,2018,273,
LOS ANGELES,2018,272,
LOS ANGELES,2018,271,0.330000
LOS ANGELES,2018,270,0.330000
LOS ANGELES,2018,269,0.330000
LOS ANGELES,2018,268,0.330000
LOS ANGELES,2018,267,0.330000
LOS ANGELES,2018,266,
LOS ANGELES,2018,265,
LOS ANGELES,2018,264,0.330000
LOS ANGELES,2018,263,0.330000
LOS ANGELES,2018,262,0.330000
LOS ANGELES,2018,261,0.330000
LOS ANGELES,2018,260,0.330000
LOS ANGELES,2018,259,
LOS ANGELES,2018,258,
LOS ANGELES,2018,257,0.330000
LOS ANGELES,2018,256,0.330000
LOS ANGELES,2018,255,0.330000
LOS ANGELES,2018,254,0.330000
LOS ANGELES,2018,253,0.330000
LOS ANGELES,2018,252,
LOS ANGELES,2018,251,
LOS ANGELES,2018,250,0.330000
LOS ANGELES,2018,249,0.330000
LOS ANGELES,2018,248,0.330000
LOS ANGELES,2018,247,0.330000
LOS ANGELES,2018,246,
LOS ANGELES,2018,245,
LOS ANGELES,2018,244,
LOS ANGELES,2018,243,0.330000
LOS ANGELES,2018,242,0.330000
LOS ANGELES,2018,241,0.330000
LOS ANGELES,2018,240,0.330000
LOS ANGELES,2018,239,0.330000
LOS ANGELES,2018,238,
LOS ANGELES,2018,237,
LOS ANGELES,2018,236,0.330000
LOS ANGELES,2018,235,0.330000
LOS ANGELES,2018,234,0.330000
LOS ANGELES,2018,233,0.390000
LOS ANGELES,2018,232,0.390000
LOS ANGELES,2018,231,
LOS ANGELES,2018,230,
LOS ANGELES,2018,229,0.390000
LOS ANGELES,2018,228,0.390000
LOS ANGELES,2018,227,0.390000
LOS ANGELES,2018,226,0.390000
LOS ANGELES,2018,225,0.390000
LOS ANGELES,2018,224,
LOS ANGELES,2018,223,
LOS ANGELES,2018,222,0.390000
LOS ANGELES,2018,221,0.390000
LOS ANGELES,2018,220,0.390000
LOS ANGELES,2018,219,0.390000
LOS ANGELES,2018,218,0.390000
LOS ANGELES,2018,217,
LOS ANGELES,2018,216,
LOS ANGELES,2018,215,0.390000
LOS ANGELES,2018,214,0.390000
LOS ANGELES,2018,213,0.390000
LOS ANGELES,2018,212,0.390000
LOS ANGELES,2018,211,0.390000
LOS ANGELES,2018,210,
LOS ANGELES,2018,209,
LOS ANGELES,2018,208,0.390000
LOS ANGELES,2018,207,0.390000
LOS ANGELES,2018,206,0.390000
LOS ANGELES,2018,205,0.430000
LOS ANGELES,2018,204,0.430000
LOS ANGELES,2018,203,
LOS ANGELES,2018,202,
LOS ANGELES,2018,201,0.430000
LOS ANGELES,2018,200,0.430000
LOS ANGELES,2018,199,0.430000
LOS ANGELES,2018,198,0.430000
LOS ANGELES,2018,197,0.480000
LOS ANGELES,2018,196,
LOS ANGELES,2018,195,
LOS ANGELES,2018,194,0.480000
LOS ANGELES,2018,193,0.480000
LOS ANGELES,2018,192,0.480000
LOS ANGELES,2018,191,0.480000
LOS ANGELES,2018,190,0.480000
LOS ANGELES,2018,189,
LOS ANGELES,2018,188,
LOS ANGELES,2018,187,0.480000
LOS ANGELES,2018,186,0.480000
LOS ANGELES,2018,185,
LOS ANGELES,2018,184,0.480000
LOS ANGELES,2018,183,0.380000
LOS ANGELES,2018,182,
LOS ANGELES,2018,181,
LOS ANGELES,2018,180,0.380000
LOS ANGELES,2018,179,0.380000
LOS ANGELES,2018,178,0.380000
LOS ANGELES,2018,177,0.380000
LOS ANGELES,2018,176,0.380000
LOS ANGELES,2018,175,
LOS ANGELES,2018,174,
LOS ANGELES,2018,173,0.530000
LOS ANGELES,2018,172,0.530000
LOS ANGELES,2018,171,0.530000
LOS ANGELES,2018,170,0.530000
LOS ANGELES,2018,169,0.530000
LOS ANGELES,2018,168,
LOS ANGELES,2018,167,
LOS ANGELES,2018,166,0.530000
LOS ANGELES,2018,165,0.530000
LOS ANGELES,2018,164,0.530000
LOS ANGELES,2018,163,0.530000
LOS ANGELES,2018,162,0.530000
LOS ANGELES,2018,161,
LOS ANGELES,2018,160,
LOS ANGELES,2018,159,0.530000
LOS ANGELES,2018,158,0.530000
LOS ANGELES,2018,157,0.530000
LOS ANGELES,2018,156,0.530000
LOS ANGELES,2018,155,0.530000
LOS ANGELES,2018,154,
LOS ANGELES,2018,153,
LOS ANGELES,2018,152,0.530000
LOS ANGELES,2018,151,0.530000
LOS ANGELES,2018,150,0.530000
LOS ANGELES,2018,149,0.530000
LOS ANGELES,2018,148,
LOS ANGELES,2018,147,
LOS ANGELES,2018,146,
LOS ANGELES,2018,145,0.530000
LOS ANGELES,2018,144,0.530000
LOS ANGELES,2018,143,0.530000
LOS ANGELES,2018,142,0.530000
LOS ANGELES,2018,141,0.530000
LOS ANGELES,2018,140,
LOS ANGELES,2018,139,
LOS ANGELES,2018,138,0.530000
LOS ANGELES,2018,137,0.530000
LOS ANGELES,2018,136,0.530000
LOS ANGELES,2018,135,0.530000
LOS ANGELES,2018,134,0.530000
LOS ANGELES,2018,133,
LOS ANGELES,2018,132,
LOS ANGELES,2018,131,0.530000
LOS ANGELES,2018,130,0.530000
LOS ANGELES,2018,129,0.530000
LOS ANGELES,2018,128,0.530000
LOS ANGELES,2018,127,0.530000
LOS ANGELES,2018,126,
LOS ANGELES,2018,125,
LOS ANGELES,2018,124,0.390000
LOS ANGELES,2018,123,0.390000
LOS ANGELES,2018,122,0.390000
LOS ANGELES,2018,121,0.390000
LOS ANGELES,2018,120,0.390000
LOS ANGELES,2018,119,
LOS ANGELES,2018,118,
LOS ANGELES,2018,117,0.390000
LOS ANGELES,2018,116,0.390000
LOS ANGELES,2018,115,0.390000
LOS ANGELES,2018,114,0.390000
LOS ANGELES,2018,113,0.390000
LOS ANGELES,2018,112,
LOS ANGELES,2018,111,
LOS ANGELES,2018,110,0.390000
LOS ANGELES,2018,109,0.390000
LOS ANGELES,2018,108,0.390000
LOS ANGELES,2018,107,0.390000
LOS ANGELES,2018,106,0.390000
LOS ANGELES,2018,105,
LOS ANGELES,2018,104,
LOS ANGELES,2018,103,0.390000
LOS ANGELES,2018,102,0.390000
LOS ANGELES,2018,101,0.390000
LOS ANGELES,2018,100,0.390000
LOS ANGELES,2018,99,0.380000
LOS ANGELES,2018,98,
LOS ANGELES,2018,97,
LOS ANGELES,2018,96,0.330000
LOS ANGELES,2018,95,0.330000
LOS ANGELES,2018,94,0.330000
LOS ANGELES,2018,93,0.330000
LOS ANGELES,2018,92,0.330000
LOS ANGELES,2018,91,
LOS ANGELES,2018,90,
LOS ANGELES,2018,89,0.330000
LOS ANGELES,2018,88,0.330000
LOS ANGELES,2018,87,0.330000
LOS ANGELES,2018,86,0.330000
LOS ANGELES,2018,85,0.330000
LOS ANGELES,2018,84,
LOS ANGELES,2018,83,
LOS ANGELES,2018,82,0.330000
LOS ANGELES,2018,81,0.330000
LOS ANGELES,2018,80,0.330000
LOS ANGELES,2018,79,0.330000
LOS ANGELES,2018,78,0.330000
LOS ANGELES,2018,77,
LOS ANGELES,2018,76,
LOS ANGELES,2018,75,0.330000
LOS ANGELES,2018,74,0.330000
LOS ANGELES,2018,73,0.330000
LOS ANGELES,2018,72,0.330000
LOS ANGELES,2018,71,0.330000
LOS ANGELES,2018,70,
LOS ANGELES,2018,69,
LOS ANGELES,2018,68,0.330000
LOS ANGELES,2018,67,0.330000
LOS ANGELES,2018,66,0.330000
LOS ANGELES,2018,65,0.330000
LOS ANGELES,2018,64,0.330000
LOS ANGELES,2018,63,
LOS ANGELES,2018,62,
LOS ANGELES,2018,61,0.330000
LOS ANGELES,2018,60,0.330000
LOS ANGELES,2018,59,0.330000
LOS ANGELES,2018,58,0.330000
LOS ANGELES,2018,57,0.330000
LOS ANGELES,2018,56,
LOS ANGELES,2018,55,
LOS ANGELES,2018,54,0.330000
LOS ANGELES,2018,53,0.330000
LOS ANGELES,2018,52,0.330000
LOS ANGELES,2018,51,0.330000
LOS ANGELES,2018,50,
LOS ANGELES,2018,49,
LOS ANGELES,2018,48,
LOS ANGELES,2018,47,0.330000
LOS ANGELES,2018,46,0.330000
LOS ANGELES,2018,45,0.330000
LOS ANGELES,2018,44,0.330000
LOS ANGELES,2018,43,0.330000
LOS ANGELES,2018,42,
LOS ANGELES,2018,41,
LOS ANGELES,2018,40,0.330000
LOS ANGELES,2018,39,0.330000
LOS ANGELES,2018,38,0.330000
LOS ANGELES,2018,37,0.330000
LOS ANGELES,2018,36,0.330000
LOS ANGELES,2018,35,
LOS ANGELES,2018,34,
LOS ANGELES,2018,33,0.330000
LOS ANGELES,2018,32,0.330000
LOS ANGELES,2018,31,0.330000
LOS ANGELES,2018,30,0.330000
LOS ANGELES,2018,29,0.330000
LOS ANGELES,2018,28,
LOS ANGELES,2018,27,
LOS ANGELES,2018,26,0.330000
LOS ANGELES,2018,25,0.330000
LOS ANGELES,2018,24,0.350000
LOS ANGELES,2018,23,0.350000
LOS ANGELES,2018,22,0.350000
LOS ANGELES,2018,21,
LOS ANGELES,2018,20,
LOS ANGELES,2018,19,0.350000
LOS ANGELES,2018,18,0.350000
LOS ANGELES,2018,17,0.350000
LOS ANGELES,2018,16,0.350000
LOS ANGELES,2018,15,
LOS ANGELES,2018,14,
LOS ANGELES,2018,13,
LOS ANGELES,2018,12,0.350000
LOS ANGELES,2018,11,0.350000
LOS ANGELES,2018,10,0.350000
LOS ANGELES,2018,9,0.350000
LOS ANGELES,2018,8,0.350000
LOS ANGELES,2018,7,
LOS ANGELES,2018,6,
LOS ANGELES,2018,5,0.350000
LOS ANGELES,2018,4,0.350000
LOS ANGELES,2018,3,0.350000
LOS ANGELES,2018,2,0.350000
MIAMI,2018,366,
MIAMI,2018,365,29.000000
MIAMI,2018,364,
MIAMI,2018,363,
MIAMI,2018,362,29.000000
MIAMI,2018,361,29.000000
MIAMI,2018,360,29.000000
MIAMI,2018,359,
MIAMI,2018,358,
MIAMI,2018,357,
MIAMI,2018,356,
MIAMI,2018,355,29.000000
MIAMI,2018,354,29.000000
MIAMI,2018,353,29.000000
MIAMI,2018,352,29.000000
MIAMI,2018,351,29.000000
MIAMI,2018,350,
MIAMI,2018,349,
MIAMI,2018,348,29.000000
MIAMI,2018,347,29.000000
MIAMI,2018,346,29.000000
MIAMI,2018,345,29.000000
MIAMI,2018,344,22.750000
MIAMI,2018,343,
MIAMI,2018,342,
MIAMI,2018,341,22.750000
MIAMI,2018,340,22.750000
MIAMI,2018,339,22.750000
MIAMI,2018,338,22.750000
MIAMI,2018,337,22.750000
MIAMI,2018,336,
MIAMI,2018,335,
MIAMI,2018,334,22.750000
MIAMI,2018,333,20.000000
MIAMI,2018,332,20.000000
MIAMI,2018,331,20.000000
MIAMI,2018,330,20.000000
MIAMI,2018,329,
MIAMI,2018,328,
MIAMI,2018,327,20.000000
MIAMI,2018,326,
MIAMI,2018,325,20.000000
MIAMI,2018,324,20.000000
MIAMI,2018,323,20.000000
MIAMI,2018,322,
MIAMI,2018,321,
MIAMI,2018,320,20.000000
MIAMI,2018,319,23.333333
MIAMI,2018,318,23.333333
MIAMI,2018,317,23.333333
MIAMI,2018,316,
MIAMI,2018,315,
MIAMI,2018,314,
MIAMI,2018,313,23.333333
MIAMI,2018,312,23.333333
MIAMI,2018,311,23.333333
MIAMI,2018,310,23.333333
MIAMI,2018,309,23.333333
MIAMI,2018,308,
MIAMI,2018,307,
MIAMI,2018,306,23.333333
MIAMI,2018,305,23.333333
MIAMI,2018,304,23.333333
MIAMI,2018,303,23.333333
MIAMI,2018,302,23.333333
MIAMI,2018,301,
MIAMI,2018,300,
MIAMI,2018,299,23.333333
MIAMI,2018,298,23.333333
MIAMI,2018,297,23.333333
MIAMI,2018,296,23.333333
MIAMI,2018,295,23.333333
MIAMI,2018,294,
MIAMI,2018,293,
MIAMI,2018,292,23.333333
MIAMI,2018,291,23.333333
MIAMI,2018,290,23.333333
MIAMI,2018,289,23.333333
MIAMI,2018,288,23.333333
MIAMI,2018,287,
MIAMI,2018,286,
MIAMI,2018,285,23.333333
MIAMI,2018,284,23.333333
MIAMI,2018,283,23.333333
MIAMI,2018,282,23.333333
MIAMI,2018,281,
MIAMI,2018,280,
MIAMI,2018,279,
MIAMI,2018,278,23.000000
MIAMI,2018,277,23.000000
MIAMI,2018,276,23.000000
MIAMI,2018,275,23.000000
MIAMI,2018,274,23.000000
MIAMI,2018,273,
MIAMI,2018,272,
MIAMI,2018,271,23.000000
MIAMI,2018,270,23.000000
MIAMI,2018,269,23.000000
MIAMI,2018,268,23.000000
MIAMI,2018,267,23.000000
MIAMI,2018,266,
MIAMI,2018,265,
MIAMI,2018,264,23.000000
MIAMI,2018,263,23.000000
MIAMI,2018,262,23.000000
MIAMI,2018,261,23.000000
MIAMI,2018,260,23.000000
MIAMI,2018,259,
MIAMI,2018,258,
MIAMI,2018,257,23.000000
MIAMI,2018,256,23.000000
MIAMI,2018,255,21.000000
MIAMI,2018,254,21.000000
MIAMI,2018,253,21.000000
MIAMI,2018,252,
MIAMI,2018,251,
MIAMI,2018,250,21.000000
MIAMI,2018,249,21.000000
MIAMI,2018,248,22.500000
MIAMI,2018,247,22.500000
MIAMI,2018,246,
MIAMI,2018,245,
MIAMI,2018,244,
MIAMI,2018,243,22.500000
MIAMI,2018,242,22.500000
MIAMI,2018,241,22.500000
MIAMI,2018,240,22.500000
MIAMI,2018,239,22.500000
MIAMI,2018,238,
MIAMI,2018,237,
MIAMI,2018,236,22.500000
MIAMI,2018,235,22.500000
MIAMI,2018,234,22.500000
MIAMI,2018,233,22.500000
MIAMI,2018,232,20.500000
MIAMI,2018,231,
MIAMI,2018,230,
MIAMI,2018,229,20.500000
MIAMI,2018,228,20.500000
MIAMI,2018,227,20.500000
MIAMI,2018,226,20.500000
MIAMI,2018,225,20.500000
MIAMI,2018,224,
MIAMI,2018,223,
MIAMI,2018,222,20.500000
MIAMI,2018,221,20.500000
MIAMI,2018,220,20.500000
MIAMI,2018,219,20.500000
MIAMI,2018,218,20.500000
MIAMI,2018,217,
MIAMI,2018,216,
MIAMI,2018,215,20.500000
MIAMI,2018,214,20.500000
MIAMI,2018,213,20.500000
MIAMI,2018,212,20.500000
MIAMI,2018,211,20.500000
MIAMI,2018,210,
MIAMI,2018,209,
MIAMI,2018,208,20.500000
MIAMI,2018,207,20.500000
MIAMI,2018,206,20.500000
MIAMI,2018,205,20.500000
MIAMI,2018,204,22.500000
MIAMI,2018,203,
MIAMI,2018,202,
MIAMI,2018,201,22.500000
MIAMI,2018,200,22.500000
MIAMI,2018,199,22.500000
MIAMI,2018,198,22.500000
MIAMI,2018,197,22.500000
MIAMI,2018,196,
MIAMI,2018,195,
MIAMI,2018,194,22.500000
MIAMI,2018,193,21.750000
MIAMI,2018,192,18.166666
MIAMI,2018,191,18.166666
MIAMI,2018,190,18.166666
MIAMI,2018,189,
MIAMI,2018,188,
MIAMI,2018,187,18.166666
MIAMI,2018,186,18.166666
MIAMI,2018,185,
MIAMI,2018,184,18.166666
MIAMI,2018,183,18.166666
MIAMI,2018,182,
MIAMI,2018,181,
MIAMI,2018,180,18.166666
MIAMI,2018,179,18.166666
MIAMI,2018,178,18.166666
MIAMI,2018,177,18.166666
MIAMI,2018,176,18.166666
MIAMI,2018,175,
MIAMI,2018,174,
MIAMI,2018,173,18.166666
MIAMI,2018,172,18.166666
MIAMI,2018,171,18.166666
MIAMI,2018,170,21.750000
MIAMI,2018,169,21.750000
MIAMI,2018,168,
MIAMI,2018,167,
MIAMI,2018,166,18.333333
MIAMI,2018,165,18.333333
MIAMI,2018,164,18.333333
MIAMI,2018,163,18.333333
MIAMI,2018,162,18.333333
MIAMI,2018,161,
MIAMI,2018,160,
MIAMI,2018,159,18.333333
MIAMI,2018,158,18.333333
MIAMI,2018,157,18.333333
MIAMI,2018,156,18.333333
MIAMI,2018,155,18.333333
MIAMI,2018,154,
MIAMI,2018,153,
MIAMI,2018,152,18.333333
MIAMI,2018,151,18.333333
MIAMI,2018,150,18.333333
MIAMI,2018,149,18.333333
MIAMI,2018,148,
MIAMI,2018,147,
MIAMI,2018,146,
MIAMI,2018,145,18.333333
MIAMI,2018,144,18.333333
MIAMI,2018,143,18.333333
MIAMI,2018,142,18.333333
MIAMI,2018,141,18.333333
MIAMI,2018,140,
MIAMI,2018,139,
MIAMI,2018,138,18.333333
MIAMI,2018,137,18.333333
MIAMI,2018,136,18.333333
MIAMI,2018,135,18.333333
MIAMI,2018,134,18.333333
MIAMI,2018,133,
MIAMI,2018,132,
MIAMI,2018,131,18.333333
MIAMI,2018,130,18.333333
MIAMI,2018,129,18.333333
MIAMI,2018,128,18.333333
MIAMI,2018,127,18.333333
MIAMI,2018,126,
MIAMI,2018,125,
MIAMI,2018,124,18.333333
MIAMI,2018,123,18.333333
MIAMI,2018,122,18.333333
MIAMI,2018,121,18.333333
MIAMI,2018,120,18.333333
MIAMI,2018,119,
MIAMI,2018,118,
MIAMI,2018,117,18.333333
MIAMI,2018,116,18.333333
MIAMI,2018,115,18.333333
MIAMI,2018,114,18.333333
MIAMI,2018,113,18.333333
MIAMI,2018,112,
MIAMI,2018,111,
MIAMI,2018,110,18.333333
MIAMI,2018,109,18.333333
MIAMI,2018,108,18.333333
MIAMI,2018,107,18.333333
MIAMI,2018,106,18.333333
MIAMI,2018,105,
MIAMI,2018,104,
MIAMI,2018,103,19.000000
MIAMI,2018,102,18.750000
MIAMI,2018,101,18.750000
MIAMI,2018,100,18.750000
MIAMI,2018,99,18.750000
MIAMI,2018,98,
MIAMI,2018,97,
MIAMI,2018,96,18.750000
MIAMI,2018,95,18.750000
MIAMI,2018,94,18.750000
MIAMI,2018,93,18.750000
MIAMI,2018,92,18.750000
MIAMI,2018,91,
MIAMI,2018,90,
MIAMI,2018,89,18.750000
MIAMI,2018,88,18.750000
MIAMI,2018,87,18.750000
MIAMI,2018,86,18.750000
MIAMI,2018,85,18.750000
MIAMI,2018,84,
MIAMI,2018,83,
MIAMI,2018,82,18.750000
MIAMI,2018,81,18.750000
MIAMI,2018,80,18.750000
MIAMI,2018,79,18.750000
MIAMI,2018,78,18.750000
MIAMI,2018,77,
MIAMI,2018,76,
MIAMI,2018,75,18.750000
MIAMI,2018,74,18.750000
MIAMI,2018,73,18.750000
MIAMI,2018,72,18.750000
MIAMI,2018,71,18.750000
MIAMI,2018,70,
MIAMI,2018,69,
MIAMI,2018,68,
MIAMI,2018,67,
MIAMI,2018,66,18.750000
MIAMI,2018,65,18.750000
MIAMI,2018,64,18.750000
MIAMI,2018,63,
MIAMI,2018,62,
MIAMI,2018,61,18.750000
MIAMI,2018,60,18.750000
MIAMI,2018,59,18.750000
MIAMI,2018,58,18.750000
MIAMI,2018,57,18.750000
MIAMI,2018,56,
MIAMI,2018,55,
MIAMI,2018,54,18.750000
MIAMI,2018,53,18.750000
MIAMI,2018,52,18.750000
MIAMI,2018,51,18.750000
MIAMI,2018,50,
MIAMI,2018,49,
MIAMI,2018,48,
MIAMI,2018,47,18.750000
MIAMI,2018,46,18.750000
MIAMI,2018,45,18.750000
MIAMI,2018,44,18.750000
MIAMI,2018,43,18.000000
MIAMI,2018,42,
MIAMI,2018,41,
MIAMI,2018,40,18.000000
MIAMI,2018,39,18.000000
MIAMI,2018,38,18.000000
MIAMI,2018,37,18.000000
MIAMI,2018,36,18.000000
MIAMI,2018,35,
MIAMI,2018,34,
MIAMI,2018,33,18.000000
MIAMI,2018,32,18.000000
MIAMI,2018,31,18.000000
MIAMI,2018,30,18.500000
MIAMI,2018,29,18.500000
MIAMI,2018,28,
MIAMI,2018,27,
MIAMI,2018,26,18.500000
MIAMI,2018,25,18.500000
MIAMI,2018,24,18.500000
MIAMI,2018,23,18.500000
MIAMI,2018,22,18.500000
MIAMI,2018,21,
MIAMI,2018,20,
MIAMI,2018,19,17.250000
MIAMI,2018,18,17.250000
MIAMI,2018,17,17.250000
MIAMI,2018,16,17.250000
MIAMI,2018,15,
MIAMI,2018,14,
MIAMI,2018,13,
MIAMI,2018,12,17.250000
MIAMI,2018,11,17.250000
MIAMI,2018,10,17.250000
MIAMI,2018,9,17.250000
MIAMI,2018,8,17.250000
MIAMI,2018,7,
MIAMI,2018,6,
MIAMI,2018,5,17.250000
MIAMI,2018,4,17.250000
MIAMI,2018,3,17.250000
MIAMI,2018,2,17.250000
NEW YORK,2018,366,
NEW YORK,2018,365,34.500000
NEW YORK,2018,364,
NEW YORK,2018,363,
NEW YORK,2018,362,47.000000
NEW YORK,2018,361,53.500000
NEW YORK,2018,360,
NEW YORK,2018,359,
NEW YORK,2018,358,
NEW YORK,2018,357,
NEW YORK,2018,356,
NEW YORK,2018,355,36.000000
NEW YORK,2018,354,35.000000
NEW YORK,2018,353,28.500000
NEW YORK,2018,352,18.000000
NEW YORK,2018,351,29.500000
NEW YORK,2018,350,
NEW YORK,2018,349,
NEW YORK,2018,348,28.000000
NEW YORK,2018,347,28.000000
NEW YORK,2018,346,28.000000
NEW YORK,2018,345,28.000000
NEW YORK,2018,344,18.000000
NEW YORK,2018,343,
NEW YORK,2018,342,
NEW YORK,2018,341,25.800000
NEW YORK,2018,340,26.400000
NEW YORK,2018,339,27.600000
NEW YORK,2018,338,27.600000
NEW YORK,2018,337,27.875000
NEW YORK,2018,336,
NEW YORK,2018,335,
NEW YORK,2018,334,27.375000
NEW YORK,2018,333,29.800000
NEW YORK,2018,332,29.800000
NEW YORK,2018,331,27.250000
NEW YORK,2018,330,27.250000
NEW YORK,2018,329,
NEW YORK,2018,328,
NEW YORK,2018,327,
NEW YORK,2018,326,
NEW YORK,2018,325,27.250000
NEW YORK,2018,324,27.250000
NEW YORK,2018,323,27.750000
NEW YORK,2018,322,
NEW YORK,2018,321,
NEW YORK,2018,320,27.750000
NEW YORK,2018,319,27.750000
NEW YORK,2018,318,27.750000
NEW YORK,2018,317,27.750000
NEW YORK,2018,316,
NEW YORK,2018,315,
NEW YORK,2018,314,
NEW YORK,2018,313,23.500000
NEW YORK,2018,312,23.500000
NEW YORK,2018,311,23.500000
NEW YORK,2018,310,23.500000
NEW YORK,2018,309,23.500000
NEW YORK,2018,308,
NEW YORK,2018,307,
NEW YORK,2018,306,30.000000
NEW YORK,2018,305,30.000000
NEW YORK,2018,304,30.000000
NEW YORK,2018,303,30.000000
NEW YORK,2018,302,30.000000
NEW YORK,2018,301,
NEW YORK,2018,300,
NEW YORK,2018,299,
NEW YORK,2018,298,24.666666
NEW YORK,2018,297,22.000000
NEW YORK,2018,296,22.000000
NEW YORK,2018,295,18.000000
NEW YORK,2018,294,
NEW YORK,2018,293,
NEW YORK,2018,292,22.500000
NEW YORK,2018,291,19.500000
NEW YORK,2018,290,19.500000
NEW YORK,2018,289,18.166666
NEW YORK,2018,288,17.500000
NEW YORK,2018,287,
NEW YORK,2018,286,
NEW YORK,2018,285,17.500000
NEW YORK,2018,284,19.625000
NEW YORK,2018,283,19.625000
NEW YORK,2018,282,19.625000
NEW YORK,2018,281,
NEW YORK,2018,280,
NEW YORK,2018,279,
NEW YORK,2018,278,16.166666
NEW YORK,2018,277,16.166666
NEW YORK,2018,276,16.166666
NEW YORK,2018,275,16.166666
NEW YORK,2018,274,16.166666
NEW YORK,2018,273,
NEW YORK,2018,272,
NEW YORK,2018,271,
NEW YORK,2018,270,
NEW YORK,2018,269,20.000000
NEW YORK,2018,268,20.000000
NEW YORK,2018,267,20.000000
NEW YORK,2018,266,
NEW YORK,2018,265,
NEW YORK,2018,264,
NEW YORK,2018,263,
NEW YORK,2018,262,
NEW YORK,2018,261,
NEW YORK,2018,260,11.000000
NEW YORK,2018,259,
NEW YORK,2018,258,
NEW YORK,2018,257,13.000000
NEW YORK,2018,256,17.500000
NEW YORK,2018,255,17.500000
NEW YORK,2018,254,17.500000
NEW YORK,2018,253,14.333333
NEW YORK,2018,252,
NEW YORK,2018,251,
NEW YORK,2018,250,16.625000
NEW YORK,2018,249,16.500000
NEW YORK,2018,248,14.200000
NEW YORK,2018,247,14.625000
NEW YORK,2018,246,
NEW YORK,2018,245,
NEW YORK,2018,244,
NEW YORK,2018,243,14.625000
NEW YORK,2018,242,16.000000
NEW YORK,2018,241,16.000000
NEW YORK,2018,240,16.000000
NEW YORK,2018,239,14.250000
NEW YORK,2018,238,
NEW YORK,2018,237,
NEW YORK,2018,236,16.214285
NEW YORK,2018,235,16.214285
NEW YORK,2018,234,16.071428
NEW YORK,2018,233,16.250000
NEW YORK,2018,232,16.250000
NEW YORK,2018,231,
NEW YORK,2018,230,
NEW YORK,2018,229,17.500000
NEW YORK,2018,228,17.785714
NEW YORK,2018,227,17.900000
NEW YORK,2018,226,17.900000
NEW YORK,2018,225,17.900000
NEW YORK,2018,224,
NEW YORK,2018,223,
NEW YORK,2018,222,11.750000
NEW YORK,2018,221,17.100000
NEW YORK,2018,220,13.100000
NEW YORK,2018,219,13.100000
NEW YORK,2018,218,17.000000
NEW YORK,2018,217,
NEW YORK,2018,216,
NEW YORK,2018,215,17.125000
NEW YORK,2018,214,18.642857
NEW YORK,2018,213,18.750000
NEW YORK,2018,212,18.500000
NEW YORK,2018,211,18.333333
NEW YORK,2018,210,
NEW YORK,2018,209,
NEW YORK,2018,208,20.600000
NEW YORK,2018,207,20.600000
NEW YORK,2018,206,20.600000
NEW YORK,2018,205,22.250000
NEW YORK,2018,204,22.333333
NEW YORK,2018,203,
NEW YORK,2018,202,
NEW YORK,2018,201,19.500000
NEW YORK,2018,200,19.500000
NEW YORK,2018,199,19.500000
NEW YORK,2018,198,19.500000
NEW YORK,2018,197,23.000000
NEW YORK,2018,196,
NEW YORK,2018,195,
NEW YORK,2018,194,19.000000
NEW YORK,2018,193,19.000000
NEW YORK,2018,192,19.000000
NEW YORK,2018,191,20.500000
NEW YORK,2018,190,20.500000
NEW YORK,2018,189,
NEW YORK,2018,188,
NEW YORK,2018,187,20.500000
NEW YORK,2018,186,20.500000
NEW YORK,2018,185,
NEW YORK,2018,184,20.500000
NEW YORK,2018,183,20.500000
NEW YORK,2018,182,
NEW YORK,2018,181,
NEW YORK,2018,180,19.500000
NEW YORK,2018,179,19.500000
NEW YORK,2018,178,19.500000
NEW YORK,2018,177,19.500000
NEW YORK,2018,176,19.500000
NEW YORK,2018,175,
NEW YORK,2018,174,
NEW YORK,2018,173,20.000000
NEW YORK,2018,172,20.000000
NEW YORK,2018,171,20.000000
NEW YORK,2018,170,19.333333
NEW YORK,2018,169,19.333333
NEW YORK,2018,168,
NEW YORK,2018,167,
NEW YORK,2018,166,18.333333
NEW YORK,2018,165,18.333333
NEW YORK,2018,164,18.333333
NEW YORK,2018,163,18.000000
NEW YORK,2018,162,18.000000
NEW YORK,2018,161,
NEW YORK,2018,160,
NEW YORK,2018,159,13.000000
NEW YORK,2018,158,13.000000
NEW YORK,2018,157,12.000000
NEW YORK,2018,156,12.750000
NEW YORK,2018,155,12.750000
NEW YORK,2018,154,
NEW YORK,2018,153,
NEW YORK,2018,152,14.000000
NEW YORK,2018,151,17.333333
NEW YORK,2018,150,15.000000
NEW YORK,2018,149,15.000000
NEW YORK,2018,148,
NEW YORK,2018,147,
NEW YORK,2018,146,
NEW YORK,2018,145,13.333333
NEW YORK,2018,144,13.333333
NEW YORK,2018,143,13.333333
NEW YORK,2018,142,13.333333
NEW YORK,2018,141,13.333333
NEW YORK,2018,140,
NEW YORK,2018,139,
NEW YORK,2018,138,19.200000
NEW YORK,2018,137,19.200000
NEW YORK,2018,136,19.200000
NEW YORK,2018,135,19.200000
NEW YORK,2018,134,19.200000
NEW YORK,2018,133,
NEW YORK,2018,132,
NEW YORK,2018,131,21.300000
NEW YORK,2018,130,21.300000
NEW YORK,2018,129,21.300000
NEW YORK,2018,128,21.300000
NEW YORK,2018,127,17.500000
NEW YORK,2018,126,
NEW YORK,2018,125,
NEW YORK,2018,124,17.625000
NEW YORK,2018,123,18.875000
NEW YORK,2018,122,18.875000
NEW YORK,2018,121,18.875000
NEW YORK,2018,120,18.875000
NEW YORK,2018,119,
NEW YORK,2018,118,
NEW YORK,2018,117,19.000000
NEW YORK,2018,116,20.500000
NEW YORK,2018,115,20.500000
NEW YORK,2018,114,20.500000
NEW YORK,2018,113,20.500000
NEW YORK,2018,112,
NEW YORK,2018,111,
NEW YORK,2018,110,23.166666
NEW YORK,2018,109,23.166666
NEW YORK,2018,108,23.333333
NEW YORK,2018,107,23.333333
NEW YORK,2018,106,17.250000
NEW YORK,2018,105,
NEW YORK,2018,104,
NEW YORK,2018,103,21.166666
NEW YORK,2018,102,21.166666
NEW YORK,2018,101,21.166666
NEW YORK,2018,100,17.500000
NEW YORK,2018,99,18.333333
NEW YORK,2018,98,
NEW YORK,2018,97,
NEW YORK,2018,96,20.000000
NEW YORK,2018,95,20.700000
NEW YORK,2018,94,19.625000
NEW YORK,2018,93,19.625000
NEW YORK,2018,92,
NEW YORK,2018,91,
NEW YORK,2018,90,
NEW YORK,2018,89,19.000000
NEW YORK,2018,88,18.600000
NEW YORK,2018,87,16.583333
NEW YORK,2018,86,16.583333
NEW YORK,2018,85,17.750000
NEW YORK,2018,84,
NEW YORK,2018,83,
NEW YORK,2018,82,17.750000
NEW YORK,2018,81,17.750000
NEW YORK,2018,80,17.750000
NEW YORK,2018,79,17.750000
NEW YORK,2018,78,17.750000
NEW YORK,2018,77,
NEW YORK,2018,76,
NEW YORK,2018,75,17.000000
NEW YORK,2018,74,17.000000
NEW YORK,2018,73,16.500000
NEW YORK,2018,72,16.500000
NEW YORK,2018,71,13.000000
NEW YORK,2018,70,
NEW YORK,2018,69,
NEW YORK,2018,68,
NEW YORK,2018,67,
NEW YORK,2018,66,
NEW YORK,2018,65,18.000000
NEW YORK,2018,64,18.000000
NEW YORK,2018,63,
NEW YORK,2018,62,
NEW YORK,2018,61,19.250000
NEW YORK,2018,60,19.375000
NEW YORK,2018,59,19.375000
NEW YORK,2018,58,19.375000
NEW YORK,2018,57,19.375000
NEW YORK,2018,56,
NEW YORK,2018,55,
NEW YORK,2018,54,19.375000
NEW YORK,2018,53,19.100000
NEW YORK,2018,52,19.166666
NEW YORK,2018,51,19.166666
NEW YORK,2018,50,
NEW YORK,2018,49,
NEW YORK,2018,48,
NEW YORK,2018,47,20.500000
NEW YORK,2018,46,20.500000
NEW YORK,2018,45,14.000000
NEW YORK,2018,44,20.250000
NEW YORK,2018,43,20.250000
NEW YORK,2018,42,
NEW YORK,2018,41,
NEW YORK,2018,40,20.500000
NEW YORK,2018,39,18.125000
NEW YORK,2018,38,18.125000
NEW YORK,2018,37,23.833333
NEW YORK,2018,36,23.833333
NEW YORK,2018,35,
NEW YORK,2018,34,
NEW YORK,2018,33,21.333333
NEW YORK,2018,32,21.333333
NEW YORK,2018,31,21.000000
NEW YORK,2018,30,21.000000
NEW YORK,2018,29,21.000000
NEW YORK,2018,28,
NEW YORK,2018,27,
NEW YORK,2018,26,24.166666
NEW YORK,2018,25,20.833333
NEW YORK,2018,24,23.166666
NEW YORK,2018,23,23.166666
NEW YORK,2018,22,22.250000
NEW YORK,2018,21,
NEW YORK,2018,20,
NEW YORK,2018,19,22.250000
NEW YORK,2018,18,22.250000
NEW YORK,2018,17,22.250000
NEW YORK,2018,16,22.250000
NEW YORK,2018,15,
NEW YORK,2018,14,
NEW YORK,2018,13,
NEW YORK,2018,12,24.666666
NEW YORK,2018,11,24.500000
NEW YORK,2018,10,24.500000
NEW YORK,2018,9,24.500000
NEW YORK,2018,8,21.500000
NEW YORK,2018,7,
NEW YORK,2018,6,
NEW YORK,2018,5,
NEW YORK,2018,4,21.500000
NEW YORK,2018,3,21.500000
NEW YORK,2018,2,19.000000
PHILADELPHIA,2018,366,
PHILADELPHIA,2018,365,37.500000
PHILADELPHIA,2018,364,
PHILADELPHIA,2018,363,
PHILADELPHIA,2018,362,32.250000
PHILADELPHIA,2018,361,32.250000
PHILADELPHIA,2018,360,34.500000
PHILADELPHIA,2018,359,
PHILADELPHIA,2018,358,
PHILADELPHIA,2018,357,
PHILADELPHIA,2018,356,
PHILADELPHIA,2018,355,28.666666
PHILADELPHIA,2018,354,28.666666
PHILADELPHIA,2018,353,24.250000
PHILADELPHIA,2018,352,24.250000
PHILADELPHIA,2018,351,23.500000
PHILADELPHIA,2018,350,
PHILADELPHIA,2018,349,
PHILADELPHIA,2018,348,26.000000
PHILADELPHIA,2018,347,26.000000
PHILADELPHIA,2018,346,26.000000
PHILADELPHIA,2018,345,23.000000
PHILADELPHIA,2018,344,23.000000
PHILADELPHIA,2018,343,
PHILADELPHIA,2018,342,
PHILADELPHIA,2018,341,26.666666
PHILADELPHIA,2018,340,26.666666
PHILADELPHIA,2018,339,30.000000
PHILADELPHIA,2018,338,
PHILADELPHIA,2018,337,30.000000
PHILADELPHIA,2018,336,
PHILADELPHIA,2018,335,
PHILADELPHIA,2018,334,29.000000
PHILADELPHIA,2018,333,29.000000
PHILADELPHIA,2018,332,29.000000
PHILADELPHIA,2018,331,26.000000
PHILADELPHIA,2018,330,28.333333
PHILADELPHIA,2018,329,
PHILADELPHIA,2018,328,
PHILADELPHIA,2018,327,
PHILADELPHIA,2018,326,
PHILADELPHIA,2018,325,26.500000
PHILADELPHIA,2018,324,26.500000
PHILADELPHIA,2018,323,19.000000
PHILADELPHIA,2018,322,
PHILADELPHIA,2018,321,
PHILADELPHIA,2018,320,22.833333
PHILADELPHIA,2018,319,22.833333
PHILADELPHIA,2018,318,22.833333
PHILADELPHIA,2018,317,22.833333
PHILADELPHIA,2018,316,
PHILADELPHIA,2018,315,
PHILADELPHIA,2018,314,
PHILADELPHIA,2018,313,23.166666
PHILADELPHIA,2018,312,23.166666
PHILADELPHIA,2018,311,23.166666
PHILADELPHIA,2018,310,23.166666
PHILADELPHIA,2018,309,24.000000
PHILADELPHIA,2018,308,
PHILADELPHIA,2018,307,
PHILADELPHIA,2018,306,24.125000
PHILADELPHIA,2018,305,24.125000
PHILADELPHIA,2018,304,27.500000
PHILADELPHIA,2018,303,27.500000
PHILADELPHIA,2018,302,27.333333
PHILADELPHIA,2018,301,
PHILADELPHIA,2018,300,
PHILADELPHIA,2018,299,25.500000
PHILADELPHIA,2018,298,25.500000
PHILADELPHIA,2018,297,26.500000
PHILADELPHIA,2018,296,28.000000
PHILADELPHIA,2018,295,26.000000
PHILADELPHIA,2018,294,
PHILADELPHIA,2018,293,
PHILADELPHIA,2018,292,29.250000
PHILADELPHIA,2018,291,29.250000
PHILADELPHIA,2018,290,29.250000
PHILADELPHIA,2018,289,28.500000
PHILADELPHIA,2018,288,28.500000
PHILADELPHIA,2018,287,
PHILADELPHIA,2018,286,
PHILADELPHIA,2018,285,20.500000
PHILADELPHIA,2018,284,20.500000
PHILADELPHIA,2018,283,18.625000
PHILADELPHIA,2018,282,18.625000
PHILADELPHIA,2018,281,
PHILADELPHIA,2018,280,
PHILADELPHIA,2018,279,
PHILADELPHIA,2018,278,17.875000
PHILADELPHIA,2018,277,17.875000
PHILADELPHIA,2018,276,17.875000
PHILADELPHIA,2018,275,18.125000
PHILADELPHIA,2018,274,16.625000
PHILADELPHIA,2018,273,
PHILADELPHIA,2018,272,
PHILADELPHIA,2018,271,16.625000
PHILADELPHIA,2018,270,16.625000
PHILADELPHIA,2018,269,14.125000
PHILADELPHIA,2018,268,12.166666
PHILADELPHIA,2018,267,14.875000
PHILADELPHIA,2018,266,
PHILADELPHIA,2018,265,
PHILADELPHIA,2018,264,14.875000
PHILADELPHIA,2018,263,14.875000
PHILADELPHIA,2018,262,14.875000
PHILADELPHIA,2018,261,14.875000
PHILADELPHIA,2018,260,14.375000
PHILADELPHIA,2018,259,
PHILADELPHIA,2018,258,
PHILADELPHIA,2018,257,14.375000
PHILADELPHIA,2018,256,14.375000
PHILADELPHIA,2018,255,13.166666
PHILADELPHIA,2018,254,13.166666
PHILADELPHIA,2018,253,13.166666
PHILADELPHIA,2018,252,
PHILADELPHIA,2018,251,
PHILADELPHIA,2018,250,12.166666
PHILADELPHIA,2018,249,12.166666
PHILADELPHIA,2018,248,16.200000
PHILADELPHIA,2018,247,16.200000
PHILADELPHIA,2018,246,
PHILADELPHIA,2018,245,
PHILADELPHIA,2018,244,
PHILADELPHIA,2018,243,16.200000
PHILADELPHIA,2018,242,16.200000
PHILADELPHIA,2018,241,16.200000
PHILADELPHIA,2018,240,16.200000
PHILADELPHIA,2018,239,16.200000
PHILADELPHIA,2018,238,
PHILADELPHIA,2018,237,
PHILADELPHIA,2018,236,15.200000
PHILADELPHIA,2018,235,15.200000
PHILADELPHIA,2018,234,15.250000
PHILADELPHIA,2018,233,15.250000
PHILADELPHIA,2018,232,16.000000
PHILADELPHIA,2018,231,
PHILADELPHIA,2018,230,
PHILADELPHIA,2018,229,16.125000
PHILADELPHIA,2018,228,16.125000
PHILADELPHIA,2018,227,16.125000
PHILADELPHIA,2018,226,16.125000
PHILADELPHIA,2018,225,18.875000
PHILADELPHIA,2018,224,
PHILADELPHIA,2018,223,
PHILADELPHIA,2018,222,18.875000
PHILADELPHIA,2018,221,19.166666
PHILADELPHIA,2018,220,19.166666
PHILADELPHIA,2018,219,19.333333
PHILADELPHIA,2018,218,19.000000
PHILADELPHIA,2018,217,
PHILADELPHIA,2018,216,
PHILADELPHIA,2018,215,19.000000
PHILADELPHIA,2018,214,19.000000
PHILADELPHIA,2018,213,19.000000
PHILADELPHIA,2018,212,18.750000
PHILADELPHIA,2018,211,18.750000
PHILADELPHIA,2018,210,
PHILADELPHIA,2018,209,
PHILADELPHIA,2018,208,18.750000
PHILADELPHIA,2018,207,18.750000
PHILADELPHIA,2018,206,18.750000
PHILADELPHIA,2018,205,18.750000
PHILADELPHIA,2018,204,18.750000
PHILADELPHIA,2018,203,
PHILADELPHIA,2018,202,
PHILADELPHIA,2018,201,21.000000
PHILADELPHIA,2018,200,21.000000
PHILADELPHIA,2018,199,21.000000
PHILADELPHIA,2018,198,19.333333
PHILADELPHIA,2018,197,20.900000
PHILADELPHIA,2018,196,
PHILADELPHIA,2018,195,
PHILADELPHIA,2018,194,20.900000
PHILADELPHIA,2018,193,20.900000
PHILADELPHIA,2018,192,20.900000
PHILADELPHIA,2018,191,20.900000
PHILADELPHIA,2018,190,19.000000
PHILADELPHIA,2018,189,
PHILADELPHIA,2018,188,
PHILADELPHIA,2018,187,22.500000
PHILADELPHIA,2018,186,22.500000
PHILADELPHIA,2018,185,
PHILADELPHIA,2018,184,23.000000
PHILADELPHIA,2018,183,21.166666
PHILADELPHIA,2018,182,
PHILADELPHIA,2018,181,
PHILADELPHIA,2018,180,21.166666
PHILADELPHIA,2018,179,21.166666
PHILADELPHIA,2018,178,21.000000
PHILADELPHIA,2018,177,21.000000
PHILADELPHIA,2018,176,21.000000
PHILADELPHIA,2018,175,
PHILADELPHIA,2018,174,
PHILADELPHIA,2018,173,20.300000
PHILADELPHIA,2018,172,20.300000
PHILADELPHIA,2018,171,20.300000
PHILADELPHIA,2018,170,20.500000
PHILADELPHIA,2018,169,20.300000
PHILADELPHIA,2018,168,
PHILADELPHIA,2018,167,
PHILADELPHIA,2018,166,20.500000
PHILADELPHIA,2018,165,20.500000
PHILADELPHIA,2018,164,20.500000
PHILADELPHIA,2018,163,19.125000
PHILADELPHIA,2018,162,20.000000
PHILADELPHIA,2018,161,
PHILADELPHIA,2018,160,
PHILADELPHIA,2018,159,20.000000
PHILADELPHIA,2018,158,20.000000
PHILADELPHIA,2018,157,19.500000
PHILADELPHIA,2018,156,19.500000
PHILADELPHIA,2018,155,19.500000
PHILADELPHIA,2018,154,
PHILADELPHIA,2018,153,
PHILADELPHIA,2018,152,20.300000
PHILADELPHIA,2018,151,20.300000
PHILADELPHIA,2018,150,20.300000
PHILADELPHIA,2018,149,19.800000
PHILADELPHIA,2018,148,
PHILADELPHIA,2018,147,
PHILADELPHIA,2018,146,
PHILADELPHIA,2018,145,19.500000
PHILADELPHIA,2018,144,19.500000
PHILADELPHIA,2018,143,19.500000
PHILADELPHIA,2018,142,20.900000
PHILADELPHIA,2018,141,20.600000
PHILADELPHIA,2018,140,
PHILADELPHIA,2018,139,
PHILADELPHIA,2018,138,22.000000
PHILADELPHIA,2018,137,22.000000
PHILADELPHIA,2018,136,22.000000
PHILADELPHIA,2018,135,22.000000
PHILADELPHIA,2018,134,21.250000
PHILADELPHIA,2018,133,
PHILADELPHIA,2018,132,
PHILADELPHIA,2018,131,24.600000
PHILADELPHIA,2018,130,24.600000
PHILADELPHIA,2018,129,24.600000
PHILADELPHIA,2018,128,24.600000
PHILADELPHIA,2018,127,22.250000
PHILADELPHIA,2018,126,
PHILADELPHIA,2018,125,
PHILADELPHIA,2018,124,25.400000
PHILADELPHIA,2018,123,25.400000
PHILADELPHIA,2018,122,25.200000
PHILADELPHIA,2018,121,25.200000
PHILADELPHIA,2018,120,22.625000
PHILADELPHIA,2018,119,
PHILADELPHIA,2018,118,
PHILADELPHIA,2018,117,23.875000
PHILADELPHIA,2018,116,23.875000
PHILADELPHIA,2018,115,22.500000
PHILADELPHIA,2018,114,22.500000
PHILADELPHIA,2018,113,22.833333
PHILADELPHIA,2018,112,
PHILADELPHIA,2018,111,
PHILADELPHIA,2018,110,26.928571
PHILADELPHIA,2018,109,26.928571
PHILADELPHIA,2018,108,26.928571
PHILADELPHIA,2018,107,27.214285
PHILADELPHIA,2018,106,26.416666
PHILADELPHIA,2018,105,
PHILADELPHIA,2018,104,
PHILADELPHIA,2018,103,24.333333
PHILADELPHIA,2018,102,24.333333
PHILADELPHIA,2018,101,24.333333
PHILADELPHIA,2018,100,24.333333
PHILADELPHIA,2018,99,18.750000
PHILADELPHIA,2018,98,
PHILADELPHIA,2018,97,
PHILADELPHIA,2018,96,15.100000
PHILADELPHIA,2018,95,15.100000
PHILADELPHIA,2018,94,13.125000
PHILADELPHIA,2018,93,13.125000
PHILADELPHIA,2018,92,
PHILADELPHIA,2018,91,
PHILADELPHIA,2018,90,
PHILADELPHIA,2018,89,17.833333
PHILADELPHIA,2018,88,17.833333
PHILADELPHIA,2018,87,17.833333
PHILADELPHIA,2018,86,18.166666
PHILADELPHIA,2018,85,16.166666
PHILADELPHIA,2018,84,
PHILADELPHIA,2018,83,
PHILADELPHIA,2018,82,17.200000
PHILADELPHIA,2018,81,17.200000
PHILADELPHIA,2018,80,
PHILADELPHIA,2018,79,17.300000
PHILADELPHIA,2018,78,17.100000
PHILADELPHIA,2018,77,
PHILADELPHIA,2018,76,
PHILADELPHIA,2018,75,17.100000
PHILADELPHIA,2018,74,17.100000
PHILADELPHIA,2018,73,17.375000
PHILADELPHIA,2018,72,17.500000
PHILADELPHIA,2018,71,17.250000
PHILADELPHIA,2018,70,
PHILADELPHIA,2018,69,
PHILADELPHIA,2018,68,
PHILADELPHIA,2018,67,
PHILADELPHIA,2018,66,
PHILADELPHIA,2018,65,15.500000
PHILADELPHIA,2018,64,15.400000
PHILADELPHIA,2018,63,
PHILADELPHIA,2018,62,
PHILADELPHIA,2018,61,21.400000
PHILADELPHIA,2018,60,21.400000
PHILADELPHIA,2018,59,21.400000
PHILADELPHIA,2018,58,21.400000
PHILADELPHIA,2018,57,17.500000
PHILADELPHIA,2018,56,
PHILADELPHIA,2018,55,
PHILADELPHIA,2018,54,22.875000
PHILADELPHIA,2018,53,22.875000
PHILADELPHIA,2018,52,22.750000
PHILADELPHIA,2018,51,22.750000
PHILADELPHIA,2018,50,
PHILADELPHIA,2018,49,
PHILADELPHIA,2018,48,
PHILADELPHIA,2018,47,22.000000
PHILADELPHIA,2018,46,22.000000
PHILADELPHIA,2018,45,22.000000
PHILADELPHIA,2018,44,23.000000
PHILADELPHIA,2018,43,18.875000
PHILADELPHIA,2018,42,
PHILADELPHIA,2018,41,
PHILADELPHIA,2018,40,21.500000
PHILADELPHIA,2018,39,21.500000
PHILADELPHIA,2018,38,21.500000
PHILADELPHIA,2018,37,22.000000
PHILADELPHIA,2018,36,21.625000
PHILADELPHIA,2018,35,
PHILADELPHIA,2018,34,
PHILADELPHIA,2018,33,25.200000
PHILADELPHIA,2018,32,25.200000
PHILADELPHIA,2018,31,25.500000
PHILADELPHIA,2018,30,24.375000
PHILADELPHIA,2018,29,24.375000
PHILADELPHIA,2018,28,
PHILADELPHIA,2018,27,
PHILADELPHIA,2018,26,24.875000
PHILADELPHIA,2018,25,24.875000
PHILADELPHIA,2018,24,24.875000
PHILADELPHIA,2018,23,24.625000
PHILADELPHIA,2018,22,24.625000
PHILADELPHIA,2018,21,
PHILADELPHIA,2018,20,
PHILADELPHIA,2018,19,23.400000
PHILADELPHIA,2018,18,23.700000
PHILADELPHIA,2018,17,23.200000
PHILADELPHIA,2018,16,24.625000
PHILADELPHIA,2018,15,
PHILADELPHIA,2018,14,
PHILADELPHIA,2018,13,
PHILADELPHIA,2018,12,23.000000
PHILADELPHIA,2018,11,23.000000
PHILADELPHIA,2018,10,27.000000
PHILADELPHIA,2018,9,27.000000
PHILADELPHIA,2018,8,25.666666
PHILADELPHIA,2018,7,
PHILADELPHIA,2018,6,
PHILADELPHIA,2018,5,22.250000
PHILADELPHIA,2018,4,22.250000
PHILADELPHIA,2018,3,22.250000
PHILADELPHIA,2018,2,22.833333
