CityName,Year,Day,Price
BALTIMORE,2024,366,
BALTIMORE,2024,365,
BALTIMORE,2024,364,
BALTIMORE,2024,363,
BALTIMORE,2024,362,
BALTIMORE,2024,361,
BALTIMORE,2024,360,
BALTIMORE,2024,359,
BALTIMORE,2024,358,
BALTIMORE,2024,357,
BALTIMORE,2024,356,
BALTIMORE,2024,355,
BALTIMORE,2024,354,
BALTIMORE,2024,353,
BALTIMORE,2024,352,
BALTIMORE,2024,351,
BALTIMORE,2024,350,
BALTIMORE,2024,349,
BALTIMORE,2024,348,
BALTIMORE,2024,347,
BALTIMORE,2024,346,
BALTIMORE,2024,345,
BALTIMORE,2024,344,
BALTIMORE,2024,343,
BALTIMORE,2024,342,
BALTIMORE,2024,341,
BALTIMORE,2024,340,
BALTIMORE,2024,339,
BALTIMORE,2024,338,
BALTIMORE,2024,337,
BALTIMORE,2024,336,
BALTIMORE,2024,335,
BALTIMORE,2024,334,
BALTIMORE,2024,333,
BALTIMORE,2024,332,
BALTIMORE,2024,331,
BALTIMORE,2024,330,
BALTIMORE,2024,329,
BALTIMORE,2024,328,
BALTIMORE,2024,327,
BALTIMORE,2024,326,
BALTIMORE,2024,325,
BALTIMORE,2024,324,
BALTIMORE,2024,323,
BALTIMORE,2024,322,
BALTIMORE,2024,321,
BALTIMORE,2024,320,
BALTIMORE,2024,319,
BALTIMORE,2024,318,
BALTIMORE,2024,317,
BALTIMORE,2024,316,
BALTIMORE,2024,315,
BALTIMORE,2024,314,
BALTIMORE,2024,313,
BALTIMORE,2024,312,
BALTIMORE,2024,311,
BALTIMORE,2024,310,
BALTIMORE,2024,309,
BALTIMORE,2024,308,
BALTIMORE,2024,307,
BALTIMORE,2024,306,
BALTIMORE,2024,305,
BALTIMORE,2024,304,
BALTIMORE,2024,303,
BALTIMORE,2024,302,
BALTIMORE,2024,301,
BALTIMORE,2024,300,
BALTIMORE,2024,299,
BALTIMORE,2024,298,
BALTIMORE,2024,297,
BALTIMORE,2024,296,
BALTIMORE,2024,295,
BALTIMORE,2024,294,
BALTIMORE,2024,293,
BALTIMORE,2024,292,
BALTIMORE,2024,291,
BALTIMORE,2024,290,
BALTIMORE,2024,289,
BALTIMORE,2024,288,
BALTIMORE,2024,287,
BALTIMORE,2024,286,
BALTIMORE,2024,285,
BALTIMORE,2024,284,
BALTIMORE,2024,283,
BALTIMORE,2024,282,
BALTIMORE,2024,281,
BALTIMORE,2024,280,
BALTIMORE,2024,279,
BALTIMORE,2024,278,
BALTIMORE,2024,277,
BALTIMORE,2024,276,
BALTIMORE,2024,275,
BALTIMORE,2024,274,28.000000
BALTIMORE,2024,273,
BALTIMORE,2024,272,
BALTIMORE,2024,271,28.000000
BALTIMORE,2024,270,28.000000
BALTIMORE,2024,269,28.000000
BALTIMORE,2024,268,28.000000
BALTIMORE,2024,267,28.000000
BALTIMORE,2024,266,
BALTIMORE,2024,265,
BALTIMORE,2024,264,35.000000
BALTIMORE,2024,263,35.000000
BALTIMORE,2024,262,35.000000
BALTIMORE,2024,261,35.000000
BALTIMORE,2024,260,35.000000
BALTIMORE,2024,259,
BALTIMORE,2024,258,
BALTIMORE,2024,257,35.000000
BALTIMORE,2024,256,35.000000
BALTIMORE,2024,255,35.000000
BALTIMORE,2024,254,35.000000
BALTIMORE,2024,253,35.000000
BALTIMORE,2024,252,
BALTIMORE,2024,251,
BALTIMORE,2024,250,35.000000
BALTIMORE,2024,249,35.000000
BALTIMORE,2024,248,35.000000
BALTIMORE,2024,247,35.000000
BALTIMORE,2024,246,
BALTIMORE,2024,245,
BALTIMORE,2024,244,
BALTIMORE,2024,243,35.000000
BALTIMORE,2024,242,35.000000
BALTIMORE,2024,241,35.000000
BALTIMORE,2024,240,35.000000
BALTIMORE,2024,239,35.000000
BALTIMORE,2024,238,
BALTIMORE,2024,237,
BALTIMORE,2024,236,35.000000
BALTIMORE,2024,235,35.000000
BALTIMORE,2024,234,35.000000
BALTIMORE,2024,233,35.000000
BALTIMORE,2024,232,35.000000
BALTIMORE,2024,231,
BALTIMORE,2024,230,
BALTIMORE,2024,229,26.250000
BALTIMORE,2024,228,26.250000
BALTIMORE,2024,227,26.250000
BALTIMORE,2024,226,26.250000
BALTIMORE,2024,225,26.250000
BALTIMORE,2024,224,
BALTIMORE,2024,223,
BALTIMORE,2024,222,26.250000
BALTIMORE,2024,221,26.250000
BALTIMORE,2024,220,26.250000
BALTIMORE,2024,219,26.250000
BALTIMORE,2024,218,26.250000
BALTIMORE,2024,217,
BALTIMORE,2024,216,
BALTIMORE,2024,215,26.250000
BALTIMORE,2024,214,26.250000
BALTIMORE,2024,213,
BALTIMORE,2024,212,28.500000
BALTIMORE,2024,211,28.500000
BALTIMORE,2024,210,
BALTIMORE,2024,209,
BALTIMORE,2024,208,28.500000
BALTIMORE,2024,207,28.500000
BALTIMORE,2024,206,28.500000
BALTIMORE,2024,205,28.500000
BALTIMORE,2024,204,28.500000
BALTIMORE,2024,203,
BALTIMORE,2024,202,
BALTIMORE,2024,201,28.500000
BALTIMORE,2024,200,28.500000
BALTIMORE,2024,199,
BALTIMORE,2024,198,28.500000
BALTIMORE,2024,197,28.500000
BALTIMORE,2024,196,
BALTIMORE,2024,195,
BALTIMORE,2024,194,31.000000
BALTIMORE,2024,193,31.000000
BALTIMORE,2024,192,31.000000
BALTIMORE,2024,191,31.000000
BALTIMORE,2024,190,31.000000
BALTIMORE,2024,189,
BALTIMORE,2024,188,
BALTIMORE,2024,187,31.000000
BALTIMORE,2024,186,
BALTIMORE,2024,185,31.000000
BALTIMORE,2024,184,31.000000
BALTIMORE,2024,183,18.000000
BALTIMORE,2024,182,
BALTIMORE,2024,181,
BALTIMORE,2024,180,18.000000
BALTIMORE,2024,179,18.000000
BALTIMORE,2024,178,18.000000
BALTIMORE,2024,177,18.000000
BALTIMORE,2024,176,18.000000
BALTIMORE,2024,175,
BALTIMORE,2024,174,
BALTIMORE,2024,173,18.000000
BALTIMORE,2024,172,18.000000
BALTIMORE,2024,171,
BALTIMORE,2024,170,18.000000
BALTIMORE,2024,169,18.000000
BALTIMORE,2024,168,
BALTIMORE,2024,167,
BALTIMORE,2024,166,18.000000
BALTIMORE,2024,165,18.000000
BALTIMORE,2024,164,18.000000
BALTIMORE,2024,163,19.000000
BALTIMORE,2024,162,19.000000
BALTIMORE,2024,161,
BALTIMORE,2024,160,
BALTIMORE,2024,159,30.000000
BALTIMORE,2024,158,30.000000
BALTIMORE,2024,157,30.000000
BALTIMORE,2024,156,30.000000
BALTIMORE,2024,155,30.000000
BALTIMORE,2024,154,
BALTIMORE,2024,153,
BALTIMORE,2024,152,30.000000
BALTIMORE,2024,151,30.000000
BALTIMORE,2024,150,30.000000
BALTIMORE,2024,149,30.000000
BALTIMORE,2024,148,
BALTIMORE,2024,147,
BALTIMORE,2024,146,
BALTIMORE,2024,145,30.000000
BALTIMORE,2024,144,30.000000
BALTIMORE,2024,143,30.000000
BALTIMORE,2024,142,30.000000
BALTIMORE,2024,141,30.000000
BALTIMORE,2024,140,
BALTIMORE,2024,139,
BALTIMORE,2024,138,30.000000
BALTIMORE,2024,137,30.000000
BALTIMORE,2024,136,30.000000
BALTIMORE,2024,135,30.000000
BALTIMORE,2024,134,28.000000
BALTIMORE,2024,133,
BALTIMORE,2024,132,
BALTIMORE,2024,131,28.000000
BALTIMORE,2024,130,28.000000
BALTIMORE,2024,129,30.000000
BALTIMORE,2024,128,30.000000
BALTIMORE,2024,127,30.000000
BALTIMORE,2024,126,
BALTIMORE,2024,125,
BALTIMORE,2024,124,30.000000
BALTIMORE,2024,123,30.000000
BALTIMORE,2024,122,30.000000
BALTIMORE,2024,121,30.000000
BALTIMORE,2024,120,30.000000
BALTIMORE,2024,119,
BALTIMORE,2024,118,
BALTIMORE,2024,117,30.000000
BALTIMORE,2024,116,30.000000
BALTIMORE,2024,115,30.000000
BALTIMORE,2024,114,30.000000
BALTIMORE,2024,113,41.000000
BALTIMORE,2024,112,
BALTIMORE,2024,111,
BALTIMORE,2024,110,41.000000
BALTIMORE,2024,109,41.000000
BALTIMORE,2024,108,41.000000
BALTIMORE,2024,107,41.000000
BALTIMORE,2024,106,45.500000
BALTIMORE,2024,105,
BALTIMORE,2024,104,
BALTIMORE,2024,103,45.500000
BALTIMORE,2024,102,45.500000
BALTIMORE,2024,101,49.000000
BALTIMORE,2024,100,49.000000
BALTIMORE,2024,99,49.000000
BALTIMORE,2024,98,
BALTIMORE,2024,97,
BALTIMORE,2024,96,49.000000
BALTIMORE,2024,95,49.000000
BALTIMORE,2024,94,49.000000
BALTIMORE,2024,93,51.000000
BALTIMORE,2024,92,51.000000
BALTIMORE,2024,91,
BALTIMORE,2024,90,
BALTIMORE,2024,89,51.000000
BALTIMORE,2024,88,51.000000
BALTIMORE,2024,87,51.000000
BALTIMORE,2024,86,51.000000
BALTIMORE,2024,85,49.000000
BALTIMORE,2024,84,
BALTIMORE,2024,83,
BALTIMORE,2024,82,49.000000
BALTIMORE,2024,81,49.000000
BALTIMORE,2024,80,49.000000
BALTIMORE,2024,79,49.000000
BALTIMORE,2024,78,49.000000
BALTIMORE,2024,77,
BALTIMORE,2024,76,
BALTIMORE,2024,75,49.000000
BALTIMORE,2024,74,49.000000
BALTIMORE,2024,73,49.000000
BALTIMORE,2024,72,49.000000
BALTIMORE,2024,71,48.500000
BALTIMORE,2024,70,
BALTIMORE,2024,69,
BALTIMORE,2024,68,48.500000
BALTIMORE,2024,67,48.500000
BALTIMORE,2024,66,47.000000
BALTIMORE,2024,65,47.000000
BALTIMORE,2024,64,47.000000
BALTIMORE,2024,63,
BALTIMORE,2024,62,
BALTIMORE,2024,61,47.000000
BALTIMORE,2024,60,47.000000
BALTIMORE,2024,59,47.000000
BALTIMORE,2024,58,47.000000
BALTIMORE,2024,57,54.000000
BALTIMORE,2024,56,
BALTIMORE,2024,55,
BALTIMORE,2024,54,54.000000
BALTIMORE,2024,53,54.000000
BALTIMORE,2024,52,39.500000
BALTIMORE,2024,51,43.000000
BALTIMORE,2024,50,
BALTIMORE,2024,49,
BALTIMORE,2024,48,
BALTIMORE,2024,47,43.000000
BALTIMORE,2024,46,43.000000
BALTIMORE,2024,45,46.000000
BALTIMORE,2024,44,46.000000
BALTIMORE,2024,43,46.000000
BALTIMORE,2024,42,
BALTIMORE,2024,41,
BALTIMORE,2024,40,46.000000
BALTIMORE,2024,39,46.000000
BALTIMORE,2024,38,46.000000
BALTIMORE,2024,37,46.000000
BALTIMORE,2024,36,26.500000
BALTIMORE,2024,35,
BALTIMORE,2024,34,
BALTIMORE,2024,33,26.500000
BALTIMORE,2024,32,26.500000
BALTIMORE,2024,31,26.500000
BALTIMORE,2024,30,26.000000
BALTIMORE,2024,29,26.000000
BALTIMORE,2024,28,
BALTIMORE,2024,27,
BALTIMORE,2024,26,26.000000
BALTIMORE,2024,25,26.000000
BALTIMORE,2024,24,26.000000
BALTIMORE,2024,23,26.000000
BALTIMORE,2024,22,26.000000
BALTIMORE,2024,21,
BALTIMORE,2024,20,
BALTIMORE,2024,19,26.000000
BALTIMORE,2024,18,26.000000
BALTIMORE,2024,17,26.000000
BALTIMORE,2024,16,26.000000
BALTIMORE,2024,15,
BALTIMORE,2024,14,
BALTIMORE,2024,13,
BALTIMORE,2024,12,26.000000
BALTIMORE,2024,11,26.000000
BALTIMORE,2024,10,26.000000
BALTIMORE,2024,9,26.000000
BALTIMORE,2024,8,26.000000
BALTIMORE,2024,7,
BALTIMORE,2024,6,
BALTIMORE,2024,5,26.000000
BALTIMORE,2024,4,26.000000
BALTIMORE,2024,3,28.000000
BALTIMORE,2024,2,28.000000
BOSTON,2024,366,
BOSTON,2024,365,
BOSTON,2024,364,
BOSTON,2024,363,
BOSTON,2024,362,
BOSTON,2024,361,
BOSTON,2024,360,
BOSTON,2024,359,
BOSTON,2024,358,
BOSTON,2024,357,
BOSTON,2024,356,
BOSTON,2024,355,
BOSTON,2024,354,
BOSTON,2024,353,
BOSTON,2024,352,
BOSTON,2024,351,
BOSTON,2024,350,
BOSTON,2024,349,
BOSTON,2024,348,
BOSTON,2024,347,
BOSTON,2024,346,
BOSTON,2024,345,
BOSTON,2024,344,
BOSTON,2024,343,
BOSTON,2024,342,
BOSTON,2024,341,
BOSTON,2024,340,
BOSTON,2024,339,
BOSTON,2024,338,
BOSTON,2024,337,
BOSTON,2024,336,
BOSTON,2024,335,
BOSTON,2024,334,
BOSTON,2024,333,
BOSTON,2024,332,
BOSTON,2024,331,
BOSTON,2024,330,
BOSTON,2024,329,
BOSTON,2024,328,
BOSTON,2024,327,
BOSTON,2024,326,
BOSTON,2024,325,
BOSTON,2024,324,
BOSTON,2024,323,
BOSTON,2024,322,
BOSTON,2024,321,
BOSTON,2024,320,
BOSTON,2024,319,
BOSTON,2024,318,
BOSTON,2024,317,
BOSTON,2024,316,
BOSTON,2024,315,
BOSTON,2024,314,
BOSTON,2024,313,
BOSTON,2024,312,
BOSTON,2024,311,
BOSTON,2024,310,
BOSTON,2024,309,
BOSTON,2024,308,
BOSTON,2024,307,
BOSTON,2024,306,
BOSTON,2024,305,
BOSTON,2024,304,
BOSTON,2024,303,
BOSTON,2024,302,
BOSTON,2024,301,
BOSTON,2024,300,
BOSTON,2024,299,
BOSTON,2024,298,
BOSTON,2024,297,
BOSTON,2024,296,
BOSTON,2024,295,
BOSTON,2024,294,
BOSTON,2024,293,
BOSTON,2024,292,
BOSTON,2024,291,
BOSTON,2024,290,
BOSTON,2024,289,
BOSTON,2024,288,
BOSTON,2024,287,
BOSTON,2024,286,
BOSTON,2024,285,
BOSTON,2024,284,
BOSTON,2024,283,
BOSTON,2024,282,
BOSTON,2024,281,
BOSTON,2024,280,
BOSTON,2024,279,
BOSTON,2024,278,
BOSTON,2024,277,
BOSTON,2024,276,
BOSTON,2024,275,
BOSTON,2024,274,30.000000
BOSTON,2024,273,
BOSTON,2024,272,
BOSTON,2024,271,30.000000
BOSTON,2024,270,30.000000
BOSTON,2024,269,30.000000
BOSTON,2024,268,30.000000
BOSTON,2024,267,30.000000
BOSTON,2024,266,
BOSTON,2024,265,
BOSTON,2024,264,30.000000
BOSTON,2024,263,30.000000
BOSTON,2024,262,30.500000
BOSTON,2024,261,30.500000
BOSTON,2024,260,30.500000
BOSTON,2024,259,
BOSTON,2024,258,
BOSTON,2024,257,30.500000
BOSTON,2024,256,30.500000
BOSTON,2024,255,30.500000
BOSTON,2024,254,30.500000
BOSTON,2024,253,30.500000
BOSTON,2024,252,
BOSTON,2024,251,
BOSTON,2024,250,30.500000
BOSTON,2024,249,30.500000
BOSTON,2024,248,30.500000
BOSTON,2024,247,30.500000
BOSTON,2024,246,
BOSTON,2024,245,
BOSTON,2024,244,
BOSTON,2024,243,30.500000
BOSTON,2024,242,30.500000
BOSTON,2024,241,30.500000
BOSTON,2024,240,30.500000
BOSTON,2024,239,30.500000
BOSTON,2024,238,
BOSTON,2024,237,
BOSTON,2024,236,30.500000
BOSTON,2024,235,30.500000
BOSTON,2024,234,30.500000
BOSTON,2024,233,30.500000
BOSTON,2024,232,30.500000
BOSTON,2024,231,
BOSTON,2024,230,
BOSTON,2024,229,30.500000
BOSTON,2024,228,30.500000
BOSTON,2024,227,30.500000
BOSTON,2024,226,30.500000
BOSTON,2024,225,30.500000
BOSTON,2024,224,
BOSTON,2024,223,
BOSTON,2024,222,30.500000
BOSTON,2024,221,30.500000
BOSTON,2024,220,30.500000
BOSTON,2024,219,30.500000
BOSTON,2024,218,30.500000
BOSTON,2024,217,
BOSTON,2024,216,
BOSTON,2024,215,30.500000
BOSTON,2024,214,30.500000
BOSTON,2024,213,30.500000
BOSTON,2024,212,30.500000
BOSTON,2024,211,30.500000
BOSTON,2024,210,
BOSTON,2024,209,
BOSTON,2024,208,30.500000
BOSTON,2024,207,30.500000
BOSTON,2024,206,30.500000
BOSTON,2024,205,30.500000
BOSTON,2024,204,30.500000
BOSTON,2024,203,
BOSTON,2024,202,
BOSTON,2024,201,30.500000
BOSTON,2024,200,30.500000
BOSTON,2024,199,30.500000
BOSTON,2024,198,30.500000
BOSTON,2024,197,
BOSTON,2024,196,
BOSTON,2024,195,
BOSTON,2024,194,30.500000
BOSTON,2024,193,30.500000
BOSTON,2024,192,30.500000
BOSTON,2024,191,30.500000
BOSTON,2024,190,37.000000
BOSTON,2024,189,
BOSTON,2024,188,
BOSTON,2024,187,37.000000
BOSTON,2024,186,
BOSTON,2024,185,37.000000
BOSTON,2024,184,37.000000
BOSTON,2024,183,37.000000
BOSTON,2024,182,
BOSTON,2024,181,
BOSTON,2024,180,37.000000
BOSTON,2024,179,37.000000
BOSTON,2024,178,37.000000
BOSTON,2024,177,37.000000
BOSTON,2024,176,37.000000
BOSTON,2024,175,
BOSTON,2024,174,
BOSTON,2024,173,37.000000
BOSTON,2024,172,37.000000
BOSTON,2024,171,
BOSTON,2024,170,37.000000
BOSTON,2024,169,37.000000
BOSTON,2024,168,
BOSTON,2024,167,
BOSTON,2024,166,37.000000
BOSTON,2024,165,37.000000
BOSTON,2024,164,37.000000
BOSTON,2024,163,37.000000
BOSTON,2024,162,37.000000
BOSTON,2024,161,
BOSTON,2024,160,
BOSTON,2024,159,37.000000
BOSTON,2024,158,37.000000
BOSTON,2024,157,37.000000
BOSTON,2024,156,37.000000
BOSTON,2024,155,37.000000
BOSTON,2024,154,
BOSTON,2024,153,
BOSTON,2024,152,37.000000
BOSTON,2024,151,37.000000
BOSTON,2024,150,37.000000
BOSTON,2024,149,37.000000
BOSTON,2024,148,
BOSTON,2024,147,
BOSTON,2024,146,
BOSTON,2024,145,37.000000
BOSTON,2024,144,37.000000
BOSTON,2024,143,37.000000
BOSTON,2024,142,37.000000
BOSTON,2024,141,37.000000
BOSTON,2024,140,
BOSTON,2024,139,
BOSTON,2024,138,37.000000
BOSTON,2024,137,37.000000
BOSTON,2024,136,37.000000
BOSTON,2024,135,37.000000
BOSTON,2024,134,37.000000
BOSTON,2024,133,
BOSTON,2024,132,
BOSTON,2024,131,37.000000
BOSTON,2024,130,37.000000
BOSTON,2024,129,37.000000
BOSTON,2024,128,37.000000
BOSTON,2024,127,37.000000
BOSTON,2024,126,
BOSTON,2024,125,
BOSTON,2024,124,37.000000
BOSTON,2024,123,37.000000
BOSTON,2024,122,37.000000
BOSTON,2024,121,37.000000
BOSTON,2024,120,37.000000
BOSTON,2024,119,
BOSTON,2024,118,
BOSTON,2024,117,37.000000
BOSTON,2024,116,37.000000
BOSTON,2024,115,37.000000
BOSTON,2024,114,37.000000
BOSTON,2024,113,37.000000
BOSTON,2024,112,
BOSTON,2024,111,
BOSTON,2024,110,37.000000
BOSTON,2024,109,37.000000
BOSTON,2024,108,37.000000
BOSTON,2024,107,37.000000
BOSTON,2024,106,37.000000
BOSTON,2024,105,
BOSTON,2024,104,
BOSTON,2024,103,37.000000
BOSTON,2024,102,37.000000
BOSTON,2024,101,37.000000
BOSTON,2024,100,37.000000
BOSTON,2024,99,37.000000
BOSTON,2024,98,
BOSTON,2024,97,
BOSTON,2024,96,37.000000
BOSTON,2024,95,37.000000
BOSTON,2024,94,37.000000
BOSTON,2024,93,37.000000
BOSTON,2024,92,37.000000
BOSTON,2024,91,
BOSTON,2024,90,
BOSTON,2024,89,37.000000
BOSTON,2024,88,37.000000
BOSTON,2024,87,37.000000
BOSTON,2024,86,37.000000
BOSTON,2024,85,37.000000
BOSTON,2024,84,
BOSTON,2024,83,
BOSTON,2024,82,37.000000
BOSTON,2024,81,37.000000
BOSTON,2024,80,37.000000
BOSTON,2024,79,37.000000
BOSTON,2024,78,37.000000
BOSTON,2024,77,
BOSTON,2024,76,
BOSTON,2024,75,37.000000
BOSTON,2024,74,37.000000
BOSTON,2024,73,37.000000
BOSTON,2024,72,37.000000
BOSTON,2024,71,37.000000
BOSTON,2024,70,
BOSTON,2024,69,
BOSTON,2024,68,37.000000
BOSTON,2024,67,37.000000
BOSTON,2024,66,37.000000
BOSTON,2024,65,37.000000
BOSTON,2024,64,37.000000
BOSTON,2024,63,
BOSTON,2024,62,
BOSTON,2024,61,37.000000
BOSTON,2024,60,37.000000
BOSTON,2024,59,27.250000
BOSTON,2024,58,27.250000
BOSTON,2024,57,27.250000
BOSTON,2024,56,
BOSTON,2024,55,
BOSTON,2024,54,27.250000
BOSTON,2024,53,27.250000
BOSTON,2024,52,27.250000
BOSTON,2024,51,27.250000
BOSTON,2024,50,
BOSTON,2024,49,
BOSTON,2024,48,
BOSTON,2024,47,27.250000
BOSTON,2024,46,27.250000
BOSTON,2024,45,27.250000
BOSTON,2024,44,27.250000
BOSTON,2024,43,27.250000
BOSTON,2024,42,
BOSTON,2024,41,
BOSTON,2024,40,27.250000
BOSTON,2024,39,27.250000
BOSTON,2024,38,27.250000
BOSTON,2024,37,27.250000
BOSTON,2024,36,27.250000
BOSTON,2024,35,
BOSTON,2024,34,
BOSTON,2024,33,27.250000
BOSTON,2024,32,27.250000
BOSTON,2024,31,27.250000
BOSTON,2024,30,27.250000
BOSTON,2024,29,27.250000
BOSTON,2024,28,
BOSTON,2024,27,
BOSTON,2024,26,27.250000
BOSTON,2024,25,27.250000
BOSTON,2024,24,27.250000
BOSTON,2024,23,27.250000
BOSTON,2024,22,27.250000
BOSTON,2024,21,
BOSTON,2024,20,
BOSTON,2024,19,27.250000
BOSTON,2024,18,27.250000
BOSTON,2024,17,27.250000
BOSTON,2024,16,27.250000
BOSTON,2024,15,
BOSTON,2024,14,
BOSTON,2024,13,
BOSTON,2024,12,27.250000
BOSTON,2024,11,27.250000
BOSTON,2024,10,27.250000
BOSTON,2024,9,27.250000
BOSTON,2024,8,27.250000
BOSTON,2024,7,
BOSTON,2024,6,
BOSTON,2024,5,27.250000
BOSTON,2024,4,27.250000
BOSTON,2024,3,27.250000
BOSTON,2024,2,27.250000
CHICAGO,2024,366,
CHICAGO,2024,365,
CHICAGO,2024,364,
CHICAGO,2024,363,
CHICAGO,2024,362,
CHICAGO,2024,361,
CHICAGO,2024,360,
CHICAGO,2024,359,
CHICAGO,2024,358,
CHICAGO,2024,357,
CHICAGO,2024,356,
CHICAGO,2024,355,
CHICAGO,2024,354,
CHICAGO,2024,353,
CHICAGO,2024,352,
CHICAGO,2024,351,
CHICAGO,2024,350,
CHICAGO,2024,349,
CHICAGO,2024,348,
CHICAGO,2024,347,
CHICAGO,2024,346,
CHICAGO,2024,345,
CHICAGO,2024,344,
CHICAGO,2024,343,
CHICAGO,2024,342,
CHICAGO,2024,341,
CHICAGO,2024,340,
CHICAGO,2024,339,
CHICAGO,2024,338,
CHICAGO,2024,337,
CHICAGO,2024,336,
CHICAGO,2024,335,
CHICAGO,2024,334,
CHICAGO,2024,333,
CHICAGO,2024,332,
CHICAGO,2024,331,
CHICAGO,2024,330,
CHICAGO,2024,329,
CHICAGO,2024,328,
CHICAGO,2024,327,
CHICAGO,2024,326,
CHICAGO,2024,325,
CHICAGO,2024,324,
CHICAGO,2024,323,
CHICAGO,2024,322,
CHICAGO,2024,321,
CHICAGO,2024,320,
CHICAGO,2024,319,
CHICAGO,2024,318,
CHICAGO,2024,317,
CHICAGO,2024,316,
CHICAGO,2024,315,
CHICAGO,2024,314,
CHICAGO,2024,313,
CHICAGO,2024,312,
CHICAGO,2024,311,
CHICAGO,2024,310,
CHICAGO,2024,309,
CHICAGO,2024,308,
CHICAGO,2024,307,
CHICAGO,2024,306,
CHICAGO,2024,305,
CHICAGO,2024,304,
CHICAGO,2024,303,
CHICAGO,2024,302,
CHICAGO,2024,301,
CHICAGO,2024,300,
CHICAGO,2024,299,
CHICAGO,2024,298,
CHICAGO,2024,297,
CHICAGO,2024,296,
CHICAGO,2024,295,
CHICAGO,2024,294,
CHICAGO,2024,293,
CHICAGO,2024,292,
CHICAGO,2024,291,
CHICAGO,2024,290,
CHICAGO,2024,289,
CHICAGO,2024,288,
CHICAGO,2024,287,
CHICAGO,2024,286,
CHICAGO,2024,285,
CHICAGO,2024,284,
CHICAGO,2024,283,
CHICAGO,2024,282,
CHICAGO,2024,281,
CHICAGO,2024,280,
CHICAGO,2024,279,
CHICAGO,2024,278,
CHICAGO,2024,277,
CHICAGO,2024,276,
CHICAGO,2024,275,
CHICAGO,2024,274,24.000000
CHICAGO,2024,273,
CHICAGO,2024,272,
CHICAGO,2024,271,24.000000
CHICAGO,2024,270,24.000000
CHICAGO,2024,269,24.000000
CHICAGO,2024,268,24.000000
CHICAGO,2024,267,
CHICAGO,2024,266,
CHICAGO,2024,265,
CHICAGO,2024,264,24.000000
CHICAGO,2024,263,24.000000
CHICAGO,2024,262,24.000000
CHICAGO,2024,261,24.000000
CHICAGO,2024,260,24.000000
CHICAGO,2024,259,
CHICAGO,2024,258,
CHICAGO,2024,257,24.000000
CHICAGO,2024,256,24.000000
CHICAGO,2024,255,24.000000
CHICAGO,2024,254,24.000000
CHICAGO,2024,253,24.000000
CHICAGO,2024,252,
CHICAGO,2024,251,
CHICAGO,2024,250,24.000000
CHICAGO,2024,249,17.000000
CHICAGO,2024,248,17.000000
CHICAGO,2024,247,17.000000
CHICAGO,2024,246,
CHICAGO,2024,245,
CHICAGO,2024,244,
CHICAGO,2024,243,17.000000
CHICAGO,2024,242,17.000000
CHICAGO,2024,241,17.000000
CHICAGO,2024,240,17.000000
CHICAGO,2024,239,17.000000
CHICAGO,2024,238,
CHICAGO,2024,237,
CHICAGO,2024,236,17.000000
CHICAGO,2024,235,17.000000
CHICAGO,2024,234,17.000000
CHICAGO,2024,233,17.000000
CHICAGO,2024,232,17.000000
CHICAGO,2024,231,
CHICAGO,2024,230,
CHICAGO,2024,229,17.000000
CHICAGO,2024,228,17.000000
CHICAGO,2024,227,17.000000
CHICAGO,2024,226,17.000000
CHICAGO,2024,225,17.000000
CHICAGO,2024,224,
CHICAGO,2024,223,
CHICAGO,2024,222,17.000000
CHICAGO,2024,221,35.000000
CHICAGO,2024,220,35.000000
CHICAGO,2024,219,35.000000
CHICAGO,2024,218,35.000000
CHICAGO,2024,217,
CHICAGO,2024,216,
CHICAGO,2024,215,35.000000
CHICAGO,2024,214,35.000000
CHICAGO,2024,213,35.000000
CHICAGO,2024,212,35.000000
CHICAGO,2024,211,35.000000
CHICAGO,2024,210,
CHICAGO,2024,209,
CHICAGO,2024,208,35.000000
CHICAGO,2024,207,35.000000
CHICAGO,2024,206,35.000000
CHICAGO,2024,205,35.000000
CHICAGO,2024,204,35.000000
CHICAGO,2024,203,
CHICAGO,2024,202,
CHICAGO,2024,201,35.000000
CHICAGO,2024,200,35.000000
CHICAGO,2024,199,30.000000
CHICAGO,2024,198,30.000000
CHICAGO,2024,197,30.000000
CHICAGO,2024,196,
CHICAGO,2024,195,
CHICAGO,2024,194,30.000000
CHICAGO,2024,193,30.000000
CHICAGO,2024,192,30.000000
CHICAGO,2024,191,30.000000
CHICAGO,2024,190,30.000000
CHICAGO,2024,189,
CHICAGO,2024,188,
CHICAGO,2024,187,30.000000
CHICAGO,2024,186,
CHICAGO,2024,185,20.000000
CHICAGO,2024,184,20.000000
CHICAGO,2024,183,20.000000
CHICAGO,2024,182,
CHICAGO,2024,181,
CHICAGO,2024,180,20.000000
CHICAGO,2024,179,20.000000
CHICAGO,2024,178,20.000000
CHICAGO,2024,177,20.000000
CHICAGO,2024,176,20.000000
CHICAGO,2024,175,
CHICAGO,2024,174,
CHICAGO,2024,173,20.000000
CHICAGO,2024,172,20.000000
CHICAGO,2024,171,
CHICAGO,2024,170,20.000000
CHICAGO,2024,169,20.000000
CHICAGO,2024,168,
CHICAGO,2024,167,
CHICAGO,2024,166,20.000000
CHICAGO,2024,165,20.000000
CHICAGO,2024,164,20.000000
CHICAGO,2024,163,20.000000
CHICAGO,2024,162,20.000000
CHICAGO,2024,161,
CHICAGO,2024,160,
CHICAGO,2024,159,20.000000
CHICAGO,2024,158,35.000000
CHICAGO,2024,157,35.000000
CHICAGO,2024,156,35.000000
CHICAGO,2024,155,35.000000
CHICAGO,2024,154,
CHICAGO,2024,153,
CHICAGO,2024,152,35.000000
CHICAGO,2024,151,35.000000
CHICAGO,2024,150,35.000000
CHICAGO,2024,149,35.000000
CHICAGO,2024,148,
CHICAGO,2024,147,
CHICAGO,2024,146,
CHICAGO,2024,145,35.000000
CHICAGO,2024,144,35.000000
CHICAGO,2024,143,35.000000
CHICAGO,2024,142,35.000000
CHICAGO,2024,141,35.000000
CHICAGO,2024,140,
CHICAGO,2024,139,
CHICAGO,2024,138,35.000000
CHICAGO,2024,137,35.000000
CHICAGO,2024,136,35.000000
CHICAGO,2024,135,35.000000
CHICAGO,2024,134,35.000000
CHICAGO,2024,133,
CHICAGO,2024,132,
CHICAGO,2024,131,35.000000
CHICAGO,2024,130,35.000000
CHICAGO,2024,129,35.000000
CHICAGO,2024,128,35.000000
CHICAGO,2024,127,35.000000
CHICAGO,2024,126,
CHICAGO,2024,125,
CHICAGO,2024,124,35.000000
CHICAGO,2024,123,35.000000
CHICAGO,2024,122,35.000000
CHICAGO,2024,121,35.000000
CHICAGO,2024,120,35.000000
CHICAGO,2024,119,
CHICAGO,2024,118,
CHICAGO,2024,117,35.000000
CHICAGO,2024,116,35.000000
CHICAGO,2024,115,35.000000
CHICAGO,2024,114,35.000000
CHICAGO,2024,113,35.000000
CHICAGO,2024,112,
CHICAGO,2024,111,
CHICAGO,2024,110,35.000000
CHICAGO,2024,109,35.000000
CHICAGO,2024,108,35.000000
CHICAGO,2024,107,35.000000
CHICAGO,2024,106,35.000000
CHICAGO,2024,105,
CHICAGO,2024,104,
CHICAGO,2024,103,35.000000
CHICAGO,2024,102,35.000000
CHICAGO,2024,101,35.000000
CHICAGO,2024,100,35.000000
CHICAGO,2024,99,35.000000
CHICAGO,2024,98,
CHICAGO,2024,97,
CHICAGO,2024,96,35.000000
CHICAGO,2024,95,
CHICAGO,2024,94,35.000000
CHICAGO,2024,93,35.000000
CHICAGO,2024,92,35.000000
CHICAGO,2024,91,
CHICAGO,2024,90,
CHICAGO,2024,89,35.000000
CHICAGO,2024,88,35.000000
CHICAGO,2024,87,35.000000
CHICAGO,2024,86,35.000000
CHICAGO,2024,85,35.000000
CHICAGO,2024,84,
CHICAGO,2024,83,
CHICAGO,2024,82,35.000000
CHICAGO,2024,81,35.000000
CHICAGO,2024,80,35.000000
CHICAGO,2024,79,35.000000
CHICAGO,2024,78,35.000000
CHICAGO,2024,77,
CHICAGO,2024,76,
CHICAGO,2024,75,35.000000
CHICAGO,2024,74,35.000000
CHICAGO,2024,73,35.000000
CHICAGO,2024,72,35.000000
CHICAGO,2024,71,35.000000
CHICAGO,2024,70,
CHICAGO,2024,69,
CHICAGO,2024,68,35.000000
CHICAGO,2024,67,35.000000
CHICAGO,2024,66,35.000000
CHICAGO,2024,65,35.000000
CHICAGO,2024,64,35.000000
CHICAGO,2024,63,
CHICAGO,2024,62,
CHICAGO,2024,61,35.000000
CHICAGO,2024,60,35.000000
CHICAGO,2024,59,35.000000
CHICAGO,2024,58,35.000000
CHICAGO,2024,57,35.000000
CHICAGO,2024,56,
CHICAGO,2024,55,
CHICAGO,2024,54,35.000000
CHICAGO,2024,53,35.000000
CHICAGO,2024,52,35.000000
CHICAGO,2024,51,35.000000
CHICAGO,2024,50,
CHICAGO,2024,49,
CHICAGO,2024,48,
CHICAGO,2024,47,35.000000
CHICAGO,2024,46,35.000000
CHICAGO,2024,45,35.000000
CHICAGO,2024,44,35.000000
CHICAGO,2024,43,35.000000
CHICAGO,2024,42,
CHICAGO,2024,41,
CHICAGO,2024,40,35.000000
CHICAGO,2024,39,35.000000
CHICAGO,2024,38,35.000000
CHICAGO,2024,37,35.000000
CHICAGO,2024,36,35.000000
CHICAGO,2024,35,
CHICAGO,2024,34,
CHICAGO,2024,33,35.000000
CHICAGO,2024,32,35.000000
CHICAGO,2024,31,
CHICAGO,2024,30,35.000000
CHICAGO,2024,29,35.000000
CHICAGO,2024,28,
CHICAGO,2024,27,
CHICAGO,2024,26,35.000000
CHICAGO,2024,25,35.000000
CHICAGO,2024,24,37.000000
CHICAGO,2024,23,37.000000
CHICAGO,2024,22,37.000000
CHICAGO,2024,21,
CHICAGO,2024,20,
CHICAGO,2024,19,37.000000
CHICAGO,2024,18,37.000000
CHICAGO,2024,17,37.000000
CHICAGO,2024,16,37.000000
CHICAGO,2024,15,
CHICAGO,2024,14,
CHICAGO,2024,13,
CHICAGO,2024,12,37.000000
CHICAGO,2024,11,37.000000
CHICAGO,2024,10,37.000000
CHICAGO,2024,9,37.000000
CHICAGO,2024,8,37.000000
CHICAGO,2024,7,
CHICAGO,2024,6,
CHICAGO,2024,5,37.000000
CHICAGO,2024,4,37.000000
CHICAGO,2024,3,37.000000
CHICAGO,2024,2,37.000000
NEW YORK,2024,366,
NEW YORK,2024,365,
NEW YORK,2024,364,
NEW YORK,2024,363,
NEW YORK,2024,362,
NEW YORK,2024,361,
NEW YORK,2024,360,
NEW YORK,2024,359,
NEW YORK,2024,358,
NEW YORK,2024,357,
NEW YORK,2024,356,
NEW YORK,2024,355,
NEW YORK,2024,354,
NEW YORK,2024,353,
NEW YORK,2024,352,
NEW YORK,2024,351,
NEW YORK,2024,350,
NEW YORK,2024,349,
NEW YORK,2024,348,
NEW YORK,2024,347,
NEW YORK,2024,346,
NEW YORK,2024,345,
NEW YORK,2024,344,
NEW YORK,2024,343,
NEW YORK,2024,342,
NEW YORK,2024,341,
NEW YORK,2024,340,
NEW YORK,2024,339,
NEW YORK,2024,338,
NEW YORK,2024,337,
NEW YORK,2024,336,
NEW YORK,2024,335,
NEW YORK,2024,334,
NEW YORK,2024,333,
NEW YORK,2024,332,
NEW YORK,2024,331,
NEW YORK,2024,330,
NEW YORK,2024,329,
NEW YORK,2024,328,
NEW YORK,2024,327,
NEW YORK,2024,326,
NEW YORK,2024,325,
NEW YORK,2024,324,
NEW YORK,2024,323,
NEW YORK,2024,322,
NEW YORK,2024,321,
NEW YORK,2024,320,
NEW YORK,2024,319,
NEW YORK,2024,318,
NEW YORK,2024,317,
NEW YORK,2024,316,
NEW YORK,2024,315,
NEW YORK,2024,314,
NEW YORK,2024,313,
NEW YORK,2024,312,
NEW YORK,2024,311,
NEW YORK,2024,310,
NEW YORK,2024,309,
NEW YORK,2024,308,
NEW YORK,2024,307,
NEW YORK,2024,306,
NEW YORK,2024,305,
NEW YORK,2024,304,
NEW YORK,2024,303,
NEW YORK,2024,302,
NEW YORK,2024,301,
NEW YORK,2024,300,
NEW YORK,2024,299,
NEW YORK,2024,298,
NEW YORK,2024,297,
NEW YORK,2024,296,
NEW YORK,2024,295,
NEW YORK,2024,294,
NEW YORK,2024,293,
NEW YORK,2024,292,
NEW YORK,2024,291,
NEW YORK,2024,290,
NEW YORK,2024,289,
NEW YORK,2024,288,
NEW YORK,2024,287,
NEW YORK,2024,286,
NEW YORK,2024,285,
NEW YORK,2024,284,
NEW YORK,2024,283,
NEW YORK,2024,282,
NEW YORK,2024,281,
NEW YORK,2024,280,
NEW YORK,2024,279,
NEW YORK,2024,278,
NEW YORK,2024,277,
NEW YORK,2024,276,
NEW YORK,2024,275,
NEW YORK,2024,274,18.125000
NEW YORK,2024,273,
NEW YORK,2024,272,
NEW YORK,2024,271,18.250000
NEW YORK,2024,270,17.500000
NEW YORK,2024,269,17.500000
NEW YORK,2024,268,17.500000
NEW YORK,2024,267,17.500000
NEW YORK,2024,266,
NEW YORK,2024,265,
NEW YORK,2024,264,17.666666
NEW YORK,2024,263,17.666666
NEW YORK,2024,262,17.666666
NEW YORK,2024,261,17.666666
NEW YORK,2024,260,17.666666
NEW YORK,2024,259,
NEW YORK,2024,258,
NEW YORK,2024,257,17.500000
NEW YORK,2024,256,17.500000
NEW YORK,2024,255,17.500000
NEW YORK,2024,254,17.500000
NEW YORK,2024,253,17.500000
NEW YORK,2024,252,
NEW YORK,2024,251,
NEW YORK,2024,250,17.500000
NEW YORK,2024,249,17.500000
NEW YORK,2024,248,17.333333
NEW YORK,2024,247,17.333333
NEW YORK,2024,246,
NEW YORK,2024,245,
NEW YORK,2024,244,
NEW YORK,2024,243,16.500000
NEW YORK,2024,242,16.500000
NEW YORK,2024,241,16.500000
NEW YORK,2024,240,16.500000
NEW YORK,2024,239,16.500000
NEW YORK,2024,238,
NEW YORK,2024,237,
NEW YORK,2024,236,16.800000
NEW YORK,2024,235,16.800000
NEW YORK,2024,234,16.800000
NEW YORK,2024,233,16.800000
NEW YORK,2024,232,16.800000
NEW YORK,2024,231,
NEW YORK,2024,230,
NEW YORK,2024,229,16.800000
NEW YORK,2024,228,16.800000
NEW YORK,2024,227,16.800000
NEW YORK,2024,226,16.800000
NEW YORK,2024,225,16.800000
NEW YORK,2024,224,
NEW YORK,2024,223,
NEW YORK,2024,222,16.750000
NEW YORK,2024,221,16.750000
NEW YORK,2024,220,16.750000
NEW YORK,2024,219,16.750000
NEW YORK,2024,218,18.800000
NEW YORK,2024,217,
NEW YORK,2024,216,
NEW YORK,2024,215,18.333333
NEW YORK,2024,214,18.333333
NEW YORK,2024,213,18.333333
NEW YORK,2024,212,18.333333
NEW YORK,2024,211,18.333333
NEW YORK,2024,210,
NEW YORK,2024,209,
NEW YORK,2024,208,22.000000
NEW YORK,2024,207,22.000000
NEW YORK,2024,206,22.500000
NEW YORK,2024,205,22.500000
NEW YORK,2024,204,22.500000
NEW YORK,2024,203,
NEW YORK,2024,202,
NEW YORK,2024,201,24.583333
NEW YORK,2024,200,24.250000
NEW YORK,2024,199,25.857142
NEW YORK,2024,198,25.857142
NEW YORK,2024,197,27.083333
NEW YORK,2024,196,
NEW YORK,2024,195,
NEW YORK,2024,194,19.166666
NEW YORK,2024,193,24.800000
NEW YORK,2024,192,26.000000
NEW YORK,2024,191,21.750000
NEW YORK,2024,190,17.333333
NEW YORK,2024,189,
NEW YORK,2024,188,
NEW YORK,2024,187,
NEW YORK,2024,186,
NEW YORK,2024,185,20.666666
NEW YORK,2024,184,17.666666
NEW YORK,2024,183,18.333333
NEW YORK,2024,182,
NEW YORK,2024,181,
NEW YORK,2024,180,18.333333
NEW YORK,2024,179,17.500000
NEW YORK,2024,178,17.500000
NEW YORK,2024,177,17.500000
NEW YORK,2024,176,17.500000
NEW YORK,2024,175,
NEW YORK,2024,174,
NEW YORK,2024,173,17.500000
NEW YORK,2024,172,17.500000
NEW YORK,2024,171,
NEW YORK,2024,170,17.500000
NEW YORK,2024,169,17.500000
NEW YORK,2024,168,
NEW YORK,2024,167,
NEW YORK,2024,166,17.500000
NEW YORK,2024,165,17.500000
NEW YORK,2024,164,17.500000
NEW YORK,2024,163,17.500000
NEW YORK,2024,162,17.500000
NEW YORK,2024,161,
NEW YORK,2024,160,
NEW YORK,2024,159,17.500000
NEW YORK,2024,158,17.500000
NEW YORK,2024,157,17.500000
NEW YORK,2024,156,17.500000
NEW YORK,2024,155,17.500000
NEW YORK,2024,154,
NEW YORK,2024,153,
NEW YORK,2024,152,17.500000
NEW YORK,2024,151,17.500000
NEW YORK,2024,150,17.500000
NEW YORK,2024,149,17.500000
NEW YORK,2024,148,
NEW YORK,2024,147,
NEW YORK,2024,146,
NEW YORK,2024,145,15.333333
NEW YORK,2024,144,15.333333
NEW YORK,2024,143,15.333333
NEW YORK,2024,142,15.333333
NEW YORK,2024,141,15.666666
NEW YORK,2024,140,
NEW YORK,2024,139,
NEW YORK,2024,138,21.000000
NEW YORK,2024,137,21.000000
NEW YORK,2024,136,21.000000
NEW YORK,2024,135,21.000000
NEW YORK,2024,134,21.000000
NEW YORK,2024,133,
NEW YORK,2024,132,
NEW YORK,2024,131,23.000000
NEW YORK,2024,130,23.000000
NEW YORK,2024,129,23.000000
NEW YORK,2024,128,23.000000
NEW YORK,2024,127,25.500000
NEW YORK,2024,126,
NEW YORK,2024,125,
NEW YORK,2024,124,25.500000
NEW YORK,2024,123,25.500000
NEW YORK,2024,122,25.500000
NEW YORK,2024,121,20.666666
NEW YORK,2024,120,20.666666
NEW YORK,2024,119,
NEW YORK,2024,118,
NEW YORK,2024,117,26.000000
NEW YORK,2024,116,26.000000
NEW YORK,2024,115,26.000000
NEW YORK,2024,114,29.000000
NEW YORK,2024,113,29.000000
NEW YORK,2024,112,
NEW YORK,2024,111,
NEW YORK,2024,110,30.833333
NEW YORK,2024,109,30.833333
NEW YORK,2024,108,42.000000
NEW YORK,2024,107,42.000000
NEW YORK,2024,106,42.000000
NEW YORK,2024,105,
NEW YORK,2024,104,
NEW YORK,2024,103,42.000000
NEW YORK,2024,102,42.000000
NEW YORK,2024,101,34.100000
NEW YORK,2024,100,35.625000
NEW YORK,2024,99,42.333333
NEW YORK,2024,98,
NEW YORK,2024,97,
NEW YORK,2024,96,47.333333
NEW YORK,2024,95,47.333333
NEW YORK,2024,94,47.333333
NEW YORK,2024,93,47.333333
NEW YORK,2024,92,
NEW YORK,2024,91,
NEW YORK,2024,90,
NEW YORK,2024,89,44.250000
NEW YORK,2024,88,44.250000
NEW YORK,2024,87,44.250000
NEW YORK,2024,86,44.250000
NEW YORK,2024,85,43.500000
NEW YORK,2024,84,
NEW YORK,2024,83,
NEW YORK,2024,82,47.666666
NEW YORK,2024,81,47.666666
NEW YORK,2024,80,47.000000
NEW YORK,2024,79,47.000000
NEW YORK,2024,78,47.000000
NEW YORK,2024,77,
NEW YORK,2024,76,
NEW YORK,2024,75,47.000000
NEW YORK,2024,74,47.000000
NEW YORK,2024,73,47.000000
NEW YORK,2024,72,47.000000
NEW YORK,2024,71,47.000000
NEW YORK,2024,70,
NEW YORK,2024,69,
NEW YORK,2024,68,47.666666
NEW YORK,2024,67,47.666666
NEW YORK,2024,66,47.666666
NEW YORK,2024,65,47.000000
NEW YORK,2024,64,47.000000
NEW YORK,2024,63,
NEW YORK,2024,62,
NEW YORK,2024,61,52.333333
NEW YORK,2024,60,52.333333
NEW YORK,2024,59,50.750000
NEW YORK,2024,58,50.750000
NEW YORK,2024,57,47.333333
NEW YORK,2024,56,
NEW YORK,2024,55,
NEW YORK,2024,54,51.000000
NEW YORK,2024,53,49.000000
NEW YORK,2024,52,49.000000
NEW YORK,2024,51,49.000000
NEW YORK,2024,50,
NEW YORK,2024,49,
NEW YORK,2024,48,
NEW YORK,2024,47,50.000000
NEW YORK,2024,46,50.000000
NEW YORK,2024,45,50.000000
NEW YORK,2024,44,49.000000
NEW YORK,2024,43,49.000000
NEW YORK,2024,42,
NEW YORK,2024,41,
NEW YORK,2024,40,39.000000
NEW YORK,2024,39,39.000000
NEW YORK,2024,38,39.000000
NEW YORK,2024,37,39.000000
NEW YORK,2024,36,39.000000
NEW YORK,2024,35,
NEW YORK,2024,34,
NEW YORK,2024,33,50.500000
NEW YORK,2024,32,50.500000
NEW YORK,2024,31,48.500000
NEW YORK,2024,30,48.500000
NEW YORK,2024,29,38.000000
NEW YORK,2024,28,
NEW YORK,2024,27,
NEW YORK,2024,26,38.000000
NEW YORK,2024,25,38.000000
NEW YORK,2024,24,37.000000
NEW YORK,2024,23,33.000000
NEW YORK,2024,22,31.000000
NEW YORK,2024,21,
NEW YORK,2024,20,
NEW YORK,2024,19,28.000000
NEW YORK,2024,18,28.000000
NEW YORK,2024,17,28.000000
NEW YORK,2024,16,28.000000
NEW YORK,2024,15,
NEW YORK,2024,14,
NEW YORK,2024,13,
NEW YORK,2024,12,35.000000
NEW YORK,2024,11,35.000000
NEW YORK,2024,10,35.000000
NEW YORK,2024,9,35.000000
NEW YORK,2024,8,29.000000
NEW YORK,2024,7,
NEW YORK,2024,6,
NEW YORK,2024,5,30.000000
NEW YORK,2024,4,25.500000
NEW YORK,2024,3,25.500000
NEW YORK,2024,2,25.500000
PHILADELPHIA,2024,366,
PHILADELPHIA,2024,365,
PHILADELPHIA,2024,364,
PHILADELPHIA,2024,363,
PHILADELPHIA,2024,362,
PHILADELPHIA,2024,361,
PHILADELPHIA,2024,360,
PHILADELPHIA,2024,359,
PHILADELPHIA,2024,358,
PHILADELPHIA,2024,357,
PHILADELPHIA,2024,356,
PHILADELPHIA,2024,355,
PHILADELPHIA,2024,354,
PHILADELPHIA,2024,353,
PHILADELPHIA,2024,352,
PHILADELPHIA,2024,351,
PHILADELPHIA,2024,350,
PHILADELPHIA,2024,349,
PHILADELPHIA,2024,348,
PHILADELPHIA,2024,347,
PHILADELPHIA,2024,346,
PHILADELPHIA,2024,345,
PHILADELPHIA,2024,344,
PHILADELPHIA,2024,343,
PHILADELPHIA,2024,342,
PHILADELPHIA,2024,341,
PHILADELPHIA,2024,340,
PHILADELPHIA,2024,339,
PHILADELPHIA,2024,338,
PHILADELPHIA,2024,337,
PHILADELPHIA,2024,336,
PHILADELPHIA,2024,335,
PHILADELPHIA,2024,334,
PHILADELPHIA,2024,333,
PHILADELPHIA,2024,332,
PHILADELPHIA,2024,331,
PHILADELPHIA,2024,330,
PHILADELPHIA,2024,329,
PHILADELPHIA,2024,328,
PHILADELPHIA,2024,327,
PHILADELPHIA,2024,326,
PHILADELPHIA,2024,325,
PHILADELPHIA,2024,324,
PHILADELPHIA,2024,323,
PHILADELPHIA,2024,322,
PHILADELPHIA,2024,321,
PHILADELPHIA,2024,320,
PHILADELPHIA,2024,319,
PHILADELPHIA,2024,318,
PHILADELPHIA,2024,317,
PHILADELPHIA,2024,316,
PHILADELPHIA,2024,315,
PHILADELPHIA,2024,314,
PHILADELPHIA,2024,313,
PHILADELPHIA,2024,312,
PHILADELPHIA,2024,311,
PHILADELPHIA,2024,310,
PHILADELPHIA,2024,309,
PHILADELPHIA,2024,308,
PHILADELPHIA,2024,307,
PHILADELPHIA,2024,306,
PHILADELPHIA,2024,305,
PHILADELPHIA,2024,304,
PHILADELPHIA,2024,303,
PHILADELPHIA,2024,302,
PHILADELPHIA,2024,301,
PHILADELPHIA,2024,300,
PHILADELPHIA,2024,299,
PHILADELPHIA,2024,298,
PHILADELPHIA,2024,297,
PHILADELPHIA,2024,296,
PHILADELPHIA,2024,295,
PHILADELPHIA,2024,294,
PHILADELPHIA,2024,293,
PHILADELPHIA,2024,292,
PHILADELPHIA,2024,291,
PHILADELPHIA,2024,290,
PHILADELPHIA,2024,289,
PHILADELPHIA,2024,288,
PHILADELPHIA,2024,287,
PHILADELPHIA,2024,286,
PHILADELPHIA,2024,285,
PHILADELPHIA,2024,284,
PHILADELPHIA,2024,283,
PHILADELPHIA,2024,282,
PHILADELPHIA,2024,281,
PHILADELPHIA,2024,280,
PHILADELPHIA,2024,279,
PHILADELPHIA,2024,278,
PHILADELPHIA,2024,277,
PHILADELPHIA,2024,276,
PHILADELPHIA,2024,275,
PHILADELPHIA,2024,274,18.000000
PHILADELPHIA,2024,273,
PHILADELPHIA,2024,272,
PHILADELPHIA,2024,271,18.000000
PHILADELPHIA,2024,270,18.000000
PHILADELPHIA,2024,269,14.000000
PHILADELPHIA,2024,268,14.000000
PHILADELPHIA,2024,267,14.000000
PHILADELPHIA,2024,266,
PHILADELPHIA,2024,265,
PHILADELPHIA,2024,264,15.000000
PHILADELPHIA,2024,263,15.000000
PHILADELPHIA,2024,262,15.000000
PHILADELPHIA,2024,261,15.000000
PHILADELPHIA,2024,260,15.000000
PHILADELPHIA,2024,259,
PHILADELPHIA,2024,258,
PHILADELPHIA,2024,257,19.750000
PHILADELPHIA,2024,256,19.750000
PHILADELPHIA,2024,255,19.750000
PHILADELPHIA,2024,254,19.750000
PHILADELPHIA,2024,253,19.750000
PHILADELPHIA,2024,252,
PHILADELPHIA,2024,251,
PHILADELPHIA,2024,250,13.000000
PHILADELPHIA,2024,249,13.000000
PHILADELPHIA,2024,248,13.000000
PHILADELPHIA,2024,247,13.000000
PHILADELPHIA,2024,246,
PHILADELPHIA,2024,245,
PHILADELPHIA,2024,244,
PHILADELPHIA,2024,243,14.000000
PHILADELPHIA,2024,242,14.000000
PHILADELPHIA,2024,241,14.000000
PHILADELPHIA,2024,240,14.000000
PHILADELPHIA,2024,239,14.000000
PHILADELPHIA,2024,238,
PHILADELPHIA,2024,237,
PHILADELPHIA,2024,236,15.000000
PHILADELPHIA,2024,235,15.000000
PHILADELPHIA,2024,234,17.000000
PHILADELPHIA,2024,233,
PHILADELPHIA,2024,232,
PHILADELPHIA,2024,231,
PHILADELPHIA,2024,230,
PHILADELPHIA,2024,229,15.000000
PHILADELPHIA,2024,228,15.000000
PHILADELPHIA,2024,227,15.000000
PHILADELPHIA,2024,226,15.000000
PHILADELPHIA,2024,225,17.000000
PHILADELPHIA,2024,224,
PHILADELPHIA,2024,223,
PHILADELPHIA,2024,222,17.500000
PHILADELPHIA,2024,221,17.500000
PHILADELPHIA,2024,220,15.666666
PHILADELPHIA,2024,219,15.666666
PHILADELPHIA,2024,218,16.000000
PHILADELPHIA,2024,217,
PHILADELPHIA,2024,216,
PHILADELPHIA,2024,215,18.000000
PHILADELPHIA,2024,214,15.750000
PHILADELPHIA,2024,213,19.000000
PHILADELPHIA,2024,212,20.000000
PHILADELPHIA,2024,211,19.000000
PHILADELPHIA,2024,210,
PHILADELPHIA,2024,209,
PHILADELPHIA,2024,208,21.000000
PHILADELPHIA,2024,207,23.500000
PHILADELPHIA,2024,206,23.500000
PHILADELPHIA,2024,205,23.500000
PHILADELPHIA,2024,204,
PHILADELPHIA,2024,203,
PHILADELPHIA,2024,202,
PHILADELPHIA,2024,201,
PHILADELPHIA,2024,200,
PHILADELPHIA,2024,199,
PHILADELPHIA,2024,198,
PHILADELPHIA,2024,197,
PHILADELPHIA,2024,196,
PHILADELPHIA,2024,195,
PHILADELPHIA,2024,194,17.000000
PHILADELPHIA,2024,193,17.000000
PHILADELPHIA,2024,192,19.000000
PHILADELPHIA,2024,191,19.000000
PHILADELPHIA,2024,190,19.000000
PHILADELPHIA,2024,189,
PHILADELPHIA,2024,188,
PHILADELPHIA,2024,187,17.000000
PHILADELPHIA,2024,186,
PHILADELPHIA,2024,185,18.000000
PHILADELPHIA,2024,184,18.000000
PHILADELPHIA,2024,183,18.000000
PHILADELPHIA,2024,182,
PHILADELPHIA,2024,181,
PHILADELPHIA,2024,180,17.000000
PHILADELPHIA,2024,179,19.000000
PHILADELPHIA,2024,178,19.000000
PHILADELPHIA,2024,177,19.000000
PHILADELPHIA,2024,176,19.000000
PHILADELPHIA,2024,175,
PHILADELPHIA,2024,174,
PHILADELPHIA,2024,173,17.000000
PHILADELPHIA,2024,172,20.000000
PHILADELPHIA,2024,171,
PHILADELPHIA,2024,170,20.000000
PHILADELPHIA,2024,169,20.000000
PHILADELPHIA,2024,168,
PHILADELPHIA,2024,167,
PHILADELPHIA,2024,166,16.500000
PHILADELPHIA,2024,165,16.500000
PHILADELPHIA,2024,164,17.000000
PHILADELPHIA,2024,163,17.000000
PHILADELPHIA,2024,162,17.000000
PHILADELPHIA,2024,161,
PHILADELPHIA,2024,160,
PHILADELPHIA,2024,159,
PHILADELPHIA,2024,158,
PHILADELPHIA,2024,157,
PHILADELPHIA,2024,156,
PHILADELPHIA,2024,155,
PHILADELPHIA,2024,154,
PHILADELPHIA,2024,153,
PHILADELPHIA,2024,152,19.000000
PHILADELPHIA,2024,151,19.000000
PHILADELPHIA,2024,150,19.000000
PHILADELPHIA,2024,149,
PHILADELPHIA,2024,148,
PHILADELPHIA,2024,147,
PHILADELPHIA,2024,146,
PHILADELPHIA,2024,145,22.000000
PHILADELPHIA,2024,144,22.000000
PHILADELPHIA,2024,143,22.000000
PHILADELPHIA,2024,142,22.000000
PHILADELPHIA,2024,141,21.000000
PHILADELPHIA,2024,140,
PHILADELPHIA,2024,139,
PHILADELPHIA,2024,138,23.000000
PHILADELPHIA,2024,137,23.000000
PHILADELPHIA,2024,136,23.000000
PHILADELPHIA,2024,135,23.000000
PHILADELPHIA,2024,134,23.000000
PHILADELPHIA,2024,133,
PHILADELPHIA,2024,132,
PHILADELPHIA,2024,131,
PHILADELPHIA,2024,130,
PHILADELPHIA,2024,129,
PHILADELPHIA,2024,128,
PHILADELPHIA,2024,127,
PHILADELPHIA,2024,126,
PHILADELPHIA,2024,125,
PHILADELPHIA,2024,124,26.000000
PHILADELPHIA,2024,123,26.000000
PHILADELPHIA,2024,122,26.000000
PHILADELPHIA,2024,121,26.000000
PHILADELPHIA,2024,120,26.000000
PHILADELPHIA,2024,119,
PHILADELPHIA,2024,118,
PHILADELPHIA,2024,117,26.500000
PHILADELPHIA,2024,116,26.500000
PHILADELPHIA,2024,115,24.500000
PHILADELPHIA,2024,114,24.500000
PHILADELPHIA,2024,113,24.500000
PHILADELPHIA,2024,112,
PHILADELPHIA,2024,111,
PHILADELPHIA,2024,110,33.000000
PHILADELPHIA,2024,109,33.000000
PHILADELPHIA,2024,108,35.000000
PHILADELPHIA,2024,107,35.000000
PHILADELPHIA,2024,106,35.000000
PHILADELPHIA,2024,105,
PHILADELPHIA,2024,104,
PHILADELPHIA,2024,103,45.250000
PHILADELPHIA,2024,102,45.250000
PHILADELPHIA,2024,101,48.500000
PHILADELPHIA,2024,100,48.500000
PHILADELPHIA,2024,99,48.500000
PHILADELPHIA,2024,98,
PHILADELPHIA,2024,97,
PHILADELPHIA,2024,96,43.000000
PHILADELPHIA,2024,95,43.000000
PHILADELPHIA,2024,94,43.000000
PHILADELPHIA,2024,93,43.000000
PHILADELPHIA,2024,92,
PHILADELPHIA,2024,91,
PHILADELPHIA,2024,90,
PHILADELPHIA,2024,89,43.500000
PHILADELPHIA,2024,88,43.500000
PHILADELPHIA,2024,87,45.500000
PHILADELPHIA,2024,86,45.500000
PHILADELPHIA,2024,85,45.500000
PHILADELPHIA,2024,84,
PHILADELPHIA,2024,83,
PHILADELPHIA,2024,82,46.500000
PHILADELPHIA,2024,81,46.500000
PHILADELPHIA,2024,80,46.500000
PHILADELPHIA,2024,79,46.500000
PHILADELPHIA,2024,78,45.750000
PHILADELPHIA,2024,77,
PHILADELPHIA,2024,76,
PHILADELPHIA,2024,75,46.500000
PHILADELPHIA,2024,74,46.500000
PHILADELPHIA,2024,73,46.500000
PHILADELPHIA,2024,72,
PHILADELPHIA,2024,71,
PHILADELPHIA,2024,70,
PHILADELPHIA,2024,69,
PHILADELPHIA,2024,68,43.500000
PHILADELPHIA,2024,67,43.500000
PHILADELPHIA,2024,66,43.500000
PHILADELPHIA,2024,65,
PHILADELPHIA,2024,64,
PHILADELPHIA,2024,63,
PHILADELPHIA,2024,62,
PHILADELPHIA,2024,61,40.000000
PHILADELPHIA,2024,60,40.000000
PHILADELPHIA,2024,59,40.000000
PHILADELPHIA,2024,58,40.000000
PHILADELPHIA,2024,57,40.000000
PHILADELPHIA,2024,56,
PHILADELPHIA,2024,55,
PHILADELPHIA,2024,54,42.500000
PHILADELPHIA,2024,53,42.500000
PHILADELPHIA,2024,52,42.500000
PHILADELPHIA,2024,51,42.500000
PHILADELPHIA,2024,50,
PHILADELPHIA,2024,49,
PHILADELPHIA,2024,48,
PHILADELPHIA,2024,47,43.166666
PHILADELPHIA,2024,46,42.500000
PHILADELPHIA,2024,45,43.750000
PHILADELPHIA,2024,44,43.750000
PHILADELPHIA,2024,43,43.750000
PHILADELPHIA,2024,42,
PHILADELPHIA,2024,41,
PHILADELPHIA,2024,40,42.250000
PHILADELPHIA,2024,39,42.250000
PHILADELPHIA,2024,38,42.250000
PHILADELPHIA,2024,37,42.250000
PHILADELPHIA,2024,36,42.250000
PHILADELPHIA,2024,35,
PHILADELPHIA,2024,34,
PHILADELPHIA,2024,33,33.500000
PHILADELPHIA,2024,32,33.500000
PHILADELPHIA,2024,31,33.500000
PHILADELPHIA,2024,30,33.500000
PHILADELPHIA,2024,29,33.500000
PHILADELPHIA,2024,28,
PHILADELPHIA,2024,27,
PHILADELPHIA,2024,26,29.000000
PHILADELPHIA,2024,25,29.000000
PHILADELPHIA,2024,24,25.500000
PHILADELPHIA,2024,23,25.500000
PHILADELPHIA,2024,22,25.500000
PHILADELPHIA,2024,21,
PHILADELPHIA,2024,20,
PHILADELPHIA,2024,19,26.000000
PHILADELPHIA,2024,18,26.000000
PHILADELPHIA,2024,17,26.000000
PHILADELPHIA,2024,16,26.000000
PHILADELPHIA,2024,15,
PHILADELPHIA,2024,14,
PHILADELPHIA,2024,13,
PHILADELPHIA,2024,12,26.000000
PHILADELPHIA,2024,11,26.000000
PHILADELPHIA,2024,10,26.000000
PHILADELPHIA,2024,9,26.000000
PHILADELPHIA,2024,8,26.000000
PHILADELPHIA,2024,7,
PHILADELPHIA,2024,6,
PHILADELPHIA,2024,5,25.000000
PHILADELPHIA,2024,4,25.000000
PHILADELPHIA,2024,3,25.000000
PHILADELPHIA,2024,2,25.000000
BALTIMORE,2023,366,
BALTIMORE,2023,365,
BALTIMORE,2023,364,
BALTIMORE,2023,363,28.000000
BALTIMORE,2023,362,28.000000
BALTIMORE,2023,361,28.000000
BALTIMORE,2023,360,28.000000
BALTIMORE,2023,359,
BALTIMORE,2023,358,
BALTIMORE,2023,357,
BALTIMORE,2023,356,28.000000
BALTIMORE,2023,355,28.000000
BALTIMORE,2023,354,28.000000
BALTIMORE,2023,353,28.000000
BALTIMORE,2023,352,44.500000
BALTIMORE,2023,351,
BALTIMORE,2023,350,
BALTIMORE,2023,349,44.500000
BALTIMORE,2023,348,44.500000
BALTIMORE,2023,347,44.500000
BALTIMORE,2023,346,44.500000
BALTIMORE,2023,345,44.500000
BALTIMORE,2023,344,
BALTIMORE,2023,343,
BALTIMORE,2023,342,44.500000
BALTIMORE,2023,341,44.500000
BALTIMORE,2023,340,44.500000
BALTIMORE,2023,339,44.500000
BALTIMORE,2023,338,44.500000
BALTIMORE,2023,337,
BALTIMORE,2023,336,
BALTIMORE,2023,335,45.000000
BALTIMORE,2023,334,41.000000
BALTIMORE,2023,333,41.000000
BALTIMORE,2023,332,41.000000
BALTIMORE,2023,331,41.000000
BALTIMORE,2023,330,
BALTIMORE,2023,329,
BALTIMORE,2023,328,41.000000
BALTIMORE,2023,327,
BALTIMORE,2023,326,41.000000
BALTIMORE,2023,325,41.000000
BALTIMORE,2023,324,41.000000
BALTIMORE,2023,323,
BALTIMORE,2023,322,
BALTIMORE,2023,321,41.000000
BALTIMORE,2023,320,41.000000
BALTIMORE,2023,319,40.000000
BALTIMORE,2023,318,40.000000
BALTIMORE,2023,317,40.000000
BALTIMORE,2023,316,
BALTIMORE,2023,315,
BALTIMORE,2023,314,
BALTIMORE,2023,313,40.000000
BALTIMORE,2023,312,40.000000
BALTIMORE,2023,311,40.000000
BALTIMORE,2023,310,32.500000
BALTIMORE,2023,309,
BALTIMORE,2023,308,
BALTIMORE,2023,307,32.500000
BALTIMORE,2023,306,32.500000
BALTIMORE,2023,305,32.500000
BALTIMORE,2023,304,32.500000
BALTIMORE,2023,303,32.500000
BALTIMORE,2023,302,
BALTIMORE,2023,301,
BALTIMORE,2023,300,32.500000
BALTIMORE,2023,299,32.500000
BALTIMORE,2023,298,32.500000
BALTIMORE,2023,297,32.500000
BALTIMORE,2023,296,32.500000
BALTIMORE,2023,295,
BALTIMORE,2023,294,
BALTIMORE,2023,293,32.500000
BALTIMORE,2023,292,32.500000
BALTIMORE,2023,291,32.500000
BALTIMORE,2023,290,32.500000
BALTIMORE,2023,289,32.000000
BALTIMORE,2023,288,
BALTIMORE,2023,287,
BALTIMORE,2023,286,32.000000
BALTIMORE,2023,285,32.000000
BALTIMORE,2023,284,32.000000
BALTIMORE,2023,283,32.000000
BALTIMORE,2023,282,
BALTIMORE,2023,281,
BALTIMORE,2023,280,
BALTIMORE,2023,279,32.000000
BALTIMORE,2023,278,32.000000
BALTIMORE,2023,277,32.000000
BALTIMORE,2023,276,32.000000
BALTIMORE,2023,275,32.000000
BALTIMORE,2023,274,
BALTIMORE,2023,273,
BALTIMORE,2023,272,32.000000
BALTIMORE,2023,271,32.000000
BALTIMORE,2023,270,32.000000
BALTIMORE,2023,269,32.000000
BALTIMORE,2023,268,21.250000
BALTIMORE,2023,267,
BALTIMORE,2023,266,
BALTIMORE,2023,265,27.000000
BALTIMORE,2023,264,27.000000
BALTIMORE,2023,263,27.000000
BALTIMORE,2023,262,27.000000
BALTIMORE,2023,261,27.000000
BALTIMORE,2023,260,
BALTIMORE,2023,259,
BALTIMORE,2023,258,
BALTIMORE,2023,257,27.000000
BALTIMORE,2023,256,27.000000
BALTIMORE,2023,255,27.000000
BALTIMORE,2023,254,27.000000
BALTIMORE,2023,253,
BALTIMORE,2023,252,
BALTIMORE,2023,251,27.000000
BALTIMORE,2023,250,23.500000
BALTIMORE,2023,249,23.500000
BALTIMORE,2023,248,23.500000
BALTIMORE,2023,247,
BALTIMORE,2023,246,
BALTIMORE,2023,245,
BALTIMORE,2023,244,27.000000
BALTIMORE,2023,243,27.000000
BALTIMORE,2023,242,21.666666
BALTIMORE,2023,241,21.666666
BALTIMORE,2023,240,21.666666
BALTIMORE,2023,239,
BALTIMORE,2023,238,
BALTIMORE,2023,237,21.666666
BALTIMORE,2023,236,20.833333
BALTIMORE,2023,235,20.833333
BALTIMORE,2023,234,20.833333
BALTIMORE,2023,233,20.833333
BALTIMORE,2023,232,
BALTIMORE,2023,231,
BALTIMORE,2023,230,20.833333
BALTIMORE,2023,229,20.833333
BALTIMORE,2023,228,20.833333
BALTIMORE,2023,227,20.833333
BALTIMORE,2023,226,20.833333
BALTIMORE,2023,225,
BALTIMORE,2023,224,
BALTIMORE,2023,223,20.833333
BALTIMORE,2023,222,21.250000
BALTIMORE,2023,221,24.500000
BALTIMORE,2023,220,24.500000
BALTIMORE,2023,219,24.500000
BALTIMORE,2023,218,
BALTIMORE,2023,217,
BALTIMORE,2023,216,26.000000
BALTIMORE,2023,215,26.000000
BALTIMORE,2023,214,26.000000
BALTIMORE,2023,213,26.000000
BALTIMORE,2023,212,26.000000
BALTIMORE,2023,211,
BALTIMORE,2023,210,
BALTIMORE,2023,209,26.000000
BALTIMORE,2023,208,26.000000
BALTIMORE,2023,207,26.000000
BALTIMORE,2023,206,
BALTIMORE,2023,205,
BALTIMORE,2023,204,
BALTIMORE,2023,203,
BALTIMORE,2023,202,
BALTIMORE,2023,201,
BALTIMORE,2023,200,30.000000
BALTIMORE,2023,199,30.000000
BALTIMORE,2023,198,30.000000
BALTIMORE,2023,197,
BALTIMORE,2023,196,
BALTIMORE,2023,195,30.000000
BALTIMORE,2023,194,30.000000
BALTIMORE,2023,193,30.000000
BALTIMORE,2023,192,30.000000
BALTIMORE,2023,191,30.000000
BALTIMORE,2023,190,
BALTIMORE,2023,189,
BALTIMORE,2023,188,21.000000
BALTIMORE,2023,187,21.000000
BALTIMORE,2023,186,21.000000
BALTIMORE,2023,185,
BALTIMORE,2023,184,25.000000
BALTIMORE,2023,183,
BALTIMORE,2023,182,
BALTIMORE,2023,181,29.000000
BALTIMORE,2023,180,29.000000
BALTIMORE,2023,179,29.000000
BALTIMORE,2023,178,29.000000
BALTIMORE,2023,177,27.000000
BALTIMORE,2023,176,
BALTIMORE,2023,175,
BALTIMORE,2023,174,27.000000
BALTIMORE,2023,173,27.000000
BALTIMORE,2023,172,27.000000
BALTIMORE,2023,171,25.000000
BALTIMORE,2023,170,
BALTIMORE,2023,169,
BALTIMORE,2023,168,
BALTIMORE,2023,167,25.000000
BALTIMORE,2023,166,25.000000
BALTIMORE,2023,165,25.000000
BALTIMORE,2023,164,26.500000
BALTIMORE,2023,163,26.500000
BALTIMORE,2023,162,
BALTIMORE,2023,161,
BALTIMORE,2023,160,26.500000
BALTIMORE,2023,159,26.500000
BALTIMORE,2023,158,26.500000
BALTIMORE,2023,157,26.500000
BALTIMORE,2023,156,26.500000
BALTIMORE,2023,155,
BALTIMORE,2023,154,
BALTIMORE,2023,153,29.000000
BALTIMORE,2023,152,29.000000
BALTIMORE,2023,151,29.000000
BALTIMORE,2023,150,29.000000
BALTIMORE,2023,149,
BALTIMORE,2023,148,
BALTIMORE,2023,147,
BALTIMORE,2023,146,29.000000
BALTIMORE,2023,145,27.250000
BALTIMORE,2023,144,27.250000
BALTIMORE,2023,143,27.250000
BALTIMORE,2023,142,27.250000
BALTIMORE,2023,141,
BALTIMORE,2023,140,
BALTIMORE,2023,139,27.250000
BALTIMORE,2023,138,27.250000
BALTIMORE,2023,137,27.250000
BALTIMORE,2023,136,27.250000
BALTIMORE,2023,135,27.250000
BALTIMORE,2023,134,
BALTIMORE,2023,133,
BALTIMORE,2023,132,27.250000
BALTIMORE,2023,131,27.250000
BALTIMORE,2023,130,27.250000
BALTIMORE,2023,129,27.000000
BALTIMORE,2023,128,26.750000
BALTIMORE,2023,127,
BALTIMORE,2023,126,
BALTIMORE,2023,125,24.500000
BALTIMORE,2023,124,24.500000
BALTIMORE,2023,123,24.333333
BALTIMORE,2023,122,24.333333
BALTIMORE,2023,121,24.333333
BALTIMORE,2023,120,
BALTIMORE,2023,119,
BALTIMORE,2023,118,25.500000
BALTIMORE,2023,117,25.000000
BALTIMORE,2023,116,
BALTIMORE,2023,115,28.000000
BALTIMORE,2023,114,28.000000
BALTIMORE,2023,113,
BALTIMORE,2023,112,
BALTIMORE,2023,111,46.000000
BALTIMORE,2023,110,46.000000
BALTIMORE,2023,109,25.500000
BALTIMORE,2023,108,25.500000
BALTIMORE,2023,107,25.500000
BALTIMORE,2023,106,
BALTIMORE,2023,105,
BALTIMORE,2023,104,26.750000
BALTIMORE,2023,103,26.750000
BALTIMORE,2023,102,24.833333
BALTIMORE,2023,101,24.833333
BALTIMORE,2023,100,23.500000
BALTIMORE,2023,99,
BALTIMORE,2023,98,
BALTIMORE,2023,97,23.500000
BALTIMORE,2023,96,23.500000
BALTIMORE,2023,95,23.500000
BALTIMORE,2023,94,23.500000
BALTIMORE,2023,93,23.500000
BALTIMORE,2023,92,
BALTIMORE,2023,91,
BALTIMORE,2023,90,26.000000
BALTIMORE,2023,89,32.000000
BALTIMORE,2023,88,32.000000
BALTIMORE,2023,87,32.000000
BALTIMORE,2023,86,32.000000
BALTIMORE,2023,85,
BALTIMORE,2023,84,
BALTIMORE,2023,83,32.000000
BALTIMORE,2023,82,32.000000
BALTIMORE,2023,81,32.000000
BALTIMORE,2023,80,32.000000
BALTIMORE,2023,79,32.000000
BALTIMORE,2023,78,
BALTIMORE,2023,77,
BALTIMORE,2023,76,32.000000
BALTIMORE,2023,75,32.000000
BALTIMORE,2023,74,32.000000
BALTIMORE,2023,73,32.000000
BALTIMORE,2023,72,34.000000
BALTIMORE,2023,71,
BALTIMORE,2023,70,
BALTIMORE,2023,69,34.000000
BALTIMORE,2023,68,34.000000
BALTIMORE,2023,67,34.000000
BALTIMORE,2023,66,34.000000
BALTIMORE,2023,65,34.000000
BALTIMORE,2023,64,
BALTIMORE,2023,63,
BALTIMORE,2023,62,34.000000
BALTIMORE,2023,61,34.000000
BALTIMORE,2023,60,30.000000
BALTIMORE,2023,59,30.000000
BALTIMORE,2023,58,37.500000
BALTIMORE,2023,57,
BALTIMORE,2023,56,
BALTIMORE,2023,55,37.500000
BALTIMORE,2023,54,37.500000
BALTIMORE,2023,53,37.500000
BALTIMORE,2023,52,37.500000
BALTIMORE,2023,51,
BALTIMORE,2023,50,
BALTIMORE,2023,49,
BALTIMORE,2023,48,37.500000
BALTIMORE,2023,47,37.500000
BALTIMORE,2023,46,37.500000
BALTIMORE,2023,45,37.500000
BALTIMORE,2023,44,37.500000
BALTIMORE,2023,43,
BALTIMORE,2023,42,
BALTIMORE,2023,41,37.500000
BALTIMORE,2023,40,37.500000
BALTIMORE,2023,39,37.500000
BALTIMORE,2023,38,37.500000
BALTIMORE,2023,37,37.500000
BALTIMORE,2023,36,
BALTIMORE,2023,35,
BALTIMORE,2023,34,37.500000
BALTIMORE,2023,33,38.000000
BALTIMORE,2023,32,32.000000
BALTIMORE,2023,31,32.000000
BALTIMORE,2023,30,32.000000
BALTIMORE,2023,29,
BALTIMORE,2023,28,
BALTIMORE,2023,27,32.000000
BALTIMORE,2023,26,32.000000
BALTIMORE,2023,25,32.000000
BALTIMORE,2023,24,32.000000
BALTIMORE,2023,23,32.000000
BALTIMORE,2023,22,
BALTIMORE,2023,21,
BALTIMORE,2023,20,39.000000
BALTIMORE,2023,19,39.000000
BALTIMORE,2023,18,39.000000
BALTIMORE,2023,17,39.000000
BALTIMORE,2023,16,
BALTIMORE,2023,15,
BALTIMORE,2023,14,
BALTIMORE,2023,13,41.000000
BALTIMORE,2023,12,41.000000
BALTIMORE,2023,11,41.000000
BALTIMORE,2023,10,41.000000
BALTIMORE,2023,9,41.000000
BALTIMORE,2023,8,
BALTIMORE,2023,7,
BALTIMORE,2023,6,41.000000
BALTIMORE,2023,5,41.000000
BALTIMORE,2023,4,40.000000
BALTIMORE,2023,3,39.500000
BALTIMORE,2023,2,
BOSTON,2023,366,
BOSTON,2023,365,
BOSTON,2023,364,
BOSTON,2023,363,27.250000
BOSTON,2023,362,27.250000
BOSTON,2023,361,27.250000
BOSTON,2023,360,27.250000
BOSTON,2023,359,
BOSTON,2023,358,
BOSTON,2023,357,
BOSTON,2023,356,27.250000
BOSTON,2023,355,27.250000
BOSTON,2023,354,27.250000
BOSTON,2023,353,27.250000
BOSTON,2023,352,27.250000
BOSTON,2023,351,
BOSTON,2023,350,
BOSTON,2023,349,27.250000
BOSTON,2023,348,27.250000
BOSTON,2023,347,27.250000
BOSTON,2023,346,27.250000
BOSTON,2023,345,27.250000
BOSTON,2023,344,
BOSTON,2023,343,
BOSTON,2023,342,27.250000
BOSTON,2023,341,27.250000
BOSTON,2023,340,27.250000
BOSTON,2023,339,27.750000
BOSTON,2023,338,27.750000
BOSTON,2023,337,
BOSTON,2023,336,
BOSTON,2023,335,27.750000
BOSTON,2023,334,27.750000
BOSTON,2023,333,27.750000
BOSTON,2023,332,27.750000
BOSTON,2023,331,27.750000
BOSTON,2023,330,
BOSTON,2023,329,
BOSTON,2023,328,27.750000
BOSTON,2023,327,
BOSTON,2023,326,27.750000
BOSTON,2023,325,27.750000
BOSTON,2023,324,27.750000
BOSTON,2023,323,
BOSTON,2023,322,
BOSTON,2023,321,27.750000
BOSTON,2023,320,27.750000
BOSTON,2023,319,27.750000
BOSTON,2023,318,27.750000
BOSTON,2023,317,27.750000
BOSTON,2023,316,
BOSTON,2023,315,
BOSTON,2023,314,
BOSTON,2023,313,27.750000
BOSTON,2023,312,27.750000
BOSTON,2023,311,27.750000
BOSTON,2023,310,27.750000
BOSTON,2023,309,
BOSTON,2023,308,
BOSTON,2023,307,27.750000
BOSTON,2023,306,27.750000
BOSTON,2023,305,27.750000
BOSTON,2023,304,27.750000
BOSTON,2023,303,27.750000
BOSTON,2023,302,
BOSTON,2023,301,
BOSTON,2023,300,27.750000
BOSTON,2023,299,27.750000
BOSTON,2023,298,27.750000
BOSTON,2023,297,35.000000
BOSTON,2023,296,26.000000
BOSTON,2023,295,
BOSTON,2023,294,
BOSTON,2023,293,26.000000
BOSTON,2023,292,26.000000
BOSTON,2023,291,26.000000
BOSTON,2023,290,26.000000
BOSTON,2023,289,26.000000
BOSTON,2023,288,
BOSTON,2023,287,
BOSTON,2023,286,26.000000
BOSTON,2023,285,26.000000
BOSTON,2023,284,26.000000
BOSTON,2023,283,26.000000
BOSTON,2023,282,
BOSTON,2023,281,
BOSTON,2023,280,
BOSTON,2023,279,26.000000
BOSTON,2023,278,26.000000
BOSTON,2023,277,26.000000
BOSTON,2023,276,26.000000
BOSTON,2023,275,26.000000
BOSTON,2023,274,
BOSTON,2023,273,
BOSTON,2023,272,26.000000
BOSTON,2023,271,26.000000
BOSTON,2023,270,26.000000
BOSTON,2023,269,26.000000
BOSTON,2023,268,26.000000
BOSTON,2023,267,
BOSTON,2023,266,
BOSTON,2023,265,26.000000
BOSTON,2023,264,23.000000
BOSTON,2023,263,23.000000
BOSTON,2023,262,23.000000
BOSTON,2023,261,23.000000
BOSTON,2023,260,
BOSTON,2023,259,
BOSTON,2023,258,23.000000
BOSTON,2023,257,23.000000
BOSTON,2023,256,23.000000
BOSTON,2023,255,23.000000
BOSTON,2023,254,23.000000
BOSTON,2023,253,
BOSTON,2023,252,
BOSTON,2023,251,23.000000
BOSTON,2023,250,23.000000
BOSTON,2023,249,23.000000
BOSTON,2023,248,23.000000
BOSTON,2023,247,
BOSTON,2023,246,
BOSTON,2023,245,
BOSTON,2023,244,23.000000
BOSTON,2023,243,23.000000
BOSTON,2023,242,23.000000
BOSTON,2023,241,23.000000
BOSTON,2023,240,23.000000
BOSTON,2023,239,
BOSTON,2023,238,
BOSTON,2023,237,23.000000
BOSTON,2023,236,23.000000
BOSTON,2023,235,23.000000
BOSTON,2023,234,23.000000
BOSTON,2023,233,25.000000
BOSTON,2023,232,
BOSTON,2023,231,
BOSTON,2023,230,25.000000
BOSTON,2023,229,25.000000
BOSTON,2023,228,25.000000
BOSTON,2023,227,25.000000
BOSTON,2023,226,25.000000
BOSTON,2023,225,
BOSTON,2023,224,
BOSTON,2023,223,25.000000
BOSTON,2023,222,25.000000
BOSTON,2023,221,25.000000
BOSTON,2023,220,25.000000
BOSTON,2023,219,25.000000
BOSTON,2023,218,
BOSTON,2023,217,
BOSTON,2023,216,25.000000
BOSTON,2023,215,25.000000
BOSTON,2023,214,25.000000
BOSTON,2023,213,25.000000
BOSTON,2023,212,25.000000
BOSTON,2023,211,
BOSTON,2023,210,
BOSTON,2023,209,25.000000
BOSTON,2023,208,25.000000
BOSTON,2023,207,25.000000
BOSTON,2023,206,25.000000
BOSTON,2023,205,25.000000
BOSTON,2023,204,
BOSTON,2023,203,
BOSTON,2023,202,25.000000
BOSTON,2023,201,25.000000
BOSTON,2023,200,25.000000
BOSTON,2023,199,25.000000
BOSTON,2023,198,25.000000
BOSTON,2023,197,
BOSTON,2023,196,
BOSTON,2023,195,25.000000
BOSTON,2023,194,25.000000
BOSTON,2023,193,25.000000
BOSTON,2023,192,25.000000
BOSTON,2023,191,25.000000
BOSTON,2023,190,
BOSTON,2023,189,
BOSTON,2023,188,25.000000
BOSTON,2023,187,25.000000
BOSTON,2023,186,25.000000
BOSTON,2023,185,
BOSTON,2023,184,25.000000
BOSTON,2023,183,
BOSTON,2023,182,
BOSTON,2023,181,25.000000
BOSTON,2023,180,25.000000
BOSTON,2023,179,25.000000
BOSTON,2023,178,25.000000
BOSTON,2023,177,25.000000
BOSTON,2023,176,
BOSTON,2023,175,
BOSTON,2023,174,25.000000
BOSTON,2023,173,25.000000
BOSTON,2023,172,25.000000
BOSTON,2023,171,25.000000
BOSTON,2023,170,
BOSTON,2023,169,
BOSTON,2023,168,
BOSTON,2023,167,25.000000
BOSTON,2023,166,25.000000
BOSTON,2023,165,25.000000
BOSTON,2023,164,25.000000
BOSTON,2023,163,25.000000
BOSTON,2023,162,
BOSTON,2023,161,
BOSTON,2023,160,25.000000
BOSTON,2023,159,25.000000
BOSTON,2023,158,25.000000
BOSTON,2023,157,25.000000
BOSTON,2023,156,25.000000
BOSTON,2023,155,
BOSTON,2023,154,
BOSTON,2023,153,25.000000
BOSTON,2023,152,21.000000
BOSTON,2023,151,21.000000
BOSTON,2023,150,21.000000
BOSTON,2023,149,
BOSTON,2023,148,
BOSTON,2023,147,
BOSTON,2023,146,21.000000
BOSTON,2023,145,21.000000
BOSTON,2023,144,21.000000
BOSTON,2023,143,21.000000
BOSTON,2023,142,21.000000
BOSTON,2023,141,
BOSTON,2023,140,
BOSTON,2023,139,21.000000
BOSTON,2023,138,21.000000
BOSTON,2023,137,21.000000
BOSTON,2023,136,21.000000
BOSTON,2023,135,21.000000
BOSTON,2023,134,
BOSTON,2023,133,
BOSTON,2023,132,21.000000
BOSTON,2023,131,21.000000
BOSTON,2023,130,21.000000
BOSTON,2023,129,21.000000
BOSTON,2023,128,21.000000
BOSTON,2023,127,
BOSTON,2023,126,
BOSTON,2023,125,21.000000
BOSTON,2023,124,21.000000
BOSTON,2023,123,23.000000
BOSTON,2023,122,23.000000
BOSTON,2023,121,23.000000
BOSTON,2023,120,
BOSTON,2023,119,
BOSTON,2023,118,23.000000
BOSTON,2023,117,23.000000
BOSTON,2023,116,23.000000
BOSTON,2023,115,23.000000
BOSTON,2023,114,23.000000
BOSTON,2023,113,
BOSTON,2023,112,
BOSTON,2023,111,23.000000
BOSTON,2023,110,23.000000
BOSTON,2023,109,23.000000
BOSTON,2023,108,23.000000
BOSTON,2023,107,23.000000
BOSTON,2023,106,
BOSTON,2023,105,
BOSTON,2023,104,23.000000
BOSTON,2023,103,23.000000
BOSTON,2023,102,23.000000
BOSTON,2023,101,23.000000
BOSTON,2023,100,23.000000
BOSTON,2023,99,
BOSTON,2023,98,
BOSTON,2023,97,23.000000
BOSTON,2023,96,23.000000
BOSTON,2023,95,23.000000
BOSTON,2023,94,23.000000
BOSTON,2023,93,23.000000
BOSTON,2023,92,
BOSTON,2023,91,
BOSTON,2023,90,23.000000
BOSTON,2023,89,23.000000
BOSTON,2023,88,23.000000
BOSTON,2023,87,23.000000
BOSTON,2023,86,23.000000
BOSTON,2023,85,
BOSTON,2023,84,
BOSTON,2023,83,23.000000
BOSTON,2023,82,23.000000
BOSTON,2023,81,23.000000
BOSTON,2023,80,23.000000
BOSTON,2023,79,29.000000
BOSTON,2023,78,
BOSTON,2023,77,
BOSTON,2023,76,29.000000
BOSTON,2023,75,29.000000
BOSTON,2023,74,29.000000
BOSTON,2023,73,29.000000
BOSTON,2023,72,28.500000
BOSTON,2023,71,
BOSTON,2023,70,
BOSTON,2023,69,28.500000
BOSTON,2023,68,28.500000
BOSTON,2023,67,28.500000
BOSTON,2023,66,
BOSTON,2023,65,
BOSTON,2023,64,
BOSTON,2023,63,
BOSTON,2023,62,
BOSTON,2023,61,
BOSTON,2023,60,
BOSTON,2023,59,
BOSTON,2023,58,
BOSTON,2023,57,
BOSTON,2023,56,
BOSTON,2023,55,
BOSTON,2023,54,
BOSTON,2023,53,
BOSTON,2023,52,
BOSTON,2023,51,
BOSTON,2023,50,
BOSTON,2023,49,
BOSTON,2023,48,
BOSTON,2023,47,
BOSTON,2023,46,
BOSTON,2023,45,
BOSTON,2023,44,
BOSTON,2023,43,
BOSTON,2023,42,
BOSTON,2023,41,
BOSTON,2023,40,
BOSTON,2023,39,
BOSTON,2023,38,
BOSTON,2023,37,
BOSTON,2023,36,
BOSTON,2023,35,
BOSTON,2023,34,
BOSTON,2023,33,
BOSTON,2023,32,
BOSTON,2023,31,
BOSTON,2023,30,
BOSTON,2023,29,
BOSTON,2023,28,
BOSTON,2023,27,
BOSTON,2023,26,
BOSTON,2023,25,
BOSTON,2023,24,
BOSTON,2023,23,
BOSTON,2023,22,
BOSTON,2023,21,
BOSTON,2023,20,
BOSTON,2023,19,
BOSTON,2023,18,
BOSTON,2023,17,
BOSTON,2023,16,
BOSTON,2023,15,
BOSTON,2023,14,
BOSTON,2023,13,
BOSTON,2023,12,
BOSTON,2023,11,
BOSTON,2023,10,
BOSTON,2023,9,
BOSTON,2023,8,
BOSTON,2023,7,
BOSTON,2023,6,
BOSTON,2023,5,
BOSTON,2023,4,
BOSTON,2023,3,
BOSTON,2023,2,
CHICAGO,2023,366,
CHICAGO,2023,365,
CHICAGO,2023,364,
CHICAGO,2023,363,37.000000
CHICAGO,2023,362,37.000000
CHICAGO,2023,361,37.000000
CHICAGO,2023,360,37.000000
CHICAGO,2023,359,
CHICAGO,2023,358,
CHICAGO,2023,357,
CHICAGO,2023,356,37.000000
CHICAGO,2023,355,37.000000
CHICAGO,2023,354,37.000000
CHICAGO,2023,353,37.000000
CHICAGO,2023,352,37.000000
CHICAGO,2023,351,
CHICAGO,2023,350,
CHICAGO,2023,349,37.000000
CHICAGO,2023,348,37.000000
CHICAGO,2023,347,37.000000
CHICAGO,2023,346,37.000000
CHICAGO,2023,345,37.000000
CHICAGO,2023,344,
CHICAGO,2023,343,
CHICAGO,2023,342,37.000000
CHICAGO,2023,341,37.000000
CHICAGO,2023,340,37.000000
CHICAGO,2023,339,37.000000
CHICAGO,2023,338,37.000000
CHICAGO,2023,337,
CHICAGO,2023,336,
CHICAGO,2023,335,37.000000
CHICAGO,2023,334,37.000000
CHICAGO,2023,333,37.000000
CHICAGO,2023,332,37.000000
CHICAGO,2023,331,37.000000
CHICAGO,2023,330,
CHICAGO,2023,329,
CHICAGO,2023,328,37.000000
CHICAGO,2023,327,
CHICAGO,2023,326,37.000000
CHICAGO,2023,325,37.000000
CHICAGO,2023,324,37.000000
CHICAGO,2023,323,
CHICAGO,2023,322,
CHICAGO,2023,321,37.000000
CHICAGO,2023,320,37.500000
CHICAGO,2023,319,37.500000
CHICAGO,2023,318,37.500000
CHICAGO,2023,317,37.500000
CHICAGO,2023,316,
CHICAGO,2023,315,
CHICAGO,2023,314,
CHICAGO,2023,313,37.500000
CHICAGO,2023,312,37.500000
CHICAGO,2023,311,37.500000
CHICAGO,2023,310,37.500000
CHICAGO,2023,309,
CHICAGO,2023,308,
CHICAGO,2023,307,37.500000
CHICAGO,2023,306,37.500000
CHICAGO,2023,305,37.500000
CHICAGO,2023,304,37.500000
CHICAGO,2023,303,26.750000
CHICAGO,2023,302,
CHICAGO,2023,301,
CHICAGO,2023,300,26.750000
CHICAGO,2023,299,26.750000
CHICAGO,2023,298,26.750000
CHICAGO,2023,297,26.750000
CHICAGO,2023,296,26.750000
CHICAGO,2023,295,
CHICAGO,2023,294,
CHICAGO,2023,293,26.750000
CHICAGO,2023,292,21.250000
CHICAGO,2023,291,21.250000
CHICAGO,2023,290,21.250000
CHICAGO,2023,289,21.250000
CHICAGO,2023,288,
CHICAGO,2023,287,
CHICAGO,2023,286,21.250000
CHICAGO,2023,285,21.250000
CHICAGO,2023,284,21.250000
CHICAGO,2023,283,21.250000
CHICAGO,2023,282,
CHICAGO,2023,281,
CHICAGO,2023,280,
CHICAGO,2023,279,21.250000
CHICAGO,2023,278,21.250000
CHICAGO,2023,277,21.250000
CHICAGO,2023,276,20.000000
CHICAGO,2023,275,26.000000
CHICAGO,2023,274,
CHICAGO,2023,273,
CHICAGO,2023,272,26.000000
CHICAGO,2023,271,26.000000
CHICAGO,2023,270,26.000000
CHICAGO,2023,269,26.000000
CHICAGO,2023,268,26.000000
CHICAGO,2023,267,
CHICAGO,2023,266,
CHICAGO,2023,265,26.000000
CHICAGO,2023,264,26.000000
CHICAGO,2023,263,26.000000
CHICAGO,2023,262,26.000000
CHICAGO,2023,261,26.000000
CHICAGO,2023,260,
CHICAGO,2023,259,
CHICAGO,2023,258,26.000000
CHICAGO,2023,257,29.000000
CHICAGO,2023,256,29.000000
CHICAGO,2023,255,29.000000
CHICAGO,2023,254,29.000000
CHICAGO,2023,253,
CHICAGO,2023,252,
CHICAGO,2023,251,29.000000
CHICAGO,2023,250,29.000000
CHICAGO,2023,249,29.000000
CHICAGO,2023,248,29.000000
CHICAGO,2023,247,
CHICAGO,2023,246,
CHICAGO,2023,245,
CHICAGO,2023,244,29.000000
CHICAGO,2023,243,29.000000
CHICAGO,2023,242,29.000000
CHICAGO,2023,241,29.000000
CHICAGO,2023,240,29.000000
CHICAGO,2023,239,
CHICAGO,2023,238,
CHICAGO,2023,237,29.000000
CHICAGO,2023,236,29.000000
CHICAGO,2023,235,29.000000
CHICAGO,2023,234,29.000000
CHICAGO,2023,233,29.000000
CHICAGO,2023,232,
CHICAGO,2023,231,
CHICAGO,2023,230,29.000000
CHICAGO,2023,229,29.000000
CHICAGO,2023,228,29.000000
CHICAGO,2023,227,29.000000
CHICAGO,2023,226,29.000000
CHICAGO,2023,225,
CHICAGO,2023,224,
CHICAGO,2023,223,29.000000
CHICAGO,2023,222,29.000000
CHICAGO,2023,221,29.000000
CHICAGO,2023,220,29.000000
CHICAGO,2023,219,29.000000
CHICAGO,2023,218,
CHICAGO,2023,217,
CHICAGO,2023,216,29.000000
CHICAGO,2023,215,29.000000
CHICAGO,2023,214,29.000000
CHICAGO,2023,213,29.000000
CHICAGO,2023,212,29.000000
CHICAGO,2023,211,
CHICAGO,2023,210,
CHICAGO,2023,209,29.000000
CHICAGO,2023,208,29.000000
CHICAGO,2023,207,29.000000
CHICAGO,2023,206,29.000000
CHICAGO,2023,205,20.000000
CHICAGO,2023,204,
CHICAGO,2023,203,
CHICAGO,2023,202,20.000000
CHICAGO,2023,201,20.000000
CHICAGO,2023,200,20.000000
CHICAGO,2023,199,20.000000
CHICAGO,2023,198,20.000000
CHICAGO,2023,197,
CHICAGO,2023,196,
CHICAGO,2023,195,20.000000
CHICAGO,2023,194,20.000000
CHICAGO,2023,193,20.000000
CHICAGO,2023,192,20.000000
CHICAGO,2023,191,20.000000
CHICAGO,2023,190,
CHICAGO,2023,189,
CHICAGO,2023,188,20.000000
CHICAGO,2023,187,20.000000
CHICAGO,2023,186,20.000000
CHICAGO,2023,185,
CHICAGO,2023,184,20.000000
CHICAGO,2023,183,
CHICAGO,2023,182,
CHICAGO,2023,181,20.000000
CHICAGO,2023,180,20.000000
CHICAGO,2023,179,20.000000
CHICAGO,2023,178,22.000000
CHICAGO,2023,177,19.000000
CHICAGO,2023,176,
CHICAGO,2023,175,
CHICAGO,2023,174,19.000000
CHICAGO,2023,173,19.000000
CHICAGO,2023,172,19.000000
CHICAGO,2023,171,19.000000
CHICAGO,2023,170,
CHICAGO,2023,169,
CHICAGO,2023,168,
CHICAGO,2023,167,19.000000
CHICAGO,2023,166,20.750000
CHICAGO,2023,165,20.750000
CHICAGO,2023,164,20.750000
CHICAGO,2023,163,20.750000
CHICAGO,2023,162,
CHICAGO,2023,161,
CHICAGO,2023,160,20.750000
CHICAGO,2023,159,20.750000
CHICAGO,2023,158,20.750000
CHICAGO,2023,157,20.750000
CHICAGO,2023,156,20.750000
CHICAGO,2023,155,
CHICAGO,2023,154,
CHICAGO,2023,153,20.750000
CHICAGO,2023,152,20.750000
CHICAGO,2023,151,20.750000
CHICAGO,2023,150,20.750000
CHICAGO,2023,149,
CHICAGO,2023,148,
CHICAGO,2023,147,
CHICAGO,2023,146,20.750000
CHICAGO,2023,145,20.750000
CHICAGO,2023,144,20.750000
CHICAGO,2023,143,20.750000
CHICAGO,2023,142,20.750000
CHICAGO,2023,141,
CHICAGO,2023,140,
CHICAGO,2023,139,20.750000
CHICAGO,2023,138,20.750000
CHICAGO,2023,137,20.750000
CHICAGO,2023,136,20.750000
CHICAGO,2023,135,20.750000
CHICAGO,2023,134,
CHICAGO,2023,133,
CHICAGO,2023,132,20.750000
CHICAGO,2023,131,20.750000
CHICAGO,2023,130,20.750000
CHICAGO,2023,129,20.750000
CHICAGO,2023,128,20.750000
CHICAGO,2023,127,
CHICAGO,2023,126,
CHICAGO,2023,125,20.750000
CHICAGO,2023,124,20.750000
CHICAGO,2023,123,20.750000
CHICAGO,2023,122,20.750000
CHICAGO,2023,121,20.750000
CHICAGO,2023,120,
CHICAGO,2023,119,
CHICAGO,2023,118,20.750000
CHICAGO,2023,117,20.750000
CHICAGO,2023,116,20.750000
CHICAGO,2023,115,20.750000
CHICAGO,2023,114,20.750000
CHICAGO,2023,113,
CHICAGO,2023,112,
CHICAGO,2023,111,20.750000
CHICAGO,2023,110,20.750000
CHICAGO,2023,109,20.750000
CHICAGO,2023,108,20.750000
CHICAGO,2023,107,20.750000
CHICAGO,2023,106,
CHICAGO,2023,105,
CHICAGO,2023,104,20.750000
CHICAGO,2023,103,20.750000
CHICAGO,2023,102,20.750000
CHICAGO,2023,101,20.750000
CHICAGO,2023,100,20.750000
CHICAGO,2023,99,
CHICAGO,2023,98,
CHICAGO,2023,97,20.750000
CHICAGO,2023,96,20.750000
CHICAGO,2023,95,20.750000
CHICAGO,2023,94,20.750000
CHICAGO,2023,93,20.750000
CHICAGO,2023,92,
CHICAGO,2023,91,
CHICAGO,2023,90,20.750000
CHICAGO,2023,89,20.750000
CHICAGO,2023,88,20.750000
CHICAGO,2023,87,20.750000
CHICAGO,2023,86,20.750000
CHICAGO,2023,85,
CHICAGO,2023,84,
CHICAGO,2023,83,20.750000
CHICAGO,2023,82,20.750000
CHICAGO,2023,81,20.750000
CHICAGO,2023,80,27.000000
CHICAGO,2023,79,27.000000
CHICAGO,2023,78,
CHICAGO,2023,77,
CHICAGO,2023,76,27.000000
CHICAGO,2023,75,27.000000
CHICAGO,2023,74,27.000000
CHICAGO,2023,73,27.000000
CHICAGO,2023,72,27.000000
CHICAGO,2023,71,
CHICAGO,2023,70,
CHICAGO,2023,69,27.000000
CHICAGO,2023,68,27.000000
CHICAGO,2023,67,27.000000
CHICAGO,2023,66,27.000000
CHICAGO,2023,65,27.000000
CHICAGO,2023,64,
CHICAGO,2023,63,
CHICAGO,2023,62,27.000000
CHICAGO,2023,61,31.000000
CHICAGO,2023,60,31.000000
CHICAGO,2023,59,31.000000
CHICAGO,2023,58,31.000000
CHICAGO,2023,57,
CHICAGO,2023,56,
CHICAGO,2023,55,31.000000
CHICAGO,2023,54,31.000000
CHICAGO,2023,53,31.000000
CHICAGO,2023,52,31.000000
CHICAGO,2023,51,
CHICAGO,2023,50,
CHICAGO,2023,49,
CHICAGO,2023,48,31.000000
CHICAGO,2023,47,31.000000
CHICAGO,2023,46,31.000000
CHICAGO,2023,45,31.000000
CHICAGO,2023,44,31.000000
CHICAGO,2023,43,
CHICAGO,2023,42,
CHICAGO,2023,41,31.000000
CHICAGO,2023,40,31.000000
CHICAGO,2023,39,31.000000
CHICAGO,2023,38,31.000000
CHICAGO,2023,37,31.000000
CHICAGO,2023,36,
CHICAGO,2023,35,
CHICAGO,2023,34,31.000000
CHICAGO,2023,33,32.500000
CHICAGO,2023,32,32.500000
CHICAGO,2023,31,32.500000
CHICAGO,2023,30,32.500000
CHICAGO,2023,29,
CHICAGO,2023,28,
CHICAGO,2023,27,32.500000
CHICAGO,2023,26,32.500000
CHICAGO,2023,25,32.500000
CHICAGO,2023,24,32.500000
CHICAGO,2023,23,32.500000
CHICAGO,2023,22,
CHICAGO,2023,21,
CHICAGO,2023,20,32.500000
CHICAGO,2023,19,32.500000
CHICAGO,2023,18,32.500000
CHICAGO,2023,17,32.500000
CHICAGO,2023,16,
CHICAGO,2023,15,
CHICAGO,2023,14,
CHICAGO,2023,13,32.500000
CHICAGO,2023,12,32.500000
CHICAGO,2023,11,32.500000
CHICAGO,2023,10,32.500000
CHICAGO,2023,9,32.500000
CHICAGO,2023,8,
CHICAGO,2023,7,
CHICAGO,2023,6,32.500000
CHICAGO,2023,5,32.500000
CHICAGO,2023,4,32.500000
CHICAGO,2023,3,32.500000
CHICAGO,2023,2,
COLUMBIA,2023,366,
COLUMBIA,2023,365,
COLUMBIA,2023,364,
COLUMBIA,2023,363,39.000000
COLUMBIA,2023,362,39.000000
COLUMBIA,2023,361,39.000000
COLUMBIA,2023,360,
COLUMBIA,2023,359,
COLUMBIA,2023,358,
COLUMBIA,2023,357,
COLUMBIA,2023,356,
COLUMBIA,2023,355,39.000000
COLUMBIA,2023,354,39.000000
COLUMBIA,2023,353,39.000000
COLUMBIA,2023,352,39.000000
COLUMBIA,2023,351,
COLUMBIA,2023,350,
COLUMBIA,2023,349,39.000000
COLUMBIA,2023,348,39.000000
COLUMBIA,2023,347,39.000000
COLUMBIA,2023,346,39.000000
COLUMBIA,2023,345,39.000000
COLUMBIA,2023,344,
COLUMBIA,2023,343,
COLUMBIA,2023,342,
COLUMBIA,2023,341,
COLUMBIA,2023,340,
COLUMBIA,2023,339,
COLUMBIA,2023,338,
COLUMBIA,2023,337,
COLUMBIA,2023,336,
COLUMBIA,2023,335,
COLUMBIA,2023,334,
COLUMBIA,2023,333,
COLUMBIA,2023,332,
COLUMBIA,2023,331,
COLUMBIA,2023,330,
COLUMBIA,2023,329,
COLUMBIA,2023,328,
COLUMBIA,2023,327,
COLUMBIA,2023,326,
COLUMBIA,2023,325,
COLUMBIA,2023,324,
COLUMBIA,2023,323,
COLUMBIA,2023,322,
COLUMBIA,2023,321,
COLUMBIA,2023,320,
COLUMBIA,2023,319,
COLUMBIA,2023,318,
COLUMBIA,2023,317,
COLUMBIA,2023,316,
COLUMBIA,2023,315,
COLUMBIA,2023,314,
COLUMBIA,2023,313,
COLUMBIA,2023,312,
COLUMBIA,2023,311,
COLUMBIA,2023,310,
COLUMBIA,2023,309,
COLUMBIA,2023,308,
COLUMBIA,2023,307,
COLUMBIA,2023,306,
COLUMBIA,2023,305,
COLUMBIA,2023,304,
COLUMBIA,2023,303,
COLUMBIA,2023,302,
COLUMBIA,2023,301,
COLUMBIA,2023,300,
COLUMBIA,2023,299,
COLUMBIA,2023,298,
COLUMBIA,2023,297,
COLUMBIA,2023,296,
COLUMBIA,2023,295,
COLUMBIA,2023,294,
COLUMBIA,2023,293,
COLUMBIA,2023,292,
COLUMBIA,2023,291,
COLUMBIA,2023,290,
COLUMBIA,2023,289,
COLUMBIA,2023,288,
COLUMBIA,2023,287,
COLUMBIA,2023,286,28.000000
COLUMBIA,2023,285,28.000000
COLUMBIA,2023,284,28.000000
COLUMBIA,2023,283,28.000000
COLUMBIA,2023,282,28.000000
COLUMBIA,2023,281,
COLUMBIA,2023,280,
COLUMBIA,2023,279,28.000000
COLUMBIA,2023,278,28.000000
COLUMBIA,2023,277,28.000000
COLUMBIA,2023,276,28.000000
COLUMBIA,2023,275,28.000000
COLUMBIA,2023,274,
COLUMBIA,2023,273,
COLUMBIA,2023,272,28.000000
COLUMBIA,2023,271,28.000000
COLUMBIA,2023,270,28.000000
COLUMBIA,2023,269,28.000000
COLUMBIA,2023,268,28.000000
COLUMBIA,2023,267,
COLUMBIA,2023,266,
COLUMBIA,2023,265,28.000000
COLUMBIA,2023,264,28.000000
COLUMBIA,2023,263,28.000000
COLUMBIA,2023,262,28.000000
COLUMBIA,2023,261,28.000000
COLUMBIA,2023,260,
COLUMBIA,2023,259,
COLUMBIA,2023,258,28.000000
COLUMBIA,2023,257,28.000000
COLUMBIA,2023,256,28.000000
COLUMBIA,2023,255,28.000000
COLUMBIA,2023,254,28.000000
COLUMBIA,2023,253,
COLUMBIA,2023,252,
COLUMBIA,2023,251,28.000000
COLUMBIA,2023,250,28.000000
COLUMBIA,2023,249,28.000000
COLUMBIA,2023,248,28.000000
COLUMBIA,2023,247,
COLUMBIA,2023,246,
COLUMBIA,2023,245,
COLUMBIA,2023,244,28.000000
COLUMBIA,2023,243,28.000000
COLUMBIA,2023,242,28.000000
COLUMBIA,2023,241,28.000000
COLUMBIA,2023,240,28.000000
COLUMBIA,2023,239,
COLUMBIA,2023,238,
COLUMBIA,2023,237,28.000000
COLUMBIA,2023,236,28.000000
COLUMBIA,2023,235,28.000000
COLUMBIA,2023,234,28.000000
COLUMBIA,2023,233,28.000000
COLUMBIA,2023,232,
COLUMBIA,2023,231,
COLUMBIA,2023,230,28.000000
COLUMBIA,2023,229,28.000000
COLUMBIA,2023,228,28.000000
COLUMBIA,2023,227,28.000000
COLUMBIA,2023,226,28.000000
COLUMBIA,2023,225,
COLUMBIA,2023,224,
COLUMBIA,2023,223,
COLUMBIA,2023,222,
COLUMBIA,2023,221,
COLUMBIA,2023,220,
COLUMBIA,2023,219,
COLUMBIA,2023,218,
COLUMBIA,2023,217,
COLUMBIA,2023,216,
COLUMBIA,2023,215,
COLUMBIA,2023,214,
COLUMBIA,2023,213,
COLUMBIA,2023,212,
COLUMBIA,2023,211,
COLUMBIA,2023,210,
COLUMBIA,2023,209,
COLUMBIA,2023,208,
COLUMBIA,2023,207,
COLUMBIA,2023,206,
COLUMBIA,2023,205,
COLUMBIA,2023,204,
COLUMBIA,2023,203,
COLUMBIA,2023,202,
COLUMBIA,2023,201,
COLUMBIA,2023,200,
COLUMBIA,2023,199,
COLUMBIA,2023,198,
COLUMBIA,2023,197,
COLUMBIA,2023,196,
COLUMBIA,2023,195,
COLUMBIA,2023,194,
COLUMBIA,2023,193,
COLUMBIA,2023,192,
COLUMBIA,2023,191,
COLUMBIA,2023,190,
COLUMBIA,2023,189,
COLUMBIA,2023,188,24.000000
COLUMBIA,2023,187,24.000000
COLUMBIA,2023,186,24.000000
COLUMBIA,2023,185,
COLUMBIA,2023,184,24.000000
COLUMBIA,2023,183,
COLUMBIA,2023,182,
COLUMBIA,2023,181,24.000000
COLUMBIA,2023,180,24.000000
COLUMBIA,2023,179,24.000000
COLUMBIA,2023,178,24.000000
COLUMBIA,2023,177,24.000000
COLUMBIA,2023,176,
COLUMBIA,2023,175,
COLUMBIA,2023,174,24.000000
COLUMBIA,2023,173,24.000000
COLUMBIA,2023,172,24.000000
COLUMBIA,2023,171,24.000000
COLUMBIA,2023,170,24.000000
COLUMBIA,2023,169,
COLUMBIA,2023,168,
COLUMBIA,2023,167,24.000000
COLUMBIA,2023,166,24.000000
COLUMBIA,2023,165,24.000000
COLUMBIA,2023,164,24.000000
COLUMBIA,2023,163,24.000000
COLUMBIA,2023,162,
COLUMBIA,2023,161,
COLUMBIA,2023,160,24.000000
COLUMBIA,2023,159,24.000000
COLUMBIA,2023,158,24.000000
COLUMBIA,2023,157,24.000000
COLUMBIA,2023,156,24.000000
COLUMBIA,2023,155,
COLUMBIA,2023,154,
COLUMBIA,2023,153,24.000000
COLUMBIA,2023,152,24.000000
COLUMBIA,2023,151,24.000000
COLUMBIA,2023,150,24.000000
COLUMBIA,2023,149,
COLUMBIA,2023,148,
COLUMBIA,2023,147,
COLUMBIA,2023,146,24.000000
COLUMBIA,2023,145,24.000000
COLUMBIA,2023,144,24.000000
COLUMBIA,2023,143,24.000000
COLUMBIA,2023,142,
COLUMBIA,2023,141,
COLUMBIA,2023,140,
COLUMBIA,2023,139,24.000000
COLUMBIA,2023,138,24.000000
COLUMBIA,2023,137,24.000000
COLUMBIA,2023,136,24.000000
COLUMBIA,2023,135,24.000000
COLUMBIA,2023,134,
COLUMBIA,2023,133,
COLUMBIA,2023,132,24.000000
COLUMBIA,2023,131,24.000000
COLUMBIA,2023,130,
COLUMBIA,2023,129,24.000000
COLUMBIA,2023,128,24.000000
COLUMBIA,2023,127,
COLUMBIA,2023,126,
COLUMBIA,2023,125,24.000000
COLUMBIA,2023,124,24.000000
COLUMBIA,2023,123,24.000000
COLUMBIA,2023,122,24.000000
COLUMBIA,2023,121,24.000000
COLUMBIA,2023,120,
COLUMBIA,2023,119,
COLUMBIA,2023,118,24.000000
COLUMBIA,2023,117,24.000000
COLUMBIA,2023,116,24.000000
COLUMBIA,2023,115,24.000000
COLUMBIA,2023,114,24.000000
COLUMBIA,2023,113,
COLUMBIA,2023,112,
COLUMBIA,2023,111,24.000000
COLUMBIA,2023,110,24.000000
COLUMBIA,2023,109,24.000000
COLUMBIA,2023,108,24.000000
COLUMBIA,2023,107,24.000000
COLUMBIA,2023,106,
COLUMBIA,2023,105,
COLUMBIA,2023,104,24.000000
COLUMBIA,2023,103,24.000000
COLUMBIA,2023,102,24.000000
COLUMBIA,2023,101,24.000000
COLUMBIA,2023,100,24.000000
COLUMBIA,2023,99,
COLUMBIA,2023,98,
COLUMBIA,2023,97,
COLUMBIA,2023,96,
COLUMBIA,2023,95,
COLUMBIA,2023,94,
COLUMBIA,2023,93,
COLUMBIA,2023,92,
COLUMBIA,2023,91,
COLUMBIA,2023,90,25.000000
COLUMBIA,2023,89,25.000000
COLUMBIA,2023,88,25.000000
COLUMBIA,2023,87,25.000000
COLUMBIA,2023,86,25.000000
COLUMBIA,2023,85,
COLUMBIA,2023,84,
COLUMBIA,2023,83,25.000000
COLUMBIA,2023,82,25.000000
COLUMBIA,2023,81,25.000000
COLUMBIA,2023,80,25.000000
COLUMBIA,2023,79,25.000000
COLUMBIA,2023,78,
COLUMBIA,2023,77,
COLUMBIA,2023,76,25.000000
COLUMBIA,2023,75,25.000000
COLUMBIA,2023,74,25.000000
COLUMBIA,2023,73,25.000000
COLUMBIA,2023,72,25.000000
COLUMBIA,2023,71,
COLUMBIA,2023,70,
COLUMBIA,2023,69,38.000000
COLUMBIA,2023,68,38.000000
COLUMBIA,2023,67,38.000000
COLUMBIA,2023,66,38.000000
COLUMBIA,2023,65,38.000000
COLUMBIA,2023,64,
COLUMBIA,2023,63,
COLUMBIA,2023,62,38.000000
COLUMBIA,2023,61,38.000000
COLUMBIA,2023,60,38.000000
COLUMBIA,2023,59,38.000000
COLUMBIA,2023,58,38.000000
COLUMBIA,2023,57,
COLUMBIA,2023,56,
COLUMBIA,2023,55,38.000000
COLUMBIA,2023,54,38.000000
COLUMBIA,2023,53,38.000000
COLUMBIA,2023,52,38.000000
COLUMBIA,2023,51,
COLUMBIA,2023,50,
COLUMBIA,2023,49,
COLUMBIA,2023,48,38.000000
COLUMBIA,2023,47,38.000000
COLUMBIA,2023,46,38.000000
COLUMBIA,2023,45,38.000000
COLUMBIA,2023,44,38.000000
COLUMBIA,2023,43,
COLUMBIA,2023,42,
COLUMBIA,2023,41,38.000000
COLUMBIA,2023,40,38.000000
COLUMBIA,2023,39,38.000000
COLUMBIA,2023,38,38.000000
COLUMBIA,2023,37,38.000000
COLUMBIA,2023,36,
COLUMBIA,2023,35,
COLUMBIA,2023,34,38.000000
COLUMBIA,2023,33,38.000000
COLUMBIA,2023,32,38.000000
COLUMBIA,2023,31,38.000000
COLUMBIA,2023,30,38.000000
COLUMBIA,2023,29,
COLUMBIA,2023,28,
COLUMBIA,2023,27,38.000000
COLUMBIA,2023,26,38.000000
COLUMBIA,2023,25,38.000000
COLUMBIA,2023,24,38.000000
COLUMBIA,2023,23,38.000000
COLUMBIA,2023,22,
COLUMBIA,2023,21,
COLUMBIA,2023,20,30.000000
COLUMBIA,2023,19,30.000000
COLUMBIA,2023,18,30.000000
COLUMBIA,2023,17,30.000000
COLUMBIA,2023,16,
COLUMBIA,2023,15,
COLUMBIA,2023,14,
COLUMBIA,2023,13,30.000000
COLUMBIA,2023,12,30.000000
COLUMBIA,2023,11,30.000000
COLUMBIA,2023,10,30.000000
COLUMBIA,2023,9,30.000000
COLUMBIA,2023,8,
COLUMBIA,2023,7,
COLUMBIA,2023,6,30.000000
COLUMBIA,2023,5,30.000000
COLUMBIA,2023,4,
COLUMBIA,2023,3,
COLUMBIA,2023,2,
MIAMI,2023,366,
MIAMI,2023,365,
MIAMI,2023,364,
MIAMI,2023,363,
MIAMI,2023,362,
MIAMI,2023,361,
MIAMI,2023,360,
MIAMI,2023,359,
MIAMI,2023,358,
MIAMI,2023,357,
MIAMI,2023,356,
MIAMI,2023,355,
MIAMI,2023,354,
MIAMI,2023,353,
MIAMI,2023,352,
MIAMI,2023,351,
MIAMI,2023,350,
MIAMI,2023,349,
MIAMI,2023,348,
MIAMI,2023,347,
MIAMI,2023,346,
MIAMI,2023,345,
MIAMI,2023,344,
MIAMI,2023,343,
MIAMI,2023,342,
MIAMI,2023,341,
MIAMI,2023,340,
MIAMI,2023,339,
MIAMI,2023,338,
MIAMI,2023,337,
MIAMI,2023,336,
MIAMI,2023,335,
MIAMI,2023,334,
MIAMI,2023,333,
MIAMI,2023,332,
MIAMI,2023,331,
MIAMI,2023,330,
MIAMI,2023,329,
MIAMI,2023,328,
MIAMI,2023,327,
MIAMI,2023,326,
MIAMI,2023,325,
MIAMI,2023,324,
MIAMI,2023,323,
MIAMI,2023,322,
MIAMI,2023,321,
MIAMI,2023,320,
MIAMI,2023,319,
MIAMI,2023,318,
MIAMI,2023,317,
MIAMI,2023,316,
MIAMI,2023,315,
MIAMI,2023,314,
MIAMI,2023,313,
MIAMI,2023,312,
MIAMI,2023,311,
MIAMI,2023,310,
MIAMI,2023,309,
MIAMI,2023,308,
MIAMI,2023,307,
MIAMI,2023,306,
MIAMI,2023,305,
MIAMI,2023,304,
MIAMI,2023,303,
MIAMI,2023,302,
MIAMI,2023,301,
MIAMI,2023,300,
MIAMI,2023,299,
MIAMI,2023,298,
MIAMI,2023,297,
MIAMI,2023,296,
MIAMI,2023,295,
MIAMI,2023,294,
MIAMI,2023,293,
MIAMI,2023,292,
MIAMI,2023,291,
MIAMI,2023,290,
MIAMI,2023,289,
MIAMI,2023,288,
MIAMI,2023,287,
MIAMI,2023,286,
MIAMI,2023,285,
MIAMI,2023,284,
MIAMI,2023,283,
MIAMI,2023,282,
MIAMI,2023,281,
MIAMI,2023,280,
MIAMI,2023,279,
MIAMI,2023,278,
MIAMI,2023,277,
MIAMI,2023,276,
MIAMI,2023,275,
MIAMI,2023,274,
MIAMI,2023,273,
MIAMI,2023,272,
MIAMI,2023,271,
MIAMI,2023,270,
MIAMI,2023,269,
MIAMI,2023,268,
MIAMI,2023,267,
MIAMI,2023,266,
MIAMI,2023,265,
MIAMI,2023,264,
MIAMI,2023,263,
MIAMI,2023,262,
MIAMI,2023,261,
MIAMI,2023,260,
MIAMI,2023,259,
MIAMI,2023,258,
MIAMI,2023,257,
MIAMI,2023,256,
MIAMI,2023,255,
MIAMI,2023,254,
MIAMI,2023,253,
MIAMI,2023,252,
MIAMI,2023,251,
MIAMI,2023,250,
MIAMI,2023,249,
MIAMI,2023,248,
MIAMI,2023,247,
MIAMI,2023,246,
MIAMI,2023,245,
MIAMI,2023,244,
MIAMI,2023,243,
MIAMI,2023,242,
MIAMI,2023,241,
MIAMI,2023,240,
MIAMI,2023,239,
MIAMI,2023,238,
MIAMI,2023,237,
MIAMI,2023,236,
MIAMI,2023,235,
MIAMI,2023,234,
MIAMI,2023,233,
MIAMI,2023,232,
MIAMI,2023,231,
MIAMI,2023,230,
MIAMI,2023,229,
MIAMI,2023,228,
MIAMI,2023,227,
MIAMI,2023,226,
MIAMI,2023,225,
MIAMI,2023,224,
MIAMI,2023,223,
MIAMI,2023,222,
MIAMI,2023,221,
MIAMI,2023,220,
MIAMI,2023,219,
MIAMI,2023,218,
MIAMI,2023,217,
MIAMI,2023,216,
MIAMI,2023,215,
MIAMI,2023,214,
MIAMI,2023,213,
MIAMI,2023,212,
MIAMI,2023,211,
MIAMI,2023,210,
MIAMI,2023,209,
MIAMI,2023,208,
MIAMI,2023,207,
MIAMI,2023,206,
MIAMI,2023,205,
MIAMI,2023,204,
MIAMI,2023,203,
MIAMI,2023,202,
MIAMI,2023,201,
MIAMI,2023,200,
MIAMI,2023,199,
MIAMI,2023,198,
MIAMI,2023,197,
MIAMI,2023,196,
MIAMI,2023,195,
MIAMI,2023,194,
MIAMI,2023,193,
MIAMI,2023,192,
MIAMI,2023,191,
MIAMI,2023,190,
MIAMI,2023,189,
MIAMI,2023,188,
MIAMI,2023,187,
MIAMI,2023,186,
MIAMI,2023,185,
MIAMI,2023,184,
MIAMI,2023,183,
MIAMI,2023,182,
MIAMI,2023,181,
MIAMI,2023,180,
MIAMI,2023,179,
MIAMI,2023,178,
MIAMI,2023,177,
MIAMI,2023,176,
MIAMI,2023,175,
MIAMI,2023,174,
MIAMI,2023,173,
MIAMI,2023,172,
MIAMI,2023,171,
MIAMI,2023,170,
MIAMI,2023,169,
MIAMI,2023,168,
MIAMI,2023,167,
MIAMI,2023,166,
MIAMI,2023,165,
MIAMI,2023,164,
MIAMI,2023,163,
MIAMI,2023,162,
MIAMI,2023,161,
MIAMI,2023,160,24.000000
MIAMI,2023,159,24.000000
MIAMI,2023,158,24.000000
MIAMI,2023,157,24.000000
MIAMI,2023,156,24.000000
MIAMI,2023,155,
MIAMI,2023,154,
MIAMI,2023,153,24.000000
MIAMI,2023,152,24.000000
MIAMI,2023,151,24.000000
MIAMI,2023,150,24.000000
MIAMI,2023,149,
MIAMI,2023,148,
MIAMI,2023,147,
MIAMI,2023,146,24.000000
MIAMI,2023,145,24.000000
MIAMI,2023,144,24.000000
MIAMI,2023,143,24.000000
MIAMI,2023,142,24.000000
MIAMI,2023,141,
MIAMI,2023,140,
MIAMI,2023,139,24.000000
MIAMI,2023,138,24.000000
MIAMI,2023,137,24.000000
MIAMI,2023,136,24.000000
MIAMI,2023,135,24.000000
MIAMI,2023,134,
MIAMI,2023,133,
MIAMI,2023,132,24.000000
MIAMI,2023,131,24.000000
MIAMI,2023,130,24.000000
MIAMI,2023,129,24.000000
MIAMI,2023,128,24.000000
MIAMI,2023,127,
MIAMI,2023,126,
MIAMI,2023,125,24.000000
MIAMI,2023,124,24.000000
MIAMI,2023,123,24.000000
MIAMI,2023,122,24.000000
MIAMI,2023,121,24.000000
MIAMI,2023,120,
MIAMI,2023,119,
MIAMI,2023,118,24.000000
MIAMI,2023,117,24.000000
MIAMI,2023,116,24.000000
MIAMI,2023,115,24.000000
MIAMI,2023,114,24.000000
MIAMI,2023,113,
MIAMI,2023,112,
MIAMI,2023,111,24.000000
MIAMI,2023,110,24.000000
MIAMI,2023,109,24.000000
MIAMI,2023,108,24.000000
MIAMI,2023,107,24.000000
MIAMI,2023,106,
MIAMI,2023,105,
MIAMI,2023,104,24.000000
MIAMI,2023,103,24.000000
MIAMI,2023,102,24.000000
MIAMI,2023,101,24.000000
MIAMI,2023,100,24.000000
MIAMI,2023,99,
MIAMI,2023,98,
MIAMI,2023,97,24.000000
MIAMI,2023,96,24.000000
MIAMI,2023,95,24.000000
MIAMI,2023,94,24.000000
MIAMI,2023,93,24.000000
MIAMI,2023,92,
MIAMI,2023,91,
MIAMI,2023,90,24.000000
MIAMI,2023,89,24.000000
MIAMI,2023,88,24.000000
MIAMI,2023,87,24.000000
MIAMI,2023,86,24.000000
MIAMI,2023,85,
MIAMI,2023,84,
MIAMI,2023,83,24.000000
MIAMI,2023,82,24.000000
MIAMI,2023,81,24.000000
MIAMI,2023,80,24.000000
MIAMI,2023,79,24.000000
MIAMI,2023,78,
MIAMI,2023,77,
MIAMI,2023,76,24.000000
MIAMI,2023,75,24.000000
MIAMI,2023,74,24.000000
MIAMI,2023,73,24.000000
MIAMI,2023,72,24.000000
MIAMI,2023,71,
MIAMI,2023,70,
MIAMI,2023,69,24.000000
MIAMI,2023,68,24.000000
MIAMI,2023,67,24.000000
MIAMI,2023,66,24.000000
MIAMI,2023,65,24.000000
MIAMI,2023,64,
MIAMI,2023,63,
MIAMI,2023,62,24.000000
MIAMI,2023,61,24.000000
MIAMI,2023,60,24.000000
MIAMI,2023,59,24.000000
MIAMI,2023,58,24.000000
MIAMI,2023,57,
MIAMI,2023,56,
MIAMI,2023,55,24.000000
MIAMI,2023,54,24.000000
MIAMI,2023,53,24.000000
MIAMI,2023,52,24.000000
MIAMI,2023,51,
MIAMI,2023,50,
MIAMI,2023,49,
MIAMI,2023,48,24.000000
MIAMI,2023,47,24.000000
MIAMI,2023,46,24.000000
MIAMI,2023,45,24.000000
MIAMI,2023,44,24.000000
MIAMI,2023,43,
MIAMI,2023,42,
MIAMI,2023,41,24.000000
MIAMI,2023,40,24.000000
MIAMI,2023,39,24.000000
MIAMI,2023,38,24.000000
MIAMI,2023,37,24.000000
MIAMI,2023,36,
MIAMI,2023,35,
MIAMI,2023,34,24.000000
MIAMI,2023,33,24.000000
MIAMI,2023,32,24.000000
MIAMI,2023,31,24.000000
MIAMI,2023,30,24.000000
MIAMI,2023,29,
MIAMI,2023,28,
MIAMI,2023,27,24.000000
MIAMI,2023,26,24.000000
MIAMI,2023,25,24.000000
MIAMI,2023,24,24.000000
MIAMI,2023,23,24.000000
MIAMI,2023,22,
MIAMI,2023,21,
MIAMI,2023,20,24.000000
MIAMI,2023,19,24.000000
MIAMI,2023,18,24.000000
MIAMI,2023,17,24.000000
MIAMI,2023,16,
MIAMI,2023,15,
MIAMI,2023,14,
MIAMI,2023,13,24.000000
MIAMI,2023,12,24.000000
MIAMI,2023,11,24.000000
MIAMI,2023,10,34.000000
MIAMI,2023,9,34.000000
MIAMI,2023,8,
MIAMI,2023,7,
MIAMI,2023,6,34.000000
MIAMI,2023,5,34.000000
MIAMI,2023,4,
MIAMI,2023,3,
MIAMI,2023,2,
NEW YORK,2023,366,
NEW YORK,2023,365,
NEW YORK,2023,364,
NEW YORK,2023,363,26.500000
NEW YORK,2023,362,26.500000
NEW YORK,2023,361,26.500000
NEW YORK,2023,360,
NEW YORK,2023,359,
NEW YORK,2023,358,
NEW YORK,2023,357,
NEW YORK,2023,356,25.000000
NEW YORK,2023,355,25.000000
NEW YORK,2023,354,24.500000
NEW YORK,2023,353,24.500000
NEW YORK,2023,352,26.000000
NEW YORK,2023,351,
NEW YORK,2023,350,
NEW YORK,2023,349,25.250000
NEW YORK,2023,348,25.250000
NEW YORK,2023,347,25.250000
NEW YORK,2023,346,23.333333
NEW YORK,2023,345,23.666666
NEW YORK,2023,344,
NEW YORK,2023,343,
NEW YORK,2023,342,27.000000
NEW YORK,2023,341,29.000000
NEW YORK,2023,340,30.250000
NEW YORK,2023,339,30.250000
NEW YORK,2023,338,30.500000
NEW YORK,2023,337,
NEW YORK,2023,336,
NEW YORK,2023,335,34.500000
NEW YORK,2023,334,34.500000
NEW YORK,2023,333,36.000000
NEW YORK,2023,332,35.666666
NEW YORK,2023,331,35.500000
NEW YORK,2023,330,
NEW YORK,2023,329,
NEW YORK,2023,328,
NEW YORK,2023,327,
NEW YORK,2023,326,36.000000
NEW YORK,2023,325,36.000000
NEW YORK,2023,324,35.500000
NEW YORK,2023,323,
NEW YORK,2023,322,
NEW YORK,2023,321,34.250000
NEW YORK,2023,320,34.250000
NEW YORK,2023,319,34.250000
NEW YORK,2023,318,34.250000
NEW YORK,2023,317,34.250000
NEW YORK,2023,316,
NEW YORK,2023,315,
NEW YORK,2023,314,
NEW YORK,2023,313,33.500000
NEW YORK,2023,312,35.000000
NEW YORK,2023,311,35.000000
NEW YORK,2023,310,35.000000
NEW YORK,2023,309,
NEW YORK,2023,308,
NEW YORK,2023,307,32.000000
NEW YORK,2023,306,32.000000
NEW YORK,2023,305,30.500000
NEW YORK,2023,304,30.500000
NEW YORK,2023,303,30.500000
NEW YORK,2023,302,
NEW YORK,2023,301,
NEW YORK,2023,300,28.000000
NEW YORK,2023,299,28.000000
NEW YORK,2023,298,28.000000
NEW YORK,2023,297,30.000000
NEW YORK,2023,296,30.000000
NEW YORK,2023,295,
NEW YORK,2023,294,
NEW YORK,2023,293,27.500000
NEW YORK,2023,292,27.500000
NEW YORK,2023,291,28.333333
NEW YORK,2023,290,29.000000
NEW YORK,2023,289,29.000000
NEW YORK,2023,288,
NEW YORK,2023,287,
NEW YORK,2023,286,25.800000
NEW YORK,2023,285,25.800000
NEW YORK,2023,284,25.800000
NEW YORK,2023,283,25.250000
NEW YORK,2023,282,
NEW YORK,2023,281,
NEW YORK,2023,280,
NEW YORK,2023,279,25.000000
NEW YORK,2023,278,25.000000
NEW YORK,2023,277,25.000000
NEW YORK,2023,276,24.666666
NEW YORK,2023,275,24.666666
NEW YORK,2023,274,
NEW YORK,2023,273,
NEW YORK,2023,272,23.666666
NEW YORK,2023,271,23.666666
NEW YORK,2023,270,23.666666
NEW YORK,2023,269,23.000000
NEW YORK,2023,268,20.500000
NEW YORK,2023,267,
NEW YORK,2023,266,
NEW YORK,2023,265,20.500000
NEW YORK,2023,264,20.500000
NEW YORK,2023,263,20.500000
NEW YORK,2023,262,19.000000
NEW YORK,2023,261,17.000000
NEW YORK,2023,260,
NEW YORK,2023,259,
NEW YORK,2023,258,17.000000
NEW YORK,2023,257,17.000000
NEW YORK,2023,256,19.000000
NEW YORK,2023,255,19.000000
NEW YORK,2023,254,24.500000
NEW YORK,2023,253,
NEW YORK,2023,252,
NEW YORK,2023,251,22.000000
NEW YORK,2023,250,22.000000
NEW YORK,2023,249,22.000000
NEW YORK,2023,248,22.000000
NEW YORK,2023,247,
NEW YORK,2023,246,
NEW YORK,2023,245,
NEW YORK,2023,244,18.400000
NEW YORK,2023,243,18.400000
NEW YORK,2023,242,18.400000
NEW YORK,2023,241,18.800000
NEW YORK,2023,240,16.666666
NEW YORK,2023,239,
NEW YORK,2023,238,
NEW YORK,2023,237,17.000000
NEW YORK,2023,236,17.000000
NEW YORK,2023,235,17.000000
NEW YORK,2023,234,15.666666
NEW YORK,2023,233,15.666666
NEW YORK,2023,232,
NEW YORK,2023,231,
NEW YORK,2023,230,17.000000
NEW YORK,2023,229,17.000000
NEW YORK,2023,228,17.000000
NEW YORK,2023,227,17.000000
NEW YORK,2023,226,18.333333
NEW YORK,2023,225,
NEW YORK,2023,224,
NEW YORK,2023,223,18.333333
NEW YORK,2023,222,18.333333
NEW YORK,2023,221,18.333333
NEW YORK,2023,220,20.000000
NEW YORK,2023,219,20.000000
NEW YORK,2023,218,
NEW YORK,2023,217,
NEW YORK,2023,216,21.000000
NEW YORK,2023,215,21.000000
NEW YORK,2023,214,20.333333
NEW YORK,2023,213,21.000000
NEW YORK,2023,212,21.166666
NEW YORK,2023,211,
NEW YORK,2023,210,
NEW YORK,2023,209,22.166666
NEW YORK,2023,208,22.166666
NEW YORK,2023,207,23.000000
NEW YORK,2023,206,23.000000
NEW YORK,2023,205,23.000000
NEW YORK,2023,204,
NEW YORK,2023,203,
NEW YORK,2023,202,25.000000
NEW YORK,2023,201,26.000000
NEW YORK,2023,200,28.000000
NEW YORK,2023,199,20.500000
NEW YORK,2023,198,20.833333
NEW YORK,2023,197,
NEW YORK,2023,196,
NEW YORK,2023,195,23.250000
NEW YORK,2023,194,23.250000
NEW YORK,2023,193,24.500000
NEW YORK,2023,192,24.500000
NEW YORK,2023,191,25.000000
NEW YORK,2023,190,
NEW YORK,2023,189,
NEW YORK,2023,188,19.000000
NEW YORK,2023,187,19.000000
NEW YORK,2023,186,19.500000
NEW YORK,2023,185,
NEW YORK,2023,184,19.500000
NEW YORK,2023,183,
NEW YORK,2023,182,
NEW YORK,2023,181,19.500000
NEW YORK,2023,180,19.500000
NEW YORK,2023,179,19.500000
NEW YORK,2023,178,19.500000
NEW YORK,2023,177,19.000000
NEW YORK,2023,176,
NEW YORK,2023,175,
NEW YORK,2023,174,19.000000
NEW YORK,2023,173,18.000000
NEW YORK,2023,172,18.333333
NEW YORK,2023,171,18.666666
NEW YORK,2023,170,
NEW YORK,2023,169,
NEW YORK,2023,168,
NEW YORK,2023,167,19.500000
NEW YORK,2023,166,20.333333
NEW YORK,2023,165,21.000000
NEW YORK,2023,164,22.333333
NEW YORK,2023,163,22.333333
NEW YORK,2023,162,
NEW YORK,2023,161,
NEW YORK,2023,160,24.333333
NEW YORK,2023,159,24.333333
NEW YORK,2023,158,24.333333
NEW YORK,2023,157,24.333333
NEW YORK,2023,156,24.333333
NEW YORK,2023,155,
NEW YORK,2023,154,
NEW YORK,2023,153,23.333333
NEW YORK,2023,152,23.333333
NEW YORK,2023,151,23.000000
NEW YORK,2023,150,23.000000
NEW YORK,2023,149,
NEW YORK,2023,148,
NEW YORK,2023,147,
NEW YORK,2023,146,23.250000
NEW YORK,2023,145,23.250000
NEW YORK,2023,144,25.666666
NEW YORK,2023,143,23.000000
NEW YORK,2023,142,23.000000
NEW YORK,2023,141,
NEW YORK,2023,140,
NEW YORK,2023,139,23.000000
NEW YORK,2023,138,22.500000
NEW YORK,2023,137,22.500000
NEW YORK,2023,136,22.500000
NEW YORK,2023,135,22.500000
NEW YORK,2023,134,
NEW YORK,2023,133,
NEW YORK,2023,132,25.000000
NEW YORK,2023,131,25.000000
NEW YORK,2023,130,21.000000
NEW YORK,2023,129,21.000000
NEW YORK,2023,128,21.000000
NEW YORK,2023,127,
NEW YORK,2023,126,
NEW YORK,2023,125,17.000000
NEW YORK,2023,124,17.000000
NEW YORK,2023,123,15.333333
NEW YORK,2023,122,15.666666
NEW YORK,2023,121,17.000000
NEW YORK,2023,120,
NEW YORK,2023,119,
NEW YORK,2023,118,21.500000
NEW YORK,2023,117,19.333333
NEW YORK,2023,116,17.500000
NEW YORK,2023,115,20.000000
NEW YORK,2023,114,20.000000
NEW YORK,2023,113,
NEW YORK,2023,112,
NEW YORK,2023,111,21.000000
NEW YORK,2023,110,21.000000
NEW YORK,2023,109,18.000000
NEW YORK,2023,108,21.000000
NEW YORK,2023,107,21.000000
NEW YORK,2023,106,
NEW YORK,2023,105,
NEW YORK,2023,104,24.333333
NEW YORK,2023,103,24.333333
NEW YORK,2023,102,24.333333
NEW YORK,2023,101,19.000000
NEW YORK,2023,100,
NEW YORK,2023,99,
NEW YORK,2023,98,
NEW YORK,2023,97,19.500000
NEW YORK,2023,96,19.500000
NEW YORK,2023,95,19.500000
NEW YORK,2023,94,19.500000
NEW YORK,2023,93,21.000000
NEW YORK,2023,92,
NEW YORK,2023,91,
NEW YORK,2023,90,25.000000
NEW YORK,2023,89,25.000000
NEW YORK,2023,88,25.000000
NEW YORK,2023,87,21.000000
NEW YORK,2023,86,21.000000
NEW YORK,2023,85,
NEW YORK,2023,84,
NEW YORK,2023,83,20.000000
NEW YORK,2023,82,20.000000
NEW YORK,2023,81,20.000000
NEW YORK,2023,80,20.000000
NEW YORK,2023,79,20.000000
NEW YORK,2023,78,
NEW YORK,2023,77,
NEW YORK,2023,76,19.000000
NEW YORK,2023,75,19.000000
NEW YORK,2023,74,20.000000
NEW YORK,2023,73,21.000000
NEW YORK,2023,72,21.000000
NEW YORK,2023,71,
NEW YORK,2023,70,
NEW YORK,2023,69,19.500000
NEW YORK,2023,68,19.500000
NEW YORK,2023,67,19.500000
NEW YORK,2023,66,19.500000
NEW YORK,2023,65,19.500000
NEW YORK,2023,64,
NEW YORK,2023,63,
NEW YORK,2023,62,21.000000
NEW YORK,2023,61,21.000000
NEW YORK,2023,60,21.000000
NEW YORK,2023,59,23.000000
NEW YORK,2023,58,23.000000
NEW YORK,2023,57,
NEW YORK,2023,56,
NEW YORK,2023,55,31.500000
NEW YORK,2023,54,31.000000
NEW YORK,2023,53,31.000000
NEW YORK,2023,52,28.000000
NEW YORK,2023,51,
NEW YORK,2023,50,
NEW YORK,2023,49,
NEW YORK,2023,48,30.000000
NEW YORK,2023,47,30.000000
NEW YORK,2023,46,30.000000
NEW YORK,2023,45,30.000000
NEW YORK,2023,44,30.000000
NEW YORK,2023,43,
NEW YORK,2023,42,
NEW YORK,2023,41,33.666666
NEW YORK,2023,40,33.666666
NEW YORK,2023,39,33.666666
NEW YORK,2023,38,30.750000
NEW YORK,2023,37,25.500000
NEW YORK,2023,36,
NEW YORK,2023,35,
NEW YORK,2023,34,30.666666
NEW YORK,2023,33,30.666666
NEW YORK,2023,32,30.666666
NEW YORK,2023,31,31.333333
NEW YORK,2023,30,28.000000
NEW YORK,2023,29,
NEW YORK,2023,28,
NEW YORK,2023,27,30.500000
NEW YORK,2023,26,32.500000
NEW YORK,2023,25,32.500000
NEW YORK,2023,24,34.500000
NEW YORK,2023,23,34.500000
NEW YORK,2023,22,
NEW YORK,2023,21,
NEW YORK,2023,20,35.000000
NEW YORK,2023,19,35.000000
NEW YORK,2023,18,35.000000
NEW YORK,2023,17,35.000000
NEW YORK,2023,16,
NEW YORK,2023,15,
NEW YORK,2023,14,
NEW YORK,2023,13,37.000000
NEW YORK,2023,12,37.000000
NEW YORK,2023,11,37.000000
NEW YORK,2023,10,37.000000
NEW YORK,2023,9,37.000000
NEW YORK,2023,8,
NEW YORK,2023,7,
NEW YORK,2023,6,34.000000
NEW YORK,2023,5,32.166666
NEW YORK,2023,4,40.000000
NEW YORK,2023,3,40.000000
NEW YORK,2023,2,
PHILADELPHIA,2023,366,
PHILADELPHIA,2023,365,
PHILADELPHIA,2023,364,
PHILADELPHIA,2023,363,28.250000
PHILADELPHIA,2023,362,28.250000
PHILADELPHIA,2023,361,27.750000
PHILADELPHIA,2023,360,27.750000
PHILADELPHIA,2023,359,
PHILADELPHIA,2023,358,
PHILADELPHIA,2023,357,
PHILADELPHIA,2023,356,24.333333
PHILADELPHIA,2023,355,24.333333
PHILADELPHIA,2023,354,24.333333
PHILADELPHIA,2023,353,25.333333
PHILADELPHIA,2023,352,25.333333
PHILADELPHIA,2023,351,
PHILADELPHIA,2023,350,
PHILADELPHIA,2023,349,24.000000
PHILADELPHIA,2023,348,24.000000
PHILADELPHIA,2023,347,26.500000
PHILADELPHIA,2023,346,30.000000
PHILADELPHIA,2023,345,30.000000
PHILADELPHIA,2023,344,
PHILADELPHIA,2023,343,
PHILADELPHIA,2023,342,28.000000
PHILADELPHIA,2023,341,28.000000
PHILADELPHIA,2023,340,28.000000
PHILADELPHIA,2023,339,28.000000
PHILADELPHIA,2023,338,28.000000
PHILADELPHIA,2023,337,
PHILADELPHIA,2023,336,
PHILADELPHIA,2023,335,33.000000
PHILADELPHIA,2023,334,34.500000
PHILADELPHIA,2023,333,35.250000
PHILADELPHIA,2023,332,35.250000
PHILADELPHIA,2023,331,36.000000
PHILADELPHIA,2023,330,
PHILADELPHIA,2023,329,
PHILADELPHIA,2023,328,
PHILADELPHIA,2023,327,
PHILADELPHIA,2023,326,32.333333
PHILADELPHIA,2023,325,33.000000
PHILADELPHIA,2023,324,33.000000
PHILADELPHIA,2023,323,
PHILADELPHIA,2023,322,
PHILADELPHIA,2023,321,34.500000
PHILADELPHIA,2023,320,34.500000
PHILADELPHIA,2023,319,34.500000
PHILADELPHIA,2023,318,34.500000
PHILADELPHIA,2023,317,34.500000
PHILADELPHIA,2023,316,
PHILADELPHIA,2023,315,
PHILADELPHIA,2023,314,
PHILADELPHIA,2023,313,33.000000
PHILADELPHIA,2023,312,
PHILADELPHIA,2023,311,
PHILADELPHIA,2023,310,
PHILADELPHIA,2023,309,
PHILADELPHIA,2023,308,
PHILADELPHIA,2023,307,25.000000
PHILADELPHIA,2023,306,25.000000
PHILADELPHIA,2023,305,15.000000
PHILADELPHIA,2023,304,15.000000
PHILADELPHIA,2023,303,
PHILADELPHIA,2023,302,
PHILADELPHIA,2023,301,
PHILADELPHIA,2023,300,28.000000
PHILADELPHIA,2023,299,28.000000
PHILADELPHIA,2023,298,28.000000
PHILADELPHIA,2023,297,28.000000
PHILADELPHIA,2023,296,24.000000
PHILADELPHIA,2023,295,
PHILADELPHIA,2023,294,
PHILADELPHIA,2023,293,25.500000
PHILADELPHIA,2023,292,25.500000
PHILADELPHIA,2023,291,25.500000
PHILADELPHIA,2023,290,25.500000
PHILADELPHIA,2023,289,25.500000
PHILADELPHIA,2023,288,
PHILADELPHIA,2023,287,
PHILADELPHIA,2023,286,30.000000
PHILADELPHIA,2023,285,30.000000
PHILADELPHIA,2023,284,30.000000
PHILADELPHIA,2023,283,30.000000
PHILADELPHIA,2023,282,
PHILADELPHIA,2023,281,
PHILADELPHIA,2023,280,
PHILADELPHIA,2023,279,15.750000
PHILADELPHIA,2023,278,15.750000
PHILADELPHIA,2023,277,16.250000
PHILADELPHIA,2023,276,16.250000
PHILADELPHIA,2023,275,16.000000
PHILADELPHIA,2023,274,
PHILADELPHIA,2023,273,
PHILADELPHIA,2023,272,17.333333
PHILADELPHIA,2023,271,17.333333
PHILADELPHIA,2023,270,17.333333
PHILADELPHIA,2023,269,17.333333
PHILADELPHIA,2023,268,20.000000
PHILADELPHIA,2023,267,
PHILADELPHIA,2023,266,
PHILADELPHIA,2023,265,14.000000
PHILADELPHIA,2023,264,14.000000
PHILADELPHIA,2023,263,14.000000
PHILADELPHIA,2023,262,15.000000
PHILADELPHIA,2023,261,15.000000
PHILADELPHIA,2023,260,
PHILADELPHIA,2023,259,
PHILADELPHIA,2023,258,22.500000
PHILADELPHIA,2023,257,22.500000
PHILADELPHIA,2023,256,22.500000
PHILADELPHIA,2023,255,22.000000
PHILADELPHIA,2023,254,22.000000
PHILADELPHIA,2023,253,
PHILADELPHIA,2023,252,
PHILADELPHIA,2023,251,22.750000
PHILADELPHIA,2023,250,16.500000
PHILADELPHIA,2023,249,16.500000
PHILADELPHIA,2023,248,16.500000
PHILADELPHIA,2023,247,
PHILADELPHIA,2023,246,
PHILADELPHIA,2023,245,
PHILADELPHIA,2023,244,13.500000
PHILADELPHIA,2023,243,13.500000
PHILADELPHIA,2023,242,13.000000
PHILADELPHIA,2023,241,16.000000
PHILADELPHIA,2023,240,16.000000
PHILADELPHIA,2023,239,
PHILADELPHIA,2023,238,
PHILADELPHIA,2023,237,22.500000
PHILADELPHIA,2023,236,22.500000
PHILADELPHIA,2023,235,15.000000
PHILADELPHIA,2023,234,15.000000
PHILADELPHIA,2023,233,15.000000
PHILADELPHIA,2023,232,
PHILADELPHIA,2023,231,
PHILADELPHIA,2023,230,14.500000
PHILADELPHIA,2023,229,14.500000
PHILADELPHIA,2023,228,14.500000
PHILADELPHIA,2023,227,14.500000
PHILADELPHIA,2023,226,14.500000
PHILADELPHIA,2023,225,
PHILADELPHIA,2023,224,
PHILADELPHIA,2023,223,12.500000
PHILADELPHIA,2023,222,12.500000
PHILADELPHIA,2023,221,15.500000
PHILADELPHIA,2023,220,15.500000
PHILADELPHIA,2023,219,15.500000
PHILADELPHIA,2023,218,
PHILADELPHIA,2023,217,
PHILADELPHIA,2023,216,18.500000
PHILADELPHIA,2023,215,23.500000
PHILADELPHIA,2023,214,23.500000
PHILADELPHIA,2023,213,23.500000
PHILADELPHIA,2023,212,23.500000
PHILADELPHIA,2023,211,
PHILADELPHIA,2023,210,
PHILADELPHIA,2023,209,19.500000
PHILADELPHIA,2023,208,19.500000
PHILADELPHIA,2023,207,17.000000
PHILADELPHIA,2023,206,19.000000
PHILADELPHIA,2023,205,19.000000
PHILADELPHIA,2023,204,
PHILADELPHIA,2023,203,
PHILADELPHIA,2023,202,19.000000
PHILADELPHIA,2023,201,19.000000
PHILADELPHIA,2023,200,19.000000
PHILADELPHIA,2023,199,17.000000
PHILADELPHIA,2023,198,17.000000
PHILADELPHIA,2023,197,
PHILADELPHIA,2023,196,
PHILADELPHIA,2023,195,19.500000
PHILADELPHIA,2023,194,18.000000
PHILADELPHIA,2023,193,31.333333
PHILADELPHIA,2023,192,31.666666
PHILADELPHIA,2023,191,17.000000
PHILADELPHIA,2023,190,
PHILADELPHIA,2023,189,
PHILADELPHIA,2023,188,25.000000
PHILADELPHIA,2023,187,25.000000
PHILADELPHIA,2023,186,25.000000
PHILADELPHIA,2023,185,
PHILADELPHIA,2023,184,25.000000
PHILADELPHIA,2023,183,
PHILADELPHIA,2023,182,
PHILADELPHIA,2023,181,20.000000
PHILADELPHIA,2023,180,23.500000
PHILADELPHIA,2023,179,25.000000
PHILADELPHIA,2023,178,25.000000
PHILADELPHIA,2023,177,25.000000
PHILADELPHIA,2023,176,
PHILADELPHIA,2023,175,
PHILADELPHIA,2023,174,25.000000
PHILADELPHIA,2023,173,28.000000
PHILADELPHIA,2023,172,28.000000
PHILADELPHIA,2023,171,28.000000
PHILADELPHIA,2023,170,
PHILADELPHIA,2023,169,
PHILADELPHIA,2023,168,
PHILADELPHIA,2023,167,21.500000
PHILADELPHIA,2023,166,19.000000
PHILADELPHIA,2023,165,22.000000
PHILADELPHIA,2023,164,22.000000
PHILADELPHIA,2023,163,22.000000
PHILADELPHIA,2023,162,
PHILADELPHIA,2023,161,
PHILADELPHIA,2023,160,23.000000
PHILADELPHIA,2023,159,23.000000
PHILADELPHIA,2023,158,25.500000
PHILADELPHIA,2023,157,25.500000
PHILADELPHIA,2023,156,25.250000
PHILADELPHIA,2023,155,
PHILADELPHIA,2023,154,
PHILADELPHIA,2023,153,25.500000
PHILADELPHIA,2023,152,25.500000
PHILADELPHIA,2023,151,25.500000
PHILADELPHIA,2023,150,25.500000
PHILADELPHIA,2023,149,
PHILADELPHIA,2023,148,
PHILADELPHIA,2023,147,
PHILADELPHIA,2023,146,25.500000
PHILADELPHIA,2023,145,25.500000
PHILADELPHIA,2023,144,25.000000
PHILADELPHIA,2023,143,25.000000
PHILADELPHIA,2023,142,25.000000
PHILADELPHIA,2023,141,
PHILADELPHIA,2023,140,
PHILADELPHIA,2023,139,22.500000
PHILADELPHIA,2023,138,22.500000
PHILADELPHIA,2023,137,22.500000
PHILADELPHIA,2023,136,22.500000
PHILADELPHIA,2023,135,22.500000
PHILADELPHIA,2023,134,
PHILADELPHIA,2023,133,
PHILADELPHIA,2023,132,19.000000
PHILADELPHIA,2023,131,19.000000
PHILADELPHIA,2023,130,19.000000
PHILADELPHIA,2023,129,18.000000
PHILADELPHIA,2023,128,18.000000
PHILADELPHIA,2023,127,
PHILADELPHIA,2023,126,
PHILADELPHIA,2023,125,19.000000
PHILADELPHIA,2023,124,19.000000
PHILADELPHIA,2023,123,18.000000
PHILADELPHIA,2023,122,18.000000
PHILADELPHIA,2023,121,18.000000
PHILADELPHIA,2023,120,
PHILADELPHIA,2023,119,
PHILADELPHIA,2023,118,18.000000
PHILADELPHIA,2023,117,18.000000
PHILADELPHIA,2023,116,18.000000
PHILADELPHIA,2023,115,20.000000
PHILADELPHIA,2023,114,20.000000
PHILADELPHIA,2023,113,
PHILADELPHIA,2023,112,
PHILADELPHIA,2023,111,23.000000
PHILADELPHIA,2023,110,24.666666
PHILADELPHIA,2023,109,24.666666
PHILADELPHIA,2023,108,23.500000
PHILADELPHIA,2023,107,21.000000
PHILADELPHIA,2023,106,
PHILADELPHIA,2023,105,
PHILADELPHIA,2023,104,18.000000
PHILADELPHIA,2023,103,18.000000
PHILADELPHIA,2023,102,18.000000
PHILADELPHIA,2023,101,18.000000
PHILADELPHIA,2023,100,
PHILADELPHIA,2023,99,
PHILADELPHIA,2023,98,
PHILADELPHIA,2023,97,19.666666
PHILADELPHIA,2023,96,19.666666
PHILADELPHIA,2023,95,19.666666
PHILADELPHIA,2023,94,19.666666
PHILADELPHIA,2023,93,17.500000
PHILADELPHIA,2023,92,
PHILADELPHIA,2023,91,
PHILADELPHIA,2023,90,18.000000
PHILADELPHIA,2023,89,18.000000
PHILADELPHIA,2023,88,18.000000
PHILADELPHIA,2023,87,18.000000
PHILADELPHIA,2023,86,19.500000
PHILADELPHIA,2023,85,
PHILADELPHIA,2023,84,
PHILADELPHIA,2023,83,18.166666
PHILADELPHIA,2023,82,18.500000
PHILADELPHIA,2023,81,23.125000
PHILADELPHIA,2023,80,23.125000
PHILADELPHIA,2023,79,24.333333
PHILADELPHIA,2023,78,
PHILADELPHIA,2023,77,
PHILADELPHIA,2023,76,24.666666
PHILADELPHIA,2023,75,24.666666
PHILADELPHIA,2023,74,24.666666
PHILADELPHIA,2023,73,20.500000
PHILADELPHIA,2023,72,20.500000
PHILADELPHIA,2023,71,
PHILADELPHIA,2023,70,
PHILADELPHIA,2023,69,24.000000
PHILADELPHIA,2023,68,24.000000
PHILADELPHIA,2023,67,24.000000
PHILADELPHIA,2023,66,24.000000
PHILADELPHIA,2023,65,24.000000
PHILADELPHIA,2023,64,
PHILADELPHIA,2023,63,
PHILADELPHIA,2023,62,23.000000
PHILADELPHIA,2023,61,20.500000
PHILADELPHIA,2023,60,19.500000
PHILADELPHIA,2023,59,19.500000
PHILADELPHIA,2023,58,19.500000
PHILADELPHIA,2023,57,
PHILADELPHIA,2023,56,
PHILADELPHIA,2023,55,32.250000
PHILADELPHIA,2023,54,32.250000
PHILADELPHIA,2023,53,32.250000
PHILADELPHIA,2023,52,32.250000
PHILADELPHIA,2023,51,
PHILADELPHIA,2023,50,
PHILADELPHIA,2023,49,
PHILADELPHIA,2023,48,36.000000
PHILADELPHIA,2023,47,36.000000
PHILADELPHIA,2023,46,36.000000
PHILADELPHIA,2023,45,36.000000
PHILADELPHIA,2023,44,36.500000
PHILADELPHIA,2023,43,
PHILADELPHIA,2023,42,
PHILADELPHIA,2023,41,35.375000
PHILADELPHIA,2023,40,35.375000
PHILADELPHIA,2023,39,35.375000
PHILADELPHIA,2023,38,35.375000
PHILADELPHIA,2023,37,33.833333
PHILADELPHIA,2023,36,
PHILADELPHIA,2023,35,
PHILADELPHIA,2023,34,34.500000
PHILADELPHIA,2023,33,34.000000
PHILADELPHIA,2023,32,34.000000
PHILADELPHIA,2023,31,33.000000
PHILADELPHIA,2023,30,35.000000
PHILADELPHIA,2023,29,
PHILADELPHIA,2023,28,
PHILADELPHIA,2023,27,41.250000
PHILADELPHIA,2023,26,41.250000
PHILADELPHIA,2023,25,42.250000
PHILADELPHIA,2023,24,42.250000
PHILADELPHIA,2023,23,42.250000
PHILADELPHIA,2023,22,
PHILADELPHIA,2023,21,
PHILADELPHIA,2023,20,35.500000
PHILADELPHIA,2023,19,35.500000
PHILADELPHIA,2023,18,35.500000
PHILADELPHIA,2023,17,35.500000
PHILADELPHIA,2023,16,
PHILADELPHIA,2023,15,
PHILADELPHIA,2023,14,
PHILADELPHIA,2023,13,39.000000
PHILADELPHIA,2023,12,39.000000
PHILADELPHIA,2023,11,43.000000
PHILADELPHIA,2023,10,43.000000
PHILADELPHIA,2023,9,40.000000
PHILADELPHIA,2023,8,
PHILADELPHIA,2023,7,
PHILADELPHIA,2023,6,48.000000
PHILADELPHIA,2023,5,48.000000
PHILADELPHIA,2023,4,37.000000
PHILADELPHIA,2023,3,39.000000
PHILADELPHIA,2023,2,
BALTIMORE,2022,366,
BALTIMORE,2022,365,
BALTIMORE,2022,364,47.000000
BALTIMORE,2022,363,47.000000
BALTIMORE,2022,362,44.000000
BALTIMORE,2022,361,36.000000
BALTIMORE,2022,360,
BALTIMORE,2022,359,
BALTIMORE,2022,358,
BALTIMORE,2022,357,36.000000
BALTIMORE,2022,356,36.000000
BALTIMORE,2022,355,36.000000
BALTIMORE,2022,354,36.000000
BALTIMORE,2022,353,36.000000
BALTIMORE,2022,352,
BALTIMORE,2022,351,
BALTIMORE,2022,350,40.000000
BALTIMORE,2022,349,40.000000
BALTIMORE,2022,348,40.000000
BALTIMORE,2022,347,36.500000
BALTIMORE,2022,346,36.500000
BALTIMORE,2022,345,
BALTIMORE,2022,344,
BALTIMORE,2022,343,36.500000
BALTIMORE,2022,342,36.500000
BALTIMORE,2022,341,36.500000
BALTIMORE,2022,340,36.500000
BALTIMORE,2022,339,36.500000
BALTIMORE,2022,338,
BALTIMORE,2022,337,
BALTIMORE,2022,336,36.500000
BALTIMORE,2022,335,36.500000
BALTIMORE,2022,334,36.500000
BALTIMORE,2022,333,36.500000
BALTIMORE,2022,332,36.500000
BALTIMORE,2022,331,
BALTIMORE,2022,330,
BALTIMORE,2022,329,29.500000
BALTIMORE,2022,328,
BALTIMORE,2022,327,38.500000
BALTIMORE,2022,326,38.500000
BALTIMORE,2022,325,38.500000
BALTIMORE,2022,324,
BALTIMORE,2022,323,
BALTIMORE,2022,322,38.500000
BALTIMORE,2022,321,38.500000
BALTIMORE,2022,320,38.000000
BALTIMORE,2022,319,37.500000
BALTIMORE,2022,318,33.500000
BALTIMORE,2022,317,
BALTIMORE,2022,316,
BALTIMORE,2022,315,
BALTIMORE,2022,314,33.500000
BALTIMORE,2022,313,35.000000
BALTIMORE,2022,312,35.000000
BALTIMORE,2022,311,35.000000
BALTIMORE,2022,310,
BALTIMORE,2022,309,
BALTIMORE,2022,308,35.000000
BALTIMORE,2022,307,35.000000
BALTIMORE,2022,306,35.000000
BALTIMORE,2022,305,35.000000
BALTIMORE,2022,304,35.000000
BALTIMORE,2022,303,
BALTIMORE,2022,302,
BALTIMORE,2022,301,35.000000
BALTIMORE,2022,300,35.000000
BALTIMORE,2022,299,22.500000
BALTIMORE,2022,298,27.500000
BALTIMORE,2022,297,27.500000
BALTIMORE,2022,296,
BALTIMORE,2022,295,
BALTIMORE,2022,294,27.500000
BALTIMORE,2022,293,27.500000
BALTIMORE,2022,292,27.500000
BALTIMORE,2022,291,27.500000
BALTIMORE,2022,290,27.500000
BALTIMORE,2022,289,
BALTIMORE,2022,288,
BALTIMORE,2022,287,25.000000
BALTIMORE,2022,286,25.000000
BALTIMORE,2022,285,25.000000
BALTIMORE,2022,284,25.000000
BALTIMORE,2022,283,
BALTIMORE,2022,282,
BALTIMORE,2022,281,
BALTIMORE,2022,280,25.000000
BALTIMORE,2022,279,25.000000
BALTIMORE,2022,278,22.500000
BALTIMORE,2022,277,22.500000
BALTIMORE,2022,276,22.500000
BALTIMORE,2022,275,
BALTIMORE,2022,274,
BALTIMORE,2022,273,20.500000
BALTIMORE,2022,272,
BALTIMORE,2022,271,
BALTIMORE,2022,270,
BALTIMORE,2022,269,
BALTIMORE,2022,268,
BALTIMORE,2022,267,
BALTIMORE,2022,266,
BALTIMORE,2022,265,
BALTIMORE,2022,264,
BALTIMORE,2022,263,
BALTIMORE,2022,262,
BALTIMORE,2022,261,
BALTIMORE,2022,260,
BALTIMORE,2022,259,
BALTIMORE,2022,258,17.000000
BALTIMORE,2022,257,17.000000
BALTIMORE,2022,256,17.000000
BALTIMORE,2022,255,17.000000
BALTIMORE,2022,254,
BALTIMORE,2022,253,
BALTIMORE,2022,252,17.000000
BALTIMORE,2022,251,17.000000
BALTIMORE,2022,250,17.000000
BALTIMORE,2022,249,17.000000
BALTIMORE,2022,248,
BALTIMORE,2022,247,
BALTIMORE,2022,246,
BALTIMORE,2022,245,17.000000
BALTIMORE,2022,244,17.000000
BALTIMORE,2022,243,17.000000
BALTIMORE,2022,242,17.000000
BALTIMORE,2022,241,17.000000
BALTIMORE,2022,240,
BALTIMORE,2022,239,
BALTIMORE,2022,238,17.000000
BALTIMORE,2022,237,17.000000
BALTIMORE,2022,236,17.000000
BALTIMORE,2022,235,17.000000
BALTIMORE,2022,234,17.000000
BALTIMORE,2022,233,
BALTIMORE,2022,232,
BALTIMORE,2022,231,23.750000
BALTIMORE,2022,230,17.500000
BALTIMORE,2022,229,17.250000
BALTIMORE,2022,228,18.000000
BALTIMORE,2022,227,18.000000
BALTIMORE,2022,226,
BALTIMORE,2022,225,
BALTIMORE,2022,224,21.000000
BALTIMORE,2022,223,21.000000
BALTIMORE,2022,222,21.000000
BALTIMORE,2022,221,21.000000
BALTIMORE,2022,220,21.000000
BALTIMORE,2022,219,
BALTIMORE,2022,218,
BALTIMORE,2022,217,23.500000
BALTIMORE,2022,216,23.500000
BALTIMORE,2022,215,25.750000
BALTIMORE,2022,214,27.750000
BALTIMORE,2022,213,27.750000
BALTIMORE,2022,212,
BALTIMORE,2022,211,
BALTIMORE,2022,210,27.500000
BALTIMORE,2022,209,27.500000
BALTIMORE,2022,208,27.500000
BALTIMORE,2022,207,27.500000
BALTIMORE,2022,206,29.250000
BALTIMORE,2022,205,
BALTIMORE,2022,204,
BALTIMORE,2022,203,40.000000
BALTIMORE,2022,202,40.000000
BALTIMORE,2022,201,35.000000
BALTIMORE,2022,200,35.000000
BALTIMORE,2022,199,35.000000
BALTIMORE,2022,198,
BALTIMORE,2022,197,
BALTIMORE,2022,196,31.500000
BALTIMORE,2022,195,31.500000
BALTIMORE,2022,194,34.500000
BALTIMORE,2022,193,34.500000
BALTIMORE,2022,192,34.500000
BALTIMORE,2022,191,
BALTIMORE,2022,190,
BALTIMORE,2022,189,38.750000
BALTIMORE,2022,188,32.000000
BALTIMORE,2022,187,32.000000
BALTIMORE,2022,186,26.000000
BALTIMORE,2022,185,
BALTIMORE,2022,184,
BALTIMORE,2022,183,
BALTIMORE,2022,182,26.000000
BALTIMORE,2022,181,26.000000
BALTIMORE,2022,180,27.000000
BALTIMORE,2022,179,27.000000
BALTIMORE,2022,178,27.000000
BALTIMORE,2022,177,
BALTIMORE,2022,176,
BALTIMORE,2022,175,26.000000
BALTIMORE,2022,174,26.000000
BALTIMORE,2022,173,26.000000
BALTIMORE,2022,172,26.000000
BALTIMORE,2022,171,
BALTIMORE,2022,170,
BALTIMORE,2022,169,
BALTIMORE,2022,168,43.000000
BALTIMORE,2022,167,43.000000
BALTIMORE,2022,166,43.000000
BALTIMORE,2022,165,43.000000
BALTIMORE,2022,164,43.000000
BALTIMORE,2022,163,
BALTIMORE,2022,162,
BALTIMORE,2022,161,43.000000
BALTIMORE,2022,160,43.000000
BALTIMORE,2022,159,43.000000
BALTIMORE,2022,158,43.000000
BALTIMORE,2022,157,43.000000
BALTIMORE,2022,156,
BALTIMORE,2022,155,
BALTIMORE,2022,154,40.750000
BALTIMORE,2022,153,40.750000
BALTIMORE,2022,152,40.750000
BALTIMORE,2022,151,48.500000
BALTIMORE,2022,150,
BALTIMORE,2022,149,
BALTIMORE,2022,148,
BALTIMORE,2022,147,47.500000
BALTIMORE,2022,146,45.000000
BALTIMORE,2022,145,45.500000
BALTIMORE,2022,144,45.500000
BALTIMORE,2022,143,45.500000
BALTIMORE,2022,142,
BALTIMORE,2022,141,
BALTIMORE,2022,140,49.000000
BALTIMORE,2022,139,49.000000
BALTIMORE,2022,138,49.000000
BALTIMORE,2022,137,47.500000
BALTIMORE,2022,136,47.500000
BALTIMORE,2022,135,
BALTIMORE,2022,134,
BALTIMORE,2022,133,41.250000
BALTIMORE,2022,132,41.250000
BALTIMORE,2022,131,41.250000
BALTIMORE,2022,130,41.250000
BALTIMORE,2022,129,41.250000
BALTIMORE,2022,128,
BALTIMORE,2022,127,
BALTIMORE,2022,126,41.500000
BALTIMORE,2022,125,41.500000
BALTIMORE,2022,124,41.500000
BALTIMORE,2022,123,41.500000
BALTIMORE,2022,122,41.500000
BALTIMORE,2022,121,
BALTIMORE,2022,120,
BALTIMORE,2022,119,52.000000
BALTIMORE,2022,118,52.000000
BALTIMORE,2022,117,55.000000
BALTIMORE,2022,116,55.000000
BALTIMORE,2022,115,43.500000
BALTIMORE,2022,114,
BALTIMORE,2022,113,
BALTIMORE,2022,112,34.000000
BALTIMORE,2022,111,34.000000
BALTIMORE,2022,110,35.000000
BALTIMORE,2022,109,35.500000
BALTIMORE,2022,108,35.500000
BALTIMORE,2022,107,
BALTIMORE,2022,106,
BALTIMORE,2022,105,33.500000
BALTIMORE,2022,104,33.500000
BALTIMORE,2022,103,33.500000
BALTIMORE,2022,102,33.500000
BALTIMORE,2022,101,33.500000
BALTIMORE,2022,100,
BALTIMORE,2022,99,
BALTIMORE,2022,98,28.750000
BALTIMORE,2022,97,28.750000
BALTIMORE,2022,96,28.750000
BALTIMORE,2022,95,28.750000
BALTIMORE,2022,94,28.750000
BALTIMORE,2022,93,
BALTIMORE,2022,92,
BALTIMORE,2022,91,32.000000
BALTIMORE,2022,90,32.000000
BALTIMORE,2022,89,
BALTIMORE,2022,88,
BALTIMORE,2022,87,
BALTIMORE,2022,86,
BALTIMORE,2022,85,
BALTIMORE,2022,84,
BALTIMORE,2022,83,
BALTIMORE,2022,82,31.000000
BALTIMORE,2022,81,24.000000
BALTIMORE,2022,80,26.000000
BALTIMORE,2022,79,
BALTIMORE,2022,78,
BALTIMORE,2022,77,24.000000
BALTIMORE,2022,76,24.000000
BALTIMORE,2022,75,24.500000
BALTIMORE,2022,74,24.500000
BALTIMORE,2022,73,24.500000
BALTIMORE,2022,72,
BALTIMORE,2022,71,
BALTIMORE,2022,70,26.750000
BALTIMORE,2022,69,26.750000
BALTIMORE,2022,68,26.500000
BALTIMORE,2022,67,26.500000
BALTIMORE,2022,66,26.500000
BALTIMORE,2022,65,
BALTIMORE,2022,64,
BALTIMORE,2022,63,31.000000
BALTIMORE,2022,62,28.000000
BALTIMORE,2022,61,25.500000
BALTIMORE,2022,60,25.500000
BALTIMORE,2022,59,25.500000
BALTIMORE,2022,58,
BALTIMORE,2022,57,
BALTIMORE,2022,56,25.240000
BALTIMORE,2022,55,25.240000
BALTIMORE,2022,54,25.240000
BALTIMORE,2022,53,25.240000
BALTIMORE,2022,52,
BALTIMORE,2022,51,
BALTIMORE,2022,50,
BALTIMORE,2022,49,25.250000
BALTIMORE,2022,48,25.250000
BALTIMORE,2022,47,25.250000
BALTIMORE,2022,46,25.250000
BALTIMORE,2022,45,25.250000
BALTIMORE,2022,44,
BALTIMORE,2022,43,
BALTIMORE,2022,42,25.250000
BALTIMORE,2022,41,25.250000
BALTIMORE,2022,40,25.250000
BALTIMORE,2022,39,25.250000
BALTIMORE,2022,38,25.250000
BALTIMORE,2022,37,
BALTIMORE,2022,36,
BALTIMORE,2022,35,31.875000
BALTIMORE,2022,34,28.583333
BALTIMORE,2022,33,28.500000
BALTIMORE,2022,32,28.500000
BALTIMORE,2022,31,28.500000
BALTIMORE,2022,30,
BALTIMORE,2022,29,
BALTIMORE,2022,28,30.500000
BALTIMORE,2022,27,30.500000
BALTIMORE,2022,26,33.000000
BALTIMORE,2022,25,33.000000
BALTIMORE,2022,24,28.000000
BALTIMORE,2022,23,
BALTIMORE,2022,22,
BALTIMORE,2022,21,32.500000
BALTIMORE,2022,20,32.500000
BALTIMORE,2022,19,26.250000
BALTIMORE,2022,18,26.250000
BALTIMORE,2022,17,
BALTIMORE,2022,16,
BALTIMORE,2022,15,
BALTIMORE,2022,14,27.750000
BALTIMORE,2022,13,27.750000
BALTIMORE,2022,12,30.000000
BALTIMORE,2022,11,30.000000
BALTIMORE,2022,10,36.000000
BALTIMORE,2022,9,
BALTIMORE,2022,8,
BALTIMORE,2022,7,30.000000
BALTIMORE,2022,6,31.000000
BALTIMORE,2022,5,38.000000
BALTIMORE,2022,4,31.500000
BALTIMORE,2022,3,38.000000
BALTIMORE,2022,2,
CHICAGO,2022,366,
CHICAGO,2022,365,
CHICAGO,2022,364,32.500000
CHICAGO,2022,363,30.000000
CHICAGO,2022,362,30.000000
CHICAGO,2022,361,30.000000
CHICAGO,2022,360,
CHICAGO,2022,359,
CHICAGO,2022,358,
CHICAGO,2022,357,30.000000
CHICAGO,2022,356,30.000000
CHICAGO,2022,355,30.000000
CHICAGO,2022,354,30.000000
CHICAGO,2022,353,30.000000
CHICAGO,2022,352,
CHICAGO,2022,351,
CHICAGO,2022,350,30.000000
CHICAGO,2022,349,30.000000
CHICAGO,2022,348,30.000000
CHICAGO,2022,347,27.000000
CHICAGO,2022,346,27.000000
CHICAGO,2022,345,
CHICAGO,2022,344,
CHICAGO,2022,343,27.000000
CHICAGO,2022,342,27.000000
CHICAGO,2022,341,27.000000
CHICAGO,2022,340,27.000000
CHICAGO,2022,339,27.000000
CHICAGO,2022,338,
CHICAGO,2022,337,
CHICAGO,2022,336,27.000000
CHICAGO,2022,335,27.000000
CHICAGO,2022,334,27.000000
CHICAGO,2022,333,27.000000
CHICAGO,2022,332,27.000000
CHICAGO,2022,331,
CHICAGO,2022,330,
CHICAGO,2022,329,
CHICAGO,2022,328,
CHICAGO,2022,327,27.000000
CHICAGO,2022,326,27.000000
CHICAGO,2022,325,27.000000
CHICAGO,2022,324,
CHICAGO,2022,323,
CHICAGO,2022,322,27.000000
CHICAGO,2022,321,27.000000
CHICAGO,2022,320,27.000000
CHICAGO,2022,319,27.000000
CHICAGO,2022,318,27.000000
CHICAGO,2022,317,
CHICAGO,2022,316,
CHICAGO,2022,315,
CHICAGO,2022,314,27.000000
CHICAGO,2022,313,27.000000
CHICAGO,2022,312,27.000000
CHICAGO,2022,311,27.000000
CHICAGO,2022,310,
CHICAGO,2022,309,
CHICAGO,2022,308,27.000000
CHICAGO,2022,307,27.000000
CHICAGO,2022,306,27.000000
CHICAGO,2022,305,27.000000
CHICAGO,2022,304,27.000000
CHICAGO,2022,303,
CHICAGO,2022,302,
CHICAGO,2022,301,27.000000
CHICAGO,2022,300,27.000000
CHICAGO,2022,299,17.000000
CHICAGO,2022,298,17.000000
CHICAGO,2022,297,17.000000
CHICAGO,2022,296,
CHICAGO,2022,295,
CHICAGO,2022,294,17.000000
CHICAGO,2022,293,17.000000
CHICAGO,2022,292,17.000000
CHICAGO,2022,291,17.000000
CHICAGO,2022,290,17.000000
CHICAGO,2022,289,
CHICAGO,2022,288,
CHICAGO,2022,287,17.000000
CHICAGO,2022,286,17.000000
CHICAGO,2022,285,17.000000
CHICAGO,2022,284,17.000000
CHICAGO,2022,283,
CHICAGO,2022,282,
CHICAGO,2022,281,
CHICAGO,2022,280,17.000000
CHICAGO,2022,279,17.000000
CHICAGO,2022,278,17.000000
CHICAGO,2022,277,17.000000
CHICAGO,2022,276,17.000000
CHICAGO,2022,275,
CHICAGO,2022,274,
CHICAGO,2022,273,17.000000
CHICAGO,2022,272,17.000000
CHICAGO,2022,271,17.000000
CHICAGO,2022,270,17.000000
CHICAGO,2022,269,17.000000
CHICAGO,2022,268,
CHICAGO,2022,267,
CHICAGO,2022,266,17.000000
CHICAGO,2022,265,17.000000
CHICAGO,2022,264,17.000000
CHICAGO,2022,263,17.000000
CHICAGO,2022,262,17.000000
CHICAGO,2022,261,
CHICAGO,2022,260,
CHICAGO,2022,259,17.000000
CHICAGO,2022,258,17.000000
CHICAGO,2022,257,17.000000
CHICAGO,2022,256,17.000000
CHICAGO,2022,255,17.000000
CHICAGO,2022,254,
CHICAGO,2022,253,
CHICAGO,2022,252,17.000000
CHICAGO,2022,251,20.000000
CHICAGO,2022,250,20.000000
CHICAGO,2022,249,20.000000
CHICAGO,2022,248,
CHICAGO,2022,247,
CHICAGO,2022,246,
CHICAGO,2022,245,20.000000
CHICAGO,2022,244,20.000000
CHICAGO,2022,243,20.000000
CHICAGO,2022,242,20.000000
CHICAGO,2022,241,20.000000
CHICAGO,2022,240,
CHICAGO,2022,239,
CHICAGO,2022,238,20.000000
CHICAGO,2022,237,20.000000
CHICAGO,2022,236,20.000000
CHICAGO,2022,235,20.000000
CHICAGO,2022,234,20.000000
CHICAGO,2022,233,
CHICAGO,2022,232,
CHICAGO,2022,231,20.000000
CHICAGO,2022,230,20.000000
CHICAGO,2022,229,20.000000
CHICAGO,2022,228,20.000000
CHICAGO,2022,227,20.000000
CHICAGO,2022,226,
CHICAGO,2022,225,
CHICAGO,2022,224,20.000000
CHICAGO,2022,223,20.000000
CHICAGO,2022,222,20.000000
CHICAGO,2022,221,20.000000
CHICAGO,2022,220,20.000000
CHICAGO,2022,219,
CHICAGO,2022,218,
CHICAGO,2022,217,21.000000
CHICAGO,2022,216,21.000000
CHICAGO,2022,215,21.000000
CHICAGO,2022,214,21.000000
CHICAGO,2022,213,
CHICAGO,2022,212,
CHICAGO,2022,211,
CHICAGO,2022,210,
CHICAGO,2022,209,
CHICAGO,2022,208,
CHICAGO,2022,207,
CHICAGO,2022,206,17.000000
CHICAGO,2022,205,
CHICAGO,2022,204,
CHICAGO,2022,203,17.000000
CHICAGO,2022,202,17.000000
CHICAGO,2022,201,17.000000
CHICAGO,2022,200,17.000000
CHICAGO,2022,199,17.000000
CHICAGO,2022,198,
CHICAGO,2022,197,
CHICAGO,2022,196,17.000000
CHICAGO,2022,195,17.000000
CHICAGO,2022,194,17.000000
CHICAGO,2022,193,17.000000
CHICAGO,2022,192,17.000000
CHICAGO,2022,191,
CHICAGO,2022,190,
CHICAGO,2022,189,17.000000
CHICAGO,2022,188,17.000000
CHICAGO,2022,187,17.000000
CHICAGO,2022,186,17.000000
CHICAGO,2022,185,
CHICAGO,2022,184,
CHICAGO,2022,183,
CHICAGO,2022,182,17.000000
CHICAGO,2022,181,17.000000
CHICAGO,2022,180,17.000000
CHICAGO,2022,179,17.000000
CHICAGO,2022,178,
CHICAGO,2022,177,
CHICAGO,2022,176,
CHICAGO,2022,175,
CHICAGO,2022,174,
CHICAGO,2022,173,
CHICAGO,2022,172,
CHICAGO,2022,171,
CHICAGO,2022,170,
CHICAGO,2022,169,
CHICAGO,2022,168,
CHICAGO,2022,167,
CHICAGO,2022,166,
CHICAGO,2022,165,
CHICAGO,2022,164,
CHICAGO,2022,163,
CHICAGO,2022,162,
CHICAGO,2022,161,
CHICAGO,2022,160,
CHICAGO,2022,159,
CHICAGO,2022,158,
CHICAGO,2022,157,
CHICAGO,2022,156,
CHICAGO,2022,155,
CHICAGO,2022,154,
CHICAGO,2022,153,
CHICAGO,2022,152,
CHICAGO,2022,151,
CHICAGO,2022,150,
CHICAGO,2022,149,
CHICAGO,2022,148,
CHICAGO,2022,147,
CHICAGO,2022,146,
CHICAGO,2022,145,
CHICAGO,2022,144,
CHICAGO,2022,143,
CHICAGO,2022,142,
CHICAGO,2022,141,
CHICAGO,2022,140,
CHICAGO,2022,139,
CHICAGO,2022,138,
CHICAGO,2022,137,
CHICAGO,2022,136,
CHICAGO,2022,135,
CHICAGO,2022,134,
CHICAGO,2022,133,
CHICAGO,2022,132,
CHICAGO,2022,131,
CHICAGO,2022,130,
CHICAGO,2022,129,
CHICAGO,2022,128,
CHICAGO,2022,127,
CHICAGO,2022,126,
CHICAGO,2022,125,
CHICAGO,2022,124,
CHICAGO,2022,123,
CHICAGO,2022,122,
CHICAGO,2022,121,
CHICAGO,2022,120,
CHICAGO,2022,119,
CHICAGO,2022,118,
CHICAGO,2022,117,
CHICAGO,2022,116,
CHICAGO,2022,115,
CHICAGO,2022,114,
CHICAGO,2022,113,
CHICAGO,2022,112,
CHICAGO,2022,111,
CHICAGO,2022,110,
CHICAGO,2022,109,
CHICAGO,2022,108,
CHICAGO,2022,107,
CHICAGO,2022,106,
CHICAGO,2022,105,
CHICAGO,2022,104,
CHICAGO,2022,103,
CHICAGO,2022,102,
CHICAGO,2022,101,
CHICAGO,2022,100,
CHICAGO,2022,99,
CHICAGO,2022,98,
CHICAGO,2022,97,
CHICAGO,2022,96,
CHICAGO,2022,95,
CHICAGO,2022,94,
CHICAGO,2022,93,
CHICAGO,2022,92,
CHICAGO,2022,91,
CHICAGO,2022,90,
CHICAGO,2022,89,
CHICAGO,2022,88,
CHICAGO,2022,87,
CHICAGO,2022,86,
CHICAGO,2022,85,
CHICAGO,2022,84,
CHICAGO,2022,83,
CHICAGO,2022,82,
CHICAGO,2022,81,
CHICAGO,2022,80,
CHICAGO,2022,79,
CHICAGO,2022,78,
CHICAGO,2022,77,
CHICAGO,2022,76,
CHICAGO,2022,75,
CHICAGO,2022,74,
CHICAGO,2022,73,
CHICAGO,2022,72,
CHICAGO,2022,71,
CHICAGO,2022,70,
CHICAGO,2022,69,
CHICAGO,2022,68,
CHICAGO,2022,67,
CHICAGO,2022,66,
CHICAGO,2022,65,
CHICAGO,2022,64,
CHICAGO,2022,63,
CHICAGO,2022,62,
CHICAGO,2022,61,
CHICAGO,2022,60,
CHICAGO,2022,59,
CHICAGO,2022,58,
CHICAGO,2022,57,
CHICAGO,2022,56,
CHICAGO,2022,55,
CHICAGO,2022,54,
CHICAGO,2022,53,
CHICAGO,2022,52,
CHICAGO,2022,51,
CHICAGO,2022,50,
CHICAGO,2022,49,
CHICAGO,2022,48,
CHICAGO,2022,47,
CHICAGO,2022,46,
CHICAGO,2022,45,
CHICAGO,2022,44,
CHICAGO,2022,43,
CHICAGO,2022,42,
CHICAGO,2022,41,
CHICAGO,2022,40,
CHICAGO,2022,39,
CHICAGO,2022,38,
CHICAGO,2022,37,
CHICAGO,2022,36,
CHICAGO,2022,35,
CHICAGO,2022,34,
CHICAGO,2022,33,
CHICAGO,2022,32,
CHICAGO,2022,31,
CHICAGO,2022,30,
CHICAGO,2022,29,
CHICAGO,2022,28,
CHICAGO,2022,27,
CHICAGO,2022,26,
CHICAGO,2022,25,
CHICAGO,2022,24,
CHICAGO,2022,23,
CHICAGO,2022,22,
CHICAGO,2022,21,
CHICAGO,2022,20,18.500000
CHICAGO,2022,19,18.500000
CHICAGO,2022,18,18.500000
CHICAGO,2022,17,
CHICAGO,2022,16,
CHICAGO,2022,15,
CHICAGO,2022,14,18.500000
CHICAGO,2022,13,18.500000
CHICAGO,2022,12,18.500000
CHICAGO,2022,11,18.500000
CHICAGO,2022,10,18.500000
CHICAGO,2022,9,
CHICAGO,2022,8,
CHICAGO,2022,7,18.500000
CHICAGO,2022,6,18.500000
CHICAGO,2022,5,18.500000
CHICAGO,2022,4,18.500000
CHICAGO,2022,3,18.500000
CHICAGO,2022,2,
COLUMBIA,2022,366,
COLUMBIA,2022,365,
COLUMBIA,2022,364,
COLUMBIA,2022,363,
COLUMBIA,2022,362,
COLUMBIA,2022,361,
COLUMBIA,2022,360,
COLUMBIA,2022,359,
COLUMBIA,2022,358,
COLUMBIA,2022,357,
COLUMBIA,2022,356,
COLUMBIA,2022,355,
COLUMBIA,2022,354,
COLUMBIA,2022,353,
COLUMBIA,2022,352,
COLUMBIA,2022,351,
COLUMBIA,2022,350,
COLUMBIA,2022,349,
COLUMBIA,2022,348,
COLUMBIA,2022,347,
COLUMBIA,2022,346,
COLUMBIA,2022,345,
COLUMBIA,2022,344,
COLUMBIA,2022,343,
COLUMBIA,2022,342,
COLUMBIA,2022,341,
COLUMBIA,2022,340,
COLUMBIA,2022,339,
COLUMBIA,2022,338,
COLUMBIA,2022,337,
COLUMBIA,2022,336,
COLUMBIA,2022,335,
COLUMBIA,2022,334,
COLUMBIA,2022,333,
COLUMBIA,2022,332,
COLUMBIA,2022,331,
COLUMBIA,2022,330,
COLUMBIA,2022,329,
COLUMBIA,2022,328,
COLUMBIA,2022,327,
COLUMBIA,2022,326,
COLUMBIA,2022,325,
COLUMBIA,2022,324,
COLUMBIA,2022,323,
COLUMBIA,2022,322,
COLUMBIA,2022,321,
COLUMBIA,2022,320,
COLUMBIA,2022,319,
COLUMBIA,2022,318,
COLUMBIA,2022,317,
COLUMBIA,2022,316,
COLUMBIA,2022,315,
COLUMBIA,2022,314,
COLUMBIA,2022,313,
COLUMBIA,2022,312,
COLUMBIA,2022,311,
COLUMBIA,2022,310,
COLUMBIA,2022,309,
COLUMBIA,2022,308,
COLUMBIA,2022,307,
COLUMBIA,2022,306,
COLUMBIA,2022,305,
COLUMBIA,2022,304,
COLUMBIA,2022,303,
COLUMBIA,2022,302,
COLUMBIA,2022,301,
COLUMBIA,2022,300,
COLUMBIA,2022,299,
COLUMBIA,2022,298,
COLUMBIA,2022,297,
COLUMBIA,2022,296,
COLUMBIA,2022,295,
COLUMBIA,2022,294,
COLUMBIA,2022,293,
COLUMBIA,2022,292,
COLUMBIA,2022,291,
COLUMBIA,2022,290,
COLUMBIA,2022,289,
COLUMBIA,2022,288,
COLUMBIA,2022,287,
COLUMBIA,2022,286,
COLUMBIA,2022,285,
COLUMBIA,2022,284,
COLUMBIA,2022,283,
COLUMBIA,2022,282,
COLUMBIA,2022,281,
COLUMBIA,2022,280,
COLUMBIA,2022,279,
COLUMBIA,2022,278,
COLUMBIA,2022,277,
COLUMBIA,2022,276,
COLUMBIA,2022,275,
COLUMBIA,2022,274,
COLUMBIA,2022,273,
COLUMBIA,2022,272,
COLUMBIA,2022,271,
COLUMBIA,2022,270,
COLUMBIA,2022,269,
COLUMBIA,2022,268,
COLUMBIA,2022,267,
COLUMBIA,2022,266,
COLUMBIA,2022,265,
COLUMBIA,2022,264,
COLUMBIA,2022,263,
COLUMBIA,2022,262,
COLUMBIA,2022,261,
COLUMBIA,2022,260,
COLUMBIA,2022,259,
COLUMBIA,2022,258,
COLUMBIA,2022,257,
COLUMBIA,2022,256,
COLUMBIA,2022,255,
COLUMBIA,2022,254,
COLUMBIA,2022,253,
COLUMBIA,2022,252,
COLUMBIA,2022,251,
COLUMBIA,2022,250,
COLUMBIA,2022,249,
COLUMBIA,2022,248,
COLUMBIA,2022,247,
COLUMBIA,2022,246,
COLUMBIA,2022,245,
COLUMBIA,2022,244,
COLUMBIA,2022,243,
COLUMBIA,2022,242,
COLUMBIA,2022,241,
COLUMBIA,2022,240,
COLUMBIA,2022,239,
COLUMBIA,2022,238,
COLUMBIA,2022,237,
COLUMBIA,2022,236,
COLUMBIA,2022,235,
COLUMBIA,2022,234,
COLUMBIA,2022,233,
COLUMBIA,2022,232,
COLUMBIA,2022,231,
COLUMBIA,2022,230,
COLUMBIA,2022,229,
COLUMBIA,2022,228,
COLUMBIA,2022,227,
COLUMBIA,2022,226,
COLUMBIA,2022,225,
COLUMBIA,2022,224,
COLUMBIA,2022,223,
COLUMBIA,2022,222,
COLUMBIA,2022,221,
COLUMBIA,2022,220,
COLUMBIA,2022,219,
COLUMBIA,2022,218,
COLUMBIA,2022,217,
COLUMBIA,2022,216,
COLUMBIA,2022,215,
COLUMBIA,2022,214,
COLUMBIA,2022,213,
COLUMBIA,2022,212,
COLUMBIA,2022,211,
COLUMBIA,2022,210,
COLUMBIA,2022,209,
COLUMBIA,2022,208,
COLUMBIA,2022,207,
COLUMBIA,2022,206,
COLUMBIA,2022,205,
COLUMBIA,2022,204,
COLUMBIA,2022,203,
COLUMBIA,2022,202,
COLUMBIA,2022,201,
COLUMBIA,2022,200,
COLUMBIA,2022,199,
COLUMBIA,2022,198,
COLUMBIA,2022,197,
COLUMBIA,2022,196,
COLUMBIA,2022,195,
COLUMBIA,2022,194,
COLUMBIA,2022,193,
COLUMBIA,2022,192,
COLUMBIA,2022,191,
COLUMBIA,2022,190,
COLUMBIA,2022,189,
COLUMBIA,2022,188,
COLUMBIA,2022,187,
COLUMBIA,2022,186,
COLUMBIA,2022,185,
COLUMBIA,2022,184,
COLUMBIA,2022,183,
COLUMBIA,2022,182,
COLUMBIA,2022,181,
COLUMBIA,2022,180,
COLUMBIA,2022,179,
COLUMBIA,2022,178,
COLUMBIA,2022,177,
COLUMBIA,2022,176,
COLUMBIA,2022,175,
COLUMBIA,2022,174,
COLUMBIA,2022,173,
COLUMBIA,2022,172,
COLUMBIA,2022,171,
COLUMBIA,2022,170,
COLUMBIA,2022,169,
COLUMBIA,2022,168,
COLUMBIA,2022,167,
COLUMBIA,2022,166,
COLUMBIA,2022,165,
COLUMBIA,2022,164,
COLUMBIA,2022,163,
COLUMBIA,2022,162,
COLUMBIA,2022,161,
COLUMBIA,2022,160,
COLUMBIA,2022,159,
COLUMBIA,2022,158,
COLUMBIA,2022,157,
COLUMBIA,2022,156,
COLUMBIA,2022,155,
COLUMBIA,2022,154,25.000000
COLUMBIA,2022,153,25.000000
COLUMBIA,2022,152,25.000000
COLUMBIA,2022,151,25.000000
COLUMBIA,2022,150,
COLUMBIA,2022,149,
COLUMBIA,2022,148,
COLUMBIA,2022,147,25.000000
COLUMBIA,2022,146,25.000000
COLUMBIA,2022,145,25.000000
COLUMBIA,2022,144,25.000000
COLUMBIA,2022,143,25.000000
COLUMBIA,2022,142,
COLUMBIA,2022,141,
COLUMBIA,2022,140,25.000000
COLUMBIA,2022,139,25.000000
COLUMBIA,2022,138,25.000000
COLUMBIA,2022,137,25.000000
COLUMBIA,2022,136,25.000000
COLUMBIA,2022,135,
COLUMBIA,2022,134,
COLUMBIA,2022,133,25.000000
COLUMBIA,2022,132,25.000000
COLUMBIA,2022,131,25.000000
COLUMBIA,2022,130,
COLUMBIA,2022,129,25.000000
COLUMBIA,2022,128,
COLUMBIA,2022,127,
COLUMBIA,2022,126,25.000000
COLUMBIA,2022,125,25.000000
COLUMBIA,2022,124,25.000000
COLUMBIA,2022,123,25.000000
COLUMBIA,2022,122,25.000000
COLUMBIA,2022,121,
COLUMBIA,2022,120,
COLUMBIA,2022,119,25.000000
COLUMBIA,2022,118,25.000000
COLUMBIA,2022,117,25.000000
COLUMBIA,2022,116,25.000000
COLUMBIA,2022,115,25.000000
COLUMBIA,2022,114,
COLUMBIA,2022,113,
COLUMBIA,2022,112,25.000000
COLUMBIA,2022,111,25.000000
COLUMBIA,2022,110,25.000000
COLUMBIA,2022,109,25.000000
COLUMBIA,2022,108,25.000000
COLUMBIA,2022,107,
COLUMBIA,2022,106,
COLUMBIA,2022,105,25.000000
COLUMBIA,2022,104,25.000000
COLUMBIA,2022,103,25.000000
COLUMBIA,2022,102,25.000000
COLUMBIA,2022,101,25.000000
COLUMBIA,2022,100,
COLUMBIA,2022,99,
COLUMBIA,2022,98,25.000000
COLUMBIA,2022,97,25.000000
COLUMBIA,2022,96,25.000000
COLUMBIA,2022,95,25.000000
COLUMBIA,2022,94,25.000000
COLUMBIA,2022,93,
COLUMBIA,2022,92,
COLUMBIA,2022,91,25.000000
COLUMBIA,2022,90,25.000000
COLUMBIA,2022,89,25.000000
COLUMBIA,2022,88,25.000000
COLUMBIA,2022,87,25.000000
COLUMBIA,2022,86,
COLUMBIA,2022,85,
COLUMBIA,2022,84,25.000000
COLUMBIA,2022,83,25.000000
COLUMBIA,2022,82,25.000000
COLUMBIA,2022,81,25.000000
COLUMBIA,2022,80,
COLUMBIA,2022,79,
COLUMBIA,2022,78,
COLUMBIA,2022,77,25.000000
COLUMBIA,2022,76,25.000000
COLUMBIA,2022,75,25.000000
COLUMBIA,2022,74,
COLUMBIA,2022,73,
COLUMBIA,2022,72,
COLUMBIA,2022,71,
COLUMBIA,2022,70,
COLUMBIA,2022,69,
COLUMBIA,2022,68,
COLUMBIA,2022,67,
COLUMBIA,2022,66,
COLUMBIA,2022,65,
COLUMBIA,2022,64,
COLUMBIA,2022,63,
COLUMBIA,2022,62,
COLUMBIA,2022,61,
COLUMBIA,2022,60,
COLUMBIA,2022,59,
COLUMBIA,2022,58,
COLUMBIA,2022,57,
COLUMBIA,2022,56,
COLUMBIA,2022,55,
COLUMBIA,2022,54,
COLUMBIA,2022,53,
COLUMBIA,2022,52,
COLUMBIA,2022,51,
COLUMBIA,2022,50,
COLUMBIA,2022,49,
COLUMBIA,2022,48,
COLUMBIA,2022,47,
COLUMBIA,2022,46,
COLUMBIA,2022,45,
COLUMBIA,2022,44,
COLUMBIA,2022,43,
COLUMBIA,2022,42,
COLUMBIA,2022,41,
COLUMBIA,2022,40,
COLUMBIA,2022,39,
COLUMBIA,2022,38,
COLUMBIA,2022,37,
COLUMBIA,2022,36,
COLUMBIA,2022,35,
COLUMBIA,2022,34,
COLUMBIA,2022,33,
COLUMBIA,2022,32,
COLUMBIA,2022,31,
COLUMBIA,2022,30,
COLUMBIA,2022,29,
COLUMBIA,2022,28,
COLUMBIA,2022,27,
COLUMBIA,2022,26,
COLUMBIA,2022,25,
COLUMBIA,2022,24,
COLUMBIA,2022,23,
COLUMBIA,2022,22,
COLUMBIA,2022,21,
COLUMBIA,2022,20,
COLUMBIA,2022,19,
COLUMBIA,2022,18,
COLUMBIA,2022,17,
COLUMBIA,2022,16,
COLUMBIA,2022,15,
COLUMBIA,2022,14,
COLUMBIA,2022,13,
COLUMBIA,2022,12,
COLUMBIA,2022,11,
COLUMBIA,2022,10,
COLUMBIA,2022,9,
COLUMBIA,2022,8,
COLUMBIA,2022,7,
COLUMBIA,2022,6,
COLUMBIA,2022,5,
COLUMBIA,2022,4,
COLUMBIA,2022,3,
COLUMBIA,2022,2,
NEW YORK,2022,366,
NEW YORK,2022,365,
NEW YORK,2022,364,40.000000
NEW YORK,2022,363,40.000000
NEW YORK,2022,362,40.000000
NEW YORK,2022,361,40.000000
NEW YORK,2022,360,
NEW YORK,2022,359,
NEW YORK,2022,358,
NEW YORK,2022,357,
NEW YORK,2022,356,41.000000
NEW YORK,2022,355,39.000000
NEW YORK,2022,354,40.000000
NEW YORK,2022,353,40.000000
NEW YORK,2022,352,
NEW YORK,2022,351,
NEW YORK,2022,350,
NEW YORK,2022,349,31.000000
NEW YORK,2022,348,34.000000
NEW YORK,2022,347,35.333333
NEW YORK,2022,346,34.250000
NEW YORK,2022,345,
NEW YORK,2022,344,
NEW YORK,2022,343,35.166666
NEW YORK,2022,342,35.166666
NEW YORK,2022,341,37.000000
NEW YORK,2022,340,38.333333
NEW YORK,2022,339,41.750000
NEW YORK,2022,338,
NEW YORK,2022,337,
NEW YORK,2022,336,41.750000
NEW YORK,2022,335,39.000000
NEW YORK,2022,334,39.000000
NEW YORK,2022,333,40.000000
NEW YORK,2022,332,39.000000
NEW YORK,2022,331,
NEW YORK,2022,330,
NEW YORK,2022,329,
NEW YORK,2022,328,
NEW YORK,2022,327,35.500000
NEW YORK,2022,326,35.500000
NEW YORK,2022,325,40.000000
NEW YORK,2022,324,
NEW YORK,2022,323,
NEW YORK,2022,322,44.500000
NEW YORK,2022,321,41.000000
NEW YORK,2022,320,41.000000
NEW YORK,2022,319,35.500000
NEW YORK,2022,318,30.250000
NEW YORK,2022,317,
NEW YORK,2022,316,
NEW YORK,2022,315,
NEW YORK,2022,314,27.500000
NEW YORK,2022,313,27.500000
NEW YORK,2022,312,26.000000
NEW YORK,2022,311,23.500000
NEW YORK,2022,310,
NEW YORK,2022,309,
NEW YORK,2022,308,23.333333
NEW YORK,2022,307,23.333333
NEW YORK,2022,306,23.333333
NEW YORK,2022,305,23.500000
NEW YORK,2022,304,23.500000
NEW YORK,2022,303,
NEW YORK,2022,302,
NEW YORK,2022,301,23.333333
NEW YORK,2022,300,23.333333
NEW YORK,2022,299,22.000000
NEW YORK,2022,298,23.333333
NEW YORK,2022,297,24.000000
NEW YORK,2022,296,
NEW YORK,2022,295,
NEW YORK,2022,294,24.000000
NEW YORK,2022,293,24.000000
NEW YORK,2022,292,24.333333
NEW YORK,2022,291,24.333333
NEW YORK,2022,290,21.500000
NEW YORK,2022,289,
NEW YORK,2022,288,
NEW YORK,2022,287,22.000000
NEW YORK,2022,286,22.000000
NEW YORK,2022,285,22.333333
NEW YORK,2022,284,22.666666
NEW YORK,2022,283,
NEW YORK,2022,282,
NEW YORK,2022,281,
NEW YORK,2022,280,23.000000
NEW YORK,2022,279,23.000000
NEW YORK,2022,278,16.250000
NEW YORK,2022,277,16.250000
NEW YORK,2022,276,16.750000
NEW YORK,2022,275,
NEW YORK,2022,274,
NEW YORK,2022,273,21.000000
NEW YORK,2022,272,21.000000
NEW YORK,2022,271,21.333333
NEW YORK,2022,270,21.500000
NEW YORK,2022,269,21.500000
NEW YORK,2022,268,
NEW YORK,2022,267,
NEW YORK,2022,266,21.500000
NEW YORK,2022,265,21.500000
NEW YORK,2022,264,21.500000
NEW YORK,2022,263,21.500000
NEW YORK,2022,262,21.500000
NEW YORK,2022,261,
NEW YORK,2022,260,
NEW YORK,2022,259,19.250000
NEW YORK,2022,258,19.250000
NEW YORK,2022,257,19.250000
NEW YORK,2022,256,19.250000
NEW YORK,2022,255,20.375000
NEW YORK,2022,254,
NEW YORK,2022,253,
NEW YORK,2022,252,20.250000
NEW YORK,2022,251,20.250000
NEW YORK,2022,250,20.000000
NEW YORK,2022,249,19.750000
NEW YORK,2022,248,
NEW YORK,2022,247,
NEW YORK,2022,246,
NEW YORK,2022,245,19.750000
NEW YORK,2022,244,19.750000
NEW YORK,2022,243,19.750000
NEW YORK,2022,242,19.500000
NEW YORK,2022,241,19.500000
NEW YORK,2022,240,
NEW YORK,2022,239,
NEW YORK,2022,238,17.750000
NEW YORK,2022,237,17.750000
NEW YORK,2022,236,21.166666
NEW YORK,2022,235,21.166666
NEW YORK,2022,234,18.000000
NEW YORK,2022,233,
NEW YORK,2022,232,
NEW YORK,2022,231,21.333333
NEW YORK,2022,230,21.333333
NEW YORK,2022,229,17.000000
NEW YORK,2022,228,17.000000
NEW YORK,2022,227,17.000000
NEW YORK,2022,226,
NEW YORK,2022,225,
NEW YORK,2022,224,17.000000
NEW YORK,2022,223,17.000000
NEW YORK,2022,222,17.000000
NEW YORK,2022,221,17.000000
NEW YORK,2022,220,18.000000
NEW YORK,2022,219,
NEW YORK,2022,218,
NEW YORK,2022,217,16.666666
NEW YORK,2022,216,16.666666
NEW YORK,2022,215,17.000000
NEW YORK,2022,214,17.250000
NEW YORK,2022,213,17.500000
NEW YORK,2022,212,
NEW YORK,2022,211,
NEW YORK,2022,210,18.100000
NEW YORK,2022,209,18.100000
NEW YORK,2022,208,16.250000
NEW YORK,2022,207,19.000000
NEW YORK,2022,206,16.500000
NEW YORK,2022,205,
NEW YORK,2022,204,
NEW YORK,2022,203,27.000000
NEW YORK,2022,202,30.750000
NEW YORK,2022,201,32.500000
NEW YORK,2022,200,31.500000
NEW YORK,2022,199,35.500000
NEW YORK,2022,198,
NEW YORK,2022,197,
NEW YORK,2022,196,34.000000
NEW YORK,2022,195,32.333333
NEW YORK,2022,194,32.666666
NEW YORK,2022,193,29.500000
NEW YORK,2022,192,29.500000
NEW YORK,2022,191,
NEW YORK,2022,190,
NEW YORK,2022,189,25.000000
NEW YORK,2022,188,25.000000
NEW YORK,2022,187,25.500000
NEW YORK,2022,186,26.500000
NEW YORK,2022,185,
NEW YORK,2022,184,
NEW YORK,2022,183,
NEW YORK,2022,182,17.500000
NEW YORK,2022,181,17.500000
NEW YORK,2022,180,17.500000
NEW YORK,2022,179,17.500000
NEW YORK,2022,178,17.500000
NEW YORK,2022,177,
NEW YORK,2022,176,
NEW YORK,2022,175,17.500000
NEW YORK,2022,174,17.500000
NEW YORK,2022,173,13.333333
NEW YORK,2022,172,13.333333
NEW YORK,2022,171,
NEW YORK,2022,170,
NEW YORK,2022,169,
NEW YORK,2022,168,20.000000
NEW YORK,2022,167,20.000000
NEW YORK,2022,166,22.000000
NEW YORK,2022,165,24.000000
NEW YORK,2022,164,24.500000
NEW YORK,2022,163,
NEW YORK,2022,162,
NEW YORK,2022,161,23.500000
NEW YORK,2022,160,23.500000
NEW YORK,2022,159,26.000000
NEW YORK,2022,158,27.000000
NEW YORK,2022,157,27.333333
NEW YORK,2022,156,
NEW YORK,2022,155,
NEW YORK,2022,154,24.750000
NEW YORK,2022,153,33.000000
NEW YORK,2022,152,33.000000
NEW YORK,2022,151,33.000000
NEW YORK,2022,150,
NEW YORK,2022,149,
NEW YORK,2022,148,
NEW YORK,2022,147,38.000000
NEW YORK,2022,146,38.000000
NEW YORK,2022,145,38.000000
NEW YORK,2022,144,38.000000
NEW YORK,2022,143,38.000000
NEW YORK,2022,142,
NEW YORK,2022,141,
NEW YORK,2022,140,38.000000
NEW YORK,2022,139,38.000000
NEW YORK,2022,138,38.000000
NEW YORK,2022,137,38.000000
NEW YORK,2022,136,38.000000
NEW YORK,2022,135,
NEW YORK,2022,134,
NEW YORK,2022,133,30.000000
NEW YORK,2022,132,30.000000
NEW YORK,2022,131,30.500000
NEW YORK,2022,130,39.000000
NEW YORK,2022,129,39.000000
NEW YORK,2022,128,
NEW YORK,2022,127,
NEW YORK,2022,126,31.166666
NEW YORK,2022,125,31.166666
NEW YORK,2022,124,31.166666
NEW YORK,2022,123,31.166666
NEW YORK,2022,122,31.500000
NEW YORK,2022,121,
NEW YORK,2022,120,
NEW YORK,2022,119,37.000000
NEW YORK,2022,118,37.000000
NEW YORK,2022,117,38.000000
NEW YORK,2022,116,38.000000
NEW YORK,2022,115,38.000000
NEW YORK,2022,114,
NEW YORK,2022,113,
NEW YORK,2022,112,30.000000
NEW YORK,2022,111,30.000000
NEW YORK,2022,110,36.250000
NEW YORK,2022,109,37.250000
NEW YORK,2022,108,
NEW YORK,2022,107,
NEW YORK,2022,106,
NEW YORK,2022,105,38.000000
NEW YORK,2022,104,38.000000
NEW YORK,2022,103,37.666666
NEW YORK,2022,102,37.666666
NEW YORK,2022,101,42.000000
NEW YORK,2022,100,
NEW YORK,2022,99,
NEW YORK,2022,98,
NEW YORK,2022,97,39.000000
NEW YORK,2022,96,35.000000
NEW YORK,2022,95,35.000000
NEW YORK,2022,94,30.000000
NEW YORK,2022,93,
NEW YORK,2022,92,
NEW YORK,2022,91,25.000000
NEW YORK,2022,90,25.000000
NEW YORK,2022,89,25.000000
NEW YORK,2022,88,32.500000
NEW YORK,2022,87,32.500000
NEW YORK,2022,86,
NEW YORK,2022,85,
NEW YORK,2022,84,25.000000
NEW YORK,2022,83,25.000000
NEW YORK,2022,82,25.000000
NEW YORK,2022,81,25.000000
NEW YORK,2022,80,23.500000
NEW YORK,2022,79,
NEW YORK,2022,78,
NEW YORK,2022,77,23.000000
NEW YORK,2022,76,23.000000
NEW YORK,2022,75,23.000000
NEW YORK,2022,74,23.000000
NEW YORK,2022,73,22.000000
NEW YORK,2022,72,
NEW YORK,2022,71,
NEW YORK,2022,70,22.000000
NEW YORK,2022,69,22.000000
NEW YORK,2022,68,22.000000
NEW YORK,2022,67,22.000000
NEW YORK,2022,66,22.000000
NEW YORK,2022,65,
NEW YORK,2022,64,
NEW YORK,2022,63,
NEW YORK,2022,62,21.000000
NEW YORK,2022,61,22.000000
NEW YORK,2022,60,22.000000
NEW YORK,2022,59,22.000000
NEW YORK,2022,58,
NEW YORK,2022,57,
NEW YORK,2022,56,18.000000
NEW YORK,2022,55,18.000000
NEW YORK,2022,54,24.000000
NEW YORK,2022,53,24.000000
NEW YORK,2022,52,
NEW YORK,2022,51,
NEW YORK,2022,50,
NEW YORK,2022,49,21.000000
NEW YORK,2022,48,21.000000
NEW YORK,2022,47,21.000000
NEW YORK,2022,46,21.666666
NEW YORK,2022,45,21.666666
NEW YORK,2022,44,
NEW YORK,2022,43,
NEW YORK,2022,42,18.166666
NEW YORK,2022,41,18.500000
NEW YORK,2022,40,19.666666
NEW YORK,2022,39,19.333333
NEW YORK,2022,38,21.000000
NEW YORK,2022,37,
NEW YORK,2022,36,
NEW YORK,2022,35,13.166666
NEW YORK,2022,34,13.166666
NEW YORK,2022,33,15.666666
NEW YORK,2022,32,17.166666
NEW YORK,2022,31,20.500000
NEW YORK,2022,30,
NEW YORK,2022,29,
NEW YORK,2022,28,19.000000
NEW YORK,2022,27,21.333333
NEW YORK,2022,26,21.333333
NEW YORK,2022,25,17.375000
NEW YORK,2022,24,17.375000
NEW YORK,2022,23,
NEW YORK,2022,22,
NEW YORK,2022,21,16.000000
NEW YORK,2022,20,18.666666
NEW YORK,2022,19,19.333333
NEW YORK,2022,18,15.000000
NEW YORK,2022,17,
NEW YORK,2022,16,
NEW YORK,2022,15,
NEW YORK,2022,14,30.250000
NEW YORK,2022,13,30.250000
NEW YORK,2022,12,30.250000
NEW YORK,2022,11,30.250000
NEW YORK,2022,10,25.000000
NEW YORK,2022,9,
NEW YORK,2022,8,
NEW YORK,2022,7,39.666666
NEW YORK,2022,6,39.666666
NEW YORK,2022,5,39.666666
NEW YORK,2022,4,39.666666
NEW YORK,2022,3,37.000000
NEW YORK,2022,2,
PHILADELPHIA,2022,366,
PHILADELPHIA,2022,365,
PHILADELPHIA,2022,364,37.000000
PHILADELPHIA,2022,363,37.000000
PHILADELPHIA,2022,362,35.500000
PHILADELPHIA,2022,361,44.000000
PHILADELPHIA,2022,360,
PHILADELPHIA,2022,359,
PHILADELPHIA,2022,358,
PHILADELPHIA,2022,357,42.000000
PHILADELPHIA,2022,356,42.000000
PHILADELPHIA,2022,355,44.000000
PHILADELPHIA,2022,354,44.000000
PHILADELPHIA,2022,353,
PHILADELPHIA,2022,352,
PHILADELPHIA,2022,351,
PHILADELPHIA,2022,350,34.000000
PHILADELPHIA,2022,349,34.000000
PHILADELPHIA,2022,348,34.000000
PHILADELPHIA,2022,347,35.000000
PHILADELPHIA,2022,346,35.000000
PHILADELPHIA,2022,345,
PHILADELPHIA,2022,344,
PHILADELPHIA,2022,343,
PHILADELPHIA,2022,342,
PHILADELPHIA,2022,341,
PHILADELPHIA,2022,340,
PHILADELPHIA,2022,339,
PHILADELPHIA,2022,338,
PHILADELPHIA,2022,337,
PHILADELPHIA,2022,336,30.000000
PHILADELPHIA,2022,335,30.000000
PHILADELPHIA,2022,334,30.000000
PHILADELPHIA,2022,333,30.000000
PHILADELPHIA,2022,332,30.000000
PHILADELPHIA,2022,331,
PHILADELPHIA,2022,330,
PHILADELPHIA,2022,329,
PHILADELPHIA,2022,328,
PHILADELPHIA,2022,327,30.000000
PHILADELPHIA,2022,326,30.000000
PHILADELPHIA,2022,325,30.000000
PHILADELPHIA,2022,324,
PHILADELPHIA,2022,323,
PHILADELPHIA,2022,322,26.000000
PHILADELPHIA,2022,321,21.250000
PHILADELPHIA,2022,320,21.250000
PHILADELPHIA,2022,319,21.250000
PHILADELPHIA,2022,318,21.250000
PHILADELPHIA,2022,317,
PHILADELPHIA,2022,316,
PHILADELPHIA,2022,315,
PHILADELPHIA,2022,314,21.250000
PHILADELPHIA,2022,313,20.333333
PHILADELPHIA,2022,312,20.333333
PHILADELPHIA,2022,311,21.500000
PHILADELPHIA,2022,310,
PHILADELPHIA,2022,309,
PHILADELPHIA,2022,308,24.000000
PHILADELPHIA,2022,307,24.500000
PHILADELPHIA,2022,306,25.000000
PHILADELPHIA,2022,305,23.500000
PHILADELPHIA,2022,304,23.500000
PHILADELPHIA,2022,303,
PHILADELPHIA,2022,302,
PHILADELPHIA,2022,301,21.666666
PHILADELPHIA,2022,300,21.666666
PHILADELPHIA,2022,299,21.666666
PHILADELPHIA,2022,298,22.000000
PHILADELPHIA,2022,297,22.000000
PHILADELPHIA,2022,296,
PHILADELPHIA,2022,295,
PHILADELPHIA,2022,294,18.250000
PHILADELPHIA,2022,293,18.250000
PHILADELPHIA,2022,292,19.000000
PHILADELPHIA,2022,291,19.000000
PHILADELPHIA,2022,290,16.000000
PHILADELPHIA,2022,289,
PHILADELPHIA,2022,288,
PHILADELPHIA,2022,287,15.500000
PHILADELPHIA,2022,286,13.750000
PHILADELPHIA,2022,285,13.750000
PHILADELPHIA,2022,284,13.750000
PHILADELPHIA,2022,283,
PHILADELPHIA,2022,282,
PHILADELPHIA,2022,281,
PHILADELPHIA,2022,280,16.500000
PHILADELPHIA,2022,279,16.500000
PHILADELPHIA,2022,278,16.500000
PHILADELPHIA,2022,277,16.500000
PHILADELPHIA,2022,276,16.500000
PHILADELPHIA,2022,275,
PHILADELPHIA,2022,274,
PHILADELPHIA,2022,273,16.500000
PHILADELPHIA,2022,272,16.500000
PHILADELPHIA,2022,271,16.500000
PHILADELPHIA,2022,270,16.500000
PHILADELPHIA,2022,269,16.500000
PHILADELPHIA,2022,268,
PHILADELPHIA,2022,267,
PHILADELPHIA,2022,266,13.000000
PHILADELPHIA,2022,265,13.000000
PHILADELPHIA,2022,264,14.000000
PHILADELPHIA,2022,263,14.000000
PHILADELPHIA,2022,262,14.000000
PHILADELPHIA,2022,261,
PHILADELPHIA,2022,260,
PHILADELPHIA,2022,259,16.500000
PHILADELPHIA,2022,258,16.500000
PHILADELPHIA,2022,257,16.500000
PHILADELPHIA,2022,256,16.500000
PHILADELPHIA,2022,255,13.000000
PHILADELPHIA,2022,254,
PHILADELPHIA,2022,253,
PHILADELPHIA,2022,252,19.000000
PHILADELPHIA,2022,251,19.000000
PHILADELPHIA,2022,250,19.500000
PHILADELPHIA,2022,249,20.000000
PHILADELPHIA,2022,248,
PHILADELPHIA,2022,247,
PHILADELPHIA,2022,246,
PHILADELPHIA,2022,245,13.625000
PHILADELPHIA,2022,244,13.625000
PHILADELPHIA,2022,243,14.875000
PHILADELPHIA,2022,242,14.875000
PHILADELPHIA,2022,241,17.250000
PHILADELPHIA,2022,240,
PHILADELPHIA,2022,239,
PHILADELPHIA,2022,238,12.000000
PHILADELPHIA,2022,237,12.000000
PHILADELPHIA,2022,236,12.000000
PHILADELPHIA,2022,235,12.000000
PHILADELPHIA,2022,234,12.500000
PHILADELPHIA,2022,233,
PHILADELPHIA,2022,232,
PHILADELPHIA,2022,231,24.500000
PHILADELPHIA,2022,230,20.666666
PHILADELPHIA,2022,229,20.666666
PHILADELPHIA,2022,228,20.666666
PHILADELPHIA,2022,227,20.666666
PHILADELPHIA,2022,226,
PHILADELPHIA,2022,225,
PHILADELPHIA,2022,224,20.666666
PHILADELPHIA,2022,223,20.666666
PHILADELPHIA,2022,222,20.666666
PHILADELPHIA,2022,221,20.666666
PHILADELPHIA,2022,220,24.500000
PHILADELPHIA,2022,219,
PHILADELPHIA,2022,218,
PHILADELPHIA,2022,217,24.000000
PHILADELPHIA,2022,216,24.000000
PHILADELPHIA,2022,215,24.000000
PHILADELPHIA,2022,214,24.000000
PHILADELPHIA,2022,213,27.500000
PHILADELPHIA,2022,212,
PHILADELPHIA,2022,211,
PHILADELPHIA,2022,210,27.500000
PHILADELPHIA,2022,209,27.500000
PHILADELPHIA,2022,208,29.250000
PHILADELPHIA,2022,207,29.250000
PHILADELPHIA,2022,206,29.250000
PHILADELPHIA,2022,205,
PHILADELPHIA,2022,204,
PHILADELPHIA,2022,203,28.000000
PHILADELPHIA,2022,202,28.000000
PHILADELPHIA,2022,201,28.000000
PHILADELPHIA,2022,200,28.000000
PHILADELPHIA,2022,199,28.000000
PHILADELPHIA,2022,198,
PHILADELPHIA,2022,197,
PHILADELPHIA,2022,196,
PHILADELPHIA,2022,195,
PHILADELPHIA,2022,194,
PHILADELPHIA,2022,193,
PHILADELPHIA,2022,192,
PHILADELPHIA,2022,191,
PHILADELPHIA,2022,190,
PHILADELPHIA,2022,189,
PHILADELPHIA,2022,188,
PHILADELPHIA,2022,187,
PHILADELPHIA,2022,186,
PHILADELPHIA,2022,185,
PHILADELPHIA,2022,184,
PHILADELPHIA,2022,183,
PHILADELPHIA,2022,182,18.750000
PHILADELPHIA,2022,181,18.750000
PHILADELPHIA,2022,180,18.750000
PHILADELPHIA,2022,179,18.750000
PHILADELPHIA,2022,178,20.500000
PHILADELPHIA,2022,177,
PHILADELPHIA,2022,176,
PHILADELPHIA,2022,175,18.750000
PHILADELPHIA,2022,174,18.750000
PHILADELPHIA,2022,173,19.500000
PHILADELPHIA,2022,172,19.000000
PHILADELPHIA,2022,171,
PHILADELPHIA,2022,170,
PHILADELPHIA,2022,169,
PHILADELPHIA,2022,168,22.000000
PHILADELPHIA,2022,167,22.000000
PHILADELPHIA,2022,166,22.000000
PHILADELPHIA,2022,165,22.000000
PHILADELPHIA,2022,164,22.000000
PHILADELPHIA,2022,163,
PHILADELPHIA,2022,162,
PHILADELPHIA,2022,161,26.000000
PHILADELPHIA,2022,160,26.000000
PHILADELPHIA,2022,159,22.000000
PHILADELPHIA,2022,158,22.000000
PHILADELPHIA,2022,157,22.000000
PHILADELPHIA,2022,156,
PHILADELPHIA,2022,155,
PHILADELPHIA,2022,154,36.500000
PHILADELPHIA,2022,153,36.500000
PHILADELPHIA,2022,152,36.500000
PHILADELPHIA,2022,151,36.500000
PHILADELPHIA,2022,150,
PHILADELPHIA,2022,149,
PHILADELPHIA,2022,148,
PHILADELPHIA,2022,147,38.500000
PHILADELPHIA,2022,146,34.000000
PHILADELPHIA,2022,145,34.000000
PHILADELPHIA,2022,144,34.000000
PHILADELPHIA,2022,143,34.000000
PHILADELPHIA,2022,142,
PHILADELPHIA,2022,141,
PHILADELPHIA,2022,140,38.000000
PHILADELPHIA,2022,139,38.000000
PHILADELPHIA,2022,138,46.000000
PHILADELPHIA,2022,137,46.000000
PHILADELPHIA,2022,136,46.000000
PHILADELPHIA,2022,135,
PHILADELPHIA,2022,134,
PHILADELPHIA,2022,133,46.000000
PHILADELPHIA,2022,132,46.000000
PHILADELPHIA,2022,131,38.000000
PHILADELPHIA,2022,130,38.000000
PHILADELPHIA,2022,129,38.000000
PHILADELPHIA,2022,128,
PHILADELPHIA,2022,127,
PHILADELPHIA,2022,126,49.000000
PHILADELPHIA,2022,125,49.000000
PHILADELPHIA,2022,124,49.000000
PHILADELPHIA,2022,123,49.000000
PHILADELPHIA,2022,122,49.000000
PHILADELPHIA,2022,121,
PHILADELPHIA,2022,120,
PHILADELPHIA,2022,119,20.000000
PHILADELPHIA,2022,118,
PHILADELPHIA,2022,117,
PHILADELPHIA,2022,116,
PHILADELPHIA,2022,115,
PHILADELPHIA,2022,114,
PHILADELPHIA,2022,113,
PHILADELPHIA,2022,112,32.000000
PHILADELPHIA,2022,111,32.000000
PHILADELPHIA,2022,110,32.000000
PHILADELPHIA,2022,109,32.000000
PHILADELPHIA,2022,108,
PHILADELPHIA,2022,107,
PHILADELPHIA,2022,106,
PHILADELPHIA,2022,105,35.500000
PHILADELPHIA,2022,104,35.500000
PHILADELPHIA,2022,103,35.500000
PHILADELPHIA,2022,102,35.500000
PHILADELPHIA,2022,101,35.000000
PHILADELPHIA,2022,100,
PHILADELPHIA,2022,99,
PHILADELPHIA,2022,98,29.000000
PHILADELPHIA,2022,97,29.000000
PHILADELPHIA,2022,96,28.000000
PHILADELPHIA,2022,95,28.000000
PHILADELPHIA,2022,94,
PHILADELPHIA,2022,93,
PHILADELPHIA,2022,92,
PHILADELPHIA,2022,91,24.000000
PHILADELPHIA,2022,90,24.000000
PHILADELPHIA,2022,89,24.000000
PHILADELPHIA,2022,88,24.000000
PHILADELPHIA,2022,87,24.000000
PHILADELPHIA,2022,86,
PHILADELPHIA,2022,85,
PHILADELPHIA,2022,84,17.500000
PHILADELPHIA,2022,83,17.500000
PHILADELPHIA,2022,82,15.000000
PHILADELPHIA,2022,81,15.000000
PHILADELPHIA,2022,80,15.000000
PHILADELPHIA,2022,79,
PHILADELPHIA,2022,78,
PHILADELPHIA,2022,77,21.000000
PHILADELPHIA,2022,76,21.000000
PHILADELPHIA,2022,75,21.000000
PHILADELPHIA,2022,74,21.000000
PHILADELPHIA,2022,73,21.000000
PHILADELPHIA,2022,72,
PHILADELPHIA,2022,71,
PHILADELPHIA,2022,70,33.000000
PHILADELPHIA,2022,69,33.000000
PHILADELPHIA,2022,68,33.000000
PHILADELPHIA,2022,67,33.000000
PHILADELPHIA,2022,66,
PHILADELPHIA,2022,65,
PHILADELPHIA,2022,64,
PHILADELPHIA,2022,63,21.000000
PHILADELPHIA,2022,62,21.000000
PHILADELPHIA,2022,61,21.000000
PHILADELPHIA,2022,60,22.000000
PHILADELPHIA,2022,59,22.000000
PHILADELPHIA,2022,58,
PHILADELPHIA,2022,57,
PHILADELPHIA,2022,56,22.000000
PHILADELPHIA,2022,55,22.000000
PHILADELPHIA,2022,54,22.000000
PHILADELPHIA,2022,53,22.000000
PHILADELPHIA,2022,52,
PHILADELPHIA,2022,51,
PHILADELPHIA,2022,50,
PHILADELPHIA,2022,49,21.800000
PHILADELPHIA,2022,48,21.800000
PHILADELPHIA,2022,47,22.200000
PHILADELPHIA,2022,46,22.200000
PHILADELPHIA,2022,45,19.750000
PHILADELPHIA,2022,44,
PHILADELPHIA,2022,43,
PHILADELPHIA,2022,42,18.250000
PHILADELPHIA,2022,41,17.666666
PHILADELPHIA,2022,40,25.000000
PHILADELPHIA,2022,39,
PHILADELPHIA,2022,38,
PHILADELPHIA,2022,37,
PHILADELPHIA,2022,36,
PHILADELPHIA,2022,35,20.250000
PHILADELPHIA,2022,34,20.250000
PHILADELPHIA,2022,33,20.250000
PHILADELPHIA,2022,32,20.250000
PHILADELPHIA,2022,31,20.500000
PHILADELPHIA,2022,30,
PHILADELPHIA,2022,29,
PHILADELPHIA,2022,28,27.166666
PHILADELPHIA,2022,27,27.166666
PHILADELPHIA,2022,26,27.166666
PHILADELPHIA,2022,25,27.166666
PHILADELPHIA,2022,24,27.166666
PHILADELPHIA,2022,23,
PHILADELPHIA,2022,22,
PHILADELPHIA,2022,21,23.666666
PHILADELPHIA,2022,20,23.666666
PHILADELPHIA,2022,19,24.500000
PHILADELPHIA,2022,18,24.500000
PHILADELPHIA,2022,17,
PHILADELPHIA,2022,16,
PHILADELPHIA,2022,15,
PHILADELPHIA,2022,14,30.000000
PHILADELPHIA,2022,13,30.000000
PHILADELPHIA,2022,12,30.000000
PHILADELPHIA,2022,11,31.000000
PHILADELPHIA,2022,10,31.000000
PHILADELPHIA,2022,9,
PHILADELPHIA,2022,8,
PHILADELPHIA,2022,7,30.000000
PHILADELPHIA,2022,6,30.000000
PHILADELPHIA,2022,5,30.000000
PHILADELPHIA,2022,4,39.000000
PHILADELPHIA,2022,3,39.000000
PHILADELPHIA,2022,2,
BALTIMORE,2021,366,
BALTIMORE,2021,365,
BALTIMORE,2021,364,35.000000
BALTIMORE,2021,363,43.000000
BALTIMORE,2021,362,28.500000
BALTIMORE,2021,361,28.500000
BALTIMORE,2021,360,
BALTIMORE,2021,359,
BALTIMORE,2021,358,
BALTIMORE,2021,357,32.000000
BALTIMORE,2021,356,32.000000
BALTIMORE,2021,355,
BALTIMORE,2021,354,34.750000
BALTIMORE,2021,353,
BALTIMORE,2021,352,
BALTIMORE,2021,351,42.000000
BALTIMORE,2021,350,42.000000
BALTIMORE,2021,349,48.000000
BALTIMORE,2021,348,48.000000
BALTIMORE,2021,347,48.000000
BALTIMORE,2021,346,
BALTIMORE,2021,345,
BALTIMORE,2021,344,48.000000
BALTIMORE,2021,343,48.000000
BALTIMORE,2021,342,51.500000
BALTIMORE,2021,341,51.000000
BALTIMORE,2021,340,51.000000
BALTIMORE,2021,339,
BALTIMORE,2021,338,
BALTIMORE,2021,337,52.000000
BALTIMORE,2021,336,44.500000
BALTIMORE,2021,335,37.750000
BALTIMORE,2021,334,44.500000
BALTIMORE,2021,333,34.500000
BALTIMORE,2021,332,
BALTIMORE,2021,331,
BALTIMORE,2021,330,34.500000
BALTIMORE,2021,329,
BALTIMORE,2021,328,34.500000
BALTIMORE,2021,327,34.250000
BALTIMORE,2021,326,35.000000
BALTIMORE,2021,325,
BALTIMORE,2021,324,
BALTIMORE,2021,323,28.000000
BALTIMORE,2021,322,28.000000
BALTIMORE,2021,321,28.000000
BALTIMORE,2021,320,30.500000
BALTIMORE,2021,319,30.500000
BALTIMORE,2021,318,
BALTIMORE,2021,317,
BALTIMORE,2021,316,32.000000
BALTIMORE,2021,315,
BALTIMORE,2021,314,32.000000
BALTIMORE,2021,313,32.000000
BALTIMORE,2021,312,32.000000
BALTIMORE,2021,311,
BALTIMORE,2021,310,
BALTIMORE,2021,309,30.000000
BALTIMORE,2021,308,31.000000
BALTIMORE,2021,307,31.000000
BALTIMORE,2021,306,31.000000
BALTIMORE,2021,305,31.000000
BALTIMORE,2021,304,
BALTIMORE,2021,303,
BALTIMORE,2021,302,22.000000
BALTIMORE,2021,301,22.000000
BALTIMORE,2021,300,22.000000
BALTIMORE,2021,299,22.000000
BALTIMORE,2021,298,22.000000
BALTIMORE,2021,297,
BALTIMORE,2021,296,
BALTIMORE,2021,295,30.000000
BALTIMORE,2021,294,30.000000
BALTIMORE,2021,293,30.000000
BALTIMORE,2021,292,33.000000
BALTIMORE,2021,291,33.000000
BALTIMORE,2021,290,
BALTIMORE,2021,289,
BALTIMORE,2021,288,35.000000
BALTIMORE,2021,287,35.000000
BALTIMORE,2021,286,35.000000
BALTIMORE,2021,285,35.000000
BALTIMORE,2021,284,
BALTIMORE,2021,283,
BALTIMORE,2021,282,
BALTIMORE,2021,281,35.000000
BALTIMORE,2021,280,35.000000
BALTIMORE,2021,279,35.000000
BALTIMORE,2021,278,28.000000
BALTIMORE,2021,277,28.000000
BALTIMORE,2021,276,
BALTIMORE,2021,275,
BALTIMORE,2021,274,28.000000
BALTIMORE,2021,273,35.000000
BALTIMORE,2021,272,20.500000
BALTIMORE,2021,271,20.500000
BALTIMORE,2021,270,20.500000
BALTIMORE,2021,269,
BALTIMORE,2021,268,
BALTIMORE,2021,267,23.000000
BALTIMORE,2021,266,19.500000
BALTIMORE,2021,265,19.500000
BALTIMORE,2021,264,19.500000
BALTIMORE,2021,263,19.500000
BALTIMORE,2021,262,
BALTIMORE,2021,261,
BALTIMORE,2021,260,20.500000
BALTIMORE,2021,259,20.500000
BALTIMORE,2021,258,20.500000
BALTIMORE,2021,257,20.500000
BALTIMORE,2021,256,19.750000
BALTIMORE,2021,255,
BALTIMORE,2021,254,
BALTIMORE,2021,253,22.500000
BALTIMORE,2021,252,22.500000
BALTIMORE,2021,251,19.500000
BALTIMORE,2021,250,19.500000
BALTIMORE,2021,249,
BALTIMORE,2021,248,
BALTIMORE,2021,247,
BALTIMORE,2021,246,19.500000
BALTIMORE,2021,245,19.500000
BALTIMORE,2021,244,19.500000
BALTIMORE,2021,243,19.500000
BALTIMORE,2021,242,19.500000
BALTIMORE,2021,241,
BALTIMORE,2021,240,
BALTIMORE,2021,239,19.500000
BALTIMORE,2021,238,19.500000
BALTIMORE,2021,237,19.000000
BALTIMORE,2021,236,19.000000
BALTIMORE,2021,235,19.000000
BALTIMORE,2021,234,
BALTIMORE,2021,233,
BALTIMORE,2021,232,22.333333
BALTIMORE,2021,231,22.333333
BALTIMORE,2021,230,19.000000
BALTIMORE,2021,229,19.500000
BALTIMORE,2021,228,19.500000
BALTIMORE,2021,227,
BALTIMORE,2021,226,
BALTIMORE,2021,225,22.333333
BALTIMORE,2021,224,22.333333
BALTIMORE,2021,223,22.333333
BALTIMORE,2021,222,22.333333
BALTIMORE,2021,221,22.333333
BALTIMORE,2021,220,
BALTIMORE,2021,219,
BALTIMORE,2021,218,22.333333
BALTIMORE,2021,217,22.333333
BALTIMORE,2021,216,22.500000
BALTIMORE,2021,215,21.500000
BALTIMORE,2021,214,21.500000
BALTIMORE,2021,213,
BALTIMORE,2021,212,
BALTIMORE,2021,211,21.750000
BALTIMORE,2021,210,21.750000
BALTIMORE,2021,209,20.000000
BALTIMORE,2021,208,20.000000
BALTIMORE,2021,207,24.500000
BALTIMORE,2021,206,
BALTIMORE,2021,205,
BALTIMORE,2021,204,24.333333
BALTIMORE,2021,203,26.500000
BALTIMORE,2021,202,28.000000
BALTIMORE,2021,201,26.500000
BALTIMORE,2021,200,26.500000
BALTIMORE,2021,199,
BALTIMORE,2021,198,
BALTIMORE,2021,197,30.000000
BALTIMORE,2021,196,30.000000
BALTIMORE,2021,195,30.000000
BALTIMORE,2021,194,30.000000
BALTIMORE,2021,193,23.500000
BALTIMORE,2021,192,
BALTIMORE,2021,191,
BALTIMORE,2021,190,22.000000
BALTIMORE,2021,189,22.000000
BALTIMORE,2021,188,22.000000
BALTIMORE,2021,187,18.000000
BALTIMORE,2021,186,
BALTIMORE,2021,185,
BALTIMORE,2021,184,
BALTIMORE,2021,183,22.750000
BALTIMORE,2021,182,22.750000
BALTIMORE,2021,181,21.500000
BALTIMORE,2021,180,21.500000
BALTIMORE,2021,179,21.500000
BALTIMORE,2021,178,
BALTIMORE,2021,177,
BALTIMORE,2021,176,22.000000
BALTIMORE,2021,175,22.000000
BALTIMORE,2021,174,22.000000
BALTIMORE,2021,173,20.000000
BALTIMORE,2021,172,20.000000
BALTIMORE,2021,171,
BALTIMORE,2021,170,
BALTIMORE,2021,169,20.750000
BALTIMORE,2021,168,21.750000
BALTIMORE,2021,167,23.500000
BALTIMORE,2021,166,23.500000
BALTIMORE,2021,165,23.500000
BALTIMORE,2021,164,
BALTIMORE,2021,163,
BALTIMORE,2021,162,23.500000
BALTIMORE,2021,161,23.500000
BALTIMORE,2021,160,24.000000
BALTIMORE,2021,159,24.000000
BALTIMORE,2021,158,25.500000
BALTIMORE,2021,157,
BALTIMORE,2021,156,
BALTIMORE,2021,155,21.500000
BALTIMORE,2021,154,21.500000
BALTIMORE,2021,153,20.250000
BALTIMORE,2021,152,23.000000
BALTIMORE,2021,151,
BALTIMORE,2021,150,
BALTIMORE,2021,149,
BALTIMORE,2021,148,24.500000
BALTIMORE,2021,147,24.500000
BALTIMORE,2021,146,28.500000
BALTIMORE,2021,145,25.500000
BALTIMORE,2021,144,25.500000
BALTIMORE,2021,143,
BALTIMORE,2021,142,
BALTIMORE,2021,141,24.000000
BALTIMORE,2021,140,24.000000
BALTIMORE,2021,139,24.000000
BALTIMORE,2021,138,24.000000
BALTIMORE,2021,137,23.000000
BALTIMORE,2021,136,
BALTIMORE,2021,135,
BALTIMORE,2021,134,23.000000
BALTIMORE,2021,133,23.000000
BALTIMORE,2021,132,23.000000
BALTIMORE,2021,131,23.000000
BALTIMORE,2021,130,23.000000
BALTIMORE,2021,129,
BALTIMORE,2021,128,
BALTIMORE,2021,127,23.000000
BALTIMORE,2021,126,23.000000
BALTIMORE,2021,125,23.000000
BALTIMORE,2021,124,22.500000
BALTIMORE,2021,123,22.500000
BALTIMORE,2021,122,
BALTIMORE,2021,121,
BALTIMORE,2021,120,27.750000
BALTIMORE,2021,119,27.750000
BALTIMORE,2021,118,27.750000
BALTIMORE,2021,117,27.750000
BALTIMORE,2021,116,27.750000
BALTIMORE,2021,115,
BALTIMORE,2021,114,
BALTIMORE,2021,113,22.000000
BALTIMORE,2021,112,22.000000
BALTIMORE,2021,111,21.000000
BALTIMORE,2021,110,21.000000
BALTIMORE,2021,109,21.000000
BALTIMORE,2021,108,
BALTIMORE,2021,107,
BALTIMORE,2021,106,21.000000
BALTIMORE,2021,105,21.000000
BALTIMORE,2021,104,21.000000
BALTIMORE,2021,103,21.000000
BALTIMORE,2021,102,21.000000
BALTIMORE,2021,101,
BALTIMORE,2021,100,
BALTIMORE,2021,99,25.750000
BALTIMORE,2021,98,26.750000
BALTIMORE,2021,97,27.000000
BALTIMORE,2021,96,27.000000
BALTIMORE,2021,95,27.250000
BALTIMORE,2021,94,
BALTIMORE,2021,93,
BALTIMORE,2021,92,28.750000
BALTIMORE,2021,91,28.750000
BALTIMORE,2021,90,28.750000
BALTIMORE,2021,89,29.500000
BALTIMORE,2021,88,29.500000
BALTIMORE,2021,87,
BALTIMORE,2021,86,
BALTIMORE,2021,85,30.500000
BALTIMORE,2021,84,30.666666
BALTIMORE,2021,83,30.666666
BALTIMORE,2021,82,33.000000
BALTIMORE,2021,81,31.000000
BALTIMORE,2021,80,
BALTIMORE,2021,79,
BALTIMORE,2021,78,33.000000
BALTIMORE,2021,77,33.500000
BALTIMORE,2021,76,33.500000
BALTIMORE,2021,75,33.500000
BALTIMORE,2021,74,35.000000
BALTIMORE,2021,73,
BALTIMORE,2021,72,
BALTIMORE,2021,71,35.000000
BALTIMORE,2021,70,36.000000
BALTIMORE,2021,69,37.000000
BALTIMORE,2021,68,38.000000
BALTIMORE,2021,67,46.000000
BALTIMORE,2021,66,
BALTIMORE,2021,65,
BALTIMORE,2021,64,43.000000
BALTIMORE,2021,63,43.000000
BALTIMORE,2021,62,46.000000
BALTIMORE,2021,61,46.000000
BALTIMORE,2021,60,38.000000
BALTIMORE,2021,59,
BALTIMORE,2021,58,
BALTIMORE,2021,57,38.000000
BALTIMORE,2021,56,38.000000
BALTIMORE,2021,55,39.000000
BALTIMORE,2021,54,39.000000
BALTIMORE,2021,53,39.000000
BALTIMORE,2021,52,
BALTIMORE,2021,51,
BALTIMORE,2021,50,39.750000
BALTIMORE,2021,49,39.750000
BALTIMORE,2021,48,39.750000
BALTIMORE,2021,47,40.000000
BALTIMORE,2021,46,
BALTIMORE,2021,45,
BALTIMORE,2021,44,
BALTIMORE,2021,43,38.750000
BALTIMORE,2021,42,38.750000
BALTIMORE,2021,41,38.500000
BALTIMORE,2021,40,38.500000
BALTIMORE,2021,39,38.500000
BALTIMORE,2021,38,
BALTIMORE,2021,37,
BALTIMORE,2021,36,41.000000
BALTIMORE,2021,35,41.000000
BALTIMORE,2021,34,41.500000
BALTIMORE,2021,33,41.500000
BALTIMORE,2021,32,41.500000
BALTIMORE,2021,31,
BALTIMORE,2021,30,
BALTIMORE,2021,29,37.750000
BALTIMORE,2021,28,37.750000
BALTIMORE,2021,27,37.375000
BALTIMORE,2021,26,37.375000
BALTIMORE,2021,25,37.375000
BALTIMORE,2021,24,
BALTIMORE,2021,23,
BALTIMORE,2021,22,35.000000
BALTIMORE,2021,21,35.000000
BALTIMORE,2021,20,35.000000
BALTIMORE,2021,19,37.000000
BALTIMORE,2021,18,
BALTIMORE,2021,17,
BALTIMORE,2021,16,
BALTIMORE,2021,15,39.500000
BALTIMORE,2021,14,37.375000
BALTIMORE,2021,13,37.375000
BALTIMORE,2021,12,37.375000
BALTIMORE,2021,11,37.375000
BALTIMORE,2021,10,
BALTIMORE,2021,9,
BALTIMORE,2021,8,39.500000
BALTIMORE,2021,7,45.000000
BALTIMORE,2021,6,41.500000
BALTIMORE,2021,5,41.500000
BALTIMORE,2021,4,41.500000
BALTIMORE,2021,3,
BALTIMORE,2021,2,
BOSTON,2021,366,
BOSTON,2021,365,
BOSTON,2021,364,
BOSTON,2021,363,
BOSTON,2021,362,
BOSTON,2021,361,
BOSTON,2021,360,
BOSTON,2021,359,
BOSTON,2021,358,
BOSTON,2021,357,
BOSTON,2021,356,
BOSTON,2021,355,
BOSTON,2021,354,
BOSTON,2021,353,
BOSTON,2021,352,
BOSTON,2021,351,
BOSTON,2021,350,
BOSTON,2021,349,
BOSTON,2021,348,
BOSTON,2021,347,
BOSTON,2021,346,
BOSTON,2021,345,
BOSTON,2021,344,
BOSTON,2021,343,21.500000
BOSTON,2021,342,21.500000
BOSTON,2021,341,21.500000
BOSTON,2021,340,21.500000
BOSTON,2021,339,
BOSTON,2021,338,
BOSTON,2021,337,21.500000
BOSTON,2021,336,21.500000
BOSTON,2021,335,21.500000
BOSTON,2021,334,21.500000
BOSTON,2021,333,21.500000
BOSTON,2021,332,
BOSTON,2021,331,
BOSTON,2021,330,21.500000
BOSTON,2021,329,
BOSTON,2021,328,21.500000
BOSTON,2021,327,21.500000
BOSTON,2021,326,21.500000
BOSTON,2021,325,
BOSTON,2021,324,
BOSTON,2021,323,21.500000
BOSTON,2021,322,21.500000
BOSTON,2021,321,21.500000
BOSTON,2021,320,21.500000
BOSTON,2021,319,21.500000
BOSTON,2021,318,
BOSTON,2021,317,
BOSTON,2021,316,21.500000
BOSTON,2021,315,
BOSTON,2021,314,21.500000
BOSTON,2021,313,21.500000
BOSTON,2021,312,21.500000
BOSTON,2021,311,
BOSTON,2021,310,
BOSTON,2021,309,21.500000
BOSTON,2021,308,21.500000
BOSTON,2021,307,21.500000
BOSTON,2021,306,21.500000
BOSTON,2021,305,21.500000
BOSTON,2021,304,
BOSTON,2021,303,
BOSTON,2021,302,21.500000
BOSTON,2021,301,21.500000
BOSTON,2021,300,21.500000
BOSTON,2021,299,21.500000
BOSTON,2021,298,21.500000
BOSTON,2021,297,
BOSTON,2021,296,
BOSTON,2021,295,21.500000
BOSTON,2021,294,21.500000
BOSTON,2021,293,21.500000
BOSTON,2021,292,21.500000
BOSTON,2021,291,21.500000
BOSTON,2021,290,
BOSTON,2021,289,
BOSTON,2021,288,21.500000
BOSTON,2021,287,21.500000
BOSTON,2021,286,21.500000
BOSTON,2021,285,21.500000
BOSTON,2021,284,
BOSTON,2021,283,
BOSTON,2021,282,
BOSTON,2021,281,21.500000
BOSTON,2021,280,21.500000
BOSTON,2021,279,21.500000
BOSTON,2021,278,21.500000
BOSTON,2021,277,21.500000
BOSTON,2021,276,
BOSTON,2021,275,
BOSTON,2021,274,21.500000
BOSTON,2021,273,21.500000
BOSTON,2021,272,21.500000
BOSTON,2021,271,21.500000
BOSTON,2021,270,32.000000
BOSTON,2021,269,
BOSTON,2021,268,
BOSTON,2021,267,32.000000
BOSTON,2021,266,32.000000
BOSTON,2021,265,32.000000
BOSTON,2021,264,32.000000
BOSTON,2021,263,27.000000
BOSTON,2021,262,
BOSTON,2021,261,
BOSTON,2021,260,27.000000
BOSTON,2021,259,27.000000
BOSTON,2021,258,27.000000
BOSTON,2021,257,18.000000
BOSTON,2021,256,18.000000
BOSTON,2021,255,
BOSTON,2021,254,
BOSTON,2021,253,18.000000
BOSTON,2021,252,18.000000
BOSTON,2021,251,18.000000
BOSTON,2021,250,18.000000
BOSTON,2021,249,
BOSTON,2021,248,
BOSTON,2021,247,
BOSTON,2021,246,18.000000
BOSTON,2021,245,18.000000
BOSTON,2021,244,18.000000
BOSTON,2021,243,19.000000
BOSTON,2021,242,19.000000
BOSTON,2021,241,
BOSTON,2021,240,
BOSTON,2021,239,19.000000
BOSTON,2021,238,19.000000
BOSTON,2021,237,19.000000
BOSTON,2021,236,19.000000
BOSTON,2021,235,18.000000
BOSTON,2021,234,
BOSTON,2021,233,
BOSTON,2021,232,18.000000
BOSTON,2021,231,18.000000
BOSTON,2021,230,18.000000
BOSTON,2021,229,18.000000
BOSTON,2021,228,24.500000
BOSTON,2021,227,
BOSTON,2021,226,
BOSTON,2021,225,24.500000
BOSTON,2021,224,24.500000
BOSTON,2021,223,24.500000
BOSTON,2021,222,24.500000
BOSTON,2021,221,24.500000
BOSTON,2021,220,
BOSTON,2021,219,
BOSTON,2021,218,24.500000
BOSTON,2021,217,24.500000
BOSTON,2021,216,24.500000
BOSTON,2021,215,24.500000
BOSTON,2021,214,24.500000
BOSTON,2021,213,
BOSTON,2021,212,
BOSTON,2021,211,23.000000
BOSTON,2021,210,23.000000
BOSTON,2021,209,23.000000
BOSTON,2021,208,23.000000
BOSTON,2021,207,24.500000
BOSTON,2021,206,
BOSTON,2021,205,
BOSTON,2021,204,24.500000
BOSTON,2021,203,24.500000
BOSTON,2021,202,24.500000
BOSTON,2021,201,24.500000
BOSTON,2021,200,22.000000
BOSTON,2021,199,
BOSTON,2021,198,
BOSTON,2021,197,22.000000
BOSTON,2021,196,22.000000
BOSTON,2021,195,22.000000
BOSTON,2021,194,22.000000
BOSTON,2021,193,22.000000
BOSTON,2021,192,
BOSTON,2021,191,
BOSTON,2021,190,20.000000
BOSTON,2021,189,20.000000
BOSTON,2021,188,20.000000
BOSTON,2021,187,20.000000
BOSTON,2021,186,
BOSTON,2021,185,
BOSTON,2021,184,
BOSTON,2021,183,20.000000
BOSTON,2021,182,20.000000
BOSTON,2021,181,20.000000
BOSTON,2021,180,20.000000
BOSTON,2021,179,24.000000
BOSTON,2021,178,
BOSTON,2021,177,
BOSTON,2021,176,24.000000
BOSTON,2021,175,24.000000
BOSTON,2021,174,24.000000
BOSTON,2021,173,24.000000
BOSTON,2021,172,26.000000
BOSTON,2021,171,
BOSTON,2021,170,
BOSTON,2021,169,26.000000
BOSTON,2021,168,26.000000
BOSTON,2021,167,26.000000
BOSTON,2021,166,26.000000
BOSTON,2021,165,26.000000
BOSTON,2021,164,
BOSTON,2021,163,
BOSTON,2021,162,26.000000
BOSTON,2021,161,26.000000
BOSTON,2021,160,26.000000
BOSTON,2021,159,26.000000
BOSTON,2021,158,26.000000
BOSTON,2021,157,
BOSTON,2021,156,
BOSTON,2021,155,35.000000
BOSTON,2021,154,35.000000
BOSTON,2021,153,35.000000
BOSTON,2021,152,35.000000
BOSTON,2021,151,
BOSTON,2021,150,
BOSTON,2021,149,
BOSTON,2021,148,35.000000
BOSTON,2021,147,35.000000
BOSTON,2021,146,35.000000
BOSTON,2021,145,35.000000
BOSTON,2021,144,35.000000
BOSTON,2021,143,
BOSTON,2021,142,
BOSTON,2021,141,35.000000
BOSTON,2021,140,35.000000
BOSTON,2021,139,35.000000
BOSTON,2021,138,35.000000
BOSTON,2021,137,35.000000
BOSTON,2021,136,
BOSTON,2021,135,
BOSTON,2021,134,35.000000
BOSTON,2021,133,35.000000
BOSTON,2021,132,35.000000
BOSTON,2021,131,35.000000
BOSTON,2021,130,35.000000
BOSTON,2021,129,
BOSTON,2021,128,
BOSTON,2021,127,20.500000
BOSTON,2021,126,20.500000
BOSTON,2021,125,20.500000
BOSTON,2021,124,20.500000
BOSTON,2021,123,20.500000
BOSTON,2021,122,
BOSTON,2021,121,
BOSTON,2021,120,20.500000
BOSTON,2021,119,20.500000
BOSTON,2021,118,20.500000
BOSTON,2021,117,20.500000
BOSTON,2021,116,20.500000
BOSTON,2021,115,
BOSTON,2021,114,
BOSTON,2021,113,20.500000
BOSTON,2021,112,20.500000
BOSTON,2021,111,20.500000
BOSTON,2021,110,20.500000
BOSTON,2021,109,20.500000
BOSTON,2021,108,
BOSTON,2021,107,
BOSTON,2021,106,20.500000
BOSTON,2021,105,20.500000
BOSTON,2021,104,20.500000
BOSTON,2021,103,20.500000
BOSTON,2021,102,20.500000
BOSTON,2021,101,
BOSTON,2021,100,
BOSTON,2021,99,20.500000
BOSTON,2021,98,20.500000
BOSTON,2021,97,20.500000
BOSTON,2021,96,20.500000
BOSTON,2021,95,20.500000
BOSTON,2021,94,
BOSTON,2021,93,
BOSTON,2021,92,20.500000
BOSTON,2021,91,20.500000
BOSTON,2021,90,20.500000
BOSTON,2021,89,20.500000
BOSTON,2021,88,20.500000
BOSTON,2021,87,
BOSTON,2021,86,
BOSTON,2021,85,20.500000
BOSTON,2021,84,20.500000
BOSTON,2021,83,20.500000
BOSTON,2021,82,20.500000
BOSTON,2021,81,20.500000
BOSTON,2021,80,
BOSTON,2021,79,
BOSTON,2021,78,20.500000
BOSTON,2021,77,20.500000
BOSTON,2021,76,20.500000
BOSTON,2021,75,20.500000
BOSTON,2021,74,20.500000
BOSTON,2021,73,
BOSTON,2021,72,
BOSTON,2021,71,20.500000
BOSTON,2021,70,20.500000
BOSTON,2021,69,20.500000
BOSTON,2021,68,20.500000
BOSTON,2021,67,20.500000
BOSTON,2021,66,
BOSTON,2021,65,
BOSTON,2021,64,20.500000
BOSTON,2021,63,20.500000
BOSTON,2021,62,20.500000
BOSTON,2021,61,20.500000
BOSTON,2021,60,20.500000
BOSTON,2021,59,
BOSTON,2021,58,
BOSTON,2021,57,35.000000
BOSTON,2021,56,35.000000
BOSTON,2021,55,35.000000
BOSTON,2021,54,35.000000
BOSTON,2021,53,35.000000
BOSTON,2021,52,
BOSTON,2021,51,
BOSTON,2021,50,35.000000
BOSTON,2021,49,35.000000
BOSTON,2021,48,25.000000
BOSTON,2021,47,25.000000
BOSTON,2021,46,
BOSTON,2021,45,
BOSTON,2021,44,
BOSTON,2021,43,25.000000
BOSTON,2021,42,25.000000
BOSTON,2021,41,25.000000
BOSTON,2021,40,25.000000
BOSTON,2021,39,25.000000
BOSTON,2021,38,
BOSTON,2021,37,
BOSTON,2021,36,25.000000
BOSTON,2021,35,25.000000
BOSTON,2021,34,25.000000
BOSTON,2021,33,25.000000
BOSTON,2021,32,25.000000
BOSTON,2021,31,
BOSTON,2021,30,
BOSTON,2021,29,25.000000
BOSTON,2021,28,25.500000
BOSTON,2021,27,25.500000
BOSTON,2021,26,25.500000
BOSTON,2021,25,25.500000
BOSTON,2021,24,
BOSTON,2021,23,
BOSTON,2021,22,25.500000
BOSTON,2021,21,25.500000
BOSTON,2021,20,25.500000
BOSTON,2021,19,25.500000
BOSTON,2021,18,
BOSTON,2021,17,
BOSTON,2021,16,
BOSTON,2021,15,25.500000
BOSTON,2021,14,25.500000
BOSTON,2021,13,25.500000
BOSTON,2021,12,25.500000
BOSTON,2021,11,25.500000
BOSTON,2021,10,
BOSTON,2021,9,
BOSTON,2021,8,25.500000
BOSTON,2021,7,25.500000
BOSTON,2021,6,25.500000
BOSTON,2021,5,25.500000
BOSTON,2021,4,25.500000
BOSTON,2021,3,
BOSTON,2021,2,
CHICAGO,2021,366,
CHICAGO,2021,365,
CHICAGO,2021,364,18.500000
CHICAGO,2021,363,19.750000
CHICAGO,2021,362,19.750000
CHICAGO,2021,361,19.750000
CHICAGO,2021,360,
CHICAGO,2021,359,
CHICAGO,2021,358,
CHICAGO,2021,357,19.750000
CHICAGO,2021,356,19.750000
CHICAGO,2021,355,19.750000
CHICAGO,2021,354,19.750000
CHICAGO,2021,353,
CHICAGO,2021,352,
CHICAGO,2021,351,19.750000
CHICAGO,2021,350,19.750000
CHICAGO,2021,349,19.750000
CHICAGO,2021,348,19.750000
CHICAGO,2021,347,19.750000
CHICAGO,2021,346,
CHICAGO,2021,345,
CHICAGO,2021,344,19.750000
CHICAGO,2021,343,19.750000
CHICAGO,2021,342,19.750000
CHICAGO,2021,341,19.750000
CHICAGO,2021,340,19.750000
CHICAGO,2021,339,
CHICAGO,2021,338,
CHICAGO,2021,337,19.750000
CHICAGO,2021,336,19.750000
CHICAGO,2021,335,19.750000
CHICAGO,2021,334,19.750000
CHICAGO,2021,333,19.750000
CHICAGO,2021,332,
CHICAGO,2021,331,
CHICAGO,2021,330,19.750000
CHICAGO,2021,329,
CHICAGO,2021,328,19.750000
CHICAGO,2021,327,19.750000
CHICAGO,2021,326,19.750000
CHICAGO,2021,325,
CHICAGO,2021,324,
CHICAGO,2021,323,19.750000
CHICAGO,2021,322,19.750000
CHICAGO,2021,321,19.750000
CHICAGO,2021,320,19.750000
CHICAGO,2021,319,19.750000
CHICAGO,2021,318,
CHICAGO,2021,317,
CHICAGO,2021,316,19.750000
CHICAGO,2021,315,
CHICAGO,2021,314,19.750000
CHICAGO,2021,313,19.750000
CHICAGO,2021,312,19.750000
CHICAGO,2021,311,
CHICAGO,2021,310,
CHICAGO,2021,309,19.750000
CHICAGO,2021,308,19.750000
CHICAGO,2021,307,19.750000
CHICAGO,2021,306,19.750000
CHICAGO,2021,305,19.750000
CHICAGO,2021,304,
CHICAGO,2021,303,
CHICAGO,2021,302,19.750000
CHICAGO,2021,301,19.750000
CHICAGO,2021,300,19.750000
CHICAGO,2021,299,19.750000
CHICAGO,2021,298,19.750000
CHICAGO,2021,297,
CHICAGO,2021,296,
CHICAGO,2021,295,19.750000
CHICAGO,2021,294,19.750000
CHICAGO,2021,293,19.750000
CHICAGO,2021,292,19.750000
CHICAGO,2021,291,19.750000
CHICAGO,2021,290,
CHICAGO,2021,289,
CHICAGO,2021,288,19.750000
CHICAGO,2021,287,19.750000
CHICAGO,2021,286,19.750000
CHICAGO,2021,285,19.750000
CHICAGO,2021,284,
CHICAGO,2021,283,
CHICAGO,2021,282,
CHICAGO,2021,281,19.750000
CHICAGO,2021,280,19.750000
CHICAGO,2021,279,19.750000
CHICAGO,2021,278,19.750000
CHICAGO,2021,277,19.750000
CHICAGO,2021,276,
CHICAGO,2021,275,
CHICAGO,2021,274,19.750000
CHICAGO,2021,273,19.750000
CHICAGO,2021,272,19.750000
CHICAGO,2021,271,19.750000
CHICAGO,2021,270,19.750000
CHICAGO,2021,269,
CHICAGO,2021,268,
CHICAGO,2021,267,19.750000
CHICAGO,2021,266,19.750000
CHICAGO,2021,265,19.750000
CHICAGO,2021,264,19.750000
CHICAGO,2021,263,19.750000
CHICAGO,2021,262,
CHICAGO,2021,261,
CHICAGO,2021,260,19.750000
CHICAGO,2021,259,19.750000
CHICAGO,2021,258,19.750000
CHICAGO,2021,257,19.750000
CHICAGO,2021,256,19.750000
CHICAGO,2021,255,
CHICAGO,2021,254,
CHICAGO,2021,253,19.750000
CHICAGO,2021,252,19.750000
CHICAGO,2021,251,19.750000
CHICAGO,2021,250,19.750000
CHICAGO,2021,249,
CHICAGO,2021,248,
CHICAGO,2021,247,
CHICAGO,2021,246,19.750000
CHICAGO,2021,245,19.750000
CHICAGO,2021,244,19.750000
CHICAGO,2021,243,19.750000
CHICAGO,2021,242,19.750000
CHICAGO,2021,241,
CHICAGO,2021,240,
CHICAGO,2021,239,19.750000
CHICAGO,2021,238,19.750000
CHICAGO,2021,237,19.750000
CHICAGO,2021,236,19.750000
CHICAGO,2021,235,20.250000
CHICAGO,2021,234,
CHICAGO,2021,233,
CHICAGO,2021,232,20.250000
CHICAGO,2021,231,20.250000
CHICAGO,2021,230,20.250000
CHICAGO,2021,229,20.250000
CHICAGO,2021,228,20.250000
CHICAGO,2021,227,
CHICAGO,2021,226,
CHICAGO,2021,225,20.250000
CHICAGO,2021,224,20.000000
CHICAGO,2021,223,20.000000
CHICAGO,2021,222,20.000000
CHICAGO,2021,221,20.500000
CHICAGO,2021,220,
CHICAGO,2021,219,
CHICAGO,2021,218,20.500000
CHICAGO,2021,217,22.000000
CHICAGO,2021,216,22.000000
CHICAGO,2021,215,22.000000
CHICAGO,2021,214,26.000000
CHICAGO,2021,213,
CHICAGO,2021,212,
CHICAGO,2021,211,26.000000
CHICAGO,2021,210,26.000000
CHICAGO,2021,209,26.000000
CHICAGO,2021,208,32.000000
CHICAGO,2021,207,32.000000
CHICAGO,2021,206,
CHICAGO,2021,205,
CHICAGO,2021,204,32.000000
CHICAGO,2021,203,32.000000
CHICAGO,2021,202,32.000000
CHICAGO,2021,201,20.500000
CHICAGO,2021,200,20.500000
CHICAGO,2021,199,
CHICAGO,2021,198,
CHICAGO,2021,197,20.500000
CHICAGO,2021,196,20.500000
CHICAGO,2021,195,
CHICAGO,2021,194,
CHICAGO,2021,193,
CHICAGO,2021,192,
CHICAGO,2021,191,
CHICAGO,2021,190,
CHICAGO,2021,189,
CHICAGO,2021,188,21.000000
CHICAGO,2021,187,21.000000
CHICAGO,2021,186,
CHICAGO,2021,185,
CHICAGO,2021,184,
CHICAGO,2021,183,21.000000
CHICAGO,2021,182,
CHICAGO,2021,181,
CHICAGO,2021,180,
CHICAGO,2021,179,19.000000
CHICAGO,2021,178,
CHICAGO,2021,177,
CHICAGO,2021,176,19.000000
CHICAGO,2021,175,18.000000
CHICAGO,2021,174,18.000000
CHICAGO,2021,173,18.000000
CHICAGO,2021,172,18.000000
CHICAGO,2021,171,
CHICAGO,2021,170,
CHICAGO,2021,169,18.000000
CHICAGO,2021,168,23.000000
CHICAGO,2021,167,23.000000
CHICAGO,2021,166,26.000000
CHICAGO,2021,165,26.000000
CHICAGO,2021,164,
CHICAGO,2021,163,
CHICAGO,2021,162,26.000000
CHICAGO,2021,161,26.000000
CHICAGO,2021,160,36.000000
CHICAGO,2021,159,36.000000
CHICAGO,2021,158,36.000000
CHICAGO,2021,157,
CHICAGO,2021,156,
CHICAGO,2021,155,36.000000
CHICAGO,2021,154,36.000000
CHICAGO,2021,153,36.000000
CHICAGO,2021,152,36.000000
CHICAGO,2021,151,
CHICAGO,2021,150,
CHICAGO,2021,149,
CHICAGO,2021,148,36.000000
CHICAGO,2021,147,36.000000
CHICAGO,2021,146,36.000000
CHICAGO,2021,145,36.000000
CHICAGO,2021,144,36.000000
CHICAGO,2021,143,
CHICAGO,2021,142,
CHICAGO,2021,141,36.000000
CHICAGO,2021,140,22.000000
CHICAGO,2021,139,22.000000
CHICAGO,2021,138,22.000000
CHICAGO,2021,137,22.000000
CHICAGO,2021,136,
CHICAGO,2021,135,
CHICAGO,2021,134,22.000000
CHICAGO,2021,133,22.000000
CHICAGO,2021,132,22.000000
CHICAGO,2021,131,22.000000
CHICAGO,2021,130,12.500000
CHICAGO,2021,129,
CHICAGO,2021,128,
CHICAGO,2021,127,12.500000
CHICAGO,2021,126,22.000000
CHICAGO,2021,125,22.000000
CHICAGO,2021,124,22.000000
CHICAGO,2021,123,22.000000
CHICAGO,2021,122,
CHICAGO,2021,121,
CHICAGO,2021,120,22.000000
CHICAGO,2021,119,22.000000
CHICAGO,2021,118,22.000000
CHICAGO,2021,117,22.000000
CHICAGO,2021,116,22.000000
CHICAGO,2021,115,
CHICAGO,2021,114,
CHICAGO,2021,113,22.000000
CHICAGO,2021,112,22.000000
CHICAGO,2021,111,22.000000
CHICAGO,2021,110,22.000000
CHICAGO,2021,109,22.000000
CHICAGO,2021,108,
CHICAGO,2021,107,
CHICAGO,2021,106,22.000000
CHICAGO,2021,105,22.000000
CHICAGO,2021,104,22.000000
CHICAGO,2021,103,22.000000
CHICAGO,2021,102,29.000000
CHICAGO,2021,101,
CHICAGO,2021,100,
CHICAGO,2021,99,29.000000
CHICAGO,2021,98,29.000000
CHICAGO,2021,97,29.000000
CHICAGO,2021,96,29.000000
CHICAGO,2021,95,29.000000
CHICAGO,2021,94,
CHICAGO,2021,93,
CHICAGO,2021,92,29.000000
CHICAGO,2021,91,29.000000
CHICAGO,2021,90,29.000000
CHICAGO,2021,89,29.000000
CHICAGO,2021,88,29.000000
CHICAGO,2021,87,
CHICAGO,2021,86,
CHICAGO,2021,85,29.000000
CHICAGO,2021,84,34.750000
CHICAGO,2021,83,34.750000
CHICAGO,2021,82,34.750000
CHICAGO,2021,81,34.000000
CHICAGO,2021,80,
CHICAGO,2021,79,
CHICAGO,2021,78,34.000000
CHICAGO,2021,77,34.000000
CHICAGO,2021,76,34.000000
CHICAGO,2021,75,34.000000
CHICAGO,2021,74,40.750000
CHICAGO,2021,73,
CHICAGO,2021,72,
CHICAGO,2021,71,40.750000
CHICAGO,2021,70,40.500000
CHICAGO,2021,69,40.500000
CHICAGO,2021,68,36.000000
CHICAGO,2021,67,36.000000
CHICAGO,2021,66,
CHICAGO,2021,65,
CHICAGO,2021,64,36.000000
CHICAGO,2021,63,36.000000
CHICAGO,2021,62,36.000000
CHICAGO,2021,61,36.000000
CHICAGO,2021,60,36.000000
CHICAGO,2021,59,
CHICAGO,2021,58,
CHICAGO,2021,57,36.000000
CHICAGO,2021,56,36.000000
CHICAGO,2021,55,36.000000
CHICAGO,2021,54,36.000000
CHICAGO,2021,53,36.000000
CHICAGO,2021,52,
CHICAGO,2021,51,
CHICAGO,2021,50,36.000000
CHICAGO,2021,49,36.000000
CHICAGO,2021,48,36.000000
CHICAGO,2021,47,36.000000
CHICAGO,2021,46,
CHICAGO,2021,45,
CHICAGO,2021,44,
CHICAGO,2021,43,36.000000
CHICAGO,2021,42,36.000000
CHICAGO,2021,41,36.000000
CHICAGO,2021,40,36.000000
CHICAGO,2021,39,36.000000
CHICAGO,2021,38,
CHICAGO,2021,37,
CHICAGO,2021,36,36.000000
CHICAGO,2021,35,36.000000
CHICAGO,2021,34,36.000000
CHICAGO,2021,33,36.000000
CHICAGO,2021,32,36.000000
CHICAGO,2021,31,
CHICAGO,2021,30,
CHICAGO,2021,29,36.000000
CHICAGO,2021,28,36.000000
CHICAGO,2021,27,25.000000
CHICAGO,2021,26,25.000000
CHICAGO,2021,25,25.000000
CHICAGO,2021,24,
CHICAGO,2021,23,
CHICAGO,2021,22,25.000000
CHICAGO,2021,21,25.000000
CHICAGO,2021,20,25.000000
CHICAGO,2021,19,32.000000
CHICAGO,2021,18,
CHICAGO,2021,17,
CHICAGO,2021,16,
CHICAGO,2021,15,32.000000
CHICAGO,2021,14,32.000000
CHICAGO,2021,13,32.000000
CHICAGO,2021,12,32.000000
CHICAGO,2021,11,21.000000
CHICAGO,2021,10,
CHICAGO,2021,9,
CHICAGO,2021,8,21.000000
CHICAGO,2021,7,21.000000
CHICAGO,2021,6,21.000000
CHICAGO,2021,5,21.000000
CHICAGO,2021,4,21.000000
CHICAGO,2021,3,
CHICAGO,2021,2,
COLUMBIA,2021,366,
COLUMBIA,2021,365,
COLUMBIA,2021,364,
COLUMBIA,2021,363,
COLUMBIA,2021,362,
COLUMBIA,2021,361,
COLUMBIA,2021,360,
COLUMBIA,2021,359,
COLUMBIA,2021,358,
COLUMBIA,2021,357,
COLUMBIA,2021,356,
COLUMBIA,2021,355,
COLUMBIA,2021,354,
COLUMBIA,2021,353,
COLUMBIA,2021,352,
COLUMBIA,2021,351,
COLUMBIA,2021,350,
COLUMBIA,2021,349,
COLUMBIA,2021,348,
COLUMBIA,2021,347,
COLUMBIA,2021,346,
COLUMBIA,2021,345,
COLUMBIA,2021,344,
COLUMBIA,2021,343,
COLUMBIA,2021,342,
COLUMBIA,2021,341,
COLUMBIA,2021,340,
COLUMBIA,2021,339,
COLUMBIA,2021,338,
COLUMBIA,2021,337,
COLUMBIA,2021,336,
COLUMBIA,2021,335,
COLUMBIA,2021,334,
COLUMBIA,2021,333,
COLUMBIA,2021,332,
COLUMBIA,2021,331,
COLUMBIA,2021,330,
COLUMBIA,2021,329,
COLUMBIA,2021,328,
COLUMBIA,2021,327,
COLUMBIA,2021,326,
COLUMBIA,2021,325,
COLUMBIA,2021,324,
COLUMBIA,2021,323,
COLUMBIA,2021,322,
COLUMBIA,2021,321,
COLUMBIA,2021,320,
COLUMBIA,2021,319,
COLUMBIA,2021,318,
COLUMBIA,2021,317,
COLUMBIA,2021,316,
COLUMBIA,2021,315,
COLUMBIA,2021,314,
COLUMBIA,2021,313,
COLUMBIA,2021,312,
COLUMBIA,2021,311,
COLUMBIA,2021,310,
COLUMBIA,2021,309,
COLUMBIA,2021,308,
COLUMBIA,2021,307,
COLUMBIA,2021,306,
COLUMBIA,2021,305,
COLUMBIA,2021,304,
COLUMBIA,2021,303,
COLUMBIA,2021,302,
COLUMBIA,2021,301,
COLUMBIA,2021,300,
COLUMBIA,2021,299,
COLUMBIA,2021,298,
COLUMBIA,2021,297,
COLUMBIA,2021,296,
COLUMBIA,2021,295,
COLUMBIA,2021,294,
COLUMBIA,2021,293,
COLUMBIA,2021,292,
COLUMBIA,2021,291,
COLUMBIA,2021,290,
COLUMBIA,2021,289,
COLUMBIA,2021,288,
COLUMBIA,2021,287,
COLUMBIA,2021,286,
COLUMBIA,2021,285,
COLUMBIA,2021,284,
COLUMBIA,2021,283,
COLUMBIA,2021,282,
COLUMBIA,2021,281,
COLUMBIA,2021,280,
COLUMBIA,2021,279,
COLUMBIA,2021,278,
COLUMBIA,2021,277,
COLUMBIA,2021,276,
COLUMBIA,2021,275,
COLUMBIA,2021,274,
COLUMBIA,2021,273,
COLUMBIA,2021,272,
COLUMBIA,2021,271,
COLUMBIA,2021,270,
COLUMBIA,2021,269,
COLUMBIA,2021,268,
COLUMBIA,2021,267,
COLUMBIA,2021,266,
COLUMBIA,2021,265,
COLUMBIA,2021,264,
COLUMBIA,2021,263,
COLUMBIA,2021,262,
COLUMBIA,2021,261,
COLUMBIA,2021,260,
COLUMBIA,2021,259,
COLUMBIA,2021,258,
COLUMBIA,2021,257,
COLUMBIA,2021,256,
COLUMBIA,2021,255,
COLUMBIA,2021,254,
COLUMBIA,2021,253,
COLUMBIA,2021,252,
COLUMBIA,2021,251,
COLUMBIA,2021,250,
COLUMBIA,2021,249,
COLUMBIA,2021,248,
COLUMBIA,2021,247,
COLUMBIA,2021,246,
COLUMBIA,2021,245,
COLUMBIA,2021,244,
COLUMBIA,2021,243,
COLUMBIA,2021,242,
COLUMBIA,2021,241,
COLUMBIA,2021,240,
COLUMBIA,2021,239,
COLUMBIA,2021,238,
COLUMBIA,2021,237,
COLUMBIA,2021,236,
COLUMBIA,2021,235,
COLUMBIA,2021,234,
COLUMBIA,2021,233,
COLUMBIA,2021,232,
COLUMBIA,2021,231,
COLUMBIA,2021,230,
COLUMBIA,2021,229,
COLUMBIA,2021,228,
COLUMBIA,2021,227,
COLUMBIA,2021,226,
COLUMBIA,2021,225,
COLUMBIA,2021,224,
COLUMBIA,2021,223,
COLUMBIA,2021,222,
COLUMBIA,2021,221,
COLUMBIA,2021,220,
COLUMBIA,2021,219,
COLUMBIA,2021,218,
COLUMBIA,2021,217,
COLUMBIA,2021,216,
COLUMBIA,2021,215,
COLUMBIA,2021,214,
COLUMBIA,2021,213,
COLUMBIA,2021,212,
COLUMBIA,2021,211,
COLUMBIA,2021,210,
COLUMBIA,2021,209,
COLUMBIA,2021,208,
COLUMBIA,2021,207,
COLUMBIA,2021,206,
COLUMBIA,2021,205,
COLUMBIA,2021,204,
COLUMBIA,2021,203,
COLUMBIA,2021,202,
COLUMBIA,2021,201,
COLUMBIA,2021,200,
COLUMBIA,2021,199,
COLUMBIA,2021,198,
COLUMBIA,2021,197,
COLUMBIA,2021,196,
COLUMBIA,2021,195,
COLUMBIA,2021,194,
COLUMBIA,2021,193,
COLUMBIA,2021,192,
COLUMBIA,2021,191,
COLUMBIA,2021,190,
COLUMBIA,2021,189,
COLUMBIA,2021,188,
COLUMBIA,2021,187,
COLUMBIA,2021,186,
COLUMBIA,2021,185,
COLUMBIA,2021,184,
COLUMBIA,2021,183,
COLUMBIA,2021,182,
COLUMBIA,2021,181,
COLUMBIA,2021,180,
COLUMBIA,2021,179,
COLUMBIA,2021,178,
COLUMBIA,2021,177,
COLUMBIA,2021,176,
COLUMBIA,2021,175,
COLUMBIA,2021,174,
COLUMBIA,2021,173,
COLUMBIA,2021,172,
COLUMBIA,2021,171,
COLUMBIA,2021,170,
COLUMBIA,2021,169,
COLUMBIA,2021,168,
COLUMBIA,2021,167,
COLUMBIA,2021,166,
COLUMBIA,2021,165,
COLUMBIA,2021,164,
COLUMBIA,2021,163,
COLUMBIA,2021,162,
COLUMBIA,2021,161,
COLUMBIA,2021,160,
COLUMBIA,2021,159,
COLUMBIA,2021,158,
COLUMBIA,2021,157,
COLUMBIA,2021,156,
COLUMBIA,2021,155,
COLUMBIA,2021,154,
COLUMBIA,2021,153,
COLUMBIA,2021,152,
COLUMBIA,2021,151,
COLUMBIA,2021,150,
COLUMBIA,2021,149,
COLUMBIA,2021,148,
COLUMBIA,2021,147,
COLUMBIA,2021,146,
COLUMBIA,2021,145,
COLUMBIA,2021,144,
COLUMBIA,2021,143,
COLUMBIA,2021,142,
COLUMBIA,2021,141,
COLUMBIA,2021,140,
COLUMBIA,2021,139,
COLUMBIA,2021,138,
COLUMBIA,2021,137,
COLUMBIA,2021,136,
COLUMBIA,2021,135,
COLUMBIA,2021,134,
COLUMBIA,2021,133,
COLUMBIA,2021,132,
COLUMBIA,2021,131,
COLUMBIA,2021,130,
COLUMBIA,2021,129,
COLUMBIA,2021,128,
COLUMBIA,2021,127,
COLUMBIA,2021,126,
COLUMBIA,2021,125,
COLUMBIA,2021,124,
COLUMBIA,2021,123,
COLUMBIA,2021,122,
COLUMBIA,2021,121,
COLUMBIA,2021,120,
COLUMBIA,2021,119,
COLUMBIA,2021,118,
COLUMBIA,2021,117,
COLUMBIA,2021,116,
COLUMBIA,2021,115,
COLUMBIA,2021,114,
COLUMBIA,2021,113,
COLUMBIA,2021,112,
COLUMBIA,2021,111,
COLUMBIA,2021,110,
COLUMBIA,2021,109,
COLUMBIA,2021,108,
COLUMBIA,2021,107,
COLUMBIA,2021,106,
COLUMBIA,2021,105,
COLUMBIA,2021,104,
COLUMBIA,2021,103,
COLUMBIA,2021,102,
COLUMBIA,2021,101,
COLUMBIA,2021,100,
COLUMBIA,2021,99,
COLUMBIA,2021,98,
COLUMBIA,2021,97,
COLUMBIA,2021,96,
COLUMBIA,2021,95,
COLUMBIA,2021,94,
COLUMBIA,2021,93,
COLUMBIA,2021,92,
COLUMBIA,2021,91,
COLUMBIA,2021,90,
COLUMBIA,2021,89,
COLUMBIA,2021,88,
COLUMBIA,2021,87,
COLUMBIA,2021,86,
COLUMBIA,2021,85,
COLUMBIA,2021,84,
COLUMBIA,2021,83,
COLUMBIA,2021,82,
COLUMBIA,2021,81,
COLUMBIA,2021,80,
COLUMBIA,2021,79,
COLUMBIA,2021,78,
COLUMBIA,2021,77,
COLUMBIA,2021,76,
COLUMBIA,2021,75,
COLUMBIA,2021,74,
COLUMBIA,2021,73,
COLUMBIA,2021,72,
COLUMBIA,2021,71,
COLUMBIA,2021,70,
COLUMBIA,2021,69,
COLUMBIA,2021,68,
COLUMBIA,2021,67,
COLUMBIA,2021,66,
COLUMBIA,2021,65,
COLUMBIA,2021,64,
COLUMBIA,2021,63,
COLUMBIA,2021,62,
COLUMBIA,2021,61,
COLUMBIA,2021,60,
COLUMBIA,2021,59,
COLUMBIA,2021,58,
COLUMBIA,2021,57,25.000000
COLUMBIA,2021,56,25.000000
COLUMBIA,2021,55,25.000000
COLUMBIA,2021,54,25.000000
COLUMBIA,2021,53,25.000000
COLUMBIA,2021,52,
COLUMBIA,2021,51,
COLUMBIA,2021,50,25.000000
COLUMBIA,2021,49,25.000000
COLUMBIA,2021,48,25.000000
COLUMBIA,2021,47,25.000000
COLUMBIA,2021,46,
COLUMBIA,2021,45,
COLUMBIA,2021,44,
COLUMBIA,2021,43,
COLUMBIA,2021,42,
COLUMBIA,2021,41,
COLUMBIA,2021,40,
COLUMBIA,2021,39,
COLUMBIA,2021,38,
COLUMBIA,2021,37,
COLUMBIA,2021,36,
COLUMBIA,2021,35,
COLUMBIA,2021,34,
COLUMBIA,2021,33,
COLUMBIA,2021,32,
COLUMBIA,2021,31,
COLUMBIA,2021,30,
COLUMBIA,2021,29,
COLUMBIA,2021,28,
COLUMBIA,2021,27,
COLUMBIA,2021,26,
COLUMBIA,2021,25,
COLUMBIA,2021,24,
COLUMBIA,2021,23,
COLUMBIA,2021,22,
COLUMBIA,2021,21,
COLUMBIA,2021,20,
COLUMBIA,2021,19,
COLUMBIA,2021,18,
COLUMBIA,2021,17,
COLUMBIA,2021,16,
COLUMBIA,2021,15,
COLUMBIA,2021,14,
COLUMBIA,2021,13,
COLUMBIA,2021,12,
COLUMBIA,2021,11,
COLUMBIA,2021,10,
COLUMBIA,2021,9,
COLUMBIA,2021,8,
COLUMBIA,2021,7,
COLUMBIA,2021,6,
COLUMBIA,2021,5,
COLUMBIA,2021,4,
COLUMBIA,2021,3,
COLUMBIA,2021,2,
MIAMI,2021,366,
MIAMI,2021,365,
MIAMI,2021,364,
MIAMI,2021,363,
MIAMI,2021,362,
MIAMI,2021,361,
MIAMI,2021,360,
MIAMI,2021,359,
MIAMI,2021,358,
MIAMI,2021,357,
MIAMI,2021,356,
MIAMI,2021,355,
MIAMI,2021,354,
MIAMI,2021,353,
MIAMI,2021,352,
MIAMI,2021,351,
MIAMI,2021,350,
MIAMI,2021,349,
MIAMI,2021,348,
MIAMI,2021,347,
MIAMI,2021,346,
MIAMI,2021,345,
MIAMI,2021,344,
MIAMI,2021,343,
MIAMI,2021,342,
MIAMI,2021,341,
MIAMI,2021,340,
MIAMI,2021,339,
MIAMI,2021,338,
MIAMI,2021,337,
MIAMI,2021,336,
MIAMI,2021,335,
MIAMI,2021,334,
MIAMI,2021,333,
MIAMI,2021,332,
MIAMI,2021,331,
MIAMI,2021,330,
MIAMI,2021,329,
MIAMI,2021,328,
MIAMI,2021,327,
MIAMI,2021,326,
MIAMI,2021,325,
MIAMI,2021,324,
MIAMI,2021,323,
MIAMI,2021,322,
MIAMI,2021,321,
MIAMI,2021,320,
MIAMI,2021,319,
MIAMI,2021,318,
MIAMI,2021,317,
MIAMI,2021,316,
MIAMI,2021,315,
MIAMI,2021,314,
MIAMI,2021,313,
MIAMI,2021,312,
MIAMI,2021,311,
MIAMI,2021,310,
MIAMI,2021,309,
MIAMI,2021,308,
MIAMI,2021,307,
MIAMI,2021,306,
MIAMI,2021,305,
MIAMI,2021,304,
MIAMI,2021,303,
MIAMI,2021,302,
MIAMI,2021,301,
MIAMI,2021,300,
MIAMI,2021,299,
MIAMI,2021,298,
MIAMI,2021,297,
MIAMI,2021,296,
MIAMI,2021,295,
MIAMI,2021,294,
MIAMI,2021,293,
MIAMI,2021,292,
MIAMI,2021,291,
MIAMI,2021,290,
MIAMI,2021,289,
MIAMI,2021,288,
MIAMI,2021,287,
MIAMI,2021,286,
MIAMI,2021,285,
MIAMI,2021,284,
MIAMI,2021,283,
MIAMI,2021,282,
MIAMI,2021,281,
MIAMI,2021,280,
MIAMI,2021,279,
MIAMI,2021,278,
MIAMI,2021,277,
MIAMI,2021,276,
MIAMI,2021,275,
MIAMI,2021,274,
MIAMI,2021,273,
MIAMI,2021,272,
MIAMI,2021,271,
MIAMI,2021,270,
MIAMI,2021,269,
MIAMI,2021,268,
MIAMI,2021,267,
MIAMI,2021,266,
MIAMI,2021,265,
MIAMI,2021,264,
MIAMI,2021,263,
MIAMI,2021,262,
MIAMI,2021,261,
MIAMI,2021,260,
MIAMI,2021,259,
MIAMI,2021,258,
MIAMI,2021,257,
MIAMI,2021,256,
MIAMI,2021,255,
MIAMI,2021,254,
MIAMI,2021,253,
MIAMI,2021,252,
MIAMI,2021,251,
MIAMI,2021,250,
MIAMI,2021,249,
MIAMI,2021,248,
MIAMI,2021,247,
MIAMI,2021,246,
MIAMI,2021,245,
MIAMI,2021,244,
MIAMI,2021,243,
MIAMI,2021,242,
MIAMI,2021,241,
MIAMI,2021,240,
MIAMI,2021,239,
MIAMI,2021,238,
MIAMI,2021,237,
MIAMI,2021,236,
MIAMI,2021,235,
MIAMI,2021,234,
MIAMI,2021,233,
MIAMI,2021,232,
MIAMI,2021,231,
MIAMI,2021,230,
MIAMI,2021,229,
MIAMI,2021,228,
MIAMI,2021,227,
MIAMI,2021,226,
MIAMI,2021,225,
MIAMI,2021,224,
MIAMI,2021,223,
MIAMI,2021,222,
MIAMI,2021,221,
MIAMI,2021,220,
MIAMI,2021,219,
MIAMI,2021,218,
MIAMI,2021,217,
MIAMI,2021,216,
MIAMI,2021,215,
MIAMI,2021,214,
MIAMI,2021,213,
MIAMI,2021,212,
MIAMI,2021,211,
MIAMI,2021,210,
MIAMI,2021,209,
MIAMI,2021,208,
MIAMI,2021,207,
MIAMI,2021,206,
MIAMI,2021,205,
MIAMI,2021,204,
MIAMI,2021,203,
MIAMI,2021,202,
MIAMI,2021,201,
MIAMI,2021,200,
MIAMI,2021,199,
MIAMI,2021,198,
MIAMI,2021,197,
MIAMI,2021,196,
MIAMI,2021,195,19.500000
MIAMI,2021,194,19.500000
MIAMI,2021,193,19.500000
MIAMI,2021,192,
MIAMI,2021,191,
MIAMI,2021,190,19.500000
MIAMI,2021,189,19.500000
MIAMI,2021,188,19.500000
MIAMI,2021,187,19.500000
MIAMI,2021,186,
MIAMI,2021,185,
MIAMI,2021,184,
MIAMI,2021,183,19.500000
MIAMI,2021,182,19.500000
MIAMI,2021,181,19.500000
MIAMI,2021,180,19.500000
MIAMI,2021,179,19.500000
MIAMI,2021,178,
MIAMI,2021,177,
MIAMI,2021,176,19.500000
MIAMI,2021,175,19.500000
MIAMI,2021,174,19.500000
MIAMI,2021,173,19.500000
MIAMI,2021,172,19.500000
MIAMI,2021,171,
MIAMI,2021,170,
MIAMI,2021,169,19.500000
MIAMI,2021,168,19.500000
MIAMI,2021,167,19.500000
MIAMI,2021,166,19.500000
MIAMI,2021,165,19.500000
MIAMI,2021,164,
MIAMI,2021,163,
MIAMI,2021,162,19.500000
MIAMI,2021,161,19.500000
MIAMI,2021,160,19.500000
MIAMI,2021,159,19.500000
MIAMI,2021,158,19.500000
MIAMI,2021,157,
MIAMI,2021,156,
MIAMI,2021,155,19.500000
MIAMI,2021,154,19.500000
MIAMI,2021,153,19.500000
MIAMI,2021,152,19.500000
MIAMI,2021,151,
MIAMI,2021,150,
MIAMI,2021,149,
MIAMI,2021,148,19.500000
MIAMI,2021,147,19.500000
MIAMI,2021,146,19.500000
MIAMI,2021,145,19.500000
MIAMI,2021,144,19.500000
MIAMI,2021,143,
MIAMI,2021,142,
MIAMI,2021,141,19.500000
MIAMI,2021,140,19.500000
MIAMI,2021,139,19.500000
MIAMI,2021,138,19.500000
MIAMI,2021,137,19.500000
MIAMI,2021,136,
MIAMI,2021,135,
MIAMI,2021,134,19.500000
MIAMI,2021,133,19.500000
MIAMI,2021,132,19.500000
MIAMI,2021,131,19.500000
MIAMI,2021,130,19.500000
MIAMI,2021,129,
MIAMI,2021,128,
MIAMI,2021,127,19.500000
MIAMI,2021,126,19.500000
MIAMI,2021,125,19.500000
MIAMI,2021,124,19.500000
MIAMI,2021,123,19.500000
MIAMI,2021,122,
MIAMI,2021,121,
MIAMI,2021,120,19.500000
MIAMI,2021,119,19.500000
MIAMI,2021,118,19.500000
MIAMI,2021,117,19.500000
MIAMI,2021,116,19.500000
MIAMI,2021,115,
MIAMI,2021,114,
MIAMI,2021,113,19.500000
MIAMI,2021,112,19.500000
MIAMI,2021,111,19.500000
MIAMI,2021,110,19.500000
MIAMI,2021,109,19.500000
MIAMI,2021,108,
MIAMI,2021,107,
MIAMI,2021,106,19.500000
MIAMI,2021,105,19.500000
MIAMI,2021,104,19.500000
MIAMI,2021,103,19.500000
MIAMI,2021,102,19.500000
MIAMI,2021,101,
MIAMI,2021,100,
MIAMI,2021,99,19.500000
MIAMI,2021,98,19.500000
MIAMI,2021,97,19.500000
MIAMI,2021,96,19.500000
MIAMI,2021,95,19.500000
MIAMI,2021,94,
MIAMI,2021,93,
MIAMI,2021,92,19.500000
MIAMI,2021,91,19.500000
MIAMI,2021,90,19.500000
MIAMI,2021,89,19.500000
MIAMI,2021,88,19.500000
MIAMI,2021,87,
MIAMI,2021,86,
MIAMI,2021,85,19.500000
MIAMI,2021,84,19.500000
MIAMI,2021,83,19.500000
MIAMI,2021,82,19.500000
MIAMI,2021,81,19.500000
MIAMI,2021,80,
MIAMI,2021,79,
MIAMI,2021,78,
MIAMI,2021,77,
MIAMI,2021,76,
MIAMI,2021,75,
MIAMI,2021,74,
MIAMI,2021,73,
MIAMI,2021,72,
MIAMI,2021,71,
MIAMI,2021,70,
MIAMI,2021,69,
MIAMI,2021,68,
MIAMI,2021,67,
MIAMI,2021,66,
MIAMI,2021,65,
MIAMI,2021,64,
MIAMI,2021,63,
MIAMI,2021,62,
MIAMI,2021,61,
MIAMI,2021,60,
MIAMI,2021,59,
MIAMI,2021,58,
MIAMI,2021,57,
MIAMI,2021,56,
MIAMI,2021,55,
MIAMI,2021,54,
MIAMI,2021,53,
MIAMI,2021,52,
MIAMI,2021,51,
MIAMI,2021,50,
MIAMI,2021,49,
MIAMI,2021,48,
MIAMI,2021,47,
MIAMI,2021,46,
MIAMI,2021,45,
MIAMI,2021,44,
MIAMI,2021,43,
MIAMI,2021,42,
MIAMI,2021,41,
MIAMI,2021,40,
MIAMI,2021,39,
MIAMI,2021,38,
MIAMI,2021,37,
MIAMI,2021,36,
MIAMI,2021,35,
MIAMI,2021,34,
MIAMI,2021,33,
MIAMI,2021,32,
MIAMI,2021,31,
MIAMI,2021,30,
MIAMI,2021,29,
MIAMI,2021,28,
MIAMI,2021,27,
MIAMI,2021,26,
MIAMI,2021,25,
MIAMI,2021,24,
MIAMI,2021,23,
MIAMI,2021,22,
MIAMI,2021,21,
MIAMI,2021,20,
MIAMI,2021,19,
MIAMI,2021,18,
MIAMI,2021,17,
MIAMI,2021,16,
MIAMI,2021,15,
MIAMI,2021,14,
MIAMI,2021,13,
MIAMI,2021,12,
MIAMI,2021,11,
MIAMI,2021,10,
MIAMI,2021,9,
MIAMI,2021,8,
MIAMI,2021,7,
MIAMI,2021,6,
MIAMI,2021,5,
MIAMI,2021,4,
MIAMI,2021,3,
MIAMI,2021,2,
NEW YORK,2021,366,
NEW YORK,2021,365,
NEW YORK,2021,364,37.500000
NEW YORK,2021,363,37.500000
NEW YORK,2021,362,37.500000
NEW YORK,2021,361,34.000000
NEW YORK,2021,360,
NEW YORK,2021,359,
NEW YORK,2021,358,
NEW YORK,2021,357,38.000000
NEW YORK,2021,356,38.000000
NEW YORK,2021,355,38.000000
NEW YORK,2021,354,39.333333
NEW YORK,2021,353,
NEW YORK,2021,352,
NEW YORK,2021,351,40.833333
NEW YORK,2021,350,40.833333
NEW YORK,2021,349,39.000000
NEW YORK,2021,348,39.000000
NEW YORK,2021,347,38.500000
NEW YORK,2021,346,
NEW YORK,2021,345,
NEW YORK,2021,344,45.500000
NEW YORK,2021,343,45.500000
NEW YORK,2021,342,45.500000
NEW YORK,2021,341,45.500000
NEW YORK,2021,340,47.333333
NEW YORK,2021,339,
NEW YORK,2021,338,
NEW YORK,2021,337,60.000000
NEW YORK,2021,336,57.500000
NEW YORK,2021,335,48.250000
NEW YORK,2021,334,48.250000
NEW YORK,2021,333,46.500000
NEW YORK,2021,332,
NEW YORK,2021,331,
NEW YORK,2021,330,
NEW YORK,2021,329,
NEW YORK,2021,328,38.000000
NEW YORK,2021,327,38.000000
NEW YORK,2021,326,38.000000
NEW YORK,2021,325,
NEW YORK,2021,324,
NEW YORK,2021,323,37.500000
NEW YORK,2021,322,37.500000
NEW YORK,2021,321,37.500000
NEW YORK,2021,320,37.500000
NEW YORK,2021,319,28.333333
NEW YORK,2021,318,
NEW YORK,2021,317,
NEW YORK,2021,316,24.500000
NEW YORK,2021,315,
NEW YORK,2021,314,24.500000
NEW YORK,2021,313,24.500000
NEW YORK,2021,312,24.500000
NEW YORK,2021,311,
NEW YORK,2021,310,
NEW YORK,2021,309,20.500000
NEW YORK,2021,308,20.500000
NEW YORK,2021,307,19.250000
NEW YORK,2021,306,19.900000
NEW YORK,2021,305,21.125000
NEW YORK,2021,304,
NEW YORK,2021,303,
NEW YORK,2021,302,17.785714
NEW YORK,2021,301,17.785714
NEW YORK,2021,300,16.583333
NEW YORK,2021,299,16.500000
NEW YORK,2021,298,16.500000
NEW YORK,2021,297,
NEW YORK,2021,296,
NEW YORK,2021,295,21.333333
NEW YORK,2021,294,21.333333
NEW YORK,2021,293,20.666666
NEW YORK,2021,292,20.666666
NEW YORK,2021,291,20.900000
NEW YORK,2021,290,
NEW YORK,2021,289,
NEW YORK,2021,288,21.700000
NEW YORK,2021,287,21.700000
NEW YORK,2021,286,21.700000
NEW YORK,2021,285,21.700000
NEW YORK,2021,284,
NEW YORK,2021,283,
NEW YORK,2021,282,
NEW YORK,2021,281,23.857142
NEW YORK,2021,280,23.857142
NEW YORK,2021,279,23.857142
NEW YORK,2021,278,23.857142
NEW YORK,2021,277,21.666666
NEW YORK,2021,276,
NEW YORK,2021,275,
NEW YORK,2021,274,22.400000
NEW YORK,2021,273,19.000000
NEW YORK,2021,272,15.000000
NEW YORK,2021,271,15.000000
NEW YORK,2021,270,16.666666
NEW YORK,2021,269,
NEW YORK,2021,268,
NEW YORK,2021,267,16.666666
NEW YORK,2021,266,16.666666
NEW YORK,2021,265,15.400000
NEW YORK,2021,264,15.400000
NEW YORK,2021,263,16.800000
NEW YORK,2021,262,
NEW YORK,2021,261,
NEW YORK,2021,260,15.083333
NEW YORK,2021,259,15.083333
NEW YORK,2021,258,17.375000
NEW YORK,2021,257,17.375000
NEW YORK,2021,256,14.833333
NEW YORK,2021,255,
NEW YORK,2021,254,
NEW YORK,2021,253,17.785714
NEW YORK,2021,252,17.785714
NEW YORK,2021,251,17.833333
NEW YORK,2021,250,17.428571
NEW YORK,2021,249,
NEW YORK,2021,248,
NEW YORK,2021,247,
NEW YORK,2021,246,16.500000
NEW YORK,2021,245,16.250000
NEW YORK,2021,244,16.250000
NEW YORK,2021,243,16.250000
NEW YORK,2021,242,14.500000
NEW YORK,2021,241,
NEW YORK,2021,240,
NEW YORK,2021,239,16.500000
NEW YORK,2021,238,16.500000
NEW YORK,2021,237,16.833333
NEW YORK,2021,236,16.833333
NEW YORK,2021,235,17.000000
NEW YORK,2021,234,
NEW YORK,2021,233,
NEW YORK,2021,232,17.400000
NEW YORK,2021,231,17.400000
NEW YORK,2021,230,18.000000
NEW YORK,2021,229,14.333333
NEW YORK,2021,228,13.000000
NEW YORK,2021,227,
NEW YORK,2021,226,
NEW YORK,2021,225,15.500000
NEW YORK,2021,224,15.500000
NEW YORK,2021,223,15.500000
NEW YORK,2021,222,17.750000
NEW YORK,2021,221,17.750000
NEW YORK,2021,220,
NEW YORK,2021,219,
NEW YORK,2021,218,15.500000
NEW YORK,2021,217,15.500000
NEW YORK,2021,216,15.500000
NEW YORK,2021,215,17.250000
NEW YORK,2021,214,17.250000
NEW YORK,2021,213,
NEW YORK,2021,212,
NEW YORK,2021,211,21.000000
NEW YORK,2021,210,21.000000
NEW YORK,2021,209,21.000000
NEW YORK,2021,208,21.000000
NEW YORK,2021,207,21.000000
NEW YORK,2021,206,
NEW YORK,2021,205,
NEW YORK,2021,204,28.000000
NEW YORK,2021,203,28.000000
NEW YORK,2021,202,28.250000
NEW YORK,2021,201,28.250000
NEW YORK,2021,200,28.250000
NEW YORK,2021,199,
NEW YORK,2021,198,
NEW YORK,2021,197,19.500000
NEW YORK,2021,196,19.500000
NEW YORK,2021,195,19.166666
NEW YORK,2021,194,18.833333
NEW YORK,2021,193,18.500000
NEW YORK,2021,192,
NEW YORK,2021,191,
NEW YORK,2021,190,18.833333
NEW YORK,2021,189,18.833333
NEW YORK,2021,188,12.000000
NEW YORK,2021,187,7.833333
NEW YORK,2021,186,
NEW YORK,2021,185,
NEW YORK,2021,184,
NEW YORK,2021,183,7.500000
NEW YORK,2021,182,7.500000
NEW YORK,2021,181,7.500000
NEW YORK,2021,180,
NEW YORK,2021,179,
NEW YORK,2021,178,
NEW YORK,2021,177,
NEW YORK,2021,176,
NEW YORK,2021,175,
NEW YORK,2021,174,
NEW YORK,2021,173,
NEW YORK,2021,172,
NEW YORK,2021,171,
NEW YORK,2021,170,
NEW YORK,2021,169,13.750000
NEW YORK,2021,168,13.750000
NEW YORK,2021,167,13.750000
NEW YORK,2021,166,13.750000
NEW YORK,2021,165,13.000000
NEW YORK,2021,164,
NEW YORK,2021,163,
NEW YORK,2021,162,15.000000
NEW YORK,2021,161,15.000000
NEW YORK,2021,160,15.000000
NEW YORK,2021,159,15.000000
NEW YORK,2021,158,15.000000
NEW YORK,2021,157,
NEW YORK,2021,156,
NEW YORK,2021,155,21.500000
NEW YORK,2021,154,21.500000
NEW YORK,2021,153,23.166666
NEW YORK,2021,152,22.000000
NEW YORK,2021,151,
NEW YORK,2021,150,
NEW YORK,2021,149,
NEW YORK,2021,148,22.500000
NEW YORK,2021,147,22.500000
NEW YORK,2021,146,22.500000
NEW YORK,2021,145,22.500000
NEW YORK,2021,144,22.500000
NEW YORK,2021,143,
NEW YORK,2021,142,
NEW YORK,2021,141,22.750000
NEW YORK,2021,140,22.750000
NEW YORK,2021,139,22.750000
NEW YORK,2021,138,22.750000
NEW YORK,2021,137,22.750000
NEW YORK,2021,136,
NEW YORK,2021,135,
NEW YORK,2021,134,19.500000
NEW YORK,2021,133,19.500000
NEW YORK,2021,132,19.500000
NEW YORK,2021,131,19.500000
NEW YORK,2021,130,19.500000
NEW YORK,2021,129,
NEW YORK,2021,128,
NEW YORK,2021,127,19.500000
NEW YORK,2021,126,19.500000
NEW YORK,2021,125,19.500000
NEW YORK,2021,124,19.500000
NEW YORK,2021,123,19.500000
NEW YORK,2021,122,
NEW YORK,2021,121,
NEW YORK,2021,120,20.000000
NEW YORK,2021,119,20.000000
NEW YORK,2021,118,20.000000
NEW YORK,2021,117,11.750000
NEW YORK,2021,116,11.750000
NEW YORK,2021,115,
NEW YORK,2021,114,
NEW YORK,2021,113,11.750000
NEW YORK,2021,112,18.000000
NEW YORK,2021,111,18.000000
NEW YORK,2021,110,18.000000
NEW YORK,2021,109,20.000000
NEW YORK,2021,108,
NEW YORK,2021,107,
NEW YORK,2021,106,20.000000
NEW YORK,2021,105,20.000000
NEW YORK,2021,104,20.000000
NEW YORK,2021,103,20.000000
NEW YORK,2021,102,19.666666
NEW YORK,2021,101,
NEW YORK,2021,100,
NEW YORK,2021,99,23.250000
NEW YORK,2021,98,22.333333
NEW YORK,2021,97,22.333333
NEW YORK,2021,96,22.166666
NEW YORK,2021,95,
NEW YORK,2021,94,
NEW YORK,2021,93,
NEW YORK,2021,92,22.333333
NEW YORK,2021,91,20.500000
NEW YORK,2021,90,21.000000
NEW YORK,2021,89,21.000000
NEW YORK,2021,88,26.900000
NEW YORK,2021,87,
NEW YORK,2021,86,
NEW YORK,2021,85,26.900000
NEW YORK,2021,84,29.250000
NEW YORK,2021,83,29.250000
NEW YORK,2021,82,29.250000
NEW YORK,2021,81,30.125000
NEW YORK,2021,80,
NEW YORK,2021,79,
NEW YORK,2021,78,30.125000
NEW YORK,2021,77,30.125000
NEW YORK,2021,76,30.125000
NEW YORK,2021,75,30.125000
NEW YORK,2021,74,35.833333
NEW YORK,2021,73,
NEW YORK,2021,72,
NEW YORK,2021,71,35.833333
NEW YORK,2021,70,32.375000
NEW YORK,2021,69,32.375000
NEW YORK,2021,68,32.375000
NEW YORK,2021,67,35.000000
NEW YORK,2021,66,
NEW YORK,2021,65,
NEW YORK,2021,64,35.000000
NEW YORK,2021,63,35.000000
NEW YORK,2021,62,35.000000
NEW YORK,2021,61,35.000000
NEW YORK,2021,60,38.000000
NEW YORK,2021,59,
NEW YORK,2021,58,
NEW YORK,2021,57,41.000000
NEW YORK,2021,56,41.000000
NEW YORK,2021,55,41.000000
NEW YORK,2021,54,36.500000
NEW YORK,2021,53,31.000000
NEW YORK,2021,52,
NEW YORK,2021,51,
NEW YORK,2021,50,31.000000
NEW YORK,2021,49,31.000000
NEW YORK,2021,48,31.000000
NEW YORK,2021,47,32.000000
NEW YORK,2021,46,
NEW YORK,2021,45,
NEW YORK,2021,44,
NEW YORK,2021,43,35.000000
NEW YORK,2021,42,35.000000
NEW YORK,2021,41,35.000000
NEW YORK,2021,40,35.000000
NEW YORK,2021,39,
NEW YORK,2021,38,
NEW YORK,2021,37,
NEW YORK,2021,36,32.000000
NEW YORK,2021,35,32.000000
NEW YORK,2021,34,32.000000
NEW YORK,2021,33,35.000000
NEW YORK,2021,32,25.000000
NEW YORK,2021,31,
NEW YORK,2021,30,
NEW YORK,2021,29,25.000000
NEW YORK,2021,28,25.000000
NEW YORK,2021,27,29.250000
NEW YORK,2021,26,29.250000
NEW YORK,2021,25,29.750000
NEW YORK,2021,24,
NEW YORK,2021,23,
NEW YORK,2021,22,33.500000
NEW YORK,2021,21,33.500000
NEW YORK,2021,20,33.500000
NEW YORK,2021,19,33.666666
NEW YORK,2021,18,
NEW YORK,2021,17,
NEW YORK,2021,16,
NEW YORK,2021,15,36.000000
NEW YORK,2021,14,36.000000
NEW YORK,2021,13,34.000000
NEW YORK,2021,12,36.500000
NEW YORK,2021,11,34.500000
NEW YORK,2021,10,
NEW YORK,2021,9,
NEW YORK,2021,8,33.333333
NEW YORK,2021,7,33.333333
NEW YORK,2021,6,33.333333
NEW YORK,2021,5,33.333333
NEW YORK,2021,4,32.000000
NEW YORK,2021,3,
NEW YORK,2021,2,
PHILADELPHIA,2021,366,
PHILADELPHIA,2021,365,
PHILADELPHIA,2021,364,32.000000
PHILADELPHIA,2021,363,32.000000
PHILADELPHIA,2021,362,
PHILADELPHIA,2021,361,
PHILADELPHIA,2021,360,
PHILADELPHIA,2021,359,
PHILADELPHIA,2021,358,
PHILADELPHIA,2021,357,35.000000
PHILADELPHIA,2021,356,35.000000
PHILADELPHIA,2021,355,35.000000
PHILADELPHIA,2021,354,35.000000
PHILADELPHIA,2021,353,
PHILADELPHIA,2021,352,
PHILADELPHIA,2021,351,42.000000
PHILADELPHIA,2021,350,39.000000
PHILADELPHIA,2021,349,38.000000
PHILADELPHIA,2021,348,38.000000
PHILADELPHIA,2021,347,38.000000
PHILADELPHIA,2021,346,
PHILADELPHIA,2021,345,
PHILADELPHIA,2021,344,40.000000
PHILADELPHIA,2021,343,40.000000
PHILADELPHIA,2021,342,47.000000
PHILADELPHIA,2021,341,47.000000
PHILADELPHIA,2021,340,47.000000
PHILADELPHIA,2021,339,
PHILADELPHIA,2021,338,
PHILADELPHIA,2021,337,48.000000
PHILADELPHIA,2021,336,48.000000
PHILADELPHIA,2021,335,48.000000
PHILADELPHIA,2021,334,
PHILADELPHIA,2021,333,
PHILADELPHIA,2021,332,
PHILADELPHIA,2021,331,
PHILADELPHIA,2021,330,
PHILADELPHIA,2021,329,
PHILADELPHIA,2021,328,41.000000
PHILADELPHIA,2021,327,41.000000
PHILADELPHIA,2021,326,41.000000
PHILADELPHIA,2021,325,
PHILADELPHIA,2021,324,
PHILADELPHIA,2021,323,42.500000
PHILADELPHIA,2021,322,42.500000
PHILADELPHIA,2021,321,42.500000
PHILADELPHIA,2021,320,44.000000
PHILADELPHIA,2021,319,
PHILADELPHIA,2021,318,
PHILADELPHIA,2021,317,
PHILADELPHIA,2021,316,24.000000
PHILADELPHIA,2021,315,
PHILADELPHIA,2021,314,24.666666
PHILADELPHIA,2021,313,24.666666
PHILADELPHIA,2021,312,24.666666
PHILADELPHIA,2021,311,
PHILADELPHIA,2021,310,
PHILADELPHIA,2021,309,26.000000
PHILADELPHIA,2021,308,26.000000
PHILADELPHIA,2021,307,26.000000
PHILADELPHIA,2021,306,
PHILADELPHIA,2021,305,
PHILADELPHIA,2021,304,
PHILADELPHIA,2021,303,
PHILADELPHIA,2021,302,21.000000
PHILADELPHIA,2021,301,21.000000
PHILADELPHIA,2021,300,21.000000
PHILADELPHIA,2021,299,21.000000
PHILADELPHIA,2021,298,21.000000
PHILADELPHIA,2021,297,
PHILADELPHIA,2021,296,
PHILADELPHIA,2021,295,18.333333
PHILADELPHIA,2021,294,
PHILADELPHIA,2021,293,18.000000
PHILADELPHIA,2021,292,
PHILADELPHIA,2021,291,18.500000
PHILADELPHIA,2021,290,
PHILADELPHIA,2021,289,
PHILADELPHIA,2021,288,
PHILADELPHIA,2021,287,
PHILADELPHIA,2021,286,
PHILADELPHIA,2021,285,
PHILADELPHIA,2021,284,
PHILADELPHIA,2021,283,
PHILADELPHIA,2021,282,
PHILADELPHIA,2021,281,17.600000
PHILADELPHIA,2021,280,
PHILADELPHIA,2021,279,17.600000
PHILADELPHIA,2021,278,
PHILADELPHIA,2021,277,17.600000
PHILADELPHIA,2021,276,
PHILADELPHIA,2021,275,
PHILADELPHIA,2021,274,11.500000
PHILADELPHIA,2021,273,
PHILADELPHIA,2021,272,11.500000
PHILADELPHIA,2021,271,
PHILADELPHIA,2021,270,11.500000
PHILADELPHIA,2021,269,
PHILADELPHIA,2021,268,
PHILADELPHIA,2021,267,11.500000
PHILADELPHIA,2021,266,11.500000
PHILADELPHIA,2021,265,13.000000
PHILADELPHIA,2021,264,13.000000
PHILADELPHIA,2021,263,11.500000
PHILADELPHIA,2021,262,
PHILADELPHIA,2021,261,
PHILADELPHIA,2021,260,11.500000
PHILADELPHIA,2021,259,11.500000
PHILADELPHIA,2021,258,11.500000
PHILADELPHIA,2021,257,13.000000
PHILADELPHIA,2021,256,13.000000
PHILADELPHIA,2021,255,
PHILADELPHIA,2021,254,
PHILADELPHIA,2021,253,12.000000
PHILADELPHIA,2021,252,12.000000
PHILADELPHIA,2021,251,12.000000
PHILADELPHIA,2021,250,12.000000
PHILADELPHIA,2021,249,
PHILADELPHIA,2021,248,
PHILADELPHIA,2021,247,
PHILADELPHIA,2021,246,12.000000
PHILADELPHIA,2021,245,12.000000
PHILADELPHIA,2021,244,12.000000
PHILADELPHIA,2021,243,12.000000
PHILADELPHIA,2021,242,12.000000
PHILADELPHIA,2021,241,
PHILADELPHIA,2021,240,
PHILADELPHIA,2021,239,11.000000
PHILADELPHIA,2021,238,11.000000
PHILADELPHIA,2021,237,11.000000
PHILADELPHIA,2021,236,11.000000
PHILADELPHIA,2021,235,11.000000
PHILADELPHIA,2021,234,
PHILADELPHIA,2021,233,
PHILADELPHIA,2021,232,10.000000
PHILADELPHIA,2021,231,10.000000
PHILADELPHIA,2021,230,10.000000
PHILADELPHIA,2021,229,10.000000
PHILADELPHIA,2021,228,10.000000
PHILADELPHIA,2021,227,
PHILADELPHIA,2021,226,
PHILADELPHIA,2021,225,13.000000
PHILADELPHIA,2021,224,13.000000
PHILADELPHIA,2021,223,14.500000
PHILADELPHIA,2021,222,14.500000
PHILADELPHIA,2021,221,15.500000
PHILADELPHIA,2021,220,
PHILADELPHIA,2021,219,
PHILADELPHIA,2021,218,13.666666
PHILADELPHIA,2021,217,13.666666
PHILADELPHIA,2021,216,13.666666
PHILADELPHIA,2021,215,13.500000
PHILADELPHIA,2021,214,13.500000
PHILADELPHIA,2021,213,
PHILADELPHIA,2021,212,
PHILADELPHIA,2021,211,19.000000
PHILADELPHIA,2021,210,19.000000
PHILADELPHIA,2021,209,19.000000
PHILADELPHIA,2021,208,21.000000
PHILADELPHIA,2021,207,21.000000
PHILADELPHIA,2021,206,
PHILADELPHIA,2021,205,
PHILADELPHIA,2021,204,22.000000
PHILADELPHIA,2021,203,22.000000
PHILADELPHIA,2021,202,22.000000
PHILADELPHIA,2021,201,22.000000
PHILADELPHIA,2021,200,22.000000
PHILADELPHIA,2021,199,
PHILADELPHIA,2021,198,
PHILADELPHIA,2021,197,18.000000
PHILADELPHIA,2021,196,19.000000
PHILADELPHIA,2021,195,19.000000
PHILADELPHIA,2021,194,19.000000
PHILADELPHIA,2021,193,18.500000
PHILADELPHIA,2021,192,
PHILADELPHIA,2021,191,
PHILADELPHIA,2021,190,17.500000
PHILADELPHIA,2021,189,17.500000
PHILADELPHIA,2021,188,17.000000
PHILADELPHIA,2021,187,17.000000
PHILADELPHIA,2021,186,
PHILADELPHIA,2021,185,
PHILADELPHIA,2021,184,
PHILADELPHIA,2021,183,17.000000
PHILADELPHIA,2021,182,17.000000
PHILADELPHIA,2021,181,17.000000
PHILADELPHIA,2021,180,16.000000
PHILADELPHIA,2021,179,16.000000
PHILADELPHIA,2021,178,
PHILADELPHIA,2021,177,
PHILADELPHIA,2021,176,17.000000
PHILADELPHIA,2021,175,17.000000
PHILADELPHIA,2021,174,18.000000
PHILADELPHIA,2021,173,18.000000
PHILADELPHIA,2021,172,18.000000
PHILADELPHIA,2021,171,
PHILADELPHIA,2021,170,
PHILADELPHIA,2021,169,18.500000
PHILADELPHIA,2021,168,18.500000
PHILADELPHIA,2021,167,18.666666
PHILADELPHIA,2021,166,18.666666
PHILADELPHIA,2021,165,18.666666
PHILADELPHIA,2021,164,
PHILADELPHIA,2021,163,
PHILADELPHIA,2021,162,19.333333
PHILADELPHIA,2021,161,17.500000
PHILADELPHIA,2021,160,22.500000
PHILADELPHIA,2021,159,23.500000
PHILADELPHIA,2021,158,23.500000
PHILADELPHIA,2021,157,
PHILADELPHIA,2021,156,
PHILADELPHIA,2021,155,25.250000
PHILADELPHIA,2021,154,25.250000
PHILADELPHIA,2021,153,25.250000
PHILADELPHIA,2021,152,25.250000
PHILADELPHIA,2021,151,
PHILADELPHIA,2021,150,
PHILADELPHIA,2021,149,
PHILADELPHIA,2021,148,22.750000
PHILADELPHIA,2021,147,22.750000
PHILADELPHIA,2021,146,23.000000
PHILADELPHIA,2021,145,23.000000
PHILADELPHIA,2021,144,15.333333
PHILADELPHIA,2021,143,
PHILADELPHIA,2021,142,
PHILADELPHIA,2021,141,15.333333
PHILADELPHIA,2021,140,15.333333
PHILADELPHIA,2021,139,18.000000
PHILADELPHIA,2021,138,18.000000
PHILADELPHIA,2021,137,18.000000
PHILADELPHIA,2021,136,
PHILADELPHIA,2021,135,
PHILADELPHIA,2021,134,22.000000
PHILADELPHIA,2021,133,22.000000
PHILADELPHIA,2021,132,17.250000
PHILADELPHIA,2021,131,17.250000
PHILADELPHIA,2021,130,15.750000
PHILADELPHIA,2021,129,
PHILADELPHIA,2021,128,
PHILADELPHIA,2021,127,15.750000
PHILADELPHIA,2021,126,15.750000
PHILADELPHIA,2021,125,15.750000
PHILADELPHIA,2021,124,15.416666
PHILADELPHIA,2021,123,15.416666
PHILADELPHIA,2021,122,
PHILADELPHIA,2021,121,
PHILADELPHIA,2021,120,18.250000
PHILADELPHIA,2021,119,18.250000
PHILADELPHIA,2021,118,18.250000
PHILADELPHIA,2021,117,18.250000
PHILADELPHIA,2021,116,18.250000
PHILADELPHIA,2021,115,
PHILADELPHIA,2021,114,
PHILADELPHIA,2021,113,18.000000
PHILADELPHIA,2021,112,18.000000
PHILADELPHIA,2021,111,18.000000
PHILADELPHIA,2021,110,18.000000
PHILADELPHIA,2021,109,18.000000
PHILADELPHIA,2021,108,
PHILADELPHIA,2021,107,
PHILADELPHIA,2021,106,18.500000
PHILADELPHIA,2021,105,18.500000
PHILADELPHIA,2021,104,18.500000
PHILADELPHIA,2021,103,18.500000
PHILADELPHIA,2021,102,18.500000
PHILADELPHIA,2021,101,
PHILADELPHIA,2021,100,
PHILADELPHIA,2021,99,21.000000
PHILADELPHIA,2021,98,21.000000
PHILADELPHIA,2021,97,21.000000
PHILADELPHIA,2021,96,21.333333
PHILADELPHIA,2021,95,
PHILADELPHIA,2021,94,
PHILADELPHIA,2021,93,
PHILADELPHIA,2021,92,19.750000
PHILADELPHIA,2021,91,19.750000
PHILADELPHIA,2021,90,19.750000
PHILADELPHIA,2021,89,24.000000
PHILADELPHIA,2021,88,25.000000
PHILADELPHIA,2021,87,
PHILADELPHIA,2021,86,
PHILADELPHIA,2021,85,26.500000
PHILADELPHIA,2021,84,26.500000
PHILADELPHIA,2021,83,27.000000
PHILADELPHIA,2021,82,27.000000
PHILADELPHIA,2021,81,27.000000
PHILADELPHIA,2021,80,
PHILADELPHIA,2021,79,
PHILADELPHIA,2021,78,27.500000
PHILADELPHIA,2021,77,27.500000
PHILADELPHIA,2021,76,27.500000
PHILADELPHIA,2021,75,25.666666
PHILADELPHIA,2021,74,26.000000
PHILADELPHIA,2021,73,
PHILADELPHIA,2021,72,
PHILADELPHIA,2021,71,29.500000
PHILADELPHIA,2021,70,29.500000
PHILADELPHIA,2021,69,29.500000
PHILADELPHIA,2021,68,31.500000
PHILADELPHIA,2021,67,31.500000
PHILADELPHIA,2021,66,
PHILADELPHIA,2021,65,
PHILADELPHIA,2021,64,29.000000
PHILADELPHIA,2021,63,29.000000
PHILADELPHIA,2021,62,29.000000
PHILADELPHIA,2021,61,29.000000
PHILADELPHIA,2021,60,29.000000
PHILADELPHIA,2021,59,
PHILADELPHIA,2021,58,
PHILADELPHIA,2021,57,25.750000
PHILADELPHIA,2021,56,25.750000
PHILADELPHIA,2021,55,30.500000
PHILADELPHIA,2021,54,30.500000
PHILADELPHIA,2021,53,31.000000
PHILADELPHIA,2021,52,
PHILADELPHIA,2021,51,
PHILADELPHIA,2021,50,43.750000
PHILADELPHIA,2021,49,43.750000
PHILADELPHIA,2021,48,43.750000
PHILADELPHIA,2021,47,43.750000
PHILADELPHIA,2021,46,
PHILADELPHIA,2021,45,
PHILADELPHIA,2021,44,
PHILADELPHIA,2021,43,43.000000
PHILADELPHIA,2021,42,43.000000
PHILADELPHIA,2021,41,43.000000
PHILADELPHIA,2021,40,43.000000
PHILADELPHIA,2021,39,43.000000
PHILADELPHIA,2021,38,
PHILADELPHIA,2021,37,
PHILADELPHIA,2021,36,32.000000
PHILADELPHIA,2021,35,32.000000
PHILADELPHIA,2021,34,32.000000
PHILADELPHIA,2021,33,34.000000
PHILADELPHIA,2021,32,
PHILADELPHIA,2021,31,
PHILADELPHIA,2021,30,
PHILADELPHIA,2021,29,34.000000
PHILADELPHIA,2021,28,34.000000
PHILADELPHIA,2021,27,34.000000
PHILADELPHIA,2021,26,34.000000
PHILADELPHIA,2021,25,34.000000
PHILADELPHIA,2021,24,
PHILADELPHIA,2021,23,
PHILADELPHIA,2021,22,32.000000
PHILADELPHIA,2021,21,32.000000
PHILADELPHIA,2021,20,35.000000
PHILADELPHIA,2021,19,35.000000
PHILADELPHIA,2021,18,
PHILADELPHIA,2021,17,
PHILADELPHIA,2021,16,
PHILADELPHIA,2021,15,34.000000
PHILADELPHIA,2021,14,34.000000
PHILADELPHIA,2021,13,34.000000
PHILADELPHIA,2021,12,34.000000
PHILADELPHIA,2021,11,34.000000
PHILADELPHIA,2021,10,
PHILADELPHIA,2021,9,
PHILADELPHIA,2021,8,39.500000
PHILADELPHIA,2021,7,39.500000
PHILADELPHIA,2021,6,39.500000
PHILADELPHIA,2021,5,39.500000
PHILADELPHIA,2021,4,39.500000
PHILADELPHIA,2021,3,
PHILADELPHIA,2021,2,
BALTIMORE,2020,366,40.000000
BALTIMORE,2020,365,35.375000
BALTIMORE,2020,364,35.250000
BALTIMORE,2020,363,38.000000
BALTIMORE,2020,362,
BALTIMORE,2020,361,
BALTIMORE,2020,360,
BALTIMORE,2020,359,
BALTIMORE,2020,358,31.000000
BALTIMORE,2020,357,31.000000
BALTIMORE,2020,356,31.000000
BALTIMORE,2020,355,
BALTIMORE,2020,354,
BALTIMORE,2020,353,32.000000
BALTIMORE,2020,352,33.500000
BALTIMORE,2020,351,34.500000
BALTIMORE,2020,350,33.000000
BALTIMORE,2020,349,34.500000
BALTIMORE,2020,348,
BALTIMORE,2020,347,
BALTIMORE,2020,346,33.000000
BALTIMORE,2020,345,33.000000
BALTIMORE,2020,344,28.000000
BALTIMORE,2020,343,28.000000
BALTIMORE,2020,342,28.000000
BALTIMORE,2020,341,
BALTIMORE,2020,340,
BALTIMORE,2020,339,35.000000
BALTIMORE,2020,338,35.000000
BALTIMORE,2020,337,29.000000
BALTIMORE,2020,336,30.000000
BALTIMORE,2020,335,30.000000
BALTIMORE,2020,334,
BALTIMORE,2020,333,
BALTIMORE,2020,332,31.000000
BALTIMORE,2020,331,
BALTIMORE,2020,330,31.000000
BALTIMORE,2020,329,27.250000
BALTIMORE,2020,328,27.250000
BALTIMORE,2020,327,
BALTIMORE,2020,326,
BALTIMORE,2020,325,28.000000
BALTIMORE,2020,324,28.000000
BALTIMORE,2020,323,28.000000
BALTIMORE,2020,322,29.000000
BALTIMORE,2020,321,29.000000
BALTIMORE,2020,320,
BALTIMORE,2020,319,
BALTIMORE,2020,318,28.000000
BALTIMORE,2020,317,29.000000
BALTIMORE,2020,316,
BALTIMORE,2020,315,30.500000
BALTIMORE,2020,314,30.500000
BALTIMORE,2020,313,
BALTIMORE,2020,312,
BALTIMORE,2020,311,30.500000
BALTIMORE,2020,310,38.250000
BALTIMORE,2020,309,32.500000
BALTIMORE,2020,308,35.000000
BALTIMORE,2020,307,35.500000
BALTIMORE,2020,306,
BALTIMORE,2020,305,
BALTIMORE,2020,304,37.250000
BALTIMORE,2020,303,37.250000
BALTIMORE,2020,302,39.250000
BALTIMORE,2020,301,39.500000
BALTIMORE,2020,300,39.250000
BALTIMORE,2020,299,
BALTIMORE,2020,298,
BALTIMORE,2020,297,46.750000
BALTIMORE,2020,296,46.750000
BALTIMORE,2020,295,46.750000
BALTIMORE,2020,294,46.750000
BALTIMORE,2020,293,48.000000
BALTIMORE,2020,292,
BALTIMORE,2020,291,
BALTIMORE,2020,290,47.000000
BALTIMORE,2020,289,47.000000
BALTIMORE,2020,288,49.000000
BALTIMORE,2020,287,49.000000
BALTIMORE,2020,286,
BALTIMORE,2020,285,
BALTIMORE,2020,284,
BALTIMORE,2020,283,57.000000
BALTIMORE,2020,282,57.000000
BALTIMORE,2020,281,57.000000
BALTIMORE,2020,280,47.250000
BALTIMORE,2020,279,47.250000
BALTIMORE,2020,278,
BALTIMORE,2020,277,
BALTIMORE,2020,276,49.000000
BALTIMORE,2020,275,49.000000
BALTIMORE,2020,274,49.500000
BALTIMORE,2020,273,58.250000
BALTIMORE,2020,272,57.000000
BALTIMORE,2020,271,
BALTIMORE,2020,270,
BALTIMORE,2020,269,55.000000
BALTIMORE,2020,268,55.000000
BALTIMORE,2020,267,53.000000
BALTIMORE,2020,266,42.000000
BALTIMORE,2020,265,29.833333
BALTIMORE,2020,264,
BALTIMORE,2020,263,
BALTIMORE,2020,262,26.250000
BALTIMORE,2020,261,27.750000
BALTIMORE,2020,260,24.666666
BALTIMORE,2020,259,22.166666
BALTIMORE,2020,258,24.500000
BALTIMORE,2020,257,
BALTIMORE,2020,256,
BALTIMORE,2020,255,24.000000
BALTIMORE,2020,254,21.000000
BALTIMORE,2020,253,28.000000
BALTIMORE,2020,252,20.000000
BALTIMORE,2020,251,
BALTIMORE,2020,250,
BALTIMORE,2020,249,
BALTIMORE,2020,248,21.000000
BALTIMORE,2020,247,21.000000
BALTIMORE,2020,246,22.000000
BALTIMORE,2020,245,22.000000
BALTIMORE,2020,244,22.000000
BALTIMORE,2020,243,
BALTIMORE,2020,242,
BALTIMORE,2020,241,20.500000
BALTIMORE,2020,240,19.000000
BALTIMORE,2020,239,19.000000
BALTIMORE,2020,238,21.000000
BALTIMORE,2020,237,21.000000
BALTIMORE,2020,236,
BALTIMORE,2020,235,
BALTIMORE,2020,234,22.500000
BALTIMORE,2020,233,22.500000
BALTIMORE,2020,232,22.500000
BALTIMORE,2020,231,22.500000
BALTIMORE,2020,230,21.250000
BALTIMORE,2020,229,
BALTIMORE,2020,228,
BALTIMORE,2020,227,23.500000
BALTIMORE,2020,226,23.500000
BALTIMORE,2020,225,23.500000
BALTIMORE,2020,224,23.500000
BALTIMORE,2020,223,23.500000
BALTIMORE,2020,222,
BALTIMORE,2020,221,
BALTIMORE,2020,220,23.500000
BALTIMORE,2020,219,23.500000
BALTIMORE,2020,218,22.000000
BALTIMORE,2020,217,22.000000
BALTIMORE,2020,216,22.000000
BALTIMORE,2020,215,
BALTIMORE,2020,214,
BALTIMORE,2020,213,25.000000
BALTIMORE,2020,212,30.666666
BALTIMORE,2020,211,32.000000
BALTIMORE,2020,210,32.000000
BALTIMORE,2020,209,32.000000
BALTIMORE,2020,208,
BALTIMORE,2020,207,
BALTIMORE,2020,206,36.000000
BALTIMORE,2020,205,36.000000
BALTIMORE,2020,204,37.000000
BALTIMORE,2020,203,
BALTIMORE,2020,202,23.000000
BALTIMORE,2020,201,
BALTIMORE,2020,200,
BALTIMORE,2020,199,23.500000
BALTIMORE,2020,198,23.500000
BALTIMORE,2020,197,30.250000
BALTIMORE,2020,196,35.000000
BALTIMORE,2020,195,35.000000
BALTIMORE,2020,194,
BALTIMORE,2020,193,
BALTIMORE,2020,192,27.000000
BALTIMORE,2020,191,27.000000
BALTIMORE,2020,190,26.000000
BALTIMORE,2020,189,22.750000
BALTIMORE,2020,188,25.500000
BALTIMORE,2020,187,
BALTIMORE,2020,186,
BALTIMORE,2020,185,
BALTIMORE,2020,184,28.000000
BALTIMORE,2020,183,28.000000
BALTIMORE,2020,182,28.000000
BALTIMORE,2020,181,28.000000
BALTIMORE,2020,180,
BALTIMORE,2020,179,
BALTIMORE,2020,178,23.750000
BALTIMORE,2020,177,23.750000
BALTIMORE,2020,176,23.750000
BALTIMORE,2020,175,23.000000
BALTIMORE,2020,174,23.000000
BALTIMORE,2020,173,
BALTIMORE,2020,172,
BALTIMORE,2020,171,23.500000
BALTIMORE,2020,170,23.500000
BALTIMORE,2020,169,23.500000
BALTIMORE,2020,168,29.000000
BALTIMORE,2020,167,29.000000
BALTIMORE,2020,166,
BALTIMORE,2020,165,
BALTIMORE,2020,164,29.000000
BALTIMORE,2020,163,32.000000
BALTIMORE,2020,162,32.000000
BALTIMORE,2020,161,32.000000
BALTIMORE,2020,160,32.000000
BALTIMORE,2020,159,
BALTIMORE,2020,158,
BALTIMORE,2020,157,31.000000
BALTIMORE,2020,156,36.000000
BALTIMORE,2020,155,36.000000
BALTIMORE,2020,154,36.000000
BALTIMORE,2020,153,36.000000
BALTIMORE,2020,152,
BALTIMORE,2020,151,
BALTIMORE,2020,150,35.750000
BALTIMORE,2020,149,35.750000
BALTIMORE,2020,148,35.000000
BALTIMORE,2020,147,35.000000
BALTIMORE,2020,146,
BALTIMORE,2020,145,
BALTIMORE,2020,144,
BALTIMORE,2020,143,33.000000
BALTIMORE,2020,142,33.000000
BALTIMORE,2020,141,27.000000
BALTIMORE,2020,140,27.000000
BALTIMORE,2020,139,27.000000
BALTIMORE,2020,138,
BALTIMORE,2020,137,
BALTIMORE,2020,136,24.500000
BALTIMORE,2020,135,27.000000
BALTIMORE,2020,134,27.000000
BALTIMORE,2020,133,27.000000
BALTIMORE,2020,132,27.000000
BALTIMORE,2020,131,
BALTIMORE,2020,130,
BALTIMORE,2020,129,27.250000
BALTIMORE,2020,128,27.250000
BALTIMORE,2020,127,26.000000
BALTIMORE,2020,126,26.000000
BALTIMORE,2020,125,24.000000
BALTIMORE,2020,124,
BALTIMORE,2020,123,
BALTIMORE,2020,122,25.000000
BALTIMORE,2020,121,29.000000
BALTIMORE,2020,120,20.000000
BALTIMORE,2020,119,20.000000
BALTIMORE,2020,118,20.000000
BALTIMORE,2020,117,
BALTIMORE,2020,116,
BALTIMORE,2020,115,20.000000
BALTIMORE,2020,114,20.000000
BALTIMORE,2020,113,19.500000
BALTIMORE,2020,112,21.500000
BALTIMORE,2020,111,22.000000
BALTIMORE,2020,110,
BALTIMORE,2020,109,
BALTIMORE,2020,108,24.000000
BALTIMORE,2020,107,24.000000
BALTIMORE,2020,106,24.500000
BALTIMORE,2020,105,24.500000
BALTIMORE,2020,104,24.500000
BALTIMORE,2020,103,
BALTIMORE,2020,102,
BALTIMORE,2020,101,24.500000
BALTIMORE,2020,100,24.500000
BALTIMORE,2020,99,24.500000
BALTIMORE,2020,98,25.000000
BALTIMORE,2020,97,25.000000
BALTIMORE,2020,96,
BALTIMORE,2020,95,
BALTIMORE,2020,94,24.500000
BALTIMORE,2020,93,34.000000
BALTIMORE,2020,92,34.000000
BALTIMORE,2020,91,34.000000
BALTIMORE,2020,90,34.000000
BALTIMORE,2020,89,
BALTIMORE,2020,88,
BALTIMORE,2020,87,34.000000
BALTIMORE,2020,86,29.500000
BALTIMORE,2020,85,38.250000
BALTIMORE,2020,84,37.250000
BALTIMORE,2020,83,36.833333
BALTIMORE,2020,82,
BALTIMORE,2020,81,
BALTIMORE,2020,80,32.000000
BALTIMORE,2020,79,39.000000
BALTIMORE,2020,78,35.000000
BALTIMORE,2020,77,34.000000
BALTIMORE,2020,76,34.000000
BALTIMORE,2020,75,
BALTIMORE,2020,74,
BALTIMORE,2020,73,44.000000
BALTIMORE,2020,72,32.750000
BALTIMORE,2020,71,35.500000
BALTIMORE,2020,70,37.000000
BALTIMORE,2020,69,37.000000
BALTIMORE,2020,68,
BALTIMORE,2020,67,
BALTIMORE,2020,66,34.000000
BALTIMORE,2020,65,37.000000
BALTIMORE,2020,64,27.000000
BALTIMORE,2020,63,27.000000
BALTIMORE,2020,62,27.000000
BALTIMORE,2020,61,
BALTIMORE,2020,60,
BALTIMORE,2020,59,27.000000
BALTIMORE,2020,58,27.000000
BALTIMORE,2020,57,27.000000
BALTIMORE,2020,56,27.000000
BALTIMORE,2020,55,27.000000
BALTIMORE,2020,54,
BALTIMORE,2020,53,
BALTIMORE,2020,52,24.000000
BALTIMORE,2020,51,24.000000
BALTIMORE,2020,50,24.000000
BALTIMORE,2020,49,24.000000
BALTIMORE,2020,48,
BALTIMORE,2020,47,
BALTIMORE,2020,46,
BALTIMORE,2020,45,27.000000
BALTIMORE,2020,44,26.500000
BALTIMORE,2020,43,27.000000
BALTIMORE,2020,42,20.000000
BALTIMORE,2020,41,17.500000
BALTIMORE,2020,40,
BALTIMORE,2020,39,
BALTIMORE,2020,38,22.000000
BALTIMORE,2020,37,22.000000
BALTIMORE,2020,36,22.000000
BALTIMORE,2020,35,22.000000
BALTIMORE,2020,34,22.000000
BALTIMORE,2020,33,
BALTIMORE,2020,32,
BALTIMORE,2020,31,22.000000
BALTIMORE,2020,30,18.500000
BALTIMORE,2020,29,18.500000
BALTIMORE,2020,28,18.500000
BALTIMORE,2020,27,18.500000
BALTIMORE,2020,26,
BALTIMORE,2020,25,
BALTIMORE,2020,24,25.500000
BALTIMORE,2020,23,25.500000
BALTIMORE,2020,22,25.500000
BALTIMORE,2020,21,25.500000
BALTIMORE,2020,20,
BALTIMORE,2020,19,
BALTIMORE,2020,18,
BALTIMORE,2020,17,26.500000
BALTIMORE,2020,16,26.500000
BALTIMORE,2020,15,26.500000
BALTIMORE,2020,14,25.000000
BALTIMORE,2020,13,17.500000
BALTIMORE,2020,12,
BALTIMORE,2020,11,
BALTIMORE,2020,10,17.500000
BALTIMORE,2020,9,17.500000
BALTIMORE,2020,8,16.250000
BALTIMORE,2020,7,
BALTIMORE,2020,6,12.000000
BALTIMORE,2020,5,
BALTIMORE,2020,4,
BALTIMORE,2020,3,18.000000
BALTIMORE,2020,2,19.000000
BOSTON,2020,366,25.500000
BOSTON,2020,365,25.500000
BOSTON,2020,364,25.500000
BOSTON,2020,363,25.500000
BOSTON,2020,362,
BOSTON,2020,361,
BOSTON,2020,360,
BOSTON,2020,359,
BOSTON,2020,358,25.500000
BOSTON,2020,357,25.500000
BOSTON,2020,356,25.500000
BOSTON,2020,355,
BOSTON,2020,354,
BOSTON,2020,353,25.500000
BOSTON,2020,352,25.500000
BOSTON,2020,351,25.500000
BOSTON,2020,350,25.500000
BOSTON,2020,349,
BOSTON,2020,348,
BOSTON,2020,347,
BOSTON,2020,346,34.500000
BOSTON,2020,345,34.500000
BOSTON,2020,344,34.500000
BOSTON,2020,343,34.500000
BOSTON,2020,342,34.500000
BOSTON,2020,341,
BOSTON,2020,340,
BOSTON,2020,339,34.500000
BOSTON,2020,338,34.500000
BOSTON,2020,337,34.500000
BOSTON,2020,336,34.500000
BOSTON,2020,335,34.500000
BOSTON,2020,334,
BOSTON,2020,333,
BOSTON,2020,332,34.500000
BOSTON,2020,331,
BOSTON,2020,330,34.500000
BOSTON,2020,329,34.500000
BOSTON,2020,328,34.500000
BOSTON,2020,327,
BOSTON,2020,326,
BOSTON,2020,325,34.500000
BOSTON,2020,324,34.500000
BOSTON,2020,323,34.500000
BOSTON,2020,322,34.500000
BOSTON,2020,321,34.500000
BOSTON,2020,320,
BOSTON,2020,319,
BOSTON,2020,318,34.500000
BOSTON,2020,317,32.375000
BOSTON,2020,316,
BOSTON,2020,315,32.375000
BOSTON,2020,314,32.375000
BOSTON,2020,313,
BOSTON,2020,312,
BOSTON,2020,311,32.375000
BOSTON,2020,310,32.375000
BOSTON,2020,309,34.285714
BOSTON,2020,308,34.285714
BOSTON,2020,307,32.500000
BOSTON,2020,306,
BOSTON,2020,305,
BOSTON,2020,304,32.500000
BOSTON,2020,303,32.500000
BOSTON,2020,302,32.500000
BOSTON,2020,301,32.500000
BOSTON,2020,300,30.428571
BOSTON,2020,299,
BOSTON,2020,298,
BOSTON,2020,297,30.428571
BOSTON,2020,296,32.500000
BOSTON,2020,295,32.166666
BOSTON,2020,294,32.166666
BOSTON,2020,293,34.666666
BOSTON,2020,292,
BOSTON,2020,291,
BOSTON,2020,290,34.666666
BOSTON,2020,289,34.666666
BOSTON,2020,288,34.666666
BOSTON,2020,287,34.666666
BOSTON,2020,286,
BOSTON,2020,285,
BOSTON,2020,284,
BOSTON,2020,283,34.666666
BOSTON,2020,282,34.666666
BOSTON,2020,281,34.666666
BOSTON,2020,280,34.666666
BOSTON,2020,279,34.666666
BOSTON,2020,278,
BOSTON,2020,277,
BOSTON,2020,276,34.666666
BOSTON,2020,275,30.750000
BOSTON,2020,274,30.750000
BOSTON,2020,273,30.750000
BOSTON,2020,272,30.750000
BOSTON,2020,271,
BOSTON,2020,270,
BOSTON,2020,269,30.750000
BOSTON,2020,268,30.750000
BOSTON,2020,267,30.750000
BOSTON,2020,266,30.750000
BOSTON,2020,265,29.500000
BOSTON,2020,264,
BOSTON,2020,263,
BOSTON,2020,262,29.500000
BOSTON,2020,261,29.500000
BOSTON,2020,260,29.500000
BOSTON,2020,259,29.250000
BOSTON,2020,258,29.250000
BOSTON,2020,257,
BOSTON,2020,256,
BOSTON,2020,255,29.250000
BOSTON,2020,254,26.666666
BOSTON,2020,253,26.666666
BOSTON,2020,252,26.666666
BOSTON,2020,251,
BOSTON,2020,250,
BOSTON,2020,249,
BOSTON,2020,248,26.666666
BOSTON,2020,247,26.666666
BOSTON,2020,246,26.666666
BOSTON,2020,245,26.666666
BOSTON,2020,244,27.666666
BOSTON,2020,243,
BOSTON,2020,242,
BOSTON,2020,241,27.666666
BOSTON,2020,240,27.666666
BOSTON,2020,239,27.666666
BOSTON,2020,238,20.000000
BOSTON,2020,237,20.000000
BOSTON,2020,236,
BOSTON,2020,235,
BOSTON,2020,234,20.000000
BOSTON,2020,233,20.000000
BOSTON,2020,232,20.000000
BOSTON,2020,231,20.000000
BOSTON,2020,230,20.000000
BOSTON,2020,229,
BOSTON,2020,228,
BOSTON,2020,227,20.000000
BOSTON,2020,226,20.000000
BOSTON,2020,225,20.000000
BOSTON,2020,224,20.000000
BOSTON,2020,223,20.000000
BOSTON,2020,222,
BOSTON,2020,221,
BOSTON,2020,220,20.000000
BOSTON,2020,219,20.000000
BOSTON,2020,218,20.000000
BOSTON,2020,217,20.000000
BOSTON,2020,216,20.000000
BOSTON,2020,215,
BOSTON,2020,214,
BOSTON,2020,213,20.000000
BOSTON,2020,212,30.000000
BOSTON,2020,211,30.000000
BOSTON,2020,210,30.000000
BOSTON,2020,209,30.000000
BOSTON,2020,208,
BOSTON,2020,207,
BOSTON,2020,206,30.000000
BOSTON,2020,205,30.000000
BOSTON,2020,204,30.000000
BOSTON,2020,203,30.000000
BOSTON,2020,202,30.000000
BOSTON,2020,201,
BOSTON,2020,200,
BOSTON,2020,199,30.000000
BOSTON,2020,198,30.000000
BOSTON,2020,197,30.000000
BOSTON,2020,196,30.000000
BOSTON,2020,195,26.000000
BOSTON,2020,194,
BOSTON,2020,193,
BOSTON,2020,192,26.000000
BOSTON,2020,191,24.500000
BOSTON,2020,190,24.500000
BOSTON,2020,189,23.000000
BOSTON,2020,188,23.000000
BOSTON,2020,187,
BOSTON,2020,186,
BOSTON,2020,185,
BOSTON,2020,184,23.000000
BOSTON,2020,183,23.000000
BOSTON,2020,182,23.000000
BOSTON,2020,181,23.000000
BOSTON,2020,180,
BOSTON,2020,179,
BOSTON,2020,178,23.000000
BOSTON,2020,177,23.000000
BOSTON,2020,176,23.000000
BOSTON,2020,175,27.000000
BOSTON,2020,174,27.000000
BOSTON,2020,173,
BOSTON,2020,172,
BOSTON,2020,171,27.000000
BOSTON,2020,170,27.000000
BOSTON,2020,169,27.000000
BOSTON,2020,168,27.000000
BOSTON,2020,167,27.000000
BOSTON,2020,166,
BOSTON,2020,165,
BOSTON,2020,164,27.000000
BOSTON,2020,163,28.000000
BOSTON,2020,162,28.000000
BOSTON,2020,161,28.000000
BOSTON,2020,160,28.000000
BOSTON,2020,159,
BOSTON,2020,158,
BOSTON,2020,157,28.000000
BOSTON,2020,156,28.000000
BOSTON,2020,155,28.000000
BOSTON,2020,154,28.000000
BOSTON,2020,153,28.000000
BOSTON,2020,152,
BOSTON,2020,151,
BOSTON,2020,150,28.000000
BOSTON,2020,149,28.000000
BOSTON,2020,148,28.000000
BOSTON,2020,147,28.000000
BOSTON,2020,146,
BOSTON,2020,145,
BOSTON,2020,144,
BOSTON,2020,143,28.000000
BOSTON,2020,142,28.000000
BOSTON,2020,141,28.000000
BOSTON,2020,140,28.000000
BOSTON,2020,139,28.000000
BOSTON,2020,138,
BOSTON,2020,137,
BOSTON,2020,136,28.000000
BOSTON,2020,135,28.000000
BOSTON,2020,134,28.000000
BOSTON,2020,133,28.000000
BOSTON,2020,132,28.000000
BOSTON,2020,131,
BOSTON,2020,130,
BOSTON,2020,129,28.000000
BOSTON,2020,128,28.000000
BOSTON,2020,127,28.000000
BOSTON,2020,126,28.000000
BOSTON,2020,125,28.000000
BOSTON,2020,124,
BOSTON,2020,123,
BOSTON,2020,122,28.000000
BOSTON,2020,121,28.000000
BOSTON,2020,120,28.000000
BOSTON,2020,119,28.000000
BOSTON,2020,118,28.000000
BOSTON,2020,117,
BOSTON,2020,116,
BOSTON,2020,115,28.000000
BOSTON,2020,114,28.000000
BOSTON,2020,113,38.000000
BOSTON,2020,112,38.000000
BOSTON,2020,111,38.000000
BOSTON,2020,110,
BOSTON,2020,109,
BOSTON,2020,108,38.000000
BOSTON,2020,107,38.000000
BOSTON,2020,106,38.000000
BOSTON,2020,105,38.000000
BOSTON,2020,104,38.000000
BOSTON,2020,103,
BOSTON,2020,102,
BOSTON,2020,101,38.000000
BOSTON,2020,100,38.000000
BOSTON,2020,99,38.000000
BOSTON,2020,98,38.000000
BOSTON,2020,97,38.000000
BOSTON,2020,96,
BOSTON,2020,95,
BOSTON,2020,94,38.000000
BOSTON,2020,93,38.000000
BOSTON,2020,92,38.000000
BOSTON,2020,91,38.000000
BOSTON,2020,90,38.000000
BOSTON,2020,89,
BOSTON,2020,88,
BOSTON,2020,87,38.000000
BOSTON,2020,86,38.000000
BOSTON,2020,85,38.000000
BOSTON,2020,84,38.000000
BOSTON,2020,83,38.000000
BOSTON,2020,82,
BOSTON,2020,81,
BOSTON,2020,80,38.000000
BOSTON,2020,79,
BOSTON,2020,78,
BOSTON,2020,77,
BOSTON,2020,76,
BOSTON,2020,75,
BOSTON,2020,74,
BOSTON,2020,73,45.500000
BOSTON,2020,72,45.000000
BOSTON,2020,71,45.000000
BOSTON,2020,70,45.000000
BOSTON,2020,69,45.000000
BOSTON,2020,68,
BOSTON,2020,67,
BOSTON,2020,66,34.500000
BOSTON,2020,65,34.500000
BOSTON,2020,64,34.500000
BOSTON,2020,63,34.500000
BOSTON,2020,62,34.500000
BOSTON,2020,61,
BOSTON,2020,60,
BOSTON,2020,59,28.500000
BOSTON,2020,58,28.500000
BOSTON,2020,57,28.500000
BOSTON,2020,56,28.500000
BOSTON,2020,55,28.500000
BOSTON,2020,54,
BOSTON,2020,53,
BOSTON,2020,52,26.000000
BOSTON,2020,51,26.000000
BOSTON,2020,50,26.000000
BOSTON,2020,49,26.000000
BOSTON,2020,48,
BOSTON,2020,47,
BOSTON,2020,46,
BOSTON,2020,45,17.500000
BOSTON,2020,44,22.000000
BOSTON,2020,43,22.000000
BOSTON,2020,42,22.000000
BOSTON,2020,41,22.000000
BOSTON,2020,40,
BOSTON,2020,39,
BOSTON,2020,38,20.500000
BOSTON,2020,37,20.500000
BOSTON,2020,36,20.500000
BOSTON,2020,35,20.500000
BOSTON,2020,34,20.500000
BOSTON,2020,33,
BOSTON,2020,32,
BOSTON,2020,31,18.500000
BOSTON,2020,30,18.500000
BOSTON,2020,29,18.500000
BOSTON,2020,28,18.500000
BOSTON,2020,27,18.500000
BOSTON,2020,26,
BOSTON,2020,25,
BOSTON,2020,24,17.000000
BOSTON,2020,23,17.000000
BOSTON,2020,22,17.000000
BOSTON,2020,21,17.000000
BOSTON,2020,20,
BOSTON,2020,19,
BOSTON,2020,18,
BOSTON,2020,17,18.000000
BOSTON,2020,16,18.000000
BOSTON,2020,15,18.000000
BOSTON,2020,14,15.750000
BOSTON,2020,13,15.750000
BOSTON,2020,12,
BOSTON,2020,11,
BOSTON,2020,10,15.750000
BOSTON,2020,9,17.000000
BOSTON,2020,8,17.000000
BOSTON,2020,7,14.500000
BOSTON,2020,6,14.500000
BOSTON,2020,5,
BOSTON,2020,4,
BOSTON,2020,3,15.500000
BOSTON,2020,2,15.500000
CHICAGO,2020,366,21.000000
CHICAGO,2020,365,21.000000
CHICAGO,2020,364,21.000000
CHICAGO,2020,363,21.000000
CHICAGO,2020,362,
CHICAGO,2020,361,
CHICAGO,2020,360,
CHICAGO,2020,359,
CHICAGO,2020,358,21.000000
CHICAGO,2020,357,21.000000
CHICAGO,2020,356,21.000000
CHICAGO,2020,355,
CHICAGO,2020,354,
CHICAGO,2020,353,21.000000
CHICAGO,2020,352,21.000000
CHICAGO,2020,351,21.000000
CHICAGO,2020,350,21.000000
CHICAGO,2020,349,21.000000
CHICAGO,2020,348,
CHICAGO,2020,347,
CHICAGO,2020,346,21.000000
CHICAGO,2020,345,20.000000
CHICAGO,2020,344,20.000000
CHICAGO,2020,343,20.000000
CHICAGO,2020,342,27.000000
CHICAGO,2020,341,
CHICAGO,2020,340,
CHICAGO,2020,339,27.000000
CHICAGO,2020,338,31.000000
CHICAGO,2020,337,31.000000
CHICAGO,2020,336,31.000000
CHICAGO,2020,335,35.000000
CHICAGO,2020,334,
CHICAGO,2020,333,
CHICAGO,2020,332,35.000000
CHICAGO,2020,331,
CHICAGO,2020,330,25.000000
CHICAGO,2020,329,25.000000
CHICAGO,2020,328,25.000000
CHICAGO,2020,327,
CHICAGO,2020,326,
CHICAGO,2020,325,25.000000
CHICAGO,2020,324,
CHICAGO,2020,323,
CHICAGO,2020,322,
CHICAGO,2020,321,
CHICAGO,2020,320,
CHICAGO,2020,319,
CHICAGO,2020,318,
CHICAGO,2020,317,
CHICAGO,2020,316,
CHICAGO,2020,315,
CHICAGO,2020,314,
CHICAGO,2020,313,
CHICAGO,2020,312,
CHICAGO,2020,311,
CHICAGO,2020,310,
CHICAGO,2020,309,
CHICAGO,2020,308,
CHICAGO,2020,307,
CHICAGO,2020,306,
CHICAGO,2020,305,
CHICAGO,2020,304,
CHICAGO,2020,303,
CHICAGO,2020,302,
CHICAGO,2020,301,
CHICAGO,2020,300,
CHICAGO,2020,299,
CHICAGO,2020,298,
CHICAGO,2020,297,
CHICAGO,2020,296,
CHICAGO,2020,295,
CHICAGO,2020,294,
CHICAGO,2020,293,
CHICAGO,2020,292,
CHICAGO,2020,291,
CHICAGO,2020,290,
CHICAGO,2020,289,
CHICAGO,2020,288,
CHICAGO,2020,287,
CHICAGO,2020,286,
CHICAGO,2020,285,
CHICAGO,2020,284,
CHICAGO,2020,283,
CHICAGO,2020,282,
CHICAGO,2020,281,
CHICAGO,2020,280,
CHICAGO,2020,279,
CHICAGO,2020,278,
CHICAGO,2020,277,
CHICAGO,2020,276,
CHICAGO,2020,275,
CHICAGO,2020,274,
CHICAGO,2020,273,
CHICAGO,2020,272,24.500000
CHICAGO,2020,271,
CHICAGO,2020,270,
CHICAGO,2020,269,24.500000
CHICAGO,2020,268,24.500000
CHICAGO,2020,267,24.500000
CHICAGO,2020,266,24.500000
CHICAGO,2020,265,24.500000
CHICAGO,2020,264,
CHICAGO,2020,263,
CHICAGO,2020,262,24.500000
CHICAGO,2020,261,24.500000
CHICAGO,2020,260,24.500000
CHICAGO,2020,259,21.500000
CHICAGO,2020,258,21.500000
CHICAGO,2020,257,
CHICAGO,2020,256,
CHICAGO,2020,255,21.500000
CHICAGO,2020,254,21.500000
CHICAGO,2020,253,22.000000
CHICAGO,2020,252,22.000000
CHICAGO,2020,251,
CHICAGO,2020,250,
CHICAGO,2020,249,
CHICAGO,2020,248,22.000000
CHICAGO,2020,247,21.250000
CHICAGO,2020,246,21.250000
CHICAGO,2020,245,21.250000
CHICAGO,2020,244,21.250000
CHICAGO,2020,243,
CHICAGO,2020,242,
CHICAGO,2020,241,18.500000
CHICAGO,2020,240,18.500000
CHICAGO,2020,239,18.500000
CHICAGO,2020,238,18.500000
CHICAGO,2020,237,18.500000
CHICAGO,2020,236,
CHICAGO,2020,235,
CHICAGO,2020,234,19.000000
CHICAGO,2020,233,19.000000
CHICAGO,2020,232,19.000000
CHICAGO,2020,231,22.250000
CHICAGO,2020,230,22.500000
CHICAGO,2020,229,
CHICAGO,2020,228,
CHICAGO,2020,227,20.000000
CHICAGO,2020,226,20.000000
CHICAGO,2020,225,20.000000
CHICAGO,2020,224,20.000000
CHICAGO,2020,223,20.000000
CHICAGO,2020,222,
CHICAGO,2020,221,
CHICAGO,2020,220,20.000000
CHICAGO,2020,219,20.000000
CHICAGO,2020,218,20.000000
CHICAGO,2020,217,23.000000
CHICAGO,2020,216,23.000000
CHICAGO,2020,215,
CHICAGO,2020,214,
CHICAGO,2020,213,32.000000
CHICAGO,2020,212,32.000000
CHICAGO,2020,211,32.000000
CHICAGO,2020,210,30.000000
CHICAGO,2020,209,32.000000
CHICAGO,2020,208,
CHICAGO,2020,207,
CHICAGO,2020,206,33.000000
CHICAGO,2020,205,22.000000
CHICAGO,2020,204,22.000000
CHICAGO,2020,203,22.000000
CHICAGO,2020,202,22.000000
CHICAGO,2020,201,
CHICAGO,2020,200,
CHICAGO,2020,199,22.000000
CHICAGO,2020,198,22.000000
CHICAGO,2020,197,22.000000
CHICAGO,2020,196,22.000000
CHICAGO,2020,195,22.000000
CHICAGO,2020,194,
CHICAGO,2020,193,
CHICAGO,2020,192,22.000000
CHICAGO,2020,191,22.000000
CHICAGO,2020,190,22.000000
CHICAGO,2020,189,22.000000
CHICAGO,2020,188,22.000000
CHICAGO,2020,187,
CHICAGO,2020,186,
CHICAGO,2020,185,
CHICAGO,2020,184,22.000000
CHICAGO,2020,183,18.000000
CHICAGO,2020,182,18.000000
CHICAGO,2020,181,20.000000
CHICAGO,2020,180,
CHICAGO,2020,179,
CHICAGO,2020,178,22.500000
CHICAGO,2020,177,22.500000
CHICAGO,2020,176,22.500000
CHICAGO,2020,175,22.500000
CHICAGO,2020,174,22.500000
CHICAGO,2020,173,
CHICAGO,2020,172,
CHICAGO,2020,171,22.500000
CHICAGO,2020,170,22.500000
CHICAGO,2020,169,23.000000
CHICAGO,2020,168,23.000000
CHICAGO,2020,167,29.500000
CHICAGO,2020,166,
CHICAGO,2020,165,
CHICAGO,2020,164,29.500000
CHICAGO,2020,163,29.500000
CHICAGO,2020,162,29.500000
CHICAGO,2020,161,29.500000
CHICAGO,2020,160,29.500000
CHICAGO,2020,159,
CHICAGO,2020,158,
CHICAGO,2020,157,29.500000
CHICAGO,2020,156,29.500000
CHICAGO,2020,155,29.500000
CHICAGO,2020,154,29.500000
CHICAGO,2020,153,29.500000
CHICAGO,2020,152,
CHICAGO,2020,151,
CHICAGO,2020,150,29.500000
CHICAGO,2020,149,29.500000
CHICAGO,2020,148,29.500000
CHICAGO,2020,147,28.000000
CHICAGO,2020,146,
CHICAGO,2020,145,
CHICAGO,2020,144,
CHICAGO,2020,143,29.000000
CHICAGO,2020,142,29.000000
CHICAGO,2020,141,29.000000
CHICAGO,2020,140,29.000000
CHICAGO,2020,139,29.000000
CHICAGO,2020,138,
CHICAGO,2020,137,
CHICAGO,2020,136,29.000000
CHICAGO,2020,135,29.000000
CHICAGO,2020,134,29.000000
CHICAGO,2020,133,29.000000
CHICAGO,2020,132,29.000000
CHICAGO,2020,131,
CHICAGO,2020,130,
CHICAGO,2020,129,29.000000
CHICAGO,2020,128,29.000000
CHICAGO,2020,127,26.000000
CHICAGO,2020,126,26.000000
CHICAGO,2020,125,26.000000
CHICAGO,2020,124,
CHICAGO,2020,123,
CHICAGO,2020,122,26.000000
CHICAGO,2020,121,18.000000
CHICAGO,2020,120,18.000000
CHICAGO,2020,119,18.000000
CHICAGO,2020,118,18.000000
CHICAGO,2020,117,
CHICAGO,2020,116,
CHICAGO,2020,115,18.000000
CHICAGO,2020,114,18.000000
CHICAGO,2020,113,18.000000
CHICAGO,2020,112,18.000000
CHICAGO,2020,111,18.000000
CHICAGO,2020,110,
CHICAGO,2020,109,
CHICAGO,2020,108,18.000000
CHICAGO,2020,107,18.000000
CHICAGO,2020,106,18.000000
CHICAGO,2020,105,18.000000
CHICAGO,2020,104,20.000000
CHICAGO,2020,103,
CHICAGO,2020,102,
CHICAGO,2020,101,20.000000
CHICAGO,2020,100,20.000000
CHICAGO,2020,99,20.000000
CHICAGO,2020,98,20.000000
CHICAGO,2020,97,20.000000
CHICAGO,2020,96,
CHICAGO,2020,95,
CHICAGO,2020,94,20.000000
CHICAGO,2020,93,20.000000
CHICAGO,2020,92,20.000000
CHICAGO,2020,91,20.000000
CHICAGO,2020,90,20.000000
CHICAGO,2020,89,
CHICAGO,2020,88,
CHICAGO,2020,87,20.000000
CHICAGO,2020,86,20.000000
CHICAGO,2020,85,20.000000
CHICAGO,2020,84,20.000000
CHICAGO,2020,83,20.000000
CHICAGO,2020,82,
CHICAGO,2020,81,
CHICAGO,2020,80,20.000000
CHICAGO,2020,79,20.000000
CHICAGO,2020,78,20.000000
CHICAGO,2020,77,20.000000
CHICAGO,2020,76,20.000000
CHICAGO,2020,75,
CHICAGO,2020,74,
CHICAGO,2020,73,20.000000
CHICAGO,2020,72,20.000000
CHICAGO,2020,71,20.000000
CHICAGO,2020,70,20.000000
CHICAGO,2020,69,20.000000
CHICAGO,2020,68,
CHICAGO,2020,67,
CHICAGO,2020,66,20.000000
CHICAGO,2020,65,20.000000
CHICAGO,2020,64,20.000000
CHICAGO,2020,63,20.000000
CHICAGO,2020,62,20.000000
CHICAGO,2020,61,
CHICAGO,2020,60,
CHICAGO,2020,59,20.000000
CHICAGO,2020,58,20.000000
CHICAGO,2020,57,20.000000
CHICAGO,2020,56,20.000000
CHICAGO,2020,55,20.000000
CHICAGO,2020,54,
CHICAGO,2020,53,
CHICAGO,2020,52,20.000000
CHICAGO,2020,51,21.000000
CHICAGO,2020,50,21.000000
CHICAGO,2020,49,21.000000
CHICAGO,2020,48,
CHICAGO,2020,47,
CHICAGO,2020,46,
CHICAGO,2020,45,21.000000
CHICAGO,2020,44,21.000000
CHICAGO,2020,43,21.000000
CHICAGO,2020,42,21.000000
CHICAGO,2020,41,21.000000
CHICAGO,2020,40,
CHICAGO,2020,39,
CHICAGO,2020,38,21.000000
CHICAGO,2020,37,21.000000
CHICAGO,2020,36,21.000000
CHICAGO,2020,35,21.000000
CHICAGO,2020,34,21.000000
CHICAGO,2020,33,
CHICAGO,2020,32,
CHICAGO,2020,31,21.000000
CHICAGO,2020,30,21.000000
CHICAGO,2020,29,21.000000
CHICAGO,2020,28,21.000000
CHICAGO,2020,27,21.000000
CHICAGO,2020,26,
CHICAGO,2020,25,
CHICAGO,2020,24,21.000000
CHICAGO,2020,23,21.000000
CHICAGO,2020,22,21.000000
CHICAGO,2020,21,21.000000
CHICAGO,2020,20,
CHICAGO,2020,19,
CHICAGO,2020,18,
CHICAGO,2020,17,21.000000
CHICAGO,2020,16,21.000000
CHICAGO,2020,15,21.000000
CHICAGO,2020,14,21.000000
CHICAGO,2020,13,21.000000
CHICAGO,2020,12,
CHICAGO,2020,11,
CHICAGO,2020,10,21.000000
CHICAGO,2020,9,21.000000
CHICAGO,2020,8,16.000000
CHICAGO,2020,7,16.000000
CHICAGO,2020,6,16.000000
CHICAGO,2020,5,
CHICAGO,2020,4,
CHICAGO,2020,3,16.000000
CHICAGO,2020,2,16.000000
COLUMBIA,2020,366,
COLUMBIA,2020,365,
COLUMBIA,2020,364,
COLUMBIA,2020,363,
COLUMBIA,2020,362,
COLUMBIA,2020,361,
COLUMBIA,2020,360,
COLUMBIA,2020,359,
COLUMBIA,2020,358,
COLUMBIA,2020,357,
COLUMBIA,2020,356,
COLUMBIA,2020,355,
COLUMBIA,2020,354,
COLUMBIA,2020,353,22.000000
COLUMBIA,2020,352,22.000000
COLUMBIA,2020,351,22.000000
COLUMBIA,2020,350,22.000000
COLUMBIA,2020,349,22.000000
COLUMBIA,2020,348,
COLUMBIA,2020,347,
COLUMBIA,2020,346,22.000000
COLUMBIA,2020,345,22.000000
COLUMBIA,2020,344,22.000000
COLUMBIA,2020,343,22.000000
COLUMBIA,2020,342,22.000000
COLUMBIA,2020,341,
COLUMBIA,2020,340,
COLUMBIA,2020,339,25.000000
COLUMBIA,2020,338,25.000000
COLUMBIA,2020,337,25.000000
COLUMBIA,2020,336,25.000000
COLUMBIA,2020,335,25.000000
COLUMBIA,2020,334,
COLUMBIA,2020,333,
COLUMBIA,2020,332,
COLUMBIA,2020,331,
COLUMBIA,2020,330,
COLUMBIA,2020,329,
COLUMBIA,2020,328,
COLUMBIA,2020,327,
COLUMBIA,2020,326,
COLUMBIA,2020,325,
COLUMBIA,2020,324,
COLUMBIA,2020,323,
COLUMBIA,2020,322,
COLUMBIA,2020,321,
COLUMBIA,2020,320,
COLUMBIA,2020,319,
COLUMBIA,2020,318,
COLUMBIA,2020,317,
COLUMBIA,2020,316,
COLUMBIA,2020,315,
COLUMBIA,2020,314,
COLUMBIA,2020,313,
COLUMBIA,2020,312,
COLUMBIA,2020,311,
COLUMBIA,2020,310,
COLUMBIA,2020,309,
COLUMBIA,2020,308,
COLUMBIA,2020,307,
COLUMBIA,2020,306,
COLUMBIA,2020,305,
COLUMBIA,2020,304,
COLUMBIA,2020,303,
COLUMBIA,2020,302,
COLUMBIA,2020,301,
COLUMBIA,2020,300,
COLUMBIA,2020,299,
COLUMBIA,2020,298,
COLUMBIA,2020,297,
COLUMBIA,2020,296,
COLUMBIA,2020,295,
COLUMBIA,2020,294,
COLUMBIA,2020,293,
COLUMBIA,2020,292,
COLUMBIA,2020,291,
COLUMBIA,2020,290,
COLUMBIA,2020,289,
COLUMBIA,2020,288,
COLUMBIA,2020,287,
COLUMBIA,2020,286,
COLUMBIA,2020,285,
COLUMBIA,2020,284,
COLUMBIA,2020,283,
COLUMBIA,2020,282,
COLUMBIA,2020,281,
COLUMBIA,2020,280,
COLUMBIA,2020,279,
COLUMBIA,2020,278,
COLUMBIA,2020,277,
COLUMBIA,2020,276,
COLUMBIA,2020,275,
COLUMBIA,2020,274,
COLUMBIA,2020,273,
COLUMBIA,2020,272,
COLUMBIA,2020,271,
COLUMBIA,2020,270,
COLUMBIA,2020,269,
COLUMBIA,2020,268,
COLUMBIA,2020,267,
COLUMBIA,2020,266,
COLUMBIA,2020,265,
COLUMBIA,2020,264,
COLUMBIA,2020,263,
COLUMBIA,2020,262,
COLUMBIA,2020,261,
COLUMBIA,2020,260,
COLUMBIA,2020,259,
COLUMBIA,2020,258,
COLUMBIA,2020,257,
COLUMBIA,2020,256,
COLUMBIA,2020,255,
COLUMBIA,2020,254,
COLUMBIA,2020,253,
COLUMBIA,2020,252,
COLUMBIA,2020,251,
COLUMBIA,2020,250,
COLUMBIA,2020,249,
COLUMBIA,2020,248,
COLUMBIA,2020,247,
COLUMBIA,2020,246,
COLUMBIA,2020,245,
COLUMBIA,2020,244,
COLUMBIA,2020,243,
COLUMBIA,2020,242,
COLUMBIA,2020,241,
COLUMBIA,2020,240,
COLUMBIA,2020,239,
COLUMBIA,2020,238,
COLUMBIA,2020,237,
COLUMBIA,2020,236,
COLUMBIA,2020,235,
COLUMBIA,2020,234,
COLUMBIA,2020,233,
COLUMBIA,2020,232,
COLUMBIA,2020,231,
COLUMBIA,2020,230,
COLUMBIA,2020,229,
COLUMBIA,2020,228,
COLUMBIA,2020,227,
COLUMBIA,2020,226,
COLUMBIA,2020,225,
COLUMBIA,2020,224,
COLUMBIA,2020,223,
COLUMBIA,2020,222,
COLUMBIA,2020,221,
COLUMBIA,2020,220,
COLUMBIA,2020,219,
COLUMBIA,2020,218,
COLUMBIA,2020,217,
COLUMBIA,2020,216,
COLUMBIA,2020,215,
COLUMBIA,2020,214,
COLUMBIA,2020,213,
COLUMBIA,2020,212,
COLUMBIA,2020,211,
COLUMBIA,2020,210,
COLUMBIA,2020,209,
COLUMBIA,2020,208,
COLUMBIA,2020,207,
COLUMBIA,2020,206,
COLUMBIA,2020,205,
COLUMBIA,2020,204,
COLUMBIA,2020,203,
COLUMBIA,2020,202,
COLUMBIA,2020,201,
COLUMBIA,2020,200,
COLUMBIA,2020,199,
COLUMBIA,2020,198,
COLUMBIA,2020,197,
COLUMBIA,2020,196,
COLUMBIA,2020,195,
COLUMBIA,2020,194,
COLUMBIA,2020,193,
COLUMBIA,2020,192,
COLUMBIA,2020,191,
COLUMBIA,2020,190,
COLUMBIA,2020,189,
COLUMBIA,2020,188,
COLUMBIA,2020,187,
COLUMBIA,2020,186,
COLUMBIA,2020,185,
COLUMBIA,2020,184,
COLUMBIA,2020,183,
COLUMBIA,2020,182,
COLUMBIA,2020,181,
COLUMBIA,2020,180,
COLUMBIA,2020,179,
COLUMBIA,2020,178,
COLUMBIA,2020,177,
COLUMBIA,2020,176,
COLUMBIA,2020,175,
COLUMBIA,2020,174,
COLUMBIA,2020,173,
COLUMBIA,2020,172,
COLUMBIA,2020,171,
COLUMBIA,2020,170,
COLUMBIA,2020,169,
COLUMBIA,2020,168,
COLUMBIA,2020,167,
COLUMBIA,2020,166,
COLUMBIA,2020,165,
COLUMBIA,2020,164,
COLUMBIA,2020,163,
COLUMBIA,2020,162,
COLUMBIA,2020,161,
COLUMBIA,2020,160,
COLUMBIA,2020,159,
COLUMBIA,2020,158,
COLUMBIA,2020,157,
COLUMBIA,2020,156,
COLUMBIA,2020,155,
COLUMBIA,2020,154,
COLUMBIA,2020,153,
COLUMBIA,2020,152,
COLUMBIA,2020,151,
COLUMBIA,2020,150,
COLUMBIA,2020,149,
COLUMBIA,2020,148,
COLUMBIA,2020,147,
COLUMBIA,2020,146,
COLUMBIA,2020,145,
COLUMBIA,2020,144,
COLUMBIA,2020,143,
COLUMBIA,2020,142,
COLUMBIA,2020,141,
COLUMBIA,2020,140,
COLUMBIA,2020,139,
COLUMBIA,2020,138,
COLUMBIA,2020,137,
COLUMBIA,2020,136,20.000000
COLUMBIA,2020,135,20.000000
COLUMBIA,2020,134,20.000000
COLUMBIA,2020,133,20.000000
COLUMBIA,2020,132,
COLUMBIA,2020,131,
COLUMBIA,2020,130,
COLUMBIA,2020,129,20.000000
COLUMBIA,2020,128,20.000000
COLUMBIA,2020,127,20.000000
COLUMBIA,2020,126,20.000000
COLUMBIA,2020,125,20.000000
COLUMBIA,2020,124,
COLUMBIA,2020,123,
COLUMBIA,2020,122,20.000000
COLUMBIA,2020,121,20.000000
COLUMBIA,2020,120,20.000000
COLUMBIA,2020,119,20.000000
COLUMBIA,2020,118,20.000000
COLUMBIA,2020,117,
COLUMBIA,2020,116,
COLUMBIA,2020,115,20.000000
COLUMBIA,2020,114,20.000000
COLUMBIA,2020,113,20.000000
COLUMBIA,2020,112,
COLUMBIA,2020,111,
COLUMBIA,2020,110,
COLUMBIA,2020,109,
COLUMBIA,2020,108,
COLUMBIA,2020,107,
COLUMBIA,2020,106,
COLUMBIA,2020,105,
COLUMBIA,2020,104,
COLUMBIA,2020,103,
COLUMBIA,2020,102,
COLUMBIA,2020,101,
COLUMBIA,2020,100,
COLUMBIA,2020,99,
COLUMBIA,2020,98,
COLUMBIA,2020,97,
COLUMBIA,2020,96,
COLUMBIA,2020,95,
COLUMBIA,2020,94,
COLUMBIA,2020,93,
COLUMBIA,2020,92,
COLUMBIA,2020,91,
COLUMBIA,2020,90,
COLUMBIA,2020,89,
COLUMBIA,2020,88,
COLUMBIA,2020,87,
COLUMBIA,2020,86,
COLUMBIA,2020,85,
COLUMBIA,2020,84,
COLUMBIA,2020,83,
COLUMBIA,2020,82,
COLUMBIA,2020,81,
COLUMBIA,2020,80,
COLUMBIA,2020,79,
COLUMBIA,2020,78,
COLUMBIA,2020,77,
COLUMBIA,2020,76,
COLUMBIA,2020,75,
COLUMBIA,2020,74,
COLUMBIA,2020,73,
COLUMBIA,2020,72,
COLUMBIA,2020,71,
COLUMBIA,2020,70,
COLUMBIA,2020,69,
COLUMBIA,2020,68,
COLUMBIA,2020,67,
COLUMBIA,2020,66,
COLUMBIA,2020,65,
COLUMBIA,2020,64,
COLUMBIA,2020,63,
COLUMBIA,2020,62,
COLUMBIA,2020,61,
COLUMBIA,2020,60,
COLUMBIA,2020,59,
COLUMBIA,2020,58,
COLUMBIA,2020,57,
COLUMBIA,2020,56,
COLUMBIA,2020,55,
COLUMBIA,2020,54,
COLUMBIA,2020,53,
COLUMBIA,2020,52,
COLUMBIA,2020,51,
COLUMBIA,2020,50,
COLUMBIA,2020,49,
COLUMBIA,2020,48,
COLUMBIA,2020,47,
COLUMBIA,2020,46,
COLUMBIA,2020,45,
COLUMBIA,2020,44,
COLUMBIA,2020,43,
COLUMBIA,2020,42,
COLUMBIA,2020,41,
COLUMBIA,2020,40,
COLUMBIA,2020,39,
COLUMBIA,2020,38,
COLUMBIA,2020,37,
COLUMBIA,2020,36,
COLUMBIA,2020,35,
COLUMBIA,2020,34,
COLUMBIA,2020,33,
COLUMBIA,2020,32,
COLUMBIA,2020,31,
COLUMBIA,2020,30,
COLUMBIA,2020,29,
COLUMBIA,2020,28,
COLUMBIA,2020,27,
COLUMBIA,2020,26,
COLUMBIA,2020,25,
COLUMBIA,2020,24,
COLUMBIA,2020,23,
COLUMBIA,2020,22,
COLUMBIA,2020,21,
COLUMBIA,2020,20,
COLUMBIA,2020,19,
COLUMBIA,2020,18,
COLUMBIA,2020,17,
COLUMBIA,2020,16,
COLUMBIA,2020,15,
COLUMBIA,2020,14,
COLUMBIA,2020,13,
COLUMBIA,2020,12,
COLUMBIA,2020,11,
COLUMBIA,2020,10,
COLUMBIA,2020,9,
COLUMBIA,2020,8,
COLUMBIA,2020,7,
COLUMBIA,2020,6,
COLUMBIA,2020,5,
COLUMBIA,2020,4,
COLUMBIA,2020,3,
COLUMBIA,2020,2,
MIAMI,2020,366,
MIAMI,2020,365,
MIAMI,2020,364,
MIAMI,2020,363,
MIAMI,2020,362,
MIAMI,2020,361,
MIAMI,2020,360,
MIAMI,2020,359,
MIAMI,2020,358,
MIAMI,2020,357,
MIAMI,2020,356,
MIAMI,2020,355,
MIAMI,2020,354,
MIAMI,2020,353,
MIAMI,2020,352,
MIAMI,2020,351,36.000000
MIAMI,2020,350,36.000000
MIAMI,2020,349,36.000000
MIAMI,2020,348,
MIAMI,2020,347,
MIAMI,2020,346,36.000000
MIAMI,2020,345,36.000000
MIAMI,2020,344,36.000000
MIAMI,2020,343,36.000000
MIAMI,2020,342,36.000000
MIAMI,2020,341,
MIAMI,2020,340,
MIAMI,2020,339,36.000000
MIAMI,2020,338,36.000000
MIAMI,2020,337,36.000000
MIAMI,2020,336,36.000000
MIAMI,2020,335,36.000000
MIAMI,2020,334,
MIAMI,2020,333,
MIAMI,2020,332,36.000000
MIAMI,2020,331,
MIAMI,2020,330,36.000000
MIAMI,2020,329,36.000000
MIAMI,2020,328,36.000000
MIAMI,2020,327,
MIAMI,2020,326,
MIAMI,2020,325,36.000000
MIAMI,2020,324,36.000000
MIAMI,2020,323,36.000000
MIAMI,2020,322,36.000000
MIAMI,2020,321,36.000000
MIAMI,2020,320,
MIAMI,2020,319,
MIAMI,2020,318,36.000000
MIAMI,2020,317,36.000000
MIAMI,2020,316,
MIAMI,2020,315,36.000000
MIAMI,2020,314,36.000000
MIAMI,2020,313,
MIAMI,2020,312,
MIAMI,2020,311,36.000000
MIAMI,2020,310,36.000000
MIAMI,2020,309,36.000000
MIAMI,2020,308,36.000000
MIAMI,2020,307,36.000000
MIAMI,2020,306,
MIAMI,2020,305,
MIAMI,2020,304,36.000000
MIAMI,2020,303,36.000000
MIAMI,2020,302,36.000000
MIAMI,2020,301,26.500000
MIAMI,2020,300,26.500000
MIAMI,2020,299,
MIAMI,2020,298,
MIAMI,2020,297,26.500000
MIAMI,2020,296,26.500000
MIAMI,2020,295,26.500000
MIAMI,2020,294,26.500000
MIAMI,2020,293,26.500000
MIAMI,2020,292,
MIAMI,2020,291,
MIAMI,2020,290,26.500000
MIAMI,2020,289,26.500000
MIAMI,2020,288,26.500000
MIAMI,2020,287,26.500000
MIAMI,2020,286,
MIAMI,2020,285,
MIAMI,2020,284,
MIAMI,2020,283,26.500000
MIAMI,2020,282,26.500000
MIAMI,2020,281,26.500000
MIAMI,2020,280,26.500000
MIAMI,2020,279,26.500000
MIAMI,2020,278,
MIAMI,2020,277,
MIAMI,2020,276,26.500000
MIAMI,2020,275,26.500000
MIAMI,2020,274,26.500000
MIAMI,2020,273,26.500000
MIAMI,2020,272,26.500000
MIAMI,2020,271,
MIAMI,2020,270,
MIAMI,2020,269,26.500000
MIAMI,2020,268,26.500000
MIAMI,2020,267,26.500000
MIAMI,2020,266,26.500000
MIAMI,2020,265,26.500000
MIAMI,2020,264,
MIAMI,2020,263,
MIAMI,2020,262,26.500000
MIAMI,2020,261,26.500000
MIAMI,2020,260,26.500000
MIAMI,2020,259,26.500000
MIAMI,2020,258,26.500000
MIAMI,2020,257,
MIAMI,2020,256,
MIAMI,2020,255,26.500000
MIAMI,2020,254,26.500000
MIAMI,2020,253,26.500000
MIAMI,2020,252,26.500000
MIAMI,2020,251,
MIAMI,2020,250,
MIAMI,2020,249,
MIAMI,2020,248,26.500000
MIAMI,2020,247,26.500000
MIAMI,2020,246,26.500000
MIAMI,2020,245,26.500000
MIAMI,2020,244,26.500000
MIAMI,2020,243,
MIAMI,2020,242,
MIAMI,2020,241,26.500000
MIAMI,2020,240,26.500000
MIAMI,2020,239,26.500000
MIAMI,2020,238,26.500000
MIAMI,2020,237,26.500000
MIAMI,2020,236,
MIAMI,2020,235,
MIAMI,2020,234,26.500000
MIAMI,2020,233,26.500000
MIAMI,2020,232,26.500000
MIAMI,2020,231,26.500000
MIAMI,2020,230,26.500000
MIAMI,2020,229,
MIAMI,2020,228,
MIAMI,2020,227,26.500000
MIAMI,2020,226,26.500000
MIAMI,2020,225,26.500000
MIAMI,2020,224,26.500000
MIAMI,2020,223,26.500000
MIAMI,2020,222,
MIAMI,2020,221,
MIAMI,2020,220,26.500000
MIAMI,2020,219,26.500000
MIAMI,2020,218,26.500000
MIAMI,2020,217,26.500000
MIAMI,2020,216,26.500000
MIAMI,2020,215,
MIAMI,2020,214,
MIAMI,2020,213,26.500000
MIAMI,2020,212,26.500000
MIAMI,2020,211,26.500000
MIAMI,2020,210,26.500000
MIAMI,2020,209,26.500000
MIAMI,2020,208,
MIAMI,2020,207,
MIAMI,2020,206,26.500000
MIAMI,2020,205,26.500000
MIAMI,2020,204,26.500000
MIAMI,2020,203,26.500000
MIAMI,2020,202,26.500000
MIAMI,2020,201,
MIAMI,2020,200,
MIAMI,2020,199,26.500000
MIAMI,2020,198,26.500000
MIAMI,2020,197,26.500000
MIAMI,2020,196,26.500000
MIAMI,2020,195,26.500000
MIAMI,2020,194,
MIAMI,2020,193,
MIAMI,2020,192,26.500000
MIAMI,2020,191,
MIAMI,2020,190,
MIAMI,2020,189,
MIAMI,2020,188,
MIAMI,2020,187,
MIAMI,2020,186,
MIAMI,2020,185,
MIAMI,2020,184,
MIAMI,2020,183,
MIAMI,2020,182,
MIAMI,2020,181,
MIAMI,2020,180,
MIAMI,2020,179,
MIAMI,2020,178,
MIAMI,2020,177,
MIAMI,2020,176,
MIAMI,2020,175,
MIAMI,2020,174,
MIAMI,2020,173,
MIAMI,2020,172,
MIAMI,2020,171,
MIAMI,2020,170,
MIAMI,2020,169,
MIAMI,2020,168,
MIAMI,2020,167,
MIAMI,2020,166,
MIAMI,2020,165,
MIAMI,2020,164,
MIAMI,2020,163,
MIAMI,2020,162,
MIAMI,2020,161,
MIAMI,2020,160,
MIAMI,2020,159,
MIAMI,2020,158,
MIAMI,2020,157,
MIAMI,2020,156,
MIAMI,2020,155,
MIAMI,2020,154,
MIAMI,2020,153,
MIAMI,2020,152,
MIAMI,2020,151,
MIAMI,2020,150,
MIAMI,2020,149,
MIAMI,2020,148,
MIAMI,2020,147,
MIAMI,2020,146,
MIAMI,2020,145,
MIAMI,2020,144,
MIAMI,2020,143,
MIAMI,2020,142,
MIAMI,2020,141,
MIAMI,2020,140,
MIAMI,2020,139,
MIAMI,2020,138,
MIAMI,2020,137,
MIAMI,2020,136,
MIAMI,2020,135,
MIAMI,2020,134,
MIAMI,2020,133,
MIAMI,2020,132,
MIAMI,2020,131,
MIAMI,2020,130,
MIAMI,2020,129,
MIAMI,2020,128,
MIAMI,2020,127,
MIAMI,2020,126,
MIAMI,2020,125,
MIAMI,2020,124,
MIAMI,2020,123,
MIAMI,2020,122,
MIAMI,2020,121,
MIAMI,2020,120,
MIAMI,2020,119,
MIAMI,2020,118,
MIAMI,2020,117,
MIAMI,2020,116,
MIAMI,2020,115,
MIAMI,2020,114,
MIAMI,2020,113,
MIAMI,2020,112,
MIAMI,2020,111,
MIAMI,2020,110,
MIAMI,2020,109,
MIAMI,2020,108,
MIAMI,2020,107,
MIAMI,2020,106,
MIAMI,2020,105,
MIAMI,2020,104,
MIAMI,2020,103,
MIAMI,2020,102,
MIAMI,2020,101,
MIAMI,2020,100,
MIAMI,2020,99,
MIAMI,2020,98,
MIAMI,2020,97,
MIAMI,2020,96,
MIAMI,2020,95,
MIAMI,2020,94,
MIAMI,2020,93,
MIAMI,2020,92,
MIAMI,2020,91,
MIAMI,2020,90,
MIAMI,2020,89,
MIAMI,2020,88,
MIAMI,2020,87,
MIAMI,2020,86,
MIAMI,2020,85,
MIAMI,2020,84,
MIAMI,2020,83,
MIAMI,2020,82,
MIAMI,2020,81,
MIAMI,2020,80,
MIAMI,2020,79,
MIAMI,2020,78,
MIAMI,2020,77,
MIAMI,2020,76,
MIAMI,2020,75,
MIAMI,2020,74,
MIAMI,2020,73,
MIAMI,2020,72,
MIAMI,2020,71,
MIAMI,2020,70,
MIAMI,2020,69,
MIAMI,2020,68,
MIAMI,2020,67,
MIAMI,2020,66,
MIAMI,2020,65,
MIAMI,2020,64,
MIAMI,2020,63,
MIAMI,2020,62,
MIAMI,2020,61,
MIAMI,2020,60,
MIAMI,2020,59,
MIAMI,2020,58,
MIAMI,2020,57,
MIAMI,2020,56,
MIAMI,2020,55,
MIAMI,2020,54,
MIAMI,2020,53,
MIAMI,2020,52,
MIAMI,2020,51,
MIAMI,2020,50,
MIAMI,2020,49,
MIAMI,2020,48,
MIAMI,2020,47,
MIAMI,2020,46,
MIAMI,2020,45,
MIAMI,2020,44,
MIAMI,2020,43,
MIAMI,2020,42,
MIAMI,2020,41,
MIAMI,2020,40,
MIAMI,2020,39,
MIAMI,2020,38,
MIAMI,2020,37,
MIAMI,2020,36,
MIAMI,2020,35,
MIAMI,2020,34,
MIAMI,2020,33,
MIAMI,2020,32,
MIAMI,2020,31,
MIAMI,2020,30,
MIAMI,2020,29,
MIAMI,2020,28,
MIAMI,2020,27,
MIAMI,2020,26,
MIAMI,2020,25,
MIAMI,2020,24,
MIAMI,2020,23,
MIAMI,2020,22,
MIAMI,2020,21,
MIAMI,2020,20,
MIAMI,2020,19,
MIAMI,2020,18,
MIAMI,2020,17,
MIAMI,2020,16,
MIAMI,2020,15,
MIAMI,2020,14,
MIAMI,2020,13,
MIAMI,2020,12,
MIAMI,2020,11,
MIAMI,2020,10,
MIAMI,2020,9,
MIAMI,2020,8,
MIAMI,2020,7,
MIAMI,2020,6,
MIAMI,2020,5,
MIAMI,2020,4,
MIAMI,2020,3,
MIAMI,2020,2,
NEW YORK,2020,366,
NEW YORK,2020,365,
NEW YORK,2020,364,32.500000
NEW YORK,2020,363,32.500000
NEW YORK,2020,362,
NEW YORK,2020,361,
NEW YORK,2020,360,
NEW YORK,2020,359,
NEW YORK,2020,358,27.000000
NEW YORK,2020,357,27.000000
NEW YORK,2020,356,32.500000
NEW YORK,2020,355,
NEW YORK,2020,354,
NEW YORK,2020,353,33.000000
NEW YORK,2020,352,33.500000
NEW YORK,2020,351,25.500000
NEW YORK,2020,350,24.500000
NEW YORK,2020,349,26.000000
NEW YORK,2020,348,
NEW YORK,2020,347,
NEW YORK,2020,346,25.000000
NEW YORK,2020,345,24.666666
NEW YORK,2020,344,24.666666
NEW YORK,2020,343,26.500000
NEW YORK,2020,342,25.000000
NEW YORK,2020,341,
NEW YORK,2020,340,
NEW YORK,2020,339,24.875000
NEW YORK,2020,338,29.833333
NEW YORK,2020,337,30.500000
NEW YORK,2020,336,30.500000
NEW YORK,2020,335,29.000000
NEW YORK,2020,334,
NEW YORK,2020,333,
NEW YORK,2020,332,
NEW YORK,2020,331,
NEW YORK,2020,330,28.250000
NEW YORK,2020,329,28.250000
NEW YORK,2020,328,28.250000
NEW YORK,2020,327,
NEW YORK,2020,326,
NEW YORK,2020,325,30.000000
NEW YORK,2020,324,30.000000
NEW YORK,2020,323,30.000000
NEW YORK,2020,322,27.000000
NEW YORK,2020,321,26.500000
NEW YORK,2020,320,
NEW YORK,2020,319,
NEW YORK,2020,318,23.250000
NEW YORK,2020,317,23.250000
NEW YORK,2020,316,
NEW YORK,2020,315,23.250000
NEW YORK,2020,314,28.000000
NEW YORK,2020,313,
NEW YORK,2020,312,
NEW YORK,2020,311,29.000000
NEW YORK,2020,310,29.000000
NEW YORK,2020,309,29.000000
NEW YORK,2020,308,28.500000
NEW YORK,2020,307,28.500000
NEW YORK,2020,306,
NEW YORK,2020,305,
NEW YORK,2020,304,32.000000
NEW YORK,2020,303,32.000000
NEW YORK,2020,302,31.333333
NEW YORK,2020,301,31.333333
NEW YORK,2020,300,35.000000
NEW YORK,2020,299,
NEW YORK,2020,298,
NEW YORK,2020,297,39.500000
NEW YORK,2020,296,43.500000
NEW YORK,2020,295,37.000000
NEW YORK,2020,294,37.500000
NEW YORK,2020,293,40.000000
NEW YORK,2020,292,
NEW YORK,2020,291,
NEW YORK,2020,290,37.000000
NEW YORK,2020,289,38.250000
NEW YORK,2020,288,41.000000
NEW YORK,2020,287,47.000000
NEW YORK,2020,286,
NEW YORK,2020,285,
NEW YORK,2020,284,
NEW YORK,2020,283,40.500000
NEW YORK,2020,282,40.500000
NEW YORK,2020,281,39.750000
NEW YORK,2020,280,41.800000
NEW YORK,2020,279,47.250000
NEW YORK,2020,278,
NEW YORK,2020,277,
NEW YORK,2020,276,47.600000
NEW YORK,2020,275,47.000000
NEW YORK,2020,274,47.000000
NEW YORK,2020,273,47.333333
NEW YORK,2020,272,56.500000
NEW YORK,2020,271,
NEW YORK,2020,270,
NEW YORK,2020,269,41.000000
NEW YORK,2020,268,41.500000
NEW YORK,2020,267,39.666666
NEW YORK,2020,266,26.666666
NEW YORK,2020,265,13.500000
NEW YORK,2020,264,
NEW YORK,2020,263,
NEW YORK,2020,262,20.750000
NEW YORK,2020,261,20.750000
NEW YORK,2020,260,18.666666
NEW YORK,2020,259,18.833333
NEW YORK,2020,258,18.833333
NEW YORK,2020,257,
NEW YORK,2020,256,
NEW YORK,2020,255,16.625000
NEW YORK,2020,254,16.500000
NEW YORK,2020,253,16.500000
NEW YORK,2020,252,16.250000
NEW YORK,2020,251,
NEW YORK,2020,250,
NEW YORK,2020,249,
NEW YORK,2020,248,14.700000
NEW YORK,2020,247,14.700000
NEW YORK,2020,246,13.000000
NEW YORK,2020,245,13.333333
NEW YORK,2020,244,14.500000
NEW YORK,2020,243,
NEW YORK,2020,242,
NEW YORK,2020,241,18.166666
NEW YORK,2020,240,18.333333
NEW YORK,2020,239,18.500000
NEW YORK,2020,238,18.500000
NEW YORK,2020,237,15.250000
NEW YORK,2020,236,
NEW YORK,2020,235,
NEW YORK,2020,234,12.750000
NEW YORK,2020,233,12.750000
NEW YORK,2020,232,14.500000
NEW YORK,2020,231,14.500000
NEW YORK,2020,230,14.500000
NEW YORK,2020,229,
NEW YORK,2020,228,
NEW YORK,2020,227,13.250000
NEW YORK,2020,226,13.250000
NEW YORK,2020,225,13.500000
NEW YORK,2020,224,15.000000
NEW YORK,2020,223,15.000000
NEW YORK,2020,222,
NEW YORK,2020,221,
NEW YORK,2020,220,16.000000
NEW YORK,2020,219,16.000000
NEW YORK,2020,218,16.000000
NEW YORK,2020,217,18.250000
NEW YORK,2020,216,18.250000
NEW YORK,2020,215,
NEW YORK,2020,214,
NEW YORK,2020,213,15.500000
NEW YORK,2020,212,16.000000
NEW YORK,2020,211,16.000000
NEW YORK,2020,210,19.000000
NEW YORK,2020,209,21.000000
NEW YORK,2020,208,
NEW YORK,2020,207,
NEW YORK,2020,206,27.000000
NEW YORK,2020,205,31.750000
NEW YORK,2020,204,28.500000
NEW YORK,2020,203,27.833333
NEW YORK,2020,202,36.500000
NEW YORK,2020,201,
NEW YORK,2020,200,
NEW YORK,2020,199,25.500000
NEW YORK,2020,198,36.750000
NEW YORK,2020,197,36.750000
NEW YORK,2020,196,36.750000
NEW YORK,2020,195,35.500000
NEW YORK,2020,194,
NEW YORK,2020,193,
NEW YORK,2020,192,34.000000
NEW YORK,2020,191,35.000000
NEW YORK,2020,190,35.000000
NEW YORK,2020,189,30.500000
NEW YORK,2020,188,30.500000
NEW YORK,2020,187,
NEW YORK,2020,186,
NEW YORK,2020,185,
NEW YORK,2020,184,24.000000
NEW YORK,2020,183,16.250000
NEW YORK,2020,182,17.000000
NEW YORK,2020,181,21.000000
NEW YORK,2020,180,
NEW YORK,2020,179,
NEW YORK,2020,178,24.000000
NEW YORK,2020,177,19.500000
NEW YORK,2020,176,14.125000
NEW YORK,2020,175,14.125000
NEW YORK,2020,174,21.000000
NEW YORK,2020,173,
NEW YORK,2020,172,
NEW YORK,2020,171,22.500000
NEW YORK,2020,170,13.500000
NEW YORK,2020,169,17.750000
NEW YORK,2020,168,18.200000
NEW YORK,2020,167,21.600000
NEW YORK,2020,166,
NEW YORK,2020,165,
NEW YORK,2020,164,23.166666
NEW YORK,2020,163,20.111111
NEW YORK,2020,162,21.000000
NEW YORK,2020,161,22.666666
NEW YORK,2020,160,19.333333
NEW YORK,2020,159,
NEW YORK,2020,158,
NEW YORK,2020,157,26.000000
NEW YORK,2020,156,26.000000
NEW YORK,2020,155,26.000000
NEW YORK,2020,154,26.000000
NEW YORK,2020,153,26.000000
NEW YORK,2020,152,
NEW YORK,2020,151,
NEW YORK,2020,150,29.571428
NEW YORK,2020,149,30.000000
NEW YORK,2020,148,31.000000
NEW YORK,2020,147,31.000000
NEW YORK,2020,146,
NEW YORK,2020,145,
NEW YORK,2020,144,
NEW YORK,2020,143,30.500000
NEW YORK,2020,142,30.500000
NEW YORK,2020,141,30.500000
NEW YORK,2020,140,30.500000
NEW YORK,2020,139,30.500000
NEW YORK,2020,138,
NEW YORK,2020,137,
NEW YORK,2020,136,30.625000
NEW YORK,2020,135,30.625000
NEW YORK,2020,134,30.625000
NEW YORK,2020,133,30.625000
NEW YORK,2020,132,30.625000
NEW YORK,2020,131,
NEW YORK,2020,130,
NEW YORK,2020,129,30.625000
NEW YORK,2020,128,30.625000
NEW YORK,2020,127,30.625000
NEW YORK,2020,126,30.625000
NEW YORK,2020,125,29.166666
NEW YORK,2020,124,
NEW YORK,2020,123,
NEW YORK,2020,122,29.166666
NEW YORK,2020,121,29.166666
NEW YORK,2020,120,29.166666
NEW YORK,2020,119,29.166666
NEW YORK,2020,118,30.750000
NEW YORK,2020,117,
NEW YORK,2020,116,
NEW YORK,2020,115,23.666666
NEW YORK,2020,114,23.666666
NEW YORK,2020,113,23.666666
NEW YORK,2020,112,25.250000
NEW YORK,2020,111,26.250000
NEW YORK,2020,110,
NEW YORK,2020,109,
NEW YORK,2020,108,24.166666
NEW YORK,2020,107,24.166666
NEW YORK,2020,106,24.166666
NEW YORK,2020,105,24.166666
NEW YORK,2020,104,
NEW YORK,2020,103,
NEW YORK,2020,102,
NEW YORK,2020,101,24.166666
NEW YORK,2020,100,24.166666
NEW YORK,2020,99,24.000000
NEW YORK,2020,98,24.000000
NEW YORK,2020,97,24.200000
NEW YORK,2020,96,
NEW YORK,2020,95,
NEW YORK,2020,94,26.500000
NEW YORK,2020,93,30.000000
NEW YORK,2020,92,30.000000
NEW YORK,2020,91,38.000000
NEW YORK,2020,90,38.000000
NEW YORK,2020,89,
NEW YORK,2020,88,
NEW YORK,2020,87,45.000000
NEW YORK,2020,86,45.000000
NEW YORK,2020,85,45.000000
NEW YORK,2020,84,45.000000
NEW YORK,2020,83,37.250000
NEW YORK,2020,82,
NEW YORK,2020,81,
NEW YORK,2020,80,37.250000
NEW YORK,2020,79,37.250000
NEW YORK,2020,78,37.250000
NEW YORK,2020,77,37.250000
NEW YORK,2020,76,37.000000
NEW YORK,2020,75,
NEW YORK,2020,74,
NEW YORK,2020,73,29.250000
NEW YORK,2020,72,29.250000
NEW YORK,2020,71,29.250000
NEW YORK,2020,70,29.666666
NEW YORK,2020,69,25.500000
NEW YORK,2020,68,
NEW YORK,2020,67,
NEW YORK,2020,66,29.500000
NEW YORK,2020,65,29.500000
NEW YORK,2020,64,29.500000
NEW YORK,2020,63,37.500000
NEW YORK,2020,62,
NEW YORK,2020,61,
NEW YORK,2020,60,
NEW YORK,2020,59,36.500000
NEW YORK,2020,58,36.500000
NEW YORK,2020,57,36.500000
NEW YORK,2020,56,36.500000
NEW YORK,2020,55,29.000000
NEW YORK,2020,54,
NEW YORK,2020,53,
NEW YORK,2020,52,29.000000
NEW YORK,2020,51,29.000000
NEW YORK,2020,50,
NEW YORK,2020,49,
NEW YORK,2020,48,
NEW YORK,2020,47,
NEW YORK,2020,46,
NEW YORK,2020,45,26.500000
NEW YORK,2020,44,27.250000
NEW YORK,2020,43,27.250000
NEW YORK,2020,42,27.250000
NEW YORK,2020,41,27.250000
NEW YORK,2020,40,
NEW YORK,2020,39,
NEW YORK,2020,38,26.750000
NEW YORK,2020,37,21.625000
NEW YORK,2020,36,15.400000
NEW YORK,2020,35,16.750000
NEW YORK,2020,34,15.900000
NEW YORK,2020,33,
NEW YORK,2020,32,
NEW YORK,2020,31,15.900000
NEW YORK,2020,30,20.666666
NEW YORK,2020,29,20.666666
NEW YORK,2020,28,20.666666
NEW YORK,2020,27,20.666666
NEW YORK,2020,26,
NEW YORK,2020,25,
NEW YORK,2020,24,20.666666
NEW YORK,2020,23,20.666666
NEW YORK,2020,22,20.666666
NEW YORK,2020,21,16.500000
NEW YORK,2020,20,
NEW YORK,2020,19,
NEW YORK,2020,18,
NEW YORK,2020,17,14.750000
NEW YORK,2020,16,14.750000
NEW YORK,2020,15,16.000000
NEW YORK,2020,14,16.000000
NEW YORK,2020,13,16.000000
NEW YORK,2020,12,
NEW YORK,2020,11,
NEW YORK,2020,10,16.700000
NEW YORK,2020,9,16.700000
NEW YORK,2020,8,16.700000
NEW YORK,2020,7,16.700000
NEW YORK,2020,6,15.625000
NEW YORK,2020,5,
NEW YORK,2020,4,
NEW YORK,2020,3,15.625000
NEW YORK,2020,2,15.625000
PHILADELPHIA,2020,366,46.000000
PHILADELPHIA,2020,365,46.000000
PHILADELPHIA,2020,364,46.000000
PHILADELPHIA,2020,363,46.000000
PHILADELPHIA,2020,362,
PHILADELPHIA,2020,361,
PHILADELPHIA,2020,360,
PHILADELPHIA,2020,359,
PHILADELPHIA,2020,358,27.250000
PHILADELPHIA,2020,357,27.250000
PHILADELPHIA,2020,356,27.250000
PHILADELPHIA,2020,355,
PHILADELPHIA,2020,354,
PHILADELPHIA,2020,353,26.916666
PHILADELPHIA,2020,352,26.916666
PHILADELPHIA,2020,351,26.500000
PHILADELPHIA,2020,350,26.500000
PHILADELPHIA,2020,349,26.500000
PHILADELPHIA,2020,348,
PHILADELPHIA,2020,347,
PHILADELPHIA,2020,346,27.666666
PHILADELPHIA,2020,345,27.666666
PHILADELPHIA,2020,344,27.666666
PHILADELPHIA,2020,343,27.666666
PHILADELPHIA,2020,342,27.666666
PHILADELPHIA,2020,341,
PHILADELPHIA,2020,340,
PHILADELPHIA,2020,339,28.000000
PHILADELPHIA,2020,338,28.666666
PHILADELPHIA,2020,337,28.000000
PHILADELPHIA,2020,336,27.000000
PHILADELPHIA,2020,335,27.000000
PHILADELPHIA,2020,334,
PHILADELPHIA,2020,333,
PHILADELPHIA,2020,332,
PHILADELPHIA,2020,331,
PHILADELPHIA,2020,330,28.500000
PHILADELPHIA,2020,329,28.500000
PHILADELPHIA,2020,328,28.500000
PHILADELPHIA,2020,327,
PHILADELPHIA,2020,326,
PHILADELPHIA,2020,325,32.500000
PHILADELPHIA,2020,324,32.500000
PHILADELPHIA,2020,323,29.750000
PHILADELPHIA,2020,322,29.750000
PHILADELPHIA,2020,321,31.000000
PHILADELPHIA,2020,320,
PHILADELPHIA,2020,319,
PHILADELPHIA,2020,318,27.333333
PHILADELPHIA,2020,317,27.333333
PHILADELPHIA,2020,316,
PHILADELPHIA,2020,315,29.000000
PHILADELPHIA,2020,314,24.500000
PHILADELPHIA,2020,313,
PHILADELPHIA,2020,312,
PHILADELPHIA,2020,311,24.500000
PHILADELPHIA,2020,310,24.500000
PHILADELPHIA,2020,309,20.000000
PHILADELPHIA,2020,308,20.000000
PHILADELPHIA,2020,307,20.000000
PHILADELPHIA,2020,306,
PHILADELPHIA,2020,305,
PHILADELPHIA,2020,304,27.500000
PHILADELPHIA,2020,303,30.000000
PHILADELPHIA,2020,302,34.500000
PHILADELPHIA,2020,301,34.500000
PHILADELPHIA,2020,300,34.500000
PHILADELPHIA,2020,299,
PHILADELPHIA,2020,298,
PHILADELPHIA,2020,297,33.625000
PHILADELPHIA,2020,296,33.625000
PHILADELPHIA,2020,295,36.333333
PHILADELPHIA,2020,294,36.666666
PHILADELPHIA,2020,293,37.000000
PHILADELPHIA,2020,292,
PHILADELPHIA,2020,291,
PHILADELPHIA,2020,290,44.333333
PHILADELPHIA,2020,289,44.333333
PHILADELPHIA,2020,288,51.500000
PHILADELPHIA,2020,287,51.000000
PHILADELPHIA,2020,286,
PHILADELPHIA,2020,285,
PHILADELPHIA,2020,284,
PHILADELPHIA,2020,283,54.000000
PHILADELPHIA,2020,282,53.750000
PHILADELPHIA,2020,281,52.500000
PHILADELPHIA,2020,280,52.500000
PHILADELPHIA,2020,279,52.500000
PHILADELPHIA,2020,278,
PHILADELPHIA,2020,277,
PHILADELPHIA,2020,276,56.666666
PHILADELPHIA,2020,275,55.000000
PHILADELPHIA,2020,274,55.000000
PHILADELPHIA,2020,273,55.000000
PHILADELPHIA,2020,272,55.000000
PHILADELPHIA,2020,271,
PHILADELPHIA,2020,270,
PHILADELPHIA,2020,269,31.666666
PHILADELPHIA,2020,268,31.666666
PHILADELPHIA,2020,267,31.666666
PHILADELPHIA,2020,266,22.333333
PHILADELPHIA,2020,265,22.333333
PHILADELPHIA,2020,264,
PHILADELPHIA,2020,263,
PHILADELPHIA,2020,262,17.000000
PHILADELPHIA,2020,261,17.000000
PHILADELPHIA,2020,260,17.000000
PHILADELPHIA,2020,259,18.000000
PHILADELPHIA,2020,258,18.000000
PHILADELPHIA,2020,257,
PHILADELPHIA,2020,256,
PHILADELPHIA,2020,255,18.000000
PHILADELPHIA,2020,254,18.000000
PHILADELPHIA,2020,253,18.000000
PHILADELPHIA,2020,252,13.000000
PHILADELPHIA,2020,251,
PHILADELPHIA,2020,250,
PHILADELPHIA,2020,249,
PHILADELPHIA,2020,248,13.000000
PHILADELPHIA,2020,247,13.000000
PHILADELPHIA,2020,246,13.000000
PHILADELPHIA,2020,245,13.000000
PHILADELPHIA,2020,244,13.000000
PHILADELPHIA,2020,243,
PHILADELPHIA,2020,242,
PHILADELPHIA,2020,241,12.333333
PHILADELPHIA,2020,240,12.333333
PHILADELPHIA,2020,239,12.333333
PHILADELPHIA,2020,238,12.333333
PHILADELPHIA,2020,237,12.333333
PHILADELPHIA,2020,236,
PHILADELPHIA,2020,235,
PHILADELPHIA,2020,234,13.000000
PHILADELPHIA,2020,233,13.000000
PHILADELPHIA,2020,232,13.000000
PHILADELPHIA,2020,231,13.000000
PHILADELPHIA,2020,230,13.000000
PHILADELPHIA,2020,229,
PHILADELPHIA,2020,228,
PHILADELPHIA,2020,227,13.000000
PHILADELPHIA,2020,226,13.000000
PHILADELPHIA,2020,225,13.000000
PHILADELPHIA,2020,224,13.000000
PHILADELPHIA,2020,223,14.000000
PHILADELPHIA,2020,222,
PHILADELPHIA,2020,221,
PHILADELPHIA,2020,220,19.500000
PHILADELPHIA,2020,219,19.500000
PHILADELPHIA,2020,218,19.500000
PHILADELPHIA,2020,217,20.000000
PHILADELPHIA,2020,216,20.000000
PHILADELPHIA,2020,215,
PHILADELPHIA,2020,214,
PHILADELPHIA,2020,213,19.666666
PHILADELPHIA,2020,212,19.666666
PHILADELPHIA,2020,211,20.000000
PHILADELPHIA,2020,210,21.750000
PHILADELPHIA,2020,209,21.750000
PHILADELPHIA,2020,208,
PHILADELPHIA,2020,207,
PHILADELPHIA,2020,206,27.000000
PHILADELPHIA,2020,205,27.000000
PHILADELPHIA,2020,204,27.000000
PHILADELPHIA,2020,203,27.000000
PHILADELPHIA,2020,202,27.000000
PHILADELPHIA,2020,201,
PHILADELPHIA,2020,200,
PHILADELPHIA,2020,199,27.250000
PHILADELPHIA,2020,198,27.250000
PHILADELPHIA,2020,197,31.875000
PHILADELPHIA,2020,196,32.333333
PHILADELPHIA,2020,195,24.500000
PHILADELPHIA,2020,194,
PHILADELPHIA,2020,193,
PHILADELPHIA,2020,192,24.500000
PHILADELPHIA,2020,191,24.500000
PHILADELPHIA,2020,190,24.500000
PHILADELPHIA,2020,189,24.500000
PHILADELPHIA,2020,188,
PHILADELPHIA,2020,187,
PHILADELPHIA,2020,186,
PHILADELPHIA,2020,185,
PHILADELPHIA,2020,184,24.333333
PHILADELPHIA,2020,183,22.000000
PHILADELPHIA,2020,182,22.000000
PHILADELPHIA,2020,181,22.000000
PHILADELPHIA,2020,180,
PHILADELPHIA,2020,179,
PHILADELPHIA,2020,178,18.750000
PHILADELPHIA,2020,177,18.750000
PHILADELPHIA,2020,176,21.750000
PHILADELPHIA,2020,175,21.750000
PHILADELPHIA,2020,174,21.750000
PHILADELPHIA,2020,173,
PHILADELPHIA,2020,172,
PHILADELPHIA,2020,171,22.666666
PHILADELPHIA,2020,170,22.666666
PHILADELPHIA,2020,169,22.666666
PHILADELPHIA,2020,168,23.000000
PHILADELPHIA,2020,167,23.000000
PHILADELPHIA,2020,166,
PHILADELPHIA,2020,165,
PHILADELPHIA,2020,164,25.500000
PHILADELPHIA,2020,163,25.500000
PHILADELPHIA,2020,162,25.500000
PHILADELPHIA,2020,161,25.000000
PHILADELPHIA,2020,160,25.000000
PHILADELPHIA,2020,159,
PHILADELPHIA,2020,158,
PHILADELPHIA,2020,157,26.500000
PHILADELPHIA,2020,156,26.500000
PHILADELPHIA,2020,155,24.666666
PHILADELPHIA,2020,154,23.000000
PHILADELPHIA,2020,153,23.000000
PHILADELPHIA,2020,152,
PHILADELPHIA,2020,151,
PHILADELPHIA,2020,150,26.000000
PHILADELPHIA,2020,149,26.000000
PHILADELPHIA,2020,148,27.000000
PHILADELPHIA,2020,147,27.000000
PHILADELPHIA,2020,146,
PHILADELPHIA,2020,145,
PHILADELPHIA,2020,144,
PHILADELPHIA,2020,143,25.000000
PHILADELPHIA,2020,142,25.000000
PHILADELPHIA,2020,141,25.000000
PHILADELPHIA,2020,140,25.000000
PHILADELPHIA,2020,139,27.500000
PHILADELPHIA,2020,138,
PHILADELPHIA,2020,137,
PHILADELPHIA,2020,136,27.500000
PHILADELPHIA,2020,135,27.500000
PHILADELPHIA,2020,134,27.500000
PHILADELPHIA,2020,133,27.500000
PHILADELPHIA,2020,132,27.500000
PHILADELPHIA,2020,131,
PHILADELPHIA,2020,130,
PHILADELPHIA,2020,129,25.750000
PHILADELPHIA,2020,128,25.750000
PHILADELPHIA,2020,127,25.750000
PHILADELPHIA,2020,126,21.500000
PHILADELPHIA,2020,125,21.500000
PHILADELPHIA,2020,124,
PHILADELPHIA,2020,123,
PHILADELPHIA,2020,122,21.500000
PHILADELPHIA,2020,121,21.500000
PHILADELPHIA,2020,120,21.500000
PHILADELPHIA,2020,119,21.500000
PHILADELPHIA,2020,118,21.500000
PHILADELPHIA,2020,117,
PHILADELPHIA,2020,116,
PHILADELPHIA,2020,115,20.500000
PHILADELPHIA,2020,114,20.500000
PHILADELPHIA,2020,113,20.500000
PHILADELPHIA,2020,112,20.500000
PHILADELPHIA,2020,111,20.500000
PHILADELPHIA,2020,110,
PHILADELPHIA,2020,109,
PHILADELPHIA,2020,108,21.666666
PHILADELPHIA,2020,107,21.666666
PHILADELPHIA,2020,106,21.666666
PHILADELPHIA,2020,105,21.666666
PHILADELPHIA,2020,104,
PHILADELPHIA,2020,103,
PHILADELPHIA,2020,102,
PHILADELPHIA,2020,101,21.666666
PHILADELPHIA,2020,100,21.666666
PHILADELPHIA,2020,99,21.666666
PHILADELPHIA,2020,98,21.666666
PHILADELPHIA,2020,97,21.666666
PHILADELPHIA,2020,96,
PHILADELPHIA,2020,95,
PHILADELPHIA,2020,94,29.000000
PHILADELPHIA,2020,93,29.000000
PHILADELPHIA,2020,92,29.000000
PHILADELPHIA,2020,91,29.000000
PHILADELPHIA,2020,90,29.000000
PHILADELPHIA,2020,89,
PHILADELPHIA,2020,88,
PHILADELPHIA,2020,87,42.500000
PHILADELPHIA,2020,86,42.500000
PHILADELPHIA,2020,85,42.500000
PHILADELPHIA,2020,84,42.500000
PHILADELPHIA,2020,83,42.500000
PHILADELPHIA,2020,82,
PHILADELPHIA,2020,81,
PHILADELPHIA,2020,80,37.000000
PHILADELPHIA,2020,79,37.000000
PHILADELPHIA,2020,78,36.500000
PHILADELPHIA,2020,77,39.000000
PHILADELPHIA,2020,76,39.000000
PHILADELPHIA,2020,75,
PHILADELPHIA,2020,74,
PHILADELPHIA,2020,73,38.000000
PHILADELPHIA,2020,72,38.000000
PHILADELPHIA,2020,71,38.000000
PHILADELPHIA,2020,70,38.000000
PHILADELPHIA,2020,69,38.000000
PHILADELPHIA,2020,68,
PHILADELPHIA,2020,67,
PHILADELPHIA,2020,66,38.000000
PHILADELPHIA,2020,65,38.000000
PHILADELPHIA,2020,64,38.000000
PHILADELPHIA,2020,63,38.000000
PHILADELPHIA,2020,62,18.250000
PHILADELPHIA,2020,61,
PHILADELPHIA,2020,60,
PHILADELPHIA,2020,59,18.250000
PHILADELPHIA,2020,58,18.250000
PHILADELPHIA,2020,57,18.250000
PHILADELPHIA,2020,56,18.250000
PHILADELPHIA,2020,55,18.250000
PHILADELPHIA,2020,54,
PHILADELPHIA,2020,53,
PHILADELPHIA,2020,52,22.000000
PHILADELPHIA,2020,51,22.000000
PHILADELPHIA,2020,50,22.000000
PHILADELPHIA,2020,49,22.000000
PHILADELPHIA,2020,48,
PHILADELPHIA,2020,47,
PHILADELPHIA,2020,46,
PHILADELPHIA,2020,45,16.000000
PHILADELPHIA,2020,44,16.000000
PHILADELPHIA,2020,43,14.000000
PHILADELPHIA,2020,42,14.000000
PHILADELPHIA,2020,41,14.000000
PHILADELPHIA,2020,40,
PHILADELPHIA,2020,39,
PHILADELPHIA,2020,38,14.500000
PHILADELPHIA,2020,37,14.500000
PHILADELPHIA,2020,36,14.500000
PHILADELPHIA,2020,35,14.500000
PHILADELPHIA,2020,34,15.500000
PHILADELPHIA,2020,33,
PHILADELPHIA,2020,32,
PHILADELPHIA,2020,31,15.500000
PHILADELPHIA,2020,30,15.500000
PHILADELPHIA,2020,29,15.500000
PHILADELPHIA,2020,28,15.500000
PHILADELPHIA,2020,27,15.500000
PHILADELPHIA,2020,26,
PHILADELPHIA,2020,25,
PHILADELPHIA,2020,24,20.000000
PHILADELPHIA,2020,23,20.000000
PHILADELPHIA,2020,22,20.000000
PHILADELPHIA,2020,21,20.000000
PHILADELPHIA,2020,20,
PHILADELPHIA,2020,19,
PHILADELPHIA,2020,18,
PHILADELPHIA,2020,17,20.000000
PHILADELPHIA,2020,16,20.000000
PHILADELPHIA,2020,15,21.000000
PHILADELPHIA,2020,14,21.000000
PHILADELPHIA,2020,13,17.500000
PHILADELPHIA,2020,12,
PHILADELPHIA,2020,11,
PHILADELPHIA,2020,10,17.500000
PHILADELPHIA,2020,9,17.500000
PHILADELPHIA,2020,8,17.500000
PHILADELPHIA,2020,7,17.500000
PHILADELPHIA,2020,6,18.000000
PHILADELPHIA,2020,5,
PHILADELPHIA,2020,4,
PHILADELPHIA,2020,3,18.000000
PHILADELPHIA,2020,2,18.000000
BALTIMORE,2019,366,
BALTIMORE,2019,365,15.500000
BALTIMORE,2019,364,14.750000
BALTIMORE,2019,363,
BALTIMORE,2019,362,
BALTIMORE,2019,361,17.500000
BALTIMORE,2019,360,17.500000
BALTIMORE,2019,359,
BALTIMORE,2019,358,
BALTIMORE,2019,357,14.750000
BALTIMORE,2019,356,
BALTIMORE,2019,355,
BALTIMORE,2019,354,17.500000
BALTIMORE,2019,353,17.500000
BALTIMORE,2019,352,17.500000
BALTIMORE,2019,351,17.500000
BALTIMORE,2019,350,14.000000
BALTIMORE,2019,349,
BALTIMORE,2019,348,
BALTIMORE,2019,347,17.000000
BALTIMORE,2019,346,17.000000
BALTIMORE,2019,345,15.250000
BALTIMORE,2019,344,15.250000
BALTIMORE,2019,343,15.250000
BALTIMORE,2019,342,
BALTIMORE,2019,341,
BALTIMORE,2019,340,15.250000
BALTIMORE,2019,339,15.250000
BALTIMORE,2019,338,18.500000
BALTIMORE,2019,337,18.500000
BALTIMORE,2019,336,18.500000
BALTIMORE,2019,335,
BALTIMORE,2019,334,
BALTIMORE,2019,333,16.000000
BALTIMORE,2019,332,
BALTIMORE,2019,331,17.000000
BALTIMORE,2019,330,17.000000
BALTIMORE,2019,329,17.000000
BALTIMORE,2019,328,
BALTIMORE,2019,327,
BALTIMORE,2019,326,17.500000
BALTIMORE,2019,325,17.500000
BALTIMORE,2019,324,19.000000
BALTIMORE,2019,323,17.500000
BALTIMORE,2019,322,17.500000
BALTIMORE,2019,321,
BALTIMORE,2019,320,
BALTIMORE,2019,319,18.000000
BALTIMORE,2019,318,18.500000
BALTIMORE,2019,317,18.500000
BALTIMORE,2019,316,20.000000
BALTIMORE,2019,315,
BALTIMORE,2019,314,
BALTIMORE,2019,313,
BALTIMORE,2019,312,20.000000
BALTIMORE,2019,311,20.000000
BALTIMORE,2019,310,20.000000
BALTIMORE,2019,309,20.000000
BALTIMORE,2019,308,20.000000
BALTIMORE,2019,307,
BALTIMORE,2019,306,
BALTIMORE,2019,305,19.000000
BALTIMORE,2019,304,19.000000
BALTIMORE,2019,303,19.000000
BALTIMORE,2019,302,19.000000
BALTIMORE,2019,301,19.000000
BALTIMORE,2019,300,
BALTIMORE,2019,299,
BALTIMORE,2019,298,19.000000
BALTIMORE,2019,297,26.500000
BALTIMORE,2019,296,26.500000
BALTIMORE,2019,295,26.500000
BALTIMORE,2019,294,19.000000
BALTIMORE,2019,293,
BALTIMORE,2019,292,
BALTIMORE,2019,291,19.000000
BALTIMORE,2019,290,19.000000
BALTIMORE,2019,289,19.000000
BALTIMORE,2019,288,19.000000
BALTIMORE,2019,287,
BALTIMORE,2019,286,
BALTIMORE,2019,285,
BALTIMORE,2019,284,19.000000
BALTIMORE,2019,283,19.000000
BALTIMORE,2019,282,18.000000
BALTIMORE,2019,281,18.000000
BALTIMORE,2019,280,18.000000
BALTIMORE,2019,279,
BALTIMORE,2019,278,
BALTIMORE,2019,277,19.000000
BALTIMORE,2019,276,19.000000
BALTIMORE,2019,275,19.000000
BALTIMORE,2019,274,19.000000
BALTIMORE,2019,273,19.000000
BALTIMORE,2019,272,
BALTIMORE,2019,271,
BALTIMORE,2019,270,19.000000
BALTIMORE,2019,269,19.000000
BALTIMORE,2019,268,19.000000
BALTIMORE,2019,267,19.000000
BALTIMORE,2019,266,19.000000
BALTIMORE,2019,265,
BALTIMORE,2019,264,
BALTIMORE,2019,263,19.500000
BALTIMORE,2019,262,19.500000
BALTIMORE,2019,261,19.500000
BALTIMORE,2019,260,19.500000
BALTIMORE,2019,259,19.500000
BALTIMORE,2019,258,
BALTIMORE,2019,257,
BALTIMORE,2019,256,19.500000
BALTIMORE,2019,255,19.000000
BALTIMORE,2019,254,19.000000
BALTIMORE,2019,253,19.000000
BALTIMORE,2019,252,19.000000
BALTIMORE,2019,251,
BALTIMORE,2019,250,
BALTIMORE,2019,249,19.000000
BALTIMORE,2019,248,34.500000
BALTIMORE,2019,247,27.000000
BALTIMORE,2019,246,27.000000
BALTIMORE,2019,245,
BALTIMORE,2019,244,
BALTIMORE,2019,243,
BALTIMORE,2019,242,27.000000
BALTIMORE,2019,241,27.000000
BALTIMORE,2019,240,27.000000
BALTIMORE,2019,239,27.000000
BALTIMORE,2019,238,27.000000
BALTIMORE,2019,237,
BALTIMORE,2019,236,
BALTIMORE,2019,235,27.000000
BALTIMORE,2019,234,27.000000
BALTIMORE,2019,233,27.000000
BALTIMORE,2019,232,27.000000
BALTIMORE,2019,231,21.500000
BALTIMORE,2019,230,
BALTIMORE,2019,229,
BALTIMORE,2019,228,
BALTIMORE,2019,227,17.750000
BALTIMORE,2019,226,17.750000
BALTIMORE,2019,225,17.750000
BALTIMORE,2019,224,17.750000
BALTIMORE,2019,223,
BALTIMORE,2019,222,
BALTIMORE,2019,221,17.750000
BALTIMORE,2019,220,17.750000
BALTIMORE,2019,219,17.750000
BALTIMORE,2019,218,17.750000
BALTIMORE,2019,217,17.750000
BALTIMORE,2019,216,
BALTIMORE,2019,215,
BALTIMORE,2019,214,17.750000
BALTIMORE,2019,213,17.750000
BALTIMORE,2019,212,18.500000
BALTIMORE,2019,211,24.166666
BALTIMORE,2019,210,24.166666
BALTIMORE,2019,209,
BALTIMORE,2019,208,
BALTIMORE,2019,207,22.500000
BALTIMORE,2019,206,23.750000
BALTIMORE,2019,205,18.000000
BALTIMORE,2019,204,18.000000
BALTIMORE,2019,203,18.000000
BALTIMORE,2019,202,
BALTIMORE,2019,201,
BALTIMORE,2019,200,20.000000
BALTIMORE,2019,199,24.500000
BALTIMORE,2019,198,25.500000
BALTIMORE,2019,197,31.000000
BALTIMORE,2019,196,31.000000
BALTIMORE,2019,195,
BALTIMORE,2019,194,
BALTIMORE,2019,193,30.000000
BALTIMORE,2019,192,30.000000
BALTIMORE,2019,191,30.000000
BALTIMORE,2019,190,
BALTIMORE,2019,189,
BALTIMORE,2019,188,
BALTIMORE,2019,187,
BALTIMORE,2019,186,32.000000
BALTIMORE,2019,185,
BALTIMORE,2019,184,32.000000
BALTIMORE,2019,183,32.000000
BALTIMORE,2019,182,32.000000
BALTIMORE,2019,181,
BALTIMORE,2019,180,
BALTIMORE,2019,179,36.500000
BALTIMORE,2019,178,36.500000
BALTIMORE,2019,177,
BALTIMORE,2019,176,
BALTIMORE,2019,175,
BALTIMORE,2019,174,
BALTIMORE,2019,173,
BALTIMORE,2019,172,
BALTIMORE,2019,171,
BALTIMORE,2019,170,35.000000
BALTIMORE,2019,169,35.000000
BALTIMORE,2019,168,35.000000
BALTIMORE,2019,167,
BALTIMORE,2019,166,
BALTIMORE,2019,165,38.000000
BALTIMORE,2019,164,39.500000
BALTIMORE,2019,163,39.500000
BALTIMORE,2019,162,39.500000
BALTIMORE,2019,161,39.500000
BALTIMORE,2019,160,
BALTIMORE,2019,159,
BALTIMORE,2019,158,39.500000
BALTIMORE,2019,157,39.500000
BALTIMORE,2019,156,39.500000
BALTIMORE,2019,155,39.500000
BALTIMORE,2019,154,39.500000
BALTIMORE,2019,153,
BALTIMORE,2019,152,
BALTIMORE,2019,151,40.000000
BALTIMORE,2019,150,40.000000
BALTIMORE,2019,149,40.000000
BALTIMORE,2019,148,40.000000
BALTIMORE,2019,147,
BALTIMORE,2019,146,
BALTIMORE,2019,145,
BALTIMORE,2019,144,42.000000
BALTIMORE,2019,143,42.000000
BALTIMORE,2019,142,35.500000
BALTIMORE,2019,141,35.500000
BALTIMORE,2019,140,35.500000
BALTIMORE,2019,139,
BALTIMORE,2019,138,
BALTIMORE,2019,137,28.000000
BALTIMORE,2019,136,30.500000
BALTIMORE,2019,135,30.500000
BALTIMORE,2019,134,32.000000
BALTIMORE,2019,133,32.000000
BALTIMORE,2019,132,
BALTIMORE,2019,131,
BALTIMORE,2019,130,18.000000
BALTIMORE,2019,129,18.000000
BALTIMORE,2019,128,18.000000
BALTIMORE,2019,127,18.000000
BALTIMORE,2019,126,23.000000
BALTIMORE,2019,125,
BALTIMORE,2019,124,
BALTIMORE,2019,123,23.000000
BALTIMORE,2019,122,23.000000
BALTIMORE,2019,121,28.000000
BALTIMORE,2019,120,28.000000
BALTIMORE,2019,119,28.000000
BALTIMORE,2019,118,
BALTIMORE,2019,117,
BALTIMORE,2019,116,20.500000
BALTIMORE,2019,115,20.500000
BALTIMORE,2019,114,20.500000
BALTIMORE,2019,113,23.500000
BALTIMORE,2019,112,23.500000
BALTIMORE,2019,111,
BALTIMORE,2019,110,
BALTIMORE,2019,109,26.000000
BALTIMORE,2019,108,26.000000
BALTIMORE,2019,107,26.000000
BALTIMORE,2019,106,26.000000
BALTIMORE,2019,105,26.000000
BALTIMORE,2019,104,
BALTIMORE,2019,103,
BALTIMORE,2019,102,24.000000
BALTIMORE,2019,101,24.000000
BALTIMORE,2019,100,24.000000
BALTIMORE,2019,99,24.000000
BALTIMORE,2019,98,24.000000
BALTIMORE,2019,97,
BALTIMORE,2019,96,
BALTIMORE,2019,95,28.000000
BALTIMORE,2019,94,28.000000
BALTIMORE,2019,93,28.000000
BALTIMORE,2019,92,28.000000
BALTIMORE,2019,91,28.000000
BALTIMORE,2019,90,
BALTIMORE,2019,89,
BALTIMORE,2019,88,28.000000
BALTIMORE,2019,87,28.000000
BALTIMORE,2019,86,28.000000
BALTIMORE,2019,85,28.000000
BALTIMORE,2019,84,28.000000
BALTIMORE,2019,83,
BALTIMORE,2019,82,
BALTIMORE,2019,81,27.000000
BALTIMORE,2019,80,36.000000
BALTIMORE,2019,79,45.000000
BALTIMORE,2019,78,37.500000
BALTIMORE,2019,77,45.000000
BALTIMORE,2019,76,
BALTIMORE,2019,75,
BALTIMORE,2019,74,42.000000
BALTIMORE,2019,73,42.000000
BALTIMORE,2019,72,40.000000
BALTIMORE,2019,71,40.000000
BALTIMORE,2019,70,40.000000
BALTIMORE,2019,69,
BALTIMORE,2019,68,
BALTIMORE,2019,67,40.000000
BALTIMORE,2019,66,40.000000
BALTIMORE,2019,65,40.000000
BALTIMORE,2019,64,40.000000
BALTIMORE,2019,63,53.000000
BALTIMORE,2019,62,
BALTIMORE,2019,61,
BALTIMORE,2019,60,56.500000
BALTIMORE,2019,59,56.500000
BALTIMORE,2019,58,56.500000
BALTIMORE,2019,57,56.500000
BALTIMORE,2019,56,
BALTIMORE,2019,55,
BALTIMORE,2019,54,
BALTIMORE,2019,53,
BALTIMORE,2019,52,59.000000
BALTIMORE,2019,51,59.000000
BALTIMORE,2019,50,59.000000
BALTIMORE,2019,49,
BALTIMORE,2019,48,
BALTIMORE,2019,47,
BALTIMORE,2019,46,
BALTIMORE,2019,45,
BALTIMORE,2019,44,
BALTIMORE,2019,43,41.000000
BALTIMORE,2019,42,50.500000
BALTIMORE,2019,41,
BALTIMORE,2019,40,
BALTIMORE,2019,39,39.000000
BALTIMORE,2019,38,39.000000
BALTIMORE,2019,37,39.000000
BALTIMORE,2019,36,39.000000
BALTIMORE,2019,35,39.000000
BALTIMORE,2019,34,
BALTIMORE,2019,33,
BALTIMORE,2019,32,39.000000
BALTIMORE,2019,31,39.000000
BALTIMORE,2019,30,39.000000
BALTIMORE,2019,29,39.000000
BALTIMORE,2019,28,39.000000
BALTIMORE,2019,27,
BALTIMORE,2019,26,
BALTIMORE,2019,25,29.000000
BALTIMORE,2019,24,29.000000
BALTIMORE,2019,23,27.000000
BALTIMORE,2019,22,27.000000
BALTIMORE,2019,21,
BALTIMORE,2019,20,
BALTIMORE,2019,19,
BALTIMORE,2019,18,24.000000
BALTIMORE,2019,17,24.000000
BALTIMORE,2019,16,26.000000
BALTIMORE,2019,15,26.000000
BALTIMORE,2019,14,26.000000
BALTIMORE,2019,13,
BALTIMORE,2019,12,
BALTIMORE,2019,11,29.000000
BALTIMORE,2019,10,29.000000
BALTIMORE,2019,9,24.500000
BALTIMORE,2019,8,26.500000
BALTIMORE,2019,7,28.000000
BALTIMORE,2019,6,
BALTIMORE,2019,5,
BALTIMORE,2019,4,31.000000
BALTIMORE,2019,3,30.000000
BALTIMORE,2019,2,30.000000
BOSTON,2019,366,
BOSTON,2019,365,15.500000
BOSTON,2019,364,15.500000
BOSTON,2019,363,
BOSTON,2019,362,
BOSTON,2019,361,15.500000
BOSTON,2019,360,15.500000
BOSTON,2019,359,
BOSTON,2019,358,
BOSTON,2019,357,16.000000
BOSTON,2019,356,
BOSTON,2019,355,
BOSTON,2019,354,16.000000
BOSTON,2019,353,16.000000
BOSTON,2019,352,16.000000
BOSTON,2019,351,16.000000
BOSTON,2019,350,16.000000
BOSTON,2019,349,
BOSTON,2019,348,
BOSTON,2019,347,18.000000
BOSTON,2019,346,18.000000
BOSTON,2019,345,
BOSTON,2019,344,
BOSTON,2019,343,
BOSTON,2019,342,
BOSTON,2019,341,
BOSTON,2019,340,
BOSTON,2019,339,
BOSTON,2019,338,
BOSTON,2019,337,
BOSTON,2019,336,
BOSTON,2019,335,
BOSTON,2019,334,
BOSTON,2019,333,
BOSTON,2019,332,
BOSTON,2019,331,
BOSTON,2019,330,
BOSTON,2019,329,
BOSTON,2019,328,
BOSTON,2019,327,
BOSTON,2019,326,
BOSTON,2019,325,17.000000
BOSTON,2019,324,17.000000
BOSTON,2019,323,17.000000
BOSTON,2019,322,17.000000
BOSTON,2019,321,
BOSTON,2019,320,
BOSTON,2019,319,17.000000
BOSTON,2019,318,17.000000
BOSTON,2019,317,17.000000
BOSTON,2019,316,17.000000
BOSTON,2019,315,
BOSTON,2019,314,
BOSTON,2019,313,
BOSTON,2019,312,17.000000
BOSTON,2019,311,17.000000
BOSTON,2019,310,17.000000
BOSTON,2019,309,17.000000
BOSTON,2019,308,17.000000
BOSTON,2019,307,
BOSTON,2019,306,
BOSTON,2019,305,17.000000
BOSTON,2019,304,17.000000
BOSTON,2019,303,17.000000
BOSTON,2019,302,17.000000
BOSTON,2019,301,17.000000
BOSTON,2019,300,
BOSTON,2019,299,
BOSTON,2019,298,17.000000
BOSTON,2019,297,17.000000
BOSTON,2019,296,17.000000
BOSTON,2019,295,17.000000
BOSTON,2019,294,17.000000
BOSTON,2019,293,
BOSTON,2019,292,
BOSTON,2019,291,17.000000
BOSTON,2019,290,17.000000
BOSTON,2019,289,17.000000
BOSTON,2019,288,17.000000
BOSTON,2019,287,
BOSTON,2019,286,
BOSTON,2019,285,
BOSTON,2019,284,17.000000
BOSTON,2019,283,17.000000
BOSTON,2019,282,17.000000
BOSTON,2019,281,17.000000
BOSTON,2019,280,17.000000
BOSTON,2019,279,
BOSTON,2019,278,
BOSTON,2019,277,17.000000
BOSTON,2019,276,17.000000
BOSTON,2019,275,17.000000
BOSTON,2019,274,17.000000
BOSTON,2019,273,17.000000
BOSTON,2019,272,
BOSTON,2019,271,
BOSTON,2019,270,17.000000
BOSTON,2019,269,17.000000
BOSTON,2019,268,17.000000
BOSTON,2019,267,18.000000
BOSTON,2019,266,18.000000
BOSTON,2019,265,
BOSTON,2019,264,
BOSTON,2019,263,18.000000
BOSTON,2019,262,18.000000
BOSTON,2019,261,18.000000
BOSTON,2019,260,18.000000
BOSTON,2019,259,18.000000
BOSTON,2019,258,
BOSTON,2019,257,
BOSTON,2019,256,18.000000
BOSTON,2019,255,18.000000
BOSTON,2019,254,18.000000
BOSTON,2019,253,18.000000
BOSTON,2019,252,18.000000
BOSTON,2019,251,
BOSTON,2019,250,
BOSTON,2019,249,18.000000
BOSTON,2019,248,18.000000
BOSTON,2019,247,18.000000
BOSTON,2019,246,18.000000
BOSTON,2019,245,
BOSTON,2019,244,
BOSTON,2019,243,
BOSTON,2019,242,18.000000
BOSTON,2019,241,18.000000
BOSTON,2019,240,18.000000
BOSTON,2019,239,18.000000
BOSTON,2019,238,18.000000
BOSTON,2019,237,
BOSTON,2019,236,
BOSTON,2019,235,26.500000
BOSTON,2019,234,26.500000
BOSTON,2019,233,26.500000
BOSTON,2019,232,26.500000
BOSTON,2019,231,26.500000
BOSTON,2019,230,
BOSTON,2019,229,
BOSTON,2019,228,
BOSTON,2019,227,
BOSTON,2019,226,26.500000
BOSTON,2019,225,26.500000
BOSTON,2019,224,26.500000
BOSTON,2019,223,
BOSTON,2019,222,
BOSTON,2019,221,26.500000
BOSTON,2019,220,26.500000
BOSTON,2019,219,26.500000
BOSTON,2019,218,26.500000
BOSTON,2019,217,26.500000
BOSTON,2019,216,
BOSTON,2019,215,
BOSTON,2019,214,26.500000
BOSTON,2019,213,26.500000
BOSTON,2019,212,26.500000
BOSTON,2019,211,26.500000
BOSTON,2019,210,26.500000
BOSTON,2019,209,
BOSTON,2019,208,
BOSTON,2019,207,26.500000
BOSTON,2019,206,26.500000
BOSTON,2019,205,26.500000
BOSTON,2019,204,26.500000
BOSTON,2019,203,26.500000
BOSTON,2019,202,
BOSTON,2019,201,
BOSTON,2019,200,26.500000
BOSTON,2019,199,26.500000
BOSTON,2019,198,26.500000
BOSTON,2019,197,26.500000
BOSTON,2019,196,26.500000
BOSTON,2019,195,
BOSTON,2019,194,
BOSTON,2019,193,26.500000
BOSTON,2019,192,28.000000
BOSTON,2019,191,28.000000
BOSTON,2019,190,28.000000
BOSTON,2019,189,28.000000
BOSTON,2019,188,
BOSTON,2019,187,
BOSTON,2019,186,28.000000
BOSTON,2019,185,
BOSTON,2019,184,28.000000
BOSTON,2019,183,28.000000
BOSTON,2019,182,28.000000
BOSTON,2019,181,
BOSTON,2019,180,
BOSTON,2019,179,28.000000
BOSTON,2019,178,28.000000
BOSTON,2019,177,28.000000
BOSTON,2019,176,28.000000
BOSTON,2019,175,28.000000
BOSTON,2019,174,
BOSTON,2019,173,
BOSTON,2019,172,28.000000
BOSTON,2019,171,34.500000
BOSTON,2019,170,34.500000
BOSTON,2019,169,34.500000
BOSTON,2019,168,34.500000
BOSTON,2019,167,
BOSTON,2019,166,
BOSTON,2019,165,34.500000
BOSTON,2019,164,34.500000
BOSTON,2019,163,34.500000
BOSTON,2019,162,34.500000
BOSTON,2019,161,34.500000
BOSTON,2019,160,
BOSTON,2019,159,
BOSTON,2019,158,34.500000
BOSTON,2019,157,24.000000
BOSTON,2019,156,24.000000
BOSTON,2019,155,24.000000
BOSTON,2019,154,24.000000
BOSTON,2019,153,
BOSTON,2019,152,
BOSTON,2019,151,24.000000
BOSTON,2019,150,24.000000
BOSTON,2019,149,24.000000
BOSTON,2019,148,24.000000
BOSTON,2019,147,
BOSTON,2019,146,
BOSTON,2019,145,
BOSTON,2019,144,24.000000
BOSTON,2019,143,24.000000
BOSTON,2019,142,24.000000
BOSTON,2019,141,24.000000
BOSTON,2019,140,24.000000
BOSTON,2019,139,
BOSTON,2019,138,
BOSTON,2019,137,24.000000
BOSTON,2019,136,24.000000
BOSTON,2019,135,24.000000
BOSTON,2019,134,24.000000
BOSTON,2019,133,24.000000
BOSTON,2019,132,
BOSTON,2019,131,
BOSTON,2019,130,24.000000
BOSTON,2019,129,31.000000
BOSTON,2019,128,31.000000
BOSTON,2019,127,31.000000
BOSTON,2019,126,31.000000
BOSTON,2019,125,
BOSTON,2019,124,
BOSTON,2019,123,30.000000
BOSTON,2019,122,32.000000
BOSTON,2019,121,32.000000
BOSTON,2019,120,32.000000
BOSTON,2019,119,32.000000
BOSTON,2019,118,
BOSTON,2019,117,
BOSTON,2019,116,32.000000
BOSTON,2019,115,32.000000
BOSTON,2019,114,32.000000
BOSTON,2019,113,32.000000
BOSTON,2019,112,32.000000
BOSTON,2019,111,
BOSTON,2019,110,
BOSTON,2019,109,32.000000
BOSTON,2019,108,32.000000
BOSTON,2019,107,32.000000
BOSTON,2019,106,32.000000
BOSTON,2019,105,32.000000
BOSTON,2019,104,
BOSTON,2019,103,
BOSTON,2019,102,32.000000
BOSTON,2019,101,32.000000
BOSTON,2019,100,32.000000
BOSTON,2019,99,32.000000
BOSTON,2019,98,32.000000
BOSTON,2019,97,
BOSTON,2019,96,
BOSTON,2019,95,32.000000
BOSTON,2019,94,28.000000
BOSTON,2019,93,28.000000
BOSTON,2019,92,28.000000
BOSTON,2019,91,28.000000
BOSTON,2019,90,
BOSTON,2019,89,
BOSTON,2019,88,28.000000
BOSTON,2019,87,28.000000
BOSTON,2019,86,28.000000
BOSTON,2019,85,28.000000
BOSTON,2019,84,28.000000
BOSTON,2019,83,
BOSTON,2019,82,
BOSTON,2019,81,28.000000
BOSTON,2019,80,29.000000
BOSTON,2019,79,29.000000
BOSTON,2019,78,29.000000
BOSTON,2019,77,29.000000
BOSTON,2019,76,
BOSTON,2019,75,
BOSTON,2019,74,29.000000
BOSTON,2019,73,36.000000
BOSTON,2019,72,36.000000
BOSTON,2019,71,36.000000
BOSTON,2019,70,48.000000
BOSTON,2019,69,
BOSTON,2019,68,
BOSTON,2019,67,48.000000
BOSTON,2019,66,48.000000
BOSTON,2019,65,48.000000
BOSTON,2019,64,48.000000
BOSTON,2019,63,48.000000
BOSTON,2019,62,
BOSTON,2019,61,
BOSTON,2019,60,48.000000
BOSTON,2019,59,48.000000
BOSTON,2019,58,42.500000
BOSTON,2019,57,42.500000
BOSTON,2019,56,42.500000
BOSTON,2019,55,
BOSTON,2019,54,
BOSTON,2019,53,57.500000
BOSTON,2019,52,57.500000
BOSTON,2019,51,57.500000
BOSTON,2019,50,60.000000
BOSTON,2019,49,
BOSTON,2019,48,
BOSTON,2019,47,
BOSTON,2019,46,36.000000
BOSTON,2019,45,36.000000
BOSTON,2019,44,36.000000
BOSTON,2019,43,36.000000
BOSTON,2019,42,21.500000
BOSTON,2019,41,
BOSTON,2019,40,
BOSTON,2019,39,21.500000
BOSTON,2019,38,21.500000
BOSTON,2019,37,21.500000
BOSTON,2019,36,21.500000
BOSTON,2019,35,21.500000
BOSTON,2019,34,
BOSTON,2019,33,
BOSTON,2019,32,21.500000
BOSTON,2019,31,21.500000
BOSTON,2019,30,21.500000
BOSTON,2019,29,21.500000
BOSTON,2019,28,21.500000
BOSTON,2019,27,
BOSTON,2019,26,
BOSTON,2019,25,21.500000
BOSTON,2019,24,21.500000
BOSTON,2019,23,21.500000
BOSTON,2019,22,21.500000
BOSTON,2019,21,
BOSTON,2019,20,
BOSTON,2019,19,
BOSTON,2019,18,21.500000
BOSTON,2019,17,21.500000
BOSTON,2019,16,21.500000
BOSTON,2019,15,21.500000
BOSTON,2019,14,21.500000
BOSTON,2019,13,
BOSTON,2019,12,
BOSTON,2019,11,21.500000
BOSTON,2019,10,21.500000
BOSTON,2019,9,21.500000
BOSTON,2019,8,21.500000
BOSTON,2019,7,21.500000
BOSTON,2019,6,
BOSTON,2019,5,
BOSTON,2019,4,20.000000
BOSTON,2019,3,20.000000
BOSTON,2019,2,20.000000
CHICAGO,2019,366,
CHICAGO,2019,365,16.000000
CHICAGO,2019,364,16.000000
CHICAGO,2019,363,
CHICAGO,2019,362,
CHICAGO,2019,361,16.000000
CHICAGO,2019,360,
CHICAGO,2019,359,
CHICAGO,2019,358,
CHICAGO,2019,357,16.000000
CHICAGO,2019,356,
CHICAGO,2019,355,
CHICAGO,2019,354,16.000000
CHICAGO,2019,353,
CHICAGO,2019,352,16.000000
CHICAGO,2019,351,
CHICAGO,2019,350,16.000000
CHICAGO,2019,349,
CHICAGO,2019,348,
CHICAGO,2019,347,16.000000
CHICAGO,2019,346,16.000000
CHICAGO,2019,345,16.000000
CHICAGO,2019,344,16.000000
CHICAGO,2019,343,16.000000
CHICAGO,2019,342,
CHICAGO,2019,341,
CHICAGO,2019,340,16.000000
CHICAGO,2019,339,16.000000
CHICAGO,2019,338,16.000000
CHICAGO,2019,337,16.000000
CHICAGO,2019,336,16.000000
CHICAGO,2019,335,
CHICAGO,2019,334,
CHICAGO,2019,333,16.000000
CHICAGO,2019,332,
CHICAGO,2019,331,16.000000
CHICAGO,2019,330,16.000000
CHICAGO,2019,329,16.000000
CHICAGO,2019,328,
CHICAGO,2019,327,
CHICAGO,2019,326,16.000000
CHICAGO,2019,325,16.000000
CHICAGO,2019,324,16.000000
CHICAGO,2019,323,16.000000
CHICAGO,2019,322,16.000000
CHICAGO,2019,321,
CHICAGO,2019,320,
CHICAGO,2019,319,16.000000
CHICAGO,2019,318,16.000000
CHICAGO,2019,317,16.000000
CHICAGO,2019,316,16.000000
CHICAGO,2019,315,
CHICAGO,2019,314,
CHICAGO,2019,313,
CHICAGO,2019,312,16.000000
CHICAGO,2019,311,16.000000
CHICAGO,2019,310,16.000000
CHICAGO,2019,309,16.000000
CHICAGO,2019,308,16.000000
CHICAGO,2019,307,
CHICAGO,2019,306,
CHICAGO,2019,305,16.000000
CHICAGO,2019,304,16.000000
CHICAGO,2019,303,16.000000
CHICAGO,2019,302,16.000000
CHICAGO,2019,301,16.000000
CHICAGO,2019,300,
CHICAGO,2019,299,
CHICAGO,2019,298,16.000000
CHICAGO,2019,297,18.000000
CHICAGO,2019,296,18.000000
CHICAGO,2019,295,18.000000
CHICAGO,2019,294,18.000000
CHICAGO,2019,293,
CHICAGO,2019,292,
CHICAGO,2019,291,18.000000
CHICAGO,2019,290,18.000000
CHICAGO,2019,289,18.000000
CHICAGO,2019,288,
CHICAGO,2019,287,
CHICAGO,2019,286,
CHICAGO,2019,285,
CHICAGO,2019,284,
CHICAGO,2019,283,
CHICAGO,2019,282,
CHICAGO,2019,281,
CHICAGO,2019,280,
CHICAGO,2019,279,
CHICAGO,2019,278,
CHICAGO,2019,277,
CHICAGO,2019,276,
CHICAGO,2019,275,
CHICAGO,2019,274,
CHICAGO,2019,273,
CHICAGO,2019,272,
CHICAGO,2019,271,
CHICAGO,2019,270,
CHICAGO,2019,269,
CHICAGO,2019,268,
CHICAGO,2019,267,
CHICAGO,2019,266,
CHICAGO,2019,265,
CHICAGO,2019,264,
CHICAGO,2019,263,
CHICAGO,2019,262,
CHICAGO,2019,261,
CHICAGO,2019,260,24.000000
CHICAGO,2019,259,24.000000
CHICAGO,2019,258,
CHICAGO,2019,257,
CHICAGO,2019,256,24.000000
CHICAGO,2019,255,24.000000
CHICAGO,2019,254,24.000000
CHICAGO,2019,253,24.000000
CHICAGO,2019,252,24.000000
CHICAGO,2019,251,
CHICAGO,2019,250,
CHICAGO,2019,249,24.000000
CHICAGO,2019,248,
CHICAGO,2019,247,24.000000
CHICAGO,2019,246,
CHICAGO,2019,245,
CHICAGO,2019,244,
CHICAGO,2019,243,
CHICAGO,2019,242,24.000000
CHICAGO,2019,241,24.000000
CHICAGO,2019,240,24.000000
CHICAGO,2019,239,24.000000
CHICAGO,2019,238,22.000000
CHICAGO,2019,237,
CHICAGO,2019,236,
CHICAGO,2019,235,22.000000
CHICAGO,2019,234,22.000000
CHICAGO,2019,233,22.000000
CHICAGO,2019,232,22.000000
CHICAGO,2019,231,22.000000
CHICAGO,2019,230,
CHICAGO,2019,229,
CHICAGO,2019,228,
CHICAGO,2019,227,
CHICAGO,2019,226,22.000000
CHICAGO,2019,225,
CHICAGO,2019,224,22.000000
CHICAGO,2019,223,
CHICAGO,2019,222,
CHICAGO,2019,221,22.000000
CHICAGO,2019,220,
CHICAGO,2019,219,22.000000
CHICAGO,2019,218,
CHICAGO,2019,217,
CHICAGO,2019,216,
CHICAGO,2019,215,
CHICAGO,2019,214,
CHICAGO,2019,213,
CHICAGO,2019,212,26.000000
CHICAGO,2019,211,
CHICAGO,2019,210,26.000000
CHICAGO,2019,209,
CHICAGO,2019,208,
CHICAGO,2019,207,26.000000
CHICAGO,2019,206,
CHICAGO,2019,205,26.000000
CHICAGO,2019,204,
CHICAGO,2019,203,26.000000
CHICAGO,2019,202,
CHICAGO,2019,201,
CHICAGO,2019,200,26.000000
CHICAGO,2019,199,
CHICAGO,2019,198,26.000000
CHICAGO,2019,197,
CHICAGO,2019,196,26.000000
CHICAGO,2019,195,
CHICAGO,2019,194,
CHICAGO,2019,193,26.000000
CHICAGO,2019,192,
CHICAGO,2019,191,32.500000
CHICAGO,2019,190,
CHICAGO,2019,189,32.500000
CHICAGO,2019,188,
CHICAGO,2019,187,
CHICAGO,2019,186,32.500000
CHICAGO,2019,185,
CHICAGO,2019,184,32.500000
CHICAGO,2019,183,
CHICAGO,2019,182,32.500000
CHICAGO,2019,181,
CHICAGO,2019,180,
CHICAGO,2019,179,32.500000
CHICAGO,2019,178,
CHICAGO,2019,177,32.500000
CHICAGO,2019,176,
CHICAGO,2019,175,32.500000
CHICAGO,2019,174,
CHICAGO,2019,173,
CHICAGO,2019,172,32.500000
CHICAGO,2019,171,
CHICAGO,2019,170,32.500000
CHICAGO,2019,169,
CHICAGO,2019,168,32.500000
CHICAGO,2019,167,
CHICAGO,2019,166,
CHICAGO,2019,165,32.500000
CHICAGO,2019,164,
CHICAGO,2019,163,32.500000
CHICAGO,2019,162,
CHICAGO,2019,161,38.000000
CHICAGO,2019,160,
CHICAGO,2019,159,
CHICAGO,2019,158,38.000000
CHICAGO,2019,157,
CHICAGO,2019,156,35.000000
CHICAGO,2019,155,
CHICAGO,2019,154,35.000000
CHICAGO,2019,153,
CHICAGO,2019,152,
CHICAGO,2019,151,35.000000
CHICAGO,2019,150,
CHICAGO,2019,149,35.000000
CHICAGO,2019,148,
CHICAGO,2019,147,
CHICAGO,2019,146,
CHICAGO,2019,145,
CHICAGO,2019,144,
CHICAGO,2019,143,
CHICAGO,2019,142,
CHICAGO,2019,141,
CHICAGO,2019,140,
CHICAGO,2019,139,
CHICAGO,2019,138,
CHICAGO,2019,137,
CHICAGO,2019,136,
CHICAGO,2019,135,
CHICAGO,2019,134,
CHICAGO,2019,133,
CHICAGO,2019,132,
CHICAGO,2019,131,
CHICAGO,2019,130,
CHICAGO,2019,129,
CHICAGO,2019,128,
CHICAGO,2019,127,
CHICAGO,2019,126,
CHICAGO,2019,125,
CHICAGO,2019,124,
CHICAGO,2019,123,
CHICAGO,2019,122,
CHICAGO,2019,121,
CHICAGO,2019,120,
CHICAGO,2019,119,
CHICAGO,2019,118,
CHICAGO,2019,117,
CHICAGO,2019,116,
CHICAGO,2019,115,
CHICAGO,2019,114,
CHICAGO,2019,113,
CHICAGO,2019,112,
CHICAGO,2019,111,
CHICAGO,2019,110,
CHICAGO,2019,109,
CHICAGO,2019,108,
CHICAGO,2019,107,
CHICAGO,2019,106,
CHICAGO,2019,105,
CHICAGO,2019,104,
CHICAGO,2019,103,
CHICAGO,2019,102,
CHICAGO,2019,101,
CHICAGO,2019,100,
CHICAGO,2019,99,
CHICAGO,2019,98,
CHICAGO,2019,97,
CHICAGO,2019,96,
CHICAGO,2019,95,
CHICAGO,2019,94,
CHICAGO,2019,93,
CHICAGO,2019,92,
CHICAGO,2019,91,
CHICAGO,2019,90,
CHICAGO,2019,89,
CHICAGO,2019,88,
CHICAGO,2019,87,
CHICAGO,2019,86,
CHICAGO,2019,85,
CHICAGO,2019,84,
CHICAGO,2019,83,
CHICAGO,2019,82,
CHICAGO,2019,81,
CHICAGO,2019,80,
CHICAGO,2019,79,
CHICAGO,2019,78,
CHICAGO,2019,77,
CHICAGO,2019,76,
CHICAGO,2019,75,
CHICAGO,2019,74,
CHICAGO,2019,73,
CHICAGO,2019,72,
CHICAGO,2019,71,
CHICAGO,2019,70,
CHICAGO,2019,69,
CHICAGO,2019,68,
CHICAGO,2019,67,
CHICAGO,2019,66,
CHICAGO,2019,65,
CHICAGO,2019,64,
CHICAGO,2019,63,
CHICAGO,2019,62,
CHICAGO,2019,61,
CHICAGO,2019,60,
CHICAGO,2019,59,
CHICAGO,2019,58,
CHICAGO,2019,57,
CHICAGO,2019,56,
CHICAGO,2019,55,
CHICAGO,2019,54,
CHICAGO,2019,53,
CHICAGO,2019,52,
CHICAGO,2019,51,
CHICAGO,2019,50,
CHICAGO,2019,49,
CHICAGO,2019,48,
CHICAGO,2019,47,
CHICAGO,2019,46,
CHICAGO,2019,45,
CHICAGO,2019,44,
CHICAGO,2019,43,
CHICAGO,2019,42,
CHICAGO,2019,41,
CHICAGO,2019,40,
CHICAGO,2019,39,
CHICAGO,2019,38,
CHICAGO,2019,37,
CHICAGO,2019,36,
CHICAGO,2019,35,
CHICAGO,2019,34,
CHICAGO,2019,33,
CHICAGO,2019,32,
CHICAGO,2019,31,
CHICAGO,2019,30,
CHICAGO,2019,29,
CHICAGO,2019,28,
CHICAGO,2019,27,
CHICAGO,2019,26,
CHICAGO,2019,25,
CHICAGO,2019,24,
CHICAGO,2019,23,
CHICAGO,2019,22,
CHICAGO,2019,21,
CHICAGO,2019,20,
CHICAGO,2019,19,
CHICAGO,2019,18,
CHICAGO,2019,17,
CHICAGO,2019,16,
CHICAGO,2019,15,
CHICAGO,2019,14,
CHICAGO,2019,13,
CHICAGO,2019,12,
CHICAGO,2019,11,
CHICAGO,2019,10,
CHICAGO,2019,9,
CHICAGO,2019,8,
CHICAGO,2019,7,
CHICAGO,2019,6,
CHICAGO,2019,5,
CHICAGO,2019,4,
CHICAGO,2019,3,
CHICAGO,2019,2,
COLUMBIA,2019,366,
COLUMBIA,2019,365,
COLUMBIA,2019,364,
COLUMBIA,2019,363,
COLUMBIA,2019,362,
COLUMBIA,2019,361,
COLUMBIA,2019,360,
COLUMBIA,2019,359,
COLUMBIA,2019,358,
COLUMBIA,2019,357,
COLUMBIA,2019,356,
COLUMBIA,2019,355,
COLUMBIA,2019,354,
COLUMBIA,2019,353,
COLUMBIA,2019,352,
COLUMBIA,2019,351,
COLUMBIA,2019,350,
COLUMBIA,2019,349,
COLUMBIA,2019,348,
COLUMBIA,2019,347,
COLUMBIA,2019,346,
COLUMBIA,2019,345,
COLUMBIA,2019,344,
COLUMBIA,2019,343,
COLUMBIA,2019,342,
COLUMBIA,2019,341,
COLUMBIA,2019,340,17.000000
COLUMBIA,2019,339,17.000000
COLUMBIA,2019,338,17.000000
COLUMBIA,2019,337,17.000000
COLUMBIA,2019,336,17.000000
COLUMBIA,2019,335,
COLUMBIA,2019,334,
COLUMBIA,2019,333,
COLUMBIA,2019,332,
COLUMBIA,2019,331,17.000000
COLUMBIA,2019,330,17.000000
COLUMBIA,2019,329,17.000000
COLUMBIA,2019,328,
COLUMBIA,2019,327,
COLUMBIA,2019,326,17.000000
COLUMBIA,2019,325,17.000000
COLUMBIA,2019,324,17.000000
COLUMBIA,2019,323,17.000000
COLUMBIA,2019,322,17.000000
COLUMBIA,2019,321,
COLUMBIA,2019,320,
COLUMBIA,2019,319,17.000000
COLUMBIA,2019,318,17.000000
COLUMBIA,2019,317,17.000000
COLUMBIA,2019,316,17.000000
COLUMBIA,2019,315,
COLUMBIA,2019,314,
COLUMBIA,2019,313,
COLUMBIA,2019,312,17.000000
COLUMBIA,2019,311,17.000000
COLUMBIA,2019,310,17.000000
COLUMBIA,2019,309,17.000000
COLUMBIA,2019,308,17.000000
COLUMBIA,2019,307,
COLUMBIA,2019,306,
COLUMBIA,2019,305,17.000000
COLUMBIA,2019,304,17.000000
COLUMBIA,2019,303,17.000000
COLUMBIA,2019,302,17.000000
COLUMBIA,2019,301,17.000000
COLUMBIA,2019,300,
COLUMBIA,2019,299,
COLUMBIA,2019,298,17.000000
COLUMBIA,2019,297,17.000000
COLUMBIA,2019,296,17.000000
COLUMBIA,2019,295,17.000000
COLUMBIA,2019,294,
COLUMBIA,2019,293,
COLUMBIA,2019,292,
COLUMBIA,2019,291,17.000000
COLUMBIA,2019,290,17.000000
COLUMBIA,2019,289,17.000000
COLUMBIA,2019,288,17.000000
COLUMBIA,2019,287,17.000000
COLUMBIA,2019,286,
COLUMBIA,2019,285,
COLUMBIA,2019,284,17.000000
COLUMBIA,2019,283,17.000000
COLUMBIA,2019,282,17.000000
COLUMBIA,2019,281,17.000000
COLUMBIA,2019,280,17.000000
COLUMBIA,2019,279,
COLUMBIA,2019,278,
COLUMBIA,2019,277,17.000000
COLUMBIA,2019,276,17.000000
COLUMBIA,2019,275,17.000000
COLUMBIA,2019,274,17.000000
COLUMBIA,2019,273,17.000000
COLUMBIA,2019,272,
COLUMBIA,2019,271,
COLUMBIA,2019,270,17.000000
COLUMBIA,2019,269,17.000000
COLUMBIA,2019,268,17.000000
COLUMBIA,2019,267,17.000000
COLUMBIA,2019,266,17.000000
COLUMBIA,2019,265,
COLUMBIA,2019,264,
COLUMBIA,2019,263,17.000000
COLUMBIA,2019,262,17.000000
COLUMBIA,2019,261,17.000000
COLUMBIA,2019,260,17.000000
COLUMBIA,2019,259,17.000000
COLUMBIA,2019,258,
COLUMBIA,2019,257,
COLUMBIA,2019,256,17.000000
COLUMBIA,2019,255,17.000000
COLUMBIA,2019,254,17.000000
COLUMBIA,2019,253,17.000000
COLUMBIA,2019,252,17.000000
COLUMBIA,2019,251,
COLUMBIA,2019,250,
COLUMBIA,2019,249,17.000000
COLUMBIA,2019,248,17.000000
COLUMBIA,2019,247,17.000000
COLUMBIA,2019,246,
COLUMBIA,2019,245,
COLUMBIA,2019,244,
COLUMBIA,2019,243,
COLUMBIA,2019,242,17.000000
COLUMBIA,2019,241,17.000000
COLUMBIA,2019,240,17.000000
COLUMBIA,2019,239,17.000000
COLUMBIA,2019,238,17.000000
COLUMBIA,2019,237,
COLUMBIA,2019,236,
COLUMBIA,2019,235,17.000000
COLUMBIA,2019,234,17.000000
COLUMBIA,2019,233,17.000000
COLUMBIA,2019,232,17.000000
COLUMBIA,2019,231,17.000000
COLUMBIA,2019,230,
COLUMBIA,2019,229,
COLUMBIA,2019,228,17.000000
COLUMBIA,2019,227,17.000000
COLUMBIA,2019,226,17.000000
COLUMBIA,2019,225,17.000000
COLUMBIA,2019,224,17.000000
COLUMBIA,2019,223,
COLUMBIA,2019,222,
COLUMBIA,2019,221,17.000000
COLUMBIA,2019,220,17.000000
COLUMBIA,2019,219,17.000000
COLUMBIA,2019,218,17.000000
COLUMBIA,2019,217,17.000000
COLUMBIA,2019,216,
COLUMBIA,2019,215,
COLUMBIA,2019,214,17.000000
COLUMBIA,2019,213,17.000000
COLUMBIA,2019,212,17.000000
COLUMBIA,2019,211,17.000000
COLUMBIA,2019,210,17.000000
COLUMBIA,2019,209,
COLUMBIA,2019,208,
COLUMBIA,2019,207,17.000000
COLUMBIA,2019,206,17.000000
COLUMBIA,2019,205,17.000000
COLUMBIA,2019,204,17.000000
COLUMBIA,2019,203,17.000000
COLUMBIA,2019,202,
COLUMBIA,2019,201,
COLUMBIA,2019,200,17.000000
COLUMBIA,2019,199,17.000000
COLUMBIA,2019,198,17.000000
COLUMBIA,2019,197,17.000000
COLUMBIA,2019,196,17.000000
COLUMBIA,2019,195,
COLUMBIA,2019,194,
COLUMBIA,2019,193,17.000000
COLUMBIA,2019,192,17.000000
COLUMBIA,2019,191,17.000000
COLUMBIA,2019,190,
COLUMBIA,2019,189,
COLUMBIA,2019,188,
COLUMBIA,2019,187,
COLUMBIA,2019,186,
COLUMBIA,2019,185,
COLUMBIA,2019,184,
COLUMBIA,2019,183,
COLUMBIA,2019,182,
COLUMBIA,2019,181,
COLUMBIA,2019,180,
COLUMBIA,2019,179,
COLUMBIA,2019,178,
COLUMBIA,2019,177,
COLUMBIA,2019,176,
COLUMBIA,2019,175,
COLUMBIA,2019,174,
COLUMBIA,2019,173,
COLUMBIA,2019,172,
COLUMBIA,2019,171,
COLUMBIA,2019,170,
COLUMBIA,2019,169,
COLUMBIA,2019,168,
COLUMBIA,2019,167,
COLUMBIA,2019,166,
COLUMBIA,2019,165,
COLUMBIA,2019,164,
COLUMBIA,2019,163,
COLUMBIA,2019,162,
COLUMBIA,2019,161,
COLUMBIA,2019,160,
COLUMBIA,2019,159,
COLUMBIA,2019,158,
COLUMBIA,2019,157,
COLUMBIA,2019,156,
COLUMBIA,2019,155,
COLUMBIA,2019,154,
COLUMBIA,2019,153,
COLUMBIA,2019,152,
COLUMBIA,2019,151,
COLUMBIA,2019,150,
COLUMBIA,2019,149,
COLUMBIA,2019,148,
COLUMBIA,2019,147,
COLUMBIA,2019,146,
COLUMBIA,2019,145,
COLUMBIA,2019,144,
COLUMBIA,2019,143,
COLUMBIA,2019,142,
COLUMBIA,2019,141,
COLUMBIA,2019,140,
COLUMBIA,2019,139,
COLUMBIA,2019,138,
COLUMBIA,2019,137,
COLUMBIA,2019,136,
COLUMBIA,2019,135,
COLUMBIA,2019,134,
COLUMBIA,2019,133,
COLUMBIA,2019,132,
COLUMBIA,2019,131,
COLUMBIA,2019,130,
COLUMBIA,2019,129,
COLUMBIA,2019,128,
COLUMBIA,2019,127,
COLUMBIA,2019,126,
COLUMBIA,2019,125,
COLUMBIA,2019,124,
COLUMBIA,2019,123,
COLUMBIA,2019,122,
COLUMBIA,2019,121,
COLUMBIA,2019,120,
COLUMBIA,2019,119,
COLUMBIA,2019,118,
COLUMBIA,2019,117,
COLUMBIA,2019,116,20.000000
COLUMBIA,2019,115,20.000000
COLUMBIA,2019,114,20.000000
COLUMBIA,2019,113,20.000000
COLUMBIA,2019,112,20.000000
COLUMBIA,2019,111,
COLUMBIA,2019,110,
COLUMBIA,2019,109,20.000000
COLUMBIA,2019,108,20.000000
COLUMBIA,2019,107,
COLUMBIA,2019,106,
COLUMBIA,2019,105,
COLUMBIA,2019,104,
COLUMBIA,2019,103,
COLUMBIA,2019,102,
COLUMBIA,2019,101,
COLUMBIA,2019,100,
COLUMBIA,2019,99,
COLUMBIA,2019,98,
COLUMBIA,2019,97,
COLUMBIA,2019,96,
COLUMBIA,2019,95,
COLUMBIA,2019,94,
COLUMBIA,2019,93,
COLUMBIA,2019,92,
COLUMBIA,2019,91,
COLUMBIA,2019,90,
COLUMBIA,2019,89,
COLUMBIA,2019,88,
COLUMBIA,2019,87,
COLUMBIA,2019,86,
COLUMBIA,2019,85,
COLUMBIA,2019,84,
COLUMBIA,2019,83,
COLUMBIA,2019,82,
COLUMBIA,2019,81,
COLUMBIA,2019,80,
COLUMBIA,2019,79,
COLUMBIA,2019,78,
COLUMBIA,2019,77,
COLUMBIA,2019,76,
COLUMBIA,2019,75,
COLUMBIA,2019,74,
COLUMBIA,2019,73,
COLUMBIA,2019,72,
COLUMBIA,2019,71,
COLUMBIA,2019,70,
COLUMBIA,2019,69,
COLUMBIA,2019,68,
COLUMBIA,2019,67,
COLUMBIA,2019,66,
COLUMBIA,2019,65,
COLUMBIA,2019,64,
COLUMBIA,2019,63,
COLUMBIA,2019,62,
COLUMBIA,2019,61,
COLUMBIA,2019,60,
COLUMBIA,2019,59,
COLUMBIA,2019,58,
COLUMBIA,2019,57,
COLUMBIA,2019,56,
COLUMBIA,2019,55,
COLUMBIA,2019,54,
COLUMBIA,2019,53,
COLUMBIA,2019,52,
COLUMBIA,2019,51,
COLUMBIA,2019,50,
COLUMBIA,2019,49,
COLUMBIA,2019,48,
COLUMBIA,2019,47,
COLUMBIA,2019,46,
COLUMBIA,2019,45,
COLUMBIA,2019,44,
COLUMBIA,2019,43,
COLUMBIA,2019,42,
COLUMBIA,2019,41,
COLUMBIA,2019,40,
COLUMBIA,2019,39,
COLUMBIA,2019,38,
COLUMBIA,2019,37,
COLUMBIA,2019,36,
COLUMBIA,2019,35,
COLUMBIA,2019,34,
COLUMBIA,2019,33,
COLUMBIA,2019,32,
COLUMBIA,2019,31,
COLUMBIA,2019,30,
COLUMBIA,2019,29,
COLUMBIA,2019,28,
COLUMBIA,2019,27,
COLUMBIA,2019,26,
COLUMBIA,2019,25,
COLUMBIA,2019,24,
COLUMBIA,2019,23,
COLUMBIA,2019,22,
COLUMBIA,2019,21,
COLUMBIA,2019,20,
COLUMBIA,2019,19,
COLUMBIA,2019,18,
COLUMBIA,2019,17,
COLUMBIA,2019,16,
COLUMBIA,2019,15,
COLUMBIA,2019,14,
COLUMBIA,2019,13,
COLUMBIA,2019,12,
COLUMBIA,2019,11,
COLUMBIA,2019,10,
COLUMBIA,2019,9,
COLUMBIA,2019,8,
COLUMBIA,2019,7,
COLUMBIA,2019,6,
COLUMBIA,2019,5,
COLUMBIA,2019,4,
COLUMBIA,2019,3,
COLUMBIA,2019,2,
MIAMI,2019,366,
MIAMI,2019,365,
MIAMI,2019,364,
MIAMI,2019,363,
MIAMI,2019,362,
MIAMI,2019,361,
MIAMI,2019,360,
MIAMI,2019,359,
MIAMI,2019,358,
MIAMI,2019,357,
MIAMI,2019,356,
MIAMI,2019,355,
MIAMI,2019,354,
MIAMI,2019,353,
MIAMI,2019,352,
MIAMI,2019,351,
MIAMI,2019,350,
MIAMI,2019,349,
MIAMI,2019,348,
MIAMI,2019,347,
MIAMI,2019,346,
MIAMI,2019,345,
MIAMI,2019,344,
MIAMI,2019,343,
MIAMI,2019,342,
MIAMI,2019,341,
MIAMI,2019,340,
MIAMI,2019,339,
MIAMI,2019,338,
MIAMI,2019,337,
MIAMI,2019,336,
MIAMI,2019,335,
MIAMI,2019,334,
MIAMI,2019,333,
MIAMI,2019,332,
MIAMI,2019,331,
MIAMI,2019,330,
MIAMI,2019,329,
MIAMI,2019,328,
MIAMI,2019,327,
MIAMI,2019,326,
MIAMI,2019,325,
MIAMI,2019,324,
MIAMI,2019,323,
MIAMI,2019,322,
MIAMI,2019,321,
MIAMI,2019,320,
MIAMI,2019,319,
MIAMI,2019,318,
MIAMI,2019,317,
MIAMI,2019,316,
MIAMI,2019,315,
MIAMI,2019,314,
MIAMI,2019,313,
MIAMI,2019,312,
MIAMI,2019,311,
MIAMI,2019,310,
MIAMI,2019,309,
MIAMI,2019,308,22.500000
MIAMI,2019,307,
MIAMI,2019,306,
MIAMI,2019,305,22.500000
MIAMI,2019,304,22.500000
MIAMI,2019,303,22.500000
MIAMI,2019,302,22.500000
MIAMI,2019,301,22.500000
MIAMI,2019,300,
MIAMI,2019,299,
MIAMI,2019,298,22.500000
MIAMI,2019,297,22.500000
MIAMI,2019,296,22.500000
MIAMI,2019,295,22.500000
MIAMI,2019,294,22.500000
MIAMI,2019,293,
MIAMI,2019,292,
MIAMI,2019,291,22.500000
MIAMI,2019,290,22.500000
MIAMI,2019,289,22.500000
MIAMI,2019,288,22.500000
MIAMI,2019,287,
MIAMI,2019,286,
MIAMI,2019,285,
MIAMI,2019,284,22.500000
MIAMI,2019,283,22.500000
MIAMI,2019,282,22.500000
MIAMI,2019,281,22.500000
MIAMI,2019,280,22.500000
MIAMI,2019,279,
MIAMI,2019,278,
MIAMI,2019,277,22.500000
MIAMI,2019,276,22.500000
MIAMI,2019,275,22.500000
MIAMI,2019,274,22.500000
MIAMI,2019,273,22.500000
MIAMI,2019,272,
MIAMI,2019,271,
MIAMI,2019,270,22.500000
MIAMI,2019,269,22.500000
MIAMI,2019,268,22.500000
MIAMI,2019,267,22.500000
MIAMI,2019,266,22.500000
MIAMI,2019,265,
MIAMI,2019,264,
MIAMI,2019,263,22.500000
MIAMI,2019,262,22.500000
MIAMI,2019,261,22.500000
MIAMI,2019,260,22.500000
MIAMI,2019,259,22.500000
MIAMI,2019,258,
MIAMI,2019,257,
MIAMI,2019,256,22.500000
MIAMI,2019,255,22.500000
MIAMI,2019,254,22.500000
MIAMI,2019,253,22.500000
MIAMI,2019,252,22.500000
MIAMI,2019,251,
MIAMI,2019,250,
MIAMI,2019,249,22.500000
MIAMI,2019,248,22.500000
MIAMI,2019,247,22.500000
MIAMI,2019,246,22.500000
MIAMI,2019,245,
MIAMI,2019,244,
MIAMI,2019,243,
MIAMI,2019,242,22.500000
MIAMI,2019,241,22.500000
MIAMI,2019,240,22.500000
MIAMI,2019,239,22.500000
MIAMI,2019,238,22.500000
MIAMI,2019,237,
MIAMI,2019,236,
MIAMI,2019,235,
MIAMI,2019,234,
MIAMI,2019,233,
MIAMI,2019,232,
MIAMI,2019,231,
MIAMI,2019,230,
MIAMI,2019,229,
MIAMI,2019,228,
MIAMI,2019,227,
MIAMI,2019,226,
MIAMI,2019,225,
MIAMI,2019,224,
MIAMI,2019,223,
MIAMI,2019,222,
MIAMI,2019,221,
MIAMI,2019,220,
MIAMI,2019,219,
MIAMI,2019,218,
MIAMI,2019,217,
MIAMI,2019,216,
MIAMI,2019,215,
MIAMI,2019,214,
MIAMI,2019,213,
MIAMI,2019,212,
MIAMI,2019,211,
MIAMI,2019,210,
MIAMI,2019,209,
MIAMI,2019,208,
MIAMI,2019,207,
MIAMI,2019,206,
MIAMI,2019,205,
MIAMI,2019,204,
MIAMI,2019,203,
MIAMI,2019,202,
MIAMI,2019,201,
MIAMI,2019,200,
MIAMI,2019,199,
MIAMI,2019,198,
MIAMI,2019,197,
MIAMI,2019,196,
MIAMI,2019,195,
MIAMI,2019,194,
MIAMI,2019,193,
MIAMI,2019,192,
MIAMI,2019,191,
MIAMI,2019,190,
MIAMI,2019,189,
MIAMI,2019,188,
MIAMI,2019,187,
MIAMI,2019,186,
MIAMI,2019,185,
MIAMI,2019,184,
MIAMI,2019,183,
MIAMI,2019,182,
MIAMI,2019,181,
MIAMI,2019,180,
MIAMI,2019,179,
MIAMI,2019,178,
MIAMI,2019,177,29.000000
MIAMI,2019,176,29.000000
MIAMI,2019,175,29.000000
MIAMI,2019,174,
MIAMI,2019,173,
MIAMI,2019,172,29.000000
MIAMI,2019,171,29.000000
MIAMI,2019,170,29.000000
MIAMI,2019,169,29.000000
MIAMI,2019,168,29.000000
MIAMI,2019,167,
MIAMI,2019,166,
MIAMI,2019,165,29.000000
MIAMI,2019,164,29.000000
MIAMI,2019,163,29.000000
MIAMI,2019,162,29.000000
MIAMI,2019,161,29.000000
MIAMI,2019,160,
MIAMI,2019,159,
MIAMI,2019,158,29.000000
MIAMI,2019,157,29.000000
MIAMI,2019,156,29.000000
MIAMI,2019,155,29.000000
MIAMI,2019,154,29.000000
MIAMI,2019,153,
MIAMI,2019,152,
MIAMI,2019,151,29.000000
MIAMI,2019,150,29.000000
MIAMI,2019,149,29.000000
MIAMI,2019,148,29.000000
MIAMI,2019,147,
MIAMI,2019,146,
MIAMI,2019,145,
MIAMI,2019,144,29.000000
MIAMI,2019,143,29.000000
MIAMI,2019,142,29.000000
MIAMI,2019,141,25.000000
MIAMI,2019,140,25.000000
MIAMI,2019,139,
MIAMI,2019,138,
MIAMI,2019,137,25.000000
MIAMI,2019,136,25.000000
MIAMI,2019,135,25.000000
MIAMI,2019,134,25.000000
MIAMI,2019,133,25.000000
MIAMI,2019,132,
MIAMI,2019,131,
MIAMI,2019,130,25.000000
MIAMI,2019,129,25.000000
MIAMI,2019,128,25.000000
MIAMI,2019,127,25.000000
MIAMI,2019,126,25.000000
MIAMI,2019,125,
MIAMI,2019,124,
MIAMI,2019,123,25.000000
MIAMI,2019,122,25.000000
MIAMI,2019,121,25.000000
MIAMI,2019,120,25.000000
MIAMI,2019,119,25.000000
MIAMI,2019,118,
MIAMI,2019,117,
MIAMI,2019,116,25.000000
MIAMI,2019,115,25.000000
MIAMI,2019,114,25.000000
MIAMI,2019,113,25.000000
MIAMI,2019,112,25.000000
MIAMI,2019,111,
MIAMI,2019,110,
MIAMI,2019,109,25.000000
MIAMI,2019,108,25.000000
MIAMI,2019,107,29.000000
MIAMI,2019,106,29.000000
MIAMI,2019,105,29.000000
MIAMI,2019,104,
MIAMI,2019,103,
MIAMI,2019,102,29.000000
MIAMI,2019,101,29.000000
MIAMI,2019,100,29.000000
MIAMI,2019,99,29.000000
MIAMI,2019,98,29.000000
MIAMI,2019,97,
MIAMI,2019,96,
MIAMI,2019,95,29.000000
MIAMI,2019,94,29.000000
MIAMI,2019,93,29.000000
MIAMI,2019,92,
MIAMI,2019,91,
MIAMI,2019,90,
MIAMI,2019,89,
MIAMI,2019,88,
MIAMI,2019,87,
MIAMI,2019,86,
MIAMI,2019,85,
MIAMI,2019,84,
MIAMI,2019,83,
MIAMI,2019,82,
MIAMI,2019,81,
MIAMI,2019,80,
MIAMI,2019,79,
MIAMI,2019,78,
MIAMI,2019,77,
MIAMI,2019,76,
MIAMI,2019,75,
MIAMI,2019,74,
MIAMI,2019,73,
MIAMI,2019,72,
MIAMI,2019,71,
MIAMI,2019,70,
MIAMI,2019,69,
MIAMI,2019,68,
MIAMI,2019,67,
MIAMI,2019,66,
MIAMI,2019,65,
MIAMI,2019,64,
MIAMI,2019,63,
MIAMI,2019,62,
MIAMI,2019,61,
MIAMI,2019,60,
MIAMI,2019,59,
MIAMI,2019,58,
MIAMI,2019,57,
MIAMI,2019,56,
MIAMI,2019,55,
MIAMI,2019,54,
MIAMI,2019,53,
MIAMI,2019,52,
MIAMI,2019,51,
MIAMI,2019,50,
MIAMI,2019,49,
MIAMI,2019,48,
MIAMI,2019,47,
MIAMI,2019,46,
MIAMI,2019,45,
MIAMI,2019,44,
MIAMI,2019,43,
MIAMI,2019,42,
MIAMI,2019,41,
MIAMI,2019,40,
MIAMI,2019,39,
MIAMI,2019,38,
MIAMI,2019,37,
MIAMI,2019,36,
MIAMI,2019,35,
MIAMI,2019,34,
MIAMI,2019,33,
MIAMI,2019,32,
MIAMI,2019,31,
MIAMI,2019,30,
MIAMI,2019,29,
MIAMI,2019,28,
MIAMI,2019,27,
MIAMI,2019,26,
MIAMI,2019,25,
MIAMI,2019,24,
MIAMI,2019,23,
MIAMI,2019,22,
MIAMI,2019,21,
MIAMI,2019,20,
MIAMI,2019,19,
MIAMI,2019,18,
MIAMI,2019,17,
MIAMI,2019,16,
MIAMI,2019,15,
MIAMI,2019,14,
MIAMI,2019,13,
MIAMI,2019,12,
MIAMI,2019,11,
MIAMI,2019,10,
MIAMI,2019,9,
MIAMI,2019,8,
MIAMI,2019,7,
MIAMI,2019,6,
MIAMI,2019,5,
MIAMI,2019,4,
MIAMI,2019,3,
MIAMI,2019,2,
NEW YORK,2019,366,
NEW YORK,2019,365,15.625000
NEW YORK,2019,364,15.166666
NEW YORK,2019,363,
NEW YORK,2019,362,
NEW YORK,2019,361,15.166666
NEW YORK,2019,360,
NEW YORK,2019,359,
NEW YORK,2019,358,
NEW YORK,2019,357,12.833333
NEW YORK,2019,356,
NEW YORK,2019,355,
NEW YORK,2019,354,13.333333
NEW YORK,2019,353,13.333333
NEW YORK,2019,352,13.500000
NEW YORK,2019,351,13.500000
NEW YORK,2019,350,13.500000
NEW YORK,2019,349,
NEW YORK,2019,348,
NEW YORK,2019,347,12.000000
NEW YORK,2019,346,12.000000
NEW YORK,2019,345,12.000000
NEW YORK,2019,344,12.000000
NEW YORK,2019,343,12.000000
NEW YORK,2019,342,
NEW YORK,2019,341,
NEW YORK,2019,340,12.000000
NEW YORK,2019,339,17.333333
NEW YORK,2019,338,17.333333
NEW YORK,2019,337,17.333333
NEW YORK,2019,336,15.000000
NEW YORK,2019,335,
NEW YORK,2019,334,
NEW YORK,2019,333,
NEW YORK,2019,332,
NEW YORK,2019,331,15.000000
NEW YORK,2019,330,15.000000
NEW YORK,2019,329,15.000000
NEW YORK,2019,328,
NEW YORK,2019,327,
NEW YORK,2019,326,15.000000
NEW YORK,2019,325,15.000000
NEW YORK,2019,324,15.000000
NEW YORK,2019,323,15.000000
NEW YORK,2019,322,15.000000
NEW YORK,2019,321,
NEW YORK,2019,320,
NEW YORK,2019,319,15.000000
NEW YORK,2019,318,15.500000
NEW YORK,2019,317,12.875000
NEW YORK,2019,316,10.500000
NEW YORK,2019,315,
NEW YORK,2019,314,
NEW YORK,2019,313,
NEW YORK,2019,312,12.250000
NEW YORK,2019,311,12.250000
NEW YORK,2019,310,10.250000
NEW YORK,2019,309,11.166666
NEW YORK,2019,308,15.000000
NEW YORK,2019,307,
NEW YORK,2019,306,
NEW YORK,2019,305,13.000000
NEW YORK,2019,304,13.000000
NEW YORK,2019,303,13.500000
NEW YORK,2019,302,15.750000
NEW YORK,2019,301,15.750000
NEW YORK,2019,300,
NEW YORK,2019,299,
NEW YORK,2019,298,15.250000
NEW YORK,2019,297,12.000000
NEW YORK,2019,296,17.750000
NEW YORK,2019,295,17.000000
NEW YORK,2019,294,14.833333
NEW YORK,2019,293,
NEW YORK,2019,292,
NEW YORK,2019,291,17.625000
NEW YORK,2019,290,16.300000
NEW YORK,2019,289,18.166666
NEW YORK,2019,288,
NEW YORK,2019,287,
NEW YORK,2019,286,
NEW YORK,2019,285,
NEW YORK,2019,284,16.000000
NEW YORK,2019,283,16.000000
NEW YORK,2019,282,23.000000
NEW YORK,2019,281,22.333333
NEW YORK,2019,280,22.000000
NEW YORK,2019,279,
NEW YORK,2019,278,
NEW YORK,2019,277,13.000000
NEW YORK,2019,276,13.750000
NEW YORK,2019,275,11.500000
NEW YORK,2019,274,11.500000
NEW YORK,2019,273,12.000000
NEW YORK,2019,272,
NEW YORK,2019,271,
NEW YORK,2019,270,14.666666
NEW YORK,2019,269,14.666666
NEW YORK,2019,268,13.000000
NEW YORK,2019,267,13.333333
NEW YORK,2019,266,13.333333
NEW YORK,2019,265,
NEW YORK,2019,264,
NEW YORK,2019,263,14.000000
NEW YORK,2019,262,14.500000
NEW YORK,2019,261,14.750000
NEW YORK,2019,260,14.400000
NEW YORK,2019,259,12.000000
NEW YORK,2019,258,
NEW YORK,2019,257,
NEW YORK,2019,256,14.800000
NEW YORK,2019,255,14.800000
NEW YORK,2019,254,14.333333
NEW YORK,2019,253,14.800000
NEW YORK,2019,252,15.666666
NEW YORK,2019,251,
NEW YORK,2019,250,
NEW YORK,2019,249,
NEW YORK,2019,248,
NEW YORK,2019,247,14.333333
NEW YORK,2019,246,14.333333
NEW YORK,2019,245,
NEW YORK,2019,244,
NEW YORK,2019,243,
NEW YORK,2019,242,13.500000
NEW YORK,2019,241,13.500000
NEW YORK,2019,240,13.500000
NEW YORK,2019,239,13.666666
NEW YORK,2019,238,11.750000
NEW YORK,2019,237,
NEW YORK,2019,236,
NEW YORK,2019,235,13.000000
NEW YORK,2019,234,13.000000
NEW YORK,2019,233,13.500000
NEW YORK,2019,232,13.500000
NEW YORK,2019,231,13.500000
NEW YORK,2019,230,
NEW YORK,2019,229,
NEW YORK,2019,228,
NEW YORK,2019,227,
NEW YORK,2019,226,
NEW YORK,2019,225,
NEW YORK,2019,224,
NEW YORK,2019,223,
NEW YORK,2019,222,
NEW YORK,2019,221,15.000000
NEW YORK,2019,220,15.000000
NEW YORK,2019,219,13.500000
NEW YORK,2019,218,13.500000
NEW YORK,2019,217,13.500000
NEW YORK,2019,216,
NEW YORK,2019,215,
NEW YORK,2019,214,17.250000
NEW YORK,2019,213,17.250000
NEW YORK,2019,212,17.250000
NEW YORK,2019,211,17.250000
NEW YORK,2019,210,17.250000
NEW YORK,2019,209,
NEW YORK,2019,208,
NEW YORK,2019,207,17.250000
NEW YORK,2019,206,17.250000
NEW YORK,2019,205,17.250000
NEW YORK,2019,204,17.250000
NEW YORK,2019,203,21.000000
NEW YORK,2019,202,
NEW YORK,2019,201,
NEW YORK,2019,200,20.500000
NEW YORK,2019,199,20.500000
NEW YORK,2019,198,20.500000
NEW YORK,2019,197,20.500000
NEW YORK,2019,196,20.500000
NEW YORK,2019,195,
NEW YORK,2019,194,
NEW YORK,2019,193,22.666666
NEW YORK,2019,192,22.666666
NEW YORK,2019,191,22.666666
NEW YORK,2019,190,21.500000
NEW YORK,2019,189,23.000000
NEW YORK,2019,188,
NEW YORK,2019,187,
NEW YORK,2019,186,
NEW YORK,2019,185,
NEW YORK,2019,184,25.250000
NEW YORK,2019,183,22.125000
NEW YORK,2019,182,22.125000
NEW YORK,2019,181,
NEW YORK,2019,180,
NEW YORK,2019,179,23.166666
NEW YORK,2019,178,23.166666
NEW YORK,2019,177,23.166666
NEW YORK,2019,176,23.166666
NEW YORK,2019,175,23.166666
NEW YORK,2019,174,
NEW YORK,2019,173,
NEW YORK,2019,172,23.166666
NEW YORK,2019,171,23.166666
NEW YORK,2019,170,23.166666
NEW YORK,2019,169,23.166666
NEW YORK,2019,168,23.000000
NEW YORK,2019,167,
NEW YORK,2019,166,
NEW YORK,2019,165,23.000000
NEW YORK,2019,164,23.000000
NEW YORK,2019,163,32.500000
NEW YORK,2019,162,32.500000
NEW YORK,2019,161,32.500000
NEW YORK,2019,160,
NEW YORK,2019,159,
NEW YORK,2019,158,34.500000
NEW YORK,2019,157,34.500000
NEW YORK,2019,156,34.500000
NEW YORK,2019,155,34.500000
NEW YORK,2019,154,34.500000
NEW YORK,2019,153,
NEW YORK,2019,152,
NEW YORK,2019,151,38.500000
NEW YORK,2019,150,38.500000
NEW YORK,2019,149,37.000000
NEW YORK,2019,148,33.000000
NEW YORK,2019,147,
NEW YORK,2019,146,
NEW YORK,2019,145,
NEW YORK,2019,144,44.250000
NEW YORK,2019,143,44.250000
NEW YORK,2019,142,44.750000
NEW YORK,2019,141,44.750000
NEW YORK,2019,140,43.750000
NEW YORK,2019,139,
NEW YORK,2019,138,
NEW YORK,2019,137,40.000000
NEW YORK,2019,136,40.000000
NEW YORK,2019,135,48.000000
NEW YORK,2019,134,25.666666
NEW YORK,2019,133,25.666666
NEW YORK,2019,132,
NEW YORK,2019,131,
NEW YORK,2019,130,26.333333
NEW YORK,2019,129,26.333333
NEW YORK,2019,128,23.500000
NEW YORK,2019,127,23.500000
NEW YORK,2019,126,23.500000
NEW YORK,2019,125,
NEW YORK,2019,124,
NEW YORK,2019,123,27.500000
NEW YORK,2019,122,27.500000
NEW YORK,2019,121,24.666666
NEW YORK,2019,120,28.000000
NEW YORK,2019,119,28.000000
NEW YORK,2019,118,
NEW YORK,2019,117,
NEW YORK,2019,116,20.333333
NEW YORK,2019,115,20.333333
NEW YORK,2019,114,20.333333
NEW YORK,2019,113,20.333333
NEW YORK,2019,112,
NEW YORK,2019,111,
NEW YORK,2019,110,
NEW YORK,2019,109,17.000000
NEW YORK,2019,108,14.666666
NEW YORK,2019,107,14.666666
NEW YORK,2019,106,17.000000
NEW YORK,2019,105,22.500000
NEW YORK,2019,104,
NEW YORK,2019,103,
NEW YORK,2019,102,22.500000
NEW YORK,2019,101,20.000000
NEW YORK,2019,100,23.125000
NEW YORK,2019,99,23.125000
NEW YORK,2019,98,26.000000
NEW YORK,2019,97,
NEW YORK,2019,96,
NEW YORK,2019,95,23.000000
NEW YORK,2019,94,23.000000
NEW YORK,2019,93,23.000000
NEW YORK,2019,92,23.000000
NEW YORK,2019,91,23.000000
NEW YORK,2019,90,
NEW YORK,2019,89,
NEW YORK,2019,88,23.000000
NEW YORK,2019,87,23.000000
NEW YORK,2019,86,23.000000
NEW YORK,2019,85,23.000000
NEW YORK,2019,84,23.000000
NEW YORK,2019,83,
NEW YORK,2019,82,
NEW YORK,2019,81,28.000000
NEW YORK,2019,80,28.000000
NEW YORK,2019,79,28.000000
NEW YORK,2019,78,28.000000
NEW YORK,2019,77,28.000000
NEW YORK,2019,76,
NEW YORK,2019,75,
NEW YORK,2019,74,27.000000
NEW YORK,2019,73,32.000000
NEW YORK,2019,72,30.000000
NEW YORK,2019,71,30.000000
NEW YORK,2019,70,29.000000
NEW YORK,2019,69,
NEW YORK,2019,68,
NEW YORK,2019,67,29.000000
NEW YORK,2019,66,28.500000
NEW YORK,2019,65,29.000000
NEW YORK,2019,64,30.000000
NEW YORK,2019,63,
NEW YORK,2019,62,
NEW YORK,2019,61,
NEW YORK,2019,60,34.666666
NEW YORK,2019,59,34.666666
NEW YORK,2019,58,29.250000
NEW YORK,2019,57,31.500000
NEW YORK,2019,56,48.000000
NEW YORK,2019,55,
NEW YORK,2019,54,
NEW YORK,2019,53,54.000000
NEW YORK,2019,52,54.000000
NEW YORK,2019,51,49.666666
NEW YORK,2019,50,50.000000
NEW YORK,2019,49,
NEW YORK,2019,48,
NEW YORK,2019,47,
NEW YORK,2019,46,50.000000
NEW YORK,2019,45,50.000000
NEW YORK,2019,44,12.000000
NEW YORK,2019,43,36.833333
NEW YORK,2019,42,44.750000
NEW YORK,2019,41,
NEW YORK,2019,40,
NEW YORK,2019,39,
NEW YORK,2019,38,
NEW YORK,2019,37,33.500000
NEW YORK,2019,36,33.500000
NEW YORK,2019,35,28.333333
NEW YORK,2019,34,
NEW YORK,2019,33,
NEW YORK,2019,32,26.500000
NEW YORK,2019,31,34.500000
NEW YORK,2019,30,34.500000
NEW YORK,2019,29,34.500000
NEW YORK,2019,28,30.500000
NEW YORK,2019,27,
NEW YORK,2019,26,
NEW YORK,2019,25,28.000000
NEW YORK,2019,24,29.250000
NEW YORK,2019,23,29.250000
NEW YORK,2019,22,30.250000
NEW YORK,2019,21,
NEW YORK,2019,20,
NEW YORK,2019,19,
NEW YORK,2019,18,26.000000
NEW YORK,2019,17,26.000000
NEW YORK,2019,16,26.000000
NEW YORK,2019,15,26.000000
NEW YORK,2019,14,26.000000
NEW YORK,2019,13,
NEW YORK,2019,12,
NEW YORK,2019,11,31.000000
NEW YORK,2019,10,31.000000
NEW YORK,2019,9,31.000000
NEW YORK,2019,8,31.000000
NEW YORK,2019,7,31.000000
NEW YORK,2019,6,
NEW YORK,2019,5,
NEW YORK,2019,4,29.500000
NEW YORK,2019,3,25.000000
NEW YORK,2019,2,25.500000
PHILADELPHIA,2019,366,
PHILADELPHIA,2019,365,18.000000
PHILADELPHIA,2019,364,18.000000
PHILADELPHIA,2019,363,
PHILADELPHIA,2019,362,
PHILADELPHIA,2019,361,12.000000
PHILADELPHIA,2019,360,16.000000
PHILADELPHIA,2019,359,
PHILADELPHIA,2019,358,
PHILADELPHIA,2019,357,16.000000
PHILADELPHIA,2019,356,
PHILADELPHIA,2019,355,
PHILADELPHIA,2019,354,13.750000
PHILADELPHIA,2019,353,13.500000
PHILADELPHIA,2019,352,13.500000
PHILADELPHIA,2019,351,13.500000
PHILADELPHIA,2019,350,13.500000
PHILADELPHIA,2019,349,
PHILADELPHIA,2019,348,
PHILADELPHIA,2019,347,15.500000
PHILADELPHIA,2019,346,15.500000
PHILADELPHIA,2019,345,15.500000
PHILADELPHIA,2019,344,15.500000
PHILADELPHIA,2019,343,15.000000
PHILADELPHIA,2019,342,
PHILADELPHIA,2019,341,
PHILADELPHIA,2019,340,16.250000
PHILADELPHIA,2019,339,16.250000
PHILADELPHIA,2019,338,16.250000
PHILADELPHIA,2019,337,16.250000
PHILADELPHIA,2019,336,16.250000
PHILADELPHIA,2019,335,
PHILADELPHIA,2019,334,
PHILADELPHIA,2019,333,
PHILADELPHIA,2019,332,
PHILADELPHIA,2019,331,17.250000
PHILADELPHIA,2019,330,16.250000
PHILADELPHIA,2019,329,16.250000
PHILADELPHIA,2019,328,
PHILADELPHIA,2019,327,
PHILADELPHIA,2019,326,16.250000
PHILADELPHIA,2019,325,16.250000
PHILADELPHIA,2019,324,16.250000
PHILADELPHIA,2019,323,16.250000
PHILADELPHIA,2019,322,16.250000
PHILADELPHIA,2019,321,
PHILADELPHIA,2019,320,
PHILADELPHIA,2019,319,16.000000
PHILADELPHIA,2019,318,16.000000
PHILADELPHIA,2019,317,16.000000
PHILADELPHIA,2019,316,16.250000
PHILADELPHIA,2019,315,
PHILADELPHIA,2019,314,
PHILADELPHIA,2019,313,
PHILADELPHIA,2019,312,17.750000
PHILADELPHIA,2019,311,17.750000
PHILADELPHIA,2019,310,17.750000
PHILADELPHIA,2019,309,18.000000
PHILADELPHIA,2019,308,18.000000
PHILADELPHIA,2019,307,
PHILADELPHIA,2019,306,
PHILADELPHIA,2019,305,16.750000
PHILADELPHIA,2019,304,17.000000
PHILADELPHIA,2019,303,17.000000
PHILADELPHIA,2019,302,17.000000
PHILADELPHIA,2019,301,17.000000
PHILADELPHIA,2019,300,
PHILADELPHIA,2019,299,
PHILADELPHIA,2019,298,17.250000
PHILADELPHIA,2019,297,17.250000
PHILADELPHIA,2019,296,17.250000
PHILADELPHIA,2019,295,17.500000
PHILADELPHIA,2019,294,17.500000
PHILADELPHIA,2019,293,
PHILADELPHIA,2019,292,
PHILADELPHIA,2019,291,15.666666
PHILADELPHIA,2019,290,14.500000
PHILADELPHIA,2019,289,14.500000
PHILADELPHIA,2019,288,14.500000
PHILADELPHIA,2019,287,
PHILADELPHIA,2019,286,
PHILADELPHIA,2019,285,
PHILADELPHIA,2019,284,10.500000
PHILADELPHIA,2019,283,10.500000
PHILADELPHIA,2019,282,10.500000
PHILADELPHIA,2019,281,10.500000
PHILADELPHIA,2019,280,10.500000
PHILADELPHIA,2019,279,
PHILADELPHIA,2019,278,
PHILADELPHIA,2019,277,10.500000
PHILADELPHIA,2019,276,10.500000
PHILADELPHIA,2019,275,10.500000
PHILADELPHIA,2019,274,10.500000
PHILADELPHIA,2019,273,10.500000
PHILADELPHIA,2019,272,
PHILADELPHIA,2019,271,
PHILADELPHIA,2019,270,9.500000
PHILADELPHIA,2019,269,9.500000
PHILADELPHIA,2019,268,9.500000
PHILADELPHIA,2019,267,9.500000
PHILADELPHIA,2019,266,9.500000
PHILADELPHIA,2019,265,
PHILADELPHIA,2019,264,
PHILADELPHIA,2019,263,16.000000
PHILADELPHIA,2019,262,16.000000
PHILADELPHIA,2019,261,16.000000
PHILADELPHIA,2019,260,16.000000
PHILADELPHIA,2019,259,16.000000
PHILADELPHIA,2019,258,
PHILADELPHIA,2019,257,
PHILADELPHIA,2019,256,17.000000
PHILADELPHIA,2019,255,17.000000
PHILADELPHIA,2019,254,14.250000
PHILADELPHIA,2019,253,14.250000
PHILADELPHIA,2019,252,11.000000
PHILADELPHIA,2019,251,
PHILADELPHIA,2019,250,
PHILADELPHIA,2019,249,13.000000
PHILADELPHIA,2019,248,13.000000
PHILADELPHIA,2019,247,10.500000
PHILADELPHIA,2019,246,10.500000
PHILADELPHIA,2019,245,
PHILADELPHIA,2019,244,
PHILADELPHIA,2019,243,
PHILADELPHIA,2019,242,10.500000
PHILADELPHIA,2019,241,11.000000
PHILADELPHIA,2019,240,12.000000
PHILADELPHIA,2019,239,12.000000
PHILADELPHIA,2019,238,12.000000
PHILADELPHIA,2019,237,
PHILADELPHIA,2019,236,
PHILADELPHIA,2019,235,11.500000
PHILADELPHIA,2019,234,11.500000
PHILADELPHIA,2019,233,11.500000
PHILADELPHIA,2019,232,11.500000
PHILADELPHIA,2019,231,11.500000
PHILADELPHIA,2019,230,
PHILADELPHIA,2019,229,
PHILADELPHIA,2019,228,13.000000
PHILADELPHIA,2019,227,13.000000
PHILADELPHIA,2019,226,13.000000
PHILADELPHIA,2019,225,
PHILADELPHIA,2019,224,13.000000
PHILADELPHIA,2019,223,
PHILADELPHIA,2019,222,
PHILADELPHIA,2019,221,16.500000
PHILADELPHIA,2019,220,16.500000
PHILADELPHIA,2019,219,16.500000
PHILADELPHIA,2019,218,
PHILADELPHIA,2019,217,15.000000
PHILADELPHIA,2019,216,
PHILADELPHIA,2019,215,
PHILADELPHIA,2019,214,19.000000
PHILADELPHIA,2019,213,19.000000
PHILADELPHIA,2019,212,20.750000
PHILADELPHIA,2019,211,20.750000
PHILADELPHIA,2019,210,20.750000
PHILADELPHIA,2019,209,
PHILADELPHIA,2019,208,
PHILADELPHIA,2019,207,23.500000
PHILADELPHIA,2019,206,23.500000
PHILADELPHIA,2019,205,23.500000
PHILADELPHIA,2019,204,20.000000
PHILADELPHIA,2019,203,20.000000
PHILADELPHIA,2019,202,
PHILADELPHIA,2019,201,
PHILADELPHIA,2019,200,20.000000
PHILADELPHIA,2019,199,20.000000
PHILADELPHIA,2019,198,20.000000
PHILADELPHIA,2019,197,
PHILADELPHIA,2019,196,23.750000
PHILADELPHIA,2019,195,
PHILADELPHIA,2019,194,
PHILADELPHIA,2019,193,23.750000
PHILADELPHIA,2019,192,23.750000
PHILADELPHIA,2019,191,23.750000
PHILADELPHIA,2019,190,23.750000
PHILADELPHIA,2019,189,22.500000
PHILADELPHIA,2019,188,
PHILADELPHIA,2019,187,
PHILADELPHIA,2019,186,25.000000
PHILADELPHIA,2019,185,
PHILADELPHIA,2019,184,25.000000
PHILADELPHIA,2019,183,25.000000
PHILADELPHIA,2019,182,26.000000
PHILADELPHIA,2019,181,
PHILADELPHIA,2019,180,
PHILADELPHIA,2019,179,25.500000
PHILADELPHIA,2019,178,25.500000
PHILADELPHIA,2019,177,25.500000
PHILADELPHIA,2019,176,25.500000
PHILADELPHIA,2019,175,25.500000
PHILADELPHIA,2019,174,
PHILADELPHIA,2019,173,
PHILADELPHIA,2019,172,31.500000
PHILADELPHIA,2019,171,31.500000
PHILADELPHIA,2019,170,34.000000
PHILADELPHIA,2019,169,34.000000
PHILADELPHIA,2019,168,34.000000
PHILADELPHIA,2019,167,
PHILADELPHIA,2019,166,
PHILADELPHIA,2019,165,35.000000
PHILADELPHIA,2019,164,35.000000
PHILADELPHIA,2019,163,35.000000
PHILADELPHIA,2019,162,35.000000
PHILADELPHIA,2019,161,
PHILADELPHIA,2019,160,
PHILADELPHIA,2019,159,
PHILADELPHIA,2019,158,
PHILADELPHIA,2019,157,
PHILADELPHIA,2019,156,
PHILADELPHIA,2019,155,
PHILADELPHIA,2019,154,40.000000
PHILADELPHIA,2019,153,
PHILADELPHIA,2019,152,
PHILADELPHIA,2019,151,40.000000
PHILADELPHIA,2019,150,40.000000
PHILADELPHIA,2019,149,40.000000
PHILADELPHIA,2019,148,40.000000
PHILADELPHIA,2019,147,
PHILADELPHIA,2019,146,
PHILADELPHIA,2019,145,
PHILADELPHIA,2019,144,25.000000
PHILADELPHIA,2019,143,25.000000
PHILADELPHIA,2019,142,25.000000
PHILADELPHIA,2019,141,38.000000
PHILADELPHIA,2019,140,38.000000
PHILADELPHIA,2019,139,
PHILADELPHIA,2019,138,
PHILADELPHIA,2019,137,33.000000
PHILADELPHIA,2019,136,33.000000
PHILADELPHIA,2019,135,33.000000
PHILADELPHIA,2019,134,26.500000
PHILADELPHIA,2019,133,32.000000
PHILADELPHIA,2019,132,
PHILADELPHIA,2019,131,
PHILADELPHIA,2019,130,
PHILADELPHIA,2019,129,
PHILADELPHIA,2019,128,
PHILADELPHIA,2019,127,
PHILADELPHIA,2019,126,
PHILADELPHIA,2019,125,
PHILADELPHIA,2019,124,
PHILADELPHIA,2019,123,17.750000
PHILADELPHIA,2019,122,17.750000
PHILADELPHIA,2019,121,17.750000
PHILADELPHIA,2019,120,17.125000
PHILADELPHIA,2019,119,17.125000
PHILADELPHIA,2019,118,
PHILADELPHIA,2019,117,
PHILADELPHIA,2019,116,
PHILADELPHIA,2019,115,18.500000
PHILADELPHIA,2019,114,
PHILADELPHIA,2019,113,18.500000
PHILADELPHIA,2019,112,
PHILADELPHIA,2019,111,
PHILADELPHIA,2019,110,
PHILADELPHIA,2019,109,20.000000
PHILADELPHIA,2019,108,20.000000
PHILADELPHIA,2019,107,20.000000
PHILADELPHIA,2019,106,20.000000
PHILADELPHIA,2019,105,20.000000
PHILADELPHIA,2019,104,
PHILADELPHIA,2019,103,
PHILADELPHIA,2019,102,24.000000
PHILADELPHIA,2019,101,24.000000
PHILADELPHIA,2019,100,24.000000
PHILADELPHIA,2019,99,24.000000
PHILADELPHIA,2019,98,24.000000
PHILADELPHIA,2019,97,
PHILADELPHIA,2019,96,
PHILADELPHIA,2019,95,23.500000
PHILADELPHIA,2019,94,23.500000
PHILADELPHIA,2019,93,23.500000
PHILADELPHIA,2019,92,24.500000
PHILADELPHIA,2019,91,24.500000
PHILADELPHIA,2019,90,
PHILADELPHIA,2019,89,
PHILADELPHIA,2019,88,24.500000
PHILADELPHIA,2019,87,24.500000
PHILADELPHIA,2019,86,24.500000
PHILADELPHIA,2019,85,24.500000
PHILADELPHIA,2019,84,24.500000
PHILADELPHIA,2019,83,
PHILADELPHIA,2019,82,
PHILADELPHIA,2019,81,29.333333
PHILADELPHIA,2019,80,29.333333
PHILADELPHIA,2019,79,29.333333
PHILADELPHIA,2019,78,31.000000
PHILADELPHIA,2019,77,30.750000
PHILADELPHIA,2019,76,
PHILADELPHIA,2019,75,
PHILADELPHIA,2019,74,35.000000
PHILADELPHIA,2019,73,45.000000
PHILADELPHIA,2019,72,45.000000
PHILADELPHIA,2019,71,45.000000
PHILADELPHIA,2019,70,45.000000
PHILADELPHIA,2019,69,
PHILADELPHIA,2019,68,
PHILADELPHIA,2019,67,44.000000
PHILADELPHIA,2019,66,44.000000
PHILADELPHIA,2019,65,44.000000
PHILADELPHIA,2019,64,44.000000
PHILADELPHIA,2019,63,46.500000
PHILADELPHIA,2019,62,
PHILADELPHIA,2019,61,
PHILADELPHIA,2019,60,48.000000
PHILADELPHIA,2019,59,48.000000
PHILADELPHIA,2019,58,48.000000
PHILADELPHIA,2019,57,
PHILADELPHIA,2019,56,48.000000
PHILADELPHIA,2019,55,
PHILADELPHIA,2019,54,
PHILADELPHIA,2019,53,51.000000
PHILADELPHIA,2019,52,51.000000
PHILADELPHIA,2019,51,53.500000
PHILADELPHIA,2019,50,53.000000
PHILADELPHIA,2019,49,
PHILADELPHIA,2019,48,
PHILADELPHIA,2019,47,
PHILADELPHIA,2019,46,51.250000
PHILADELPHIA,2019,45,51.250000
PHILADELPHIA,2019,44,52.500000
PHILADELPHIA,2019,43,52.500000
PHILADELPHIA,2019,42,50.000000
PHILADELPHIA,2019,41,
PHILADELPHIA,2019,40,
PHILADELPHIA,2019,39,34.000000
PHILADELPHIA,2019,38,34.000000
PHILADELPHIA,2019,37,34.000000
PHILADELPHIA,2019,36,28.000000
PHILADELPHIA,2019,35,28.000000
PHILADELPHIA,2019,34,
PHILADELPHIA,2019,33,
PHILADELPHIA,2019,32,28.000000
PHILADELPHIA,2019,31,28.000000
PHILADELPHIA,2019,30,28.000000
PHILADELPHIA,2019,29,28.000000
PHILADELPHIA,2019,28,28.000000
PHILADELPHIA,2019,27,
PHILADELPHIA,2019,26,
PHILADELPHIA,2019,25,22.000000
PHILADELPHIA,2019,24,22.000000
PHILADELPHIA,2019,23,22.000000
PHILADELPHIA,2019,22,22.000000
PHILADELPHIA,2019,21,
PHILADELPHIA,2019,20,
PHILADELPHIA,2019,19,
PHILADELPHIA,2019,18,25.000000
PHILADELPHIA,2019,17,25.000000
PHILADELPHIA,2019,16,29.000000
PHILADELPHIA,2019,15,29.000000
PHILADELPHIA,2019,14,29.000000
PHILADELPHIA,2019,13,
PHILADELPHIA,2019,12,
PHILADELPHIA,2019,11,23.000000
PHILADELPHIA,2019,10,23.000000
PHILADELPHIA,2019,9,23.000000
PHILADELPHIA,2019,8,23.000000
PHILADELPHIA,2019,7,23.000000
PHILADELPHIA,2019,6,
PHILADELPHIA,2019,5,
PHILADELPHIA,2019,4,24.250000
PHILADELPHIA,2019,3,24.250000
PHILADELPHIA,2019,2,24.250000
BALTIMORE,2018,366,
BALTIMORE,2018,365,30.000000
BALTIMORE,2018,364,
BALTIMORE,2018,363,
BALTIMORE,2018,362,24.500000
BALTIMORE,2018,361,25.000000
BALTIMORE,2018,360,25.000000
BALTIMORE,2018,359,
BALTIMORE,2018,358,
BALTIMORE,2018,357,
BALTIMORE,2018,356,
BALTIMORE,2018,355,13.000000
BALTIMORE,2018,354,18.500000
BALTIMORE,2018,353,24.000000
BALTIMORE,2018,352,19.000000
BALTIMORE,2018,351,19.000000
BALTIMORE,2018,350,
BALTIMORE,2018,349,
BALTIMORE,2018,348,35.000000
BALTIMORE,2018,347,35.000000
BALTIMORE,2018,346,18.000000
BALTIMORE,2018,345,18.000000
BALTIMORE,2018,344,22.000000
BALTIMORE,2018,343,
BALTIMORE,2018,342,
BALTIMORE,2018,341,21.500000
BALTIMORE,2018,340,15.000000
BALTIMORE,2018,339,26.000000
BALTIMORE,2018,338,26.000000
BALTIMORE,2018,337,26.000000
BALTIMORE,2018,336,
BALTIMORE,2018,335,
BALTIMORE,2018,334,32.000000
BALTIMORE,2018,333,32.000000
BALTIMORE,2018,332,32.000000
BALTIMORE,2018,331,32.000000
BALTIMORE,2018,330,32.000000
BALTIMORE,2018,329,
BALTIMORE,2018,328,
BALTIMORE,2018,327,31.000000
BALTIMORE,2018,326,
BALTIMORE,2018,325,31.000000
BALTIMORE,2018,324,31.000000
BALTIMORE,2018,323,31.000000
BALTIMORE,2018,322,
BALTIMORE,2018,321,
BALTIMORE,2018,320,35.000000
BALTIMORE,2018,319,35.000000
BALTIMORE,2018,318,29.000000
BALTIMORE,2018,317,29.000000
BALTIMORE,2018,316,
BALTIMORE,2018,315,
BALTIMORE,2018,314,
BALTIMORE,2018,313,32.500000
BALTIMORE,2018,312,29.000000
BALTIMORE,2018,311,29.000000
BALTIMORE,2018,310,29.000000
BALTIMORE,2018,309,29.000000
BALTIMORE,2018,308,
BALTIMORE,2018,307,
BALTIMORE,2018,306,26.250000
BALTIMORE,2018,305,25.375000
BALTIMORE,2018,304,26.833333
BALTIMORE,2018,303,26.250000
BALTIMORE,2018,302,26.250000
BALTIMORE,2018,301,
BALTIMORE,2018,300,
BALTIMORE,2018,299,26.250000
BALTIMORE,2018,298,26.250000
BALTIMORE,2018,297,26.250000
BALTIMORE,2018,296,26.250000
BALTIMORE,2018,295,28.000000
BALTIMORE,2018,294,
BALTIMORE,2018,293,
BALTIMORE,2018,292,31.250000
BALTIMORE,2018,291,34.500000
BALTIMORE,2018,290,33.000000
BALTIMORE,2018,289,33.000000
BALTIMORE,2018,288,34.000000
BALTIMORE,2018,287,
BALTIMORE,2018,286,
BALTIMORE,2018,285,34.000000
BALTIMORE,2018,284,
BALTIMORE,2018,283,34.000000
BALTIMORE,2018,282,34.000000
BALTIMORE,2018,281,
BALTIMORE,2018,280,
BALTIMORE,2018,279,
BALTIMORE,2018,278,22.000000
BALTIMORE,2018,277,20.000000
BALTIMORE,2018,276,23.500000
BALTIMORE,2018,275,20.750000
BALTIMORE,2018,274,20.750000
BALTIMORE,2018,273,
BALTIMORE,2018,272,
BALTIMORE,2018,271,20.500000
BALTIMORE,2018,270,18.333333
BALTIMORE,2018,269,24.000000
BALTIMORE,2018,268,20.000000
BALTIMORE,2018,267,20.000000
BALTIMORE,2018,266,
BALTIMORE,2018,265,
BALTIMORE,2018,264,20.000000
BALTIMORE,2018,263,20.000000
BALTIMORE,2018,262,20.000000
BALTIMORE,2018,261,20.000000
BALTIMORE,2018,260,20.000000
BALTIMORE,2018,259,
BALTIMORE,2018,258,
BALTIMORE,2018,257,15.750000
BALTIMORE,2018,256,20.000000
BALTIMORE,2018,255,17.000000
BALTIMORE,2018,254,18.000000
BALTIMORE,2018,253,22.000000
BALTIMORE,2018,252,
BALTIMORE,2018,251,
BALTIMORE,2018,250,18.333333
BALTIMORE,2018,249,16.000000
BALTIMORE,2018,248,16.000000
BALTIMORE,2018,247,14.000000
BALTIMORE,2018,246,
BALTIMORE,2018,245,
BALTIMORE,2018,244,
BALTIMORE,2018,243,19.000000
BALTIMORE,2018,242,19.000000
BALTIMORE,2018,241,16.000000
BALTIMORE,2018,240,16.000000
BALTIMORE,2018,239,16.000000
BALTIMORE,2018,238,
BALTIMORE,2018,237,
BALTIMORE,2018,236,17.000000
BALTIMORE,2018,235,17.000000
BALTIMORE,2018,234,16.500000
BALTIMORE,2018,233,16.500000
BALTIMORE,2018,232,
BALTIMORE,2018,231,
BALTIMORE,2018,230,
BALTIMORE,2018,229,19.750000
BALTIMORE,2018,228,19.750000
BALTIMORE,2018,227,19.750000
BALTIMORE,2018,226,20.500000
BALTIMORE,2018,225,20.500000
BALTIMORE,2018,224,
BALTIMORE,2018,223,
BALTIMORE,2018,222,20.500000
BALTIMORE,2018,221,20.500000
BALTIMORE,2018,220,20.500000
BALTIMORE,2018,219,20.500000
BALTIMORE,2018,218,23.000000
BALTIMORE,2018,217,
BALTIMORE,2018,216,
BALTIMORE,2018,215,23.000000
BALTIMORE,2018,214,23.000000
BALTIMORE,2018,213,23.000000
BALTIMORE,2018,212,22.500000
BALTIMORE,2018,211,22.500000
BALTIMORE,2018,210,
BALTIMORE,2018,209,
BALTIMORE,2018,208,23.000000
BALTIMORE,2018,207,23.000000
BALTIMORE,2018,206,23.500000
BALTIMORE,2018,205,23.500000
BALTIMORE,2018,204,23.500000
BALTIMORE,2018,203,
BALTIMORE,2018,202,
BALTIMORE,2018,201,27.000000
BALTIMORE,2018,200,27.000000
BALTIMORE,2018,199,27.000000
BALTIMORE,2018,198,25.000000
BALTIMORE,2018,197,25.000000
BALTIMORE,2018,196,
BALTIMORE,2018,195,
BALTIMORE,2018,194,24.500000
BALTIMORE,2018,193,18.250000
BALTIMORE,2018,192,18.250000
BALTIMORE,2018,191,18.250000
BALTIMORE,2018,190,23.000000
BALTIMORE,2018,189,
BALTIMORE,2018,188,
BALTIMORE,2018,187,18.500000
BALTIMORE,2018,186,18.500000
BALTIMORE,2018,185,
BALTIMORE,2018,184,25.000000
BALTIMORE,2018,183,19.750000
BALTIMORE,2018,182,
BALTIMORE,2018,181,
BALTIMORE,2018,180,29.000000
BALTIMORE,2018,179,21.500000
BALTIMORE,2018,178,18.500000
BALTIMORE,2018,177,18.500000
BALTIMORE,2018,176,18.500000
BALTIMORE,2018,175,
BALTIMORE,2018,174,
BALTIMORE,2018,173,18.500000
BALTIMORE,2018,172,18.500000
BALTIMORE,2018,171,18.500000
BALTIMORE,2018,170,19.750000
BALTIMORE,2018,169,19.750000
BALTIMORE,2018,168,
BALTIMORE,2018,167,
BALTIMORE,2018,166,20.750000
BALTIMORE,2018,165,18.000000
BALTIMORE,2018,164,
BALTIMORE,2018,163,20.500000
BALTIMORE,2018,162,18.000000
BALTIMORE,2018,161,
BALTIMORE,2018,160,
BALTIMORE,2018,159,19.000000
BALTIMORE,2018,158,
BALTIMORE,2018,157,
BALTIMORE,2018,156,18.000000
BALTIMORE,2018,155,18.000000
BALTIMORE,2018,154,
BALTIMORE,2018,153,
BALTIMORE,2018,152,18.000000
BALTIMORE,2018,151,
BALTIMORE,2018,150,
BALTIMORE,2018,149,23.500000
BALTIMORE,2018,148,
BALTIMORE,2018,147,
BALTIMORE,2018,146,
BALTIMORE,2018,145,23.500000
BALTIMORE,2018,144,23.500000
BALTIMORE,2018,143,22.500000
BALTIMORE,2018,142,22.500000
BALTIMORE,2018,141,22.500000
BALTIMORE,2018,140,
BALTIMORE,2018,139,
BALTIMORE,2018,138,20.666666
BALTIMORE,2018,137,20.666666
BALTIMORE,2018,136,20.666666
BALTIMORE,2018,135,20.666666
BALTIMORE,2018,134,20.666666
BALTIMORE,2018,133,
BALTIMORE,2018,132,
BALTIMORE,2018,131,20.666666
BALTIMORE,2018,130,20.666666
BALTIMORE,2018,129,20.666666
BALTIMORE,2018,128,20.666666
BALTIMORE,2018,127,20.666666
BALTIMORE,2018,126,
BALTIMORE,2018,125,
BALTIMORE,2018,124,20.666666
BALTIMORE,2018,123,20.666666
BALTIMORE,2018,122,20.666666
BALTIMORE,2018,121,20.000000
BALTIMORE,2018,120,20.000000
BALTIMORE,2018,119,
BALTIMORE,2018,118,
BALTIMORE,2018,117,20.000000
BALTIMORE,2018,116,20.000000
BALTIMORE,2018,115,24.000000
BALTIMORE,2018,114,24.000000
BALTIMORE,2018,113,24.000000
BALTIMORE,2018,112,
BALTIMORE,2018,111,
BALTIMORE,2018,110,24.000000
BALTIMORE,2018,109,19.500000
BALTIMORE,2018,108,23.500000
BALTIMORE,2018,107,23.500000
BALTIMORE,2018,106,23.500000
BALTIMORE,2018,105,
BALTIMORE,2018,104,
BALTIMORE,2018,103,24.500000
BALTIMORE,2018,102,28.000000
BALTIMORE,2018,101,24.500000
BALTIMORE,2018,100,24.500000
BALTIMORE,2018,99,24.500000
BALTIMORE,2018,98,
BALTIMORE,2018,97,
BALTIMORE,2018,96,34.000000
BALTIMORE,2018,95,31.000000
BALTIMORE,2018,94,35.500000
BALTIMORE,2018,93,35.500000
BALTIMORE,2018,92,35.500000
BALTIMORE,2018,91,
BALTIMORE,2018,90,
BALTIMORE,2018,89,35.500000
BALTIMORE,2018,88,34.000000
BALTIMORE,2018,87,34.000000
BALTIMORE,2018,86,34.000000
BALTIMORE,2018,85,37.500000
BALTIMORE,2018,84,
BALTIMORE,2018,83,
BALTIMORE,2018,82,36.750000
BALTIMORE,2018,81,36.750000
BALTIMORE,2018,80,
BALTIMORE,2018,79,38.000000
BALTIMORE,2018,78,38.000000
BALTIMORE,2018,77,
BALTIMORE,2018,76,
BALTIMORE,2018,75,43.500000
BALTIMORE,2018,74,43.500000
BALTIMORE,2018,73,38.000000
BALTIMORE,2018,72,38.000000
BALTIMORE,2018,71,38.000000
BALTIMORE,2018,70,
BALTIMORE,2018,69,
BALTIMORE,2018,68,
BALTIMORE,2018,67,
BALTIMORE,2018,66,34.250000
BALTIMORE,2018,65,34.250000
BALTIMORE,2018,64,34.250000
BALTIMORE,2018,63,
BALTIMORE,2018,62,
BALTIMORE,2018,61,41.000000
BALTIMORE,2018,60,41.000000
BALTIMORE,2018,59,40.000000
BALTIMORE,2018,58,40.000000
BALTIMORE,2018,57,40.000000
BALTIMORE,2018,56,
BALTIMORE,2018,55,
BALTIMORE,2018,54,36.000000
BALTIMORE,2018,53,36.000000
BALTIMORE,2018,52,37.500000
BALTIMORE,2018,51,37.500000
BALTIMORE,2018,50,
BALTIMORE,2018,49,
BALTIMORE,2018,48,
BALTIMORE,2018,47,39.500000
BALTIMORE,2018,46,39.500000
BALTIMORE,2018,45,41.500000
BALTIMORE,2018,44,
BALTIMORE,2018,43,
BALTIMORE,2018,42,
BALTIMORE,2018,41,
BALTIMORE,2018,40,
BALTIMORE,2018,39,
BALTIMORE,2018,38,41.000000
BALTIMORE,2018,37,41.000000
BALTIMORE,2018,36,41.000000
BALTIMORE,2018,35,
BALTIMORE,2018,34,
BALTIMORE,2018,33,41.000000
BALTIMORE,2018,32,41.000000
BALTIMORE,2018,31,41.000000
BALTIMORE,2018,30,37.000000
BALTIMORE,2018,29,37.000000
BALTIMORE,2018,28,
BALTIMORE,2018,27,
BALTIMORE,2018,26,31.000000
BALTIMORE,2018,25,31.000000
BALTIMORE,2018,24,31.000000
BALTIMORE,2018,23,31.000000
BALTIMORE,2018,22,31.000000
BALTIMORE,2018,21,
BALTIMORE,2018,20,
BALTIMORE,2018,19,32.000000
BALTIMORE,2018,18,32.000000
BALTIMORE,2018,17,32.000000
BALTIMORE,2018,16,
BALTIMORE,2018,15,
BALTIMORE,2018,14,
BALTIMORE,2018,13,
BALTIMORE,2018,12,29.000000
BALTIMORE,2018,11,29.000000
BALTIMORE,2018,10,29.000000
BALTIMORE,2018,9,29.000000
BALTIMORE,2018,8,29.000000
BALTIMORE,2018,7,
BALTIMORE,2018,6,
BALTIMORE,2018,5,
BALTIMORE,2018,4,31.000000
BALTIMORE,2018,3,
BALTIMORE,2018,2,7.500000
BOSTON,2018,366,
BOSTON,2018,365,20.000000
BOSTON,2018,364,
BOSTON,2018,363,
BOSTON,2018,362,20.000000
BOSTON,2018,361,20.000000
BOSTON,2018,360,20.000000
BOSTON,2018,359,
BOSTON,2018,358,
BOSTON,2018,357,
BOSTON,2018,356,
BOSTON,2018,355,20.000000
BOSTON,2018,354,20.000000
BOSTON,2018,353,18.000000
BOSTON,2018,352,18.000000
BOSTON,2018,351,20.000000
BOSTON,2018,350,
BOSTON,2018,349,
BOSTON,2018,348,20.000000
BOSTON,2018,347,20.000000
BOSTON,2018,346,20.000000
BOSTON,2018,345,20.000000
BOSTON,2018,344,20.000000
BOSTON,2018,343,
BOSTON,2018,342,
BOSTON,2018,341,20.000000
BOSTON,2018,340,20.000000
BOSTON,2018,339,21.000000
BOSTON,2018,338,21.000000
BOSTON,2018,337,22.000000
BOSTON,2018,336,
BOSTON,2018,335,
BOSTON,2018,334,24.000000
BOSTON,2018,333,24.000000
BOSTON,2018,332,24.000000
BOSTON,2018,331,24.000000
BOSTON,2018,330,24.000000
BOSTON,2018,329,
BOSTON,2018,328,
BOSTON,2018,327,24.000000
BOSTON,2018,326,
BOSTON,2018,325,23.250000
BOSTON,2018,324,23.250000
BOSTON,2018,323,23.250000
BOSTON,2018,322,
BOSTON,2018,321,
BOSTON,2018,320,23.250000
BOSTON,2018,319,23.250000
BOSTON,2018,318,23.250000
BOSTON,2018,317,23.250000
BOSTON,2018,316,
BOSTON,2018,315,
BOSTON,2018,314,
BOSTON,2018,313,23.250000
BOSTON,2018,312,23.250000
BOSTON,2018,311,23.250000
BOSTON,2018,310,23.250000
BOSTON,2018,309,23.250000
BOSTON,2018,308,
BOSTON,2018,307,
BOSTON,2018,306,23.250000
BOSTON,2018,305,23.250000
BOSTON,2018,304,23.250000
BOSTON,2018,303,17.500000
BOSTON,2018,302,17.500000
BOSTON,2018,301,
BOSTON,2018,300,
BOSTON,2018,299,17.500000
BOSTON,2018,298,17.500000
BOSTON,2018,297,17.500000
BOSTON,2018,296,17.500000
BOSTON,2018,295,17.500000
BOSTON,2018,294,
BOSTON,2018,293,
BOSTON,2018,292,17.500000
BOSTON,2018,291,18.333333
BOSTON,2018,290,18.333333
BOSTON,2018,289,18.333333
BOSTON,2018,288,18.333333
BOSTON,2018,287,
BOSTON,2018,286,
BOSTON,2018,285,18.333333
BOSTON,2018,284,18.333333
BOSTON,2018,283,18.333333
BOSTON,2018,282,18.333333
BOSTON,2018,281,
BOSTON,2018,280,
BOSTON,2018,279,
BOSTON,2018,278,18.333333
BOSTON,2018,277,18.333333
BOSTON,2018,276,18.333333
BOSTON,2018,275,18.333333
BOSTON,2018,274,18.333333
BOSTON,2018,273,
BOSTON,2018,272,
BOSTON,2018,271,18.333333
BOSTON,2018,270,18.333333
BOSTON,2018,269,18.333333
BOSTON,2018,268,18.333333
BOSTON,2018,267,18.333333
BOSTON,2018,266,
BOSTON,2018,265,
BOSTON,2018,264,18.333333
BOSTON,2018,263,18.333333
BOSTON,2018,262,18.333333
BOSTON,2018,261,18.333333
BOSTON,2018,260,18.333333
BOSTON,2018,259,
BOSTON,2018,258,
BOSTON,2018,257,18.333333
BOSTON,2018,256,18.333333
BOSTON,2018,255,18.333333
BOSTON,2018,254,18.333333
BOSTON,2018,253,18.333333
BOSTON,2018,252,
BOSTON,2018,251,
BOSTON,2018,250,18.333333
BOSTON,2018,249,18.333333
BOSTON,2018,248,18.333333
BOSTON,2018,247,18.333333
BOSTON,2018,246,
BOSTON,2018,245,
BOSTON,2018,244,
BOSTON,2018,243,18.333333
BOSTON,2018,242,18.333333
BOSTON,2018,241,18.333333
BOSTON,2018,240,18.333333
BOSTON,2018,239,18.333333
BOSTON,2018,238,
BOSTON,2018,237,
BOSTON,2018,236,18.333333
BOSTON,2018,235,18.333333
BOSTON,2018,234,
BOSTON,2018,233,18.333333
BOSTON,2018,232,18.333333
BOSTON,2018,231,
BOSTON,2018,230,
BOSTON,2018,229,18.333333
BOSTON,2018,228,18.333333
BOSTON,2018,227,18.333333
BOSTON,2018,226,18.333333
BOSTON,2018,225,18.333333
BOSTON,2018,224,
BOSTON,2018,223,
BOSTON,2018,222,18.333333
BOSTON,2018,221,18.333333
BOSTON,2018,220,18.333333
BOSTON,2018,219,19.333333
BOSTON,2018,218,19.333333
BOSTON,2018,217,
BOSTON,2018,216,
BOSTON,2018,215,19.333333
BOSTON,2018,214,19.333333
BOSTON,2018,213,19.333333
BOSTON,2018,212,19.333333
BOSTON,2018,211,19.333333
BOSTON,2018,210,
BOSTON,2018,209,
BOSTON,2018,208,19.333333
BOSTON,2018,207,20.166666
BOSTON,2018,206,20.166666
BOSTON,2018,205,20.166666
BOSTON,2018,204,20.166666
BOSTON,2018,203,
BOSTON,2018,202,
BOSTON,2018,201,20.166666
BOSTON,2018,200,20.166666
BOSTON,2018,199,20.166666
BOSTON,2018,198,20.166666
BOSTON,2018,197,18.666666
BOSTON,2018,196,
BOSTON,2018,195,
BOSTON,2018,194,18.666666
BOSTON,2018,193,18.666666
BOSTON,2018,192,18.666666
BOSTON,2018,191,18.666666
BOSTON,2018,190,18.666666
BOSTON,2018,189,
BOSTON,2018,188,
BOSTON,2018,187,18.666666
BOSTON,2018,186,18.500000
BOSTON,2018,185,
BOSTON,2018,184,18.500000
BOSTON,2018,183,18.500000
BOSTON,2018,182,
BOSTON,2018,181,
BOSTON,2018,180,18.500000
BOSTON,2018,179,18.500000
BOSTON,2018,178,18.500000
BOSTON,2018,177,18.500000
BOSTON,2018,176,18.500000
BOSTON,2018,175,
BOSTON,2018,174,
BOSTON,2018,173,18.500000
BOSTON,2018,172,18.000000
BOSTON,2018,171,18.000000
BOSTON,2018,170,18.000000
BOSTON,2018,169,18.000000
BOSTON,2018,168,
BOSTON,2018,167,
BOSTON,2018,166,18.000000
BOSTON,2018,165,18.000000
BOSTON,2018,164,18.000000
BOSTON,2018,163,18.000000
BOSTON,2018,162,18.000000
BOSTON,2018,161,
BOSTON,2018,160,
BOSTON,2018,159,18.000000
BOSTON,2018,158,18.000000
BOSTON,2018,157,18.000000
BOSTON,2018,156,18.000000
BOSTON,2018,155,18.000000
BOSTON,2018,154,
BOSTON,2018,153,
BOSTON,2018,152,19.000000
BOSTON,2018,151,
BOSTON,2018,150,19.000000
BOSTON,2018,149,19.000000
BOSTON,2018,148,
BOSTON,2018,147,
BOSTON,2018,146,
BOSTON,2018,145,19.000000
BOSTON,2018,144,19.000000
BOSTON,2018,143,19.000000
BOSTON,2018,142,19.000000
BOSTON,2018,141,19.000000
BOSTON,2018,140,
BOSTON,2018,139,
BOSTON,2018,138,19.000000
BOSTON,2018,137,21.000000
BOSTON,2018,136,21.000000
BOSTON,2018,135,21.000000
BOSTON,2018,134,21.000000
BOSTON,2018,133,
BOSTON,2018,132,
BOSTON,2018,131,21.000000
BOSTON,2018,130,22.000000
BOSTON,2018,129,22.000000
BOSTON,2018,128,22.000000
BOSTON,2018,127,22.000000
BOSTON,2018,126,
BOSTON,2018,125,
BOSTON,2018,124,22.000000
BOSTON,2018,123,22.000000
BOSTON,2018,122,22.000000
BOSTON,2018,121,22.000000
BOSTON,2018,120,22.000000
BOSTON,2018,119,
BOSTON,2018,118,
BOSTON,2018,117,22.000000
BOSTON,2018,116,22.000000
BOSTON,2018,115,22.000000
BOSTON,2018,114,22.000000
BOSTON,2018,113,22.000000
BOSTON,2018,112,
BOSTON,2018,111,
BOSTON,2018,110,22.000000
BOSTON,2018,109,22.000000
BOSTON,2018,108,22.000000
BOSTON,2018,107,22.000000
BOSTON,2018,106,22.000000
BOSTON,2018,105,
BOSTON,2018,104,
BOSTON,2018,103,22.000000
BOSTON,2018,102,22.000000
BOSTON,2018,101,22.000000
BOSTON,2018,100,22.000000
BOSTON,2018,99,22.000000
BOSTON,2018,98,
BOSTON,2018,97,
BOSTON,2018,96,22.000000
BOSTON,2018,95,26.000000
BOSTON,2018,94,26.000000
BOSTON,2018,93,26.000000
BOSTON,2018,92,26.000000
BOSTON,2018,91,
BOSTON,2018,90,
BOSTON,2018,89,26.000000
BOSTON,2018,88,29.000000
BOSTON,2018,87,29.000000
BOSTON,2018,86,29.000000
BOSTON,2018,85,29.000000
BOSTON,2018,84,
BOSTON,2018,83,
BOSTON,2018,82,29.000000
BOSTON,2018,81,34.000000
BOSTON,2018,80,34.000000
BOSTON,2018,79,34.000000
BOSTON,2018,78,34.000000
BOSTON,2018,77,
BOSTON,2018,76,
BOSTON,2018,75,34.000000
BOSTON,2018,74,34.000000
BOSTON,2018,73,34.000000
BOSTON,2018,72,
BOSTON,2018,71,34.000000
BOSTON,2018,70,
BOSTON,2018,69,
BOSTON,2018,68,34.000000
BOSTON,2018,67,
BOSTON,2018,66,28.000000
BOSTON,2018,65,28.000000
BOSTON,2018,64,28.000000
BOSTON,2018,63,
BOSTON,2018,62,
BOSTON,2018,61,28.000000
BOSTON,2018,60,37.000000
BOSTON,2018,59,37.000000
BOSTON,2018,58,37.000000
BOSTON,2018,57,37.000000
BOSTON,2018,56,
BOSTON,2018,55,
BOSTON,2018,54,37.000000
BOSTON,2018,53,42.000000
BOSTON,2018,52,42.000000
BOSTON,2018,51,42.000000
BOSTON,2018,50,
BOSTON,2018,49,
BOSTON,2018,48,
BOSTON,2018,47,42.000000
BOSTON,2018,46,
BOSTON,2018,45,
BOSTON,2018,44,
BOSTON,2018,43,
BOSTON,2018,42,
BOSTON,2018,41,
BOSTON,2018,40,
BOSTON,2018,39,40.000000
BOSTON,2018,38,40.000000
BOSTON,2018,37,40.000000
BOSTON,2018,36,40.000000
BOSTON,2018,35,
BOSTON,2018,34,
BOSTON,2018,33,40.000000
BOSTON,2018,32,40.000000
BOSTON,2018,31,40.000000
BOSTON,2018,30,40.000000
BOSTON,2018,29,40.000000
BOSTON,2018,28,
BOSTON,2018,27,
BOSTON,2018,26,40.000000
BOSTON,2018,25,45.000000
BOSTON,2018,24,45.000000
BOSTON,2018,23,45.000000
BOSTON,2018,22,45.000000
BOSTON,2018,21,
BOSTON,2018,20,
BOSTON,2018,19,45.000000
BOSTON,2018,18,32.000000
BOSTON,2018,17,32.000000
BOSTON,2018,16,32.000000
BOSTON,2018,15,
BOSTON,2018,14,
BOSTON,2018,13,
BOSTON,2018,12,32.000000
BOSTON,2018,11,25.000000
BOSTON,2018,10,25.000000
BOSTON,2018,9,25.000000
BOSTON,2018,8,25.000000
BOSTON,2018,7,
BOSTON,2018,6,
BOSTON,2018,5,25.000000
BOSTON,2018,4,
BOSTON,2018,3,24.500000
BOSTON,2018,2,24.500000
CHICAGO,2018,366,
CHICAGO,2018,365,
CHICAGO,2018,364,
CHICAGO,2018,363,
CHICAGO,2018,362,
CHICAGO,2018,361,
CHICAGO,2018,360,
CHICAGO,2018,359,
CHICAGO,2018,358,
CHICAGO,2018,357,
CHICAGO,2018,356,
CHICAGO,2018,355,
CHICAGO,2018,354,
CHICAGO,2018,353,
CHICAGO,2018,352,
CHICAGO,2018,351,
CHICAGO,2018,350,
CHICAGO,2018,349,
CHICAGO,2018,348,
CHICAGO,2018,347,
CHICAGO,2018,346,
CHICAGO,2018,345,
CHICAGO,2018,344,
CHICAGO,2018,343,
CHICAGO,2018,342,
CHICAGO,2018,341,
CHICAGO,2018,340,
CHICAGO,2018,339,
CHICAGO,2018,338,
CHICAGO,2018,337,
CHICAGO,2018,336,
CHICAGO,2018,335,
CHICAGO,2018,334,
CHICAGO,2018,333,
CHICAGO,2018,332,
CHICAGO,2018,331,
CHICAGO,2018,330,
CHICAGO,2018,329,
CHICAGO,2018,328,
CHICAGO,2018,327,
CHICAGO,2018,326,
CHICAGO,2018,325,
CHICAGO,2018,324,
CHICAGO,2018,323,
CHICAGO,2018,322,
CHICAGO,2018,321,
CHICAGO,2018,320,
CHICAGO,2018,319,
CHICAGO,2018,318,
CHICAGO,2018,317,
CHICAGO,2018,316,
CHICAGO,2018,315,
CHICAGO,2018,314,
CHICAGO,2018,313,
CHICAGO,2018,312,
CHICAGO,2018,311,
CHICAGO,2018,310,
CHICAGO,2018,309,
CHICAGO,2018,308,
CHICAGO,2018,307,
CHICAGO,2018,306,
CHICAGO,2018,305,
CHICAGO,2018,304,
CHICAGO,2018,303,
CHICAGO,2018,302,
CHICAGO,2018,301,
CHICAGO,2018,300,
CHICAGO,2018,299,
CHICAGO,2018,298,
CHICAGO,2018,297,
CHICAGO,2018,296,
CHICAGO,2018,295,
CHICAGO,2018,294,
CHICAGO,2018,293,
CHICAGO,2018,292,
CHICAGO,2018,291,
CHICAGO,2018,290,
CHICAGO,2018,289,
CHICAGO,2018,288,
CHICAGO,2018,287,
CHICAGO,2018,286,
CHICAGO,2018,285,
CHICAGO,2018,284,
CHICAGO,2018,283,
CHICAGO,2018,282,
CHICAGO,2018,281,
CHICAGO,2018,280,
CHICAGO,2018,279,
CHICAGO,2018,278,
CHICAGO,2018,277,
CHICAGO,2018,276,
CHICAGO,2018,275,
CHICAGO,2018,274,
CHICAGO,2018,273,
CHICAGO,2018,272,
CHICAGO,2018,271,
CHICAGO,2018,270,
CHICAGO,2018,269,
CHICAGO,2018,268,
CHICAGO,2018,267,
CHICAGO,2018,266,
CHICAGO,2018,265,
CHICAGO,2018,264,
CHICAGO,2018,263,
CHICAGO,2018,262,
CHICAGO,2018,261,
CHICAGO,2018,260,
CHICAGO,2018,259,
CHICAGO,2018,258,
CHICAGO,2018,257,
CHICAGO,2018,256,
CHICAGO,2018,255,
CHICAGO,2018,254,
CHICAGO,2018,253,
CHICAGO,2018,252,
CHICAGO,2018,251,
CHICAGO,2018,250,
CHICAGO,2018,249,
CHICAGO,2018,248,
CHICAGO,2018,247,
CHICAGO,2018,246,
CHICAGO,2018,245,
CHICAGO,2018,244,
CHICAGO,2018,243,
CHICAGO,2018,242,
CHICAGO,2018,241,
CHICAGO,2018,240,
CHICAGO,2018,239,
CHICAGO,2018,238,
CHICAGO,2018,237,
CHICAGO,2018,236,
CHICAGO,2018,235,
CHICAGO,2018,234,
CHICAGO,2018,233,
CHICAGO,2018,232,
CHICAGO,2018,231,
CHICAGO,2018,230,
CHICAGO,2018,229,
CHICAGO,2018,228,
CHICAGO,2018,227,
CHICAGO,2018,226,
CHICAGO,2018,225,
CHICAGO,2018,224,
CHICAGO,2018,223,
CHICAGO,2018,222,
CHICAGO,2018,221,
CHICAGO,2018,220,
CHICAGO,2018,219,
CHICAGO,2018,218,
CHICAGO,2018,217,
CHICAGO,2018,216,
CHICAGO,2018,215,
CHICAGO,2018,214,
CHICAGO,2018,213,
CHICAGO,2018,212,
CHICAGO,2018,211,
CHICAGO,2018,210,
CHICAGO,2018,209,
CHICAGO,2018,208,
CHICAGO,2018,207,
CHICAGO,2018,206,
CHICAGO,2018,205,
CHICAGO,2018,204,
CHICAGO,2018,203,
CHICAGO,2018,202,
CHICAGO,2018,201,
CHICAGO,2018,200,
CHICAGO,2018,199,
CHICAGO,2018,198,
CHICAGO,2018,197,
CHICAGO,2018,196,
CHICAGO,2018,195,
CHICAGO,2018,194,
CHICAGO,2018,193,
CHICAGO,2018,192,
CHICAGO,2018,191,
CHICAGO,2018,190,
CHICAGO,2018,189,
CHICAGO,2018,188,
CHICAGO,2018,187,
CHICAGO,2018,186,
CHICAGO,2018,185,
CHICAGO,2018,184,
CHICAGO,2018,183,
CHICAGO,2018,182,
CHICAGO,2018,181,
CHICAGO,2018,180,
CHICAGO,2018,179,
CHICAGO,2018,178,
CHICAGO,2018,177,
CHICAGO,2018,176,
CHICAGO,2018,175,
CHICAGO,2018,174,
CHICAGO,2018,173,
CHICAGO,2018,172,
CHICAGO,2018,171,
CHICAGO,2018,170,
CHICAGO,2018,169,
CHICAGO,2018,168,
CHICAGO,2018,167,
CHICAGO,2018,166,
CHICAGO,2018,165,
CHICAGO,2018,164,
CHICAGO,2018,163,
CHICAGO,2018,162,
CHICAGO,2018,161,
CHICAGO,2018,160,
CHICAGO,2018,159,
CHICAGO,2018,158,
CHICAGO,2018,157,
CHICAGO,2018,156,
CHICAGO,2018,155,
CHICAGO,2018,154,
CHICAGO,2018,153,
CHICAGO,2018,152,
CHICAGO,2018,151,
CHICAGO,2018,150,
CHICAGO,2018,149,
CHICAGO,2018,148,
CHICAGO,2018,147,
CHICAGO,2018,146,
CHICAGO,2018,145,
CHICAGO,2018,144,
CHICAGO,2018,143,
CHICAGO,2018,142,
CHICAGO,2018,141,
CHICAGO,2018,140,
CHICAGO,2018,139,
CHICAGO,2018,138,
CHICAGO,2018,137,
CHICAGO,2018,136,
CHICAGO,2018,135,
CHICAGO,2018,134,
CHICAGO,2018,133,
CHICAGO,2018,132,
CHICAGO,2018,131,
CHICAGO,2018,130,
CHICAGO,2018,129,
CHICAGO,2018,128,
CHICAGO,2018,127,
CHICAGO,2018,126,
CHICAGO,2018,125,
CHICAGO,2018,124,
CHICAGO,2018,123,
CHICAGO,2018,122,
CHICAGO,2018,121,
CHICAGO,2018,120,
CHICAGO,2018,119,
CHICAGO,2018,118,
CHICAGO,2018,117,
CHICAGO,2018,116,
CHICAGO,2018,115,
CHICAGO,2018,114,
CHICAGO,2018,113,
CHICAGO,2018,112,
CHICAGO,2018,111,
CHICAGO,2018,110,
CHICAGO,2018,109,
CHICAGO,2018,108,
CHICAGO,2018,107,
CHICAGO,2018,106,
CHICAGO,2018,105,
CHICAGO,2018,104,
CHICAGO,2018,103,
CHICAGO,2018,102,
CHICAGO,2018,101,
CHICAGO,2018,100,
CHICAGO,2018,99,
CHICAGO,2018,98,
CHICAGO,2018,97,
CHICAGO,2018,96,
CHICAGO,2018,95,
CHICAGO,2018,94,
CHICAGO,2018,93,
CHICAGO,2018,92,
CHICAGO,2018,91,
CHICAGO,2018,90,
CHICAGO,2018,89,
CHICAGO,2018,88,
CHICAGO,2018,87,
CHICAGO,2018,86,
CHICAGO,2018,85,
CHICAGO,2018,84,
CHICAGO,2018,83,
CHICAGO,2018,82,
CHICAGO,2018,81,
CHICAGO,2018,80,
CHICAGO,2018,79,
CHICAGO,2018,78,
CHICAGO,2018,77,
CHICAGO,2018,76,
CHICAGO,2018,75,
CHICAGO,2018,74,
CHICAGO,2018,73,
CHICAGO,2018,72,
CHICAGO,2018,71,
CHICAGO,2018,70,
CHICAGO,2018,69,
CHICAGO,2018,68,
CHICAGO,2018,67,
CHICAGO,2018,66,
CHICAGO,2018,65,
CHICAGO,2018,64,
CHICAGO,2018,63,
CHICAGO,2018,62,
CHICAGO,2018,61,
CHICAGO,2018,60,
CHICAGO,2018,59,
CHICAGO,2018,58,
CHICAGO,2018,57,
CHICAGO,2018,56,
CHICAGO,2018,55,
CHICAGO,2018,54,
CHICAGO,2018,53,
CHICAGO,2018,52,
CHICAGO,2018,51,
CHICAGO,2018,50,
CHICAGO,2018,49,
CHICAGO,2018,48,
CHICAGO,2018,47,
CHICAGO,2018,46,
CHICAGO,2018,45,
CHICAGO,2018,44,
CHICAGO,2018,43,
CHICAGO,2018,42,
CHICAGO,2018,41,
CHICAGO,2018,40,
CHICAGO,2018,39,
CHICAGO,2018,38,
CHICAGO,2018,37,
CHICAGO,2018,36,
CHICAGO,2018,35,
CHICAGO,2018,34,
CHICAGO,2018,33,
CHICAGO,2018,32,
CHICAGO,2018,31,
CHICAGO,2018,30,
CHICAGO,2018,29,
CHICAGO,2018,28,
CHICAGO,2018,27,
CHICAGO,2018,26,
CHICAGO,2018,25,
CHICAGO,2018,24,
CHICAGO,2018,23,
CHICAGO,2018,22,
CHICAGO,2018,21,
CHICAGO,2018,20,
CHICAGO,2018,19,
CHICAGO,2018,18,
CHICAGO,2018,17,
CHICAGO,2018,16,
CHICAGO,2018,15,
CHICAGO,2018,14,
CHICAGO,2018,13,
CHICAGO,2018,12,25.000000
CHICAGO,2018,11,25.000000
CHICAGO,2018,10,25.000000
CHICAGO,2018,9,25.000000
CHICAGO,2018,8,23.000000
CHICAGO,2018,7,
CHICAGO,2018,6,
CHICAGO,2018,5,23.000000
CHICAGO,2018,4,23.000000
CHICAGO,2018,3,23.000000
CHICAGO,2018,2,23.000000
COLUMBIA,2018,366,
COLUMBIA,2018,365,
COLUMBIA,2018,364,
COLUMBIA,2018,363,
COLUMBIA,2018,362,
COLUMBIA,2018,361,
COLUMBIA,2018,360,
COLUMBIA,2018,359,
COLUMBIA,2018,358,
COLUMBIA,2018,357,
COLUMBIA,2018,356,
COLUMBIA,2018,355,
COLUMBIA,2018,354,
COLUMBIA,2018,353,
COLUMBIA,2018,352,
COLUMBIA,2018,351,
COLUMBIA,2018,350,
COLUMBIA,2018,349,
COLUMBIA,2018,348,
COLUMBIA,2018,347,
COLUMBIA,2018,346,
COLUMBIA,2018,345,
COLUMBIA,2018,344,
COLUMBIA,2018,343,
COLUMBIA,2018,342,
COLUMBIA,2018,341,
COLUMBIA,2018,340,
COLUMBIA,2018,339,
COLUMBIA,2018,338,
COLUMBIA,2018,337,
COLUMBIA,2018,336,
COLUMBIA,2018,335,
COLUMBIA,2018,334,
COLUMBIA,2018,333,
COLUMBIA,2018,332,
COLUMBIA,2018,331,
COLUMBIA,2018,330,
COLUMBIA,2018,329,
COLUMBIA,2018,328,
COLUMBIA,2018,327,
COLUMBIA,2018,326,
COLUMBIA,2018,325,15.000000
COLUMBIA,2018,324,15.000000
COLUMBIA,2018,323,15.000000
COLUMBIA,2018,322,
COLUMBIA,2018,321,
COLUMBIA,2018,320,15.000000
COLUMBIA,2018,319,15.000000
COLUMBIA,2018,318,15.000000
COLUMBIA,2018,317,15.000000
COLUMBIA,2018,316,
COLUMBIA,2018,315,
COLUMBIA,2018,314,
COLUMBIA,2018,313,15.000000
COLUMBIA,2018,312,15.000000
COLUMBIA,2018,311,15.000000
COLUMBIA,2018,310,15.000000
COLUMBIA,2018,309,
COLUMBIA,2018,308,
COLUMBIA,2018,307,
COLUMBIA,2018,306,
COLUMBIA,2018,305,
COLUMBIA,2018,304,
COLUMBIA,2018,303,
COLUMBIA,2018,302,
COLUMBIA,2018,301,
COLUMBIA,2018,300,
COLUMBIA,2018,299,
COLUMBIA,2018,298,
COLUMBIA,2018,297,
COLUMBIA,2018,296,
COLUMBIA,2018,295,
COLUMBIA,2018,294,
COLUMBIA,2018,293,
COLUMBIA,2018,292,
COLUMBIA,2018,291,
COLUMBIA,2018,290,
COLUMBIA,2018,289,
COLUMBIA,2018,288,
COLUMBIA,2018,287,
COLUMBIA,2018,286,
COLUMBIA,2018,285,
COLUMBIA,2018,284,
COLUMBIA,2018,283,
COLUMBIA,2018,282,
COLUMBIA,2018,281,
COLUMBIA,2018,280,
COLUMBIA,2018,279,
COLUMBIA,2018,278,
COLUMBIA,2018,277,
COLUMBIA,2018,276,
COLUMBIA,2018,275,
COLUMBIA,2018,274,
COLUMBIA,2018,273,
COLUMBIA,2018,272,
COLUMBIA,2018,271,
COLUMBIA,2018,270,
COLUMBIA,2018,269,
COLUMBIA,2018,268,
COLUMBIA,2018,267,
COLUMBIA,2018,266,
COLUMBIA,2018,265,
COLUMBIA,2018,264,
COLUMBIA,2018,263,
COLUMBIA,2018,262,
COLUMBIA,2018,261,
COLUMBIA,2018,260,
COLUMBIA,2018,259,
COLUMBIA,2018,258,
COLUMBIA,2018,257,
COLUMBIA,2018,256,
COLUMBIA,2018,255,
COLUMBIA,2018,254,
COLUMBIA,2018,253,14.000000
COLUMBIA,2018,252,
COLUMBIA,2018,251,
COLUMBIA,2018,250,14.000000
COLUMBIA,2018,249,14.000000
COLUMBIA,2018,248,14.000000
COLUMBIA,2018,247,14.000000
COLUMBIA,2018,246,
COLUMBIA,2018,245,
COLUMBIA,2018,244,
COLUMBIA,2018,243,14.000000
COLUMBIA,2018,242,14.000000
COLUMBIA,2018,241,14.000000
COLUMBIA,2018,240,14.000000
COLUMBIA,2018,239,14.000000
COLUMBIA,2018,238,
COLUMBIA,2018,237,
COLUMBIA,2018,236,14.000000
COLUMBIA,2018,235,14.000000
COLUMBIA,2018,234,14.000000
COLUMBIA,2018,233,14.000000
COLUMBIA,2018,232,14.000000
COLUMBIA,2018,231,
COLUMBIA,2018,230,
COLUMBIA,2018,229,14.000000
COLUMBIA,2018,228,14.000000
COLUMBIA,2018,227,14.000000
COLUMBIA,2018,226,14.000000
COLUMBIA,2018,225,14.000000
COLUMBIA,2018,224,
COLUMBIA,2018,223,
COLUMBIA,2018,222,14.000000
COLUMBIA,2018,221,14.000000
COLUMBIA,2018,220,14.000000
COLUMBIA,2018,219,14.000000
COLUMBIA,2018,218,14.000000
COLUMBIA,2018,217,
COLUMBIA,2018,216,
COLUMBIA,2018,215,14.000000
COLUMBIA,2018,214,14.000000
COLUMBIA,2018,213,14.000000
COLUMBIA,2018,212,14.000000
COLUMBIA,2018,211,14.000000
COLUMBIA,2018,210,
COLUMBIA,2018,209,
COLUMBIA,2018,208,14.000000
COLUMBIA,2018,207,14.000000
COLUMBIA,2018,206,14.000000
COLUMBIA,2018,205,14.000000
COLUMBIA,2018,204,14.000000
COLUMBIA,2018,203,
COLUMBIA,2018,202,
COLUMBIA,2018,201,14.000000
COLUMBIA,2018,200,14.000000
COLUMBIA,2018,199,14.000000
COLUMBIA,2018,198,14.000000
COLUMBIA,2018,197,14.000000
COLUMBIA,2018,196,
COLUMBIA,2018,195,
COLUMBIA,2018,194,12.000000
COLUMBIA,2018,193,12.000000
COLUMBIA,2018,192,12.000000
COLUMBIA,2018,191,12.000000
COLUMBIA,2018,190,
COLUMBIA,2018,189,
COLUMBIA,2018,188,
COLUMBIA,2018,187,
COLUMBIA,2018,186,
COLUMBIA,2018,185,
COLUMBIA,2018,184,
COLUMBIA,2018,183,
COLUMBIA,2018,182,
COLUMBIA,2018,181,
COLUMBIA,2018,180,
COLUMBIA,2018,179,
COLUMBIA,2018,178,
COLUMBIA,2018,177,
COLUMBIA,2018,176,
COLUMBIA,2018,175,
COLUMBIA,2018,174,
COLUMBIA,2018,173,
COLUMBIA,2018,172,
COLUMBIA,2018,171,
COLUMBIA,2018,170,
COLUMBIA,2018,169,
COLUMBIA,2018,168,
COLUMBIA,2018,167,
COLUMBIA,2018,166,
COLUMBIA,2018,165,
COLUMBIA,2018,164,
COLUMBIA,2018,163,
COLUMBIA,2018,162,
COLUMBIA,2018,161,
COLUMBIA,2018,160,
COLUMBIA,2018,159,
COLUMBIA,2018,158,
COLUMBIA,2018,157,
COLUMBIA,2018,156,
COLUMBIA,2018,155,
COLUMBIA,2018,154,
COLUMBIA,2018,153,
COLUMBIA,2018,152,
COLUMBIA,2018,151,
COLUMBIA,2018,150,
COLUMBIA,2018,149,
COLUMBIA,2018,148,
COLUMBIA,2018,147,
COLUMBIA,2018,146,
COLUMBIA,2018,145,
COLUMBIA,2018,144,
COLUMBIA,2018,143,
COLUMBIA,2018,142,
COLUMBIA,2018,141,
COLUMBIA,2018,140,
COLUMBIA,2018,139,
COLUMBIA,2018,138,
COLUMBIA,2018,137,
COLUMBIA,2018,136,
COLUMBIA,2018,135,
COLUMBIA,2018,134,
COLUMBIA,2018,133,
COLUMBIA,2018,132,
COLUMBIA,2018,131,
COLUMBIA,2018,130,
COLUMBIA,2018,129,
COLUMBIA,2018,128,
COLUMBIA,2018,127,
COLUMBIA,2018,126,
COLUMBIA,2018,125,
COLUMBIA,2018,124,
COLUMBIA,2018,123,
COLUMBIA,2018,122,
COLUMBIA,2018,121,
COLUMBIA,2018,120,
COLUMBIA,2018,119,
COLUMBIA,2018,118,
COLUMBIA,2018,117,
COLUMBIA,2018,116,
COLUMBIA,2018,115,
COLUMBIA,2018,114,
COLUMBIA,2018,113,
COLUMBIA,2018,112,
COLUMBIA,2018,111,
COLUMBIA,2018,110,
COLUMBIA,2018,109,
COLUMBIA,2018,108,
COLUMBIA,2018,107,
COLUMBIA,2018,106,
COLUMBIA,2018,105,
COLUMBIA,2018,104,
COLUMBIA,2018,103,
COLUMBIA,2018,102,
COLUMBIA,2018,101,
COLUMBIA,2018,100,
COLUMBIA,2018,99,
COLUMBIA,2018,98,
COLUMBIA,2018,97,
COLUMBIA,2018,96,
COLUMBIA,2018,95,
COLUMBIA,2018,94,
COLUMBIA,2018,93,
COLUMBIA,2018,92,
COLUMBIA,2018,91,
COLUMBIA,2018,90,
COLUMBIA,2018,89,
COLUMBIA,2018,88,
COLUMBIA,2018,87,
COLUMBIA,2018,86,
COLUMBIA,2018,85,
COLUMBIA,2018,84,
COLUMBIA,2018,83,
COLUMBIA,2018,82,
COLUMBIA,2018,81,
COLUMBIA,2018,80,
COLUMBIA,2018,79,
COLUMBIA,2018,78,
COLUMBIA,2018,77,
COLUMBIA,2018,76,
COLUMBIA,2018,75,
COLUMBIA,2018,74,
COLUMBIA,2018,73,
COLUMBIA,2018,72,
COLUMBIA,2018,71,
COLUMBIA,2018,70,
COLUMBIA,2018,69,
COLUMBIA,2018,68,
COLUMBIA,2018,67,
COLUMBIA,2018,66,
COLUMBIA,2018,65,
COLUMBIA,2018,64,
COLUMBIA,2018,63,
COLUMBIA,2018,62,
COLUMBIA,2018,61,
COLUMBIA,2018,60,
COLUMBIA,2018,59,
COLUMBIA,2018,58,
COLUMBIA,2018,57,
COLUMBIA,2018,56,
COLUMBIA,2018,55,
COLUMBIA,2018,54,
COLUMBIA,2018,53,
COLUMBIA,2018,52,
COLUMBIA,2018,51,
COLUMBIA,2018,50,
COLUMBIA,2018,49,
COLUMBIA,2018,48,
COLUMBIA,2018,47,
COLUMBIA,2018,46,
COLUMBIA,2018,45,
COLUMBIA,2018,44,
COLUMBIA,2018,43,
COLUMBIA,2018,42,
COLUMBIA,2018,41,
COLUMBIA,2018,40,
COLUMBIA,2018,39,
COLUMBIA,2018,38,
COLUMBIA,2018,37,
COLUMBIA,2018,36,
COLUMBIA,2018,35,
COLUMBIA,2018,34,
COLUMBIA,2018,33,
COLUMBIA,2018,32,
COLUMBIA,2018,31,
COLUMBIA,2018,30,
COLUMBIA,2018,29,
COLUMBIA,2018,28,
COLUMBIA,2018,27,
COLUMBIA,2018,26,
COLUMBIA,2018,25,
COLUMBIA,2018,24,
COLUMBIA,2018,23,
COLUMBIA,2018,22,
COLUMBIA,2018,21,
COLUMBIA,2018,20,
COLUMBIA,2018,19,
COLUMBIA,2018,18,
COLUMBIA,2018,17,
COLUMBIA,2018,16,
COLUMBIA,2018,15,
COLUMBIA,2018,14,
COLUMBIA,2018,13,
COLUMBIA,2018,12,
COLUMBIA,2018,11,
COLUMBIA,2018,10,
COLUMBIA,2018,9,
COLUMBIA,2018,8,
COLUMBIA,2018,7,
COLUMBIA,2018,6,
COLUMBIA,2018,5,
COLUMBIA,2018,4,
COLUMBIA,2018,3,
COLUMBIA,2018,2,
MIAMI,2018,366,
MIAMI,2018,365,
MIAMI,2018,364,
MIAMI,2018,363,
MIAMI,2018,362,
MIAMI,2018,361,
MIAMI,2018,360,
MIAMI,2018,359,
MIAMI,2018,358,
MIAMI,2018,357,
MIAMI,2018,356,
MIAMI,2018,355,
MIAMI,2018,354,
MIAMI,2018,353,
MIAMI,2018,352,
MIAMI,2018,351,
MIAMI,2018,350,
MIAMI,2018,349,
MIAMI,2018,348,
MIAMI,2018,347,
MIAMI,2018,346,
MIAMI,2018,345,
MIAMI,2018,344,
MIAMI,2018,343,
MIAMI,2018,342,
MIAMI,2018,341,27.000000
MIAMI,2018,340,27.000000
MIAMI,2018,339,27.000000
MIAMI,2018,338,27.000000
MIAMI,2018,337,27.000000
MIAMI,2018,336,
MIAMI,2018,335,
MIAMI,2018,334,27.000000
MIAMI,2018,333,27.000000
MIAMI,2018,332,27.000000
MIAMI,2018,331,27.000000
MIAMI,2018,330,27.000000
MIAMI,2018,329,
MIAMI,2018,328,
MIAMI,2018,327,27.000000
MIAMI,2018,326,
MIAMI,2018,325,27.000000
MIAMI,2018,324,27.000000
MIAMI,2018,323,27.000000
MIAMI,2018,322,
MIAMI,2018,321,
MIAMI,2018,320,27.000000
MIAMI,2018,319,27.000000
MIAMI,2018,318,27.000000
MIAMI,2018,317,27.000000
MIAMI,2018,316,
MIAMI,2018,315,
MIAMI,2018,314,
MIAMI,2018,313,27.000000
MIAMI,2018,312,27.000000
MIAMI,2018,311,27.000000
MIAMI,2018,310,27.000000
MIAMI,2018,309,27.000000
MIAMI,2018,308,
MIAMI,2018,307,
MIAMI,2018,306,27.000000
MIAMI,2018,305,27.000000
MIAMI,2018,304,27.000000
MIAMI,2018,303,27.000000
MIAMI,2018,302,27.000000
MIAMI,2018,301,
MIAMI,2018,300,
MIAMI,2018,299,27.000000
MIAMI,2018,298,27.000000
MIAMI,2018,297,27.000000
MIAMI,2018,296,27.000000
MIAMI,2018,295,27.000000
MIAMI,2018,294,
MIAMI,2018,293,
MIAMI,2018,292,27.000000
MIAMI,2018,291,27.000000
MIAMI,2018,290,27.000000
MIAMI,2018,289,27.000000
MIAMI,2018,288,27.000000
MIAMI,2018,287,
MIAMI,2018,286,
MIAMI,2018,285,25.000000
MIAMI,2018,284,25.000000
MIAMI,2018,283,25.000000
MIAMI,2018,282,23.000000
MIAMI,2018,281,
MIAMI,2018,280,
MIAMI,2018,279,
MIAMI,2018,278,23.000000
MIAMI,2018,277,23.000000
MIAMI,2018,276,23.000000
MIAMI,2018,275,23.000000
MIAMI,2018,274,23.000000
MIAMI,2018,273,
MIAMI,2018,272,
MIAMI,2018,271,23.000000
MIAMI,2018,270,23.000000
MIAMI,2018,269,21.750000
MIAMI,2018,268,21.750000
MIAMI,2018,267,21.750000
MIAMI,2018,266,
MIAMI,2018,265,
MIAMI,2018,264,21.750000
MIAMI,2018,263,21.750000
MIAMI,2018,262,21.750000
MIAMI,2018,261,21.750000
MIAMI,2018,260,21.750000
MIAMI,2018,259,
MIAMI,2018,258,
MIAMI,2018,257,21.750000
MIAMI,2018,256,21.750000
MIAMI,2018,255,21.750000
MIAMI,2018,254,21.750000
MIAMI,2018,253,21.750000
MIAMI,2018,252,
MIAMI,2018,251,
MIAMI,2018,250,21.750000
MIAMI,2018,249,21.750000
MIAMI,2018,248,21.750000
MIAMI,2018,247,21.750000
MIAMI,2018,246,
MIAMI,2018,245,
MIAMI,2018,244,
MIAMI,2018,243,21.750000
MIAMI,2018,242,21.750000
MIAMI,2018,241,21.750000
MIAMI,2018,240,21.750000
MIAMI,2018,239,21.750000
MIAMI,2018,238,
MIAMI,2018,237,
MIAMI,2018,236,22.250000
MIAMI,2018,235,22.250000
MIAMI,2018,234,22.250000
MIAMI,2018,233,22.250000
MIAMI,2018,232,22.250000
MIAMI,2018,231,
MIAMI,2018,230,
MIAMI,2018,229,22.250000
MIAMI,2018,228,22.250000
MIAMI,2018,227,22.250000
MIAMI,2018,226,22.250000
MIAMI,2018,225,22.250000
MIAMI,2018,224,
MIAMI,2018,223,
MIAMI,2018,222,22.250000
MIAMI,2018,221,22.250000
MIAMI,2018,220,22.250000
MIAMI,2018,219,22.250000
MIAMI,2018,218,22.250000
MIAMI,2018,217,
MIAMI,2018,216,
MIAMI,2018,215,22.250000
MIAMI,2018,214,22.250000
MIAMI,2018,213,22.250000
MIAMI,2018,212,22.250000
MIAMI,2018,211,22.250000
MIAMI,2018,210,
MIAMI,2018,209,
MIAMI,2018,208,22.250000
MIAMI,2018,207,22.250000
MIAMI,2018,206,22.250000
MIAMI,2018,205,22.250000
MIAMI,2018,204,24.000000
MIAMI,2018,203,
MIAMI,2018,202,
MIAMI,2018,201,24.000000
MIAMI,2018,200,24.000000
MIAMI,2018,199,24.000000
MIAMI,2018,198,24.000000
MIAMI,2018,197,
MIAMI,2018,196,
MIAMI,2018,195,
MIAMI,2018,194,
MIAMI,2018,193,
MIAMI,2018,192,14.500000
MIAMI,2018,191,14.500000
MIAMI,2018,190,14.500000
MIAMI,2018,189,
MIAMI,2018,188,
MIAMI,2018,187,14.500000
MIAMI,2018,186,14.500000
MIAMI,2018,185,
MIAMI,2018,184,14.500000
MIAMI,2018,183,14.500000
MIAMI,2018,182,
MIAMI,2018,181,
MIAMI,2018,180,14.500000
MIAMI,2018,179,14.500000
MIAMI,2018,178,14.500000
MIAMI,2018,177,14.500000
MIAMI,2018,176,14.500000
MIAMI,2018,175,
MIAMI,2018,174,
MIAMI,2018,173,14.500000
MIAMI,2018,172,14.500000
MIAMI,2018,171,14.500000
MIAMI,2018,170,14.500000
MIAMI,2018,169,14.500000
MIAMI,2018,168,
MIAMI,2018,167,
MIAMI,2018,166,14.500000
MIAMI,2018,165,14.500000
MIAMI,2018,164,14.500000
MIAMI,2018,163,14.500000
MIAMI,2018,162,14.500000
MIAMI,2018,161,
MIAMI,2018,160,
MIAMI,2018,159,14.500000
MIAMI,2018,158,14.500000
MIAMI,2018,157,14.500000
MIAMI,2018,156,14.500000
MIAMI,2018,155,14.500000
MIAMI,2018,154,
MIAMI,2018,153,
MIAMI,2018,152,14.500000
MIAMI,2018,151,14.500000
MIAMI,2018,150,14.500000
MIAMI,2018,149,14.500000
MIAMI,2018,148,
MIAMI,2018,147,
MIAMI,2018,146,
MIAMI,2018,145,14.500000
MIAMI,2018,144,23.000000
MIAMI,2018,143,23.000000
MIAMI,2018,142,23.000000
MIAMI,2018,141,23.000000
MIAMI,2018,140,
MIAMI,2018,139,
MIAMI,2018,138,23.000000
MIAMI,2018,137,23.000000
MIAMI,2018,136,23.000000
MIAMI,2018,135,23.000000
MIAMI,2018,134,23.000000
MIAMI,2018,133,
MIAMI,2018,132,
MIAMI,2018,131,23.000000
MIAMI,2018,130,23.000000
MIAMI,2018,129,23.000000
MIAMI,2018,128,23.000000
MIAMI,2018,127,23.000000
MIAMI,2018,126,
MIAMI,2018,125,
MIAMI,2018,124,23.000000
MIAMI,2018,123,23.000000
MIAMI,2018,122,23.000000
MIAMI,2018,121,23.000000
MIAMI,2018,120,23.000000
MIAMI,2018,119,
MIAMI,2018,118,
MIAMI,2018,117,23.000000
MIAMI,2018,116,23.000000
MIAMI,2018,115,23.000000
MIAMI,2018,114,23.000000
MIAMI,2018,113,23.000000
MIAMI,2018,112,
MIAMI,2018,111,
MIAMI,2018,110,23.000000
MIAMI,2018,109,23.000000
MIAMI,2018,108,23.000000
MIAMI,2018,107,23.000000
MIAMI,2018,106,23.000000
MIAMI,2018,105,
MIAMI,2018,104,
MIAMI,2018,103,23.000000
MIAMI,2018,102,23.000000
MIAMI,2018,101,23.000000
MIAMI,2018,100,23.000000
MIAMI,2018,99,23.000000
MIAMI,2018,98,
MIAMI,2018,97,
MIAMI,2018,96,23.000000
MIAMI,2018,95,23.000000
MIAMI,2018,94,23.000000
MIAMI,2018,93,23.000000
MIAMI,2018,92,23.000000
MIAMI,2018,91,
MIAMI,2018,90,
MIAMI,2018,89,23.000000
MIAMI,2018,88,23.000000
MIAMI,2018,87,23.000000
MIAMI,2018,86,23.000000
MIAMI,2018,85,23.000000
MIAMI,2018,84,
MIAMI,2018,83,
MIAMI,2018,82,23.000000
MIAMI,2018,81,23.000000
MIAMI,2018,80,23.000000
MIAMI,2018,79,23.000000
MIAMI,2018,78,23.000000
MIAMI,2018,77,
MIAMI,2018,76,
MIAMI,2018,75,23.000000
MIAMI,2018,74,23.000000
MIAMI,2018,73,23.000000
MIAMI,2018,72,23.000000
MIAMI,2018,71,23.000000
MIAMI,2018,70,
MIAMI,2018,69,
MIAMI,2018,68,
MIAMI,2018,67,
MIAMI,2018,66,23.000000
MIAMI,2018,65,23.000000
MIAMI,2018,64,23.000000
MIAMI,2018,63,
MIAMI,2018,62,
MIAMI,2018,61,23.000000
MIAMI,2018,60,23.000000
MIAMI,2018,59,23.000000
MIAMI,2018,58,23.000000
MIAMI,2018,57,23.000000
MIAMI,2018,56,
MIAMI,2018,55,
MIAMI,2018,54,23.000000
MIAMI,2018,53,23.000000
MIAMI,2018,52,23.000000
MIAMI,2018,51,23.000000
MIAMI,2018,50,
MIAMI,2018,49,
MIAMI,2018,48,
MIAMI,2018,47,23.000000
MIAMI,2018,46,23.000000
MIAMI,2018,45,23.000000
MIAMI,2018,44,23.000000
MIAMI,2018,43,23.000000
MIAMI,2018,42,
MIAMI,2018,41,
MIAMI,2018,40,23.000000
MIAMI,2018,39,23.000000
MIAMI,2018,38,23.000000
MIAMI,2018,37,23.000000
MIAMI,2018,36,23.000000
MIAMI,2018,35,
MIAMI,2018,34,
MIAMI,2018,33,23.000000
MIAMI,2018,32,23.000000
MIAMI,2018,31,23.000000
MIAMI,2018,30,23.000000
MIAMI,2018,29,23.000000
MIAMI,2018,28,
MIAMI,2018,27,
MIAMI,2018,26,23.000000
MIAMI,2018,25,23.000000
MIAMI,2018,24,23.000000
MIAMI,2018,23,23.000000
MIAMI,2018,22,23.000000
MIAMI,2018,21,
MIAMI,2018,20,
MIAMI,2018,19,23.000000
MIAMI,2018,18,23.000000
MIAMI,2018,17,23.000000
MIAMI,2018,16,23.000000
MIAMI,2018,15,
MIAMI,2018,14,
MIAMI,2018,13,
MIAMI,2018,12,23.000000
MIAMI,2018,11,23.000000
MIAMI,2018,10,23.000000
MIAMI,2018,9,23.000000
MIAMI,2018,8,23.000000
MIAMI,2018,7,
MIAMI,2018,6,
MIAMI,2018,5,23.000000
MIAMI,2018,4,23.000000
MIAMI,2018,3,23.000000
MIAMI,2018,2,23.000000
NEW YORK,2018,366,
NEW YORK,2018,365,24.000000
NEW YORK,2018,364,
NEW YORK,2018,363,
NEW YORK,2018,362,24.500000
NEW YORK,2018,361,24.500000
NEW YORK,2018,360,
NEW YORK,2018,359,
NEW YORK,2018,358,
NEW YORK,2018,357,
NEW YORK,2018,356,
NEW YORK,2018,355,22.000000
NEW YORK,2018,354,18.000000
NEW YORK,2018,353,18.000000
NEW YORK,2018,352,18.000000
NEW YORK,2018,351,18.000000
NEW YORK,2018,350,
NEW YORK,2018,349,
NEW YORK,2018,348,14.000000
NEW YORK,2018,347,17.000000
NEW YORK,2018,346,17.000000
NEW YORK,2018,345,17.000000
NEW YORK,2018,344,17.000000
NEW YORK,2018,343,
NEW YORK,2018,342,
NEW YORK,2018,341,13.250000
NEW YORK,2018,340,13.250000
NEW YORK,2018,339,13.250000
NEW YORK,2018,338,13.250000
NEW YORK,2018,337,13.250000
NEW YORK,2018,336,
NEW YORK,2018,335,
NEW YORK,2018,334,15.000000
NEW YORK,2018,333,15.000000
NEW YORK,2018,332,14.750000
NEW YORK,2018,331,17.250000
NEW YORK,2018,330,17.250000
NEW YORK,2018,329,
NEW YORK,2018,328,
NEW YORK,2018,327,
NEW YORK,2018,326,
NEW YORK,2018,325,17.500000
NEW YORK,2018,324,17.500000
NEW YORK,2018,323,17.500000
NEW YORK,2018,322,
NEW YORK,2018,321,
NEW YORK,2018,320,18.666666
NEW YORK,2018,319,18.666666
NEW YORK,2018,318,18.666666
NEW YORK,2018,317,18.666666
NEW YORK,2018,316,
NEW YORK,2018,315,
NEW YORK,2018,314,
NEW YORK,2018,313,18.750000
NEW YORK,2018,312,18.750000
NEW YORK,2018,311,18.750000
NEW YORK,2018,310,18.750000
NEW YORK,2018,309,18.750000
NEW YORK,2018,308,
NEW YORK,2018,307,
NEW YORK,2018,306,14.500000
NEW YORK,2018,305,14.500000
NEW YORK,2018,304,17.250000
NEW YORK,2018,303,17.250000
NEW YORK,2018,302,17.250000
NEW YORK,2018,301,
NEW YORK,2018,300,
NEW YORK,2018,299,19.166666
NEW YORK,2018,298,18.625000
NEW YORK,2018,297,18.625000
NEW YORK,2018,296,18.625000
NEW YORK,2018,295,18.625000
NEW YORK,2018,294,
NEW YORK,2018,293,
NEW YORK,2018,292,18.000000
NEW YORK,2018,291,18.000000
NEW YORK,2018,290,18.000000
NEW YORK,2018,289,18.125000
NEW YORK,2018,288,16.700000
NEW YORK,2018,287,
NEW YORK,2018,286,
NEW YORK,2018,285,16.800000
NEW YORK,2018,284,14.400000
NEW YORK,2018,283,16.000000
NEW YORK,2018,282,18.250000
NEW YORK,2018,281,
NEW YORK,2018,280,
NEW YORK,2018,279,
NEW YORK,2018,278,12.750000
NEW YORK,2018,277,12.750000
NEW YORK,2018,276,16.125000
NEW YORK,2018,275,16.125000
NEW YORK,2018,274,18.000000
NEW YORK,2018,273,
NEW YORK,2018,272,
NEW YORK,2018,271,12.125000
NEW YORK,2018,270,12.125000
NEW YORK,2018,269,12.833333
NEW YORK,2018,268,12.833333
NEW YORK,2018,267,12.833333
NEW YORK,2018,266,
NEW YORK,2018,265,
NEW YORK,2018,264,12.833333
NEW YORK,2018,263,12.833333
NEW YORK,2018,262,12.833333
NEW YORK,2018,261,12.833333
NEW YORK,2018,260,12.833333
NEW YORK,2018,259,
NEW YORK,2018,258,
NEW YORK,2018,257,12.250000
NEW YORK,2018,256,15.166666
NEW YORK,2018,255,15.166666
NEW YORK,2018,254,15.166666
NEW YORK,2018,253,15.166666
NEW YORK,2018,252,
NEW YORK,2018,251,
NEW YORK,2018,250,15.625000
NEW YORK,2018,249,15.375000
NEW YORK,2018,248,17.166666
NEW YORK,2018,247,10.000000
NEW YORK,2018,246,
NEW YORK,2018,245,
NEW YORK,2018,244,
NEW YORK,2018,243,10.000000
NEW YORK,2018,242,10.000000
NEW YORK,2018,241,10.000000
NEW YORK,2018,240,10.000000
NEW YORK,2018,239,
NEW YORK,2018,238,
NEW YORK,2018,237,
NEW YORK,2018,236,11.833333
NEW YORK,2018,235,13.000000
NEW YORK,2018,234,13.000000
NEW YORK,2018,233,13.000000
NEW YORK,2018,232,13.000000
NEW YORK,2018,231,
NEW YORK,2018,230,
NEW YORK,2018,229,12.000000
NEW YORK,2018,228,12.000000
NEW YORK,2018,227,12.000000
NEW YORK,2018,226,12.000000
NEW YORK,2018,225,12.000000
NEW YORK,2018,224,
NEW YORK,2018,223,
NEW YORK,2018,222,12.333333
NEW YORK,2018,221,12.333333
NEW YORK,2018,220,12.333333
NEW YORK,2018,219,12.333333
NEW YORK,2018,218,13.500000
NEW YORK,2018,217,
NEW YORK,2018,216,
NEW YORK,2018,215,9.750000
NEW YORK,2018,214,9.750000
NEW YORK,2018,213,14.000000
NEW YORK,2018,212,14.000000
NEW YORK,2018,211,14.000000
NEW YORK,2018,210,
NEW YORK,2018,209,
NEW YORK,2018,208,15.500000
NEW YORK,2018,207,15.500000
NEW YORK,2018,206,15.500000
NEW YORK,2018,205,15.500000
NEW YORK,2018,204,15.500000
NEW YORK,2018,203,
NEW YORK,2018,202,
NEW YORK,2018,201,
NEW YORK,2018,200,
NEW YORK,2018,199,
NEW YORK,2018,198,
NEW YORK,2018,197,
NEW YORK,2018,196,
NEW YORK,2018,195,
NEW YORK,2018,194,
NEW YORK,2018,193,22.000000
NEW YORK,2018,192,22.000000
NEW YORK,2018,191,18.750000
NEW YORK,2018,190,18.750000
NEW YORK,2018,189,
NEW YORK,2018,188,
NEW YORK,2018,187,15.875000
NEW YORK,2018,186,17.166666
NEW YORK,2018,185,
NEW YORK,2018,184,18.833333
NEW YORK,2018,183,
NEW YORK,2018,182,
NEW YORK,2018,181,
NEW YORK,2018,180,
NEW YORK,2018,179,
NEW YORK,2018,178,
NEW YORK,2018,177,
NEW YORK,2018,176,
NEW YORK,2018,175,
NEW YORK,2018,174,
NEW YORK,2018,173,
NEW YORK,2018,172,
NEW YORK,2018,171,
NEW YORK,2018,170,
NEW YORK,2018,169,
NEW YORK,2018,168,
NEW YORK,2018,167,
NEW YORK,2018,166,
NEW YORK,2018,165,
NEW YORK,2018,164,
NEW YORK,2018,163,14.000000
NEW YORK,2018,162,14.000000
NEW YORK,2018,161,
NEW YORK,2018,160,
NEW YORK,2018,159,11.125000
NEW YORK,2018,158,11.625000
NEW YORK,2018,157,11.750000
NEW YORK,2018,156,11.875000
NEW YORK,2018,155,14.333333
NEW YORK,2018,154,
NEW YORK,2018,153,
NEW YORK,2018,152,14.625000
NEW YORK,2018,151,14.625000
NEW YORK,2018,150,14.625000
NEW YORK,2018,149,14.625000
NEW YORK,2018,148,
NEW YORK,2018,147,
NEW YORK,2018,146,
NEW YORK,2018,145,13.000000
NEW YORK,2018,144,13.000000
NEW YORK,2018,143,12.937500
NEW YORK,2018,142,13.785714
NEW YORK,2018,141,13.785714
NEW YORK,2018,140,
NEW YORK,2018,139,
NEW YORK,2018,138,15.750000
NEW YORK,2018,137,15.750000
NEW YORK,2018,136,15.750000
NEW YORK,2018,135,15.750000
NEW YORK,2018,134,15.750000
NEW YORK,2018,133,
NEW YORK,2018,132,
NEW YORK,2018,131,15.750000
NEW YORK,2018,130,15.750000
NEW YORK,2018,129,14.500000
NEW YORK,2018,128,15.083333
NEW YORK,2018,127,21.000000
NEW YORK,2018,126,
NEW YORK,2018,125,
NEW YORK,2018,124,20.166666
NEW YORK,2018,123,20.166666
NEW YORK,2018,122,20.166666
NEW YORK,2018,121,20.166666
NEW YORK,2018,120,20.166666
NEW YORK,2018,119,
NEW YORK,2018,118,
NEW YORK,2018,117,20.166666
NEW YORK,2018,116,20.166666
NEW YORK,2018,115,20.166666
NEW YORK,2018,114,20.166666
NEW YORK,2018,113,20.166666
NEW YORK,2018,112,
NEW YORK,2018,111,
NEW YORK,2018,110,19.600000
NEW YORK,2018,109,20.000000
NEW YORK,2018,108,20.000000
NEW YORK,2018,107,20.000000
NEW YORK,2018,106,21.214285
NEW YORK,2018,105,
NEW YORK,2018,104,
NEW YORK,2018,103,21.214285
NEW YORK,2018,102,21.750000
NEW YORK,2018,101,21.750000
NEW YORK,2018,100,21.875000
NEW YORK,2018,99,17.500000
NEW YORK,2018,98,
NEW YORK,2018,97,
NEW YORK,2018,96,18.333333
NEW YORK,2018,95,18.750000
NEW YORK,2018,94,20.375000
NEW YORK,2018,93,20.500000
NEW YORK,2018,92,
NEW YORK,2018,91,
NEW YORK,2018,90,
NEW YORK,2018,89,31.000000
NEW YORK,2018,88,27.500000
NEW YORK,2018,87,27.500000
NEW YORK,2018,86,27.500000
NEW YORK,2018,85,26.500000
NEW YORK,2018,84,
NEW YORK,2018,83,
NEW YORK,2018,82,24.666666
NEW YORK,2018,81,24.666666
NEW YORK,2018,80,24.666666
NEW YORK,2018,79,24.666666
NEW YORK,2018,78,19.000000
NEW YORK,2018,77,
NEW YORK,2018,76,
NEW YORK,2018,75,25.250000
NEW YORK,2018,74,25.250000
NEW YORK,2018,73,28.250000
NEW YORK,2018,72,28.250000
NEW YORK,2018,71,28.875000
NEW YORK,2018,70,
NEW YORK,2018,69,
NEW YORK,2018,68,
NEW YORK,2018,67,
NEW YORK,2018,66,
NEW YORK,2018,65,32.750000
NEW YORK,2018,64,30.333333
NEW YORK,2018,63,
NEW YORK,2018,62,
NEW YORK,2018,61,38.000000
NEW YORK,2018,60,38.000000
NEW YORK,2018,59,38.000000
NEW YORK,2018,58,38.000000
NEW YORK,2018,57,39.000000
NEW YORK,2018,56,
NEW YORK,2018,55,
NEW YORK,2018,54,42.666666
NEW YORK,2018,53,42.000000
NEW YORK,2018,52,42.000000
NEW YORK,2018,51,42.000000
NEW YORK,2018,50,
NEW YORK,2018,49,
NEW YORK,2018,48,
NEW YORK,2018,47,45.000000
NEW YORK,2018,46,45.000000
NEW YORK,2018,45,39.000000
NEW YORK,2018,44,39.000000
NEW YORK,2018,43,39.000000
NEW YORK,2018,42,
NEW YORK,2018,41,
NEW YORK,2018,40,39.000000
NEW YORK,2018,39,39.000000
NEW YORK,2018,38,42.500000
NEW YORK,2018,37,42.500000
NEW YORK,2018,36,42.500000
NEW YORK,2018,35,
NEW YORK,2018,34,
NEW YORK,2018,33,41.000000
NEW YORK,2018,32,41.000000
NEW YORK,2018,31,41.000000
NEW YORK,2018,30,41.000000
NEW YORK,2018,29,41.000000
NEW YORK,2018,28,
NEW YORK,2018,27,
NEW YORK,2018,26,41.833333
NEW YORK,2018,25,35.500000
NEW YORK,2018,24,35.500000
NEW YORK,2018,23,37.250000
NEW YORK,2018,22,37.250000
NEW YORK,2018,21,
NEW YORK,2018,20,
NEW YORK,2018,19,37.250000
NEW YORK,2018,18,37.250000
NEW YORK,2018,17,37.250000
NEW YORK,2018,16,37.250000
NEW YORK,2018,15,
NEW YORK,2018,14,
NEW YORK,2018,13,
NEW YORK,2018,12,33.666666
NEW YORK,2018,11,37.500000
NEW YORK,2018,10,37.500000
NEW YORK,2018,9,37.500000
NEW YORK,2018,8,38.666666
NEW YORK,2018,7,
NEW YORK,2018,6,
NEW YORK,2018,5,
NEW YORK,2018,4,41.000000
NEW YORK,2018,3,41.000000
NEW YORK,2018,2,26.000000
PHILADELPHIA,2018,366,
PHILADELPHIA,2018,365,24.250000
PHILADELPHIA,2018,364,
PHILADELPHIA,2018,363,
PHILADELPHIA,2018,362,20.000000
PHILADELPHIA,2018,361,20.000000
PHILADELPHIA,2018,360,20.000000
PHILADELPHIA,2018,359,
PHILADELPHIA,2018,358,
PHILADELPHIA,2018,357,
PHILADELPHIA,2018,356,
PHILADELPHIA,2018,355,18.500000
PHILADELPHIA,2018,354,18.500000
PHILADELPHIA,2018,353,18.500000
PHILADELPHIA,2018,352,18.500000
PHILADELPHIA,2018,351,18.500000
PHILADELPHIA,2018,350,
PHILADELPHIA,2018,349,
PHILADELPHIA,2018,348,16.333333
PHILADELPHIA,2018,347,16.333333
PHILADELPHIA,2018,346,16.333333
PHILADELPHIA,2018,345,15.666666
PHILADELPHIA,2018,344,15.666666
PHILADELPHIA,2018,343,
PHILADELPHIA,2018,342,
PHILADELPHIA,2018,341,19.000000
PHILADELPHIA,2018,340,19.000000
PHILADELPHIA,2018,339,22.000000
PHILADELPHIA,2018,338,
PHILADELPHIA,2018,337,22.000000
PHILADELPHIA,2018,336,
PHILADELPHIA,2018,335,
PHILADELPHIA,2018,334,26.000000
PHILADELPHIA,2018,333,26.000000
PHILADELPHIA,2018,332,26.000000
PHILADELPHIA,2018,331,26.000000
PHILADELPHIA,2018,330,26.000000
PHILADELPHIA,2018,329,
PHILADELPHIA,2018,328,
PHILADELPHIA,2018,327,
PHILADELPHIA,2018,326,
PHILADELPHIA,2018,325,26.000000
PHILADELPHIA,2018,324,26.000000
PHILADELPHIA,2018,323,26.000000
PHILADELPHIA,2018,322,
PHILADELPHIA,2018,321,
PHILADELPHIA,2018,320,22.500000
PHILADELPHIA,2018,319,22.500000
PHILADELPHIA,2018,318,22.500000
PHILADELPHIA,2018,317,22.500000
PHILADELPHIA,2018,316,
PHILADELPHIA,2018,315,
PHILADELPHIA,2018,314,
PHILADELPHIA,2018,313,26.000000
PHILADELPHIA,2018,312,26.000000
PHILADELPHIA,2018,311,26.000000
PHILADELPHIA,2018,310,26.000000
PHILADELPHIA,2018,309,32.000000
PHILADELPHIA,2018,308,
PHILADELPHIA,2018,307,
PHILADELPHIA,2018,306,32.000000
PHILADELPHIA,2018,305,32.000000
PHILADELPHIA,2018,304,32.000000
PHILADELPHIA,2018,303,32.000000
PHILADELPHIA,2018,302,32.000000
PHILADELPHIA,2018,301,
PHILADELPHIA,2018,300,
PHILADELPHIA,2018,299,27.000000
PHILADELPHIA,2018,298,27.000000
PHILADELPHIA,2018,297,27.000000
PHILADELPHIA,2018,296,24.000000
PHILADELPHIA,2018,295,24.000000
PHILADELPHIA,2018,294,
PHILADELPHIA,2018,293,
PHILADELPHIA,2018,292,15.500000
PHILADELPHIA,2018,291,15.500000
PHILADELPHIA,2018,290,15.500000
PHILADELPHIA,2018,289,15.500000
PHILADELPHIA,2018,288,19.000000
PHILADELPHIA,2018,287,
PHILADELPHIA,2018,286,
PHILADELPHIA,2018,285,15.000000
PHILADELPHIA,2018,284,15.000000
PHILADELPHIA,2018,283,15.000000
PHILADELPHIA,2018,282,15.000000
PHILADELPHIA,2018,281,
PHILADELPHIA,2018,280,
PHILADELPHIA,2018,279,
PHILADELPHIA,2018,278,15.000000
PHILADELPHIA,2018,277,13.500000
PHILADELPHIA,2018,276,13.500000
PHILADELPHIA,2018,275,13.000000
PHILADELPHIA,2018,274,13.000000
PHILADELPHIA,2018,273,
PHILADELPHIA,2018,272,
PHILADELPHIA,2018,271,13.000000
PHILADELPHIA,2018,270,13.000000
PHILADELPHIA,2018,269,13.000000
PHILADELPHIA,2018,268,13.000000
PHILADELPHIA,2018,267,13.000000
PHILADELPHIA,2018,266,
PHILADELPHIA,2018,265,
PHILADELPHIA,2018,264,13.000000
PHILADELPHIA,2018,263,13.000000
PHILADELPHIA,2018,262,13.000000
PHILADELPHIA,2018,261,13.000000
PHILADELPHIA,2018,260,11.000000
PHILADELPHIA,2018,259,
PHILADELPHIA,2018,258,
PHILADELPHIA,2018,257,11.000000
PHILADELPHIA,2018,256,11.000000
PHILADELPHIA,2018,255,11.000000
PHILADELPHIA,2018,254,11.000000
PHILADELPHIA,2018,253,11.000000
PHILADELPHIA,2018,252,
PHILADELPHIA,2018,251,
PHILADELPHIA,2018,250,11.000000
PHILADELPHIA,2018,249,11.000000
PHILADELPHIA,2018,248,11.833333
PHILADELPHIA,2018,247,11.833333
PHILADELPHIA,2018,246,
PHILADELPHIA,2018,245,
PHILADELPHIA,2018,244,
PHILADELPHIA,2018,243,11.833333
PHILADELPHIA,2018,242,11.833333
PHILADELPHIA,2018,241,12.833333
PHILADELPHIA,2018,240,12.833333
PHILADELPHIA,2018,239,12.833333
PHILADELPHIA,2018,238,
PHILADELPHIA,2018,237,
PHILADELPHIA,2018,236,12.833333
PHILADELPHIA,2018,235,12.833333
PHILADELPHIA,2018,234,12.833333
PHILADELPHIA,2018,233,12.833333
PHILADELPHIA,2018,232,12.833333
PHILADELPHIA,2018,231,
PHILADELPHIA,2018,230,
PHILADELPHIA,2018,229,13.750000
PHILADELPHIA,2018,228,13.750000
PHILADELPHIA,2018,227,13.750000
PHILADELPHIA,2018,226,13.750000
PHILADELPHIA,2018,225,15.750000
PHILADELPHIA,2018,224,
PHILADELPHIA,2018,223,
PHILADELPHIA,2018,222,15.750000
PHILADELPHIA,2018,221,15.750000
PHILADELPHIA,2018,220,15.750000
PHILADELPHIA,2018,219,16.500000
PHILADELPHIA,2018,218,19.500000
PHILADELPHIA,2018,217,
PHILADELPHIA,2018,216,
PHILADELPHIA,2018,215,19.500000
PHILADELPHIA,2018,214,19.500000
PHILADELPHIA,2018,213,19.500000
PHILADELPHIA,2018,212,19.500000
PHILADELPHIA,2018,211,19.500000
PHILADELPHIA,2018,210,
PHILADELPHIA,2018,209,
PHILADELPHIA,2018,208,19.750000
PHILADELPHIA,2018,207,19.750000
PHILADELPHIA,2018,206,19.750000
PHILADELPHIA,2018,205,19.750000
PHILADELPHIA,2018,204,19.750000
PHILADELPHIA,2018,203,
PHILADELPHIA,2018,202,
PHILADELPHIA,2018,201,21.500000
PHILADELPHIA,2018,200,
PHILADELPHIA,2018,199,
PHILADELPHIA,2018,198,
PHILADELPHIA,2018,197,20.500000
PHILADELPHIA,2018,196,
PHILADELPHIA,2018,195,
PHILADELPHIA,2018,194,20.500000
PHILADELPHIA,2018,193,21.250000
PHILADELPHIA,2018,192,21.250000
PHILADELPHIA,2018,191,21.250000
PHILADELPHIA,2018,190,21.250000
PHILADELPHIA,2018,189,
PHILADELPHIA,2018,188,
PHILADELPHIA,2018,187,17.250000
PHILADELPHIA,2018,186,17.250000
PHILADELPHIA,2018,185,
PHILADELPHIA,2018,184,17.250000
PHILADELPHIA,2018,183,16.250000
PHILADELPHIA,2018,182,
PHILADELPHIA,2018,181,
PHILADELPHIA,2018,180,16.250000
PHILADELPHIA,2018,179,16.250000
PHILADELPHIA,2018,178,16.250000
PHILADELPHIA,2018,177,16.250000
PHILADELPHIA,2018,176,16.250000
PHILADELPHIA,2018,175,
PHILADELPHIA,2018,174,
PHILADELPHIA,2018,173,16.250000
PHILADELPHIA,2018,172,16.250000
PHILADELPHIA,2018,171,16.250000
PHILADELPHIA,2018,170,16.250000
PHILADELPHIA,2018,169,16.250000
PHILADELPHIA,2018,168,
PHILADELPHIA,2018,167,
PHILADELPHIA,2018,166,16.000000
PHILADELPHIA,2018,165,16.000000
PHILADELPHIA,2018,164,
PHILADELPHIA,2018,163,
PHILADELPHIA,2018,162,14.000000
PHILADELPHIA,2018,161,
PHILADELPHIA,2018,160,
PHILADELPHIA,2018,159,13.333333
PHILADELPHIA,2018,158,13.333333
PHILADELPHIA,2018,157,13.333333
PHILADELPHIA,2018,156,16.000000
PHILADELPHIA,2018,155,16.000000
PHILADELPHIA,2018,154,
PHILADELPHIA,2018,153,
PHILADELPHIA,2018,152,14.250000
PHILADELPHIA,2018,151,14.250000
PHILADELPHIA,2018,150,14.250000
PHILADELPHIA,2018,149,14.500000
PHILADELPHIA,2018,148,
PHILADELPHIA,2018,147,
PHILADELPHIA,2018,146,
PHILADELPHIA,2018,145,12.750000
PHILADELPHIA,2018,144,13.250000
PHILADELPHIA,2018,143,13.250000
PHILADELPHIA,2018,142,13.250000
PHILADELPHIA,2018,141,13.250000
PHILADELPHIA,2018,140,
PHILADELPHIA,2018,139,
PHILADELPHIA,2018,138,14.000000
PHILADELPHIA,2018,137,14.000000
PHILADELPHIA,2018,136,14.000000
PHILADELPHIA,2018,135,14.000000
PHILADELPHIA,2018,134,14.000000
PHILADELPHIA,2018,133,
PHILADELPHIA,2018,132,
PHILADELPHIA,2018,131,18.000000
PHILADELPHIA,2018,130,18.000000
PHILADELPHIA,2018,129,18.000000
PHILADELPHIA,2018,128,18.000000
PHILADELPHIA,2018,127,13.500000
PHILADELPHIA,2018,126,
PHILADELPHIA,2018,125,
PHILADELPHIA,2018,124,13.750000
PHILADELPHIA,2018,123,13.750000
PHILADELPHIA,2018,122,13.750000
PHILADELPHIA,2018,121,13.750000
PHILADELPHIA,2018,120,18.000000
PHILADELPHIA,2018,119,
PHILADELPHIA,2018,118,
PHILADELPHIA,2018,117,18.000000
PHILADELPHIA,2018,116,18.000000
PHILADELPHIA,2018,115,18.000000
PHILADELPHIA,2018,114,18.000000
PHILADELPHIA,2018,113,20.000000
PHILADELPHIA,2018,112,
PHILADELPHIA,2018,111,
PHILADELPHIA,2018,110,24.000000
PHILADELPHIA,2018,109,24.000000
PHILADELPHIA,2018,108,24.000000
PHILADELPHIA,2018,107,24.000000
PHILADELPHIA,2018,106,24.000000
PHILADELPHIA,2018,105,
PHILADELPHIA,2018,104,
PHILADELPHIA,2018,103,23.000000
PHILADELPHIA,2018,102,23.000000
PHILADELPHIA,2018,101,26.000000
PHILADELPHIA,2018,100,26.000000
PHILADELPHIA,2018,99,26.000000
PHILADELPHIA,2018,98,
PHILADELPHIA,2018,97,
PHILADELPHIA,2018,96,19.000000
PHILADELPHIA,2018,95,19.000000
PHILADELPHIA,2018,94,19.000000
PHILADELPHIA,2018,93,24.500000
PHILADELPHIA,2018,92,
PHILADELPHIA,2018,91,
PHILADELPHIA,2018,90,
PHILADELPHIA,2018,89,22.875000
PHILADELPHIA,2018,88,22.875000
PHILADELPHIA,2018,87,22.875000
PHILADELPHIA,2018,86,22.875000
PHILADELPHIA,2018,85,24.000000
PHILADELPHIA,2018,84,
PHILADELPHIA,2018,83,
PHILADELPHIA,2018,82,29.000000
PHILADELPHIA,2018,81,29.000000
PHILADELPHIA,2018,80,
PHILADELPHIA,2018,79,29.000000
PHILADELPHIA,2018,78,30.000000
PHILADELPHIA,2018,77,
PHILADELPHIA,2018,76,
PHILADELPHIA,2018,75,30.000000
PHILADELPHIA,2018,74,30.000000
PHILADELPHIA,2018,73,30.000000
PHILADELPHIA,2018,72,30.000000
PHILADELPHIA,2018,71,30.000000
PHILADELPHIA,2018,70,
PHILADELPHIA,2018,69,
PHILADELPHIA,2018,68,
PHILADELPHIA,2018,67,
PHILADELPHIA,2018,66,
PHILADELPHIA,2018,65,36.000000
PHILADELPHIA,2018,64,36.000000
PHILADELPHIA,2018,63,
PHILADELPHIA,2018,62,
PHILADELPHIA,2018,61,34.500000
PHILADELPHIA,2018,60,34.500000
PHILADELPHIA,2018,59,34.500000
PHILADELPHIA,2018,58,35.000000
PHILADELPHIA,2018,57,35.000000
PHILADELPHIA,2018,56,
PHILADELPHIA,2018,55,
PHILADELPHIA,2018,54,36.000000
PHILADELPHIA,2018,53,36.000000
PHILADELPHIA,2018,52,36.000000
PHILADELPHIA,2018,51,36.000000
PHILADELPHIA,2018,50,
PHILADELPHIA,2018,49,
PHILADELPHIA,2018,48,
PHILADELPHIA,2018,47,38.500000
PHILADELPHIA,2018,46,38.500000
PHILADELPHIA,2018,45,39.250000
PHILADELPHIA,2018,44,39.250000
PHILADELPHIA,2018,43,39.250000
PHILADELPHIA,2018,42,
PHILADELPHIA,2018,41,
PHILADELPHIA,2018,40,38.000000
PHILADELPHIA,2018,39,38.000000
PHILADELPHIA,2018,38,39.750000
PHILADELPHIA,2018,37,39.750000
PHILADELPHIA,2018,36,39.250000
PHILADELPHIA,2018,35,
PHILADELPHIA,2018,34,
PHILADELPHIA,2018,33,39.000000
PHILADELPHIA,2018,32,39.000000
PHILADELPHIA,2018,31,39.000000
PHILADELPHIA,2018,30,39.000000
PHILADELPHIA,2018,29,39.000000
PHILADELPHIA,2018,28,
PHILADELPHIA,2018,27,
PHILADELPHIA,2018,26,39.000000
PHILADELPHIA,2018,25,39.000000
PHILADELPHIA,2018,24,41.500000
PHILADELPHIA,2018,23,39.000000
PHILADELPHIA,2018,22,39.000000
PHILADELPHIA,2018,21,
PHILADELPHIA,2018,20,
PHILADELPHIA,2018,19,35.000000
PHILADELPHIA,2018,18,35.000000
PHILADELPHIA,2018,17,34.000000
PHILADELPHIA,2018,16,
PHILADELPHIA,2018,15,
PHILADELPHIA,2018,14,
PHILADELPHIA,2018,13,
PHILADELPHIA,2018,12,38.000000
PHILADELPHIA,2018,11,38.000000
PHILADELPHIA,2018,10,34.000000
PHILADELPHIA,2018,9,34.000000
PHILADELPHIA,2018,8,32.500000
PHILADELPHIA,2018,7,
PHILADELPHIA,2018,6,
PHILADELPHIA,2018,5,31.500000
PHILADELPHIA,2018,4,31.500000
PHILADELPHIA,2018,3,31.500000
PHILADELPHIA,2018,2,31.500000
