CityName,Year,Day,Price
BALTIMORE,2024,366,
BALTIMORE,2024,365,
BALTIMORE,2024,364,
BALTIMORE,2024,363,
BALTIMORE,2024,362,
BALTIMORE,2024,361,
BALTIMORE,2024,360,
BALTIMORE,2024,359,
BALTIMORE,2024,358,
BALTIMORE,2024,357,
BALTIMORE,2024,356,
BALTIMORE,2024,355,
BALTIMORE,2024,354,
BALTIMORE,2024,353,
BALTIMORE,2024,352,
BALTIMORE,2024,351,
BALTIMORE,2024,350,
BALTIMORE,2024,349,
BALTIMORE,2024,348,
BALTIMORE,2024,347,
BALTIMORE,2024,346,
BALTIMORE,2024,345,
BALTIMORE,2024,344,
BALTIMORE,2024,343,
BALTIMORE,2024,342,
BALTIMORE,2024,341,
BALTIMORE,2024,340,
BALTIMORE,2024,339,
BALTIMORE,2024,338,
BALTIMORE,2024,337,
BALTIMORE,2024,336,
BALTIMORE,2024,335,
BALTIMORE,2024,334,
BALTIMORE,2024,333,
BALTIMORE,2024,332,
BALTIMORE,2024,331,
BALTIMORE,2024,330,
BALTIMORE,2024,329,
BALTIMORE,2024,328,
BALTIMORE,2024,327,
BALTIMORE,2024,326,
BALTIMORE,2024,325,
BALTIMORE,2024,324,
BALTIMORE,2024,323,
BALTIMORE,2024,322,
BALTIMORE,2024,321,
BALTIMORE,2024,320,
BALTIMORE,2024,319,
BALTIMORE,2024,318,
BALTIMORE,2024,317,
BALTIMORE,2024,316,
BALTIMORE,2024,315,
BALTIMORE,2024,314,
BALTIMORE,2024,313,
BALTIMORE,2024,312,
BALTIMORE,2024,311,
BALTIMORE,2024,310,
BALTIMORE,2024,309,
BALTIMORE,2024,308,
BALTIMORE,2024,307,
BALTIMORE,2024,306,
BALTIMORE,2024,305,
BALTIMORE,2024,304,
BALTIMORE,2024,303,
BALTIMORE,2024,302,
BALTIMORE,2024,301,
BALTIMORE,2024,300,
BALTIMORE,2024,299,
BALTIMORE,2024,298,
BALTIMORE,2024,297,
BALTIMORE,2024,296,
BALTIMORE,2024,295,
BALTIMORE,2024,294,
BALTIMORE,2024,293,
BALTIMORE,2024,292,
BALTIMORE,2024,291,
BALTIMORE,2024,290,
BALTIMORE,2024,289,
BALTIMORE,2024,288,
BALTIMORE,2024,287,
BALTIMORE,2024,286,
BALTIMORE,2024,285,
BALTIMORE,2024,284,
BALTIMORE,2024,283,
BALTIMORE,2024,282,
BALTIMORE,2024,281,
BALTIMORE,2024,280,
BALTIMORE,2024,279,
BALTIMORE,2024,278,
BALTIMORE,2024,277,
BALTIMORE,2024,276,
BALTIMORE,2024,275,
BALTIMORE,2024,274,25.000000
BALTIMORE,2024,273,
BALTIMORE,2024,272,
BALTIMORE,2024,271,25.000000
BALTIMORE,2024,270,25.000000
BALTIMORE,2024,269,25.000000
BALTIMORE,2024,268,25.000000
BALTIMORE,2024,267,27.000000
BALTIMORE,2024,266,
BALTIMORE,2024,265,
BALTIMORE,2024,264,27.000000
BALTIMORE,2024,263,27.000000
BALTIMORE,2024,262,27.000000
BALTIMORE,2024,261,27.000000
BALTIMORE,2024,260,24.500000
BALTIMORE,2024,259,
BALTIMORE,2024,258,
BALTIMORE,2024,257,24.500000
BALTIMORE,2024,256,24.500000
BALTIMORE,2024,255,24.500000
BALTIMORE,2024,254,24.500000
BALTIMORE,2024,253,19.500000
BALTIMORE,2024,252,
BALTIMORE,2024,251,
BALTIMORE,2024,250,19.500000
BALTIMORE,2024,249,19.500000
BALTIMORE,2024,248,19.500000
BALTIMORE,2024,247,19.500000
BALTIMORE,2024,246,
BALTIMORE,2024,245,
BALTIMORE,2024,244,
BALTIMORE,2024,243,19.500000
BALTIMORE,2024,242,19.500000
BALTIMORE,2024,241,19.500000
BALTIMORE,2024,240,19.500000
BALTIMORE,2024,239,19.500000
BALTIMORE,2024,238,
BALTIMORE,2024,237,
BALTIMORE,2024,236,19.500000
BALTIMORE,2024,235,19.500000
BALTIMORE,2024,234,24.500000
BALTIMORE,2024,233,24.500000
BALTIMORE,2024,232,24.500000
BALTIMORE,2024,231,
BALTIMORE,2024,230,
BALTIMORE,2024,229,24.500000
BALTIMORE,2024,228,27.000000
BALTIMORE,2024,227,27.000000
BALTIMORE,2024,226,27.000000
BALTIMORE,2024,225,27.000000
BALTIMORE,2024,224,
BALTIMORE,2024,223,
BALTIMORE,2024,222,27.000000
BALTIMORE,2024,221,27.000000
BALTIMORE,2024,220,27.000000
BALTIMORE,2024,219,27.000000
BALTIMORE,2024,218,27.000000
BALTIMORE,2024,217,
BALTIMORE,2024,216,
BALTIMORE,2024,215,27.000000
BALTIMORE,2024,214,
BALTIMORE,2024,213,
BALTIMORE,2024,212,27.000000
BALTIMORE,2024,211,34.500000
BALTIMORE,2024,210,
BALTIMORE,2024,209,
BALTIMORE,2024,208,34.500000
BALTIMORE,2024,207,34.500000
BALTIMORE,2024,206,34.500000
BALTIMORE,2024,205,34.500000
BALTIMORE,2024,204,34.500000
BALTIMORE,2024,203,
BALTIMORE,2024,202,
BALTIMORE,2024,201,34.500000
BALTIMORE,2024,200,34.500000
BALTIMORE,2024,199,
BALTIMORE,2024,198,34.500000
BALTIMORE,2024,197,34.500000
BALTIMORE,2024,196,
BALTIMORE,2024,195,
BALTIMORE,2024,194,35.250000
BALTIMORE,2024,193,35.250000
BALTIMORE,2024,192,35.250000
BALTIMORE,2024,191,35.250000
BALTIMORE,2024,190,36.500000
BALTIMORE,2024,189,
BALTIMORE,2024,188,
BALTIMORE,2024,187,36.500000
BALTIMORE,2024,186,
BALTIMORE,2024,185,36.500000
BALTIMORE,2024,184,36.500000
BALTIMORE,2024,183,37.000000
BALTIMORE,2024,182,
BALTIMORE,2024,181,
BALTIMORE,2024,180,37.000000
BALTIMORE,2024,179,37.000000
BALTIMORE,2024,178,37.000000
BALTIMORE,2024,177,37.000000
BALTIMORE,2024,176,37.000000
BALTIMORE,2024,175,
BALTIMORE,2024,174,
BALTIMORE,2024,173,37.500000
BALTIMORE,2024,172,37.500000
BALTIMORE,2024,171,
BALTIMORE,2024,170,37.500000
BALTIMORE,2024,169,37.500000
BALTIMORE,2024,168,
BALTIMORE,2024,167,
BALTIMORE,2024,166,37.500000
BALTIMORE,2024,165,37.500000
BALTIMORE,2024,164,37.500000
BALTIMORE,2024,163,37.500000
BALTIMORE,2024,162,37.500000
BALTIMORE,2024,161,
BALTIMORE,2024,160,
BALTIMORE,2024,159,37.500000
BALTIMORE,2024,158,37.500000
BALTIMORE,2024,157,37.500000
BALTIMORE,2024,156,37.500000
BALTIMORE,2024,155,37.500000
BALTIMORE,2024,154,
BALTIMORE,2024,153,
BALTIMORE,2024,152,44.000000
BALTIMORE,2024,151,44.000000
BALTIMORE,2024,150,44.000000
BALTIMORE,2024,149,44.000000
BALTIMORE,2024,148,
BALTIMORE,2024,147,
BALTIMORE,2024,146,
BALTIMORE,2024,145,44.000000
BALTIMORE,2024,144,44.000000
BALTIMORE,2024,143,44.000000
BALTIMORE,2024,142,44.000000
BALTIMORE,2024,141,44.000000
BALTIMORE,2024,140,
BALTIMORE,2024,139,
BALTIMORE,2024,138,44.000000
BALTIMORE,2024,137,44.000000
BALTIMORE,2024,136,44.000000
BALTIMORE,2024,135,44.000000
BALTIMORE,2024,134,44.500000
BALTIMORE,2024,133,
BALTIMORE,2024,132,
BALTIMORE,2024,131,44.500000
BALTIMORE,2024,130,44.500000
BALTIMORE,2024,129,44.500000
BALTIMORE,2024,128,44.500000
BALTIMORE,2024,127,44.500000
BALTIMORE,2024,126,
BALTIMORE,2024,125,
BALTIMORE,2024,124,44.500000
BALTIMORE,2024,123,44.500000
BALTIMORE,2024,122,44.500000
BALTIMORE,2024,121,44.500000
BALTIMORE,2024,120,45.000000
BALTIMORE,2024,119,
BALTIMORE,2024,118,
BALTIMORE,2024,117,45.000000
BALTIMORE,2024,116,45.000000
BALTIMORE,2024,115,42.500000
BALTIMORE,2024,114,42.500000
BALTIMORE,2024,113,39.500000
BALTIMORE,2024,112,
BALTIMORE,2024,111,
BALTIMORE,2024,110,39.500000
BALTIMORE,2024,109,39.500000
BALTIMORE,2024,108,39.500000
BALTIMORE,2024,107,39.500000
BALTIMORE,2024,106,38.000000
BALTIMORE,2024,105,
BALTIMORE,2024,104,
BALTIMORE,2024,103,31.000000
BALTIMORE,2024,102,31.000000
BALTIMORE,2024,101,31.000000
BALTIMORE,2024,100,31.000000
BALTIMORE,2024,99,29.000000
BALTIMORE,2024,98,
BALTIMORE,2024,97,
BALTIMORE,2024,96,29.000000
BALTIMORE,2024,95,29.000000
BALTIMORE,2024,94,29.000000
BALTIMORE,2024,93,27.000000
BALTIMORE,2024,92,27.000000
BALTIMORE,2024,91,
BALTIMORE,2024,90,
BALTIMORE,2024,89,27.000000
BALTIMORE,2024,88,27.000000
BALTIMORE,2024,87,27.000000
BALTIMORE,2024,86,27.000000
BALTIMORE,2024,85,27.000000
BALTIMORE,2024,84,
BALTIMORE,2024,83,
BALTIMORE,2024,82,27.000000
BALTIMORE,2024,81,27.000000
BALTIMORE,2024,80,27.000000
BALTIMORE,2024,79,27.000000
BALTIMORE,2024,78,23.000000
BALTIMORE,2024,77,
BALTIMORE,2024,76,
BALTIMORE,2024,75,23.000000
BALTIMORE,2024,74,23.000000
BALTIMORE,2024,73,24.000000
BALTIMORE,2024,72,24.000000
BALTIMORE,2024,71,26.500000
BALTIMORE,2024,70,
BALTIMORE,2024,69,
BALTIMORE,2024,68,26.500000
BALTIMORE,2024,67,26.500000
BALTIMORE,2024,66,26.500000
BALTIMORE,2024,65,26.500000
BALTIMORE,2024,64,31.000000
BALTIMORE,2024,63,
BALTIMORE,2024,62,
BALTIMORE,2024,61,31.000000
BALTIMORE,2024,60,31.000000
BALTIMORE,2024,59,31.000000
BALTIMORE,2024,58,31.000000
BALTIMORE,2024,57,31.000000
BALTIMORE,2024,56,
BALTIMORE,2024,55,
BALTIMORE,2024,54,31.000000
BALTIMORE,2024,53,31.000000
BALTIMORE,2024,52,31.000000
BALTIMORE,2024,51,31.000000
BALTIMORE,2024,50,
BALTIMORE,2024,49,
BALTIMORE,2024,48,
BALTIMORE,2024,47,22.500000
BALTIMORE,2024,46,22.500000
BALTIMORE,2024,45,22.500000
BALTIMORE,2024,44,23.000000
BALTIMORE,2024,43,23.000000
BALTIMORE,2024,42,
BALTIMORE,2024,41,
BALTIMORE,2024,40,23.000000
BALTIMORE,2024,39,23.000000
BALTIMORE,2024,38,23.000000
BALTIMORE,2024,37,23.000000
BALTIMORE,2024,36,23.000000
BALTIMORE,2024,35,
BALTIMORE,2024,34,
BALTIMORE,2024,33,23.000000
BALTIMORE,2024,32,23.000000
BALTIMORE,2024,31,23.000000
BALTIMORE,2024,30,23.000000
BALTIMORE,2024,29,23.000000
BALTIMORE,2024,28,
BALTIMORE,2024,27,
BALTIMORE,2024,26,23.000000
BALTIMORE,2024,25,23.000000
BALTIMORE,2024,24,23.000000
BALTIMORE,2024,23,23.000000
BALTIMORE,2024,22,23.000000
BALTIMORE,2024,21,
BALTIMORE,2024,20,
BALTIMORE,2024,19,24.500000
BALTIMORE,2024,18,24.500000
BALTIMORE,2024,17,24.500000
BALTIMORE,2024,16,33.000000
BALTIMORE,2024,15,
BALTIMORE,2024,14,
BALTIMORE,2024,13,
BALTIMORE,2024,12,33.000000
BALTIMORE,2024,11,33.000000
BALTIMORE,2024,10,33.000000
BALTIMORE,2024,9,55.500000
BALTIMORE,2024,8,55.500000
BALTIMORE,2024,7,
BALTIMORE,2024,6,
BALTIMORE,2024,5,55.500000
BALTIMORE,2024,4,55.500000
BALTIMORE,2024,3,55.500000
BALTIMORE,2024,2,55.500000
BOSTON,2024,366,
BOSTON,2024,365,
BOSTON,2024,364,
BOSTON,2024,363,
BOSTON,2024,362,
BOSTON,2024,361,
BOSTON,2024,360,
BOSTON,2024,359,
BOSTON,2024,358,
BOSTON,2024,357,
BOSTON,2024,356,
BOSTON,2024,355,
BOSTON,2024,354,
BOSTON,2024,353,
BOSTON,2024,352,
BOSTON,2024,351,
BOSTON,2024,350,
BOSTON,2024,349,
BOSTON,2024,348,
BOSTON,2024,347,
BOSTON,2024,346,
BOSTON,2024,345,
BOSTON,2024,344,
BOSTON,2024,343,
BOSTON,2024,342,
BOSTON,2024,341,
BOSTON,2024,340,
BOSTON,2024,339,
BOSTON,2024,338,
BOSTON,2024,337,
BOSTON,2024,336,
BOSTON,2024,335,
BOSTON,2024,334,
BOSTON,2024,333,
BOSTON,2024,332,
BOSTON,2024,331,
BOSTON,2024,330,
BOSTON,2024,329,
BOSTON,2024,328,
BOSTON,2024,327,
BOSTON,2024,326,
BOSTON,2024,325,
BOSTON,2024,324,
BOSTON,2024,323,
BOSTON,2024,322,
BOSTON,2024,321,
BOSTON,2024,320,
BOSTON,2024,319,
BOSTON,2024,318,
BOSTON,2024,317,
BOSTON,2024,316,
BOSTON,2024,315,
BOSTON,2024,314,
BOSTON,2024,313,
BOSTON,2024,312,
BOSTON,2024,311,
BOSTON,2024,310,
BOSTON,2024,309,
BOSTON,2024,308,
BOSTON,2024,307,
BOSTON,2024,306,
BOSTON,2024,305,
BOSTON,2024,304,
BOSTON,2024,303,
BOSTON,2024,302,
BOSTON,2024,301,
BOSTON,2024,300,
BOSTON,2024,299,
BOSTON,2024,298,
BOSTON,2024,297,
BOSTON,2024,296,
BOSTON,2024,295,
BOSTON,2024,294,
BOSTON,2024,293,
BOSTON,2024,292,
BOSTON,2024,291,
BOSTON,2024,290,
BOSTON,2024,289,
BOSTON,2024,288,
BOSTON,2024,287,
BOSTON,2024,286,
BOSTON,2024,285,
BOSTON,2024,284,
BOSTON,2024,283,
BOSTON,2024,282,
BOSTON,2024,281,
BOSTON,2024,280,
BOSTON,2024,279,
BOSTON,2024,278,
BOSTON,2024,277,
BOSTON,2024,276,
BOSTON,2024,275,
BOSTON,2024,274,29.500000
BOSTON,2024,273,
BOSTON,2024,272,
BOSTON,2024,271,29.500000
BOSTON,2024,270,29.500000
BOSTON,2024,269,29.500000
BOSTON,2024,268,29.500000
BOSTON,2024,267,29.500000
BOSTON,2024,266,
BOSTON,2024,265,
BOSTON,2024,264,29.500000
BOSTON,2024,263,29.500000
BOSTON,2024,262,29.500000
BOSTON,2024,261,29.500000
BOSTON,2024,260,29.500000
BOSTON,2024,259,
BOSTON,2024,258,
BOSTON,2024,257,29.500000
BOSTON,2024,256,29.500000
BOSTON,2024,255,29.000000
BOSTON,2024,254,29.000000
BOSTON,2024,253,29.000000
BOSTON,2024,252,
BOSTON,2024,251,
BOSTON,2024,250,29.000000
BOSTON,2024,249,29.000000
BOSTON,2024,248,26.500000
BOSTON,2024,247,26.500000
BOSTON,2024,246,
BOSTON,2024,245,
BOSTON,2024,244,
BOSTON,2024,243,26.500000
BOSTON,2024,242,26.500000
BOSTON,2024,241,26.500000
BOSTON,2024,240,26.500000
BOSTON,2024,239,26.500000
BOSTON,2024,238,
BOSTON,2024,237,
BOSTON,2024,236,26.500000
BOSTON,2024,235,26.500000
BOSTON,2024,234,26.500000
BOSTON,2024,233,26.500000
BOSTON,2024,232,26.500000
BOSTON,2024,231,
BOSTON,2024,230,
BOSTON,2024,229,26.500000
BOSTON,2024,228,26.500000
BOSTON,2024,227,26.500000
BOSTON,2024,226,26.500000
BOSTON,2024,225,26.500000
BOSTON,2024,224,
BOSTON,2024,223,
BOSTON,2024,222,26.500000
BOSTON,2024,221,26.500000
BOSTON,2024,220,26.500000
BOSTON,2024,219,26.500000
BOSTON,2024,218,26.500000
BOSTON,2024,217,
BOSTON,2024,216,
BOSTON,2024,215,26.500000
BOSTON,2024,214,
BOSTON,2024,213,26.500000
BOSTON,2024,212,26.500000
BOSTON,2024,211,26.500000
BOSTON,2024,210,
BOSTON,2024,209,
BOSTON,2024,208,26.500000
BOSTON,2024,207,26.500000
BOSTON,2024,206,26.500000
BOSTON,2024,205,26.500000
BOSTON,2024,204,26.500000
BOSTON,2024,203,
BOSTON,2024,202,
BOSTON,2024,201,26.500000
BOSTON,2024,200,26.500000
BOSTON,2024,199,26.500000
BOSTON,2024,198,26.500000
BOSTON,2024,197,
BOSTON,2024,196,
BOSTON,2024,195,
BOSTON,2024,194,26.500000
BOSTON,2024,193,26.500000
BOSTON,2024,192,26.500000
BOSTON,2024,191,26.500000
BOSTON,2024,190,29.250000
BOSTON,2024,189,
BOSTON,2024,188,
BOSTON,2024,187,29.250000
BOSTON,2024,186,
BOSTON,2024,185,29.250000
BOSTON,2024,184,29.250000
BOSTON,2024,183,29.250000
BOSTON,2024,182,
BOSTON,2024,181,
BOSTON,2024,180,29.250000
BOSTON,2024,179,29.250000
BOSTON,2024,178,29.250000
BOSTON,2024,177,29.250000
BOSTON,2024,176,29.250000
BOSTON,2024,175,
BOSTON,2024,174,
BOSTON,2024,173,29.250000
BOSTON,2024,172,29.250000
BOSTON,2024,171,
BOSTON,2024,170,24.000000
BOSTON,2024,169,24.000000
BOSTON,2024,168,
BOSTON,2024,167,
BOSTON,2024,166,24.000000
BOSTON,2024,165,24.000000
BOSTON,2024,164,24.000000
BOSTON,2024,163,24.000000
BOSTON,2024,162,24.000000
BOSTON,2024,161,
BOSTON,2024,160,
BOSTON,2024,159,24.000000
BOSTON,2024,158,24.000000
BOSTON,2024,157,24.000000
BOSTON,2024,156,24.000000
BOSTON,2024,155,24.000000
BOSTON,2024,154,
BOSTON,2024,153,
BOSTON,2024,152,24.000000
BOSTON,2024,151,24.000000
BOSTON,2024,150,24.000000
BOSTON,2024,149,24.000000
BOSTON,2024,148,
BOSTON,2024,147,
BOSTON,2024,146,
BOSTON,2024,145,24.000000
BOSTON,2024,144,24.000000
BOSTON,2024,143,24.000000
BOSTON,2024,142,24.000000
BOSTON,2024,141,24.000000
BOSTON,2024,140,
BOSTON,2024,139,
BOSTON,2024,138,24.000000
BOSTON,2024,137,24.000000
BOSTON,2024,136,24.000000
BOSTON,2024,135,24.000000
BOSTON,2024,134,24.000000
BOSTON,2024,133,
BOSTON,2024,132,
BOSTON,2024,131,24.000000
BOSTON,2024,130,24.000000
BOSTON,2024,129,24.000000
BOSTON,2024,128,24.000000
BOSTON,2024,127,24.000000
BOSTON,2024,126,
BOSTON,2024,125,
BOSTON,2024,124,24.000000
BOSTON,2024,123,24.000000
BOSTON,2024,122,24.000000
BOSTON,2024,121,24.000000
BOSTON,2024,120,24.000000
BOSTON,2024,119,
BOSTON,2024,118,
BOSTON,2024,117,24.000000
BOSTON,2024,116,24.000000
BOSTON,2024,115,24.000000
BOSTON,2024,114,24.000000
BOSTON,2024,113,24.000000
BOSTON,2024,112,
BOSTON,2024,111,
BOSTON,2024,110,24.000000
BOSTON,2024,109,24.000000
BOSTON,2024,108,24.000000
BOSTON,2024,107,24.000000
BOSTON,2024,106,24.000000
BOSTON,2024,105,
BOSTON,2024,104,
BOSTON,2024,103,24.000000
BOSTON,2024,102,24.000000
BOSTON,2024,101,24.000000
BOSTON,2024,100,24.000000
BOSTON,2024,99,24.000000
BOSTON,2024,98,
BOSTON,2024,97,
BOSTON,2024,96,24.000000
BOSTON,2024,95,24.000000
BOSTON,2024,94,24.000000
BOSTON,2024,93,24.000000
BOSTON,2024,92,24.000000
BOSTON,2024,91,
BOSTON,2024,90,
BOSTON,2024,89,24.000000
BOSTON,2024,88,24.000000
BOSTON,2024,87,24.000000
BOSTON,2024,86,24.000000
BOSTON,2024,85,24.000000
BOSTON,2024,84,
BOSTON,2024,83,
BOSTON,2024,82,24.000000
BOSTON,2024,81,24.000000
BOSTON,2024,80,24.000000
BOSTON,2024,79,24.000000
BOSTON,2024,78,24.000000
BOSTON,2024,77,
BOSTON,2024,76,
BOSTON,2024,75,24.000000
BOSTON,2024,74,24.000000
BOSTON,2024,73,24.000000
BOSTON,2024,72,24.000000
BOSTON,2024,71,24.000000
BOSTON,2024,70,
BOSTON,2024,69,
BOSTON,2024,68,24.000000
BOSTON,2024,67,24.000000
BOSTON,2024,66,24.000000
BOSTON,2024,65,24.000000
BOSTON,2024,64,24.000000
BOSTON,2024,63,
BOSTON,2024,62,
BOSTON,2024,61,24.000000
BOSTON,2024,60,24.000000
BOSTON,2024,59,24.000000
BOSTON,2024,58,24.000000
BOSTON,2024,57,24.000000
BOSTON,2024,56,
BOSTON,2024,55,
BOSTON,2024,54,24.000000
BOSTON,2024,53,24.000000
BOSTON,2024,52,24.000000
BOSTON,2024,51,24.000000
BOSTON,2024,50,
BOSTON,2024,49,
BOSTON,2024,48,
BOSTON,2024,47,24.000000
BOSTON,2024,46,24.000000
BOSTON,2024,45,24.000000
BOSTON,2024,44,24.000000
BOSTON,2024,43,24.000000
BOSTON,2024,42,
BOSTON,2024,41,
BOSTON,2024,40,24.000000
BOSTON,2024,39,24.000000
BOSTON,2024,38,24.000000
BOSTON,2024,37,24.000000
BOSTON,2024,36,24.000000
BOSTON,2024,35,
BOSTON,2024,34,
BOSTON,2024,33,24.000000
BOSTON,2024,32,24.000000
BOSTON,2024,31,24.000000
BOSTON,2024,30,24.000000
BOSTON,2024,29,24.000000
BOSTON,2024,28,
BOSTON,2024,27,
BOSTON,2024,26,24.000000
BOSTON,2024,25,24.000000
BOSTON,2024,24,24.000000
BOSTON,2024,23,24.000000
BOSTON,2024,22,24.000000
BOSTON,2024,21,
BOSTON,2024,20,
BOSTON,2024,19,24.000000
BOSTON,2024,18,24.000000
BOSTON,2024,17,24.000000
BOSTON,2024,16,24.000000
BOSTON,2024,15,
BOSTON,2024,14,
BOSTON,2024,13,
BOSTON,2024,12,24.000000
BOSTON,2024,11,24.000000
BOSTON,2024,10,24.000000
BOSTON,2024,9,24.000000
BOSTON,2024,8,24.000000
BOSTON,2024,7,
BOSTON,2024,6,
BOSTON,2024,5,24.000000
BOSTON,2024,4,24.000000
BOSTON,2024,3,24.000000
BOSTON,2024,2,24.000000
CHICAGO,2024,366,
CHICAGO,2024,365,
CHICAGO,2024,364,
CHICAGO,2024,363,
CHICAGO,2024,362,
CHICAGO,2024,361,
CHICAGO,2024,360,
CHICAGO,2024,359,
CHICAGO,2024,358,
CHICAGO,2024,357,
CHICAGO,2024,356,
CHICAGO,2024,355,
CHICAGO,2024,354,
CHICAGO,2024,353,
CHICAGO,2024,352,
CHICAGO,2024,351,
CHICAGO,2024,350,
CHICAGO,2024,349,
CHICAGO,2024,348,
CHICAGO,2024,347,
CHICAGO,2024,346,
CHICAGO,2024,345,
CHICAGO,2024,344,
CHICAGO,2024,343,
CHICAGO,2024,342,
CHICAGO,2024,341,
CHICAGO,2024,340,
CHICAGO,2024,339,
CHICAGO,2024,338,
CHICAGO,2024,337,
CHICAGO,2024,336,
CHICAGO,2024,335,
CHICAGO,2024,334,
CHICAGO,2024,333,
CHICAGO,2024,332,
CHICAGO,2024,331,
CHICAGO,2024,330,
CHICAGO,2024,329,
CHICAGO,2024,328,
CHICAGO,2024,327,
CHICAGO,2024,326,
CHICAGO,2024,325,
CHICAGO,2024,324,
CHICAGO,2024,323,
CHICAGO,2024,322,
CHICAGO,2024,321,
CHICAGO,2024,320,
CHICAGO,2024,319,
CHICAGO,2024,318,
CHICAGO,2024,317,
CHICAGO,2024,316,
CHICAGO,2024,315,
CHICAGO,2024,314,
CHICAGO,2024,313,
CHICAGO,2024,312,
CHICAGO,2024,311,
CHICAGO,2024,310,
CHICAGO,2024,309,
CHICAGO,2024,308,
CHICAGO,2024,307,
CHICAGO,2024,306,
CHICAGO,2024,305,
CHICAGO,2024,304,
CHICAGO,2024,303,
CHICAGO,2024,302,
CHICAGO,2024,301,
CHICAGO,2024,300,
CHICAGO,2024,299,
CHICAGO,2024,298,
CHICAGO,2024,297,
CHICAGO,2024,296,
CHICAGO,2024,295,
CHICAGO,2024,294,
CHICAGO,2024,293,
CHICAGO,2024,292,
CHICAGO,2024,291,
CHICAGO,2024,290,
CHICAGO,2024,289,
CHICAGO,2024,288,
CHICAGO,2024,287,
CHICAGO,2024,286,
CHICAGO,2024,285,
CHICAGO,2024,284,
CHICAGO,2024,283,
CHICAGO,2024,282,
CHICAGO,2024,281,
CHICAGO,2024,280,
CHICAGO,2024,279,
CHICAGO,2024,278,
CHICAGO,2024,277,
CHICAGO,2024,276,
CHICAGO,2024,275,
CHICAGO,2024,274,22.500000
CHICAGO,2024,273,
CHICAGO,2024,272,
CHICAGO,2024,271,22.500000
CHICAGO,2024,270,22.500000
CHICAGO,2024,269,22.500000
CHICAGO,2024,268,22.500000
CHICAGO,2024,267,
CHICAGO,2024,266,
CHICAGO,2024,265,
CHICAGO,2024,264,22.500000
CHICAGO,2024,263,22.500000
CHICAGO,2024,262,22.500000
CHICAGO,2024,261,22.500000
CHICAGO,2024,260,22.500000
CHICAGO,2024,259,
CHICAGO,2024,258,
CHICAGO,2024,257,22.500000
CHICAGO,2024,256,22.500000
CHICAGO,2024,255,22.500000
CHICAGO,2024,254,22.500000
CHICAGO,2024,253,22.500000
CHICAGO,2024,252,
CHICAGO,2024,251,
CHICAGO,2024,250,22.500000
CHICAGO,2024,249,30.333333
CHICAGO,2024,248,30.333333
CHICAGO,2024,247,30.333333
CHICAGO,2024,246,
CHICAGO,2024,245,
CHICAGO,2024,244,
CHICAGO,2024,243,30.333333
CHICAGO,2024,242,30.333333
CHICAGO,2024,241,30.333333
CHICAGO,2024,240,30.333333
CHICAGO,2024,239,30.333333
CHICAGO,2024,238,
CHICAGO,2024,237,
CHICAGO,2024,236,30.333333
CHICAGO,2024,235,30.333333
CHICAGO,2024,234,30.333333
CHICAGO,2024,233,30.333333
CHICAGO,2024,232,30.333333
CHICAGO,2024,231,
CHICAGO,2024,230,
CHICAGO,2024,229,30.333333
CHICAGO,2024,228,30.333333
CHICAGO,2024,227,30.333333
CHICAGO,2024,226,30.333333
CHICAGO,2024,225,30.333333
CHICAGO,2024,224,
CHICAGO,2024,223,
CHICAGO,2024,222,30.333333
CHICAGO,2024,221,26.000000
CHICAGO,2024,220,26.000000
CHICAGO,2024,219,26.000000
CHICAGO,2024,218,26.000000
CHICAGO,2024,217,
CHICAGO,2024,216,
CHICAGO,2024,215,26.000000
CHICAGO,2024,214,
CHICAGO,2024,213,26.000000
CHICAGO,2024,212,26.000000
CHICAGO,2024,211,26.000000
CHICAGO,2024,210,
CHICAGO,2024,209,
CHICAGO,2024,208,26.000000
CHICAGO,2024,207,26.000000
CHICAGO,2024,206,26.000000
CHICAGO,2024,205,26.000000
CHICAGO,2024,204,26.000000
CHICAGO,2024,203,
CHICAGO,2024,202,
CHICAGO,2024,201,26.000000
CHICAGO,2024,200,26.000000
CHICAGO,2024,199,26.000000
CHICAGO,2024,198,26.000000
CHICAGO,2024,197,26.000000
CHICAGO,2024,196,
CHICAGO,2024,195,
CHICAGO,2024,194,26.000000
CHICAGO,2024,193,26.000000
CHICAGO,2024,192,26.000000
CHICAGO,2024,191,26.000000
CHICAGO,2024,190,26.000000
CHICAGO,2024,189,
CHICAGO,2024,188,
CHICAGO,2024,187,26.833333
CHICAGO,2024,186,
CHICAGO,2024,185,30.333333
CHICAGO,2024,184,30.333333
CHICAGO,2024,183,30.333333
CHICAGO,2024,182,
CHICAGO,2024,181,
CHICAGO,2024,180,30.333333
CHICAGO,2024,179,30.333333
CHICAGO,2024,178,30.333333
CHICAGO,2024,177,30.333333
CHICAGO,2024,176,30.333333
CHICAGO,2024,175,
CHICAGO,2024,174,
CHICAGO,2024,173,30.333333
CHICAGO,2024,172,35.000000
CHICAGO,2024,171,
CHICAGO,2024,170,35.000000
CHICAGO,2024,169,35.000000
CHICAGO,2024,168,
CHICAGO,2024,167,
CHICAGO,2024,166,35.000000
CHICAGO,2024,165,35.000000
CHICAGO,2024,164,35.000000
CHICAGO,2024,163,35.000000
CHICAGO,2024,162,35.000000
CHICAGO,2024,161,
CHICAGO,2024,160,
CHICAGO,2024,159,35.000000
CHICAGO,2024,158,25.416666
CHICAGO,2024,157,25.416666
CHICAGO,2024,156,25.416666
CHICAGO,2024,155,25.416666
CHICAGO,2024,154,
CHICAGO,2024,153,
CHICAGO,2024,152,25.416666
CHICAGO,2024,151,25.416666
CHICAGO,2024,150,25.416666
CHICAGO,2024,149,25.416666
CHICAGO,2024,148,
CHICAGO,2024,147,
CHICAGO,2024,146,
CHICAGO,2024,145,25.416666
CHICAGO,2024,144,25.416666
CHICAGO,2024,143,25.416666
CHICAGO,2024,142,25.416666
CHICAGO,2024,141,25.416666
CHICAGO,2024,140,
CHICAGO,2024,139,
CHICAGO,2024,138,25.416666
CHICAGO,2024,137,25.416666
CHICAGO,2024,136,25.416666
CHICAGO,2024,135,25.416666
CHICAGO,2024,134,25.416666
CHICAGO,2024,133,
CHICAGO,2024,132,
CHICAGO,2024,131,25.416666
CHICAGO,2024,130,25.416666
CHICAGO,2024,129,25.416666
CHICAGO,2024,128,25.416666
CHICAGO,2024,127,25.416666
CHICAGO,2024,126,
CHICAGO,2024,125,
CHICAGO,2024,124,25.416666
CHICAGO,2024,123,25.416666
CHICAGO,2024,122,25.416666
CHICAGO,2024,121,25.416666
CHICAGO,2024,120,25.416666
CHICAGO,2024,119,
CHICAGO,2024,118,
CHICAGO,2024,117,25.416666
CHICAGO,2024,116,25.416666
CHICAGO,2024,115,25.416666
CHICAGO,2024,114,25.416666
CHICAGO,2024,113,25.416666
CHICAGO,2024,112,
CHICAGO,2024,111,
CHICAGO,2024,110,25.416666
CHICAGO,2024,109,25.416666
CHICAGO,2024,108,25.416666
CHICAGO,2024,107,25.416666
CHICAGO,2024,106,25.416666
CHICAGO,2024,105,
CHICAGO,2024,104,
CHICAGO,2024,103,25.416666
CHICAGO,2024,102,25.416666
CHICAGO,2024,101,25.416666
CHICAGO,2024,100,25.416666
CHICAGO,2024,99,25.416666
CHICAGO,2024,98,
CHICAGO,2024,97,
CHICAGO,2024,96,25.416666
CHICAGO,2024,95,
CHICAGO,2024,94,25.416666
CHICAGO,2024,93,25.416666
CHICAGO,2024,92,25.416666
CHICAGO,2024,91,
CHICAGO,2024,90,
CHICAGO,2024,89,25.416666
CHICAGO,2024,88,25.416666
CHICAGO,2024,87,25.416666
CHICAGO,2024,86,25.416666
CHICAGO,2024,85,25.416666
CHICAGO,2024,84,
CHICAGO,2024,83,
CHICAGO,2024,82,25.416666
CHICAGO,2024,81,25.416666
CHICAGO,2024,80,25.416666
CHICAGO,2024,79,25.416666
CHICAGO,2024,78,25.416666
CHICAGO,2024,77,
CHICAGO,2024,76,
CHICAGO,2024,75,25.416666
CHICAGO,2024,74,25.416666
CHICAGO,2024,73,25.416666
CHICAGO,2024,72,27.000000
CHICAGO,2024,71,27.000000
CHICAGO,2024,70,
CHICAGO,2024,69,
CHICAGO,2024,68,27.000000
CHICAGO,2024,67,27.000000
CHICAGO,2024,66,27.000000
CHICAGO,2024,65,27.000000
CHICAGO,2024,64,27.000000
CHICAGO,2024,63,
CHICAGO,2024,62,
CHICAGO,2024,61,27.000000
CHICAGO,2024,60,27.000000
CHICAGO,2024,59,27.000000
CHICAGO,2024,58,27.000000
CHICAGO,2024,57,27.000000
CHICAGO,2024,56,
CHICAGO,2024,55,
CHICAGO,2024,54,27.000000
CHICAGO,2024,53,27.000000
CHICAGO,2024,52,27.000000
CHICAGO,2024,51,27.000000
CHICAGO,2024,50,
CHICAGO,2024,49,
CHICAGO,2024,48,
CHICAGO,2024,47,27.000000
CHICAGO,2024,46,27.000000
CHICAGO,2024,45,27.000000
CHICAGO,2024,44,27.000000
CHICAGO,2024,43,27.000000
CHICAGO,2024,42,
CHICAGO,2024,41,
CHICAGO,2024,40,27.000000
CHICAGO,2024,39,27.000000
CHICAGO,2024,38,27.000000
CHICAGO,2024,37,27.000000
CHICAGO,2024,36,27.000000
CHICAGO,2024,35,
CHICAGO,2024,34,
CHICAGO,2024,33,27.000000
CHICAGO,2024,32,27.000000
CHICAGO,2024,31,
CHICAGO,2024,30,27.000000
CHICAGO,2024,29,27.000000
CHICAGO,2024,28,
CHICAGO,2024,27,
CHICAGO,2024,26,27.000000
CHICAGO,2024,25,27.000000
CHICAGO,2024,24,37.666666
CHICAGO,2024,23,37.666666
CHICAGO,2024,22,37.666666
CHICAGO,2024,21,
CHICAGO,2024,20,
CHICAGO,2024,19,37.666666
CHICAGO,2024,18,37.666666
CHICAGO,2024,17,37.666666
CHICAGO,2024,16,37.666666
CHICAGO,2024,15,
CHICAGO,2024,14,
CHICAGO,2024,13,
CHICAGO,2024,12,37.666666
CHICAGO,2024,11,37.666666
CHICAGO,2024,10,37.666666
CHICAGO,2024,9,37.666666
CHICAGO,2024,8,37.666666
CHICAGO,2024,7,
CHICAGO,2024,6,
CHICAGO,2024,5,37.666666
CHICAGO,2024,4,37.666666
CHICAGO,2024,3,37.666666
CHICAGO,2024,2,37.666666
COLUMBIA,2024,366,
COLUMBIA,2024,365,
COLUMBIA,2024,364,
COLUMBIA,2024,363,
COLUMBIA,2024,362,
COLUMBIA,2024,361,
COLUMBIA,2024,360,
COLUMBIA,2024,359,
COLUMBIA,2024,358,
COLUMBIA,2024,357,
COLUMBIA,2024,356,
COLUMBIA,2024,355,
COLUMBIA,2024,354,
COLUMBIA,2024,353,
COLUMBIA,2024,352,
COLUMBIA,2024,351,
COLUMBIA,2024,350,
COLUMBIA,2024,349,
COLUMBIA,2024,348,
COLUMBIA,2024,347,
COLUMBIA,2024,346,
COLUMBIA,2024,345,
COLUMBIA,2024,344,
COLUMBIA,2024,343,
COLUMBIA,2024,342,
COLUMBIA,2024,341,
COLUMBIA,2024,340,
COLUMBIA,2024,339,
COLUMBIA,2024,338,
COLUMBIA,2024,337,
COLUMBIA,2024,336,
COLUMBIA,2024,335,
COLUMBIA,2024,334,
COLUMBIA,2024,333,
COLUMBIA,2024,332,
COLUMBIA,2024,331,
COLUMBIA,2024,330,
COLUMBIA,2024,329,
COLUMBIA,2024,328,
COLUMBIA,2024,327,
COLUMBIA,2024,326,
COLUMBIA,2024,325,
COLUMBIA,2024,324,
COLUMBIA,2024,323,
COLUMBIA,2024,322,
COLUMBIA,2024,321,
COLUMBIA,2024,320,
COLUMBIA,2024,319,
COLUMBIA,2024,318,
COLUMBIA,2024,317,
COLUMBIA,2024,316,
COLUMBIA,2024,315,
COLUMBIA,2024,314,
COLUMBIA,2024,313,
COLUMBIA,2024,312,
COLUMBIA,2024,311,
COLUMBIA,2024,310,
COLUMBIA,2024,309,
COLUMBIA,2024,308,
COLUMBIA,2024,307,
COLUMBIA,2024,306,
COLUMBIA,2024,305,
COLUMBIA,2024,304,
COLUMBIA,2024,303,
COLUMBIA,2024,302,
COLUMBIA,2024,301,
COLUMBIA,2024,300,
COLUMBIA,2024,299,
COLUMBIA,2024,298,
COLUMBIA,2024,297,
COLUMBIA,2024,296,
COLUMBIA,2024,295,
COLUMBIA,2024,294,
COLUMBIA,2024,293,
COLUMBIA,2024,292,
COLUMBIA,2024,291,
COLUMBIA,2024,290,
COLUMBIA,2024,289,
COLUMBIA,2024,288,
COLUMBIA,2024,287,
COLUMBIA,2024,286,
COLUMBIA,2024,285,
COLUMBIA,2024,284,
COLUMBIA,2024,283,
COLUMBIA,2024,282,
COLUMBIA,2024,281,
COLUMBIA,2024,280,
COLUMBIA,2024,279,
COLUMBIA,2024,278,
COLUMBIA,2024,277,
COLUMBIA,2024,276,
COLUMBIA,2024,275,
COLUMBIA,2024,274,32.000000
COLUMBIA,2024,273,
COLUMBIA,2024,272,
COLUMBIA,2024,271,
COLUMBIA,2024,270,32.000000
COLUMBIA,2024,269,32.000000
COLUMBIA,2024,268,32.000000
COLUMBIA,2024,267,32.000000
COLUMBIA,2024,266,
COLUMBIA,2024,265,
COLUMBIA,2024,264,32.000000
COLUMBIA,2024,263,32.000000
COLUMBIA,2024,262,32.000000
COLUMBIA,2024,261,32.000000
COLUMBIA,2024,260,32.000000
COLUMBIA,2024,259,
COLUMBIA,2024,258,
COLUMBIA,2024,257,32.000000
COLUMBIA,2024,256,32.000000
COLUMBIA,2024,255,32.000000
COLUMBIA,2024,254,32.000000
COLUMBIA,2024,253,32.000000
COLUMBIA,2024,252,
COLUMBIA,2024,251,
COLUMBIA,2024,250,29.500000
COLUMBIA,2024,249,29.500000
COLUMBIA,2024,248,29.500000
COLUMBIA,2024,247,29.500000
COLUMBIA,2024,246,
COLUMBIA,2024,245,
COLUMBIA,2024,244,
COLUMBIA,2024,243,29.500000
COLUMBIA,2024,242,29.500000
COLUMBIA,2024,241,29.500000
COLUMBIA,2024,240,29.500000
COLUMBIA,2024,239,29.500000
COLUMBIA,2024,238,
COLUMBIA,2024,237,
COLUMBIA,2024,236,29.500000
COLUMBIA,2024,235,29.500000
COLUMBIA,2024,234,29.500000
COLUMBIA,2024,233,29.500000
COLUMBIA,2024,232,29.500000
COLUMBIA,2024,231,
COLUMBIA,2024,230,
COLUMBIA,2024,229,29.500000
COLUMBIA,2024,228,29.500000
COLUMBIA,2024,227,29.500000
COLUMBIA,2024,226,29.500000
COLUMBIA,2024,225,29.500000
COLUMBIA,2024,224,
COLUMBIA,2024,223,
COLUMBIA,2024,222,
COLUMBIA,2024,221,
COLUMBIA,2024,220,
COLUMBIA,2024,219,
COLUMBIA,2024,218,
COLUMBIA,2024,217,
COLUMBIA,2024,216,
COLUMBIA,2024,215,
COLUMBIA,2024,214,
COLUMBIA,2024,213,
COLUMBIA,2024,212,
COLUMBIA,2024,211,
COLUMBIA,2024,210,
COLUMBIA,2024,209,
COLUMBIA,2024,208,
COLUMBIA,2024,207,
COLUMBIA,2024,206,
COLUMBIA,2024,205,
COLUMBIA,2024,204,
COLUMBIA,2024,203,
COLUMBIA,2024,202,
COLUMBIA,2024,201,
COLUMBIA,2024,200,
COLUMBIA,2024,199,
COLUMBIA,2024,198,
COLUMBIA,2024,197,
COLUMBIA,2024,196,
COLUMBIA,2024,195,
COLUMBIA,2024,194,
COLUMBIA,2024,193,
COLUMBIA,2024,192,
COLUMBIA,2024,191,
COLUMBIA,2024,190,
COLUMBIA,2024,189,
COLUMBIA,2024,188,
COLUMBIA,2024,187,
COLUMBIA,2024,186,
COLUMBIA,2024,185,
COLUMBIA,2024,184,
COLUMBIA,2024,183,
COLUMBIA,2024,182,
COLUMBIA,2024,181,
COLUMBIA,2024,180,
COLUMBIA,2024,179,
COLUMBIA,2024,178,
COLUMBIA,2024,177,
COLUMBIA,2024,176,
COLUMBIA,2024,175,
COLUMBIA,2024,174,
COLUMBIA,2024,173,
COLUMBIA,2024,172,
COLUMBIA,2024,171,
COLUMBIA,2024,170,
COLUMBIA,2024,169,
COLUMBIA,2024,168,
COLUMBIA,2024,167,
COLUMBIA,2024,166,
COLUMBIA,2024,165,
COLUMBIA,2024,164,
COLUMBIA,2024,163,
COLUMBIA,2024,162,
COLUMBIA,2024,161,
COLUMBIA,2024,160,
COLUMBIA,2024,159,
COLUMBIA,2024,158,
COLUMBIA,2024,157,
COLUMBIA,2024,156,
COLUMBIA,2024,155,
COLUMBIA,2024,154,
COLUMBIA,2024,153,
COLUMBIA,2024,152,
COLUMBIA,2024,151,
COLUMBIA,2024,150,
COLUMBIA,2024,149,
COLUMBIA,2024,148,
COLUMBIA,2024,147,
COLUMBIA,2024,146,
COLUMBIA,2024,145,51.500000
COLUMBIA,2024,144,51.500000
COLUMBIA,2024,143,51.500000
COLUMBIA,2024,142,51.500000
COLUMBIA,2024,141,51.500000
COLUMBIA,2024,140,
COLUMBIA,2024,139,
COLUMBIA,2024,138,
COLUMBIA,2024,137,
COLUMBIA,2024,136,
COLUMBIA,2024,135,
COLUMBIA,2024,134,
COLUMBIA,2024,133,
COLUMBIA,2024,132,
COLUMBIA,2024,131,
COLUMBIA,2024,130,
COLUMBIA,2024,129,
COLUMBIA,2024,128,
COLUMBIA,2024,127,
COLUMBIA,2024,126,
COLUMBIA,2024,125,
COLUMBIA,2024,124,
COLUMBIA,2024,123,
COLUMBIA,2024,122,
COLUMBIA,2024,121,
COLUMBIA,2024,120,
COLUMBIA,2024,119,
COLUMBIA,2024,118,
COLUMBIA,2024,117,
COLUMBIA,2024,116,
COLUMBIA,2024,115,
COLUMBIA,2024,114,
COLUMBIA,2024,113,
COLUMBIA,2024,112,
COLUMBIA,2024,111,
COLUMBIA,2024,110,
COLUMBIA,2024,109,
COLUMBIA,2024,108,
COLUMBIA,2024,107,
COLUMBIA,2024,106,
COLUMBIA,2024,105,
COLUMBIA,2024,104,
COLUMBIA,2024,103,30.500000
COLUMBIA,2024,102,30.500000
COLUMBIA,2024,101,30.500000
COLUMBIA,2024,100,30.500000
COLUMBIA,2024,99,30.500000
COLUMBIA,2024,98,
COLUMBIA,2024,97,
COLUMBIA,2024,96,30.500000
COLUMBIA,2024,95,30.500000
COLUMBIA,2024,94,30.500000
COLUMBIA,2024,93,30.500000
COLUMBIA,2024,92,30.500000
COLUMBIA,2024,91,
COLUMBIA,2024,90,
COLUMBIA,2024,89,30.000000
COLUMBIA,2024,88,30.000000
COLUMBIA,2024,87,30.000000
COLUMBIA,2024,86,30.000000
COLUMBIA,2024,85,
COLUMBIA,2024,84,
COLUMBIA,2024,83,
COLUMBIA,2024,82,
COLUMBIA,2024,81,
COLUMBIA,2024,80,
COLUMBIA,2024,79,
COLUMBIA,2024,78,
COLUMBIA,2024,77,
COLUMBIA,2024,76,
COLUMBIA,2024,75,
COLUMBIA,2024,74,
COLUMBIA,2024,73,
COLUMBIA,2024,72,
COLUMBIA,2024,71,
COLUMBIA,2024,70,
COLUMBIA,2024,69,
COLUMBIA,2024,68,
COLUMBIA,2024,67,
COLUMBIA,2024,66,
COLUMBIA,2024,65,
COLUMBIA,2024,64,
COLUMBIA,2024,63,
COLUMBIA,2024,62,
COLUMBIA,2024,61,
COLUMBIA,2024,60,
COLUMBIA,2024,59,
COLUMBIA,2024,58,
COLUMBIA,2024,57,
COLUMBIA,2024,56,
COLUMBIA,2024,55,
COLUMBIA,2024,54,
COLUMBIA,2024,53,
COLUMBIA,2024,52,
COLUMBIA,2024,51,
COLUMBIA,2024,50,
COLUMBIA,2024,49,
COLUMBIA,2024,48,
COLUMBIA,2024,47,
COLUMBIA,2024,46,
COLUMBIA,2024,45,
COLUMBIA,2024,44,
COLUMBIA,2024,43,
COLUMBIA,2024,42,
COLUMBIA,2024,41,
COLUMBIA,2024,40,
COLUMBIA,2024,39,
COLUMBIA,2024,38,
COLUMBIA,2024,37,
COLUMBIA,2024,36,
COLUMBIA,2024,35,
COLUMBIA,2024,34,
COLUMBIA,2024,33,40.000000
COLUMBIA,2024,32,40.000000
COLUMBIA,2024,31,40.000000
COLUMBIA,2024,30,40.000000
COLUMBIA,2024,29,40.000000
COLUMBIA,2024,28,
COLUMBIA,2024,27,
COLUMBIA,2024,26,40.000000
COLUMBIA,2024,25,40.000000
COLUMBIA,2024,24,40.000000
COLUMBIA,2024,23,40.000000
COLUMBIA,2024,22,40.000000
COLUMBIA,2024,21,
COLUMBIA,2024,20,
COLUMBIA,2024,19,42.000000
COLUMBIA,2024,18,42.000000
COLUMBIA,2024,17,42.000000
COLUMBIA,2024,16,42.000000
COLUMBIA,2024,15,
COLUMBIA,2024,14,
COLUMBIA,2024,13,
COLUMBIA,2024,12,42.000000
COLUMBIA,2024,11,42.000000
COLUMBIA,2024,10,42.000000
COLUMBIA,2024,9,42.000000
COLUMBIA,2024,8,42.000000
COLUMBIA,2024,7,
COLUMBIA,2024,6,
COLUMBIA,2024,5,48.000000
COLUMBIA,2024,4,48.000000
COLUMBIA,2024,3,48.000000
COLUMBIA,2024,2,48.000000
MIAMI,2024,366,
MIAMI,2024,365,
MIAMI,2024,364,
MIAMI,2024,363,
MIAMI,2024,362,
MIAMI,2024,361,
MIAMI,2024,360,
MIAMI,2024,359,
MIAMI,2024,358,
MIAMI,2024,357,
MIAMI,2024,356,
MIAMI,2024,355,
MIAMI,2024,354,
MIAMI,2024,353,
MIAMI,2024,352,
MIAMI,2024,351,
MIAMI,2024,350,
MIAMI,2024,349,
MIAMI,2024,348,
MIAMI,2024,347,
MIAMI,2024,346,
MIAMI,2024,345,
MIAMI,2024,344,
MIAMI,2024,343,
MIAMI,2024,342,
MIAMI,2024,341,
MIAMI,2024,340,
MIAMI,2024,339,
MIAMI,2024,338,
MIAMI,2024,337,
MIAMI,2024,336,
MIAMI,2024,335,
MIAMI,2024,334,
MIAMI,2024,333,
MIAMI,2024,332,
MIAMI,2024,331,
MIAMI,2024,330,
MIAMI,2024,329,
MIAMI,2024,328,
MIAMI,2024,327,
MIAMI,2024,326,
MIAMI,2024,325,
MIAMI,2024,324,
MIAMI,2024,323,
MIAMI,2024,322,
MIAMI,2024,321,
MIAMI,2024,320,
MIAMI,2024,319,
MIAMI,2024,318,
MIAMI,2024,317,
MIAMI,2024,316,
MIAMI,2024,315,
MIAMI,2024,314,
MIAMI,2024,313,
MIAMI,2024,312,
MIAMI,2024,311,
MIAMI,2024,310,
MIAMI,2024,309,
MIAMI,2024,308,
MIAMI,2024,307,
MIAMI,2024,306,
MIAMI,2024,305,
MIAMI,2024,304,
MIAMI,2024,303,
MIAMI,2024,302,
MIAMI,2024,301,
MIAMI,2024,300,
MIAMI,2024,299,
MIAMI,2024,298,
MIAMI,2024,297,
MIAMI,2024,296,
MIAMI,2024,295,
MIAMI,2024,294,
MIAMI,2024,293,
MIAMI,2024,292,
MIAMI,2024,291,
MIAMI,2024,290,
MIAMI,2024,289,
MIAMI,2024,288,
MIAMI,2024,287,
MIAMI,2024,286,
MIAMI,2024,285,
MIAMI,2024,284,
MIAMI,2024,283,
MIAMI,2024,282,
MIAMI,2024,281,
MIAMI,2024,280,
MIAMI,2024,279,
MIAMI,2024,278,
MIAMI,2024,277,
MIAMI,2024,276,
MIAMI,2024,275,
MIAMI,2024,274,39.000000
MIAMI,2024,273,
MIAMI,2024,272,
MIAMI,2024,271,39.000000
MIAMI,2024,270,39.000000
MIAMI,2024,269,39.000000
MIAMI,2024,268,39.000000
MIAMI,2024,267,39.000000
MIAMI,2024,266,
MIAMI,2024,265,
MIAMI,2024,264,39.000000
MIAMI,2024,263,39.000000
MIAMI,2024,262,39.000000
MIAMI,2024,261,39.000000
MIAMI,2024,260,39.000000
MIAMI,2024,259,
MIAMI,2024,258,
MIAMI,2024,257,39.000000
MIAMI,2024,256,39.000000
MIAMI,2024,255,39.000000
MIAMI,2024,254,39.000000
MIAMI,2024,253,39.000000
MIAMI,2024,252,
MIAMI,2024,251,
MIAMI,2024,250,39.000000
MIAMI,2024,249,39.000000
MIAMI,2024,248,39.000000
MIAMI,2024,247,39.000000
MIAMI,2024,246,
MIAMI,2024,245,
MIAMI,2024,244,
MIAMI,2024,243,39.000000
MIAMI,2024,242,39.000000
MIAMI,2024,241,39.000000
MIAMI,2024,240,39.000000
MIAMI,2024,239,39.000000
MIAMI,2024,238,
MIAMI,2024,237,
MIAMI,2024,236,39.000000
MIAMI,2024,235,39.000000
MIAMI,2024,234,39.000000
MIAMI,2024,233,39.000000
MIAMI,2024,232,39.000000
MIAMI,2024,231,
MIAMI,2024,230,
MIAMI,2024,229,39.000000
MIAMI,2024,228,39.000000
MIAMI,2024,227,39.000000
MIAMI,2024,226,39.000000
MIAMI,2024,225,39.000000
MIAMI,2024,224,
MIAMI,2024,223,
MIAMI,2024,222,39.000000
MIAMI,2024,221,39.000000
MIAMI,2024,220,39.000000
MIAMI,2024,219,39.000000
MIAMI,2024,218,39.000000
MIAMI,2024,217,
MIAMI,2024,216,
MIAMI,2024,215,39.000000
MIAMI,2024,214,
MIAMI,2024,213,39.000000
MIAMI,2024,212,39.000000
MIAMI,2024,211,39.000000
MIAMI,2024,210,
MIAMI,2024,209,
MIAMI,2024,208,39.000000
MIAMI,2024,207,39.000000
MIAMI,2024,206,39.000000
MIAMI,2024,205,39.000000
MIAMI,2024,204,39.000000
MIAMI,2024,203,
MIAMI,2024,202,
MIAMI,2024,201,39.000000
MIAMI,2024,200,39.000000
MIAMI,2024,199,39.000000
MIAMI,2024,198,39.000000
MIAMI,2024,197,39.000000
MIAMI,2024,196,
MIAMI,2024,195,
MIAMI,2024,194,39.000000
MIAMI,2024,193,39.000000
MIAMI,2024,192,39.000000
MIAMI,2024,191,39.000000
MIAMI,2024,190,39.000000
MIAMI,2024,189,
MIAMI,2024,188,
MIAMI,2024,187,39.000000
MIAMI,2024,186,
MIAMI,2024,185,39.000000
MIAMI,2024,184,39.000000
MIAMI,2024,183,39.000000
MIAMI,2024,182,
MIAMI,2024,181,
MIAMI,2024,180,39.000000
MIAMI,2024,179,39.000000
MIAMI,2024,178,39.000000
MIAMI,2024,177,39.000000
MIAMI,2024,176,39.000000
MIAMI,2024,175,
MIAMI,2024,174,
MIAMI,2024,173,39.000000
MIAMI,2024,172,39.000000
MIAMI,2024,171,
MIAMI,2024,170,39.000000
MIAMI,2024,169,39.000000
MIAMI,2024,168,
MIAMI,2024,167,
MIAMI,2024,166,33.000000
MIAMI,2024,165,33.000000
MIAMI,2024,164,33.000000
MIAMI,2024,163,33.000000
MIAMI,2024,162,33.000000
MIAMI,2024,161,
MIAMI,2024,160,
MIAMI,2024,159,33.000000
MIAMI,2024,158,33.000000
MIAMI,2024,157,33.000000
MIAMI,2024,156,33.000000
MIAMI,2024,155,33.000000
MIAMI,2024,154,
MIAMI,2024,153,
MIAMI,2024,152,33.000000
MIAMI,2024,151,33.000000
MIAMI,2024,150,33.000000
MIAMI,2024,149,33.000000
MIAMI,2024,148,
MIAMI,2024,147,
MIAMI,2024,146,
MIAMI,2024,145,33.000000
MIAMI,2024,144,33.000000
MIAMI,2024,143,33.000000
MIAMI,2024,142,33.000000
MIAMI,2024,141,33.000000
MIAMI,2024,140,
MIAMI,2024,139,
MIAMI,2024,138,33.000000
MIAMI,2024,137,33.000000
MIAMI,2024,136,33.000000
MIAMI,2024,135,33.000000
MIAMI,2024,134,33.000000
MIAMI,2024,133,
MIAMI,2024,132,
MIAMI,2024,131,33.000000
MIAMI,2024,130,33.000000
MIAMI,2024,129,33.000000
MIAMI,2024,128,33.000000
MIAMI,2024,127,33.000000
MIAMI,2024,126,
MIAMI,2024,125,
MIAMI,2024,124,33.000000
MIAMI,2024,123,33.000000
MIAMI,2024,122,33.000000
MIAMI,2024,121,33.000000
MIAMI,2024,120,33.000000
MIAMI,2024,119,
MIAMI,2024,118,
MIAMI,2024,117,33.000000
MIAMI,2024,116,33.000000
MIAMI,2024,115,33.000000
MIAMI,2024,114,33.000000
MIAMI,2024,113,33.000000
MIAMI,2024,112,
MIAMI,2024,111,
MIAMI,2024,110,33.000000
MIAMI,2024,109,33.000000
MIAMI,2024,108,33.000000
MIAMI,2024,107,33.000000
MIAMI,2024,106,33.000000
MIAMI,2024,105,
MIAMI,2024,104,
MIAMI,2024,103,33.000000
MIAMI,2024,102,33.000000
MIAMI,2024,101,33.000000
MIAMI,2024,100,33.000000
MIAMI,2024,99,33.000000
MIAMI,2024,98,
MIAMI,2024,97,
MIAMI,2024,96,33.000000
MIAMI,2024,95,33.000000
MIAMI,2024,94,33.000000
MIAMI,2024,93,33.000000
MIAMI,2024,92,33.000000
MIAMI,2024,91,
MIAMI,2024,90,
MIAMI,2024,89,33.000000
MIAMI,2024,88,33.000000
MIAMI,2024,87,33.000000
MIAMI,2024,86,33.000000
MIAMI,2024,85,33.000000
MIAMI,2024,84,
MIAMI,2024,83,
MIAMI,2024,82,33.000000
MIAMI,2024,81,33.000000
MIAMI,2024,80,33.000000
MIAMI,2024,79,33.000000
MIAMI,2024,78,33.000000
MIAMI,2024,77,
MIAMI,2024,76,
MIAMI,2024,75,33.000000
MIAMI,2024,74,33.000000
MIAMI,2024,73,33.000000
MIAMI,2024,72,33.000000
MIAMI,2024,71,33.000000
MIAMI,2024,70,
MIAMI,2024,69,
MIAMI,2024,68,33.000000
MIAMI,2024,67,33.000000
MIAMI,2024,66,33.000000
MIAMI,2024,65,33.000000
MIAMI,2024,64,33.000000
MIAMI,2024,63,
MIAMI,2024,62,
MIAMI,2024,61,33.000000
MIAMI,2024,60,33.000000
MIAMI,2024,59,33.000000
MIAMI,2024,58,33.000000
MIAMI,2024,57,33.000000
MIAMI,2024,56,
MIAMI,2024,55,
MIAMI,2024,54,33.000000
MIAMI,2024,53,33.000000
MIAMI,2024,52,33.000000
MIAMI,2024,51,33.000000
MIAMI,2024,50,
MIAMI,2024,49,
MIAMI,2024,48,
MIAMI,2024,47,33.000000
MIAMI,2024,46,33.000000
MIAMI,2024,45,33.000000
MIAMI,2024,44,33.000000
MIAMI,2024,43,33.000000
MIAMI,2024,42,
MIAMI,2024,41,
MIAMI,2024,40,33.000000
MIAMI,2024,39,33.000000
MIAMI,2024,38,33.000000
MIAMI,2024,37,33.000000
MIAMI,2024,36,33.000000
MIAMI,2024,35,
MIAMI,2024,34,
MIAMI,2024,33,33.000000
MIAMI,2024,32,33.000000
MIAMI,2024,31,33.000000
MIAMI,2024,30,33.000000
MIAMI,2024,29,33.000000
MIAMI,2024,28,
MIAMI,2024,27,
MIAMI,2024,26,33.000000
MIAMI,2024,25,33.000000
MIAMI,2024,24,33.000000
MIAMI,2024,23,33.000000
MIAMI,2024,22,33.000000
MIAMI,2024,21,
MIAMI,2024,20,
MIAMI,2024,19,33.000000
MIAMI,2024,18,33.000000
MIAMI,2024,17,33.000000
MIAMI,2024,16,33.000000
MIAMI,2024,15,
MIAMI,2024,14,
MIAMI,2024,13,
MIAMI,2024,12,33.000000
MIAMI,2024,11,33.000000
MIAMI,2024,10,33.000000
MIAMI,2024,9,33.000000
MIAMI,2024,8,33.000000
MIAMI,2024,7,
MIAMI,2024,6,
MIAMI,2024,5,33.000000
MIAMI,2024,4,33.000000
MIAMI,2024,3,33.000000
MIAMI,2024,2,33.000000
NEW YORK,2024,366,
NEW YORK,2024,365,
NEW YORK,2024,364,
NEW YORK,2024,363,
NEW YORK,2024,362,
NEW YORK,2024,361,
NEW YORK,2024,360,
NEW YORK,2024,359,
NEW YORK,2024,358,
NEW YORK,2024,357,
NEW YORK,2024,356,
NEW YORK,2024,355,
NEW YORK,2024,354,
NEW YORK,2024,353,
NEW YORK,2024,352,
NEW YORK,2024,351,
NEW YORK,2024,350,
NEW YORK,2024,349,
NEW YORK,2024,348,
NEW YORK,2024,347,
NEW YORK,2024,346,
NEW YORK,2024,345,
NEW YORK,2024,344,
NEW YORK,2024,343,
NEW YORK,2024,342,
NEW YORK,2024,341,
NEW YORK,2024,340,
NEW YORK,2024,339,
NEW YORK,2024,338,
NEW YORK,2024,337,
NEW YORK,2024,336,
NEW YORK,2024,335,
NEW YORK,2024,334,
NEW YORK,2024,333,
NEW YORK,2024,332,
NEW YORK,2024,331,
NEW YORK,2024,330,
NEW YORK,2024,329,
NEW YORK,2024,328,
NEW YORK,2024,327,
NEW YORK,2024,326,
NEW YORK,2024,325,
NEW YORK,2024,324,
NEW YORK,2024,323,
NEW YORK,2024,322,
NEW YORK,2024,321,
NEW YORK,2024,320,
NEW YORK,2024,319,
NEW YORK,2024,318,
NEW YORK,2024,317,
NEW YORK,2024,316,
NEW YORK,2024,315,
NEW YORK,2024,314,
NEW YORK,2024,313,
NEW YORK,2024,312,
NEW YORK,2024,311,
NEW YORK,2024,310,
NEW YORK,2024,309,
NEW YORK,2024,308,
NEW YORK,2024,307,
NEW YORK,2024,306,
NEW YORK,2024,305,
NEW YORK,2024,304,
NEW YORK,2024,303,
NEW YORK,2024,302,
NEW YORK,2024,301,
NEW YORK,2024,300,
NEW YORK,2024,299,
NEW YORK,2024,298,
NEW YORK,2024,297,
NEW YORK,2024,296,
NEW YORK,2024,295,
NEW YORK,2024,294,
NEW YORK,2024,293,
NEW YORK,2024,292,
NEW YORK,2024,291,
NEW YORK,2024,290,
NEW YORK,2024,289,
NEW YORK,2024,288,
NEW YORK,2024,287,
NEW YORK,2024,286,
NEW YORK,2024,285,
NEW YORK,2024,284,
NEW YORK,2024,283,
NEW YORK,2024,282,
NEW YORK,2024,281,
NEW YORK,2024,280,
NEW YORK,2024,279,
NEW YORK,2024,278,
NEW YORK,2024,277,
NEW YORK,2024,276,
NEW YORK,2024,275,
NEW YORK,2024,274,26.250000
NEW YORK,2024,273,
NEW YORK,2024,272,
NEW YORK,2024,271,26.250000
NEW YORK,2024,270,26.250000
NEW YORK,2024,269,26.250000
NEW YORK,2024,268,26.250000
NEW YORK,2024,267,26.250000
NEW YORK,2024,266,
NEW YORK,2024,265,
NEW YORK,2024,264,24.750000
NEW YORK,2024,263,24.750000
NEW YORK,2024,262,24.750000
NEW YORK,2024,261,24.750000
NEW YORK,2024,260,24.750000
NEW YORK,2024,259,
NEW YORK,2024,258,
NEW YORK,2024,257,23.333333
NEW YORK,2024,256,21.250000
NEW YORK,2024,255,21.250000
NEW YORK,2024,254,21.250000
NEW YORK,2024,253,21.250000
NEW YORK,2024,252,
NEW YORK,2024,251,
NEW YORK,2024,250,21.250000
NEW YORK,2024,249,21.250000
NEW YORK,2024,248,21.000000
NEW YORK,2024,247,21.000000
NEW YORK,2024,246,
NEW YORK,2024,245,
NEW YORK,2024,244,
NEW YORK,2024,243,21.500000
NEW YORK,2024,242,21.500000
NEW YORK,2024,241,21.500000
NEW YORK,2024,240,29.250000
NEW YORK,2024,239,29.250000
NEW YORK,2024,238,
NEW YORK,2024,237,
NEW YORK,2024,236,29.250000
NEW YORK,2024,235,29.250000
NEW YORK,2024,234,29.250000
NEW YORK,2024,233,29.250000
NEW YORK,2024,232,29.250000
NEW YORK,2024,231,
NEW YORK,2024,230,
NEW YORK,2024,229,33.250000
NEW YORK,2024,228,33.250000
NEW YORK,2024,227,33.250000
NEW YORK,2024,226,33.250000
NEW YORK,2024,225,33.250000
NEW YORK,2024,224,
NEW YORK,2024,223,
NEW YORK,2024,222,32.500000
NEW YORK,2024,221,32.500000
NEW YORK,2024,220,32.500000
NEW YORK,2024,219,38.000000
NEW YORK,2024,218,38.000000
NEW YORK,2024,217,
NEW YORK,2024,216,
NEW YORK,2024,215,38.666666
NEW YORK,2024,214,
NEW YORK,2024,213,38.666666
NEW YORK,2024,212,38.666666
NEW YORK,2024,211,38.666666
NEW YORK,2024,210,
NEW YORK,2024,209,
NEW YORK,2024,208,38.800000
NEW YORK,2024,207,38.800000
NEW YORK,2024,206,38.000000
NEW YORK,2024,205,35.600000
NEW YORK,2024,204,36.500000
NEW YORK,2024,203,
NEW YORK,2024,202,
NEW YORK,2024,201,36.500000
NEW YORK,2024,200,36.500000
NEW YORK,2024,199,36.666666
NEW YORK,2024,198,36.666666
NEW YORK,2024,197,36.666666
NEW YORK,2024,196,
NEW YORK,2024,195,
NEW YORK,2024,194,31.500000
NEW YORK,2024,193,31.500000
NEW YORK,2024,192,31.500000
NEW YORK,2024,191,31.500000
NEW YORK,2024,190,37.000000
NEW YORK,2024,189,
NEW YORK,2024,188,
NEW YORK,2024,187,
NEW YORK,2024,186,
NEW YORK,2024,185,30.500000
NEW YORK,2024,184,28.500000
NEW YORK,2024,183,28.500000
NEW YORK,2024,182,
NEW YORK,2024,181,
NEW YORK,2024,180,28.500000
NEW YORK,2024,179,29.500000
NEW YORK,2024,178,29.500000
NEW YORK,2024,177,29.500000
NEW YORK,2024,176,29.500000
NEW YORK,2024,175,
NEW YORK,2024,174,
NEW YORK,2024,173,29.500000
NEW YORK,2024,172,29.500000
NEW YORK,2024,171,
NEW YORK,2024,170,29.500000
NEW YORK,2024,169,29.500000
NEW YORK,2024,168,
NEW YORK,2024,167,
NEW YORK,2024,166,29.500000
NEW YORK,2024,165,29.500000
NEW YORK,2024,164,29.500000
NEW YORK,2024,163,29.500000
NEW YORK,2024,162,29.500000
NEW YORK,2024,161,
NEW YORK,2024,160,
NEW YORK,2024,159,29.500000
NEW YORK,2024,158,29.500000
NEW YORK,2024,157,29.500000
NEW YORK,2024,156,29.500000
NEW YORK,2024,155,29.500000
NEW YORK,2024,154,
NEW YORK,2024,153,
NEW YORK,2024,152,34.500000
NEW YORK,2024,151,34.500000
NEW YORK,2024,150,34.500000
NEW YORK,2024,149,34.500000
NEW YORK,2024,148,
NEW YORK,2024,147,
NEW YORK,2024,146,
NEW YORK,2024,145,34.500000
NEW YORK,2024,144,34.500000
NEW YORK,2024,143,34.500000
NEW YORK,2024,142,34.500000
NEW YORK,2024,141,34.500000
NEW YORK,2024,140,
NEW YORK,2024,139,
NEW YORK,2024,138,36.500000
NEW YORK,2024,137,36.500000
NEW YORK,2024,136,36.500000
NEW YORK,2024,135,36.500000
NEW YORK,2024,134,36.500000
NEW YORK,2024,133,
NEW YORK,2024,132,
NEW YORK,2024,131,36.500000
NEW YORK,2024,130,36.500000
NEW YORK,2024,129,36.500000
NEW YORK,2024,128,36.500000
NEW YORK,2024,127,36.166666
NEW YORK,2024,126,
NEW YORK,2024,125,
NEW YORK,2024,124,36.166666
NEW YORK,2024,123,36.166666
NEW YORK,2024,122,36.166666
NEW YORK,2024,121,36.166666
NEW YORK,2024,120,38.000000
NEW YORK,2024,119,
NEW YORK,2024,118,
NEW YORK,2024,117,38.666666
NEW YORK,2024,116,38.666666
NEW YORK,2024,115,38.666666
NEW YORK,2024,114,31.666666
NEW YORK,2024,113,25.500000
NEW YORK,2024,112,
NEW YORK,2024,111,
NEW YORK,2024,110,31.333333
NEW YORK,2024,109,31.333333
NEW YORK,2024,108,31.333333
NEW YORK,2024,107,31.333333
NEW YORK,2024,106,31.333333
NEW YORK,2024,105,
NEW YORK,2024,104,
NEW YORK,2024,103,34.375000
NEW YORK,2024,102,34.375000
NEW YORK,2024,101,29.250000
NEW YORK,2024,100,29.250000
NEW YORK,2024,99,30.000000
NEW YORK,2024,98,
NEW YORK,2024,97,
NEW YORK,2024,96,30.500000
NEW YORK,2024,95,30.500000
NEW YORK,2024,94,30.500000
NEW YORK,2024,93,29.000000
NEW YORK,2024,92,
NEW YORK,2024,91,
NEW YORK,2024,90,
NEW YORK,2024,89,29.750000
NEW YORK,2024,88,29.750000
NEW YORK,2024,87,29.750000
NEW YORK,2024,86,30.250000
NEW YORK,2024,85,33.200000
NEW YORK,2024,84,
NEW YORK,2024,83,
NEW YORK,2024,82,33.200000
NEW YORK,2024,81,33.200000
NEW YORK,2024,80,26.000000
NEW YORK,2024,79,26.000000
NEW YORK,2024,78,26.000000
NEW YORK,2024,77,
NEW YORK,2024,76,
NEW YORK,2024,75,26.000000
NEW YORK,2024,74,26.000000
NEW YORK,2024,73,26.000000
NEW YORK,2024,72,26.000000
NEW YORK,2024,71,27.875000
NEW YORK,2024,70,
NEW YORK,2024,69,
NEW YORK,2024,68,28.833333
NEW YORK,2024,67,28.833333
NEW YORK,2024,66,28.833333
NEW YORK,2024,65,26.000000
NEW YORK,2024,64,26.000000
NEW YORK,2024,63,
NEW YORK,2024,62,
NEW YORK,2024,61,29.166666
NEW YORK,2024,60,29.166666
NEW YORK,2024,59,28.500000
NEW YORK,2024,58,28.500000
NEW YORK,2024,57,25.500000
NEW YORK,2024,56,
NEW YORK,2024,55,
NEW YORK,2024,54,32.000000
NEW YORK,2024,53,32.000000
NEW YORK,2024,52,32.000000
NEW YORK,2024,51,25.333333
NEW YORK,2024,50,
NEW YORK,2024,49,
NEW YORK,2024,48,
NEW YORK,2024,47,24.333333
NEW YORK,2024,46,24.333333
NEW YORK,2024,45,24.333333
NEW YORK,2024,44,24.333333
NEW YORK,2024,43,25.000000
NEW YORK,2024,42,
NEW YORK,2024,41,
NEW YORK,2024,40,24.000000
NEW YORK,2024,39,24.000000
NEW YORK,2024,38,24.000000
NEW YORK,2024,37,32.333333
NEW YORK,2024,36,24.000000
NEW YORK,2024,35,
NEW YORK,2024,34,
NEW YORK,2024,33,24.000000
NEW YORK,2024,32,23.000000
NEW YORK,2024,31,22.666666
NEW YORK,2024,30,22.666666
NEW YORK,2024,29,23.500000
NEW YORK,2024,28,
NEW YORK,2024,27,
NEW YORK,2024,26,27.000000
NEW YORK,2024,25,27.000000
NEW YORK,2024,24,27.000000
NEW YORK,2024,23,26.000000
NEW YORK,2024,22,26.000000
NEW YORK,2024,21,
NEW YORK,2024,20,
NEW YORK,2024,19,29.500000
NEW YORK,2024,18,29.500000
NEW YORK,2024,17,32.000000
NEW YORK,2024,16,34.000000
NEW YORK,2024,15,
NEW YORK,2024,14,
NEW YORK,2024,13,
NEW YORK,2024,12,41.500000
NEW YORK,2024,11,41.500000
NEW YORK,2024,10,40.400000
NEW YORK,2024,9,41.750000
NEW YORK,2024,8,42.500000
NEW YORK,2024,7,
NEW YORK,2024,6,
NEW YORK,2024,5,37.500000
NEW YORK,2024,4,37.500000
NEW YORK,2024,3,37.500000
NEW YORK,2024,2,36.000000
PHILADELPHIA,2024,366,
PHILADELPHIA,2024,365,
PHILADELPHIA,2024,364,
PHILADELPHIA,2024,363,
PHILADELPHIA,2024,362,
PHILADELPHIA,2024,361,
PHILADELPHIA,2024,360,
PHILADELPHIA,2024,359,
PHILADELPHIA,2024,358,
PHILADELPHIA,2024,357,
PHILADELPHIA,2024,356,
PHILADELPHIA,2024,355,
PHILADELPHIA,2024,354,
PHILADELPHIA,2024,353,
PHILADELPHIA,2024,352,
PHILADELPHIA,2024,351,
PHILADELPHIA,2024,350,
PHILADELPHIA,2024,349,
PHILADELPHIA,2024,348,
PHILADELPHIA,2024,347,
PHILADELPHIA,2024,346,
PHILADELPHIA,2024,345,
PHILADELPHIA,2024,344,
PHILADELPHIA,2024,343,
PHILADELPHIA,2024,342,
PHILADELPHIA,2024,341,
PHILADELPHIA,2024,340,
PHILADELPHIA,2024,339,
PHILADELPHIA,2024,338,
PHILADELPHIA,2024,337,
PHILADELPHIA,2024,336,
PHILADELPHIA,2024,335,
PHILADELPHIA,2024,334,
PHILADELPHIA,2024,333,
PHILADELPHIA,2024,332,
PHILADELPHIA,2024,331,
PHILADELPHIA,2024,330,
PHILADELPHIA,2024,329,
PHILADELPHIA,2024,328,
PHILADELPHIA,2024,327,
PHILADELPHIA,2024,326,
PHILADELPHIA,2024,325,
PHILADELPHIA,2024,324,
PHILADELPHIA,2024,323,
PHILADELPHIA,2024,322,
PHILADELPHIA,2024,321,
PHILADELPHIA,2024,320,
PHILADELPHIA,2024,319,
PHILADELPHIA,2024,318,
PHILADELPHIA,2024,317,
PHILADELPHIA,2024,316,
PHILADELPHIA,2024,315,
PHILADELPHIA,2024,314,
PHILADELPHIA,2024,313,
PHILADELPHIA,2024,312,
PHILADELPHIA,2024,311,
PHILADELPHIA,2024,310,
PHILADELPHIA,2024,309,
PHILADELPHIA,2024,308,
PHILADELPHIA,2024,307,
PHILADELPHIA,2024,306,
PHILADELPHIA,2024,305,
PHILADELPHIA,2024,304,
PHILADELPHIA,2024,303,
PHILADELPHIA,2024,302,
PHILADELPHIA,2024,301,
PHILADELPHIA,2024,300,
PHILADELPHIA,2024,299,
PHILADELPHIA,2024,298,
PHILADELPHIA,2024,297,
PHILADELPHIA,2024,296,
PHILADELPHIA,2024,295,
PHILADELPHIA,2024,294,
PHILADELPHIA,2024,293,
PHILADELPHIA,2024,292,
PHILADELPHIA,2024,291,
PHILADELPHIA,2024,290,
PHILADELPHIA,2024,289,
PHILADELPHIA,2024,288,
PHILADELPHIA,2024,287,
PHILADELPHIA,2024,286,
PHILADELPHIA,2024,285,
PHILADELPHIA,2024,284,
PHILADELPHIA,2024,283,
PHILADELPHIA,2024,282,
PHILADELPHIA,2024,281,
PHILADELPHIA,2024,280,
PHILADELPHIA,2024,279,
PHILADELPHIA,2024,278,
PHILADELPHIA,2024,277,
PHILADELPHIA,2024,276,
PHILADELPHIA,2024,275,
PHILADELPHIA,2024,274,
PHILADELPHIA,2024,273,
PHILADELPHIA,2024,272,
PHILADELPHIA,2024,271,26.500000
PHILADELPHIA,2024,270,26.500000
PHILADELPHIA,2024,269,
PHILADELPHIA,2024,268,
PHILADELPHIA,2024,267,
PHILADELPHIA,2024,266,
PHILADELPHIA,2024,265,
PHILADELPHIA,2024,264,27.000000
PHILADELPHIA,2024,263,27.000000
PHILADELPHIA,2024,262,27.000000
PHILADELPHIA,2024,261,27.000000
PHILADELPHIA,2024,260,29.000000
PHILADELPHIA,2024,259,
PHILADELPHIA,2024,258,
PHILADELPHIA,2024,257,26.000000
PHILADELPHIA,2024,256,26.000000
PHILADELPHIA,2024,255,26.000000
PHILADELPHIA,2024,254,26.000000
PHILADELPHIA,2024,253,26.000000
PHILADELPHIA,2024,252,
PHILADELPHIA,2024,251,
PHILADELPHIA,2024,250,
PHILADELPHIA,2024,249,
PHILADELPHIA,2024,248,
PHILADELPHIA,2024,247,
PHILADELPHIA,2024,246,
PHILADELPHIA,2024,245,
PHILADELPHIA,2024,244,
PHILADELPHIA,2024,243,22.500000
PHILADELPHIA,2024,242,22.500000
PHILADELPHIA,2024,241,22.000000
PHILADELPHIA,2024,240,22.000000
PHILADELPHIA,2024,239,
PHILADELPHIA,2024,238,
PHILADELPHIA,2024,237,
PHILADELPHIA,2024,236,
PHILADELPHIA,2024,235,
PHILADELPHIA,2024,234,
PHILADELPHIA,2024,233,
PHILADELPHIA,2024,232,
PHILADELPHIA,2024,231,
PHILADELPHIA,2024,230,
PHILADELPHIA,2024,229,26.000000
PHILADELPHIA,2024,228,26.000000
PHILADELPHIA,2024,227,26.000000
PHILADELPHIA,2024,226,26.000000
PHILADELPHIA,2024,225,26.000000
PHILADELPHIA,2024,224,
PHILADELPHIA,2024,223,
PHILADELPHIA,2024,222,
PHILADELPHIA,2024,221,
PHILADELPHIA,2024,220,
PHILADELPHIA,2024,219,
PHILADELPHIA,2024,218,
PHILADELPHIA,2024,217,
PHILADELPHIA,2024,216,
PHILADELPHIA,2024,215,32.500000
PHILADELPHIA,2024,214,
PHILADELPHIA,2024,213,32.500000
PHILADELPHIA,2024,212,
PHILADELPHIA,2024,211,
PHILADELPHIA,2024,210,
PHILADELPHIA,2024,209,
PHILADELPHIA,2024,208,35.500000
PHILADELPHIA,2024,207,35.500000
PHILADELPHIA,2024,206,35.500000
PHILADELPHIA,2024,205,35.500000
PHILADELPHIA,2024,204,
PHILADELPHIA,2024,203,
PHILADELPHIA,2024,202,
PHILADELPHIA,2024,201,
PHILADELPHIA,2024,200,
PHILADELPHIA,2024,199,
PHILADELPHIA,2024,198,
PHILADELPHIA,2024,197,
PHILADELPHIA,2024,196,
PHILADELPHIA,2024,195,
PHILADELPHIA,2024,194,
PHILADELPHIA,2024,193,
PHILADELPHIA,2024,192,
PHILADELPHIA,2024,191,
PHILADELPHIA,2024,190,
PHILADELPHIA,2024,189,
PHILADELPHIA,2024,188,
PHILADELPHIA,2024,187,
PHILADELPHIA,2024,186,
PHILADELPHIA,2024,185,
PHILADELPHIA,2024,184,
PHILADELPHIA,2024,183,
PHILADELPHIA,2024,182,
PHILADELPHIA,2024,181,
PHILADELPHIA,2024,180,
PHILADELPHIA,2024,179,
PHILADELPHIA,2024,178,
PHILADELPHIA,2024,177,
PHILADELPHIA,2024,176,
PHILADELPHIA,2024,175,
PHILADELPHIA,2024,174,
PHILADELPHIA,2024,173,40.500000
PHILADELPHIA,2024,172,40.500000
PHILADELPHIA,2024,171,
PHILADELPHIA,2024,170,40.500000
PHILADELPHIA,2024,169,40.500000
PHILADELPHIA,2024,168,
PHILADELPHIA,2024,167,
PHILADELPHIA,2024,166,34.000000
PHILADELPHIA,2024,165,34.000000
PHILADELPHIA,2024,164,34.000000
PHILADELPHIA,2024,163,34.000000
PHILADELPHIA,2024,162,
PHILADELPHIA,2024,161,
PHILADELPHIA,2024,160,
PHILADELPHIA,2024,159,39.000000
PHILADELPHIA,2024,158,39.000000
PHILADELPHIA,2024,157,39.000000
PHILADELPHIA,2024,156,
PHILADELPHIA,2024,155,
PHILADELPHIA,2024,154,
PHILADELPHIA,2024,153,
PHILADELPHIA,2024,152,39.500000
PHILADELPHIA,2024,151,39.500000
PHILADELPHIA,2024,150,39.500000
PHILADELPHIA,2024,149,39.500000
PHILADELPHIA,2024,148,
PHILADELPHIA,2024,147,
PHILADELPHIA,2024,146,
PHILADELPHIA,2024,145,47.000000
PHILADELPHIA,2024,144,47.000000
PHILADELPHIA,2024,143,47.000000
PHILADELPHIA,2024,142,47.000000
PHILADELPHIA,2024,141,
PHILADELPHIA,2024,140,
PHILADELPHIA,2024,139,
PHILADELPHIA,2024,138,49.000000
PHILADELPHIA,2024,137,49.000000
PHILADELPHIA,2024,136,49.000000
PHILADELPHIA,2024,135,
PHILADELPHIA,2024,134,
PHILADELPHIA,2024,133,
PHILADELPHIA,2024,132,
PHILADELPHIA,2024,131,
PHILADELPHIA,2024,130,
PHILADELPHIA,2024,129,
PHILADELPHIA,2024,128,
PHILADELPHIA,2024,127,
PHILADELPHIA,2024,126,
PHILADELPHIA,2024,125,
PHILADELPHIA,2024,124,
PHILADELPHIA,2024,123,
PHILADELPHIA,2024,122,
PHILADELPHIA,2024,121,
PHILADELPHIA,2024,120,
PHILADELPHIA,2024,119,
PHILADELPHIA,2024,118,
PHILADELPHIA,2024,117,
PHILADELPHIA,2024,116,
PHILADELPHIA,2024,115,
PHILADELPHIA,2024,114,
PHILADELPHIA,2024,113,
PHILADELPHIA,2024,112,
PHILADELPHIA,2024,111,
PHILADELPHIA,2024,110,
PHILADELPHIA,2024,109,
PHILADELPHIA,2024,108,
PHILADELPHIA,2024,107,
PHILADELPHIA,2024,106,
PHILADELPHIA,2024,105,
PHILADELPHIA,2024,104,
PHILADELPHIA,2024,103,39.000000
PHILADELPHIA,2024,102,39.000000
PHILADELPHIA,2024,101,
PHILADELPHIA,2024,100,
PHILADELPHIA,2024,99,
PHILADELPHIA,2024,98,
PHILADELPHIA,2024,97,
PHILADELPHIA,2024,96,38.000000
PHILADELPHIA,2024,95,38.000000
PHILADELPHIA,2024,94,38.000000
PHILADELPHIA,2024,93,38.000000
PHILADELPHIA,2024,92,
PHILADELPHIA,2024,91,
PHILADELPHIA,2024,90,
PHILADELPHIA,2024,89,
PHILADELPHIA,2024,88,
PHILADELPHIA,2024,87,
PHILADELPHIA,2024,86,
PHILADELPHIA,2024,85,
PHILADELPHIA,2024,84,
PHILADELPHIA,2024,83,
PHILADELPHIA,2024,82,
PHILADELPHIA,2024,81,
PHILADELPHIA,2024,80,
PHILADELPHIA,2024,79,
PHILADELPHIA,2024,78,
PHILADELPHIA,2024,77,
PHILADELPHIA,2024,76,
PHILADELPHIA,2024,75,31.750000
PHILADELPHIA,2024,74,31.750000
PHILADELPHIA,2024,73,31.000000
PHILADELPHIA,2024,72,31.000000
PHILADELPHIA,2024,71,31.000000
PHILADELPHIA,2024,70,
PHILADELPHIA,2024,69,
PHILADELPHIA,2024,68,
PHILADELPHIA,2024,67,
PHILADELPHIA,2024,66,
PHILADELPHIA,2024,65,
PHILADELPHIA,2024,64,
PHILADELPHIA,2024,63,
PHILADELPHIA,2024,62,
PHILADELPHIA,2024,61,27.000000
PHILADELPHIA,2024,60,27.000000
PHILADELPHIA,2024,59,27.000000
PHILADELPHIA,2024,58,
PHILADELPHIA,2024,57,
PHILADELPHIA,2024,56,
PHILADELPHIA,2024,55,
PHILADELPHIA,2024,54,28.000000
PHILADELPHIA,2024,53,28.000000
PHILADELPHIA,2024,52,28.000000
PHILADELPHIA,2024,51,
PHILADELPHIA,2024,50,
PHILADELPHIA,2024,49,
PHILADELPHIA,2024,48,
PHILADELPHIA,2024,47,26.000000
PHILADELPHIA,2024,46,26.000000
PHILADELPHIA,2024,45,26.000000
PHILADELPHIA,2024,44,29.000000
PHILADELPHIA,2024,43,29.000000
PHILADELPHIA,2024,42,
PHILADELPHIA,2024,41,
PHILADELPHIA,2024,40,26.000000
PHILADELPHIA,2024,39,26.000000
PHILADELPHIA,2024,38,26.000000
PHILADELPHIA,2024,37,26.000000
PHILADELPHIA,2024,36,
PHILADELPHIA,2024,35,
PHILADELPHIA,2024,34,
PHILADELPHIA,2024,33,
PHILADELPHIA,2024,32,
PHILADELPHIA,2024,31,
PHILADELPHIA,2024,30,
PHILADELPHIA,2024,29,
PHILADELPHIA,2024,28,
PHILADELPHIA,2024,27,
PHILADELPHIA,2024,26,27.000000
PHILADELPHIA,2024,25,27.000000
PHILADELPHIA,2024,24,27.000000
PHILADELPHIA,2024,23,27.000000
PHILADELPHIA,2024,22,27.000000
PHILADELPHIA,2024,21,
PHILADELPHIA,2024,20,
PHILADELPHIA,2024,19,
PHILADELPHIA,2024,18,
PHILADELPHIA,2024,17,
PHILADELPHIA,2024,16,
PHILADELPHIA,2024,15,
PHILADELPHIA,2024,14,
PHILADELPHIA,2024,13,
PHILADELPHIA,2024,12,42.833333
PHILADELPHIA,2024,11,42.833333
PHILADELPHIA,2024,10,42.833333
PHILADELPHIA,2024,9,42.833333
PHILADELPHIA,2024,8,48.000000
PHILADELPHIA,2024,7,
PHILADELPHIA,2024,6,
PHILADELPHIA,2024,5,44.666666
PHILADELPHIA,2024,4,40.500000
PHILADELPHIA,2024,3,40.500000
PHILADELPHIA,2024,2,33.000000
BALTIMORE,2023,366,
BALTIMORE,2023,365,
BALTIMORE,2023,364,
BALTIMORE,2023,363,55.500000
BALTIMORE,2023,362,55.500000
BALTIMORE,2023,361,55.500000
BALTIMORE,2023,360,55.500000
BALTIMORE,2023,359,
BALTIMORE,2023,358,
BALTIMORE,2023,357,
BALTIMORE,2023,356,55.500000
BALTIMORE,2023,355,55.500000
BALTIMORE,2023,354,55.500000
BALTIMORE,2023,353,55.500000
BALTIMORE,2023,352,55.500000
BALTIMORE,2023,351,
BALTIMORE,2023,350,
BALTIMORE,2023,349,55.500000
BALTIMORE,2023,348,55.500000
BALTIMORE,2023,347,55.500000
BALTIMORE,2023,346,55.500000
BALTIMORE,2023,345,55.500000
BALTIMORE,2023,344,
BALTIMORE,2023,343,
BALTIMORE,2023,342,55.500000
BALTIMORE,2023,341,55.500000
BALTIMORE,2023,340,55.500000
BALTIMORE,2023,339,55.500000
BALTIMORE,2023,338,55.500000
BALTIMORE,2023,337,
BALTIMORE,2023,336,
BALTIMORE,2023,335,42.500000
BALTIMORE,2023,334,42.500000
BALTIMORE,2023,333,42.500000
BALTIMORE,2023,332,42.500000
BALTIMORE,2023,331,42.500000
BALTIMORE,2023,330,
BALTIMORE,2023,329,
BALTIMORE,2023,328,42.500000
BALTIMORE,2023,327,
BALTIMORE,2023,326,42.500000
BALTIMORE,2023,325,42.500000
BALTIMORE,2023,324,42.500000
BALTIMORE,2023,323,
BALTIMORE,2023,322,
BALTIMORE,2023,321,42.500000
BALTIMORE,2023,320,42.500000
BALTIMORE,2023,319,41.000000
BALTIMORE,2023,318,41.000000
BALTIMORE,2023,317,41.000000
BALTIMORE,2023,316,
BALTIMORE,2023,315,
BALTIMORE,2023,314,
BALTIMORE,2023,313,41.000000
BALTIMORE,2023,312,41.000000
BALTIMORE,2023,311,41.000000
BALTIMORE,2023,310,35.250000
BALTIMORE,2023,309,
BALTIMORE,2023,308,
BALTIMORE,2023,307,35.250000
BALTIMORE,2023,306,35.250000
BALTIMORE,2023,305,35.250000
BALTIMORE,2023,304,34.500000
BALTIMORE,2023,303,34.500000
BALTIMORE,2023,302,
BALTIMORE,2023,301,
BALTIMORE,2023,300,34.500000
BALTIMORE,2023,299,34.500000
BALTIMORE,2023,298,34.500000
BALTIMORE,2023,297,34.500000
BALTIMORE,2023,296,34.500000
BALTIMORE,2023,295,
BALTIMORE,2023,294,
BALTIMORE,2023,293,30.750000
BALTIMORE,2023,292,30.750000
BALTIMORE,2023,291,30.750000
BALTIMORE,2023,290,30.750000
BALTIMORE,2023,289,29.500000
BALTIMORE,2023,288,
BALTIMORE,2023,287,
BALTIMORE,2023,286,29.500000
BALTIMORE,2023,285,29.500000
BALTIMORE,2023,284,29.500000
BALTIMORE,2023,283,29.500000
BALTIMORE,2023,282,
BALTIMORE,2023,281,
BALTIMORE,2023,280,
BALTIMORE,2023,279,29.500000
BALTIMORE,2023,278,29.500000
BALTIMORE,2023,277,29.500000
BALTIMORE,2023,276,29.500000
BALTIMORE,2023,275,29.750000
BALTIMORE,2023,274,
BALTIMORE,2023,273,
BALTIMORE,2023,272,29.750000
BALTIMORE,2023,271,29.750000
BALTIMORE,2023,270,29.750000
BALTIMORE,2023,269,29.750000
BALTIMORE,2023,268,33.500000
BALTIMORE,2023,267,
BALTIMORE,2023,266,
BALTIMORE,2023,265,34.000000
BALTIMORE,2023,264,34.000000
BALTIMORE,2023,263,34.000000
BALTIMORE,2023,262,34.000000
BALTIMORE,2023,261,34.000000
BALTIMORE,2023,260,
BALTIMORE,2023,259,
BALTIMORE,2023,258,
BALTIMORE,2023,257,34.500000
BALTIMORE,2023,256,34.500000
BALTIMORE,2023,255,34.500000
BALTIMORE,2023,254,34.500000
BALTIMORE,2023,253,
BALTIMORE,2023,252,
BALTIMORE,2023,251,35.750000
BALTIMORE,2023,250,35.750000
BALTIMORE,2023,249,35.750000
BALTIMORE,2023,248,35.750000
BALTIMORE,2023,247,
BALTIMORE,2023,246,
BALTIMORE,2023,245,
BALTIMORE,2023,244,34.000000
BALTIMORE,2023,243,34.000000
BALTIMORE,2023,242,34.333333
BALTIMORE,2023,241,34.333333
BALTIMORE,2023,240,34.333333
BALTIMORE,2023,239,
BALTIMORE,2023,238,
BALTIMORE,2023,237,34.333333
BALTIMORE,2023,236,34.333333
BALTIMORE,2023,235,34.333333
BALTIMORE,2023,234,34.333333
BALTIMORE,2023,233,34.333333
BALTIMORE,2023,232,
BALTIMORE,2023,231,
BALTIMORE,2023,230,35.166666
BALTIMORE,2023,229,35.166666
BALTIMORE,2023,228,35.166666
BALTIMORE,2023,227,35.166666
BALTIMORE,2023,226,35.500000
BALTIMORE,2023,225,
BALTIMORE,2023,224,
BALTIMORE,2023,223,35.500000
BALTIMORE,2023,222,35.666666
BALTIMORE,2023,221,35.666666
BALTIMORE,2023,220,36.166666
BALTIMORE,2023,219,36.166666
BALTIMORE,2023,218,
BALTIMORE,2023,217,
BALTIMORE,2023,216,44.500000
BALTIMORE,2023,215,44.500000
BALTIMORE,2023,214,44.500000
BALTIMORE,2023,213,44.500000
BALTIMORE,2023,212,44.500000
BALTIMORE,2023,211,
BALTIMORE,2023,210,
BALTIMORE,2023,209,44.500000
BALTIMORE,2023,208,44.500000
BALTIMORE,2023,207,38.000000
BALTIMORE,2023,206,38.000000
BALTIMORE,2023,205,38.000000
BALTIMORE,2023,204,
BALTIMORE,2023,203,
BALTIMORE,2023,202,38.000000
BALTIMORE,2023,201,38.000000
BALTIMORE,2023,200,38.000000
BALTIMORE,2023,199,38.000000
BALTIMORE,2023,198,38.000000
BALTIMORE,2023,197,
BALTIMORE,2023,196,
BALTIMORE,2023,195,37.000000
BALTIMORE,2023,194,37.000000
BALTIMORE,2023,193,37.000000
BALTIMORE,2023,192,37.000000
BALTIMORE,2023,191,37.000000
BALTIMORE,2023,190,
BALTIMORE,2023,189,
BALTIMORE,2023,188,36.500000
BALTIMORE,2023,187,36.500000
BALTIMORE,2023,186,36.500000
BALTIMORE,2023,185,
BALTIMORE,2023,184,36.500000
BALTIMORE,2023,183,
BALTIMORE,2023,182,
BALTIMORE,2023,181,28.000000
BALTIMORE,2023,180,28.000000
BALTIMORE,2023,179,28.000000
BALTIMORE,2023,178,28.000000
BALTIMORE,2023,177,28.000000
BALTIMORE,2023,176,
BALTIMORE,2023,175,
BALTIMORE,2023,174,28.000000
BALTIMORE,2023,173,28.000000
BALTIMORE,2023,172,28.000000
BALTIMORE,2023,171,28.000000
BALTIMORE,2023,170,
BALTIMORE,2023,169,
BALTIMORE,2023,168,
BALTIMORE,2023,167,28.000000
BALTIMORE,2023,166,28.000000
BALTIMORE,2023,165,28.000000
BALTIMORE,2023,164,32.000000
BALTIMORE,2023,163,32.000000
BALTIMORE,2023,162,
BALTIMORE,2023,161,
BALTIMORE,2023,160,32.000000
BALTIMORE,2023,159,32.000000
BALTIMORE,2023,158,32.000000
BALTIMORE,2023,157,32.000000
BALTIMORE,2023,156,32.000000
BALTIMORE,2023,155,
BALTIMORE,2023,154,
BALTIMORE,2023,153,32.000000
BALTIMORE,2023,152,32.000000
BALTIMORE,2023,151,32.000000
BALTIMORE,2023,150,32.000000
BALTIMORE,2023,149,
BALTIMORE,2023,148,
BALTIMORE,2023,147,
BALTIMORE,2023,146,32.000000
BALTIMORE,2023,145,32.000000
BALTIMORE,2023,144,32.000000
BALTIMORE,2023,143,32.000000
BALTIMORE,2023,142,32.000000
BALTIMORE,2023,141,
BALTIMORE,2023,140,
BALTIMORE,2023,139,35.000000
BALTIMORE,2023,138,35.000000
BALTIMORE,2023,137,35.000000
BALTIMORE,2023,136,35.000000
BALTIMORE,2023,135,35.000000
BALTIMORE,2023,134,
BALTIMORE,2023,133,
BALTIMORE,2023,132,35.000000
BALTIMORE,2023,131,
BALTIMORE,2023,130,25.000000
BALTIMORE,2023,129,25.000000
BALTIMORE,2023,128,25.000000
BALTIMORE,2023,127,
BALTIMORE,2023,126,
BALTIMORE,2023,125,23.500000
BALTIMORE,2023,124,23.500000
BALTIMORE,2023,123,23.500000
BALTIMORE,2023,122,23.500000
BALTIMORE,2023,121,23.500000
BALTIMORE,2023,120,
BALTIMORE,2023,119,
BALTIMORE,2023,118,25.065000
BALTIMORE,2023,117,25.065000
BALTIMORE,2023,116,25.065000
BALTIMORE,2023,115,25.065000
BALTIMORE,2023,114,25.065000
BALTIMORE,2023,113,
BALTIMORE,2023,112,
BALTIMORE,2023,111,25.375000
BALTIMORE,2023,110,25.375000
BALTIMORE,2023,109,26.125000
BALTIMORE,2023,108,26.125000
BALTIMORE,2023,107,26.125000
BALTIMORE,2023,106,
BALTIMORE,2023,105,
BALTIMORE,2023,104,25.250000
BALTIMORE,2023,103,25.250000
BALTIMORE,2023,102,25.666666
BALTIMORE,2023,101,25.666666
BALTIMORE,2023,100,24.250000
BALTIMORE,2023,99,
BALTIMORE,2023,98,
BALTIMORE,2023,97,24.500000
BALTIMORE,2023,96,24.500000
BALTIMORE,2023,95,24.750000
BALTIMORE,2023,94,25.000000
BALTIMORE,2023,93,25.000000
BALTIMORE,2023,92,
BALTIMORE,2023,91,
BALTIMORE,2023,90,25.000000
BALTIMORE,2023,89,25.000000
BALTIMORE,2023,88,25.000000
BALTIMORE,2023,87,25.000000
BALTIMORE,2023,86,25.000000
BALTIMORE,2023,85,
BALTIMORE,2023,84,
BALTIMORE,2023,83,25.000000
BALTIMORE,2023,82,25.000000
BALTIMORE,2023,81,25.000000
BALTIMORE,2023,80,25.000000
BALTIMORE,2023,79,25.000000
BALTIMORE,2023,78,
BALTIMORE,2023,77,
BALTIMORE,2023,76,24.000000
BALTIMORE,2023,75,24.000000
BALTIMORE,2023,74,24.000000
BALTIMORE,2023,73,24.000000
BALTIMORE,2023,72,23.500000
BALTIMORE,2023,71,
BALTIMORE,2023,70,
BALTIMORE,2023,69,23.500000
BALTIMORE,2023,68,23.500000
BALTIMORE,2023,67,23.500000
BALTIMORE,2023,66,23.500000
BALTIMORE,2023,65,23.500000
BALTIMORE,2023,64,
BALTIMORE,2023,63,
BALTIMORE,2023,62,23.500000
BALTIMORE,2023,61,23.500000
BALTIMORE,2023,60,23.500000
BALTIMORE,2023,59,23.500000
BALTIMORE,2023,58,24.000000
BALTIMORE,2023,57,
BALTIMORE,2023,56,
BALTIMORE,2023,55,24.000000
BALTIMORE,2023,54,24.000000
BALTIMORE,2023,53,24.000000
BALTIMORE,2023,52,24.000000
BALTIMORE,2023,51,
BALTIMORE,2023,50,
BALTIMORE,2023,49,
BALTIMORE,2023,48,24.000000
BALTIMORE,2023,47,24.000000
BALTIMORE,2023,46,24.000000
BALTIMORE,2023,45,24.000000
BALTIMORE,2023,44,24.000000
BALTIMORE,2023,43,
BALTIMORE,2023,42,
BALTIMORE,2023,41,24.000000
BALTIMORE,2023,40,24.000000
BALTIMORE,2023,39,24.000000
BALTIMORE,2023,38,24.000000
BALTIMORE,2023,37,24.000000
BALTIMORE,2023,36,
BALTIMORE,2023,35,
BALTIMORE,2023,34,24.000000
BALTIMORE,2023,33,24.000000
BALTIMORE,2023,32,24.000000
BALTIMORE,2023,31,24.000000
BALTIMORE,2023,30,24.000000
BALTIMORE,2023,29,
BALTIMORE,2023,28,
BALTIMORE,2023,27,24.000000
BALTIMORE,2023,26,24.000000
BALTIMORE,2023,25,24.000000
BALTIMORE,2023,24,24.000000
BALTIMORE,2023,23,24.000000
BALTIMORE,2023,22,
BALTIMORE,2023,21,
BALTIMORE,2023,20,26.000000
BALTIMORE,2023,19,26.000000
BALTIMORE,2023,18,26.000000
BALTIMORE,2023,17,26.000000
BALTIMORE,2023,16,
BALTIMORE,2023,15,
BALTIMORE,2023,14,
BALTIMORE,2023,13,26.000000
BALTIMORE,2023,12,26.000000
BALTIMORE,2023,11,26.000000
BALTIMORE,2023,10,26.000000
BALTIMORE,2023,9,26.000000
BALTIMORE,2023,8,
BALTIMORE,2023,7,
BALTIMORE,2023,6,26.000000
BALTIMORE,2023,5,26.000000
BALTIMORE,2023,4,27.500000
BALTIMORE,2023,3,27.500000
BALTIMORE,2023,2,
BOSTON,2023,366,
BOSTON,2023,365,
BOSTON,2023,364,
BOSTON,2023,363,24.000000
BOSTON,2023,362,24.000000
BOSTON,2023,361,24.000000
BOSTON,2023,360,24.000000
BOSTON,2023,359,
BOSTON,2023,358,
BOSTON,2023,357,
BOSTON,2023,356,24.000000
BOSTON,2023,355,24.000000
BOSTON,2023,354,24.000000
BOSTON,2023,353,24.000000
BOSTON,2023,352,24.000000
BOSTON,2023,351,
BOSTON,2023,350,
BOSTON,2023,349,24.000000
BOSTON,2023,348,24.000000
BOSTON,2023,347,24.000000
BOSTON,2023,346,24.000000
BOSTON,2023,345,24.000000
BOSTON,2023,344,
BOSTON,2023,343,
BOSTON,2023,342,24.000000
BOSTON,2023,341,24.000000
BOSTON,2023,340,24.000000
BOSTON,2023,339,24.000000
BOSTON,2023,338,24.000000
BOSTON,2023,337,
BOSTON,2023,336,
BOSTON,2023,335,24.000000
BOSTON,2023,334,24.000000
BOSTON,2023,333,24.000000
BOSTON,2023,332,24.000000
BOSTON,2023,331,24.000000
BOSTON,2023,330,
BOSTON,2023,329,
BOSTON,2023,328,24.000000
BOSTON,2023,327,
BOSTON,2023,326,24.000000
BOSTON,2023,325,24.000000
BOSTON,2023,324,24.500000
BOSTON,2023,323,
BOSTON,2023,322,
BOSTON,2023,321,24.500000
BOSTON,2023,320,24.500000
BOSTON,2023,319,24.500000
BOSTON,2023,318,24.500000
BOSTON,2023,317,24.500000
BOSTON,2023,316,
BOSTON,2023,315,
BOSTON,2023,314,
BOSTON,2023,313,24.500000
BOSTON,2023,312,24.500000
BOSTON,2023,311,24.500000
BOSTON,2023,310,24.500000
BOSTON,2023,309,
BOSTON,2023,308,
BOSTON,2023,307,24.500000
BOSTON,2023,306,24.500000
BOSTON,2023,305,24.500000
BOSTON,2023,304,24.500000
BOSTON,2023,303,24.500000
BOSTON,2023,302,
BOSTON,2023,301,
BOSTON,2023,300,24.500000
BOSTON,2023,299,24.500000
BOSTON,2023,298,24.500000
BOSTON,2023,297,24.500000
BOSTON,2023,296,24.500000
BOSTON,2023,295,
BOSTON,2023,294,
BOSTON,2023,293,24.500000
BOSTON,2023,292,24.500000
BOSTON,2023,291,24.500000
BOSTON,2023,290,24.500000
BOSTON,2023,289,24.500000
BOSTON,2023,288,
BOSTON,2023,287,
BOSTON,2023,286,24.500000
BOSTON,2023,285,24.500000
BOSTON,2023,284,24.500000
BOSTON,2023,283,24.500000
BOSTON,2023,282,
BOSTON,2023,281,
BOSTON,2023,280,
BOSTON,2023,279,24.500000
BOSTON,2023,278,24.500000
BOSTON,2023,277,24.500000
BOSTON,2023,276,24.500000
BOSTON,2023,275,24.500000
BOSTON,2023,274,
BOSTON,2023,273,
BOSTON,2023,272,24.500000
BOSTON,2023,271,24.500000
BOSTON,2023,270,24.500000
BOSTON,2023,269,24.500000
BOSTON,2023,268,24.500000
BOSTON,2023,267,
BOSTON,2023,266,
BOSTON,2023,265,24.500000
BOSTON,2023,264,30.000000
BOSTON,2023,263,30.000000
BOSTON,2023,262,30.000000
BOSTON,2023,261,30.000000
BOSTON,2023,260,
BOSTON,2023,259,
BOSTON,2023,258,30.000000
BOSTON,2023,257,30.000000
BOSTON,2023,256,30.000000
BOSTON,2023,255,30.000000
BOSTON,2023,254,30.000000
BOSTON,2023,253,
BOSTON,2023,252,
BOSTON,2023,251,30.000000
BOSTON,2023,250,30.000000
BOSTON,2023,249,30.000000
BOSTON,2023,248,30.000000
BOSTON,2023,247,
BOSTON,2023,246,
BOSTON,2023,245,
BOSTON,2023,244,30.000000
BOSTON,2023,243,30.000000
BOSTON,2023,242,30.000000
BOSTON,2023,241,30.000000
BOSTON,2023,240,30.000000
BOSTON,2023,239,
BOSTON,2023,238,
BOSTON,2023,237,30.000000
BOSTON,2023,236,30.000000
BOSTON,2023,235,30.000000
BOSTON,2023,234,30.000000
BOSTON,2023,233,30.000000
BOSTON,2023,232,
BOSTON,2023,231,
BOSTON,2023,230,30.000000
BOSTON,2023,229,30.000000
BOSTON,2023,228,30.000000
BOSTON,2023,227,30.000000
BOSTON,2023,226,30.000000
BOSTON,2023,225,
BOSTON,2023,224,
BOSTON,2023,223,30.000000
BOSTON,2023,222,30.000000
BOSTON,2023,221,30.000000
BOSTON,2023,220,30.000000
BOSTON,2023,219,30.000000
BOSTON,2023,218,
BOSTON,2023,217,
BOSTON,2023,216,30.000000
BOSTON,2023,215,30.000000
BOSTON,2023,214,30.000000
BOSTON,2023,213,30.000000
BOSTON,2023,212,30.000000
BOSTON,2023,211,
BOSTON,2023,210,
BOSTON,2023,209,30.000000
BOSTON,2023,208,30.000000
BOSTON,2023,207,30.000000
BOSTON,2023,206,30.000000
BOSTON,2023,205,30.000000
BOSTON,2023,204,
BOSTON,2023,203,
BOSTON,2023,202,30.000000
BOSTON,2023,201,30.000000
BOSTON,2023,200,30.000000
BOSTON,2023,199,30.000000
BOSTON,2023,198,29.000000
BOSTON,2023,197,
BOSTON,2023,196,
BOSTON,2023,195,29.000000
BOSTON,2023,194,29.000000
BOSTON,2023,193,27.250000
BOSTON,2023,192,27.250000
BOSTON,2023,191,27.250000
BOSTON,2023,190,
BOSTON,2023,189,
BOSTON,2023,188,27.250000
BOSTON,2023,187,27.250000
BOSTON,2023,186,27.250000
BOSTON,2023,185,
BOSTON,2023,184,27.250000
BOSTON,2023,183,
BOSTON,2023,182,
BOSTON,2023,181,27.250000
BOSTON,2023,180,27.250000
BOSTON,2023,179,27.250000
BOSTON,2023,178,27.250000
BOSTON,2023,177,27.250000
BOSTON,2023,176,
BOSTON,2023,175,
BOSTON,2023,174,26.750000
BOSTON,2023,173,26.750000
BOSTON,2023,172,26.750000
BOSTON,2023,171,27.750000
BOSTON,2023,170,
BOSTON,2023,169,
BOSTON,2023,168,
BOSTON,2023,167,27.750000
BOSTON,2023,166,27.750000
BOSTON,2023,165,27.750000
BOSTON,2023,164,28.750000
BOSTON,2023,163,28.750000
BOSTON,2023,162,
BOSTON,2023,161,
BOSTON,2023,160,28.750000
BOSTON,2023,159,28.750000
BOSTON,2023,158,28.750000
BOSTON,2023,157,20.500000
BOSTON,2023,156,20.500000
BOSTON,2023,155,
BOSTON,2023,154,
BOSTON,2023,153,20.500000
BOSTON,2023,152,21.000000
BOSTON,2023,151,21.000000
BOSTON,2023,150,21.000000
BOSTON,2023,149,
BOSTON,2023,148,
BOSTON,2023,147,
BOSTON,2023,146,21.000000
BOSTON,2023,145,21.000000
BOSTON,2023,144,21.000000
BOSTON,2023,143,21.000000
BOSTON,2023,142,21.000000
BOSTON,2023,141,
BOSTON,2023,140,
BOSTON,2023,139,21.000000
BOSTON,2023,138,21.000000
BOSTON,2023,137,21.000000
BOSTON,2023,136,21.000000
BOSTON,2023,135,21.000000
BOSTON,2023,134,
BOSTON,2023,133,
BOSTON,2023,132,21.000000
BOSTON,2023,131,21.000000
BOSTON,2023,130,21.000000
BOSTON,2023,129,21.000000
BOSTON,2023,128,21.000000
BOSTON,2023,127,
BOSTON,2023,126,
BOSTON,2023,125,21.000000
BOSTON,2023,124,21.000000
BOSTON,2023,123,26.000000
BOSTON,2023,122,26.000000
BOSTON,2023,121,26.000000
BOSTON,2023,120,
BOSTON,2023,119,
BOSTON,2023,118,26.000000
BOSTON,2023,117,26.000000
BOSTON,2023,116,26.000000
BOSTON,2023,115,26.000000
BOSTON,2023,114,26.000000
BOSTON,2023,113,
BOSTON,2023,112,
BOSTON,2023,111,26.000000
BOSTON,2023,110,26.000000
BOSTON,2023,109,26.000000
BOSTON,2023,108,23.000000
BOSTON,2023,107,23.000000
BOSTON,2023,106,
BOSTON,2023,105,
BOSTON,2023,104,23.000000
BOSTON,2023,103,23.000000
BOSTON,2023,102,23.000000
BOSTON,2023,101,23.000000
BOSTON,2023,100,23.000000
BOSTON,2023,99,
BOSTON,2023,98,
BOSTON,2023,97,26.500000
BOSTON,2023,96,26.500000
BOSTON,2023,95,26.500000
BOSTON,2023,94,26.500000
BOSTON,2023,93,26.500000
BOSTON,2023,92,
BOSTON,2023,91,
BOSTON,2023,90,27.500000
BOSTON,2023,89,27.500000
BOSTON,2023,88,27.500000
BOSTON,2023,87,27.500000
BOSTON,2023,86,27.500000
BOSTON,2023,85,
BOSTON,2023,84,
BOSTON,2023,83,27.500000
BOSTON,2023,82,27.500000
BOSTON,2023,81,27.500000
BOSTON,2023,80,27.500000
BOSTON,2023,79,27.500000
BOSTON,2023,78,
BOSTON,2023,77,
BOSTON,2023,76,27.500000
BOSTON,2023,75,27.500000
BOSTON,2023,74,27.500000
BOSTON,2023,73,27.500000
BOSTON,2023,72,27.500000
BOSTON,2023,71,
BOSTON,2023,70,
BOSTON,2023,69,26.000000
BOSTON,2023,68,26.000000
BOSTON,2023,67,26.000000
BOSTON,2023,66,25.500000
BOSTON,2023,65,29.000000
BOSTON,2023,64,
BOSTON,2023,63,
BOSTON,2023,62,29.000000
BOSTON,2023,61,29.000000
BOSTON,2023,60,29.000000
BOSTON,2023,59,29.000000
BOSTON,2023,58,29.000000
BOSTON,2023,57,
BOSTON,2023,56,
BOSTON,2023,55,29.000000
BOSTON,2023,54,29.000000
BOSTON,2023,53,29.000000
BOSTON,2023,52,29.000000
BOSTON,2023,51,
BOSTON,2023,50,
BOSTON,2023,49,
BOSTON,2023,48,29.000000
BOSTON,2023,47,29.000000
BOSTON,2023,46,29.000000
BOSTON,2023,45,29.000000
BOSTON,2023,44,29.000000
BOSTON,2023,43,
BOSTON,2023,42,
BOSTON,2023,41,29.000000
BOSTON,2023,40,26.000000
BOSTON,2023,39,26.000000
BOSTON,2023,38,26.000000
BOSTON,2023,37,26.000000
BOSTON,2023,36,
BOSTON,2023,35,
BOSTON,2023,34,26.000000
BOSTON,2023,33,26.000000
BOSTON,2023,32,26.000000
BOSTON,2023,31,26.000000
BOSTON,2023,30,30.000000
BOSTON,2023,29,
BOSTON,2023,28,
BOSTON,2023,27,30.000000
BOSTON,2023,26,30.000000
BOSTON,2023,25,30.000000
BOSTON,2023,24,30.000000
BOSTON,2023,23,30.000000
BOSTON,2023,22,
BOSTON,2023,21,
BOSTON,2023,20,30.000000
BOSTON,2023,19,30.000000
BOSTON,2023,18,22.500000
BOSTON,2023,17,22.500000
BOSTON,2023,16,
BOSTON,2023,15,
BOSTON,2023,14,
BOSTON,2023,13,22.500000
BOSTON,2023,12,22.500000
BOSTON,2023,11,22.500000
BOSTON,2023,10,22.500000
BOSTON,2023,9,22.500000
BOSTON,2023,8,
BOSTON,2023,7,
BOSTON,2023,6,22.500000
BOSTON,2023,5,22.500000
BOSTON,2023,4,22.500000
BOSTON,2023,3,22.500000
BOSTON,2023,2,
CHICAGO,2023,366,
CHICAGO,2023,365,
CHICAGO,2023,364,
CHICAGO,2023,363,37.666666
CHICAGO,2023,362,37.666666
CHICAGO,2023,361,37.666666
CHICAGO,2023,360,37.666666
CHICAGO,2023,359,
CHICAGO,2023,358,
CHICAGO,2023,357,
CHICAGO,2023,356,37.666666
CHICAGO,2023,355,37.666666
CHICAGO,2023,354,37.666666
CHICAGO,2023,353,37.666666
CHICAGO,2023,352,37.666666
CHICAGO,2023,351,
CHICAGO,2023,350,
CHICAGO,2023,349,37.666666
CHICAGO,2023,348,37.666666
CHICAGO,2023,347,37.666666
CHICAGO,2023,346,37.666666
CHICAGO,2023,345,37.666666
CHICAGO,2023,344,
CHICAGO,2023,343,
CHICAGO,2023,342,37.666666
CHICAGO,2023,341,37.666666
CHICAGO,2023,340,37.666666
CHICAGO,2023,339,37.666666
CHICAGO,2023,338,37.666666
CHICAGO,2023,337,
CHICAGO,2023,336,
CHICAGO,2023,335,37.666666
CHICAGO,2023,334,37.666666
CHICAGO,2023,333,37.666666
CHICAGO,2023,332,37.666666
CHICAGO,2023,331,37.666666
CHICAGO,2023,330,
CHICAGO,2023,329,
CHICAGO,2023,328,37.666666
CHICAGO,2023,327,
CHICAGO,2023,326,37.666666
CHICAGO,2023,325,37.666666
CHICAGO,2023,324,37.666666
CHICAGO,2023,323,
CHICAGO,2023,322,
CHICAGO,2023,321,37.666666
CHICAGO,2023,320,37.666666
CHICAGO,2023,319,37.666666
CHICAGO,2023,318,37.666666
CHICAGO,2023,317,37.666666
CHICAGO,2023,316,
CHICAGO,2023,315,
CHICAGO,2023,314,
CHICAGO,2023,313,37.666666
CHICAGO,2023,312,37.666666
CHICAGO,2023,311,37.666666
CHICAGO,2023,310,37.666666
CHICAGO,2023,309,
CHICAGO,2023,308,
CHICAGO,2023,307,37.666666
CHICAGO,2023,306,37.666666
CHICAGO,2023,305,37.666666
CHICAGO,2023,304,37.666666
CHICAGO,2023,303,33.875000
CHICAGO,2023,302,
CHICAGO,2023,301,
CHICAGO,2023,300,33.875000
CHICAGO,2023,299,33.875000
CHICAGO,2023,298,33.875000
CHICAGO,2023,297,33.875000
CHICAGO,2023,296,33.875000
CHICAGO,2023,295,
CHICAGO,2023,294,
CHICAGO,2023,293,33.875000
CHICAGO,2023,292,32.000000
CHICAGO,2023,291,32.000000
CHICAGO,2023,290,32.000000
CHICAGO,2023,289,32.000000
CHICAGO,2023,288,
CHICAGO,2023,287,
CHICAGO,2023,286,32.000000
CHICAGO,2023,285,32.000000
CHICAGO,2023,284,32.000000
CHICAGO,2023,283,32.000000
CHICAGO,2023,282,
CHICAGO,2023,281,
CHICAGO,2023,280,
CHICAGO,2023,279,32.000000
CHICAGO,2023,278,32.000000
CHICAGO,2023,277,32.000000
CHICAGO,2023,276,32.000000
CHICAGO,2023,275,32.375000
CHICAGO,2023,274,
CHICAGO,2023,273,
CHICAGO,2023,272,32.375000
CHICAGO,2023,271,41.833333
CHICAGO,2023,270,41.833333
CHICAGO,2023,269,41.833333
CHICAGO,2023,268,41.833333
CHICAGO,2023,267,
CHICAGO,2023,266,
CHICAGO,2023,265,41.833333
CHICAGO,2023,264,41.833333
CHICAGO,2023,263,41.833333
CHICAGO,2023,262,41.833333
CHICAGO,2023,261,41.833333
CHICAGO,2023,260,
CHICAGO,2023,259,
CHICAGO,2023,258,41.833333
CHICAGO,2023,257,46.166666
CHICAGO,2023,256,46.166666
CHICAGO,2023,255,46.166666
CHICAGO,2023,254,46.166666
CHICAGO,2023,253,
CHICAGO,2023,252,
CHICAGO,2023,251,46.166666
CHICAGO,2023,250,46.166666
CHICAGO,2023,249,46.166666
CHICAGO,2023,248,46.166666
CHICAGO,2023,247,
CHICAGO,2023,246,
CHICAGO,2023,245,
CHICAGO,2023,244,46.166666
CHICAGO,2023,243,46.166666
CHICAGO,2023,242,46.166666
CHICAGO,2023,241,46.166666
CHICAGO,2023,240,46.166666
CHICAGO,2023,239,
CHICAGO,2023,238,
CHICAGO,2023,237,46.166666
CHICAGO,2023,236,46.166666
CHICAGO,2023,235,46.166666
CHICAGO,2023,234,46.166666
CHICAGO,2023,233,46.166666
CHICAGO,2023,232,
CHICAGO,2023,231,
CHICAGO,2023,230,46.166666
CHICAGO,2023,229,46.166666
CHICAGO,2023,228,46.166666
CHICAGO,2023,227,46.166666
CHICAGO,2023,226,46.166666
CHICAGO,2023,225,
CHICAGO,2023,224,
CHICAGO,2023,223,46.166666
CHICAGO,2023,222,46.166666
CHICAGO,2023,221,46.166666
CHICAGO,2023,220,46.166666
CHICAGO,2023,219,46.166666
CHICAGO,2023,218,
CHICAGO,2023,217,
CHICAGO,2023,216,46.166666
CHICAGO,2023,215,46.166666
CHICAGO,2023,214,46.166666
CHICAGO,2023,213,46.166666
CHICAGO,2023,212,46.166666
CHICAGO,2023,211,
CHICAGO,2023,210,
CHICAGO,2023,209,46.166666
CHICAGO,2023,208,46.166666
CHICAGO,2023,207,46.166666
CHICAGO,2023,206,46.166666
CHICAGO,2023,205,27.833333
CHICAGO,2023,204,
CHICAGO,2023,203,
CHICAGO,2023,202,27.833333
CHICAGO,2023,201,27.833333
CHICAGO,2023,200,27.833333
CHICAGO,2023,199,27.833333
CHICAGO,2023,198,27.833333
CHICAGO,2023,197,
CHICAGO,2023,196,
CHICAGO,2023,195,27.833333
CHICAGO,2023,194,25.416666
CHICAGO,2023,193,25.416666
CHICAGO,2023,192,25.416666
CHICAGO,2023,191,25.416666
CHICAGO,2023,190,
CHICAGO,2023,189,
CHICAGO,2023,188,25.416666
CHICAGO,2023,187,25.416666
CHICAGO,2023,186,25.416666
CHICAGO,2023,185,
CHICAGO,2023,184,25.416666
CHICAGO,2023,183,
CHICAGO,2023,182,
CHICAGO,2023,181,25.416666
CHICAGO,2023,180,25.416666
CHICAGO,2023,179,25.416666
CHICAGO,2023,178,25.416666
CHICAGO,2023,177,24.800000
CHICAGO,2023,176,
CHICAGO,2023,175,
CHICAGO,2023,174,24.800000
CHICAGO,2023,173,24.800000
CHICAGO,2023,172,24.800000
CHICAGO,2023,171,24.800000
CHICAGO,2023,170,
CHICAGO,2023,169,
CHICAGO,2023,168,
CHICAGO,2023,167,24.800000
CHICAGO,2023,166,22.700000
CHICAGO,2023,165,22.700000
CHICAGO,2023,164,22.700000
CHICAGO,2023,163,22.700000
CHICAGO,2023,162,
CHICAGO,2023,161,
CHICAGO,2023,160,22.700000
CHICAGO,2023,159,22.700000
CHICAGO,2023,158,22.700000
CHICAGO,2023,157,22.700000
CHICAGO,2023,156,22.700000
CHICAGO,2023,155,
CHICAGO,2023,154,
CHICAGO,2023,153,22.700000
CHICAGO,2023,152,22.700000
CHICAGO,2023,151,22.700000
CHICAGO,2023,150,22.700000
CHICAGO,2023,149,
CHICAGO,2023,148,
CHICAGO,2023,147,
CHICAGO,2023,146,22.700000
CHICAGO,2023,145,22.700000
CHICAGO,2023,144,22.700000
CHICAGO,2023,143,22.700000
CHICAGO,2023,142,22.700000
CHICAGO,2023,141,
CHICAGO,2023,140,
CHICAGO,2023,139,22.700000
CHICAGO,2023,138,22.700000
CHICAGO,2023,137,22.700000
CHICAGO,2023,136,22.700000
CHICAGO,2023,135,22.700000
CHICAGO,2023,134,
CHICAGO,2023,133,
CHICAGO,2023,132,22.700000
CHICAGO,2023,131,22.700000
CHICAGO,2023,130,22.700000
CHICAGO,2023,129,22.700000
CHICAGO,2023,128,22.700000
CHICAGO,2023,127,
CHICAGO,2023,126,
CHICAGO,2023,125,22.700000
CHICAGO,2023,124,22.700000
CHICAGO,2023,123,22.700000
CHICAGO,2023,122,22.700000
CHICAGO,2023,121,22.700000
CHICAGO,2023,120,
CHICAGO,2023,119,
CHICAGO,2023,118,22.700000
CHICAGO,2023,117,22.700000
CHICAGO,2023,116,22.700000
CHICAGO,2023,115,22.700000
CHICAGO,2023,114,22.700000
CHICAGO,2023,113,
CHICAGO,2023,112,
CHICAGO,2023,111,22.700000
CHICAGO,2023,110,22.700000
CHICAGO,2023,109,22.700000
CHICAGO,2023,108,22.700000
CHICAGO,2023,107,22.700000
CHICAGO,2023,106,
CHICAGO,2023,105,
CHICAGO,2023,104,22.700000
CHICAGO,2023,103,22.700000
CHICAGO,2023,102,22.700000
CHICAGO,2023,101,22.700000
CHICAGO,2023,100,22.700000
CHICAGO,2023,99,
CHICAGO,2023,98,
CHICAGO,2023,97,22.700000
CHICAGO,2023,96,22.700000
CHICAGO,2023,95,22.700000
CHICAGO,2023,94,22.700000
CHICAGO,2023,93,22.700000
CHICAGO,2023,92,
CHICAGO,2023,91,
CHICAGO,2023,90,22.700000
CHICAGO,2023,89,22.700000
CHICAGO,2023,88,22.700000
CHICAGO,2023,87,22.700000
CHICAGO,2023,86,22.700000
CHICAGO,2023,85,
CHICAGO,2023,84,
CHICAGO,2023,83,22.700000
CHICAGO,2023,82,22.700000
CHICAGO,2023,81,22.700000
CHICAGO,2023,80,21.200000
CHICAGO,2023,79,21.200000
CHICAGO,2023,78,
CHICAGO,2023,77,
CHICAGO,2023,76,21.200000
CHICAGO,2023,75,21.200000
CHICAGO,2023,74,21.200000
CHICAGO,2023,73,21.200000
CHICAGO,2023,72,21.200000
CHICAGO,2023,71,
CHICAGO,2023,70,
CHICAGO,2023,69,21.200000
CHICAGO,2023,68,21.200000
CHICAGO,2023,67,21.200000
CHICAGO,2023,66,21.200000
CHICAGO,2023,65,21.200000
CHICAGO,2023,64,
CHICAGO,2023,63,
CHICAGO,2023,62,21.200000
CHICAGO,2023,61,21.600000
CHICAGO,2023,60,21.600000
CHICAGO,2023,59,21.600000
CHICAGO,2023,58,21.600000
CHICAGO,2023,57,
CHICAGO,2023,56,
CHICAGO,2023,55,21.600000
CHICAGO,2023,54,21.600000
CHICAGO,2023,53,21.600000
CHICAGO,2023,52,21.600000
CHICAGO,2023,51,
CHICAGO,2023,50,
CHICAGO,2023,49,
CHICAGO,2023,48,21.600000
CHICAGO,2023,47,21.600000
CHICAGO,2023,46,21.600000
CHICAGO,2023,45,21.600000
CHICAGO,2023,44,21.600000
CHICAGO,2023,43,
CHICAGO,2023,42,
CHICAGO,2023,41,21.600000
CHICAGO,2023,40,21.600000
CHICAGO,2023,39,21.600000
CHICAGO,2023,38,21.600000
CHICAGO,2023,37,21.600000
CHICAGO,2023,36,
CHICAGO,2023,35,
CHICAGO,2023,34,21.600000
CHICAGO,2023,33,28.250000
CHICAGO,2023,32,28.250000
CHICAGO,2023,31,28.250000
CHICAGO,2023,30,28.250000
CHICAGO,2023,29,
CHICAGO,2023,28,
CHICAGO,2023,27,28.250000
CHICAGO,2023,26,28.250000
CHICAGO,2023,25,28.250000
CHICAGO,2023,24,28.250000
CHICAGO,2023,23,28.250000
CHICAGO,2023,22,
CHICAGO,2023,21,
CHICAGO,2023,20,28.250000
CHICAGO,2023,19,28.250000
CHICAGO,2023,18,28.250000
CHICAGO,2023,17,28.250000
CHICAGO,2023,16,
CHICAGO,2023,15,
CHICAGO,2023,14,
CHICAGO,2023,13,28.250000
CHICAGO,2023,12,28.250000
CHICAGO,2023,11,28.250000
CHICAGO,2023,10,28.250000
CHICAGO,2023,9,28.250000
CHICAGO,2023,8,
CHICAGO,2023,7,
CHICAGO,2023,6,28.250000
CHICAGO,2023,5,28.250000
CHICAGO,2023,4,28.250000
CHICAGO,2023,3,28.250000
CHICAGO,2023,2,
COLUMBIA,2023,366,
COLUMBIA,2023,365,
COLUMBIA,2023,364,
COLUMBIA,2023,363,48.000000
COLUMBIA,2023,362,48.000000
COLUMBIA,2023,361,48.000000
COLUMBIA,2023,360,
COLUMBIA,2023,359,
COLUMBIA,2023,358,
COLUMBIA,2023,357,
COLUMBIA,2023,356,
COLUMBIA,2023,355,48.000000
COLUMBIA,2023,354,48.000000
COLUMBIA,2023,353,48.000000
COLUMBIA,2023,352,48.000000
COLUMBIA,2023,351,
COLUMBIA,2023,350,
COLUMBIA,2023,349,48.000000
COLUMBIA,2023,348,48.000000
COLUMBIA,2023,347,48.000000
COLUMBIA,2023,346,48.000000
COLUMBIA,2023,345,48.000000
COLUMBIA,2023,344,
COLUMBIA,2023,343,
COLUMBIA,2023,342,51.000000
COLUMBIA,2023,341,51.000000
COLUMBIA,2023,340,51.000000
COLUMBIA,2023,339,51.000000
COLUMBIA,2023,338,51.000000
COLUMBIA,2023,337,
COLUMBIA,2023,336,
COLUMBIA,2023,335,43.500000
COLUMBIA,2023,334,43.500000
COLUMBIA,2023,333,43.500000
COLUMBIA,2023,332,43.500000
COLUMBIA,2023,331,43.500000
COLUMBIA,2023,330,
COLUMBIA,2023,329,
COLUMBIA,2023,328,
COLUMBIA,2023,327,
COLUMBIA,2023,326,43.500000
COLUMBIA,2023,325,43.500000
COLUMBIA,2023,324,43.500000
COLUMBIA,2023,323,
COLUMBIA,2023,322,
COLUMBIA,2023,321,45.000000
COLUMBIA,2023,320,45.000000
COLUMBIA,2023,319,45.000000
COLUMBIA,2023,318,45.000000
COLUMBIA,2023,317,45.000000
COLUMBIA,2023,316,
COLUMBIA,2023,315,
COLUMBIA,2023,314,
COLUMBIA,2023,313,46.000000
COLUMBIA,2023,312,46.000000
COLUMBIA,2023,311,46.000000
COLUMBIA,2023,310,46.000000
COLUMBIA,2023,309,
COLUMBIA,2023,308,
COLUMBIA,2023,307,46.000000
COLUMBIA,2023,306,46.000000
COLUMBIA,2023,305,46.000000
COLUMBIA,2023,304,46.000000
COLUMBIA,2023,303,37.500000
COLUMBIA,2023,302,
COLUMBIA,2023,301,
COLUMBIA,2023,300,35.000000
COLUMBIA,2023,299,35.000000
COLUMBIA,2023,298,35.000000
COLUMBIA,2023,297,35.000000
COLUMBIA,2023,296,35.000000
COLUMBIA,2023,295,
COLUMBIA,2023,294,
COLUMBIA,2023,293,34.000000
COLUMBIA,2023,292,34.000000
COLUMBIA,2023,291,34.000000
COLUMBIA,2023,290,34.000000
COLUMBIA,2023,289,34.000000
COLUMBIA,2023,288,
COLUMBIA,2023,287,
COLUMBIA,2023,286,30.000000
COLUMBIA,2023,285,30.000000
COLUMBIA,2023,284,30.000000
COLUMBIA,2023,283,30.000000
COLUMBIA,2023,282,30.000000
COLUMBIA,2023,281,
COLUMBIA,2023,280,
COLUMBIA,2023,279,31.500000
COLUMBIA,2023,278,31.500000
COLUMBIA,2023,277,31.500000
COLUMBIA,2023,276,31.500000
COLUMBIA,2023,275,31.500000
COLUMBIA,2023,274,
COLUMBIA,2023,273,
COLUMBIA,2023,272,30.500000
COLUMBIA,2023,271,30.500000
COLUMBIA,2023,270,30.500000
COLUMBIA,2023,269,30.500000
COLUMBIA,2023,268,30.500000
COLUMBIA,2023,267,
COLUMBIA,2023,266,
COLUMBIA,2023,265,30.500000
COLUMBIA,2023,264,30.500000
COLUMBIA,2023,263,30.500000
COLUMBIA,2023,262,30.500000
COLUMBIA,2023,261,30.500000
COLUMBIA,2023,260,
COLUMBIA,2023,259,
COLUMBIA,2023,258,31.500000
COLUMBIA,2023,257,31.500000
COLUMBIA,2023,256,31.500000
COLUMBIA,2023,255,31.500000
COLUMBIA,2023,254,31.500000
COLUMBIA,2023,253,
COLUMBIA,2023,252,
COLUMBIA,2023,251,30.500000
COLUMBIA,2023,250,30.500000
COLUMBIA,2023,249,30.500000
COLUMBIA,2023,248,30.500000
COLUMBIA,2023,247,
COLUMBIA,2023,246,
COLUMBIA,2023,245,
COLUMBIA,2023,244,30.500000
COLUMBIA,2023,243,30.500000
COLUMBIA,2023,242,30.500000
COLUMBIA,2023,241,30.500000
COLUMBIA,2023,240,30.500000
COLUMBIA,2023,239,
COLUMBIA,2023,238,
COLUMBIA,2023,237,31.500000
COLUMBIA,2023,236,31.500000
COLUMBIA,2023,235,31.500000
COLUMBIA,2023,234,31.500000
COLUMBIA,2023,233,31.500000
COLUMBIA,2023,232,
COLUMBIA,2023,231,
COLUMBIA,2023,230,32.500000
COLUMBIA,2023,229,32.500000
COLUMBIA,2023,228,32.500000
COLUMBIA,2023,227,32.500000
COLUMBIA,2023,226,32.500000
COLUMBIA,2023,225,
COLUMBIA,2023,224,
COLUMBIA,2023,223,35.500000
COLUMBIA,2023,222,35.500000
COLUMBIA,2023,221,35.500000
COLUMBIA,2023,220,35.500000
COLUMBIA,2023,219,35.500000
COLUMBIA,2023,218,
COLUMBIA,2023,217,
COLUMBIA,2023,216,37.000000
COLUMBIA,2023,215,37.000000
COLUMBIA,2023,214,37.000000
COLUMBIA,2023,213,37.000000
COLUMBIA,2023,212,37.000000
COLUMBIA,2023,211,
COLUMBIA,2023,210,
COLUMBIA,2023,209,36.500000
COLUMBIA,2023,208,36.500000
COLUMBIA,2023,207,36.500000
COLUMBIA,2023,206,36.500000
COLUMBIA,2023,205,36.500000
COLUMBIA,2023,204,
COLUMBIA,2023,203,
COLUMBIA,2023,202,31.500000
COLUMBIA,2023,201,31.500000
COLUMBIA,2023,200,31.500000
COLUMBIA,2023,199,31.500000
COLUMBIA,2023,198,31.500000
COLUMBIA,2023,197,
COLUMBIA,2023,196,
COLUMBIA,2023,195,35.500000
COLUMBIA,2023,194,35.500000
COLUMBIA,2023,193,35.500000
COLUMBIA,2023,192,35.500000
COLUMBIA,2023,191,35.500000
COLUMBIA,2023,190,
COLUMBIA,2023,189,
COLUMBIA,2023,188,30.000000
COLUMBIA,2023,187,30.000000
COLUMBIA,2023,186,30.000000
COLUMBIA,2023,185,
COLUMBIA,2023,184,30.000000
COLUMBIA,2023,183,
COLUMBIA,2023,182,
COLUMBIA,2023,181,30.000000
COLUMBIA,2023,180,30.000000
COLUMBIA,2023,179,30.000000
COLUMBIA,2023,178,30.000000
COLUMBIA,2023,177,30.000000
COLUMBIA,2023,176,
COLUMBIA,2023,175,
COLUMBIA,2023,174,31.750000
COLUMBIA,2023,173,31.750000
COLUMBIA,2023,172,31.750000
COLUMBIA,2023,171,31.750000
COLUMBIA,2023,170,31.750000
COLUMBIA,2023,169,
COLUMBIA,2023,168,
COLUMBIA,2023,167,31.750000
COLUMBIA,2023,166,31.750000
COLUMBIA,2023,165,31.750000
COLUMBIA,2023,164,31.750000
COLUMBIA,2023,163,31.750000
COLUMBIA,2023,162,
COLUMBIA,2023,161,
COLUMBIA,2023,160,31.750000
COLUMBIA,2023,159,31.750000
COLUMBIA,2023,158,31.750000
COLUMBIA,2023,157,31.750000
COLUMBIA,2023,156,31.750000
COLUMBIA,2023,155,
COLUMBIA,2023,154,
COLUMBIA,2023,153,37.500000
COLUMBIA,2023,152,40.000000
COLUMBIA,2023,151,40.000000
COLUMBIA,2023,150,40.000000
COLUMBIA,2023,149,
COLUMBIA,2023,148,
COLUMBIA,2023,147,
COLUMBIA,2023,146,45.000000
COLUMBIA,2023,145,45.000000
COLUMBIA,2023,144,45.000000
COLUMBIA,2023,143,45.000000
COLUMBIA,2023,142,
COLUMBIA,2023,141,
COLUMBIA,2023,140,
COLUMBIA,2023,139,45.000000
COLUMBIA,2023,138,45.000000
COLUMBIA,2023,137,45.000000
COLUMBIA,2023,136,45.000000
COLUMBIA,2023,135,45.000000
COLUMBIA,2023,134,
COLUMBIA,2023,133,
COLUMBIA,2023,132,27.500000
COLUMBIA,2023,131,27.500000
COLUMBIA,2023,130,
COLUMBIA,2023,129,27.500000
COLUMBIA,2023,128,27.500000
COLUMBIA,2023,127,
COLUMBIA,2023,126,
COLUMBIA,2023,125,27.500000
COLUMBIA,2023,124,27.500000
COLUMBIA,2023,123,27.500000
COLUMBIA,2023,122,27.500000
COLUMBIA,2023,121,27.500000
COLUMBIA,2023,120,
COLUMBIA,2023,119,
COLUMBIA,2023,118,27.500000
COLUMBIA,2023,117,27.500000
COLUMBIA,2023,116,27.500000
COLUMBIA,2023,115,27.500000
COLUMBIA,2023,114,27.500000
COLUMBIA,2023,113,
COLUMBIA,2023,112,
COLUMBIA,2023,111,27.500000
COLUMBIA,2023,110,27.500000
COLUMBIA,2023,109,27.500000
COLUMBIA,2023,108,27.500000
COLUMBIA,2023,107,27.500000
COLUMBIA,2023,106,
COLUMBIA,2023,105,
COLUMBIA,2023,104,26.500000
COLUMBIA,2023,103,26.500000
COLUMBIA,2023,102,26.500000
COLUMBIA,2023,101,26.500000
COLUMBIA,2023,100,26.500000
COLUMBIA,2023,99,
COLUMBIA,2023,98,
COLUMBIA,2023,97,26.500000
COLUMBIA,2023,96,26.500000
COLUMBIA,2023,95,26.500000
COLUMBIA,2023,94,26.500000
COLUMBIA,2023,93,26.500000
COLUMBIA,2023,92,
COLUMBIA,2023,91,
COLUMBIA,2023,90,28.250000
COLUMBIA,2023,89,28.250000
COLUMBIA,2023,88,28.250000
COLUMBIA,2023,87,28.250000
COLUMBIA,2023,86,28.250000
COLUMBIA,2023,85,
COLUMBIA,2023,84,
COLUMBIA,2023,83,28.750000
COLUMBIA,2023,82,28.750000
COLUMBIA,2023,81,28.000000
COLUMBIA,2023,80,28.000000
COLUMBIA,2023,79,28.000000
COLUMBIA,2023,78,
COLUMBIA,2023,77,
COLUMBIA,2023,76,28.000000
COLUMBIA,2023,75,28.000000
COLUMBIA,2023,74,28.000000
COLUMBIA,2023,73,28.000000
COLUMBIA,2023,72,28.000000
COLUMBIA,2023,71,
COLUMBIA,2023,70,
COLUMBIA,2023,69,28.000000
COLUMBIA,2023,68,28.000000
COLUMBIA,2023,67,28.000000
COLUMBIA,2023,66,28.000000
COLUMBIA,2023,65,28.000000
COLUMBIA,2023,64,
COLUMBIA,2023,63,
COLUMBIA,2023,62,27.750000
COLUMBIA,2023,61,27.750000
COLUMBIA,2023,60,27.750000
COLUMBIA,2023,59,27.750000
COLUMBIA,2023,58,27.750000
COLUMBIA,2023,57,
COLUMBIA,2023,56,
COLUMBIA,2023,55,27.833333
COLUMBIA,2023,54,27.833333
COLUMBIA,2023,53,27.833333
COLUMBIA,2023,52,27.833333
COLUMBIA,2023,51,
COLUMBIA,2023,50,
COLUMBIA,2023,49,
COLUMBIA,2023,48,27.833333
COLUMBIA,2023,47,27.833333
COLUMBIA,2023,46,27.833333
COLUMBIA,2023,45,27.833333
COLUMBIA,2023,44,27.833333
COLUMBIA,2023,43,
COLUMBIA,2023,42,
COLUMBIA,2023,41,28.333333
COLUMBIA,2023,40,28.333333
COLUMBIA,2023,39,28.333333
COLUMBIA,2023,38,28.333333
COLUMBIA,2023,37,28.333333
COLUMBIA,2023,36,
COLUMBIA,2023,35,
COLUMBIA,2023,34,28.000000
COLUMBIA,2023,33,28.000000
COLUMBIA,2023,32,26.333333
COLUMBIA,2023,31,26.333333
COLUMBIA,2023,30,26.000000
COLUMBIA,2023,29,
COLUMBIA,2023,28,
COLUMBIA,2023,27,25.500000
COLUMBIA,2023,26,25.500000
COLUMBIA,2023,25,25.750000
COLUMBIA,2023,24,25.750000
COLUMBIA,2023,23,26.333333
COLUMBIA,2023,22,
COLUMBIA,2023,21,
COLUMBIA,2023,20,26.333333
COLUMBIA,2023,19,26.333333
COLUMBIA,2023,18,26.333333
COLUMBIA,2023,17,26.333333
COLUMBIA,2023,16,
COLUMBIA,2023,15,
COLUMBIA,2023,14,
COLUMBIA,2023,13,25.666666
COLUMBIA,2023,12,25.666666
COLUMBIA,2023,11,25.666666
COLUMBIA,2023,10,25.666666
COLUMBIA,2023,9,25.666666
COLUMBIA,2023,8,
COLUMBIA,2023,7,
COLUMBIA,2023,6,27.000000
COLUMBIA,2023,5,27.000000
COLUMBIA,2023,4,27.000000
COLUMBIA,2023,3,27.000000
COLUMBIA,2023,2,
MIAMI,2023,366,
MIAMI,2023,365,
MIAMI,2023,364,
MIAMI,2023,363,33.000000
MIAMI,2023,362,33.000000
MIAMI,2023,361,33.000000
MIAMI,2023,360,33.000000
MIAMI,2023,359,
MIAMI,2023,358,
MIAMI,2023,357,
MIAMI,2023,356,33.000000
MIAMI,2023,355,33.000000
MIAMI,2023,354,33.000000
MIAMI,2023,353,33.000000
MIAMI,2023,352,33.000000
MIAMI,2023,351,
MIAMI,2023,350,
MIAMI,2023,349,33.000000
MIAMI,2023,348,33.000000
MIAMI,2023,347,33.000000
MIAMI,2023,346,33.000000
MIAMI,2023,345,33.000000
MIAMI,2023,344,
MIAMI,2023,343,
MIAMI,2023,342,39.000000
MIAMI,2023,341,39.000000
MIAMI,2023,340,39.000000
MIAMI,2023,339,39.000000
MIAMI,2023,338,39.000000
MIAMI,2023,337,
MIAMI,2023,336,
MIAMI,2023,335,39.000000
MIAMI,2023,334,39.000000
MIAMI,2023,333,39.000000
MIAMI,2023,332,39.000000
MIAMI,2023,331,39.000000
MIAMI,2023,330,
MIAMI,2023,329,
MIAMI,2023,328,39.000000
MIAMI,2023,327,
MIAMI,2023,326,39.000000
MIAMI,2023,325,39.000000
MIAMI,2023,324,39.000000
MIAMI,2023,323,
MIAMI,2023,322,
MIAMI,2023,321,39.000000
MIAMI,2023,320,39.000000
MIAMI,2023,319,39.000000
MIAMI,2023,318,39.000000
MIAMI,2023,317,39.000000
MIAMI,2023,316,
MIAMI,2023,315,
MIAMI,2023,314,
MIAMI,2023,313,39.000000
MIAMI,2023,312,39.000000
MIAMI,2023,311,39.000000
MIAMI,2023,310,39.000000
MIAMI,2023,309,
MIAMI,2023,308,
MIAMI,2023,307,39.000000
MIAMI,2023,306,39.000000
MIAMI,2023,305,39.000000
MIAMI,2023,304,39.000000
MIAMI,2023,303,39.000000
MIAMI,2023,302,
MIAMI,2023,301,
MIAMI,2023,300,39.000000
MIAMI,2023,299,39.000000
MIAMI,2023,298,39.000000
MIAMI,2023,297,39.000000
MIAMI,2023,296,45.000000
MIAMI,2023,295,
MIAMI,2023,294,
MIAMI,2023,293,45.000000
MIAMI,2023,292,45.000000
MIAMI,2023,291,45.000000
MIAMI,2023,290,45.000000
MIAMI,2023,289,45.000000
MIAMI,2023,288,
MIAMI,2023,287,
MIAMI,2023,286,45.000000
MIAMI,2023,285,45.000000
MIAMI,2023,284,45.000000
MIAMI,2023,283,45.000000
MIAMI,2023,282,
MIAMI,2023,281,
MIAMI,2023,280,
MIAMI,2023,279,45.000000
MIAMI,2023,278,45.000000
MIAMI,2023,277,45.000000
MIAMI,2023,276,45.000000
MIAMI,2023,275,45.000000
MIAMI,2023,274,
MIAMI,2023,273,
MIAMI,2023,272,45.000000
MIAMI,2023,271,45.000000
MIAMI,2023,270,45.000000
MIAMI,2023,269,45.000000
MIAMI,2023,268,45.000000
MIAMI,2023,267,
MIAMI,2023,266,
MIAMI,2023,265,45.000000
MIAMI,2023,264,45.000000
MIAMI,2023,263,45.000000
MIAMI,2023,262,45.000000
MIAMI,2023,261,45.000000
MIAMI,2023,260,
MIAMI,2023,259,
MIAMI,2023,258,45.000000
MIAMI,2023,257,45.000000
MIAMI,2023,256,45.000000
MIAMI,2023,255,45.000000
MIAMI,2023,254,45.000000
MIAMI,2023,253,
MIAMI,2023,252,
MIAMI,2023,251,45.000000
MIAMI,2023,250,45.000000
MIAMI,2023,249,45.000000
MIAMI,2023,248,45.000000
MIAMI,2023,247,
MIAMI,2023,246,
MIAMI,2023,245,
MIAMI,2023,244,45.000000
MIAMI,2023,243,45.000000
MIAMI,2023,242,45.000000
MIAMI,2023,241,45.000000
MIAMI,2023,240,45.000000
MIAMI,2023,239,
MIAMI,2023,238,
MIAMI,2023,237,45.000000
MIAMI,2023,236,45.000000
MIAMI,2023,235,45.000000
MIAMI,2023,234,45.000000
MIAMI,2023,233,45.000000
MIAMI,2023,232,
MIAMI,2023,231,
MIAMI,2023,230,45.000000
MIAMI,2023,229,45.000000
MIAMI,2023,228,45.000000
MIAMI,2023,227,45.000000
MIAMI,2023,226,45.000000
MIAMI,2023,225,
MIAMI,2023,224,
MIAMI,2023,223,45.000000
MIAMI,2023,222,45.000000
MIAMI,2023,221,45.000000
MIAMI,2023,220,45.000000
MIAMI,2023,219,45.000000
MIAMI,2023,218,
MIAMI,2023,217,
MIAMI,2023,216,45.000000
MIAMI,2023,215,45.000000
MIAMI,2023,214,45.000000
MIAMI,2023,213,45.000000
MIAMI,2023,212,45.000000
MIAMI,2023,211,
MIAMI,2023,210,
MIAMI,2023,209,45.000000
MIAMI,2023,208,45.000000
MIAMI,2023,207,45.000000
MIAMI,2023,206,45.000000
MIAMI,2023,205,45.000000
MIAMI,2023,204,
MIAMI,2023,203,
MIAMI,2023,202,45.000000
MIAMI,2023,201,45.000000
MIAMI,2023,200,32.000000
MIAMI,2023,199,32.000000
MIAMI,2023,198,32.000000
MIAMI,2023,197,
MIAMI,2023,196,
MIAMI,2023,195,32.000000
MIAMI,2023,194,32.000000
MIAMI,2023,193,32.000000
MIAMI,2023,192,32.000000
MIAMI,2023,191,32.000000
MIAMI,2023,190,
MIAMI,2023,189,
MIAMI,2023,188,32.000000
MIAMI,2023,187,32.000000
MIAMI,2023,186,32.000000
MIAMI,2023,185,
MIAMI,2023,184,32.000000
MIAMI,2023,183,
MIAMI,2023,182,
MIAMI,2023,181,24.500000
MIAMI,2023,180,24.500000
MIAMI,2023,179,24.500000
MIAMI,2023,178,24.500000
MIAMI,2023,177,24.500000
MIAMI,2023,176,
MIAMI,2023,175,
MIAMI,2023,174,24.500000
MIAMI,2023,173,24.500000
MIAMI,2023,172,24.500000
MIAMI,2023,171,24.500000
MIAMI,2023,170,
MIAMI,2023,169,
MIAMI,2023,168,
MIAMI,2023,167,24.500000
MIAMI,2023,166,24.500000
MIAMI,2023,165,24.500000
MIAMI,2023,164,24.500000
MIAMI,2023,163,24.500000
MIAMI,2023,162,
MIAMI,2023,161,
MIAMI,2023,160,28.500000
MIAMI,2023,159,28.500000
MIAMI,2023,158,28.500000
MIAMI,2023,157,28.500000
MIAMI,2023,156,28.500000
MIAMI,2023,155,
MIAMI,2023,154,
MIAMI,2023,153,28.500000
MIAMI,2023,152,28.500000
MIAMI,2023,151,28.500000
MIAMI,2023,150,28.500000
MIAMI,2023,149,
MIAMI,2023,148,
MIAMI,2023,147,
MIAMI,2023,146,28.500000
MIAMI,2023,145,28.500000
MIAMI,2023,144,28.500000
MIAMI,2023,143,28.500000
MIAMI,2023,142,28.500000
MIAMI,2023,141,
MIAMI,2023,140,
MIAMI,2023,139,28.500000
MIAMI,2023,138,28.500000
MIAMI,2023,137,28.500000
MIAMI,2023,136,28.500000
MIAMI,2023,135,28.500000
MIAMI,2023,134,
MIAMI,2023,133,
MIAMI,2023,132,28.500000
MIAMI,2023,131,28.500000
MIAMI,2023,130,28.500000
MIAMI,2023,129,28.500000
MIAMI,2023,128,28.500000
MIAMI,2023,127,
MIAMI,2023,126,
MIAMI,2023,125,28.500000
MIAMI,2023,124,28.500000
MIAMI,2023,123,27.500000
MIAMI,2023,122,27.500000
MIAMI,2023,121,27.500000
MIAMI,2023,120,
MIAMI,2023,119,
MIAMI,2023,118,27.500000
MIAMI,2023,117,27.500000
MIAMI,2023,116,27.500000
MIAMI,2023,115,27.500000
MIAMI,2023,114,27.500000
MIAMI,2023,113,
MIAMI,2023,112,
MIAMI,2023,111,27.500000
MIAMI,2023,110,27.500000
MIAMI,2023,109,27.500000
MIAMI,2023,108,27.500000
MIAMI,2023,107,27.500000
MIAMI,2023,106,
MIAMI,2023,105,
MIAMI,2023,104,27.500000
MIAMI,2023,103,27.500000
MIAMI,2023,102,27.500000
MIAMI,2023,101,27.500000
MIAMI,2023,100,27.500000
MIAMI,2023,99,
MIAMI,2023,98,
MIAMI,2023,97,27.500000
MIAMI,2023,96,27.500000
MIAMI,2023,95,27.500000
MIAMI,2023,94,27.500000
MIAMI,2023,93,27.500000
MIAMI,2023,92,
MIAMI,2023,91,
MIAMI,2023,90,27.500000
MIAMI,2023,89,27.500000
MIAMI,2023,88,27.500000
MIAMI,2023,87,27.500000
MIAMI,2023,86,27.500000
MIAMI,2023,85,
MIAMI,2023,84,
MIAMI,2023,83,27.500000
MIAMI,2023,82,27.500000
MIAMI,2023,81,27.500000
MIAMI,2023,80,27.500000
MIAMI,2023,79,27.500000
MIAMI,2023,78,
MIAMI,2023,77,
MIAMI,2023,76,27.500000
MIAMI,2023,75,27.500000
MIAMI,2023,74,27.500000
MIAMI,2023,73,27.500000
MIAMI,2023,72,27.500000
MIAMI,2023,71,
MIAMI,2023,70,
MIAMI,2023,69,27.500000
MIAMI,2023,68,27.500000
MIAMI,2023,67,27.500000
MIAMI,2023,66,27.500000
MIAMI,2023,65,27.500000
MIAMI,2023,64,
MIAMI,2023,63,
MIAMI,2023,62,27.500000
MIAMI,2023,61,27.500000
MIAMI,2023,60,27.500000
MIAMI,2023,59,27.500000
MIAMI,2023,58,27.500000
MIAMI,2023,57,
MIAMI,2023,56,
MIAMI,2023,55,27.500000
MIAMI,2023,54,27.500000
MIAMI,2023,53,27.500000
MIAMI,2023,52,27.500000
MIAMI,2023,51,
MIAMI,2023,50,
MIAMI,2023,49,
MIAMI,2023,48,27.500000
MIAMI,2023,47,27.500000
MIAMI,2023,46,27.500000
MIAMI,2023,45,27.500000
MIAMI,2023,44,27.500000
MIAMI,2023,43,
MIAMI,2023,42,
MIAMI,2023,41,27.500000
MIAMI,2023,40,27.500000
MIAMI,2023,39,27.500000
MIAMI,2023,38,25.500000
MIAMI,2023,37,25.500000
MIAMI,2023,36,
MIAMI,2023,35,
MIAMI,2023,34,25.500000
MIAMI,2023,33,25.500000
MIAMI,2023,32,25.500000
MIAMI,2023,31,25.500000
MIAMI,2023,30,25.500000
MIAMI,2023,29,
MIAMI,2023,28,
MIAMI,2023,27,25.500000
MIAMI,2023,26,25.500000
MIAMI,2023,25,25.500000
MIAMI,2023,24,25.500000
MIAMI,2023,23,25.500000
MIAMI,2023,22,
MIAMI,2023,21,
MIAMI,2023,20,25.500000
MIAMI,2023,19,25.500000
MIAMI,2023,18,25.500000
MIAMI,2023,17,25.500000
MIAMI,2023,16,
MIAMI,2023,15,
MIAMI,2023,14,
MIAMI,2023,13,23.500000
MIAMI,2023,12,23.500000
MIAMI,2023,11,23.500000
MIAMI,2023,10,28.000000
MIAMI,2023,9,28.000000
MIAMI,2023,8,
MIAMI,2023,7,
MIAMI,2023,6,28.000000
MIAMI,2023,5,28.000000
MIAMI,2023,4,28.000000
MIAMI,2023,3,28.000000
MIAMI,2023,2,
NEW YORK,2023,366,
NEW YORK,2023,365,
NEW YORK,2023,364,
NEW YORK,2023,363,36.000000
NEW YORK,2023,362,36.000000
NEW YORK,2023,361,38.000000
NEW YORK,2023,360,
NEW YORK,2023,359,
NEW YORK,2023,358,
NEW YORK,2023,357,
NEW YORK,2023,356,39.000000
NEW YORK,2023,355,39.000000
NEW YORK,2023,354,42.000000
NEW YORK,2023,353,42.000000
NEW YORK,2023,352,41.000000
NEW YORK,2023,351,
NEW YORK,2023,350,
NEW YORK,2023,349,43.500000
NEW YORK,2023,348,43.500000
NEW YORK,2023,347,43.500000
NEW YORK,2023,346,36.000000
NEW YORK,2023,345,36.000000
NEW YORK,2023,344,
NEW YORK,2023,343,
NEW YORK,2023,342,35.000000
NEW YORK,2023,341,34.000000
NEW YORK,2023,340,34.000000
NEW YORK,2023,339,34.000000
NEW YORK,2023,338,32.000000
NEW YORK,2023,337,
NEW YORK,2023,336,
NEW YORK,2023,335,38.000000
NEW YORK,2023,334,38.000000
NEW YORK,2023,333,35.000000
NEW YORK,2023,332,35.000000
NEW YORK,2023,331,32.000000
NEW YORK,2023,330,
NEW YORK,2023,329,
NEW YORK,2023,328,
NEW YORK,2023,327,
NEW YORK,2023,326,35.333333
NEW YORK,2023,325,35.333333
NEW YORK,2023,324,35.333333
NEW YORK,2023,323,
NEW YORK,2023,322,
NEW YORK,2023,321,28.000000
NEW YORK,2023,320,28.000000
NEW YORK,2023,319,28.000000
NEW YORK,2023,318,28.000000
NEW YORK,2023,317,28.000000
NEW YORK,2023,316,
NEW YORK,2023,315,
NEW YORK,2023,314,
NEW YORK,2023,313,28.000000
NEW YORK,2023,312,28.000000
NEW YORK,2023,311,24.000000
NEW YORK,2023,310,24.000000
NEW YORK,2023,309,
NEW YORK,2023,308,
NEW YORK,2023,307,31.666666
NEW YORK,2023,306,31.666666
NEW YORK,2023,305,32.750000
NEW YORK,2023,304,32.750000
NEW YORK,2023,303,30.333333
NEW YORK,2023,302,
NEW YORK,2023,301,
NEW YORK,2023,300,32.500000
NEW YORK,2023,299,32.500000
NEW YORK,2023,298,32.500000
NEW YORK,2023,297,33.500000
NEW YORK,2023,296,32.166666
NEW YORK,2023,295,
NEW YORK,2023,294,
NEW YORK,2023,293,30.000000
NEW YORK,2023,292,30.000000
NEW YORK,2023,291,30.000000
NEW YORK,2023,290,30.500000
NEW YORK,2023,289,30.500000
NEW YORK,2023,288,
NEW YORK,2023,287,
NEW YORK,2023,286,27.333333
NEW YORK,2023,285,27.333333
NEW YORK,2023,284,27.333333
NEW YORK,2023,283,29.666666
NEW YORK,2023,282,
NEW YORK,2023,281,
NEW YORK,2023,280,
NEW YORK,2023,279,28.500000
NEW YORK,2023,278,28.500000
NEW YORK,2023,277,28.500000
NEW YORK,2023,276,29.000000
NEW YORK,2023,275,26.000000
NEW YORK,2023,274,
NEW YORK,2023,273,
NEW YORK,2023,272,27.500000
NEW YORK,2023,271,29.750000
NEW YORK,2023,270,29.333333
NEW YORK,2023,269,29.500000
NEW YORK,2023,268,31.500000
NEW YORK,2023,267,
NEW YORK,2023,266,
NEW YORK,2023,265,28.000000
NEW YORK,2023,264,28.000000
NEW YORK,2023,263,28.000000
NEW YORK,2023,262,23.500000
NEW YORK,2023,261,28.000000
NEW YORK,2023,260,
NEW YORK,2023,259,
NEW YORK,2023,258,28.000000
NEW YORK,2023,257,28.000000
NEW YORK,2023,256,28.000000
NEW YORK,2023,255,28.666666
NEW YORK,2023,254,21.666666
NEW YORK,2023,253,
NEW YORK,2023,252,
NEW YORK,2023,251,29.750000
NEW YORK,2023,250,29.750000
NEW YORK,2023,249,23.000000
NEW YORK,2023,248,23.000000
NEW YORK,2023,247,
NEW YORK,2023,246,
NEW YORK,2023,245,
NEW YORK,2023,244,26.333333
NEW YORK,2023,243,26.333333
NEW YORK,2023,242,26.666666
NEW YORK,2023,241,26.666666
NEW YORK,2023,240,24.000000
NEW YORK,2023,239,
NEW YORK,2023,238,
NEW YORK,2023,237,28.875000
NEW YORK,2023,236,28.875000
NEW YORK,2023,235,28.875000
NEW YORK,2023,234,29.750000
NEW YORK,2023,233,31.500000
NEW YORK,2023,232,
NEW YORK,2023,231,
NEW YORK,2023,230,31.600000
NEW YORK,2023,229,31.600000
NEW YORK,2023,228,31.600000
NEW YORK,2023,227,31.600000
NEW YORK,2023,226,30.750000
NEW YORK,2023,225,
NEW YORK,2023,224,
NEW YORK,2023,223,32.250000
NEW YORK,2023,222,32.250000
NEW YORK,2023,221,32.250000
NEW YORK,2023,220,26.500000
NEW YORK,2023,219,26.500000
NEW YORK,2023,218,
NEW YORK,2023,217,
NEW YORK,2023,216,16.500000
NEW YORK,2023,215,16.500000
NEW YORK,2023,214,16.500000
NEW YORK,2023,213,16.500000
NEW YORK,2023,212,25.000000
NEW YORK,2023,211,
NEW YORK,2023,210,
NEW YORK,2023,209,27.000000
NEW YORK,2023,208,27.000000
NEW YORK,2023,207,27.000000
NEW YORK,2023,206,27.000000
NEW YORK,2023,205,27.000000
NEW YORK,2023,204,
NEW YORK,2023,203,
NEW YORK,2023,202,26.000000
NEW YORK,2023,201,26.000000
NEW YORK,2023,200,26.000000
NEW YORK,2023,199,32.250000
NEW YORK,2023,198,37.250000
NEW YORK,2023,197,
NEW YORK,2023,196,
NEW YORK,2023,195,37.250000
NEW YORK,2023,194,37.250000
NEW YORK,2023,193,37.250000
NEW YORK,2023,192,37.250000
NEW YORK,2023,191,36.000000
NEW YORK,2023,190,
NEW YORK,2023,189,
NEW YORK,2023,188,30.750000
NEW YORK,2023,187,30.750000
NEW YORK,2023,186,20.000000
NEW YORK,2023,185,
NEW YORK,2023,184,20.000000
NEW YORK,2023,183,
NEW YORK,2023,182,
NEW YORK,2023,181,26.000000
NEW YORK,2023,180,29.750000
NEW YORK,2023,179,29.750000
NEW YORK,2023,178,29.750000
NEW YORK,2023,177,26.000000
NEW YORK,2023,176,
NEW YORK,2023,175,
NEW YORK,2023,174,21.500000
NEW YORK,2023,173,21.500000
NEW YORK,2023,172,21.500000
NEW YORK,2023,171,21.500000
NEW YORK,2023,170,
NEW YORK,2023,169,
NEW YORK,2023,168,
NEW YORK,2023,167,26.500000
NEW YORK,2023,166,26.000000
NEW YORK,2023,165,30.500000
NEW YORK,2023,164,28.750000
NEW YORK,2023,163,28.750000
NEW YORK,2023,162,
NEW YORK,2023,161,
NEW YORK,2023,160,28.750000
NEW YORK,2023,159,28.750000
NEW YORK,2023,158,28.750000
NEW YORK,2023,157,28.750000
NEW YORK,2023,156,22.000000
NEW YORK,2023,155,
NEW YORK,2023,154,
NEW YORK,2023,153,28.000000
NEW YORK,2023,152,28.000000
NEW YORK,2023,151,20.000000
NEW YORK,2023,150,20.000000
NEW YORK,2023,149,
NEW YORK,2023,148,
NEW YORK,2023,147,
NEW YORK,2023,146,28.500000
NEW YORK,2023,145,28.500000
NEW YORK,2023,144,28.500000
NEW YORK,2023,143,27.000000
NEW YORK,2023,142,25.250000
NEW YORK,2023,141,
NEW YORK,2023,140,
NEW YORK,2023,139,25.250000
NEW YORK,2023,138,25.250000
NEW YORK,2023,137,25.250000
NEW YORK,2023,136,25.250000
NEW YORK,2023,135,25.500000
NEW YORK,2023,134,
NEW YORK,2023,133,
NEW YORK,2023,132,25.500000
NEW YORK,2023,131,25.500000
NEW YORK,2023,130,25.500000
NEW YORK,2023,129,25.500000
NEW YORK,2023,128,25.500000
NEW YORK,2023,127,
NEW YORK,2023,126,
NEW YORK,2023,125,25.000000
NEW YORK,2023,124,25.000000
NEW YORK,2023,123,25.333333
NEW YORK,2023,122,25.333333
NEW YORK,2023,121,25.000000
NEW YORK,2023,120,
NEW YORK,2023,119,
NEW YORK,2023,118,25.000000
NEW YORK,2023,117,25.000000
NEW YORK,2023,116,25.000000
NEW YORK,2023,115,24.500000
NEW YORK,2023,114,23.500000
NEW YORK,2023,113,
NEW YORK,2023,112,
NEW YORK,2023,111,23.500000
NEW YORK,2023,110,23.500000
NEW YORK,2023,109,23.750000
NEW YORK,2023,108,23.750000
NEW YORK,2023,107,28.000000
NEW YORK,2023,106,
NEW YORK,2023,105,
NEW YORK,2023,104,24.333333
NEW YORK,2023,103,24.333333
NEW YORK,2023,102,24.333333
NEW YORK,2023,101,23.666666
NEW YORK,2023,100,
NEW YORK,2023,99,
NEW YORK,2023,98,
NEW YORK,2023,97,22.000000
NEW YORK,2023,96,22.000000
NEW YORK,2023,95,19.666666
NEW YORK,2023,94,20.666666
NEW YORK,2023,93,22.000000
NEW YORK,2023,92,
NEW YORK,2023,91,
NEW YORK,2023,90,22.666666
NEW YORK,2023,89,22.666666
NEW YORK,2023,88,23.000000
NEW YORK,2023,87,23.500000
NEW YORK,2023,86,23.500000
NEW YORK,2023,85,
NEW YORK,2023,84,
NEW YORK,2023,83,23.250000
NEW YORK,2023,82,23.250000
NEW YORK,2023,81,23.750000
NEW YORK,2023,80,24.000000
NEW YORK,2023,79,23.875000
NEW YORK,2023,78,
NEW YORK,2023,77,
NEW YORK,2023,76,22.900000
NEW YORK,2023,75,22.900000
NEW YORK,2023,74,22.900000
NEW YORK,2023,73,22.200000
NEW YORK,2023,72,22.200000
NEW YORK,2023,71,
NEW YORK,2023,70,
NEW YORK,2023,69,23.333333
NEW YORK,2023,68,22.250000
NEW YORK,2023,67,22.250000
NEW YORK,2023,66,22.666666
NEW YORK,2023,65,21.500000
NEW YORK,2023,64,
NEW YORK,2023,63,
NEW YORK,2023,62,23.833333
NEW YORK,2023,61,23.833333
NEW YORK,2023,60,24.750000
NEW YORK,2023,59,25.000000
NEW YORK,2023,58,25.000000
NEW YORK,2023,57,
NEW YORK,2023,56,
NEW YORK,2023,55,22.833333
NEW YORK,2023,54,22.833333
NEW YORK,2023,53,22.833333
NEW YORK,2023,52,22.666666
NEW YORK,2023,51,
NEW YORK,2023,50,
NEW YORK,2023,49,
NEW YORK,2023,48,22.000000
NEW YORK,2023,47,22.000000
NEW YORK,2023,46,22.000000
NEW YORK,2023,45,22.000000
NEW YORK,2023,44,22.000000
NEW YORK,2023,43,
NEW YORK,2023,42,
NEW YORK,2023,41,21.500000
NEW YORK,2023,40,21.500000
NEW YORK,2023,39,21.500000
NEW YORK,2023,38,21.000000
NEW YORK,2023,37,
NEW YORK,2023,36,
NEW YORK,2023,35,
NEW YORK,2023,34,23.000000
NEW YORK,2023,33,23.000000
NEW YORK,2023,32,23.000000
NEW YORK,2023,31,23.000000
NEW YORK,2023,30,23.000000
NEW YORK,2023,29,
NEW YORK,2023,28,
NEW YORK,2023,27,22.666666
NEW YORK,2023,26,22.666666
NEW YORK,2023,25,22.666666
NEW YORK,2023,24,23.500000
NEW YORK,2023,23,23.500000
NEW YORK,2023,22,
NEW YORK,2023,21,
NEW YORK,2023,20,25.000000
NEW YORK,2023,19,25.000000
NEW YORK,2023,18,25.000000
NEW YORK,2023,17,27.000000
NEW YORK,2023,16,
NEW YORK,2023,15,
NEW YORK,2023,14,
NEW YORK,2023,13,27.000000
NEW YORK,2023,12,27.000000
NEW YORK,2023,11,26.500000
NEW YORK,2023,10,27.500000
NEW YORK,2023,9,27.500000
NEW YORK,2023,8,
NEW YORK,2023,7,
NEW YORK,2023,6,25.000000
NEW YORK,2023,5,21.500000
NEW YORK,2023,4,24.500000
NEW YORK,2023,3,24.500000
NEW YORK,2023,2,
PHILADELPHIA,2023,366,
PHILADELPHIA,2023,365,
PHILADELPHIA,2023,364,
PHILADELPHIA,2023,363,43.000000
PHILADELPHIA,2023,362,43.000000
PHILADELPHIA,2023,361,43.000000
PHILADELPHIA,2023,360,44.000000
PHILADELPHIA,2023,359,
PHILADELPHIA,2023,358,
PHILADELPHIA,2023,357,
PHILADELPHIA,2023,356,46.000000
PHILADELPHIA,2023,355,46.000000
PHILADELPHIA,2023,354,46.000000
PHILADELPHIA,2023,353,46.000000
PHILADELPHIA,2023,352,46.000000
PHILADELPHIA,2023,351,
PHILADELPHIA,2023,350,
PHILADELPHIA,2023,349,46.000000
PHILADELPHIA,2023,348,46.000000
PHILADELPHIA,2023,347,58.000000
PHILADELPHIA,2023,346,58.000000
PHILADELPHIA,2023,345,58.000000
PHILADELPHIA,2023,344,
PHILADELPHIA,2023,343,
PHILADELPHIA,2023,342,58.000000
PHILADELPHIA,2023,341,58.000000
PHILADELPHIA,2023,340,58.000000
PHILADELPHIA,2023,339,58.000000
PHILADELPHIA,2023,338,58.000000
PHILADELPHIA,2023,337,
PHILADELPHIA,2023,336,
PHILADELPHIA,2023,335,40.000000
PHILADELPHIA,2023,334,40.000000
PHILADELPHIA,2023,333,40.000000
PHILADELPHIA,2023,332,41.000000
PHILADELPHIA,2023,331,41.000000
PHILADELPHIA,2023,330,
PHILADELPHIA,2023,329,
PHILADELPHIA,2023,328,
PHILADELPHIA,2023,327,
PHILADELPHIA,2023,326,44.500000
PHILADELPHIA,2023,325,44.500000
PHILADELPHIA,2023,324,44.500000
PHILADELPHIA,2023,323,
PHILADELPHIA,2023,322,
PHILADELPHIA,2023,321,36.000000
PHILADELPHIA,2023,320,36.000000
PHILADELPHIA,2023,319,36.000000
PHILADELPHIA,2023,318,36.000000
PHILADELPHIA,2023,317,36.000000
PHILADELPHIA,2023,316,
PHILADELPHIA,2023,315,
PHILADELPHIA,2023,314,
PHILADELPHIA,2023,313,31.333333
PHILADELPHIA,2023,312,31.333333
PHILADELPHIA,2023,311,31.333333
PHILADELPHIA,2023,310,31.333333
PHILADELPHIA,2023,309,
PHILADELPHIA,2023,308,
PHILADELPHIA,2023,307,27.600000
PHILADELPHIA,2023,306,27.600000
PHILADELPHIA,2023,305,27.600000
PHILADELPHIA,2023,304,28.800000
PHILADELPHIA,2023,303,29.000000
PHILADELPHIA,2023,302,
PHILADELPHIA,2023,301,
PHILADELPHIA,2023,300,33.000000
PHILADELPHIA,2023,299,33.000000
PHILADELPHIA,2023,298,33.000000
PHILADELPHIA,2023,297,33.000000
PHILADELPHIA,2023,296,33.000000
PHILADELPHIA,2023,295,
PHILADELPHIA,2023,294,
PHILADELPHIA,2023,293,32.000000
PHILADELPHIA,2023,292,32.000000
PHILADELPHIA,2023,291,32.000000
PHILADELPHIA,2023,290,32.000000
PHILADELPHIA,2023,289,28.666666
PHILADELPHIA,2023,288,
PHILADELPHIA,2023,287,
PHILADELPHIA,2023,286,28.666666
PHILADELPHIA,2023,285,28.666666
PHILADELPHIA,2023,284,28.666666
PHILADELPHIA,2023,283,28.666666
PHILADELPHIA,2023,282,
PHILADELPHIA,2023,281,
PHILADELPHIA,2023,280,
PHILADELPHIA,2023,279,25.250000
PHILADELPHIA,2023,278,29.000000
PHILADELPHIA,2023,277,29.000000
PHILADELPHIA,2023,276,29.000000
PHILADELPHIA,2023,275,29.000000
PHILADELPHIA,2023,274,
PHILADELPHIA,2023,273,
PHILADELPHIA,2023,272,29.750000
PHILADELPHIA,2023,271,29.750000
PHILADELPHIA,2023,270,29.750000
PHILADELPHIA,2023,269,29.750000
PHILADELPHIA,2023,268,28.750000
PHILADELPHIA,2023,267,
PHILADELPHIA,2023,266,
PHILADELPHIA,2023,265,31.666666
PHILADELPHIA,2023,264,31.666666
PHILADELPHIA,2023,263,31.666666
PHILADELPHIA,2023,262,29.500000
PHILADELPHIA,2023,261,29.500000
PHILADELPHIA,2023,260,
PHILADELPHIA,2023,259,
PHILADELPHIA,2023,258,33.000000
PHILADELPHIA,2023,257,33.000000
PHILADELPHIA,2023,256,33.000000
PHILADELPHIA,2023,255,33.000000
PHILADELPHIA,2023,254,33.000000
PHILADELPHIA,2023,253,
PHILADELPHIA,2023,252,
PHILADELPHIA,2023,251,30.000000
PHILADELPHIA,2023,250,30.000000
PHILADELPHIA,2023,249,30.000000
PHILADELPHIA,2023,248,30.000000
PHILADELPHIA,2023,247,
PHILADELPHIA,2023,246,
PHILADELPHIA,2023,245,
PHILADELPHIA,2023,244,29.000000
PHILADELPHIA,2023,243,29.000000
PHILADELPHIA,2023,242,29.000000
PHILADELPHIA,2023,241,29.000000
PHILADELPHIA,2023,240,30.500000
PHILADELPHIA,2023,239,
PHILADELPHIA,2023,238,
PHILADELPHIA,2023,237,36.250000
PHILADELPHIA,2023,236,36.250000
PHILADELPHIA,2023,235,39.000000
PHILADELPHIA,2023,234,39.000000
PHILADELPHIA,2023,233,39.000000
PHILADELPHIA,2023,232,
PHILADELPHIA,2023,231,
PHILADELPHIA,2023,230,43.000000
PHILADELPHIA,2023,229,43.000000
PHILADELPHIA,2023,228,43.000000
PHILADELPHIA,2023,227,43.000000
PHILADELPHIA,2023,226,44.000000
PHILADELPHIA,2023,225,
PHILADELPHIA,2023,224,
PHILADELPHIA,2023,223,43.000000
PHILADELPHIA,2023,222,43.000000
PHILADELPHIA,2023,221,43.000000
PHILADELPHIA,2023,220,43.000000
PHILADELPHIA,2023,219,42.000000
PHILADELPHIA,2023,218,
PHILADELPHIA,2023,217,
PHILADELPHIA,2023,216,49.000000
PHILADELPHIA,2023,215,49.000000
PHILADELPHIA,2023,214,49.000000
PHILADELPHIA,2023,213,49.000000
PHILADELPHIA,2023,212,49.000000
PHILADELPHIA,2023,211,
PHILADELPHIA,2023,210,
PHILADELPHIA,2023,209,52.000000
PHILADELPHIA,2023,208,50.000000
PHILADELPHIA,2023,207,50.000000
PHILADELPHIA,2023,206,50.000000
PHILADELPHIA,2023,205,
PHILADELPHIA,2023,204,
PHILADELPHIA,2023,203,
PHILADELPHIA,2023,202,42.500000
PHILADELPHIA,2023,201,42.500000
PHILADELPHIA,2023,200,42.500000
PHILADELPHIA,2023,199,42.500000
PHILADELPHIA,2023,198,42.500000
PHILADELPHIA,2023,197,
PHILADELPHIA,2023,196,
PHILADELPHIA,2023,195,44.000000
PHILADELPHIA,2023,194,44.000000
PHILADELPHIA,2023,193,38.000000
PHILADELPHIA,2023,192,38.000000
PHILADELPHIA,2023,191,
PHILADELPHIA,2023,190,
PHILADELPHIA,2023,189,
PHILADELPHIA,2023,188,33.000000
PHILADELPHIA,2023,187,33.000000
PHILADELPHIA,2023,186,37.500000
PHILADELPHIA,2023,185,
PHILADELPHIA,2023,184,32.000000
PHILADELPHIA,2023,183,
PHILADELPHIA,2023,182,
PHILADELPHIA,2023,181,28.500000
PHILADELPHIA,2023,180,28.500000
PHILADELPHIA,2023,179,28.500000
PHILADELPHIA,2023,178,25.333333
PHILADELPHIA,2023,177,25.500000
PHILADELPHIA,2023,176,
PHILADELPHIA,2023,175,
PHILADELPHIA,2023,174,38.000000
PHILADELPHIA,2023,173,38.000000
PHILADELPHIA,2023,172,38.000000
PHILADELPHIA,2023,171,36.000000
PHILADELPHIA,2023,170,
PHILADELPHIA,2023,169,
PHILADELPHIA,2023,168,
PHILADELPHIA,2023,167,28.500000
PHILADELPHIA,2023,166,28.500000
PHILADELPHIA,2023,165,28.500000
PHILADELPHIA,2023,164,28.500000
PHILADELPHIA,2023,163,28.500000
PHILADELPHIA,2023,162,
PHILADELPHIA,2023,161,
PHILADELPHIA,2023,160,35.000000
PHILADELPHIA,2023,159,35.000000
PHILADELPHIA,2023,158,35.000000
PHILADELPHIA,2023,157,35.000000
PHILADELPHIA,2023,156,34.000000
PHILADELPHIA,2023,155,
PHILADELPHIA,2023,154,
PHILADELPHIA,2023,153,35.000000
PHILADELPHIA,2023,152,38.000000
PHILADELPHIA,2023,151,38.000000
PHILADELPHIA,2023,150,38.000000
PHILADELPHIA,2023,149,
PHILADELPHIA,2023,148,
PHILADELPHIA,2023,147,
PHILADELPHIA,2023,146,38.000000
PHILADELPHIA,2023,145,38.000000
PHILADELPHIA,2023,144,38.000000
PHILADELPHIA,2023,143,38.000000
PHILADELPHIA,2023,142,36.000000
PHILADELPHIA,2023,141,
PHILADELPHIA,2023,140,
PHILADELPHIA,2023,139,36.000000
PHILADELPHIA,2023,138,36.000000
PHILADELPHIA,2023,137,36.000000
PHILADELPHIA,2023,136,36.000000
PHILADELPHIA,2023,135,
PHILADELPHIA,2023,134,
PHILADELPHIA,2023,133,
PHILADELPHIA,2023,132,
PHILADELPHIA,2023,131,
PHILADELPHIA,2023,130,
PHILADELPHIA,2023,129,
PHILADELPHIA,2023,128,
PHILADELPHIA,2023,127,
PHILADELPHIA,2023,126,
PHILADELPHIA,2023,125,25.250000
PHILADELPHIA,2023,124,25.250000
PHILADELPHIA,2023,123,25.250000
PHILADELPHIA,2023,122,25.250000
PHILADELPHIA,2023,121,25.250000
PHILADELPHIA,2023,120,
PHILADELPHIA,2023,119,
PHILADELPHIA,2023,118,25.000000
PHILADELPHIA,2023,117,26.500000
PHILADELPHIA,2023,116,28.000000
PHILADELPHIA,2023,115,28.000000
PHILADELPHIA,2023,114,
PHILADELPHIA,2023,113,
PHILADELPHIA,2023,112,
PHILADELPHIA,2023,111,24.833333
PHILADELPHIA,2023,110,24.833333
PHILADELPHIA,2023,109,24.833333
PHILADELPHIA,2023,108,24.833333
PHILADELPHIA,2023,107,22.250000
PHILADELPHIA,2023,106,
PHILADELPHIA,2023,105,
PHILADELPHIA,2023,104,27.000000
PHILADELPHIA,2023,103,27.000000
PHILADELPHIA,2023,102,27.000000
PHILADELPHIA,2023,101,27.000000
PHILADELPHIA,2023,100,
PHILADELPHIA,2023,99,
PHILADELPHIA,2023,98,
PHILADELPHIA,2023,97,23.000000
PHILADELPHIA,2023,96,23.000000
PHILADELPHIA,2023,95,22.250000
PHILADELPHIA,2023,94,22.250000
PHILADELPHIA,2023,93,22.250000
PHILADELPHIA,2023,92,
PHILADELPHIA,2023,91,
PHILADELPHIA,2023,90,24.500000
PHILADELPHIA,2023,89,24.500000
PHILADELPHIA,2023,88,24.500000
PHILADELPHIA,2023,87,24.500000
PHILADELPHIA,2023,86,24.500000
PHILADELPHIA,2023,85,
PHILADELPHIA,2023,84,
PHILADELPHIA,2023,83,24.500000
PHILADELPHIA,2023,82,24.500000
PHILADELPHIA,2023,81,24.400000
PHILADELPHIA,2023,80,23.500000
PHILADELPHIA,2023,79,23.250000
PHILADELPHIA,2023,78,
PHILADELPHIA,2023,77,
PHILADELPHIA,2023,76,24.166666
PHILADELPHIA,2023,75,24.625000
PHILADELPHIA,2023,74,25.000000
PHILADELPHIA,2023,73,22.666666
PHILADELPHIA,2023,72,22.000000
PHILADELPHIA,2023,71,
PHILADELPHIA,2023,70,
PHILADELPHIA,2023,69,22.833333
PHILADELPHIA,2023,68,22.833333
PHILADELPHIA,2023,67,22.666666
PHILADELPHIA,2023,66,22.666666
PHILADELPHIA,2023,65,18.000000
PHILADELPHIA,2023,64,
PHILADELPHIA,2023,63,
PHILADELPHIA,2023,62,23.000000
PHILADELPHIA,2023,61,23.000000
PHILADELPHIA,2023,60,23.000000
PHILADELPHIA,2023,59,23.000000
PHILADELPHIA,2023,58,23.000000
PHILADELPHIA,2023,57,
PHILADELPHIA,2023,56,
PHILADELPHIA,2023,55,23.333333
PHILADELPHIA,2023,54,23.333333
PHILADELPHIA,2023,53,23.333333
PHILADELPHIA,2023,52,19.000000
PHILADELPHIA,2023,51,
PHILADELPHIA,2023,50,
PHILADELPHIA,2023,49,
PHILADELPHIA,2023,48,24.000000
PHILADELPHIA,2023,47,24.000000
PHILADELPHIA,2023,46,24.000000
PHILADELPHIA,2023,45,20.000000
PHILADELPHIA,2023,44,21.000000
PHILADELPHIA,2023,43,
PHILADELPHIA,2023,42,
PHILADELPHIA,2023,41,20.333333
PHILADELPHIA,2023,40,20.333333
PHILADELPHIA,2023,39,20.333333
PHILADELPHIA,2023,38,20.333333
PHILADELPHIA,2023,37,22.000000
PHILADELPHIA,2023,36,
PHILADELPHIA,2023,35,
PHILADELPHIA,2023,34,22.000000
PHILADELPHIA,2023,33,22.000000
PHILADELPHIA,2023,32,26.000000
PHILADELPHIA,2023,31,26.000000
PHILADELPHIA,2023,30,26.000000
PHILADELPHIA,2023,29,
PHILADELPHIA,2023,28,
PHILADELPHIA,2023,27,29.500000
PHILADELPHIA,2023,26,29.500000
PHILADELPHIA,2023,25,29.500000
PHILADELPHIA,2023,24,29.500000
PHILADELPHIA,2023,23,29.000000
PHILADELPHIA,2023,22,
PHILADELPHIA,2023,21,
PHILADELPHIA,2023,20,21.666666
PHILADELPHIA,2023,19,21.666666
PHILADELPHIA,2023,18,21.666666
PHILADELPHIA,2023,17,23.500000
PHILADELPHIA,2023,16,
PHILADELPHIA,2023,15,
PHILADELPHIA,2023,14,
PHILADELPHIA,2023,13,22.500000
PHILADELPHIA,2023,12,22.500000
PHILADELPHIA,2023,11,22.500000
PHILADELPHIA,2023,10,24.750000
PHILADELPHIA,2023,9,24.750000
PHILADELPHIA,2023,8,
PHILADELPHIA,2023,7,
PHILADELPHIA,2023,6,23.750000
PHILADELPHIA,2023,5,23.750000
PHILADELPHIA,2023,4,23.750000
PHILADELPHIA,2023,3,23.750000
PHILADELPHIA,2023,2,
BALTIMORE,2022,366,
BALTIMORE,2022,365,
BALTIMORE,2022,364,32.000000
BALTIMORE,2022,363,32.000000
BALTIMORE,2022,362,32.000000
BALTIMORE,2022,361,32.000000
BALTIMORE,2022,360,
BALTIMORE,2022,359,
BALTIMORE,2022,358,
BALTIMORE,2022,357,32.000000
BALTIMORE,2022,356,32.000000
BALTIMORE,2022,355,32.000000
BALTIMORE,2022,354,32.000000
BALTIMORE,2022,353,32.000000
BALTIMORE,2022,352,
BALTIMORE,2022,351,
BALTIMORE,2022,350,33.500000
BALTIMORE,2022,349,33.500000
BALTIMORE,2022,348,33.500000
BALTIMORE,2022,347,27.000000
BALTIMORE,2022,346,27.000000
BALTIMORE,2022,345,
BALTIMORE,2022,344,
BALTIMORE,2022,343,25.500000
BALTIMORE,2022,342,25.500000
BALTIMORE,2022,341,25.500000
BALTIMORE,2022,340,25.500000
BALTIMORE,2022,339,25.500000
BALTIMORE,2022,338,
BALTIMORE,2022,337,
BALTIMORE,2022,336,23.500000
BALTIMORE,2022,335,23.500000
BALTIMORE,2022,334,23.500000
BALTIMORE,2022,333,23.500000
BALTIMORE,2022,332,23.500000
BALTIMORE,2022,331,
BALTIMORE,2022,330,
BALTIMORE,2022,329,24.833333
BALTIMORE,2022,328,
BALTIMORE,2022,327,25.000000
BALTIMORE,2022,326,25.000000
BALTIMORE,2022,325,25.000000
BALTIMORE,2022,324,
BALTIMORE,2022,323,
BALTIMORE,2022,322,25.000000
BALTIMORE,2022,321,25.000000
BALTIMORE,2022,320,25.000000
BALTIMORE,2022,319,25.000000
BALTIMORE,2022,318,25.000000
BALTIMORE,2022,317,
BALTIMORE,2022,316,
BALTIMORE,2022,315,
BALTIMORE,2022,314,24.750000
BALTIMORE,2022,313,24.750000
BALTIMORE,2022,312,24.750000
BALTIMORE,2022,311,24.750000
BALTIMORE,2022,310,
BALTIMORE,2022,309,
BALTIMORE,2022,308,24.750000
BALTIMORE,2022,307,24.750000
BALTIMORE,2022,306,24.750000
BALTIMORE,2022,305,24.750000
BALTIMORE,2022,304,25.250000
BALTIMORE,2022,303,
BALTIMORE,2022,302,
BALTIMORE,2022,301,26.000000
BALTIMORE,2022,300,26.000000
BALTIMORE,2022,299,26.000000
BALTIMORE,2022,298,26.000000
BALTIMORE,2022,297,26.000000
BALTIMORE,2022,296,
BALTIMORE,2022,295,
BALTIMORE,2022,294,26.000000
BALTIMORE,2022,293,26.000000
BALTIMORE,2022,292,26.000000
BALTIMORE,2022,291,26.000000
BALTIMORE,2022,290,26.000000
BALTIMORE,2022,289,
BALTIMORE,2022,288,
BALTIMORE,2022,287,26.000000
BALTIMORE,2022,286,26.000000
BALTIMORE,2022,285,26.500000
BALTIMORE,2022,284,26.500000
BALTIMORE,2022,283,
BALTIMORE,2022,282,
BALTIMORE,2022,281,
BALTIMORE,2022,280,26.500000
BALTIMORE,2022,279,26.500000
BALTIMORE,2022,278,26.500000
BALTIMORE,2022,277,26.500000
BALTIMORE,2022,276,26.500000
BALTIMORE,2022,275,
BALTIMORE,2022,274,
BALTIMORE,2022,273,26.500000
BALTIMORE,2022,272,23.000000
BALTIMORE,2022,271,23.000000
BALTIMORE,2022,270,23.000000
BALTIMORE,2022,269,23.000000
BALTIMORE,2022,268,
BALTIMORE,2022,267,
BALTIMORE,2022,266,23.000000
BALTIMORE,2022,265,23.000000
BALTIMORE,2022,264,23.000000
BALTIMORE,2022,263,23.000000
BALTIMORE,2022,262,23.000000
BALTIMORE,2022,261,
BALTIMORE,2022,260,
BALTIMORE,2022,259,23.000000
BALTIMORE,2022,258,23.000000
BALTIMORE,2022,257,23.000000
BALTIMORE,2022,256,23.000000
BALTIMORE,2022,255,23.000000
BALTIMORE,2022,254,
BALTIMORE,2022,253,
BALTIMORE,2022,252,23.000000
BALTIMORE,2022,251,23.000000
BALTIMORE,2022,250,23.000000
BALTIMORE,2022,249,23.000000
BALTIMORE,2022,248,
BALTIMORE,2022,247,
BALTIMORE,2022,246,
BALTIMORE,2022,245,22.000000
BALTIMORE,2022,244,22.000000
BALTIMORE,2022,243,22.000000
BALTIMORE,2022,242,22.000000
BALTIMORE,2022,241,26.000000
BALTIMORE,2022,240,
BALTIMORE,2022,239,
BALTIMORE,2022,238,22.750000
BALTIMORE,2022,237,22.750000
BALTIMORE,2022,236,22.750000
BALTIMORE,2022,235,22.750000
BALTIMORE,2022,234,22.750000
BALTIMORE,2022,233,
BALTIMORE,2022,232,
BALTIMORE,2022,231,22.333333
BALTIMORE,2022,230,22.333333
BALTIMORE,2022,229,26.166666
BALTIMORE,2022,228,29.250000
BALTIMORE,2022,227,29.250000
BALTIMORE,2022,226,
BALTIMORE,2022,225,
BALTIMORE,2022,224,23.000000
BALTIMORE,2022,223,23.000000
BALTIMORE,2022,222,25.000000
BALTIMORE,2022,221,25.000000
BALTIMORE,2022,220,25.000000
BALTIMORE,2022,219,
BALTIMORE,2022,218,
BALTIMORE,2022,217,24.750000
BALTIMORE,2022,216,24.750000
BALTIMORE,2022,215,22.875000
BALTIMORE,2022,214,25.250000
BALTIMORE,2022,213,25.250000
BALTIMORE,2022,212,
BALTIMORE,2022,211,
BALTIMORE,2022,210,24.625000
BALTIMORE,2022,209,24.625000
BALTIMORE,2022,208,25.250000
BALTIMORE,2022,207,25.250000
BALTIMORE,2022,206,25.250000
BALTIMORE,2022,205,
BALTIMORE,2022,204,
BALTIMORE,2022,203,26.833333
BALTIMORE,2022,202,26.833333
BALTIMORE,2022,201,22.666666
BALTIMORE,2022,200,20.000000
BALTIMORE,2022,199,19.666666
BALTIMORE,2022,198,
BALTIMORE,2022,197,
BALTIMORE,2022,196,22.000000
BALTIMORE,2022,195,22.000000
BALTIMORE,2022,194,20.000000
BALTIMORE,2022,193,20.000000
BALTIMORE,2022,192,20.000000
BALTIMORE,2022,191,
BALTIMORE,2022,190,
BALTIMORE,2022,189,20.375000
BALTIMORE,2022,188,20.375000
BALTIMORE,2022,187,20.875000
BALTIMORE,2022,186,20.875000
BALTIMORE,2022,185,
BALTIMORE,2022,184,
BALTIMORE,2022,183,
BALTIMORE,2022,182,20.375000
BALTIMORE,2022,181,20.375000
BALTIMORE,2022,180,20.375000
BALTIMORE,2022,179,20.375000
BALTIMORE,2022,178,28.250000
BALTIMORE,2022,177,
BALTIMORE,2022,176,
BALTIMORE,2022,175,29.500000
BALTIMORE,2022,174,29.500000
BALTIMORE,2022,173,28.000000
BALTIMORE,2022,172,28.000000
BALTIMORE,2022,171,
BALTIMORE,2022,170,
BALTIMORE,2022,169,
BALTIMORE,2022,168,30.000000
BALTIMORE,2022,167,30.000000
BALTIMORE,2022,166,30.000000
BALTIMORE,2022,165,30.000000
BALTIMORE,2022,164,30.000000
BALTIMORE,2022,163,
BALTIMORE,2022,162,
BALTIMORE,2022,161,30.000000
BALTIMORE,2022,160,30.000000
BALTIMORE,2022,159,30.000000
BALTIMORE,2022,158,30.000000
BALTIMORE,2022,157,30.000000
BALTIMORE,2022,156,
BALTIMORE,2022,155,
BALTIMORE,2022,154,30.000000
BALTIMORE,2022,153,32.000000
BALTIMORE,2022,152,32.000000
BALTIMORE,2022,151,32.000000
BALTIMORE,2022,150,
BALTIMORE,2022,149,
BALTIMORE,2022,148,
BALTIMORE,2022,147,26.166666
BALTIMORE,2022,146,26.166666
BALTIMORE,2022,145,26.666666
BALTIMORE,2022,144,26.666666
BALTIMORE,2022,143,26.666666
BALTIMORE,2022,142,
BALTIMORE,2022,141,
BALTIMORE,2022,140,26.750000
BALTIMORE,2022,139,26.750000
BALTIMORE,2022,138,26.625000
BALTIMORE,2022,137,26.625000
BALTIMORE,2022,136,26.625000
BALTIMORE,2022,135,
BALTIMORE,2022,134,
BALTIMORE,2022,133,26.625000
BALTIMORE,2022,132,26.625000
BALTIMORE,2022,131,26.625000
BALTIMORE,2022,130,26.625000
BALTIMORE,2022,129,26.125000
BALTIMORE,2022,128,
BALTIMORE,2022,127,
BALTIMORE,2022,126,23.250000
BALTIMORE,2022,125,23.250000
BALTIMORE,2022,124,23.250000
BALTIMORE,2022,123,23.500000
BALTIMORE,2022,122,23.500000
BALTIMORE,2022,121,
BALTIMORE,2022,120,
BALTIMORE,2022,119,23.500000
BALTIMORE,2022,118,23.500000
BALTIMORE,2022,117,24.000000
BALTIMORE,2022,116,32.000000
BALTIMORE,2022,115,30.000000
BALTIMORE,2022,114,
BALTIMORE,2022,113,
BALTIMORE,2022,112,32.666666
BALTIMORE,2022,111,32.666666
BALTIMORE,2022,110,32.000000
BALTIMORE,2022,109,32.000000
BALTIMORE,2022,108,32.000000
BALTIMORE,2022,107,
BALTIMORE,2022,106,
BALTIMORE,2022,105,29.750000
BALTIMORE,2022,104,29.750000
BALTIMORE,2022,103,29.500000
BALTIMORE,2022,102,26.250000
BALTIMORE,2022,101,26.250000
BALTIMORE,2022,100,
BALTIMORE,2022,99,
BALTIMORE,2022,98,26.500000
BALTIMORE,2022,97,26.500000
BALTIMORE,2022,96,26.500000
BALTIMORE,2022,95,25.833333
BALTIMORE,2022,94,25.833333
BALTIMORE,2022,93,
BALTIMORE,2022,92,
BALTIMORE,2022,91,25.166666
BALTIMORE,2022,90,25.166666
BALTIMORE,2022,89,25.666666
BALTIMORE,2022,88,25.666666
BALTIMORE,2022,87,25.666666
BALTIMORE,2022,86,
BALTIMORE,2022,85,
BALTIMORE,2022,84,25.500000
BALTIMORE,2022,83,25.500000
BALTIMORE,2022,82,25.166666
BALTIMORE,2022,81,25.166666
BALTIMORE,2022,80,25.500000
BALTIMORE,2022,79,
BALTIMORE,2022,78,
BALTIMORE,2022,77,23.750000
BALTIMORE,2022,76,23.750000
BALTIMORE,2022,75,24.500000
BALTIMORE,2022,74,24.500000
BALTIMORE,2022,73,24.500000
BALTIMORE,2022,72,
BALTIMORE,2022,71,
BALTIMORE,2022,70,25.000000
BALTIMORE,2022,69,25.000000
BALTIMORE,2022,68,24.166666
BALTIMORE,2022,67,22.750000
BALTIMORE,2022,66,22.750000
BALTIMORE,2022,65,
BALTIMORE,2022,64,
BALTIMORE,2022,63,22.000000
BALTIMORE,2022,62,22.750000
BALTIMORE,2022,61,23.000000
BALTIMORE,2022,60,23.000000
BALTIMORE,2022,59,23.000000
BALTIMORE,2022,58,
BALTIMORE,2022,57,
BALTIMORE,2022,56,25.500000
BALTIMORE,2022,55,26.000000
BALTIMORE,2022,54,23.500000
BALTIMORE,2022,53,23.500000
BALTIMORE,2022,52,
BALTIMORE,2022,51,
BALTIMORE,2022,50,
BALTIMORE,2022,49,23.500000
BALTIMORE,2022,48,23.500000
BALTIMORE,2022,47,20.000000
BALTIMORE,2022,46,20.000000
BALTIMORE,2022,45,20.000000
BALTIMORE,2022,44,
BALTIMORE,2022,43,
BALTIMORE,2022,42,20.000000
BALTIMORE,2022,41,20.000000
BALTIMORE,2022,40,20.000000
BALTIMORE,2022,39,21.000000
BALTIMORE,2022,38,21.000000
BALTIMORE,2022,37,
BALTIMORE,2022,36,
BALTIMORE,2022,35,22.000000
BALTIMORE,2022,34,23.000000
BALTIMORE,2022,33,23.000000
BALTIMORE,2022,32,23.000000
BALTIMORE,2022,31,23.000000
BALTIMORE,2022,30,
BALTIMORE,2022,29,
BALTIMORE,2022,28,24.000000
BALTIMORE,2022,27,24.000000
BALTIMORE,2022,26,24.500000
BALTIMORE,2022,25,24.500000
BALTIMORE,2022,24,25.250000
BALTIMORE,2022,23,
BALTIMORE,2022,22,
BALTIMORE,2022,21,27.500000
BALTIMORE,2022,20,27.500000
BALTIMORE,2022,19,29.750000
BALTIMORE,2022,18,29.750000
BALTIMORE,2022,17,
BALTIMORE,2022,16,
BALTIMORE,2022,15,
BALTIMORE,2022,14,29.500000
BALTIMORE,2022,13,29.500000
BALTIMORE,2022,12,31.250000
BALTIMORE,2022,11,34.250000
BALTIMORE,2022,10,34.250000
BALTIMORE,2022,9,
BALTIMORE,2022,8,
BALTIMORE,2022,7,34.500000
BALTIMORE,2022,6,34.500000
BALTIMORE,2022,5,34.500000
BALTIMORE,2022,4,35.000000
BALTIMORE,2022,3,35.000000
BALTIMORE,2022,2,
BOSTON,2022,366,
BOSTON,2022,365,
BOSTON,2022,364,22.500000
BOSTON,2022,363,22.500000
BOSTON,2022,362,22.500000
BOSTON,2022,361,22.500000
BOSTON,2022,360,
BOSTON,2022,359,
BOSTON,2022,358,
BOSTON,2022,357,22.500000
BOSTON,2022,356,22.500000
BOSTON,2022,355,22.500000
BOSTON,2022,354,22.500000
BOSTON,2022,353,22.500000
BOSTON,2022,352,
BOSTON,2022,351,
BOSTON,2022,350,22.500000
BOSTON,2022,349,22.500000
BOSTON,2022,348,22.500000
BOSTON,2022,347,22.500000
BOSTON,2022,346,22.500000
BOSTON,2022,345,
BOSTON,2022,344,
BOSTON,2022,343,22.500000
BOSTON,2022,342,22.500000
BOSTON,2022,341,22.500000
BOSTON,2022,340,22.500000
BOSTON,2022,339,22.500000
BOSTON,2022,338,
BOSTON,2022,337,
BOSTON,2022,336,22.500000
BOSTON,2022,335,22.500000
BOSTON,2022,334,22.500000
BOSTON,2022,333,22.500000
BOSTON,2022,332,22.500000
BOSTON,2022,331,
BOSTON,2022,330,
BOSTON,2022,329,22.500000
BOSTON,2022,328,
BOSTON,2022,327,22.500000
BOSTON,2022,326,22.500000
BOSTON,2022,325,22.500000
BOSTON,2022,324,
BOSTON,2022,323,
BOSTON,2022,322,22.500000
BOSTON,2022,321,22.500000
BOSTON,2022,320,22.500000
BOSTON,2022,319,22.500000
BOSTON,2022,318,22.500000
BOSTON,2022,317,
BOSTON,2022,316,
BOSTON,2022,315,
BOSTON,2022,314,22.500000
BOSTON,2022,313,22.500000
BOSTON,2022,312,22.500000
BOSTON,2022,311,22.500000
BOSTON,2022,310,
BOSTON,2022,309,
BOSTON,2022,308,22.500000
BOSTON,2022,307,22.500000
BOSTON,2022,306,22.500000
BOSTON,2022,305,22.500000
BOSTON,2022,304,22.500000
BOSTON,2022,303,
BOSTON,2022,302,
BOSTON,2022,301,22.500000
BOSTON,2022,300,22.500000
BOSTON,2022,299,22.500000
BOSTON,2022,298,23.500000
BOSTON,2022,297,23.500000
BOSTON,2022,296,
BOSTON,2022,295,
BOSTON,2022,294,23.500000
BOSTON,2022,293,23.500000
BOSTON,2022,292,23.500000
BOSTON,2022,291,23.500000
BOSTON,2022,290,23.500000
BOSTON,2022,289,
BOSTON,2022,288,
BOSTON,2022,287,23.500000
BOSTON,2022,286,23.500000
BOSTON,2022,285,23.500000
BOSTON,2022,284,23.500000
BOSTON,2022,283,
BOSTON,2022,282,
BOSTON,2022,281,
BOSTON,2022,280,23.500000
BOSTON,2022,279,23.500000
BOSTON,2022,278,23.500000
BOSTON,2022,277,23.500000
BOSTON,2022,276,23.500000
BOSTON,2022,275,
BOSTON,2022,274,
BOSTON,2022,273,23.500000
BOSTON,2022,272,23.500000
BOSTON,2022,271,23.500000
BOSTON,2022,270,23.500000
BOSTON,2022,269,23.500000
BOSTON,2022,268,
BOSTON,2022,267,
BOSTON,2022,266,23.500000
BOSTON,2022,265,23.500000
BOSTON,2022,264,23.500000
BOSTON,2022,263,23.500000
BOSTON,2022,262,23.500000
BOSTON,2022,261,
BOSTON,2022,260,
BOSTON,2022,259,23.500000
BOSTON,2022,258,23.500000
BOSTON,2022,257,23.500000
BOSTON,2022,256,23.500000
BOSTON,2022,255,23.500000
BOSTON,2022,254,
BOSTON,2022,253,
BOSTON,2022,252,23.500000
BOSTON,2022,251,23.500000
BOSTON,2022,250,23.500000
BOSTON,2022,249,23.500000
BOSTON,2022,248,
BOSTON,2022,247,
BOSTON,2022,246,
BOSTON,2022,245,23.500000
BOSTON,2022,244,23.500000
BOSTON,2022,243,23.500000
BOSTON,2022,242,23.500000
BOSTON,2022,241,23.500000
BOSTON,2022,240,
BOSTON,2022,239,
BOSTON,2022,238,23.500000
BOSTON,2022,237,23.500000
BOSTON,2022,236,23.500000
BOSTON,2022,235,23.500000
BOSTON,2022,234,23.500000
BOSTON,2022,233,
BOSTON,2022,232,
BOSTON,2022,231,23.500000
BOSTON,2022,230,23.500000
BOSTON,2022,229,23.500000
BOSTON,2022,228,23.500000
BOSTON,2022,227,23.500000
BOSTON,2022,226,
BOSTON,2022,225,
BOSTON,2022,224,23.500000
BOSTON,2022,223,23.500000
BOSTON,2022,222,23.500000
BOSTON,2022,221,23.500000
BOSTON,2022,220,23.500000
BOSTON,2022,219,
BOSTON,2022,218,
BOSTON,2022,217,24.500000
BOSTON,2022,216,24.500000
BOSTON,2022,215,24.500000
BOSTON,2022,214,24.500000
BOSTON,2022,213,24.500000
BOSTON,2022,212,
BOSTON,2022,211,
BOSTON,2022,210,24.500000
BOSTON,2022,209,24.500000
BOSTON,2022,208,24.500000
BOSTON,2022,207,24.500000
BOSTON,2022,206,24.500000
BOSTON,2022,205,
BOSTON,2022,204,
BOSTON,2022,203,24.500000
BOSTON,2022,202,24.500000
BOSTON,2022,201,24.500000
BOSTON,2022,200,24.500000
BOSTON,2022,199,24.500000
BOSTON,2022,198,
BOSTON,2022,197,
BOSTON,2022,196,24.500000
BOSTON,2022,195,24.500000
BOSTON,2022,194,24.500000
BOSTON,2022,193,24.500000
BOSTON,2022,192,25.000000
BOSTON,2022,191,
BOSTON,2022,190,
BOSTON,2022,189,20.500000
BOSTON,2022,188,20.500000
BOSTON,2022,187,20.500000
BOSTON,2022,186,20.500000
BOSTON,2022,185,
BOSTON,2022,184,
BOSTON,2022,183,
BOSTON,2022,182,20.500000
BOSTON,2022,181,20.500000
BOSTON,2022,180,20.500000
BOSTON,2022,179,20.500000
BOSTON,2022,178,20.500000
BOSTON,2022,177,
BOSTON,2022,176,
BOSTON,2022,175,20.500000
BOSTON,2022,174,20.500000
BOSTON,2022,173,20.500000
BOSTON,2022,172,20.500000
BOSTON,2022,171,
BOSTON,2022,170,
BOSTON,2022,169,
BOSTON,2022,168,20.500000
BOSTON,2022,167,20.500000
BOSTON,2022,166,20.500000
BOSTON,2022,165,20.500000
BOSTON,2022,164,20.500000
BOSTON,2022,163,
BOSTON,2022,162,
BOSTON,2022,161,20.500000
BOSTON,2022,160,20.500000
BOSTON,2022,159,20.500000
BOSTON,2022,158,20.500000
BOSTON,2022,157,20.500000
BOSTON,2022,156,
BOSTON,2022,155,
BOSTON,2022,154,20.500000
BOSTON,2022,153,20.500000
BOSTON,2022,152,20.500000
BOSTON,2022,151,20.500000
BOSTON,2022,150,
BOSTON,2022,149,
BOSTON,2022,148,
BOSTON,2022,147,20.500000
BOSTON,2022,146,20.500000
BOSTON,2022,145,20.500000
BOSTON,2022,144,20.500000
BOSTON,2022,143,20.500000
BOSTON,2022,142,
BOSTON,2022,141,
BOSTON,2022,140,20.500000
BOSTON,2022,139,20.500000
BOSTON,2022,138,20.500000
BOSTON,2022,137,20.500000
BOSTON,2022,136,20.500000
BOSTON,2022,135,
BOSTON,2022,134,
BOSTON,2022,133,20.500000
BOSTON,2022,132,20.500000
BOSTON,2022,131,20.500000
BOSTON,2022,130,20.500000
BOSTON,2022,129,20.500000
BOSTON,2022,128,
BOSTON,2022,127,
BOSTON,2022,126,20.500000
BOSTON,2022,125,20.500000
BOSTON,2022,124,20.500000
BOSTON,2022,123,20.500000
BOSTON,2022,122,20.500000
BOSTON,2022,121,
BOSTON,2022,120,
BOSTON,2022,119,20.500000
BOSTON,2022,118,20.500000
BOSTON,2022,117,20.500000
BOSTON,2022,116,20.500000
BOSTON,2022,115,20.500000
BOSTON,2022,114,
BOSTON,2022,113,
BOSTON,2022,112,20.500000
BOSTON,2022,111,20.500000
BOSTON,2022,110,20.500000
BOSTON,2022,109,33.000000
BOSTON,2022,108,33.000000
BOSTON,2022,107,
BOSTON,2022,106,
BOSTON,2022,105,33.000000
BOSTON,2022,104,33.000000
BOSTON,2022,103,33.000000
BOSTON,2022,102,33.000000
BOSTON,2022,101,33.000000
BOSTON,2022,100,
BOSTON,2022,99,
BOSTON,2022,98,33.000000
BOSTON,2022,97,33.000000
BOSTON,2022,96,33.000000
BOSTON,2022,95,33.000000
BOSTON,2022,94,33.000000
BOSTON,2022,93,
BOSTON,2022,92,
BOSTON,2022,91,33.000000
BOSTON,2022,90,33.000000
BOSTON,2022,89,33.000000
BOSTON,2022,88,33.000000
BOSTON,2022,87,33.000000
BOSTON,2022,86,
BOSTON,2022,85,
BOSTON,2022,84,33.000000
BOSTON,2022,83,33.000000
BOSTON,2022,82,33.000000
BOSTON,2022,81,33.000000
BOSTON,2022,80,33.000000
BOSTON,2022,79,
BOSTON,2022,78,
BOSTON,2022,77,33.000000
BOSTON,2022,76,33.000000
BOSTON,2022,75,33.000000
BOSTON,2022,74,33.000000
BOSTON,2022,73,33.000000
BOSTON,2022,72,
BOSTON,2022,71,
BOSTON,2022,70,33.000000
BOSTON,2022,69,33.000000
BOSTON,2022,68,33.000000
BOSTON,2022,67,33.000000
BOSTON,2022,66,33.000000
BOSTON,2022,65,
BOSTON,2022,64,
BOSTON,2022,63,33.000000
BOSTON,2022,62,33.000000
BOSTON,2022,61,33.000000
BOSTON,2022,60,33.000000
BOSTON,2022,59,33.000000
BOSTON,2022,58,
BOSTON,2022,57,
BOSTON,2022,56,33.000000
BOSTON,2022,55,33.000000
BOSTON,2022,54,33.000000
BOSTON,2022,53,33.000000
BOSTON,2022,52,
BOSTON,2022,51,
BOSTON,2022,50,
BOSTON,2022,49,33.000000
BOSTON,2022,48,33.000000
BOSTON,2022,47,33.000000
BOSTON,2022,46,33.000000
BOSTON,2022,45,33.000000
BOSTON,2022,44,
BOSTON,2022,43,
BOSTON,2022,42,33.000000
BOSTON,2022,41,33.000000
BOSTON,2022,40,33.000000
BOSTON,2022,39,33.000000
BOSTON,2022,38,33.000000
BOSTON,2022,37,
BOSTON,2022,36,
BOSTON,2022,35,33.000000
BOSTON,2022,34,33.000000
BOSTON,2022,33,33.000000
BOSTON,2022,32,33.000000
BOSTON,2022,31,33.000000
BOSTON,2022,30,
BOSTON,2022,29,
BOSTON,2022,28,33.000000
BOSTON,2022,27,33.000000
BOSTON,2022,26,33.000000
BOSTON,2022,25,34.666666
BOSTON,2022,24,34.666666
BOSTON,2022,23,
BOSTON,2022,22,
BOSTON,2022,21,34.666666
BOSTON,2022,20,34.666666
BOSTON,2022,19,34.666666
BOSTON,2022,18,34.666666
BOSTON,2022,17,
BOSTON,2022,16,
BOSTON,2022,15,
BOSTON,2022,14,34.666666
BOSTON,2022,13,34.666666
BOSTON,2022,12,34.666666
BOSTON,2022,11,34.666666
BOSTON,2022,10,34.666666
BOSTON,2022,9,
BOSTON,2022,8,
BOSTON,2022,7,34.666666
BOSTON,2022,6,34.666666
BOSTON,2022,5,32.666666
BOSTON,2022,4,32.666666
BOSTON,2022,3,34.666666
BOSTON,2022,2,
CHICAGO,2022,366,
CHICAGO,2022,365,
CHICAGO,2022,364,28.250000
CHICAGO,2022,363,26.642857
CHICAGO,2022,362,26.642857
CHICAGO,2022,361,26.642857
CHICAGO,2022,360,
CHICAGO,2022,359,
CHICAGO,2022,358,
CHICAGO,2022,357,26.642857
CHICAGO,2022,356,26.642857
CHICAGO,2022,355,26.642857
CHICAGO,2022,354,26.642857
CHICAGO,2022,353,26.642857
CHICAGO,2022,352,
CHICAGO,2022,351,
CHICAGO,2022,350,26.642857
CHICAGO,2022,349,25.071428
CHICAGO,2022,348,25.071428
CHICAGO,2022,347,23.500000
CHICAGO,2022,346,23.500000
CHICAGO,2022,345,
CHICAGO,2022,344,
CHICAGO,2022,343,23.500000
CHICAGO,2022,342,23.500000
CHICAGO,2022,341,23.500000
CHICAGO,2022,340,23.500000
CHICAGO,2022,339,23.500000
CHICAGO,2022,338,
CHICAGO,2022,337,
CHICAGO,2022,336,23.500000
CHICAGO,2022,335,23.500000
CHICAGO,2022,334,23.500000
CHICAGO,2022,333,23.500000
CHICAGO,2022,332,23.500000
CHICAGO,2022,331,
CHICAGO,2022,330,
CHICAGO,2022,329,
CHICAGO,2022,328,
CHICAGO,2022,327,23.500000
CHICAGO,2022,326,23.500000
CHICAGO,2022,325,23.500000
CHICAGO,2022,324,
CHICAGO,2022,323,
CHICAGO,2022,322,23.500000
CHICAGO,2022,321,23.500000
CHICAGO,2022,320,23.500000
CHICAGO,2022,319,23.500000
CHICAGO,2022,318,23.500000
CHICAGO,2022,317,
CHICAGO,2022,316,
CHICAGO,2022,315,
CHICAGO,2022,314,23.500000
CHICAGO,2022,313,23.500000
CHICAGO,2022,312,23.500000
CHICAGO,2022,311,23.500000
CHICAGO,2022,310,
CHICAGO,2022,309,
CHICAGO,2022,308,23.500000
CHICAGO,2022,307,23.500000
CHICAGO,2022,306,23.500000
CHICAGO,2022,305,23.200000
CHICAGO,2022,304,23.200000
CHICAGO,2022,303,
CHICAGO,2022,302,
CHICAGO,2022,301,23.200000
CHICAGO,2022,300,23.200000
CHICAGO,2022,299,23.416666
CHICAGO,2022,298,23.416666
CHICAGO,2022,297,23.416666
CHICAGO,2022,296,
CHICAGO,2022,295,
CHICAGO,2022,294,23.416666
CHICAGO,2022,293,23.416666
CHICAGO,2022,292,23.416666
CHICAGO,2022,291,23.416666
CHICAGO,2022,290,23.416666
CHICAGO,2022,289,
CHICAGO,2022,288,
CHICAGO,2022,287,23.416666
CHICAGO,2022,286,23.416666
CHICAGO,2022,285,23.416666
CHICAGO,2022,284,23.416666
CHICAGO,2022,283,
CHICAGO,2022,282,
CHICAGO,2022,281,
CHICAGO,2022,280,23.416666
CHICAGO,2022,279,23.416666
CHICAGO,2022,278,23.416666
CHICAGO,2022,277,23.416666
CHICAGO,2022,276,23.416666
CHICAGO,2022,275,
CHICAGO,2022,274,
CHICAGO,2022,273,23.416666
CHICAGO,2022,272,23.416666
CHICAGO,2022,271,23.416666
CHICAGO,2022,270,23.416666
CHICAGO,2022,269,23.416666
CHICAGO,2022,268,
CHICAGO,2022,267,
CHICAGO,2022,266,23.416666
CHICAGO,2022,265,23.416666
CHICAGO,2022,264,23.416666
CHICAGO,2022,263,23.416666
CHICAGO,2022,262,23.416666
CHICAGO,2022,261,
CHICAGO,2022,260,
CHICAGO,2022,259,23.416666
CHICAGO,2022,258,23.416666
CHICAGO,2022,257,23.416666
CHICAGO,2022,256,23.416666
CHICAGO,2022,255,23.416666
CHICAGO,2022,254,
CHICAGO,2022,253,
CHICAGO,2022,252,23.416666
CHICAGO,2022,251,24.333333
CHICAGO,2022,250,24.333333
CHICAGO,2022,249,24.333333
CHICAGO,2022,248,
CHICAGO,2022,247,
CHICAGO,2022,246,
CHICAGO,2022,245,24.333333
CHICAGO,2022,244,24.333333
CHICAGO,2022,243,24.333333
CHICAGO,2022,242,24.333333
CHICAGO,2022,241,24.333333
CHICAGO,2022,240,
CHICAGO,2022,239,
CHICAGO,2022,238,24.333333
CHICAGO,2022,237,25.500000
CHICAGO,2022,236,25.500000
CHICAGO,2022,235,25.500000
CHICAGO,2022,234,25.500000
CHICAGO,2022,233,
CHICAGO,2022,232,
CHICAGO,2022,231,25.500000
CHICAGO,2022,230,25.500000
CHICAGO,2022,229,25.500000
CHICAGO,2022,228,25.500000
CHICAGO,2022,227,25.500000
CHICAGO,2022,226,
CHICAGO,2022,225,
CHICAGO,2022,224,25.500000
CHICAGO,2022,223,25.500000
CHICAGO,2022,222,25.500000
CHICAGO,2022,221,25.500000
CHICAGO,2022,220,25.500000
CHICAGO,2022,219,
CHICAGO,2022,218,
CHICAGO,2022,217,25.500000
CHICAGO,2022,216,25.500000
CHICAGO,2022,215,25.500000
CHICAGO,2022,214,25.500000
CHICAGO,2022,213,26.875000
CHICAGO,2022,212,
CHICAGO,2022,211,
CHICAGO,2022,210,26.875000
CHICAGO,2022,209,26.875000
CHICAGO,2022,208,26.875000
CHICAGO,2022,207,26.875000
CHICAGO,2022,206,26.800000
CHICAGO,2022,205,
CHICAGO,2022,204,
CHICAGO,2022,203,26.800000
CHICAGO,2022,202,26.800000
CHICAGO,2022,201,26.800000
CHICAGO,2022,200,26.800000
CHICAGO,2022,199,26.800000
CHICAGO,2022,198,
CHICAGO,2022,197,
CHICAGO,2022,196,26.800000
CHICAGO,2022,195,26.800000
CHICAGO,2022,194,26.800000
CHICAGO,2022,193,26.800000
CHICAGO,2022,192,26.800000
CHICAGO,2022,191,
CHICAGO,2022,190,
CHICAGO,2022,189,26.800000
CHICAGO,2022,188,26.800000
CHICAGO,2022,187,26.800000
CHICAGO,2022,186,26.800000
CHICAGO,2022,185,
CHICAGO,2022,184,
CHICAGO,2022,183,
CHICAGO,2022,182,26.800000
CHICAGO,2022,181,26.800000
CHICAGO,2022,180,29.833333
CHICAGO,2022,179,29.833333
CHICAGO,2022,178,32.400000
CHICAGO,2022,177,
CHICAGO,2022,176,
CHICAGO,2022,175,32.400000
CHICAGO,2022,174,32.400000
CHICAGO,2022,173,31.900000
CHICAGO,2022,172,31.900000
CHICAGO,2022,171,
CHICAGO,2022,170,
CHICAGO,2022,169,
CHICAGO,2022,168,31.900000
CHICAGO,2022,167,25.750000
CHICAGO,2022,166,24.333333
CHICAGO,2022,165,24.333333
CHICAGO,2022,164,24.333333
CHICAGO,2022,163,
CHICAGO,2022,162,
CHICAGO,2022,161,24.333333
CHICAGO,2022,160,24.333333
CHICAGO,2022,159,24.333333
CHICAGO,2022,158,24.333333
CHICAGO,2022,157,24.333333
CHICAGO,2022,156,
CHICAGO,2022,155,
CHICAGO,2022,154,24.333333
CHICAGO,2022,153,24.333333
CHICAGO,2022,152,24.333333
CHICAGO,2022,151,24.333333
CHICAGO,2022,150,
CHICAGO,2022,149,
CHICAGO,2022,148,
CHICAGO,2022,147,24.333333
CHICAGO,2022,146,24.333333
CHICAGO,2022,145,24.333333
CHICAGO,2022,144,24.333333
CHICAGO,2022,143,24.333333
CHICAGO,2022,142,
CHICAGO,2022,141,
CHICAGO,2022,140,24.333333
CHICAGO,2022,139,24.333333
CHICAGO,2022,138,24.333333
CHICAGO,2022,137,24.333333
CHICAGO,2022,136,24.333333
CHICAGO,2022,135,
CHICAGO,2022,134,
CHICAGO,2022,133,24.333333
CHICAGO,2022,132,24.333333
CHICAGO,2022,131,24.333333
CHICAGO,2022,130,24.333333
CHICAGO,2022,129,24.333333
CHICAGO,2022,128,
CHICAGO,2022,127,
CHICAGO,2022,126,24.333333
CHICAGO,2022,125,24.333333
CHICAGO,2022,124,24.333333
CHICAGO,2022,123,24.333333
CHICAGO,2022,122,24.333333
CHICAGO,2022,121,
CHICAGO,2022,120,
CHICAGO,2022,119,24.333333
CHICAGO,2022,118,24.333333
CHICAGO,2022,117,24.333333
CHICAGO,2022,116,24.333333
CHICAGO,2022,115,24.333333
CHICAGO,2022,114,
CHICAGO,2022,113,
CHICAGO,2022,112,24.333333
CHICAGO,2022,111,24.333333
CHICAGO,2022,110,24.333333
CHICAGO,2022,109,24.333333
CHICAGO,2022,108,24.333333
CHICAGO,2022,107,
CHICAGO,2022,106,
CHICAGO,2022,105,24.333333
CHICAGO,2022,104,23.166666
CHICAGO,2022,103,23.166666
CHICAGO,2022,102,23.166666
CHICAGO,2022,101,23.166666
CHICAGO,2022,100,
CHICAGO,2022,99,
CHICAGO,2022,98,23.166666
CHICAGO,2022,97,23.166666
CHICAGO,2022,96,23.166666
CHICAGO,2022,95,23.166666
CHICAGO,2022,94,23.166666
CHICAGO,2022,93,
CHICAGO,2022,92,
CHICAGO,2022,91,23.166666
CHICAGO,2022,90,23.166666
CHICAGO,2022,89,23.166666
CHICAGO,2022,88,23.166666
CHICAGO,2022,87,23.166666
CHICAGO,2022,86,
CHICAGO,2022,85,
CHICAGO,2022,84,23.166666
CHICAGO,2022,83,23.166666
CHICAGO,2022,82,23.166666
CHICAGO,2022,81,23.166666
CHICAGO,2022,80,23.166666
CHICAGO,2022,79,
CHICAGO,2022,78,
CHICAGO,2022,77,23.166666
CHICAGO,2022,76,23.166666
CHICAGO,2022,75,23.166666
CHICAGO,2022,74,23.166666
CHICAGO,2022,73,23.166666
CHICAGO,2022,72,
CHICAGO,2022,71,
CHICAGO,2022,70,23.166666
CHICAGO,2022,69,21.666666
CHICAGO,2022,68,21.666666
CHICAGO,2022,67,21.666666
CHICAGO,2022,66,21.666666
CHICAGO,2022,65,
CHICAGO,2022,64,
CHICAGO,2022,63,21.666666
CHICAGO,2022,62,21.666666
CHICAGO,2022,61,21.666666
CHICAGO,2022,60,21.666666
CHICAGO,2022,59,21.666666
CHICAGO,2022,58,
CHICAGO,2022,57,
CHICAGO,2022,56,21.666666
CHICAGO,2022,55,21.666666
CHICAGO,2022,54,21.666666
CHICAGO,2022,53,21.666666
CHICAGO,2022,52,
CHICAGO,2022,51,
CHICAGO,2022,50,
CHICAGO,2022,49,21.666666
CHICAGO,2022,48,22.000000
CHICAGO,2022,47,22.000000
CHICAGO,2022,46,23.500000
CHICAGO,2022,45,23.500000
CHICAGO,2022,44,
CHICAGO,2022,43,
CHICAGO,2022,42,23.500000
CHICAGO,2022,41,23.500000
CHICAGO,2022,40,23.500000
CHICAGO,2022,39,23.500000
CHICAGO,2022,38,23.500000
CHICAGO,2022,37,
CHICAGO,2022,36,
CHICAGO,2022,35,23.500000
CHICAGO,2022,34,23.500000
CHICAGO,2022,33,23.500000
CHICAGO,2022,32,23.500000
CHICAGO,2022,31,23.500000
CHICAGO,2022,30,
CHICAGO,2022,29,
CHICAGO,2022,28,23.500000
CHICAGO,2022,27,27.833333
CHICAGO,2022,26,27.833333
CHICAGO,2022,25,27.833333
CHICAGO,2022,24,27.833333
CHICAGO,2022,23,
CHICAGO,2022,22,
CHICAGO,2022,21,27.833333
CHICAGO,2022,20,31.500000
CHICAGO,2022,19,31.500000
CHICAGO,2022,18,31.500000
CHICAGO,2022,17,
CHICAGO,2022,16,
CHICAGO,2022,15,
CHICAGO,2022,14,31.500000
CHICAGO,2022,13,31.500000
CHICAGO,2022,12,33.500000
CHICAGO,2022,11,33.500000
CHICAGO,2022,10,33.500000
CHICAGO,2022,9,
CHICAGO,2022,8,
CHICAGO,2022,7,33.500000
CHICAGO,2022,6,33.500000
CHICAGO,2022,5,33.500000
CHICAGO,2022,4,33.500000
CHICAGO,2022,3,33.500000
CHICAGO,2022,2,
COLUMBIA,2022,366,
COLUMBIA,2022,365,
COLUMBIA,2022,364,27.000000
COLUMBIA,2022,363,27.000000
COLUMBIA,2022,362,27.000000
COLUMBIA,2022,361,
COLUMBIA,2022,360,
COLUMBIA,2022,359,
COLUMBIA,2022,358,
COLUMBIA,2022,357,
COLUMBIA,2022,356,
COLUMBIA,2022,355,
COLUMBIA,2022,354,
COLUMBIA,2022,353,28.333333
COLUMBIA,2022,352,
COLUMBIA,2022,351,
COLUMBIA,2022,350,28.333333
COLUMBIA,2022,349,28.333333
COLUMBIA,2022,348,28.333333
COLUMBIA,2022,347,28.333333
COLUMBIA,2022,346,28.333333
COLUMBIA,2022,345,
COLUMBIA,2022,344,
COLUMBIA,2022,343,29.666666
COLUMBIA,2022,342,29.666666
COLUMBIA,2022,341,29.666666
COLUMBIA,2022,340,29.666666
COLUMBIA,2022,339,29.666666
COLUMBIA,2022,338,
COLUMBIA,2022,337,
COLUMBIA,2022,336,27.250000
COLUMBIA,2022,335,27.250000
COLUMBIA,2022,334,27.250000
COLUMBIA,2022,333,27.250000
COLUMBIA,2022,332,27.250000
COLUMBIA,2022,331,
COLUMBIA,2022,330,
COLUMBIA,2022,329,
COLUMBIA,2022,328,
COLUMBIA,2022,327,
COLUMBIA,2022,326,
COLUMBIA,2022,325,27.000000
COLUMBIA,2022,324,
COLUMBIA,2022,323,
COLUMBIA,2022,322,27.000000
COLUMBIA,2022,321,27.000000
COLUMBIA,2022,320,27.000000
COLUMBIA,2022,319,27.000000
COLUMBIA,2022,318,27.000000
COLUMBIA,2022,317,
COLUMBIA,2022,316,
COLUMBIA,2022,315,
COLUMBIA,2022,314,27.250000
COLUMBIA,2022,313,27.250000
COLUMBIA,2022,312,27.250000
COLUMBIA,2022,311,27.250000
COLUMBIA,2022,310,
COLUMBIA,2022,309,
COLUMBIA,2022,308,28.000000
COLUMBIA,2022,307,28.000000
COLUMBIA,2022,306,28.000000
COLUMBIA,2022,305,28.000000
COLUMBIA,2022,304,28.000000
COLUMBIA,2022,303,
COLUMBIA,2022,302,
COLUMBIA,2022,301,28.000000
COLUMBIA,2022,300,28.000000
COLUMBIA,2022,299,28.000000
COLUMBIA,2022,298,28.000000
COLUMBIA,2022,297,28.000000
COLUMBIA,2022,296,
COLUMBIA,2022,295,
COLUMBIA,2022,294,28.250000
COLUMBIA,2022,293,28.250000
COLUMBIA,2022,292,28.250000
COLUMBIA,2022,291,28.250000
COLUMBIA,2022,290,28.250000
COLUMBIA,2022,289,
COLUMBIA,2022,288,
COLUMBIA,2022,287,26.500000
COLUMBIA,2022,286,26.500000
COLUMBIA,2022,285,26.500000
COLUMBIA,2022,284,26.500000
COLUMBIA,2022,283,
COLUMBIA,2022,282,
COLUMBIA,2022,281,
COLUMBIA,2022,280,26.500000
COLUMBIA,2022,279,26.500000
COLUMBIA,2022,278,26.500000
COLUMBIA,2022,277,26.500000
COLUMBIA,2022,276,26.500000
COLUMBIA,2022,275,
COLUMBIA,2022,274,
COLUMBIA,2022,273,
COLUMBIA,2022,272,26.000000
COLUMBIA,2022,271,26.000000
COLUMBIA,2022,270,26.000000
COLUMBIA,2022,269,26.000000
COLUMBIA,2022,268,
COLUMBIA,2022,267,
COLUMBIA,2022,266,27.500000
COLUMBIA,2022,265,27.500000
COLUMBIA,2022,264,27.500000
COLUMBIA,2022,263,27.500000
COLUMBIA,2022,262,27.500000
COLUMBIA,2022,261,
COLUMBIA,2022,260,
COLUMBIA,2022,259,22.000000
COLUMBIA,2022,258,22.000000
COLUMBIA,2022,257,22.000000
COLUMBIA,2022,256,22.000000
COLUMBIA,2022,255,22.000000
COLUMBIA,2022,254,
COLUMBIA,2022,253,
COLUMBIA,2022,252,22.000000
COLUMBIA,2022,251,22.000000
COLUMBIA,2022,250,22.000000
COLUMBIA,2022,249,22.000000
COLUMBIA,2022,248,
COLUMBIA,2022,247,
COLUMBIA,2022,246,
COLUMBIA,2022,245,25.250000
COLUMBIA,2022,244,25.250000
COLUMBIA,2022,243,25.250000
COLUMBIA,2022,242,25.250000
COLUMBIA,2022,241,25.250000
COLUMBIA,2022,240,
COLUMBIA,2022,239,
COLUMBIA,2022,238,25.750000
COLUMBIA,2022,237,25.750000
COLUMBIA,2022,236,25.750000
COLUMBIA,2022,235,25.750000
COLUMBIA,2022,234,25.750000
COLUMBIA,2022,233,
COLUMBIA,2022,232,
COLUMBIA,2022,231,26.250000
COLUMBIA,2022,230,26.250000
COLUMBIA,2022,229,26.250000
COLUMBIA,2022,228,27.250000
COLUMBIA,2022,227,27.250000
COLUMBIA,2022,226,
COLUMBIA,2022,225,
COLUMBIA,2022,224,27.250000
COLUMBIA,2022,223,27.250000
COLUMBIA,2022,222,27.250000
COLUMBIA,2022,221,27.250000
COLUMBIA,2022,220,27.000000
COLUMBIA,2022,219,
COLUMBIA,2022,218,
COLUMBIA,2022,217,27.000000
COLUMBIA,2022,216,27.000000
COLUMBIA,2022,215,27.000000
COLUMBIA,2022,214,27.000000
COLUMBIA,2022,213,27.000000
COLUMBIA,2022,212,
COLUMBIA,2022,211,
COLUMBIA,2022,210,26.250000
COLUMBIA,2022,209,26.250000
COLUMBIA,2022,208,26.250000
COLUMBIA,2022,207,26.250000
COLUMBIA,2022,206,26.250000
COLUMBIA,2022,205,
COLUMBIA,2022,204,
COLUMBIA,2022,203,27.500000
COLUMBIA,2022,202,27.500000
COLUMBIA,2022,201,27.250000
COLUMBIA,2022,200,27.250000
COLUMBIA,2022,199,27.250000
COLUMBIA,2022,198,
COLUMBIA,2022,197,
COLUMBIA,2022,196,27.250000
COLUMBIA,2022,195,27.250000
COLUMBIA,2022,194,27.250000
COLUMBIA,2022,193,27.250000
COLUMBIA,2022,192,27.500000
COLUMBIA,2022,191,
COLUMBIA,2022,190,
COLUMBIA,2022,189,27.000000
COLUMBIA,2022,188,27.000000
COLUMBIA,2022,187,27.000000
COLUMBIA,2022,186,27.000000
COLUMBIA,2022,185,
COLUMBIA,2022,184,
COLUMBIA,2022,183,
COLUMBIA,2022,182,27.000000
COLUMBIA,2022,181,27.000000
COLUMBIA,2022,180,27.000000
COLUMBIA,2022,179,27.000000
COLUMBIA,2022,178,27.000000
COLUMBIA,2022,177,
COLUMBIA,2022,176,
COLUMBIA,2022,175,29.500000
COLUMBIA,2022,174,29.500000
COLUMBIA,2022,173,29.500000
COLUMBIA,2022,172,29.500000
COLUMBIA,2022,171,29.500000
COLUMBIA,2022,170,
COLUMBIA,2022,169,
COLUMBIA,2022,168,29.666666
COLUMBIA,2022,167,29.666666
COLUMBIA,2022,166,29.666666
COLUMBIA,2022,165,29.666666
COLUMBIA,2022,164,29.666666
COLUMBIA,2022,163,
COLUMBIA,2022,162,
COLUMBIA,2022,161,30.666666
COLUMBIA,2022,160,30.666666
COLUMBIA,2022,159,30.666666
COLUMBIA,2022,158,30.666666
COLUMBIA,2022,157,30.666666
COLUMBIA,2022,156,
COLUMBIA,2022,155,
COLUMBIA,2022,154,30.666666
COLUMBIA,2022,153,30.666666
COLUMBIA,2022,152,30.666666
COLUMBIA,2022,151,30.666666
COLUMBIA,2022,150,
COLUMBIA,2022,149,
COLUMBIA,2022,148,
COLUMBIA,2022,147,30.500000
COLUMBIA,2022,146,30.500000
COLUMBIA,2022,145,30.500000
COLUMBIA,2022,144,30.500000
COLUMBIA,2022,143,30.500000
COLUMBIA,2022,142,
COLUMBIA,2022,141,
COLUMBIA,2022,140,27.833333
COLUMBIA,2022,139,27.833333
COLUMBIA,2022,138,27.833333
COLUMBIA,2022,137,27.833333
COLUMBIA,2022,136,27.666666
COLUMBIA,2022,135,
COLUMBIA,2022,134,
COLUMBIA,2022,133,30.333333
COLUMBIA,2022,132,30.333333
COLUMBIA,2022,131,30.333333
COLUMBIA,2022,130,
COLUMBIA,2022,129,30.333333
COLUMBIA,2022,128,
COLUMBIA,2022,127,
COLUMBIA,2022,126,30.333333
COLUMBIA,2022,125,30.333333
COLUMBIA,2022,124,30.333333
COLUMBIA,2022,123,28.333333
COLUMBIA,2022,122,28.333333
COLUMBIA,2022,121,
COLUMBIA,2022,120,
COLUMBIA,2022,119,27.333333
COLUMBIA,2022,118,28.333333
COLUMBIA,2022,117,28.333333
COLUMBIA,2022,116,28.333333
COLUMBIA,2022,115,28.333333
COLUMBIA,2022,114,
COLUMBIA,2022,113,
COLUMBIA,2022,112,27.333333
COLUMBIA,2022,111,27.333333
COLUMBIA,2022,110,27.333333
COLUMBIA,2022,109,27.333333
COLUMBIA,2022,108,26.750000
COLUMBIA,2022,107,
COLUMBIA,2022,106,
COLUMBIA,2022,105,26.000000
COLUMBIA,2022,104,26.000000
COLUMBIA,2022,103,26.000000
COLUMBIA,2022,102,26.000000
COLUMBIA,2022,101,26.000000
COLUMBIA,2022,100,
COLUMBIA,2022,99,
COLUMBIA,2022,98,26.250000
COLUMBIA,2022,97,26.250000
COLUMBIA,2022,96,26.250000
COLUMBIA,2022,95,26.250000
COLUMBIA,2022,94,26.250000
COLUMBIA,2022,93,
COLUMBIA,2022,92,
COLUMBIA,2022,91,26.000000
COLUMBIA,2022,90,26.000000
COLUMBIA,2022,89,26.000000
COLUMBIA,2022,88,26.000000
COLUMBIA,2022,87,26.000000
COLUMBIA,2022,86,
COLUMBIA,2022,85,
COLUMBIA,2022,84,26.000000
COLUMBIA,2022,83,26.000000
COLUMBIA,2022,82,26.000000
COLUMBIA,2022,81,26.000000
COLUMBIA,2022,80,
COLUMBIA,2022,79,
COLUMBIA,2022,78,
COLUMBIA,2022,77,25.750000
COLUMBIA,2022,76,25.750000
COLUMBIA,2022,75,25.750000
COLUMBIA,2022,74,26.500000
COLUMBIA,2022,73,
COLUMBIA,2022,72,
COLUMBIA,2022,71,
COLUMBIA,2022,70,24.500000
COLUMBIA,2022,69,24.500000
COLUMBIA,2022,68,24.500000
COLUMBIA,2022,67,24.500000
COLUMBIA,2022,66,24.500000
COLUMBIA,2022,65,
COLUMBIA,2022,64,
COLUMBIA,2022,63,24.500000
COLUMBIA,2022,62,24.500000
COLUMBIA,2022,61,24.500000
COLUMBIA,2022,60,24.500000
COLUMBIA,2022,59,24.500000
COLUMBIA,2022,58,
COLUMBIA,2022,57,
COLUMBIA,2022,56,24.500000
COLUMBIA,2022,55,24.500000
COLUMBIA,2022,54,24.500000
COLUMBIA,2022,53,24.500000
COLUMBIA,2022,52,
COLUMBIA,2022,51,
COLUMBIA,2022,50,
COLUMBIA,2022,49,24.500000
COLUMBIA,2022,48,24.500000
COLUMBIA,2022,47,24.500000
COLUMBIA,2022,46,24.500000
COLUMBIA,2022,45,24.500000
COLUMBIA,2022,44,
COLUMBIA,2022,43,
COLUMBIA,2022,42,26.000000
COLUMBIA,2022,41,26.000000
COLUMBIA,2022,40,26.000000
COLUMBIA,2022,39,26.000000
COLUMBIA,2022,38,26.000000
COLUMBIA,2022,37,
COLUMBIA,2022,36,
COLUMBIA,2022,35,28.750000
COLUMBIA,2022,34,28.750000
COLUMBIA,2022,33,28.750000
COLUMBIA,2022,32,28.750000
COLUMBIA,2022,31,29.500000
COLUMBIA,2022,30,
COLUMBIA,2022,29,
COLUMBIA,2022,28,29.500000
COLUMBIA,2022,27,29.500000
COLUMBIA,2022,26,29.500000
COLUMBIA,2022,25,29.500000
COLUMBIA,2022,24,29.500000
COLUMBIA,2022,23,
COLUMBIA,2022,22,
COLUMBIA,2022,21,29.500000
COLUMBIA,2022,20,29.500000
COLUMBIA,2022,19,29.500000
COLUMBIA,2022,18,29.500000
COLUMBIA,2022,17,
COLUMBIA,2022,16,
COLUMBIA,2022,15,
COLUMBIA,2022,14,32.500000
COLUMBIA,2022,13,32.500000
COLUMBIA,2022,12,32.500000
COLUMBIA,2022,11,32.500000
COLUMBIA,2022,10,32.500000
COLUMBIA,2022,9,
COLUMBIA,2022,8,
COLUMBIA,2022,7,32.500000
COLUMBIA,2022,6,32.500000
COLUMBIA,2022,5,
COLUMBIA,2022,4,32.500000
COLUMBIA,2022,3,
COLUMBIA,2022,2,
MIAMI,2022,366,
MIAMI,2022,365,
MIAMI,2022,364,28.000000
MIAMI,2022,363,28.000000
MIAMI,2022,362,28.000000
MIAMI,2022,361,28.000000
MIAMI,2022,360,
MIAMI,2022,359,
MIAMI,2022,358,
MIAMI,2022,357,28.000000
MIAMI,2022,356,28.000000
MIAMI,2022,355,28.000000
MIAMI,2022,354,28.000000
MIAMI,2022,353,28.000000
MIAMI,2022,352,
MIAMI,2022,351,
MIAMI,2022,350,26.500000
MIAMI,2022,349,26.500000
MIAMI,2022,348,26.500000
MIAMI,2022,347,26.500000
MIAMI,2022,346,26.500000
MIAMI,2022,345,
MIAMI,2022,344,
MIAMI,2022,343,26.500000
MIAMI,2022,342,26.500000
MIAMI,2022,341,26.500000
MIAMI,2022,340,26.500000
MIAMI,2022,339,26.500000
MIAMI,2022,338,
MIAMI,2022,337,
MIAMI,2022,336,26.500000
MIAMI,2022,335,26.500000
MIAMI,2022,334,26.500000
MIAMI,2022,333,26.500000
MIAMI,2022,332,26.500000
MIAMI,2022,331,
MIAMI,2022,330,
MIAMI,2022,329,26.500000
MIAMI,2022,328,
MIAMI,2022,327,26.500000
MIAMI,2022,326,26.500000
MIAMI,2022,325,26.500000
MIAMI,2022,324,
MIAMI,2022,323,
MIAMI,2022,322,26.500000
MIAMI,2022,321,26.500000
MIAMI,2022,320,26.500000
MIAMI,2022,319,26.500000
MIAMI,2022,318,26.500000
MIAMI,2022,317,
MIAMI,2022,316,
MIAMI,2022,315,
MIAMI,2022,314,26.500000
MIAMI,2022,313,26.500000
MIAMI,2022,312,26.500000
MIAMI,2022,311,26.500000
MIAMI,2022,310,
MIAMI,2022,309,
MIAMI,2022,308,26.500000
MIAMI,2022,307,26.500000
MIAMI,2022,306,26.500000
MIAMI,2022,305,26.500000
MIAMI,2022,304,26.500000
MIAMI,2022,303,
MIAMI,2022,302,
MIAMI,2022,301,26.500000
MIAMI,2022,300,26.500000
MIAMI,2022,299,26.500000
MIAMI,2022,298,26.500000
MIAMI,2022,297,26.500000
MIAMI,2022,296,
MIAMI,2022,295,
MIAMI,2022,294,28.750000
MIAMI,2022,293,28.750000
MIAMI,2022,292,28.750000
MIAMI,2022,291,28.750000
MIAMI,2022,290,28.750000
MIAMI,2022,289,
MIAMI,2022,288,
MIAMI,2022,287,28.750000
MIAMI,2022,286,28.750000
MIAMI,2022,285,28.750000
MIAMI,2022,284,28.750000
MIAMI,2022,283,
MIAMI,2022,282,
MIAMI,2022,281,
MIAMI,2022,280,28.750000
MIAMI,2022,279,28.750000
MIAMI,2022,278,28.750000
MIAMI,2022,277,28.750000
MIAMI,2022,276,28.750000
MIAMI,2022,275,
MIAMI,2022,274,
MIAMI,2022,273,28.750000
MIAMI,2022,272,28.750000
MIAMI,2022,271,28.750000
MIAMI,2022,270,28.750000
MIAMI,2022,269,28.750000
MIAMI,2022,268,
MIAMI,2022,267,
MIAMI,2022,266,28.750000
MIAMI,2022,265,28.750000
MIAMI,2022,264,28.750000
MIAMI,2022,263,28.750000
MIAMI,2022,262,28.750000
MIAMI,2022,261,
MIAMI,2022,260,
MIAMI,2022,259,28.750000
MIAMI,2022,258,28.750000
MIAMI,2022,257,28.750000
MIAMI,2022,256,28.750000
MIAMI,2022,255,28.750000
MIAMI,2022,254,
MIAMI,2022,253,
MIAMI,2022,252,28.750000
MIAMI,2022,251,28.750000
MIAMI,2022,250,28.750000
MIAMI,2022,249,28.750000
MIAMI,2022,248,
MIAMI,2022,247,
MIAMI,2022,246,
MIAMI,2022,245,28.750000
MIAMI,2022,244,28.750000
MIAMI,2022,243,28.750000
MIAMI,2022,242,28.750000
MIAMI,2022,241,28.750000
MIAMI,2022,240,
MIAMI,2022,239,
MIAMI,2022,238,28.750000
MIAMI,2022,237,28.750000
MIAMI,2022,236,28.750000
MIAMI,2022,235,28.750000
MIAMI,2022,234,28.750000
MIAMI,2022,233,
MIAMI,2022,232,
MIAMI,2022,231,28.750000
MIAMI,2022,230,28.750000
MIAMI,2022,229,28.750000
MIAMI,2022,228,28.750000
MIAMI,2022,227,28.750000
MIAMI,2022,226,
MIAMI,2022,225,
MIAMI,2022,224,28.750000
MIAMI,2022,223,28.750000
MIAMI,2022,222,28.750000
MIAMI,2022,221,28.750000
MIAMI,2022,220,28.750000
MIAMI,2022,219,
MIAMI,2022,218,
MIAMI,2022,217,28.750000
MIAMI,2022,216,28.750000
MIAMI,2022,215,28.750000
MIAMI,2022,214,28.750000
MIAMI,2022,213,28.750000
MIAMI,2022,212,
MIAMI,2022,211,
MIAMI,2022,210,28.750000
MIAMI,2022,209,28.750000
MIAMI,2022,208,28.750000
MIAMI,2022,207,28.750000
MIAMI,2022,206,28.750000
MIAMI,2022,205,
MIAMI,2022,204,
MIAMI,2022,203,28.750000
MIAMI,2022,202,28.750000
MIAMI,2022,201,28.750000
MIAMI,2022,200,28.750000
MIAMI,2022,199,28.750000
MIAMI,2022,198,
MIAMI,2022,197,
MIAMI,2022,196,28.750000
MIAMI,2022,195,28.750000
MIAMI,2022,194,28.750000
MIAMI,2022,193,28.750000
MIAMI,2022,192,28.750000
MIAMI,2022,191,
MIAMI,2022,190,
MIAMI,2022,189,28.750000
MIAMI,2022,188,28.750000
MIAMI,2022,187,28.750000
MIAMI,2022,186,28.750000
MIAMI,2022,185,
MIAMI,2022,184,
MIAMI,2022,183,
MIAMI,2022,182,28.750000
MIAMI,2022,181,28.750000
MIAMI,2022,180,28.750000
MIAMI,2022,179,28.750000
MIAMI,2022,178,28.750000
MIAMI,2022,177,
MIAMI,2022,176,
MIAMI,2022,175,28.750000
MIAMI,2022,174,28.750000
MIAMI,2022,173,28.750000
MIAMI,2022,172,28.750000
MIAMI,2022,171,
MIAMI,2022,170,
MIAMI,2022,169,
MIAMI,2022,168,28.750000
MIAMI,2022,167,28.750000
MIAMI,2022,166,28.000000
MIAMI,2022,165,28.000000
MIAMI,2022,164,28.000000
MIAMI,2022,163,
MIAMI,2022,162,
MIAMI,2022,161,28.000000
MIAMI,2022,160,28.000000
MIAMI,2022,159,28.000000
MIAMI,2022,158,28.000000
MIAMI,2022,157,28.000000
MIAMI,2022,156,
MIAMI,2022,155,
MIAMI,2022,154,28.000000
MIAMI,2022,153,28.000000
MIAMI,2022,152,28.000000
MIAMI,2022,151,28.000000
MIAMI,2022,150,
MIAMI,2022,149,
MIAMI,2022,148,
MIAMI,2022,147,28.000000
MIAMI,2022,146,28.000000
MIAMI,2022,145,28.000000
MIAMI,2022,144,28.000000
MIAMI,2022,143,28.000000
MIAMI,2022,142,
MIAMI,2022,141,
MIAMI,2022,140,28.000000
MIAMI,2022,139,28.000000
MIAMI,2022,138,28.000000
MIAMI,2022,137,28.000000
MIAMI,2022,136,28.000000
MIAMI,2022,135,
MIAMI,2022,134,
MIAMI,2022,133,28.000000
MIAMI,2022,132,28.000000
MIAMI,2022,131,28.000000
MIAMI,2022,130,28.000000
MIAMI,2022,129,28.000000
MIAMI,2022,128,
MIAMI,2022,127,
MIAMI,2022,126,28.000000
MIAMI,2022,125,28.000000
MIAMI,2022,124,28.000000
MIAMI,2022,123,28.000000
MIAMI,2022,122,28.000000
MIAMI,2022,121,
MIAMI,2022,120,
MIAMI,2022,119,28.000000
MIAMI,2022,118,28.000000
MIAMI,2022,117,28.000000
MIAMI,2022,116,28.000000
MIAMI,2022,115,28.000000
MIAMI,2022,114,
MIAMI,2022,113,
MIAMI,2022,112,28.000000
MIAMI,2022,111,28.000000
MIAMI,2022,110,28.000000
MIAMI,2022,109,28.000000
MIAMI,2022,108,28.000000
MIAMI,2022,107,
MIAMI,2022,106,
MIAMI,2022,105,28.000000
MIAMI,2022,104,28.000000
MIAMI,2022,103,28.000000
MIAMI,2022,102,28.000000
MIAMI,2022,101,28.000000
MIAMI,2022,100,
MIAMI,2022,99,
MIAMI,2022,98,28.000000
MIAMI,2022,97,28.000000
MIAMI,2022,96,24.000000
MIAMI,2022,95,24.000000
MIAMI,2022,94,24.000000
MIAMI,2022,93,
MIAMI,2022,92,
MIAMI,2022,91,24.000000
MIAMI,2022,90,24.000000
MIAMI,2022,89,24.000000
MIAMI,2022,88,24.000000
MIAMI,2022,87,24.000000
MIAMI,2022,86,
MIAMI,2022,85,
MIAMI,2022,84,24.000000
MIAMI,2022,83,24.000000
MIAMI,2022,82,24.000000
MIAMI,2022,81,24.000000
MIAMI,2022,80,24.000000
MIAMI,2022,79,
MIAMI,2022,78,
MIAMI,2022,77,24.000000
MIAMI,2022,76,24.000000
MIAMI,2022,75,24.000000
MIAMI,2022,74,24.000000
MIAMI,2022,73,24.000000
MIAMI,2022,72,
MIAMI,2022,71,
MIAMI,2022,70,24.000000
MIAMI,2022,69,24.000000
MIAMI,2022,68,24.000000
MIAMI,2022,67,24.000000
MIAMI,2022,66,24.000000
MIAMI,2022,65,
MIAMI,2022,64,
MIAMI,2022,63,24.000000
MIAMI,2022,62,24.000000
MIAMI,2022,61,24.000000
MIAMI,2022,60,24.000000
MIAMI,2022,59,24.000000
MIAMI,2022,58,
MIAMI,2022,57,
MIAMI,2022,56,24.000000
MIAMI,2022,55,24.000000
MIAMI,2022,54,24.000000
MIAMI,2022,53,24.000000
MIAMI,2022,52,
MIAMI,2022,51,
MIAMI,2022,50,
MIAMI,2022,49,24.000000
MIAMI,2022,48,24.000000
MIAMI,2022,47,24.000000
MIAMI,2022,46,24.000000
MIAMI,2022,45,24.000000
MIAMI,2022,44,
MIAMI,2022,43,
MIAMI,2022,42,24.000000
MIAMI,2022,41,24.000000
MIAMI,2022,40,24.000000
MIAMI,2022,39,24.000000
MIAMI,2022,38,24.000000
MIAMI,2022,37,
MIAMI,2022,36,
MIAMI,2022,35,24.000000
MIAMI,2022,34,24.000000
MIAMI,2022,33,24.000000
MIAMI,2022,32,24.000000
MIAMI,2022,31,24.000000
MIAMI,2022,30,
MIAMI,2022,29,
MIAMI,2022,28,24.000000
MIAMI,2022,27,24.000000
MIAMI,2022,26,24.000000
MIAMI,2022,25,24.000000
MIAMI,2022,24,24.000000
MIAMI,2022,23,
MIAMI,2022,22,
MIAMI,2022,21,24.000000
MIAMI,2022,20,24.000000
MIAMI,2022,19,24.000000
MIAMI,2022,18,24.000000
MIAMI,2022,17,
MIAMI,2022,16,
MIAMI,2022,15,
MIAMI,2022,14,24.000000
MIAMI,2022,13,24.000000
MIAMI,2022,12,24.000000
MIAMI,2022,11,24.000000
MIAMI,2022,10,24.000000
MIAMI,2022,9,
MIAMI,2022,8,
MIAMI,2022,7,
MIAMI,2022,6,
MIAMI,2022,5,
MIAMI,2022,4,
MIAMI,2022,3,
MIAMI,2022,2,
NEW YORK,2022,366,
NEW YORK,2022,365,
NEW YORK,2022,364,25.000000
NEW YORK,2022,363,25.000000
NEW YORK,2022,362,25.000000
NEW YORK,2022,361,26.000000
NEW YORK,2022,360,
NEW YORK,2022,359,
NEW YORK,2022,358,
NEW YORK,2022,357,27.666666
NEW YORK,2022,356,27.666666
NEW YORK,2022,355,27.666666
NEW YORK,2022,354,27.333333
NEW YORK,2022,353,23.000000
NEW YORK,2022,352,
NEW YORK,2022,351,
NEW YORK,2022,350,24.500000
NEW YORK,2022,349,24.500000
NEW YORK,2022,348,24.500000
NEW YORK,2022,347,24.000000
NEW YORK,2022,346,28.500000
NEW YORK,2022,345,
NEW YORK,2022,344,
NEW YORK,2022,343,28.500000
NEW YORK,2022,342,28.500000
NEW YORK,2022,341,28.500000
NEW YORK,2022,340,28.500000
NEW YORK,2022,339,28.500000
NEW YORK,2022,338,
NEW YORK,2022,337,
NEW YORK,2022,336,27.666666
NEW YORK,2022,335,27.666666
NEW YORK,2022,334,27.666666
NEW YORK,2022,333,27.666666
NEW YORK,2022,332,27.500000
NEW YORK,2022,331,
NEW YORK,2022,330,
NEW YORK,2022,329,
NEW YORK,2022,328,
NEW YORK,2022,327,24.500000
NEW YORK,2022,326,24.500000
NEW YORK,2022,325,24.500000
NEW YORK,2022,324,
NEW YORK,2022,323,
NEW YORK,2022,322,24.500000
NEW YORK,2022,321,24.500000
NEW YORK,2022,320,24.500000
NEW YORK,2022,319,24.500000
NEW YORK,2022,318,25.000000
NEW YORK,2022,317,
NEW YORK,2022,316,
NEW YORK,2022,315,
NEW YORK,2022,314,25.000000
NEW YORK,2022,313,25.000000
NEW YORK,2022,312,25.333333
NEW YORK,2022,311,25.333333
NEW YORK,2022,310,
NEW YORK,2022,309,
NEW YORK,2022,308,25.333333
NEW YORK,2022,307,25.333333
NEW YORK,2022,306,25.333333
NEW YORK,2022,305,25.333333
NEW YORK,2022,304,25.333333
NEW YORK,2022,303,
NEW YORK,2022,302,
NEW YORK,2022,301,24.500000
NEW YORK,2022,300,24.500000
NEW YORK,2022,299,24.500000
NEW YORK,2022,298,24.500000
NEW YORK,2022,297,24.500000
NEW YORK,2022,296,
NEW YORK,2022,295,
NEW YORK,2022,294,24.500000
NEW YORK,2022,293,24.500000
NEW YORK,2022,292,24.500000
NEW YORK,2022,291,24.000000
NEW YORK,2022,290,25.500000
NEW YORK,2022,289,
NEW YORK,2022,288,
NEW YORK,2022,287,26.500000
NEW YORK,2022,286,26.500000
NEW YORK,2022,285,26.500000
NEW YORK,2022,284,22.000000
NEW YORK,2022,283,
NEW YORK,2022,282,
NEW YORK,2022,281,
NEW YORK,2022,280,23.333333
NEW YORK,2022,279,23.333333
NEW YORK,2022,278,24.500000
NEW YORK,2022,277,23.333333
NEW YORK,2022,276,19.000000
NEW YORK,2022,275,
NEW YORK,2022,274,
NEW YORK,2022,273,19.000000
NEW YORK,2022,272,19.000000
NEW YORK,2022,271,23.000000
NEW YORK,2022,270,22.666666
NEW YORK,2022,269,22.666666
NEW YORK,2022,268,
NEW YORK,2022,267,
NEW YORK,2022,266,22.666666
NEW YORK,2022,265,22.666666
NEW YORK,2022,264,22.666666
NEW YORK,2022,263,22.666666
NEW YORK,2022,262,19.000000
NEW YORK,2022,261,
NEW YORK,2022,260,
NEW YORK,2022,259,22.500000
NEW YORK,2022,258,22.500000
NEW YORK,2022,257,22.500000
NEW YORK,2022,256,22.500000
NEW YORK,2022,255,22.500000
NEW YORK,2022,254,
NEW YORK,2022,253,
NEW YORK,2022,252,22.500000
NEW YORK,2022,251,22.500000
NEW YORK,2022,250,22.500000
NEW YORK,2022,249,22.500000
NEW YORK,2022,248,
NEW YORK,2022,247,
NEW YORK,2022,246,
NEW YORK,2022,245,22.500000
NEW YORK,2022,244,22.500000
NEW YORK,2022,243,22.500000
NEW YORK,2022,242,22.500000
NEW YORK,2022,241,23.500000
NEW YORK,2022,240,
NEW YORK,2022,239,
NEW YORK,2022,238,23.500000
NEW YORK,2022,237,23.500000
NEW YORK,2022,236,23.500000
NEW YORK,2022,235,24.000000
NEW YORK,2022,234,24.000000
NEW YORK,2022,233,
NEW YORK,2022,232,
NEW YORK,2022,231,24.666666
NEW YORK,2022,230,24.666666
NEW YORK,2022,229,24.666666
NEW YORK,2022,228,24.666666
NEW YORK,2022,227,24.666666
NEW YORK,2022,226,
NEW YORK,2022,225,
NEW YORK,2022,224,24.666666
NEW YORK,2022,223,24.666666
NEW YORK,2022,222,24.666666
NEW YORK,2022,221,24.666666
NEW YORK,2022,220,24.666666
NEW YORK,2022,219,
NEW YORK,2022,218,
NEW YORK,2022,217,24.000000
NEW YORK,2022,216,24.000000
NEW YORK,2022,215,25.666666
NEW YORK,2022,214,25.666666
NEW YORK,2022,213,23.500000
NEW YORK,2022,212,
NEW YORK,2022,211,
NEW YORK,2022,210,24.000000
NEW YORK,2022,209,23.000000
NEW YORK,2022,208,23.666666
NEW YORK,2022,207,25.666666
NEW YORK,2022,206,25.666666
NEW YORK,2022,205,
NEW YORK,2022,204,
NEW YORK,2022,203,21.500000
NEW YORK,2022,202,21.500000
NEW YORK,2022,201,21.500000
NEW YORK,2022,200,22.000000
NEW YORK,2022,199,25.500000
NEW YORK,2022,198,
NEW YORK,2022,197,
NEW YORK,2022,196,23.500000
NEW YORK,2022,195,23.500000
NEW YORK,2022,194,23.500000
NEW YORK,2022,193,24.000000
NEW YORK,2022,192,24.000000
NEW YORK,2022,191,
NEW YORK,2022,190,
NEW YORK,2022,189,26.666666
NEW YORK,2022,188,26.666666
NEW YORK,2022,187,26.666666
NEW YORK,2022,186,27.500000
NEW YORK,2022,185,
NEW YORK,2022,184,
NEW YORK,2022,183,
NEW YORK,2022,182,26.666666
NEW YORK,2022,181,26.666666
NEW YORK,2022,180,26.666666
NEW YORK,2022,179,26.666666
NEW YORK,2022,178,26.666666
NEW YORK,2022,177,
NEW YORK,2022,176,
NEW YORK,2022,175,26.666666
NEW YORK,2022,174,26.666666
NEW YORK,2022,173,26.666666
NEW YORK,2022,172,26.666666
NEW YORK,2022,171,
NEW YORK,2022,170,
NEW YORK,2022,169,
NEW YORK,2022,168,27.500000
NEW YORK,2022,167,27.500000
NEW YORK,2022,166,28.000000
NEW YORK,2022,165,28.000000
NEW YORK,2022,164,28.000000
NEW YORK,2022,163,
NEW YORK,2022,162,
NEW YORK,2022,161,25.666666
NEW YORK,2022,160,25.666666
NEW YORK,2022,159,25.666666
NEW YORK,2022,158,25.666666
NEW YORK,2022,157,20.500000
NEW YORK,2022,156,
NEW YORK,2022,155,
NEW YORK,2022,154,20.000000
NEW YORK,2022,153,20.000000
NEW YORK,2022,152,20.000000
NEW YORK,2022,151,20.000000
NEW YORK,2022,150,
NEW YORK,2022,149,
NEW YORK,2022,148,
NEW YORK,2022,147,20.000000
NEW YORK,2022,146,20.000000
NEW YORK,2022,145,20.000000
NEW YORK,2022,144,20.000000
NEW YORK,2022,143,27.000000
NEW YORK,2022,142,
NEW YORK,2022,141,
NEW YORK,2022,140,24.250000
NEW YORK,2022,139,24.250000
NEW YORK,2022,138,24.250000
NEW YORK,2022,137,26.666666
NEW YORK,2022,136,26.666666
NEW YORK,2022,135,
NEW YORK,2022,134,
NEW YORK,2022,133,23.000000
NEW YORK,2022,132,23.000000
NEW YORK,2022,131,23.000000
NEW YORK,2022,130,23.000000
NEW YORK,2022,129,23.000000
NEW YORK,2022,128,
NEW YORK,2022,127,
NEW YORK,2022,126,26.333333
NEW YORK,2022,125,26.333333
NEW YORK,2022,124,26.333333
NEW YORK,2022,123,26.333333
NEW YORK,2022,122,26.333333
NEW YORK,2022,121,
NEW YORK,2022,120,
NEW YORK,2022,119,26.333333
NEW YORK,2022,118,26.333333
NEW YORK,2022,117,26.333333
NEW YORK,2022,116,26.333333
NEW YORK,2022,115,26.333333
NEW YORK,2022,114,
NEW YORK,2022,113,
NEW YORK,2022,112,26.750000
NEW YORK,2022,111,26.750000
NEW YORK,2022,110,26.666666
NEW YORK,2022,109,25.333333
NEW YORK,2022,108,
NEW YORK,2022,107,
NEW YORK,2022,106,
NEW YORK,2022,105,27.333333
NEW YORK,2022,104,27.333333
NEW YORK,2022,103,27.333333
NEW YORK,2022,102,27.333333
NEW YORK,2022,101,27.666666
NEW YORK,2022,100,
NEW YORK,2022,99,
NEW YORK,2022,98,28.333333
NEW YORK,2022,97,28.333333
NEW YORK,2022,96,28.166666
NEW YORK,2022,95,28.166666
NEW YORK,2022,94,28.166666
NEW YORK,2022,93,
NEW YORK,2022,92,
NEW YORK,2022,91,22.000000
NEW YORK,2022,90,22.000000
NEW YORK,2022,89,22.000000
NEW YORK,2022,88,22.000000
NEW YORK,2022,87,22.000000
NEW YORK,2022,86,
NEW YORK,2022,85,
NEW YORK,2022,84,25.333333
NEW YORK,2022,83,25.333333
NEW YORK,2022,82,25.333333
NEW YORK,2022,81,25.333333
NEW YORK,2022,80,22.666666
NEW YORK,2022,79,
NEW YORK,2022,78,
NEW YORK,2022,77,22.000000
NEW YORK,2022,76,22.000000
NEW YORK,2022,75,22.000000
NEW YORK,2022,74,22.000000
NEW YORK,2022,73,22.000000
NEW YORK,2022,72,
NEW YORK,2022,71,
NEW YORK,2022,70,25.500000
NEW YORK,2022,69,25.500000
NEW YORK,2022,68,25.500000
NEW YORK,2022,67,25.500000
NEW YORK,2022,66,25.500000
NEW YORK,2022,65,
NEW YORK,2022,64,
NEW YORK,2022,63,25.750000
NEW YORK,2022,62,25.750000
NEW YORK,2022,61,25.750000
NEW YORK,2022,60,25.250000
NEW YORK,2022,59,23.000000
NEW YORK,2022,58,
NEW YORK,2022,57,
NEW YORK,2022,56,24.250000
NEW YORK,2022,55,24.250000
NEW YORK,2022,54,24.000000
NEW YORK,2022,53,24.000000
NEW YORK,2022,52,
NEW YORK,2022,51,
NEW YORK,2022,50,
NEW YORK,2022,49,23.250000
NEW YORK,2022,48,23.250000
NEW YORK,2022,47,22.500000
NEW YORK,2022,46,22.500000
NEW YORK,2022,45,22.500000
NEW YORK,2022,44,
NEW YORK,2022,43,
NEW YORK,2022,42,23.666666
NEW YORK,2022,41,25.000000
NEW YORK,2022,40,24.333333
NEW YORK,2022,39,24.333333
NEW YORK,2022,38,24.333333
NEW YORK,2022,37,
NEW YORK,2022,36,
NEW YORK,2022,35,25.333333
NEW YORK,2022,34,25.333333
NEW YORK,2022,33,25.333333
NEW YORK,2022,32,25.666666
NEW YORK,2022,31,25.666666
NEW YORK,2022,30,
NEW YORK,2022,29,
NEW YORK,2022,28,29.600000
NEW YORK,2022,27,29.600000
NEW YORK,2022,26,29.600000
NEW YORK,2022,25,29.600000
NEW YORK,2022,24,29.600000
NEW YORK,2022,23,
NEW YORK,2022,22,
NEW YORK,2022,21,29.500000
NEW YORK,2022,20,29.500000
NEW YORK,2022,19,29.500000
NEW YORK,2022,18,26.000000
NEW YORK,2022,17,
NEW YORK,2022,16,
NEW YORK,2022,15,
NEW YORK,2022,14,34.000000
NEW YORK,2022,13,34.000000
NEW YORK,2022,12,34.000000
NEW YORK,2022,11,34.000000
NEW YORK,2022,10,34.500000
NEW YORK,2022,9,
NEW YORK,2022,8,
NEW YORK,2022,7,32.333333
NEW YORK,2022,6,32.333333
NEW YORK,2022,5,32.333333
NEW YORK,2022,4,32.333333
NEW YORK,2022,3,33.375000
NEW YORK,2022,2,
PHILADELPHIA,2022,366,
PHILADELPHIA,2022,365,
PHILADELPHIA,2022,364,21.166666
PHILADELPHIA,2022,363,21.166666
PHILADELPHIA,2022,362,21.166666
PHILADELPHIA,2022,361,22.333333
PHILADELPHIA,2022,360,
PHILADELPHIA,2022,359,
PHILADELPHIA,2022,358,
PHILADELPHIA,2022,357,23.400000
PHILADELPHIA,2022,356,23.400000
PHILADELPHIA,2022,355,24.250000
PHILADELPHIA,2022,354,24.250000
PHILADELPHIA,2022,353,22.333333
PHILADELPHIA,2022,352,
PHILADELPHIA,2022,351,
PHILADELPHIA,2022,350,28.000000
PHILADELPHIA,2022,349,28.000000
PHILADELPHIA,2022,348,28.000000
PHILADELPHIA,2022,347,28.000000
PHILADELPHIA,2022,346,28.000000
PHILADELPHIA,2022,345,
PHILADELPHIA,2022,344,
PHILADELPHIA,2022,343,26.500000
PHILADELPHIA,2022,342,26.500000
PHILADELPHIA,2022,341,26.500000
PHILADELPHIA,2022,340,26.500000
PHILADELPHIA,2022,339,26.500000
PHILADELPHIA,2022,338,
PHILADELPHIA,2022,337,
PHILADELPHIA,2022,336,23.750000
PHILADELPHIA,2022,335,23.750000
PHILADELPHIA,2022,334,23.750000
PHILADELPHIA,2022,333,23.750000
PHILADELPHIA,2022,332,25.000000
PHILADELPHIA,2022,331,
PHILADELPHIA,2022,330,
PHILADELPHIA,2022,329,
PHILADELPHIA,2022,328,
PHILADELPHIA,2022,327,26.000000
PHILADELPHIA,2022,326,26.000000
PHILADELPHIA,2022,325,26.000000
PHILADELPHIA,2022,324,
PHILADELPHIA,2022,323,
PHILADELPHIA,2022,322,25.500000
PHILADELPHIA,2022,321,25.500000
PHILADELPHIA,2022,320,25.500000
PHILADELPHIA,2022,319,25.500000
PHILADELPHIA,2022,318,25.625000
PHILADELPHIA,2022,317,
PHILADELPHIA,2022,316,
PHILADELPHIA,2022,315,
PHILADELPHIA,2022,314,25.625000
PHILADELPHIA,2022,313,25.625000
PHILADELPHIA,2022,312,25.625000
PHILADELPHIA,2022,311,22.500000
PHILADELPHIA,2022,310,
PHILADELPHIA,2022,309,
PHILADELPHIA,2022,308,21.500000
PHILADELPHIA,2022,307,21.500000
PHILADELPHIA,2022,306,21.500000
PHILADELPHIA,2022,305,21.500000
PHILADELPHIA,2022,304,21.000000
PHILADELPHIA,2022,303,
PHILADELPHIA,2022,302,
PHILADELPHIA,2022,301,22.500000
PHILADELPHIA,2022,300,22.500000
PHILADELPHIA,2022,299,22.500000
PHILADELPHIA,2022,298,23.000000
PHILADELPHIA,2022,297,24.000000
PHILADELPHIA,2022,296,
PHILADELPHIA,2022,295,
PHILADELPHIA,2022,294,22.000000
PHILADELPHIA,2022,293,22.000000
PHILADELPHIA,2022,292,22.000000
PHILADELPHIA,2022,291,22.000000
PHILADELPHIA,2022,290,22.000000
PHILADELPHIA,2022,289,
PHILADELPHIA,2022,288,
PHILADELPHIA,2022,287,24.000000
PHILADELPHIA,2022,286,24.000000
PHILADELPHIA,2022,285,24.000000
PHILADELPHIA,2022,284,24.000000
PHILADELPHIA,2022,283,
PHILADELPHIA,2022,282,
PHILADELPHIA,2022,281,
PHILADELPHIA,2022,280,24.000000
PHILADELPHIA,2022,279,24.000000
PHILADELPHIA,2022,278,24.000000
PHILADELPHIA,2022,277,24.000000
PHILADELPHIA,2022,276,22.000000
PHILADELPHIA,2022,275,
PHILADELPHIA,2022,274,
PHILADELPHIA,2022,273,24.500000
PHILADELPHIA,2022,272,24.500000
PHILADELPHIA,2022,271,24.500000
PHILADELPHIA,2022,270,24.500000
PHILADELPHIA,2022,269,24.500000
PHILADELPHIA,2022,268,
PHILADELPHIA,2022,267,
PHILADELPHIA,2022,266,24.000000
PHILADELPHIA,2022,265,24.000000
PHILADELPHIA,2022,264,24.000000
PHILADELPHIA,2022,263,24.000000
PHILADELPHIA,2022,262,22.500000
PHILADELPHIA,2022,261,
PHILADELPHIA,2022,260,
PHILADELPHIA,2022,259,22.500000
PHILADELPHIA,2022,258,22.500000
PHILADELPHIA,2022,257,22.500000
PHILADELPHIA,2022,256,22.500000
PHILADELPHIA,2022,255,18.000000
PHILADELPHIA,2022,254,
PHILADELPHIA,2022,253,
PHILADELPHIA,2022,252,23.500000
PHILADELPHIA,2022,251,23.500000
PHILADELPHIA,2022,250,23.500000
PHILADELPHIA,2022,249,23.500000
PHILADELPHIA,2022,248,
PHILADELPHIA,2022,247,
PHILADELPHIA,2022,246,
PHILADELPHIA,2022,245,22.750000
PHILADELPHIA,2022,244,22.750000
PHILADELPHIA,2022,243,22.750000
PHILADELPHIA,2022,242,22.750000
PHILADELPHIA,2022,241,22.750000
PHILADELPHIA,2022,240,
PHILADELPHIA,2022,239,
PHILADELPHIA,2022,238,22.000000
PHILADELPHIA,2022,237,22.000000
PHILADELPHIA,2022,236,22.000000
PHILADELPHIA,2022,235,22.000000
PHILADELPHIA,2022,234,18.000000
PHILADELPHIA,2022,233,
PHILADELPHIA,2022,232,
PHILADELPHIA,2022,231,21.500000
PHILADELPHIA,2022,230,21.500000
PHILADELPHIA,2022,229,21.500000
PHILADELPHIA,2022,228,21.500000
PHILADELPHIA,2022,227,21.500000
PHILADELPHIA,2022,226,
PHILADELPHIA,2022,225,
PHILADELPHIA,2022,224,21.500000
PHILADELPHIA,2022,223,21.500000
PHILADELPHIA,2022,222,21.500000
PHILADELPHIA,2022,221,21.500000
PHILADELPHIA,2022,220,19.000000
PHILADELPHIA,2022,219,
PHILADELPHIA,2022,218,
PHILADELPHIA,2022,217,19.000000
PHILADELPHIA,2022,216,19.000000
PHILADELPHIA,2022,215,19.000000
PHILADELPHIA,2022,214,19.000000
PHILADELPHIA,2022,213,19.000000
PHILADELPHIA,2022,212,
PHILADELPHIA,2022,211,
PHILADELPHIA,2022,210,19.000000
PHILADELPHIA,2022,209,19.000000
PHILADELPHIA,2022,208,19.000000
PHILADELPHIA,2022,207,19.000000
PHILADELPHIA,2022,206,24.000000
PHILADELPHIA,2022,205,
PHILADELPHIA,2022,204,
PHILADELPHIA,2022,203,24.000000
PHILADELPHIA,2022,202,24.000000
PHILADELPHIA,2022,201,24.000000
PHILADELPHIA,2022,200,24.000000
PHILADELPHIA,2022,199,23.500000
PHILADELPHIA,2022,198,
PHILADELPHIA,2022,197,
PHILADELPHIA,2022,196,24.000000
PHILADELPHIA,2022,195,24.000000
PHILADELPHIA,2022,194,24.000000
PHILADELPHIA,2022,193,24.000000
PHILADELPHIA,2022,192,24.500000
PHILADELPHIA,2022,191,
PHILADELPHIA,2022,190,
PHILADELPHIA,2022,189,25.500000
PHILADELPHIA,2022,188,25.500000
PHILADELPHIA,2022,187,25.500000
PHILADELPHIA,2022,186,25.500000
PHILADELPHIA,2022,185,
PHILADELPHIA,2022,184,
PHILADELPHIA,2022,183,
PHILADELPHIA,2022,182,30.666666
PHILADELPHIA,2022,181,30.666666
PHILADELPHIA,2022,180,30.666666
PHILADELPHIA,2022,179,30.666666
PHILADELPHIA,2022,178,30.666666
PHILADELPHIA,2022,177,
PHILADELPHIA,2022,176,
PHILADELPHIA,2022,175,25.333333
PHILADELPHIA,2022,174,25.333333
PHILADELPHIA,2022,173,25.333333
PHILADELPHIA,2022,172,25.333333
PHILADELPHIA,2022,171,
PHILADELPHIA,2022,170,
PHILADELPHIA,2022,169,
PHILADELPHIA,2022,168,26.000000
PHILADELPHIA,2022,167,26.000000
PHILADELPHIA,2022,166,26.000000
PHILADELPHIA,2022,165,26.000000
PHILADELPHIA,2022,164,26.000000
PHILADELPHIA,2022,163,
PHILADELPHIA,2022,162,
PHILADELPHIA,2022,161,25.750000
PHILADELPHIA,2022,160,25.750000
PHILADELPHIA,2022,159,24.500000
PHILADELPHIA,2022,158,24.500000
PHILADELPHIA,2022,157,25.000000
PHILADELPHIA,2022,156,
PHILADELPHIA,2022,155,
PHILADELPHIA,2022,154,30.000000
PHILADELPHIA,2022,153,30.000000
PHILADELPHIA,2022,152,30.000000
PHILADELPHIA,2022,151,30.000000
PHILADELPHIA,2022,150,
PHILADELPHIA,2022,149,
PHILADELPHIA,2022,148,
PHILADELPHIA,2022,147,31.333333
PHILADELPHIA,2022,146,31.333333
PHILADELPHIA,2022,145,31.333333
PHILADELPHIA,2022,144,31.333333
PHILADELPHIA,2022,143,31.333333
PHILADELPHIA,2022,142,
PHILADELPHIA,2022,141,
PHILADELPHIA,2022,140,32.000000
PHILADELPHIA,2022,139,32.000000
PHILADELPHIA,2022,138,32.000000
PHILADELPHIA,2022,137,32.000000
PHILADELPHIA,2022,136,32.000000
PHILADELPHIA,2022,135,
PHILADELPHIA,2022,134,
PHILADELPHIA,2022,133,30.333333
PHILADELPHIA,2022,132,30.333333
PHILADELPHIA,2022,131,30.333333
PHILADELPHIA,2022,130,30.333333
PHILADELPHIA,2022,129,28.000000
PHILADELPHIA,2022,128,
PHILADELPHIA,2022,127,
PHILADELPHIA,2022,126,32.750000
PHILADELPHIA,2022,125,32.750000
PHILADELPHIA,2022,124,33.500000
PHILADELPHIA,2022,123,33.500000
PHILADELPHIA,2022,122,32.750000
PHILADELPHIA,2022,121,
PHILADELPHIA,2022,120,
PHILADELPHIA,2022,119,26.500000
PHILADELPHIA,2022,118,26.500000
PHILADELPHIA,2022,117,26.500000
PHILADELPHIA,2022,116,20.000000
PHILADELPHIA,2022,115,20.000000
PHILADELPHIA,2022,114,
PHILADELPHIA,2022,113,
PHILADELPHIA,2022,112,34.000000
PHILADELPHIA,2022,111,34.000000
PHILADELPHIA,2022,110,34.000000
PHILADELPHIA,2022,109,34.000000
PHILADELPHIA,2022,108,
PHILADELPHIA,2022,107,
PHILADELPHIA,2022,106,
PHILADELPHIA,2022,105,32.500000
PHILADELPHIA,2022,104,32.500000
PHILADELPHIA,2022,103,31.500000
PHILADELPHIA,2022,102,30.000000
PHILADELPHIA,2022,101,30.000000
PHILADELPHIA,2022,100,
PHILADELPHIA,2022,99,
PHILADELPHIA,2022,98,33.500000
PHILADELPHIA,2022,97,33.500000
PHILADELPHIA,2022,96,33.000000
PHILADELPHIA,2022,95,33.000000
PHILADELPHIA,2022,94,33.000000
PHILADELPHIA,2022,93,
PHILADELPHIA,2022,92,
PHILADELPHIA,2022,91,18.000000
PHILADELPHIA,2022,90,18.000000
PHILADELPHIA,2022,89,33.000000
PHILADELPHIA,2022,88,33.000000
PHILADELPHIA,2022,87,33.000000
PHILADELPHIA,2022,86,
PHILADELPHIA,2022,85,
PHILADELPHIA,2022,84,26.500000
PHILADELPHIA,2022,83,26.500000
PHILADELPHIA,2022,82,26.500000
PHILADELPHIA,2022,81,26.500000
PHILADELPHIA,2022,80,20.000000
PHILADELPHIA,2022,79,
PHILADELPHIA,2022,78,
PHILADELPHIA,2022,77,27.666666
PHILADELPHIA,2022,76,27.666666
PHILADELPHIA,2022,75,27.666666
PHILADELPHIA,2022,74,27.666666
PHILADELPHIA,2022,73,27.000000
PHILADELPHIA,2022,72,
PHILADELPHIA,2022,71,
PHILADELPHIA,2022,70,26.000000
PHILADELPHIA,2022,69,26.000000
PHILADELPHIA,2022,68,26.000000
PHILADELPHIA,2022,67,26.000000
PHILADELPHIA,2022,66,26.000000
PHILADELPHIA,2022,65,
PHILADELPHIA,2022,64,
PHILADELPHIA,2022,63,24.166666
PHILADELPHIA,2022,62,24.166666
PHILADELPHIA,2022,61,24.166666
PHILADELPHIA,2022,60,24.000000
PHILADELPHIA,2022,59,24.000000
PHILADELPHIA,2022,58,
PHILADELPHIA,2022,57,
PHILADELPHIA,2022,56,26.500000
PHILADELPHIA,2022,55,26.750000
PHILADELPHIA,2022,54,22.666666
PHILADELPHIA,2022,53,23.000000
PHILADELPHIA,2022,52,
PHILADELPHIA,2022,51,
PHILADELPHIA,2022,50,
PHILADELPHIA,2022,49,26.750000
PHILADELPHIA,2022,48,26.750000
PHILADELPHIA,2022,47,25.000000
PHILADELPHIA,2022,46,25.000000
PHILADELPHIA,2022,45,22.500000
PHILADELPHIA,2022,44,
PHILADELPHIA,2022,43,
PHILADELPHIA,2022,42,20.000000
PHILADELPHIA,2022,41,
PHILADELPHIA,2022,40,
PHILADELPHIA,2022,39,
PHILADELPHIA,2022,38,
PHILADELPHIA,2022,37,
PHILADELPHIA,2022,36,
PHILADELPHIA,2022,35,22.666666
PHILADELPHIA,2022,34,22.666666
PHILADELPHIA,2022,33,22.666666
PHILADELPHIA,2022,32,22.666666
PHILADELPHIA,2022,31,18.000000
PHILADELPHIA,2022,30,
PHILADELPHIA,2022,29,
PHILADELPHIA,2022,28,27.800000
PHILADELPHIA,2022,27,27.800000
PHILADELPHIA,2022,26,27.800000
PHILADELPHIA,2022,25,27.800000
PHILADELPHIA,2022,24,27.800000
PHILADELPHIA,2022,23,
PHILADELPHIA,2022,22,
PHILADELPHIA,2022,21,27.750000
PHILADELPHIA,2022,20,27.750000
PHILADELPHIA,2022,19,27.750000
PHILADELPHIA,2022,18,25.333333
PHILADELPHIA,2022,17,
PHILADELPHIA,2022,16,
PHILADELPHIA,2022,15,
PHILADELPHIA,2022,14,31.666666
PHILADELPHIA,2022,13,31.666666
PHILADELPHIA,2022,12,31.666666
PHILADELPHIA,2022,11,31.666666
PHILADELPHIA,2022,10,31.666666
PHILADELPHIA,2022,9,
PHILADELPHIA,2022,8,
PHILADELPHIA,2022,7,30.625000
PHILADELPHIA,2022,6,30.625000
PHILADELPHIA,2022,5,30.625000
PHILADELPHIA,2022,4,31.000000
PHILADELPHIA,2022,3,31.000000
PHILADELPHIA,2022,2,
BALTIMORE,2021,366,
BALTIMORE,2021,365,
BALTIMORE,2021,364,35.000000
BALTIMORE,2021,363,39.000000
BALTIMORE,2021,362,37.000000
BALTIMORE,2021,361,37.000000
BALTIMORE,2021,360,
BALTIMORE,2021,359,
BALTIMORE,2021,358,
BALTIMORE,2021,357,37.000000
BALTIMORE,2021,356,37.000000
BALTIMORE,2021,355,37.000000
BALTIMORE,2021,354,37.000000
BALTIMORE,2021,353,
BALTIMORE,2021,352,
BALTIMORE,2021,351,34.750000
BALTIMORE,2021,350,34.750000
BALTIMORE,2021,349,28.500000
BALTIMORE,2021,348,28.500000
BALTIMORE,2021,347,28.500000
BALTIMORE,2021,346,
BALTIMORE,2021,345,
BALTIMORE,2021,344,28.500000
BALTIMORE,2021,343,28.500000
BALTIMORE,2021,342,28.500000
BALTIMORE,2021,341,28.500000
BALTIMORE,2021,340,28.500000
BALTIMORE,2021,339,
BALTIMORE,2021,338,
BALTIMORE,2021,337,28.000000
BALTIMORE,2021,336,28.000000
BALTIMORE,2021,335,28.000000
BALTIMORE,2021,334,28.000000
BALTIMORE,2021,333,29.000000
BALTIMORE,2021,332,
BALTIMORE,2021,331,
BALTIMORE,2021,330,26.000000
BALTIMORE,2021,329,
BALTIMORE,2021,328,26.000000
BALTIMORE,2021,327,26.000000
BALTIMORE,2021,326,26.000000
BALTIMORE,2021,325,
BALTIMORE,2021,324,
BALTIMORE,2021,323,27.000000
BALTIMORE,2021,322,27.000000
BALTIMORE,2021,321,32.000000
BALTIMORE,2021,320,32.250000
BALTIMORE,2021,319,32.250000
BALTIMORE,2021,318,
BALTIMORE,2021,317,
BALTIMORE,2021,316,27.000000
BALTIMORE,2021,315,
BALTIMORE,2021,314,27.000000
BALTIMORE,2021,313,27.000000
BALTIMORE,2021,312,27.000000
BALTIMORE,2021,311,
BALTIMORE,2021,310,
BALTIMORE,2021,309,28.000000
BALTIMORE,2021,308,22.500000
BALTIMORE,2021,307,22.500000
BALTIMORE,2021,306,22.500000
BALTIMORE,2021,305,22.500000
BALTIMORE,2021,304,
BALTIMORE,2021,303,
BALTIMORE,2021,302,22.000000
BALTIMORE,2021,301,22.000000
BALTIMORE,2021,300,22.000000
BALTIMORE,2021,299,22.000000
BALTIMORE,2021,298,22.000000
BALTIMORE,2021,297,
BALTIMORE,2021,296,
BALTIMORE,2021,295,22.000000
BALTIMORE,2021,294,22.000000
BALTIMORE,2021,293,22.000000
BALTIMORE,2021,292,22.000000
BALTIMORE,2021,291,22.000000
BALTIMORE,2021,290,
BALTIMORE,2021,289,
BALTIMORE,2021,288,22.500000
BALTIMORE,2021,287,22.500000
BALTIMORE,2021,286,22.500000
BALTIMORE,2021,285,22.500000
BALTIMORE,2021,284,
BALTIMORE,2021,283,
BALTIMORE,2021,282,
BALTIMORE,2021,281,22.500000
BALTIMORE,2021,280,22.500000
BALTIMORE,2021,279,22.500000
BALTIMORE,2021,278,22.500000
BALTIMORE,2021,277,22.500000
BALTIMORE,2021,276,
BALTIMORE,2021,275,
BALTIMORE,2021,274,22.500000
BALTIMORE,2021,273,22.500000
BALTIMORE,2021,272,22.000000
BALTIMORE,2021,271,22.000000
BALTIMORE,2021,270,22.000000
BALTIMORE,2021,269,
BALTIMORE,2021,268,
BALTIMORE,2021,267,22.000000
BALTIMORE,2021,266,22.000000
BALTIMORE,2021,265,25.500000
BALTIMORE,2021,264,22.000000
BALTIMORE,2021,263,22.000000
BALTIMORE,2021,262,
BALTIMORE,2021,261,
BALTIMORE,2021,260,23.000000
BALTIMORE,2021,259,23.000000
BALTIMORE,2021,258,23.000000
BALTIMORE,2021,257,23.000000
BALTIMORE,2021,256,21.000000
BALTIMORE,2021,255,
BALTIMORE,2021,254,
BALTIMORE,2021,253,19.000000
BALTIMORE,2021,252,19.000000
BALTIMORE,2021,251,19.000000
BALTIMORE,2021,250,19.000000
BALTIMORE,2021,249,
BALTIMORE,2021,248,
BALTIMORE,2021,247,
BALTIMORE,2021,246,21.000000
BALTIMORE,2021,245,21.000000
BALTIMORE,2021,244,19.000000
BALTIMORE,2021,243,19.000000
BALTIMORE,2021,242,19.000000
BALTIMORE,2021,241,
BALTIMORE,2021,240,
BALTIMORE,2021,239,20.500000
BALTIMORE,2021,238,20.500000
BALTIMORE,2021,237,19.000000
BALTIMORE,2021,236,19.000000
BALTIMORE,2021,235,19.250000
BALTIMORE,2021,234,
BALTIMORE,2021,233,
BALTIMORE,2021,232,19.250000
BALTIMORE,2021,231,19.250000
BALTIMORE,2021,230,19.000000
BALTIMORE,2021,229,19.000000
BALTIMORE,2021,228,19.000000
BALTIMORE,2021,227,
BALTIMORE,2021,226,
BALTIMORE,2021,225,19.000000
BALTIMORE,2021,224,19.000000
BALTIMORE,2021,223,19.000000
BALTIMORE,2021,222,19.000000
BALTIMORE,2021,221,19.000000
BALTIMORE,2021,220,
BALTIMORE,2021,219,
BALTIMORE,2021,218,19.000000
BALTIMORE,2021,217,19.000000
BALTIMORE,2021,216,19.000000
BALTIMORE,2021,215,19.000000
BALTIMORE,2021,214,19.000000
BALTIMORE,2021,213,
BALTIMORE,2021,212,
BALTIMORE,2021,211,19.500000
BALTIMORE,2021,210,19.500000
BALTIMORE,2021,209,19.500000
BALTIMORE,2021,208,20.000000
BALTIMORE,2021,207,20.000000
BALTIMORE,2021,206,
BALTIMORE,2021,205,
BALTIMORE,2021,204,20.000000
BALTIMORE,2021,203,20.000000
BALTIMORE,2021,202,20.000000
BALTIMORE,2021,201,20.000000
BALTIMORE,2021,200,20.000000
BALTIMORE,2021,199,
BALTIMORE,2021,198,
BALTIMORE,2021,197,19.500000
BALTIMORE,2021,196,19.500000
BALTIMORE,2021,195,19.500000
BALTIMORE,2021,194,19.500000
BALTIMORE,2021,193,19.500000
BALTIMORE,2021,192,
BALTIMORE,2021,191,
BALTIMORE,2021,190,19.500000
BALTIMORE,2021,189,19.500000
BALTIMORE,2021,188,19.500000
BALTIMORE,2021,187,19.500000
BALTIMORE,2021,186,
BALTIMORE,2021,185,
BALTIMORE,2021,184,
BALTIMORE,2021,183,20.500000
BALTIMORE,2021,182,20.500000
BALTIMORE,2021,181,20.500000
BALTIMORE,2021,180,20.250000
BALTIMORE,2021,179,20.250000
BALTIMORE,2021,178,
BALTIMORE,2021,177,
BALTIMORE,2021,176,20.000000
BALTIMORE,2021,175,20.000000
BALTIMORE,2021,174,19.750000
BALTIMORE,2021,173,19.750000
BALTIMORE,2021,172,19.750000
BALTIMORE,2021,171,
BALTIMORE,2021,170,
BALTIMORE,2021,169,21.000000
BALTIMORE,2021,168,21.000000
BALTIMORE,2021,167,20.500000
BALTIMORE,2021,166,20.500000
BALTIMORE,2021,165,21.000000
BALTIMORE,2021,164,
BALTIMORE,2021,163,
BALTIMORE,2021,162,21.000000
BALTIMORE,2021,161,21.000000
BALTIMORE,2021,160,21.000000
BALTIMORE,2021,159,21.000000
BALTIMORE,2021,158,23.750000
BALTIMORE,2021,157,
BALTIMORE,2021,156,
BALTIMORE,2021,155,24.000000
BALTIMORE,2021,154,23.500000
BALTIMORE,2021,153,24.500000
BALTIMORE,2021,152,25.000000
BALTIMORE,2021,151,
BALTIMORE,2021,150,
BALTIMORE,2021,149,
BALTIMORE,2021,148,23.000000
BALTIMORE,2021,147,23.000000
BALTIMORE,2021,146,22.000000
BALTIMORE,2021,145,22.000000
BALTIMORE,2021,144,22.000000
BALTIMORE,2021,143,
BALTIMORE,2021,142,
BALTIMORE,2021,141,25.000000
BALTIMORE,2021,140,25.000000
BALTIMORE,2021,139,18.500000
BALTIMORE,2021,138,18.250000
BALTIMORE,2021,137,18.250000
BALTIMORE,2021,136,
BALTIMORE,2021,135,
BALTIMORE,2021,134,16.000000
BALTIMORE,2021,133,16.000000
BALTIMORE,2021,132,16.000000
BALTIMORE,2021,131,16.000000
BALTIMORE,2021,130,16.000000
BALTIMORE,2021,129,
BALTIMORE,2021,128,
BALTIMORE,2021,127,16.000000
BALTIMORE,2021,126,16.000000
BALTIMORE,2021,125,16.500000
BALTIMORE,2021,124,18.000000
BALTIMORE,2021,123,18.000000
BALTIMORE,2021,122,
BALTIMORE,2021,121,
BALTIMORE,2021,120,17.500000
BALTIMORE,2021,119,17.750000
BALTIMORE,2021,118,17.750000
BALTIMORE,2021,117,17.750000
BALTIMORE,2021,116,17.750000
BALTIMORE,2021,115,
BALTIMORE,2021,114,
BALTIMORE,2021,113,19.000000
BALTIMORE,2021,112,19.000000
BALTIMORE,2021,111,19.000000
BALTIMORE,2021,110,19.000000
BALTIMORE,2021,109,19.000000
BALTIMORE,2021,108,
BALTIMORE,2021,107,
BALTIMORE,2021,106,19.000000
BALTIMORE,2021,105,19.000000
BALTIMORE,2021,104,19.000000
BALTIMORE,2021,103,19.000000
BALTIMORE,2021,102,19.000000
BALTIMORE,2021,101,
BALTIMORE,2021,100,
BALTIMORE,2021,99,19.500000
BALTIMORE,2021,98,19.000000
BALTIMORE,2021,97,18.500000
BALTIMORE,2021,96,18.500000
BALTIMORE,2021,95,18.500000
BALTIMORE,2021,94,
BALTIMORE,2021,93,
BALTIMORE,2021,92,18.000000
BALTIMORE,2021,91,18.000000
BALTIMORE,2021,90,18.000000
BALTIMORE,2021,89,18.000000
BALTIMORE,2021,88,18.000000
BALTIMORE,2021,87,
BALTIMORE,2021,86,
BALTIMORE,2021,85,17.000000
BALTIMORE,2021,84,17.000000
BALTIMORE,2021,83,17.000000
BALTIMORE,2021,82,17.000000
BALTIMORE,2021,81,17.000000
BALTIMORE,2021,80,
BALTIMORE,2021,79,
BALTIMORE,2021,78,17.000000
BALTIMORE,2021,77,17.000000
BALTIMORE,2021,76,18.500000
BALTIMORE,2021,75,18.500000
BALTIMORE,2021,74,19.000000
BALTIMORE,2021,73,
BALTIMORE,2021,72,
BALTIMORE,2021,71,17.000000
BALTIMORE,2021,70,17.000000
BALTIMORE,2021,69,18.500000
BALTIMORE,2021,68,18.500000
BALTIMORE,2021,67,18.000000
BALTIMORE,2021,66,
BALTIMORE,2021,65,
BALTIMORE,2021,64,15.750000
BALTIMORE,2021,63,15.750000
BALTIMORE,2021,62,16.000000
BALTIMORE,2021,61,16.000000
BALTIMORE,2021,60,16.000000
BALTIMORE,2021,59,
BALTIMORE,2021,58,
BALTIMORE,2021,57,18.000000
BALTIMORE,2021,56,18.000000
BALTIMORE,2021,55,17.500000
BALTIMORE,2021,54,17.500000
BALTIMORE,2021,53,17.500000
BALTIMORE,2021,52,
BALTIMORE,2021,51,
BALTIMORE,2021,50,17.000000
BALTIMORE,2021,49,17.500000
BALTIMORE,2021,48,17.250000
BALTIMORE,2021,47,17.250000
BALTIMORE,2021,46,
BALTIMORE,2021,45,
BALTIMORE,2021,44,
BALTIMORE,2021,43,17.666666
BALTIMORE,2021,42,17.666666
BALTIMORE,2021,41,18.000000
BALTIMORE,2021,40,18.000000
BALTIMORE,2021,39,18.000000
BALTIMORE,2021,38,
BALTIMORE,2021,37,
BALTIMORE,2021,36,17.750000
BALTIMORE,2021,35,17.750000
BALTIMORE,2021,34,17.750000
BALTIMORE,2021,33,18.000000
BALTIMORE,2021,32,18.000000
BALTIMORE,2021,31,
BALTIMORE,2021,30,
BALTIMORE,2021,29,17.750000
BALTIMORE,2021,28,17.500000
BALTIMORE,2021,27,18.000000
BALTIMORE,2021,26,17.000000
BALTIMORE,2021,25,17.000000
BALTIMORE,2021,24,
BALTIMORE,2021,23,
BALTIMORE,2021,22,19.500000
BALTIMORE,2021,21,19.500000
BALTIMORE,2021,20,19.500000
BALTIMORE,2021,19,19.500000
BALTIMORE,2021,18,
BALTIMORE,2021,17,
BALTIMORE,2021,16,
BALTIMORE,2021,15,21.500000
BALTIMORE,2021,14,21.500000
BALTIMORE,2021,13,21.500000
BALTIMORE,2021,12,23.000000
BALTIMORE,2021,11,23.000000
BALTIMORE,2021,10,
BALTIMORE,2021,9,
BALTIMORE,2021,8,22.000000
BALTIMORE,2021,7,22.000000
BALTIMORE,2021,6,22.000000
BALTIMORE,2021,5,23.500000
BALTIMORE,2021,4,23.500000
BALTIMORE,2021,3,
BALTIMORE,2021,2,
BOSTON,2021,366,
BOSTON,2021,365,
BOSTON,2021,364,34.666666
BOSTON,2021,363,34.666666
BOSTON,2021,362,34.666666
BOSTON,2021,361,35.333333
BOSTON,2021,360,
BOSTON,2021,359,
BOSTON,2021,358,
BOSTON,2021,357,35.333333
BOSTON,2021,356,35.333333
BOSTON,2021,355,30.000000
BOSTON,2021,354,30.000000
BOSTON,2021,353,
BOSTON,2021,352,
BOSTON,2021,351,30.000000
BOSTON,2021,350,30.000000
BOSTON,2021,349,46.000000
BOSTON,2021,348,46.000000
BOSTON,2021,347,32.000000
BOSTON,2021,346,
BOSTON,2021,345,
BOSTON,2021,344,32.000000
BOSTON,2021,343,27.000000
BOSTON,2021,342,27.000000
BOSTON,2021,341,27.000000
BOSTON,2021,340,27.000000
BOSTON,2021,339,
BOSTON,2021,338,
BOSTON,2021,337,27.500000
BOSTON,2021,336,27.500000
BOSTON,2021,335,27.500000
BOSTON,2021,334,27.500000
BOSTON,2021,333,27.500000
BOSTON,2021,332,
BOSTON,2021,331,
BOSTON,2021,330,27.500000
BOSTON,2021,329,
BOSTON,2021,328,27.500000
BOSTON,2021,327,27.500000
BOSTON,2021,326,27.500000
BOSTON,2021,325,
BOSTON,2021,324,
BOSTON,2021,323,27.500000
BOSTON,2021,322,27.500000
BOSTON,2021,321,27.500000
BOSTON,2021,320,25.000000
BOSTON,2021,319,25.000000
BOSTON,2021,318,
BOSTON,2021,317,
BOSTON,2021,316,24.000000
BOSTON,2021,315,
BOSTON,2021,314,24.000000
BOSTON,2021,313,24.000000
BOSTON,2021,312,24.000000
BOSTON,2021,311,
BOSTON,2021,310,
BOSTON,2021,309,24.000000
BOSTON,2021,308,24.000000
BOSTON,2021,307,24.000000
BOSTON,2021,306,24.000000
BOSTON,2021,305,24.000000
BOSTON,2021,304,
BOSTON,2021,303,
BOSTON,2021,302,24.000000
BOSTON,2021,301,24.000000
BOSTON,2021,300,24.000000
BOSTON,2021,299,24.000000
BOSTON,2021,298,24.000000
BOSTON,2021,297,
BOSTON,2021,296,
BOSTON,2021,295,24.000000
BOSTON,2021,294,24.000000
BOSTON,2021,293,24.000000
BOSTON,2021,292,24.000000
BOSTON,2021,291,24.000000
BOSTON,2021,290,
BOSTON,2021,289,
BOSTON,2021,288,24.000000
BOSTON,2021,287,24.000000
BOSTON,2021,286,24.000000
BOSTON,2021,285,24.000000
BOSTON,2021,284,
BOSTON,2021,283,
BOSTON,2021,282,
BOSTON,2021,281,24.000000
BOSTON,2021,280,24.000000
BOSTON,2021,279,24.000000
BOSTON,2021,278,24.000000
BOSTON,2021,277,24.000000
BOSTON,2021,276,
BOSTON,2021,275,
BOSTON,2021,274,24.000000
BOSTON,2021,273,24.000000
BOSTON,2021,272,24.000000
BOSTON,2021,271,24.000000
BOSTON,2021,270,24.000000
BOSTON,2021,269,
BOSTON,2021,268,
BOSTON,2021,267,24.000000
BOSTON,2021,266,24.000000
BOSTON,2021,265,24.000000
BOSTON,2021,264,24.000000
BOSTON,2021,263,24.000000
BOSTON,2021,262,
BOSTON,2021,261,
BOSTON,2021,260,24.000000
BOSTON,2021,259,24.000000
BOSTON,2021,258,24.000000
BOSTON,2021,257,18.000000
BOSTON,2021,256,23.333333
BOSTON,2021,255,
BOSTON,2021,254,
BOSTON,2021,253,23.333333
BOSTON,2021,252,23.333333
BOSTON,2021,251,26.000000
BOSTON,2021,250,16.500000
BOSTON,2021,249,
BOSTON,2021,248,
BOSTON,2021,247,
BOSTON,2021,246,16.500000
BOSTON,2021,245,16.500000
BOSTON,2021,244,16.500000
BOSTON,2021,243,19.000000
BOSTON,2021,242,19.000000
BOSTON,2021,241,
BOSTON,2021,240,
BOSTON,2021,239,19.000000
BOSTON,2021,238,19.000000
BOSTON,2021,237,19.000000
BOSTON,2021,236,19.000000
BOSTON,2021,235,19.000000
BOSTON,2021,234,
BOSTON,2021,233,
BOSTON,2021,232,19.000000
BOSTON,2021,231,19.000000
BOSTON,2021,230,19.000000
BOSTON,2021,229,19.000000
BOSTON,2021,228,18.750000
BOSTON,2021,227,
BOSTON,2021,226,
BOSTON,2021,225,18.750000
BOSTON,2021,224,18.750000
BOSTON,2021,223,18.750000
BOSTON,2021,222,18.750000
BOSTON,2021,221,23.000000
BOSTON,2021,220,
BOSTON,2021,219,
BOSTON,2021,218,23.000000
BOSTON,2021,217,23.000000
BOSTON,2021,216,23.000000
BOSTON,2021,215,23.000000
BOSTON,2021,214,23.750000
BOSTON,2021,213,
BOSTON,2021,212,
BOSTON,2021,211,19.750000
BOSTON,2021,210,19.750000
BOSTON,2021,209,19.750000
BOSTON,2021,208,19.750000
BOSTON,2021,207,19.500000
BOSTON,2021,206,
BOSTON,2021,205,
BOSTON,2021,204,19.500000
BOSTON,2021,203,19.500000
BOSTON,2021,202,19.500000
BOSTON,2021,201,19.500000
BOSTON,2021,200,19.500000
BOSTON,2021,199,
BOSTON,2021,198,
BOSTON,2021,197,19.500000
BOSTON,2021,196,19.500000
BOSTON,2021,195,19.500000
BOSTON,2021,194,19.500000
BOSTON,2021,193,19.500000
BOSTON,2021,192,
BOSTON,2021,191,
BOSTON,2021,190,19.500000
BOSTON,2021,189,19.500000
BOSTON,2021,188,19.500000
BOSTON,2021,187,19.000000
BOSTON,2021,186,
BOSTON,2021,185,
BOSTON,2021,184,
BOSTON,2021,183,19.000000
BOSTON,2021,182,19.000000
BOSTON,2021,181,19.000000
BOSTON,2021,180,17.500000
BOSTON,2021,179,19.333333
BOSTON,2021,178,
BOSTON,2021,177,
BOSTON,2021,176,19.333333
BOSTON,2021,175,19.333333
BOSTON,2021,174,19.333333
BOSTON,2021,173,19.333333
BOSTON,2021,172,22.500000
BOSTON,2021,171,
BOSTON,2021,170,
BOSTON,2021,169,22.500000
BOSTON,2021,168,22.500000
BOSTON,2021,167,22.500000
BOSTON,2021,166,22.500000
BOSTON,2021,165,22.500000
BOSTON,2021,164,
BOSTON,2021,163,
BOSTON,2021,162,22.500000
BOSTON,2021,161,22.500000
BOSTON,2021,160,22.500000
BOSTON,2021,159,22.500000
BOSTON,2021,158,22.500000
BOSTON,2021,157,
BOSTON,2021,156,
BOSTON,2021,155,22.000000
BOSTON,2021,154,22.000000
BOSTON,2021,153,22.000000
BOSTON,2021,152,22.000000
BOSTON,2021,151,
BOSTON,2021,150,
BOSTON,2021,149,
BOSTON,2021,148,22.000000
BOSTON,2021,147,22.000000
BOSTON,2021,146,22.000000
BOSTON,2021,145,22.000000
BOSTON,2021,144,22.000000
BOSTON,2021,143,
BOSTON,2021,142,
BOSTON,2021,141,22.000000
BOSTON,2021,140,22.000000
BOSTON,2021,139,22.000000
BOSTON,2021,138,22.000000
BOSTON,2021,137,22.000000
BOSTON,2021,136,
BOSTON,2021,135,
BOSTON,2021,134,22.000000
BOSTON,2021,133,22.000000
BOSTON,2021,132,22.000000
BOSTON,2021,131,22.000000
BOSTON,2021,130,22.000000
BOSTON,2021,129,
BOSTON,2021,128,
BOSTON,2021,127,22.000000
BOSTON,2021,126,22.000000
BOSTON,2021,125,22.000000
BOSTON,2021,124,22.000000
BOSTON,2021,123,22.000000
BOSTON,2021,122,
BOSTON,2021,121,
BOSTON,2021,120,22.000000
BOSTON,2021,119,22.000000
BOSTON,2021,118,22.000000
BOSTON,2021,117,22.000000
BOSTON,2021,116,22.000000
BOSTON,2021,115,
BOSTON,2021,114,
BOSTON,2021,113,22.000000
BOSTON,2021,112,22.000000
BOSTON,2021,111,22.000000
BOSTON,2021,110,22.000000
BOSTON,2021,109,22.000000
BOSTON,2021,108,
BOSTON,2021,107,
BOSTON,2021,106,22.000000
BOSTON,2021,105,22.000000
BOSTON,2021,104,22.000000
BOSTON,2021,103,22.000000
BOSTON,2021,102,22.000000
BOSTON,2021,101,
BOSTON,2021,100,
BOSTON,2021,99,22.000000
BOSTON,2021,98,22.000000
BOSTON,2021,97,22.000000
BOSTON,2021,96,22.000000
BOSTON,2021,95,22.000000
BOSTON,2021,94,
BOSTON,2021,93,
BOSTON,2021,92,22.000000
BOSTON,2021,91,22.000000
BOSTON,2021,90,22.000000
BOSTON,2021,89,22.000000
BOSTON,2021,88,22.000000
BOSTON,2021,87,
BOSTON,2021,86,
BOSTON,2021,85,22.000000
BOSTON,2021,84,22.000000
BOSTON,2021,83,22.000000
BOSTON,2021,82,22.000000
BOSTON,2021,81,22.000000
BOSTON,2021,80,
BOSTON,2021,79,
BOSTON,2021,78,22.000000
BOSTON,2021,77,22.000000
BOSTON,2021,76,22.000000
BOSTON,2021,75,22.000000
BOSTON,2021,74,22.000000
BOSTON,2021,73,
BOSTON,2021,72,
BOSTON,2021,71,22.000000
BOSTON,2021,70,22.000000
BOSTON,2021,69,22.000000
BOSTON,2021,68,22.000000
BOSTON,2021,67,22.000000
BOSTON,2021,66,
BOSTON,2021,65,
BOSTON,2021,64,22.000000
BOSTON,2021,63,22.000000
BOSTON,2021,62,22.000000
BOSTON,2021,61,22.000000
BOSTON,2021,60,22.000000
BOSTON,2021,59,
BOSTON,2021,58,
BOSTON,2021,57,22.000000
BOSTON,2021,56,22.000000
BOSTON,2021,55,22.000000
BOSTON,2021,54,22.000000
BOSTON,2021,53,22.000000
BOSTON,2021,52,
BOSTON,2021,51,
BOSTON,2021,50,22.000000
BOSTON,2021,49,22.000000
BOSTON,2021,48,23.500000
BOSTON,2021,47,23.500000
BOSTON,2021,46,
BOSTON,2021,45,
BOSTON,2021,44,
BOSTON,2021,43,23.500000
BOSTON,2021,42,23.500000
BOSTON,2021,41,23.500000
BOSTON,2021,40,23.500000
BOSTON,2021,39,23.500000
BOSTON,2021,38,
BOSTON,2021,37,
BOSTON,2021,36,23.500000
BOSTON,2021,35,23.500000
BOSTON,2021,34,23.500000
BOSTON,2021,33,23.500000
BOSTON,2021,32,23.500000
BOSTON,2021,31,
BOSTON,2021,30,
BOSTON,2021,29,23.500000
BOSTON,2021,28,23.500000
BOSTON,2021,27,23.500000
BOSTON,2021,26,23.500000
BOSTON,2021,25,23.500000
BOSTON,2021,24,
BOSTON,2021,23,
BOSTON,2021,22,23.500000
BOSTON,2021,21,23.500000
BOSTON,2021,20,23.500000
BOSTON,2021,19,23.500000
BOSTON,2021,18,
BOSTON,2021,17,
BOSTON,2021,16,
BOSTON,2021,15,23.500000
BOSTON,2021,14,23.500000
BOSTON,2021,13,23.500000
BOSTON,2021,12,23.500000
BOSTON,2021,11,23.500000
BOSTON,2021,10,
BOSTON,2021,9,
BOSTON,2021,8,23.500000
BOSTON,2021,7,23.500000
BOSTON,2021,6,23.500000
BOSTON,2021,5,23.500000
BOSTON,2021,4,23.500000
BOSTON,2021,3,
BOSTON,2021,2,
CHICAGO,2021,366,
CHICAGO,2021,365,
CHICAGO,2021,364,33.500000
CHICAGO,2021,363,23.000000
CHICAGO,2021,362,23.000000
CHICAGO,2021,361,23.000000
CHICAGO,2021,360,
CHICAGO,2021,359,
CHICAGO,2021,358,
CHICAGO,2021,357,23.000000
CHICAGO,2021,356,23.000000
CHICAGO,2021,355,23.000000
CHICAGO,2021,354,23.000000
CHICAGO,2021,353,
CHICAGO,2021,352,
CHICAGO,2021,351,23.000000
CHICAGO,2021,350,23.000000
CHICAGO,2021,349,23.000000
CHICAGO,2021,348,23.000000
CHICAGO,2021,347,23.000000
CHICAGO,2021,346,
CHICAGO,2021,345,
CHICAGO,2021,344,23.000000
CHICAGO,2021,343,23.000000
CHICAGO,2021,342,23.000000
CHICAGO,2021,341,23.000000
CHICAGO,2021,340,23.000000
CHICAGO,2021,339,
CHICAGO,2021,338,
CHICAGO,2021,337,23.000000
CHICAGO,2021,336,23.000000
CHICAGO,2021,335,23.000000
CHICAGO,2021,334,23.000000
CHICAGO,2021,333,23.000000
CHICAGO,2021,332,
CHICAGO,2021,331,
CHICAGO,2021,330,23.000000
CHICAGO,2021,329,
CHICAGO,2021,328,23.000000
CHICAGO,2021,327,23.000000
CHICAGO,2021,326,23.000000
CHICAGO,2021,325,
CHICAGO,2021,324,
CHICAGO,2021,323,23.000000
CHICAGO,2021,322,23.000000
CHICAGO,2021,321,23.000000
CHICAGO,2021,320,23.000000
CHICAGO,2021,319,23.000000
CHICAGO,2021,318,
CHICAGO,2021,317,
CHICAGO,2021,316,23.000000
CHICAGO,2021,315,
CHICAGO,2021,314,23.000000
CHICAGO,2021,313,23.000000
CHICAGO,2021,312,24.333333
CHICAGO,2021,311,
CHICAGO,2021,310,
CHICAGO,2021,309,24.333333
CHICAGO,2021,308,24.333333
CHICAGO,2021,307,20.833333
CHICAGO,2021,306,20.833333
CHICAGO,2021,305,20.833333
CHICAGO,2021,304,
CHICAGO,2021,303,
CHICAGO,2021,302,20.833333
CHICAGO,2021,301,20.833333
CHICAGO,2021,300,20.833333
CHICAGO,2021,299,19.333333
CHICAGO,2021,298,19.333333
CHICAGO,2021,297,
CHICAGO,2021,296,
CHICAGO,2021,295,19.333333
CHICAGO,2021,294,19.333333
CHICAGO,2021,293,19.333333
CHICAGO,2021,292,19.333333
CHICAGO,2021,291,19.333333
CHICAGO,2021,290,
CHICAGO,2021,289,
CHICAGO,2021,288,19.333333
CHICAGO,2021,287,19.333333
CHICAGO,2021,286,19.333333
CHICAGO,2021,285,19.333333
CHICAGO,2021,284,
CHICAGO,2021,283,
CHICAGO,2021,282,
CHICAGO,2021,281,19.333333
CHICAGO,2021,280,19.333333
CHICAGO,2021,279,19.333333
CHICAGO,2021,278,19.333333
CHICAGO,2021,277,19.333333
CHICAGO,2021,276,
CHICAGO,2021,275,
CHICAGO,2021,274,19.333333
CHICAGO,2021,273,19.333333
CHICAGO,2021,272,19.333333
CHICAGO,2021,271,19.333333
CHICAGO,2021,270,19.333333
CHICAGO,2021,269,
CHICAGO,2021,268,
CHICAGO,2021,267,19.333333
CHICAGO,2021,266,19.333333
CHICAGO,2021,265,19.333333
CHICAGO,2021,264,19.333333
CHICAGO,2021,263,19.333333
CHICAGO,2021,262,
CHICAGO,2021,261,
CHICAGO,2021,260,19.333333
CHICAGO,2021,259,19.333333
CHICAGO,2021,258,19.333333
CHICAGO,2021,257,19.333333
CHICAGO,2021,256,19.333333
CHICAGO,2021,255,
CHICAGO,2021,254,
CHICAGO,2021,253,19.333333
CHICAGO,2021,252,19.333333
CHICAGO,2021,251,19.333333
CHICAGO,2021,250,19.333333
CHICAGO,2021,249,
CHICAGO,2021,248,
CHICAGO,2021,247,
CHICAGO,2021,246,19.333333
CHICAGO,2021,245,19.333333
CHICAGO,2021,244,19.333333
CHICAGO,2021,243,19.333333
CHICAGO,2021,242,19.333333
CHICAGO,2021,241,
CHICAGO,2021,240,
CHICAGO,2021,239,19.333333
CHICAGO,2021,238,19.333333
CHICAGO,2021,237,19.333333
CHICAGO,2021,236,19.333333
CHICAGO,2021,235,19.666666
CHICAGO,2021,234,
CHICAGO,2021,233,
CHICAGO,2021,232,19.666666
CHICAGO,2021,231,21.000000
CHICAGO,2021,230,21.000000
CHICAGO,2021,229,21.000000
CHICAGO,2021,228,21.000000
CHICAGO,2021,227,
CHICAGO,2021,226,
CHICAGO,2021,225,21.000000
CHICAGO,2021,224,22.500000
CHICAGO,2021,223,22.500000
CHICAGO,2021,222,22.500000
CHICAGO,2021,221,22.000000
CHICAGO,2021,220,
CHICAGO,2021,219,
CHICAGO,2021,218,22.000000
CHICAGO,2021,217,18.750000
CHICAGO,2021,216,18.750000
CHICAGO,2021,215,18.750000
CHICAGO,2021,214,19.000000
CHICAGO,2021,213,
CHICAGO,2021,212,
CHICAGO,2021,211,19.000000
CHICAGO,2021,210,19.000000
CHICAGO,2021,209,19.000000
CHICAGO,2021,208,20.000000
CHICAGO,2021,207,20.000000
CHICAGO,2021,206,
CHICAGO,2021,205,
CHICAGO,2021,204,20.000000
CHICAGO,2021,203,20.000000
CHICAGO,2021,202,20.000000
CHICAGO,2021,201,19.250000
CHICAGO,2021,200,19.250000
CHICAGO,2021,199,
CHICAGO,2021,198,
CHICAGO,2021,197,19.250000
CHICAGO,2021,196,19.250000
CHICAGO,2021,195,19.750000
CHICAGO,2021,194,19.750000
CHICAGO,2021,193,19.166666
CHICAGO,2021,192,
CHICAGO,2021,191,
CHICAGO,2021,190,19.166666
CHICAGO,2021,189,19.166666
CHICAGO,2021,188,18.833333
CHICAGO,2021,187,18.833333
CHICAGO,2021,186,
CHICAGO,2021,185,
CHICAGO,2021,184,
CHICAGO,2021,183,18.833333
CHICAGO,2021,182,18.666666
CHICAGO,2021,181,18.666666
CHICAGO,2021,180,18.666666
CHICAGO,2021,179,18.500000
CHICAGO,2021,178,
CHICAGO,2021,177,
CHICAGO,2021,176,18.500000
CHICAGO,2021,175,21.000000
CHICAGO,2021,174,21.000000
CHICAGO,2021,173,21.000000
CHICAGO,2021,172,21.000000
CHICAGO,2021,171,
CHICAGO,2021,170,
CHICAGO,2021,169,21.000000
CHICAGO,2021,168,21.000000
CHICAGO,2021,167,21.000000
CHICAGO,2021,166,22.000000
CHICAGO,2021,165,22.000000
CHICAGO,2021,164,
CHICAGO,2021,163,
CHICAGO,2021,162,22.000000
CHICAGO,2021,161,22.000000
CHICAGO,2021,160,22.000000
CHICAGO,2021,159,22.000000
CHICAGO,2021,158,22.000000
CHICAGO,2021,157,
CHICAGO,2021,156,
CHICAGO,2021,155,22.000000
CHICAGO,2021,154,26.000000
CHICAGO,2021,153,26.000000
CHICAGO,2021,152,26.000000
CHICAGO,2021,151,
CHICAGO,2021,150,
CHICAGO,2021,149,
CHICAGO,2021,148,26.000000
CHICAGO,2021,147,26.000000
CHICAGO,2021,146,26.000000
CHICAGO,2021,145,26.000000
CHICAGO,2021,144,26.000000
CHICAGO,2021,143,
CHICAGO,2021,142,
CHICAGO,2021,141,26.000000
CHICAGO,2021,140,26.000000
CHICAGO,2021,139,26.000000
CHICAGO,2021,138,26.000000
CHICAGO,2021,137,26.000000
CHICAGO,2021,136,
CHICAGO,2021,135,
CHICAGO,2021,134,26.000000
CHICAGO,2021,133,26.000000
CHICAGO,2021,132,26.000000
CHICAGO,2021,131,26.000000
CHICAGO,2021,130,21.000000
CHICAGO,2021,129,
CHICAGO,2021,128,
CHICAGO,2021,127,21.000000
CHICAGO,2021,126,19.000000
CHICAGO,2021,125,19.000000
CHICAGO,2021,124,19.000000
CHICAGO,2021,123,19.000000
CHICAGO,2021,122,
CHICAGO,2021,121,
CHICAGO,2021,120,19.000000
CHICAGO,2021,119,19.000000
CHICAGO,2021,118,19.000000
CHICAGO,2021,117,19.000000
CHICAGO,2021,116,15.750000
CHICAGO,2021,115,
CHICAGO,2021,114,
CHICAGO,2021,113,15.750000
CHICAGO,2021,112,15.750000
CHICAGO,2021,111,15.750000
CHICAGO,2021,110,15.750000
CHICAGO,2021,109,15.500000
CHICAGO,2021,108,
CHICAGO,2021,107,
CHICAGO,2021,106,15.500000
CHICAGO,2021,105,15.500000
CHICAGO,2021,104,15.500000
CHICAGO,2021,103,15.500000
CHICAGO,2021,102,18.000000
CHICAGO,2021,101,
CHICAGO,2021,100,
CHICAGO,2021,99,18.000000
CHICAGO,2021,98,18.000000
CHICAGO,2021,97,18.000000
CHICAGO,2021,96,18.000000
CHICAGO,2021,95,18.000000
CHICAGO,2021,94,
CHICAGO,2021,93,
CHICAGO,2021,92,18.000000
CHICAGO,2021,91,18.000000
CHICAGO,2021,90,18.000000
CHICAGO,2021,89,18.000000
CHICAGO,2021,88,18.000000
CHICAGO,2021,87,
CHICAGO,2021,86,
CHICAGO,2021,85,18.000000
CHICAGO,2021,84,18.000000
CHICAGO,2021,83,18.000000
CHICAGO,2021,82,18.000000
CHICAGO,2021,81,18.000000
CHICAGO,2021,80,
CHICAGO,2021,79,
CHICAGO,2021,78,18.000000
CHICAGO,2021,77,18.000000
CHICAGO,2021,76,18.000000
CHICAGO,2021,75,18.000000
CHICAGO,2021,74,18.000000
CHICAGO,2021,73,
CHICAGO,2021,72,
CHICAGO,2021,71,18.000000
CHICAGO,2021,70,18.000000
CHICAGO,2021,69,18.000000
CHICAGO,2021,68,17.000000
CHICAGO,2021,67,17.000000
CHICAGO,2021,66,
CHICAGO,2021,65,
CHICAGO,2021,64,17.000000
CHICAGO,2021,63,18.000000
CHICAGO,2021,62,18.000000
CHICAGO,2021,61,18.000000
CHICAGO,2021,60,18.000000
CHICAGO,2021,59,
CHICAGO,2021,58,
CHICAGO,2021,57,18.000000
CHICAGO,2021,56,17.000000
CHICAGO,2021,55,17.000000
CHICAGO,2021,54,17.000000
CHICAGO,2021,53,17.000000
CHICAGO,2021,52,
CHICAGO,2021,51,
CHICAGO,2021,50,17.000000
CHICAGO,2021,49,17.000000
CHICAGO,2021,48,17.000000
CHICAGO,2021,47,17.000000
CHICAGO,2021,46,
CHICAGO,2021,45,
CHICAGO,2021,44,
CHICAGO,2021,43,17.000000
CHICAGO,2021,42,17.000000
CHICAGO,2021,41,17.000000
CHICAGO,2021,40,17.000000
CHICAGO,2021,39,17.000000
CHICAGO,2021,38,
CHICAGO,2021,37,
CHICAGO,2021,36,17.000000
CHICAGO,2021,35,17.000000
CHICAGO,2021,34,17.000000
CHICAGO,2021,33,17.000000
CHICAGO,2021,32,17.000000
CHICAGO,2021,31,
CHICAGO,2021,30,
CHICAGO,2021,29,17.000000
CHICAGO,2021,28,17.000000
CHICAGO,2021,27,18.000000
CHICAGO,2021,26,18.000000
CHICAGO,2021,25,18.000000
CHICAGO,2021,24,
CHICAGO,2021,23,
CHICAGO,2021,22,18.000000
CHICAGO,2021,21,20.833333
CHICAGO,2021,20,20.833333
CHICAGO,2021,19,20.833333
CHICAGO,2021,18,
CHICAGO,2021,17,
CHICAGO,2021,16,
CHICAGO,2021,15,20.833333
CHICAGO,2021,14,20.833333
CHICAGO,2021,13,20.500000
CHICAGO,2021,12,20.500000
CHICAGO,2021,11,18.500000
CHICAGO,2021,10,
CHICAGO,2021,9,
CHICAGO,2021,8,18.500000
CHICAGO,2021,7,18.500000
CHICAGO,2021,6,18.500000
CHICAGO,2021,5,18.500000
CHICAGO,2021,4,18.500000
CHICAGO,2021,3,
CHICAGO,2021,2,
COLUMBIA,2021,366,
COLUMBIA,2021,365,32.500000
COLUMBIA,2021,364,32.500000
COLUMBIA,2021,363,32.500000
COLUMBIA,2021,362,
COLUMBIA,2021,361,
COLUMBIA,2021,360,
COLUMBIA,2021,359,
COLUMBIA,2021,358,
COLUMBIA,2021,357,31.000000
COLUMBIA,2021,356,31.000000
COLUMBIA,2021,355,31.000000
COLUMBIA,2021,354,31.000000
COLUMBIA,2021,353,
COLUMBIA,2021,352,
COLUMBIA,2021,351,31.250000
COLUMBIA,2021,350,31.250000
COLUMBIA,2021,349,31.250000
COLUMBIA,2021,348,31.250000
COLUMBIA,2021,347,41.500000
COLUMBIA,2021,346,
COLUMBIA,2021,345,
COLUMBIA,2021,344,34.500000
COLUMBIA,2021,343,34.500000
COLUMBIA,2021,342,34.500000
COLUMBIA,2021,341,34.500000
COLUMBIA,2021,340,
COLUMBIA,2021,339,
COLUMBIA,2021,338,
COLUMBIA,2021,337,30.250000
COLUMBIA,2021,336,30.250000
COLUMBIA,2021,335,30.250000
COLUMBIA,2021,334,30.250000
COLUMBIA,2021,333,30.250000
COLUMBIA,2021,332,
COLUMBIA,2021,331,
COLUMBIA,2021,330,
COLUMBIA,2021,329,
COLUMBIA,2021,328,30.250000
COLUMBIA,2021,327,32.500000
COLUMBIA,2021,326,32.500000
COLUMBIA,2021,325,
COLUMBIA,2021,324,
COLUMBIA,2021,323,29.500000
COLUMBIA,2021,322,29.500000
COLUMBIA,2021,321,29.500000
COLUMBIA,2021,320,29.500000
COLUMBIA,2021,319,29.500000
COLUMBIA,2021,318,
COLUMBIA,2021,317,
COLUMBIA,2021,316,25.750000
COLUMBIA,2021,315,
COLUMBIA,2021,314,25.750000
COLUMBIA,2021,313,25.750000
COLUMBIA,2021,312,25.750000
COLUMBIA,2021,311,
COLUMBIA,2021,310,
COLUMBIA,2021,309,25.750000
COLUMBIA,2021,308,25.750000
COLUMBIA,2021,307,25.750000
COLUMBIA,2021,306,25.750000
COLUMBIA,2021,305,25.750000
COLUMBIA,2021,304,
COLUMBIA,2021,303,
COLUMBIA,2021,302,25.750000
COLUMBIA,2021,301,25.750000
COLUMBIA,2021,300,25.750000
COLUMBIA,2021,299,25.750000
COLUMBIA,2021,298,25.750000
COLUMBIA,2021,297,
COLUMBIA,2021,296,
COLUMBIA,2021,295,25.750000
COLUMBIA,2021,294,25.750000
COLUMBIA,2021,293,25.750000
COLUMBIA,2021,292,25.750000
COLUMBIA,2021,291,25.750000
COLUMBIA,2021,290,
COLUMBIA,2021,289,
COLUMBIA,2021,288,25.750000
COLUMBIA,2021,287,25.750000
COLUMBIA,2021,286,25.750000
COLUMBIA,2021,285,25.750000
COLUMBIA,2021,284,25.750000
COLUMBIA,2021,283,
COLUMBIA,2021,282,
COLUMBIA,2021,281,25.750000
COLUMBIA,2021,280,25.750000
COLUMBIA,2021,279,25.750000
COLUMBIA,2021,278,25.750000
COLUMBIA,2021,277,25.750000
COLUMBIA,2021,276,
COLUMBIA,2021,275,
COLUMBIA,2021,274,25.750000
COLUMBIA,2021,273,25.750000
COLUMBIA,2021,272,25.750000
COLUMBIA,2021,271,25.750000
COLUMBIA,2021,270,25.750000
COLUMBIA,2021,269,
COLUMBIA,2021,268,
COLUMBIA,2021,267,25.750000
COLUMBIA,2021,266,25.750000
COLUMBIA,2021,265,25.750000
COLUMBIA,2021,264,25.750000
COLUMBIA,2021,263,25.750000
COLUMBIA,2021,262,
COLUMBIA,2021,261,
COLUMBIA,2021,260,25.250000
COLUMBIA,2021,259,25.250000
COLUMBIA,2021,258,25.250000
COLUMBIA,2021,257,25.250000
COLUMBIA,2021,256,25.250000
COLUMBIA,2021,255,
COLUMBIA,2021,254,
COLUMBIA,2021,253,24.000000
COLUMBIA,2021,252,24.000000
COLUMBIA,2021,251,24.000000
COLUMBIA,2021,250,24.000000
COLUMBIA,2021,249,
COLUMBIA,2021,248,
COLUMBIA,2021,247,
COLUMBIA,2021,246,24.500000
COLUMBIA,2021,245,24.500000
COLUMBIA,2021,244,24.500000
COLUMBIA,2021,243,24.500000
COLUMBIA,2021,242,24.500000
COLUMBIA,2021,241,
COLUMBIA,2021,240,
COLUMBIA,2021,239,24.500000
COLUMBIA,2021,238,24.500000
COLUMBIA,2021,237,24.500000
COLUMBIA,2021,236,24.500000
COLUMBIA,2021,235,24.500000
COLUMBIA,2021,234,
COLUMBIA,2021,233,
COLUMBIA,2021,232,25.000000
COLUMBIA,2021,231,25.000000
COLUMBIA,2021,230,25.000000
COLUMBIA,2021,229,25.000000
COLUMBIA,2021,228,25.000000
COLUMBIA,2021,227,
COLUMBIA,2021,226,
COLUMBIA,2021,225,25.000000
COLUMBIA,2021,224,25.000000
COLUMBIA,2021,223,25.000000
COLUMBIA,2021,222,25.000000
COLUMBIA,2021,221,25.000000
COLUMBIA,2021,220,
COLUMBIA,2021,219,
COLUMBIA,2021,218,25.000000
COLUMBIA,2021,217,25.000000
COLUMBIA,2021,216,25.000000
COLUMBIA,2021,215,25.000000
COLUMBIA,2021,214,25.000000
COLUMBIA,2021,213,
COLUMBIA,2021,212,
COLUMBIA,2021,211,25.000000
COLUMBIA,2021,210,25.000000
COLUMBIA,2021,209,25.000000
COLUMBIA,2021,208,25.000000
COLUMBIA,2021,207,25.000000
COLUMBIA,2021,206,
COLUMBIA,2021,205,
COLUMBIA,2021,204,25.250000
COLUMBIA,2021,203,25.250000
COLUMBIA,2021,202,25.250000
COLUMBIA,2021,201,25.250000
COLUMBIA,2021,200,25.250000
COLUMBIA,2021,199,
COLUMBIA,2021,198,
COLUMBIA,2021,197,25.250000
COLUMBIA,2021,196,25.750000
COLUMBIA,2021,195,25.750000
COLUMBIA,2021,194,25.750000
COLUMBIA,2021,193,
COLUMBIA,2021,192,
COLUMBIA,2021,191,
COLUMBIA,2021,190,25.750000
COLUMBIA,2021,189,25.750000
COLUMBIA,2021,188,25.750000
COLUMBIA,2021,187,25.750000
COLUMBIA,2021,186,
COLUMBIA,2021,185,
COLUMBIA,2021,184,
COLUMBIA,2021,183,25.250000
COLUMBIA,2021,182,25.250000
COLUMBIA,2021,181,25.250000
COLUMBIA,2021,180,25.250000
COLUMBIA,2021,179,25.250000
COLUMBIA,2021,178,
COLUMBIA,2021,177,
COLUMBIA,2021,176,25.250000
COLUMBIA,2021,175,25.250000
COLUMBIA,2021,174,25.250000
COLUMBIA,2021,173,25.250000
COLUMBIA,2021,172,25.250000
COLUMBIA,2021,171,
COLUMBIA,2021,170,
COLUMBIA,2021,169,24.375000
COLUMBIA,2021,168,24.375000
COLUMBIA,2021,167,24.375000
COLUMBIA,2021,166,24.375000
COLUMBIA,2021,165,24.375000
COLUMBIA,2021,164,
COLUMBIA,2021,163,
COLUMBIA,2021,162,25.250000
COLUMBIA,2021,161,25.250000
COLUMBIA,2021,160,25.250000
COLUMBIA,2021,159,25.750000
COLUMBIA,2021,158,25.750000
COLUMBIA,2021,157,
COLUMBIA,2021,156,
COLUMBIA,2021,155,25.250000
COLUMBIA,2021,154,25.250000
COLUMBIA,2021,153,25.250000
COLUMBIA,2021,152,25.250000
COLUMBIA,2021,151,
COLUMBIA,2021,150,
COLUMBIA,2021,149,
COLUMBIA,2021,148,26.250000
COLUMBIA,2021,147,26.250000
COLUMBIA,2021,146,26.250000
COLUMBIA,2021,145,26.250000
COLUMBIA,2021,144,26.250000
COLUMBIA,2021,143,
COLUMBIA,2021,142,
COLUMBIA,2021,141,26.250000
COLUMBIA,2021,140,26.250000
COLUMBIA,2021,139,26.250000
COLUMBIA,2021,138,26.000000
COLUMBIA,2021,137,
COLUMBIA,2021,136,
COLUMBIA,2021,135,
COLUMBIA,2021,134,26.000000
COLUMBIA,2021,133,26.000000
COLUMBIA,2021,132,26.000000
COLUMBIA,2021,131,26.000000
COLUMBIA,2021,130,
COLUMBIA,2021,129,
COLUMBIA,2021,128,
COLUMBIA,2021,127,25.750000
COLUMBIA,2021,126,25.750000
COLUMBIA,2021,125,25.000000
COLUMBIA,2021,124,25.000000
COLUMBIA,2021,123,25.000000
COLUMBIA,2021,122,
COLUMBIA,2021,121,
COLUMBIA,2021,120,24.000000
COLUMBIA,2021,119,24.000000
COLUMBIA,2021,118,24.000000
COLUMBIA,2021,117,24.000000
COLUMBIA,2021,116,24.000000
COLUMBIA,2021,115,
COLUMBIA,2021,114,
COLUMBIA,2021,113,24.500000
COLUMBIA,2021,112,24.500000
COLUMBIA,2021,111,24.500000
COLUMBIA,2021,110,24.500000
COLUMBIA,2021,109,24.500000
COLUMBIA,2021,108,
COLUMBIA,2021,107,
COLUMBIA,2021,106,24.750000
COLUMBIA,2021,105,24.750000
COLUMBIA,2021,104,24.750000
COLUMBIA,2021,103,24.750000
COLUMBIA,2021,102,24.500000
COLUMBIA,2021,101,
COLUMBIA,2021,100,
COLUMBIA,2021,99,23.166666
COLUMBIA,2021,98,23.166666
COLUMBIA,2021,97,23.166666
COLUMBIA,2021,96,23.166666
COLUMBIA,2021,95,23.166666
COLUMBIA,2021,94,
COLUMBIA,2021,93,
COLUMBIA,2021,92,23.166666
COLUMBIA,2021,91,23.166666
COLUMBIA,2021,90,22.166666
COLUMBIA,2021,89,22.166666
COLUMBIA,2021,88,23.250000
COLUMBIA,2021,87,
COLUMBIA,2021,86,
COLUMBIA,2021,85,23.750000
COLUMBIA,2021,84,23.750000
COLUMBIA,2021,83,23.750000
COLUMBIA,2021,82,23.750000
COLUMBIA,2021,81,23.750000
COLUMBIA,2021,80,
COLUMBIA,2021,79,
COLUMBIA,2021,78,23.500000
COLUMBIA,2021,77,23.500000
COLUMBIA,2021,76,23.500000
COLUMBIA,2021,75,23.500000
COLUMBIA,2021,74,23.500000
COLUMBIA,2021,73,
COLUMBIA,2021,72,
COLUMBIA,2021,71,25.000000
COLUMBIA,2021,70,25.000000
COLUMBIA,2021,69,25.000000
COLUMBIA,2021,68,25.000000
COLUMBIA,2021,67,25.000000
COLUMBIA,2021,66,
COLUMBIA,2021,65,
COLUMBIA,2021,64,25.000000
COLUMBIA,2021,63,25.000000
COLUMBIA,2021,62,25.000000
COLUMBIA,2021,61,25.000000
COLUMBIA,2021,60,25.000000
COLUMBIA,2021,59,
COLUMBIA,2021,58,
COLUMBIA,2021,57,25.250000
COLUMBIA,2021,56,25.250000
COLUMBIA,2021,55,25.250000
COLUMBIA,2021,54,25.250000
COLUMBIA,2021,53,25.250000
COLUMBIA,2021,52,
COLUMBIA,2021,51,
COLUMBIA,2021,50,25.250000
COLUMBIA,2021,49,25.250000
COLUMBIA,2021,48,25.250000
COLUMBIA,2021,47,25.250000
COLUMBIA,2021,46,
COLUMBIA,2021,45,
COLUMBIA,2021,44,
COLUMBIA,2021,43,25.250000
COLUMBIA,2021,42,25.250000
COLUMBIA,2021,41,25.250000
COLUMBIA,2021,40,25.250000
COLUMBIA,2021,39,25.250000
COLUMBIA,2021,38,
COLUMBIA,2021,37,
COLUMBIA,2021,36,25.750000
COLUMBIA,2021,35,25.750000
COLUMBIA,2021,34,25.750000
COLUMBIA,2021,33,25.750000
COLUMBIA,2021,32,25.750000
COLUMBIA,2021,31,
COLUMBIA,2021,30,
COLUMBIA,2021,29,25.750000
COLUMBIA,2021,28,25.750000
COLUMBIA,2021,27,25.750000
COLUMBIA,2021,26,25.750000
COLUMBIA,2021,25,25.750000
COLUMBIA,2021,24,
COLUMBIA,2021,23,
COLUMBIA,2021,22,24.500000
COLUMBIA,2021,21,24.500000
COLUMBIA,2021,20,24.500000
COLUMBIA,2021,19,24.500000
COLUMBIA,2021,18,
COLUMBIA,2021,17,
COLUMBIA,2021,16,
COLUMBIA,2021,15,24.833333
COLUMBIA,2021,14,24.833333
COLUMBIA,2021,13,24.833333
COLUMBIA,2021,12,24.833333
COLUMBIA,2021,11,24.833333
COLUMBIA,2021,10,
COLUMBIA,2021,9,
COLUMBIA,2021,8,24.833333
COLUMBIA,2021,7,26.250000
COLUMBIA,2021,6,26.250000
COLUMBIA,2021,5,26.250000
COLUMBIA,2021,4,26.250000
COLUMBIA,2021,3,
COLUMBIA,2021,2,
MIAMI,2021,366,
MIAMI,2021,365,
MIAMI,2021,364,24.000000
MIAMI,2021,363,24.000000
MIAMI,2021,362,24.000000
MIAMI,2021,361,24.000000
MIAMI,2021,360,
MIAMI,2021,359,
MIAMI,2021,358,
MIAMI,2021,357,24.000000
MIAMI,2021,356,24.000000
MIAMI,2021,355,24.000000
MIAMI,2021,354,24.000000
MIAMI,2021,353,
MIAMI,2021,352,
MIAMI,2021,351,24.000000
MIAMI,2021,350,24.000000
MIAMI,2021,349,24.000000
MIAMI,2021,348,24.000000
MIAMI,2021,347,24.000000
MIAMI,2021,346,
MIAMI,2021,345,
MIAMI,2021,344,24.000000
MIAMI,2021,343,24.000000
MIAMI,2021,342,24.000000
MIAMI,2021,341,24.000000
MIAMI,2021,340,24.000000
MIAMI,2021,339,
MIAMI,2021,338,
MIAMI,2021,337,24.000000
MIAMI,2021,336,24.000000
MIAMI,2021,335,24.000000
MIAMI,2021,334,24.000000
MIAMI,2021,333,24.000000
MIAMI,2021,332,
MIAMI,2021,331,
MIAMI,2021,330,24.000000
MIAMI,2021,329,
MIAMI,2021,328,24.000000
MIAMI,2021,327,24.000000
MIAMI,2021,326,24.000000
MIAMI,2021,325,
MIAMI,2021,324,
MIAMI,2021,323,24.000000
MIAMI,2021,322,24.000000
MIAMI,2021,321,24.000000
MIAMI,2021,320,24.000000
MIAMI,2021,319,24.000000
MIAMI,2021,318,
MIAMI,2021,317,
MIAMI,2021,316,24.000000
MIAMI,2021,315,
MIAMI,2021,314,24.000000
MIAMI,2021,313,24.000000
MIAMI,2021,312,24.000000
MIAMI,2021,311,
MIAMI,2021,310,
MIAMI,2021,309,24.000000
MIAMI,2021,308,24.000000
MIAMI,2021,307,24.000000
MIAMI,2021,306,24.000000
MIAMI,2021,305,24.000000
MIAMI,2021,304,
MIAMI,2021,303,
MIAMI,2021,302,24.000000
MIAMI,2021,301,24.000000
MIAMI,2021,300,24.000000
MIAMI,2021,299,24.000000
MIAMI,2021,298,24.000000
MIAMI,2021,297,
MIAMI,2021,296,
MIAMI,2021,295,24.000000
MIAMI,2021,294,24.000000
MIAMI,2021,293,24.000000
MIAMI,2021,292,24.000000
MIAMI,2021,291,24.000000
MIAMI,2021,290,
MIAMI,2021,289,
MIAMI,2021,288,24.000000
MIAMI,2021,287,24.000000
MIAMI,2021,286,24.000000
MIAMI,2021,285,24.000000
MIAMI,2021,284,
MIAMI,2021,283,
MIAMI,2021,282,
MIAMI,2021,281,24.000000
MIAMI,2021,280,24.000000
MIAMI,2021,279,24.000000
MIAMI,2021,278,24.000000
MIAMI,2021,277,24.000000
MIAMI,2021,276,
MIAMI,2021,275,
MIAMI,2021,274,24.000000
MIAMI,2021,273,24.000000
MIAMI,2021,272,24.000000
MIAMI,2021,271,24.000000
MIAMI,2021,270,24.000000
MIAMI,2021,269,
MIAMI,2021,268,
MIAMI,2021,267,24.000000
MIAMI,2021,266,24.000000
MIAMI,2021,265,24.000000
MIAMI,2021,264,24.000000
MIAMI,2021,263,24.000000
MIAMI,2021,262,
MIAMI,2021,261,
MIAMI,2021,260,24.000000
MIAMI,2021,259,24.000000
MIAMI,2021,258,24.000000
MIAMI,2021,257,24.000000
MIAMI,2021,256,24.000000
MIAMI,2021,255,
MIAMI,2021,254,
MIAMI,2021,253,24.000000
MIAMI,2021,252,24.000000
MIAMI,2021,251,24.000000
MIAMI,2021,250,24.000000
MIAMI,2021,249,
MIAMI,2021,248,
MIAMI,2021,247,
MIAMI,2021,246,24.000000
MIAMI,2021,245,24.000000
MIAMI,2021,244,24.000000
MIAMI,2021,243,24.000000
MIAMI,2021,242,24.000000
MIAMI,2021,241,
MIAMI,2021,240,
MIAMI,2021,239,24.000000
MIAMI,2021,238,24.000000
MIAMI,2021,237,24.000000
MIAMI,2021,236,24.000000
MIAMI,2021,235,24.000000
MIAMI,2021,234,
MIAMI,2021,233,
MIAMI,2021,232,24.000000
MIAMI,2021,231,24.000000
MIAMI,2021,230,24.000000
MIAMI,2021,229,24.000000
MIAMI,2021,228,24.000000
MIAMI,2021,227,
MIAMI,2021,226,
MIAMI,2021,225,24.000000
MIAMI,2021,224,24.000000
MIAMI,2021,223,24.000000
MIAMI,2021,222,24.000000
MIAMI,2021,221,24.000000
MIAMI,2021,220,
MIAMI,2021,219,
MIAMI,2021,218,24.000000
MIAMI,2021,217,24.000000
MIAMI,2021,216,24.000000
MIAMI,2021,215,24.000000
MIAMI,2021,214,24.000000
MIAMI,2021,213,
MIAMI,2021,212,
MIAMI,2021,211,24.000000
MIAMI,2021,210,24.000000
MIAMI,2021,209,24.000000
MIAMI,2021,208,24.000000
MIAMI,2021,207,24.000000
MIAMI,2021,206,
MIAMI,2021,205,
MIAMI,2021,204,24.000000
MIAMI,2021,203,24.000000
MIAMI,2021,202,24.000000
MIAMI,2021,201,24.000000
MIAMI,2021,200,24.000000
MIAMI,2021,199,
MIAMI,2021,198,
MIAMI,2021,197,24.000000
MIAMI,2021,196,24.000000
MIAMI,2021,195,23.750000
MIAMI,2021,194,23.750000
MIAMI,2021,193,23.750000
MIAMI,2021,192,
MIAMI,2021,191,
MIAMI,2021,190,23.750000
MIAMI,2021,189,23.750000
MIAMI,2021,188,23.750000
MIAMI,2021,187,23.750000
MIAMI,2021,186,
MIAMI,2021,185,
MIAMI,2021,184,
MIAMI,2021,183,23.750000
MIAMI,2021,182,23.750000
MIAMI,2021,181,23.750000
MIAMI,2021,180,23.750000
MIAMI,2021,179,23.750000
MIAMI,2021,178,
MIAMI,2021,177,
MIAMI,2021,176,23.750000
MIAMI,2021,175,23.750000
MIAMI,2021,174,23.750000
MIAMI,2021,173,23.750000
MIAMI,2021,172,23.750000
MIAMI,2021,171,
MIAMI,2021,170,
MIAMI,2021,169,23.750000
MIAMI,2021,168,23.750000
MIAMI,2021,167,23.750000
MIAMI,2021,166,23.750000
MIAMI,2021,165,23.750000
MIAMI,2021,164,
MIAMI,2021,163,
MIAMI,2021,162,23.750000
MIAMI,2021,161,23.750000
MIAMI,2021,160,23.750000
MIAMI,2021,159,23.750000
MIAMI,2021,158,23.750000
MIAMI,2021,157,
MIAMI,2021,156,
MIAMI,2021,155,23.750000
MIAMI,2021,154,23.750000
MIAMI,2021,153,23.750000
MIAMI,2021,152,23.750000
MIAMI,2021,151,
MIAMI,2021,150,
MIAMI,2021,149,
MIAMI,2021,148,23.750000
MIAMI,2021,147,23.750000
MIAMI,2021,146,23.750000
MIAMI,2021,145,23.750000
MIAMI,2021,144,23.750000
MIAMI,2021,143,
MIAMI,2021,142,
MIAMI,2021,141,23.750000
MIAMI,2021,140,23.750000
MIAMI,2021,139,23.750000
MIAMI,2021,138,23.750000
MIAMI,2021,137,23.750000
MIAMI,2021,136,
MIAMI,2021,135,
MIAMI,2021,134,23.750000
MIAMI,2021,133,23.750000
MIAMI,2021,132,23.750000
MIAMI,2021,131,23.750000
MIAMI,2021,130,23.750000
MIAMI,2021,129,
MIAMI,2021,128,
MIAMI,2021,127,23.750000
MIAMI,2021,126,23.750000
MIAMI,2021,125,23.750000
MIAMI,2021,124,22.250000
MIAMI,2021,123,22.250000
MIAMI,2021,122,
MIAMI,2021,121,
MIAMI,2021,120,22.250000
MIAMI,2021,119,22.250000
MIAMI,2021,118,22.250000
MIAMI,2021,117,22.250000
MIAMI,2021,116,22.250000
MIAMI,2021,115,
MIAMI,2021,114,
MIAMI,2021,113,22.250000
MIAMI,2021,112,22.250000
MIAMI,2021,111,22.250000
MIAMI,2021,110,22.250000
MIAMI,2021,109,22.250000
MIAMI,2021,108,
MIAMI,2021,107,
MIAMI,2021,106,22.250000
MIAMI,2021,105,22.250000
MIAMI,2021,104,22.250000
MIAMI,2021,103,22.250000
MIAMI,2021,102,22.250000
MIAMI,2021,101,
MIAMI,2021,100,
MIAMI,2021,99,22.250000
MIAMI,2021,98,22.250000
MIAMI,2021,97,22.250000
MIAMI,2021,96,22.250000
MIAMI,2021,95,22.250000
MIAMI,2021,94,
MIAMI,2021,93,
MIAMI,2021,92,22.250000
MIAMI,2021,91,22.250000
MIAMI,2021,90,22.250000
MIAMI,2021,89,22.250000
MIAMI,2021,88,22.250000
MIAMI,2021,87,
MIAMI,2021,86,
MIAMI,2021,85,22.250000
MIAMI,2021,84,22.250000
MIAMI,2021,83,22.250000
MIAMI,2021,82,22.250000
MIAMI,2021,81,22.250000
MIAMI,2021,80,
MIAMI,2021,79,
MIAMI,2021,78,22.250000
MIAMI,2021,77,22.250000
MIAMI,2021,76,22.250000
MIAMI,2021,75,22.250000
MIAMI,2021,74,22.250000
MIAMI,2021,73,
MIAMI,2021,72,
MIAMI,2021,71,22.250000
MIAMI,2021,70,22.250000
MIAMI,2021,69,22.250000
MIAMI,2021,68,22.250000
MIAMI,2021,67,22.250000
MIAMI,2021,66,
MIAMI,2021,65,
MIAMI,2021,64,22.250000
MIAMI,2021,63,22.250000
MIAMI,2021,62,22.250000
MIAMI,2021,61,22.250000
MIAMI,2021,60,22.250000
MIAMI,2021,59,
MIAMI,2021,58,
MIAMI,2021,57,22.250000
MIAMI,2021,56,22.250000
MIAMI,2021,55,22.250000
MIAMI,2021,54,22.250000
MIAMI,2021,53,22.250000
MIAMI,2021,52,
MIAMI,2021,51,
MIAMI,2021,50,22.250000
MIAMI,2021,49,22.250000
MIAMI,2021,48,22.250000
MIAMI,2021,47,22.250000
MIAMI,2021,46,
MIAMI,2021,45,
MIAMI,2021,44,
MIAMI,2021,43,22.250000
MIAMI,2021,42,22.250000
MIAMI,2021,41,22.250000
MIAMI,2021,40,22.250000
MIAMI,2021,39,22.250000
MIAMI,2021,38,
MIAMI,2021,37,
MIAMI,2021,36,22.250000
MIAMI,2021,35,22.250000
MIAMI,2021,34,22.250000
MIAMI,2021,33,22.250000
MIAMI,2021,32,22.250000
MIAMI,2021,31,
MIAMI,2021,30,
MIAMI,2021,29,21.000000
MIAMI,2021,28,21.000000
MIAMI,2021,27,21.000000
MIAMI,2021,26,21.000000
MIAMI,2021,25,21.000000
MIAMI,2021,24,
MIAMI,2021,23,
MIAMI,2021,22,21.000000
MIAMI,2021,21,21.000000
MIAMI,2021,20,21.000000
MIAMI,2021,19,21.000000
MIAMI,2021,18,
MIAMI,2021,17,
MIAMI,2021,16,
MIAMI,2021,15,21.000000
MIAMI,2021,14,21.000000
MIAMI,2021,13,21.000000
MIAMI,2021,12,21.000000
MIAMI,2021,11,21.000000
MIAMI,2021,10,
MIAMI,2021,9,
MIAMI,2021,8,21.000000
MIAMI,2021,7,21.000000
MIAMI,2021,6,21.000000
MIAMI,2021,5,21.000000
MIAMI,2021,4,21.000000
MIAMI,2021,3,
MIAMI,2021,2,
NEW YORK,2021,366,
NEW YORK,2021,365,
NEW YORK,2021,364,36.000000
NEW YORK,2021,363,36.000000
NEW YORK,2021,362,36.000000
NEW YORK,2021,361,34.666666
NEW YORK,2021,360,
NEW YORK,2021,359,
NEW YORK,2021,358,
NEW YORK,2021,357,37.250000
NEW YORK,2021,356,37.250000
NEW YORK,2021,355,37.250000
NEW YORK,2021,354,34.666666
NEW YORK,2021,353,
NEW YORK,2021,352,
NEW YORK,2021,351,32.666666
NEW YORK,2021,350,32.666666
NEW YORK,2021,349,32.666666
NEW YORK,2021,348,32.666666
NEW YORK,2021,347,25.500000
NEW YORK,2021,346,
NEW YORK,2021,345,
NEW YORK,2021,344,25.500000
NEW YORK,2021,343,25.500000
NEW YORK,2021,342,25.500000
NEW YORK,2021,341,25.000000
NEW YORK,2021,340,24.500000
NEW YORK,2021,339,
NEW YORK,2021,338,
NEW YORK,2021,337,26.400000
NEW YORK,2021,336,26.400000
NEW YORK,2021,335,26.400000
NEW YORK,2021,334,26.400000
NEW YORK,2021,333,26.333333
NEW YORK,2021,332,
NEW YORK,2021,331,
NEW YORK,2021,330,
NEW YORK,2021,329,
NEW YORK,2021,328,25.333333
NEW YORK,2021,327,25.333333
NEW YORK,2021,326,25.333333
NEW YORK,2021,325,
NEW YORK,2021,324,
NEW YORK,2021,323,25.333333
NEW YORK,2021,322,25.333333
NEW YORK,2021,321,26.000000
NEW YORK,2021,320,26.000000
NEW YORK,2021,319,26.000000
NEW YORK,2021,318,
NEW YORK,2021,317,
NEW YORK,2021,316,26.333333
NEW YORK,2021,315,
NEW YORK,2021,314,26.333333
NEW YORK,2021,313,26.333333
NEW YORK,2021,312,26.333333
NEW YORK,2021,311,
NEW YORK,2021,310,
NEW YORK,2021,309,22.250000
NEW YORK,2021,308,22.250000
NEW YORK,2021,307,23.200000
NEW YORK,2021,306,23.200000
NEW YORK,2021,305,23.200000
NEW YORK,2021,304,
NEW YORK,2021,303,
NEW YORK,2021,302,22.000000
NEW YORK,2021,301,22.000000
NEW YORK,2021,300,23.250000
NEW YORK,2021,299,23.500000
NEW YORK,2021,298,23.500000
NEW YORK,2021,297,
NEW YORK,2021,296,
NEW YORK,2021,295,22.666666
NEW YORK,2021,294,22.666666
NEW YORK,2021,293,22.666666
NEW YORK,2021,292,20.000000
NEW YORK,2021,291,18.000000
NEW YORK,2021,290,
NEW YORK,2021,289,
NEW YORK,2021,288,18.000000
NEW YORK,2021,287,18.000000
NEW YORK,2021,286,18.000000
NEW YORK,2021,285,23.000000
NEW YORK,2021,284,
NEW YORK,2021,283,
NEW YORK,2021,282,
NEW YORK,2021,281,23.000000
NEW YORK,2021,280,23.000000
NEW YORK,2021,279,23.000000
NEW YORK,2021,278,23.000000
NEW YORK,2021,277,23.000000
NEW YORK,2021,276,
NEW YORK,2021,275,
NEW YORK,2021,274,23.000000
NEW YORK,2021,273,23.000000
NEW YORK,2021,272,23.000000
NEW YORK,2021,271,23.000000
NEW YORK,2021,270,23.000000
NEW YORK,2021,269,
NEW YORK,2021,268,
NEW YORK,2021,267,22.500000
NEW YORK,2021,266,22.500000
NEW YORK,2021,265,22.500000
NEW YORK,2021,264,22.500000
NEW YORK,2021,263,22.500000
NEW YORK,2021,262,
NEW YORK,2021,261,
NEW YORK,2021,260,22.000000
NEW YORK,2021,259,22.000000
NEW YORK,2021,258,22.000000
NEW YORK,2021,257,22.000000
NEW YORK,2021,256,22.500000
NEW YORK,2021,255,
NEW YORK,2021,254,
NEW YORK,2021,253,22.000000
NEW YORK,2021,252,22.000000
NEW YORK,2021,251,22.000000
NEW YORK,2021,250,21.000000
NEW YORK,2021,249,
NEW YORK,2021,248,
NEW YORK,2021,247,
NEW YORK,2021,246,19.500000
NEW YORK,2021,245,19.500000
NEW YORK,2021,244,19.500000
NEW YORK,2021,243,20.666666
NEW YORK,2021,242,19.000000
NEW YORK,2021,241,
NEW YORK,2021,240,
NEW YORK,2021,239,20.625000
NEW YORK,2021,238,20.625000
NEW YORK,2021,237,20.750000
NEW YORK,2021,236,20.750000
NEW YORK,2021,235,20.750000
NEW YORK,2021,234,
NEW YORK,2021,233,
NEW YORK,2021,232,20.750000
NEW YORK,2021,231,20.750000
NEW YORK,2021,230,20.750000
NEW YORK,2021,229,20.750000
NEW YORK,2021,228,22.000000
NEW YORK,2021,227,
NEW YORK,2021,226,
NEW YORK,2021,225,21.250000
NEW YORK,2021,224,21.250000
NEW YORK,2021,223,21.250000
NEW YORK,2021,222,21.250000
NEW YORK,2021,221,21.250000
NEW YORK,2021,220,
NEW YORK,2021,219,
NEW YORK,2021,218,21.666666
NEW YORK,2021,217,21.666666
NEW YORK,2021,216,21.666666
NEW YORK,2021,215,24.500000
NEW YORK,2021,214,22.500000
NEW YORK,2021,213,
NEW YORK,2021,212,
NEW YORK,2021,211,21.750000
NEW YORK,2021,210,21.750000
NEW YORK,2021,209,21.750000
NEW YORK,2021,208,21.750000
NEW YORK,2021,207,21.750000
NEW YORK,2021,206,
NEW YORK,2021,205,
NEW YORK,2021,204,21.750000
NEW YORK,2021,203,21.750000
NEW YORK,2021,202,21.500000
NEW YORK,2021,201,21.500000
NEW YORK,2021,200,21.500000
NEW YORK,2021,199,
NEW YORK,2021,198,
NEW YORK,2021,197,19.333333
NEW YORK,2021,196,19.333333
NEW YORK,2021,195,19.333333
NEW YORK,2021,194,19.333333
NEW YORK,2021,193,16.500000
NEW YORK,2021,192,
NEW YORK,2021,191,
NEW YORK,2021,190,16.500000
NEW YORK,2021,189,19.666666
NEW YORK,2021,188,19.666666
NEW YORK,2021,187,19.000000
NEW YORK,2021,186,
NEW YORK,2021,185,
NEW YORK,2021,184,
NEW YORK,2021,183,16.500000
NEW YORK,2021,182,16.500000
NEW YORK,2021,181,16.500000
NEW YORK,2021,180,16.500000
NEW YORK,2021,179,17.500000
NEW YORK,2021,178,
NEW YORK,2021,177,
NEW YORK,2021,176,17.333333
NEW YORK,2021,175,17.333333
NEW YORK,2021,174,17.333333
NEW YORK,2021,173,17.333333
NEW YORK,2021,172,18.333333
NEW YORK,2021,171,
NEW YORK,2021,170,
NEW YORK,2021,169,19.750000
NEW YORK,2021,168,19.750000
NEW YORK,2021,167,19.750000
NEW YORK,2021,166,19.750000
NEW YORK,2021,165,18.333333
NEW YORK,2021,164,
NEW YORK,2021,163,
NEW YORK,2021,162,19.666666
NEW YORK,2021,161,19.666666
NEW YORK,2021,160,19.666666
NEW YORK,2021,159,19.666666
NEW YORK,2021,158,18.500000
NEW YORK,2021,157,
NEW YORK,2021,156,
NEW YORK,2021,155,19.500000
NEW YORK,2021,154,19.500000
NEW YORK,2021,153,19.500000
NEW YORK,2021,152,19.500000
NEW YORK,2021,151,
NEW YORK,2021,150,
NEW YORK,2021,149,
NEW YORK,2021,148,23.000000
NEW YORK,2021,147,23.000000
NEW YORK,2021,146,23.000000
NEW YORK,2021,145,23.000000
NEW YORK,2021,144,19.500000
NEW YORK,2021,143,
NEW YORK,2021,142,
NEW YORK,2021,141,19.500000
NEW YORK,2021,140,19.500000
NEW YORK,2021,139,19.500000
NEW YORK,2021,138,19.500000
NEW YORK,2021,137,19.500000
NEW YORK,2021,136,
NEW YORK,2021,135,
NEW YORK,2021,134,19.500000
NEW YORK,2021,133,19.500000
NEW YORK,2021,132,19.500000
NEW YORK,2021,131,19.500000
NEW YORK,2021,130,19.500000
NEW YORK,2021,129,
NEW YORK,2021,128,
NEW YORK,2021,127,19.500000
NEW YORK,2021,126,19.500000
NEW YORK,2021,125,19.500000
NEW YORK,2021,124,19.500000
NEW YORK,2021,123,20.000000
NEW YORK,2021,122,
NEW YORK,2021,121,
NEW YORK,2021,120,20.000000
NEW YORK,2021,119,20.000000
NEW YORK,2021,118,20.000000
NEW YORK,2021,117,26.500000
NEW YORK,2021,116,26.500000
NEW YORK,2021,115,
NEW YORK,2021,114,
NEW YORK,2021,113,26.500000
NEW YORK,2021,112,26.500000
NEW YORK,2021,111,26.500000
NEW YORK,2021,110,26.500000
NEW YORK,2021,109,16.000000
NEW YORK,2021,108,
NEW YORK,2021,107,
NEW YORK,2021,106,16.000000
NEW YORK,2021,105,16.000000
NEW YORK,2021,104,16.000000
NEW YORK,2021,103,16.000000
NEW YORK,2021,102,16.000000
NEW YORK,2021,101,
NEW YORK,2021,100,
NEW YORK,2021,99,16.000000
NEW YORK,2021,98,16.000000
NEW YORK,2021,97,16.000000
NEW YORK,2021,96,16.000000
NEW YORK,2021,95,
NEW YORK,2021,94,
NEW YORK,2021,93,
NEW YORK,2021,92,16.000000
NEW YORK,2021,91,16.000000
NEW YORK,2021,90,16.000000
NEW YORK,2021,89,16.000000
NEW YORK,2021,88,17.000000
NEW YORK,2021,87,
NEW YORK,2021,86,
NEW YORK,2021,85,17.000000
NEW YORK,2021,84,17.000000
NEW YORK,2021,83,16.000000
NEW YORK,2021,82,16.000000
NEW YORK,2021,81,16.000000
NEW YORK,2021,80,
NEW YORK,2021,79,
NEW YORK,2021,78,16.000000
NEW YORK,2021,77,16.000000
NEW YORK,2021,76,16.000000
NEW YORK,2021,75,16.000000
NEW YORK,2021,74,17.000000
NEW YORK,2021,73,
NEW YORK,2021,72,
NEW YORK,2021,71,17.000000
NEW YORK,2021,70,17.000000
NEW YORK,2021,69,20.250000
NEW YORK,2021,68,20.250000
NEW YORK,2021,67,20.375000
NEW YORK,2021,66,
NEW YORK,2021,65,
NEW YORK,2021,64,20.375000
NEW YORK,2021,63,20.375000
NEW YORK,2021,62,20.375000
NEW YORK,2021,61,20.375000
NEW YORK,2021,60,21.500000
NEW YORK,2021,59,
NEW YORK,2021,58,
NEW YORK,2021,57,20.625000
NEW YORK,2021,56,20.625000
NEW YORK,2021,55,20.625000
NEW YORK,2021,54,20.625000
NEW YORK,2021,53,20.625000
NEW YORK,2021,52,
NEW YORK,2021,51,
NEW YORK,2021,50,20.625000
NEW YORK,2021,49,20.625000
NEW YORK,2021,48,20.625000
NEW YORK,2021,47,20.625000
NEW YORK,2021,46,
NEW YORK,2021,45,
NEW YORK,2021,44,
NEW YORK,2021,43,18.333333
NEW YORK,2021,42,18.333333
NEW YORK,2021,41,18.333333
NEW YORK,2021,40,18.333333
NEW YORK,2021,39,19.500000
NEW YORK,2021,38,
NEW YORK,2021,37,
NEW YORK,2021,36,20.000000
NEW YORK,2021,35,20.000000
NEW YORK,2021,34,20.000000
NEW YORK,2021,33,22.333333
NEW YORK,2021,32,22.333333
NEW YORK,2021,31,
NEW YORK,2021,30,
NEW YORK,2021,29,22.333333
NEW YORK,2021,28,22.333333
NEW YORK,2021,27,22.333333
NEW YORK,2021,26,22.333333
NEW YORK,2021,25,22.333333
NEW YORK,2021,24,
NEW YORK,2021,23,
NEW YORK,2021,22,20.750000
NEW YORK,2021,21,20.750000
NEW YORK,2021,20,20.750000
NEW YORK,2021,19,20.750000
NEW YORK,2021,18,
NEW YORK,2021,17,
NEW YORK,2021,16,
NEW YORK,2021,15,20.750000
NEW YORK,2021,14,22.500000
NEW YORK,2021,13,22.500000
NEW YORK,2021,12,22.500000
NEW YORK,2021,11,22.500000
NEW YORK,2021,10,
NEW YORK,2021,9,
NEW YORK,2021,8,21.000000
NEW YORK,2021,7,21.000000
NEW YORK,2021,6,21.000000
NEW YORK,2021,5,21.000000
NEW YORK,2021,4,21.000000
NEW YORK,2021,3,
NEW YORK,2021,2,
PHILADELPHIA,2021,366,
PHILADELPHIA,2021,365,
PHILADELPHIA,2021,364,30.250000
PHILADELPHIA,2021,363,30.250000
PHILADELPHIA,2021,362,30.250000
PHILADELPHIA,2021,361,30.250000
PHILADELPHIA,2021,360,
PHILADELPHIA,2021,359,
PHILADELPHIA,2021,358,
PHILADELPHIA,2021,357,34.333333
PHILADELPHIA,2021,356,34.333333
PHILADELPHIA,2021,355,34.333333
PHILADELPHIA,2021,354,31.750000
PHILADELPHIA,2021,353,
PHILADELPHIA,2021,352,
PHILADELPHIA,2021,351,33.333333
PHILADELPHIA,2021,350,33.333333
PHILADELPHIA,2021,349,31.000000
PHILADELPHIA,2021,348,31.000000
PHILADELPHIA,2021,347,31.500000
PHILADELPHIA,2021,346,
PHILADELPHIA,2021,345,
PHILADELPHIA,2021,344,28.833333
PHILADELPHIA,2021,343,28.833333
PHILADELPHIA,2021,342,28.833333
PHILADELPHIA,2021,341,28.833333
PHILADELPHIA,2021,340,28.833333
PHILADELPHIA,2021,339,
PHILADELPHIA,2021,338,
PHILADELPHIA,2021,337,28.000000
PHILADELPHIA,2021,336,28.000000
PHILADELPHIA,2021,335,27.000000
PHILADELPHIA,2021,334,26.250000
PHILADELPHIA,2021,333,25.750000
PHILADELPHIA,2021,332,
PHILADELPHIA,2021,331,
PHILADELPHIA,2021,330,
PHILADELPHIA,2021,329,
PHILADELPHIA,2021,328,25.166666
PHILADELPHIA,2021,327,25.166666
PHILADELPHIA,2021,326,25.166666
PHILADELPHIA,2021,325,
PHILADELPHIA,2021,324,
PHILADELPHIA,2021,323,22.500000
PHILADELPHIA,2021,322,22.500000
PHILADELPHIA,2021,321,22.500000
PHILADELPHIA,2021,320,22.500000
PHILADELPHIA,2021,319,22.750000
PHILADELPHIA,2021,318,
PHILADELPHIA,2021,317,
PHILADELPHIA,2021,316,23.500000
PHILADELPHIA,2021,315,
PHILADELPHIA,2021,314,23.500000
PHILADELPHIA,2021,313,23.500000
PHILADELPHIA,2021,312,23.500000
PHILADELPHIA,2021,311,
PHILADELPHIA,2021,310,
PHILADELPHIA,2021,309,24.375000
PHILADELPHIA,2021,308,24.375000
PHILADELPHIA,2021,307,24.375000
PHILADELPHIA,2021,306,24.375000
PHILADELPHIA,2021,305,23.833333
PHILADELPHIA,2021,304,
PHILADELPHIA,2021,303,
PHILADELPHIA,2021,302,24.125000
PHILADELPHIA,2021,301,24.125000
PHILADELPHIA,2021,300,24.125000
PHILADELPHIA,2021,299,24.125000
PHILADELPHIA,2021,298,23.875000
PHILADELPHIA,2021,297,
PHILADELPHIA,2021,296,
PHILADELPHIA,2021,295,28.166666
PHILADELPHIA,2021,294,
PHILADELPHIA,2021,293,29.000000
PHILADELPHIA,2021,292,
PHILADELPHIA,2021,291,26.166666
PHILADELPHIA,2021,290,
PHILADELPHIA,2021,289,
PHILADELPHIA,2021,288,25.500000
PHILADELPHIA,2021,287,
PHILADELPHIA,2021,286,25.500000
PHILADELPHIA,2021,285,
PHILADELPHIA,2021,284,
PHILADELPHIA,2021,283,
PHILADELPHIA,2021,282,
PHILADELPHIA,2021,281,25.833333
PHILADELPHIA,2021,280,
PHILADELPHIA,2021,279,25.833333
PHILADELPHIA,2021,278,
PHILADELPHIA,2021,277,25.375000
PHILADELPHIA,2021,276,
PHILADELPHIA,2021,275,
PHILADELPHIA,2021,274,23.833333
PHILADELPHIA,2021,273,
PHILADELPHIA,2021,272,23.833333
PHILADELPHIA,2021,271,
PHILADELPHIA,2021,270,23.833333
PHILADELPHIA,2021,269,
PHILADELPHIA,2021,268,
PHILADELPHIA,2021,267,23.833333
PHILADELPHIA,2021,266,23.833333
PHILADELPHIA,2021,265,23.833333
PHILADELPHIA,2021,264,24.166666
PHILADELPHIA,2021,263,23.000000
PHILADELPHIA,2021,262,
PHILADELPHIA,2021,261,
PHILADELPHIA,2021,260,23.000000
PHILADELPHIA,2021,259,25.000000
PHILADELPHIA,2021,258,25.000000
PHILADELPHIA,2021,257,25.000000
PHILADELPHIA,2021,256,25.000000
PHILADELPHIA,2021,255,
PHILADELPHIA,2021,254,
PHILADELPHIA,2021,253,25.000000
PHILADELPHIA,2021,252,25.500000
PHILADELPHIA,2021,251,25.500000
PHILADELPHIA,2021,250,25.500000
PHILADELPHIA,2021,249,
PHILADELPHIA,2021,248,
PHILADELPHIA,2021,247,
PHILADELPHIA,2021,246,25.000000
PHILADELPHIA,2021,245,25.000000
PHILADELPHIA,2021,244,25.000000
PHILADELPHIA,2021,243,25.000000
PHILADELPHIA,2021,242,25.000000
PHILADELPHIA,2021,241,
PHILADELPHIA,2021,240,
PHILADELPHIA,2021,239,20.000000
PHILADELPHIA,2021,238,20.000000
PHILADELPHIA,2021,237,20.000000
PHILADELPHIA,2021,236,20.000000
PHILADELPHIA,2021,235,20.000000
PHILADELPHIA,2021,234,
PHILADELPHIA,2021,233,
PHILADELPHIA,2021,232,24.000000
PHILADELPHIA,2021,231,24.000000
PHILADELPHIA,2021,230,24.000000
PHILADELPHIA,2021,229,24.000000
PHILADELPHIA,2021,228,24.000000
PHILADELPHIA,2021,227,
PHILADELPHIA,2021,226,
PHILADELPHIA,2021,225,25.000000
PHILADELPHIA,2021,224,25.000000
PHILADELPHIA,2021,223,25.000000
PHILADELPHIA,2021,222,25.000000
PHILADELPHIA,2021,221,25.000000
PHILADELPHIA,2021,220,
PHILADELPHIA,2021,219,
PHILADELPHIA,2021,218,22.666666
PHILADELPHIA,2021,217,22.666666
PHILADELPHIA,2021,216,22.666666
PHILADELPHIA,2021,215,23.500000
PHILADELPHIA,2021,214,24.250000
PHILADELPHIA,2021,213,
PHILADELPHIA,2021,212,
PHILADELPHIA,2021,211,22.500000
PHILADELPHIA,2021,210,22.500000
PHILADELPHIA,2021,209,22.500000
PHILADELPHIA,2021,208,22.500000
PHILADELPHIA,2021,207,22.500000
PHILADELPHIA,2021,206,
PHILADELPHIA,2021,205,
PHILADELPHIA,2021,204,22.500000
PHILADELPHIA,2021,203,22.500000
PHILADELPHIA,2021,202,22.500000
PHILADELPHIA,2021,201,22.500000
PHILADELPHIA,2021,200,19.000000
PHILADELPHIA,2021,199,
PHILADELPHIA,2021,198,
PHILADELPHIA,2021,197,19.000000
PHILADELPHIA,2021,196,19.000000
PHILADELPHIA,2021,195,19.000000
PHILADELPHIA,2021,194,19.000000
PHILADELPHIA,2021,193,16.000000
PHILADELPHIA,2021,192,
PHILADELPHIA,2021,191,
PHILADELPHIA,2021,190,16.000000
PHILADELPHIA,2021,189,16.000000
PHILADELPHIA,2021,188,16.000000
PHILADELPHIA,2021,187,16.000000
PHILADELPHIA,2021,186,
PHILADELPHIA,2021,185,
PHILADELPHIA,2021,184,
PHILADELPHIA,2021,183,18.000000
PHILADELPHIA,2021,182,18.000000
PHILADELPHIA,2021,181,18.000000
PHILADELPHIA,2021,180,18.000000
PHILADELPHIA,2021,179,18.000000
PHILADELPHIA,2021,178,
PHILADELPHIA,2021,177,
PHILADELPHIA,2021,176,18.000000
PHILADELPHIA,2021,175,18.000000
PHILADELPHIA,2021,174,18.000000
PHILADELPHIA,2021,173,20.500000
PHILADELPHIA,2021,172,20.500000
PHILADELPHIA,2021,171,
PHILADELPHIA,2021,170,
PHILADELPHIA,2021,169,22.500000
PHILADELPHIA,2021,168,22.500000
PHILADELPHIA,2021,167,22.500000
PHILADELPHIA,2021,166,22.500000
PHILADELPHIA,2021,165,20.000000
PHILADELPHIA,2021,164,
PHILADELPHIA,2021,163,
PHILADELPHIA,2021,162,21.125000
PHILADELPHIA,2021,161,21.125000
PHILADELPHIA,2021,160,21.500000
PHILADELPHIA,2021,159,21.500000
PHILADELPHIA,2021,158,21.500000
PHILADELPHIA,2021,157,
PHILADELPHIA,2021,156,
PHILADELPHIA,2021,155,23.750000
PHILADELPHIA,2021,154,23.750000
PHILADELPHIA,2021,153,23.750000
PHILADELPHIA,2021,152,24.750000
PHILADELPHIA,2021,151,
PHILADELPHIA,2021,150,
PHILADELPHIA,2021,149,
PHILADELPHIA,2021,148,23.000000
PHILADELPHIA,2021,147,23.000000
PHILADELPHIA,2021,146,23.000000
PHILADELPHIA,2021,145,23.000000
PHILADELPHIA,2021,144,23.166666
PHILADELPHIA,2021,143,
PHILADELPHIA,2021,142,
PHILADELPHIA,2021,141,23.666666
PHILADELPHIA,2021,140,23.666666
PHILADELPHIA,2021,139,23.666666
PHILADELPHIA,2021,138,23.666666
PHILADELPHIA,2021,137,23.833333
PHILADELPHIA,2021,136,
PHILADELPHIA,2021,135,
PHILADELPHIA,2021,134,25.166666
PHILADELPHIA,2021,133,25.166666
PHILADELPHIA,2021,132,24.166666
PHILADELPHIA,2021,131,24.166666
PHILADELPHIA,2021,130,23.000000
PHILADELPHIA,2021,129,
PHILADELPHIA,2021,128,
PHILADELPHIA,2021,127,23.000000
PHILADELPHIA,2021,126,23.000000
PHILADELPHIA,2021,125,23.000000
PHILADELPHIA,2021,124,23.000000
PHILADELPHIA,2021,123,23.000000
PHILADELPHIA,2021,122,
PHILADELPHIA,2021,121,
PHILADELPHIA,2021,120,23.250000
PHILADELPHIA,2021,119,23.250000
PHILADELPHIA,2021,118,23.250000
PHILADELPHIA,2021,117,23.250000
PHILADELPHIA,2021,116,23.250000
PHILADELPHIA,2021,115,
PHILADELPHIA,2021,114,
PHILADELPHIA,2021,113,21.750000
PHILADELPHIA,2021,112,21.750000
PHILADELPHIA,2021,111,21.750000
PHILADELPHIA,2021,110,21.750000
PHILADELPHIA,2021,109,22.250000
PHILADELPHIA,2021,108,
PHILADELPHIA,2021,107,
PHILADELPHIA,2021,106,20.200000
PHILADELPHIA,2021,105,20.200000
PHILADELPHIA,2021,104,20.200000
PHILADELPHIA,2021,103,20.200000
PHILADELPHIA,2021,102,20.200000
PHILADELPHIA,2021,101,
PHILADELPHIA,2021,100,
PHILADELPHIA,2021,99,20.200000
PHILADELPHIA,2021,98,20.200000
PHILADELPHIA,2021,97,20.200000
PHILADELPHIA,2021,96,20.900000
PHILADELPHIA,2021,95,
PHILADELPHIA,2021,94,
PHILADELPHIA,2021,93,
PHILADELPHIA,2021,92,21.125000
PHILADELPHIA,2021,91,21.125000
PHILADELPHIA,2021,90,21.125000
PHILADELPHIA,2021,89,20.875000
PHILADELPHIA,2021,88,20.875000
PHILADELPHIA,2021,87,
PHILADELPHIA,2021,86,
PHILADELPHIA,2021,85,20.666666
PHILADELPHIA,2021,84,20.666666
PHILADELPHIA,2021,83,18.000000
PHILADELPHIA,2021,82,18.000000
PHILADELPHIA,2021,81,18.000000
PHILADELPHIA,2021,80,
PHILADELPHIA,2021,79,
PHILADELPHIA,2021,78,21.166666
PHILADELPHIA,2021,77,21.166666
PHILADELPHIA,2021,76,21.166666
PHILADELPHIA,2021,75,21.166666
PHILADELPHIA,2021,74,21.166666
PHILADELPHIA,2021,73,
PHILADELPHIA,2021,72,
PHILADELPHIA,2021,71,20.333333
PHILADELPHIA,2021,70,20.333333
PHILADELPHIA,2021,69,20.333333
PHILADELPHIA,2021,68,20.333333
PHILADELPHIA,2021,67,20.333333
PHILADELPHIA,2021,66,
PHILADELPHIA,2021,65,
PHILADELPHIA,2021,64,20.666666
PHILADELPHIA,2021,63,21.000000
PHILADELPHIA,2021,62,21.000000
PHILADELPHIA,2021,61,21.000000
PHILADELPHIA,2021,60,21.000000
PHILADELPHIA,2021,59,
PHILADELPHIA,2021,58,
PHILADELPHIA,2021,57,22.375000
PHILADELPHIA,2021,56,22.375000
PHILADELPHIA,2021,55,22.375000
PHILADELPHIA,2021,54,22.375000
PHILADELPHIA,2021,53,21.125000
PHILADELPHIA,2021,52,
PHILADELPHIA,2021,51,
PHILADELPHIA,2021,50,21.125000
PHILADELPHIA,2021,49,21.125000
PHILADELPHIA,2021,48,21.125000
PHILADELPHIA,2021,47,21.125000
PHILADELPHIA,2021,46,
PHILADELPHIA,2021,45,
PHILADELPHIA,2021,44,
PHILADELPHIA,2021,43,20.166666
PHILADELPHIA,2021,42,20.166666
PHILADELPHIA,2021,41,20.166666
PHILADELPHIA,2021,40,20.166666
PHILADELPHIA,2021,39,20.166666
PHILADELPHIA,2021,38,
PHILADELPHIA,2021,37,
PHILADELPHIA,2021,36,19.833333
PHILADELPHIA,2021,35,19.833333
PHILADELPHIA,2021,34,20.333333
PHILADELPHIA,2021,33,20.000000
PHILADELPHIA,2021,32,
PHILADELPHIA,2021,31,
PHILADELPHIA,2021,30,
PHILADELPHIA,2021,29,20.000000
PHILADELPHIA,2021,28,20.000000
PHILADELPHIA,2021,27,20.000000
PHILADELPHIA,2021,26,20.000000
PHILADELPHIA,2021,25,20.000000
PHILADELPHIA,2021,24,
PHILADELPHIA,2021,23,
PHILADELPHIA,2021,22,22.000000
PHILADELPHIA,2021,21,22.000000
PHILADELPHIA,2021,20,22.000000
PHILADELPHIA,2021,19,22.000000
PHILADELPHIA,2021,18,
PHILADELPHIA,2021,17,
PHILADELPHIA,2021,16,
PHILADELPHIA,2021,15,23.000000
PHILADELPHIA,2021,14,23.000000
PHILADELPHIA,2021,13,23.000000
PHILADELPHIA,2021,12,22.666666
PHILADELPHIA,2021,11,22.666666
PHILADELPHIA,2021,10,
PHILADELPHIA,2021,9,
PHILADELPHIA,2021,8,22.166666
PHILADELPHIA,2021,7,22.166666
PHILADELPHIA,2021,6,22.166666
PHILADELPHIA,2021,5,22.166666
PHILADELPHIA,2021,4,22.166666
PHILADELPHIA,2021,3,
PHILADELPHIA,2021,2,
BALTIMORE,2020,366,23.000000
BALTIMORE,2020,365,22.000000
BALTIMORE,2020,364,21.000000
BALTIMORE,2020,363,21.000000
BALTIMORE,2020,362,
BALTIMORE,2020,361,
BALTIMORE,2020,360,
BALTIMORE,2020,359,
BALTIMORE,2020,358,19.000000
BALTIMORE,2020,357,19.000000
BALTIMORE,2020,356,19.000000
BALTIMORE,2020,355,
BALTIMORE,2020,354,
BALTIMORE,2020,353,18.000000
BALTIMORE,2020,352,18.000000
BALTIMORE,2020,351,17.500000
BALTIMORE,2020,350,17.500000
BALTIMORE,2020,349,17.500000
BALTIMORE,2020,348,
BALTIMORE,2020,347,
BALTIMORE,2020,346,17.000000
BALTIMORE,2020,345,18.000000
BALTIMORE,2020,344,20.500000
BALTIMORE,2020,343,20.500000
BALTIMORE,2020,342,20.000000
BALTIMORE,2020,341,
BALTIMORE,2020,340,
BALTIMORE,2020,339,19.000000
BALTIMORE,2020,338,19.000000
BALTIMORE,2020,337,19.000000
BALTIMORE,2020,336,19.500000
BALTIMORE,2020,335,19.500000
BALTIMORE,2020,334,
BALTIMORE,2020,333,
BALTIMORE,2020,332,21.000000
BALTIMORE,2020,331,
BALTIMORE,2020,330,21.000000
BALTIMORE,2020,329,21.000000
BALTIMORE,2020,328,21.000000
BALTIMORE,2020,327,
BALTIMORE,2020,326,
BALTIMORE,2020,325,20.500000
BALTIMORE,2020,324,20.500000
BALTIMORE,2020,323,20.500000
BALTIMORE,2020,322,20.500000
BALTIMORE,2020,321,20.500000
BALTIMORE,2020,320,
BALTIMORE,2020,319,
BALTIMORE,2020,318,22.000000
BALTIMORE,2020,317,22.000000
BALTIMORE,2020,316,
BALTIMORE,2020,315,18.250000
BALTIMORE,2020,314,18.250000
BALTIMORE,2020,313,
BALTIMORE,2020,312,
BALTIMORE,2020,311,18.000000
BALTIMORE,2020,310,18.000000
BALTIMORE,2020,309,17.250000
BALTIMORE,2020,308,17.750000
BALTIMORE,2020,307,17.750000
BALTIMORE,2020,306,
BALTIMORE,2020,305,
BALTIMORE,2020,304,17.750000
BALTIMORE,2020,303,17.750000
BALTIMORE,2020,302,17.000000
BALTIMORE,2020,301,17.000000
BALTIMORE,2020,300,18.000000
BALTIMORE,2020,299,
BALTIMORE,2020,298,
BALTIMORE,2020,297,18.000000
BALTIMORE,2020,296,18.000000
BALTIMORE,2020,295,17.500000
BALTIMORE,2020,294,17.500000
BALTIMORE,2020,293,17.250000
BALTIMORE,2020,292,
BALTIMORE,2020,291,
BALTIMORE,2020,290,16.500000
BALTIMORE,2020,289,16.500000
BALTIMORE,2020,288,16.500000
BALTIMORE,2020,287,16.500000
BALTIMORE,2020,286,
BALTIMORE,2020,285,
BALTIMORE,2020,284,
BALTIMORE,2020,283,16.500000
BALTIMORE,2020,282,16.500000
BALTIMORE,2020,281,16.500000
BALTIMORE,2020,280,16.500000
BALTIMORE,2020,279,16.500000
BALTIMORE,2020,278,
BALTIMORE,2020,277,
BALTIMORE,2020,276,17.500000
BALTIMORE,2020,275,17.500000
BALTIMORE,2020,274,18.000000
BALTIMORE,2020,273,22.000000
BALTIMORE,2020,272,22.500000
BALTIMORE,2020,271,
BALTIMORE,2020,270,
BALTIMORE,2020,269,21.000000
BALTIMORE,2020,268,21.000000
BALTIMORE,2020,267,21.000000
BALTIMORE,2020,266,21.000000
BALTIMORE,2020,265,21.000000
BALTIMORE,2020,264,
BALTIMORE,2020,263,
BALTIMORE,2020,262,21.000000
BALTIMORE,2020,261,21.500000
BALTIMORE,2020,260,21.500000
BALTIMORE,2020,259,20.000000
BALTIMORE,2020,258,20.000000
BALTIMORE,2020,257,
BALTIMORE,2020,256,
BALTIMORE,2020,255,22.000000
BALTIMORE,2020,254,21.750000
BALTIMORE,2020,253,21.750000
BALTIMORE,2020,252,21.500000
BALTIMORE,2020,251,
BALTIMORE,2020,250,
BALTIMORE,2020,249,
BALTIMORE,2020,248,20.250000
BALTIMORE,2020,247,20.250000
BALTIMORE,2020,246,20.000000
BALTIMORE,2020,245,20.000000
BALTIMORE,2020,244,19.750000
BALTIMORE,2020,243,
BALTIMORE,2020,242,
BALTIMORE,2020,241,19.500000
BALTIMORE,2020,240,20.000000
BALTIMORE,2020,239,20.000000
BALTIMORE,2020,238,19.500000
BALTIMORE,2020,237,19.500000
BALTIMORE,2020,236,
BALTIMORE,2020,235,
BALTIMORE,2020,234,20.500000
BALTIMORE,2020,233,20.500000
BALTIMORE,2020,232,21.500000
BALTIMORE,2020,231,22.250000
BALTIMORE,2020,230,19.500000
BALTIMORE,2020,229,
BALTIMORE,2020,228,
BALTIMORE,2020,227,19.000000
BALTIMORE,2020,226,19.000000
BALTIMORE,2020,225,19.000000
BALTIMORE,2020,224,19.000000
BALTIMORE,2020,223,19.000000
BALTIMORE,2020,222,
BALTIMORE,2020,221,
BALTIMORE,2020,220,19.000000
BALTIMORE,2020,219,19.000000
BALTIMORE,2020,218,18.000000
BALTIMORE,2020,217,18.000000
BALTIMORE,2020,216,18.000000
BALTIMORE,2020,215,
BALTIMORE,2020,214,
BALTIMORE,2020,213,18.000000
BALTIMORE,2020,212,19.000000
BALTIMORE,2020,211,18.500000
BALTIMORE,2020,210,18.500000
BALTIMORE,2020,209,18.500000
BALTIMORE,2020,208,
BALTIMORE,2020,207,
BALTIMORE,2020,206,19.000000
BALTIMORE,2020,205,19.000000
BALTIMORE,2020,204,18.000000
BALTIMORE,2020,203,18.000000
BALTIMORE,2020,202,18.000000
BALTIMORE,2020,201,
BALTIMORE,2020,200,
BALTIMORE,2020,199,16.250000
BALTIMORE,2020,198,16.250000
BALTIMORE,2020,197,16.250000
BALTIMORE,2020,196,17.000000
BALTIMORE,2020,195,17.000000
BALTIMORE,2020,194,
BALTIMORE,2020,193,
BALTIMORE,2020,192,17.000000
BALTIMORE,2020,191,17.000000
BALTIMORE,2020,190,17.250000
BALTIMORE,2020,189,17.500000
BALTIMORE,2020,188,17.500000
BALTIMORE,2020,187,
BALTIMORE,2020,186,
BALTIMORE,2020,185,
BALTIMORE,2020,184,20.666666
BALTIMORE,2020,183,20.666666
BALTIMORE,2020,182,19.000000
BALTIMORE,2020,181,19.000000
BALTIMORE,2020,180,
BALTIMORE,2020,179,
BALTIMORE,2020,178,19.000000
BALTIMORE,2020,177,19.000000
BALTIMORE,2020,176,19.000000
BALTIMORE,2020,175,19.500000
BALTIMORE,2020,174,19.500000
BALTIMORE,2020,173,
BALTIMORE,2020,172,
BALTIMORE,2020,171,19.000000
BALTIMORE,2020,170,19.000000
BALTIMORE,2020,169,19.500000
BALTIMORE,2020,168,19.000000
BALTIMORE,2020,167,19.000000
BALTIMORE,2020,166,
BALTIMORE,2020,165,
BALTIMORE,2020,164,19.000000
BALTIMORE,2020,163,19.000000
BALTIMORE,2020,162,19.000000
BALTIMORE,2020,161,19.000000
BALTIMORE,2020,160,19.000000
BALTIMORE,2020,159,
BALTIMORE,2020,158,
BALTIMORE,2020,157,19.000000
BALTIMORE,2020,156,19.000000
BALTIMORE,2020,155,19.000000
BALTIMORE,2020,154,21.000000
BALTIMORE,2020,153,20.500000
BALTIMORE,2020,152,
BALTIMORE,2020,151,
BALTIMORE,2020,150,20.000000
BALTIMORE,2020,149,20.000000
BALTIMORE,2020,148,22.000000
BALTIMORE,2020,147,22.000000
BALTIMORE,2020,146,
BALTIMORE,2020,145,
BALTIMORE,2020,144,
BALTIMORE,2020,143,20.500000
BALTIMORE,2020,142,20.500000
BALTIMORE,2020,141,22.000000
BALTIMORE,2020,140,22.000000
BALTIMORE,2020,139,22.000000
BALTIMORE,2020,138,
BALTIMORE,2020,137,
BALTIMORE,2020,136,26.250000
BALTIMORE,2020,135,23.000000
BALTIMORE,2020,134,23.000000
BALTIMORE,2020,133,22.000000
BALTIMORE,2020,132,19.000000
BALTIMORE,2020,131,
BALTIMORE,2020,130,
BALTIMORE,2020,129,19.500000
BALTIMORE,2020,128,19.500000
BALTIMORE,2020,127,20.500000
BALTIMORE,2020,126,20.500000
BALTIMORE,2020,125,20.750000
BALTIMORE,2020,124,
BALTIMORE,2020,123,
BALTIMORE,2020,122,17.750000
BALTIMORE,2020,121,17.750000
BALTIMORE,2020,120,18.000000
BALTIMORE,2020,119,18.000000
BALTIMORE,2020,118,17.166666
BALTIMORE,2020,117,
BALTIMORE,2020,116,
BALTIMORE,2020,115,17.166666
BALTIMORE,2020,114,17.166666
BALTIMORE,2020,113,18.250000
BALTIMORE,2020,112,20.000000
BALTIMORE,2020,111,20.000000
BALTIMORE,2020,110,
BALTIMORE,2020,109,
BALTIMORE,2020,108,21.000000
BALTIMORE,2020,107,22.000000
BALTIMORE,2020,106,20.000000
BALTIMORE,2020,105,19.500000
BALTIMORE,2020,104,19.500000
BALTIMORE,2020,103,
BALTIMORE,2020,102,
BALTIMORE,2020,101,20.000000
BALTIMORE,2020,100,20.000000
BALTIMORE,2020,99,19.500000
BALTIMORE,2020,98,19.500000
BALTIMORE,2020,97,19.500000
BALTIMORE,2020,96,
BALTIMORE,2020,95,
BALTIMORE,2020,94,28.000000
BALTIMORE,2020,93,28.000000
BALTIMORE,2020,92,28.000000
BALTIMORE,2020,91,28.000000
BALTIMORE,2020,90,28.000000
BALTIMORE,2020,89,
BALTIMORE,2020,88,
BALTIMORE,2020,87,28.000000
BALTIMORE,2020,86,28.000000
BALTIMORE,2020,85,28.500000
BALTIMORE,2020,84,28.000000
BALTIMORE,2020,83,28.000000
BALTIMORE,2020,82,
BALTIMORE,2020,81,
BALTIMORE,2020,80,26.000000
BALTIMORE,2020,79,28.000000
BALTIMORE,2020,78,26.000000
BALTIMORE,2020,77,24.000000
BALTIMORE,2020,76,23.000000
BALTIMORE,2020,75,
BALTIMORE,2020,74,
BALTIMORE,2020,73,22.000000
BALTIMORE,2020,72,20.000000
BALTIMORE,2020,71,20.000000
BALTIMORE,2020,70,20.000000
BALTIMORE,2020,69,20.000000
BALTIMORE,2020,68,
BALTIMORE,2020,67,
BALTIMORE,2020,66,19.000000
BALTIMORE,2020,65,19.000000
BALTIMORE,2020,64,21.500000
BALTIMORE,2020,63,22.000000
BALTIMORE,2020,62,22.000000
BALTIMORE,2020,61,
BALTIMORE,2020,60,
BALTIMORE,2020,59,20.000000
BALTIMORE,2020,58,20.000000
BALTIMORE,2020,57,20.000000
BALTIMORE,2020,56,20.000000
BALTIMORE,2020,55,20.000000
BALTIMORE,2020,54,
BALTIMORE,2020,53,
BALTIMORE,2020,52,20.000000
BALTIMORE,2020,51,20.500000
BALTIMORE,2020,50,21.000000
BALTIMORE,2020,49,21.000000
BALTIMORE,2020,48,
BALTIMORE,2020,47,
BALTIMORE,2020,46,
BALTIMORE,2020,45,19.000000
BALTIMORE,2020,44,19.000000
BALTIMORE,2020,43,18.500000
BALTIMORE,2020,42,18.500000
BALTIMORE,2020,41,18.500000
BALTIMORE,2020,40,
BALTIMORE,2020,39,
BALTIMORE,2020,38,21.000000
BALTIMORE,2020,37,21.000000
BALTIMORE,2020,36,21.500000
BALTIMORE,2020,35,21.500000
BALTIMORE,2020,34,21.500000
BALTIMORE,2020,33,
BALTIMORE,2020,32,
BALTIMORE,2020,31,20.000000
BALTIMORE,2020,30,24.500000
BALTIMORE,2020,29,25.500000
BALTIMORE,2020,28,25.500000
BALTIMORE,2020,27,25.500000
BALTIMORE,2020,26,
BALTIMORE,2020,25,
BALTIMORE,2020,24,23.000000
BALTIMORE,2020,23,25.000000
BALTIMORE,2020,22,25.500000
BALTIMORE,2020,21,25.500000
BALTIMORE,2020,20,
BALTIMORE,2020,19,
BALTIMORE,2020,18,
BALTIMORE,2020,17,23.500000
BALTIMORE,2020,16,23.500000
BALTIMORE,2020,15,24.500000
BALTIMORE,2020,14,24.500000
BALTIMORE,2020,13,24.500000
BALTIMORE,2020,12,
BALTIMORE,2020,11,
BALTIMORE,2020,10,24.500000
BALTIMORE,2020,9,22.250000
BALTIMORE,2020,8,23.000000
BALTIMORE,2020,7,23.000000
BALTIMORE,2020,6,25.000000
BALTIMORE,2020,5,
BALTIMORE,2020,4,
BALTIMORE,2020,3,22.000000
BALTIMORE,2020,2,24.500000
BOSTON,2020,366,23.500000
BOSTON,2020,365,23.500000
BOSTON,2020,364,23.500000
BOSTON,2020,363,23.500000
BOSTON,2020,362,
BOSTON,2020,361,
BOSTON,2020,360,
BOSTON,2020,359,
BOSTON,2020,358,23.500000
BOSTON,2020,357,23.500000
BOSTON,2020,356,23.500000
BOSTON,2020,355,
BOSTON,2020,354,
BOSTON,2020,353,23.500000
BOSTON,2020,352,23.500000
BOSTON,2020,351,23.500000
BOSTON,2020,350,23.500000
BOSTON,2020,349,
BOSTON,2020,348,
BOSTON,2020,347,
BOSTON,2020,346,26.400000
BOSTON,2020,345,26.400000
BOSTON,2020,344,26.400000
BOSTON,2020,343,26.400000
BOSTON,2020,342,26.400000
BOSTON,2020,341,
BOSTON,2020,340,
BOSTON,2020,339,26.400000
BOSTON,2020,338,26.400000
BOSTON,2020,337,26.400000
BOSTON,2020,336,26.400000
BOSTON,2020,335,26.400000
BOSTON,2020,334,
BOSTON,2020,333,
BOSTON,2020,332,26.400000
BOSTON,2020,331,
BOSTON,2020,330,26.400000
BOSTON,2020,329,26.400000
BOSTON,2020,328,23.714285
BOSTON,2020,327,
BOSTON,2020,326,
BOSTON,2020,325,23.714285
BOSTON,2020,324,23.714285
BOSTON,2020,323,23.714285
BOSTON,2020,322,23.714285
BOSTON,2020,321,23.714285
BOSTON,2020,320,
BOSTON,2020,319,
BOSTON,2020,318,23.714285
BOSTON,2020,317,23.714285
BOSTON,2020,316,
BOSTON,2020,315,23.714285
BOSTON,2020,314,23.714285
BOSTON,2020,313,
BOSTON,2020,312,
BOSTON,2020,311,23.714285
BOSTON,2020,310,23.714285
BOSTON,2020,309,23.714285
BOSTON,2020,308,23.714285
BOSTON,2020,307,24.666666
BOSTON,2020,306,
BOSTON,2020,305,
BOSTON,2020,304,24.666666
BOSTON,2020,303,24.666666
BOSTON,2020,302,19.600000
BOSTON,2020,301,19.600000
BOSTON,2020,300,19.600000
BOSTON,2020,299,
BOSTON,2020,298,
BOSTON,2020,297,19.600000
BOSTON,2020,296,19.600000
BOSTON,2020,295,19.600000
BOSTON,2020,294,19.600000
BOSTON,2020,293,19.250000
BOSTON,2020,292,
BOSTON,2020,291,
BOSTON,2020,290,19.250000
BOSTON,2020,289,19.250000
BOSTON,2020,288,19.250000
BOSTON,2020,287,19.250000
BOSTON,2020,286,
BOSTON,2020,285,
BOSTON,2020,284,
BOSTON,2020,283,19.250000
BOSTON,2020,282,19.250000
BOSTON,2020,281,19.250000
BOSTON,2020,280,19.250000
BOSTON,2020,279,19.250000
BOSTON,2020,278,
BOSTON,2020,277,
BOSTON,2020,276,19.250000
BOSTON,2020,275,19.250000
BOSTON,2020,274,19.250000
BOSTON,2020,273,19.250000
BOSTON,2020,272,19.250000
BOSTON,2020,271,
BOSTON,2020,270,
BOSTON,2020,269,19.250000
BOSTON,2020,268,19.250000
BOSTON,2020,267,19.250000
BOSTON,2020,266,19.250000
BOSTON,2020,265,19.250000
BOSTON,2020,264,
BOSTON,2020,263,
BOSTON,2020,262,19.250000
BOSTON,2020,261,19.250000
BOSTON,2020,260,19.250000
BOSTON,2020,259,19.250000
BOSTON,2020,258,19.250000
BOSTON,2020,257,
BOSTON,2020,256,
BOSTON,2020,255,19.250000
BOSTON,2020,254,19.250000
BOSTON,2020,253,19.250000
BOSTON,2020,252,19.250000
BOSTON,2020,251,
BOSTON,2020,250,
BOSTON,2020,249,
BOSTON,2020,248,19.250000
BOSTON,2020,247,19.250000
BOSTON,2020,246,19.250000
BOSTON,2020,245,19.250000
BOSTON,2020,244,19.750000
BOSTON,2020,243,
BOSTON,2020,242,
BOSTON,2020,241,19.750000
BOSTON,2020,240,19.750000
BOSTON,2020,239,19.750000
BOSTON,2020,238,20.333333
BOSTON,2020,237,20.333333
BOSTON,2020,236,
BOSTON,2020,235,
BOSTON,2020,234,20.333333
BOSTON,2020,233,20.333333
BOSTON,2020,232,20.333333
BOSTON,2020,231,20.333333
BOSTON,2020,230,20.333333
BOSTON,2020,229,
BOSTON,2020,228,
BOSTON,2020,227,20.333333
BOSTON,2020,226,20.333333
BOSTON,2020,225,20.333333
BOSTON,2020,224,20.333333
BOSTON,2020,223,20.333333
BOSTON,2020,222,
BOSTON,2020,221,
BOSTON,2020,220,20.333333
BOSTON,2020,219,20.333333
BOSTON,2020,218,20.333333
BOSTON,2020,217,20.333333
BOSTON,2020,216,20.333333
BOSTON,2020,215,
BOSTON,2020,214,
BOSTON,2020,213,20.333333
BOSTON,2020,212,22.250000
BOSTON,2020,211,22.250000
BOSTON,2020,210,22.250000
BOSTON,2020,209,22.250000
BOSTON,2020,208,
BOSTON,2020,207,
BOSTON,2020,206,22.250000
BOSTON,2020,205,22.250000
BOSTON,2020,204,22.250000
BOSTON,2020,203,22.250000
BOSTON,2020,202,22.250000
BOSTON,2020,201,
BOSTON,2020,200,
BOSTON,2020,199,22.250000
BOSTON,2020,198,21.200000
BOSTON,2020,197,21.200000
BOSTON,2020,196,21.200000
BOSTON,2020,195,19.250000
BOSTON,2020,194,
BOSTON,2020,193,
BOSTON,2020,192,19.250000
BOSTON,2020,191,17.666666
BOSTON,2020,190,17.666666
BOSTON,2020,189,17.333333
BOSTON,2020,188,17.333333
BOSTON,2020,187,
BOSTON,2020,186,
BOSTON,2020,185,
BOSTON,2020,184,17.333333
BOSTON,2020,183,17.333333
BOSTON,2020,182,17.333333
BOSTON,2020,181,17.333333
BOSTON,2020,180,
BOSTON,2020,179,
BOSTON,2020,178,17.333333
BOSTON,2020,177,18.500000
BOSTON,2020,176,18.500000
BOSTON,2020,175,19.000000
BOSTON,2020,174,19.000000
BOSTON,2020,173,
BOSTON,2020,172,
BOSTON,2020,171,19.000000
BOSTON,2020,170,19.000000
BOSTON,2020,169,19.000000
BOSTON,2020,168,20.750000
BOSTON,2020,167,20.750000
BOSTON,2020,166,
BOSTON,2020,165,
BOSTON,2020,164,20.750000
BOSTON,2020,163,21.000000
BOSTON,2020,162,21.000000
BOSTON,2020,161,21.000000
BOSTON,2020,160,21.000000
BOSTON,2020,159,
BOSTON,2020,158,
BOSTON,2020,157,21.000000
BOSTON,2020,156,21.000000
BOSTON,2020,155,21.000000
BOSTON,2020,154,21.000000
BOSTON,2020,153,21.000000
BOSTON,2020,152,
BOSTON,2020,151,
BOSTON,2020,150,21.000000
BOSTON,2020,149,21.000000
BOSTON,2020,148,21.000000
BOSTON,2020,147,21.000000
BOSTON,2020,146,
BOSTON,2020,145,
BOSTON,2020,144,
BOSTON,2020,143,21.000000
BOSTON,2020,142,22.000000
BOSTON,2020,141,22.000000
BOSTON,2020,140,22.000000
BOSTON,2020,139,22.000000
BOSTON,2020,138,
BOSTON,2020,137,
BOSTON,2020,136,22.000000
BOSTON,2020,135,22.000000
BOSTON,2020,134,22.000000
BOSTON,2020,133,22.000000
BOSTON,2020,132,22.000000
BOSTON,2020,131,
BOSTON,2020,130,
BOSTON,2020,129,22.000000
BOSTON,2020,128,24.000000
BOSTON,2020,127,24.000000
BOSTON,2020,126,24.000000
BOSTON,2020,125,24.000000
BOSTON,2020,124,
BOSTON,2020,123,
BOSTON,2020,122,24.000000
BOSTON,2020,121,24.000000
BOSTON,2020,120,24.000000
BOSTON,2020,119,24.000000
BOSTON,2020,118,22.666666
BOSTON,2020,117,
BOSTON,2020,116,
BOSTON,2020,115,25.333333
BOSTON,2020,114,25.333333
BOSTON,2020,113,25.333333
BOSTON,2020,112,25.333333
BOSTON,2020,111,25.333333
BOSTON,2020,110,
BOSTON,2020,109,
BOSTON,2020,108,25.333333
BOSTON,2020,107,25.333333
BOSTON,2020,106,25.333333
BOSTON,2020,105,25.333333
BOSTON,2020,104,25.333333
BOSTON,2020,103,
BOSTON,2020,102,
BOSTON,2020,101,24.666666
BOSTON,2020,100,24.666666
BOSTON,2020,99,24.666666
BOSTON,2020,98,24.666666
BOSTON,2020,97,24.666666
BOSTON,2020,96,
BOSTON,2020,95,
BOSTON,2020,94,24.666666
BOSTON,2020,93,24.666666
BOSTON,2020,92,24.666666
BOSTON,2020,91,24.666666
BOSTON,2020,90,24.666666
BOSTON,2020,89,
BOSTON,2020,88,
BOSTON,2020,87,24.666666
BOSTON,2020,86,24.666666
BOSTON,2020,85,24.666666
BOSTON,2020,84,24.666666
BOSTON,2020,83,24.666666
BOSTON,2020,82,
BOSTON,2020,81,
BOSTON,2020,80,24.666666
BOSTON,2020,79,23.666666
BOSTON,2020,78,23.666666
BOSTON,2020,77,23.666666
BOSTON,2020,76,21.500000
BOSTON,2020,75,
BOSTON,2020,74,
BOSTON,2020,73,16.333333
BOSTON,2020,72,16.333333
BOSTON,2020,71,16.333333
BOSTON,2020,70,16.333333
BOSTON,2020,69,16.333333
BOSTON,2020,68,
BOSTON,2020,67,
BOSTON,2020,66,21.666666
BOSTON,2020,65,21.666666
BOSTON,2020,64,19.500000
BOSTON,2020,63,19.500000
BOSTON,2020,62,19.500000
BOSTON,2020,61,
BOSTON,2020,60,
BOSTON,2020,59,19.500000
BOSTON,2020,58,19.500000
BOSTON,2020,57,19.500000
BOSTON,2020,56,19.500000
BOSTON,2020,55,19.500000
BOSTON,2020,54,
BOSTON,2020,53,
BOSTON,2020,52,18.000000
BOSTON,2020,51,18.000000
BOSTON,2020,50,18.000000
BOSTON,2020,49,18.000000
BOSTON,2020,48,
BOSTON,2020,47,
BOSTON,2020,46,
BOSTON,2020,45,22.000000
BOSTON,2020,44,22.000000
BOSTON,2020,43,22.000000
BOSTON,2020,42,22.000000
BOSTON,2020,41,22.000000
BOSTON,2020,40,
BOSTON,2020,39,
BOSTON,2020,38,24.666666
BOSTON,2020,37,24.666666
BOSTON,2020,36,24.666666
BOSTON,2020,35,24.666666
BOSTON,2020,34,24.666666
BOSTON,2020,33,
BOSTON,2020,32,
BOSTON,2020,31,23.000000
BOSTON,2020,30,23.000000
BOSTON,2020,29,23.000000
BOSTON,2020,28,23.500000
BOSTON,2020,27,23.500000
BOSTON,2020,26,
BOSTON,2020,25,
BOSTON,2020,24,24.000000
BOSTON,2020,23,24.000000
BOSTON,2020,22,24.000000
BOSTON,2020,21,24.000000
BOSTON,2020,20,
BOSTON,2020,19,
BOSTON,2020,18,
BOSTON,2020,17,20.666666
BOSTON,2020,16,20.666666
BOSTON,2020,15,20.666666
BOSTON,2020,14,20.666666
BOSTON,2020,13,20.666666
BOSTON,2020,12,
BOSTON,2020,11,
BOSTON,2020,10,20.666666
BOSTON,2020,9,20.500000
BOSTON,2020,8,20.500000
BOSTON,2020,7,20.500000
BOSTON,2020,6,18.666666
BOSTON,2020,5,
BOSTON,2020,4,
BOSTON,2020,3,18.666666
BOSTON,2020,2,18.666666
CHICAGO,2020,366,18.500000
CHICAGO,2020,365,18.500000
CHICAGO,2020,364,18.500000
CHICAGO,2020,363,18.500000
CHICAGO,2020,362,
CHICAGO,2020,361,
CHICAGO,2020,360,
CHICAGO,2020,359,
CHICAGO,2020,358,18.500000
CHICAGO,2020,357,18.500000
CHICAGO,2020,356,18.500000
CHICAGO,2020,355,
CHICAGO,2020,354,
CHICAGO,2020,353,18.500000
CHICAGO,2020,352,18.500000
CHICAGO,2020,351,18.500000
CHICAGO,2020,350,18.500000
CHICAGO,2020,349,17.000000
CHICAGO,2020,348,
CHICAGO,2020,347,
CHICAGO,2020,346,17.000000
CHICAGO,2020,345,17.000000
CHICAGO,2020,344,17.000000
CHICAGO,2020,343,17.000000
CHICAGO,2020,342,17.625000
CHICAGO,2020,341,
CHICAGO,2020,340,
CHICAGO,2020,339,17.625000
CHICAGO,2020,338,17.625000
CHICAGO,2020,337,17.625000
CHICAGO,2020,336,19.250000
CHICAGO,2020,335,19.250000
CHICAGO,2020,334,
CHICAGO,2020,333,
CHICAGO,2020,332,19.250000
CHICAGO,2020,331,
CHICAGO,2020,330,20.000000
CHICAGO,2020,329,20.000000
CHICAGO,2020,328,16.000000
CHICAGO,2020,327,
CHICAGO,2020,326,
CHICAGO,2020,325,16.000000
CHICAGO,2020,324,16.000000
CHICAGO,2020,323,19.000000
CHICAGO,2020,322,19.000000
CHICAGO,2020,321,20.000000
CHICAGO,2020,320,
CHICAGO,2020,319,
CHICAGO,2020,318,20.000000
CHICAGO,2020,317,20.000000
CHICAGO,2020,316,
CHICAGO,2020,315,14.000000
CHICAGO,2020,314,16.000000
CHICAGO,2020,313,
CHICAGO,2020,312,
CHICAGO,2020,311,16.000000
CHICAGO,2020,310,19.500000
CHICAGO,2020,309,19.500000
CHICAGO,2020,308,19.500000
CHICAGO,2020,307,19.500000
CHICAGO,2020,306,
CHICAGO,2020,305,
CHICAGO,2020,304,19.500000
CHICAGO,2020,303,21.000000
CHICAGO,2020,302,21.000000
CHICAGO,2020,301,21.000000
CHICAGO,2020,300,21.000000
CHICAGO,2020,299,
CHICAGO,2020,298,
CHICAGO,2020,297,21.000000
CHICAGO,2020,296,21.000000
CHICAGO,2020,295,18.000000
CHICAGO,2020,294,18.000000
CHICAGO,2020,293,18.000000
CHICAGO,2020,292,
CHICAGO,2020,291,
CHICAGO,2020,290,18.000000
CHICAGO,2020,289,18.500000
CHICAGO,2020,288,18.500000
CHICAGO,2020,287,18.500000
CHICAGO,2020,286,
CHICAGO,2020,285,
CHICAGO,2020,284,
CHICAGO,2020,283,18.500000
CHICAGO,2020,282,18.500000
CHICAGO,2020,281,20.500000
CHICAGO,2020,280,20.100000
CHICAGO,2020,279,20.100000
CHICAGO,2020,278,
CHICAGO,2020,277,
CHICAGO,2020,276,20.100000
CHICAGO,2020,275,19.300000
CHICAGO,2020,274,19.300000
CHICAGO,2020,273,19.300000
CHICAGO,2020,272,19.100000
CHICAGO,2020,271,
CHICAGO,2020,270,
CHICAGO,2020,269,19.100000
CHICAGO,2020,268,21.375000
CHICAGO,2020,267,21.375000
CHICAGO,2020,266,21.375000
CHICAGO,2020,265,20.375000
CHICAGO,2020,264,
CHICAGO,2020,263,
CHICAGO,2020,262,20.375000
CHICAGO,2020,261,20.375000
CHICAGO,2020,260,19.625000
CHICAGO,2020,259,19.500000
CHICAGO,2020,258,19.500000
CHICAGO,2020,257,
CHICAGO,2020,256,
CHICAGO,2020,255,19.500000
CHICAGO,2020,254,19.500000
CHICAGO,2020,253,19.500000
CHICAGO,2020,252,19.500000
CHICAGO,2020,251,
CHICAGO,2020,250,
CHICAGO,2020,249,
CHICAGO,2020,248,19.500000
CHICAGO,2020,247,19.333333
CHICAGO,2020,246,19.333333
CHICAGO,2020,245,19.333333
CHICAGO,2020,244,19.333333
CHICAGO,2020,243,
CHICAGO,2020,242,
CHICAGO,2020,241,19.333333
CHICAGO,2020,240,19.000000
CHICAGO,2020,239,19.000000
CHICAGO,2020,238,19.000000
CHICAGO,2020,237,19.000000
CHICAGO,2020,236,
CHICAGO,2020,235,
CHICAGO,2020,234,19.000000
CHICAGO,2020,233,19.000000
CHICAGO,2020,232,19.000000
CHICAGO,2020,231,19.000000
CHICAGO,2020,230,19.000000
CHICAGO,2020,229,
CHICAGO,2020,228,
CHICAGO,2020,227,18.000000
CHICAGO,2020,226,18.000000
CHICAGO,2020,225,18.000000
CHICAGO,2020,224,18.000000
CHICAGO,2020,223,18.000000
CHICAGO,2020,222,
CHICAGO,2020,221,
CHICAGO,2020,220,18.000000
CHICAGO,2020,219,19.000000
CHICAGO,2020,218,19.000000
CHICAGO,2020,217,19.000000
CHICAGO,2020,216,19.000000
CHICAGO,2020,215,
CHICAGO,2020,214,
CHICAGO,2020,213,19.000000
CHICAGO,2020,212,19.000000
CHICAGO,2020,211,18.000000
CHICAGO,2020,210,18.000000
CHICAGO,2020,209,18.250000
CHICAGO,2020,208,
CHICAGO,2020,207,
CHICAGO,2020,206,18.250000
CHICAGO,2020,205,17.500000
CHICAGO,2020,204,17.500000
CHICAGO,2020,203,17.500000
CHICAGO,2020,202,17.500000
CHICAGO,2020,201,
CHICAGO,2020,200,
CHICAGO,2020,199,17.500000
CHICAGO,2020,198,17.500000
CHICAGO,2020,197,18.000000
CHICAGO,2020,196,18.000000
CHICAGO,2020,195,18.000000
CHICAGO,2020,194,
CHICAGO,2020,193,
CHICAGO,2020,192,20.000000
CHICAGO,2020,191,20.000000
CHICAGO,2020,190,20.000000
CHICAGO,2020,189,20.000000
CHICAGO,2020,188,19.000000
CHICAGO,2020,187,
CHICAGO,2020,186,
CHICAGO,2020,185,
CHICAGO,2020,184,19.000000
CHICAGO,2020,183,19.000000
CHICAGO,2020,182,19.000000
CHICAGO,2020,181,18.000000
CHICAGO,2020,180,
CHICAGO,2020,179,
CHICAGO,2020,178,18.000000
CHICAGO,2020,177,18.333333
CHICAGO,2020,176,18.333333
CHICAGO,2020,175,18.333333
CHICAGO,2020,174,18.333333
CHICAGO,2020,173,
CHICAGO,2020,172,
CHICAGO,2020,171,18.333333
CHICAGO,2020,170,18.333333
CHICAGO,2020,169,18.666666
CHICAGO,2020,168,18.666666
CHICAGO,2020,167,21.500000
CHICAGO,2020,166,
CHICAGO,2020,165,
CHICAGO,2020,164,21.500000
CHICAGO,2020,163,21.500000
CHICAGO,2020,162,21.500000
CHICAGO,2020,161,21.500000
CHICAGO,2020,160,21.500000
CHICAGO,2020,159,
CHICAGO,2020,158,
CHICAGO,2020,157,21.500000
CHICAGO,2020,156,21.500000
CHICAGO,2020,155,21.500000
CHICAGO,2020,154,21.500000
CHICAGO,2020,153,21.500000
CHICAGO,2020,152,
CHICAGO,2020,151,
CHICAGO,2020,150,21.500000
CHICAGO,2020,149,21.500000
CHICAGO,2020,148,20.500000
CHICAGO,2020,147,20.500000
CHICAGO,2020,146,
CHICAGO,2020,145,
CHICAGO,2020,144,
CHICAGO,2020,143,20.500000
CHICAGO,2020,142,20.500000
CHICAGO,2020,141,20.500000
CHICAGO,2020,140,20.500000
CHICAGO,2020,139,20.500000
CHICAGO,2020,138,
CHICAGO,2020,137,
CHICAGO,2020,136,20.500000
CHICAGO,2020,135,20.500000
CHICAGO,2020,134,20.500000
CHICAGO,2020,133,20.500000
CHICAGO,2020,132,20.500000
CHICAGO,2020,131,
CHICAGO,2020,130,
CHICAGO,2020,129,20.500000
CHICAGO,2020,128,20.500000
CHICAGO,2020,127,20.500000
CHICAGO,2020,126,20.500000
CHICAGO,2020,125,20.500000
CHICAGO,2020,124,
CHICAGO,2020,123,
CHICAGO,2020,122,20.500000
CHICAGO,2020,121,20.500000
CHICAGO,2020,120,20.500000
CHICAGO,2020,119,20.500000
CHICAGO,2020,118,20.500000
CHICAGO,2020,117,
CHICAGO,2020,116,
CHICAGO,2020,115,20.500000
CHICAGO,2020,114,20.500000
CHICAGO,2020,113,22.000000
CHICAGO,2020,112,22.000000
CHICAGO,2020,111,22.000000
CHICAGO,2020,110,
CHICAGO,2020,109,
CHICAGO,2020,108,22.000000
CHICAGO,2020,107,22.000000
CHICAGO,2020,106,21.000000
CHICAGO,2020,105,21.000000
CHICAGO,2020,104,21.000000
CHICAGO,2020,103,
CHICAGO,2020,102,
CHICAGO,2020,101,21.000000
CHICAGO,2020,100,21.000000
CHICAGO,2020,99,21.000000
CHICAGO,2020,98,21.000000
CHICAGO,2020,97,21.000000
CHICAGO,2020,96,
CHICAGO,2020,95,
CHICAGO,2020,94,21.000000
CHICAGO,2020,93,21.000000
CHICAGO,2020,92,21.000000
CHICAGO,2020,91,21.000000
CHICAGO,2020,90,21.000000
CHICAGO,2020,89,
CHICAGO,2020,88,
CHICAGO,2020,87,21.000000
CHICAGO,2020,86,21.000000
CHICAGO,2020,85,21.000000
CHICAGO,2020,84,21.000000
CHICAGO,2020,83,21.000000
CHICAGO,2020,82,
CHICAGO,2020,81,
CHICAGO,2020,80,21.000000
CHICAGO,2020,79,21.000000
CHICAGO,2020,78,21.000000
CHICAGO,2020,77,21.000000
CHICAGO,2020,76,21.000000
CHICAGO,2020,75,
CHICAGO,2020,74,
CHICAGO,2020,73,21.000000
CHICAGO,2020,72,21.000000
CHICAGO,2020,71,21.000000
CHICAGO,2020,70,21.000000
CHICAGO,2020,69,21.000000
CHICAGO,2020,68,
CHICAGO,2020,67,
CHICAGO,2020,66,21.000000
CHICAGO,2020,65,21.000000
CHICAGO,2020,64,21.000000
CHICAGO,2020,63,21.000000
CHICAGO,2020,62,21.000000
CHICAGO,2020,61,
CHICAGO,2020,60,
CHICAGO,2020,59,21.000000
CHICAGO,2020,58,21.000000
CHICAGO,2020,57,21.000000
CHICAGO,2020,56,21.000000
CHICAGO,2020,55,21.000000
CHICAGO,2020,54,
CHICAGO,2020,53,
CHICAGO,2020,52,21.000000
CHICAGO,2020,51,19.500000
CHICAGO,2020,50,19.500000
CHICAGO,2020,49,19.500000
CHICAGO,2020,48,
CHICAGO,2020,47,
CHICAGO,2020,46,
CHICAGO,2020,45,19.500000
CHICAGO,2020,44,19.500000
CHICAGO,2020,43,19.500000
CHICAGO,2020,42,19.500000
CHICAGO,2020,41,19.500000
CHICAGO,2020,40,
CHICAGO,2020,39,
CHICAGO,2020,38,19.500000
CHICAGO,2020,37,19.500000
CHICAGO,2020,36,19.500000
CHICAGO,2020,35,19.500000
CHICAGO,2020,34,19.500000
CHICAGO,2020,33,
CHICAGO,2020,32,
CHICAGO,2020,31,19.500000
CHICAGO,2020,30,19.500000
CHICAGO,2020,29,19.500000
CHICAGO,2020,28,19.500000
CHICAGO,2020,27,19.500000
CHICAGO,2020,26,
CHICAGO,2020,25,
CHICAGO,2020,24,19.500000
CHICAGO,2020,23,19.500000
CHICAGO,2020,22,19.500000
CHICAGO,2020,21,19.500000
CHICAGO,2020,20,
CHICAGO,2020,19,
CHICAGO,2020,18,
CHICAGO,2020,17,19.500000
CHICAGO,2020,16,19.500000
CHICAGO,2020,15,19.500000
CHICAGO,2020,14,19.500000
CHICAGO,2020,13,19.500000
CHICAGO,2020,12,
CHICAGO,2020,11,
CHICAGO,2020,10,19.500000
CHICAGO,2020,9,19.500000
CHICAGO,2020,8,19.166666
CHICAGO,2020,7,19.166666
CHICAGO,2020,6,19.166666
CHICAGO,2020,5,
CHICAGO,2020,4,
CHICAGO,2020,3,19.166666
CHICAGO,2020,2,19.166666
COLUMBIA,2020,366,26.250000
COLUMBIA,2020,365,26.250000
COLUMBIA,2020,364,26.250000
COLUMBIA,2020,363,
COLUMBIA,2020,362,
COLUMBIA,2020,361,
COLUMBIA,2020,360,
COLUMBIA,2020,359,
COLUMBIA,2020,358,26.250000
COLUMBIA,2020,357,26.250000
COLUMBIA,2020,356,26.250000
COLUMBIA,2020,355,
COLUMBIA,2020,354,
COLUMBIA,2020,353,26.500000
COLUMBIA,2020,352,26.500000
COLUMBIA,2020,351,26.500000
COLUMBIA,2020,350,26.500000
COLUMBIA,2020,349,26.500000
COLUMBIA,2020,348,
COLUMBIA,2020,347,
COLUMBIA,2020,346,26.250000
COLUMBIA,2020,345,26.250000
COLUMBIA,2020,344,26.250000
COLUMBIA,2020,343,26.250000
COLUMBIA,2020,342,26.250000
COLUMBIA,2020,341,
COLUMBIA,2020,340,
COLUMBIA,2020,339,26.250000
COLUMBIA,2020,338,26.250000
COLUMBIA,2020,337,26.250000
COLUMBIA,2020,336,26.250000
COLUMBIA,2020,335,26.250000
COLUMBIA,2020,334,
COLUMBIA,2020,333,
COLUMBIA,2020,332,
COLUMBIA,2020,331,
COLUMBIA,2020,330,26.500000
COLUMBIA,2020,329,26.500000
COLUMBIA,2020,328,26.500000
COLUMBIA,2020,327,
COLUMBIA,2020,326,
COLUMBIA,2020,325,26.500000
COLUMBIA,2020,324,26.500000
COLUMBIA,2020,323,26.500000
COLUMBIA,2020,322,26.500000
COLUMBIA,2020,321,26.500000
COLUMBIA,2020,320,
COLUMBIA,2020,319,
COLUMBIA,2020,318,24.500000
COLUMBIA,2020,317,24.500000
COLUMBIA,2020,316,
COLUMBIA,2020,315,24.500000
COLUMBIA,2020,314,24.500000
COLUMBIA,2020,313,
COLUMBIA,2020,312,
COLUMBIA,2020,311,23.875000
COLUMBIA,2020,310,23.875000
COLUMBIA,2020,309,23.875000
COLUMBIA,2020,308,23.875000
COLUMBIA,2020,307,23.875000
COLUMBIA,2020,306,
COLUMBIA,2020,305,
COLUMBIA,2020,304,23.916666
COLUMBIA,2020,303,26.250000
COLUMBIA,2020,302,26.250000
COLUMBIA,2020,301,26.250000
COLUMBIA,2020,300,26.250000
COLUMBIA,2020,299,
COLUMBIA,2020,298,
COLUMBIA,2020,297,26.250000
COLUMBIA,2020,296,26.250000
COLUMBIA,2020,295,26.250000
COLUMBIA,2020,294,26.250000
COLUMBIA,2020,293,26.250000
COLUMBIA,2020,292,
COLUMBIA,2020,291,
COLUMBIA,2020,290,25.333333
COLUMBIA,2020,289,25.333333
COLUMBIA,2020,288,25.333333
COLUMBIA,2020,287,25.333333
COLUMBIA,2020,286,25.333333
COLUMBIA,2020,285,
COLUMBIA,2020,284,
COLUMBIA,2020,283,25.333333
COLUMBIA,2020,282,25.333333
COLUMBIA,2020,281,25.333333
COLUMBIA,2020,280,25.333333
COLUMBIA,2020,279,25.333333
COLUMBIA,2020,278,
COLUMBIA,2020,277,
COLUMBIA,2020,276,25.666666
COLUMBIA,2020,275,25.666666
COLUMBIA,2020,274,25.666666
COLUMBIA,2020,273,25.666666
COLUMBIA,2020,272,25.666666
COLUMBIA,2020,271,
COLUMBIA,2020,270,
COLUMBIA,2020,269,26.500000
COLUMBIA,2020,268,26.500000
COLUMBIA,2020,267,26.500000
COLUMBIA,2020,266,26.500000
COLUMBIA,2020,265,27.750000
COLUMBIA,2020,264,
COLUMBIA,2020,263,
COLUMBIA,2020,262,25.500000
COLUMBIA,2020,261,25.500000
COLUMBIA,2020,260,25.500000
COLUMBIA,2020,259,25.500000
COLUMBIA,2020,258,25.500000
COLUMBIA,2020,257,
COLUMBIA,2020,256,
COLUMBIA,2020,255,25.500000
COLUMBIA,2020,254,25.500000
COLUMBIA,2020,253,25.500000
COLUMBIA,2020,252,25.500000
COLUMBIA,2020,251,
COLUMBIA,2020,250,
COLUMBIA,2020,249,
COLUMBIA,2020,248,25.500000
COLUMBIA,2020,247,25.500000
COLUMBIA,2020,246,25.500000
COLUMBIA,2020,245,25.500000
COLUMBIA,2020,244,25.500000
COLUMBIA,2020,243,
COLUMBIA,2020,242,
COLUMBIA,2020,241,22.666666
COLUMBIA,2020,240,22.666666
COLUMBIA,2020,239,22.666666
COLUMBIA,2020,238,22.666666
COLUMBIA,2020,237,26.500000
COLUMBIA,2020,236,
COLUMBIA,2020,235,
COLUMBIA,2020,234,27.125000
COLUMBIA,2020,233,27.125000
COLUMBIA,2020,232,27.125000
COLUMBIA,2020,231,27.125000
COLUMBIA,2020,230,27.125000
COLUMBIA,2020,229,
COLUMBIA,2020,228,
COLUMBIA,2020,227,27.125000
COLUMBIA,2020,226,27.125000
COLUMBIA,2020,225,27.125000
COLUMBIA,2020,224,27.125000
COLUMBIA,2020,223,27.125000
COLUMBIA,2020,222,
COLUMBIA,2020,221,
COLUMBIA,2020,220,26.500000
COLUMBIA,2020,219,26.500000
COLUMBIA,2020,218,26.500000
COLUMBIA,2020,217,23.000000
COLUMBIA,2020,216,23.000000
COLUMBIA,2020,215,
COLUMBIA,2020,214,
COLUMBIA,2020,213,23.000000
COLUMBIA,2020,212,23.000000
COLUMBIA,2020,211,23.000000
COLUMBIA,2020,210,23.000000
COLUMBIA,2020,209,
COLUMBIA,2020,208,
COLUMBIA,2020,207,
COLUMBIA,2020,206,23.000000
COLUMBIA,2020,205,23.000000
COLUMBIA,2020,204,23.000000
COLUMBIA,2020,203,23.000000
COLUMBIA,2020,202,23.000000
COLUMBIA,2020,201,
COLUMBIA,2020,200,
COLUMBIA,2020,199,23.500000
COLUMBIA,2020,198,23.500000
COLUMBIA,2020,197,23.500000
COLUMBIA,2020,196,23.500000
COLUMBIA,2020,195,23.500000
COLUMBIA,2020,194,
COLUMBIA,2020,193,
COLUMBIA,2020,192,23.500000
COLUMBIA,2020,191,23.500000
COLUMBIA,2020,190,23.500000
COLUMBIA,2020,189,23.500000
COLUMBIA,2020,188,23.500000
COLUMBIA,2020,187,
COLUMBIA,2020,186,
COLUMBIA,2020,185,
COLUMBIA,2020,184,23.500000
COLUMBIA,2020,183,23.500000
COLUMBIA,2020,182,23.500000
COLUMBIA,2020,181,23.500000
COLUMBIA,2020,180,
COLUMBIA,2020,179,
COLUMBIA,2020,178,23.000000
COLUMBIA,2020,177,23.000000
COLUMBIA,2020,176,23.000000
COLUMBIA,2020,175,23.000000
COLUMBIA,2020,174,23.000000
COLUMBIA,2020,173,
COLUMBIA,2020,172,
COLUMBIA,2020,171,23.000000
COLUMBIA,2020,170,23.000000
COLUMBIA,2020,169,23.000000
COLUMBIA,2020,168,23.000000
COLUMBIA,2020,167,23.000000
COLUMBIA,2020,166,
COLUMBIA,2020,165,
COLUMBIA,2020,164,23.000000
COLUMBIA,2020,163,23.000000
COLUMBIA,2020,162,23.000000
COLUMBIA,2020,161,23.000000
COLUMBIA,2020,160,24.000000
COLUMBIA,2020,159,
COLUMBIA,2020,158,
COLUMBIA,2020,157,26.250000
COLUMBIA,2020,156,26.250000
COLUMBIA,2020,155,26.250000
COLUMBIA,2020,154,26.250000
COLUMBIA,2020,153,26.250000
COLUMBIA,2020,152,
COLUMBIA,2020,151,
COLUMBIA,2020,150,26.250000
COLUMBIA,2020,149,26.250000
COLUMBIA,2020,148,26.250000
COLUMBIA,2020,147,26.250000
COLUMBIA,2020,146,
COLUMBIA,2020,145,
COLUMBIA,2020,144,
COLUMBIA,2020,143,26.250000
COLUMBIA,2020,142,26.250000
COLUMBIA,2020,141,26.250000
COLUMBIA,2020,140,26.250000
COLUMBIA,2020,139,26.250000
COLUMBIA,2020,138,
COLUMBIA,2020,137,
COLUMBIA,2020,136,26.125000
COLUMBIA,2020,135,26.125000
COLUMBIA,2020,134,26.125000
COLUMBIA,2020,133,26.125000
COLUMBIA,2020,132,
COLUMBIA,2020,131,
COLUMBIA,2020,130,
COLUMBIA,2020,129,26.625000
COLUMBIA,2020,128,26.625000
COLUMBIA,2020,127,26.625000
COLUMBIA,2020,126,26.625000
COLUMBIA,2020,125,27.000000
COLUMBIA,2020,124,
COLUMBIA,2020,123,
COLUMBIA,2020,122,27.000000
COLUMBIA,2020,121,27.000000
COLUMBIA,2020,120,27.000000
COLUMBIA,2020,119,27.000000
COLUMBIA,2020,118,27.000000
COLUMBIA,2020,117,
COLUMBIA,2020,116,
COLUMBIA,2020,115,27.250000
COLUMBIA,2020,114,27.250000
COLUMBIA,2020,113,27.250000
COLUMBIA,2020,112,27.250000
COLUMBIA,2020,111,27.250000
COLUMBIA,2020,110,
COLUMBIA,2020,109,
COLUMBIA,2020,108,27.250000
COLUMBIA,2020,107,27.250000
COLUMBIA,2020,106,27.250000
COLUMBIA,2020,105,27.250000
COLUMBIA,2020,104,27.250000
COLUMBIA,2020,103,
COLUMBIA,2020,102,
COLUMBIA,2020,101,25.166666
COLUMBIA,2020,100,25.166666
COLUMBIA,2020,99,25.166666
COLUMBIA,2020,98,25.166666
COLUMBIA,2020,97,25.166666
COLUMBIA,2020,96,
COLUMBIA,2020,95,
COLUMBIA,2020,94,23.666666
COLUMBIA,2020,93,26.666666
COLUMBIA,2020,92,26.666666
COLUMBIA,2020,91,26.666666
COLUMBIA,2020,90,26.666666
COLUMBIA,2020,89,
COLUMBIA,2020,88,
COLUMBIA,2020,87,26.666666
COLUMBIA,2020,86,26.666666
COLUMBIA,2020,85,26.666666
COLUMBIA,2020,84,26.666666
COLUMBIA,2020,83,26.666666
COLUMBIA,2020,82,
COLUMBIA,2020,81,
COLUMBIA,2020,80,25.333333
COLUMBIA,2020,79,25.333333
COLUMBIA,2020,78,25.333333
COLUMBIA,2020,77,25.333333
COLUMBIA,2020,76,25.333333
COLUMBIA,2020,75,
COLUMBIA,2020,74,
COLUMBIA,2020,73,23.333333
COLUMBIA,2020,72,23.333333
COLUMBIA,2020,71,23.333333
COLUMBIA,2020,70,23.333333
COLUMBIA,2020,69,23.333333
COLUMBIA,2020,68,
COLUMBIA,2020,67,
COLUMBIA,2020,66,23.500000
COLUMBIA,2020,65,23.500000
COLUMBIA,2020,64,23.500000
COLUMBIA,2020,63,23.666666
COLUMBIA,2020,62,23.666666
COLUMBIA,2020,61,
COLUMBIA,2020,60,
COLUMBIA,2020,59,25.166666
COLUMBIA,2020,58,25.166666
COLUMBIA,2020,57,25.166666
COLUMBIA,2020,56,25.166666
COLUMBIA,2020,55,25.166666
COLUMBIA,2020,54,
COLUMBIA,2020,53,
COLUMBIA,2020,52,24.833333
COLUMBIA,2020,51,24.833333
COLUMBIA,2020,50,24.833333
COLUMBIA,2020,49,24.833333
COLUMBIA,2020,48,
COLUMBIA,2020,47,
COLUMBIA,2020,46,
COLUMBIA,2020,45,25.333333
COLUMBIA,2020,44,25.333333
COLUMBIA,2020,43,25.333333
COLUMBIA,2020,42,25.333333
COLUMBIA,2020,41,25.333333
COLUMBIA,2020,40,
COLUMBIA,2020,39,
COLUMBIA,2020,38,25.333333
COLUMBIA,2020,37,25.333333
COLUMBIA,2020,36,25.333333
COLUMBIA,2020,35,25.333333
COLUMBIA,2020,34,25.333333
COLUMBIA,2020,33,
COLUMBIA,2020,32,
COLUMBIA,2020,31,29.000000
COLUMBIA,2020,30,29.000000
COLUMBIA,2020,29,29.000000
COLUMBIA,2020,28,27.000000
COLUMBIA,2020,27,27.000000
COLUMBIA,2020,26,
COLUMBIA,2020,25,
COLUMBIA,2020,24,27.000000
COLUMBIA,2020,23,27.000000
COLUMBIA,2020,22,27.000000
COLUMBIA,2020,21,27.000000
COLUMBIA,2020,20,
COLUMBIA,2020,19,
COLUMBIA,2020,18,
COLUMBIA,2020,17,27.000000
COLUMBIA,2020,16,27.000000
COLUMBIA,2020,15,27.000000
COLUMBIA,2020,14,27.000000
COLUMBIA,2020,13,27.000000
COLUMBIA,2020,12,
COLUMBIA,2020,11,
COLUMBIA,2020,10,27.000000
COLUMBIA,2020,9,27.000000
COLUMBIA,2020,8,27.000000
COLUMBIA,2020,7,27.000000
COLUMBIA,2020,6,27.000000
COLUMBIA,2020,5,
COLUMBIA,2020,4,
COLUMBIA,2020,3,27.000000
COLUMBIA,2020,2,27.000000
MIAMI,2020,366,21.000000
MIAMI,2020,365,21.000000
MIAMI,2020,364,21.000000
MIAMI,2020,363,21.000000
MIAMI,2020,362,
MIAMI,2020,361,
MIAMI,2020,360,
MIAMI,2020,359,
MIAMI,2020,358,21.000000
MIAMI,2020,357,21.000000
MIAMI,2020,356,21.000000
MIAMI,2020,355,
MIAMI,2020,354,
MIAMI,2020,353,21.000000
MIAMI,2020,352,21.000000
MIAMI,2020,351,21.000000
MIAMI,2020,350,21.000000
MIAMI,2020,349,21.000000
MIAMI,2020,348,
MIAMI,2020,347,
MIAMI,2020,346,21.000000
MIAMI,2020,345,21.000000
MIAMI,2020,344,21.000000
MIAMI,2020,343,21.000000
MIAMI,2020,342,21.000000
MIAMI,2020,341,
MIAMI,2020,340,
MIAMI,2020,339,21.000000
MIAMI,2020,338,21.000000
MIAMI,2020,337,21.000000
MIAMI,2020,336,21.000000
MIAMI,2020,335,21.000000
MIAMI,2020,334,
MIAMI,2020,333,
MIAMI,2020,332,21.000000
MIAMI,2020,331,
MIAMI,2020,330,21.000000
MIAMI,2020,329,21.000000
MIAMI,2020,328,21.000000
MIAMI,2020,327,
MIAMI,2020,326,
MIAMI,2020,325,21.000000
MIAMI,2020,324,21.000000
MIAMI,2020,323,21.000000
MIAMI,2020,322,21.000000
MIAMI,2020,321,21.000000
MIAMI,2020,320,
MIAMI,2020,319,
MIAMI,2020,318,21.000000
MIAMI,2020,317,21.000000
MIAMI,2020,316,
MIAMI,2020,315,21.000000
MIAMI,2020,314,21.000000
MIAMI,2020,313,
MIAMI,2020,312,
MIAMI,2020,311,21.000000
MIAMI,2020,310,21.000000
MIAMI,2020,309,21.000000
MIAMI,2020,308,21.000000
MIAMI,2020,307,21.000000
MIAMI,2020,306,
MIAMI,2020,305,
MIAMI,2020,304,21.000000
MIAMI,2020,303,21.000000
MIAMI,2020,302,21.000000
MIAMI,2020,301,21.000000
MIAMI,2020,300,21.000000
MIAMI,2020,299,
MIAMI,2020,298,
MIAMI,2020,297,21.000000
MIAMI,2020,296,21.000000
MIAMI,2020,295,21.000000
MIAMI,2020,294,21.000000
MIAMI,2020,293,21.000000
MIAMI,2020,292,
MIAMI,2020,291,
MIAMI,2020,290,21.000000
MIAMI,2020,289,21.000000
MIAMI,2020,288,21.000000
MIAMI,2020,287,21.000000
MIAMI,2020,286,
MIAMI,2020,285,
MIAMI,2020,284,
MIAMI,2020,283,21.000000
MIAMI,2020,282,21.000000
MIAMI,2020,281,21.000000
MIAMI,2020,280,21.000000
MIAMI,2020,279,21.000000
MIAMI,2020,278,
MIAMI,2020,277,
MIAMI,2020,276,21.000000
MIAMI,2020,275,21.000000
MIAMI,2020,274,21.000000
MIAMI,2020,273,21.000000
MIAMI,2020,272,21.000000
MIAMI,2020,271,
MIAMI,2020,270,
MIAMI,2020,269,21.000000
MIAMI,2020,268,21.000000
MIAMI,2020,267,21.000000
MIAMI,2020,266,21.000000
MIAMI,2020,265,21.000000
MIAMI,2020,264,
MIAMI,2020,263,
MIAMI,2020,262,21.000000
MIAMI,2020,261,21.000000
MIAMI,2020,260,21.000000
MIAMI,2020,259,21.000000
MIAMI,2020,258,21.000000
MIAMI,2020,257,
MIAMI,2020,256,
MIAMI,2020,255,21.000000
MIAMI,2020,254,21.000000
MIAMI,2020,253,21.000000
MIAMI,2020,252,21.000000
MIAMI,2020,251,
MIAMI,2020,250,
MIAMI,2020,249,
MIAMI,2020,248,21.000000
MIAMI,2020,247,22.000000
MIAMI,2020,246,22.000000
MIAMI,2020,245,22.000000
MIAMI,2020,244,22.000000
MIAMI,2020,243,
MIAMI,2020,242,
MIAMI,2020,241,22.000000
MIAMI,2020,240,22.000000
MIAMI,2020,239,22.000000
MIAMI,2020,238,22.000000
MIAMI,2020,237,22.000000
MIAMI,2020,236,
MIAMI,2020,235,
MIAMI,2020,234,22.000000
MIAMI,2020,233,22.000000
MIAMI,2020,232,22.000000
MIAMI,2020,231,22.000000
MIAMI,2020,230,22.000000
MIAMI,2020,229,
MIAMI,2020,228,
MIAMI,2020,227,22.000000
MIAMI,2020,226,22.000000
MIAMI,2020,225,22.000000
MIAMI,2020,224,22.000000
MIAMI,2020,223,22.000000
MIAMI,2020,222,
MIAMI,2020,221,
MIAMI,2020,220,22.000000
MIAMI,2020,219,22.000000
MIAMI,2020,218,22.000000
MIAMI,2020,217,22.000000
MIAMI,2020,216,22.000000
MIAMI,2020,215,
MIAMI,2020,214,
MIAMI,2020,213,22.000000
MIAMI,2020,212,22.000000
MIAMI,2020,211,22.000000
MIAMI,2020,210,22.000000
MIAMI,2020,209,22.000000
MIAMI,2020,208,
MIAMI,2020,207,
MIAMI,2020,206,22.000000
MIAMI,2020,205,22.000000
MIAMI,2020,204,22.000000
MIAMI,2020,203,22.000000
MIAMI,2020,202,22.000000
MIAMI,2020,201,
MIAMI,2020,200,
MIAMI,2020,199,22.000000
MIAMI,2020,198,22.000000
MIAMI,2020,197,22.000000
MIAMI,2020,196,22.000000
MIAMI,2020,195,22.000000
MIAMI,2020,194,
MIAMI,2020,193,
MIAMI,2020,192,22.000000
MIAMI,2020,191,22.000000
MIAMI,2020,190,22.000000
MIAMI,2020,189,22.000000
MIAMI,2020,188,22.000000
MIAMI,2020,187,
MIAMI,2020,186,
MIAMI,2020,185,
MIAMI,2020,184,22.000000
MIAMI,2020,183,22.000000
MIAMI,2020,182,22.000000
MIAMI,2020,181,22.000000
MIAMI,2020,180,
MIAMI,2020,179,
MIAMI,2020,178,22.000000
MIAMI,2020,177,22.000000
MIAMI,2020,176,22.000000
MIAMI,2020,175,22.000000
MIAMI,2020,174,22.000000
MIAMI,2020,173,
MIAMI,2020,172,
MIAMI,2020,171,22.000000
MIAMI,2020,170,22.000000
MIAMI,2020,169,22.000000
MIAMI,2020,168,22.000000
MIAMI,2020,167,22.000000
MIAMI,2020,166,
MIAMI,2020,165,
MIAMI,2020,164,22.000000
MIAMI,2020,163,22.000000
MIAMI,2020,162,22.000000
MIAMI,2020,161,22.000000
MIAMI,2020,160,22.000000
MIAMI,2020,159,
MIAMI,2020,158,
MIAMI,2020,157,22.000000
MIAMI,2020,156,22.000000
MIAMI,2020,155,22.000000
MIAMI,2020,154,22.000000
MIAMI,2020,153,22.000000
MIAMI,2020,152,
MIAMI,2020,151,
MIAMI,2020,150,22.000000
MIAMI,2020,149,22.000000
MIAMI,2020,148,22.000000
MIAMI,2020,147,22.000000
MIAMI,2020,146,
MIAMI,2020,145,
MIAMI,2020,144,
MIAMI,2020,143,22.000000
MIAMI,2020,142,22.000000
MIAMI,2020,141,22.000000
MIAMI,2020,140,22.000000
MIAMI,2020,139,22.000000
MIAMI,2020,138,
MIAMI,2020,137,
MIAMI,2020,136,22.000000
MIAMI,2020,135,22.000000
MIAMI,2020,134,22.000000
MIAMI,2020,133,22.000000
MIAMI,2020,132,22.000000
MIAMI,2020,131,
MIAMI,2020,130,
MIAMI,2020,129,22.000000
MIAMI,2020,128,22.000000
MIAMI,2020,127,22.000000
MIAMI,2020,126,22.000000
MIAMI,2020,125,22.000000
MIAMI,2020,124,
MIAMI,2020,123,
MIAMI,2020,122,22.000000
MIAMI,2020,121,22.000000
MIAMI,2020,120,22.000000
MIAMI,2020,119,22.000000
MIAMI,2020,118,22.000000
MIAMI,2020,117,
MIAMI,2020,116,
MIAMI,2020,115,22.000000
MIAMI,2020,114,22.000000
MIAMI,2020,113,22.000000
MIAMI,2020,112,26.000000
MIAMI,2020,111,26.000000
MIAMI,2020,110,
MIAMI,2020,109,
MIAMI,2020,108,26.000000
MIAMI,2020,107,26.000000
MIAMI,2020,106,26.000000
MIAMI,2020,105,26.000000
MIAMI,2020,104,26.000000
MIAMI,2020,103,
MIAMI,2020,102,
MIAMI,2020,101,26.000000
MIAMI,2020,100,26.000000
MIAMI,2020,99,26.000000
MIAMI,2020,98,26.000000
MIAMI,2020,97,26.000000
MIAMI,2020,96,
MIAMI,2020,95,
MIAMI,2020,94,26.000000
MIAMI,2020,93,26.000000
MIAMI,2020,92,26.000000
MIAMI,2020,91,26.000000
MIAMI,2020,90,26.000000
MIAMI,2020,89,
MIAMI,2020,88,
MIAMI,2020,87,26.000000
MIAMI,2020,86,26.000000
MIAMI,2020,85,26.000000
MIAMI,2020,84,26.000000
MIAMI,2020,83,26.000000
MIAMI,2020,82,
MIAMI,2020,81,
MIAMI,2020,80,26.000000
MIAMI,2020,79,26.000000
MIAMI,2020,78,26.000000
MIAMI,2020,77,26.000000
MIAMI,2020,76,26.000000
MIAMI,2020,75,
MIAMI,2020,74,
MIAMI,2020,73,26.000000
MIAMI,2020,72,26.000000
MIAMI,2020,71,26.000000
MIAMI,2020,70,26.000000
MIAMI,2020,69,26.000000
MIAMI,2020,68,
MIAMI,2020,67,
MIAMI,2020,66,26.000000
MIAMI,2020,65,26.000000
MIAMI,2020,64,17.500000
MIAMI,2020,63,17.500000
MIAMI,2020,62,17.500000
MIAMI,2020,61,
MIAMI,2020,60,
MIAMI,2020,59,17.500000
MIAMI,2020,58,17.500000
MIAMI,2020,57,17.500000
MIAMI,2020,56,17.500000
MIAMI,2020,55,17.500000
MIAMI,2020,54,
MIAMI,2020,53,
MIAMI,2020,52,17.500000
MIAMI,2020,51,17.500000
MIAMI,2020,50,17.500000
MIAMI,2020,49,17.500000
MIAMI,2020,48,
MIAMI,2020,47,
MIAMI,2020,46,
MIAMI,2020,45,17.500000
MIAMI,2020,44,17.500000
MIAMI,2020,43,17.500000
MIAMI,2020,42,17.500000
MIAMI,2020,41,17.500000
MIAMI,2020,40,
MIAMI,2020,39,
MIAMI,2020,38,17.500000
MIAMI,2020,37,17.500000
MIAMI,2020,36,17.500000
MIAMI,2020,35,17.500000
MIAMI,2020,34,17.500000
MIAMI,2020,33,
MIAMI,2020,32,
MIAMI,2020,31,17.500000
MIAMI,2020,30,17.500000
MIAMI,2020,29,17.500000
MIAMI,2020,28,17.500000
MIAMI,2020,27,17.500000
MIAMI,2020,26,
MIAMI,2020,25,
MIAMI,2020,24,17.500000
MIAMI,2020,23,17.500000
MIAMI,2020,22,17.500000
MIAMI,2020,21,17.500000
MIAMI,2020,20,
MIAMI,2020,19,
MIAMI,2020,18,
MIAMI,2020,17,17.500000
MIAMI,2020,16,17.500000
MIAMI,2020,15,17.500000
MIAMI,2020,14,17.500000
MIAMI,2020,13,17.500000
MIAMI,2020,12,
MIAMI,2020,11,
MIAMI,2020,10,21.000000
MIAMI,2020,9,21.000000
MIAMI,2020,8,21.000000
MIAMI,2020,7,21.000000
MIAMI,2020,6,21.000000
MIAMI,2020,5,
MIAMI,2020,4,
MIAMI,2020,3,21.000000
MIAMI,2020,2,21.000000
NEW YORK,2020,366,26.000000
NEW YORK,2020,365,26.000000
NEW YORK,2020,364,26.000000
NEW YORK,2020,363,26.000000
NEW YORK,2020,362,
NEW YORK,2020,361,
NEW YORK,2020,360,
NEW YORK,2020,359,
NEW YORK,2020,358,26.000000
NEW YORK,2020,357,21.500000
NEW YORK,2020,356,21.500000
NEW YORK,2020,355,
NEW YORK,2020,354,
NEW YORK,2020,353,26.000000
NEW YORK,2020,352,26.000000
NEW YORK,2020,351,26.000000
NEW YORK,2020,350,26.000000
NEW YORK,2020,349,26.000000
NEW YORK,2020,348,
NEW YORK,2020,347,
NEW YORK,2020,346,26.000000
NEW YORK,2020,345,26.000000
NEW YORK,2020,344,26.000000
NEW YORK,2020,343,
NEW YORK,2020,342,
NEW YORK,2020,341,
NEW YORK,2020,340,
NEW YORK,2020,339,16.000000
NEW YORK,2020,338,16.000000
NEW YORK,2020,337,16.000000
NEW YORK,2020,336,16.000000
NEW YORK,2020,335,26.000000
NEW YORK,2020,334,
NEW YORK,2020,333,
NEW YORK,2020,332,
NEW YORK,2020,331,
NEW YORK,2020,330,21.000000
NEW YORK,2020,329,21.000000
NEW YORK,2020,328,21.000000
NEW YORK,2020,327,
NEW YORK,2020,326,
NEW YORK,2020,325,22.000000
NEW YORK,2020,324,22.000000
NEW YORK,2020,323,22.000000
NEW YORK,2020,322,22.000000
NEW YORK,2020,321,22.000000
NEW YORK,2020,320,
NEW YORK,2020,319,
NEW YORK,2020,318,20.500000
NEW YORK,2020,317,20.500000
NEW YORK,2020,316,
NEW YORK,2020,315,19.666666
NEW YORK,2020,314,23.500000
NEW YORK,2020,313,
NEW YORK,2020,312,
NEW YORK,2020,311,18.800000
NEW YORK,2020,310,18.200000
NEW YORK,2020,309,19.666666
NEW YORK,2020,308,19.666666
NEW YORK,2020,307,16.000000
NEW YORK,2020,306,
NEW YORK,2020,305,
NEW YORK,2020,304,28.000000
NEW YORK,2020,303,28.000000
NEW YORK,2020,302,28.000000
NEW YORK,2020,301,28.000000
NEW YORK,2020,300,28.000000
NEW YORK,2020,299,
NEW YORK,2020,298,
NEW YORK,2020,297,
NEW YORK,2020,296,
NEW YORK,2020,295,
NEW YORK,2020,294,
NEW YORK,2020,293,25.000000
NEW YORK,2020,292,
NEW YORK,2020,291,
NEW YORK,2020,290,23.000000
NEW YORK,2020,289,21.333333
NEW YORK,2020,288,21.500000
NEW YORK,2020,287,22.000000
NEW YORK,2020,286,
NEW YORK,2020,285,
NEW YORK,2020,284,
NEW YORK,2020,283,21.000000
NEW YORK,2020,282,21.000000
NEW YORK,2020,281,
NEW YORK,2020,280,
NEW YORK,2020,279,
NEW YORK,2020,278,
NEW YORK,2020,277,
NEW YORK,2020,276,
NEW YORK,2020,275,
NEW YORK,2020,274,
NEW YORK,2020,273,
NEW YORK,2020,272,24.000000
NEW YORK,2020,271,
NEW YORK,2020,270,
NEW YORK,2020,269,24.000000
NEW YORK,2020,268,24.000000
NEW YORK,2020,267,
NEW YORK,2020,266,
NEW YORK,2020,265,
NEW YORK,2020,264,
NEW YORK,2020,263,
NEW YORK,2020,262,
NEW YORK,2020,261,
NEW YORK,2020,260,
NEW YORK,2020,259,
NEW YORK,2020,258,
NEW YORK,2020,257,
NEW YORK,2020,256,
NEW YORK,2020,255,
NEW YORK,2020,254,
NEW YORK,2020,253,
NEW YORK,2020,252,
NEW YORK,2020,251,
NEW YORK,2020,250,
NEW YORK,2020,249,
NEW YORK,2020,248,
NEW YORK,2020,247,
NEW YORK,2020,246,
NEW YORK,2020,245,
NEW YORK,2020,244,
NEW YORK,2020,243,
NEW YORK,2020,242,
NEW YORK,2020,241,
NEW YORK,2020,240,
NEW YORK,2020,239,
NEW YORK,2020,238,
NEW YORK,2020,237,
NEW YORK,2020,236,
NEW YORK,2020,235,
NEW YORK,2020,234,
NEW YORK,2020,233,
NEW YORK,2020,232,
NEW YORK,2020,231,
NEW YORK,2020,230,
NEW YORK,2020,229,
NEW YORK,2020,228,
NEW YORK,2020,227,25.000000
NEW YORK,2020,226,25.500000
NEW YORK,2020,225,25.500000
NEW YORK,2020,224,25.500000
NEW YORK,2020,223,25.500000
NEW YORK,2020,222,
NEW YORK,2020,221,
NEW YORK,2020,220,26.000000
NEW YORK,2020,219,26.000000
NEW YORK,2020,218,26.000000
NEW YORK,2020,217,26.000000
NEW YORK,2020,216,19.000000
NEW YORK,2020,215,
NEW YORK,2020,214,
NEW YORK,2020,213,24.000000
NEW YORK,2020,212,24.000000
NEW YORK,2020,211,24.000000
NEW YORK,2020,210,24.000000
NEW YORK,2020,209,24.000000
NEW YORK,2020,208,
NEW YORK,2020,207,
NEW YORK,2020,206,17.000000
NEW YORK,2020,205,17.000000
NEW YORK,2020,204,17.000000
NEW YORK,2020,203,
NEW YORK,2020,202,
NEW YORK,2020,201,
NEW YORK,2020,200,
NEW YORK,2020,199,23.000000
NEW YORK,2020,198,23.000000
NEW YORK,2020,197,23.000000
NEW YORK,2020,196,22.500000
NEW YORK,2020,195,22.500000
NEW YORK,2020,194,
NEW YORK,2020,193,
NEW YORK,2020,192,22.250000
NEW YORK,2020,191,23.000000
NEW YORK,2020,190,23.000000
NEW YORK,2020,189,21.000000
NEW YORK,2020,188,18.000000
NEW YORK,2020,187,
NEW YORK,2020,186,
NEW YORK,2020,185,
NEW YORK,2020,184,18.000000
NEW YORK,2020,183,11.500000
NEW YORK,2020,182,11.500000
NEW YORK,2020,181,5.000000
NEW YORK,2020,180,
NEW YORK,2020,179,
NEW YORK,2020,178,
NEW YORK,2020,177,
NEW YORK,2020,176,
NEW YORK,2020,175,
NEW YORK,2020,174,
NEW YORK,2020,173,
NEW YORK,2020,172,
NEW YORK,2020,171,16.000000
NEW YORK,2020,170,12.250000
NEW YORK,2020,169,15.500000
NEW YORK,2020,168,20.000000
NEW YORK,2020,167,20.333333
NEW YORK,2020,166,
NEW YORK,2020,165,
NEW YORK,2020,164,20.250000
NEW YORK,2020,163,19.500000
NEW YORK,2020,162,23.000000
NEW YORK,2020,161,
NEW YORK,2020,160,24.250000
NEW YORK,2020,159,
NEW YORK,2020,158,
NEW YORK,2020,157,26.500000
NEW YORK,2020,156,26.500000
NEW YORK,2020,155,26.500000
NEW YORK,2020,154,29.000000
NEW YORK,2020,153,29.000000
NEW YORK,2020,152,
NEW YORK,2020,151,
NEW YORK,2020,150,26.250000
NEW YORK,2020,149,26.250000
NEW YORK,2020,148,31.500000
NEW YORK,2020,147,31.500000
NEW YORK,2020,146,
NEW YORK,2020,145,
NEW YORK,2020,144,
NEW YORK,2020,143,27.250000
NEW YORK,2020,142,27.250000
NEW YORK,2020,141,27.750000
NEW YORK,2020,140,28.000000
NEW YORK,2020,139,26.000000
NEW YORK,2020,138,
NEW YORK,2020,137,
NEW YORK,2020,136,26.000000
NEW YORK,2020,135,26.000000
NEW YORK,2020,134,26.500000
NEW YORK,2020,133,
NEW YORK,2020,132,
NEW YORK,2020,131,
NEW YORK,2020,130,
NEW YORK,2020,129,
NEW YORK,2020,128,
NEW YORK,2020,127,
NEW YORK,2020,126,
NEW YORK,2020,125,
NEW YORK,2020,124,
NEW YORK,2020,123,
NEW YORK,2020,122,
NEW YORK,2020,121,
NEW YORK,2020,120,
NEW YORK,2020,119,
NEW YORK,2020,118,
NEW YORK,2020,117,
NEW YORK,2020,116,
NEW YORK,2020,115,
NEW YORK,2020,114,
NEW YORK,2020,113,
NEW YORK,2020,112,
NEW YORK,2020,111,
NEW YORK,2020,110,
NEW YORK,2020,109,
NEW YORK,2020,108,
NEW YORK,2020,107,
NEW YORK,2020,106,
NEW YORK,2020,105,
NEW YORK,2020,104,
NEW YORK,2020,103,
NEW YORK,2020,102,
NEW YORK,2020,101,
NEW YORK,2020,100,
NEW YORK,2020,99,
NEW YORK,2020,98,
NEW YORK,2020,97,
NEW YORK,2020,96,
NEW YORK,2020,95,
NEW YORK,2020,94,
NEW YORK,2020,93,
NEW YORK,2020,92,
NEW YORK,2020,91,30.500000
NEW YORK,2020,90,30.500000
NEW YORK,2020,89,
NEW YORK,2020,88,
NEW YORK,2020,87,29.500000
NEW YORK,2020,86,29.500000
NEW YORK,2020,85,29.500000
NEW YORK,2020,84,29.500000
NEW YORK,2020,83,30.000000
NEW YORK,2020,82,
NEW YORK,2020,81,
NEW YORK,2020,80,30.000000
NEW YORK,2020,79,30.000000
NEW YORK,2020,78,26.000000
NEW YORK,2020,77,26.000000
NEW YORK,2020,76,26.000000
NEW YORK,2020,75,
NEW YORK,2020,74,
NEW YORK,2020,73,24.000000
NEW YORK,2020,72,24.000000
NEW YORK,2020,71,24.000000
NEW YORK,2020,70,24.000000
NEW YORK,2020,69,20.000000
NEW YORK,2020,68,
NEW YORK,2020,67,
NEW YORK,2020,66,23.000000
NEW YORK,2020,65,23.000000
NEW YORK,2020,64,20.000000
NEW YORK,2020,63,20.000000
NEW YORK,2020,62,23.500000
NEW YORK,2020,61,
NEW YORK,2020,60,
NEW YORK,2020,59,23.500000
NEW YORK,2020,58,23.500000
NEW YORK,2020,57,23.500000
NEW YORK,2020,56,23.500000
NEW YORK,2020,55,23.500000
NEW YORK,2020,54,
NEW YORK,2020,53,
NEW YORK,2020,52,28.000000
NEW YORK,2020,51,28.000000
NEW YORK,2020,50,28.000000
NEW YORK,2020,49,28.000000
NEW YORK,2020,48,
NEW YORK,2020,47,
NEW YORK,2020,46,
NEW YORK,2020,45,
NEW YORK,2020,44,
NEW YORK,2020,43,
NEW YORK,2020,42,
NEW YORK,2020,41,
NEW YORK,2020,40,
NEW YORK,2020,39,
NEW YORK,2020,38,27.000000
NEW YORK,2020,37,27.000000
NEW YORK,2020,36,27.000000
NEW YORK,2020,35,27.000000
NEW YORK,2020,34,26.000000
NEW YORK,2020,33,
NEW YORK,2020,32,
NEW YORK,2020,31,29.000000
NEW YORK,2020,30,29.000000
NEW YORK,2020,29,29.000000
NEW YORK,2020,28,29.000000
NEW YORK,2020,27,29.000000
NEW YORK,2020,26,
NEW YORK,2020,25,
NEW YORK,2020,24,
NEW YORK,2020,23,
NEW YORK,2020,22,
NEW YORK,2020,21,
NEW YORK,2020,20,
NEW YORK,2020,19,
NEW YORK,2020,18,
NEW YORK,2020,17,27.000000
NEW YORK,2020,16,27.000000
NEW YORK,2020,15,27.000000
NEW YORK,2020,14,27.000000
NEW YORK,2020,13,27.000000
NEW YORK,2020,12,
NEW YORK,2020,11,
NEW YORK,2020,10,27.000000
NEW YORK,2020,9,27.000000
NEW YORK,2020,8,27.000000
NEW YORK,2020,7,27.000000
NEW YORK,2020,6,27.000000
NEW YORK,2020,5,
NEW YORK,2020,4,
NEW YORK,2020,3,27.000000
NEW YORK,2020,2,27.000000
PHILADELPHIA,2020,366,20.666666
PHILADELPHIA,2020,365,20.666666
PHILADELPHIA,2020,364,20.666666
PHILADELPHIA,2020,363,19.000000
PHILADELPHIA,2020,362,
PHILADELPHIA,2020,361,
PHILADELPHIA,2020,360,
PHILADELPHIA,2020,359,
PHILADELPHIA,2020,358,19.000000
PHILADELPHIA,2020,357,19.000000
PHILADELPHIA,2020,356,17.833333
PHILADELPHIA,2020,355,
PHILADELPHIA,2020,354,
PHILADELPHIA,2020,353,18.625000
PHILADELPHIA,2020,352,18.625000
PHILADELPHIA,2020,351,18.250000
PHILADELPHIA,2020,350,18.250000
PHILADELPHIA,2020,349,18.250000
PHILADELPHIA,2020,348,
PHILADELPHIA,2020,347,
PHILADELPHIA,2020,346,19.200000
PHILADELPHIA,2020,345,19.200000
PHILADELPHIA,2020,344,19.200000
PHILADELPHIA,2020,343,18.500000
PHILADELPHIA,2020,342,19.750000
PHILADELPHIA,2020,341,
PHILADELPHIA,2020,340,
PHILADELPHIA,2020,339,21.750000
PHILADELPHIA,2020,338,21.750000
PHILADELPHIA,2020,337,21.437500
PHILADELPHIA,2020,336,21.437500
PHILADELPHIA,2020,335,20.312500
PHILADELPHIA,2020,334,
PHILADELPHIA,2020,333,
PHILADELPHIA,2020,332,
PHILADELPHIA,2020,331,
PHILADELPHIA,2020,330,22.187500
PHILADELPHIA,2020,329,22.187500
PHILADELPHIA,2020,328,22.187500
PHILADELPHIA,2020,327,
PHILADELPHIA,2020,326,
PHILADELPHIA,2020,325,22.500000
PHILADELPHIA,2020,324,22.500000
PHILADELPHIA,2020,323,22.500000
PHILADELPHIA,2020,322,22.500000
PHILADELPHIA,2020,321,22.500000
PHILADELPHIA,2020,320,
PHILADELPHIA,2020,319,
PHILADELPHIA,2020,318,21.000000
PHILADELPHIA,2020,317,21.000000
PHILADELPHIA,2020,316,
PHILADELPHIA,2020,315,21.750000
PHILADELPHIA,2020,314,24.000000
PHILADELPHIA,2020,313,
PHILADELPHIA,2020,312,
PHILADELPHIA,2020,311,22.000000
PHILADELPHIA,2020,310,22.000000
PHILADELPHIA,2020,309,22.000000
PHILADELPHIA,2020,308,22.000000
PHILADELPHIA,2020,307,22.250000
PHILADELPHIA,2020,306,
PHILADELPHIA,2020,305,
PHILADELPHIA,2020,304,24.666666
PHILADELPHIA,2020,303,24.666666
PHILADELPHIA,2020,302,21.666666
PHILADELPHIA,2020,301,21.666666
PHILADELPHIA,2020,300,21.666666
PHILADELPHIA,2020,299,
PHILADELPHIA,2020,298,
PHILADELPHIA,2020,297,27.500000
PHILADELPHIA,2020,296,27.500000
PHILADELPHIA,2020,295,27.500000
PHILADELPHIA,2020,294,27.500000
PHILADELPHIA,2020,293,
PHILADELPHIA,2020,292,
PHILADELPHIA,2020,291,
PHILADELPHIA,2020,290,24.250000
PHILADELPHIA,2020,289,24.250000
PHILADELPHIA,2020,288,24.250000
PHILADELPHIA,2020,287,24.250000
PHILADELPHIA,2020,286,
PHILADELPHIA,2020,285,
PHILADELPHIA,2020,284,
PHILADELPHIA,2020,283,25.000000
PHILADELPHIA,2020,282,25.000000
PHILADELPHIA,2020,281,25.000000
PHILADELPHIA,2020,280,25.000000
PHILADELPHIA,2020,279,25.000000
PHILADELPHIA,2020,278,
PHILADELPHIA,2020,277,
PHILADELPHIA,2020,276,21.333333
PHILADELPHIA,2020,275,21.333333
PHILADELPHIA,2020,274,21.333333
PHILADELPHIA,2020,273,21.333333
PHILADELPHIA,2020,272,21.333333
PHILADELPHIA,2020,271,
PHILADELPHIA,2020,270,
PHILADELPHIA,2020,269,17.400000
PHILADELPHIA,2020,268,17.400000
PHILADELPHIA,2020,267,17.400000
PHILADELPHIA,2020,266,17.400000
PHILADELPHIA,2020,265,17.400000
PHILADELPHIA,2020,264,
PHILADELPHIA,2020,263,
PHILADELPHIA,2020,262,19.400000
PHILADELPHIA,2020,261,19.400000
PHILADELPHIA,2020,260,19.400000
PHILADELPHIA,2020,259,19.400000
PHILADELPHIA,2020,258,19.400000
PHILADELPHIA,2020,257,
PHILADELPHIA,2020,256,
PHILADELPHIA,2020,255,19.800000
PHILADELPHIA,2020,254,19.800000
PHILADELPHIA,2020,253,19.750000
PHILADELPHIA,2020,252,17.750000
PHILADELPHIA,2020,251,
PHILADELPHIA,2020,250,
PHILADELPHIA,2020,249,
PHILADELPHIA,2020,248,21.500000
PHILADELPHIA,2020,247,21.500000
PHILADELPHIA,2020,246,21.500000
PHILADELPHIA,2020,245,21.500000
PHILADELPHIA,2020,244,21.500000
PHILADELPHIA,2020,243,
PHILADELPHIA,2020,242,
PHILADELPHIA,2020,241,18.833333
PHILADELPHIA,2020,240,18.833333
PHILADELPHIA,2020,239,18.833333
PHILADELPHIA,2020,238,18.833333
PHILADELPHIA,2020,237,18.666666
PHILADELPHIA,2020,236,
PHILADELPHIA,2020,235,
PHILADELPHIA,2020,234,17.000000
PHILADELPHIA,2020,233,17.000000
PHILADELPHIA,2020,232,17.000000
PHILADELPHIA,2020,231,17.000000
PHILADELPHIA,2020,230,16.666666
PHILADELPHIA,2020,229,
PHILADELPHIA,2020,228,
PHILADELPHIA,2020,227,23.333333
PHILADELPHIA,2020,226,23.333333
PHILADELPHIA,2020,225,23.333333
PHILADELPHIA,2020,224,24.000000
PHILADELPHIA,2020,223,24.000000
PHILADELPHIA,2020,222,
PHILADELPHIA,2020,221,
PHILADELPHIA,2020,220,24.000000
PHILADELPHIA,2020,219,24.000000
PHILADELPHIA,2020,218,24.000000
PHILADELPHIA,2020,217,24.000000
PHILADELPHIA,2020,216,24.000000
PHILADELPHIA,2020,215,
PHILADELPHIA,2020,214,
PHILADELPHIA,2020,213,24.000000
PHILADELPHIA,2020,212,24.000000
PHILADELPHIA,2020,211,24.000000
PHILADELPHIA,2020,210,24.000000
PHILADELPHIA,2020,209,23.000000
PHILADELPHIA,2020,208,
PHILADELPHIA,2020,207,
PHILADELPHIA,2020,206,23.000000
PHILADELPHIA,2020,205,23.000000
PHILADELPHIA,2020,204,23.000000
PHILADELPHIA,2020,203,23.000000
PHILADELPHIA,2020,202,23.000000
PHILADELPHIA,2020,201,
PHILADELPHIA,2020,200,
PHILADELPHIA,2020,199,25.000000
PHILADELPHIA,2020,198,25.000000
PHILADELPHIA,2020,197,27.000000
PHILADELPHIA,2020,196,27.000000
PHILADELPHIA,2020,195,22.625000
PHILADELPHIA,2020,194,
PHILADELPHIA,2020,193,
PHILADELPHIA,2020,192,22.625000
PHILADELPHIA,2020,191,22.375000
PHILADELPHIA,2020,190,22.375000
PHILADELPHIA,2020,189,22.375000
PHILADELPHIA,2020,188,
PHILADELPHIA,2020,187,
PHILADELPHIA,2020,186,
PHILADELPHIA,2020,185,
PHILADELPHIA,2020,184,23.125000
PHILADELPHIA,2020,183,23.125000
PHILADELPHIA,2020,182,22.500000
PHILADELPHIA,2020,181,22.500000
PHILADELPHIA,2020,180,
PHILADELPHIA,2020,179,
PHILADELPHIA,2020,178,22.500000
PHILADELPHIA,2020,177,24.250000
PHILADELPHIA,2020,176,27.500000
PHILADELPHIA,2020,175,27.500000
PHILADELPHIA,2020,174,27.500000
PHILADELPHIA,2020,173,
PHILADELPHIA,2020,172,
PHILADELPHIA,2020,171,23.333333
PHILADELPHIA,2020,170,23.333333
PHILADELPHIA,2020,169,23.333333
PHILADELPHIA,2020,168,24.166666
PHILADELPHIA,2020,167,24.166666
PHILADELPHIA,2020,166,
PHILADELPHIA,2020,165,
PHILADELPHIA,2020,164,24.500000
PHILADELPHIA,2020,163,27.000000
PHILADELPHIA,2020,162,27.000000
PHILADELPHIA,2020,161,27.000000
PHILADELPHIA,2020,160,24.000000
PHILADELPHIA,2020,159,
PHILADELPHIA,2020,158,
PHILADELPHIA,2020,157,25.000000
PHILADELPHIA,2020,156,25.000000
PHILADELPHIA,2020,155,25.000000
PHILADELPHIA,2020,154,25.000000
PHILADELPHIA,2020,153,25.000000
PHILADELPHIA,2020,152,
PHILADELPHIA,2020,151,
PHILADELPHIA,2020,150,25.666666
PHILADELPHIA,2020,149,25.666666
PHILADELPHIA,2020,148,25.000000
PHILADELPHIA,2020,147,25.333333
PHILADELPHIA,2020,146,
PHILADELPHIA,2020,145,
PHILADELPHIA,2020,144,
PHILADELPHIA,2020,143,23.500000
PHILADELPHIA,2020,142,23.500000
PHILADELPHIA,2020,141,26.000000
PHILADELPHIA,2020,140,26.000000
PHILADELPHIA,2020,139,27.500000
PHILADELPHIA,2020,138,
PHILADELPHIA,2020,137,
PHILADELPHIA,2020,136,27.500000
PHILADELPHIA,2020,135,27.500000
PHILADELPHIA,2020,134,27.500000
PHILADELPHIA,2020,133,27.500000
PHILADELPHIA,2020,132,27.500000
PHILADELPHIA,2020,131,
PHILADELPHIA,2020,130,
PHILADELPHIA,2020,129,24.500000
PHILADELPHIA,2020,128,24.500000
PHILADELPHIA,2020,127,24.500000
PHILADELPHIA,2020,126,24.500000
PHILADELPHIA,2020,125,26.500000
PHILADELPHIA,2020,124,
PHILADELPHIA,2020,123,
PHILADELPHIA,2020,122,26.500000
PHILADELPHIA,2020,121,26.500000
PHILADELPHIA,2020,120,26.500000
PHILADELPHIA,2020,119,28.000000
PHILADELPHIA,2020,118,
PHILADELPHIA,2020,117,
PHILADELPHIA,2020,116,
PHILADELPHIA,2020,115,23.500000
PHILADELPHIA,2020,114,23.500000
PHILADELPHIA,2020,113,23.500000
PHILADELPHIA,2020,112,23.500000
PHILADELPHIA,2020,111,23.500000
PHILADELPHIA,2020,110,
PHILADELPHIA,2020,109,
PHILADELPHIA,2020,108,27.250000
PHILADELPHIA,2020,107,27.250000
PHILADELPHIA,2020,106,27.250000
PHILADELPHIA,2020,105,27.750000
PHILADELPHIA,2020,104,
PHILADELPHIA,2020,103,
PHILADELPHIA,2020,102,
PHILADELPHIA,2020,101,27.750000
PHILADELPHIA,2020,100,27.750000
PHILADELPHIA,2020,99,27.750000
PHILADELPHIA,2020,98,27.750000
PHILADELPHIA,2020,97,27.750000
PHILADELPHIA,2020,96,
PHILADELPHIA,2020,95,
PHILADELPHIA,2020,94,28.750000
PHILADELPHIA,2020,93,28.750000
PHILADELPHIA,2020,92,28.750000
PHILADELPHIA,2020,91,28.750000
PHILADELPHIA,2020,90,28.750000
PHILADELPHIA,2020,89,
PHILADELPHIA,2020,88,
PHILADELPHIA,2020,87,29.000000
PHILADELPHIA,2020,86,29.000000
PHILADELPHIA,2020,85,29.000000
PHILADELPHIA,2020,84,29.000000
PHILADELPHIA,2020,83,29.000000
PHILADELPHIA,2020,82,
PHILADELPHIA,2020,81,
PHILADELPHIA,2020,80,28.000000
PHILADELPHIA,2020,79,28.000000
PHILADELPHIA,2020,78,28.000000
PHILADELPHIA,2020,77,27.000000
PHILADELPHIA,2020,76,27.000000
PHILADELPHIA,2020,75,
PHILADELPHIA,2020,74,
PHILADELPHIA,2020,73,26.000000
PHILADELPHIA,2020,72,26.000000
PHILADELPHIA,2020,71,26.000000
PHILADELPHIA,2020,70,26.000000
PHILADELPHIA,2020,69,25.000000
PHILADELPHIA,2020,68,
PHILADELPHIA,2020,67,
PHILADELPHIA,2020,66,25.500000
PHILADELPHIA,2020,65,25.500000
PHILADELPHIA,2020,64,25.500000
PHILADELPHIA,2020,63,25.500000
PHILADELPHIA,2020,62,23.000000
PHILADELPHIA,2020,61,
PHILADELPHIA,2020,60,
PHILADELPHIA,2020,59,24.500000
PHILADELPHIA,2020,58,24.500000
PHILADELPHIA,2020,57,24.500000
PHILADELPHIA,2020,56,24.500000
PHILADELPHIA,2020,55,24.500000
PHILADELPHIA,2020,54,
PHILADELPHIA,2020,53,
PHILADELPHIA,2020,52,25.000000
PHILADELPHIA,2020,51,24.000000
PHILADELPHIA,2020,50,24.000000
PHILADELPHIA,2020,49,20.000000
PHILADELPHIA,2020,48,
PHILADELPHIA,2020,47,
PHILADELPHIA,2020,46,
PHILADELPHIA,2020,45,28.000000
PHILADELPHIA,2020,44,28.000000
PHILADELPHIA,2020,43,28.000000
PHILADELPHIA,2020,42,28.000000
PHILADELPHIA,2020,41,28.000000
PHILADELPHIA,2020,40,
PHILADELPHIA,2020,39,
PHILADELPHIA,2020,38,28.000000
PHILADELPHIA,2020,37,28.000000
PHILADELPHIA,2020,36,28.000000
PHILADELPHIA,2020,35,28.000000
PHILADELPHIA,2020,34,31.000000
PHILADELPHIA,2020,33,
PHILADELPHIA,2020,32,
PHILADELPHIA,2020,31,31.000000
PHILADELPHIA,2020,30,31.000000
PHILADELPHIA,2020,29,31.000000
PHILADELPHIA,2020,28,31.000000
PHILADELPHIA,2020,27,31.000000
PHILADELPHIA,2020,26,
PHILADELPHIA,2020,25,
PHILADELPHIA,2020,24,31.000000
PHILADELPHIA,2020,23,31.000000
PHILADELPHIA,2020,22,31.000000
PHILADELPHIA,2020,21,31.000000
PHILADELPHIA,2020,20,
PHILADELPHIA,2020,19,
PHILADELPHIA,2020,18,
PHILADELPHIA,2020,17,30.000000
PHILADELPHIA,2020,16,30.000000
PHILADELPHIA,2020,15,30.000000
PHILADELPHIA,2020,14,30.000000
PHILADELPHIA,2020,13,26.000000
PHILADELPHIA,2020,12,
PHILADELPHIA,2020,11,
PHILADELPHIA,2020,10,26.000000
PHILADELPHIA,2020,9,26.000000
PHILADELPHIA,2020,8,26.000000
PHILADELPHIA,2020,7,
PHILADELPHIA,2020,6,
PHILADELPHIA,2020,5,
PHILADELPHIA,2020,4,
PHILADELPHIA,2020,3,25.000000
PHILADELPHIA,2020,2,25.000000
BALTIMORE,2019,366,
BALTIMORE,2019,365,23.000000
BALTIMORE,2019,364,23.000000
BALTIMORE,2019,363,
BALTIMORE,2019,362,
BALTIMORE,2019,361,25.500000
BALTIMORE,2019,360,24.000000
BALTIMORE,2019,359,
BALTIMORE,2019,358,
BALTIMORE,2019,357,24.000000
BALTIMORE,2019,356,
BALTIMORE,2019,355,
BALTIMORE,2019,354,27.000000
BALTIMORE,2019,353,27.000000
BALTIMORE,2019,352,27.000000
BALTIMORE,2019,351,27.000000
BALTIMORE,2019,350,27.000000
BALTIMORE,2019,349,
BALTIMORE,2019,348,
BALTIMORE,2019,347,27.000000
BALTIMORE,2019,346,26.000000
BALTIMORE,2019,345,26.000000
BALTIMORE,2019,344,26.000000
BALTIMORE,2019,343,26.000000
BALTIMORE,2019,342,
BALTIMORE,2019,341,
BALTIMORE,2019,340,26.000000
BALTIMORE,2019,339,26.000000
BALTIMORE,2019,338,26.000000
BALTIMORE,2019,337,26.000000
BALTIMORE,2019,336,26.000000
BALTIMORE,2019,335,
BALTIMORE,2019,334,
BALTIMORE,2019,333,26.000000
BALTIMORE,2019,332,
BALTIMORE,2019,331,24.500000
BALTIMORE,2019,330,24.500000
BALTIMORE,2019,329,24.500000
BALTIMORE,2019,328,
BALTIMORE,2019,327,
BALTIMORE,2019,326,25.500000
BALTIMORE,2019,325,25.500000
BALTIMORE,2019,324,25.000000
BALTIMORE,2019,323,25.000000
BALTIMORE,2019,322,25.000000
BALTIMORE,2019,321,
BALTIMORE,2019,320,
BALTIMORE,2019,319,25.500000
BALTIMORE,2019,318,25.500000
BALTIMORE,2019,317,25.750000
BALTIMORE,2019,316,26.250000
BALTIMORE,2019,315,
BALTIMORE,2019,314,
BALTIMORE,2019,313,
BALTIMORE,2019,312,27.000000
BALTIMORE,2019,311,27.750000
BALTIMORE,2019,310,28.000000
BALTIMORE,2019,309,28.000000
BALTIMORE,2019,308,28.000000
BALTIMORE,2019,307,
BALTIMORE,2019,306,
BALTIMORE,2019,305,24.000000
BALTIMORE,2019,304,24.000000
BALTIMORE,2019,303,24.000000
BALTIMORE,2019,302,24.000000
BALTIMORE,2019,301,24.000000
BALTIMORE,2019,300,
BALTIMORE,2019,299,
BALTIMORE,2019,298,24.000000
BALTIMORE,2019,297,21.250000
BALTIMORE,2019,296,21.250000
BALTIMORE,2019,295,21.250000
BALTIMORE,2019,294,23.500000
BALTIMORE,2019,293,
BALTIMORE,2019,292,
BALTIMORE,2019,291,22.000000
BALTIMORE,2019,290,22.000000
BALTIMORE,2019,289,21.000000
BALTIMORE,2019,288,21.000000
BALTIMORE,2019,287,
BALTIMORE,2019,286,
BALTIMORE,2019,285,
BALTIMORE,2019,284,21.000000
BALTIMORE,2019,283,21.000000
BALTIMORE,2019,282,22.000000
BALTIMORE,2019,281,22.000000
BALTIMORE,2019,280,22.000000
BALTIMORE,2019,279,
BALTIMORE,2019,278,
BALTIMORE,2019,277,20.000000
BALTIMORE,2019,276,20.000000
BALTIMORE,2019,275,20.000000
BALTIMORE,2019,274,20.000000
BALTIMORE,2019,273,20.000000
BALTIMORE,2019,272,
BALTIMORE,2019,271,
BALTIMORE,2019,270,20.000000
BALTIMORE,2019,269,20.000000
BALTIMORE,2019,268,18.000000
BALTIMORE,2019,267,18.000000
BALTIMORE,2019,266,18.000000
BALTIMORE,2019,265,
BALTIMORE,2019,264,
BALTIMORE,2019,263,18.250000
BALTIMORE,2019,262,18.250000
BALTIMORE,2019,261,20.500000
BALTIMORE,2019,260,22.500000
BALTIMORE,2019,259,22.500000
BALTIMORE,2019,258,
BALTIMORE,2019,257,
BALTIMORE,2019,256,20.000000
BALTIMORE,2019,255,21.500000
BALTIMORE,2019,254,19.000000
BALTIMORE,2019,253,19.000000
BALTIMORE,2019,252,19.000000
BALTIMORE,2019,251,
BALTIMORE,2019,250,
BALTIMORE,2019,249,19.000000
BALTIMORE,2019,248,16.500000
BALTIMORE,2019,247,16.500000
BALTIMORE,2019,246,16.500000
BALTIMORE,2019,245,
BALTIMORE,2019,244,
BALTIMORE,2019,243,
BALTIMORE,2019,242,16.500000
BALTIMORE,2019,241,16.500000
BALTIMORE,2019,240,16.500000
BALTIMORE,2019,239,16.500000
BALTIMORE,2019,238,17.000000
BALTIMORE,2019,237,
BALTIMORE,2019,236,
BALTIMORE,2019,235,17.000000
BALTIMORE,2019,234,16.500000
BALTIMORE,2019,233,16.000000
BALTIMORE,2019,232,16.000000
BALTIMORE,2019,231,16.000000
BALTIMORE,2019,230,
BALTIMORE,2019,229,
BALTIMORE,2019,228,
BALTIMORE,2019,227,16.500000
BALTIMORE,2019,226,16.500000
BALTIMORE,2019,225,16.500000
BALTIMORE,2019,224,16.500000
BALTIMORE,2019,223,
BALTIMORE,2019,222,
BALTIMORE,2019,221,16.000000
BALTIMORE,2019,220,16.000000
BALTIMORE,2019,219,16.000000
BALTIMORE,2019,218,16.000000
BALTIMORE,2019,217,16.000000
BALTIMORE,2019,216,
BALTIMORE,2019,215,
BALTIMORE,2019,214,16.000000
BALTIMORE,2019,213,16.000000
BALTIMORE,2019,212,18.000000
BALTIMORE,2019,211,14.250000
BALTIMORE,2019,210,14.750000
BALTIMORE,2019,209,
BALTIMORE,2019,208,
BALTIMORE,2019,207,14.500000
BALTIMORE,2019,206,14.500000
BALTIMORE,2019,205,19.000000
BALTIMORE,2019,204,19.000000
BALTIMORE,2019,203,19.000000
BALTIMORE,2019,202,
BALTIMORE,2019,201,
BALTIMORE,2019,200,19.000000
BALTIMORE,2019,199,19.000000
BALTIMORE,2019,198,22.000000
BALTIMORE,2019,197,20.250000
BALTIMORE,2019,196,20.250000
BALTIMORE,2019,195,
BALTIMORE,2019,194,
BALTIMORE,2019,193,18.250000
BALTIMORE,2019,192,18.250000
BALTIMORE,2019,191,20.000000
BALTIMORE,2019,190,20.000000
BALTIMORE,2019,189,20.000000
BALTIMORE,2019,188,
BALTIMORE,2019,187,
BALTIMORE,2019,186,15.375000
BALTIMORE,2019,185,
BALTIMORE,2019,184,15.375000
BALTIMORE,2019,183,15.375000
BALTIMORE,2019,182,15.375000
BALTIMORE,2019,181,
BALTIMORE,2019,180,
BALTIMORE,2019,179,15.250000
BALTIMORE,2019,178,18.500000
BALTIMORE,2019,177,18.500000
BALTIMORE,2019,176,18.500000
BALTIMORE,2019,175,18.500000
BALTIMORE,2019,174,
BALTIMORE,2019,173,
BALTIMORE,2019,172,18.500000
BALTIMORE,2019,171,18.500000
BALTIMORE,2019,170,20.000000
BALTIMORE,2019,169,20.000000
BALTIMORE,2019,168,20.000000
BALTIMORE,2019,167,
BALTIMORE,2019,166,
BALTIMORE,2019,165,20.000000
BALTIMORE,2019,164,20.000000
BALTIMORE,2019,163,20.000000
BALTIMORE,2019,162,20.000000
BALTIMORE,2019,161,20.000000
BALTIMORE,2019,160,
BALTIMORE,2019,159,
BALTIMORE,2019,158,19.500000
BALTIMORE,2019,157,19.500000
BALTIMORE,2019,156,19.000000
BALTIMORE,2019,155,22.000000
BALTIMORE,2019,154,22.000000
BALTIMORE,2019,153,
BALTIMORE,2019,152,
BALTIMORE,2019,151,19.000000
BALTIMORE,2019,150,19.000000
BALTIMORE,2019,149,19.500000
BALTIMORE,2019,148,19.500000
BALTIMORE,2019,147,
BALTIMORE,2019,146,
BALTIMORE,2019,145,
BALTIMORE,2019,144,20.000000
BALTIMORE,2019,143,20.500000
BALTIMORE,2019,142,20.000000
BALTIMORE,2019,141,20.000000
BALTIMORE,2019,140,20.000000
BALTIMORE,2019,139,
BALTIMORE,2019,138,
BALTIMORE,2019,137,19.000000
BALTIMORE,2019,136,19.000000
BALTIMORE,2019,135,20.000000
BALTIMORE,2019,134,20.000000
BALTIMORE,2019,133,20.000000
BALTIMORE,2019,132,
BALTIMORE,2019,131,
BALTIMORE,2019,130,26.500000
BALTIMORE,2019,129,26.500000
BALTIMORE,2019,128,26.500000
BALTIMORE,2019,127,26.500000
BALTIMORE,2019,126,23.000000
BALTIMORE,2019,125,
BALTIMORE,2019,124,
BALTIMORE,2019,123,23.000000
BALTIMORE,2019,122,23.000000
BALTIMORE,2019,121,23.500000
BALTIMORE,2019,120,23.500000
BALTIMORE,2019,119,22.000000
BALTIMORE,2019,118,
BALTIMORE,2019,117,
BALTIMORE,2019,116,17.500000
BALTIMORE,2019,115,17.500000
BALTIMORE,2019,114,17.750000
BALTIMORE,2019,113,16.500000
BALTIMORE,2019,112,16.500000
BALTIMORE,2019,111,
BALTIMORE,2019,110,
BALTIMORE,2019,109,17.000000
BALTIMORE,2019,108,20.500000
BALTIMORE,2019,107,20.500000
BALTIMORE,2019,106,20.500000
BALTIMORE,2019,105,20.500000
BALTIMORE,2019,104,
BALTIMORE,2019,103,
BALTIMORE,2019,102,27.500000
BALTIMORE,2019,101,20.000000
BALTIMORE,2019,100,20.000000
BALTIMORE,2019,99,20.000000
BALTIMORE,2019,98,20.000000
BALTIMORE,2019,97,
BALTIMORE,2019,96,
BALTIMORE,2019,95,20.000000
BALTIMORE,2019,94,20.000000
BALTIMORE,2019,93,20.000000
BALTIMORE,2019,92,20.000000
BALTIMORE,2019,91,20.000000
BALTIMORE,2019,90,
BALTIMORE,2019,89,
BALTIMORE,2019,88,20.000000
BALTIMORE,2019,87,20.000000
BALTIMORE,2019,86,20.500000
BALTIMORE,2019,85,20.500000
BALTIMORE,2019,84,20.500000
BALTIMORE,2019,83,
BALTIMORE,2019,82,
BALTIMORE,2019,81,21.500000
BALTIMORE,2019,80,21.500000
BALTIMORE,2019,79,20.000000
BALTIMORE,2019,78,20.000000
BALTIMORE,2019,77,20.000000
BALTIMORE,2019,76,
BALTIMORE,2019,75,
BALTIMORE,2019,74,18.000000
BALTIMORE,2019,73,18.000000
BALTIMORE,2019,72,18.000000
BALTIMORE,2019,71,18.000000
BALTIMORE,2019,70,17.750000
BALTIMORE,2019,69,
BALTIMORE,2019,68,
BALTIMORE,2019,67,15.000000
BALTIMORE,2019,66,15.000000
BALTIMORE,2019,65,15.000000
BALTIMORE,2019,64,15.000000
BALTIMORE,2019,63,15.500000
BALTIMORE,2019,62,
BALTIMORE,2019,61,
BALTIMORE,2019,60,14.250000
BALTIMORE,2019,59,14.375000
BALTIMORE,2019,58,14.750000
BALTIMORE,2019,57,14.750000
BALTIMORE,2019,56,14.750000
BALTIMORE,2019,55,
BALTIMORE,2019,54,
BALTIMORE,2019,53,14.000000
BALTIMORE,2019,52,15.000000
BALTIMORE,2019,51,15.000000
BALTIMORE,2019,50,15.000000
BALTIMORE,2019,49,
BALTIMORE,2019,48,
BALTIMORE,2019,47,
BALTIMORE,2019,46,
BALTIMORE,2019,45,16.500000
BALTIMORE,2019,44,16.500000
BALTIMORE,2019,43,16.500000
BALTIMORE,2019,42,16.500000
BALTIMORE,2019,41,
BALTIMORE,2019,40,
BALTIMORE,2019,39,16.500000
BALTIMORE,2019,38,16.500000
BALTIMORE,2019,37,16.750000
BALTIMORE,2019,36,16.750000
BALTIMORE,2019,35,16.750000
BALTIMORE,2019,34,
BALTIMORE,2019,33,
BALTIMORE,2019,32,17.000000
BALTIMORE,2019,31,17.000000
BALTIMORE,2019,30,17.500000
BALTIMORE,2019,29,17.500000
BALTIMORE,2019,28,18.000000
BALTIMORE,2019,27,
BALTIMORE,2019,26,
BALTIMORE,2019,25,17.500000
BALTIMORE,2019,24,17.500000
BALTIMORE,2019,23,17.500000
BALTIMORE,2019,22,17.500000
BALTIMORE,2019,21,
BALTIMORE,2019,20,
BALTIMORE,2019,19,
BALTIMORE,2019,18,17.000000
BALTIMORE,2019,17,17.000000
BALTIMORE,2019,16,20.000000
BALTIMORE,2019,15,20.000000
BALTIMORE,2019,14,20.000000
BALTIMORE,2019,13,
BALTIMORE,2019,12,
BALTIMORE,2019,11,23.000000
BALTIMORE,2019,10,23.000000
BALTIMORE,2019,9,19.250000
BALTIMORE,2019,8,21.166666
BALTIMORE,2019,7,19.416666
BALTIMORE,2019,6,
BALTIMORE,2019,5,
BALTIMORE,2019,4,21.500000
BALTIMORE,2019,3,20.000000
BALTIMORE,2019,2,20.000000
BOSTON,2019,366,
BOSTON,2019,365,18.666666
BOSTON,2019,364,19.500000
BOSTON,2019,363,
BOSTON,2019,362,
BOSTON,2019,361,19.500000
BOSTON,2019,360,19.500000
BOSTON,2019,359,
BOSTON,2019,358,
BOSTON,2019,357,17.666666
BOSTON,2019,356,
BOSTON,2019,355,
BOSTON,2019,354,17.666666
BOSTON,2019,353,17.666666
BOSTON,2019,352,17.666666
BOSTON,2019,351,17.666666
BOSTON,2019,350,17.666666
BOSTON,2019,349,
BOSTON,2019,348,
BOSTON,2019,347,17.000000
BOSTON,2019,346,17.000000
BOSTON,2019,345,18.000000
BOSTON,2019,344,18.000000
BOSTON,2019,343,18.000000
BOSTON,2019,342,
BOSTON,2019,341,
BOSTON,2019,340,18.000000
BOSTON,2019,339,18.000000
BOSTON,2019,338,18.000000
BOSTON,2019,337,18.000000
BOSTON,2019,336,18.000000
BOSTON,2019,335,
BOSTON,2019,334,
BOSTON,2019,333,18.000000
BOSTON,2019,332,
BOSTON,2019,331,18.000000
BOSTON,2019,330,18.000000
BOSTON,2019,329,18.000000
BOSTON,2019,328,
BOSTON,2019,327,
BOSTON,2019,326,18.000000
BOSTON,2019,325,19.900000
BOSTON,2019,324,19.900000
BOSTON,2019,323,19.900000
BOSTON,2019,322,19.900000
BOSTON,2019,321,
BOSTON,2019,320,
BOSTON,2019,319,19.900000
BOSTON,2019,318,19.900000
BOSTON,2019,317,19.900000
BOSTON,2019,316,19.900000
BOSTON,2019,315,
BOSTON,2019,314,
BOSTON,2019,313,
BOSTON,2019,312,19.900000
BOSTON,2019,311,19.900000
BOSTON,2019,310,19.900000
BOSTON,2019,309,19.900000
BOSTON,2019,308,19.900000
BOSTON,2019,307,
BOSTON,2019,306,
BOSTON,2019,305,19.900000
BOSTON,2019,304,19.900000
BOSTON,2019,303,19.900000
BOSTON,2019,302,19.900000
BOSTON,2019,301,19.900000
BOSTON,2019,300,
BOSTON,2019,299,
BOSTON,2019,298,19.900000
BOSTON,2019,297,19.900000
BOSTON,2019,296,19.900000
BOSTON,2019,295,19.900000
BOSTON,2019,294,19.900000
BOSTON,2019,293,
BOSTON,2019,292,
BOSTON,2019,291,19.900000
BOSTON,2019,290,19.900000
BOSTON,2019,289,19.900000
BOSTON,2019,288,19.600000
BOSTON,2019,287,
BOSTON,2019,286,
BOSTON,2019,285,
BOSTON,2019,284,19.600000
BOSTON,2019,283,19.600000
BOSTON,2019,282,19.600000
BOSTON,2019,281,19.600000
BOSTON,2019,280,19.600000
BOSTON,2019,279,
BOSTON,2019,278,
BOSTON,2019,277,19.600000
BOSTON,2019,276,19.600000
BOSTON,2019,275,19.600000
BOSTON,2019,274,19.600000
BOSTON,2019,273,19.600000
BOSTON,2019,272,
BOSTON,2019,271,
BOSTON,2019,270,19.600000
BOSTON,2019,269,19.600000
BOSTON,2019,268,19.600000
BOSTON,2019,267,19.250000
BOSTON,2019,266,19.250000
BOSTON,2019,265,
BOSTON,2019,264,
BOSTON,2019,263,19.250000
BOSTON,2019,262,19.250000
BOSTON,2019,261,19.250000
BOSTON,2019,260,19.250000
BOSTON,2019,259,19.250000
BOSTON,2019,258,
BOSTON,2019,257,
BOSTON,2019,256,19.250000
BOSTON,2019,255,19.250000
BOSTON,2019,254,19.250000
BOSTON,2019,253,19.250000
BOSTON,2019,252,19.250000
BOSTON,2019,251,
BOSTON,2019,250,
BOSTON,2019,249,19.250000
BOSTON,2019,248,19.250000
BOSTON,2019,247,19.250000
BOSTON,2019,246,20.000000
BOSTON,2019,245,
BOSTON,2019,244,
BOSTON,2019,243,
BOSTON,2019,242,20.000000
BOSTON,2019,241,20.000000
BOSTON,2019,240,20.000000
BOSTON,2019,239,20.000000
BOSTON,2019,238,20.000000
BOSTON,2019,237,
BOSTON,2019,236,
BOSTON,2019,235,22.083333
BOSTON,2019,234,22.083333
BOSTON,2019,233,22.083333
BOSTON,2019,232,22.083333
BOSTON,2019,231,22.083333
BOSTON,2019,230,
BOSTON,2019,229,
BOSTON,2019,228,
BOSTON,2019,227,
BOSTON,2019,226,22.083333
BOSTON,2019,225,22.083333
BOSTON,2019,224,22.083333
BOSTON,2019,223,
BOSTON,2019,222,
BOSTON,2019,221,22.083333
BOSTON,2019,220,22.083333
BOSTON,2019,219,22.083333
BOSTON,2019,218,22.083333
BOSTON,2019,217,22.083333
BOSTON,2019,216,
BOSTON,2019,215,
BOSTON,2019,214,22.083333
BOSTON,2019,213,22.083333
BOSTON,2019,212,22.083333
BOSTON,2019,211,22.083333
BOSTON,2019,210,22.083333
BOSTON,2019,209,
BOSTON,2019,208,
BOSTON,2019,207,22.083333
BOSTON,2019,206,22.083333
BOSTON,2019,205,22.083333
BOSTON,2019,204,22.083333
BOSTON,2019,203,22.083333
BOSTON,2019,202,
BOSTON,2019,201,
BOSTON,2019,200,22.083333
BOSTON,2019,199,22.083333
BOSTON,2019,198,22.083333
BOSTON,2019,197,20.625000
BOSTON,2019,196,20.625000
BOSTON,2019,195,
BOSTON,2019,194,
BOSTON,2019,193,20.625000
BOSTON,2019,192,21.000000
BOSTON,2019,191,21.000000
BOSTON,2019,190,21.000000
BOSTON,2019,189,21.000000
BOSTON,2019,188,
BOSTON,2019,187,
BOSTON,2019,186,21.000000
BOSTON,2019,185,
BOSTON,2019,184,21.000000
BOSTON,2019,183,21.000000
BOSTON,2019,182,21.000000
BOSTON,2019,181,
BOSTON,2019,180,
BOSTON,2019,179,21.000000
BOSTON,2019,178,19.333333
BOSTON,2019,177,19.333333
BOSTON,2019,176,19.333333
BOSTON,2019,175,19.333333
BOSTON,2019,174,
BOSTON,2019,173,
BOSTON,2019,172,19.333333
BOSTON,2019,171,18.333333
BOSTON,2019,170,18.333333
BOSTON,2019,169,18.333333
BOSTON,2019,168,18.333333
BOSTON,2019,167,
BOSTON,2019,166,
BOSTON,2019,165,18.333333
BOSTON,2019,164,18.333333
BOSTON,2019,163,18.333333
BOSTON,2019,162,18.333333
BOSTON,2019,161,18.333333
BOSTON,2019,160,
BOSTON,2019,159,
BOSTON,2019,158,18.333333
BOSTON,2019,157,22.000000
BOSTON,2019,156,22.000000
BOSTON,2019,155,22.000000
BOSTON,2019,154,22.000000
BOSTON,2019,153,
BOSTON,2019,152,
BOSTON,2019,151,22.000000
BOSTON,2019,150,19.000000
BOSTON,2019,149,19.000000
BOSTON,2019,148,19.000000
BOSTON,2019,147,
BOSTON,2019,146,
BOSTON,2019,145,
BOSTON,2019,144,19.000000
BOSTON,2019,143,19.000000
BOSTON,2019,142,19.000000
BOSTON,2019,141,19.000000
BOSTON,2019,140,19.000000
BOSTON,2019,139,
BOSTON,2019,138,
BOSTON,2019,137,19.000000
BOSTON,2019,136,20.000000
BOSTON,2019,135,20.000000
BOSTON,2019,134,20.000000
BOSTON,2019,133,20.000000
BOSTON,2019,132,
BOSTON,2019,131,
BOSTON,2019,130,20.000000
BOSTON,2019,129,20.000000
BOSTON,2019,128,20.000000
BOSTON,2019,127,20.000000
BOSTON,2019,126,18.333333
BOSTON,2019,125,
BOSTON,2019,124,
BOSTON,2019,123,18.333333
BOSTON,2019,122,18.333333
BOSTON,2019,121,18.333333
BOSTON,2019,120,18.333333
BOSTON,2019,119,18.333333
BOSTON,2019,118,
BOSTON,2019,117,
BOSTON,2019,116,18.333333
BOSTON,2019,115,18.333333
BOSTON,2019,114,18.333333
BOSTON,2019,113,18.333333
BOSTON,2019,112,18.333333
BOSTON,2019,111,
BOSTON,2019,110,
BOSTON,2019,109,18.333333
BOSTON,2019,108,18.333333
BOSTON,2019,107,18.333333
BOSTON,2019,106,18.333333
BOSTON,2019,105,18.333333
BOSTON,2019,104,
BOSTON,2019,103,
BOSTON,2019,102,18.333333
BOSTON,2019,101,18.333333
BOSTON,2019,100,18.333333
BOSTON,2019,99,18.333333
BOSTON,2019,98,18.333333
BOSTON,2019,97,
BOSTON,2019,96,
BOSTON,2019,95,18.333333
BOSTON,2019,94,18.666666
BOSTON,2019,93,18.666666
BOSTON,2019,92,18.666666
BOSTON,2019,91,18.666666
BOSTON,2019,90,
BOSTON,2019,89,
BOSTON,2019,88,18.666666
BOSTON,2019,87,18.333333
BOSTON,2019,86,18.333333
BOSTON,2019,85,18.333333
BOSTON,2019,84,18.333333
BOSTON,2019,83,
BOSTON,2019,82,
BOSTON,2019,81,18.333333
BOSTON,2019,80,20.000000
BOSTON,2019,79,20.000000
BOSTON,2019,78,20.000000
BOSTON,2019,77,20.000000
BOSTON,2019,76,
BOSTON,2019,75,
BOSTON,2019,74,20.000000
BOSTON,2019,73,20.000000
BOSTON,2019,72,20.000000
BOSTON,2019,71,20.000000
BOSTON,2019,70,20.000000
BOSTON,2019,69,
BOSTON,2019,68,
BOSTON,2019,67,20.000000
BOSTON,2019,66,20.000000
BOSTON,2019,65,20.000000
BOSTON,2019,64,20.000000
BOSTON,2019,63,20.000000
BOSTON,2019,62,
BOSTON,2019,61,
BOSTON,2019,60,20.000000
BOSTON,2019,59,20.000000
BOSTON,2019,58,20.000000
BOSTON,2019,57,20.000000
BOSTON,2019,56,20.000000
BOSTON,2019,55,
BOSTON,2019,54,
BOSTON,2019,53,20.000000
BOSTON,2019,52,20.000000
BOSTON,2019,51,20.000000
BOSTON,2019,50,20.000000
BOSTON,2019,49,
BOSTON,2019,48,
BOSTON,2019,47,
BOSTON,2019,46,20.000000
BOSTON,2019,45,20.000000
BOSTON,2019,44,20.000000
BOSTON,2019,43,20.000000
BOSTON,2019,42,20.000000
BOSTON,2019,41,
BOSTON,2019,40,
BOSTON,2019,39,20.000000
BOSTON,2019,38,20.000000
BOSTON,2019,37,20.000000
BOSTON,2019,36,20.000000
BOSTON,2019,35,20.000000
BOSTON,2019,34,
BOSTON,2019,33,
BOSTON,2019,32,20.000000
BOSTON,2019,31,20.000000
BOSTON,2019,30,20.000000
BOSTON,2019,29,20.000000
BOSTON,2019,28,20.000000
BOSTON,2019,27,
BOSTON,2019,26,
BOSTON,2019,25,20.000000
BOSTON,2019,24,20.000000
BOSTON,2019,23,20.000000
BOSTON,2019,22,19.666666
BOSTON,2019,21,
BOSTON,2019,20,
BOSTON,2019,19,
BOSTON,2019,18,19.666666
BOSTON,2019,17,19.666666
BOSTON,2019,16,19.666666
BOSTON,2019,15,19.666666
BOSTON,2019,14,19.666666
BOSTON,2019,13,
BOSTON,2019,12,
BOSTON,2019,11,19.666666
BOSTON,2019,10,19.666666
BOSTON,2019,9,19.666666
BOSTON,2019,8,19.666666
BOSTON,2019,7,19.666666
BOSTON,2019,6,
BOSTON,2019,5,
BOSTON,2019,4,19.666666
BOSTON,2019,3,19.666666
BOSTON,2019,2,19.666666
CHICAGO,2019,366,
CHICAGO,2019,365,19.166666
CHICAGO,2019,364,19.166666
CHICAGO,2019,363,
CHICAGO,2019,362,
CHICAGO,2019,361,19.166666
CHICAGO,2019,360,
CHICAGO,2019,359,
CHICAGO,2019,358,
CHICAGO,2019,357,19.166666
CHICAGO,2019,356,
CHICAGO,2019,355,
CHICAGO,2019,354,19.166666
CHICAGO,2019,353,
CHICAGO,2019,352,19.166666
CHICAGO,2019,351,
CHICAGO,2019,350,19.166666
CHICAGO,2019,349,
CHICAGO,2019,348,
CHICAGO,2019,347,19.166666
CHICAGO,2019,346,19.166666
CHICAGO,2019,345,19.166666
CHICAGO,2019,344,19.166666
CHICAGO,2019,343,19.166666
CHICAGO,2019,342,
CHICAGO,2019,341,
CHICAGO,2019,340,19.166666
CHICAGO,2019,339,19.166666
CHICAGO,2019,338,19.166666
CHICAGO,2019,337,19.166666
CHICAGO,2019,336,19.166666
CHICAGO,2019,335,
CHICAGO,2019,334,
CHICAGO,2019,333,19.166666
CHICAGO,2019,332,
CHICAGO,2019,331,19.166666
CHICAGO,2019,330,19.166666
CHICAGO,2019,329,19.166666
CHICAGO,2019,328,
CHICAGO,2019,327,
CHICAGO,2019,326,19.166666
CHICAGO,2019,325,19.166666
CHICAGO,2019,324,19.166666
CHICAGO,2019,323,19.166666
CHICAGO,2019,322,19.166666
CHICAGO,2019,321,
CHICAGO,2019,320,
CHICAGO,2019,319,19.166666
CHICAGO,2019,318,19.166666
CHICAGO,2019,317,19.100000
CHICAGO,2019,316,19.100000
CHICAGO,2019,315,
CHICAGO,2019,314,
CHICAGO,2019,313,
CHICAGO,2019,312,19.100000
CHICAGO,2019,311,19.100000
CHICAGO,2019,310,19.100000
CHICAGO,2019,309,19.100000
CHICAGO,2019,308,19.100000
CHICAGO,2019,307,
CHICAGO,2019,306,
CHICAGO,2019,305,19.100000
CHICAGO,2019,304,19.100000
CHICAGO,2019,303,19.100000
CHICAGO,2019,302,19.100000
CHICAGO,2019,301,19.100000
CHICAGO,2019,300,
CHICAGO,2019,299,
CHICAGO,2019,298,19.100000
CHICAGO,2019,297,19.100000
CHICAGO,2019,296,19.100000
CHICAGO,2019,295,19.100000
CHICAGO,2019,294,19.100000
CHICAGO,2019,293,
CHICAGO,2019,292,
CHICAGO,2019,291,19.100000
CHICAGO,2019,290,19.916666
CHICAGO,2019,289,19.916666
CHICAGO,2019,288,19.916666
CHICAGO,2019,287,
CHICAGO,2019,286,
CHICAGO,2019,285,
CHICAGO,2019,284,19.916666
CHICAGO,2019,283,19.916666
CHICAGO,2019,282,19.916666
CHICAGO,2019,281,19.437500
CHICAGO,2019,280,19.437500
CHICAGO,2019,279,
CHICAGO,2019,278,
CHICAGO,2019,277,19.437500
CHICAGO,2019,276,19.437500
CHICAGO,2019,275,19.437500
CHICAGO,2019,274,19.437500
CHICAGO,2019,273,19.062500
CHICAGO,2019,272,
CHICAGO,2019,271,
CHICAGO,2019,270,19.062500
CHICAGO,2019,269,19.062500
CHICAGO,2019,268,19.062500
CHICAGO,2019,267,19.062500
CHICAGO,2019,266,19.062500
CHICAGO,2019,265,
CHICAGO,2019,264,
CHICAGO,2019,263,19.062500
CHICAGO,2019,262,19.062500
CHICAGO,2019,261,19.062500
CHICAGO,2019,260,19.000000
CHICAGO,2019,259,19.000000
CHICAGO,2019,258,
CHICAGO,2019,257,
CHICAGO,2019,256,19.000000
CHICAGO,2019,255,19.000000
CHICAGO,2019,254,19.000000
CHICAGO,2019,253,19.000000
CHICAGO,2019,252,19.000000
CHICAGO,2019,251,
CHICAGO,2019,250,
CHICAGO,2019,249,19.000000
CHICAGO,2019,248,
CHICAGO,2019,247,19.000000
CHICAGO,2019,246,
CHICAGO,2019,245,
CHICAGO,2019,244,
CHICAGO,2019,243,
CHICAGO,2019,242,19.000000
CHICAGO,2019,241,19.714285
CHICAGO,2019,240,19.714285
CHICAGO,2019,239,19.714285
CHICAGO,2019,238,19.750000
CHICAGO,2019,237,
CHICAGO,2019,236,
CHICAGO,2019,235,19.583333
CHICAGO,2019,234,19.583333
CHICAGO,2019,233,19.583333
CHICAGO,2019,232,20.100000
CHICAGO,2019,231,20.100000
CHICAGO,2019,230,
CHICAGO,2019,229,
CHICAGO,2019,228,
CHICAGO,2019,227,
CHICAGO,2019,226,20.100000
CHICAGO,2019,225,
CHICAGO,2019,224,20.400000
CHICAGO,2019,223,
CHICAGO,2019,222,
CHICAGO,2019,221,20.400000
CHICAGO,2019,220,
CHICAGO,2019,219,20.750000
CHICAGO,2019,218,
CHICAGO,2019,217,20.071428
CHICAGO,2019,216,
CHICAGO,2019,215,
CHICAGO,2019,214,20.071428
CHICAGO,2019,213,
CHICAGO,2019,212,20.500000
CHICAGO,2019,211,
CHICAGO,2019,210,20.500000
CHICAGO,2019,209,
CHICAGO,2019,208,
CHICAGO,2019,207,20.500000
CHICAGO,2019,206,
CHICAGO,2019,205,20.500000
CHICAGO,2019,204,
CHICAGO,2019,203,20.500000
CHICAGO,2019,202,
CHICAGO,2019,201,
CHICAGO,2019,200,20.000000
CHICAGO,2019,199,
CHICAGO,2019,198,20.000000
CHICAGO,2019,197,
CHICAGO,2019,196,20.000000
CHICAGO,2019,195,
CHICAGO,2019,194,
CHICAGO,2019,193,20.000000
CHICAGO,2019,192,
CHICAGO,2019,191,20.000000
CHICAGO,2019,190,
CHICAGO,2019,189,19.583333
CHICAGO,2019,188,
CHICAGO,2019,187,
CHICAGO,2019,186,19.583333
CHICAGO,2019,185,
CHICAGO,2019,184,19.583333
CHICAGO,2019,183,
CHICAGO,2019,182,19.583333
CHICAGO,2019,181,
CHICAGO,2019,180,
CHICAGO,2019,179,19.583333
CHICAGO,2019,178,
CHICAGO,2019,177,19.583333
CHICAGO,2019,176,
CHICAGO,2019,175,19.500000
CHICAGO,2019,174,
CHICAGO,2019,173,
CHICAGO,2019,172,19.250000
CHICAGO,2019,171,
CHICAGO,2019,170,18.583333
CHICAGO,2019,169,
CHICAGO,2019,168,18.583333
CHICAGO,2019,167,
CHICAGO,2019,166,
CHICAGO,2019,165,18.583333
CHICAGO,2019,164,
CHICAGO,2019,163,18.583333
CHICAGO,2019,162,
CHICAGO,2019,161,18.583333
CHICAGO,2019,160,
CHICAGO,2019,159,
CHICAGO,2019,158,18.583333
CHICAGO,2019,157,
CHICAGO,2019,156,18.583333
CHICAGO,2019,155,
CHICAGO,2019,154,18.583333
CHICAGO,2019,153,
CHICAGO,2019,152,
CHICAGO,2019,151,18.583333
CHICAGO,2019,150,
CHICAGO,2019,149,18.583333
CHICAGO,2019,148,
CHICAGO,2019,147,
CHICAGO,2019,146,
CHICAGO,2019,145,
CHICAGO,2019,144,18.300000
CHICAGO,2019,143,
CHICAGO,2019,142,18.300000
CHICAGO,2019,141,
CHICAGO,2019,140,18.300000
CHICAGO,2019,139,
CHICAGO,2019,138,
CHICAGO,2019,137,18.300000
CHICAGO,2019,136,
CHICAGO,2019,135,18.300000
CHICAGO,2019,134,
CHICAGO,2019,133,18.500000
CHICAGO,2019,132,
CHICAGO,2019,131,
CHICAGO,2019,130,18.500000
CHICAGO,2019,129,
CHICAGO,2019,128,19.375000
CHICAGO,2019,127,
CHICAGO,2019,126,19.250000
CHICAGO,2019,125,
CHICAGO,2019,124,
CHICAGO,2019,123,19.500000
CHICAGO,2019,122,19.500000
CHICAGO,2019,121,19.500000
CHICAGO,2019,120,19.500000
CHICAGO,2019,119,19.500000
CHICAGO,2019,118,
CHICAGO,2019,117,
CHICAGO,2019,116,19.500000
CHICAGO,2019,115,
CHICAGO,2019,114,19.500000
CHICAGO,2019,113,19.500000
CHICAGO,2019,112,19.250000
CHICAGO,2019,111,
CHICAGO,2019,110,
CHICAGO,2019,109,19.250000
CHICAGO,2019,108,19.250000
CHICAGO,2019,107,19.250000
CHICAGO,2019,106,
CHICAGO,2019,105,
CHICAGO,2019,104,
CHICAGO,2019,103,
CHICAGO,2019,102,
CHICAGO,2019,101,
CHICAGO,2019,100,19.250000
CHICAGO,2019,99,
CHICAGO,2019,98,19.250000
CHICAGO,2019,97,
CHICAGO,2019,96,
CHICAGO,2019,95,19.250000
CHICAGO,2019,94,19.250000
CHICAGO,2019,93,19.250000
CHICAGO,2019,92,17.900000
CHICAGO,2019,91,17.900000
CHICAGO,2019,90,
CHICAGO,2019,89,
CHICAGO,2019,88,17.900000
CHICAGO,2019,87,17.900000
CHICAGO,2019,86,19.300000
CHICAGO,2019,85,19.300000
CHICAGO,2019,84,19.300000
CHICAGO,2019,83,
CHICAGO,2019,82,
CHICAGO,2019,81,19.375000
CHICAGO,2019,80,19.375000
CHICAGO,2019,79,19.375000
CHICAGO,2019,78,19.375000
CHICAGO,2019,77,19.375000
CHICAGO,2019,76,
CHICAGO,2019,75,
CHICAGO,2019,74,19.375000
CHICAGO,2019,73,19.375000
CHICAGO,2019,72,19.375000
CHICAGO,2019,71,19.375000
CHICAGO,2019,70,19.375000
CHICAGO,2019,69,
CHICAGO,2019,68,
CHICAGO,2019,67,19.375000
CHICAGO,2019,66,19.375000
CHICAGO,2019,65,19.375000
CHICAGO,2019,64,19.375000
CHICAGO,2019,63,19.375000
CHICAGO,2019,62,
CHICAGO,2019,61,
CHICAGO,2019,60,19.375000
CHICAGO,2019,59,19.375000
CHICAGO,2019,58,19.375000
CHICAGO,2019,57,19.375000
CHICAGO,2019,56,19.375000
CHICAGO,2019,55,
CHICAGO,2019,54,
CHICAGO,2019,53,19.375000
CHICAGO,2019,52,19.375000
CHICAGO,2019,51,19.375000
CHICAGO,2019,50,19.375000
CHICAGO,2019,49,
CHICAGO,2019,48,
CHICAGO,2019,47,
CHICAGO,2019,46,19.375000
CHICAGO,2019,45,19.375000
CHICAGO,2019,44,19.187500
CHICAGO,2019,43,19.187500
CHICAGO,2019,42,19.187500
CHICAGO,2019,41,
CHICAGO,2019,40,
CHICAGO,2019,39,19.187500
CHICAGO,2019,38,19.187500
CHICAGO,2019,37,19.187500
CHICAGO,2019,36,19.187500
CHICAGO,2019,35,23.950000
CHICAGO,2019,34,
CHICAGO,2019,33,
CHICAGO,2019,32,23.950000
CHICAGO,2019,31,23.950000
CHICAGO,2019,30,23.950000
CHICAGO,2019,29,23.950000
CHICAGO,2019,28,19.050000
CHICAGO,2019,27,
CHICAGO,2019,26,
CHICAGO,2019,25,19.050000
CHICAGO,2019,24,19.050000
CHICAGO,2019,23,19.050000
CHICAGO,2019,22,19.050000
CHICAGO,2019,21,
CHICAGO,2019,20,
CHICAGO,2019,19,
CHICAGO,2019,18,19.050000
CHICAGO,2019,17,19.050000
CHICAGO,2019,16,19.050000
CHICAGO,2019,15,19.050000
CHICAGO,2019,14,18.900000
CHICAGO,2019,13,
CHICAGO,2019,12,
CHICAGO,2019,11,18.800000
CHICAGO,2019,10,18.800000
CHICAGO,2019,9,
CHICAGO,2019,8,17.500000
CHICAGO,2019,7,17.500000
CHICAGO,2019,6,
CHICAGO,2019,5,
CHICAGO,2019,4,17.500000
CHICAGO,2019,3,17.500000
CHICAGO,2019,2,
COLUMBIA,2019,366,
COLUMBIA,2019,365,27.000000
COLUMBIA,2019,364,27.000000
COLUMBIA,2019,363,
COLUMBIA,2019,362,
COLUMBIA,2019,361,27.000000
COLUMBIA,2019,360,
COLUMBIA,2019,359,
COLUMBIA,2019,358,
COLUMBIA,2019,357,27.000000
COLUMBIA,2019,356,
COLUMBIA,2019,355,
COLUMBIA,2019,354,27.000000
COLUMBIA,2019,353,27.000000
COLUMBIA,2019,352,27.000000
COLUMBIA,2019,351,27.000000
COLUMBIA,2019,350,27.500000
COLUMBIA,2019,349,
COLUMBIA,2019,348,
COLUMBIA,2019,347,27.500000
COLUMBIA,2019,346,27.500000
COLUMBIA,2019,345,27.500000
COLUMBIA,2019,344,27.500000
COLUMBIA,2019,343,27.500000
COLUMBIA,2019,342,
COLUMBIA,2019,341,
COLUMBIA,2019,340,27.500000
COLUMBIA,2019,339,27.500000
COLUMBIA,2019,338,27.500000
COLUMBIA,2019,337,27.500000
COLUMBIA,2019,336,27.500000
COLUMBIA,2019,335,
COLUMBIA,2019,334,
COLUMBIA,2019,333,
COLUMBIA,2019,332,
COLUMBIA,2019,331,21.000000
COLUMBIA,2019,330,21.000000
COLUMBIA,2019,329,21.000000
COLUMBIA,2019,328,
COLUMBIA,2019,327,
COLUMBIA,2019,326,21.000000
COLUMBIA,2019,325,21.000000
COLUMBIA,2019,324,21.000000
COLUMBIA,2019,323,21.000000
COLUMBIA,2019,322,21.000000
COLUMBIA,2019,321,
COLUMBIA,2019,320,
COLUMBIA,2019,319,21.000000
COLUMBIA,2019,318,21.000000
COLUMBIA,2019,317,21.000000
COLUMBIA,2019,316,21.000000
COLUMBIA,2019,315,
COLUMBIA,2019,314,
COLUMBIA,2019,313,
COLUMBIA,2019,312,21.000000
COLUMBIA,2019,311,21.000000
COLUMBIA,2019,310,21.000000
COLUMBIA,2019,309,21.000000
COLUMBIA,2019,308,21.000000
COLUMBIA,2019,307,
COLUMBIA,2019,306,
COLUMBIA,2019,305,22.500000
COLUMBIA,2019,304,22.500000
COLUMBIA,2019,303,23.250000
COLUMBIA,2019,302,23.250000
COLUMBIA,2019,301,23.250000
COLUMBIA,2019,300,
COLUMBIA,2019,299,
COLUMBIA,2019,298,24.833333
COLUMBIA,2019,297,24.833333
COLUMBIA,2019,296,24.833333
COLUMBIA,2019,295,24.833333
COLUMBIA,2019,294,
COLUMBIA,2019,293,
COLUMBIA,2019,292,
COLUMBIA,2019,291,24.833333
COLUMBIA,2019,290,24.833333
COLUMBIA,2019,289,24.833333
COLUMBIA,2019,288,24.833333
COLUMBIA,2019,287,24.833333
COLUMBIA,2019,286,
COLUMBIA,2019,285,
COLUMBIA,2019,284,24.083333
COLUMBIA,2019,283,24.083333
COLUMBIA,2019,282,25.125000
COLUMBIA,2019,281,25.125000
COLUMBIA,2019,280,25.125000
COLUMBIA,2019,279,
COLUMBIA,2019,278,
COLUMBIA,2019,277,25.125000
COLUMBIA,2019,276,25.125000
COLUMBIA,2019,275,25.125000
COLUMBIA,2019,274,25.125000
COLUMBIA,2019,273,25.125000
COLUMBIA,2019,272,
COLUMBIA,2019,271,
COLUMBIA,2019,270,25.125000
COLUMBIA,2019,269,25.125000
COLUMBIA,2019,268,25.125000
COLUMBIA,2019,267,25.125000
COLUMBIA,2019,266,25.125000
COLUMBIA,2019,265,
COLUMBIA,2019,264,
COLUMBIA,2019,263,25.125000
COLUMBIA,2019,262,25.125000
COLUMBIA,2019,261,22.250000
COLUMBIA,2019,260,22.250000
COLUMBIA,2019,259,22.250000
COLUMBIA,2019,258,
COLUMBIA,2019,257,
COLUMBIA,2019,256,25.125000
COLUMBIA,2019,255,22.250000
COLUMBIA,2019,254,22.250000
COLUMBIA,2019,253,22.250000
COLUMBIA,2019,252,22.250000
COLUMBIA,2019,251,
COLUMBIA,2019,250,
COLUMBIA,2019,249,22.250000
COLUMBIA,2019,248,22.250000
COLUMBIA,2019,247,22.250000
COLUMBIA,2019,246,
COLUMBIA,2019,245,
COLUMBIA,2019,244,
COLUMBIA,2019,243,
COLUMBIA,2019,242,20.750000
COLUMBIA,2019,241,20.750000
COLUMBIA,2019,240,20.750000
COLUMBIA,2019,239,20.750000
COLUMBIA,2019,238,20.750000
COLUMBIA,2019,237,
COLUMBIA,2019,236,
COLUMBIA,2019,235,23.250000
COLUMBIA,2019,234,23.250000
COLUMBIA,2019,233,23.250000
COLUMBIA,2019,232,23.250000
COLUMBIA,2019,231,23.250000
COLUMBIA,2019,230,
COLUMBIA,2019,229,
COLUMBIA,2019,228,23.250000
COLUMBIA,2019,227,23.250000
COLUMBIA,2019,226,23.250000
COLUMBIA,2019,225,23.250000
COLUMBIA,2019,224,23.250000
COLUMBIA,2019,223,
COLUMBIA,2019,222,
COLUMBIA,2019,221,22.875000
COLUMBIA,2019,220,22.875000
COLUMBIA,2019,219,22.875000
COLUMBIA,2019,218,25.750000
COLUMBIA,2019,217,23.250000
COLUMBIA,2019,216,
COLUMBIA,2019,215,
COLUMBIA,2019,214,23.250000
COLUMBIA,2019,213,23.250000
COLUMBIA,2019,212,23.250000
COLUMBIA,2019,211,23.250000
COLUMBIA,2019,210,23.250000
COLUMBIA,2019,209,
COLUMBIA,2019,208,
COLUMBIA,2019,207,23.250000
COLUMBIA,2019,206,23.250000
COLUMBIA,2019,205,23.250000
COLUMBIA,2019,204,23.250000
COLUMBIA,2019,203,23.250000
COLUMBIA,2019,202,
COLUMBIA,2019,201,
COLUMBIA,2019,200,21.500000
COLUMBIA,2019,199,21.500000
COLUMBIA,2019,198,21.500000
COLUMBIA,2019,197,21.500000
COLUMBIA,2019,196,21.500000
COLUMBIA,2019,195,
COLUMBIA,2019,194,
COLUMBIA,2019,193,20.333333
COLUMBIA,2019,192,23.000000
COLUMBIA,2019,191,23.000000
COLUMBIA,2019,190,23.000000
COLUMBIA,2019,189,23.000000
COLUMBIA,2019,188,
COLUMBIA,2019,187,
COLUMBIA,2019,186,23.000000
COLUMBIA,2019,185,
COLUMBIA,2019,184,23.000000
COLUMBIA,2019,183,23.000000
COLUMBIA,2019,182,23.000000
COLUMBIA,2019,181,
COLUMBIA,2019,180,
COLUMBIA,2019,179,23.500000
COLUMBIA,2019,178,23.500000
COLUMBIA,2019,177,23.500000
COLUMBIA,2019,176,23.500000
COLUMBIA,2019,175,23.500000
COLUMBIA,2019,174,
COLUMBIA,2019,173,
COLUMBIA,2019,172,24.625000
COLUMBIA,2019,171,24.625000
COLUMBIA,2019,170,24.625000
COLUMBIA,2019,169,24.625000
COLUMBIA,2019,168,24.625000
COLUMBIA,2019,167,
COLUMBIA,2019,166,
COLUMBIA,2019,165,24.625000
COLUMBIA,2019,164,24.625000
COLUMBIA,2019,163,24.625000
COLUMBIA,2019,162,24.625000
COLUMBIA,2019,161,24.625000
COLUMBIA,2019,160,
COLUMBIA,2019,159,
COLUMBIA,2019,158,24.625000
COLUMBIA,2019,157,24.625000
COLUMBIA,2019,156,24.625000
COLUMBIA,2019,155,24.625000
COLUMBIA,2019,154,24.625000
COLUMBIA,2019,153,
COLUMBIA,2019,152,
COLUMBIA,2019,151,25.666666
COLUMBIA,2019,150,25.666666
COLUMBIA,2019,149,25.666666
COLUMBIA,2019,148,25.666666
COLUMBIA,2019,147,
COLUMBIA,2019,146,
COLUMBIA,2019,145,
COLUMBIA,2019,144,25.666666
COLUMBIA,2019,143,25.500000
COLUMBIA,2019,142,25.500000
COLUMBIA,2019,141,25.500000
COLUMBIA,2019,140,25.500000
COLUMBIA,2019,139,
COLUMBIA,2019,138,
COLUMBIA,2019,137,26.000000
COLUMBIA,2019,136,26.000000
COLUMBIA,2019,135,26.000000
COLUMBIA,2019,134,26.000000
COLUMBIA,2019,133,25.500000
COLUMBIA,2019,132,
COLUMBIA,2019,131,
COLUMBIA,2019,130,
COLUMBIA,2019,129,27.166666
COLUMBIA,2019,128,27.166666
COLUMBIA,2019,127,27.750000
COLUMBIA,2019,126,27.750000
COLUMBIA,2019,125,
COLUMBIA,2019,124,
COLUMBIA,2019,123,32.000000
COLUMBIA,2019,122,32.000000
COLUMBIA,2019,121,32.000000
COLUMBIA,2019,120,32.000000
COLUMBIA,2019,119,32.000000
COLUMBIA,2019,118,
COLUMBIA,2019,117,
COLUMBIA,2019,116,30.000000
COLUMBIA,2019,115,30.000000
COLUMBIA,2019,114,30.000000
COLUMBIA,2019,113,30.000000
COLUMBIA,2019,112,26.000000
COLUMBIA,2019,111,
COLUMBIA,2019,110,
COLUMBIA,2019,109,23.500000
COLUMBIA,2019,108,23.500000
COLUMBIA,2019,107,23.500000
COLUMBIA,2019,106,23.250000
COLUMBIA,2019,105,23.250000
COLUMBIA,2019,104,
COLUMBIA,2019,103,
COLUMBIA,2019,102,23.250000
COLUMBIA,2019,101,23.250000
COLUMBIA,2019,100,22.500000
COLUMBIA,2019,99,22.500000
COLUMBIA,2019,98,22.500000
COLUMBIA,2019,97,
COLUMBIA,2019,96,
COLUMBIA,2019,95,22.750000
COLUMBIA,2019,94,22.750000
COLUMBIA,2019,93,22.750000
COLUMBIA,2019,92,21.500000
COLUMBIA,2019,91,21.500000
COLUMBIA,2019,90,
COLUMBIA,2019,89,
COLUMBIA,2019,88,21.500000
COLUMBIA,2019,87,21.500000
COLUMBIA,2019,86,21.500000
COLUMBIA,2019,85,21.500000
COLUMBIA,2019,84,
COLUMBIA,2019,83,
COLUMBIA,2019,82,
COLUMBIA,2019,81,22.500000
COLUMBIA,2019,80,22.500000
COLUMBIA,2019,79,22.500000
COLUMBIA,2019,78,22.500000
COLUMBIA,2019,77,22.500000
COLUMBIA,2019,76,
COLUMBIA,2019,75,
COLUMBIA,2019,74,22.500000
COLUMBIA,2019,73,22.500000
COLUMBIA,2019,72,22.500000
COLUMBIA,2019,71,22.500000
COLUMBIA,2019,70,21.000000
COLUMBIA,2019,69,
COLUMBIA,2019,68,
COLUMBIA,2019,67,21.250000
COLUMBIA,2019,66,21.250000
COLUMBIA,2019,65,21.250000
COLUMBIA,2019,64,21.250000
COLUMBIA,2019,63,21.250000
COLUMBIA,2019,62,
COLUMBIA,2019,61,
COLUMBIA,2019,60,21.250000
COLUMBIA,2019,59,21.250000
COLUMBIA,2019,58,21.250000
COLUMBIA,2019,57,21.250000
COLUMBIA,2019,56,21.250000
COLUMBIA,2019,55,
COLUMBIA,2019,54,
COLUMBIA,2019,53,21.000000
COLUMBIA,2019,52,21.000000
COLUMBIA,2019,51,21.000000
COLUMBIA,2019,50,21.000000
COLUMBIA,2019,49,
COLUMBIA,2019,48,
COLUMBIA,2019,47,
COLUMBIA,2019,46,20.750000
COLUMBIA,2019,45,20.750000
COLUMBIA,2019,44,21.750000
COLUMBIA,2019,43,21.750000
COLUMBIA,2019,42,21.750000
COLUMBIA,2019,41,
COLUMBIA,2019,40,
COLUMBIA,2019,39,23.000000
COLUMBIA,2019,38,24.000000
COLUMBIA,2019,37,24.000000
COLUMBIA,2019,36,24.000000
COLUMBIA,2019,35,24.000000
COLUMBIA,2019,34,
COLUMBIA,2019,33,
COLUMBIA,2019,32,24.000000
COLUMBIA,2019,31,24.000000
COLUMBIA,2019,30,24.000000
COLUMBIA,2019,29,24.000000
COLUMBIA,2019,28,
COLUMBIA,2019,27,
COLUMBIA,2019,26,
COLUMBIA,2019,25,23.750000
COLUMBIA,2019,24,22.500000
COLUMBIA,2019,23,22.500000
COLUMBIA,2019,22,22.500000
COLUMBIA,2019,21,
COLUMBIA,2019,20,
COLUMBIA,2019,19,
COLUMBIA,2019,18,21.000000
COLUMBIA,2019,17,21.000000
COLUMBIA,2019,16,21.000000
COLUMBIA,2019,15,21.000000
COLUMBIA,2019,14,21.000000
COLUMBIA,2019,13,
COLUMBIA,2019,12,
COLUMBIA,2019,11,28.000000
COLUMBIA,2019,10,28.000000
COLUMBIA,2019,9,28.000000
COLUMBIA,2019,8,28.000000
COLUMBIA,2019,7,28.000000
COLUMBIA,2019,6,
COLUMBIA,2019,5,
COLUMBIA,2019,4,28.000000
COLUMBIA,2019,3,28.000000
COLUMBIA,2019,2,28.000000
MIAMI,2019,366,
MIAMI,2019,365,21.000000
MIAMI,2019,364,21.000000
MIAMI,2019,363,
MIAMI,2019,362,
MIAMI,2019,361,21.000000
MIAMI,2019,360,21.000000
MIAMI,2019,359,
MIAMI,2019,358,
MIAMI,2019,357,21.000000
MIAMI,2019,356,
MIAMI,2019,355,
MIAMI,2019,354,21.000000
MIAMI,2019,353,21.000000
MIAMI,2019,352,21.000000
MIAMI,2019,351,21.000000
MIAMI,2019,350,21.000000
MIAMI,2019,349,
MIAMI,2019,348,
MIAMI,2019,347,21.000000
MIAMI,2019,346,21.000000
MIAMI,2019,345,21.000000
MIAMI,2019,344,21.000000
MIAMI,2019,343,21.000000
MIAMI,2019,342,
MIAMI,2019,341,
MIAMI,2019,340,21.000000
MIAMI,2019,339,21.000000
MIAMI,2019,338,21.000000
MIAMI,2019,337,21.000000
MIAMI,2019,336,21.000000
MIAMI,2019,335,
MIAMI,2019,334,
MIAMI,2019,333,21.000000
MIAMI,2019,332,
MIAMI,2019,331,21.000000
MIAMI,2019,330,21.000000
MIAMI,2019,329,21.000000
MIAMI,2019,328,
MIAMI,2019,327,
MIAMI,2019,326,21.000000
MIAMI,2019,325,21.000000
MIAMI,2019,324,21.000000
MIAMI,2019,323,21.000000
MIAMI,2019,322,21.000000
MIAMI,2019,321,
MIAMI,2019,320,
MIAMI,2019,319,21.000000
MIAMI,2019,318,21.000000
MIAMI,2019,317,21.000000
MIAMI,2019,316,21.000000
MIAMI,2019,315,
MIAMI,2019,314,
MIAMI,2019,313,
MIAMI,2019,312,21.000000
MIAMI,2019,311,21.000000
MIAMI,2019,310,21.000000
MIAMI,2019,309,21.000000
MIAMI,2019,308,21.000000
MIAMI,2019,307,
MIAMI,2019,306,
MIAMI,2019,305,21.000000
MIAMI,2019,304,21.000000
MIAMI,2019,303,21.000000
MIAMI,2019,302,21.000000
MIAMI,2019,301,21.000000
MIAMI,2019,300,
MIAMI,2019,299,
MIAMI,2019,298,21.000000
MIAMI,2019,297,21.000000
MIAMI,2019,296,21.000000
MIAMI,2019,295,21.000000
MIAMI,2019,294,21.000000
MIAMI,2019,293,
MIAMI,2019,292,
MIAMI,2019,291,21.000000
MIAMI,2019,290,21.000000
MIAMI,2019,289,21.000000
MIAMI,2019,288,21.000000
MIAMI,2019,287,
MIAMI,2019,286,
MIAMI,2019,285,
MIAMI,2019,284,21.000000
MIAMI,2019,283,21.000000
MIAMI,2019,282,21.000000
MIAMI,2019,281,21.000000
MIAMI,2019,280,21.000000
MIAMI,2019,279,
MIAMI,2019,278,
MIAMI,2019,277,21.000000
MIAMI,2019,276,21.000000
MIAMI,2019,275,21.000000
MIAMI,2019,274,21.000000
MIAMI,2019,273,21.000000
MIAMI,2019,272,
MIAMI,2019,271,
MIAMI,2019,270,21.000000
MIAMI,2019,269,21.000000
MIAMI,2019,268,21.000000
MIAMI,2019,267,21.000000
MIAMI,2019,266,21.000000
MIAMI,2019,265,
MIAMI,2019,264,
MIAMI,2019,263,21.000000
MIAMI,2019,262,21.000000
MIAMI,2019,261,21.000000
MIAMI,2019,260,21.000000
MIAMI,2019,259,21.000000
MIAMI,2019,258,
MIAMI,2019,257,
MIAMI,2019,256,21.000000
MIAMI,2019,255,21.000000
MIAMI,2019,254,21.000000
MIAMI,2019,253,21.000000
MIAMI,2019,252,21.000000
MIAMI,2019,251,
MIAMI,2019,250,
MIAMI,2019,249,21.000000
MIAMI,2019,248,21.000000
MIAMI,2019,247,21.000000
MIAMI,2019,246,21.000000
MIAMI,2019,245,
MIAMI,2019,244,
MIAMI,2019,243,
MIAMI,2019,242,21.000000
MIAMI,2019,241,21.000000
MIAMI,2019,240,21.000000
MIAMI,2019,239,21.000000
MIAMI,2019,238,21.000000
MIAMI,2019,237,
MIAMI,2019,236,
MIAMI,2019,235,21.000000
MIAMI,2019,234,21.000000
MIAMI,2019,233,21.000000
MIAMI,2019,232,21.000000
MIAMI,2019,231,21.000000
MIAMI,2019,230,
MIAMI,2019,229,
MIAMI,2019,228,
MIAMI,2019,227,
MIAMI,2019,226,21.000000
MIAMI,2019,225,21.000000
MIAMI,2019,224,21.000000
MIAMI,2019,223,
MIAMI,2019,222,
MIAMI,2019,221,21.000000
MIAMI,2019,220,21.000000
MIAMI,2019,219,21.000000
MIAMI,2019,218,21.000000
MIAMI,2019,217,21.000000
MIAMI,2019,216,
MIAMI,2019,215,
MIAMI,2019,214,21.000000
MIAMI,2019,213,21.000000
MIAMI,2019,212,21.000000
MIAMI,2019,211,21.000000
MIAMI,2019,210,21.000000
MIAMI,2019,209,
MIAMI,2019,208,
MIAMI,2019,207,21.000000
MIAMI,2019,206,21.000000
MIAMI,2019,205,21.000000
MIAMI,2019,204,21.000000
MIAMI,2019,203,21.000000
MIAMI,2019,202,
MIAMI,2019,201,
MIAMI,2019,200,21.000000
MIAMI,2019,199,21.000000
MIAMI,2019,198,21.000000
MIAMI,2019,197,21.000000
MIAMI,2019,196,21.000000
MIAMI,2019,195,
MIAMI,2019,194,
MIAMI,2019,193,21.000000
MIAMI,2019,192,21.000000
MIAMI,2019,191,21.000000
MIAMI,2019,190,21.000000
MIAMI,2019,189,21.000000
MIAMI,2019,188,
MIAMI,2019,187,
MIAMI,2019,186,21.000000
MIAMI,2019,185,
MIAMI,2019,184,21.000000
MIAMI,2019,183,21.000000
MIAMI,2019,182,21.000000
MIAMI,2019,181,
MIAMI,2019,180,
MIAMI,2019,179,21.000000
MIAMI,2019,178,21.000000
MIAMI,2019,177,21.000000
MIAMI,2019,176,21.000000
MIAMI,2019,175,21.000000
MIAMI,2019,174,
MIAMI,2019,173,
MIAMI,2019,172,21.000000
MIAMI,2019,171,21.000000
MIAMI,2019,170,21.000000
MIAMI,2019,169,21.000000
MIAMI,2019,168,21.000000
MIAMI,2019,167,
MIAMI,2019,166,
MIAMI,2019,165,21.000000
MIAMI,2019,164,21.000000
MIAMI,2019,163,21.000000
MIAMI,2019,162,21.000000
MIAMI,2019,161,21.000000
MIAMI,2019,160,
MIAMI,2019,159,
MIAMI,2019,158,21.000000
MIAMI,2019,157,21.000000
MIAMI,2019,156,21.000000
MIAMI,2019,155,21.000000
MIAMI,2019,154,21.000000
MIAMI,2019,153,
MIAMI,2019,152,
MIAMI,2019,151,21.000000
MIAMI,2019,150,21.000000
MIAMI,2019,149,21.000000
MIAMI,2019,148,21.000000
MIAMI,2019,147,
MIAMI,2019,146,
MIAMI,2019,145,
MIAMI,2019,144,21.000000
MIAMI,2019,143,21.000000
MIAMI,2019,142,21.000000
MIAMI,2019,141,21.000000
MIAMI,2019,140,21.000000
MIAMI,2019,139,
MIAMI,2019,138,
MIAMI,2019,137,21.000000
MIAMI,2019,136,21.000000
MIAMI,2019,135,21.000000
MIAMI,2019,134,21.000000
MIAMI,2019,133,21.000000
MIAMI,2019,132,
MIAMI,2019,131,
MIAMI,2019,130,21.000000
MIAMI,2019,129,21.000000
MIAMI,2019,128,21.000000
MIAMI,2019,127,21.000000
MIAMI,2019,126,21.000000
MIAMI,2019,125,
MIAMI,2019,124,
MIAMI,2019,123,21.000000
MIAMI,2019,122,21.000000
MIAMI,2019,121,21.000000
MIAMI,2019,120,21.000000
MIAMI,2019,119,21.000000
MIAMI,2019,118,
MIAMI,2019,117,
MIAMI,2019,116,21.000000
MIAMI,2019,115,21.000000
MIAMI,2019,114,21.000000
MIAMI,2019,113,21.000000
MIAMI,2019,112,21.000000
MIAMI,2019,111,
MIAMI,2019,110,
MIAMI,2019,109,21.000000
MIAMI,2019,108,21.000000
MIAMI,2019,107,21.000000
MIAMI,2019,106,21.000000
MIAMI,2019,105,21.000000
MIAMI,2019,104,
MIAMI,2019,103,
MIAMI,2019,102,21.000000
MIAMI,2019,101,21.000000
MIAMI,2019,100,21.000000
MIAMI,2019,99,21.000000
MIAMI,2019,98,21.000000
MIAMI,2019,97,
MIAMI,2019,96,
MIAMI,2019,95,21.000000
MIAMI,2019,94,21.000000
MIAMI,2019,93,21.000000
MIAMI,2019,92,21.000000
MIAMI,2019,91,21.000000
MIAMI,2019,90,
MIAMI,2019,89,
MIAMI,2019,88,21.000000
MIAMI,2019,87,21.000000
MIAMI,2019,86,21.500000
MIAMI,2019,85,21.500000
MIAMI,2019,84,21.500000
MIAMI,2019,83,
MIAMI,2019,82,
MIAMI,2019,81,21.500000
MIAMI,2019,80,21.500000
MIAMI,2019,79,21.500000
MIAMI,2019,78,21.500000
MIAMI,2019,77,21.500000
MIAMI,2019,76,
MIAMI,2019,75,
MIAMI,2019,74,21.500000
MIAMI,2019,73,21.500000
MIAMI,2019,72,21.500000
MIAMI,2019,71,21.500000
MIAMI,2019,70,21.500000
MIAMI,2019,69,
MIAMI,2019,68,
MIAMI,2019,67,21.500000
MIAMI,2019,66,21.500000
MIAMI,2019,65,21.500000
MIAMI,2019,64,21.500000
MIAMI,2019,63,21.500000
MIAMI,2019,62,
MIAMI,2019,61,
MIAMI,2019,60,21.500000
MIAMI,2019,59,21.500000
MIAMI,2019,58,21.500000
MIAMI,2019,57,21.500000
MIAMI,2019,56,21.500000
MIAMI,2019,55,
MIAMI,2019,54,
MIAMI,2019,53,21.500000
MIAMI,2019,52,21.500000
MIAMI,2019,51,21.500000
MIAMI,2019,50,21.500000
MIAMI,2019,49,
MIAMI,2019,48,
MIAMI,2019,47,
MIAMI,2019,46,21.500000
MIAMI,2019,45,21.500000
MIAMI,2019,44,21.500000
MIAMI,2019,43,21.500000
MIAMI,2019,42,21.500000
MIAMI,2019,41,
MIAMI,2019,40,
MIAMI,2019,39,21.500000
MIAMI,2019,38,21.500000
MIAMI,2019,37,21.500000
MIAMI,2019,36,21.500000
MIAMI,2019,35,21.500000
MIAMI,2019,34,
MIAMI,2019,33,
MIAMI,2019,32,21.500000
MIAMI,2019,31,21.500000
MIAMI,2019,30,21.500000
MIAMI,2019,29,21.500000
MIAMI,2019,28,21.500000
MIAMI,2019,27,
MIAMI,2019,26,
MIAMI,2019,25,21.500000
MIAMI,2019,24,21.500000
MIAMI,2019,23,21.500000
MIAMI,2019,22,21.500000
MIAMI,2019,21,
MIAMI,2019,20,
MIAMI,2019,19,
MIAMI,2019,18,21.500000
MIAMI,2019,17,21.500000
MIAMI,2019,16,22.250000
MIAMI,2019,15,22.250000
MIAMI,2019,14,22.250000
MIAMI,2019,13,
MIAMI,2019,12,
MIAMI,2019,11,22.250000
MIAMI,2019,10,22.250000
MIAMI,2019,9,22.250000
MIAMI,2019,8,22.250000
MIAMI,2019,7,22.250000
MIAMI,2019,6,
MIAMI,2019,5,
MIAMI,2019,4,22.250000
MIAMI,2019,3,22.250000
MIAMI,2019,2,22.250000
NEW YORK,2019,366,
NEW YORK,2019,365,27.000000
NEW YORK,2019,364,27.000000
NEW YORK,2019,363,
NEW YORK,2019,362,
NEW YORK,2019,361,16.250000
NEW YORK,2019,360,
NEW YORK,2019,359,
NEW YORK,2019,358,
NEW YORK,2019,357,27.000000
NEW YORK,2019,356,
NEW YORK,2019,355,
NEW YORK,2019,354,27.000000
NEW YORK,2019,353,27.000000
NEW YORK,2019,352,27.000000
NEW YORK,2019,351,27.000000
NEW YORK,2019,350,27.000000
NEW YORK,2019,349,
NEW YORK,2019,348,
NEW YORK,2019,347,27.000000
NEW YORK,2019,346,27.000000
NEW YORK,2019,345,27.000000
NEW YORK,2019,344,27.000000
NEW YORK,2019,343,27.000000
NEW YORK,2019,342,
NEW YORK,2019,341,
NEW YORK,2019,340,27.000000
NEW YORK,2019,339,27.000000
NEW YORK,2019,338,27.000000
NEW YORK,2019,337,27.000000
NEW YORK,2019,336,24.000000
NEW YORK,2019,335,
NEW YORK,2019,334,
NEW YORK,2019,333,
NEW YORK,2019,332,
NEW YORK,2019,331,24.000000
NEW YORK,2019,330,24.000000
NEW YORK,2019,329,24.000000
NEW YORK,2019,328,
NEW YORK,2019,327,
NEW YORK,2019,326,24.000000
NEW YORK,2019,325,24.000000
NEW YORK,2019,324,24.000000
NEW YORK,2019,323,24.000000
NEW YORK,2019,322,24.000000
NEW YORK,2019,321,
NEW YORK,2019,320,
NEW YORK,2019,319,27.000000
NEW YORK,2019,318,27.000000
NEW YORK,2019,317,27.000000
NEW YORK,2019,316,29.000000
NEW YORK,2019,315,
NEW YORK,2019,314,
NEW YORK,2019,313,
NEW YORK,2019,312,26.500000
NEW YORK,2019,311,26.500000
NEW YORK,2019,310,26.500000
NEW YORK,2019,309,26.500000
NEW YORK,2019,308,
NEW YORK,2019,307,
NEW YORK,2019,306,
NEW YORK,2019,305,25.000000
NEW YORK,2019,304,26.000000
NEW YORK,2019,303,26.000000
NEW YORK,2019,302,26.000000
NEW YORK,2019,301,26.000000
NEW YORK,2019,300,
NEW YORK,2019,299,
NEW YORK,2019,298,
NEW YORK,2019,297,30.000000
NEW YORK,2019,296,30.000000
NEW YORK,2019,295,30.000000
NEW YORK,2019,294,30.000000
NEW YORK,2019,293,
NEW YORK,2019,292,
NEW YORK,2019,291,27.000000
NEW YORK,2019,290,27.000000
NEW YORK,2019,289,27.000000
NEW YORK,2019,288,
NEW YORK,2019,287,
NEW YORK,2019,286,
NEW YORK,2019,285,
NEW YORK,2019,284,23.000000
NEW YORK,2019,283,23.000000
NEW YORK,2019,282,23.000000
NEW YORK,2019,281,23.000000
NEW YORK,2019,280,23.000000
NEW YORK,2019,279,
NEW YORK,2019,278,
NEW YORK,2019,277,
NEW YORK,2019,276,
NEW YORK,2019,275,
NEW YORK,2019,274,
NEW YORK,2019,273,
NEW YORK,2019,272,
NEW YORK,2019,271,
NEW YORK,2019,270,
NEW YORK,2019,269,
NEW YORK,2019,268,
NEW YORK,2019,267,
NEW YORK,2019,266,
NEW YORK,2019,265,
NEW YORK,2019,264,
NEW YORK,2019,263,
NEW YORK,2019,262,
NEW YORK,2019,261,
NEW YORK,2019,260,
NEW YORK,2019,259,
NEW YORK,2019,258,
NEW YORK,2019,257,
NEW YORK,2019,256,
NEW YORK,2019,255,
NEW YORK,2019,254,
NEW YORK,2019,253,
NEW YORK,2019,252,
NEW YORK,2019,251,
NEW YORK,2019,250,
NEW YORK,2019,249,
NEW YORK,2019,248,
NEW YORK,2019,247,
NEW YORK,2019,246,
NEW YORK,2019,245,
NEW YORK,2019,244,
NEW YORK,2019,243,
NEW YORK,2019,242,
NEW YORK,2019,241,
NEW YORK,2019,240,
NEW YORK,2019,239,
NEW YORK,2019,238,
NEW YORK,2019,237,
NEW YORK,2019,236,
NEW YORK,2019,235,
NEW YORK,2019,234,
NEW YORK,2019,233,22.000000
NEW YORK,2019,232,22.000000
NEW YORK,2019,231,22.000000
NEW YORK,2019,230,
NEW YORK,2019,229,
NEW YORK,2019,228,
NEW YORK,2019,227,
NEW YORK,2019,226,22.000000
NEW YORK,2019,225,22.000000
NEW YORK,2019,224,22.000000
NEW YORK,2019,223,
NEW YORK,2019,222,
NEW YORK,2019,221,
NEW YORK,2019,220,
NEW YORK,2019,219,
NEW YORK,2019,218,
NEW YORK,2019,217,
NEW YORK,2019,216,
NEW YORK,2019,215,
NEW YORK,2019,214,
NEW YORK,2019,213,
NEW YORK,2019,212,
NEW YORK,2019,211,
NEW YORK,2019,210,
NEW YORK,2019,209,
NEW YORK,2019,208,
NEW YORK,2019,207,
NEW YORK,2019,206,
NEW YORK,2019,205,27.000000
NEW YORK,2019,204,27.000000
NEW YORK,2019,203,18.666666
NEW YORK,2019,202,
NEW YORK,2019,201,
NEW YORK,2019,200,15.000000
NEW YORK,2019,199,15.000000
NEW YORK,2019,198,15.000000
NEW YORK,2019,197,15.000000
NEW YORK,2019,196,15.000000
NEW YORK,2019,195,
NEW YORK,2019,194,
NEW YORK,2019,193,23.500000
NEW YORK,2019,192,23.500000
NEW YORK,2019,191,23.500000
NEW YORK,2019,190,
NEW YORK,2019,189,
NEW YORK,2019,188,
NEW YORK,2019,187,
NEW YORK,2019,186,
NEW YORK,2019,185,
NEW YORK,2019,184,
NEW YORK,2019,183,
NEW YORK,2019,182,
NEW YORK,2019,181,
NEW YORK,2019,180,
NEW YORK,2019,179,27.000000
NEW YORK,2019,178,27.000000
NEW YORK,2019,177,27.000000
NEW YORK,2019,176,27.000000
NEW YORK,2019,175,27.000000
NEW YORK,2019,174,
NEW YORK,2019,173,
NEW YORK,2019,172,27.000000
NEW YORK,2019,171,27.000000
NEW YORK,2019,170,
NEW YORK,2019,169,
NEW YORK,2019,168,
NEW YORK,2019,167,
NEW YORK,2019,166,
NEW YORK,2019,165,
NEW YORK,2019,164,
NEW YORK,2019,163,
NEW YORK,2019,162,
NEW YORK,2019,161,
NEW YORK,2019,160,
NEW YORK,2019,159,
NEW YORK,2019,158,31.000000
NEW YORK,2019,157,31.000000
NEW YORK,2019,156,31.000000
NEW YORK,2019,155,
NEW YORK,2019,154,
NEW YORK,2019,153,
NEW YORK,2019,152,
NEW YORK,2019,151,
NEW YORK,2019,150,
NEW YORK,2019,149,
NEW YORK,2019,148,
NEW YORK,2019,147,
NEW YORK,2019,146,
NEW YORK,2019,145,
NEW YORK,2019,144,28.000000
NEW YORK,2019,143,28.000000
NEW YORK,2019,142,28.000000
NEW YORK,2019,141,28.000000
NEW YORK,2019,140,28.000000
NEW YORK,2019,139,
NEW YORK,2019,138,
NEW YORK,2019,137,28.000000
NEW YORK,2019,136,28.000000
NEW YORK,2019,135,28.000000
NEW YORK,2019,134,
NEW YORK,2019,133,
NEW YORK,2019,132,
NEW YORK,2019,131,
NEW YORK,2019,130,24.000000
NEW YORK,2019,129,24.000000
NEW YORK,2019,128,24.000000
NEW YORK,2019,127,24.000000
NEW YORK,2019,126,
NEW YORK,2019,125,
NEW YORK,2019,124,
NEW YORK,2019,123,
NEW YORK,2019,122,
NEW YORK,2019,121,
NEW YORK,2019,120,
NEW YORK,2019,119,
NEW YORK,2019,118,
NEW YORK,2019,117,
NEW YORK,2019,116,
NEW YORK,2019,115,
NEW YORK,2019,114,
NEW YORK,2019,113,
NEW YORK,2019,112,
NEW YORK,2019,111,
NEW YORK,2019,110,
NEW YORK,2019,109,
NEW YORK,2019,108,29.000000
NEW YORK,2019,107,
NEW YORK,2019,106,
NEW YORK,2019,105,
NEW YORK,2019,104,
NEW YORK,2019,103,
NEW YORK,2019,102,
NEW YORK,2019,101,9.000000
NEW YORK,2019,100,20.000000
NEW YORK,2019,99,
NEW YORK,2019,98,
NEW YORK,2019,97,
NEW YORK,2019,96,
NEW YORK,2019,95,24.000000
NEW YORK,2019,94,24.000000
NEW YORK,2019,93,24.000000
NEW YORK,2019,92,24.000000
NEW YORK,2019,91,24.000000
NEW YORK,2019,90,
NEW YORK,2019,89,
NEW YORK,2019,88,
NEW YORK,2019,87,
NEW YORK,2019,86,25.000000
NEW YORK,2019,85,
NEW YORK,2019,84,
NEW YORK,2019,83,
NEW YORK,2019,82,
NEW YORK,2019,81,27.000000
NEW YORK,2019,80,27.000000
NEW YORK,2019,79,
NEW YORK,2019,78,
NEW YORK,2019,77,
NEW YORK,2019,76,
NEW YORK,2019,75,
NEW YORK,2019,74,20.000000
NEW YORK,2019,73,20.000000
NEW YORK,2019,72,20.000000
NEW YORK,2019,71,20.000000
NEW YORK,2019,70,20.000000
NEW YORK,2019,69,
NEW YORK,2019,68,
NEW YORK,2019,67,20.000000
NEW YORK,2019,66,23.500000
NEW YORK,2019,65,20.000000
NEW YORK,2019,64,20.000000
NEW YORK,2019,63,20.000000
NEW YORK,2019,62,
NEW YORK,2019,61,
NEW YORK,2019,60,17.500000
NEW YORK,2019,59,17.500000
NEW YORK,2019,58,17.500000
NEW YORK,2019,57,17.500000
NEW YORK,2019,56,17.500000
NEW YORK,2019,55,
NEW YORK,2019,54,
NEW YORK,2019,53,20.500000
NEW YORK,2019,52,21.333333
NEW YORK,2019,51,20.500000
NEW YORK,2019,50,
NEW YORK,2019,49,
NEW YORK,2019,48,
NEW YORK,2019,47,
NEW YORK,2019,46,
NEW YORK,2019,45,
NEW YORK,2019,44,23.500000
NEW YORK,2019,43,22.000000
NEW YORK,2019,42,
NEW YORK,2019,41,
NEW YORK,2019,40,
NEW YORK,2019,39,
NEW YORK,2019,38,
NEW YORK,2019,37,
NEW YORK,2019,36,
NEW YORK,2019,35,
NEW YORK,2019,34,
NEW YORK,2019,33,
NEW YORK,2019,32,21.000000
NEW YORK,2019,31,21.000000
NEW YORK,2019,30,21.000000
NEW YORK,2019,29,21.000000
NEW YORK,2019,28,21.000000
NEW YORK,2019,27,
NEW YORK,2019,26,
NEW YORK,2019,25,29.000000
NEW YORK,2019,24,
NEW YORK,2019,23,
NEW YORK,2019,22,
NEW YORK,2019,21,
NEW YORK,2019,20,
NEW YORK,2019,19,
NEW YORK,2019,18,
NEW YORK,2019,17,20.000000
NEW YORK,2019,16,20.000000
NEW YORK,2019,15,20.000000
NEW YORK,2019,14,
NEW YORK,2019,13,
NEW YORK,2019,12,
NEW YORK,2019,11,20.000000
NEW YORK,2019,10,20.000000
NEW YORK,2019,9,20.000000
NEW YORK,2019,8,
NEW YORK,2019,7,
NEW YORK,2019,6,
NEW YORK,2019,5,
NEW YORK,2019,4,30.000000
NEW YORK,2019,3,
NEW YORK,2019,2,
PHILADELPHIA,2019,366,
PHILADELPHIA,2019,365,25.000000
PHILADELPHIA,2019,364,25.000000
PHILADELPHIA,2019,363,
PHILADELPHIA,2019,362,
PHILADELPHIA,2019,361,22.375000
PHILADELPHIA,2019,360,25.833333
PHILADELPHIA,2019,359,
PHILADELPHIA,2019,358,
PHILADELPHIA,2019,357,26.000000
PHILADELPHIA,2019,356,
PHILADELPHIA,2019,355,
PHILADELPHIA,2019,354,23.666666
PHILADELPHIA,2019,353,23.666666
PHILADELPHIA,2019,352,23.666666
PHILADELPHIA,2019,351,23.666666
PHILADELPHIA,2019,350,24.500000
PHILADELPHIA,2019,349,
PHILADELPHIA,2019,348,
PHILADELPHIA,2019,347,28.500000
PHILADELPHIA,2019,346,28.500000
PHILADELPHIA,2019,345,28.500000
PHILADELPHIA,2019,344,28.500000
PHILADELPHIA,2019,343,28.500000
PHILADELPHIA,2019,342,
PHILADELPHIA,2019,341,
PHILADELPHIA,2019,340,27.250000
PHILADELPHIA,2019,339,27.250000
PHILADELPHIA,2019,338,27.125000
PHILADELPHIA,2019,337,25.500000
PHILADELPHIA,2019,336,26.166666
PHILADELPHIA,2019,335,
PHILADELPHIA,2019,334,
PHILADELPHIA,2019,333,
PHILADELPHIA,2019,332,
PHILADELPHIA,2019,331,26.166666
PHILADELPHIA,2019,330,26.000000
PHILADELPHIA,2019,329,26.000000
PHILADELPHIA,2019,328,
PHILADELPHIA,2019,327,
PHILADELPHIA,2019,326,26.166666
PHILADELPHIA,2019,325,26.166666
PHILADELPHIA,2019,324,26.166666
PHILADELPHIA,2019,323,26.166666
PHILADELPHIA,2019,322,26.166666
PHILADELPHIA,2019,321,
PHILADELPHIA,2019,320,
PHILADELPHIA,2019,319,26.833333
PHILADELPHIA,2019,318,26.833333
PHILADELPHIA,2019,317,26.833333
PHILADELPHIA,2019,316,27.000000
PHILADELPHIA,2019,315,
PHILADELPHIA,2019,314,
PHILADELPHIA,2019,313,
PHILADELPHIA,2019,312,21.250000
PHILADELPHIA,2019,311,21.250000
PHILADELPHIA,2019,310,21.250000
PHILADELPHIA,2019,309,20.000000
PHILADELPHIA,2019,308,20.000000
PHILADELPHIA,2019,307,
PHILADELPHIA,2019,306,
PHILADELPHIA,2019,305,22.000000
PHILADELPHIA,2019,304,25.333333
PHILADELPHIA,2019,303,25.333333
PHILADELPHIA,2019,302,25.333333
PHILADELPHIA,2019,301,25.333333
PHILADELPHIA,2019,300,
PHILADELPHIA,2019,299,
PHILADELPHIA,2019,298,22.125000
PHILADELPHIA,2019,297,22.500000
PHILADELPHIA,2019,296,22.500000
PHILADELPHIA,2019,295,21.250000
PHILADELPHIA,2019,294,27.000000
PHILADELPHIA,2019,293,
PHILADELPHIA,2019,292,
PHILADELPHIA,2019,291,
PHILADELPHIA,2019,290,
PHILADELPHIA,2019,289,
PHILADELPHIA,2019,288,
PHILADELPHIA,2019,287,
PHILADELPHIA,2019,286,
PHILADELPHIA,2019,285,
PHILADELPHIA,2019,284,21.833333
PHILADELPHIA,2019,283,21.833333
PHILADELPHIA,2019,282,21.750000
PHILADELPHIA,2019,281,20.250000
PHILADELPHIA,2019,280,20.250000
PHILADELPHIA,2019,279,
PHILADELPHIA,2019,278,
PHILADELPHIA,2019,277,20.250000
PHILADELPHIA,2019,276,24.500000
PHILADELPHIA,2019,275,24.500000
PHILADELPHIA,2019,274,24.500000
PHILADELPHIA,2019,273,25.000000
PHILADELPHIA,2019,272,
PHILADELPHIA,2019,271,
PHILADELPHIA,2019,270,19.750000
PHILADELPHIA,2019,269,19.750000
PHILADELPHIA,2019,268,19.750000
PHILADELPHIA,2019,267,19.750000
PHILADELPHIA,2019,266,17.666666
PHILADELPHIA,2019,265,
PHILADELPHIA,2019,264,
PHILADELPHIA,2019,263,20.000000
PHILADELPHIA,2019,262,20.000000
PHILADELPHIA,2019,261,20.000000
PHILADELPHIA,2019,260,17.000000
PHILADELPHIA,2019,259,17.000000
PHILADELPHIA,2019,258,
PHILADELPHIA,2019,257,
PHILADELPHIA,2019,256,20.500000
PHILADELPHIA,2019,255,20.500000
PHILADELPHIA,2019,254,20.500000
PHILADELPHIA,2019,253,20.500000
PHILADELPHIA,2019,252,18.500000
PHILADELPHIA,2019,251,
PHILADELPHIA,2019,250,
PHILADELPHIA,2019,249,19.500000
PHILADELPHIA,2019,248,19.500000
PHILADELPHIA,2019,247,19.500000
PHILADELPHIA,2019,246,19.500000
PHILADELPHIA,2019,245,
PHILADELPHIA,2019,244,
PHILADELPHIA,2019,243,
PHILADELPHIA,2019,242,18.333333
PHILADELPHIA,2019,241,19.500000
PHILADELPHIA,2019,240,18.500000
PHILADELPHIA,2019,239,18.500000
PHILADELPHIA,2019,238,18.500000
PHILADELPHIA,2019,237,
PHILADELPHIA,2019,236,
PHILADELPHIA,2019,235,17.666666
PHILADELPHIA,2019,234,17.666666
PHILADELPHIA,2019,233,17.666666
PHILADELPHIA,2019,232,17.666666
PHILADELPHIA,2019,231,19.666666
PHILADELPHIA,2019,230,
PHILADELPHIA,2019,229,
PHILADELPHIA,2019,228,19.666666
PHILADELPHIA,2019,227,19.666666
PHILADELPHIA,2019,226,19.666666
PHILADELPHIA,2019,225,
PHILADELPHIA,2019,224,19.666666
PHILADELPHIA,2019,223,
PHILADELPHIA,2019,222,
PHILADELPHIA,2019,221,22.000000
PHILADELPHIA,2019,220,22.000000
PHILADELPHIA,2019,219,22.000000
PHILADELPHIA,2019,218,
PHILADELPHIA,2019,217,22.000000
PHILADELPHIA,2019,216,
PHILADELPHIA,2019,215,
PHILADELPHIA,2019,214,22.833333
PHILADELPHIA,2019,213,22.833333
PHILADELPHIA,2019,212,22.833333
PHILADELPHIA,2019,211,22.833333
PHILADELPHIA,2019,210,21.750000
PHILADELPHIA,2019,209,
PHILADELPHIA,2019,208,
PHILADELPHIA,2019,207,24.500000
PHILADELPHIA,2019,206,24.500000
PHILADELPHIA,2019,205,24.500000
PHILADELPHIA,2019,204,24.500000
PHILADELPHIA,2019,203,27.000000
PHILADELPHIA,2019,202,
PHILADELPHIA,2019,201,
PHILADELPHIA,2019,200,26.500000
PHILADELPHIA,2019,199,26.500000
PHILADELPHIA,2019,198,26.500000
PHILADELPHIA,2019,197,23.000000
PHILADELPHIA,2019,196,23.750000
PHILADELPHIA,2019,195,
PHILADELPHIA,2019,194,
PHILADELPHIA,2019,193,23.750000
PHILADELPHIA,2019,192,23.750000
PHILADELPHIA,2019,191,23.750000
PHILADELPHIA,2019,190,23.750000
PHILADELPHIA,2019,189,23.500000
PHILADELPHIA,2019,188,
PHILADELPHIA,2019,187,
PHILADELPHIA,2019,186,23.500000
PHILADELPHIA,2019,185,
PHILADELPHIA,2019,184,23.500000
PHILADELPHIA,2019,183,23.500000
PHILADELPHIA,2019,182,23.000000
PHILADELPHIA,2019,181,
PHILADELPHIA,2019,180,
PHILADELPHIA,2019,179,22.000000
PHILADELPHIA,2019,178,22.000000
PHILADELPHIA,2019,177,22.000000
PHILADELPHIA,2019,176,22.000000
PHILADELPHIA,2019,175,22.500000
PHILADELPHIA,2019,174,
PHILADELPHIA,2019,173,
PHILADELPHIA,2019,172,22.666666
PHILADELPHIA,2019,171,22.666666
PHILADELPHIA,2019,170,22.666666
PHILADELPHIA,2019,169,22.666666
PHILADELPHIA,2019,168,18.000000
PHILADELPHIA,2019,167,
PHILADELPHIA,2019,166,
PHILADELPHIA,2019,165,18.000000
PHILADELPHIA,2019,164,18.000000
PHILADELPHIA,2019,163,18.000000
PHILADELPHIA,2019,162,18.000000
PHILADELPHIA,2019,161,18.000000
PHILADELPHIA,2019,160,
PHILADELPHIA,2019,159,
PHILADELPHIA,2019,158,20.000000
PHILADELPHIA,2019,157,20.000000
PHILADELPHIA,2019,156,20.000000
PHILADELPHIA,2019,155,20.000000
PHILADELPHIA,2019,154,21.000000
PHILADELPHIA,2019,153,
PHILADELPHIA,2019,152,
PHILADELPHIA,2019,151,21.000000
PHILADELPHIA,2019,150,20.666666
PHILADELPHIA,2019,149,20.666666
PHILADELPHIA,2019,148,20.666666
PHILADELPHIA,2019,147,
PHILADELPHIA,2019,146,
PHILADELPHIA,2019,145,
PHILADELPHIA,2019,144,21.000000
PHILADELPHIA,2019,143,22.000000
PHILADELPHIA,2019,142,22.000000
PHILADELPHIA,2019,141,19.000000
PHILADELPHIA,2019,140,24.000000
PHILADELPHIA,2019,139,
PHILADELPHIA,2019,138,
PHILADELPHIA,2019,137,26.500000
PHILADELPHIA,2019,136,26.500000
PHILADELPHIA,2019,135,26.500000
PHILADELPHIA,2019,134,26.500000
PHILADELPHIA,2019,133,26.500000
PHILADELPHIA,2019,132,
PHILADELPHIA,2019,131,
PHILADELPHIA,2019,130,26.000000
PHILADELPHIA,2019,129,26.000000
PHILADELPHIA,2019,128,26.000000
PHILADELPHIA,2019,127,26.000000
PHILADELPHIA,2019,126,26.000000
PHILADELPHIA,2019,125,
PHILADELPHIA,2019,124,
PHILADELPHIA,2019,123,27.500000
PHILADELPHIA,2019,122,27.500000
PHILADELPHIA,2019,121,27.500000
PHILADELPHIA,2019,120,26.250000
PHILADELPHIA,2019,119,20.625000
PHILADELPHIA,2019,118,
PHILADELPHIA,2019,117,
PHILADELPHIA,2019,116,
PHILADELPHIA,2019,115,20.625000
PHILADELPHIA,2019,114,
PHILADELPHIA,2019,113,20.625000
PHILADELPHIA,2019,112,
PHILADELPHIA,2019,111,
PHILADELPHIA,2019,110,
PHILADELPHIA,2019,109,19.875000
PHILADELPHIA,2019,108,19.875000
PHILADELPHIA,2019,107,19.875000
PHILADELPHIA,2019,106,20.000000
PHILADELPHIA,2019,105,20.000000
PHILADELPHIA,2019,104,
PHILADELPHIA,2019,103,
PHILADELPHIA,2019,102,20.500000
PHILADELPHIA,2019,101,20.500000
PHILADELPHIA,2019,100,20.500000
PHILADELPHIA,2019,99,20.500000
PHILADELPHIA,2019,98,20.250000
PHILADELPHIA,2019,97,
PHILADELPHIA,2019,96,
PHILADELPHIA,2019,95,31.500000
PHILADELPHIA,2019,94,31.500000
PHILADELPHIA,2019,93,31.500000
PHILADELPHIA,2019,92,31.500000
PHILADELPHIA,2019,91,31.600000
PHILADELPHIA,2019,90,
PHILADELPHIA,2019,89,
PHILADELPHIA,2019,88,31.600000
PHILADELPHIA,2019,87,31.600000
PHILADELPHIA,2019,86,31.600000
PHILADELPHIA,2019,85,31.600000
PHILADELPHIA,2019,84,20.000000
PHILADELPHIA,2019,83,
PHILADELPHIA,2019,82,
PHILADELPHIA,2019,81,21.500000
PHILADELPHIA,2019,80,21.500000
PHILADELPHIA,2019,79,21.500000
PHILADELPHIA,2019,78,21.500000
PHILADELPHIA,2019,77,18.375000
PHILADELPHIA,2019,76,
PHILADELPHIA,2019,75,
PHILADELPHIA,2019,74,20.625000
PHILADELPHIA,2019,73,20.625000
PHILADELPHIA,2019,72,20.625000
PHILADELPHIA,2019,71,20.625000
PHILADELPHIA,2019,70,20.625000
PHILADELPHIA,2019,69,
PHILADELPHIA,2019,68,
PHILADELPHIA,2019,67,16.100000
PHILADELPHIA,2019,66,16.100000
PHILADELPHIA,2019,65,16.100000
PHILADELPHIA,2019,64,17.375000
PHILADELPHIA,2019,63,17.125000
PHILADELPHIA,2019,62,
PHILADELPHIA,2019,61,
PHILADELPHIA,2019,60,17.125000
PHILADELPHIA,2019,59,17.125000
PHILADELPHIA,2019,58,17.125000
PHILADELPHIA,2019,57,
PHILADELPHIA,2019,56,17.625000
PHILADELPHIA,2019,55,
PHILADELPHIA,2019,54,
PHILADELPHIA,2019,53,16.625000
PHILADELPHIA,2019,52,16.625000
PHILADELPHIA,2019,51,16.625000
PHILADELPHIA,2019,50,16.625000
PHILADELPHIA,2019,49,
PHILADELPHIA,2019,48,
PHILADELPHIA,2019,47,
PHILADELPHIA,2019,46,17.250000
PHILADELPHIA,2019,45,17.250000
PHILADELPHIA,2019,44,17.250000
PHILADELPHIA,2019,43,17.250000
PHILADELPHIA,2019,42,17.250000
PHILADELPHIA,2019,41,
PHILADELPHIA,2019,40,
PHILADELPHIA,2019,39,17.750000
PHILADELPHIA,2019,38,17.750000
PHILADELPHIA,2019,37,17.750000
PHILADELPHIA,2019,36,17.875000
PHILADELPHIA,2019,35,18.833333
PHILADELPHIA,2019,34,
PHILADELPHIA,2019,33,
PHILADELPHIA,2019,32,18.375000
PHILADELPHIA,2019,31,18.375000
PHILADELPHIA,2019,30,18.375000
PHILADELPHIA,2019,29,18.375000
PHILADELPHIA,2019,28,18.250000
PHILADELPHIA,2019,27,
PHILADELPHIA,2019,26,
PHILADELPHIA,2019,25,19.500000
PHILADELPHIA,2019,24,19.500000
PHILADELPHIA,2019,23,19.500000
PHILADELPHIA,2019,22,19.500000
PHILADELPHIA,2019,21,
PHILADELPHIA,2019,20,
PHILADELPHIA,2019,19,
PHILADELPHIA,2019,18,20.125000
PHILADELPHIA,2019,17,20.125000
PHILADELPHIA,2019,16,18.833333
PHILADELPHIA,2019,15,18.833333
PHILADELPHIA,2019,14,20.250000
PHILADELPHIA,2019,13,
PHILADELPHIA,2019,12,
PHILADELPHIA,2019,11,24.125000
PHILADELPHIA,2019,10,24.125000
PHILADELPHIA,2019,9,22.375000
PHILADELPHIA,2019,8,22.375000
PHILADELPHIA,2019,7,23.833333
PHILADELPHIA,2019,6,
PHILADELPHIA,2019,5,
PHILADELPHIA,2019,4,19.500000
PHILADELPHIA,2019,3,19.500000
PHILADELPHIA,2019,2,19.166666
BALTIMORE,2018,366,
BALTIMORE,2018,365,24.000000
BALTIMORE,2018,364,
BALTIMORE,2018,363,
BALTIMORE,2018,362,25.250000
BALTIMORE,2018,361,21.500000
BALTIMORE,2018,360,20.500000
BALTIMORE,2018,359,
BALTIMORE,2018,358,
BALTIMORE,2018,357,
BALTIMORE,2018,356,
BALTIMORE,2018,355,20.500000
BALTIMORE,2018,354,20.000000
BALTIMORE,2018,353,22.250000
BALTIMORE,2018,352,22.250000
BALTIMORE,2018,351,22.250000
BALTIMORE,2018,350,
BALTIMORE,2018,349,
BALTIMORE,2018,348,20.500000
BALTIMORE,2018,347,20.500000
BALTIMORE,2018,346,20.000000
BALTIMORE,2018,345,20.000000
BALTIMORE,2018,344,20.000000
BALTIMORE,2018,343,
BALTIMORE,2018,342,
BALTIMORE,2018,341,21.500000
BALTIMORE,2018,340,21.500000
BALTIMORE,2018,339,20.000000
BALTIMORE,2018,338,20.000000
BALTIMORE,2018,337,20.000000
BALTIMORE,2018,336,
BALTIMORE,2018,335,
BALTIMORE,2018,334,21.000000
BALTIMORE,2018,333,21.000000
BALTIMORE,2018,332,21.500000
BALTIMORE,2018,331,21.500000
BALTIMORE,2018,330,21.500000
BALTIMORE,2018,329,
BALTIMORE,2018,328,
BALTIMORE,2018,327,23.000000
BALTIMORE,2018,326,
BALTIMORE,2018,325,23.000000
BALTIMORE,2018,324,23.000000
BALTIMORE,2018,323,19.500000
BALTIMORE,2018,322,
BALTIMORE,2018,321,
BALTIMORE,2018,320,19.500000
BALTIMORE,2018,319,23.000000
BALTIMORE,2018,318,22.000000
BALTIMORE,2018,317,22.000000
BALTIMORE,2018,316,
BALTIMORE,2018,315,
BALTIMORE,2018,314,
BALTIMORE,2018,313,20.250000
BALTIMORE,2018,312,20.833333
BALTIMORE,2018,311,21.000000
BALTIMORE,2018,310,18.750000
BALTIMORE,2018,309,18.750000
BALTIMORE,2018,308,
BALTIMORE,2018,307,
BALTIMORE,2018,306,21.000000
BALTIMORE,2018,305,21.000000
BALTIMORE,2018,304,20.833333
BALTIMORE,2018,303,21.333333
BALTIMORE,2018,302,21.333333
BALTIMORE,2018,301,
BALTIMORE,2018,300,
BALTIMORE,2018,299,18.333333
BALTIMORE,2018,298,18.333333
BALTIMORE,2018,297,18.333333
BALTIMORE,2018,296,18.333333
BALTIMORE,2018,295,18.333333
BALTIMORE,2018,294,
BALTIMORE,2018,293,
BALTIMORE,2018,292,17.500000
BALTIMORE,2018,291,17.500000
BALTIMORE,2018,290,18.833333
BALTIMORE,2018,289,18.833333
BALTIMORE,2018,288,18.833333
BALTIMORE,2018,287,
BALTIMORE,2018,286,
BALTIMORE,2018,285,18.833333
BALTIMORE,2018,284,17.625000
BALTIMORE,2018,283,18.000000
BALTIMORE,2018,282,18.000000
BALTIMORE,2018,281,
BALTIMORE,2018,280,
BALTIMORE,2018,279,
BALTIMORE,2018,278,20.000000
BALTIMORE,2018,277,20.000000
BALTIMORE,2018,276,19.000000
BALTIMORE,2018,275,18.500000
BALTIMORE,2018,274,18.500000
BALTIMORE,2018,273,
BALTIMORE,2018,272,
BALTIMORE,2018,271,17.000000
BALTIMORE,2018,270,17.000000
BALTIMORE,2018,269,16.166666
BALTIMORE,2018,268,16.000000
BALTIMORE,2018,267,16.000000
BALTIMORE,2018,266,
BALTIMORE,2018,265,
BALTIMORE,2018,264,16.000000
BALTIMORE,2018,263,16.000000
BALTIMORE,2018,262,16.000000
BALTIMORE,2018,261,16.000000
BALTIMORE,2018,260,16.000000
BALTIMORE,2018,259,
BALTIMORE,2018,258,
BALTIMORE,2018,257,20.500000
BALTIMORE,2018,256,20.500000
BALTIMORE,2018,255,20.000000
BALTIMORE,2018,254,20.000000
BALTIMORE,2018,253,20.000000
BALTIMORE,2018,252,
BALTIMORE,2018,251,
BALTIMORE,2018,250,20.000000
BALTIMORE,2018,249,20.000000
BALTIMORE,2018,248,20.000000
BALTIMORE,2018,247,19.500000
BALTIMORE,2018,246,
BALTIMORE,2018,245,
BALTIMORE,2018,244,
BALTIMORE,2018,243,19.500000
BALTIMORE,2018,242,19.500000
BALTIMORE,2018,241,19.000000
BALTIMORE,2018,240,19.000000
BALTIMORE,2018,239,19.000000
BALTIMORE,2018,238,
BALTIMORE,2018,237,
BALTIMORE,2018,236,15.000000
BALTIMORE,2018,235,15.500000
BALTIMORE,2018,234,19.000000
BALTIMORE,2018,233,19.000000
BALTIMORE,2018,232,
BALTIMORE,2018,231,
BALTIMORE,2018,230,
BALTIMORE,2018,229,20.000000
BALTIMORE,2018,228,20.000000
BALTIMORE,2018,227,20.000000
BALTIMORE,2018,226,20.000000
BALTIMORE,2018,225,20.000000
BALTIMORE,2018,224,
BALTIMORE,2018,223,
BALTIMORE,2018,222,20.000000
BALTIMORE,2018,221,20.000000
BALTIMORE,2018,220,20.000000
BALTIMORE,2018,219,20.000000
BALTIMORE,2018,218,20.000000
BALTIMORE,2018,217,
BALTIMORE,2018,216,
BALTIMORE,2018,215,20.000000
BALTIMORE,2018,214,20.000000
BALTIMORE,2018,213,20.000000
BALTIMORE,2018,212,20.000000
BALTIMORE,2018,211,20.000000
BALTIMORE,2018,210,
BALTIMORE,2018,209,
BALTIMORE,2018,208,19.000000
BALTIMORE,2018,207,19.000000
BALTIMORE,2018,206,19.750000
BALTIMORE,2018,205,19.750000
BALTIMORE,2018,204,19.750000
BALTIMORE,2018,203,
BALTIMORE,2018,202,
BALTIMORE,2018,201,20.000000
BALTIMORE,2018,200,20.000000
BALTIMORE,2018,199,20.500000
BALTIMORE,2018,198,20.500000
BALTIMORE,2018,197,20.500000
BALTIMORE,2018,196,
BALTIMORE,2018,195,
BALTIMORE,2018,194,18.000000
BALTIMORE,2018,193,18.250000
BALTIMORE,2018,192,18.000000
BALTIMORE,2018,191,18.000000
BALTIMORE,2018,190,18.500000
BALTIMORE,2018,189,
BALTIMORE,2018,188,
BALTIMORE,2018,187,17.250000
BALTIMORE,2018,186,17.250000
BALTIMORE,2018,185,
BALTIMORE,2018,184,17.500000
BALTIMORE,2018,183,17.500000
BALTIMORE,2018,182,
BALTIMORE,2018,181,
BALTIMORE,2018,180,17.750000
BALTIMORE,2018,179,17.500000
BALTIMORE,2018,178,16.750000
BALTIMORE,2018,177,16.750000
BALTIMORE,2018,176,16.750000
BALTIMORE,2018,175,
BALTIMORE,2018,174,
BALTIMORE,2018,173,16.000000
BALTIMORE,2018,172,16.000000
BALTIMORE,2018,171,16.000000
BALTIMORE,2018,170,18.000000
BALTIMORE,2018,169,18.000000
BALTIMORE,2018,168,
BALTIMORE,2018,167,
BALTIMORE,2018,166,18.000000
BALTIMORE,2018,165,18.000000
BALTIMORE,2018,164,
BALTIMORE,2018,163,18.250000
BALTIMORE,2018,162,18.250000
BALTIMORE,2018,161,
BALTIMORE,2018,160,
BALTIMORE,2018,159,18.750000
BALTIMORE,2018,158,18.750000
BALTIMORE,2018,157,18.500000
BALTIMORE,2018,156,18.500000
BALTIMORE,2018,155,18.500000
BALTIMORE,2018,154,
BALTIMORE,2018,153,
BALTIMORE,2018,152,19.500000
BALTIMORE,2018,151,19.500000
BALTIMORE,2018,150,19.500000
BALTIMORE,2018,149,19.500000
BALTIMORE,2018,148,
BALTIMORE,2018,147,
BALTIMORE,2018,146,
BALTIMORE,2018,145,18.500000
BALTIMORE,2018,144,18.500000
BALTIMORE,2018,143,19.000000
BALTIMORE,2018,142,19.000000
BALTIMORE,2018,141,19.000000
BALTIMORE,2018,140,
BALTIMORE,2018,139,
BALTIMORE,2018,138,17.000000
BALTIMORE,2018,137,17.000000
BALTIMORE,2018,136,17.000000
BALTIMORE,2018,135,17.000000
BALTIMORE,2018,134,17.000000
BALTIMORE,2018,133,
BALTIMORE,2018,132,
BALTIMORE,2018,131,17.000000
BALTIMORE,2018,130,17.000000
BALTIMORE,2018,129,17.000000
BALTIMORE,2018,128,17.000000
BALTIMORE,2018,127,17.000000
BALTIMORE,2018,126,
BALTIMORE,2018,125,
BALTIMORE,2018,124,17.000000
BALTIMORE,2018,123,17.000000
BALTIMORE,2018,122,17.000000
BALTIMORE,2018,121,17.000000
BALTIMORE,2018,120,17.000000
BALTIMORE,2018,119,
BALTIMORE,2018,118,
BALTIMORE,2018,117,18.000000
BALTIMORE,2018,116,18.000000
BALTIMORE,2018,115,18.000000
BALTIMORE,2018,114,18.000000
BALTIMORE,2018,113,18.000000
BALTIMORE,2018,112,
BALTIMORE,2018,111,
BALTIMORE,2018,110,18.000000
BALTIMORE,2018,109,18.250000
BALTIMORE,2018,108,16.125000
BALTIMORE,2018,107,16.125000
BALTIMORE,2018,106,16.125000
BALTIMORE,2018,105,
BALTIMORE,2018,104,
BALTIMORE,2018,103,17.000000
BALTIMORE,2018,102,20.000000
BALTIMORE,2018,101,20.000000
BALTIMORE,2018,100,20.000000
BALTIMORE,2018,99,20.000000
BALTIMORE,2018,98,
BALTIMORE,2018,97,
BALTIMORE,2018,96,17.000000
BALTIMORE,2018,95,17.000000
BALTIMORE,2018,94,17.000000
BALTIMORE,2018,93,17.000000
BALTIMORE,2018,92,17.000000
BALTIMORE,2018,91,
BALTIMORE,2018,90,
BALTIMORE,2018,89,18.000000
BALTIMORE,2018,88,18.000000
BALTIMORE,2018,87,18.000000
BALTIMORE,2018,86,18.000000
BALTIMORE,2018,85,18.000000
BALTIMORE,2018,84,
BALTIMORE,2018,83,
BALTIMORE,2018,82,17.500000
BALTIMORE,2018,81,17.500000
BALTIMORE,2018,80,
BALTIMORE,2018,79,19.000000
BALTIMORE,2018,78,19.000000
BALTIMORE,2018,77,
BALTIMORE,2018,76,
BALTIMORE,2018,75,18.250000
BALTIMORE,2018,74,18.250000
BALTIMORE,2018,73,20.000000
BALTIMORE,2018,72,20.000000
BALTIMORE,2018,71,20.000000
BALTIMORE,2018,70,
BALTIMORE,2018,69,
BALTIMORE,2018,68,
BALTIMORE,2018,67,
BALTIMORE,2018,66,16.833333
BALTIMORE,2018,65,16.833333
BALTIMORE,2018,64,18.375000
BALTIMORE,2018,63,
BALTIMORE,2018,62,
BALTIMORE,2018,61,19.000000
BALTIMORE,2018,60,19.000000
BALTIMORE,2018,59,18.833333
BALTIMORE,2018,58,18.833333
BALTIMORE,2018,57,18.833333
BALTIMORE,2018,56,
BALTIMORE,2018,55,
BALTIMORE,2018,54,19.500000
BALTIMORE,2018,53,19.500000
BALTIMORE,2018,52,20.000000
BALTIMORE,2018,51,20.000000
BALTIMORE,2018,50,
BALTIMORE,2018,49,
BALTIMORE,2018,48,
BALTIMORE,2018,47,20.000000
BALTIMORE,2018,46,20.000000
BALTIMORE,2018,45,20.000000
BALTIMORE,2018,44,20.000000
BALTIMORE,2018,43,17.750000
BALTIMORE,2018,42,
BALTIMORE,2018,41,
BALTIMORE,2018,40,17.750000
BALTIMORE,2018,39,17.750000
BALTIMORE,2018,38,17.750000
BALTIMORE,2018,37,17.750000
BALTIMORE,2018,36,17.750000
BALTIMORE,2018,35,
BALTIMORE,2018,34,
BALTIMORE,2018,33,17.875000
BALTIMORE,2018,32,17.875000
BALTIMORE,2018,31,19.000000
BALTIMORE,2018,30,18.000000
BALTIMORE,2018,29,18.000000
BALTIMORE,2018,28,
BALTIMORE,2018,27,
BALTIMORE,2018,26,18.750000
BALTIMORE,2018,25,19.000000
BALTIMORE,2018,24,19.000000
BALTIMORE,2018,23,19.000000
BALTIMORE,2018,22,19.000000
BALTIMORE,2018,21,
BALTIMORE,2018,20,
BALTIMORE,2018,19,18.500000
BALTIMORE,2018,18,22.000000
BALTIMORE,2018,17,21.500000
BALTIMORE,2018,16,21.500000
BALTIMORE,2018,15,
BALTIMORE,2018,14,
BALTIMORE,2018,13,
BALTIMORE,2018,12,23.750000
BALTIMORE,2018,11,22.750000
BALTIMORE,2018,10,24.000000
BALTIMORE,2018,9,24.000000
BALTIMORE,2018,8,24.000000
BALTIMORE,2018,7,
BALTIMORE,2018,6,
BALTIMORE,2018,5,26.000000
BALTIMORE,2018,4,28.500000
BALTIMORE,2018,3,25.500000
BALTIMORE,2018,2,25.500000
BOSTON,2018,366,
BOSTON,2018,365,20.000000
BOSTON,2018,364,
BOSTON,2018,363,
BOSTON,2018,362,20.000000
BOSTON,2018,361,20.000000
BOSTON,2018,360,20.250000
BOSTON,2018,359,
BOSTON,2018,358,
BOSTON,2018,357,
BOSTON,2018,356,
BOSTON,2018,355,19.750000
BOSTON,2018,354,19.750000
BOSTON,2018,353,19.750000
BOSTON,2018,352,19.750000
BOSTON,2018,351,21.750000
BOSTON,2018,350,
BOSTON,2018,349,
BOSTON,2018,348,21.750000
BOSTON,2018,347,21.750000
BOSTON,2018,346,21.750000
BOSTON,2018,345,21.750000
BOSTON,2018,344,22.000000
BOSTON,2018,343,
BOSTON,2018,342,
BOSTON,2018,341,22.000000
BOSTON,2018,340,22.000000
BOSTON,2018,339,20.666666
BOSTON,2018,338,20.666666
BOSTON,2018,337,21.000000
BOSTON,2018,336,
BOSTON,2018,335,
BOSTON,2018,334,21.000000
BOSTON,2018,333,21.000000
BOSTON,2018,332,21.000000
BOSTON,2018,331,21.000000
BOSTON,2018,330,21.000000
BOSTON,2018,329,
BOSTON,2018,328,
BOSTON,2018,327,21.000000
BOSTON,2018,326,
BOSTON,2018,325,20.000000
BOSTON,2018,324,20.000000
BOSTON,2018,323,20.000000
BOSTON,2018,322,
BOSTON,2018,321,
BOSTON,2018,320,20.000000
BOSTON,2018,319,20.000000
BOSTON,2018,318,20.000000
BOSTON,2018,317,20.000000
BOSTON,2018,316,
BOSTON,2018,315,
BOSTON,2018,314,
BOSTON,2018,313,20.000000
BOSTON,2018,312,20.000000
BOSTON,2018,311,20.000000
BOSTON,2018,310,20.000000
BOSTON,2018,309,20.000000
BOSTON,2018,308,
BOSTON,2018,307,
BOSTON,2018,306,20.000000
BOSTON,2018,305,20.000000
BOSTON,2018,304,20.000000
BOSTON,2018,303,19.000000
BOSTON,2018,302,19.000000
BOSTON,2018,301,
BOSTON,2018,300,
BOSTON,2018,299,19.000000
BOSTON,2018,298,19.000000
BOSTON,2018,297,19.000000
BOSTON,2018,296,19.000000
BOSTON,2018,295,19.000000
BOSTON,2018,294,
BOSTON,2018,293,
BOSTON,2018,292,19.000000
BOSTON,2018,291,19.166666
BOSTON,2018,290,19.166666
BOSTON,2018,289,19.166666
BOSTON,2018,288,19.166666
BOSTON,2018,287,
BOSTON,2018,286,
BOSTON,2018,285,19.166666
BOSTON,2018,284,19.166666
BOSTON,2018,283,19.166666
BOSTON,2018,282,19.166666
BOSTON,2018,281,
BOSTON,2018,280,
BOSTON,2018,279,
BOSTON,2018,278,19.166666
BOSTON,2018,277,19.166666
BOSTON,2018,276,19.166666
BOSTON,2018,275,19.166666
BOSTON,2018,274,19.166666
BOSTON,2018,273,
BOSTON,2018,272,
BOSTON,2018,271,19.166666
BOSTON,2018,270,19.166666
BOSTON,2018,269,19.166666
BOSTON,2018,268,19.166666
BOSTON,2018,267,19.166666
BOSTON,2018,266,
BOSTON,2018,265,
BOSTON,2018,264,19.166666
BOSTON,2018,263,19.166666
BOSTON,2018,262,19.166666
BOSTON,2018,261,19.166666
BOSTON,2018,260,19.166666
BOSTON,2018,259,
BOSTON,2018,258,
BOSTON,2018,257,19.166666
BOSTON,2018,256,18.500000
BOSTON,2018,255,18.500000
BOSTON,2018,254,18.500000
BOSTON,2018,253,18.500000
BOSTON,2018,252,
BOSTON,2018,251,
BOSTON,2018,250,18.500000
BOSTON,2018,249,18.500000
BOSTON,2018,248,18.500000
BOSTON,2018,247,18.500000
BOSTON,2018,246,
BOSTON,2018,245,
BOSTON,2018,244,
BOSTON,2018,243,18.500000
BOSTON,2018,242,18.500000
BOSTON,2018,241,18.500000
BOSTON,2018,240,18.500000
BOSTON,2018,239,18.500000
BOSTON,2018,238,
BOSTON,2018,237,
BOSTON,2018,236,18.500000
BOSTON,2018,235,18.500000
BOSTON,2018,234,
BOSTON,2018,233,18.500000
BOSTON,2018,232,18.500000
BOSTON,2018,231,
BOSTON,2018,230,
BOSTON,2018,229,18.500000
BOSTON,2018,228,18.500000
BOSTON,2018,227,18.500000
BOSTON,2018,226,18.500000
BOSTON,2018,225,18.500000
BOSTON,2018,224,
BOSTON,2018,223,
BOSTON,2018,222,18.500000
BOSTON,2018,221,18.500000
BOSTON,2018,220,18.500000
BOSTON,2018,219,19.333333
BOSTON,2018,218,19.333333
BOSTON,2018,217,
BOSTON,2018,216,
BOSTON,2018,215,19.333333
BOSTON,2018,214,19.333333
BOSTON,2018,213,19.333333
BOSTON,2018,212,19.333333
BOSTON,2018,211,19.333333
BOSTON,2018,210,
BOSTON,2018,209,
BOSTON,2018,208,19.333333
BOSTON,2018,207,20.000000
BOSTON,2018,206,20.000000
BOSTON,2018,205,20.000000
BOSTON,2018,204,20.000000
BOSTON,2018,203,
BOSTON,2018,202,
BOSTON,2018,201,20.000000
BOSTON,2018,200,20.000000
BOSTON,2018,199,20.000000
BOSTON,2018,198,20.000000
BOSTON,2018,197,22.500000
BOSTON,2018,196,
BOSTON,2018,195,
BOSTON,2018,194,22.500000
BOSTON,2018,193,22.500000
BOSTON,2018,192,22.500000
BOSTON,2018,191,22.500000
BOSTON,2018,190,22.500000
BOSTON,2018,189,
BOSTON,2018,188,
BOSTON,2018,187,22.500000
BOSTON,2018,186,22.500000
BOSTON,2018,185,
BOSTON,2018,184,22.500000
BOSTON,2018,183,22.500000
BOSTON,2018,182,
BOSTON,2018,181,
BOSTON,2018,180,22.500000
BOSTON,2018,179,22.666666
BOSTON,2018,178,22.666666
BOSTON,2018,177,22.666666
BOSTON,2018,176,22.666666
BOSTON,2018,175,
BOSTON,2018,174,
BOSTON,2018,173,22.666666
BOSTON,2018,172,22.666666
BOSTON,2018,171,22.666666
BOSTON,2018,170,22.666666
BOSTON,2018,169,22.666666
BOSTON,2018,168,
BOSTON,2018,167,
BOSTON,2018,166,22.666666
BOSTON,2018,165,22.666666
BOSTON,2018,164,22.666666
BOSTON,2018,163,22.666666
BOSTON,2018,162,22.666666
BOSTON,2018,161,
BOSTON,2018,160,
BOSTON,2018,159,22.666666
BOSTON,2018,158,22.666666
BOSTON,2018,157,22.666666
BOSTON,2018,156,22.666666
BOSTON,2018,155,22.666666
BOSTON,2018,154,
BOSTON,2018,153,
BOSTON,2018,152,22.000000
BOSTON,2018,151,
BOSTON,2018,150,22.333333
BOSTON,2018,149,22.333333
BOSTON,2018,148,
BOSTON,2018,147,
BOSTON,2018,146,
BOSTON,2018,145,22.333333
BOSTON,2018,144,22.333333
BOSTON,2018,143,22.333333
BOSTON,2018,142,22.333333
BOSTON,2018,141,22.333333
BOSTON,2018,140,
BOSTON,2018,139,
BOSTON,2018,138,22.333333
BOSTON,2018,137,20.500000
BOSTON,2018,136,20.500000
BOSTON,2018,135,20.500000
BOSTON,2018,134,20.500000
BOSTON,2018,133,
BOSTON,2018,132,
BOSTON,2018,131,20.500000
BOSTON,2018,130,23.750000
BOSTON,2018,129,23.750000
BOSTON,2018,128,23.750000
BOSTON,2018,127,23.750000
BOSTON,2018,126,
BOSTON,2018,125,
BOSTON,2018,124,23.750000
BOSTON,2018,123,23.500000
BOSTON,2018,122,23.500000
BOSTON,2018,121,23.500000
BOSTON,2018,120,23.500000
BOSTON,2018,119,
BOSTON,2018,118,
BOSTON,2018,117,23.500000
BOSTON,2018,116,20.750000
BOSTON,2018,115,20.750000
BOSTON,2018,114,20.750000
BOSTON,2018,113,20.750000
BOSTON,2018,112,
BOSTON,2018,111,
BOSTON,2018,110,20.750000
BOSTON,2018,109,23.750000
BOSTON,2018,108,23.750000
BOSTON,2018,107,23.750000
BOSTON,2018,106,23.750000
BOSTON,2018,105,
BOSTON,2018,104,
BOSTON,2018,103,23.750000
BOSTON,2018,102,17.500000
BOSTON,2018,101,17.500000
BOSTON,2018,100,17.500000
BOSTON,2018,99,17.500000
BOSTON,2018,98,
BOSTON,2018,97,
BOSTON,2018,96,17.500000
BOSTON,2018,95,17.500000
BOSTON,2018,94,17.500000
BOSTON,2018,93,17.500000
BOSTON,2018,92,17.500000
BOSTON,2018,91,
BOSTON,2018,90,
BOSTON,2018,89,17.500000
BOSTON,2018,88,17.500000
BOSTON,2018,87,17.500000
BOSTON,2018,86,17.500000
BOSTON,2018,85,17.500000
BOSTON,2018,84,
BOSTON,2018,83,
BOSTON,2018,82,17.500000
BOSTON,2018,81,18.750000
BOSTON,2018,80,18.750000
BOSTON,2018,79,18.750000
BOSTON,2018,78,18.750000
BOSTON,2018,77,
BOSTON,2018,76,
BOSTON,2018,75,18.750000
BOSTON,2018,74,17.500000
BOSTON,2018,73,17.500000
BOSTON,2018,72,
BOSTON,2018,71,17.500000
BOSTON,2018,70,
BOSTON,2018,69,
BOSTON,2018,68,17.500000
BOSTON,2018,67,
BOSTON,2018,66,17.500000
BOSTON,2018,65,17.500000
BOSTON,2018,64,17.500000
BOSTON,2018,63,
BOSTON,2018,62,
BOSTON,2018,61,17.500000
BOSTON,2018,60,23.750000
BOSTON,2018,59,23.750000
BOSTON,2018,58,23.750000
BOSTON,2018,57,23.750000
BOSTON,2018,56,
BOSTON,2018,55,
BOSTON,2018,54,23.750000
BOSTON,2018,53,20.750000
BOSTON,2018,52,20.750000
BOSTON,2018,51,20.750000
BOSTON,2018,50,
BOSTON,2018,49,
BOSTON,2018,48,
BOSTON,2018,47,20.750000
BOSTON,2018,46,20.500000
BOSTON,2018,45,20.500000
BOSTON,2018,44,20.500000
BOSTON,2018,43,20.500000
BOSTON,2018,42,
BOSTON,2018,41,
BOSTON,2018,40,20.500000
BOSTON,2018,39,17.000000
BOSTON,2018,38,17.000000
BOSTON,2018,37,17.000000
BOSTON,2018,36,17.000000
BOSTON,2018,35,
BOSTON,2018,34,
BOSTON,2018,33,17.000000
BOSTON,2018,32,17.500000
BOSTON,2018,31,17.500000
BOSTON,2018,30,17.500000
BOSTON,2018,29,17.500000
BOSTON,2018,28,
BOSTON,2018,27,
BOSTON,2018,26,17.500000
BOSTON,2018,25,23.000000
BOSTON,2018,24,23.000000
BOSTON,2018,23,23.000000
BOSTON,2018,22,23.000000
BOSTON,2018,21,
BOSTON,2018,20,
BOSTON,2018,19,23.000000
BOSTON,2018,18,23.500000
BOSTON,2018,17,23.500000
BOSTON,2018,16,23.500000
BOSTON,2018,15,
BOSTON,2018,14,
BOSTON,2018,13,
BOSTON,2018,12,23.500000
BOSTON,2018,11,17.000000
BOSTON,2018,10,17.000000
BOSTON,2018,9,17.000000
BOSTON,2018,8,17.000000
BOSTON,2018,7,
BOSTON,2018,6,
BOSTON,2018,5,17.000000
BOSTON,2018,4,
BOSTON,2018,3,23.500000
BOSTON,2018,2,23.500000
CHICAGO,2018,366,
CHICAGO,2018,365,17.500000
CHICAGO,2018,364,
CHICAGO,2018,363,
CHICAGO,2018,362,17.500000
CHICAGO,2018,361,
CHICAGO,2018,360,
CHICAGO,2018,359,
CHICAGO,2018,358,
CHICAGO,2018,357,
CHICAGO,2018,356,
CHICAGO,2018,355,18.875000
CHICAGO,2018,354,18.875000
CHICAGO,2018,353,18.875000
CHICAGO,2018,352,18.875000
CHICAGO,2018,351,
CHICAGO,2018,350,
CHICAGO,2018,349,
CHICAGO,2018,348,
CHICAGO,2018,347,18.500000
CHICAGO,2018,346,18.500000
CHICAGO,2018,345,18.500000
CHICAGO,2018,344,20.000000
CHICAGO,2018,343,
CHICAGO,2018,342,
CHICAGO,2018,341,
CHICAGO,2018,340,20.000000
CHICAGO,2018,339,20.000000
CHICAGO,2018,338,20.000000
CHICAGO,2018,337,20.750000
CHICAGO,2018,336,
CHICAGO,2018,335,
CHICAGO,2018,334,20.750000
CHICAGO,2018,333,20.750000
CHICAGO,2018,332,20.750000
CHICAGO,2018,331,20.750000
CHICAGO,2018,330,20.875000
CHICAGO,2018,329,
CHICAGO,2018,328,
CHICAGO,2018,327,20.875000
CHICAGO,2018,326,
CHICAGO,2018,325,20.875000
CHICAGO,2018,324,20.875000
CHICAGO,2018,323,20.625000
CHICAGO,2018,322,
CHICAGO,2018,321,
CHICAGO,2018,320,20.625000
CHICAGO,2018,319,20.625000
CHICAGO,2018,318,20.625000
CHICAGO,2018,317,20.625000
CHICAGO,2018,316,
CHICAGO,2018,315,
CHICAGO,2018,314,
CHICAGO,2018,313,19.500000
CHICAGO,2018,312,19.500000
CHICAGO,2018,311,19.500000
CHICAGO,2018,310,
CHICAGO,2018,309,19.375000
CHICAGO,2018,308,
CHICAGO,2018,307,
CHICAGO,2018,306,19.375000
CHICAGO,2018,305,19.375000
CHICAGO,2018,304,19.375000
CHICAGO,2018,303,19.375000
CHICAGO,2018,302,16.600000
CHICAGO,2018,301,
CHICAGO,2018,300,
CHICAGO,2018,299,16.600000
CHICAGO,2018,298,16.600000
CHICAGO,2018,297,16.600000
CHICAGO,2018,296,16.600000
CHICAGO,2018,295,16.600000
CHICAGO,2018,294,
CHICAGO,2018,293,
CHICAGO,2018,292,16.600000
CHICAGO,2018,291,16.600000
CHICAGO,2018,290,17.200000
CHICAGO,2018,289,17.200000
CHICAGO,2018,288,17.200000
CHICAGO,2018,287,
CHICAGO,2018,286,
CHICAGO,2018,285,17.200000
CHICAGO,2018,284,17.200000
CHICAGO,2018,283,17.200000
CHICAGO,2018,282,17.600000
CHICAGO,2018,281,
CHICAGO,2018,280,
CHICAGO,2018,279,
CHICAGO,2018,278,17.600000
CHICAGO,2018,277,17.600000
CHICAGO,2018,276,17.600000
CHICAGO,2018,275,17.600000
CHICAGO,2018,274,17.600000
CHICAGO,2018,273,
CHICAGO,2018,272,
CHICAGO,2018,271,17.600000
CHICAGO,2018,270,17.600000
CHICAGO,2018,269,17.600000
CHICAGO,2018,268,17.600000
CHICAGO,2018,267,16.000000
CHICAGO,2018,266,
CHICAGO,2018,265,
CHICAGO,2018,264,16.000000
CHICAGO,2018,263,16.000000
CHICAGO,2018,262,16.000000
CHICAGO,2018,261,16.000000
CHICAGO,2018,260,15.500000
CHICAGO,2018,259,
CHICAGO,2018,258,
CHICAGO,2018,257,15.500000
CHICAGO,2018,256,15.500000
CHICAGO,2018,255,15.500000
CHICAGO,2018,254,15.500000
CHICAGO,2018,253,15.500000
CHICAGO,2018,252,
CHICAGO,2018,251,
CHICAGO,2018,250,15.650000
CHICAGO,2018,249,15.650000
CHICAGO,2018,248,15.650000
CHICAGO,2018,247,15.000000
CHICAGO,2018,246,
CHICAGO,2018,245,
CHICAGO,2018,244,
CHICAGO,2018,243,15.000000
CHICAGO,2018,242,15.000000
CHICAGO,2018,241,15.000000
CHICAGO,2018,240,15.000000
CHICAGO,2018,239,15.000000
CHICAGO,2018,238,
CHICAGO,2018,237,
CHICAGO,2018,236,17.450000
CHICAGO,2018,235,17.450000
CHICAGO,2018,234,17.450000
CHICAGO,2018,233,17.450000
CHICAGO,2018,232,17.550000
CHICAGO,2018,231,
CHICAGO,2018,230,
CHICAGO,2018,229,17.550000
CHICAGO,2018,228,17.550000
CHICAGO,2018,227,17.550000
CHICAGO,2018,226,17.550000
CHICAGO,2018,225,18.666666
CHICAGO,2018,224,
CHICAGO,2018,223,
CHICAGO,2018,222,18.666666
CHICAGO,2018,221,18.666666
CHICAGO,2018,220,18.666666
CHICAGO,2018,219,18.666666
CHICAGO,2018,218,19.000000
CHICAGO,2018,217,
CHICAGO,2018,216,
CHICAGO,2018,215,19.000000
CHICAGO,2018,214,19.000000
CHICAGO,2018,213,18.333333
CHICAGO,2018,212,18.333333
CHICAGO,2018,211,18.333333
CHICAGO,2018,210,
CHICAGO,2018,209,
CHICAGO,2018,208,18.333333
CHICAGO,2018,207,18.333333
CHICAGO,2018,206,18.333333
CHICAGO,2018,205,18.333333
CHICAGO,2018,204,18.333333
CHICAGO,2018,203,
CHICAGO,2018,202,
CHICAGO,2018,201,18.666666
CHICAGO,2018,200,18.666666
CHICAGO,2018,199,18.666666
CHICAGO,2018,198,18.666666
CHICAGO,2018,197,20.000000
CHICAGO,2018,196,
CHICAGO,2018,195,
CHICAGO,2018,194,20.000000
CHICAGO,2018,193,20.000000
CHICAGO,2018,192,20.000000
CHICAGO,2018,191,20.000000
CHICAGO,2018,190,
CHICAGO,2018,189,
CHICAGO,2018,188,
CHICAGO,2018,187,19.000000
CHICAGO,2018,186,19.000000
CHICAGO,2018,185,
CHICAGO,2018,184,19.000000
CHICAGO,2018,183,17.166666
CHICAGO,2018,182,
CHICAGO,2018,181,
CHICAGO,2018,180,17.166666
CHICAGO,2018,179,17.166666
CHICAGO,2018,178,17.166666
CHICAGO,2018,177,17.166666
CHICAGO,2018,176,17.166666
CHICAGO,2018,175,
CHICAGO,2018,174,
CHICAGO,2018,173,17.166666
CHICAGO,2018,172,17.166666
CHICAGO,2018,171,17.166666
CHICAGO,2018,170,17.166666
CHICAGO,2018,169,17.166666
CHICAGO,2018,168,
CHICAGO,2018,167,
CHICAGO,2018,166,16.833333
CHICAGO,2018,165,16.833333
CHICAGO,2018,164,16.833333
CHICAGO,2018,163,16.833333
CHICAGO,2018,162,17.000000
CHICAGO,2018,161,
CHICAGO,2018,160,
CHICAGO,2018,159,17.000000
CHICAGO,2018,158,17.000000
CHICAGO,2018,157,17.000000
CHICAGO,2018,156,17.000000
CHICAGO,2018,155,17.000000
CHICAGO,2018,154,
CHICAGO,2018,153,
CHICAGO,2018,152,17.583333
CHICAGO,2018,151,17.583333
CHICAGO,2018,150,17.583333
CHICAGO,2018,149,17.583333
CHICAGO,2018,148,
CHICAGO,2018,147,
CHICAGO,2018,146,
CHICAGO,2018,145,16.666666
CHICAGO,2018,144,16.666666
CHICAGO,2018,143,16.666666
CHICAGO,2018,142,16.666666
CHICAGO,2018,141,16.666666
CHICAGO,2018,140,
CHICAGO,2018,139,
CHICAGO,2018,138,16.833333
CHICAGO,2018,137,16.833333
CHICAGO,2018,136,16.833333
CHICAGO,2018,135,16.833333
CHICAGO,2018,134,15.833333
CHICAGO,2018,133,
CHICAGO,2018,132,
CHICAGO,2018,131,15.833333
CHICAGO,2018,130,15.833333
CHICAGO,2018,129,15.833333
CHICAGO,2018,128,15.833333
CHICAGO,2018,127,16.500000
CHICAGO,2018,126,
CHICAGO,2018,125,
CHICAGO,2018,124,16.500000
CHICAGO,2018,123,16.500000
CHICAGO,2018,122,16.500000
CHICAGO,2018,121,16.500000
CHICAGO,2018,120,16.500000
CHICAGO,2018,119,
CHICAGO,2018,118,
CHICAGO,2018,117,15.666666
CHICAGO,2018,116,15.666666
CHICAGO,2018,115,15.666666
CHICAGO,2018,114,15.666666
CHICAGO,2018,113,15.666666
CHICAGO,2018,112,
CHICAGO,2018,111,
CHICAGO,2018,110,16.000000
CHICAGO,2018,109,16.000000
CHICAGO,2018,108,16.000000
CHICAGO,2018,107,16.000000
CHICAGO,2018,106,16.500000
CHICAGO,2018,105,
CHICAGO,2018,104,
CHICAGO,2018,103,16.500000
CHICAGO,2018,102,16.500000
CHICAGO,2018,101,16.500000
CHICAGO,2018,100,16.500000
CHICAGO,2018,99,16.166666
CHICAGO,2018,98,
CHICAGO,2018,97,
CHICAGO,2018,96,16.166666
CHICAGO,2018,95,16.166666
CHICAGO,2018,94,16.166666
CHICAGO,2018,93,16.166666
CHICAGO,2018,92,16.166666
CHICAGO,2018,91,
CHICAGO,2018,90,
CHICAGO,2018,89,16.166666
CHICAGO,2018,88,16.166666
CHICAGO,2018,87,16.166666
CHICAGO,2018,86,16.166666
CHICAGO,2018,85,16.166666
CHICAGO,2018,84,
CHICAGO,2018,83,
CHICAGO,2018,82,16.166666
CHICAGO,2018,81,16.166666
CHICAGO,2018,80,16.166666
CHICAGO,2018,79,16.166666
CHICAGO,2018,78,16.166666
CHICAGO,2018,77,
CHICAGO,2018,76,
CHICAGO,2018,75,16.333333
CHICAGO,2018,74,16.333333
CHICAGO,2018,73,16.333333
CHICAGO,2018,72,16.333333
CHICAGO,2018,71,16.333333
CHICAGO,2018,70,
CHICAGO,2018,69,
CHICAGO,2018,68,
CHICAGO,2018,67,
CHICAGO,2018,66,16.166666
CHICAGO,2018,65,16.166666
CHICAGO,2018,64,16.166666
CHICAGO,2018,63,
CHICAGO,2018,62,
CHICAGO,2018,61,16.166666
CHICAGO,2018,60,16.166666
CHICAGO,2018,59,16.166666
CHICAGO,2018,58,16.166666
CHICAGO,2018,57,18.500000
CHICAGO,2018,56,
CHICAGO,2018,55,
CHICAGO,2018,54,18.500000
CHICAGO,2018,53,18.500000
CHICAGO,2018,52,18.500000
CHICAGO,2018,51,18.500000
CHICAGO,2018,50,
CHICAGO,2018,49,
CHICAGO,2018,48,
CHICAGO,2018,47,19.166666
CHICAGO,2018,46,19.166666
CHICAGO,2018,45,19.166666
CHICAGO,2018,44,19.166666
CHICAGO,2018,43,16.333333
CHICAGO,2018,42,
CHICAGO,2018,41,
CHICAGO,2018,40,16.333333
CHICAGO,2018,39,16.333333
CHICAGO,2018,38,16.333333
CHICAGO,2018,37,
CHICAGO,2018,36,16.333333
CHICAGO,2018,35,
CHICAGO,2018,34,
CHICAGO,2018,33,16.333333
CHICAGO,2018,32,16.333333
CHICAGO,2018,31,16.333333
CHICAGO,2018,30,16.333333
CHICAGO,2018,29,18.833333
CHICAGO,2018,28,
CHICAGO,2018,27,
CHICAGO,2018,26,18.833333
CHICAGO,2018,25,18.833333
CHICAGO,2018,24,18.833333
CHICAGO,2018,23,18.833333
CHICAGO,2018,22,18.833333
CHICAGO,2018,21,
CHICAGO,2018,20,
CHICAGO,2018,19,18.833333
CHICAGO,2018,18,18.833333
CHICAGO,2018,17,18.833333
CHICAGO,2018,16,
CHICAGO,2018,15,
CHICAGO,2018,14,
CHICAGO,2018,13,
CHICAGO,2018,12,19.333333
CHICAGO,2018,11,19.333333
CHICAGO,2018,10,19.333333
CHICAGO,2018,9,19.333333
CHICAGO,2018,8,20.333333
CHICAGO,2018,7,
CHICAGO,2018,6,
CHICAGO,2018,5,20.333333
CHICAGO,2018,4,20.333333
CHICAGO,2018,3,20.333333
CHICAGO,2018,2,20.333333
COLUMBIA,2018,366,
COLUMBIA,2018,365,28.000000
COLUMBIA,2018,364,
COLUMBIA,2018,363,
COLUMBIA,2018,362,28.000000
COLUMBIA,2018,361,28.000000
COLUMBIA,2018,360,
COLUMBIA,2018,359,
COLUMBIA,2018,358,
COLUMBIA,2018,357,
COLUMBIA,2018,356,
COLUMBIA,2018,355,27.000000
COLUMBIA,2018,354,27.000000
COLUMBIA,2018,353,27.000000
COLUMBIA,2018,352,27.000000
COLUMBIA,2018,351,27.000000
COLUMBIA,2018,350,
COLUMBIA,2018,349,
COLUMBIA,2018,348,26.250000
COLUMBIA,2018,347,26.250000
COLUMBIA,2018,346,26.250000
COLUMBIA,2018,345,26.250000
COLUMBIA,2018,344,26.250000
COLUMBIA,2018,343,
COLUMBIA,2018,342,
COLUMBIA,2018,341,26.250000
COLUMBIA,2018,340,26.250000
COLUMBIA,2018,339,26.250000
COLUMBIA,2018,338,26.500000
COLUMBIA,2018,337,26.500000
COLUMBIA,2018,336,
COLUMBIA,2018,335,
COLUMBIA,2018,334,26.500000
COLUMBIA,2018,333,26.500000
COLUMBIA,2018,332,26.500000
COLUMBIA,2018,331,26.500000
COLUMBIA,2018,330,26.500000
COLUMBIA,2018,329,
COLUMBIA,2018,328,
COLUMBIA,2018,327,
COLUMBIA,2018,326,
COLUMBIA,2018,325,26.500000
COLUMBIA,2018,324,26.500000
COLUMBIA,2018,323,26.500000
COLUMBIA,2018,322,
COLUMBIA,2018,321,
COLUMBIA,2018,320,26.500000
COLUMBIA,2018,319,26.500000
COLUMBIA,2018,318,26.500000
COLUMBIA,2018,317,26.500000
COLUMBIA,2018,316,
COLUMBIA,2018,315,
COLUMBIA,2018,314,
COLUMBIA,2018,313,28.000000
COLUMBIA,2018,312,28.000000
COLUMBIA,2018,311,28.000000
COLUMBIA,2018,310,28.000000
COLUMBIA,2018,309,28.000000
COLUMBIA,2018,308,
COLUMBIA,2018,307,
COLUMBIA,2018,306,27.000000
COLUMBIA,2018,305,27.000000
COLUMBIA,2018,304,27.000000
COLUMBIA,2018,303,27.000000
COLUMBIA,2018,302,27.000000
COLUMBIA,2018,301,
COLUMBIA,2018,300,
COLUMBIA,2018,299,27.000000
COLUMBIA,2018,298,27.000000
COLUMBIA,2018,297,27.000000
COLUMBIA,2018,296,27.000000
COLUMBIA,2018,295,27.000000
COLUMBIA,2018,294,
COLUMBIA,2018,293,
COLUMBIA,2018,292,25.500000
COLUMBIA,2018,291,25.500000
COLUMBIA,2018,290,20.500000
COLUMBIA,2018,289,21.500000
COLUMBIA,2018,288,21.500000
COLUMBIA,2018,287,
COLUMBIA,2018,286,
COLUMBIA,2018,285,22.000000
COLUMBIA,2018,284,
COLUMBIA,2018,283,22.000000
COLUMBIA,2018,282,22.000000
COLUMBIA,2018,281,22.000000
COLUMBIA,2018,280,
COLUMBIA,2018,279,
COLUMBIA,2018,278,21.500000
COLUMBIA,2018,277,21.500000
COLUMBIA,2018,276,21.500000
COLUMBIA,2018,275,21.500000
COLUMBIA,2018,274,21.500000
COLUMBIA,2018,273,
COLUMBIA,2018,272,
COLUMBIA,2018,271,21.500000
COLUMBIA,2018,270,21.500000
COLUMBIA,2018,269,21.500000
COLUMBIA,2018,268,22.000000
COLUMBIA,2018,267,22.000000
COLUMBIA,2018,266,
COLUMBIA,2018,265,
COLUMBIA,2018,264,22.125000
COLUMBIA,2018,263,22.125000
COLUMBIA,2018,262,22.625000
COLUMBIA,2018,261,22.625000
COLUMBIA,2018,260,22.625000
COLUMBIA,2018,259,
COLUMBIA,2018,258,
COLUMBIA,2018,257,
COLUMBIA,2018,256,
COLUMBIA,2018,255,
COLUMBIA,2018,254,
COLUMBIA,2018,253,22.625000
COLUMBIA,2018,252,
COLUMBIA,2018,251,
COLUMBIA,2018,250,22.625000
COLUMBIA,2018,249,22.625000
COLUMBIA,2018,248,22.625000
COLUMBIA,2018,247,22.625000
COLUMBIA,2018,246,
COLUMBIA,2018,245,
COLUMBIA,2018,244,
COLUMBIA,2018,243,22.875000
COLUMBIA,2018,242,22.875000
COLUMBIA,2018,241,22.875000
COLUMBIA,2018,240,22.875000
COLUMBIA,2018,239,23.375000
COLUMBIA,2018,238,
COLUMBIA,2018,237,
COLUMBIA,2018,236,23.375000
COLUMBIA,2018,235,23.375000
COLUMBIA,2018,234,22.625000
COLUMBIA,2018,233,22.625000
COLUMBIA,2018,232,22.625000
COLUMBIA,2018,231,
COLUMBIA,2018,230,
COLUMBIA,2018,229,23.125000
COLUMBIA,2018,228,23.125000
COLUMBIA,2018,227,23.125000
COLUMBIA,2018,226,23.125000
COLUMBIA,2018,225,23.125000
COLUMBIA,2018,224,
COLUMBIA,2018,223,
COLUMBIA,2018,222,23.375000
COLUMBIA,2018,221,23.375000
COLUMBIA,2018,220,23.375000
COLUMBIA,2018,219,23.375000
COLUMBIA,2018,218,21.750000
COLUMBIA,2018,217,
COLUMBIA,2018,216,
COLUMBIA,2018,215,24.250000
COLUMBIA,2018,214,24.250000
COLUMBIA,2018,213,24.250000
COLUMBIA,2018,212,24.250000
COLUMBIA,2018,211,24.250000
COLUMBIA,2018,210,
COLUMBIA,2018,209,
COLUMBIA,2018,208,24.250000
COLUMBIA,2018,207,24.250000
COLUMBIA,2018,206,24.250000
COLUMBIA,2018,205,24.250000
COLUMBIA,2018,204,24.250000
COLUMBIA,2018,203,
COLUMBIA,2018,202,
COLUMBIA,2018,201,24.250000
COLUMBIA,2018,200,24.250000
COLUMBIA,2018,199,24.250000
COLUMBIA,2018,198,24.250000
COLUMBIA,2018,197,24.250000
COLUMBIA,2018,196,
COLUMBIA,2018,195,
COLUMBIA,2018,194,22.500000
COLUMBIA,2018,193,22.500000
COLUMBIA,2018,192,22.500000
COLUMBIA,2018,191,22.500000
COLUMBIA,2018,190,
COLUMBIA,2018,189,
COLUMBIA,2018,188,
COLUMBIA,2018,187,21.000000
COLUMBIA,2018,186,21.000000
COLUMBIA,2018,185,
COLUMBIA,2018,184,21.000000
COLUMBIA,2018,183,21.000000
COLUMBIA,2018,182,
COLUMBIA,2018,181,
COLUMBIA,2018,180,20.000000
COLUMBIA,2018,179,20.000000
COLUMBIA,2018,178,19.500000
COLUMBIA,2018,177,19.500000
COLUMBIA,2018,176,19.500000
COLUMBIA,2018,175,
COLUMBIA,2018,174,
COLUMBIA,2018,173,19.250000
COLUMBIA,2018,172,21.250000
COLUMBIA,2018,171,22.500000
COLUMBIA,2018,170,22.500000
COLUMBIA,2018,169,22.500000
COLUMBIA,2018,168,
COLUMBIA,2018,167,
COLUMBIA,2018,166,19.000000
COLUMBIA,2018,165,19.000000
COLUMBIA,2018,164,19.000000
COLUMBIA,2018,163,19.000000
COLUMBIA,2018,162,19.000000
COLUMBIA,2018,161,
COLUMBIA,2018,160,
COLUMBIA,2018,159,20.500000
COLUMBIA,2018,158,20.500000
COLUMBIA,2018,157,20.500000
COLUMBIA,2018,156,20.500000
COLUMBIA,2018,155,
COLUMBIA,2018,154,
COLUMBIA,2018,153,
COLUMBIA,2018,152,20.500000
COLUMBIA,2018,151,20.500000
COLUMBIA,2018,150,20.500000
COLUMBIA,2018,149,20.500000
COLUMBIA,2018,148,
COLUMBIA,2018,147,
COLUMBIA,2018,146,
COLUMBIA,2018,145,20.500000
COLUMBIA,2018,144,20.500000
COLUMBIA,2018,143,20.500000
COLUMBIA,2018,142,20.500000
COLUMBIA,2018,141,20.500000
COLUMBIA,2018,140,
COLUMBIA,2018,139,
COLUMBIA,2018,138,21.250000
COLUMBIA,2018,137,21.250000
COLUMBIA,2018,136,20.500000
COLUMBIA,2018,135,20.500000
COLUMBIA,2018,134,20.500000
COLUMBIA,2018,133,
COLUMBIA,2018,132,
COLUMBIA,2018,131,23.000000
COLUMBIA,2018,130,
COLUMBIA,2018,129,23.000000
COLUMBIA,2018,128,23.000000
COLUMBIA,2018,127,23.000000
COLUMBIA,2018,126,
COLUMBIA,2018,125,
COLUMBIA,2018,124,23.000000
COLUMBIA,2018,123,22.000000
COLUMBIA,2018,122,22.000000
COLUMBIA,2018,121,22.000000
COLUMBIA,2018,120,22.000000
COLUMBIA,2018,119,
COLUMBIA,2018,118,
COLUMBIA,2018,117,23.000000
COLUMBIA,2018,116,23.000000
COLUMBIA,2018,115,23.000000
COLUMBIA,2018,114,22.750000
COLUMBIA,2018,113,22.750000
COLUMBIA,2018,112,
COLUMBIA,2018,111,
COLUMBIA,2018,110,18.166666
COLUMBIA,2018,109,18.166666
COLUMBIA,2018,108,18.166666
COLUMBIA,2018,107,18.166666
COLUMBIA,2018,106,20.250000
COLUMBIA,2018,105,
COLUMBIA,2018,104,
COLUMBIA,2018,103,20.250000
COLUMBIA,2018,102,20.250000
COLUMBIA,2018,101,20.250000
COLUMBIA,2018,100,20.250000
COLUMBIA,2018,99,20.250000
COLUMBIA,2018,98,
COLUMBIA,2018,97,
COLUMBIA,2018,96,21.500000
COLUMBIA,2018,95,21.500000
COLUMBIA,2018,94,21.500000
COLUMBIA,2018,93,21.500000
COLUMBIA,2018,92,21.500000
COLUMBIA,2018,91,
COLUMBIA,2018,90,
COLUMBIA,2018,89,21.000000
COLUMBIA,2018,88,21.000000
COLUMBIA,2018,87,21.000000
COLUMBIA,2018,86,21.000000
COLUMBIA,2018,85,21.000000
COLUMBIA,2018,84,
COLUMBIA,2018,83,
COLUMBIA,2018,82,21.500000
COLUMBIA,2018,81,21.500000
COLUMBIA,2018,80,21.500000
COLUMBIA,2018,79,21.500000
COLUMBIA,2018,78,21.500000
COLUMBIA,2018,77,
COLUMBIA,2018,76,
COLUMBIA,2018,75,21.500000
COLUMBIA,2018,74,21.500000
COLUMBIA,2018,73,21.500000
COLUMBIA,2018,72,
COLUMBIA,2018,71,21.500000
COLUMBIA,2018,70,
COLUMBIA,2018,69,
COLUMBIA,2018,68,24.500000
COLUMBIA,2018,67,24.500000
COLUMBIA,2018,66,24.500000
COLUMBIA,2018,65,23.000000
COLUMBIA,2018,64,23.000000
COLUMBIA,2018,63,
COLUMBIA,2018,62,
COLUMBIA,2018,61,24.000000
COLUMBIA,2018,60,24.000000
COLUMBIA,2018,59,24.000000
COLUMBIA,2018,58,24.000000
COLUMBIA,2018,57,24.000000
COLUMBIA,2018,56,
COLUMBIA,2018,55,
COLUMBIA,2018,54,24.000000
COLUMBIA,2018,53,22.000000
COLUMBIA,2018,52,
COLUMBIA,2018,51,22.000000
COLUMBIA,2018,50,
COLUMBIA,2018,49,
COLUMBIA,2018,48,
COLUMBIA,2018,47,20.500000
COLUMBIA,2018,46,20.500000
COLUMBIA,2018,45,20.500000
COLUMBIA,2018,44,20.500000
COLUMBIA,2018,43,20.500000
COLUMBIA,2018,42,
COLUMBIA,2018,41,
COLUMBIA,2018,40,20.500000
COLUMBIA,2018,39,19.500000
COLUMBIA,2018,38,19.500000
COLUMBIA,2018,37,19.500000
COLUMBIA,2018,36,
COLUMBIA,2018,35,
COLUMBIA,2018,34,
COLUMBIA,2018,33,23.250000
COLUMBIA,2018,32,23.250000
COLUMBIA,2018,31,23.250000
COLUMBIA,2018,30,23.250000
COLUMBIA,2018,29,23.250000
COLUMBIA,2018,28,
COLUMBIA,2018,27,
COLUMBIA,2018,26,23.250000
COLUMBIA,2018,25,23.250000
COLUMBIA,2018,24,23.250000
COLUMBIA,2018,23,23.250000
COLUMBIA,2018,22,23.250000
COLUMBIA,2018,21,
COLUMBIA,2018,20,
COLUMBIA,2018,19,25.666666
COLUMBIA,2018,18,25.666666
COLUMBIA,2018,17,
COLUMBIA,2018,16,25.666666
COLUMBIA,2018,15,
COLUMBIA,2018,14,
COLUMBIA,2018,13,
COLUMBIA,2018,12,26.666666
COLUMBIA,2018,11,26.666666
COLUMBIA,2018,10,26.666666
COLUMBIA,2018,9,26.666666
COLUMBIA,2018,8,28.000000
COLUMBIA,2018,7,
COLUMBIA,2018,6,
COLUMBIA,2018,5,28.166666
COLUMBIA,2018,4,28.166666
COLUMBIA,2018,3,26.166666
COLUMBIA,2018,2,25.250000
MIAMI,2018,366,
MIAMI,2018,365,22.250000
MIAMI,2018,364,
MIAMI,2018,363,
MIAMI,2018,362,22.250000
MIAMI,2018,361,22.250000
MIAMI,2018,360,22.250000
MIAMI,2018,359,
MIAMI,2018,358,
MIAMI,2018,357,
MIAMI,2018,356,
MIAMI,2018,355,22.750000
MIAMI,2018,354,22.750000
MIAMI,2018,353,22.750000
MIAMI,2018,352,22.750000
MIAMI,2018,351,22.750000
MIAMI,2018,350,
MIAMI,2018,349,
MIAMI,2018,348,22.750000
MIAMI,2018,347,22.750000
MIAMI,2018,346,22.750000
MIAMI,2018,345,22.750000
MIAMI,2018,344,22.750000
MIAMI,2018,343,
MIAMI,2018,342,
MIAMI,2018,341,22.750000
MIAMI,2018,340,22.750000
MIAMI,2018,339,22.750000
MIAMI,2018,338,22.750000
MIAMI,2018,337,22.750000
MIAMI,2018,336,
MIAMI,2018,335,
MIAMI,2018,334,22.750000
MIAMI,2018,333,22.750000
MIAMI,2018,332,22.750000
MIAMI,2018,331,22.750000
MIAMI,2018,330,22.750000
MIAMI,2018,329,
MIAMI,2018,328,
MIAMI,2018,327,22.750000
MIAMI,2018,326,
MIAMI,2018,325,22.750000
MIAMI,2018,324,22.750000
MIAMI,2018,323,22.750000
MIAMI,2018,322,
MIAMI,2018,321,
MIAMI,2018,320,22.750000
MIAMI,2018,319,22.750000
MIAMI,2018,318,22.750000
MIAMI,2018,317,22.750000
MIAMI,2018,316,
MIAMI,2018,315,
MIAMI,2018,314,
MIAMI,2018,313,22.750000
MIAMI,2018,312,22.750000
MIAMI,2018,311,22.750000
MIAMI,2018,310,22.750000
MIAMI,2018,309,22.500000
MIAMI,2018,308,
MIAMI,2018,307,
MIAMI,2018,306,22.500000
MIAMI,2018,305,22.500000
MIAMI,2018,304,22.500000
MIAMI,2018,303,22.500000
MIAMI,2018,302,22.500000
MIAMI,2018,301,
MIAMI,2018,300,
MIAMI,2018,299,22.500000
MIAMI,2018,298,22.500000
MIAMI,2018,297,22.500000
MIAMI,2018,296,22.500000
MIAMI,2018,295,22.500000
MIAMI,2018,294,
MIAMI,2018,293,
MIAMI,2018,292,22.500000
MIAMI,2018,291,22.500000
MIAMI,2018,290,22.500000
MIAMI,2018,289,22.500000
MIAMI,2018,288,22.500000
MIAMI,2018,287,
MIAMI,2018,286,
MIAMI,2018,285,22.500000
MIAMI,2018,284,22.500000
MIAMI,2018,283,22.500000
MIAMI,2018,282,22.500000
MIAMI,2018,281,
MIAMI,2018,280,
MIAMI,2018,279,
MIAMI,2018,278,22.500000
MIAMI,2018,277,22.500000
MIAMI,2018,276,22.500000
MIAMI,2018,275,22.500000
MIAMI,2018,274,22.500000
MIAMI,2018,273,
MIAMI,2018,272,
MIAMI,2018,271,22.500000
MIAMI,2018,270,22.500000
MIAMI,2018,269,22.500000
MIAMI,2018,268,22.500000
MIAMI,2018,267,22.500000
MIAMI,2018,266,
MIAMI,2018,265,
MIAMI,2018,264,22.500000
MIAMI,2018,263,22.500000
MIAMI,2018,262,22.500000
MIAMI,2018,261,22.500000
MIAMI,2018,260,22.500000
MIAMI,2018,259,
MIAMI,2018,258,
MIAMI,2018,257,22.500000
MIAMI,2018,256,22.500000
MIAMI,2018,255,22.500000
MIAMI,2018,254,22.500000
MIAMI,2018,253,22.500000
MIAMI,2018,252,
MIAMI,2018,251,
MIAMI,2018,250,22.500000
MIAMI,2018,249,22.500000
MIAMI,2018,248,22.500000
MIAMI,2018,247,22.500000
MIAMI,2018,246,
MIAMI,2018,245,
MIAMI,2018,244,
MIAMI,2018,243,22.500000
MIAMI,2018,242,22.500000
MIAMI,2018,241,22.500000
MIAMI,2018,240,22.500000
MIAMI,2018,239,22.500000
MIAMI,2018,238,
MIAMI,2018,237,
MIAMI,2018,236,22.500000
MIAMI,2018,235,22.500000
MIAMI,2018,234,22.500000
MIAMI,2018,233,22.500000
MIAMI,2018,232,22.500000
MIAMI,2018,231,
MIAMI,2018,230,
MIAMI,2018,229,22.500000
MIAMI,2018,228,22.500000
MIAMI,2018,227,22.500000
MIAMI,2018,226,22.500000
MIAMI,2018,225,22.500000
MIAMI,2018,224,
MIAMI,2018,223,
MIAMI,2018,222,22.500000
MIAMI,2018,221,22.500000
MIAMI,2018,220,22.500000
MIAMI,2018,219,22.500000
MIAMI,2018,218,22.500000
MIAMI,2018,217,
MIAMI,2018,216,
MIAMI,2018,215,22.500000
MIAMI,2018,214,22.500000
MIAMI,2018,213,22.500000
MIAMI,2018,212,22.500000
MIAMI,2018,211,22.500000
MIAMI,2018,210,
MIAMI,2018,209,
MIAMI,2018,208,22.500000
MIAMI,2018,207,22.500000
MIAMI,2018,206,22.500000
MIAMI,2018,205,22.500000
MIAMI,2018,204,22.500000
MIAMI,2018,203,
MIAMI,2018,202,
MIAMI,2018,201,22.500000
MIAMI,2018,200,22.500000
MIAMI,2018,199,22.500000
MIAMI,2018,198,22.500000
MIAMI,2018,197,22.500000
MIAMI,2018,196,
MIAMI,2018,195,
MIAMI,2018,194,22.500000
MIAMI,2018,193,22.500000
MIAMI,2018,192,22.500000
MIAMI,2018,191,22.500000
MIAMI,2018,190,22.500000
MIAMI,2018,189,
MIAMI,2018,188,
MIAMI,2018,187,22.500000
MIAMI,2018,186,22.500000
MIAMI,2018,185,
MIAMI,2018,184,22.500000
MIAMI,2018,183,22.500000
MIAMI,2018,182,
MIAMI,2018,181,
MIAMI,2018,180,22.500000
MIAMI,2018,179,22.500000
MIAMI,2018,178,22.500000
MIAMI,2018,177,22.500000
MIAMI,2018,176,22.500000
MIAMI,2018,175,
MIAMI,2018,174,
MIAMI,2018,173,22.500000
MIAMI,2018,172,22.500000
MIAMI,2018,171,22.500000
MIAMI,2018,170,22.500000
MIAMI,2018,169,22.500000
MIAMI,2018,168,
MIAMI,2018,167,
MIAMI,2018,166,22.500000
MIAMI,2018,165,22.500000
MIAMI,2018,164,22.500000
MIAMI,2018,163,22.500000
MIAMI,2018,162,22.500000
MIAMI,2018,161,
MIAMI,2018,160,
MIAMI,2018,159,22.500000
MIAMI,2018,158,22.500000
MIAMI,2018,157,22.500000
MIAMI,2018,156,22.500000
MIAMI,2018,155,22.500000
MIAMI,2018,154,
MIAMI,2018,153,
MIAMI,2018,152,22.500000
MIAMI,2018,151,22.500000
MIAMI,2018,150,22.500000
MIAMI,2018,149,22.500000
MIAMI,2018,148,
MIAMI,2018,147,
MIAMI,2018,146,
MIAMI,2018,145,22.500000
MIAMI,2018,144,22.500000
MIAMI,2018,143,22.500000
MIAMI,2018,142,22.500000
MIAMI,2018,141,22.500000
MIAMI,2018,140,
MIAMI,2018,139,
MIAMI,2018,138,22.500000
MIAMI,2018,137,22.500000
MIAMI,2018,136,22.500000
MIAMI,2018,135,22.500000
MIAMI,2018,134,22.500000
MIAMI,2018,133,
MIAMI,2018,132,
MIAMI,2018,131,22.500000
MIAMI,2018,130,22.500000
MIAMI,2018,129,22.500000
MIAMI,2018,128,22.500000
MIAMI,2018,127,22.500000
MIAMI,2018,126,
MIAMI,2018,125,
MIAMI,2018,124,22.500000
MIAMI,2018,123,22.500000
MIAMI,2018,122,22.500000
MIAMI,2018,121,22.500000
MIAMI,2018,120,22.500000
MIAMI,2018,119,
MIAMI,2018,118,
MIAMI,2018,117,22.500000
MIAMI,2018,116,22.500000
MIAMI,2018,115,22.500000
MIAMI,2018,114,22.500000
MIAMI,2018,113,22.500000
MIAMI,2018,112,
MIAMI,2018,111,
MIAMI,2018,110,22.500000
MIAMI,2018,109,22.500000
MIAMI,2018,108,22.500000
MIAMI,2018,107,22.500000
MIAMI,2018,106,22.500000
MIAMI,2018,105,
MIAMI,2018,104,
MIAMI,2018,103,22.500000
MIAMI,2018,102,22.500000
MIAMI,2018,101,22.500000
MIAMI,2018,100,22.500000
MIAMI,2018,99,22.500000
MIAMI,2018,98,
MIAMI,2018,97,
MIAMI,2018,96,22.500000
MIAMI,2018,95,22.500000
MIAMI,2018,94,22.500000
MIAMI,2018,93,22.500000
MIAMI,2018,92,22.500000
MIAMI,2018,91,
MIAMI,2018,90,
MIAMI,2018,89,22.500000
MIAMI,2018,88,22.500000
MIAMI,2018,87,22.500000
MIAMI,2018,86,22.500000
MIAMI,2018,85,22.500000
MIAMI,2018,84,
MIAMI,2018,83,
MIAMI,2018,82,22.500000
MIAMI,2018,81,22.500000
MIAMI,2018,80,22.500000
MIAMI,2018,79,22.500000
MIAMI,2018,78,22.500000
MIAMI,2018,77,
MIAMI,2018,76,
MIAMI,2018,75,21.500000
MIAMI,2018,74,21.500000
MIAMI,2018,73,21.500000
MIAMI,2018,72,21.500000
MIAMI,2018,71,21.500000
MIAMI,2018,70,
MIAMI,2018,69,
MIAMI,2018,68,
MIAMI,2018,67,
MIAMI,2018,66,21.500000
MIAMI,2018,65,21.500000
MIAMI,2018,64,21.500000
MIAMI,2018,63,
MIAMI,2018,62,
MIAMI,2018,61,21.500000
MIAMI,2018,60,21.500000
MIAMI,2018,59,21.500000
MIAMI,2018,58,21.500000
MIAMI,2018,57,21.500000
MIAMI,2018,56,
MIAMI,2018,55,
MIAMI,2018,54,21.500000
MIAMI,2018,53,21.500000
MIAMI,2018,52,21.500000
MIAMI,2018,51,21.500000
MIAMI,2018,50,
MIAMI,2018,49,
MIAMI,2018,48,
MIAMI,2018,47,21.500000
MIAMI,2018,46,21.500000
MIAMI,2018,45,21.500000
MIAMI,2018,44,21.500000
MIAMI,2018,43,21.500000
MIAMI,2018,42,
MIAMI,2018,41,
MIAMI,2018,40,21.500000
MIAMI,2018,39,21.500000
MIAMI,2018,38,21.500000
MIAMI,2018,37,21.500000
MIAMI,2018,36,21.500000
MIAMI,2018,35,
MIAMI,2018,34,
MIAMI,2018,33,21.500000
MIAMI,2018,32,21.500000
MIAMI,2018,31,21.500000
MIAMI,2018,30,24.500000
MIAMI,2018,29,24.500000
MIAMI,2018,28,
MIAMI,2018,27,
MIAMI,2018,26,24.500000
MIAMI,2018,25,24.500000
MIAMI,2018,24,24.500000
MIAMI,2018,23,24.500000
MIAMI,2018,22,24.500000
MIAMI,2018,21,
MIAMI,2018,20,
MIAMI,2018,19,24.500000
MIAMI,2018,18,24.500000
MIAMI,2018,17,24.500000
MIAMI,2018,16,24.500000
MIAMI,2018,15,
MIAMI,2018,14,
MIAMI,2018,13,
MIAMI,2018,12,24.500000
MIAMI,2018,11,24.500000
MIAMI,2018,10,24.500000
MIAMI,2018,9,24.500000
MIAMI,2018,8,24.500000
MIAMI,2018,7,
MIAMI,2018,6,
MIAMI,2018,5,24.500000
MIAMI,2018,4,24.500000
MIAMI,2018,3,24.500000
MIAMI,2018,2,24.500000
NEW YORK,2018,366,
NEW YORK,2018,365,
NEW YORK,2018,364,
NEW YORK,2018,363,
NEW YORK,2018,362,35.000000
NEW YORK,2018,361,35.000000
NEW YORK,2018,360,
NEW YORK,2018,359,
NEW YORK,2018,358,
NEW YORK,2018,357,
NEW YORK,2018,356,
NEW YORK,2018,355,
NEW YORK,2018,354,17.000000
NEW YORK,2018,353,17.000000
NEW YORK,2018,352,
NEW YORK,2018,351,30.000000
NEW YORK,2018,350,
NEW YORK,2018,349,
NEW YORK,2018,348,23.500000
NEW YORK,2018,347,23.500000
NEW YORK,2018,346,23.500000
NEW YORK,2018,345,23.500000
NEW YORK,2018,344,
NEW YORK,2018,343,
NEW YORK,2018,342,
NEW YORK,2018,341,
NEW YORK,2018,340,
NEW YORK,2018,339,
NEW YORK,2018,338,
NEW YORK,2018,337,
NEW YORK,2018,336,
NEW YORK,2018,335,
NEW YORK,2018,334,26.000000
NEW YORK,2018,333,26.000000
NEW YORK,2018,332,26.000000
NEW YORK,2018,331,26.000000
NEW YORK,2018,330,26.000000
NEW YORK,2018,329,
NEW YORK,2018,328,
NEW YORK,2018,327,
NEW YORK,2018,326,
NEW YORK,2018,325,
NEW YORK,2018,324,
NEW YORK,2018,323,
NEW YORK,2018,322,
NEW YORK,2018,321,
NEW YORK,2018,320,
NEW YORK,2018,319,
NEW YORK,2018,318,
NEW YORK,2018,317,
NEW YORK,2018,316,
NEW YORK,2018,315,
NEW YORK,2018,314,
NEW YORK,2018,313,
NEW YORK,2018,312,
NEW YORK,2018,311,
NEW YORK,2018,310,
NEW YORK,2018,309,
NEW YORK,2018,308,
NEW YORK,2018,307,
NEW YORK,2018,306,9.000000
NEW YORK,2018,305,9.000000
NEW YORK,2018,304,
NEW YORK,2018,303,
NEW YORK,2018,302,
NEW YORK,2018,301,
NEW YORK,2018,300,
NEW YORK,2018,299,27.000000
NEW YORK,2018,298,27.000000
NEW YORK,2018,297,27.000000
NEW YORK,2018,296,27.000000
NEW YORK,2018,295,
NEW YORK,2018,294,
NEW YORK,2018,293,
NEW YORK,2018,292,
NEW YORK,2018,291,
NEW YORK,2018,290,
NEW YORK,2018,289,
NEW YORK,2018,288,
NEW YORK,2018,287,
NEW YORK,2018,286,
NEW YORK,2018,285,
NEW YORK,2018,284,
NEW YORK,2018,283,
NEW YORK,2018,282,
NEW YORK,2018,281,
NEW YORK,2018,280,
NEW YORK,2018,279,
NEW YORK,2018,278,
NEW YORK,2018,277,
NEW YORK,2018,276,
NEW YORK,2018,275,
NEW YORK,2018,274,
NEW YORK,2018,273,
NEW YORK,2018,272,
NEW YORK,2018,271,16.000000
NEW YORK,2018,270,16.000000
NEW YORK,2018,269,
NEW YORK,2018,268,
NEW YORK,2018,267,
NEW YORK,2018,266,
NEW YORK,2018,265,
NEW YORK,2018,264,
NEW YORK,2018,263,
NEW YORK,2018,262,
NEW YORK,2018,261,
NEW YORK,2018,260,
NEW YORK,2018,259,
NEW YORK,2018,258,
NEW YORK,2018,257,
NEW YORK,2018,256,
NEW YORK,2018,255,
NEW YORK,2018,254,
NEW YORK,2018,253,12.000000
NEW YORK,2018,252,
NEW YORK,2018,251,
NEW YORK,2018,250,12.000000
NEW YORK,2018,249,12.000000
NEW YORK,2018,248,12.000000
NEW YORK,2018,247,12.000000
NEW YORK,2018,246,
NEW YORK,2018,245,
NEW YORK,2018,244,
NEW YORK,2018,243,12.000000
NEW YORK,2018,242,12.000000
NEW YORK,2018,241,12.000000
NEW YORK,2018,240,
NEW YORK,2018,239,
NEW YORK,2018,238,
NEW YORK,2018,237,
NEW YORK,2018,236,
NEW YORK,2018,235,
NEW YORK,2018,234,
NEW YORK,2018,233,
NEW YORK,2018,232,
NEW YORK,2018,231,
NEW YORK,2018,230,
NEW YORK,2018,229,
NEW YORK,2018,228,
NEW YORK,2018,227,
NEW YORK,2018,226,
NEW YORK,2018,225,
NEW YORK,2018,224,
NEW YORK,2018,223,
NEW YORK,2018,222,
NEW YORK,2018,221,
NEW YORK,2018,220,
NEW YORK,2018,219,
NEW YORK,2018,218,
NEW YORK,2018,217,
NEW YORK,2018,216,
NEW YORK,2018,215,24.500000
NEW YORK,2018,214,
NEW YORK,2018,213,
NEW YORK,2018,212,
NEW YORK,2018,211,
NEW YORK,2018,210,
NEW YORK,2018,209,
NEW YORK,2018,208,
NEW YORK,2018,207,
NEW YORK,2018,206,
NEW YORK,2018,205,
NEW YORK,2018,204,
NEW YORK,2018,203,
NEW YORK,2018,202,
NEW YORK,2018,201,
NEW YORK,2018,200,
NEW YORK,2018,199,
NEW YORK,2018,198,
NEW YORK,2018,197,
NEW YORK,2018,196,
NEW YORK,2018,195,
NEW YORK,2018,194,
NEW YORK,2018,193,
NEW YORK,2018,192,
NEW YORK,2018,191,17.000000
NEW YORK,2018,190,17.000000
NEW YORK,2018,189,
NEW YORK,2018,188,
NEW YORK,2018,187,17.000000
NEW YORK,2018,186,17.000000
NEW YORK,2018,185,
NEW YORK,2018,184,17.000000
NEW YORK,2018,183,17.000000
NEW YORK,2018,182,
NEW YORK,2018,181,
NEW YORK,2018,180,17.000000
NEW YORK,2018,179,17.000000
NEW YORK,2018,178,17.000000
NEW YORK,2018,177,17.000000
NEW YORK,2018,176,17.000000
NEW YORK,2018,175,
NEW YORK,2018,174,
NEW YORK,2018,173,17.500000
NEW YORK,2018,172,17.500000
NEW YORK,2018,171,17.500000
NEW YORK,2018,170,19.000000
NEW YORK,2018,169,19.000000
NEW YORK,2018,168,
NEW YORK,2018,167,
NEW YORK,2018,166,20.000000
NEW YORK,2018,165,20.000000
NEW YORK,2018,164,20.000000
NEW YORK,2018,163,16.000000
NEW YORK,2018,162,16.000000
NEW YORK,2018,161,
NEW YORK,2018,160,
NEW YORK,2018,159,16.000000
NEW YORK,2018,158,16.000000
NEW YORK,2018,157,16.000000
NEW YORK,2018,156,16.000000
NEW YORK,2018,155,16.000000
NEW YORK,2018,154,
NEW YORK,2018,153,
NEW YORK,2018,152,16.000000
NEW YORK,2018,151,16.000000
NEW YORK,2018,150,16.000000
NEW YORK,2018,149,16.000000
NEW YORK,2018,148,
NEW YORK,2018,147,
NEW YORK,2018,146,
NEW YORK,2018,145,23.333333
NEW YORK,2018,144,23.333333
NEW YORK,2018,143,23.666666
NEW YORK,2018,142,23.666666
NEW YORK,2018,141,23.666666
NEW YORK,2018,140,
NEW YORK,2018,139,
NEW YORK,2018,138,23.666666
NEW YORK,2018,137,23.666666
NEW YORK,2018,136,23.666666
NEW YORK,2018,135,23.666666
NEW YORK,2018,134,23.666666
NEW YORK,2018,133,
NEW YORK,2018,132,
NEW YORK,2018,131,23.666666
NEW YORK,2018,130,23.666666
NEW YORK,2018,129,23.666666
NEW YORK,2018,128,23.666666
NEW YORK,2018,127,
NEW YORK,2018,126,
NEW YORK,2018,125,
NEW YORK,2018,124,
NEW YORK,2018,123,
NEW YORK,2018,122,
NEW YORK,2018,121,
NEW YORK,2018,120,
NEW YORK,2018,119,
NEW YORK,2018,118,
NEW YORK,2018,117,23.000000
NEW YORK,2018,116,16.000000
NEW YORK,2018,115,16.000000
NEW YORK,2018,114,16.000000
NEW YORK,2018,113,16.000000
NEW YORK,2018,112,
NEW YORK,2018,111,
NEW YORK,2018,110,
NEW YORK,2018,109,
NEW YORK,2018,108,
NEW YORK,2018,107,
NEW YORK,2018,106,22.000000
NEW YORK,2018,105,
NEW YORK,2018,104,
NEW YORK,2018,103,22.000000
NEW YORK,2018,102,22.000000
NEW YORK,2018,101,22.000000
NEW YORK,2018,100,20.000000
NEW YORK,2018,99,20.000000
NEW YORK,2018,98,
NEW YORK,2018,97,
NEW YORK,2018,96,20.000000
NEW YORK,2018,95,20.000000
NEW YORK,2018,94,20.000000
NEW YORK,2018,93,21.000000
NEW YORK,2018,92,
NEW YORK,2018,91,
NEW YORK,2018,90,
NEW YORK,2018,89,21.000000
NEW YORK,2018,88,21.000000
NEW YORK,2018,87,21.000000
NEW YORK,2018,86,21.000000
NEW YORK,2018,85,21.000000
NEW YORK,2018,84,
NEW YORK,2018,83,
NEW YORK,2018,82,21.000000
NEW YORK,2018,81,21.000000
NEW YORK,2018,80,20.000000
NEW YORK,2018,79,20.000000
NEW YORK,2018,78,20.000000
NEW YORK,2018,77,
NEW YORK,2018,76,
NEW YORK,2018,75,
NEW YORK,2018,74,
NEW YORK,2018,73,
NEW YORK,2018,72,
NEW YORK,2018,71,
NEW YORK,2018,70,
NEW YORK,2018,69,
NEW YORK,2018,68,
NEW YORK,2018,67,
NEW YORK,2018,66,
NEW YORK,2018,65,20.000000
NEW YORK,2018,64,20.000000
NEW YORK,2018,63,
NEW YORK,2018,62,
NEW YORK,2018,61,20.000000
NEW YORK,2018,60,20.000000
NEW YORK,2018,59,20.000000
NEW YORK,2018,58,20.000000
NEW YORK,2018,57,20.000000
NEW YORK,2018,56,
NEW YORK,2018,55,
NEW YORK,2018,54,20.000000
NEW YORK,2018,53,20.000000
NEW YORK,2018,52,20.000000
NEW YORK,2018,51,26.000000
NEW YORK,2018,50,
NEW YORK,2018,49,
NEW YORK,2018,48,
NEW YORK,2018,47,26.000000
NEW YORK,2018,46,26.000000
NEW YORK,2018,45,26.000000
NEW YORK,2018,44,26.000000
NEW YORK,2018,43,26.000000
NEW YORK,2018,42,
NEW YORK,2018,41,
NEW YORK,2018,40,24.500000
NEW YORK,2018,39,20.900000
NEW YORK,2018,38,20.900000
NEW YORK,2018,37,23.600000
NEW YORK,2018,36,23.600000
NEW YORK,2018,35,
NEW YORK,2018,34,
NEW YORK,2018,33,23.600000
NEW YORK,2018,32,23.600000
NEW YORK,2018,31,23.600000
NEW YORK,2018,30,23.600000
NEW YORK,2018,29,23.400000
NEW YORK,2018,28,
NEW YORK,2018,27,
NEW YORK,2018,26,23.400000
NEW YORK,2018,25,21.666666
NEW YORK,2018,24,21.666666
NEW YORK,2018,23,21.666666
NEW YORK,2018,22,21.666666
NEW YORK,2018,21,
NEW YORK,2018,20,
NEW YORK,2018,19,21.666666
NEW YORK,2018,18,21.666666
NEW YORK,2018,17,21.666666
NEW YORK,2018,16,21.666666
NEW YORK,2018,15,
NEW YORK,2018,14,
NEW YORK,2018,13,
NEW YORK,2018,12,21.666666
NEW YORK,2018,11,21.666666
NEW YORK,2018,10,21.666666
NEW YORK,2018,9,21.666666
NEW YORK,2018,8,21.666666
NEW YORK,2018,7,
NEW YORK,2018,6,
NEW YORK,2018,5,
NEW YORK,2018,4,21.250000
NEW YORK,2018,3,21.250000
NEW YORK,2018,2,21.250000
PHILADELPHIA,2018,366,
PHILADELPHIA,2018,365,19.166666
PHILADELPHIA,2018,364,
PHILADELPHIA,2018,363,
PHILADELPHIA,2018,362,20.000000
PHILADELPHIA,2018,361,20.000000
PHILADELPHIA,2018,360,21.000000
PHILADELPHIA,2018,359,
PHILADELPHIA,2018,358,
PHILADELPHIA,2018,357,
PHILADELPHIA,2018,356,
PHILADELPHIA,2018,355,21.500000
PHILADELPHIA,2018,354,21.500000
PHILADELPHIA,2018,353,21.500000
PHILADELPHIA,2018,352,21.500000
PHILADELPHIA,2018,351,16.000000
PHILADELPHIA,2018,350,
PHILADELPHIA,2018,349,
PHILADELPHIA,2018,348,16.000000
PHILADELPHIA,2018,347,16.000000
PHILADELPHIA,2018,346,16.000000
PHILADELPHIA,2018,345,21.000000
PHILADELPHIA,2018,344,21.000000
PHILADELPHIA,2018,343,
PHILADELPHIA,2018,342,
PHILADELPHIA,2018,341,21.000000
PHILADELPHIA,2018,340,21.000000
PHILADELPHIA,2018,339,19.500000
PHILADELPHIA,2018,338,
PHILADELPHIA,2018,337,19.500000
PHILADELPHIA,2018,336,
PHILADELPHIA,2018,335,
PHILADELPHIA,2018,334,24.333333
PHILADELPHIA,2018,333,24.333333
PHILADELPHIA,2018,332,24.333333
PHILADELPHIA,2018,331,24.333333
PHILADELPHIA,2018,330,21.500000
PHILADELPHIA,2018,329,
PHILADELPHIA,2018,328,
PHILADELPHIA,2018,327,
PHILADELPHIA,2018,326,
PHILADELPHIA,2018,325,20.000000
PHILADELPHIA,2018,324,18.500000
PHILADELPHIA,2018,323,17.000000
PHILADELPHIA,2018,322,
PHILADELPHIA,2018,321,
PHILADELPHIA,2018,320,23.750000
PHILADELPHIA,2018,319,21.666666
PHILADELPHIA,2018,318,22.500000
PHILADELPHIA,2018,317,22.500000
PHILADELPHIA,2018,316,
PHILADELPHIA,2018,315,
PHILADELPHIA,2018,314,
PHILADELPHIA,2018,313,21.333333
PHILADELPHIA,2018,312,21.333333
PHILADELPHIA,2018,311,21.333333
PHILADELPHIA,2018,310,21.333333
PHILADELPHIA,2018,309,21.333333
PHILADELPHIA,2018,308,
PHILADELPHIA,2018,307,
PHILADELPHIA,2018,306,21.500000
PHILADELPHIA,2018,305,21.500000
PHILADELPHIA,2018,304,21.500000
PHILADELPHIA,2018,303,21.500000
PHILADELPHIA,2018,302,21.500000
PHILADELPHIA,2018,301,
PHILADELPHIA,2018,300,
PHILADELPHIA,2018,299,23.250000
PHILADELPHIA,2018,298,23.250000
PHILADELPHIA,2018,297,24.000000
PHILADELPHIA,2018,296,24.000000
PHILADELPHIA,2018,295,24.000000
PHILADELPHIA,2018,294,
PHILADELPHIA,2018,293,
PHILADELPHIA,2018,292,22.000000
PHILADELPHIA,2018,291,22.000000
PHILADELPHIA,2018,290,22.000000
PHILADELPHIA,2018,289,22.000000
PHILADELPHIA,2018,288,22.000000
PHILADELPHIA,2018,287,
PHILADELPHIA,2018,286,
PHILADELPHIA,2018,285,15.500000
PHILADELPHIA,2018,284,15.500000
PHILADELPHIA,2018,283,15.500000
PHILADELPHIA,2018,282,15.500000
PHILADELPHIA,2018,281,
PHILADELPHIA,2018,280,
PHILADELPHIA,2018,279,
PHILADELPHIA,2018,278,16.833333
PHILADELPHIA,2018,277,16.833333
PHILADELPHIA,2018,276,16.833333
PHILADELPHIA,2018,275,17.250000
PHILADELPHIA,2018,274,17.250000
PHILADELPHIA,2018,273,
PHILADELPHIA,2018,272,
PHILADELPHIA,2018,271,17.250000
PHILADELPHIA,2018,270,17.250000
PHILADELPHIA,2018,269,17.250000
PHILADELPHIA,2018,268,17.250000
PHILADELPHIA,2018,267,16.000000
PHILADELPHIA,2018,266,
PHILADELPHIA,2018,265,
PHILADELPHIA,2018,264,18.000000
PHILADELPHIA,2018,263,18.000000
PHILADELPHIA,2018,262,18.000000
PHILADELPHIA,2018,261,18.000000
PHILADELPHIA,2018,260,12.000000
PHILADELPHIA,2018,259,
PHILADELPHIA,2018,258,
PHILADELPHIA,2018,257,12.000000
PHILADELPHIA,2018,256,12.000000
PHILADELPHIA,2018,255,12.000000
PHILADELPHIA,2018,254,12.000000
PHILADELPHIA,2018,253,12.000000
PHILADELPHIA,2018,252,
PHILADELPHIA,2018,251,
PHILADELPHIA,2018,250,12.000000
PHILADELPHIA,2018,249,12.000000
PHILADELPHIA,2018,248,17.000000
PHILADELPHIA,2018,247,17.000000
PHILADELPHIA,2018,246,
PHILADELPHIA,2018,245,
PHILADELPHIA,2018,244,
PHILADELPHIA,2018,243,17.000000
PHILADELPHIA,2018,242,17.000000
PHILADELPHIA,2018,241,17.000000
PHILADELPHIA,2018,240,17.000000
PHILADELPHIA,2018,239,17.000000
PHILADELPHIA,2018,238,
PHILADELPHIA,2018,237,
PHILADELPHIA,2018,236,19.000000
PHILADELPHIA,2018,235,20.250000
PHILADELPHIA,2018,234,20.250000
PHILADELPHIA,2018,233,20.250000
PHILADELPHIA,2018,232,20.250000
PHILADELPHIA,2018,231,
PHILADELPHIA,2018,230,
PHILADELPHIA,2018,229,21.375000
PHILADELPHIA,2018,228,21.375000
PHILADELPHIA,2018,227,21.375000
PHILADELPHIA,2018,226,21.375000
PHILADELPHIA,2018,225,21.900000
PHILADELPHIA,2018,224,
PHILADELPHIA,2018,223,
PHILADELPHIA,2018,222,21.900000
PHILADELPHIA,2018,221,23.375000
PHILADELPHIA,2018,220,23.375000
PHILADELPHIA,2018,219,23.375000
PHILADELPHIA,2018,218,21.000000
PHILADELPHIA,2018,217,
PHILADELPHIA,2018,216,
PHILADELPHIA,2018,215,21.000000
PHILADELPHIA,2018,214,21.000000
PHILADELPHIA,2018,213,21.000000
PHILADELPHIA,2018,212,21.000000
PHILADELPHIA,2018,211,27.000000
PHILADELPHIA,2018,210,
PHILADELPHIA,2018,209,
PHILADELPHIA,2018,208,27.000000
PHILADELPHIA,2018,207,27.000000
PHILADELPHIA,2018,206,27.000000
PHILADELPHIA,2018,205,27.000000
PHILADELPHIA,2018,204,22.000000
PHILADELPHIA,2018,203,
PHILADELPHIA,2018,202,
PHILADELPHIA,2018,201,22.000000
PHILADELPHIA,2018,200,22.000000
PHILADELPHIA,2018,199,22.000000
PHILADELPHIA,2018,198,22.000000
PHILADELPHIA,2018,197,22.250000
PHILADELPHIA,2018,196,
PHILADELPHIA,2018,195,
PHILADELPHIA,2018,194,14.500000
PHILADELPHIA,2018,193,14.500000
PHILADELPHIA,2018,192,14.500000
PHILADELPHIA,2018,191,14.500000
PHILADELPHIA,2018,190,14.500000
PHILADELPHIA,2018,189,
PHILADELPHIA,2018,188,
PHILADELPHIA,2018,187,21.812500
PHILADELPHIA,2018,186,21.812500
PHILADELPHIA,2018,185,
PHILADELPHIA,2018,184,19.083333
PHILADELPHIA,2018,183,19.083333
PHILADELPHIA,2018,182,
PHILADELPHIA,2018,181,
PHILADELPHIA,2018,180,19.083333
PHILADELPHIA,2018,179,19.083333
PHILADELPHIA,2018,178,19.416666
PHILADELPHIA,2018,177,19.416666
PHILADELPHIA,2018,176,19.416666
PHILADELPHIA,2018,175,
PHILADELPHIA,2018,174,
PHILADELPHIA,2018,173,20.000000
PHILADELPHIA,2018,172,20.000000
PHILADELPHIA,2018,171,20.000000
PHILADELPHIA,2018,170,20.000000
PHILADELPHIA,2018,169,19.666666
PHILADELPHIA,2018,168,
PHILADELPHIA,2018,167,
PHILADELPHIA,2018,166,21.500000
PHILADELPHIA,2018,165,21.500000
PHILADELPHIA,2018,164,21.500000
PHILADELPHIA,2018,163,19.333333
PHILADELPHIA,2018,162,19.166666
PHILADELPHIA,2018,161,
PHILADELPHIA,2018,160,
PHILADELPHIA,2018,159,19.166666
PHILADELPHIA,2018,158,19.166666
PHILADELPHIA,2018,157,19.166666
PHILADELPHIA,2018,156,19.166666
PHILADELPHIA,2018,155,19.166666
PHILADELPHIA,2018,154,
PHILADELPHIA,2018,153,
PHILADELPHIA,2018,152,19.166666
PHILADELPHIA,2018,151,19.166666
PHILADELPHIA,2018,150,19.166666
PHILADELPHIA,2018,149,19.500000
PHILADELPHIA,2018,148,
PHILADELPHIA,2018,147,
PHILADELPHIA,2018,146,
PHILADELPHIA,2018,145,19.500000
PHILADELPHIA,2018,144,19.500000
PHILADELPHIA,2018,143,19.500000
PHILADELPHIA,2018,142,21.125000
PHILADELPHIA,2018,141,21.250000
PHILADELPHIA,2018,140,
PHILADELPHIA,2018,139,
PHILADELPHIA,2018,138,20.750000
PHILADELPHIA,2018,137,20.750000
PHILADELPHIA,2018,136,20.750000
PHILADELPHIA,2018,135,21.000000
PHILADELPHIA,2018,134,20.833333
PHILADELPHIA,2018,133,
PHILADELPHIA,2018,132,
PHILADELPHIA,2018,131,19.166666
PHILADELPHIA,2018,130,19.000000
PHILADELPHIA,2018,129,19.000000
PHILADELPHIA,2018,128,19.000000
PHILADELPHIA,2018,127,18.333333
PHILADELPHIA,2018,126,
PHILADELPHIA,2018,125,
PHILADELPHIA,2018,124,19.000000
PHILADELPHIA,2018,123,19.000000
PHILADELPHIA,2018,122,18.333333
PHILADELPHIA,2018,121,18.333333
PHILADELPHIA,2018,120,18.500000
PHILADELPHIA,2018,119,
PHILADELPHIA,2018,118,
PHILADELPHIA,2018,117,17.750000
PHILADELPHIA,2018,116,17.750000
PHILADELPHIA,2018,115,17.750000
PHILADELPHIA,2018,114,17.750000
PHILADELPHIA,2018,113,17.750000
PHILADELPHIA,2018,112,
PHILADELPHIA,2018,111,
PHILADELPHIA,2018,110,18.750000
PHILADELPHIA,2018,109,18.750000
PHILADELPHIA,2018,108,18.750000
PHILADELPHIA,2018,107,18.750000
PHILADELPHIA,2018,106,18.250000
PHILADELPHIA,2018,105,
PHILADELPHIA,2018,104,
PHILADELPHIA,2018,103,18.666666
PHILADELPHIA,2018,102,18.666666
PHILADELPHIA,2018,101,18.666666
PHILADELPHIA,2018,100,18.666666
PHILADELPHIA,2018,99,17.250000
PHILADELPHIA,2018,98,
PHILADELPHIA,2018,97,
PHILADELPHIA,2018,96,19.875000
PHILADELPHIA,2018,95,19.875000
PHILADELPHIA,2018,94,20.375000
PHILADELPHIA,2018,93,19.750000
PHILADELPHIA,2018,92,
PHILADELPHIA,2018,91,
PHILADELPHIA,2018,90,
PHILADELPHIA,2018,89,19.312500
PHILADELPHIA,2018,88,19.312500
PHILADELPHIA,2018,87,19.312500
PHILADELPHIA,2018,86,19.312500
PHILADELPHIA,2018,85,18.166666
PHILADELPHIA,2018,84,
PHILADELPHIA,2018,83,
PHILADELPHIA,2018,82,18.375000
PHILADELPHIA,2018,81,18.375000
PHILADELPHIA,2018,80,
PHILADELPHIA,2018,79,18.750000
PHILADELPHIA,2018,78,19.300000
PHILADELPHIA,2018,77,
PHILADELPHIA,2018,76,
PHILADELPHIA,2018,75,19.300000
PHILADELPHIA,2018,74,19.300000
PHILADELPHIA,2018,73,19.300000
PHILADELPHIA,2018,72,19.400000
PHILADELPHIA,2018,71,18.875000
PHILADELPHIA,2018,70,
PHILADELPHIA,2018,69,
PHILADELPHIA,2018,68,
PHILADELPHIA,2018,67,
PHILADELPHIA,2018,66,
PHILADELPHIA,2018,65,21.125000
PHILADELPHIA,2018,64,21.125000
PHILADELPHIA,2018,63,
PHILADELPHIA,2018,62,
PHILADELPHIA,2018,61,20.750000
PHILADELPHIA,2018,60,20.750000
PHILADELPHIA,2018,59,20.750000
PHILADELPHIA,2018,58,20.750000
PHILADELPHIA,2018,57,20.375000
PHILADELPHIA,2018,56,
PHILADELPHIA,2018,55,
PHILADELPHIA,2018,54,21.000000
PHILADELPHIA,2018,53,21.000000
PHILADELPHIA,2018,52,21.000000
PHILADELPHIA,2018,51,21.000000
PHILADELPHIA,2018,50,
PHILADELPHIA,2018,49,
PHILADELPHIA,2018,48,
PHILADELPHIA,2018,47,20.750000
PHILADELPHIA,2018,46,20.750000
PHILADELPHIA,2018,45,20.500000
PHILADELPHIA,2018,44,20.500000
PHILADELPHIA,2018,43,20.750000
PHILADELPHIA,2018,42,
PHILADELPHIA,2018,41,
PHILADELPHIA,2018,40,19.500000
PHILADELPHIA,2018,39,19.500000
PHILADELPHIA,2018,38,19.500000
PHILADELPHIA,2018,37,19.333333
PHILADELPHIA,2018,36,19.666666
PHILADELPHIA,2018,35,
PHILADELPHIA,2018,34,
PHILADELPHIA,2018,33,25.500000
PHILADELPHIA,2018,32,25.500000
PHILADELPHIA,2018,31,26.000000
PHILADELPHIA,2018,30,26.000000
PHILADELPHIA,2018,29,26.500000
PHILADELPHIA,2018,28,
PHILADELPHIA,2018,27,
PHILADELPHIA,2018,26,27.166666
PHILADELPHIA,2018,25,27.166666
PHILADELPHIA,2018,24,27.166666
PHILADELPHIA,2018,23,27.166666
PHILADELPHIA,2018,22,24.500000
PHILADELPHIA,2018,21,
PHILADELPHIA,2018,20,
PHILADELPHIA,2018,19,25.000000
PHILADELPHIA,2018,18,25.166666
PHILADELPHIA,2018,17,24.500000
PHILADELPHIA,2018,16,21.250000
PHILADELPHIA,2018,15,
PHILADELPHIA,2018,14,
PHILADELPHIA,2018,13,
PHILADELPHIA,2018,12,25.250000
PHILADELPHIA,2018,11,25.250000
PHILADELPHIA,2018,10,26.625000
PHILADELPHIA,2018,9,26.625000
PHILADELPHIA,2018,8,23.333333
PHILADELPHIA,2018,7,
PHILADELPHIA,2018,6,
PHILADELPHIA,2018,5,25.750000
PHILADELPHIA,2018,4,29.166666
PHILADELPHIA,2018,3,29.166666
PHILADELPHIA,2018,2,30.000000
