CityName,Year,Day,Price
BALTIMORE,2024,366,
BALTIMORE,2024,365,
BALTIMORE,2024,364,
BALTIMORE,2024,363,
BALTIMORE,2024,362,
BALTIMORE,2024,361,
BALTIMORE,2024,360,
BALTIMORE,2024,359,
BALTIMORE,2024,358,
BALTIMORE,2024,357,
BALTIMORE,2024,356,
BALTIMORE,2024,355,
BALTIMORE,2024,354,
BALTIMORE,2024,353,
BALTIMORE,2024,352,
BALTIMORE,2024,351,
BALTIMORE,2024,350,
BALTIMORE,2024,349,
BALTIMORE,2024,348,
BALTIMORE,2024,347,
BALTIMORE,2024,346,
BALTIMORE,2024,345,
BALTIMORE,2024,344,
BALTIMORE,2024,343,
BALTIMORE,2024,342,
BALTIMORE,2024,341,
BALTIMORE,2024,340,
BALTIMORE,2024,339,
BALTIMORE,2024,338,
BALTIMORE,2024,337,
BALTIMORE,2024,336,
BALTIMORE,2024,335,
BALTIMORE,2024,334,
BALTIMORE,2024,333,
BALTIMORE,2024,332,
BALTIMORE,2024,331,
BALTIMORE,2024,330,
BALTIMORE,2024,329,
BALTIMORE,2024,328,
BALTIMORE,2024,327,
BALTIMORE,2024,326,
BALTIMORE,2024,325,
BALTIMORE,2024,324,
BALTIMORE,2024,323,
BALTIMORE,2024,322,
BALTIMORE,2024,321,
BALTIMORE,2024,320,
BALTIMORE,2024,319,
BALTIMORE,2024,318,
BALTIMORE,2024,317,
BALTIMORE,2024,316,
BALTIMORE,2024,315,
BALTIMORE,2024,314,
BALTIMORE,2024,313,
BALTIMORE,2024,312,
BALTIMORE,2024,311,
BALTIMORE,2024,310,
BALTIMORE,2024,309,
BALTIMORE,2024,308,
BALTIMORE,2024,307,
BALTIMORE,2024,306,
BALTIMORE,2024,305,
BALTIMORE,2024,304,
BALTIMORE,2024,303,
BALTIMORE,2024,302,
BALTIMORE,2024,301,
BALTIMORE,2024,300,
BALTIMORE,2024,299,
BALTIMORE,2024,298,
BALTIMORE,2024,297,
BALTIMORE,2024,296,
BALTIMORE,2024,295,
BALTIMORE,2024,294,
BALTIMORE,2024,293,
BALTIMORE,2024,292,
BALTIMORE,2024,291,
BALTIMORE,2024,290,
BALTIMORE,2024,289,
BALTIMORE,2024,288,
BALTIMORE,2024,287,
BALTIMORE,2024,286,
BALTIMORE,2024,285,
BALTIMORE,2024,284,
BALTIMORE,2024,283,
BALTIMORE,2024,282,
BALTIMORE,2024,281,
BALTIMORE,2024,280,
BALTIMORE,2024,279,
BALTIMORE,2024,278,
BALTIMORE,2024,277,
BALTIMORE,2024,276,
BALTIMORE,2024,275,
BALTIMORE,2024,274,30.500000
BALTIMORE,2024,273,
BALTIMORE,2024,272,
BALTIMORE,2024,271,30.500000
BALTIMORE,2024,270,30.500000
BALTIMORE,2024,269,30.500000
BALTIMORE,2024,268,30.500000
BALTIMORE,2024,267,30.500000
BALTIMORE,2024,266,
BALTIMORE,2024,265,
BALTIMORE,2024,264,30.500000
BALTIMORE,2024,263,30.500000
BALTIMORE,2024,262,30.500000
BALTIMORE,2024,261,30.500000
BALTIMORE,2024,260,26.000000
BALTIMORE,2024,259,
BALTIMORE,2024,258,
BALTIMORE,2024,257,26.000000
BALTIMORE,2024,256,26.000000
BALTIMORE,2024,255,26.000000
BALTIMORE,2024,254,26.000000
BALTIMORE,2024,253,24.500000
BALTIMORE,2024,252,
BALTIMORE,2024,251,
BALTIMORE,2024,250,24.500000
BALTIMORE,2024,249,24.500000
BALTIMORE,2024,248,24.500000
BALTIMORE,2024,247,24.500000
BALTIMORE,2024,246,
BALTIMORE,2024,245,
BALTIMORE,2024,244,
BALTIMORE,2024,243,24.500000
BALTIMORE,2024,242,24.500000
BALTIMORE,2024,241,24.500000
BALTIMORE,2024,240,24.500000
BALTIMORE,2024,239,24.500000
BALTIMORE,2024,238,
BALTIMORE,2024,237,
BALTIMORE,2024,236,24.500000
BALTIMORE,2024,235,24.500000
BALTIMORE,2024,234,26.500000
BALTIMORE,2024,233,26.500000
BALTIMORE,2024,232,26.500000
BALTIMORE,2024,231,
BALTIMORE,2024,230,
BALTIMORE,2024,229,26.500000
BALTIMORE,2024,228,23.000000
BALTIMORE,2024,227,23.000000
BALTIMORE,2024,226,23.000000
BALTIMORE,2024,225,23.000000
BALTIMORE,2024,224,
BALTIMORE,2024,223,
BALTIMORE,2024,222,23.000000
BALTIMORE,2024,221,23.000000
BALTIMORE,2024,220,23.000000
BALTIMORE,2024,219,23.000000
BALTIMORE,2024,218,23.000000
BALTIMORE,2024,217,
BALTIMORE,2024,216,
BALTIMORE,2024,215,23.000000
BALTIMORE,2024,214,
BALTIMORE,2024,213,
BALTIMORE,2024,212,23.000000
BALTIMORE,2024,211,29.500000
BALTIMORE,2024,210,
BALTIMORE,2024,209,
BALTIMORE,2024,208,29.500000
BALTIMORE,2024,207,29.500000
BALTIMORE,2024,206,29.500000
BALTIMORE,2024,205,29.500000
BALTIMORE,2024,204,29.500000
BALTIMORE,2024,203,
BALTIMORE,2024,202,
BALTIMORE,2024,201,29.500000
BALTIMORE,2024,200,29.500000
BALTIMORE,2024,199,
BALTIMORE,2024,198,29.500000
BALTIMORE,2024,197,29.500000
BALTIMORE,2024,196,
BALTIMORE,2024,195,
BALTIMORE,2024,194,32.500000
BALTIMORE,2024,193,32.500000
BALTIMORE,2024,192,32.500000
BALTIMORE,2024,191,32.500000
BALTIMORE,2024,190,32.500000
BALTIMORE,2024,189,
BALTIMORE,2024,188,
BALTIMORE,2024,187,33.500000
BALTIMORE,2024,186,
BALTIMORE,2024,185,33.500000
BALTIMORE,2024,184,33.500000
BALTIMORE,2024,183,32.000000
BALTIMORE,2024,182,
BALTIMORE,2024,181,
BALTIMORE,2024,180,32.000000
BALTIMORE,2024,179,32.000000
BALTIMORE,2024,178,32.000000
BALTIMORE,2024,177,32.000000
BALTIMORE,2024,176,32.000000
BALTIMORE,2024,175,
BALTIMORE,2024,174,
BALTIMORE,2024,173,39.500000
BALTIMORE,2024,172,39.500000
BALTIMORE,2024,171,
BALTIMORE,2024,170,39.500000
BALTIMORE,2024,169,39.500000
BALTIMORE,2024,168,
BALTIMORE,2024,167,
BALTIMORE,2024,166,39.500000
BALTIMORE,2024,165,39.500000
BALTIMORE,2024,164,39.500000
BALTIMORE,2024,163,65.000000
BALTIMORE,2024,162,65.000000
BALTIMORE,2024,161,
BALTIMORE,2024,160,
BALTIMORE,2024,159,65.000000
BALTIMORE,2024,158,65.000000
BALTIMORE,2024,157,65.000000
BALTIMORE,2024,156,65.000000
BALTIMORE,2024,155,65.000000
BALTIMORE,2024,154,
BALTIMORE,2024,153,
BALTIMORE,2024,152,65.000000
BALTIMORE,2024,151,65.000000
BALTIMORE,2024,150,65.000000
BALTIMORE,2024,149,65.000000
BALTIMORE,2024,148,
BALTIMORE,2024,147,
BALTIMORE,2024,146,
BALTIMORE,2024,145,65.000000
BALTIMORE,2024,144,65.000000
BALTIMORE,2024,143,65.000000
BALTIMORE,2024,142,65.000000
BALTIMORE,2024,141,65.000000
BALTIMORE,2024,140,
BALTIMORE,2024,139,
BALTIMORE,2024,138,65.000000
BALTIMORE,2024,137,65.000000
BALTIMORE,2024,136,65.000000
BALTIMORE,2024,135,65.000000
BALTIMORE,2024,134,63.000000
BALTIMORE,2024,133,
BALTIMORE,2024,132,
BALTIMORE,2024,131,63.000000
BALTIMORE,2024,130,63.000000
BALTIMORE,2024,129,63.000000
BALTIMORE,2024,128,63.000000
BALTIMORE,2024,127,71.000000
BALTIMORE,2024,126,
BALTIMORE,2024,125,
BALTIMORE,2024,124,71.000000
BALTIMORE,2024,123,71.000000
BALTIMORE,2024,122,71.000000
BALTIMORE,2024,121,71.000000
BALTIMORE,2024,120,73.000000
BALTIMORE,2024,119,
BALTIMORE,2024,118,
BALTIMORE,2024,117,73.000000
BALTIMORE,2024,116,73.000000
BALTIMORE,2024,115,73.000000
BALTIMORE,2024,114,73.000000
BALTIMORE,2024,113,70.500000
BALTIMORE,2024,112,
BALTIMORE,2024,111,
BALTIMORE,2024,110,70.500000
BALTIMORE,2024,109,70.500000
BALTIMORE,2024,108,70.500000
BALTIMORE,2024,107,70.500000
BALTIMORE,2024,106,70.500000
BALTIMORE,2024,105,
BALTIMORE,2024,104,
BALTIMORE,2024,103,
BALTIMORE,2024,102,
BALTIMORE,2024,101,55.000000
BALTIMORE,2024,100,55.000000
BALTIMORE,2024,99,47.500000
BALTIMORE,2024,98,
BALTIMORE,2024,97,
BALTIMORE,2024,96,47.500000
BALTIMORE,2024,95,45.500000
BALTIMORE,2024,94,42.500000
BALTIMORE,2024,93,42.000000
BALTIMORE,2024,92,42.000000
BALTIMORE,2024,91,
BALTIMORE,2024,90,
BALTIMORE,2024,89,39.000000
BALTIMORE,2024,88,39.000000
BALTIMORE,2024,87,39.000000
BALTIMORE,2024,86,39.000000
BALTIMORE,2024,85,38.500000
BALTIMORE,2024,84,
BALTIMORE,2024,83,
BALTIMORE,2024,82,38.500000
BALTIMORE,2024,81,38.500000
BALTIMORE,2024,80,38.500000
BALTIMORE,2024,79,38.500000
BALTIMORE,2024,78,33.000000
BALTIMORE,2024,77,
BALTIMORE,2024,76,
BALTIMORE,2024,75,33.000000
BALTIMORE,2024,74,33.000000
BALTIMORE,2024,73,33.000000
BALTIMORE,2024,72,33.000000
BALTIMORE,2024,71,31.000000
BALTIMORE,2024,70,
BALTIMORE,2024,69,
BALTIMORE,2024,68,31.000000
BALTIMORE,2024,67,31.000000
BALTIMORE,2024,66,31.000000
BALTIMORE,2024,65,31.000000
BALTIMORE,2024,64,28.000000
BALTIMORE,2024,63,
BALTIMORE,2024,62,
BALTIMORE,2024,61,28.000000
BALTIMORE,2024,60,28.000000
BALTIMORE,2024,59,28.000000
BALTIMORE,2024,58,28.000000
BALTIMORE,2024,57,24.000000
BALTIMORE,2024,56,
BALTIMORE,2024,55,
BALTIMORE,2024,54,24.000000
BALTIMORE,2024,53,24.000000
BALTIMORE,2024,52,24.000000
BALTIMORE,2024,51,24.000000
BALTIMORE,2024,50,
BALTIMORE,2024,49,
BALTIMORE,2024,48,
BALTIMORE,2024,47,26.000000
BALTIMORE,2024,46,26.000000
BALTIMORE,2024,45,26.000000
BALTIMORE,2024,44,26.000000
BALTIMORE,2024,43,26.000000
BALTIMORE,2024,42,
BALTIMORE,2024,41,
BALTIMORE,2024,40,26.000000
BALTIMORE,2024,39,26.000000
BALTIMORE,2024,38,26.000000
BALTIMORE,2024,37,26.000000
BALTIMORE,2024,36,26.000000
BALTIMORE,2024,35,
BALTIMORE,2024,34,
BALTIMORE,2024,33,23.000000
BALTIMORE,2024,32,23.000000
BALTIMORE,2024,31,23.000000
BALTIMORE,2024,30,23.000000
BALTIMORE,2024,29,23.000000
BALTIMORE,2024,28,
BALTIMORE,2024,27,
BALTIMORE,2024,26,23.000000
BALTIMORE,2024,25,23.000000
BALTIMORE,2024,24,23.000000
BALTIMORE,2024,23,23.000000
BALTIMORE,2024,22,23.000000
BALTIMORE,2024,21,
BALTIMORE,2024,20,
BALTIMORE,2024,19,25.000000
BALTIMORE,2024,18,25.000000
BALTIMORE,2024,17,25.000000
BALTIMORE,2024,16,27.000000
BALTIMORE,2024,15,
BALTIMORE,2024,14,
BALTIMORE,2024,13,
BALTIMORE,2024,12,27.000000
BALTIMORE,2024,11,27.000000
BALTIMORE,2024,10,27.000000
BALTIMORE,2024,9,25.000000
BALTIMORE,2024,8,25.000000
BALTIMORE,2024,7,
BALTIMORE,2024,6,
BALTIMORE,2024,5,25.000000
BALTIMORE,2024,4,25.000000
BALTIMORE,2024,3,25.000000
BALTIMORE,2024,2,25.000000
BOSTON,2024,366,
BOSTON,2024,365,
BOSTON,2024,364,
BOSTON,2024,363,
BOSTON,2024,362,
BOSTON,2024,361,
BOSTON,2024,360,
BOSTON,2024,359,
BOSTON,2024,358,
BOSTON,2024,357,
BOSTON,2024,356,
BOSTON,2024,355,
BOSTON,2024,354,
BOSTON,2024,353,
BOSTON,2024,352,
BOSTON,2024,351,
BOSTON,2024,350,
BOSTON,2024,349,
BOSTON,2024,348,
BOSTON,2024,347,
BOSTON,2024,346,
BOSTON,2024,345,
BOSTON,2024,344,
BOSTON,2024,343,
BOSTON,2024,342,
BOSTON,2024,341,
BOSTON,2024,340,
BOSTON,2024,339,
BOSTON,2024,338,
BOSTON,2024,337,
BOSTON,2024,336,
BOSTON,2024,335,
BOSTON,2024,334,
BOSTON,2024,333,
BOSTON,2024,332,
BOSTON,2024,331,
BOSTON,2024,330,
BOSTON,2024,329,
BOSTON,2024,328,
BOSTON,2024,327,
BOSTON,2024,326,
BOSTON,2024,325,
BOSTON,2024,324,
BOSTON,2024,323,
BOSTON,2024,322,
BOSTON,2024,321,
BOSTON,2024,320,
BOSTON,2024,319,
BOSTON,2024,318,
BOSTON,2024,317,
BOSTON,2024,316,
BOSTON,2024,315,
BOSTON,2024,314,
BOSTON,2024,313,
BOSTON,2024,312,
BOSTON,2024,311,
BOSTON,2024,310,
BOSTON,2024,309,
BOSTON,2024,308,
BOSTON,2024,307,
BOSTON,2024,306,
BOSTON,2024,305,
BOSTON,2024,304,
BOSTON,2024,303,
BOSTON,2024,302,
BOSTON,2024,301,
BOSTON,2024,300,
BOSTON,2024,299,
BOSTON,2024,298,
BOSTON,2024,297,
BOSTON,2024,296,
BOSTON,2024,295,
BOSTON,2024,294,
BOSTON,2024,293,
BOSTON,2024,292,
BOSTON,2024,291,
BOSTON,2024,290,
BOSTON,2024,289,
BOSTON,2024,288,
BOSTON,2024,287,
BOSTON,2024,286,
BOSTON,2024,285,
BOSTON,2024,284,
BOSTON,2024,283,
BOSTON,2024,282,
BOSTON,2024,281,
BOSTON,2024,280,
BOSTON,2024,279,
BOSTON,2024,278,
BOSTON,2024,277,
BOSTON,2024,276,
BOSTON,2024,275,
BOSTON,2024,274,22.500000
BOSTON,2024,273,
BOSTON,2024,272,
BOSTON,2024,271,22.500000
BOSTON,2024,270,22.500000
BOSTON,2024,269,22.500000
BOSTON,2024,268,22.500000
BOSTON,2024,267,22.500000
BOSTON,2024,266,
BOSTON,2024,265,
BOSTON,2024,264,22.500000
BOSTON,2024,263,22.500000
BOSTON,2024,262,22.500000
BOSTON,2024,261,22.500000
BOSTON,2024,260,22.500000
BOSTON,2024,259,
BOSTON,2024,258,
BOSTON,2024,257,22.500000
BOSTON,2024,256,22.500000
BOSTON,2024,255,22.500000
BOSTON,2024,254,22.500000
BOSTON,2024,253,22.500000
BOSTON,2024,252,
BOSTON,2024,251,
BOSTON,2024,250,22.500000
BOSTON,2024,249,22.500000
BOSTON,2024,248,22.500000
BOSTON,2024,247,22.500000
BOSTON,2024,246,
BOSTON,2024,245,
BOSTON,2024,244,
BOSTON,2024,243,22.500000
BOSTON,2024,242,22.500000
BOSTON,2024,241,22.500000
BOSTON,2024,240,22.500000
BOSTON,2024,239,22.500000
BOSTON,2024,238,
BOSTON,2024,237,
BOSTON,2024,236,22.500000
BOSTON,2024,235,22.500000
BOSTON,2024,234,22.500000
BOSTON,2024,233,22.500000
BOSTON,2024,232,22.500000
BOSTON,2024,231,
BOSTON,2024,230,
BOSTON,2024,229,22.500000
BOSTON,2024,228,22.500000
BOSTON,2024,227,22.500000
BOSTON,2024,226,22.500000
BOSTON,2024,225,22.500000
BOSTON,2024,224,
BOSTON,2024,223,
BOSTON,2024,222,22.500000
BOSTON,2024,221,22.500000
BOSTON,2024,220,22.500000
BOSTON,2024,219,22.500000
BOSTON,2024,218,22.500000
BOSTON,2024,217,
BOSTON,2024,216,
BOSTON,2024,215,22.500000
BOSTON,2024,214,
BOSTON,2024,213,22.500000
BOSTON,2024,212,22.500000
BOSTON,2024,211,22.500000
BOSTON,2024,210,
BOSTON,2024,209,
BOSTON,2024,208,22.500000
BOSTON,2024,207,22.500000
BOSTON,2024,206,22.500000
BOSTON,2024,205,22.500000
BOSTON,2024,204,22.500000
BOSTON,2024,203,
BOSTON,2024,202,
BOSTON,2024,201,22.500000
BOSTON,2024,200,22.500000
BOSTON,2024,199,22.500000
BOSTON,2024,198,22.500000
BOSTON,2024,197,
BOSTON,2024,196,
BOSTON,2024,195,
BOSTON,2024,194,22.500000
BOSTON,2024,193,22.500000
BOSTON,2024,192,22.500000
BOSTON,2024,191,22.500000
BOSTON,2024,190,22.500000
BOSTON,2024,189,
BOSTON,2024,188,
BOSTON,2024,187,22.500000
BOSTON,2024,186,
BOSTON,2024,185,22.500000
BOSTON,2024,184,22.500000
BOSTON,2024,183,22.500000
BOSTON,2024,182,
BOSTON,2024,181,
BOSTON,2024,180,22.500000
BOSTON,2024,179,22.500000
BOSTON,2024,178,22.500000
BOSTON,2024,177,22.500000
BOSTON,2024,176,22.500000
BOSTON,2024,175,
BOSTON,2024,174,
BOSTON,2024,173,22.500000
BOSTON,2024,172,22.500000
BOSTON,2024,171,
BOSTON,2024,170,22.500000
BOSTON,2024,169,22.500000
BOSTON,2024,168,
BOSTON,2024,167,
BOSTON,2024,166,22.500000
BOSTON,2024,165,22.500000
BOSTON,2024,164,22.500000
BOSTON,2024,163,22.500000
BOSTON,2024,162,22.500000
BOSTON,2024,161,
BOSTON,2024,160,
BOSTON,2024,159,22.500000
BOSTON,2024,158,22.500000
BOSTON,2024,157,22.500000
BOSTON,2024,156,22.500000
BOSTON,2024,155,22.500000
BOSTON,2024,154,
BOSTON,2024,153,
BOSTON,2024,152,22.500000
BOSTON,2024,151,22.500000
BOSTON,2024,150,22.500000
BOSTON,2024,149,22.500000
BOSTON,2024,148,
BOSTON,2024,147,
BOSTON,2024,146,
BOSTON,2024,145,22.500000
BOSTON,2024,144,22.500000
BOSTON,2024,143,22.500000
BOSTON,2024,142,22.500000
BOSTON,2024,141,22.500000
BOSTON,2024,140,
BOSTON,2024,139,
BOSTON,2024,138,22.500000
BOSTON,2024,137,22.500000
BOSTON,2024,136,22.500000
BOSTON,2024,135,22.500000
BOSTON,2024,134,22.500000
BOSTON,2024,133,
BOSTON,2024,132,
BOSTON,2024,131,22.500000
BOSTON,2024,130,22.500000
BOSTON,2024,129,22.500000
BOSTON,2024,128,22.500000
BOSTON,2024,127,22.500000
BOSTON,2024,126,
BOSTON,2024,125,
BOSTON,2024,124,22.500000
BOSTON,2024,123,22.500000
BOSTON,2024,122,22.500000
BOSTON,2024,121,22.500000
BOSTON,2024,120,22.500000
BOSTON,2024,119,
BOSTON,2024,118,
BOSTON,2024,117,22.500000
BOSTON,2024,116,22.500000
BOSTON,2024,115,22.500000
BOSTON,2024,114,22.500000
BOSTON,2024,113,22.500000
BOSTON,2024,112,
BOSTON,2024,111,
BOSTON,2024,110,22.500000
BOSTON,2024,109,22.500000
BOSTON,2024,108,22.500000
BOSTON,2024,107,22.500000
BOSTON,2024,106,22.500000
BOSTON,2024,105,
BOSTON,2024,104,
BOSTON,2024,103,22.500000
BOSTON,2024,102,22.500000
BOSTON,2024,101,22.500000
BOSTON,2024,100,22.500000
BOSTON,2024,99,22.500000
BOSTON,2024,98,
BOSTON,2024,97,
BOSTON,2024,96,22.500000
BOSTON,2024,95,22.500000
BOSTON,2024,94,22.500000
BOSTON,2024,93,22.500000
BOSTON,2024,92,22.500000
BOSTON,2024,91,
BOSTON,2024,90,
BOSTON,2024,89,22.500000
BOSTON,2024,88,22.500000
BOSTON,2024,87,22.500000
BOSTON,2024,86,22.500000
BOSTON,2024,85,22.500000
BOSTON,2024,84,
BOSTON,2024,83,
BOSTON,2024,82,22.500000
BOSTON,2024,81,22.500000
BOSTON,2024,80,22.500000
BOSTON,2024,79,22.500000
BOSTON,2024,78,22.500000
BOSTON,2024,77,
BOSTON,2024,76,
BOSTON,2024,75,22.500000
BOSTON,2024,74,22.500000
BOSTON,2024,73,22.500000
BOSTON,2024,72,22.500000
BOSTON,2024,71,22.500000
BOSTON,2024,70,
BOSTON,2024,69,
BOSTON,2024,68,22.500000
BOSTON,2024,67,22.500000
BOSTON,2024,66,22.500000
BOSTON,2024,65,22.500000
BOSTON,2024,64,22.500000
BOSTON,2024,63,
BOSTON,2024,62,
BOSTON,2024,61,22.500000
BOSTON,2024,60,22.500000
BOSTON,2024,59,22.500000
BOSTON,2024,58,22.500000
BOSTON,2024,57,22.500000
BOSTON,2024,56,
BOSTON,2024,55,
BOSTON,2024,54,22.500000
BOSTON,2024,53,22.500000
BOSTON,2024,52,22.500000
BOSTON,2024,51,22.500000
BOSTON,2024,50,
BOSTON,2024,49,
BOSTON,2024,48,
BOSTON,2024,47,22.500000
BOSTON,2024,46,22.500000
BOSTON,2024,45,22.500000
BOSTON,2024,44,22.500000
BOSTON,2024,43,22.500000
BOSTON,2024,42,
BOSTON,2024,41,
BOSTON,2024,40,22.500000
BOSTON,2024,39,22.500000
BOSTON,2024,38,22.500000
BOSTON,2024,37,22.500000
BOSTON,2024,36,22.500000
BOSTON,2024,35,
BOSTON,2024,34,
BOSTON,2024,33,22.500000
BOSTON,2024,32,22.500000
BOSTON,2024,31,22.500000
BOSTON,2024,30,22.500000
BOSTON,2024,29,22.500000
BOSTON,2024,28,
BOSTON,2024,27,
BOSTON,2024,26,22.500000
BOSTON,2024,25,22.500000
BOSTON,2024,24,22.500000
BOSTON,2024,23,22.500000
BOSTON,2024,22,22.500000
BOSTON,2024,21,
BOSTON,2024,20,
BOSTON,2024,19,22.500000
BOSTON,2024,18,22.500000
BOSTON,2024,17,22.500000
BOSTON,2024,16,22.500000
BOSTON,2024,15,
BOSTON,2024,14,
BOSTON,2024,13,
BOSTON,2024,12,22.500000
BOSTON,2024,11,22.500000
BOSTON,2024,10,22.500000
BOSTON,2024,9,22.500000
BOSTON,2024,8,22.500000
BOSTON,2024,7,
BOSTON,2024,6,
BOSTON,2024,5,22.500000
BOSTON,2024,4,22.500000
BOSTON,2024,3,22.500000
BOSTON,2024,2,22.500000
CHICAGO,2024,366,
CHICAGO,2024,365,
CHICAGO,2024,364,
CHICAGO,2024,363,
CHICAGO,2024,362,
CHICAGO,2024,361,
CHICAGO,2024,360,
CHICAGO,2024,359,
CHICAGO,2024,358,
CHICAGO,2024,357,
CHICAGO,2024,356,
CHICAGO,2024,355,
CHICAGO,2024,354,
CHICAGO,2024,353,
CHICAGO,2024,352,
CHICAGO,2024,351,
CHICAGO,2024,350,
CHICAGO,2024,349,
CHICAGO,2024,348,
CHICAGO,2024,347,
CHICAGO,2024,346,
CHICAGO,2024,345,
CHICAGO,2024,344,
CHICAGO,2024,343,
CHICAGO,2024,342,
CHICAGO,2024,341,
CHICAGO,2024,340,
CHICAGO,2024,339,
CHICAGO,2024,338,
CHICAGO,2024,337,
CHICAGO,2024,336,
CHICAGO,2024,335,
CHICAGO,2024,334,
CHICAGO,2024,333,
CHICAGO,2024,332,
CHICAGO,2024,331,
CHICAGO,2024,330,
CHICAGO,2024,329,
CHICAGO,2024,328,
CHICAGO,2024,327,
CHICAGO,2024,326,
CHICAGO,2024,325,
CHICAGO,2024,324,
CHICAGO,2024,323,
CHICAGO,2024,322,
CHICAGO,2024,321,
CHICAGO,2024,320,
CHICAGO,2024,319,
CHICAGO,2024,318,
CHICAGO,2024,317,
CHICAGO,2024,316,
CHICAGO,2024,315,
CHICAGO,2024,314,
CHICAGO,2024,313,
CHICAGO,2024,312,
CHICAGO,2024,311,
CHICAGO,2024,310,
CHICAGO,2024,309,
CHICAGO,2024,308,
CHICAGO,2024,307,
CHICAGO,2024,306,
CHICAGO,2024,305,
CHICAGO,2024,304,
CHICAGO,2024,303,
CHICAGO,2024,302,
CHICAGO,2024,301,
CHICAGO,2024,300,
CHICAGO,2024,299,
CHICAGO,2024,298,
CHICAGO,2024,297,
CHICAGO,2024,296,
CHICAGO,2024,295,
CHICAGO,2024,294,
CHICAGO,2024,293,
CHICAGO,2024,292,
CHICAGO,2024,291,
CHICAGO,2024,290,
CHICAGO,2024,289,
CHICAGO,2024,288,
CHICAGO,2024,287,
CHICAGO,2024,286,
CHICAGO,2024,285,
CHICAGO,2024,284,
CHICAGO,2024,283,
CHICAGO,2024,282,
CHICAGO,2024,281,
CHICAGO,2024,280,
CHICAGO,2024,279,
CHICAGO,2024,278,
CHICAGO,2024,277,
CHICAGO,2024,276,
CHICAGO,2024,275,
CHICAGO,2024,274,25.375000
CHICAGO,2024,273,
CHICAGO,2024,272,
CHICAGO,2024,271,25.375000
CHICAGO,2024,270,25.375000
CHICAGO,2024,269,25.375000
CHICAGO,2024,268,25.375000
CHICAGO,2024,267,
CHICAGO,2024,266,
CHICAGO,2024,265,
CHICAGO,2024,264,25.375000
CHICAGO,2024,263,25.375000
CHICAGO,2024,262,25.375000
CHICAGO,2024,261,25.375000
CHICAGO,2024,260,25.375000
CHICAGO,2024,259,
CHICAGO,2024,258,
CHICAGO,2024,257,25.375000
CHICAGO,2024,256,25.375000
CHICAGO,2024,255,25.375000
CHICAGO,2024,254,25.375000
CHICAGO,2024,253,25.375000
CHICAGO,2024,252,
CHICAGO,2024,251,
CHICAGO,2024,250,25.375000
CHICAGO,2024,249,23.750000
CHICAGO,2024,248,23.750000
CHICAGO,2024,247,23.750000
CHICAGO,2024,246,
CHICAGO,2024,245,
CHICAGO,2024,244,
CHICAGO,2024,243,23.750000
CHICAGO,2024,242,23.750000
CHICAGO,2024,241,23.750000
CHICAGO,2024,240,23.750000
CHICAGO,2024,239,23.750000
CHICAGO,2024,238,
CHICAGO,2024,237,
CHICAGO,2024,236,23.750000
CHICAGO,2024,235,23.750000
CHICAGO,2024,234,23.750000
CHICAGO,2024,233,23.750000
CHICAGO,2024,232,23.750000
CHICAGO,2024,231,
CHICAGO,2024,230,
CHICAGO,2024,229,23.750000
CHICAGO,2024,228,23.750000
CHICAGO,2024,227,23.750000
CHICAGO,2024,226,23.750000
CHICAGO,2024,225,23.750000
CHICAGO,2024,224,
CHICAGO,2024,223,
CHICAGO,2024,222,23.750000
CHICAGO,2024,221,28.000000
CHICAGO,2024,220,28.000000
CHICAGO,2024,219,28.000000
CHICAGO,2024,218,28.000000
CHICAGO,2024,217,
CHICAGO,2024,216,
CHICAGO,2024,215,28.000000
CHICAGO,2024,214,
CHICAGO,2024,213,28.000000
CHICAGO,2024,212,28.000000
CHICAGO,2024,211,28.000000
CHICAGO,2024,210,
CHICAGO,2024,209,
CHICAGO,2024,208,28.000000
CHICAGO,2024,207,28.000000
CHICAGO,2024,206,28.000000
CHICAGO,2024,205,28.000000
CHICAGO,2024,204,28.000000
CHICAGO,2024,203,
CHICAGO,2024,202,
CHICAGO,2024,201,28.000000
CHICAGO,2024,200,28.000000
CHICAGO,2024,199,30.000000
CHICAGO,2024,198,30.000000
CHICAGO,2024,197,30.000000
CHICAGO,2024,196,
CHICAGO,2024,195,
CHICAGO,2024,194,30.000000
CHICAGO,2024,193,30.000000
CHICAGO,2024,192,30.000000
CHICAGO,2024,191,30.000000
CHICAGO,2024,190,30.000000
CHICAGO,2024,189,
CHICAGO,2024,188,
CHICAGO,2024,187,32.500000
CHICAGO,2024,186,
CHICAGO,2024,185,35.666666
CHICAGO,2024,184,35.666666
CHICAGO,2024,183,35.666666
CHICAGO,2024,182,
CHICAGO,2024,181,
CHICAGO,2024,180,35.666666
CHICAGO,2024,179,35.666666
CHICAGO,2024,178,35.666666
CHICAGO,2024,177,35.666666
CHICAGO,2024,176,35.666666
CHICAGO,2024,175,
CHICAGO,2024,174,
CHICAGO,2024,173,35.666666
CHICAGO,2024,172,42.500000
CHICAGO,2024,171,
CHICAGO,2024,170,42.500000
CHICAGO,2024,169,42.500000
CHICAGO,2024,168,
CHICAGO,2024,167,
CHICAGO,2024,166,42.500000
CHICAGO,2024,165,42.500000
CHICAGO,2024,164,42.500000
CHICAGO,2024,163,42.500000
CHICAGO,2024,162,42.500000
CHICAGO,2024,161,
CHICAGO,2024,160,
CHICAGO,2024,159,42.500000
CHICAGO,2024,158,32.000000
CHICAGO,2024,157,32.000000
CHICAGO,2024,156,32.000000
CHICAGO,2024,155,32.000000
CHICAGO,2024,154,
CHICAGO,2024,153,
CHICAGO,2024,152,32.000000
CHICAGO,2024,151,32.000000
CHICAGO,2024,150,32.000000
CHICAGO,2024,149,32.000000
CHICAGO,2024,148,
CHICAGO,2024,147,
CHICAGO,2024,146,
CHICAGO,2024,145,32.000000
CHICAGO,2024,144,32.000000
CHICAGO,2024,143,32.000000
CHICAGO,2024,142,32.000000
CHICAGO,2024,141,32.000000
CHICAGO,2024,140,
CHICAGO,2024,139,
CHICAGO,2024,138,32.000000
CHICAGO,2024,137,32.000000
CHICAGO,2024,136,32.000000
CHICAGO,2024,135,32.000000
CHICAGO,2024,134,32.000000
CHICAGO,2024,133,
CHICAGO,2024,132,
CHICAGO,2024,131,32.000000
CHICAGO,2024,130,32.000000
CHICAGO,2024,129,32.000000
CHICAGO,2024,128,32.000000
CHICAGO,2024,127,32.000000
CHICAGO,2024,126,
CHICAGO,2024,125,
CHICAGO,2024,124,32.000000
CHICAGO,2024,123,32.000000
CHICAGO,2024,122,32.000000
CHICAGO,2024,121,32.000000
CHICAGO,2024,120,32.000000
CHICAGO,2024,119,
CHICAGO,2024,118,
CHICAGO,2024,117,32.000000
CHICAGO,2024,116,32.000000
CHICAGO,2024,115,32.000000
CHICAGO,2024,114,32.000000
CHICAGO,2024,113,32.000000
CHICAGO,2024,112,
CHICAGO,2024,111,
CHICAGO,2024,110,32.000000
CHICAGO,2024,109,32.000000
CHICAGO,2024,108,32.000000
CHICAGO,2024,107,32.000000
CHICAGO,2024,106,32.000000
CHICAGO,2024,105,
CHICAGO,2024,104,
CHICAGO,2024,103,32.000000
CHICAGO,2024,102,32.000000
CHICAGO,2024,101,32.000000
CHICAGO,2024,100,32.000000
CHICAGO,2024,99,32.000000
CHICAGO,2024,98,
CHICAGO,2024,97,
CHICAGO,2024,96,32.000000
CHICAGO,2024,95,
CHICAGO,2024,94,32.000000
CHICAGO,2024,93,32.000000
CHICAGO,2024,92,32.000000
CHICAGO,2024,91,
CHICAGO,2024,90,
CHICAGO,2024,89,32.000000
CHICAGO,2024,88,32.000000
CHICAGO,2024,87,32.000000
CHICAGO,2024,86,32.000000
CHICAGO,2024,85,32.000000
CHICAGO,2024,84,
CHICAGO,2024,83,
CHICAGO,2024,82,32.000000
CHICAGO,2024,81,32.000000
CHICAGO,2024,80,32.000000
CHICAGO,2024,79,32.000000
CHICAGO,2024,78,32.000000
CHICAGO,2024,77,
CHICAGO,2024,76,
CHICAGO,2024,75,32.000000
CHICAGO,2024,74,32.000000
CHICAGO,2024,73,32.000000
CHICAGO,2024,72,25.500000
CHICAGO,2024,71,25.500000
CHICAGO,2024,70,
CHICAGO,2024,69,
CHICAGO,2024,68,25.500000
CHICAGO,2024,67,25.500000
CHICAGO,2024,66,25.500000
CHICAGO,2024,65,25.500000
CHICAGO,2024,64,25.500000
CHICAGO,2024,63,
CHICAGO,2024,62,
CHICAGO,2024,61,25.500000
CHICAGO,2024,60,25.500000
CHICAGO,2024,59,25.500000
CHICAGO,2024,58,25.500000
CHICAGO,2024,57,25.500000
CHICAGO,2024,56,
CHICAGO,2024,55,
CHICAGO,2024,54,25.500000
CHICAGO,2024,53,25.500000
CHICAGO,2024,52,25.500000
CHICAGO,2024,51,25.500000
CHICAGO,2024,50,
CHICAGO,2024,49,
CHICAGO,2024,48,
CHICAGO,2024,47,25.500000
CHICAGO,2024,46,25.500000
CHICAGO,2024,45,25.500000
CHICAGO,2024,44,25.500000
CHICAGO,2024,43,25.500000
CHICAGO,2024,42,
CHICAGO,2024,41,
CHICAGO,2024,40,25.500000
CHICAGO,2024,39,25.500000
CHICAGO,2024,38,25.500000
CHICAGO,2024,37,25.500000
CHICAGO,2024,36,25.500000
CHICAGO,2024,35,
CHICAGO,2024,34,
CHICAGO,2024,33,25.500000
CHICAGO,2024,32,25.500000
CHICAGO,2024,31,
CHICAGO,2024,30,25.500000
CHICAGO,2024,29,25.500000
CHICAGO,2024,28,
CHICAGO,2024,27,
CHICAGO,2024,26,25.500000
CHICAGO,2024,25,25.500000
CHICAGO,2024,24,36.600000
CHICAGO,2024,23,36.600000
CHICAGO,2024,22,36.600000
CHICAGO,2024,21,
CHICAGO,2024,20,
CHICAGO,2024,19,36.600000
CHICAGO,2024,18,36.600000
CHICAGO,2024,17,36.600000
CHICAGO,2024,16,36.600000
CHICAGO,2024,15,
CHICAGO,2024,14,
CHICAGO,2024,13,
CHICAGO,2024,12,36.600000
CHICAGO,2024,11,36.600000
CHICAGO,2024,10,36.600000
CHICAGO,2024,9,36.600000
CHICAGO,2024,8,36.600000
CHICAGO,2024,7,
CHICAGO,2024,6,
CHICAGO,2024,5,36.600000
CHICAGO,2024,4,36.600000
CHICAGO,2024,3,36.600000
CHICAGO,2024,2,36.600000
COLUMBIA,2024,366,
COLUMBIA,2024,365,
COLUMBIA,2024,364,
COLUMBIA,2024,363,
COLUMBIA,2024,362,
COLUMBIA,2024,361,
COLUMBIA,2024,360,
COLUMBIA,2024,359,
COLUMBIA,2024,358,
COLUMBIA,2024,357,
COLUMBIA,2024,356,
COLUMBIA,2024,355,
COLUMBIA,2024,354,
COLUMBIA,2024,353,
COLUMBIA,2024,352,
COLUMBIA,2024,351,
COLUMBIA,2024,350,
COLUMBIA,2024,349,
COLUMBIA,2024,348,
COLUMBIA,2024,347,
COLUMBIA,2024,346,
COLUMBIA,2024,345,
COLUMBIA,2024,344,
COLUMBIA,2024,343,
COLUMBIA,2024,342,
COLUMBIA,2024,341,
COLUMBIA,2024,340,
COLUMBIA,2024,339,
COLUMBIA,2024,338,
COLUMBIA,2024,337,
COLUMBIA,2024,336,
COLUMBIA,2024,335,
COLUMBIA,2024,334,
COLUMBIA,2024,333,
COLUMBIA,2024,332,
COLUMBIA,2024,331,
COLUMBIA,2024,330,
COLUMBIA,2024,329,
COLUMBIA,2024,328,
COLUMBIA,2024,327,
COLUMBIA,2024,326,
COLUMBIA,2024,325,
COLUMBIA,2024,324,
COLUMBIA,2024,323,
COLUMBIA,2024,322,
COLUMBIA,2024,321,
COLUMBIA,2024,320,
COLUMBIA,2024,319,
COLUMBIA,2024,318,
COLUMBIA,2024,317,
COLUMBIA,2024,316,
COLUMBIA,2024,315,
COLUMBIA,2024,314,
COLUMBIA,2024,313,
COLUMBIA,2024,312,
COLUMBIA,2024,311,
COLUMBIA,2024,310,
COLUMBIA,2024,309,
COLUMBIA,2024,308,
COLUMBIA,2024,307,
COLUMBIA,2024,306,
COLUMBIA,2024,305,
COLUMBIA,2024,304,
COLUMBIA,2024,303,
COLUMBIA,2024,302,
COLUMBIA,2024,301,
COLUMBIA,2024,300,
COLUMBIA,2024,299,
COLUMBIA,2024,298,
COLUMBIA,2024,297,
COLUMBIA,2024,296,
COLUMBIA,2024,295,
COLUMBIA,2024,294,
COLUMBIA,2024,293,
COLUMBIA,2024,292,
COLUMBIA,2024,291,
COLUMBIA,2024,290,
COLUMBIA,2024,289,
COLUMBIA,2024,288,
COLUMBIA,2024,287,
COLUMBIA,2024,286,
COLUMBIA,2024,285,
COLUMBIA,2024,284,
COLUMBIA,2024,283,
COLUMBIA,2024,282,
COLUMBIA,2024,281,
COLUMBIA,2024,280,
COLUMBIA,2024,279,
COLUMBIA,2024,278,
COLUMBIA,2024,277,
COLUMBIA,2024,276,
COLUMBIA,2024,275,
COLUMBIA,2024,274,29.000000
COLUMBIA,2024,273,
COLUMBIA,2024,272,
COLUMBIA,2024,271,
COLUMBIA,2024,270,29.000000
COLUMBIA,2024,269,29.000000
COLUMBIA,2024,268,29.000000
COLUMBIA,2024,267,29.000000
COLUMBIA,2024,266,
COLUMBIA,2024,265,
COLUMBIA,2024,264,29.000000
COLUMBIA,2024,263,29.000000
COLUMBIA,2024,262,29.000000
COLUMBIA,2024,261,29.000000
COLUMBIA,2024,260,29.000000
COLUMBIA,2024,259,
COLUMBIA,2024,258,
COLUMBIA,2024,257,29.000000
COLUMBIA,2024,256,29.000000
COLUMBIA,2024,255,29.000000
COLUMBIA,2024,254,29.000000
COLUMBIA,2024,253,29.000000
COLUMBIA,2024,252,
COLUMBIA,2024,251,
COLUMBIA,2024,250,28.500000
COLUMBIA,2024,249,28.500000
COLUMBIA,2024,248,28.500000
COLUMBIA,2024,247,28.500000
COLUMBIA,2024,246,
COLUMBIA,2024,245,
COLUMBIA,2024,244,
COLUMBIA,2024,243,
COLUMBIA,2024,242,
COLUMBIA,2024,241,
COLUMBIA,2024,240,
COLUMBIA,2024,239,
COLUMBIA,2024,238,
COLUMBIA,2024,237,
COLUMBIA,2024,236,
COLUMBIA,2024,235,
COLUMBIA,2024,234,
COLUMBIA,2024,233,
COLUMBIA,2024,232,
COLUMBIA,2024,231,
COLUMBIA,2024,230,
COLUMBIA,2024,229,
COLUMBIA,2024,228,
COLUMBIA,2024,227,
COLUMBIA,2024,226,
COLUMBIA,2024,225,
COLUMBIA,2024,224,
COLUMBIA,2024,223,
COLUMBIA,2024,222,
COLUMBIA,2024,221,
COLUMBIA,2024,220,
COLUMBIA,2024,219,
COLUMBIA,2024,218,
COLUMBIA,2024,217,
COLUMBIA,2024,216,
COLUMBIA,2024,215,
COLUMBIA,2024,214,
COLUMBIA,2024,213,
COLUMBIA,2024,212,
COLUMBIA,2024,211,
COLUMBIA,2024,210,
COLUMBIA,2024,209,
COLUMBIA,2024,208,
COLUMBIA,2024,207,
COLUMBIA,2024,206,
COLUMBIA,2024,205,
COLUMBIA,2024,204,
COLUMBIA,2024,203,
COLUMBIA,2024,202,
COLUMBIA,2024,201,
COLUMBIA,2024,200,
COLUMBIA,2024,199,
COLUMBIA,2024,198,
COLUMBIA,2024,197,
COLUMBIA,2024,196,
COLUMBIA,2024,195,
COLUMBIA,2024,194,
COLUMBIA,2024,193,
COLUMBIA,2024,192,
COLUMBIA,2024,191,
COLUMBIA,2024,190,
COLUMBIA,2024,189,
COLUMBIA,2024,188,
COLUMBIA,2024,187,
COLUMBIA,2024,186,
COLUMBIA,2024,185,
COLUMBIA,2024,184,
COLUMBIA,2024,183,
COLUMBIA,2024,182,
COLUMBIA,2024,181,
COLUMBIA,2024,180,
COLUMBIA,2024,179,
COLUMBIA,2024,178,
COLUMBIA,2024,177,
COLUMBIA,2024,176,
COLUMBIA,2024,175,
COLUMBIA,2024,174,
COLUMBIA,2024,173,
COLUMBIA,2024,172,
COLUMBIA,2024,171,
COLUMBIA,2024,170,
COLUMBIA,2024,169,
COLUMBIA,2024,168,
COLUMBIA,2024,167,
COLUMBIA,2024,166,
COLUMBIA,2024,165,
COLUMBIA,2024,164,
COLUMBIA,2024,163,
COLUMBIA,2024,162,
COLUMBIA,2024,161,
COLUMBIA,2024,160,
COLUMBIA,2024,159,
COLUMBIA,2024,158,
COLUMBIA,2024,157,
COLUMBIA,2024,156,
COLUMBIA,2024,155,
COLUMBIA,2024,154,
COLUMBIA,2024,153,
COLUMBIA,2024,152,
COLUMBIA,2024,151,
COLUMBIA,2024,150,
COLUMBIA,2024,149,
COLUMBIA,2024,148,
COLUMBIA,2024,147,
COLUMBIA,2024,146,
COLUMBIA,2024,145,
COLUMBIA,2024,144,
COLUMBIA,2024,143,
COLUMBIA,2024,142,
COLUMBIA,2024,141,
COLUMBIA,2024,140,
COLUMBIA,2024,139,
COLUMBIA,2024,138,
COLUMBIA,2024,137,
COLUMBIA,2024,136,
COLUMBIA,2024,135,
COLUMBIA,2024,134,
COLUMBIA,2024,133,
COLUMBIA,2024,132,
COLUMBIA,2024,131,
COLUMBIA,2024,130,
COLUMBIA,2024,129,
COLUMBIA,2024,128,
COLUMBIA,2024,127,
COLUMBIA,2024,126,
COLUMBIA,2024,125,
COLUMBIA,2024,124,
COLUMBIA,2024,123,
COLUMBIA,2024,122,
COLUMBIA,2024,121,
COLUMBIA,2024,120,
COLUMBIA,2024,119,
COLUMBIA,2024,118,
COLUMBIA,2024,117,
COLUMBIA,2024,116,
COLUMBIA,2024,115,
COLUMBIA,2024,114,
COLUMBIA,2024,113,
COLUMBIA,2024,112,
COLUMBIA,2024,111,
COLUMBIA,2024,110,
COLUMBIA,2024,109,
COLUMBIA,2024,108,
COLUMBIA,2024,107,
COLUMBIA,2024,106,
COLUMBIA,2024,105,
COLUMBIA,2024,104,
COLUMBIA,2024,103,22.000000
COLUMBIA,2024,102,22.000000
COLUMBIA,2024,101,22.000000
COLUMBIA,2024,100,22.000000
COLUMBIA,2024,99,22.000000
COLUMBIA,2024,98,
COLUMBIA,2024,97,
COLUMBIA,2024,96,22.000000
COLUMBIA,2024,95,22.000000
COLUMBIA,2024,94,22.000000
COLUMBIA,2024,93,22.000000
COLUMBIA,2024,92,22.000000
COLUMBIA,2024,91,
COLUMBIA,2024,90,
COLUMBIA,2024,89,22.000000
COLUMBIA,2024,88,22.000000
COLUMBIA,2024,87,22.000000
COLUMBIA,2024,86,22.000000
COLUMBIA,2024,85,22.000000
COLUMBIA,2024,84,
COLUMBIA,2024,83,
COLUMBIA,2024,82,22.000000
COLUMBIA,2024,81,22.000000
COLUMBIA,2024,80,22.000000
COLUMBIA,2024,79,22.000000
COLUMBIA,2024,78,22.000000
COLUMBIA,2024,77,
COLUMBIA,2024,76,
COLUMBIA,2024,75,24.250000
COLUMBIA,2024,74,24.250000
COLUMBIA,2024,73,24.250000
COLUMBIA,2024,72,24.250000
COLUMBIA,2024,71,24.250000
COLUMBIA,2024,70,
COLUMBIA,2024,69,
COLUMBIA,2024,68,24.250000
COLUMBIA,2024,67,24.250000
COLUMBIA,2024,66,24.250000
COLUMBIA,2024,65,24.250000
COLUMBIA,2024,64,24.250000
COLUMBIA,2024,63,
COLUMBIA,2024,62,
COLUMBIA,2024,61,24.250000
COLUMBIA,2024,60,24.250000
COLUMBIA,2024,59,24.250000
COLUMBIA,2024,58,24.250000
COLUMBIA,2024,57,22.000000
COLUMBIA,2024,56,
COLUMBIA,2024,55,
COLUMBIA,2024,54,22.000000
COLUMBIA,2024,53,22.000000
COLUMBIA,2024,52,22.000000
COLUMBIA,2024,51,22.000000
COLUMBIA,2024,50,
COLUMBIA,2024,49,
COLUMBIA,2024,48,
COLUMBIA,2024,47,22.000000
COLUMBIA,2024,46,22.000000
COLUMBIA,2024,45,22.000000
COLUMBIA,2024,44,22.000000
COLUMBIA,2024,43,22.000000
COLUMBIA,2024,42,
COLUMBIA,2024,41,
COLUMBIA,2024,40,22.000000
COLUMBIA,2024,39,22.000000
COLUMBIA,2024,38,22.000000
COLUMBIA,2024,37,22.000000
COLUMBIA,2024,36,22.000000
COLUMBIA,2024,35,
COLUMBIA,2024,34,
COLUMBIA,2024,33,26.500000
COLUMBIA,2024,32,26.500000
COLUMBIA,2024,31,26.500000
COLUMBIA,2024,30,26.500000
COLUMBIA,2024,29,26.500000
COLUMBIA,2024,28,
COLUMBIA,2024,27,
COLUMBIA,2024,26,26.500000
COLUMBIA,2024,25,26.500000
COLUMBIA,2024,24,27.000000
COLUMBIA,2024,23,27.000000
COLUMBIA,2024,22,27.000000
COLUMBIA,2024,21,
COLUMBIA,2024,20,
COLUMBIA,2024,19,27.000000
COLUMBIA,2024,18,27.000000
COLUMBIA,2024,17,27.000000
COLUMBIA,2024,16,32.000000
COLUMBIA,2024,15,
COLUMBIA,2024,14,
COLUMBIA,2024,13,
COLUMBIA,2024,12,27.000000
COLUMBIA,2024,11,27.000000
COLUMBIA,2024,10,27.000000
COLUMBIA,2024,9,27.000000
COLUMBIA,2024,8,27.000000
COLUMBIA,2024,7,
COLUMBIA,2024,6,
COLUMBIA,2024,5,27.000000
COLUMBIA,2024,4,27.000000
COLUMBIA,2024,3,27.000000
COLUMBIA,2024,2,27.000000
LOS ANGELES,2024,366,
LOS ANGELES,2024,365,
LOS ANGELES,2024,364,
LOS ANGELES,2024,363,
LOS ANGELES,2024,362,
LOS ANGELES,2024,361,
LOS ANGELES,2024,360,
LOS ANGELES,2024,359,
LOS ANGELES,2024,358,
LOS ANGELES,2024,357,
LOS ANGELES,2024,356,
LOS ANGELES,2024,355,
LOS ANGELES,2024,354,
LOS ANGELES,2024,353,
LOS ANGELES,2024,352,
LOS ANGELES,2024,351,
LOS ANGELES,2024,350,
LOS ANGELES,2024,349,
LOS ANGELES,2024,348,
LOS ANGELES,2024,347,
LOS ANGELES,2024,346,
LOS ANGELES,2024,345,
LOS ANGELES,2024,344,
LOS ANGELES,2024,343,
LOS ANGELES,2024,342,
LOS ANGELES,2024,341,
LOS ANGELES,2024,340,
LOS ANGELES,2024,339,
LOS ANGELES,2024,338,
LOS ANGELES,2024,337,
LOS ANGELES,2024,336,
LOS ANGELES,2024,335,
LOS ANGELES,2024,334,
LOS ANGELES,2024,333,
LOS ANGELES,2024,332,
LOS ANGELES,2024,331,
LOS ANGELES,2024,330,
LOS ANGELES,2024,329,
LOS ANGELES,2024,328,
LOS ANGELES,2024,327,
LOS ANGELES,2024,326,
LOS ANGELES,2024,325,
LOS ANGELES,2024,324,
LOS ANGELES,2024,323,
LOS ANGELES,2024,322,
LOS ANGELES,2024,321,
LOS ANGELES,2024,320,
LOS ANGELES,2024,319,
LOS ANGELES,2024,318,
LOS ANGELES,2024,317,
LOS ANGELES,2024,316,
LOS ANGELES,2024,315,
LOS ANGELES,2024,314,
LOS ANGELES,2024,313,
LOS ANGELES,2024,312,
LOS ANGELES,2024,311,
LOS ANGELES,2024,310,
LOS ANGELES,2024,309,
LOS ANGELES,2024,308,
LOS ANGELES,2024,307,
LOS ANGELES,2024,306,
LOS ANGELES,2024,305,
LOS ANGELES,2024,304,
LOS ANGELES,2024,303,
LOS ANGELES,2024,302,
LOS ANGELES,2024,301,
LOS ANGELES,2024,300,
LOS ANGELES,2024,299,
LOS ANGELES,2024,298,
LOS ANGELES,2024,297,
LOS ANGELES,2024,296,
LOS ANGELES,2024,295,
LOS ANGELES,2024,294,
LOS ANGELES,2024,293,
LOS ANGELES,2024,292,
LOS ANGELES,2024,291,
LOS ANGELES,2024,290,
LOS ANGELES,2024,289,
LOS ANGELES,2024,288,
LOS ANGELES,2024,287,
LOS ANGELES,2024,286,
LOS ANGELES,2024,285,
LOS ANGELES,2024,284,
LOS ANGELES,2024,283,
LOS ANGELES,2024,282,
LOS ANGELES,2024,281,
LOS ANGELES,2024,280,
LOS ANGELES,2024,279,
LOS ANGELES,2024,278,
LOS ANGELES,2024,277,
LOS ANGELES,2024,276,
LOS ANGELES,2024,275,
LOS ANGELES,2024,274,27.000000
LOS ANGELES,2024,273,
LOS ANGELES,2024,272,
LOS ANGELES,2024,271,27.000000
LOS ANGELES,2024,270,27.000000
LOS ANGELES,2024,269,27.000000
LOS ANGELES,2024,268,27.000000
LOS ANGELES,2024,267,27.000000
LOS ANGELES,2024,266,
LOS ANGELES,2024,265,
LOS ANGELES,2024,264,27.000000
LOS ANGELES,2024,263,27.000000
LOS ANGELES,2024,262,25.000000
LOS ANGELES,2024,261,25.000000
LOS ANGELES,2024,260,25.000000
LOS ANGELES,2024,259,
LOS ANGELES,2024,258,
LOS ANGELES,2024,257,25.000000
LOS ANGELES,2024,256,25.000000
LOS ANGELES,2024,255,25.000000
LOS ANGELES,2024,254,25.000000
LOS ANGELES,2024,253,25.000000
LOS ANGELES,2024,252,
LOS ANGELES,2024,251,
LOS ANGELES,2024,250,25.000000
LOS ANGELES,2024,249,25.000000
LOS ANGELES,2024,248,25.000000
LOS ANGELES,2024,247,25.000000
LOS ANGELES,2024,246,
LOS ANGELES,2024,245,
LOS ANGELES,2024,244,
LOS ANGELES,2024,243,25.000000
LOS ANGELES,2024,242,25.000000
LOS ANGELES,2024,241,25.000000
LOS ANGELES,2024,240,25.000000
LOS ANGELES,2024,239,25.000000
LOS ANGELES,2024,238,
LOS ANGELES,2024,237,
LOS ANGELES,2024,236,25.000000
LOS ANGELES,2024,235,25.000000
LOS ANGELES,2024,234,25.000000
LOS ANGELES,2024,233,25.000000
LOS ANGELES,2024,232,25.000000
LOS ANGELES,2024,231,
LOS ANGELES,2024,230,
LOS ANGELES,2024,229,25.000000
LOS ANGELES,2024,228,25.000000
LOS ANGELES,2024,227,25.000000
LOS ANGELES,2024,226,25.000000
LOS ANGELES,2024,225,25.000000
LOS ANGELES,2024,224,
LOS ANGELES,2024,223,
LOS ANGELES,2024,222,25.000000
LOS ANGELES,2024,221,25.000000
LOS ANGELES,2024,220,25.000000
LOS ANGELES,2024,219,25.000000
LOS ANGELES,2024,218,25.000000
LOS ANGELES,2024,217,
LOS ANGELES,2024,216,
LOS ANGELES,2024,215,25.000000
LOS ANGELES,2024,214,
LOS ANGELES,2024,213,25.000000
LOS ANGELES,2024,212,25.000000
LOS ANGELES,2024,211,29.000000
LOS ANGELES,2024,210,
LOS ANGELES,2024,209,
LOS ANGELES,2024,208,29.000000
LOS ANGELES,2024,207,29.000000
LOS ANGELES,2024,206,29.000000
LOS ANGELES,2024,205,29.000000
LOS ANGELES,2024,204,
LOS ANGELES,2024,203,
LOS ANGELES,2024,202,
LOS ANGELES,2024,201,
LOS ANGELES,2024,200,40.000000
LOS ANGELES,2024,199,40.000000
LOS ANGELES,2024,198,40.000000
LOS ANGELES,2024,197,40.000000
LOS ANGELES,2024,196,
LOS ANGELES,2024,195,
LOS ANGELES,2024,194,40.000000
LOS ANGELES,2024,193,40.000000
LOS ANGELES,2024,192,40.000000
LOS ANGELES,2024,191,40.000000
LOS ANGELES,2024,190,40.000000
LOS ANGELES,2024,189,
LOS ANGELES,2024,188,
LOS ANGELES,2024,187,40.000000
LOS ANGELES,2024,186,
LOS ANGELES,2024,185,40.000000
LOS ANGELES,2024,184,40.000000
LOS ANGELES,2024,183,40.000000
LOS ANGELES,2024,182,
LOS ANGELES,2024,181,
LOS ANGELES,2024,180,40.000000
LOS ANGELES,2024,179,40.000000
LOS ANGELES,2024,178,40.000000
LOS ANGELES,2024,177,40.000000
LOS ANGELES,2024,176,40.000000
LOS ANGELES,2024,175,
LOS ANGELES,2024,174,
LOS ANGELES,2024,173,45.000000
LOS ANGELES,2024,172,45.000000
LOS ANGELES,2024,171,
LOS ANGELES,2024,170,55.000000
LOS ANGELES,2024,169,55.000000
LOS ANGELES,2024,168,
LOS ANGELES,2024,167,
LOS ANGELES,2024,166,55.000000
LOS ANGELES,2024,165,55.000000
LOS ANGELES,2024,164,55.000000
LOS ANGELES,2024,163,55.000000
LOS ANGELES,2024,162,55.000000
LOS ANGELES,2024,161,
LOS ANGELES,2024,160,
LOS ANGELES,2024,159,55.000000
LOS ANGELES,2024,158,66.250000
LOS ANGELES,2024,157,66.250000
LOS ANGELES,2024,156,66.250000
LOS ANGELES,2024,155,66.250000
LOS ANGELES,2024,154,
LOS ANGELES,2024,153,
LOS ANGELES,2024,152,66.250000
LOS ANGELES,2024,151,66.250000
LOS ANGELES,2024,150,66.250000
LOS ANGELES,2024,149,66.250000
LOS ANGELES,2024,148,
LOS ANGELES,2024,147,
LOS ANGELES,2024,146,
LOS ANGELES,2024,145,66.250000
LOS ANGELES,2024,144,66.250000
LOS ANGELES,2024,143,77.500000
LOS ANGELES,2024,142,77.500000
LOS ANGELES,2024,141,77.500000
LOS ANGELES,2024,140,
LOS ANGELES,2024,139,
LOS ANGELES,2024,138,77.500000
LOS ANGELES,2024,137,77.500000
LOS ANGELES,2024,136,77.500000
LOS ANGELES,2024,135,83.000000
LOS ANGELES,2024,134,83.000000
LOS ANGELES,2024,133,
LOS ANGELES,2024,132,
LOS ANGELES,2024,131,83.000000
LOS ANGELES,2024,130,81.250000
LOS ANGELES,2024,129,81.250000
LOS ANGELES,2024,128,81.250000
LOS ANGELES,2024,127,81.250000
LOS ANGELES,2024,126,
LOS ANGELES,2024,125,
LOS ANGELES,2024,124,70.000000
LOS ANGELES,2024,123,70.000000
LOS ANGELES,2024,122,70.000000
LOS ANGELES,2024,121,75.000000
LOS ANGELES,2024,120,75.000000
LOS ANGELES,2024,119,
LOS ANGELES,2024,118,
LOS ANGELES,2024,117,75.000000
LOS ANGELES,2024,116,75.000000
LOS ANGELES,2024,115,75.000000
LOS ANGELES,2024,114,75.000000
LOS ANGELES,2024,113,75.000000
LOS ANGELES,2024,112,
LOS ANGELES,2024,111,
LOS ANGELES,2024,110,52.500000
LOS ANGELES,2024,109,52.500000
LOS ANGELES,2024,108,52.500000
LOS ANGELES,2024,107,52.500000
LOS ANGELES,2024,106,52.500000
LOS ANGELES,2024,105,
LOS ANGELES,2024,104,
LOS ANGELES,2024,103,52.500000
LOS ANGELES,2024,102,52.500000
LOS ANGELES,2024,101,52.500000
LOS ANGELES,2024,100,52.500000
LOS ANGELES,2024,99,41.250000
LOS ANGELES,2024,98,
LOS ANGELES,2024,97,
LOS ANGELES,2024,96,39.000000
LOS ANGELES,2024,95,39.000000
LOS ANGELES,2024,94,39.000000
LOS ANGELES,2024,93,39.000000
LOS ANGELES,2024,92,39.000000
LOS ANGELES,2024,91,
LOS ANGELES,2024,90,
LOS ANGELES,2024,89,39.000000
LOS ANGELES,2024,88,39.000000
LOS ANGELES,2024,87,39.000000
LOS ANGELES,2024,86,39.000000
LOS ANGELES,2024,85,39.000000
LOS ANGELES,2024,84,
LOS ANGELES,2024,83,
LOS ANGELES,2024,82,36.000000
LOS ANGELES,2024,81,36.000000
LOS ANGELES,2024,80,36.000000
LOS ANGELES,2024,79,36.000000
LOS ANGELES,2024,78,35.500000
LOS ANGELES,2024,77,
LOS ANGELES,2024,76,
LOS ANGELES,2024,75,35.500000
LOS ANGELES,2024,74,35.000000
LOS ANGELES,2024,73,35.000000
LOS ANGELES,2024,72,30.333333
LOS ANGELES,2024,71,25.666666
LOS ANGELES,2024,70,
LOS ANGELES,2024,69,
LOS ANGELES,2024,68,22.333333
LOS ANGELES,2024,67,22.333333
LOS ANGELES,2024,66,22.333333
LOS ANGELES,2024,65,19.000000
LOS ANGELES,2024,64,19.000000
LOS ANGELES,2024,63,
LOS ANGELES,2024,62,
LOS ANGELES,2024,61,19.000000
LOS ANGELES,2024,60,19.000000
LOS ANGELES,2024,59,19.000000
LOS ANGELES,2024,58,19.000000
LOS ANGELES,2024,57,19.000000
LOS ANGELES,2024,56,
LOS ANGELES,2024,55,
LOS ANGELES,2024,54,19.000000
LOS ANGELES,2024,53,19.000000
LOS ANGELES,2024,52,19.000000
LOS ANGELES,2024,51,19.000000
LOS ANGELES,2024,50,
LOS ANGELES,2024,49,
LOS ANGELES,2024,48,
LOS ANGELES,2024,47,19.000000
LOS ANGELES,2024,46,19.000000
LOS ANGELES,2024,45,19.000000
LOS ANGELES,2024,44,19.000000
LOS ANGELES,2024,43,19.000000
LOS ANGELES,2024,42,
LOS ANGELES,2024,41,
LOS ANGELES,2024,40,19.000000
LOS ANGELES,2024,39,19.000000
LOS ANGELES,2024,38,19.000000
LOS ANGELES,2024,37,19.000000
LOS ANGELES,2024,36,19.000000
LOS ANGELES,2024,35,
LOS ANGELES,2024,34,
LOS ANGELES,2024,33,19.000000
LOS ANGELES,2024,32,19.000000
LOS ANGELES,2024,31,19.000000
LOS ANGELES,2024,30,19.000000
LOS ANGELES,2024,29,19.000000
LOS ANGELES,2024,28,
LOS ANGELES,2024,27,
LOS ANGELES,2024,26,19.000000
LOS ANGELES,2024,25,19.000000
LOS ANGELES,2024,24,19.000000
LOS ANGELES,2024,23,22.000000
LOS ANGELES,2024,22,22.000000
LOS ANGELES,2024,21,
LOS ANGELES,2024,20,
LOS ANGELES,2024,19,22.000000
LOS ANGELES,2024,18,22.000000
LOS ANGELES,2024,17,22.000000
LOS ANGELES,2024,16,22.000000
LOS ANGELES,2024,15,
LOS ANGELES,2024,14,
LOS ANGELES,2024,13,
LOS ANGELES,2024,12,22.000000
LOS ANGELES,2024,11,22.000000
LOS ANGELES,2024,10,22.000000
LOS ANGELES,2024,9,22.000000
LOS ANGELES,2024,8,22.000000
LOS ANGELES,2024,7,
LOS ANGELES,2024,6,
LOS ANGELES,2024,5,22.000000
LOS ANGELES,2024,4,22.000000
LOS ANGELES,2024,3,22.000000
LOS ANGELES,2024,2,22.000000
MIAMI,2024,366,
MIAMI,2024,365,
MIAMI,2024,364,
MIAMI,2024,363,
MIAMI,2024,362,
MIAMI,2024,361,
MIAMI,2024,360,
MIAMI,2024,359,
MIAMI,2024,358,
MIAMI,2024,357,
MIAMI,2024,356,
MIAMI,2024,355,
MIAMI,2024,354,
MIAMI,2024,353,
MIAMI,2024,352,
MIAMI,2024,351,
MIAMI,2024,350,
MIAMI,2024,349,
MIAMI,2024,348,
MIAMI,2024,347,
MIAMI,2024,346,
MIAMI,2024,345,
MIAMI,2024,344,
MIAMI,2024,343,
MIAMI,2024,342,
MIAMI,2024,341,
MIAMI,2024,340,
MIAMI,2024,339,
MIAMI,2024,338,
MIAMI,2024,337,
MIAMI,2024,336,
MIAMI,2024,335,
MIAMI,2024,334,
MIAMI,2024,333,
MIAMI,2024,332,
MIAMI,2024,331,
MIAMI,2024,330,
MIAMI,2024,329,
MIAMI,2024,328,
MIAMI,2024,327,
MIAMI,2024,326,
MIAMI,2024,325,
MIAMI,2024,324,
MIAMI,2024,323,
MIAMI,2024,322,
MIAMI,2024,321,
MIAMI,2024,320,
MIAMI,2024,319,
MIAMI,2024,318,
MIAMI,2024,317,
MIAMI,2024,316,
MIAMI,2024,315,
MIAMI,2024,314,
MIAMI,2024,313,
MIAMI,2024,312,
MIAMI,2024,311,
MIAMI,2024,310,
MIAMI,2024,309,
MIAMI,2024,308,
MIAMI,2024,307,
MIAMI,2024,306,
MIAMI,2024,305,
MIAMI,2024,304,
MIAMI,2024,303,
MIAMI,2024,302,
MIAMI,2024,301,
MIAMI,2024,300,
MIAMI,2024,299,
MIAMI,2024,298,
MIAMI,2024,297,
MIAMI,2024,296,
MIAMI,2024,295,
MIAMI,2024,294,
MIAMI,2024,293,
MIAMI,2024,292,
MIAMI,2024,291,
MIAMI,2024,290,
MIAMI,2024,289,
MIAMI,2024,288,
MIAMI,2024,287,
MIAMI,2024,286,
MIAMI,2024,285,
MIAMI,2024,284,
MIAMI,2024,283,
MIAMI,2024,282,
MIAMI,2024,281,
MIAMI,2024,280,
MIAMI,2024,279,
MIAMI,2024,278,
MIAMI,2024,277,
MIAMI,2024,276,
MIAMI,2024,275,
MIAMI,2024,274,
MIAMI,2024,273,
MIAMI,2024,272,
MIAMI,2024,271,
MIAMI,2024,270,
MIAMI,2024,269,
MIAMI,2024,268,
MIAMI,2024,267,
MIAMI,2024,266,
MIAMI,2024,265,
MIAMI,2024,264,
MIAMI,2024,263,
MIAMI,2024,262,
MIAMI,2024,261,
MIAMI,2024,260,
MIAMI,2024,259,
MIAMI,2024,258,
MIAMI,2024,257,
MIAMI,2024,256,
MIAMI,2024,255,
MIAMI,2024,254,
MIAMI,2024,253,
MIAMI,2024,252,
MIAMI,2024,251,
MIAMI,2024,250,
MIAMI,2024,249,
MIAMI,2024,248,
MIAMI,2024,247,
MIAMI,2024,246,
MIAMI,2024,245,
MIAMI,2024,244,
MIAMI,2024,243,
MIAMI,2024,242,
MIAMI,2024,241,
MIAMI,2024,240,
MIAMI,2024,239,
MIAMI,2024,238,
MIAMI,2024,237,
MIAMI,2024,236,
MIAMI,2024,235,
MIAMI,2024,234,
MIAMI,2024,233,
MIAMI,2024,232,
MIAMI,2024,231,
MIAMI,2024,230,
MIAMI,2024,229,
MIAMI,2024,228,
MIAMI,2024,227,
MIAMI,2024,226,
MIAMI,2024,225,
MIAMI,2024,224,
MIAMI,2024,223,
MIAMI,2024,222,
MIAMI,2024,221,
MIAMI,2024,220,
MIAMI,2024,219,
MIAMI,2024,218,
MIAMI,2024,217,
MIAMI,2024,216,
MIAMI,2024,215,
MIAMI,2024,214,
MIAMI,2024,213,
MIAMI,2024,212,
MIAMI,2024,211,
MIAMI,2024,210,
MIAMI,2024,209,
MIAMI,2024,208,
MIAMI,2024,207,
MIAMI,2024,206,
MIAMI,2024,205,
MIAMI,2024,204,
MIAMI,2024,203,
MIAMI,2024,202,
MIAMI,2024,201,
MIAMI,2024,200,
MIAMI,2024,199,
MIAMI,2024,198,
MIAMI,2024,197,
MIAMI,2024,196,
MIAMI,2024,195,
MIAMI,2024,194,
MIAMI,2024,193,
MIAMI,2024,192,
MIAMI,2024,191,
MIAMI,2024,190,
MIAMI,2024,189,
MIAMI,2024,188,
MIAMI,2024,187,
MIAMI,2024,186,
MIAMI,2024,185,
MIAMI,2024,184,
MIAMI,2024,183,
MIAMI,2024,182,
MIAMI,2024,181,
MIAMI,2024,180,
MIAMI,2024,179,
MIAMI,2024,178,
MIAMI,2024,177,
MIAMI,2024,176,
MIAMI,2024,175,
MIAMI,2024,174,
MIAMI,2024,173,
MIAMI,2024,172,
MIAMI,2024,171,
MIAMI,2024,170,
MIAMI,2024,169,
MIAMI,2024,168,
MIAMI,2024,167,
MIAMI,2024,166,33.000000
MIAMI,2024,165,33.000000
MIAMI,2024,164,33.000000
MIAMI,2024,163,33.000000
MIAMI,2024,162,33.000000
MIAMI,2024,161,
MIAMI,2024,160,
MIAMI,2024,159,33.000000
MIAMI,2024,158,33.000000
MIAMI,2024,157,33.000000
MIAMI,2024,156,33.000000
MIAMI,2024,155,33.000000
MIAMI,2024,154,
MIAMI,2024,153,
MIAMI,2024,152,33.000000
MIAMI,2024,151,33.000000
MIAMI,2024,150,33.000000
MIAMI,2024,149,33.000000
MIAMI,2024,148,
MIAMI,2024,147,
MIAMI,2024,146,
MIAMI,2024,145,33.000000
MIAMI,2024,144,33.000000
MIAMI,2024,143,33.000000
MIAMI,2024,142,33.000000
MIAMI,2024,141,33.000000
MIAMI,2024,140,
MIAMI,2024,139,
MIAMI,2024,138,33.000000
MIAMI,2024,137,33.000000
MIAMI,2024,136,33.000000
MIAMI,2024,135,33.000000
MIAMI,2024,134,33.000000
MIAMI,2024,133,
MIAMI,2024,132,
MIAMI,2024,131,33.000000
MIAMI,2024,130,33.000000
MIAMI,2024,129,33.000000
MIAMI,2024,128,33.000000
MIAMI,2024,127,33.000000
MIAMI,2024,126,
MIAMI,2024,125,
MIAMI,2024,124,33.000000
MIAMI,2024,123,33.000000
MIAMI,2024,122,33.000000
MIAMI,2024,121,33.000000
MIAMI,2024,120,33.000000
MIAMI,2024,119,
MIAMI,2024,118,
MIAMI,2024,117,33.000000
MIAMI,2024,116,33.000000
MIAMI,2024,115,33.000000
MIAMI,2024,114,33.000000
MIAMI,2024,113,33.000000
MIAMI,2024,112,
MIAMI,2024,111,
MIAMI,2024,110,33.000000
MIAMI,2024,109,33.000000
MIAMI,2024,108,33.000000
MIAMI,2024,107,33.000000
MIAMI,2024,106,33.000000
MIAMI,2024,105,
MIAMI,2024,104,
MIAMI,2024,103,33.000000
MIAMI,2024,102,33.000000
MIAMI,2024,101,33.000000
MIAMI,2024,100,33.000000
MIAMI,2024,99,33.000000
MIAMI,2024,98,
MIAMI,2024,97,
MIAMI,2024,96,33.000000
MIAMI,2024,95,33.000000
MIAMI,2024,94,33.000000
MIAMI,2024,93,33.000000
MIAMI,2024,92,33.000000
MIAMI,2024,91,
MIAMI,2024,90,
MIAMI,2024,89,33.000000
MIAMI,2024,88,33.000000
MIAMI,2024,87,33.000000
MIAMI,2024,86,33.000000
MIAMI,2024,85,33.000000
MIAMI,2024,84,
MIAMI,2024,83,
MIAMI,2024,82,33.000000
MIAMI,2024,81,33.000000
MIAMI,2024,80,33.000000
MIAMI,2024,79,33.000000
MIAMI,2024,78,33.000000
MIAMI,2024,77,
MIAMI,2024,76,
MIAMI,2024,75,33.000000
MIAMI,2024,74,33.000000
MIAMI,2024,73,33.000000
MIAMI,2024,72,33.000000
MIAMI,2024,71,33.000000
MIAMI,2024,70,
MIAMI,2024,69,
MIAMI,2024,68,33.000000
MIAMI,2024,67,33.000000
MIAMI,2024,66,33.000000
MIAMI,2024,65,33.000000
MIAMI,2024,64,33.000000
MIAMI,2024,63,
MIAMI,2024,62,
MIAMI,2024,61,33.000000
MIAMI,2024,60,33.000000
MIAMI,2024,59,33.000000
MIAMI,2024,58,33.000000
MIAMI,2024,57,33.000000
MIAMI,2024,56,
MIAMI,2024,55,
MIAMI,2024,54,33.000000
MIAMI,2024,53,33.000000
MIAMI,2024,52,33.000000
MIAMI,2024,51,33.000000
MIAMI,2024,50,
MIAMI,2024,49,
MIAMI,2024,48,
MIAMI,2024,47,33.000000
MIAMI,2024,46,33.000000
MIAMI,2024,45,33.000000
MIAMI,2024,44,33.000000
MIAMI,2024,43,33.000000
MIAMI,2024,42,
MIAMI,2024,41,
MIAMI,2024,40,33.000000
MIAMI,2024,39,33.000000
MIAMI,2024,38,33.000000
MIAMI,2024,37,33.000000
MIAMI,2024,36,33.000000
MIAMI,2024,35,
MIAMI,2024,34,
MIAMI,2024,33,33.000000
MIAMI,2024,32,33.000000
MIAMI,2024,31,33.000000
MIAMI,2024,30,33.000000
MIAMI,2024,29,33.000000
MIAMI,2024,28,
MIAMI,2024,27,
MIAMI,2024,26,33.000000
MIAMI,2024,25,33.000000
MIAMI,2024,24,33.000000
MIAMI,2024,23,33.000000
MIAMI,2024,22,33.000000
MIAMI,2024,21,
MIAMI,2024,20,
MIAMI,2024,19,33.000000
MIAMI,2024,18,33.000000
MIAMI,2024,17,33.000000
MIAMI,2024,16,33.000000
MIAMI,2024,15,
MIAMI,2024,14,
MIAMI,2024,13,
MIAMI,2024,12,33.000000
MIAMI,2024,11,33.000000
MIAMI,2024,10,33.000000
MIAMI,2024,9,33.000000
MIAMI,2024,8,33.000000
MIAMI,2024,7,
MIAMI,2024,6,
MIAMI,2024,5,33.000000
MIAMI,2024,4,33.000000
MIAMI,2024,3,33.000000
MIAMI,2024,2,33.000000
NEW YORK,2024,366,
NEW YORK,2024,365,
NEW YORK,2024,364,
NEW YORK,2024,363,
NEW YORK,2024,362,
NEW YORK,2024,361,
NEW YORK,2024,360,
NEW YORK,2024,359,
NEW YORK,2024,358,
NEW YORK,2024,357,
NEW YORK,2024,356,
NEW YORK,2024,355,
NEW YORK,2024,354,
NEW YORK,2024,353,
NEW YORK,2024,352,
NEW YORK,2024,351,
NEW YORK,2024,350,
NEW YORK,2024,349,
NEW YORK,2024,348,
NEW YORK,2024,347,
NEW YORK,2024,346,
NEW YORK,2024,345,
NEW YORK,2024,344,
NEW YORK,2024,343,
NEW YORK,2024,342,
NEW YORK,2024,341,
NEW YORK,2024,340,
NEW YORK,2024,339,
NEW YORK,2024,338,
NEW YORK,2024,337,
NEW YORK,2024,336,
NEW YORK,2024,335,
NEW YORK,2024,334,
NEW YORK,2024,333,
NEW YORK,2024,332,
NEW YORK,2024,331,
NEW YORK,2024,330,
NEW YORK,2024,329,
NEW YORK,2024,328,
NEW YORK,2024,327,
NEW YORK,2024,326,
NEW YORK,2024,325,
NEW YORK,2024,324,
NEW YORK,2024,323,
NEW YORK,2024,322,
NEW YORK,2024,321,
NEW YORK,2024,320,
NEW YORK,2024,319,
NEW YORK,2024,318,
NEW YORK,2024,317,
NEW YORK,2024,316,
NEW YORK,2024,315,
NEW YORK,2024,314,
NEW YORK,2024,313,
NEW YORK,2024,312,
NEW YORK,2024,311,
NEW YORK,2024,310,
NEW YORK,2024,309,
NEW YORK,2024,308,
NEW YORK,2024,307,
NEW YORK,2024,306,
NEW YORK,2024,305,
NEW YORK,2024,304,
NEW YORK,2024,303,
NEW YORK,2024,302,
NEW YORK,2024,301,
NEW YORK,2024,300,
NEW YORK,2024,299,
NEW YORK,2024,298,
NEW YORK,2024,297,
NEW YORK,2024,296,
NEW YORK,2024,295,
NEW YORK,2024,294,
NEW YORK,2024,293,
NEW YORK,2024,292,
NEW YORK,2024,291,
NEW YORK,2024,290,
NEW YORK,2024,289,
NEW YORK,2024,288,
NEW YORK,2024,287,
NEW YORK,2024,286,
NEW YORK,2024,285,
NEW YORK,2024,284,
NEW YORK,2024,283,
NEW YORK,2024,282,
NEW YORK,2024,281,
NEW YORK,2024,280,
NEW YORK,2024,279,
NEW YORK,2024,278,
NEW YORK,2024,277,
NEW YORK,2024,276,
NEW YORK,2024,275,
NEW YORK,2024,274,26.833333
NEW YORK,2024,273,
NEW YORK,2024,272,
NEW YORK,2024,271,26.833333
NEW YORK,2024,270,26.416666
NEW YORK,2024,269,27.500000
NEW YORK,2024,268,27.500000
NEW YORK,2024,267,27.500000
NEW YORK,2024,266,
NEW YORK,2024,265,
NEW YORK,2024,264,26.833333
NEW YORK,2024,263,26.833333
NEW YORK,2024,262,26.833333
NEW YORK,2024,261,26.666666
NEW YORK,2024,260,26.666666
NEW YORK,2024,259,
NEW YORK,2024,258,
NEW YORK,2024,257,25.000000
NEW YORK,2024,256,25.000000
NEW YORK,2024,255,25.000000
NEW YORK,2024,254,25.000000
NEW YORK,2024,253,25.000000
NEW YORK,2024,252,
NEW YORK,2024,251,
NEW YORK,2024,250,25.000000
NEW YORK,2024,249,25.000000
NEW YORK,2024,248,24.666666
NEW YORK,2024,247,24.666666
NEW YORK,2024,246,
NEW YORK,2024,245,
NEW YORK,2024,244,
NEW YORK,2024,243,29.000000
NEW YORK,2024,242,29.000000
NEW YORK,2024,241,29.000000
NEW YORK,2024,240,29.000000
NEW YORK,2024,239,27.000000
NEW YORK,2024,238,
NEW YORK,2024,237,
NEW YORK,2024,236,27.000000
NEW YORK,2024,235,27.000000
NEW YORK,2024,234,27.000000
NEW YORK,2024,233,27.000000
NEW YORK,2024,232,27.000000
NEW YORK,2024,231,
NEW YORK,2024,230,
NEW YORK,2024,229,28.800000
NEW YORK,2024,228,28.800000
NEW YORK,2024,227,28.800000
NEW YORK,2024,226,28.800000
NEW YORK,2024,225,28.800000
NEW YORK,2024,224,
NEW YORK,2024,223,
NEW YORK,2024,222,28.285714
NEW YORK,2024,221,28.285714
NEW YORK,2024,220,29.000000
NEW YORK,2024,219,29.000000
NEW YORK,2024,218,29.000000
NEW YORK,2024,217,
NEW YORK,2024,216,
NEW YORK,2024,215,28.571428
NEW YORK,2024,214,
NEW YORK,2024,213,28.571428
NEW YORK,2024,212,28.571428
NEW YORK,2024,211,28.571428
NEW YORK,2024,210,
NEW YORK,2024,209,
NEW YORK,2024,208,30.600000
NEW YORK,2024,207,30.600000
NEW YORK,2024,206,30.600000
NEW YORK,2024,205,30.600000
NEW YORK,2024,204,28.750000
NEW YORK,2024,203,
NEW YORK,2024,202,
NEW YORK,2024,201,28.750000
NEW YORK,2024,200,28.750000
NEW YORK,2024,199,29.200000
NEW YORK,2024,198,29.200000
NEW YORK,2024,197,30.750000
NEW YORK,2024,196,
NEW YORK,2024,195,
NEW YORK,2024,194,30.750000
NEW YORK,2024,193,30.750000
NEW YORK,2024,192,30.750000
NEW YORK,2024,191,30.750000
NEW YORK,2024,190,35.500000
NEW YORK,2024,189,
NEW YORK,2024,188,
NEW YORK,2024,187,
NEW YORK,2024,186,
NEW YORK,2024,185,32.166666
NEW YORK,2024,184,40.500000
NEW YORK,2024,183,40.500000
NEW YORK,2024,182,
NEW YORK,2024,181,
NEW YORK,2024,180,40.500000
NEW YORK,2024,179,38.666666
NEW YORK,2024,178,38.666666
NEW YORK,2024,177,38.666666
NEW YORK,2024,176,38.666666
NEW YORK,2024,175,
NEW YORK,2024,174,
NEW YORK,2024,173,38.666666
NEW YORK,2024,172,38.666666
NEW YORK,2024,171,
NEW YORK,2024,170,38.666666
NEW YORK,2024,169,38.666666
NEW YORK,2024,168,
NEW YORK,2024,167,
NEW YORK,2024,166,38.666666
NEW YORK,2024,165,38.666666
NEW YORK,2024,164,38.666666
NEW YORK,2024,163,50.166666
NEW YORK,2024,162,50.166666
NEW YORK,2024,161,
NEW YORK,2024,160,
NEW YORK,2024,159,50.166666
NEW YORK,2024,158,50.166666
NEW YORK,2024,157,50.166666
NEW YORK,2024,156,50.166666
NEW YORK,2024,155,50.166666
NEW YORK,2024,154,
NEW YORK,2024,153,
NEW YORK,2024,152,50.166666
NEW YORK,2024,151,50.166666
NEW YORK,2024,150,50.166666
NEW YORK,2024,149,50.166666
NEW YORK,2024,148,
NEW YORK,2024,147,
NEW YORK,2024,146,
NEW YORK,2024,145,50.000000
NEW YORK,2024,144,50.000000
NEW YORK,2024,143,50.000000
NEW YORK,2024,142,50.000000
NEW YORK,2024,141,50.000000
NEW YORK,2024,140,
NEW YORK,2024,139,
NEW YORK,2024,138,50.000000
NEW YORK,2024,137,50.000000
NEW YORK,2024,136,48.500000
NEW YORK,2024,135,48.500000
NEW YORK,2024,134,48.500000
NEW YORK,2024,133,
NEW YORK,2024,132,
NEW YORK,2024,131,28.000000
NEW YORK,2024,130,28.000000
NEW YORK,2024,129,28.000000
NEW YORK,2024,128,48.500000
NEW YORK,2024,127,63.375000
NEW YORK,2024,126,
NEW YORK,2024,125,
NEW YORK,2024,124,63.375000
NEW YORK,2024,123,63.375000
NEW YORK,2024,122,63.375000
NEW YORK,2024,121,63.375000
NEW YORK,2024,120,63.375000
NEW YORK,2024,119,
NEW YORK,2024,118,
NEW YORK,2024,117,62.666666
NEW YORK,2024,116,62.666666
NEW YORK,2024,115,62.666666
NEW YORK,2024,114,28.000000
NEW YORK,2024,113,28.000000
NEW YORK,2024,112,
NEW YORK,2024,111,
NEW YORK,2024,110,35.000000
NEW YORK,2024,109,35.000000
NEW YORK,2024,108,35.000000
NEW YORK,2024,107,35.000000
NEW YORK,2024,106,35.000000
NEW YORK,2024,105,
NEW YORK,2024,104,
NEW YORK,2024,103,35.000000
NEW YORK,2024,102,35.000000
NEW YORK,2024,101,36.000000
NEW YORK,2024,100,35.333333
NEW YORK,2024,99,35.333333
NEW YORK,2024,98,
NEW YORK,2024,97,
NEW YORK,2024,96,32.666666
NEW YORK,2024,95,32.666666
NEW YORK,2024,94,32.666666
NEW YORK,2024,93,32.666666
NEW YORK,2024,92,
NEW YORK,2024,91,
NEW YORK,2024,90,
NEW YORK,2024,89,32.666666
NEW YORK,2024,88,32.666666
NEW YORK,2024,87,33.500000
NEW YORK,2024,86,31.500000
NEW YORK,2024,85,31.500000
NEW YORK,2024,84,
NEW YORK,2024,83,
NEW YORK,2024,82,31.500000
NEW YORK,2024,81,31.500000
NEW YORK,2024,80,31.500000
NEW YORK,2024,79,31.500000
NEW YORK,2024,78,31.500000
NEW YORK,2024,77,
NEW YORK,2024,76,
NEW YORK,2024,75,31.500000
NEW YORK,2024,74,31.500000
NEW YORK,2024,73,31.500000
NEW YORK,2024,72,31.500000
NEW YORK,2024,71,31.375000
NEW YORK,2024,70,
NEW YORK,2024,69,
NEW YORK,2024,68,31.125000
NEW YORK,2024,67,31.125000
NEW YORK,2024,66,31.125000
NEW YORK,2024,65,25.500000
NEW YORK,2024,64,25.500000
NEW YORK,2024,63,
NEW YORK,2024,62,
NEW YORK,2024,61,32.875000
NEW YORK,2024,60,32.875000
NEW YORK,2024,59,32.875000
NEW YORK,2024,58,32.875000
NEW YORK,2024,57,32.875000
NEW YORK,2024,56,
NEW YORK,2024,55,
NEW YORK,2024,54,32.875000
NEW YORK,2024,53,32.875000
NEW YORK,2024,52,32.625000
NEW YORK,2024,51,26.000000
NEW YORK,2024,50,
NEW YORK,2024,49,
NEW YORK,2024,48,
NEW YORK,2024,47,25.000000
NEW YORK,2024,46,25.000000
NEW YORK,2024,45,25.000000
NEW YORK,2024,44,24.500000
NEW YORK,2024,43,24.500000
NEW YORK,2024,42,
NEW YORK,2024,41,
NEW YORK,2024,40,26.000000
NEW YORK,2024,39,26.000000
NEW YORK,2024,38,26.000000
NEW YORK,2024,37,25.000000
NEW YORK,2024,36,25.000000
NEW YORK,2024,35,
NEW YORK,2024,34,
NEW YORK,2024,33,25.000000
NEW YORK,2024,32,25.000000
NEW YORK,2024,31,25.000000
NEW YORK,2024,30,25.000000
NEW YORK,2024,29,25.000000
NEW YORK,2024,28,
NEW YORK,2024,27,
NEW YORK,2024,26,25.333333
NEW YORK,2024,25,25.333333
NEW YORK,2024,24,25.333333
NEW YORK,2024,23,25.666666
NEW YORK,2024,22,25.666666
NEW YORK,2024,21,
NEW YORK,2024,20,
NEW YORK,2024,19,26.333333
NEW YORK,2024,18,26.333333
NEW YORK,2024,17,26.666666
NEW YORK,2024,16,26.666666
NEW YORK,2024,15,
NEW YORK,2024,14,
NEW YORK,2024,13,
NEW YORK,2024,12,26.666666
NEW YORK,2024,11,26.666666
NEW YORK,2024,10,26.666666
NEW YORK,2024,9,26.666666
NEW YORK,2024,8,31.500000
NEW YORK,2024,7,
NEW YORK,2024,6,
NEW YORK,2024,5,25.500000
NEW YORK,2024,4,33.000000
NEW YORK,2024,3,33.000000
NEW YORK,2024,2,35.000000
PHILADELPHIA,2024,366,
PHILADELPHIA,2024,365,
PHILADELPHIA,2024,364,
PHILADELPHIA,2024,363,
PHILADELPHIA,2024,362,
PHILADELPHIA,2024,361,
PHILADELPHIA,2024,360,
PHILADELPHIA,2024,359,
PHILADELPHIA,2024,358,
PHILADELPHIA,2024,357,
PHILADELPHIA,2024,356,
PHILADELPHIA,2024,355,
PHILADELPHIA,2024,354,
PHILADELPHIA,2024,353,
PHILADELPHIA,2024,352,
PHILADELPHIA,2024,351,
PHILADELPHIA,2024,350,
PHILADELPHIA,2024,349,
PHILADELPHIA,2024,348,
PHILADELPHIA,2024,347,
PHILADELPHIA,2024,346,
PHILADELPHIA,2024,345,
PHILADELPHIA,2024,344,
PHILADELPHIA,2024,343,
PHILADELPHIA,2024,342,
PHILADELPHIA,2024,341,
PHILADELPHIA,2024,340,
PHILADELPHIA,2024,339,
PHILADELPHIA,2024,338,
PHILADELPHIA,2024,337,
PHILADELPHIA,2024,336,
PHILADELPHIA,2024,335,
PHILADELPHIA,2024,334,
PHILADELPHIA,2024,333,
PHILADELPHIA,2024,332,
PHILADELPHIA,2024,331,
PHILADELPHIA,2024,330,
PHILADELPHIA,2024,329,
PHILADELPHIA,2024,328,
PHILADELPHIA,2024,327,
PHILADELPHIA,2024,326,
PHILADELPHIA,2024,325,
PHILADELPHIA,2024,324,
PHILADELPHIA,2024,323,
PHILADELPHIA,2024,322,
PHILADELPHIA,2024,321,
PHILADELPHIA,2024,320,
PHILADELPHIA,2024,319,
PHILADELPHIA,2024,318,
PHILADELPHIA,2024,317,
PHILADELPHIA,2024,316,
PHILADELPHIA,2024,315,
PHILADELPHIA,2024,314,
PHILADELPHIA,2024,313,
PHILADELPHIA,2024,312,
PHILADELPHIA,2024,311,
PHILADELPHIA,2024,310,
PHILADELPHIA,2024,309,
PHILADELPHIA,2024,308,
PHILADELPHIA,2024,307,
PHILADELPHIA,2024,306,
PHILADELPHIA,2024,305,
PHILADELPHIA,2024,304,
PHILADELPHIA,2024,303,
PHILADELPHIA,2024,302,
PHILADELPHIA,2024,301,
PHILADELPHIA,2024,300,
PHILADELPHIA,2024,299,
PHILADELPHIA,2024,298,
PHILADELPHIA,2024,297,
PHILADELPHIA,2024,296,
PHILADELPHIA,2024,295,
PHILADELPHIA,2024,294,
PHILADELPHIA,2024,293,
PHILADELPHIA,2024,292,
PHILADELPHIA,2024,291,
PHILADELPHIA,2024,290,
PHILADELPHIA,2024,289,
PHILADELPHIA,2024,288,
PHILADELPHIA,2024,287,
PHILADELPHIA,2024,286,
PHILADELPHIA,2024,285,
PHILADELPHIA,2024,284,
PHILADELPHIA,2024,283,
PHILADELPHIA,2024,282,
PHILADELPHIA,2024,281,
PHILADELPHIA,2024,280,
PHILADELPHIA,2024,279,
PHILADELPHIA,2024,278,
PHILADELPHIA,2024,277,
PHILADELPHIA,2024,276,
PHILADELPHIA,2024,275,
PHILADELPHIA,2024,274,13.000000
PHILADELPHIA,2024,273,
PHILADELPHIA,2024,272,
PHILADELPHIA,2024,271,33.000000
PHILADELPHIA,2024,270,33.000000
PHILADELPHIA,2024,269,33.000000
PHILADELPHIA,2024,268,33.000000
PHILADELPHIA,2024,267,31.500000
PHILADELPHIA,2024,266,
PHILADELPHIA,2024,265,
PHILADELPHIA,2024,264,33.500000
PHILADELPHIA,2024,263,33.500000
PHILADELPHIA,2024,262,33.500000
PHILADELPHIA,2024,261,33.500000
PHILADELPHIA,2024,260,35.000000
PHILADELPHIA,2024,259,
PHILADELPHIA,2024,258,
PHILADELPHIA,2024,257,29.000000
PHILADELPHIA,2024,256,29.000000
PHILADELPHIA,2024,255,29.000000
PHILADELPHIA,2024,254,29.000000
PHILADELPHIA,2024,253,29.000000
PHILADELPHIA,2024,252,
PHILADELPHIA,2024,251,
PHILADELPHIA,2024,250,
PHILADELPHIA,2024,249,
PHILADELPHIA,2024,248,
PHILADELPHIA,2024,247,
PHILADELPHIA,2024,246,
PHILADELPHIA,2024,245,
PHILADELPHIA,2024,244,
PHILADELPHIA,2024,243,24.500000
PHILADELPHIA,2024,242,24.500000
PHILADELPHIA,2024,241,24.500000
PHILADELPHIA,2024,240,24.500000
PHILADELPHIA,2024,239,23.500000
PHILADELPHIA,2024,238,
PHILADELPHIA,2024,237,
PHILADELPHIA,2024,236,23.500000
PHILADELPHIA,2024,235,23.500000
PHILADELPHIA,2024,234,23.500000
PHILADELPHIA,2024,233,23.500000
PHILADELPHIA,2024,232,
PHILADELPHIA,2024,231,
PHILADELPHIA,2024,230,
PHILADELPHIA,2024,229,24.500000
PHILADELPHIA,2024,228,24.500000
PHILADELPHIA,2024,227,24.500000
PHILADELPHIA,2024,226,24.500000
PHILADELPHIA,2024,225,24.500000
PHILADELPHIA,2024,224,
PHILADELPHIA,2024,223,
PHILADELPHIA,2024,222,
PHILADELPHIA,2024,221,
PHILADELPHIA,2024,220,
PHILADELPHIA,2024,219,
PHILADELPHIA,2024,218,
PHILADELPHIA,2024,217,
PHILADELPHIA,2024,216,
PHILADELPHIA,2024,215,
PHILADELPHIA,2024,214,
PHILADELPHIA,2024,213,
PHILADELPHIA,2024,212,
PHILADELPHIA,2024,211,
PHILADELPHIA,2024,210,
PHILADELPHIA,2024,209,
PHILADELPHIA,2024,208,
PHILADELPHIA,2024,207,
PHILADELPHIA,2024,206,
PHILADELPHIA,2024,205,
PHILADELPHIA,2024,204,
PHILADELPHIA,2024,203,
PHILADELPHIA,2024,202,
PHILADELPHIA,2024,201,
PHILADELPHIA,2024,200,
PHILADELPHIA,2024,199,
PHILADELPHIA,2024,198,
PHILADELPHIA,2024,197,
PHILADELPHIA,2024,196,
PHILADELPHIA,2024,195,
PHILADELPHIA,2024,194,
PHILADELPHIA,2024,193,
PHILADELPHIA,2024,192,
PHILADELPHIA,2024,191,
PHILADELPHIA,2024,190,
PHILADELPHIA,2024,189,
PHILADELPHIA,2024,188,
PHILADELPHIA,2024,187,35.000000
PHILADELPHIA,2024,186,
PHILADELPHIA,2024,185,35.000000
PHILADELPHIA,2024,184,35.000000
PHILADELPHIA,2024,183,37.000000
PHILADELPHIA,2024,182,
PHILADELPHIA,2024,181,
PHILADELPHIA,2024,180,
PHILADELPHIA,2024,179,
PHILADELPHIA,2024,178,
PHILADELPHIA,2024,177,
PHILADELPHIA,2024,176,
PHILADELPHIA,2024,175,
PHILADELPHIA,2024,174,
PHILADELPHIA,2024,173,46.500000
PHILADELPHIA,2024,172,46.500000
PHILADELPHIA,2024,171,
PHILADELPHIA,2024,170,46.500000
PHILADELPHIA,2024,169,46.500000
PHILADELPHIA,2024,168,
PHILADELPHIA,2024,167,
PHILADELPHIA,2024,166,
PHILADELPHIA,2024,165,
PHILADELPHIA,2024,164,
PHILADELPHIA,2024,163,
PHILADELPHIA,2024,162,
PHILADELPHIA,2024,161,
PHILADELPHIA,2024,160,
PHILADELPHIA,2024,159,47.500000
PHILADELPHIA,2024,158,47.500000
PHILADELPHIA,2024,157,47.500000
PHILADELPHIA,2024,156,
PHILADELPHIA,2024,155,
PHILADELPHIA,2024,154,
PHILADELPHIA,2024,153,
PHILADELPHIA,2024,152,49.000000
PHILADELPHIA,2024,151,49.000000
PHILADELPHIA,2024,150,49.000000
PHILADELPHIA,2024,149,49.000000
PHILADELPHIA,2024,148,
PHILADELPHIA,2024,147,
PHILADELPHIA,2024,146,
PHILADELPHIA,2024,145,69.500000
PHILADELPHIA,2024,144,69.500000
PHILADELPHIA,2024,143,69.500000
PHILADELPHIA,2024,142,69.500000
PHILADELPHIA,2024,141,
PHILADELPHIA,2024,140,
PHILADELPHIA,2024,139,
PHILADELPHIA,2024,138,67.500000
PHILADELPHIA,2024,137,67.500000
PHILADELPHIA,2024,136,67.500000
PHILADELPHIA,2024,135,67.500000
PHILADELPHIA,2024,134,67.500000
PHILADELPHIA,2024,133,
PHILADELPHIA,2024,132,
PHILADELPHIA,2024,131,
PHILADELPHIA,2024,130,
PHILADELPHIA,2024,129,
PHILADELPHIA,2024,128,
PHILADELPHIA,2024,127,
PHILADELPHIA,2024,126,
PHILADELPHIA,2024,125,
PHILADELPHIA,2024,124,82.500000
PHILADELPHIA,2024,123,82.500000
PHILADELPHIA,2024,122,82.500000
PHILADELPHIA,2024,121,82.500000
PHILADELPHIA,2024,120,
PHILADELPHIA,2024,119,
PHILADELPHIA,2024,118,
PHILADELPHIA,2024,117,
PHILADELPHIA,2024,116,
PHILADELPHIA,2024,115,
PHILADELPHIA,2024,114,
PHILADELPHIA,2024,113,
PHILADELPHIA,2024,112,
PHILADELPHIA,2024,111,
PHILADELPHIA,2024,110,
PHILADELPHIA,2024,109,
PHILADELPHIA,2024,108,
PHILADELPHIA,2024,107,
PHILADELPHIA,2024,106,
PHILADELPHIA,2024,105,
PHILADELPHIA,2024,104,
PHILADELPHIA,2024,103,54.500000
PHILADELPHIA,2024,102,54.500000
PHILADELPHIA,2024,101,54.500000
PHILADELPHIA,2024,100,54.500000
PHILADELPHIA,2024,99,54.500000
PHILADELPHIA,2024,98,
PHILADELPHIA,2024,97,
PHILADELPHIA,2024,96,43.500000
PHILADELPHIA,2024,95,43.500000
PHILADELPHIA,2024,94,43.500000
PHILADELPHIA,2024,93,
PHILADELPHIA,2024,92,
PHILADELPHIA,2024,91,
PHILADELPHIA,2024,90,
PHILADELPHIA,2024,89,43.500000
PHILADELPHIA,2024,88,43.500000
PHILADELPHIA,2024,87,43.500000
PHILADELPHIA,2024,86,40.000000
PHILADELPHIA,2024,85,38.000000
PHILADELPHIA,2024,84,
PHILADELPHIA,2024,83,
PHILADELPHIA,2024,82,38.000000
PHILADELPHIA,2024,81,38.000000
PHILADELPHIA,2024,80,38.000000
PHILADELPHIA,2024,79,38.000000
PHILADELPHIA,2024,78,38.000000
PHILADELPHIA,2024,77,
PHILADELPHIA,2024,76,
PHILADELPHIA,2024,75,36.500000
PHILADELPHIA,2024,74,36.500000
PHILADELPHIA,2024,73,38.000000
PHILADELPHIA,2024,72,
PHILADELPHIA,2024,71,
PHILADELPHIA,2024,70,
PHILADELPHIA,2024,69,
PHILADELPHIA,2024,68,
PHILADELPHIA,2024,67,
PHILADELPHIA,2024,66,
PHILADELPHIA,2024,65,
PHILADELPHIA,2024,64,
PHILADELPHIA,2024,63,
PHILADELPHIA,2024,62,
PHILADELPHIA,2024,61,27.000000
PHILADELPHIA,2024,60,27.000000
PHILADELPHIA,2024,59,27.000000
PHILADELPHIA,2024,58,27.000000
PHILADELPHIA,2024,57,27.000000
PHILADELPHIA,2024,56,
PHILADELPHIA,2024,55,
PHILADELPHIA,2024,54,28.500000
PHILADELPHIA,2024,53,28.500000
PHILADELPHIA,2024,52,28.500000
PHILADELPHIA,2024,51,28.000000
PHILADELPHIA,2024,50,
PHILADELPHIA,2024,49,
PHILADELPHIA,2024,48,
PHILADELPHIA,2024,47,27.500000
PHILADELPHIA,2024,46,27.500000
PHILADELPHIA,2024,45,27.500000
PHILADELPHIA,2024,44,
PHILADELPHIA,2024,43,
PHILADELPHIA,2024,42,
PHILADELPHIA,2024,41,
PHILADELPHIA,2024,40,
PHILADELPHIA,2024,39,
PHILADELPHIA,2024,38,
PHILADELPHIA,2024,37,
PHILADELPHIA,2024,36,
PHILADELPHIA,2024,35,
PHILADELPHIA,2024,34,
PHILADELPHIA,2024,33,
PHILADELPHIA,2024,32,
PHILADELPHIA,2024,31,
PHILADELPHIA,2024,30,
PHILADELPHIA,2024,29,
PHILADELPHIA,2024,28,
PHILADELPHIA,2024,27,
PHILADELPHIA,2024,26,
PHILADELPHIA,2024,25,
PHILADELPHIA,2024,24,
PHILADELPHIA,2024,23,
PHILADELPHIA,2024,22,
PHILADELPHIA,2024,21,
PHILADELPHIA,2024,20,
PHILADELPHIA,2024,19,
PHILADELPHIA,2024,18,
PHILADELPHIA,2024,17,
PHILADELPHIA,2024,16,
PHILADELPHIA,2024,15,
PHILADELPHIA,2024,14,
PHILADELPHIA,2024,13,
PHILADELPHIA,2024,12,25.500000
PHILADELPHIA,2024,11,25.500000
PHILADELPHIA,2024,10,25.500000
PHILADELPHIA,2024,9,25.500000
PHILADELPHIA,2024,8,26.000000
PHILADELPHIA,2024,7,
PHILADELPHIA,2024,6,
PHILADELPHIA,2024,5,27.000000
PHILADELPHIA,2024,4,27.000000
PHILADELPHIA,2024,3,27.000000
PHILADELPHIA,2024,2,30.000000
BALTIMORE,2023,366,
BALTIMORE,2023,365,
BALTIMORE,2023,364,
BALTIMORE,2023,363,25.000000
BALTIMORE,2023,362,25.000000
BALTIMORE,2023,361,22.000000
BALTIMORE,2023,360,22.000000
BALTIMORE,2023,359,
BALTIMORE,2023,358,
BALTIMORE,2023,357,
BALTIMORE,2023,356,22.000000
BALTIMORE,2023,355,22.000000
BALTIMORE,2023,354,22.000000
BALTIMORE,2023,353,22.000000
BALTIMORE,2023,352,41.500000
BALTIMORE,2023,351,
BALTIMORE,2023,350,
BALTIMORE,2023,349,41.500000
BALTIMORE,2023,348,41.500000
BALTIMORE,2023,347,41.500000
BALTIMORE,2023,346,41.500000
BALTIMORE,2023,345,41.500000
BALTIMORE,2023,344,
BALTIMORE,2023,343,
BALTIMORE,2023,342,41.500000
BALTIMORE,2023,341,41.500000
BALTIMORE,2023,340,41.500000
BALTIMORE,2023,339,41.500000
BALTIMORE,2023,338,41.500000
BALTIMORE,2023,337,
BALTIMORE,2023,336,
BALTIMORE,2023,335,41.500000
BALTIMORE,2023,334,41.500000
BALTIMORE,2023,333,41.500000
BALTIMORE,2023,332,41.500000
BALTIMORE,2023,331,41.500000
BALTIMORE,2023,330,
BALTIMORE,2023,329,
BALTIMORE,2023,328,41.500000
BALTIMORE,2023,327,
BALTIMORE,2023,326,41.500000
BALTIMORE,2023,325,41.500000
BALTIMORE,2023,324,41.500000
BALTIMORE,2023,323,
BALTIMORE,2023,322,
BALTIMORE,2023,321,41.500000
BALTIMORE,2023,320,41.500000
BALTIMORE,2023,319,40.000000
BALTIMORE,2023,318,40.000000
BALTIMORE,2023,317,40.000000
BALTIMORE,2023,316,
BALTIMORE,2023,315,
BALTIMORE,2023,314,
BALTIMORE,2023,313,40.000000
BALTIMORE,2023,312,40.000000
BALTIMORE,2023,311,40.000000
BALTIMORE,2023,310,31.500000
BALTIMORE,2023,309,
BALTIMORE,2023,308,
BALTIMORE,2023,307,31.500000
BALTIMORE,2023,306,31.500000
BALTIMORE,2023,305,31.500000
BALTIMORE,2023,304,31.500000
BALTIMORE,2023,303,31.500000
BALTIMORE,2023,302,
BALTIMORE,2023,301,
BALTIMORE,2023,300,31.500000
BALTIMORE,2023,299,31.500000
BALTIMORE,2023,298,31.500000
BALTIMORE,2023,297,31.500000
BALTIMORE,2023,296,31.500000
BALTIMORE,2023,295,
BALTIMORE,2023,294,
BALTIMORE,2023,293,29.500000
BALTIMORE,2023,292,29.500000
BALTIMORE,2023,291,29.500000
BALTIMORE,2023,290,29.500000
BALTIMORE,2023,289,26.000000
BALTIMORE,2023,288,
BALTIMORE,2023,287,
BALTIMORE,2023,286,26.000000
BALTIMORE,2023,285,26.000000
BALTIMORE,2023,284,26.000000
BALTIMORE,2023,283,26.000000
BALTIMORE,2023,282,
BALTIMORE,2023,281,
BALTIMORE,2023,280,
BALTIMORE,2023,279,26.000000
BALTIMORE,2023,278,26.000000
BALTIMORE,2023,277,26.000000
BALTIMORE,2023,276,26.000000
BALTIMORE,2023,275,26.250000
BALTIMORE,2023,274,
BALTIMORE,2023,273,
BALTIMORE,2023,272,26.250000
BALTIMORE,2023,271,26.000000
BALTIMORE,2023,270,26.000000
BALTIMORE,2023,269,26.000000
BALTIMORE,2023,268,30.000000
BALTIMORE,2023,267,
BALTIMORE,2023,266,
BALTIMORE,2023,265,37.000000
BALTIMORE,2023,264,37.000000
BALTIMORE,2023,263,37.000000
BALTIMORE,2023,262,37.000000
BALTIMORE,2023,261,37.000000
BALTIMORE,2023,260,
BALTIMORE,2023,259,
BALTIMORE,2023,258,
BALTIMORE,2023,257,40.000000
BALTIMORE,2023,256,40.000000
BALTIMORE,2023,255,40.000000
BALTIMORE,2023,254,40.000000
BALTIMORE,2023,253,
BALTIMORE,2023,252,
BALTIMORE,2023,251,40.000000
BALTIMORE,2023,250,40.000000
BALTIMORE,2023,249,40.000000
BALTIMORE,2023,248,40.000000
BALTIMORE,2023,247,
BALTIMORE,2023,246,
BALTIMORE,2023,245,
BALTIMORE,2023,244,44.500000
BALTIMORE,2023,243,44.500000
BALTIMORE,2023,242,30.250000
BALTIMORE,2023,241,30.250000
BALTIMORE,2023,240,30.250000
BALTIMORE,2023,239,
BALTIMORE,2023,238,
BALTIMORE,2023,237,30.250000
BALTIMORE,2023,236,30.250000
BALTIMORE,2023,235,30.250000
BALTIMORE,2023,234,30.250000
BALTIMORE,2023,233,30.250000
BALTIMORE,2023,232,
BALTIMORE,2023,231,
BALTIMORE,2023,230,30.250000
BALTIMORE,2023,229,30.250000
BALTIMORE,2023,228,30.250000
BALTIMORE,2023,227,30.250000
BALTIMORE,2023,226,30.250000
BALTIMORE,2023,225,
BALTIMORE,2023,224,
BALTIMORE,2023,223,30.250000
BALTIMORE,2023,222,30.500000
BALTIMORE,2023,221,32.500000
BALTIMORE,2023,220,32.500000
BALTIMORE,2023,219,34.000000
BALTIMORE,2023,218,
BALTIMORE,2023,217,
BALTIMORE,2023,216,44.500000
BALTIMORE,2023,215,44.500000
BALTIMORE,2023,214,44.500000
BALTIMORE,2023,213,44.500000
BALTIMORE,2023,212,44.500000
BALTIMORE,2023,211,
BALTIMORE,2023,210,
BALTIMORE,2023,209,44.500000
BALTIMORE,2023,208,44.500000
BALTIMORE,2023,207,44.500000
BALTIMORE,2023,206,44.500000
BALTIMORE,2023,205,44.500000
BALTIMORE,2023,204,
BALTIMORE,2023,203,
BALTIMORE,2023,202,44.500000
BALTIMORE,2023,201,44.500000
BALTIMORE,2023,200,44.500000
BALTIMORE,2023,199,44.500000
BALTIMORE,2023,198,44.500000
BALTIMORE,2023,197,
BALTIMORE,2023,196,
BALTIMORE,2023,195,44.500000
BALTIMORE,2023,194,44.500000
BALTIMORE,2023,193,44.500000
BALTIMORE,2023,192,44.500000
BALTIMORE,2023,191,44.500000
BALTIMORE,2023,190,
BALTIMORE,2023,189,
BALTIMORE,2023,188,45.000000
BALTIMORE,2023,187,45.000000
BALTIMORE,2023,186,45.000000
BALTIMORE,2023,185,
BALTIMORE,2023,184,45.000000
BALTIMORE,2023,183,
BALTIMORE,2023,182,
BALTIMORE,2023,181,35.000000
BALTIMORE,2023,180,35.000000
BALTIMORE,2023,179,35.000000
BALTIMORE,2023,178,35.000000
BALTIMORE,2023,177,35.000000
BALTIMORE,2023,176,
BALTIMORE,2023,175,
BALTIMORE,2023,174,35.000000
BALTIMORE,2023,173,35.000000
BALTIMORE,2023,172,35.000000
BALTIMORE,2023,171,35.000000
BALTIMORE,2023,170,
BALTIMORE,2023,169,
BALTIMORE,2023,168,
BALTIMORE,2023,167,35.000000
BALTIMORE,2023,166,35.000000
BALTIMORE,2023,165,35.000000
BALTIMORE,2023,164,35.000000
BALTIMORE,2023,163,35.000000
BALTIMORE,2023,162,
BALTIMORE,2023,161,
BALTIMORE,2023,160,35.000000
BALTIMORE,2023,159,35.000000
BALTIMORE,2023,158,35.000000
BALTIMORE,2023,157,35.000000
BALTIMORE,2023,156,35.000000
BALTIMORE,2023,155,
BALTIMORE,2023,154,
BALTIMORE,2023,153,35.000000
BALTIMORE,2023,152,35.000000
BALTIMORE,2023,151,35.000000
BALTIMORE,2023,150,35.000000
BALTIMORE,2023,149,
BALTIMORE,2023,148,
BALTIMORE,2023,147,
BALTIMORE,2023,146,35.000000
BALTIMORE,2023,145,35.000000
BALTIMORE,2023,144,35.000000
BALTIMORE,2023,143,35.000000
BALTIMORE,2023,142,35.000000
BALTIMORE,2023,141,
BALTIMORE,2023,140,
BALTIMORE,2023,139,32.000000
BALTIMORE,2023,138,32.000000
BALTIMORE,2023,137,32.000000
BALTIMORE,2023,136,32.000000
BALTIMORE,2023,135,32.000000
BALTIMORE,2023,134,
BALTIMORE,2023,133,
BALTIMORE,2023,132,32.000000
BALTIMORE,2023,131,26.500000
BALTIMORE,2023,130,25.000000
BALTIMORE,2023,129,25.000000
BALTIMORE,2023,128,25.000000
BALTIMORE,2023,127,
BALTIMORE,2023,126,
BALTIMORE,2023,125,22.500000
BALTIMORE,2023,124,22.500000
BALTIMORE,2023,123,25.000000
BALTIMORE,2023,122,25.000000
BALTIMORE,2023,121,25.000000
BALTIMORE,2023,120,
BALTIMORE,2023,119,
BALTIMORE,2023,118,26.500000
BALTIMORE,2023,117,26.500000
BALTIMORE,2023,116,26.500000
BALTIMORE,2023,115,26.500000
BALTIMORE,2023,114,26.500000
BALTIMORE,2023,113,
BALTIMORE,2023,112,
BALTIMORE,2023,111,31.125000
BALTIMORE,2023,110,31.125000
BALTIMORE,2023,109,29.500000
BALTIMORE,2023,108,29.500000
BALTIMORE,2023,107,29.500000
BALTIMORE,2023,106,
BALTIMORE,2023,105,
BALTIMORE,2023,104,27.500000
BALTIMORE,2023,103,27.500000
BALTIMORE,2023,102,34.500000
BALTIMORE,2023,101,34.500000
BALTIMORE,2023,100,35.250000
BALTIMORE,2023,99,
BALTIMORE,2023,98,
BALTIMORE,2023,97,28.500000
BALTIMORE,2023,96,28.500000
BALTIMORE,2023,95,35.375000
BALTIMORE,2023,94,34.750000
BALTIMORE,2023,93,34.750000
BALTIMORE,2023,92,
BALTIMORE,2023,91,
BALTIMORE,2023,90,36.000000
BALTIMORE,2023,89,36.000000
BALTIMORE,2023,88,36.000000
BALTIMORE,2023,87,36.000000
BALTIMORE,2023,86,36.000000
BALTIMORE,2023,85,
BALTIMORE,2023,84,
BALTIMORE,2023,83,36.000000
BALTIMORE,2023,82,36.000000
BALTIMORE,2023,81,36.000000
BALTIMORE,2023,80,36.000000
BALTIMORE,2023,79,36.000000
BALTIMORE,2023,78,
BALTIMORE,2023,77,
BALTIMORE,2023,76,39.000000
BALTIMORE,2023,75,39.000000
BALTIMORE,2023,74,39.000000
BALTIMORE,2023,73,39.000000
BALTIMORE,2023,72,39.000000
BALTIMORE,2023,71,
BALTIMORE,2023,70,
BALTIMORE,2023,69,39.000000
BALTIMORE,2023,68,39.000000
BALTIMORE,2023,67,39.000000
BALTIMORE,2023,66,39.000000
BALTIMORE,2023,65,39.000000
BALTIMORE,2023,64,
BALTIMORE,2023,63,
BALTIMORE,2023,62,39.000000
BALTIMORE,2023,61,39.000000
BALTIMORE,2023,60,39.000000
BALTIMORE,2023,59,39.000000
BALTIMORE,2023,58,38.500000
BALTIMORE,2023,57,
BALTIMORE,2023,56,
BALTIMORE,2023,55,38.500000
BALTIMORE,2023,54,38.500000
BALTIMORE,2023,53,38.500000
BALTIMORE,2023,52,38.500000
BALTIMORE,2023,51,
BALTIMORE,2023,50,
BALTIMORE,2023,49,
BALTIMORE,2023,48,38.500000
BALTIMORE,2023,47,38.500000
BALTIMORE,2023,46,38.500000
BALTIMORE,2023,45,38.500000
BALTIMORE,2023,44,38.500000
BALTIMORE,2023,43,
BALTIMORE,2023,42,
BALTIMORE,2023,41,59.000000
BALTIMORE,2023,40,59.000000
BALTIMORE,2023,39,59.000000
BALTIMORE,2023,38,59.000000
BALTIMORE,2023,37,59.000000
BALTIMORE,2023,36,
BALTIMORE,2023,35,
BALTIMORE,2023,34,59.000000
BALTIMORE,2023,33,59.000000
BALTIMORE,2023,32,59.000000
BALTIMORE,2023,31,59.000000
BALTIMORE,2023,30,59.000000
BALTIMORE,2023,29,
BALTIMORE,2023,28,
BALTIMORE,2023,27,59.000000
BALTIMORE,2023,26,59.000000
BALTIMORE,2023,25,59.000000
BALTIMORE,2023,24,59.000000
BALTIMORE,2023,23,59.000000
BALTIMORE,2023,22,
BALTIMORE,2023,21,
BALTIMORE,2023,20,64.500000
BALTIMORE,2023,19,64.500000
BALTIMORE,2023,18,64.500000
BALTIMORE,2023,17,64.500000
BALTIMORE,2023,16,
BALTIMORE,2023,15,
BALTIMORE,2023,14,
BALTIMORE,2023,13,68.500000
BALTIMORE,2023,12,68.500000
BALTIMORE,2023,11,68.500000
BALTIMORE,2023,10,68.500000
BALTIMORE,2023,9,68.500000
BALTIMORE,2023,8,
BALTIMORE,2023,7,
BALTIMORE,2023,6,53.500000
BALTIMORE,2023,5,53.500000
BALTIMORE,2023,4,54.250000
BALTIMORE,2023,3,54.250000
BALTIMORE,2023,2,
BOSTON,2023,366,
BOSTON,2023,365,
BOSTON,2023,364,
BOSTON,2023,363,22.500000
BOSTON,2023,362,22.500000
BOSTON,2023,361,22.500000
BOSTON,2023,360,22.500000
BOSTON,2023,359,
BOSTON,2023,358,
BOSTON,2023,357,
BOSTON,2023,356,22.500000
BOSTON,2023,355,22.500000
BOSTON,2023,354,22.500000
BOSTON,2023,353,22.500000
BOSTON,2023,352,22.500000
BOSTON,2023,351,
BOSTON,2023,350,
BOSTON,2023,349,22.500000
BOSTON,2023,348,22.500000
BOSTON,2023,347,22.500000
BOSTON,2023,346,22.500000
BOSTON,2023,345,22.500000
BOSTON,2023,344,
BOSTON,2023,343,
BOSTON,2023,342,22.500000
BOSTON,2023,341,22.500000
BOSTON,2023,340,22.500000
BOSTON,2023,339,22.500000
BOSTON,2023,338,22.500000
BOSTON,2023,337,
BOSTON,2023,336,
BOSTON,2023,335,22.500000
BOSTON,2023,334,22.500000
BOSTON,2023,333,22.500000
BOSTON,2023,332,22.500000
BOSTON,2023,331,22.500000
BOSTON,2023,330,
BOSTON,2023,329,
BOSTON,2023,328,22.500000
BOSTON,2023,327,
BOSTON,2023,326,22.500000
BOSTON,2023,325,22.500000
BOSTON,2023,324,22.500000
BOSTON,2023,323,
BOSTON,2023,322,
BOSTON,2023,321,22.500000
BOSTON,2023,320,22.500000
BOSTON,2023,319,22.500000
BOSTON,2023,318,22.500000
BOSTON,2023,317,22.500000
BOSTON,2023,316,
BOSTON,2023,315,
BOSTON,2023,314,
BOSTON,2023,313,22.500000
BOSTON,2023,312,22.500000
BOSTON,2023,311,22.500000
BOSTON,2023,310,22.500000
BOSTON,2023,309,
BOSTON,2023,308,
BOSTON,2023,307,22.500000
BOSTON,2023,306,22.500000
BOSTON,2023,305,22.500000
BOSTON,2023,304,22.500000
BOSTON,2023,303,22.500000
BOSTON,2023,302,
BOSTON,2023,301,
BOSTON,2023,300,22.500000
BOSTON,2023,299,22.500000
BOSTON,2023,298,22.500000
BOSTON,2023,297,22.500000
BOSTON,2023,296,22.500000
BOSTON,2023,295,
BOSTON,2023,294,
BOSTON,2023,293,22.500000
BOSTON,2023,292,22.500000
BOSTON,2023,291,22.500000
BOSTON,2023,290,22.500000
BOSTON,2023,289,22.500000
BOSTON,2023,288,
BOSTON,2023,287,
BOSTON,2023,286,22.500000
BOSTON,2023,285,22.500000
BOSTON,2023,284,22.500000
BOSTON,2023,283,22.500000
BOSTON,2023,282,
BOSTON,2023,281,
BOSTON,2023,280,
BOSTON,2023,279,22.500000
BOSTON,2023,278,22.500000
BOSTON,2023,277,22.500000
BOSTON,2023,276,22.500000
BOSTON,2023,275,22.500000
BOSTON,2023,274,
BOSTON,2023,273,
BOSTON,2023,272,22.500000
BOSTON,2023,271,22.500000
BOSTON,2023,270,22.500000
BOSTON,2023,269,22.500000
BOSTON,2023,268,22.500000
BOSTON,2023,267,
BOSTON,2023,266,
BOSTON,2023,265,22.500000
BOSTON,2023,264,23.000000
BOSTON,2023,263,23.000000
BOSTON,2023,262,23.000000
BOSTON,2023,261,23.000000
BOSTON,2023,260,
BOSTON,2023,259,
BOSTON,2023,258,23.000000
BOSTON,2023,257,23.000000
BOSTON,2023,256,23.000000
BOSTON,2023,255,23.000000
BOSTON,2023,254,23.000000
BOSTON,2023,253,
BOSTON,2023,252,
BOSTON,2023,251,23.000000
BOSTON,2023,250,23.000000
BOSTON,2023,249,23.000000
BOSTON,2023,248,23.000000
BOSTON,2023,247,
BOSTON,2023,246,
BOSTON,2023,245,
BOSTON,2023,244,23.000000
BOSTON,2023,243,23.000000
BOSTON,2023,242,23.000000
BOSTON,2023,241,23.000000
BOSTON,2023,240,23.000000
BOSTON,2023,239,
BOSTON,2023,238,
BOSTON,2023,237,23.000000
BOSTON,2023,236,23.000000
BOSTON,2023,235,23.000000
BOSTON,2023,234,23.000000
BOSTON,2023,233,22.750000
BOSTON,2023,232,
BOSTON,2023,231,
BOSTON,2023,230,22.750000
BOSTON,2023,229,22.750000
BOSTON,2023,228,22.750000
BOSTON,2023,227,22.750000
BOSTON,2023,226,22.750000
BOSTON,2023,225,
BOSTON,2023,224,
BOSTON,2023,223,22.750000
BOSTON,2023,222,22.750000
BOSTON,2023,221,22.750000
BOSTON,2023,220,22.750000
BOSTON,2023,219,22.750000
BOSTON,2023,218,
BOSTON,2023,217,
BOSTON,2023,216,22.750000
BOSTON,2023,215,22.750000
BOSTON,2023,214,22.750000
BOSTON,2023,213,22.750000
BOSTON,2023,212,22.750000
BOSTON,2023,211,
BOSTON,2023,210,
BOSTON,2023,209,22.750000
BOSTON,2023,208,22.750000
BOSTON,2023,207,22.750000
BOSTON,2023,206,22.750000
BOSTON,2023,205,22.750000
BOSTON,2023,204,
BOSTON,2023,203,
BOSTON,2023,202,22.750000
BOSTON,2023,201,22.750000
BOSTON,2023,200,22.750000
BOSTON,2023,199,22.750000
BOSTON,2023,198,22.750000
BOSTON,2023,197,
BOSTON,2023,196,
BOSTON,2023,195,22.750000
BOSTON,2023,194,22.750000
BOSTON,2023,193,22.750000
BOSTON,2023,192,22.750000
BOSTON,2023,191,22.750000
BOSTON,2023,190,
BOSTON,2023,189,
BOSTON,2023,188,22.750000
BOSTON,2023,187,22.750000
BOSTON,2023,186,22.750000
BOSTON,2023,185,
BOSTON,2023,184,22.750000
BOSTON,2023,183,
BOSTON,2023,182,
BOSTON,2023,181,22.750000
BOSTON,2023,180,22.750000
BOSTON,2023,179,22.750000
BOSTON,2023,178,22.750000
BOSTON,2023,177,22.750000
BOSTON,2023,176,
BOSTON,2023,175,
BOSTON,2023,174,22.750000
BOSTON,2023,173,22.750000
BOSTON,2023,172,22.750000
BOSTON,2023,171,22.750000
BOSTON,2023,170,
BOSTON,2023,169,
BOSTON,2023,168,
BOSTON,2023,167,22.750000
BOSTON,2023,166,22.750000
BOSTON,2023,165,22.750000
BOSTON,2023,164,22.750000
BOSTON,2023,163,22.750000
BOSTON,2023,162,
BOSTON,2023,161,
BOSTON,2023,160,22.750000
BOSTON,2023,159,22.750000
BOSTON,2023,158,22.750000
BOSTON,2023,157,22.750000
BOSTON,2023,156,22.750000
BOSTON,2023,155,
BOSTON,2023,154,
BOSTON,2023,153,22.750000
BOSTON,2023,152,35.166666
BOSTON,2023,151,35.166666
BOSTON,2023,150,35.166666
BOSTON,2023,149,
BOSTON,2023,148,
BOSTON,2023,147,
BOSTON,2023,146,35.166666
BOSTON,2023,145,35.166666
BOSTON,2023,144,35.166666
BOSTON,2023,143,35.166666
BOSTON,2023,142,35.166666
BOSTON,2023,141,
BOSTON,2023,140,
BOSTON,2023,139,35.166666
BOSTON,2023,138,35.166666
BOSTON,2023,137,35.166666
BOSTON,2023,136,35.166666
BOSTON,2023,135,35.166666
BOSTON,2023,134,
BOSTON,2023,133,
BOSTON,2023,132,35.166666
BOSTON,2023,131,35.166666
BOSTON,2023,130,35.166666
BOSTON,2023,129,35.166666
BOSTON,2023,128,35.166666
BOSTON,2023,127,
BOSTON,2023,126,
BOSTON,2023,125,35.166666
BOSTON,2023,124,35.166666
BOSTON,2023,123,35.166666
BOSTON,2023,122,35.166666
BOSTON,2023,121,35.166666
BOSTON,2023,120,
BOSTON,2023,119,
BOSTON,2023,118,35.166666
BOSTON,2023,117,35.166666
BOSTON,2023,116,35.166666
BOSTON,2023,115,35.166666
BOSTON,2023,114,35.166666
BOSTON,2023,113,
BOSTON,2023,112,
BOSTON,2023,111,35.166666
BOSTON,2023,110,35.166666
BOSTON,2023,109,35.166666
BOSTON,2023,108,35.166666
BOSTON,2023,107,35.166666
BOSTON,2023,106,
BOSTON,2023,105,
BOSTON,2023,104,35.166666
BOSTON,2023,103,35.166666
BOSTON,2023,102,35.166666
BOSTON,2023,101,34.833333
BOSTON,2023,100,34.833333
BOSTON,2023,99,
BOSTON,2023,98,
BOSTON,2023,97,23.250000
BOSTON,2023,96,23.250000
BOSTON,2023,95,23.250000
BOSTON,2023,94,22.500000
BOSTON,2023,93,22.500000
BOSTON,2023,92,
BOSTON,2023,91,
BOSTON,2023,90,22.500000
BOSTON,2023,89,22.500000
BOSTON,2023,88,22.500000
BOSTON,2023,87,22.500000
BOSTON,2023,86,22.500000
BOSTON,2023,85,
BOSTON,2023,84,
BOSTON,2023,83,22.500000
BOSTON,2023,82,22.500000
BOSTON,2023,81,22.500000
BOSTON,2023,80,22.500000
BOSTON,2023,79,38.750000
BOSTON,2023,78,
BOSTON,2023,77,
BOSTON,2023,76,38.750000
BOSTON,2023,75,38.750000
BOSTON,2023,74,38.750000
BOSTON,2023,73,38.750000
BOSTON,2023,72,38.750000
BOSTON,2023,71,
BOSTON,2023,70,
BOSTON,2023,69,36.250000
BOSTON,2023,68,36.250000
BOSTON,2023,67,36.250000
BOSTON,2023,66,31.666666
BOSTON,2023,65,35.500000
BOSTON,2023,64,
BOSTON,2023,63,
BOSTON,2023,62,35.500000
BOSTON,2023,61,38.500000
BOSTON,2023,60,38.500000
BOSTON,2023,59,38.500000
BOSTON,2023,58,38.500000
BOSTON,2023,57,
BOSTON,2023,56,
BOSTON,2023,55,38.500000
BOSTON,2023,54,38.500000
BOSTON,2023,53,38.500000
BOSTON,2023,52,38.500000
BOSTON,2023,51,
BOSTON,2023,50,
BOSTON,2023,49,
BOSTON,2023,48,38.500000
BOSTON,2023,47,38.500000
BOSTON,2023,46,38.500000
BOSTON,2023,45,38.500000
BOSTON,2023,44,38.500000
BOSTON,2023,43,
BOSTON,2023,42,
BOSTON,2023,41,38.500000
BOSTON,2023,40,39.000000
BOSTON,2023,39,39.000000
BOSTON,2023,38,39.000000
BOSTON,2023,37,39.000000
BOSTON,2023,36,
BOSTON,2023,35,
BOSTON,2023,34,39.000000
BOSTON,2023,33,39.000000
BOSTON,2023,32,39.000000
BOSTON,2023,31,39.000000
BOSTON,2023,30,49.000000
BOSTON,2023,29,
BOSTON,2023,28,
BOSTON,2023,27,49.000000
BOSTON,2023,26,49.000000
BOSTON,2023,25,49.000000
BOSTON,2023,24,49.000000
BOSTON,2023,23,49.000000
BOSTON,2023,22,
BOSTON,2023,21,
BOSTON,2023,20,49.000000
BOSTON,2023,19,49.000000
BOSTON,2023,18,25.500000
BOSTON,2023,17,25.500000
BOSTON,2023,16,
BOSTON,2023,15,
BOSTON,2023,14,
BOSTON,2023,13,25.500000
BOSTON,2023,12,25.500000
BOSTON,2023,11,25.500000
BOSTON,2023,10,25.500000
BOSTON,2023,9,25.500000
BOSTON,2023,8,
BOSTON,2023,7,
BOSTON,2023,6,25.500000
BOSTON,2023,5,25.500000
BOSTON,2023,4,25.500000
BOSTON,2023,3,25.500000
BOSTON,2023,2,
CHICAGO,2023,366,
CHICAGO,2023,365,
CHICAGO,2023,364,
CHICAGO,2023,363,36.600000
CHICAGO,2023,362,36.600000
CHICAGO,2023,361,36.600000
CHICAGO,2023,360,36.600000
CHICAGO,2023,359,
CHICAGO,2023,358,
CHICAGO,2023,357,
CHICAGO,2023,356,36.600000
CHICAGO,2023,355,36.600000
CHICAGO,2023,354,36.600000
CHICAGO,2023,353,36.600000
CHICAGO,2023,352,36.600000
CHICAGO,2023,351,
CHICAGO,2023,350,
CHICAGO,2023,349,36.600000
CHICAGO,2023,348,36.600000
CHICAGO,2023,347,36.600000
CHICAGO,2023,346,36.600000
CHICAGO,2023,345,36.600000
CHICAGO,2023,344,
CHICAGO,2023,343,
CHICAGO,2023,342,36.600000
CHICAGO,2023,341,36.600000
CHICAGO,2023,340,36.600000
CHICAGO,2023,339,36.600000
CHICAGO,2023,338,36.600000
CHICAGO,2023,337,
CHICAGO,2023,336,
CHICAGO,2023,335,36.600000
CHICAGO,2023,334,36.600000
CHICAGO,2023,333,36.600000
CHICAGO,2023,332,36.600000
CHICAGO,2023,331,36.600000
CHICAGO,2023,330,
CHICAGO,2023,329,
CHICAGO,2023,328,36.600000
CHICAGO,2023,327,
CHICAGO,2023,326,36.600000
CHICAGO,2023,325,36.600000
CHICAGO,2023,324,36.600000
CHICAGO,2023,323,
CHICAGO,2023,322,
CHICAGO,2023,321,36.600000
CHICAGO,2023,320,36.600000
CHICAGO,2023,319,36.600000
CHICAGO,2023,318,36.600000
CHICAGO,2023,317,36.600000
CHICAGO,2023,316,
CHICAGO,2023,315,
CHICAGO,2023,314,
CHICAGO,2023,313,36.600000
CHICAGO,2023,312,36.600000
CHICAGO,2023,311,36.600000
CHICAGO,2023,310,36.600000
CHICAGO,2023,309,
CHICAGO,2023,308,
CHICAGO,2023,307,36.600000
CHICAGO,2023,306,36.600000
CHICAGO,2023,305,36.600000
CHICAGO,2023,304,36.600000
CHICAGO,2023,303,35.083333
CHICAGO,2023,302,
CHICAGO,2023,301,
CHICAGO,2023,300,35.083333
CHICAGO,2023,299,35.083333
CHICAGO,2023,298,35.083333
CHICAGO,2023,297,35.083333
CHICAGO,2023,296,35.083333
CHICAGO,2023,295,
CHICAGO,2023,294,
CHICAGO,2023,293,35.083333
CHICAGO,2023,292,34.750000
CHICAGO,2023,291,34.750000
CHICAGO,2023,290,34.750000
CHICAGO,2023,289,34.750000
CHICAGO,2023,288,
CHICAGO,2023,287,
CHICAGO,2023,286,34.750000
CHICAGO,2023,285,34.750000
CHICAGO,2023,284,34.750000
CHICAGO,2023,283,34.750000
CHICAGO,2023,282,
CHICAGO,2023,281,
CHICAGO,2023,280,
CHICAGO,2023,279,34.750000
CHICAGO,2023,278,34.750000
CHICAGO,2023,277,34.750000
CHICAGO,2023,276,34.750000
CHICAGO,2023,275,36.333333
CHICAGO,2023,274,
CHICAGO,2023,273,
CHICAGO,2023,272,36.333333
CHICAGO,2023,271,43.500000
CHICAGO,2023,270,43.500000
CHICAGO,2023,269,43.500000
CHICAGO,2023,268,43.500000
CHICAGO,2023,267,
CHICAGO,2023,266,
CHICAGO,2023,265,43.500000
CHICAGO,2023,264,43.500000
CHICAGO,2023,263,43.500000
CHICAGO,2023,262,43.500000
CHICAGO,2023,261,43.500000
CHICAGO,2023,260,
CHICAGO,2023,259,
CHICAGO,2023,258,43.500000
CHICAGO,2023,257,43.500000
CHICAGO,2023,256,43.500000
CHICAGO,2023,255,43.500000
CHICAGO,2023,254,43.500000
CHICAGO,2023,253,
CHICAGO,2023,252,
CHICAGO,2023,251,43.500000
CHICAGO,2023,250,43.500000
CHICAGO,2023,249,43.500000
CHICAGO,2023,248,43.500000
CHICAGO,2023,247,
CHICAGO,2023,246,
CHICAGO,2023,245,
CHICAGO,2023,244,43.500000
CHICAGO,2023,243,43.500000
CHICAGO,2023,242,43.500000
CHICAGO,2023,241,43.500000
CHICAGO,2023,240,43.500000
CHICAGO,2023,239,
CHICAGO,2023,238,
CHICAGO,2023,237,43.500000
CHICAGO,2023,236,43.500000
CHICAGO,2023,235,43.500000
CHICAGO,2023,234,43.500000
CHICAGO,2023,233,43.500000
CHICAGO,2023,232,
CHICAGO,2023,231,
CHICAGO,2023,230,43.500000
CHICAGO,2023,229,43.500000
CHICAGO,2023,228,43.500000
CHICAGO,2023,227,43.500000
CHICAGO,2023,226,43.500000
CHICAGO,2023,225,
CHICAGO,2023,224,
CHICAGO,2023,223,43.500000
CHICAGO,2023,222,43.500000
CHICAGO,2023,221,43.500000
CHICAGO,2023,220,43.500000
CHICAGO,2023,219,43.500000
CHICAGO,2023,218,
CHICAGO,2023,217,
CHICAGO,2023,216,43.500000
CHICAGO,2023,215,43.500000
CHICAGO,2023,214,43.500000
CHICAGO,2023,213,43.500000
CHICAGO,2023,212,43.500000
CHICAGO,2023,211,
CHICAGO,2023,210,
CHICAGO,2023,209,43.500000
CHICAGO,2023,208,43.500000
CHICAGO,2023,207,43.500000
CHICAGO,2023,206,43.500000
CHICAGO,2023,205,43.375000
CHICAGO,2023,204,
CHICAGO,2023,203,
CHICAGO,2023,202,43.375000
CHICAGO,2023,201,43.375000
CHICAGO,2023,200,41.500000
CHICAGO,2023,199,41.500000
CHICAGO,2023,198,41.500000
CHICAGO,2023,197,
CHICAGO,2023,196,
CHICAGO,2023,195,41.500000
CHICAGO,2023,194,36.875000
CHICAGO,2023,193,36.875000
CHICAGO,2023,192,36.875000
CHICAGO,2023,191,36.875000
CHICAGO,2023,190,
CHICAGO,2023,189,
CHICAGO,2023,188,36.875000
CHICAGO,2023,187,36.875000
CHICAGO,2023,186,36.875000
CHICAGO,2023,185,
CHICAGO,2023,184,36.875000
CHICAGO,2023,183,
CHICAGO,2023,182,
CHICAGO,2023,181,36.875000
CHICAGO,2023,180,36.875000
CHICAGO,2023,179,36.875000
CHICAGO,2023,178,36.875000
CHICAGO,2023,177,36.750000
CHICAGO,2023,176,
CHICAGO,2023,175,
CHICAGO,2023,174,36.750000
CHICAGO,2023,173,36.750000
CHICAGO,2023,172,36.750000
CHICAGO,2023,171,36.750000
CHICAGO,2023,170,
CHICAGO,2023,169,
CHICAGO,2023,168,
CHICAGO,2023,167,36.750000
CHICAGO,2023,166,39.250000
CHICAGO,2023,165,39.250000
CHICAGO,2023,164,39.250000
CHICAGO,2023,163,39.250000
CHICAGO,2023,162,
CHICAGO,2023,161,
CHICAGO,2023,160,39.250000
CHICAGO,2023,159,39.250000
CHICAGO,2023,158,39.250000
CHICAGO,2023,157,39.250000
CHICAGO,2023,156,39.250000
CHICAGO,2023,155,
CHICAGO,2023,154,
CHICAGO,2023,153,39.250000
CHICAGO,2023,152,39.250000
CHICAGO,2023,151,39.250000
CHICAGO,2023,150,39.250000
CHICAGO,2023,149,
CHICAGO,2023,148,
CHICAGO,2023,147,
CHICAGO,2023,146,39.250000
CHICAGO,2023,145,39.250000
CHICAGO,2023,144,39.250000
CHICAGO,2023,143,39.250000
CHICAGO,2023,142,39.250000
CHICAGO,2023,141,
CHICAGO,2023,140,
CHICAGO,2023,139,39.250000
CHICAGO,2023,138,39.250000
CHICAGO,2023,137,39.250000
CHICAGO,2023,136,39.250000
CHICAGO,2023,135,39.250000
CHICAGO,2023,134,
CHICAGO,2023,133,
CHICAGO,2023,132,39.250000
CHICAGO,2023,131,39.250000
CHICAGO,2023,130,39.250000
CHICAGO,2023,129,39.250000
CHICAGO,2023,128,39.250000
CHICAGO,2023,127,
CHICAGO,2023,126,
CHICAGO,2023,125,39.250000
CHICAGO,2023,124,39.250000
CHICAGO,2023,123,39.250000
CHICAGO,2023,122,39.250000
CHICAGO,2023,121,39.250000
CHICAGO,2023,120,
CHICAGO,2023,119,
CHICAGO,2023,118,39.250000
CHICAGO,2023,117,39.250000
CHICAGO,2023,116,39.250000
CHICAGO,2023,115,39.250000
CHICAGO,2023,114,39.250000
CHICAGO,2023,113,
CHICAGO,2023,112,
CHICAGO,2023,111,39.250000
CHICAGO,2023,110,39.250000
CHICAGO,2023,109,39.250000
CHICAGO,2023,108,39.250000
CHICAGO,2023,107,39.250000
CHICAGO,2023,106,
CHICAGO,2023,105,
CHICAGO,2023,104,39.250000
CHICAGO,2023,103,39.250000
CHICAGO,2023,102,39.250000
CHICAGO,2023,101,39.250000
CHICAGO,2023,100,39.250000
CHICAGO,2023,99,
CHICAGO,2023,98,
CHICAGO,2023,97,39.250000
CHICAGO,2023,96,39.250000
CHICAGO,2023,95,39.250000
CHICAGO,2023,94,39.250000
CHICAGO,2023,93,39.250000
CHICAGO,2023,92,
CHICAGO,2023,91,
CHICAGO,2023,90,39.250000
CHICAGO,2023,89,39.250000
CHICAGO,2023,88,39.250000
CHICAGO,2023,87,39.250000
CHICAGO,2023,86,39.250000
CHICAGO,2023,85,
CHICAGO,2023,84,
CHICAGO,2023,83,39.250000
CHICAGO,2023,82,39.250000
CHICAGO,2023,81,39.250000
CHICAGO,2023,80,39.375000
CHICAGO,2023,79,39.375000
CHICAGO,2023,78,
CHICAGO,2023,77,
CHICAGO,2023,76,39.375000
CHICAGO,2023,75,39.375000
CHICAGO,2023,74,39.375000
CHICAGO,2023,73,39.375000
CHICAGO,2023,72,39.375000
CHICAGO,2023,71,
CHICAGO,2023,70,
CHICAGO,2023,69,39.375000
CHICAGO,2023,68,39.375000
CHICAGO,2023,67,39.375000
CHICAGO,2023,66,39.375000
CHICAGO,2023,65,39.375000
CHICAGO,2023,64,
CHICAGO,2023,63,
CHICAGO,2023,62,39.375000
CHICAGO,2023,61,40.750000
CHICAGO,2023,60,40.750000
CHICAGO,2023,59,40.750000
CHICAGO,2023,58,40.750000
CHICAGO,2023,57,
CHICAGO,2023,56,
CHICAGO,2023,55,40.750000
CHICAGO,2023,54,40.750000
CHICAGO,2023,53,40.750000
CHICAGO,2023,52,40.750000
CHICAGO,2023,51,
CHICAGO,2023,50,
CHICAGO,2023,49,
CHICAGO,2023,48,40.750000
CHICAGO,2023,47,40.750000
CHICAGO,2023,46,40.750000
CHICAGO,2023,45,40.750000
CHICAGO,2023,44,40.750000
CHICAGO,2023,43,
CHICAGO,2023,42,
CHICAGO,2023,41,40.750000
CHICAGO,2023,40,40.750000
CHICAGO,2023,39,40.750000
CHICAGO,2023,38,40.750000
CHICAGO,2023,37,40.750000
CHICAGO,2023,36,
CHICAGO,2023,35,
CHICAGO,2023,34,40.750000
CHICAGO,2023,33,46.000000
CHICAGO,2023,32,46.000000
CHICAGO,2023,31,46.000000
CHICAGO,2023,30,46.000000
CHICAGO,2023,29,
CHICAGO,2023,28,
CHICAGO,2023,27,46.000000
CHICAGO,2023,26,46.000000
CHICAGO,2023,25,46.000000
CHICAGO,2023,24,46.000000
CHICAGO,2023,23,46.000000
CHICAGO,2023,22,
CHICAGO,2023,21,
CHICAGO,2023,20,46.000000
CHICAGO,2023,19,46.000000
CHICAGO,2023,18,46.000000
CHICAGO,2023,17,46.000000
CHICAGO,2023,16,
CHICAGO,2023,15,
CHICAGO,2023,14,
CHICAGO,2023,13,46.000000
CHICAGO,2023,12,46.000000
CHICAGO,2023,11,46.000000
CHICAGO,2023,10,46.000000
CHICAGO,2023,9,46.000000
CHICAGO,2023,8,
CHICAGO,2023,7,
CHICAGO,2023,6,46.000000
CHICAGO,2023,5,46.000000
CHICAGO,2023,4,46.000000
CHICAGO,2023,3,46.000000
CHICAGO,2023,2,
COLUMBIA,2023,366,
COLUMBIA,2023,365,
COLUMBIA,2023,364,
COLUMBIA,2023,363,27.000000
COLUMBIA,2023,362,27.000000
COLUMBIA,2023,361,27.000000
COLUMBIA,2023,360,
COLUMBIA,2023,359,
COLUMBIA,2023,358,
COLUMBIA,2023,357,
COLUMBIA,2023,356,
COLUMBIA,2023,355,33.500000
COLUMBIA,2023,354,33.500000
COLUMBIA,2023,353,33.500000
COLUMBIA,2023,352,33.500000
COLUMBIA,2023,351,
COLUMBIA,2023,350,
COLUMBIA,2023,349,33.500000
COLUMBIA,2023,348,33.500000
COLUMBIA,2023,347,33.500000
COLUMBIA,2023,346,33.500000
COLUMBIA,2023,345,33.500000
COLUMBIA,2023,344,
COLUMBIA,2023,343,
COLUMBIA,2023,342,33.500000
COLUMBIA,2023,341,33.500000
COLUMBIA,2023,340,33.500000
COLUMBIA,2023,339,33.500000
COLUMBIA,2023,338,33.500000
COLUMBIA,2023,337,
COLUMBIA,2023,336,
COLUMBIA,2023,335,33.500000
COLUMBIA,2023,334,33.500000
COLUMBIA,2023,333,33.500000
COLUMBIA,2023,332,33.500000
COLUMBIA,2023,331,33.500000
COLUMBIA,2023,330,
COLUMBIA,2023,329,
COLUMBIA,2023,328,
COLUMBIA,2023,327,
COLUMBIA,2023,326,32.000000
COLUMBIA,2023,325,32.000000
COLUMBIA,2023,324,32.000000
COLUMBIA,2023,323,
COLUMBIA,2023,322,
COLUMBIA,2023,321,32.000000
COLUMBIA,2023,320,32.000000
COLUMBIA,2023,319,32.000000
COLUMBIA,2023,318,32.000000
COLUMBIA,2023,317,32.000000
COLUMBIA,2023,316,
COLUMBIA,2023,315,
COLUMBIA,2023,314,
COLUMBIA,2023,313,27.000000
COLUMBIA,2023,312,27.000000
COLUMBIA,2023,311,27.000000
COLUMBIA,2023,310,27.000000
COLUMBIA,2023,309,
COLUMBIA,2023,308,
COLUMBIA,2023,307,27.000000
COLUMBIA,2023,306,27.000000
COLUMBIA,2023,305,27.000000
COLUMBIA,2023,304,27.000000
COLUMBIA,2023,303,27.000000
COLUMBIA,2023,302,
COLUMBIA,2023,301,
COLUMBIA,2023,300,27.000000
COLUMBIA,2023,299,27.000000
COLUMBIA,2023,298,27.000000
COLUMBIA,2023,297,27.000000
COLUMBIA,2023,296,27.000000
COLUMBIA,2023,295,
COLUMBIA,2023,294,
COLUMBIA,2023,293,27.000000
COLUMBIA,2023,292,27.000000
COLUMBIA,2023,291,27.000000
COLUMBIA,2023,290,27.000000
COLUMBIA,2023,289,27.000000
COLUMBIA,2023,288,
COLUMBIA,2023,287,
COLUMBIA,2023,286,27.000000
COLUMBIA,2023,285,27.000000
COLUMBIA,2023,284,27.000000
COLUMBIA,2023,283,27.000000
COLUMBIA,2023,282,27.000000
COLUMBIA,2023,281,
COLUMBIA,2023,280,
COLUMBIA,2023,279,30.250000
COLUMBIA,2023,278,30.250000
COLUMBIA,2023,277,30.250000
COLUMBIA,2023,276,30.250000
COLUMBIA,2023,275,30.250000
COLUMBIA,2023,274,
COLUMBIA,2023,273,
COLUMBIA,2023,272,29.500000
COLUMBIA,2023,271,29.500000
COLUMBIA,2023,270,29.500000
COLUMBIA,2023,269,29.500000
COLUMBIA,2023,268,29.500000
COLUMBIA,2023,267,
COLUMBIA,2023,266,
COLUMBIA,2023,265,29.500000
COLUMBIA,2023,264,29.500000
COLUMBIA,2023,263,29.500000
COLUMBIA,2023,262,29.500000
COLUMBIA,2023,261,29.500000
COLUMBIA,2023,260,
COLUMBIA,2023,259,
COLUMBIA,2023,258,29.500000
COLUMBIA,2023,257,29.500000
COLUMBIA,2023,256,29.500000
COLUMBIA,2023,255,29.500000
COLUMBIA,2023,254,29.500000
COLUMBIA,2023,253,
COLUMBIA,2023,252,
COLUMBIA,2023,251,29.500000
COLUMBIA,2023,250,29.500000
COLUMBIA,2023,249,29.500000
COLUMBIA,2023,248,29.500000
COLUMBIA,2023,247,
COLUMBIA,2023,246,
COLUMBIA,2023,245,
COLUMBIA,2023,244,29.500000
COLUMBIA,2023,243,29.500000
COLUMBIA,2023,242,29.500000
COLUMBIA,2023,241,29.500000
COLUMBIA,2023,240,29.500000
COLUMBIA,2023,239,
COLUMBIA,2023,238,
COLUMBIA,2023,237,29.500000
COLUMBIA,2023,236,29.500000
COLUMBIA,2023,235,29.500000
COLUMBIA,2023,234,29.500000
COLUMBIA,2023,233,29.500000
COLUMBIA,2023,232,
COLUMBIA,2023,231,
COLUMBIA,2023,230,29.500000
COLUMBIA,2023,229,29.500000
COLUMBIA,2023,228,29.500000
COLUMBIA,2023,227,29.500000
COLUMBIA,2023,226,29.500000
COLUMBIA,2023,225,
COLUMBIA,2023,224,
COLUMBIA,2023,223,29.500000
COLUMBIA,2023,222,29.500000
COLUMBIA,2023,221,29.500000
COLUMBIA,2023,220,29.500000
COLUMBIA,2023,219,29.500000
COLUMBIA,2023,218,
COLUMBIA,2023,217,
COLUMBIA,2023,216,29.500000
COLUMBIA,2023,215,29.500000
COLUMBIA,2023,214,29.500000
COLUMBIA,2023,213,29.500000
COLUMBIA,2023,212,29.500000
COLUMBIA,2023,211,
COLUMBIA,2023,210,
COLUMBIA,2023,209,29.500000
COLUMBIA,2023,208,29.500000
COLUMBIA,2023,207,29.500000
COLUMBIA,2023,206,29.500000
COLUMBIA,2023,205,29.500000
COLUMBIA,2023,204,
COLUMBIA,2023,203,
COLUMBIA,2023,202,29.500000
COLUMBIA,2023,201,29.500000
COLUMBIA,2023,200,29.500000
COLUMBIA,2023,199,29.500000
COLUMBIA,2023,198,29.500000
COLUMBIA,2023,197,
COLUMBIA,2023,196,
COLUMBIA,2023,195,29.500000
COLUMBIA,2023,194,29.500000
COLUMBIA,2023,193,29.500000
COLUMBIA,2023,192,29.500000
COLUMBIA,2023,191,29.500000
COLUMBIA,2023,190,
COLUMBIA,2023,189,
COLUMBIA,2023,188,29.500000
COLUMBIA,2023,187,29.500000
COLUMBIA,2023,186,29.500000
COLUMBIA,2023,185,
COLUMBIA,2023,184,29.500000
COLUMBIA,2023,183,
COLUMBIA,2023,182,
COLUMBIA,2023,181,29.500000
COLUMBIA,2023,180,29.500000
COLUMBIA,2023,179,29.500000
COLUMBIA,2023,178,29.500000
COLUMBIA,2023,177,29.500000
COLUMBIA,2023,176,
COLUMBIA,2023,175,
COLUMBIA,2023,174,29.500000
COLUMBIA,2023,173,29.500000
COLUMBIA,2023,172,29.500000
COLUMBIA,2023,171,29.500000
COLUMBIA,2023,170,29.500000
COLUMBIA,2023,169,
COLUMBIA,2023,168,
COLUMBIA,2023,167,29.500000
COLUMBIA,2023,166,29.500000
COLUMBIA,2023,165,29.500000
COLUMBIA,2023,164,29.500000
COLUMBIA,2023,163,29.500000
COLUMBIA,2023,162,
COLUMBIA,2023,161,
COLUMBIA,2023,160,29.500000
COLUMBIA,2023,159,29.500000
COLUMBIA,2023,158,29.500000
COLUMBIA,2023,157,29.500000
COLUMBIA,2023,156,29.500000
COLUMBIA,2023,155,
COLUMBIA,2023,154,
COLUMBIA,2023,153,29.500000
COLUMBIA,2023,152,29.500000
COLUMBIA,2023,151,29.500000
COLUMBIA,2023,150,29.500000
COLUMBIA,2023,149,
COLUMBIA,2023,148,
COLUMBIA,2023,147,
COLUMBIA,2023,146,29.500000
COLUMBIA,2023,145,29.500000
COLUMBIA,2023,144,29.500000
COLUMBIA,2023,143,29.500000
COLUMBIA,2023,142,
COLUMBIA,2023,141,
COLUMBIA,2023,140,
COLUMBIA,2023,139,29.500000
COLUMBIA,2023,138,29.500000
COLUMBIA,2023,137,29.500000
COLUMBIA,2023,136,29.500000
COLUMBIA,2023,135,29.500000
COLUMBIA,2023,134,
COLUMBIA,2023,133,
COLUMBIA,2023,132,29.500000
COLUMBIA,2023,131,29.500000
COLUMBIA,2023,130,
COLUMBIA,2023,129,29.500000
COLUMBIA,2023,128,29.500000
COLUMBIA,2023,127,
COLUMBIA,2023,126,
COLUMBIA,2023,125,29.500000
COLUMBIA,2023,124,29.500000
COLUMBIA,2023,123,29.500000
COLUMBIA,2023,122,29.500000
COLUMBIA,2023,121,29.500000
COLUMBIA,2023,120,
COLUMBIA,2023,119,
COLUMBIA,2023,118,29.500000
COLUMBIA,2023,117,29.500000
COLUMBIA,2023,116,29.500000
COLUMBIA,2023,115,29.500000
COLUMBIA,2023,114,29.500000
COLUMBIA,2023,113,
COLUMBIA,2023,112,
COLUMBIA,2023,111,29.500000
COLUMBIA,2023,110,29.500000
COLUMBIA,2023,109,29.500000
COLUMBIA,2023,108,29.500000
COLUMBIA,2023,107,29.500000
COLUMBIA,2023,106,
COLUMBIA,2023,105,
COLUMBIA,2023,104,30.250000
COLUMBIA,2023,103,30.250000
COLUMBIA,2023,102,30.250000
COLUMBIA,2023,101,30.250000
COLUMBIA,2023,100,30.250000
COLUMBIA,2023,99,
COLUMBIA,2023,98,
COLUMBIA,2023,97,30.250000
COLUMBIA,2023,96,30.250000
COLUMBIA,2023,95,30.250000
COLUMBIA,2023,94,30.250000
COLUMBIA,2023,93,30.250000
COLUMBIA,2023,92,
COLUMBIA,2023,91,
COLUMBIA,2023,90,34.666666
COLUMBIA,2023,89,34.666666
COLUMBIA,2023,88,34.666666
COLUMBIA,2023,87,32.500000
COLUMBIA,2023,86,32.500000
COLUMBIA,2023,85,
COLUMBIA,2023,84,
COLUMBIA,2023,83,33.000000
COLUMBIA,2023,82,33.000000
COLUMBIA,2023,81,33.000000
COLUMBIA,2023,80,33.000000
COLUMBIA,2023,79,33.000000
COLUMBIA,2023,78,
COLUMBIA,2023,77,
COLUMBIA,2023,76,33.000000
COLUMBIA,2023,75,33.000000
COLUMBIA,2023,74,33.000000
COLUMBIA,2023,73,33.000000
COLUMBIA,2023,72,33.000000
COLUMBIA,2023,71,
COLUMBIA,2023,70,
COLUMBIA,2023,69,34.333333
COLUMBIA,2023,68,34.333333
COLUMBIA,2023,67,34.333333
COLUMBIA,2023,66,34.333333
COLUMBIA,2023,65,34.333333
COLUMBIA,2023,64,
COLUMBIA,2023,63,
COLUMBIA,2023,62,34.333333
COLUMBIA,2023,61,34.333333
COLUMBIA,2023,60,34.333333
COLUMBIA,2023,59,34.333333
COLUMBIA,2023,58,34.333333
COLUMBIA,2023,57,
COLUMBIA,2023,56,
COLUMBIA,2023,55,34.333333
COLUMBIA,2023,54,34.333333
COLUMBIA,2023,53,34.333333
COLUMBIA,2023,52,34.333333
COLUMBIA,2023,51,
COLUMBIA,2023,50,
COLUMBIA,2023,49,
COLUMBIA,2023,48,34.333333
COLUMBIA,2023,47,34.333333
COLUMBIA,2023,46,34.333333
COLUMBIA,2023,45,34.500000
COLUMBIA,2023,44,34.500000
COLUMBIA,2023,43,
COLUMBIA,2023,42,
COLUMBIA,2023,41,34.500000
COLUMBIA,2023,40,34.500000
COLUMBIA,2023,39,34.500000
COLUMBIA,2023,38,34.500000
COLUMBIA,2023,37,34.500000
COLUMBIA,2023,36,
COLUMBIA,2023,35,
COLUMBIA,2023,34,46.750000
COLUMBIA,2023,33,46.750000
COLUMBIA,2023,32,46.750000
COLUMBIA,2023,31,46.750000
COLUMBIA,2023,30,49.000000
COLUMBIA,2023,29,
COLUMBIA,2023,28,
COLUMBIA,2023,27,49.000000
COLUMBIA,2023,26,49.000000
COLUMBIA,2023,25,49.833333
COLUMBIA,2023,24,49.833333
COLUMBIA,2023,23,44.750000
COLUMBIA,2023,22,
COLUMBIA,2023,21,
COLUMBIA,2023,20,49.833333
COLUMBIA,2023,19,49.833333
COLUMBIA,2023,18,49.833333
COLUMBIA,2023,17,47.250000
COLUMBIA,2023,16,
COLUMBIA,2023,15,
COLUMBIA,2023,14,
COLUMBIA,2023,13,47.250000
COLUMBIA,2023,12,47.250000
COLUMBIA,2023,11,47.250000
COLUMBIA,2023,10,47.250000
COLUMBIA,2023,9,47.250000
COLUMBIA,2023,8,
COLUMBIA,2023,7,
COLUMBIA,2023,6,47.250000
COLUMBIA,2023,5,47.250000
COLUMBIA,2023,4,47.250000
COLUMBIA,2023,3,47.250000
COLUMBIA,2023,2,
LOS ANGELES,2023,366,
LOS ANGELES,2023,365,
LOS ANGELES,2023,364,
LOS ANGELES,2023,363,22.000000
LOS ANGELES,2023,362,22.000000
LOS ANGELES,2023,361,22.000000
LOS ANGELES,2023,360,22.000000
LOS ANGELES,2023,359,
LOS ANGELES,2023,358,
LOS ANGELES,2023,357,
LOS ANGELES,2023,356,24.000000
LOS ANGELES,2023,355,21.000000
LOS ANGELES,2023,354,21.000000
LOS ANGELES,2023,353,21.000000
LOS ANGELES,2023,352,21.000000
LOS ANGELES,2023,351,
LOS ANGELES,2023,350,
LOS ANGELES,2023,349,21.000000
LOS ANGELES,2023,348,21.000000
LOS ANGELES,2023,347,21.000000
LOS ANGELES,2023,346,21.000000
LOS ANGELES,2023,345,21.000000
LOS ANGELES,2023,344,
LOS ANGELES,2023,343,
LOS ANGELES,2023,342,21.000000
LOS ANGELES,2023,341,21.000000
LOS ANGELES,2023,340,21.000000
LOS ANGELES,2023,339,21.000000
LOS ANGELES,2023,338,31.333333
LOS ANGELES,2023,337,
LOS ANGELES,2023,336,
LOS ANGELES,2023,335,45.375000
LOS ANGELES,2023,334,45.375000
LOS ANGELES,2023,333,45.375000
LOS ANGELES,2023,332,45.375000
LOS ANGELES,2023,331,45.375000
LOS ANGELES,2023,330,
LOS ANGELES,2023,329,
LOS ANGELES,2023,328,45.375000
LOS ANGELES,2023,327,
LOS ANGELES,2023,326,45.375000
LOS ANGELES,2023,325,45.375000
LOS ANGELES,2023,324,45.375000
LOS ANGELES,2023,323,
LOS ANGELES,2023,322,
LOS ANGELES,2023,321,45.625000
LOS ANGELES,2023,320,45.625000
LOS ANGELES,2023,319,45.625000
LOS ANGELES,2023,318,36.500000
LOS ANGELES,2023,317,36.500000
LOS ANGELES,2023,316,
LOS ANGELES,2023,315,
LOS ANGELES,2023,314,
LOS ANGELES,2023,313,36.500000
LOS ANGELES,2023,312,36.500000
LOS ANGELES,2023,311,36.500000
LOS ANGELES,2023,310,36.500000
LOS ANGELES,2023,309,
LOS ANGELES,2023,308,
LOS ANGELES,2023,307,36.500000
LOS ANGELES,2023,306,36.500000
LOS ANGELES,2023,305,36.500000
LOS ANGELES,2023,304,33.500000
LOS ANGELES,2023,303,33.333333
LOS ANGELES,2023,302,
LOS ANGELES,2023,301,
LOS ANGELES,2023,300,31.000000
LOS ANGELES,2023,299,31.000000
LOS ANGELES,2023,298,31.000000
LOS ANGELES,2023,297,31.000000
LOS ANGELES,2023,296,27.500000
LOS ANGELES,2023,295,
LOS ANGELES,2023,294,
LOS ANGELES,2023,293,27.500000
LOS ANGELES,2023,292,27.500000
LOS ANGELES,2023,291,27.500000
LOS ANGELES,2023,290,27.500000
LOS ANGELES,2023,289,27.500000
LOS ANGELES,2023,288,
LOS ANGELES,2023,287,
LOS ANGELES,2023,286,28.166666
LOS ANGELES,2023,285,28.166666
LOS ANGELES,2023,284,28.166666
LOS ANGELES,2023,283,28.166666
LOS ANGELES,2023,282,
LOS ANGELES,2023,281,
LOS ANGELES,2023,280,
LOS ANGELES,2023,279,28.166666
LOS ANGELES,2023,278,28.166666
LOS ANGELES,2023,277,28.166666
LOS ANGELES,2023,276,28.166666
LOS ANGELES,2023,275,27.500000
LOS ANGELES,2023,274,
LOS ANGELES,2023,273,
LOS ANGELES,2023,272,34.000000
LOS ANGELES,2023,271,34.000000
LOS ANGELES,2023,270,34.000000
LOS ANGELES,2023,269,34.000000
LOS ANGELES,2023,268,34.000000
LOS ANGELES,2023,267,
LOS ANGELES,2023,266,
LOS ANGELES,2023,265,34.000000
LOS ANGELES,2023,264,34.000000
LOS ANGELES,2023,263,34.000000
LOS ANGELES,2023,262,34.000000
LOS ANGELES,2023,261,34.000000
LOS ANGELES,2023,260,
LOS ANGELES,2023,259,
LOS ANGELES,2023,258,34.000000
LOS ANGELES,2023,257,34.000000
LOS ANGELES,2023,256,34.000000
LOS ANGELES,2023,255,34.000000
LOS ANGELES,2023,254,34.000000
LOS ANGELES,2023,253,
LOS ANGELES,2023,252,
LOS ANGELES,2023,251,34.000000
LOS ANGELES,2023,250,35.000000
LOS ANGELES,2023,249,35.000000
LOS ANGELES,2023,248,35.000000
LOS ANGELES,2023,247,
LOS ANGELES,2023,246,
LOS ANGELES,2023,245,
LOS ANGELES,2023,244,35.000000
LOS ANGELES,2023,243,35.000000
LOS ANGELES,2023,242,35.000000
LOS ANGELES,2023,241,34.500000
LOS ANGELES,2023,240,34.500000
LOS ANGELES,2023,239,
LOS ANGELES,2023,238,
LOS ANGELES,2023,237,34.500000
LOS ANGELES,2023,236,34.500000
LOS ANGELES,2023,235,34.500000
LOS ANGELES,2023,234,34.500000
LOS ANGELES,2023,233,34.500000
LOS ANGELES,2023,232,
LOS ANGELES,2023,231,
LOS ANGELES,2023,230,34.500000
LOS ANGELES,2023,229,34.500000
LOS ANGELES,2023,228,34.500000
LOS ANGELES,2023,227,34.500000
LOS ANGELES,2023,226,34.500000
LOS ANGELES,2023,225,
LOS ANGELES,2023,224,
LOS ANGELES,2023,223,34.500000
LOS ANGELES,2023,222,34.500000
LOS ANGELES,2023,221,35.500000
LOS ANGELES,2023,220,35.500000
LOS ANGELES,2023,219,35.500000
LOS ANGELES,2023,218,
LOS ANGELES,2023,217,
LOS ANGELES,2023,216,39.375000
LOS ANGELES,2023,215,39.375000
LOS ANGELES,2023,214,39.375000
LOS ANGELES,2023,213,40.625000
LOS ANGELES,2023,212,40.625000
LOS ANGELES,2023,211,
LOS ANGELES,2023,210,
LOS ANGELES,2023,209,40.625000
LOS ANGELES,2023,208,40.625000
LOS ANGELES,2023,207,40.625000
LOS ANGELES,2023,206,40.625000
LOS ANGELES,2023,205,40.625000
LOS ANGELES,2023,204,
LOS ANGELES,2023,203,
LOS ANGELES,2023,202,33.000000
LOS ANGELES,2023,201,35.375000
LOS ANGELES,2023,200,35.375000
LOS ANGELES,2023,199,35.375000
LOS ANGELES,2023,198,35.750000
LOS ANGELES,2023,197,
LOS ANGELES,2023,196,
LOS ANGELES,2023,195,36.800000
LOS ANGELES,2023,194,36.800000
LOS ANGELES,2023,193,36.800000
LOS ANGELES,2023,192,36.800000
LOS ANGELES,2023,191,36.800000
LOS ANGELES,2023,190,
LOS ANGELES,2023,189,
LOS ANGELES,2023,188,36.800000
LOS ANGELES,2023,187,36.800000
LOS ANGELES,2023,186,36.800000
LOS ANGELES,2023,185,
LOS ANGELES,2023,184,37.300000
LOS ANGELES,2023,183,
LOS ANGELES,2023,182,
LOS ANGELES,2023,181,37.300000
LOS ANGELES,2023,180,37.300000
LOS ANGELES,2023,179,37.300000
LOS ANGELES,2023,178,37.300000
LOS ANGELES,2023,177,37.300000
LOS ANGELES,2023,176,
LOS ANGELES,2023,175,
LOS ANGELES,2023,174,37.300000
LOS ANGELES,2023,173,35.750000
LOS ANGELES,2023,172,35.750000
LOS ANGELES,2023,171,35.750000
LOS ANGELES,2023,170,
LOS ANGELES,2023,169,
LOS ANGELES,2023,168,
LOS ANGELES,2023,167,35.750000
LOS ANGELES,2023,166,35.750000
LOS ANGELES,2023,165,35.750000
LOS ANGELES,2023,164,35.750000
LOS ANGELES,2023,163,31.375000
LOS ANGELES,2023,162,
LOS ANGELES,2023,161,
LOS ANGELES,2023,160,29.666666
LOS ANGELES,2023,159,29.666666
LOS ANGELES,2023,158,29.666666
LOS ANGELES,2023,157,28.900000
LOS ANGELES,2023,156,28.900000
LOS ANGELES,2023,155,
LOS ANGELES,2023,154,
LOS ANGELES,2023,153,28.900000
LOS ANGELES,2023,152,28.900000
LOS ANGELES,2023,151,28.900000
LOS ANGELES,2023,150,28.900000
LOS ANGELES,2023,149,
LOS ANGELES,2023,148,
LOS ANGELES,2023,147,
LOS ANGELES,2023,146,28.900000
LOS ANGELES,2023,145,28.900000
LOS ANGELES,2023,144,27.125000
LOS ANGELES,2023,143,27.125000
LOS ANGELES,2023,142,27.125000
LOS ANGELES,2023,141,
LOS ANGELES,2023,140,
LOS ANGELES,2023,139,27.125000
LOS ANGELES,2023,138,25.500000
LOS ANGELES,2023,137,24.250000
LOS ANGELES,2023,136,24.250000
LOS ANGELES,2023,135,24.250000
LOS ANGELES,2023,134,
LOS ANGELES,2023,133,
LOS ANGELES,2023,132,24.250000
LOS ANGELES,2023,131,24.250000
LOS ANGELES,2023,130,24.250000
LOS ANGELES,2023,129,24.250000
LOS ANGELES,2023,128,25.500000
LOS ANGELES,2023,127,
LOS ANGELES,2023,126,
LOS ANGELES,2023,125,27.250000
LOS ANGELES,2023,124,27.250000
LOS ANGELES,2023,123,27.250000
LOS ANGELES,2023,122,27.250000
LOS ANGELES,2023,121,27.250000
LOS ANGELES,2023,120,
LOS ANGELES,2023,119,
LOS ANGELES,2023,118,27.250000
LOS ANGELES,2023,117,27.875000
LOS ANGELES,2023,116,27.500000
LOS ANGELES,2023,115,27.500000
LOS ANGELES,2023,114,27.500000
LOS ANGELES,2023,113,
LOS ANGELES,2023,112,
LOS ANGELES,2023,111,28.166666
LOS ANGELES,2023,110,28.166666
LOS ANGELES,2023,109,28.166666
LOS ANGELES,2023,108,28.166666
LOS ANGELES,2023,107,28.166666
LOS ANGELES,2023,106,
LOS ANGELES,2023,105,
LOS ANGELES,2023,104,28.166666
LOS ANGELES,2023,103,28.166666
LOS ANGELES,2023,102,28.166666
LOS ANGELES,2023,101,28.166666
LOS ANGELES,2023,100,28.166666
LOS ANGELES,2023,99,
LOS ANGELES,2023,98,
LOS ANGELES,2023,97,27.833333
LOS ANGELES,2023,96,27.833333
LOS ANGELES,2023,95,27.833333
LOS ANGELES,2023,94,27.833333
LOS ANGELES,2023,93,27.833333
LOS ANGELES,2023,92,
LOS ANGELES,2023,91,
LOS ANGELES,2023,90,27.833333
LOS ANGELES,2023,89,27.833333
LOS ANGELES,2023,88,29.166666
LOS ANGELES,2023,87,29.166666
LOS ANGELES,2023,86,29.166666
LOS ANGELES,2023,85,
LOS ANGELES,2023,84,
LOS ANGELES,2023,83,29.166666
LOS ANGELES,2023,82,29.166666
LOS ANGELES,2023,81,29.166666
LOS ANGELES,2023,80,29.166666
LOS ANGELES,2023,79,29.833333
LOS ANGELES,2023,78,
LOS ANGELES,2023,77,
LOS ANGELES,2023,76,29.833333
LOS ANGELES,2023,75,29.833333
LOS ANGELES,2023,74,29.833333
LOS ANGELES,2023,73,29.833333
LOS ANGELES,2023,72,29.833333
LOS ANGELES,2023,71,
LOS ANGELES,2023,70,
LOS ANGELES,2023,69,29.833333
LOS ANGELES,2023,68,29.833333
LOS ANGELES,2023,67,29.833333
LOS ANGELES,2023,66,29.833333
LOS ANGELES,2023,65,30.000000
LOS ANGELES,2023,64,
LOS ANGELES,2023,63,
LOS ANGELES,2023,62,33.000000
LOS ANGELES,2023,61,33.000000
LOS ANGELES,2023,60,33.000000
LOS ANGELES,2023,59,33.000000
LOS ANGELES,2023,58,34.500000
LOS ANGELES,2023,57,
LOS ANGELES,2023,56,
LOS ANGELES,2023,55,34.333333
LOS ANGELES,2023,54,34.333333
LOS ANGELES,2023,53,34.333333
LOS ANGELES,2023,52,34.333333
LOS ANGELES,2023,51,
LOS ANGELES,2023,50,
LOS ANGELES,2023,49,
LOS ANGELES,2023,48,34.666666
LOS ANGELES,2023,47,34.666666
LOS ANGELES,2023,46,34.666666
LOS ANGELES,2023,45,34.666666
LOS ANGELES,2023,44,34.666666
LOS ANGELES,2023,43,
LOS ANGELES,2023,42,
LOS ANGELES,2023,41,34.666666
LOS ANGELES,2023,40,34.666666
LOS ANGELES,2023,39,34.666666
LOS ANGELES,2023,38,34.666666
LOS ANGELES,2023,37,34.666666
LOS ANGELES,2023,36,
LOS ANGELES,2023,35,
LOS ANGELES,2023,34,33.000000
LOS ANGELES,2023,33,33.000000
LOS ANGELES,2023,32,33.000000
LOS ANGELES,2023,31,33.000000
LOS ANGELES,2023,30,40.166666
LOS ANGELES,2023,29,
LOS ANGELES,2023,28,
LOS ANGELES,2023,27,40.166666
LOS ANGELES,2023,26,42.666666
LOS ANGELES,2023,25,42.666666
LOS ANGELES,2023,24,42.000000
LOS ANGELES,2023,23,42.500000
LOS ANGELES,2023,22,
LOS ANGELES,2023,21,
LOS ANGELES,2023,20,42.500000
LOS ANGELES,2023,19,42.500000
LOS ANGELES,2023,18,41.250000
LOS ANGELES,2023,17,40.500000
LOS ANGELES,2023,16,
LOS ANGELES,2023,15,
LOS ANGELES,2023,14,
LOS ANGELES,2023,13,40.500000
LOS ANGELES,2023,12,40.500000
LOS ANGELES,2023,11,40.750000
LOS ANGELES,2023,10,42.250000
LOS ANGELES,2023,9,42.250000
LOS ANGELES,2023,8,
LOS ANGELES,2023,7,
LOS ANGELES,2023,6,42.250000
LOS ANGELES,2023,5,42.250000
LOS ANGELES,2023,4,44.750000
LOS ANGELES,2023,3,44.750000
LOS ANGELES,2023,2,
MIAMI,2023,366,
MIAMI,2023,365,
MIAMI,2023,364,
MIAMI,2023,363,33.000000
MIAMI,2023,362,33.000000
MIAMI,2023,361,33.000000
MIAMI,2023,360,33.000000
MIAMI,2023,359,
MIAMI,2023,358,
MIAMI,2023,357,
MIAMI,2023,356,33.000000
MIAMI,2023,355,33.000000
MIAMI,2023,354,33.000000
MIAMI,2023,353,33.000000
MIAMI,2023,352,33.000000
MIAMI,2023,351,
MIAMI,2023,350,
MIAMI,2023,349,35.000000
MIAMI,2023,348,35.000000
MIAMI,2023,347,35.000000
MIAMI,2023,346,35.000000
MIAMI,2023,345,35.000000
MIAMI,2023,344,
MIAMI,2023,343,
MIAMI,2023,342,35.000000
MIAMI,2023,341,35.000000
MIAMI,2023,340,35.000000
MIAMI,2023,339,35.000000
MIAMI,2023,338,35.000000
MIAMI,2023,337,
MIAMI,2023,336,
MIAMI,2023,335,35.000000
MIAMI,2023,334,35.000000
MIAMI,2023,333,35.000000
MIAMI,2023,332,35.000000
MIAMI,2023,331,35.000000
MIAMI,2023,330,
MIAMI,2023,329,
MIAMI,2023,328,35.000000
MIAMI,2023,327,
MIAMI,2023,326,35.000000
MIAMI,2023,325,35.000000
MIAMI,2023,324,35.000000
MIAMI,2023,323,
MIAMI,2023,322,
MIAMI,2023,321,35.000000
MIAMI,2023,320,35.000000
MIAMI,2023,319,35.000000
MIAMI,2023,318,35.000000
MIAMI,2023,317,35.000000
MIAMI,2023,316,
MIAMI,2023,315,
MIAMI,2023,314,
MIAMI,2023,313,35.000000
MIAMI,2023,312,35.000000
MIAMI,2023,311,35.000000
MIAMI,2023,310,35.000000
MIAMI,2023,309,
MIAMI,2023,308,
MIAMI,2023,307,35.000000
MIAMI,2023,306,35.000000
MIAMI,2023,305,35.000000
MIAMI,2023,304,35.000000
MIAMI,2023,303,35.000000
MIAMI,2023,302,
MIAMI,2023,301,
MIAMI,2023,300,35.000000
MIAMI,2023,299,35.000000
MIAMI,2023,298,35.000000
MIAMI,2023,297,35.000000
MIAMI,2023,296,35.000000
MIAMI,2023,295,
MIAMI,2023,294,
MIAMI,2023,293,35.000000
MIAMI,2023,292,35.000000
MIAMI,2023,291,35.000000
MIAMI,2023,290,35.000000
MIAMI,2023,289,35.000000
MIAMI,2023,288,
MIAMI,2023,287,
MIAMI,2023,286,35.000000
MIAMI,2023,285,35.000000
MIAMI,2023,284,35.000000
MIAMI,2023,283,35.000000
MIAMI,2023,282,
MIAMI,2023,281,
MIAMI,2023,280,
MIAMI,2023,279,35.000000
MIAMI,2023,278,35.000000
MIAMI,2023,277,28.500000
MIAMI,2023,276,28.500000
MIAMI,2023,275,28.500000
MIAMI,2023,274,
MIAMI,2023,273,
MIAMI,2023,272,28.500000
MIAMI,2023,271,28.500000
MIAMI,2023,270,28.500000
MIAMI,2023,269,28.500000
MIAMI,2023,268,28.500000
MIAMI,2023,267,
MIAMI,2023,266,
MIAMI,2023,265,28.500000
MIAMI,2023,264,28.500000
MIAMI,2023,263,28.500000
MIAMI,2023,262,28.500000
MIAMI,2023,261,28.500000
MIAMI,2023,260,
MIAMI,2023,259,
MIAMI,2023,258,28.500000
MIAMI,2023,257,28.500000
MIAMI,2023,256,28.500000
MIAMI,2023,255,28.500000
MIAMI,2023,254,28.500000
MIAMI,2023,253,
MIAMI,2023,252,
MIAMI,2023,251,28.500000
MIAMI,2023,250,28.500000
MIAMI,2023,249,28.500000
MIAMI,2023,248,28.500000
MIAMI,2023,247,
MIAMI,2023,246,
MIAMI,2023,245,
MIAMI,2023,244,28.500000
MIAMI,2023,243,28.500000
MIAMI,2023,242,28.500000
MIAMI,2023,241,28.500000
MIAMI,2023,240,28.500000
MIAMI,2023,239,
MIAMI,2023,238,
MIAMI,2023,237,28.500000
MIAMI,2023,236,28.500000
MIAMI,2023,235,28.500000
MIAMI,2023,234,28.500000
MIAMI,2023,233,28.500000
MIAMI,2023,232,
MIAMI,2023,231,
MIAMI,2023,230,28.500000
MIAMI,2023,229,28.500000
MIAMI,2023,228,28.500000
MIAMI,2023,227,28.500000
MIAMI,2023,226,28.500000
MIAMI,2023,225,
MIAMI,2023,224,
MIAMI,2023,223,28.500000
MIAMI,2023,222,28.500000
MIAMI,2023,221,28.500000
MIAMI,2023,220,28.500000
MIAMI,2023,219,28.500000
MIAMI,2023,218,
MIAMI,2023,217,
MIAMI,2023,216,28.500000
MIAMI,2023,215,28.500000
MIAMI,2023,214,28.500000
MIAMI,2023,213,28.500000
MIAMI,2023,212,28.500000
MIAMI,2023,211,
MIAMI,2023,210,
MIAMI,2023,209,28.500000
MIAMI,2023,208,28.500000
MIAMI,2023,207,28.500000
MIAMI,2023,206,28.500000
MIAMI,2023,205,28.500000
MIAMI,2023,204,
MIAMI,2023,203,
MIAMI,2023,202,28.500000
MIAMI,2023,201,28.500000
MIAMI,2023,200,28.500000
MIAMI,2023,199,28.500000
MIAMI,2023,198,28.500000
MIAMI,2023,197,
MIAMI,2023,196,
MIAMI,2023,195,28.500000
MIAMI,2023,194,28.500000
MIAMI,2023,193,28.500000
MIAMI,2023,192,28.500000
MIAMI,2023,191,28.500000
MIAMI,2023,190,
MIAMI,2023,189,
MIAMI,2023,188,28.500000
MIAMI,2023,187,28.500000
MIAMI,2023,186,28.500000
MIAMI,2023,185,
MIAMI,2023,184,28.500000
MIAMI,2023,183,
MIAMI,2023,182,
MIAMI,2023,181,28.500000
MIAMI,2023,180,28.500000
MIAMI,2023,179,28.500000
MIAMI,2023,178,28.500000
MIAMI,2023,177,28.500000
MIAMI,2023,176,
MIAMI,2023,175,
MIAMI,2023,174,28.500000
MIAMI,2023,173,28.500000
MIAMI,2023,172,28.500000
MIAMI,2023,171,28.500000
MIAMI,2023,170,
MIAMI,2023,169,
MIAMI,2023,168,
MIAMI,2023,167,28.500000
MIAMI,2023,166,28.500000
MIAMI,2023,165,28.500000
MIAMI,2023,164,28.500000
MIAMI,2023,163,28.500000
MIAMI,2023,162,
MIAMI,2023,161,
MIAMI,2023,160,29.000000
MIAMI,2023,159,29.000000
MIAMI,2023,158,29.000000
MIAMI,2023,157,29.000000
MIAMI,2023,156,29.000000
MIAMI,2023,155,
MIAMI,2023,154,
MIAMI,2023,153,29.000000
MIAMI,2023,152,29.000000
MIAMI,2023,151,29.000000
MIAMI,2023,150,29.000000
MIAMI,2023,149,
MIAMI,2023,148,
MIAMI,2023,147,
MIAMI,2023,146,29.000000
MIAMI,2023,145,29.000000
MIAMI,2023,144,29.000000
MIAMI,2023,143,29.000000
MIAMI,2023,142,29.000000
MIAMI,2023,141,
MIAMI,2023,140,
MIAMI,2023,139,29.000000
MIAMI,2023,138,29.000000
MIAMI,2023,137,29.000000
MIAMI,2023,136,29.000000
MIAMI,2023,135,29.000000
MIAMI,2023,134,
MIAMI,2023,133,
MIAMI,2023,132,29.000000
MIAMI,2023,131,29.000000
MIAMI,2023,130,29.000000
MIAMI,2023,129,29.000000
MIAMI,2023,128,29.000000
MIAMI,2023,127,
MIAMI,2023,126,
MIAMI,2023,125,29.000000
MIAMI,2023,124,29.000000
MIAMI,2023,123,29.000000
MIAMI,2023,122,29.000000
MIAMI,2023,121,29.000000
MIAMI,2023,120,
MIAMI,2023,119,
MIAMI,2023,118,29.000000
MIAMI,2023,117,29.000000
MIAMI,2023,116,29.000000
MIAMI,2023,115,29.000000
MIAMI,2023,114,29.000000
MIAMI,2023,113,
MIAMI,2023,112,
MIAMI,2023,111,29.000000
MIAMI,2023,110,29.000000
MIAMI,2023,109,29.000000
MIAMI,2023,108,29.000000
MIAMI,2023,107,29.000000
MIAMI,2023,106,
MIAMI,2023,105,
MIAMI,2023,104,30.000000
MIAMI,2023,103,30.000000
MIAMI,2023,102,30.000000
MIAMI,2023,101,30.000000
MIAMI,2023,100,30.000000
MIAMI,2023,99,
MIAMI,2023,98,
MIAMI,2023,97,30.000000
MIAMI,2023,96,30.000000
MIAMI,2023,95,30.000000
MIAMI,2023,94,30.000000
MIAMI,2023,93,30.000000
MIAMI,2023,92,
MIAMI,2023,91,
MIAMI,2023,90,30.000000
MIAMI,2023,89,30.000000
MIAMI,2023,88,30.000000
MIAMI,2023,87,30.000000
MIAMI,2023,86,30.000000
MIAMI,2023,85,
MIAMI,2023,84,
MIAMI,2023,83,30.000000
MIAMI,2023,82,30.000000
MIAMI,2023,81,30.000000
MIAMI,2023,80,30.000000
MIAMI,2023,79,30.000000
MIAMI,2023,78,
MIAMI,2023,77,
MIAMI,2023,76,30.000000
MIAMI,2023,75,30.000000
MIAMI,2023,74,30.000000
MIAMI,2023,73,30.000000
MIAMI,2023,72,30.000000
MIAMI,2023,71,
MIAMI,2023,70,
MIAMI,2023,69,30.000000
MIAMI,2023,68,30.000000
MIAMI,2023,67,30.000000
MIAMI,2023,66,30.000000
MIAMI,2023,65,30.000000
MIAMI,2023,64,
MIAMI,2023,63,
MIAMI,2023,62,30.000000
MIAMI,2023,61,30.000000
MIAMI,2023,60,30.000000
MIAMI,2023,59,30.000000
MIAMI,2023,58,30.000000
MIAMI,2023,57,
MIAMI,2023,56,
MIAMI,2023,55,30.000000
MIAMI,2023,54,30.000000
MIAMI,2023,53,30.000000
MIAMI,2023,52,30.000000
MIAMI,2023,51,
MIAMI,2023,50,
MIAMI,2023,49,
MIAMI,2023,48,42.000000
MIAMI,2023,47,42.000000
MIAMI,2023,46,42.000000
MIAMI,2023,45,42.000000
MIAMI,2023,44,42.000000
MIAMI,2023,43,
MIAMI,2023,42,
MIAMI,2023,41,42.000000
MIAMI,2023,40,42.000000
MIAMI,2023,39,42.000000
MIAMI,2023,38,42.000000
MIAMI,2023,37,42.000000
MIAMI,2023,36,
MIAMI,2023,35,
MIAMI,2023,34,42.000000
MIAMI,2023,33,42.000000
MIAMI,2023,32,42.000000
MIAMI,2023,31,42.000000
MIAMI,2023,30,42.000000
MIAMI,2023,29,
MIAMI,2023,28,
MIAMI,2023,27,42.000000
MIAMI,2023,26,42.000000
MIAMI,2023,25,42.000000
MIAMI,2023,24,25.000000
MIAMI,2023,23,25.000000
MIAMI,2023,22,
MIAMI,2023,21,
MIAMI,2023,20,25.000000
MIAMI,2023,19,25.000000
MIAMI,2023,18,25.000000
MIAMI,2023,17,25.000000
MIAMI,2023,16,
MIAMI,2023,15,
MIAMI,2023,14,
MIAMI,2023,13,25.000000
MIAMI,2023,12,25.000000
MIAMI,2023,11,25.000000
MIAMI,2023,10,25.000000
MIAMI,2023,9,25.000000
MIAMI,2023,8,
MIAMI,2023,7,
MIAMI,2023,6,25.000000
MIAMI,2023,5,25.000000
MIAMI,2023,4,25.000000
MIAMI,2023,3,25.000000
MIAMI,2023,2,
NEW YORK,2023,366,
NEW YORK,2023,365,
NEW YORK,2023,364,
NEW YORK,2023,363,29.000000
NEW YORK,2023,362,23.500000
NEW YORK,2023,361,18.000000
NEW YORK,2023,360,
NEW YORK,2023,359,
NEW YORK,2023,358,
NEW YORK,2023,357,
NEW YORK,2023,356,30.666666
NEW YORK,2023,355,30.666666
NEW YORK,2023,354,31.333333
NEW YORK,2023,353,31.333333
NEW YORK,2023,352,24.500000
NEW YORK,2023,351,
NEW YORK,2023,350,
NEW YORK,2023,349,24.500000
NEW YORK,2023,348,24.500000
NEW YORK,2023,347,30.500000
NEW YORK,2023,346,30.500000
NEW YORK,2023,345,30.500000
NEW YORK,2023,344,
NEW YORK,2023,343,
NEW YORK,2023,342,31.000000
NEW YORK,2023,341,31.000000
NEW YORK,2023,340,31.000000
NEW YORK,2023,339,31.000000
NEW YORK,2023,338,31.500000
NEW YORK,2023,337,
NEW YORK,2023,336,
NEW YORK,2023,335,31.500000
NEW YORK,2023,334,31.500000
NEW YORK,2023,333,31.500000
NEW YORK,2023,332,31.500000
NEW YORK,2023,331,31.500000
NEW YORK,2023,330,
NEW YORK,2023,329,
NEW YORK,2023,328,
NEW YORK,2023,327,
NEW YORK,2023,326,44.000000
NEW YORK,2023,325,44.000000
NEW YORK,2023,324,44.000000
NEW YORK,2023,323,
NEW YORK,2023,322,
NEW YORK,2023,321,30.000000
NEW YORK,2023,320,30.000000
NEW YORK,2023,319,30.000000
NEW YORK,2023,318,30.000000
NEW YORK,2023,317,30.000000
NEW YORK,2023,316,
NEW YORK,2023,315,
NEW YORK,2023,314,
NEW YORK,2023,313,30.000000
NEW YORK,2023,312,30.000000
NEW YORK,2023,311,30.000000
NEW YORK,2023,310,30.000000
NEW YORK,2023,309,
NEW YORK,2023,308,
NEW YORK,2023,307,30.000000
NEW YORK,2023,306,30.000000
NEW YORK,2023,305,30.000000
NEW YORK,2023,304,30.000000
NEW YORK,2023,303,30.000000
NEW YORK,2023,302,
NEW YORK,2023,301,
NEW YORK,2023,300,27.666666
NEW YORK,2023,299,27.666666
NEW YORK,2023,298,27.666666
NEW YORK,2023,297,26.666666
NEW YORK,2023,296,27.000000
NEW YORK,2023,295,
NEW YORK,2023,294,
NEW YORK,2023,293,25.333333
NEW YORK,2023,292,25.333333
NEW YORK,2023,291,25.333333
NEW YORK,2023,290,25.000000
NEW YORK,2023,289,25.000000
NEW YORK,2023,288,
NEW YORK,2023,287,
NEW YORK,2023,286,25.000000
NEW YORK,2023,285,25.666666
NEW YORK,2023,284,25.666666
NEW YORK,2023,283,28.500000
NEW YORK,2023,282,
NEW YORK,2023,281,
NEW YORK,2023,280,
NEW YORK,2023,279,27.000000
NEW YORK,2023,278,25.750000
NEW YORK,2023,277,25.750000
NEW YORK,2023,276,26.500000
NEW YORK,2023,275,23.000000
NEW YORK,2023,274,
NEW YORK,2023,273,
NEW YORK,2023,272,26.333333
NEW YORK,2023,271,26.333333
NEW YORK,2023,270,26.333333
NEW YORK,2023,269,27.000000
NEW YORK,2023,268,27.666666
NEW YORK,2023,267,
NEW YORK,2023,266,
NEW YORK,2023,265,26.333333
NEW YORK,2023,264,26.333333
NEW YORK,2023,263,26.333333
NEW YORK,2023,262,21.000000
NEW YORK,2023,261,27.000000
NEW YORK,2023,260,
NEW YORK,2023,259,
NEW YORK,2023,258,27.000000
NEW YORK,2023,257,27.000000
NEW YORK,2023,256,27.000000
NEW YORK,2023,255,27.000000
NEW YORK,2023,254,21.000000
NEW YORK,2023,253,
NEW YORK,2023,252,
NEW YORK,2023,251,27.666666
NEW YORK,2023,250,27.666666
NEW YORK,2023,249,21.000000
NEW YORK,2023,248,21.000000
NEW YORK,2023,247,
NEW YORK,2023,246,
NEW YORK,2023,245,
NEW YORK,2023,244,28.666666
NEW YORK,2023,243,28.666666
NEW YORK,2023,242,28.666666
NEW YORK,2023,241,27.333333
NEW YORK,2023,240,20.000000
NEW YORK,2023,239,
NEW YORK,2023,238,
NEW YORK,2023,237,29.166666
NEW YORK,2023,236,29.166666
NEW YORK,2023,235,29.166666
NEW YORK,2023,234,27.333333
NEW YORK,2023,233,26.666666
NEW YORK,2023,232,
NEW YORK,2023,231,
NEW YORK,2023,230,25.500000
NEW YORK,2023,229,25.500000
NEW YORK,2023,228,28.333333
NEW YORK,2023,227,28.333333
NEW YORK,2023,226,29.166666
NEW YORK,2023,225,
NEW YORK,2023,224,
NEW YORK,2023,223,29.166666
NEW YORK,2023,222,29.166666
NEW YORK,2023,221,29.166666
NEW YORK,2023,220,20.500000
NEW YORK,2023,219,20.500000
NEW YORK,2023,218,
NEW YORK,2023,217,
NEW YORK,2023,216,15.500000
NEW YORK,2023,215,15.500000
NEW YORK,2023,214,15.500000
NEW YORK,2023,213,15.250000
NEW YORK,2023,212,18.500000
NEW YORK,2023,211,
NEW YORK,2023,210,
NEW YORK,2023,209,19.000000
NEW YORK,2023,208,19.000000
NEW YORK,2023,207,19.000000
NEW YORK,2023,206,19.000000
NEW YORK,2023,205,19.000000
NEW YORK,2023,204,
NEW YORK,2023,203,
NEW YORK,2023,202,22.000000
NEW YORK,2023,201,22.000000
NEW YORK,2023,200,22.000000
NEW YORK,2023,199,35.500000
NEW YORK,2023,198,35.500000
NEW YORK,2023,197,
NEW YORK,2023,196,
NEW YORK,2023,195,35.500000
NEW YORK,2023,194,35.500000
NEW YORK,2023,193,35.500000
NEW YORK,2023,192,35.500000
NEW YORK,2023,191,22.000000
NEW YORK,2023,190,
NEW YORK,2023,189,
NEW YORK,2023,188,36.000000
NEW YORK,2023,187,36.000000
NEW YORK,2023,186,18.000000
NEW YORK,2023,185,
NEW YORK,2023,184,18.000000
NEW YORK,2023,183,
NEW YORK,2023,182,
NEW YORK,2023,181,20.000000
NEW YORK,2023,180,29.000000
NEW YORK,2023,179,29.000000
NEW YORK,2023,178,29.000000
NEW YORK,2023,177,20.000000
NEW YORK,2023,176,
NEW YORK,2023,175,
NEW YORK,2023,174,20.000000
NEW YORK,2023,173,20.000000
NEW YORK,2023,172,20.000000
NEW YORK,2023,171,20.000000
NEW YORK,2023,170,
NEW YORK,2023,169,
NEW YORK,2023,168,
NEW YORK,2023,167,27.500000
NEW YORK,2023,166,27.500000
NEW YORK,2023,165,39.000000
NEW YORK,2023,164,29.500000
NEW YORK,2023,163,29.500000
NEW YORK,2023,162,
NEW YORK,2023,161,
NEW YORK,2023,160,29.500000
NEW YORK,2023,159,29.500000
NEW YORK,2023,158,29.500000
NEW YORK,2023,157,29.500000
NEW YORK,2023,156,20.000000
NEW YORK,2023,155,
NEW YORK,2023,154,
NEW YORK,2023,153,29.500000
NEW YORK,2023,152,29.500000
NEW YORK,2023,151,27.500000
NEW YORK,2023,150,27.500000
NEW YORK,2023,149,
NEW YORK,2023,148,
NEW YORK,2023,147,
NEW YORK,2023,146,27.750000
NEW YORK,2023,145,27.750000
NEW YORK,2023,144,27.750000
NEW YORK,2023,143,24.500000
NEW YORK,2023,142,24.000000
NEW YORK,2023,141,
NEW YORK,2023,140,
NEW YORK,2023,139,24.000000
NEW YORK,2023,138,24.000000
NEW YORK,2023,137,24.000000
NEW YORK,2023,136,24.000000
NEW YORK,2023,135,24.000000
NEW YORK,2023,134,
NEW YORK,2023,133,
NEW YORK,2023,132,24.000000
NEW YORK,2023,131,24.000000
NEW YORK,2023,130,24.500000
NEW YORK,2023,129,24.500000
NEW YORK,2023,128,24.500000
NEW YORK,2023,127,
NEW YORK,2023,126,
NEW YORK,2023,125,25.500000
NEW YORK,2023,124,25.500000
NEW YORK,2023,123,25.500000
NEW YORK,2023,122,25.500000
NEW YORK,2023,121,25.000000
NEW YORK,2023,120,
NEW YORK,2023,119,
NEW YORK,2023,118,25.000000
NEW YORK,2023,117,25.000000
NEW YORK,2023,116,25.000000
NEW YORK,2023,115,25.000000
NEW YORK,2023,114,32.000000
NEW YORK,2023,113,
NEW YORK,2023,112,
NEW YORK,2023,111,27.000000
NEW YORK,2023,110,27.000000
NEW YORK,2023,109,32.000000
NEW YORK,2023,108,30.000000
NEW YORK,2023,107,34.500000
NEW YORK,2023,106,
NEW YORK,2023,105,
NEW YORK,2023,104,28.250000
NEW YORK,2023,103,28.250000
NEW YORK,2023,102,28.250000
NEW YORK,2023,101,30.000000
NEW YORK,2023,100,
NEW YORK,2023,99,
NEW YORK,2023,98,
NEW YORK,2023,97,30.000000
NEW YORK,2023,96,30.000000
NEW YORK,2023,95,30.000000
NEW YORK,2023,94,30.000000
NEW YORK,2023,93,30.000000
NEW YORK,2023,92,
NEW YORK,2023,91,
NEW YORK,2023,90,30.000000
NEW YORK,2023,89,30.000000
NEW YORK,2023,88,38.000000
NEW YORK,2023,87,38.000000
NEW YORK,2023,86,38.000000
NEW YORK,2023,85,
NEW YORK,2023,84,
NEW YORK,2023,83,30.000000
NEW YORK,2023,82,30.000000
NEW YORK,2023,81,30.500000
NEW YORK,2023,80,30.500000
NEW YORK,2023,79,31.500000
NEW YORK,2023,78,
NEW YORK,2023,77,
NEW YORK,2023,76,31.500000
NEW YORK,2023,75,31.500000
NEW YORK,2023,74,32.000000
NEW YORK,2023,73,32.000000
NEW YORK,2023,72,32.000000
NEW YORK,2023,71,
NEW YORK,2023,70,
NEW YORK,2023,69,34.000000
NEW YORK,2023,68,34.000000
NEW YORK,2023,67,34.000000
NEW YORK,2023,66,34.000000
NEW YORK,2023,65,31.000000
NEW YORK,2023,64,
NEW YORK,2023,63,
NEW YORK,2023,62,37.666666
NEW YORK,2023,61,37.666666
NEW YORK,2023,60,37.666666
NEW YORK,2023,59,36.500000
NEW YORK,2023,58,36.500000
NEW YORK,2023,57,
NEW YORK,2023,56,
NEW YORK,2023,55,38.333333
NEW YORK,2023,54,38.333333
NEW YORK,2023,53,38.333333
NEW YORK,2023,52,24.000000
NEW YORK,2023,51,
NEW YORK,2023,50,
NEW YORK,2023,49,
NEW YORK,2023,48,36.500000
NEW YORK,2023,47,36.500000
NEW YORK,2023,46,36.500000
NEW YORK,2023,45,36.500000
NEW YORK,2023,44,36.500000
NEW YORK,2023,43,
NEW YORK,2023,42,
NEW YORK,2023,41,37.500000
NEW YORK,2023,40,37.500000
NEW YORK,2023,39,37.500000
NEW YORK,2023,38,47.000000
NEW YORK,2023,37,
NEW YORK,2023,36,
NEW YORK,2023,35,
NEW YORK,2023,34,30.000000
NEW YORK,2023,33,
NEW YORK,2023,32,30.000000
NEW YORK,2023,31,
NEW YORK,2023,30,
NEW YORK,2023,29,
NEW YORK,2023,28,
NEW YORK,2023,27,33.500000
NEW YORK,2023,26,33.500000
NEW YORK,2023,25,33.500000
NEW YORK,2023,24,33.500000
NEW YORK,2023,23,33.500000
NEW YORK,2023,22,
NEW YORK,2023,21,
NEW YORK,2023,20,30.000000
NEW YORK,2023,19,30.000000
NEW YORK,2023,18,30.000000
NEW YORK,2023,17,30.000000
NEW YORK,2023,16,
NEW YORK,2023,15,
NEW YORK,2023,14,
NEW YORK,2023,13,30.000000
NEW YORK,2023,12,30.000000
NEW YORK,2023,11,30.000000
NEW YORK,2023,10,30.000000
NEW YORK,2023,9,30.000000
NEW YORK,2023,8,
NEW YORK,2023,7,
NEW YORK,2023,6,32.000000
NEW YORK,2023,5,
NEW YORK,2023,4,
NEW YORK,2023,3,
NEW YORK,2023,2,
PHILADELPHIA,2023,366,
PHILADELPHIA,2023,365,
PHILADELPHIA,2023,364,
PHILADELPHIA,2023,363,22.500000
PHILADELPHIA,2023,362,22.500000
PHILADELPHIA,2023,361,22.500000
PHILADELPHIA,2023,360,22.000000
PHILADELPHIA,2023,359,
PHILADELPHIA,2023,358,
PHILADELPHIA,2023,357,
PHILADELPHIA,2023,356,25.000000
PHILADELPHIA,2023,355,25.000000
PHILADELPHIA,2023,354,25.000000
PHILADELPHIA,2023,353,25.000000
PHILADELPHIA,2023,352,25.000000
PHILADELPHIA,2023,351,
PHILADELPHIA,2023,350,
PHILADELPHIA,2023,349,29.000000
PHILADELPHIA,2023,348,29.000000
PHILADELPHIA,2023,347,30.000000
PHILADELPHIA,2023,346,30.000000
PHILADELPHIA,2023,345,30.000000
PHILADELPHIA,2023,344,
PHILADELPHIA,2023,343,
PHILADELPHIA,2023,342,36.000000
PHILADELPHIA,2023,341,36.000000
PHILADELPHIA,2023,340,36.000000
PHILADELPHIA,2023,339,36.000000
PHILADELPHIA,2023,338,36.000000
PHILADELPHIA,2023,337,
PHILADELPHIA,2023,336,
PHILADELPHIA,2023,335,41.000000
PHILADELPHIA,2023,334,41.000000
PHILADELPHIA,2023,333,41.000000
PHILADELPHIA,2023,332,41.000000
PHILADELPHIA,2023,331,41.000000
PHILADELPHIA,2023,330,
PHILADELPHIA,2023,329,
PHILADELPHIA,2023,328,
PHILADELPHIA,2023,327,
PHILADELPHIA,2023,326,41.000000
PHILADELPHIA,2023,325,41.000000
PHILADELPHIA,2023,324,41.000000
PHILADELPHIA,2023,323,
PHILADELPHIA,2023,322,
PHILADELPHIA,2023,321,41.000000
PHILADELPHIA,2023,320,41.000000
PHILADELPHIA,2023,319,41.000000
PHILADELPHIA,2023,318,41.000000
PHILADELPHIA,2023,317,41.000000
PHILADELPHIA,2023,316,
PHILADELPHIA,2023,315,
PHILADELPHIA,2023,314,
PHILADELPHIA,2023,313,33.000000
PHILADELPHIA,2023,312,33.000000
PHILADELPHIA,2023,311,33.000000
PHILADELPHIA,2023,310,33.000000
PHILADELPHIA,2023,309,
PHILADELPHIA,2023,308,
PHILADELPHIA,2023,307,33.000000
PHILADELPHIA,2023,306,33.000000
PHILADELPHIA,2023,305,33.000000
PHILADELPHIA,2023,304,33.000000
PHILADELPHIA,2023,303,33.000000
PHILADELPHIA,2023,302,
PHILADELPHIA,2023,301,
PHILADELPHIA,2023,300,24.000000
PHILADELPHIA,2023,299,24.000000
PHILADELPHIA,2023,298,33.000000
PHILADELPHIA,2023,297,33.000000
PHILADELPHIA,2023,296,33.000000
PHILADELPHIA,2023,295,
PHILADELPHIA,2023,294,
PHILADELPHIA,2023,293,27.142857
PHILADELPHIA,2023,292,27.142857
PHILADELPHIA,2023,291,32.000000
PHILADELPHIA,2023,290,32.333333
PHILADELPHIA,2023,289,29.666666
PHILADELPHIA,2023,288,
PHILADELPHIA,2023,287,
PHILADELPHIA,2023,286,29.666666
PHILADELPHIA,2023,285,29.000000
PHILADELPHIA,2023,284,27.500000
PHILADELPHIA,2023,283,27.500000
PHILADELPHIA,2023,282,
PHILADELPHIA,2023,281,
PHILADELPHIA,2023,280,
PHILADELPHIA,2023,279,28.750000
PHILADELPHIA,2023,278,28.750000
PHILADELPHIA,2023,277,28.750000
PHILADELPHIA,2023,276,28.750000
PHILADELPHIA,2023,275,28.750000
PHILADELPHIA,2023,274,
PHILADELPHIA,2023,273,
PHILADELPHIA,2023,272,32.000000
PHILADELPHIA,2023,271,32.000000
PHILADELPHIA,2023,270,32.000000
PHILADELPHIA,2023,269,32.000000
PHILADELPHIA,2023,268,31.000000
PHILADELPHIA,2023,267,
PHILADELPHIA,2023,266,
PHILADELPHIA,2023,265,30.500000
PHILADELPHIA,2023,264,30.500000
PHILADELPHIA,2023,263,30.500000
PHILADELPHIA,2023,262,30.500000
PHILADELPHIA,2023,261,30.500000
PHILADELPHIA,2023,260,
PHILADELPHIA,2023,259,
PHILADELPHIA,2023,258,23.333333
PHILADELPHIA,2023,257,23.333333
PHILADELPHIA,2023,256,23.333333
PHILADELPHIA,2023,255,23.333333
PHILADELPHIA,2023,254,23.333333
PHILADELPHIA,2023,253,
PHILADELPHIA,2023,252,
PHILADELPHIA,2023,251,32.500000
PHILADELPHIA,2023,250,32.500000
PHILADELPHIA,2023,249,32.500000
PHILADELPHIA,2023,248,33.000000
PHILADELPHIA,2023,247,
PHILADELPHIA,2023,246,
PHILADELPHIA,2023,245,
PHILADELPHIA,2023,244,24.666666
PHILADELPHIA,2023,243,24.666666
PHILADELPHIA,2023,242,24.666666
PHILADELPHIA,2023,241,24.666666
PHILADELPHIA,2023,240,24.000000
PHILADELPHIA,2023,239,
PHILADELPHIA,2023,238,
PHILADELPHIA,2023,237,38.000000
PHILADELPHIA,2023,236,38.000000
PHILADELPHIA,2023,235,39.000000
PHILADELPHIA,2023,234,39.000000
PHILADELPHIA,2023,233,37.000000
PHILADELPHIA,2023,232,
PHILADELPHIA,2023,231,
PHILADELPHIA,2023,230,37.000000
PHILADELPHIA,2023,229,37.000000
PHILADELPHIA,2023,228,37.000000
PHILADELPHIA,2023,227,37.500000
PHILADELPHIA,2023,226,36.000000
PHILADELPHIA,2023,225,
PHILADELPHIA,2023,224,
PHILADELPHIA,2023,223,36.500000
PHILADELPHIA,2023,222,36.500000
PHILADELPHIA,2023,221,36.500000
PHILADELPHIA,2023,220,36.500000
PHILADELPHIA,2023,219,
PHILADELPHIA,2023,218,
PHILADELPHIA,2023,217,
PHILADELPHIA,2023,216,47.500000
PHILADELPHIA,2023,215,47.500000
PHILADELPHIA,2023,214,47.500000
PHILADELPHIA,2023,213,47.500000
PHILADELPHIA,2023,212,47.500000
PHILADELPHIA,2023,211,
PHILADELPHIA,2023,210,
PHILADELPHIA,2023,209,46.750000
PHILADELPHIA,2023,208,52.000000
PHILADELPHIA,2023,207,52.000000
PHILADELPHIA,2023,206,52.000000
PHILADELPHIA,2023,205,50.500000
PHILADELPHIA,2023,204,
PHILADELPHIA,2023,203,
PHILADELPHIA,2023,202,50.500000
PHILADELPHIA,2023,201,50.500000
PHILADELPHIA,2023,200,50.500000
PHILADELPHIA,2023,199,50.500000
PHILADELPHIA,2023,198,50.500000
PHILADELPHIA,2023,197,
PHILADELPHIA,2023,196,
PHILADELPHIA,2023,195,51.000000
PHILADELPHIA,2023,194,51.000000
PHILADELPHIA,2023,193,51.000000
PHILADELPHIA,2023,192,51.000000
PHILADELPHIA,2023,191,54.000000
PHILADELPHIA,2023,190,
PHILADELPHIA,2023,189,
PHILADELPHIA,2023,188,52.000000
PHILADELPHIA,2023,187,52.000000
PHILADELPHIA,2023,186,52.000000
PHILADELPHIA,2023,185,
PHILADELPHIA,2023,184,48.000000
PHILADELPHIA,2023,183,
PHILADELPHIA,2023,182,
PHILADELPHIA,2023,181,31.000000
PHILADELPHIA,2023,180,31.000000
PHILADELPHIA,2023,179,31.000000
PHILADELPHIA,2023,178,30.000000
PHILADELPHIA,2023,177,30.000000
PHILADELPHIA,2023,176,
PHILADELPHIA,2023,175,
PHILADELPHIA,2023,174,38.000000
PHILADELPHIA,2023,173,38.000000
PHILADELPHIA,2023,172,38.000000
PHILADELPHIA,2023,171,39.000000
PHILADELPHIA,2023,170,
PHILADELPHIA,2023,169,
PHILADELPHIA,2023,168,
PHILADELPHIA,2023,167,28.250000
PHILADELPHIA,2023,166,28.250000
PHILADELPHIA,2023,165,28.250000
PHILADELPHIA,2023,164,28.250000
PHILADELPHIA,2023,163,37.500000
PHILADELPHIA,2023,162,
PHILADELPHIA,2023,161,
PHILADELPHIA,2023,160,30.000000
PHILADELPHIA,2023,159,30.000000
PHILADELPHIA,2023,158,30.000000
PHILADELPHIA,2023,157,36.000000
PHILADELPHIA,2023,156,34.000000
PHILADELPHIA,2023,155,
PHILADELPHIA,2023,154,
PHILADELPHIA,2023,153,30.500000
PHILADELPHIA,2023,152,30.500000
PHILADELPHIA,2023,151,30.500000
PHILADELPHIA,2023,150,29.000000
PHILADELPHIA,2023,149,
PHILADELPHIA,2023,148,
PHILADELPHIA,2023,147,
PHILADELPHIA,2023,146,33.500000
PHILADELPHIA,2023,145,33.500000
PHILADELPHIA,2023,144,33.500000
PHILADELPHIA,2023,143,33.500000
PHILADELPHIA,2023,142,34.000000
PHILADELPHIA,2023,141,
PHILADELPHIA,2023,140,
PHILADELPHIA,2023,139,34.500000
PHILADELPHIA,2023,138,31.500000
PHILADELPHIA,2023,137,31.500000
PHILADELPHIA,2023,136,31.500000
PHILADELPHIA,2023,135,
PHILADELPHIA,2023,134,
PHILADELPHIA,2023,133,
PHILADELPHIA,2023,132,29.000000
PHILADELPHIA,2023,131,29.000000
PHILADELPHIA,2023,130,29.000000
PHILADELPHIA,2023,129,29.000000
PHILADELPHIA,2023,128,30.000000
PHILADELPHIA,2023,127,
PHILADELPHIA,2023,126,
PHILADELPHIA,2023,125,39.250000
PHILADELPHIA,2023,124,39.250000
PHILADELPHIA,2023,123,39.250000
PHILADELPHIA,2023,122,39.250000
PHILADELPHIA,2023,121,39.500000
PHILADELPHIA,2023,120,
PHILADELPHIA,2023,119,
PHILADELPHIA,2023,118,32.000000
PHILADELPHIA,2023,117,32.000000
PHILADELPHIA,2023,116,32.000000
PHILADELPHIA,2023,115,32.000000
PHILADELPHIA,2023,114,31.000000
PHILADELPHIA,2023,113,
PHILADELPHIA,2023,112,
PHILADELPHIA,2023,111,28.500000
PHILADELPHIA,2023,110,28.500000
PHILADELPHIA,2023,109,28.500000
PHILADELPHIA,2023,108,28.500000
PHILADELPHIA,2023,107,28.500000
PHILADELPHIA,2023,106,
PHILADELPHIA,2023,105,
PHILADELPHIA,2023,104,34.000000
PHILADELPHIA,2023,103,34.000000
PHILADELPHIA,2023,102,36.500000
PHILADELPHIA,2023,101,36.500000
PHILADELPHIA,2023,100,
PHILADELPHIA,2023,99,
PHILADELPHIA,2023,98,
PHILADELPHIA,2023,97,36.000000
PHILADELPHIA,2023,96,36.000000
PHILADELPHIA,2023,95,
PHILADELPHIA,2023,94,
PHILADELPHIA,2023,93,
PHILADELPHIA,2023,92,
PHILADELPHIA,2023,91,
PHILADELPHIA,2023,90,39.000000
PHILADELPHIA,2023,89,39.000000
PHILADELPHIA,2023,88,39.000000
PHILADELPHIA,2023,87,39.000000
PHILADELPHIA,2023,86,32.500000
PHILADELPHIA,2023,85,
PHILADELPHIA,2023,84,
PHILADELPHIA,2023,83,34.500000
PHILADELPHIA,2023,82,34.500000
PHILADELPHIA,2023,81,34.500000
PHILADELPHIA,2023,80,34.500000
PHILADELPHIA,2023,79,35.500000
PHILADELPHIA,2023,78,
PHILADELPHIA,2023,77,
PHILADELPHIA,2023,76,36.000000
PHILADELPHIA,2023,75,36.000000
PHILADELPHIA,2023,74,36.000000
PHILADELPHIA,2023,73,35.000000
PHILADELPHIA,2023,72,28.000000
PHILADELPHIA,2023,71,
PHILADELPHIA,2023,70,
PHILADELPHIA,2023,69,35.000000
PHILADELPHIA,2023,68,35.000000
PHILADELPHIA,2023,67,35.000000
PHILADELPHIA,2023,66,35.000000
PHILADELPHIA,2023,65,35.000000
PHILADELPHIA,2023,64,
PHILADELPHIA,2023,63,
PHILADELPHIA,2023,62,44.666666
PHILADELPHIA,2023,61,44.666666
PHILADELPHIA,2023,60,44.666666
PHILADELPHIA,2023,59,44.666666
PHILADELPHIA,2023,58,44.500000
PHILADELPHIA,2023,57,
PHILADELPHIA,2023,56,
PHILADELPHIA,2023,55,38.666666
PHILADELPHIA,2023,54,38.666666
PHILADELPHIA,2023,53,38.000000
PHILADELPHIA,2023,52,30.000000
PHILADELPHIA,2023,51,
PHILADELPHIA,2023,50,
PHILADELPHIA,2023,49,
PHILADELPHIA,2023,48,37.000000
PHILADELPHIA,2023,47,37.000000
PHILADELPHIA,2023,46,37.000000
PHILADELPHIA,2023,45,37.000000
PHILADELPHIA,2023,44,42.000000
PHILADELPHIA,2023,43,
PHILADELPHIA,2023,42,
PHILADELPHIA,2023,41,36.750000
PHILADELPHIA,2023,40,36.750000
PHILADELPHIA,2023,39,37.500000
PHILADELPHIA,2023,38,37.500000
PHILADELPHIA,2023,37,41.000000
PHILADELPHIA,2023,36,
PHILADELPHIA,2023,35,
PHILADELPHIA,2023,34,41.000000
PHILADELPHIA,2023,33,41.000000
PHILADELPHIA,2023,32,41.000000
PHILADELPHIA,2023,31,41.000000
PHILADELPHIA,2023,30,52.000000
PHILADELPHIA,2023,29,
PHILADELPHIA,2023,28,
PHILADELPHIA,2023,27,52.500000
PHILADELPHIA,2023,26,53.000000
PHILADELPHIA,2023,25,53.000000
PHILADELPHIA,2023,24,53.000000
PHILADELPHIA,2023,23,
PHILADELPHIA,2023,22,
PHILADELPHIA,2023,21,
PHILADELPHIA,2023,20,51.000000
PHILADELPHIA,2023,19,51.000000
PHILADELPHIA,2023,18,51.000000
PHILADELPHIA,2023,17,50.000000
PHILADELPHIA,2023,16,
PHILADELPHIA,2023,15,
PHILADELPHIA,2023,14,
PHILADELPHIA,2023,13,55.666666
PHILADELPHIA,2023,12,55.666666
PHILADELPHIA,2023,11,53.500000
PHILADELPHIA,2023,10,45.000000
PHILADELPHIA,2023,9,45.000000
PHILADELPHIA,2023,8,
PHILADELPHIA,2023,7,
PHILADELPHIA,2023,6,43.500000
PHILADELPHIA,2023,5,43.500000
PHILADELPHIA,2023,4,43.500000
PHILADELPHIA,2023,3,42.000000
PHILADELPHIA,2023,2,
BALTIMORE,2022,366,
BALTIMORE,2022,365,
BALTIMORE,2022,364,65.000000
BALTIMORE,2022,363,65.000000
BALTIMORE,2022,362,65.000000
BALTIMORE,2022,361,65.000000
BALTIMORE,2022,360,
BALTIMORE,2022,359,
BALTIMORE,2022,358,
BALTIMORE,2022,357,65.000000
BALTIMORE,2022,356,65.000000
BALTIMORE,2022,355,65.000000
BALTIMORE,2022,354,65.000000
BALTIMORE,2022,353,65.000000
BALTIMORE,2022,352,
BALTIMORE,2022,351,
BALTIMORE,2022,350,65.000000
BALTIMORE,2022,349,65.000000
BALTIMORE,2022,348,65.000000
BALTIMORE,2022,347,47.500000
BALTIMORE,2022,346,47.500000
BALTIMORE,2022,345,
BALTIMORE,2022,344,
BALTIMORE,2022,343,47.500000
BALTIMORE,2022,342,47.500000
BALTIMORE,2022,341,47.500000
BALTIMORE,2022,340,47.500000
BALTIMORE,2022,339,47.500000
BALTIMORE,2022,338,
BALTIMORE,2022,337,
BALTIMORE,2022,336,52.500000
BALTIMORE,2022,335,52.500000
BALTIMORE,2022,334,52.500000
BALTIMORE,2022,333,52.500000
BALTIMORE,2022,332,52.500000
BALTIMORE,2022,331,
BALTIMORE,2022,330,
BALTIMORE,2022,329,51.000000
BALTIMORE,2022,328,
BALTIMORE,2022,327,48.000000
BALTIMORE,2022,326,48.000000
BALTIMORE,2022,325,48.000000
BALTIMORE,2022,324,
BALTIMORE,2022,323,
BALTIMORE,2022,322,39.500000
BALTIMORE,2022,321,35.250000
BALTIMORE,2022,320,35.250000
BALTIMORE,2022,319,35.250000
BALTIMORE,2022,318,35.250000
BALTIMORE,2022,317,
BALTIMORE,2022,316,
BALTIMORE,2022,315,
BALTIMORE,2022,314,35.250000
BALTIMORE,2022,313,35.250000
BALTIMORE,2022,312,35.250000
BALTIMORE,2022,311,35.250000
BALTIMORE,2022,310,
BALTIMORE,2022,309,
BALTIMORE,2022,308,34.500000
BALTIMORE,2022,307,34.000000
BALTIMORE,2022,306,32.250000
BALTIMORE,2022,305,32.250000
BALTIMORE,2022,304,27.500000
BALTIMORE,2022,303,
BALTIMORE,2022,302,
BALTIMORE,2022,301,26.500000
BALTIMORE,2022,300,26.500000
BALTIMORE,2022,299,26.500000
BALTIMORE,2022,298,26.500000
BALTIMORE,2022,297,26.500000
BALTIMORE,2022,296,
BALTIMORE,2022,295,
BALTIMORE,2022,294,26.500000
BALTIMORE,2022,293,26.500000
BALTIMORE,2022,292,29.000000
BALTIMORE,2022,291,29.000000
BALTIMORE,2022,290,29.000000
BALTIMORE,2022,289,
BALTIMORE,2022,288,
BALTIMORE,2022,287,30.500000
BALTIMORE,2022,286,30.500000
BALTIMORE,2022,285,31.000000
BALTIMORE,2022,284,31.000000
BALTIMORE,2022,283,
BALTIMORE,2022,282,
BALTIMORE,2022,281,
BALTIMORE,2022,280,31.000000
BALTIMORE,2022,279,31.000000
BALTIMORE,2022,278,31.000000
BALTIMORE,2022,277,31.000000
BALTIMORE,2022,276,31.000000
BALTIMORE,2022,275,
BALTIMORE,2022,274,
BALTIMORE,2022,273,31.000000
BALTIMORE,2022,272,30.000000
BALTIMORE,2022,271,30.000000
BALTIMORE,2022,270,30.000000
BALTIMORE,2022,269,30.000000
BALTIMORE,2022,268,
BALTIMORE,2022,267,
BALTIMORE,2022,266,30.000000
BALTIMORE,2022,265,30.000000
BALTIMORE,2022,264,30.000000
BALTIMORE,2022,263,30.000000
BALTIMORE,2022,262,30.000000
BALTIMORE,2022,261,
BALTIMORE,2022,260,
BALTIMORE,2022,259,34.500000
BALTIMORE,2022,258,34.500000
BALTIMORE,2022,257,34.500000
BALTIMORE,2022,256,34.500000
BALTIMORE,2022,255,34.500000
BALTIMORE,2022,254,
BALTIMORE,2022,253,
BALTIMORE,2022,252,34.500000
BALTIMORE,2022,251,34.500000
BALTIMORE,2022,250,34.500000
BALTIMORE,2022,249,34.500000
BALTIMORE,2022,248,
BALTIMORE,2022,247,
BALTIMORE,2022,246,
BALTIMORE,2022,245,43.000000
BALTIMORE,2022,244,43.000000
BALTIMORE,2022,243,43.000000
BALTIMORE,2022,242,43.000000
BALTIMORE,2022,241,43.000000
BALTIMORE,2022,240,
BALTIMORE,2022,239,
BALTIMORE,2022,238,43.000000
BALTIMORE,2022,237,45.000000
BALTIMORE,2022,236,48.000000
BALTIMORE,2022,235,48.000000
BALTIMORE,2022,234,48.000000
BALTIMORE,2022,233,
BALTIMORE,2022,232,
BALTIMORE,2022,231,40.000000
BALTIMORE,2022,230,24.000000
BALTIMORE,2022,229,26.750000
BALTIMORE,2022,228,26.750000
BALTIMORE,2022,227,26.750000
BALTIMORE,2022,226,
BALTIMORE,2022,225,
BALTIMORE,2022,224,24.000000
BALTIMORE,2022,223,24.000000
BALTIMORE,2022,222,25.000000
BALTIMORE,2022,221,25.000000
BALTIMORE,2022,220,26.000000
BALTIMORE,2022,219,
BALTIMORE,2022,218,
BALTIMORE,2022,217,24.000000
BALTIMORE,2022,216,24.000000
BALTIMORE,2022,215,20.000000
BALTIMORE,2022,214,25.375000
BALTIMORE,2022,213,25.375000
BALTIMORE,2022,212,
BALTIMORE,2022,211,
BALTIMORE,2022,210,25.400000
BALTIMORE,2022,209,25.400000
BALTIMORE,2022,208,25.400000
BALTIMORE,2022,207,25.400000
BALTIMORE,2022,206,25.400000
BALTIMORE,2022,205,
BALTIMORE,2022,204,
BALTIMORE,2022,203,29.500000
BALTIMORE,2022,202,29.500000
BALTIMORE,2022,201,20.000000
BALTIMORE,2022,200,20.000000
BALTIMORE,2022,199,20.000000
BALTIMORE,2022,198,
BALTIMORE,2022,197,
BALTIMORE,2022,196,19.500000
BALTIMORE,2022,195,19.500000
BALTIMORE,2022,194,19.500000
BALTIMORE,2022,193,19.500000
BALTIMORE,2022,192,19.500000
BALTIMORE,2022,191,
BALTIMORE,2022,190,
BALTIMORE,2022,189,19.000000
BALTIMORE,2022,188,19.000000
BALTIMORE,2022,187,19.750000
BALTIMORE,2022,186,19.750000
BALTIMORE,2022,185,
BALTIMORE,2022,184,
BALTIMORE,2022,183,
BALTIMORE,2022,182,19.500000
BALTIMORE,2022,181,19.500000
BALTIMORE,2022,180,19.666666
BALTIMORE,2022,179,19.666666
BALTIMORE,2022,178,22.500000
BALTIMORE,2022,177,
BALTIMORE,2022,176,
BALTIMORE,2022,175,25.000000
BALTIMORE,2022,174,25.000000
BALTIMORE,2022,173,25.000000
BALTIMORE,2022,172,24.500000
BALTIMORE,2022,171,
BALTIMORE,2022,170,
BALTIMORE,2022,169,
BALTIMORE,2022,168,25.000000
BALTIMORE,2022,167,25.000000
BALTIMORE,2022,166,25.000000
BALTIMORE,2022,165,23.500000
BALTIMORE,2022,164,23.500000
BALTIMORE,2022,163,
BALTIMORE,2022,162,
BALTIMORE,2022,161,23.500000
BALTIMORE,2022,160,23.500000
BALTIMORE,2022,159,23.500000
BALTIMORE,2022,158,24.500000
BALTIMORE,2022,157,24.500000
BALTIMORE,2022,156,
BALTIMORE,2022,155,
BALTIMORE,2022,154,26.000000
BALTIMORE,2022,153,28.500000
BALTIMORE,2022,152,28.500000
BALTIMORE,2022,151,28.500000
BALTIMORE,2022,150,
BALTIMORE,2022,149,
BALTIMORE,2022,148,
BALTIMORE,2022,147,23.250000
BALTIMORE,2022,146,23.250000
BALTIMORE,2022,145,23.500000
BALTIMORE,2022,144,23.500000
BALTIMORE,2022,143,23.500000
BALTIMORE,2022,142,
BALTIMORE,2022,141,
BALTIMORE,2022,140,23.250000
BALTIMORE,2022,139,23.250000
BALTIMORE,2022,138,23.250000
BALTIMORE,2022,137,23.250000
BALTIMORE,2022,136,23.250000
BALTIMORE,2022,135,
BALTIMORE,2022,134,
BALTIMORE,2022,133,23.250000
BALTIMORE,2022,132,23.250000
BALTIMORE,2022,131,23.250000
BALTIMORE,2022,130,23.250000
BALTIMORE,2022,129,26.833333
BALTIMORE,2022,128,
BALTIMORE,2022,127,
BALTIMORE,2022,126,27.166666
BALTIMORE,2022,125,27.166666
BALTIMORE,2022,124,28.166666
BALTIMORE,2022,123,31.000000
BALTIMORE,2022,122,31.000000
BALTIMORE,2022,121,
BALTIMORE,2022,120,
BALTIMORE,2022,119,35.500000
BALTIMORE,2022,118,35.500000
BALTIMORE,2022,117,36.000000
BALTIMORE,2022,116,46.000000
BALTIMORE,2022,115,46.000000
BALTIMORE,2022,114,
BALTIMORE,2022,113,
BALTIMORE,2022,112,49.000000
BALTIMORE,2022,111,49.000000
BALTIMORE,2022,110,42.000000
BALTIMORE,2022,109,42.000000
BALTIMORE,2022,108,42.000000
BALTIMORE,2022,107,
BALTIMORE,2022,106,
BALTIMORE,2022,105,41.000000
BALTIMORE,2022,104,41.000000
BALTIMORE,2022,103,41.000000
BALTIMORE,2022,102,40.000000
BALTIMORE,2022,101,40.000000
BALTIMORE,2022,100,
BALTIMORE,2022,99,
BALTIMORE,2022,98,38.000000
BALTIMORE,2022,97,38.000000
BALTIMORE,2022,96,38.000000
BALTIMORE,2022,95,38.000000
BALTIMORE,2022,94,38.000000
BALTIMORE,2022,93,
BALTIMORE,2022,92,
BALTIMORE,2022,91,34.000000
BALTIMORE,2022,90,34.000000
BALTIMORE,2022,89,33.000000
BALTIMORE,2022,88,33.000000
BALTIMORE,2022,87,33.000000
BALTIMORE,2022,86,
BALTIMORE,2022,85,
BALTIMORE,2022,84,35.000000
BALTIMORE,2022,83,35.000000
BALTIMORE,2022,82,35.000000
BALTIMORE,2022,81,35.000000
BALTIMORE,2022,80,35.000000
BALTIMORE,2022,79,
BALTIMORE,2022,78,
BALTIMORE,2022,77,34.000000
BALTIMORE,2022,76,34.000000
BALTIMORE,2022,75,35.500000
BALTIMORE,2022,74,35.000000
BALTIMORE,2022,73,35.500000
BALTIMORE,2022,72,
BALTIMORE,2022,71,
BALTIMORE,2022,70,35.500000
BALTIMORE,2022,69,35.500000
BALTIMORE,2022,68,36.000000
BALTIMORE,2022,67,36.000000
BALTIMORE,2022,66,36.000000
BALTIMORE,2022,65,
BALTIMORE,2022,64,
BALTIMORE,2022,63,39.000000
BALTIMORE,2022,62,37.666666
BALTIMORE,2022,61,37.333333
BALTIMORE,2022,60,37.333333
BALTIMORE,2022,59,37.333333
BALTIMORE,2022,58,
BALTIMORE,2022,57,
BALTIMORE,2022,56,33.000000
BALTIMORE,2022,55,25.750000
BALTIMORE,2022,54,25.500000
BALTIMORE,2022,53,24.250000
BALTIMORE,2022,52,
BALTIMORE,2022,51,
BALTIMORE,2022,50,
BALTIMORE,2022,49,21.500000
BALTIMORE,2022,48,21.500000
BALTIMORE,2022,47,20.000000
BALTIMORE,2022,46,20.000000
BALTIMORE,2022,45,20.000000
BALTIMORE,2022,44,
BALTIMORE,2022,43,
BALTIMORE,2022,42,20.000000
BALTIMORE,2022,41,20.000000
BALTIMORE,2022,40,20.000000
BALTIMORE,2022,39,20.000000
BALTIMORE,2022,38,20.000000
BALTIMORE,2022,37,
BALTIMORE,2022,36,
BALTIMORE,2022,35,20.000000
BALTIMORE,2022,34,20.000000
BALTIMORE,2022,33,20.500000
BALTIMORE,2022,32,20.500000
BALTIMORE,2022,31,20.500000
BALTIMORE,2022,30,
BALTIMORE,2022,29,
BALTIMORE,2022,28,23.000000
BALTIMORE,2022,27,23.000000
BALTIMORE,2022,26,23.000000
BALTIMORE,2022,25,23.000000
BALTIMORE,2022,24,32.500000
BALTIMORE,2022,23,
BALTIMORE,2022,22,
BALTIMORE,2022,21,33.000000
BALTIMORE,2022,20,21.000000
BALTIMORE,2022,19,29.500000
BALTIMORE,2022,18,29.500000
BALTIMORE,2022,17,
BALTIMORE,2022,16,
BALTIMORE,2022,15,
BALTIMORE,2022,14,25.000000
BALTIMORE,2022,13,25.000000
BALTIMORE,2022,12,24.000000
BALTIMORE,2022,11,26.250000
BALTIMORE,2022,10,27.500000
BALTIMORE,2022,9,
BALTIMORE,2022,8,
BALTIMORE,2022,7,27.000000
BALTIMORE,2022,6,33.000000
BALTIMORE,2022,5,33.000000
BALTIMORE,2022,4,33.000000
BALTIMORE,2022,3,33.000000
BALTIMORE,2022,2,
BOSTON,2022,366,
BOSTON,2022,365,
BOSTON,2022,364,25.500000
BOSTON,2022,363,25.500000
BOSTON,2022,362,25.500000
BOSTON,2022,361,24.500000
BOSTON,2022,360,
BOSTON,2022,359,
BOSTON,2022,358,
BOSTON,2022,357,24.500000
BOSTON,2022,356,24.500000
BOSTON,2022,355,24.500000
BOSTON,2022,354,24.500000
BOSTON,2022,353,24.500000
BOSTON,2022,352,
BOSTON,2022,351,
BOSTON,2022,350,24.500000
BOSTON,2022,349,24.500000
BOSTON,2022,348,24.500000
BOSTON,2022,347,24.500000
BOSTON,2022,346,22.000000
BOSTON,2022,345,
BOSTON,2022,344,
BOSTON,2022,343,22.000000
BOSTON,2022,342,22.000000
BOSTON,2022,341,22.000000
BOSTON,2022,340,22.000000
BOSTON,2022,339,22.000000
BOSTON,2022,338,
BOSTON,2022,337,
BOSTON,2022,336,22.000000
BOSTON,2022,335,22.000000
BOSTON,2022,334,22.000000
BOSTON,2022,333,22.000000
BOSTON,2022,332,22.000000
BOSTON,2022,331,
BOSTON,2022,330,
BOSTON,2022,329,22.000000
BOSTON,2022,328,
BOSTON,2022,327,22.000000
BOSTON,2022,326,22.000000
BOSTON,2022,325,23.333333
BOSTON,2022,324,
BOSTON,2022,323,
BOSTON,2022,322,23.333333
BOSTON,2022,321,23.333333
BOSTON,2022,320,23.333333
BOSTON,2022,319,23.333333
BOSTON,2022,318,23.333333
BOSTON,2022,317,
BOSTON,2022,316,
BOSTON,2022,315,
BOSTON,2022,314,23.333333
BOSTON,2022,313,23.333333
BOSTON,2022,312,23.333333
BOSTON,2022,311,23.333333
BOSTON,2022,310,
BOSTON,2022,309,
BOSTON,2022,308,23.333333
BOSTON,2022,307,23.333333
BOSTON,2022,306,23.333333
BOSTON,2022,305,23.333333
BOSTON,2022,304,23.333333
BOSTON,2022,303,
BOSTON,2022,302,
BOSTON,2022,301,23.333333
BOSTON,2022,300,23.333333
BOSTON,2022,299,22.666666
BOSTON,2022,298,26.166666
BOSTON,2022,297,26.166666
BOSTON,2022,296,
BOSTON,2022,295,
BOSTON,2022,294,26.166666
BOSTON,2022,293,26.166666
BOSTON,2022,292,26.166666
BOSTON,2022,291,26.166666
BOSTON,2022,290,26.333333
BOSTON,2022,289,
BOSTON,2022,288,
BOSTON,2022,287,26.333333
BOSTON,2022,286,26.333333
BOSTON,2022,285,26.333333
BOSTON,2022,284,26.333333
BOSTON,2022,283,
BOSTON,2022,282,
BOSTON,2022,281,
BOSTON,2022,280,26.333333
BOSTON,2022,279,26.333333
BOSTON,2022,278,26.333333
BOSTON,2022,277,26.333333
BOSTON,2022,276,26.333333
BOSTON,2022,275,
BOSTON,2022,274,
BOSTON,2022,273,26.333333
BOSTON,2022,272,26.333333
BOSTON,2022,271,26.333333
BOSTON,2022,270,26.333333
BOSTON,2022,269,22.500000
BOSTON,2022,268,
BOSTON,2022,267,
BOSTON,2022,266,22.500000
BOSTON,2022,265,22.500000
BOSTON,2022,264,22.500000
BOSTON,2022,263,22.500000
BOSTON,2022,262,22.500000
BOSTON,2022,261,
BOSTON,2022,260,
BOSTON,2022,259,22.500000
BOSTON,2022,258,22.500000
BOSTON,2022,257,22.500000
BOSTON,2022,256,22.500000
BOSTON,2022,255,22.500000
BOSTON,2022,254,
BOSTON,2022,253,
BOSTON,2022,252,22.500000
BOSTON,2022,251,22.500000
BOSTON,2022,250,22.500000
BOSTON,2022,249,22.500000
BOSTON,2022,248,
BOSTON,2022,247,
BOSTON,2022,246,
BOSTON,2022,245,22.500000
BOSTON,2022,244,22.500000
BOSTON,2022,243,22.500000
BOSTON,2022,242,22.500000
BOSTON,2022,241,22.500000
BOSTON,2022,240,
BOSTON,2022,239,
BOSTON,2022,238,22.500000
BOSTON,2022,237,22.500000
BOSTON,2022,236,22.500000
BOSTON,2022,235,22.500000
BOSTON,2022,234,22.500000
BOSTON,2022,233,
BOSTON,2022,232,
BOSTON,2022,231,22.500000
BOSTON,2022,230,22.500000
BOSTON,2022,229,22.500000
BOSTON,2022,228,22.500000
BOSTON,2022,227,22.500000
BOSTON,2022,226,
BOSTON,2022,225,
BOSTON,2022,224,22.500000
BOSTON,2022,223,22.500000
BOSTON,2022,222,22.500000
BOSTON,2022,221,22.500000
BOSTON,2022,220,22.500000
BOSTON,2022,219,
BOSTON,2022,218,
BOSTON,2022,217,22.500000
BOSTON,2022,216,22.500000
BOSTON,2022,215,22.500000
BOSTON,2022,214,22.500000
BOSTON,2022,213,22.500000
BOSTON,2022,212,
BOSTON,2022,211,
BOSTON,2022,210,22.500000
BOSTON,2022,209,22.500000
BOSTON,2022,208,22.500000
BOSTON,2022,207,22.500000
BOSTON,2022,206,22.500000
BOSTON,2022,205,
BOSTON,2022,204,
BOSTON,2022,203,22.500000
BOSTON,2022,202,22.500000
BOSTON,2022,201,22.500000
BOSTON,2022,200,22.500000
BOSTON,2022,199,22.500000
BOSTON,2022,198,
BOSTON,2022,197,
BOSTON,2022,196,22.500000
BOSTON,2022,195,22.500000
BOSTON,2022,194,22.500000
BOSTON,2022,193,22.500000
BOSTON,2022,192,21.000000
BOSTON,2022,191,
BOSTON,2022,190,
BOSTON,2022,189,30.000000
BOSTON,2022,188,30.000000
BOSTON,2022,187,30.000000
BOSTON,2022,186,30.000000
BOSTON,2022,185,
BOSTON,2022,184,
BOSTON,2022,183,
BOSTON,2022,182,30.000000
BOSTON,2022,181,30.000000
BOSTON,2022,180,30.000000
BOSTON,2022,179,30.000000
BOSTON,2022,178,30.000000
BOSTON,2022,177,
BOSTON,2022,176,
BOSTON,2022,175,30.000000
BOSTON,2022,174,30.000000
BOSTON,2022,173,30.000000
BOSTON,2022,172,30.000000
BOSTON,2022,171,
BOSTON,2022,170,
BOSTON,2022,169,
BOSTON,2022,168,30.000000
BOSTON,2022,167,30.000000
BOSTON,2022,166,30.000000
BOSTON,2022,165,30.000000
BOSTON,2022,164,30.000000
BOSTON,2022,163,
BOSTON,2022,162,
BOSTON,2022,161,30.000000
BOSTON,2022,160,30.000000
BOSTON,2022,159,30.000000
BOSTON,2022,158,30.000000
BOSTON,2022,157,30.000000
BOSTON,2022,156,
BOSTON,2022,155,
BOSTON,2022,154,30.000000
BOSTON,2022,153,30.000000
BOSTON,2022,152,30.000000
BOSTON,2022,151,30.000000
BOSTON,2022,150,
BOSTON,2022,149,
BOSTON,2022,148,
BOSTON,2022,147,30.000000
BOSTON,2022,146,30.000000
BOSTON,2022,145,30.000000
BOSTON,2022,144,30.000000
BOSTON,2022,143,30.000000
BOSTON,2022,142,
BOSTON,2022,141,
BOSTON,2022,140,30.000000
BOSTON,2022,139,30.000000
BOSTON,2022,138,30.000000
BOSTON,2022,137,30.000000
BOSTON,2022,136,30.000000
BOSTON,2022,135,
BOSTON,2022,134,
BOSTON,2022,133,30.000000
BOSTON,2022,132,30.000000
BOSTON,2022,131,30.000000
BOSTON,2022,130,30.000000
BOSTON,2022,129,30.000000
BOSTON,2022,128,
BOSTON,2022,127,
BOSTON,2022,126,30.000000
BOSTON,2022,125,30.000000
BOSTON,2022,124,30.000000
BOSTON,2022,123,30.000000
BOSTON,2022,122,30.000000
BOSTON,2022,121,
BOSTON,2022,120,
BOSTON,2022,119,30.000000
BOSTON,2022,118,30.000000
BOSTON,2022,117,30.000000
BOSTON,2022,116,30.000000
BOSTON,2022,115,30.000000
BOSTON,2022,114,
BOSTON,2022,113,
BOSTON,2022,112,30.000000
BOSTON,2022,111,30.000000
BOSTON,2022,110,30.000000
BOSTON,2022,109,30.000000
BOSTON,2022,108,30.000000
BOSTON,2022,107,
BOSTON,2022,106,
BOSTON,2022,105,30.000000
BOSTON,2022,104,30.000000
BOSTON,2022,103,30.000000
BOSTON,2022,102,30.000000
BOSTON,2022,101,30.000000
BOSTON,2022,100,
BOSTON,2022,99,
BOSTON,2022,98,30.000000
BOSTON,2022,97,30.000000
BOSTON,2022,96,30.000000
BOSTON,2022,95,30.000000
BOSTON,2022,94,30.000000
BOSTON,2022,93,
BOSTON,2022,92,
BOSTON,2022,91,30.000000
BOSTON,2022,90,30.000000
BOSTON,2022,89,30.000000
BOSTON,2022,88,30.000000
BOSTON,2022,87,30.000000
BOSTON,2022,86,
BOSTON,2022,85,
BOSTON,2022,84,30.000000
BOSTON,2022,83,30.000000
BOSTON,2022,82,30.000000
BOSTON,2022,81,30.000000
BOSTON,2022,80,30.000000
BOSTON,2022,79,
BOSTON,2022,78,
BOSTON,2022,77,30.000000
BOSTON,2022,76,30.000000
BOSTON,2022,75,30.000000
BOSTON,2022,74,30.000000
BOSTON,2022,73,30.000000
BOSTON,2022,72,
BOSTON,2022,71,
BOSTON,2022,70,30.000000
BOSTON,2022,69,30.000000
BOSTON,2022,68,30.000000
BOSTON,2022,67,30.000000
BOSTON,2022,66,30.000000
BOSTON,2022,65,
BOSTON,2022,64,
BOSTON,2022,63,30.000000
BOSTON,2022,62,30.000000
BOSTON,2022,61,30.000000
BOSTON,2022,60,30.000000
BOSTON,2022,59,30.000000
BOSTON,2022,58,
BOSTON,2022,57,
BOSTON,2022,56,30.000000
BOSTON,2022,55,30.000000
BOSTON,2022,54,30.000000
BOSTON,2022,53,30.000000
BOSTON,2022,52,
BOSTON,2022,51,
BOSTON,2022,50,
BOSTON,2022,49,30.000000
BOSTON,2022,48,30.000000
BOSTON,2022,47,30.000000
BOSTON,2022,46,30.000000
BOSTON,2022,45,30.000000
BOSTON,2022,44,
BOSTON,2022,43,
BOSTON,2022,42,30.000000
BOSTON,2022,41,30.000000
BOSTON,2022,40,30.000000
BOSTON,2022,39,30.000000
BOSTON,2022,38,30.000000
BOSTON,2022,37,
BOSTON,2022,36,
BOSTON,2022,35,30.000000
BOSTON,2022,34,30.000000
BOSTON,2022,33,30.000000
BOSTON,2022,32,30.000000
BOSTON,2022,31,30.000000
BOSTON,2022,30,
BOSTON,2022,29,
BOSTON,2022,28,30.000000
BOSTON,2022,27,30.000000
BOSTON,2022,26,30.000000
BOSTON,2022,25,27.000000
BOSTON,2022,24,27.000000
BOSTON,2022,23,
BOSTON,2022,22,
BOSTON,2022,21,27.000000
BOSTON,2022,20,27.000000
BOSTON,2022,19,27.000000
BOSTON,2022,18,27.000000
BOSTON,2022,17,
BOSTON,2022,16,
BOSTON,2022,15,
BOSTON,2022,14,27.000000
BOSTON,2022,13,27.000000
BOSTON,2022,12,27.000000
BOSTON,2022,11,27.000000
BOSTON,2022,10,27.000000
BOSTON,2022,9,
BOSTON,2022,8,
BOSTON,2022,7,27.000000
BOSTON,2022,6,27.000000
BOSTON,2022,5,25.000000
BOSTON,2022,4,25.000000
BOSTON,2022,3,27.000000
BOSTON,2022,2,
CHICAGO,2022,366,
CHICAGO,2022,365,
CHICAGO,2022,364,46.000000
CHICAGO,2022,363,50.500000
CHICAGO,2022,362,50.500000
CHICAGO,2022,361,50.500000
CHICAGO,2022,360,
CHICAGO,2022,359,
CHICAGO,2022,358,
CHICAGO,2022,357,50.500000
CHICAGO,2022,356,50.500000
CHICAGO,2022,355,50.500000
CHICAGO,2022,354,50.500000
CHICAGO,2022,353,50.500000
CHICAGO,2022,352,
CHICAGO,2022,351,
CHICAGO,2022,350,51.250000
CHICAGO,2022,349,38.750000
CHICAGO,2022,348,38.750000
CHICAGO,2022,347,30.875000
CHICAGO,2022,346,30.875000
CHICAGO,2022,345,
CHICAGO,2022,344,
CHICAGO,2022,343,30.875000
CHICAGO,2022,342,30.875000
CHICAGO,2022,341,30.875000
CHICAGO,2022,340,30.875000
CHICAGO,2022,339,30.875000
CHICAGO,2022,338,
CHICAGO,2022,337,
CHICAGO,2022,336,30.875000
CHICAGO,2022,335,30.875000
CHICAGO,2022,334,30.875000
CHICAGO,2022,333,30.875000
CHICAGO,2022,332,30.875000
CHICAGO,2022,331,
CHICAGO,2022,330,
CHICAGO,2022,329,
CHICAGO,2022,328,
CHICAGO,2022,327,30.875000
CHICAGO,2022,326,30.875000
CHICAGO,2022,325,30.875000
CHICAGO,2022,324,
CHICAGO,2022,323,
CHICAGO,2022,322,30.875000
CHICAGO,2022,321,30.875000
CHICAGO,2022,320,30.875000
CHICAGO,2022,319,30.875000
CHICAGO,2022,318,30.875000
CHICAGO,2022,317,
CHICAGO,2022,316,
CHICAGO,2022,315,
CHICAGO,2022,314,30.875000
CHICAGO,2022,313,30.875000
CHICAGO,2022,312,30.875000
CHICAGO,2022,311,30.875000
CHICAGO,2022,310,
CHICAGO,2022,309,
CHICAGO,2022,308,30.875000
CHICAGO,2022,307,30.875000
CHICAGO,2022,306,30.875000
CHICAGO,2022,305,30.875000
CHICAGO,2022,304,30.875000
CHICAGO,2022,303,
CHICAGO,2022,302,
CHICAGO,2022,301,30.875000
CHICAGO,2022,300,30.875000
CHICAGO,2022,299,42.000000
CHICAGO,2022,298,42.000000
CHICAGO,2022,297,42.000000
CHICAGO,2022,296,
CHICAGO,2022,295,
CHICAGO,2022,294,42.000000
CHICAGO,2022,293,42.000000
CHICAGO,2022,292,42.000000
CHICAGO,2022,291,42.000000
CHICAGO,2022,290,42.000000
CHICAGO,2022,289,
CHICAGO,2022,288,
CHICAGO,2022,287,42.000000
CHICAGO,2022,286,42.000000
CHICAGO,2022,285,42.000000
CHICAGO,2022,284,42.000000
CHICAGO,2022,283,
CHICAGO,2022,282,
CHICAGO,2022,281,
CHICAGO,2022,280,42.000000
CHICAGO,2022,279,42.000000
CHICAGO,2022,278,42.000000
CHICAGO,2022,277,42.000000
CHICAGO,2022,276,42.000000
CHICAGO,2022,275,
CHICAGO,2022,274,
CHICAGO,2022,273,42.000000
CHICAGO,2022,272,42.000000
CHICAGO,2022,271,42.000000
CHICAGO,2022,270,42.000000
CHICAGO,2022,269,42.000000
CHICAGO,2022,268,
CHICAGO,2022,267,
CHICAGO,2022,266,42.000000
CHICAGO,2022,265,42.000000
CHICAGO,2022,264,42.000000
CHICAGO,2022,263,42.000000
CHICAGO,2022,262,42.000000
CHICAGO,2022,261,
CHICAGO,2022,260,
CHICAGO,2022,259,42.000000
CHICAGO,2022,258,42.000000
CHICAGO,2022,257,42.000000
CHICAGO,2022,256,42.000000
CHICAGO,2022,255,42.000000
CHICAGO,2022,254,
CHICAGO,2022,253,
CHICAGO,2022,252,42.000000
CHICAGO,2022,251,28.500000
CHICAGO,2022,250,28.500000
CHICAGO,2022,249,28.500000
CHICAGO,2022,248,
CHICAGO,2022,247,
CHICAGO,2022,246,
CHICAGO,2022,245,28.500000
CHICAGO,2022,244,28.500000
CHICAGO,2022,243,28.500000
CHICAGO,2022,242,28.500000
CHICAGO,2022,241,28.500000
CHICAGO,2022,240,
CHICAGO,2022,239,
CHICAGO,2022,238,28.500000
CHICAGO,2022,237,27.375000
CHICAGO,2022,236,27.375000
CHICAGO,2022,235,27.375000
CHICAGO,2022,234,27.375000
CHICAGO,2022,233,
CHICAGO,2022,232,
CHICAGO,2022,231,27.375000
CHICAGO,2022,230,27.375000
CHICAGO,2022,229,27.375000
CHICAGO,2022,228,27.375000
CHICAGO,2022,227,27.375000
CHICAGO,2022,226,
CHICAGO,2022,225,
CHICAGO,2022,224,27.375000
CHICAGO,2022,223,27.375000
CHICAGO,2022,222,27.375000
CHICAGO,2022,221,27.375000
CHICAGO,2022,220,27.375000
CHICAGO,2022,219,
CHICAGO,2022,218,
CHICAGO,2022,217,28.812500
CHICAGO,2022,216,28.812500
CHICAGO,2022,215,28.812500
CHICAGO,2022,214,28.812500
CHICAGO,2022,213,28.300000
CHICAGO,2022,212,
CHICAGO,2022,211,
CHICAGO,2022,210,28.300000
CHICAGO,2022,209,28.300000
CHICAGO,2022,208,28.300000
CHICAGO,2022,207,28.300000
CHICAGO,2022,206,27.166666
CHICAGO,2022,205,
CHICAGO,2022,204,
CHICAGO,2022,203,27.166666
CHICAGO,2022,202,27.166666
CHICAGO,2022,201,27.166666
CHICAGO,2022,200,27.166666
CHICAGO,2022,199,27.166666
CHICAGO,2022,198,
CHICAGO,2022,197,
CHICAGO,2022,196,27.166666
CHICAGO,2022,195,27.166666
CHICAGO,2022,194,27.166666
CHICAGO,2022,193,27.166666
CHICAGO,2022,192,27.166666
CHICAGO,2022,191,
CHICAGO,2022,190,
CHICAGO,2022,189,27.166666
CHICAGO,2022,188,27.166666
CHICAGO,2022,187,27.166666
CHICAGO,2022,186,27.166666
CHICAGO,2022,185,
CHICAGO,2022,184,
CHICAGO,2022,183,
CHICAGO,2022,182,27.166666
CHICAGO,2022,181,27.166666
CHICAGO,2022,180,27.000000
CHICAGO,2022,179,27.000000
CHICAGO,2022,178,28.000000
CHICAGO,2022,177,
CHICAGO,2022,176,
CHICAGO,2022,175,28.000000
CHICAGO,2022,174,28.000000
CHICAGO,2022,173,28.000000
CHICAGO,2022,172,28.000000
CHICAGO,2022,171,
CHICAGO,2022,170,
CHICAGO,2022,169,
CHICAGO,2022,168,28.000000
CHICAGO,2022,167,46.000000
CHICAGO,2022,166,46.000000
CHICAGO,2022,165,46.000000
CHICAGO,2022,164,46.000000
CHICAGO,2022,163,
CHICAGO,2022,162,
CHICAGO,2022,161,46.000000
CHICAGO,2022,160,46.000000
CHICAGO,2022,159,46.000000
CHICAGO,2022,158,46.000000
CHICAGO,2022,157,46.000000
CHICAGO,2022,156,
CHICAGO,2022,155,
CHICAGO,2022,154,46.000000
CHICAGO,2022,153,46.000000
CHICAGO,2022,152,46.000000
CHICAGO,2022,151,46.000000
CHICAGO,2022,150,
CHICAGO,2022,149,
CHICAGO,2022,148,
CHICAGO,2022,147,46.000000
CHICAGO,2022,146,46.000000
CHICAGO,2022,145,46.000000
CHICAGO,2022,144,46.000000
CHICAGO,2022,143,46.000000
CHICAGO,2022,142,
CHICAGO,2022,141,
CHICAGO,2022,140,46.000000
CHICAGO,2022,139,46.000000
CHICAGO,2022,138,46.000000
CHICAGO,2022,137,46.000000
CHICAGO,2022,136,46.000000
CHICAGO,2022,135,
CHICAGO,2022,134,
CHICAGO,2022,133,46.000000
CHICAGO,2022,132,46.000000
CHICAGO,2022,131,46.000000
CHICAGO,2022,130,46.000000
CHICAGO,2022,129,46.000000
CHICAGO,2022,128,
CHICAGO,2022,127,
CHICAGO,2022,126,46.000000
CHICAGO,2022,125,46.000000
CHICAGO,2022,124,46.000000
CHICAGO,2022,123,46.000000
CHICAGO,2022,122,46.000000
CHICAGO,2022,121,
CHICAGO,2022,120,
CHICAGO,2022,119,46.000000
CHICAGO,2022,118,46.000000
CHICAGO,2022,117,46.000000
CHICAGO,2022,116,46.000000
CHICAGO,2022,115,46.000000
CHICAGO,2022,114,
CHICAGO,2022,113,
CHICAGO,2022,112,46.000000
CHICAGO,2022,111,46.000000
CHICAGO,2022,110,46.000000
CHICAGO,2022,109,46.000000
CHICAGO,2022,108,46.000000
CHICAGO,2022,107,
CHICAGO,2022,106,
CHICAGO,2022,105,46.000000
CHICAGO,2022,104,36.500000
CHICAGO,2022,103,36.500000
CHICAGO,2022,102,36.500000
CHICAGO,2022,101,36.500000
CHICAGO,2022,100,
CHICAGO,2022,99,
CHICAGO,2022,98,36.500000
CHICAGO,2022,97,36.500000
CHICAGO,2022,96,36.500000
CHICAGO,2022,95,36.500000
CHICAGO,2022,94,36.500000
CHICAGO,2022,93,
CHICAGO,2022,92,
CHICAGO,2022,91,36.500000
CHICAGO,2022,90,36.500000
CHICAGO,2022,89,36.500000
CHICAGO,2022,88,36.500000
CHICAGO,2022,87,36.500000
CHICAGO,2022,86,
CHICAGO,2022,85,
CHICAGO,2022,84,36.500000
CHICAGO,2022,83,36.500000
CHICAGO,2022,82,36.500000
CHICAGO,2022,81,36.500000
CHICAGO,2022,80,36.500000
CHICAGO,2022,79,
CHICAGO,2022,78,
CHICAGO,2022,77,36.500000
CHICAGO,2022,76,36.500000
CHICAGO,2022,75,36.500000
CHICAGO,2022,74,36.500000
CHICAGO,2022,73,36.500000
CHICAGO,2022,72,
CHICAGO,2022,71,
CHICAGO,2022,70,36.500000
CHICAGO,2022,69,30.250000
CHICAGO,2022,68,30.250000
CHICAGO,2022,67,30.250000
CHICAGO,2022,66,30.250000
CHICAGO,2022,65,
CHICAGO,2022,64,
CHICAGO,2022,63,30.250000
CHICAGO,2022,62,30.250000
CHICAGO,2022,61,30.250000
CHICAGO,2022,60,30.250000
CHICAGO,2022,59,30.250000
CHICAGO,2022,58,
CHICAGO,2022,57,
CHICAGO,2022,56,30.250000
CHICAGO,2022,55,30.250000
CHICAGO,2022,54,30.250000
CHICAGO,2022,53,30.250000
CHICAGO,2022,52,
CHICAGO,2022,51,
CHICAGO,2022,50,
CHICAGO,2022,49,30.250000
CHICAGO,2022,48,30.250000
CHICAGO,2022,47,30.250000
CHICAGO,2022,46,30.250000
CHICAGO,2022,45,30.250000
CHICAGO,2022,44,
CHICAGO,2022,43,
CHICAGO,2022,42,30.250000
CHICAGO,2022,41,30.250000
CHICAGO,2022,40,30.250000
CHICAGO,2022,39,30.250000
CHICAGO,2022,38,30.250000
CHICAGO,2022,37,
CHICAGO,2022,36,
CHICAGO,2022,35,30.250000
CHICAGO,2022,34,30.250000
CHICAGO,2022,33,30.250000
CHICAGO,2022,32,30.250000
CHICAGO,2022,31,30.250000
CHICAGO,2022,30,
CHICAGO,2022,29,
CHICAGO,2022,28,30.250000
CHICAGO,2022,27,30.000000
CHICAGO,2022,26,30.000000
CHICAGO,2022,25,30.000000
CHICAGO,2022,24,30.000000
CHICAGO,2022,23,
CHICAGO,2022,22,
CHICAGO,2022,21,30.000000
CHICAGO,2022,20,29.833333
CHICAGO,2022,19,29.833333
CHICAGO,2022,18,29.833333
CHICAGO,2022,17,
CHICAGO,2022,16,
CHICAGO,2022,15,
CHICAGO,2022,14,29.833333
CHICAGO,2022,13,29.833333
CHICAGO,2022,12,29.833333
CHICAGO,2022,11,29.833333
CHICAGO,2022,10,29.833333
CHICAGO,2022,9,
CHICAGO,2022,8,
CHICAGO,2022,7,29.833333
CHICAGO,2022,6,29.833333
CHICAGO,2022,5,29.833333
CHICAGO,2022,4,29.833333
CHICAGO,2022,3,29.833333
CHICAGO,2022,2,
COLUMBIA,2022,366,
COLUMBIA,2022,365,
COLUMBIA,2022,364,51.000000
COLUMBIA,2022,363,51.000000
COLUMBIA,2022,362,51.000000
COLUMBIA,2022,361,
COLUMBIA,2022,360,
COLUMBIA,2022,359,
COLUMBIA,2022,358,
COLUMBIA,2022,357,
COLUMBIA,2022,356,
COLUMBIA,2022,355,
COLUMBIA,2022,354,
COLUMBIA,2022,353,51.000000
COLUMBIA,2022,352,
COLUMBIA,2022,351,
COLUMBIA,2022,350,51.000000
COLUMBIA,2022,349,51.000000
COLUMBIA,2022,348,51.000000
COLUMBIA,2022,347,46.000000
COLUMBIA,2022,346,46.000000
COLUMBIA,2022,345,
COLUMBIA,2022,344,
COLUMBIA,2022,343,46.000000
COLUMBIA,2022,342,46.000000
COLUMBIA,2022,341,46.000000
COLUMBIA,2022,340,46.000000
COLUMBIA,2022,339,46.000000
COLUMBIA,2022,338,
COLUMBIA,2022,337,
COLUMBIA,2022,336,46.000000
COLUMBIA,2022,335,46.000000
COLUMBIA,2022,334,46.000000
COLUMBIA,2022,333,46.000000
COLUMBIA,2022,332,46.000000
COLUMBIA,2022,331,
COLUMBIA,2022,330,
COLUMBIA,2022,329,
COLUMBIA,2022,328,
COLUMBIA,2022,327,
COLUMBIA,2022,326,
COLUMBIA,2022,325,26.000000
COLUMBIA,2022,324,
COLUMBIA,2022,323,
COLUMBIA,2022,322,26.000000
COLUMBIA,2022,321,26.000000
COLUMBIA,2022,320,26.000000
COLUMBIA,2022,319,25.500000
COLUMBIA,2022,318,25.500000
COLUMBIA,2022,317,
COLUMBIA,2022,316,
COLUMBIA,2022,315,
COLUMBIA,2022,314,25.500000
COLUMBIA,2022,313,25.500000
COLUMBIA,2022,312,24.500000
COLUMBIA,2022,311,24.500000
COLUMBIA,2022,310,
COLUMBIA,2022,309,
COLUMBIA,2022,308,24.500000
COLUMBIA,2022,307,22.000000
COLUMBIA,2022,306,22.000000
COLUMBIA,2022,305,22.000000
COLUMBIA,2022,304,22.000000
COLUMBIA,2022,303,
COLUMBIA,2022,302,
COLUMBIA,2022,301,22.000000
COLUMBIA,2022,300,22.000000
COLUMBIA,2022,299,22.000000
COLUMBIA,2022,298,22.000000
COLUMBIA,2022,297,22.000000
COLUMBIA,2022,296,
COLUMBIA,2022,295,
COLUMBIA,2022,294,22.000000
COLUMBIA,2022,293,22.000000
COLUMBIA,2022,292,22.000000
COLUMBIA,2022,291,22.000000
COLUMBIA,2022,290,22.000000
COLUMBIA,2022,289,
COLUMBIA,2022,288,
COLUMBIA,2022,287,23.750000
COLUMBIA,2022,286,23.750000
COLUMBIA,2022,285,23.750000
COLUMBIA,2022,284,23.750000
COLUMBIA,2022,283,
COLUMBIA,2022,282,
COLUMBIA,2022,281,
COLUMBIA,2022,280,23.750000
COLUMBIA,2022,279,23.750000
COLUMBIA,2022,278,23.750000
COLUMBIA,2022,277,23.750000
COLUMBIA,2022,276,23.750000
COLUMBIA,2022,275,
COLUMBIA,2022,274,
COLUMBIA,2022,273,
COLUMBIA,2022,272,22.000000
COLUMBIA,2022,271,22.000000
COLUMBIA,2022,270,22.000000
COLUMBIA,2022,269,22.000000
COLUMBIA,2022,268,
COLUMBIA,2022,267,
COLUMBIA,2022,266,22.000000
COLUMBIA,2022,265,22.000000
COLUMBIA,2022,264,22.000000
COLUMBIA,2022,263,22.000000
COLUMBIA,2022,262,22.000000
COLUMBIA,2022,261,
COLUMBIA,2022,260,
COLUMBIA,2022,259,22.000000
COLUMBIA,2022,258,22.000000
COLUMBIA,2022,257,22.000000
COLUMBIA,2022,256,22.000000
COLUMBIA,2022,255,22.000000
COLUMBIA,2022,254,
COLUMBIA,2022,253,
COLUMBIA,2022,252,22.000000
COLUMBIA,2022,251,22.000000
COLUMBIA,2022,250,22.000000
COLUMBIA,2022,249,22.000000
COLUMBIA,2022,248,
COLUMBIA,2022,247,
COLUMBIA,2022,246,
COLUMBIA,2022,245,22.000000
COLUMBIA,2022,244,22.000000
COLUMBIA,2022,243,22.000000
COLUMBIA,2022,242,22.000000
COLUMBIA,2022,241,22.000000
COLUMBIA,2022,240,
COLUMBIA,2022,239,
COLUMBIA,2022,238,22.000000
COLUMBIA,2022,237,22.000000
COLUMBIA,2022,236,22.000000
COLUMBIA,2022,235,22.000000
COLUMBIA,2022,234,22.000000
COLUMBIA,2022,233,
COLUMBIA,2022,232,
COLUMBIA,2022,231,21.000000
COLUMBIA,2022,230,21.000000
COLUMBIA,2022,229,21.000000
COLUMBIA,2022,228,22.000000
COLUMBIA,2022,227,22.000000
COLUMBIA,2022,226,
COLUMBIA,2022,225,
COLUMBIA,2022,224,22.000000
COLUMBIA,2022,223,22.000000
COLUMBIA,2022,222,22.000000
COLUMBIA,2022,221,22.000000
COLUMBIA,2022,220,22.000000
COLUMBIA,2022,219,
COLUMBIA,2022,218,
COLUMBIA,2022,217,22.000000
COLUMBIA,2022,216,22.000000
COLUMBIA,2022,215,22.000000
COLUMBIA,2022,214,22.000000
COLUMBIA,2022,213,22.000000
COLUMBIA,2022,212,
COLUMBIA,2022,211,
COLUMBIA,2022,210,22.000000
COLUMBIA,2022,209,22.000000
COLUMBIA,2022,208,22.000000
COLUMBIA,2022,207,22.000000
COLUMBIA,2022,206,22.000000
COLUMBIA,2022,205,
COLUMBIA,2022,204,
COLUMBIA,2022,203,22.000000
COLUMBIA,2022,202,22.000000
COLUMBIA,2022,201,22.000000
COLUMBIA,2022,200,22.000000
COLUMBIA,2022,199,22.000000
COLUMBIA,2022,198,
COLUMBIA,2022,197,
COLUMBIA,2022,196,22.000000
COLUMBIA,2022,195,22.000000
COLUMBIA,2022,194,22.000000
COLUMBIA,2022,193,22.000000
COLUMBIA,2022,192,22.000000
COLUMBIA,2022,191,
COLUMBIA,2022,190,
COLUMBIA,2022,189,22.000000
COLUMBIA,2022,188,22.000000
COLUMBIA,2022,187,22.000000
COLUMBIA,2022,186,22.000000
COLUMBIA,2022,185,
COLUMBIA,2022,184,
COLUMBIA,2022,183,
COLUMBIA,2022,182,22.000000
COLUMBIA,2022,181,22.000000
COLUMBIA,2022,180,22.000000
COLUMBIA,2022,179,22.000000
COLUMBIA,2022,178,22.000000
COLUMBIA,2022,177,
COLUMBIA,2022,176,
COLUMBIA,2022,175,22.000000
COLUMBIA,2022,174,22.000000
COLUMBIA,2022,173,22.000000
COLUMBIA,2022,172,22.000000
COLUMBIA,2022,171,22.000000
COLUMBIA,2022,170,
COLUMBIA,2022,169,
COLUMBIA,2022,168,22.000000
COLUMBIA,2022,167,22.000000
COLUMBIA,2022,166,22.000000
COLUMBIA,2022,165,22.000000
COLUMBIA,2022,164,22.000000
COLUMBIA,2022,163,
COLUMBIA,2022,162,
COLUMBIA,2022,161,34.500000
COLUMBIA,2022,160,34.500000
COLUMBIA,2022,159,34.500000
COLUMBIA,2022,158,34.500000
COLUMBIA,2022,157,34.500000
COLUMBIA,2022,156,
COLUMBIA,2022,155,
COLUMBIA,2022,154,34.500000
COLUMBIA,2022,153,34.500000
COLUMBIA,2022,152,34.500000
COLUMBIA,2022,151,34.500000
COLUMBIA,2022,150,
COLUMBIA,2022,149,
COLUMBIA,2022,148,
COLUMBIA,2022,147,34.500000
COLUMBIA,2022,146,34.500000
COLUMBIA,2022,145,34.500000
COLUMBIA,2022,144,34.500000
COLUMBIA,2022,143,34.500000
COLUMBIA,2022,142,
COLUMBIA,2022,141,
COLUMBIA,2022,140,34.500000
COLUMBIA,2022,139,34.500000
COLUMBIA,2022,138,34.500000
COLUMBIA,2022,137,34.500000
COLUMBIA,2022,136,34.500000
COLUMBIA,2022,135,
COLUMBIA,2022,134,
COLUMBIA,2022,133,34.500000
COLUMBIA,2022,132,34.500000
COLUMBIA,2022,131,33.500000
COLUMBIA,2022,130,
COLUMBIA,2022,129,33.500000
COLUMBIA,2022,128,
COLUMBIA,2022,127,
COLUMBIA,2022,126,33.500000
COLUMBIA,2022,125,33.500000
COLUMBIA,2022,124,33.500000
COLUMBIA,2022,123,33.500000
COLUMBIA,2022,122,33.500000
COLUMBIA,2022,121,
COLUMBIA,2022,120,
COLUMBIA,2022,119,42.500000
COLUMBIA,2022,118,42.500000
COLUMBIA,2022,117,42.500000
COLUMBIA,2022,116,42.500000
COLUMBIA,2022,115,42.500000
COLUMBIA,2022,114,
COLUMBIA,2022,113,
COLUMBIA,2022,112,34.000000
COLUMBIA,2022,111,34.000000
COLUMBIA,2022,110,34.000000
COLUMBIA,2022,109,34.000000
COLUMBIA,2022,108,34.000000
COLUMBIA,2022,107,
COLUMBIA,2022,106,
COLUMBIA,2022,105,34.000000
COLUMBIA,2022,104,34.000000
COLUMBIA,2022,103,34.000000
COLUMBIA,2022,102,34.000000
COLUMBIA,2022,101,34.000000
COLUMBIA,2022,100,
COLUMBIA,2022,99,
COLUMBIA,2022,98,34.000000
COLUMBIA,2022,97,34.000000
COLUMBIA,2022,96,32.500000
COLUMBIA,2022,95,32.500000
COLUMBIA,2022,94,32.500000
COLUMBIA,2022,93,
COLUMBIA,2022,92,
COLUMBIA,2022,91,32.500000
COLUMBIA,2022,90,32.500000
COLUMBIA,2022,89,32.500000
COLUMBIA,2022,88,32.500000
COLUMBIA,2022,87,32.500000
COLUMBIA,2022,86,
COLUMBIA,2022,85,
COLUMBIA,2022,84,32.500000
COLUMBIA,2022,83,32.500000
COLUMBIA,2022,82,32.500000
COLUMBIA,2022,81,32.500000
COLUMBIA,2022,80,
COLUMBIA,2022,79,
COLUMBIA,2022,78,
COLUMBIA,2022,77,32.500000
COLUMBIA,2022,76,32.500000
COLUMBIA,2022,75,32.500000
COLUMBIA,2022,74,42.500000
COLUMBIA,2022,73,
COLUMBIA,2022,72,
COLUMBIA,2022,71,
COLUMBIA,2022,70,42.500000
COLUMBIA,2022,69,42.500000
COLUMBIA,2022,68,42.500000
COLUMBIA,2022,67,42.500000
COLUMBIA,2022,66,42.500000
COLUMBIA,2022,65,
COLUMBIA,2022,64,
COLUMBIA,2022,63,42.500000
COLUMBIA,2022,62,42.500000
COLUMBIA,2022,61,42.500000
COLUMBIA,2022,60,42.500000
COLUMBIA,2022,59,42.500000
COLUMBIA,2022,58,
COLUMBIA,2022,57,
COLUMBIA,2022,56,42.500000
COLUMBIA,2022,55,42.500000
COLUMBIA,2022,54,42.500000
COLUMBIA,2022,53,42.500000
COLUMBIA,2022,52,
COLUMBIA,2022,51,
COLUMBIA,2022,50,
COLUMBIA,2022,49,34.666666
COLUMBIA,2022,48,34.666666
COLUMBIA,2022,47,36.666666
COLUMBIA,2022,46,36.666666
COLUMBIA,2022,45,36.666666
COLUMBIA,2022,44,
COLUMBIA,2022,43,
COLUMBIA,2022,42,36.666666
COLUMBIA,2022,41,36.666666
COLUMBIA,2022,40,36.666666
COLUMBIA,2022,39,36.666666
COLUMBIA,2022,38,36.666666
COLUMBIA,2022,37,
COLUMBIA,2022,36,
COLUMBIA,2022,35,42.500000
COLUMBIA,2022,34,42.500000
COLUMBIA,2022,33,42.500000
COLUMBIA,2022,32,42.500000
COLUMBIA,2022,31,42.500000
COLUMBIA,2022,30,
COLUMBIA,2022,29,
COLUMBIA,2022,28,42.500000
COLUMBIA,2022,27,42.500000
COLUMBIA,2022,26,42.500000
COLUMBIA,2022,25,42.500000
COLUMBIA,2022,24,42.500000
COLUMBIA,2022,23,
COLUMBIA,2022,22,
COLUMBIA,2022,21,42.500000
COLUMBIA,2022,20,42.500000
COLUMBIA,2022,19,42.500000
COLUMBIA,2022,18,42.500000
COLUMBIA,2022,17,
COLUMBIA,2022,16,
COLUMBIA,2022,15,
COLUMBIA,2022,14,42.500000
COLUMBIA,2022,13,42.500000
COLUMBIA,2022,12,42.500000
COLUMBIA,2022,11,42.500000
COLUMBIA,2022,10,42.500000
COLUMBIA,2022,9,
COLUMBIA,2022,8,
COLUMBIA,2022,7,42.500000
COLUMBIA,2022,6,42.500000
COLUMBIA,2022,5,
COLUMBIA,2022,4,42.500000
COLUMBIA,2022,3,
COLUMBIA,2022,2,
LOS ANGELES,2022,366,
LOS ANGELES,2022,365,
LOS ANGELES,2022,364,47.250000
LOS ANGELES,2022,363,47.250000
LOS ANGELES,2022,362,47.250000
LOS ANGELES,2022,361,51.000000
LOS ANGELES,2022,360,
LOS ANGELES,2022,359,
LOS ANGELES,2022,358,
LOS ANGELES,2022,357,51.000000
LOS ANGELES,2022,356,51.000000
LOS ANGELES,2022,355,51.000000
LOS ANGELES,2022,354,54.000000
LOS ANGELES,2022,353,53.250000
LOS ANGELES,2022,352,
LOS ANGELES,2022,351,
LOS ANGELES,2022,350,48.250000
LOS ANGELES,2022,349,48.250000
LOS ANGELES,2022,348,48.250000
LOS ANGELES,2022,347,48.250000
LOS ANGELES,2022,346,48.250000
LOS ANGELES,2022,345,
LOS ANGELES,2022,344,
LOS ANGELES,2022,343,48.250000
LOS ANGELES,2022,342,48.250000
LOS ANGELES,2022,341,48.250000
LOS ANGELES,2022,340,49.666666
LOS ANGELES,2022,339,52.333333
LOS ANGELES,2022,338,
LOS ANGELES,2022,337,
LOS ANGELES,2022,336,57.666666
LOS ANGELES,2022,335,59.000000
LOS ANGELES,2022,334,59.000000
LOS ANGELES,2022,333,59.000000
LOS ANGELES,2022,332,58.333333
LOS ANGELES,2022,331,
LOS ANGELES,2022,330,
LOS ANGELES,2022,329,53.000000
LOS ANGELES,2022,328,
LOS ANGELES,2022,327,45.666666
LOS ANGELES,2022,326,45.666666
LOS ANGELES,2022,325,39.500000
LOS ANGELES,2022,324,
LOS ANGELES,2022,323,
LOS ANGELES,2022,322,39.500000
LOS ANGELES,2022,321,30.500000
LOS ANGELES,2022,320,30.500000
LOS ANGELES,2022,319,30.500000
LOS ANGELES,2022,318,32.500000
LOS ANGELES,2022,317,
LOS ANGELES,2022,316,
LOS ANGELES,2022,315,
LOS ANGELES,2022,314,32.500000
LOS ANGELES,2022,313,32.500000
LOS ANGELES,2022,312,32.500000
LOS ANGELES,2022,311,32.500000
LOS ANGELES,2022,310,
LOS ANGELES,2022,309,
LOS ANGELES,2022,308,32.500000
LOS ANGELES,2022,307,32.500000
LOS ANGELES,2022,306,32.500000
LOS ANGELES,2022,305,32.500000
LOS ANGELES,2022,304,32.250000
LOS ANGELES,2022,303,
LOS ANGELES,2022,302,
LOS ANGELES,2022,301,32.250000
LOS ANGELES,2022,300,32.250000
LOS ANGELES,2022,299,32.250000
LOS ANGELES,2022,298,31.000000
LOS ANGELES,2022,297,25.500000
LOS ANGELES,2022,296,
LOS ANGELES,2022,295,
LOS ANGELES,2022,294,25.500000
LOS ANGELES,2022,293,25.500000
LOS ANGELES,2022,292,30.000000
LOS ANGELES,2022,291,30.000000
LOS ANGELES,2022,290,30.000000
LOS ANGELES,2022,289,
LOS ANGELES,2022,288,
LOS ANGELES,2022,287,30.000000
LOS ANGELES,2022,286,30.000000
LOS ANGELES,2022,285,30.000000
LOS ANGELES,2022,284,30.000000
LOS ANGELES,2022,283,
LOS ANGELES,2022,282,
LOS ANGELES,2022,281,
LOS ANGELES,2022,280,35.500000
LOS ANGELES,2022,279,35.500000
LOS ANGELES,2022,278,35.500000
LOS ANGELES,2022,277,35.500000
LOS ANGELES,2022,276,36.000000
LOS ANGELES,2022,275,
LOS ANGELES,2022,274,
LOS ANGELES,2022,273,36.000000
LOS ANGELES,2022,272,36.000000
LOS ANGELES,2022,271,36.000000
LOS ANGELES,2022,270,36.000000
LOS ANGELES,2022,269,36.000000
LOS ANGELES,2022,268,
LOS ANGELES,2022,267,
LOS ANGELES,2022,266,36.000000
LOS ANGELES,2022,265,36.000000
LOS ANGELES,2022,264,36.000000
LOS ANGELES,2022,263,36.000000
LOS ANGELES,2022,262,30.000000
LOS ANGELES,2022,261,
LOS ANGELES,2022,260,
LOS ANGELES,2022,259,30.000000
LOS ANGELES,2022,258,30.000000
LOS ANGELES,2022,257,30.000000
LOS ANGELES,2022,256,30.000000
LOS ANGELES,2022,255,30.000000
LOS ANGELES,2022,254,
LOS ANGELES,2022,253,
LOS ANGELES,2022,252,30.000000
LOS ANGELES,2022,251,30.000000
LOS ANGELES,2022,250,30.000000
LOS ANGELES,2022,249,30.000000
LOS ANGELES,2022,248,
LOS ANGELES,2022,247,
LOS ANGELES,2022,246,
LOS ANGELES,2022,245,30.000000
LOS ANGELES,2022,244,30.000000
LOS ANGELES,2022,243,30.000000
LOS ANGELES,2022,242,30.000000
LOS ANGELES,2022,241,24.000000
LOS ANGELES,2022,240,
LOS ANGELES,2022,239,
LOS ANGELES,2022,238,24.000000
LOS ANGELES,2022,237,24.000000
LOS ANGELES,2022,236,24.000000
LOS ANGELES,2022,235,24.000000
LOS ANGELES,2022,234,24.000000
LOS ANGELES,2022,233,
LOS ANGELES,2022,232,
LOS ANGELES,2022,231,24.000000
LOS ANGELES,2022,230,24.000000
LOS ANGELES,2022,229,21.000000
LOS ANGELES,2022,228,21.000000
LOS ANGELES,2022,227,21.000000
LOS ANGELES,2022,226,
LOS ANGELES,2022,225,
LOS ANGELES,2022,224,21.000000
LOS ANGELES,2022,223,21.000000
LOS ANGELES,2022,222,21.000000
LOS ANGELES,2022,221,21.000000
LOS ANGELES,2022,220,24.000000
LOS ANGELES,2022,219,
LOS ANGELES,2022,218,
LOS ANGELES,2022,217,24.000000
LOS ANGELES,2022,216,24.000000
LOS ANGELES,2022,215,24.000000
LOS ANGELES,2022,214,24.000000
LOS ANGELES,2022,213,24.000000
LOS ANGELES,2022,212,
LOS ANGELES,2022,211,
LOS ANGELES,2022,210,24.000000
LOS ANGELES,2022,209,22.000000
LOS ANGELES,2022,208,22.000000
LOS ANGELES,2022,207,22.000000
LOS ANGELES,2022,206,22.000000
LOS ANGELES,2022,205,
LOS ANGELES,2022,204,
LOS ANGELES,2022,203,22.000000
LOS ANGELES,2022,202,22.000000
LOS ANGELES,2022,201,22.000000
LOS ANGELES,2022,200,22.000000
LOS ANGELES,2022,199,22.000000
LOS ANGELES,2022,198,
LOS ANGELES,2022,197,
LOS ANGELES,2022,196,22.000000
LOS ANGELES,2022,195,22.000000
LOS ANGELES,2022,194,22.000000
LOS ANGELES,2022,193,22.000000
LOS ANGELES,2022,192,22.000000
LOS ANGELES,2022,191,
LOS ANGELES,2022,190,
LOS ANGELES,2022,189,22.000000
LOS ANGELES,2022,188,21.000000
LOS ANGELES,2022,187,17.500000
LOS ANGELES,2022,186,17.500000
LOS ANGELES,2022,185,
LOS ANGELES,2022,184,
LOS ANGELES,2022,183,
LOS ANGELES,2022,182,17.500000
LOS ANGELES,2022,181,17.500000
LOS ANGELES,2022,180,17.500000
LOS ANGELES,2022,179,17.500000
LOS ANGELES,2022,178,17.500000
LOS ANGELES,2022,177,
LOS ANGELES,2022,176,
LOS ANGELES,2022,175,17.500000
LOS ANGELES,2022,174,17.500000
LOS ANGELES,2022,173,17.500000
LOS ANGELES,2022,172,17.500000
LOS ANGELES,2022,171,
LOS ANGELES,2022,170,
LOS ANGELES,2022,169,
LOS ANGELES,2022,168,17.500000
LOS ANGELES,2022,167,17.500000
LOS ANGELES,2022,166,17.500000
LOS ANGELES,2022,165,17.500000
LOS ANGELES,2022,164,17.500000
LOS ANGELES,2022,163,
LOS ANGELES,2022,162,
LOS ANGELES,2022,161,0.700000
LOS ANGELES,2022,160,0.700000
LOS ANGELES,2022,159,0.700000
LOS ANGELES,2022,158,0.700000
LOS ANGELES,2022,157,0.700000
LOS ANGELES,2022,156,
LOS ANGELES,2022,155,
LOS ANGELES,2022,154,0.700000
LOS ANGELES,2022,153,0.700000
LOS ANGELES,2022,152,0.700000
LOS ANGELES,2022,151,0.700000
LOS ANGELES,2022,150,
LOS ANGELES,2022,149,
LOS ANGELES,2022,148,
LOS ANGELES,2022,147,0.700000
LOS ANGELES,2022,146,0.750000
LOS ANGELES,2022,145,0.750000
LOS ANGELES,2022,144,0.750000
LOS ANGELES,2022,143,0.750000
LOS ANGELES,2022,142,
LOS ANGELES,2022,141,
LOS ANGELES,2022,140,0.750000
LOS ANGELES,2022,139,0.950000
LOS ANGELES,2022,138,0.950000
LOS ANGELES,2022,137,15.475000
LOS ANGELES,2022,136,15.475000
LOS ANGELES,2022,135,
LOS ANGELES,2022,134,
LOS ANGELES,2022,133,15.475000
LOS ANGELES,2022,132,15.475000
LOS ANGELES,2022,131,15.475000
LOS ANGELES,2022,130,15.550000
LOS ANGELES,2022,129,15.550000
LOS ANGELES,2022,128,
LOS ANGELES,2022,127,
LOS ANGELES,2022,126,15.550000
LOS ANGELES,2022,125,15.550000
LOS ANGELES,2022,124,15.550000
LOS ANGELES,2022,123,15.550000
LOS ANGELES,2022,122,15.550000
LOS ANGELES,2022,121,
LOS ANGELES,2022,120,
LOS ANGELES,2022,119,15.550000
LOS ANGELES,2022,118,15.550000
LOS ANGELES,2022,117,15.550000
LOS ANGELES,2022,116,15.550000
LOS ANGELES,2022,115,15.550000
LOS ANGELES,2022,114,
LOS ANGELES,2022,113,
LOS ANGELES,2022,112,15.550000
LOS ANGELES,2022,111,15.550000
LOS ANGELES,2022,110,16.550000
LOS ANGELES,2022,109,16.550000
LOS ANGELES,2022,108,16.550000
LOS ANGELES,2022,107,
LOS ANGELES,2022,106,
LOS ANGELES,2022,105,16.550000
LOS ANGELES,2022,104,16.550000
LOS ANGELES,2022,103,16.550000
LOS ANGELES,2022,102,16.550000
LOS ANGELES,2022,101,16.550000
LOS ANGELES,2022,100,
LOS ANGELES,2022,99,
LOS ANGELES,2022,98,16.550000
LOS ANGELES,2022,97,16.550000
LOS ANGELES,2022,96,16.550000
LOS ANGELES,2022,95,16.550000
LOS ANGELES,2022,94,16.550000
LOS ANGELES,2022,93,
LOS ANGELES,2022,92,
LOS ANGELES,2022,91,16.550000
LOS ANGELES,2022,90,16.550000
LOS ANGELES,2022,89,16.550000
LOS ANGELES,2022,88,16.550000
LOS ANGELES,2022,87,16.400000
LOS ANGELES,2022,86,
LOS ANGELES,2022,85,
LOS ANGELES,2022,84,16.400000
LOS ANGELES,2022,83,16.400000
LOS ANGELES,2022,82,16.400000
LOS ANGELES,2022,81,16.400000
LOS ANGELES,2022,80,16.400000
LOS ANGELES,2022,79,
LOS ANGELES,2022,78,
LOS ANGELES,2022,77,16.400000
LOS ANGELES,2022,76,16.400000
LOS ANGELES,2022,75,16.400000
LOS ANGELES,2022,74,16.400000
LOS ANGELES,2022,73,16.400000
LOS ANGELES,2022,72,
LOS ANGELES,2022,71,
LOS ANGELES,2022,70,16.400000
LOS ANGELES,2022,69,16.400000
LOS ANGELES,2022,68,16.325000
LOS ANGELES,2022,67,16.325000
LOS ANGELES,2022,66,16.325000
LOS ANGELES,2022,65,
LOS ANGELES,2022,64,
LOS ANGELES,2022,63,16.325000
LOS ANGELES,2022,62,16.325000
LOS ANGELES,2022,61,16.325000
LOS ANGELES,2022,60,16.325000
LOS ANGELES,2022,59,18.325000
LOS ANGELES,2022,58,
LOS ANGELES,2022,57,
LOS ANGELES,2022,56,18.325000
LOS ANGELES,2022,55,18.325000
LOS ANGELES,2022,54,18.325000
LOS ANGELES,2022,53,18.325000
LOS ANGELES,2022,52,
LOS ANGELES,2022,51,
LOS ANGELES,2022,50,
LOS ANGELES,2022,49,18.325000
LOS ANGELES,2022,48,18.325000
LOS ANGELES,2022,47,0.650000
LOS ANGELES,2022,46,0.650000
LOS ANGELES,2022,45,0.650000
LOS ANGELES,2022,44,
LOS ANGELES,2022,43,
LOS ANGELES,2022,42,0.650000
LOS ANGELES,2022,41,0.650000
LOS ANGELES,2022,40,0.650000
LOS ANGELES,2022,39,0.650000
LOS ANGELES,2022,38,0.650000
LOS ANGELES,2022,37,
LOS ANGELES,2022,36,
LOS ANGELES,2022,35,0.650000
LOS ANGELES,2022,34,0.650000
LOS ANGELES,2022,33,0.650000
LOS ANGELES,2022,32,0.650000
LOS ANGELES,2022,31,0.650000
LOS ANGELES,2022,30,
LOS ANGELES,2022,29,
LOS ANGELES,2022,28,0.650000
LOS ANGELES,2022,27,0.650000
LOS ANGELES,2022,26,0.650000
LOS ANGELES,2022,25,0.650000
LOS ANGELES,2022,24,0.650000
LOS ANGELES,2022,23,
LOS ANGELES,2022,22,
LOS ANGELES,2022,21,0.650000
LOS ANGELES,2022,20,0.650000
LOS ANGELES,2022,19,0.650000
LOS ANGELES,2022,18,0.650000
LOS ANGELES,2022,17,
LOS ANGELES,2022,16,
LOS ANGELES,2022,15,
LOS ANGELES,2022,14,0.650000
LOS ANGELES,2022,13,0.650000
LOS ANGELES,2022,12,0.650000
LOS ANGELES,2022,11,0.650000
LOS ANGELES,2022,10,0.650000
LOS ANGELES,2022,9,
LOS ANGELES,2022,8,
LOS ANGELES,2022,7,0.650000
LOS ANGELES,2022,6,0.650000
LOS ANGELES,2022,5,0.650000
LOS ANGELES,2022,4,0.650000
LOS ANGELES,2022,3,
LOS ANGELES,2022,2,
MIAMI,2022,366,
MIAMI,2022,365,
MIAMI,2022,364,25.000000
MIAMI,2022,363,25.000000
MIAMI,2022,362,25.000000
MIAMI,2022,361,25.000000
MIAMI,2022,360,
MIAMI,2022,359,
MIAMI,2022,358,
MIAMI,2022,357,25.000000
MIAMI,2022,356,25.000000
MIAMI,2022,355,25.000000
MIAMI,2022,354,25.000000
MIAMI,2022,353,25.000000
MIAMI,2022,352,
MIAMI,2022,351,
MIAMI,2022,350,25.000000
MIAMI,2022,349,25.000000
MIAMI,2022,348,25.000000
MIAMI,2022,347,25.000000
MIAMI,2022,346,25.000000
MIAMI,2022,345,
MIAMI,2022,344,
MIAMI,2022,343,25.000000
MIAMI,2022,342,25.000000
MIAMI,2022,341,25.000000
MIAMI,2022,340,25.000000
MIAMI,2022,339,25.000000
MIAMI,2022,338,
MIAMI,2022,337,
MIAMI,2022,336,25.000000
MIAMI,2022,335,25.000000
MIAMI,2022,334,25.000000
MIAMI,2022,333,25.000000
MIAMI,2022,332,25.000000
MIAMI,2022,331,
MIAMI,2022,330,
MIAMI,2022,329,25.000000
MIAMI,2022,328,
MIAMI,2022,327,25.000000
MIAMI,2022,326,25.000000
MIAMI,2022,325,25.000000
MIAMI,2022,324,
MIAMI,2022,323,
MIAMI,2022,322,25.000000
MIAMI,2022,321,25.000000
MIAMI,2022,320,25.000000
MIAMI,2022,319,25.000000
MIAMI,2022,318,25.000000
MIAMI,2022,317,
MIAMI,2022,316,
MIAMI,2022,315,
MIAMI,2022,314,25.000000
MIAMI,2022,313,25.000000
MIAMI,2022,312,25.000000
MIAMI,2022,311,25.000000
MIAMI,2022,310,
MIAMI,2022,309,
MIAMI,2022,308,25.000000
MIAMI,2022,307,25.000000
MIAMI,2022,306,25.000000
MIAMI,2022,305,25.000000
MIAMI,2022,304,25.000000
MIAMI,2022,303,
MIAMI,2022,302,
MIAMI,2022,301,25.000000
MIAMI,2022,300,25.000000
MIAMI,2022,299,25.000000
MIAMI,2022,298,25.000000
MIAMI,2022,297,25.000000
MIAMI,2022,296,
MIAMI,2022,295,
MIAMI,2022,294,25.000000
MIAMI,2022,293,25.000000
MIAMI,2022,292,25.000000
MIAMI,2022,291,25.000000
MIAMI,2022,290,25.000000
MIAMI,2022,289,
MIAMI,2022,288,
MIAMI,2022,287,25.000000
MIAMI,2022,286,25.000000
MIAMI,2022,285,25.000000
MIAMI,2022,284,25.000000
MIAMI,2022,283,
MIAMI,2022,282,
MIAMI,2022,281,
MIAMI,2022,280,25.000000
MIAMI,2022,279,25.000000
MIAMI,2022,278,25.000000
MIAMI,2022,277,25.000000
MIAMI,2022,276,25.000000
MIAMI,2022,275,
MIAMI,2022,274,
MIAMI,2022,273,25.000000
MIAMI,2022,272,25.000000
MIAMI,2022,271,25.000000
MIAMI,2022,270,25.000000
MIAMI,2022,269,25.000000
MIAMI,2022,268,
MIAMI,2022,267,
MIAMI,2022,266,25.000000
MIAMI,2022,265,25.000000
MIAMI,2022,264,25.000000
MIAMI,2022,263,25.000000
MIAMI,2022,262,25.000000
MIAMI,2022,261,
MIAMI,2022,260,
MIAMI,2022,259,25.000000
MIAMI,2022,258,25.000000
MIAMI,2022,257,25.000000
MIAMI,2022,256,25.000000
MIAMI,2022,255,25.000000
MIAMI,2022,254,
MIAMI,2022,253,
MIAMI,2022,252,25.000000
MIAMI,2022,251,25.000000
MIAMI,2022,250,25.000000
MIAMI,2022,249,25.000000
MIAMI,2022,248,
MIAMI,2022,247,
MIAMI,2022,246,
MIAMI,2022,245,25.000000
MIAMI,2022,244,25.000000
MIAMI,2022,243,25.000000
MIAMI,2022,242,25.000000
MIAMI,2022,241,25.000000
MIAMI,2022,240,
MIAMI,2022,239,
MIAMI,2022,238,25.000000
MIAMI,2022,237,25.000000
MIAMI,2022,236,25.000000
MIAMI,2022,235,25.000000
MIAMI,2022,234,25.000000
MIAMI,2022,233,
MIAMI,2022,232,
MIAMI,2022,231,25.000000
MIAMI,2022,230,25.000000
MIAMI,2022,229,25.000000
MIAMI,2022,228,25.000000
MIAMI,2022,227,25.000000
MIAMI,2022,226,
MIAMI,2022,225,
MIAMI,2022,224,25.000000
MIAMI,2022,223,25.000000
MIAMI,2022,222,25.000000
MIAMI,2022,221,25.000000
MIAMI,2022,220,25.000000
MIAMI,2022,219,
MIAMI,2022,218,
MIAMI,2022,217,25.000000
MIAMI,2022,216,25.000000
MIAMI,2022,215,25.000000
MIAMI,2022,214,25.000000
MIAMI,2022,213,25.000000
MIAMI,2022,212,
MIAMI,2022,211,
MIAMI,2022,210,25.000000
MIAMI,2022,209,25.000000
MIAMI,2022,208,25.000000
MIAMI,2022,207,25.000000
MIAMI,2022,206,25.000000
MIAMI,2022,205,
MIAMI,2022,204,
MIAMI,2022,203,25.000000
MIAMI,2022,202,25.000000
MIAMI,2022,201,25.000000
MIAMI,2022,200,25.000000
MIAMI,2022,199,25.000000
MIAMI,2022,198,
MIAMI,2022,197,
MIAMI,2022,196,25.000000
MIAMI,2022,195,25.000000
MIAMI,2022,194,25.000000
MIAMI,2022,193,25.000000
MIAMI,2022,192,25.000000
MIAMI,2022,191,
MIAMI,2022,190,
MIAMI,2022,189,25.000000
MIAMI,2022,188,25.000000
MIAMI,2022,187,25.000000
MIAMI,2022,186,25.000000
MIAMI,2022,185,
MIAMI,2022,184,
MIAMI,2022,183,
MIAMI,2022,182,25.000000
MIAMI,2022,181,25.000000
MIAMI,2022,180,25.000000
MIAMI,2022,179,25.000000
MIAMI,2022,178,25.000000
MIAMI,2022,177,
MIAMI,2022,176,
MIAMI,2022,175,25.000000
MIAMI,2022,174,25.000000
MIAMI,2022,173,25.000000
MIAMI,2022,172,25.000000
MIAMI,2022,171,
MIAMI,2022,170,
MIAMI,2022,169,
MIAMI,2022,168,25.000000
MIAMI,2022,167,25.000000
MIAMI,2022,166,25.000000
MIAMI,2022,165,25.000000
MIAMI,2022,164,25.000000
MIAMI,2022,163,
MIAMI,2022,162,
MIAMI,2022,161,25.000000
MIAMI,2022,160,25.000000
MIAMI,2022,159,25.000000
MIAMI,2022,158,25.000000
MIAMI,2022,157,25.000000
MIAMI,2022,156,
MIAMI,2022,155,
MIAMI,2022,154,25.000000
MIAMI,2022,153,25.000000
MIAMI,2022,152,25.000000
MIAMI,2022,151,25.000000
MIAMI,2022,150,
MIAMI,2022,149,
MIAMI,2022,148,
MIAMI,2022,147,25.000000
MIAMI,2022,146,25.000000
MIAMI,2022,145,25.000000
MIAMI,2022,144,25.000000
MIAMI,2022,143,25.000000
MIAMI,2022,142,
MIAMI,2022,141,
MIAMI,2022,140,25.000000
MIAMI,2022,139,25.000000
MIAMI,2022,138,25.000000
MIAMI,2022,137,25.000000
MIAMI,2022,136,25.000000
MIAMI,2022,135,
MIAMI,2022,134,
MIAMI,2022,133,25.000000
MIAMI,2022,132,25.000000
MIAMI,2022,131,25.000000
MIAMI,2022,130,25.000000
MIAMI,2022,129,25.000000
MIAMI,2022,128,
MIAMI,2022,127,
MIAMI,2022,126,25.000000
MIAMI,2022,125,25.000000
MIAMI,2022,124,25.000000
MIAMI,2022,123,25.000000
MIAMI,2022,122,25.000000
MIAMI,2022,121,
MIAMI,2022,120,
MIAMI,2022,119,25.000000
MIAMI,2022,118,25.000000
MIAMI,2022,117,25.000000
MIAMI,2022,116,25.000000
MIAMI,2022,115,25.000000
MIAMI,2022,114,
MIAMI,2022,113,
MIAMI,2022,112,25.000000
MIAMI,2022,111,25.000000
MIAMI,2022,110,25.000000
MIAMI,2022,109,25.000000
MIAMI,2022,108,25.000000
MIAMI,2022,107,
MIAMI,2022,106,
MIAMI,2022,105,25.000000
MIAMI,2022,104,25.000000
MIAMI,2022,103,25.000000
MIAMI,2022,102,25.000000
MIAMI,2022,101,25.000000
MIAMI,2022,100,
MIAMI,2022,99,
MIAMI,2022,98,25.000000
MIAMI,2022,97,25.000000
MIAMI,2022,96,25.000000
MIAMI,2022,95,25.000000
MIAMI,2022,94,25.000000
MIAMI,2022,93,
MIAMI,2022,92,
MIAMI,2022,91,25.000000
MIAMI,2022,90,25.000000
MIAMI,2022,89,25.000000
MIAMI,2022,88,25.000000
MIAMI,2022,87,25.000000
MIAMI,2022,86,
MIAMI,2022,85,
MIAMI,2022,84,25.000000
MIAMI,2022,83,25.000000
MIAMI,2022,82,25.000000
MIAMI,2022,81,25.000000
MIAMI,2022,80,25.000000
MIAMI,2022,79,
MIAMI,2022,78,
MIAMI,2022,77,25.000000
MIAMI,2022,76,25.000000
MIAMI,2022,75,25.000000
MIAMI,2022,74,25.000000
MIAMI,2022,73,25.000000
MIAMI,2022,72,
MIAMI,2022,71,
MIAMI,2022,70,25.000000
MIAMI,2022,69,25.000000
MIAMI,2022,68,25.000000
MIAMI,2022,67,25.000000
MIAMI,2022,66,25.000000
MIAMI,2022,65,
MIAMI,2022,64,
MIAMI,2022,63,25.000000
MIAMI,2022,62,25.000000
MIAMI,2022,61,25.000000
MIAMI,2022,60,25.000000
MIAMI,2022,59,25.000000
MIAMI,2022,58,
MIAMI,2022,57,
MIAMI,2022,56,25.000000
MIAMI,2022,55,25.000000
MIAMI,2022,54,35.000000
MIAMI,2022,53,35.000000
MIAMI,2022,52,
MIAMI,2022,51,
MIAMI,2022,50,
MIAMI,2022,49,35.000000
MIAMI,2022,48,35.000000
MIAMI,2022,47,35.000000
MIAMI,2022,46,35.000000
MIAMI,2022,45,35.000000
MIAMI,2022,44,
MIAMI,2022,43,
MIAMI,2022,42,35.000000
MIAMI,2022,41,35.000000
MIAMI,2022,40,35.000000
MIAMI,2022,39,35.000000
MIAMI,2022,38,35.000000
MIAMI,2022,37,
MIAMI,2022,36,
MIAMI,2022,35,35.000000
MIAMI,2022,34,35.000000
MIAMI,2022,33,35.000000
MIAMI,2022,32,35.000000
MIAMI,2022,31,35.000000
MIAMI,2022,30,
MIAMI,2022,29,
MIAMI,2022,28,35.000000
MIAMI,2022,27,35.000000
MIAMI,2022,26,35.000000
MIAMI,2022,25,35.000000
MIAMI,2022,24,35.000000
MIAMI,2022,23,
MIAMI,2022,22,
MIAMI,2022,21,35.000000
MIAMI,2022,20,35.000000
MIAMI,2022,19,35.000000
MIAMI,2022,18,35.000000
MIAMI,2022,17,
MIAMI,2022,16,
MIAMI,2022,15,
MIAMI,2022,14,35.000000
MIAMI,2022,13,35.000000
MIAMI,2022,12,41.000000
MIAMI,2022,11,41.000000
MIAMI,2022,10,41.000000
MIAMI,2022,9,
MIAMI,2022,8,
MIAMI,2022,7,
MIAMI,2022,6,
MIAMI,2022,5,
MIAMI,2022,4,
MIAMI,2022,3,
MIAMI,2022,2,
NEW YORK,2022,366,
NEW YORK,2022,365,
NEW YORK,2022,364,40.000000
NEW YORK,2022,363,40.000000
NEW YORK,2022,362,40.000000
NEW YORK,2022,361,45.000000
NEW YORK,2022,360,
NEW YORK,2022,359,
NEW YORK,2022,358,
NEW YORK,2022,357,53.000000
NEW YORK,2022,356,53.000000
NEW YORK,2022,355,53.000000
NEW YORK,2022,354,53.000000
NEW YORK,2022,353,
NEW YORK,2022,352,
NEW YORK,2022,351,
NEW YORK,2022,350,31.000000
NEW YORK,2022,349,31.000000
NEW YORK,2022,348,31.000000
NEW YORK,2022,347,31.000000
NEW YORK,2022,346,49.000000
NEW YORK,2022,345,
NEW YORK,2022,344,
NEW YORK,2022,343,49.000000
NEW YORK,2022,342,49.000000
NEW YORK,2022,341,49.000000
NEW YORK,2022,340,49.000000
NEW YORK,2022,339,49.250000
NEW YORK,2022,338,
NEW YORK,2022,337,
NEW YORK,2022,336,50.500000
NEW YORK,2022,335,48.500000
NEW YORK,2022,334,48.500000
NEW YORK,2022,333,48.500000
NEW YORK,2022,332,36.000000
NEW YORK,2022,331,
NEW YORK,2022,330,
NEW YORK,2022,329,
NEW YORK,2022,328,
NEW YORK,2022,327,36.000000
NEW YORK,2022,326,36.000000
NEW YORK,2022,325,36.000000
NEW YORK,2022,324,
NEW YORK,2022,323,
NEW YORK,2022,322,32.000000
NEW YORK,2022,321,32.000000
NEW YORK,2022,320,32.000000
NEW YORK,2022,319,32.000000
NEW YORK,2022,318,32.000000
NEW YORK,2022,317,
NEW YORK,2022,316,
NEW YORK,2022,315,
NEW YORK,2022,314,31.666666
NEW YORK,2022,313,31.666666
NEW YORK,2022,312,31.000000
NEW YORK,2022,311,26.666666
NEW YORK,2022,310,
NEW YORK,2022,309,
NEW YORK,2022,308,26.666666
NEW YORK,2022,307,26.666666
NEW YORK,2022,306,26.666666
NEW YORK,2022,305,26.666666
NEW YORK,2022,304,25.666666
NEW YORK,2022,303,
NEW YORK,2022,302,
NEW YORK,2022,301,25.000000
NEW YORK,2022,300,25.000000
NEW YORK,2022,299,25.000000
NEW YORK,2022,298,25.000000
NEW YORK,2022,297,26.000000
NEW YORK,2022,296,
NEW YORK,2022,295,
NEW YORK,2022,294,26.000000
NEW YORK,2022,293,26.000000
NEW YORK,2022,292,26.000000
NEW YORK,2022,291,26.000000
NEW YORK,2022,290,26.000000
NEW YORK,2022,289,
NEW YORK,2022,288,
NEW YORK,2022,287,25.666666
NEW YORK,2022,286,25.666666
NEW YORK,2022,285,25.666666
NEW YORK,2022,284,23.000000
NEW YORK,2022,283,
NEW YORK,2022,282,
NEW YORK,2022,281,
NEW YORK,2022,280,25.000000
NEW YORK,2022,279,25.000000
NEW YORK,2022,278,25.000000
NEW YORK,2022,277,25.000000
NEW YORK,2022,276,26.000000
NEW YORK,2022,275,
NEW YORK,2022,274,
NEW YORK,2022,273,25.333333
NEW YORK,2022,272,25.333333
NEW YORK,2022,271,25.333333
NEW YORK,2022,270,24.666666
NEW YORK,2022,269,24.666666
NEW YORK,2022,268,
NEW YORK,2022,267,
NEW YORK,2022,266,24.666666
NEW YORK,2022,265,24.666666
NEW YORK,2022,264,24.666666
NEW YORK,2022,263,24.666666
NEW YORK,2022,262,19.000000
NEW YORK,2022,261,
NEW YORK,2022,260,
NEW YORK,2022,259,18.000000
NEW YORK,2022,258,18.000000
NEW YORK,2022,257,26.500000
NEW YORK,2022,256,26.500000
NEW YORK,2022,255,19.000000
NEW YORK,2022,254,
NEW YORK,2022,253,
NEW YORK,2022,252,18.000000
NEW YORK,2022,251,18.000000
NEW YORK,2022,250,18.000000
NEW YORK,2022,249,31.500000
NEW YORK,2022,248,
NEW YORK,2022,247,
NEW YORK,2022,246,
NEW YORK,2022,245,27.000000
NEW YORK,2022,244,27.000000
NEW YORK,2022,243,27.333333
NEW YORK,2022,242,27.333333
NEW YORK,2022,241,27.833333
NEW YORK,2022,240,
NEW YORK,2022,239,
NEW YORK,2022,238,27.833333
NEW YORK,2022,237,27.833333
NEW YORK,2022,236,18.000000
NEW YORK,2022,235,21.666666
NEW YORK,2022,234,21.666666
NEW YORK,2022,233,
NEW YORK,2022,232,
NEW YORK,2022,231,23.000000
NEW YORK,2022,230,23.000000
NEW YORK,2022,229,23.000000
NEW YORK,2022,228,23.000000
NEW YORK,2022,227,23.000000
NEW YORK,2022,226,
NEW YORK,2022,225,
NEW YORK,2022,224,22.333333
NEW YORK,2022,223,22.333333
NEW YORK,2022,222,22.000000
NEW YORK,2022,221,22.000000
NEW YORK,2022,220,22.000000
NEW YORK,2022,219,
NEW YORK,2022,218,
NEW YORK,2022,217,24.500000
NEW YORK,2022,216,24.500000
NEW YORK,2022,215,25.500000
NEW YORK,2022,214,25.500000
NEW YORK,2022,213,25.500000
NEW YORK,2022,212,
NEW YORK,2022,211,
NEW YORK,2022,210,22.666666
NEW YORK,2022,209,25.500000
NEW YORK,2022,208,25.666666
NEW YORK,2022,207,26.000000
NEW YORK,2022,206,26.000000
NEW YORK,2022,205,
NEW YORK,2022,204,
NEW YORK,2022,203,25.666666
NEW YORK,2022,202,25.666666
NEW YORK,2022,201,26.000000
NEW YORK,2022,200,25.500000
NEW YORK,2022,199,25.500000
NEW YORK,2022,198,
NEW YORK,2022,197,
NEW YORK,2022,196,25.500000
NEW YORK,2022,195,25.500000
NEW YORK,2022,194,25.500000
NEW YORK,2022,193,26.000000
NEW YORK,2022,192,26.000000
NEW YORK,2022,191,
NEW YORK,2022,190,
NEW YORK,2022,189,23.000000
NEW YORK,2022,188,23.000000
NEW YORK,2022,187,26.000000
NEW YORK,2022,186,22.000000
NEW YORK,2022,185,
NEW YORK,2022,184,
NEW YORK,2022,183,
NEW YORK,2022,182,27.000000
NEW YORK,2022,181,27.000000
NEW YORK,2022,180,27.000000
NEW YORK,2022,179,27.000000
NEW YORK,2022,178,27.000000
NEW YORK,2022,177,
NEW YORK,2022,176,
NEW YORK,2022,175,27.000000
NEW YORK,2022,174,27.000000
NEW YORK,2022,173,27.000000
NEW YORK,2022,172,27.000000
NEW YORK,2022,171,
NEW YORK,2022,170,
NEW YORK,2022,169,
NEW YORK,2022,168,22.000000
NEW YORK,2022,167,22.000000
NEW YORK,2022,166,27.833333
NEW YORK,2022,165,27.833333
NEW YORK,2022,164,27.833333
NEW YORK,2022,163,
NEW YORK,2022,162,
NEW YORK,2022,161,27.833333
NEW YORK,2022,160,28.750000
NEW YORK,2022,159,28.750000
NEW YORK,2022,158,28.750000
NEW YORK,2022,157,22.000000
NEW YORK,2022,156,
NEW YORK,2022,155,
NEW YORK,2022,154,22.000000
NEW YORK,2022,153,22.000000
NEW YORK,2022,152,22.000000
NEW YORK,2022,151,22.000000
NEW YORK,2022,150,
NEW YORK,2022,149,
NEW YORK,2022,148,
NEW YORK,2022,147,30.500000
NEW YORK,2022,146,30.500000
NEW YORK,2022,145,30.500000
NEW YORK,2022,144,30.500000
NEW YORK,2022,143,30.500000
NEW YORK,2022,142,
NEW YORK,2022,141,
NEW YORK,2022,140,30.500000
NEW YORK,2022,139,30.500000
NEW YORK,2022,138,30.500000
NEW YORK,2022,137,33.250000
NEW YORK,2022,136,33.250000
NEW YORK,2022,135,
NEW YORK,2022,134,
NEW YORK,2022,133,33.500000
NEW YORK,2022,132,33.500000
NEW YORK,2022,131,33.500000
NEW YORK,2022,130,33.500000
NEW YORK,2022,129,33.500000
NEW YORK,2022,128,
NEW YORK,2022,127,
NEW YORK,2022,126,34.500000
NEW YORK,2022,125,34.500000
NEW YORK,2022,124,34.500000
NEW YORK,2022,123,47.000000
NEW YORK,2022,122,50.000000
NEW YORK,2022,121,
NEW YORK,2022,120,
NEW YORK,2022,119,42.000000
NEW YORK,2022,118,42.000000
NEW YORK,2022,117,42.000000
NEW YORK,2022,116,42.000000
NEW YORK,2022,115,42.000000
NEW YORK,2022,114,
NEW YORK,2022,113,
NEW YORK,2022,112,34.500000
NEW YORK,2022,111,34.500000
NEW YORK,2022,110,34.500000
NEW YORK,2022,109,33.750000
NEW YORK,2022,108,
NEW YORK,2022,107,
NEW YORK,2022,106,
NEW YORK,2022,105,34.833333
NEW YORK,2022,104,34.833333
NEW YORK,2022,103,34.833333
NEW YORK,2022,102,35.333333
NEW YORK,2022,101,35.333333
NEW YORK,2022,100,
NEW YORK,2022,99,
NEW YORK,2022,98,31.000000
NEW YORK,2022,97,31.000000
NEW YORK,2022,96,31.000000
NEW YORK,2022,95,31.000000
NEW YORK,2022,94,31.000000
NEW YORK,2022,93,
NEW YORK,2022,92,
NEW YORK,2022,91,30.500000
NEW YORK,2022,90,30.500000
NEW YORK,2022,89,30.500000
NEW YORK,2022,88,30.500000
NEW YORK,2022,87,30.500000
NEW YORK,2022,86,
NEW YORK,2022,85,
NEW YORK,2022,84,29.500000
NEW YORK,2022,83,29.500000
NEW YORK,2022,82,29.500000
NEW YORK,2022,81,29.500000
NEW YORK,2022,80,31.250000
NEW YORK,2022,79,
NEW YORK,2022,78,
NEW YORK,2022,77,31.250000
NEW YORK,2022,76,31.250000
NEW YORK,2022,75,31.250000
NEW YORK,2022,74,31.250000
NEW YORK,2022,73,31.250000
NEW YORK,2022,72,
NEW YORK,2022,71,
NEW YORK,2022,70,31.500000
NEW YORK,2022,69,31.500000
NEW YORK,2022,68,31.500000
NEW YORK,2022,67,31.500000
NEW YORK,2022,66,31.500000
NEW YORK,2022,65,
NEW YORK,2022,64,
NEW YORK,2022,63,16.000000
NEW YORK,2022,62,16.000000
NEW YORK,2022,61,21.500000
NEW YORK,2022,60,21.000000
NEW YORK,2022,59,21.000000
NEW YORK,2022,58,
NEW YORK,2022,57,
NEW YORK,2022,56,22.000000
NEW YORK,2022,55,22.000000
NEW YORK,2022,54,22.000000
NEW YORK,2022,53,22.000000
NEW YORK,2022,52,
NEW YORK,2022,51,
NEW YORK,2022,50,
NEW YORK,2022,49,22.000000
NEW YORK,2022,48,22.000000
NEW YORK,2022,47,22.000000
NEW YORK,2022,46,22.000000
NEW YORK,2022,45,22.000000
NEW YORK,2022,44,
NEW YORK,2022,43,
NEW YORK,2022,42,23.000000
NEW YORK,2022,41,23.000000
NEW YORK,2022,40,23.000000
NEW YORK,2022,39,23.000000
NEW YORK,2022,38,23.000000
NEW YORK,2022,37,
NEW YORK,2022,36,
NEW YORK,2022,35,22.500000
NEW YORK,2022,34,22.500000
NEW YORK,2022,33,22.500000
NEW YORK,2022,32,23.000000
NEW YORK,2022,31,23.000000
NEW YORK,2022,30,
NEW YORK,2022,29,
NEW YORK,2022,28,26.000000
NEW YORK,2022,27,26.000000
NEW YORK,2022,26,26.000000
NEW YORK,2022,25,26.000000
NEW YORK,2022,24,26.000000
NEW YORK,2022,23,
NEW YORK,2022,22,
NEW YORK,2022,21,26.000000
NEW YORK,2022,20,26.000000
NEW YORK,2022,19,26.000000
NEW YORK,2022,18,25.000000
NEW YORK,2022,17,
NEW YORK,2022,16,
NEW YORK,2022,15,
NEW YORK,2022,14,34.500000
NEW YORK,2022,13,34.500000
NEW YORK,2022,12,34.500000
NEW YORK,2022,11,34.500000
NEW YORK,2022,10,32.166666
NEW YORK,2022,9,
NEW YORK,2022,8,
NEW YORK,2022,7,30.500000
NEW YORK,2022,6,30.500000
NEW YORK,2022,5,32.750000
NEW YORK,2022,4,32.750000
NEW YORK,2022,3,35.666666
NEW YORK,2022,2,
PHILADELPHIA,2022,366,
PHILADELPHIA,2022,365,
PHILADELPHIA,2022,364,44.500000
PHILADELPHIA,2022,363,44.500000
PHILADELPHIA,2022,362,44.500000
PHILADELPHIA,2022,361,44.000000
PHILADELPHIA,2022,360,
PHILADELPHIA,2022,359,
PHILADELPHIA,2022,358,
PHILADELPHIA,2022,357,50.750000
PHILADELPHIA,2022,356,50.750000
PHILADELPHIA,2022,355,50.750000
PHILADELPHIA,2022,354,50.750000
PHILADELPHIA,2022,353,50.750000
PHILADELPHIA,2022,352,
PHILADELPHIA,2022,351,
PHILADELPHIA,2022,350,52.000000
PHILADELPHIA,2022,349,52.000000
PHILADELPHIA,2022,348,52.000000
PHILADELPHIA,2022,347,52.000000
PHILADELPHIA,2022,346,52.000000
PHILADELPHIA,2022,345,
PHILADELPHIA,2022,344,
PHILADELPHIA,2022,343,52.000000
PHILADELPHIA,2022,342,52.000000
PHILADELPHIA,2022,341,52.000000
PHILADELPHIA,2022,340,52.000000
PHILADELPHIA,2022,339,29.000000
PHILADELPHIA,2022,338,
PHILADELPHIA,2022,337,
PHILADELPHIA,2022,336,49.500000
PHILADELPHIA,2022,335,49.500000
PHILADELPHIA,2022,334,49.500000
PHILADELPHIA,2022,333,49.500000
PHILADELPHIA,2022,332,38.500000
PHILADELPHIA,2022,331,
PHILADELPHIA,2022,330,
PHILADELPHIA,2022,329,
PHILADELPHIA,2022,328,
PHILADELPHIA,2022,327,38.500000
PHILADELPHIA,2022,326,38.500000
PHILADELPHIA,2022,325,38.500000
PHILADELPHIA,2022,324,
PHILADELPHIA,2022,323,
PHILADELPHIA,2022,322,32.333333
PHILADELPHIA,2022,321,32.333333
PHILADELPHIA,2022,320,32.333333
PHILADELPHIA,2022,319,32.333333
PHILADELPHIA,2022,318,32.333333
PHILADELPHIA,2022,317,
PHILADELPHIA,2022,316,
PHILADELPHIA,2022,315,
PHILADELPHIA,2022,314,32.333333
PHILADELPHIA,2022,313,32.333333
PHILADELPHIA,2022,312,32.333333
PHILADELPHIA,2022,311,32.333333
PHILADELPHIA,2022,310,
PHILADELPHIA,2022,309,
PHILADELPHIA,2022,308,29.500000
PHILADELPHIA,2022,307,29.500000
PHILADELPHIA,2022,306,29.500000
PHILADELPHIA,2022,305,29.500000
PHILADELPHIA,2022,304,24.000000
PHILADELPHIA,2022,303,
PHILADELPHIA,2022,302,
PHILADELPHIA,2022,301,28.166666
PHILADELPHIA,2022,300,28.166666
PHILADELPHIA,2022,299,28.166666
PHILADELPHIA,2022,298,28.166666
PHILADELPHIA,2022,297,28.333333
PHILADELPHIA,2022,296,
PHILADELPHIA,2022,295,
PHILADELPHIA,2022,294,29.000000
PHILADELPHIA,2022,293,29.000000
PHILADELPHIA,2022,292,29.000000
PHILADELPHIA,2022,291,28.500000
PHILADELPHIA,2022,290,28.000000
PHILADELPHIA,2022,289,
PHILADELPHIA,2022,288,
PHILADELPHIA,2022,287,26.666666
PHILADELPHIA,2022,286,26.666666
PHILADELPHIA,2022,285,26.666666
PHILADELPHIA,2022,284,24.000000
PHILADELPHIA,2022,283,
PHILADELPHIA,2022,282,
PHILADELPHIA,2022,281,
PHILADELPHIA,2022,280,25.000000
PHILADELPHIA,2022,279,25.000000
PHILADELPHIA,2022,278,25.000000
PHILADELPHIA,2022,277,25.000000
PHILADELPHIA,2022,276,25.000000
PHILADELPHIA,2022,275,
PHILADELPHIA,2022,274,
PHILADELPHIA,2022,273,25.500000
PHILADELPHIA,2022,272,25.500000
PHILADELPHIA,2022,271,25.500000
PHILADELPHIA,2022,270,24.500000
PHILADELPHIA,2022,269,24.500000
PHILADELPHIA,2022,268,
PHILADELPHIA,2022,267,
PHILADELPHIA,2022,266,28.500000
PHILADELPHIA,2022,265,28.500000
PHILADELPHIA,2022,264,28.500000
PHILADELPHIA,2022,263,28.500000
PHILADELPHIA,2022,262,30.000000
PHILADELPHIA,2022,261,
PHILADELPHIA,2022,260,
PHILADELPHIA,2022,259,30.000000
PHILADELPHIA,2022,258,30.000000
PHILADELPHIA,2022,257,30.000000
PHILADELPHIA,2022,256,30.000000
PHILADELPHIA,2022,255,30.000000
PHILADELPHIA,2022,254,
PHILADELPHIA,2022,253,
PHILADELPHIA,2022,252,25.500000
PHILADELPHIA,2022,251,25.500000
PHILADELPHIA,2022,250,25.500000
PHILADELPHIA,2022,249,25.500000
PHILADELPHIA,2022,248,
PHILADELPHIA,2022,247,
PHILADELPHIA,2022,246,
PHILADELPHIA,2022,245,24.000000
PHILADELPHIA,2022,244,24.000000
PHILADELPHIA,2022,243,24.000000
PHILADELPHIA,2022,242,24.000000
PHILADELPHIA,2022,241,24.000000
PHILADELPHIA,2022,240,
PHILADELPHIA,2022,239,
PHILADELPHIA,2022,238,22.666666
PHILADELPHIA,2022,237,22.666666
PHILADELPHIA,2022,236,22.666666
PHILADELPHIA,2022,235,22.666666
PHILADELPHIA,2022,234,22.666666
PHILADELPHIA,2022,233,
PHILADELPHIA,2022,232,
PHILADELPHIA,2022,231,24.500000
PHILADELPHIA,2022,230,24.500000
PHILADELPHIA,2022,229,24.500000
PHILADELPHIA,2022,228,24.500000
PHILADELPHIA,2022,227,24.500000
PHILADELPHIA,2022,226,
PHILADELPHIA,2022,225,
PHILADELPHIA,2022,224,24.500000
PHILADELPHIA,2022,223,24.500000
PHILADELPHIA,2022,222,24.500000
PHILADELPHIA,2022,221,24.500000
PHILADELPHIA,2022,220,25.300000
PHILADELPHIA,2022,219,
PHILADELPHIA,2022,218,
PHILADELPHIA,2022,217,25.300000
PHILADELPHIA,2022,216,25.300000
PHILADELPHIA,2022,215,25.300000
PHILADELPHIA,2022,214,24.625000
PHILADELPHIA,2022,213,24.625000
PHILADELPHIA,2022,212,
PHILADELPHIA,2022,211,
PHILADELPHIA,2022,210,24.625000
PHILADELPHIA,2022,209,24.625000
PHILADELPHIA,2022,208,24.625000
PHILADELPHIA,2022,207,24.250000
PHILADELPHIA,2022,206,24.750000
PHILADELPHIA,2022,205,
PHILADELPHIA,2022,204,
PHILADELPHIA,2022,203,24.500000
PHILADELPHIA,2022,202,24.500000
PHILADELPHIA,2022,201,24.500000
PHILADELPHIA,2022,200,24.500000
PHILADELPHIA,2022,199,24.500000
PHILADELPHIA,2022,198,
PHILADELPHIA,2022,197,
PHILADELPHIA,2022,196,26.000000
PHILADELPHIA,2022,195,26.000000
PHILADELPHIA,2022,194,26.000000
PHILADELPHIA,2022,193,26.000000
PHILADELPHIA,2022,192,26.000000
PHILADELPHIA,2022,191,
PHILADELPHIA,2022,190,
PHILADELPHIA,2022,189,26.166666
PHILADELPHIA,2022,188,26.166666
PHILADELPHIA,2022,187,26.166666
PHILADELPHIA,2022,186,26.250000
PHILADELPHIA,2022,185,
PHILADELPHIA,2022,184,
PHILADELPHIA,2022,183,
PHILADELPHIA,2022,182,30.333333
PHILADELPHIA,2022,181,30.333333
PHILADELPHIA,2022,180,30.333333
PHILADELPHIA,2022,179,30.000000
PHILADELPHIA,2022,178,31.333333
PHILADELPHIA,2022,177,
PHILADELPHIA,2022,176,
PHILADELPHIA,2022,175,32.000000
PHILADELPHIA,2022,174,32.000000
PHILADELPHIA,2022,173,32.000000
PHILADELPHIA,2022,172,32.000000
PHILADELPHIA,2022,171,
PHILADELPHIA,2022,170,
PHILADELPHIA,2022,169,
PHILADELPHIA,2022,168,30.000000
PHILADELPHIA,2022,167,30.000000
PHILADELPHIA,2022,166,30.000000
PHILADELPHIA,2022,165,30.000000
PHILADELPHIA,2022,164,30.000000
PHILADELPHIA,2022,163,
PHILADELPHIA,2022,162,
PHILADELPHIA,2022,161,31.500000
PHILADELPHIA,2022,160,31.500000
PHILADELPHIA,2022,159,32.000000
PHILADELPHIA,2022,158,32.000000
PHILADELPHIA,2022,157,35.000000
PHILADELPHIA,2022,156,
PHILADELPHIA,2022,155,
PHILADELPHIA,2022,154,34.500000
PHILADELPHIA,2022,153,34.500000
PHILADELPHIA,2022,152,34.500000
PHILADELPHIA,2022,151,34.500000
PHILADELPHIA,2022,150,
PHILADELPHIA,2022,149,
PHILADELPHIA,2022,148,
PHILADELPHIA,2022,147,37.000000
PHILADELPHIA,2022,146,37.000000
PHILADELPHIA,2022,145,37.000000
PHILADELPHIA,2022,144,37.000000
PHILADELPHIA,2022,143,37.000000
PHILADELPHIA,2022,142,
PHILADELPHIA,2022,141,
PHILADELPHIA,2022,140,30.000000
PHILADELPHIA,2022,139,30.000000
PHILADELPHIA,2022,138,30.000000
PHILADELPHIA,2022,137,30.000000
PHILADELPHIA,2022,136,30.000000
PHILADELPHIA,2022,135,
PHILADELPHIA,2022,134,
PHILADELPHIA,2022,133,34.000000
PHILADELPHIA,2022,132,34.000000
PHILADELPHIA,2022,131,34.000000
PHILADELPHIA,2022,130,34.000000
PHILADELPHIA,2022,129,30.000000
PHILADELPHIA,2022,128,
PHILADELPHIA,2022,127,
PHILADELPHIA,2022,126,32.500000
PHILADELPHIA,2022,125,32.500000
PHILADELPHIA,2022,124,32.500000
PHILADELPHIA,2022,123,32.500000
PHILADELPHIA,2022,122,32.500000
PHILADELPHIA,2022,121,
PHILADELPHIA,2022,120,
PHILADELPHIA,2022,119,41.250000
PHILADELPHIA,2022,118,41.250000
PHILADELPHIA,2022,117,41.250000
PHILADELPHIA,2022,116,41.250000
PHILADELPHIA,2022,115,42.000000
PHILADELPHIA,2022,114,
PHILADELPHIA,2022,113,
PHILADELPHIA,2022,112,40.000000
PHILADELPHIA,2022,111,40.000000
PHILADELPHIA,2022,110,40.000000
PHILADELPHIA,2022,109,40.000000
PHILADELPHIA,2022,108,
PHILADELPHIA,2022,107,
PHILADELPHIA,2022,106,
PHILADELPHIA,2022,105,45.000000
PHILADELPHIA,2022,104,45.000000
PHILADELPHIA,2022,103,45.000000
PHILADELPHIA,2022,102,45.000000
PHILADELPHIA,2022,101,45.000000
PHILADELPHIA,2022,100,
PHILADELPHIA,2022,99,
PHILADELPHIA,2022,98,45.500000
PHILADELPHIA,2022,97,45.500000
PHILADELPHIA,2022,96,45.000000
PHILADELPHIA,2022,95,45.000000
PHILADELPHIA,2022,94,42.500000
PHILADELPHIA,2022,93,
PHILADELPHIA,2022,92,
PHILADELPHIA,2022,91,29.750000
PHILADELPHIA,2022,90,29.750000
PHILADELPHIA,2022,89,36.500000
PHILADELPHIA,2022,88,36.500000
PHILADELPHIA,2022,87,38.000000
PHILADELPHIA,2022,86,
PHILADELPHIA,2022,85,
PHILADELPHIA,2022,84,41.000000
PHILADELPHIA,2022,83,41.000000
PHILADELPHIA,2022,82,41.000000
PHILADELPHIA,2022,81,41.000000
PHILADELPHIA,2022,80,41.000000
PHILADELPHIA,2022,79,
PHILADELPHIA,2022,78,
PHILADELPHIA,2022,77,45.000000
PHILADELPHIA,2022,76,45.000000
PHILADELPHIA,2022,75,45.000000
PHILADELPHIA,2022,74,45.000000
PHILADELPHIA,2022,73,45.000000
PHILADELPHIA,2022,72,
PHILADELPHIA,2022,71,
PHILADELPHIA,2022,70,48.000000
PHILADELPHIA,2022,69,48.000000
PHILADELPHIA,2022,68,48.000000
PHILADELPHIA,2022,67,48.000000
PHILADELPHIA,2022,66,48.000000
PHILADELPHIA,2022,65,
PHILADELPHIA,2022,64,
PHILADELPHIA,2022,63,49.000000
PHILADELPHIA,2022,62,49.000000
PHILADELPHIA,2022,61,39.000000
PHILADELPHIA,2022,60,39.000000
PHILADELPHIA,2022,59,39.000000
PHILADELPHIA,2022,58,
PHILADELPHIA,2022,57,
PHILADELPHIA,2022,56,24.500000
PHILADELPHIA,2022,55,24.500000
PHILADELPHIA,2022,54,24.500000
PHILADELPHIA,2022,53,24.500000
PHILADELPHIA,2022,52,
PHILADELPHIA,2022,51,
PHILADELPHIA,2022,50,
PHILADELPHIA,2022,49,24.500000
PHILADELPHIA,2022,48,24.500000
PHILADELPHIA,2022,47,23.500000
PHILADELPHIA,2022,46,23.500000
PHILADELPHIA,2022,45,23.500000
PHILADELPHIA,2022,44,
PHILADELPHIA,2022,43,
PHILADELPHIA,2022,42,23.500000
PHILADELPHIA,2022,41,23.500000
PHILADELPHIA,2022,40,23.500000
PHILADELPHIA,2022,39,23.500000
PHILADELPHIA,2022,38,23.500000
PHILADELPHIA,2022,37,
PHILADELPHIA,2022,36,
PHILADELPHIA,2022,35,23.000000
PHILADELPHIA,2022,34,23.000000
PHILADELPHIA,2022,33,23.000000
PHILADELPHIA,2022,32,23.000000
PHILADELPHIA,2022,31,23.000000
PHILADELPHIA,2022,30,
PHILADELPHIA,2022,29,
PHILADELPHIA,2022,28,26.000000
PHILADELPHIA,2022,27,26.000000
PHILADELPHIA,2022,26,26.000000
PHILADELPHIA,2022,25,26.000000
PHILADELPHIA,2022,24,26.000000
PHILADELPHIA,2022,23,
PHILADELPHIA,2022,22,
PHILADELPHIA,2022,21,26.000000
PHILADELPHIA,2022,20,26.000000
PHILADELPHIA,2022,19,26.000000
PHILADELPHIA,2022,18,25.000000
PHILADELPHIA,2022,17,
PHILADELPHIA,2022,16,
PHILADELPHIA,2022,15,
PHILADELPHIA,2022,14,26.500000
PHILADELPHIA,2022,13,26.500000
PHILADELPHIA,2022,12,26.500000
PHILADELPHIA,2022,11,26.500000
PHILADELPHIA,2022,10,26.500000
PHILADELPHIA,2022,9,
PHILADELPHIA,2022,8,
PHILADELPHIA,2022,7,27.000000
PHILADELPHIA,2022,6,27.000000
PHILADELPHIA,2022,5,27.000000
PHILADELPHIA,2022,4,27.000000
PHILADELPHIA,2022,3,27.000000
PHILADELPHIA,2022,2,
BALTIMORE,2021,366,
BALTIMORE,2021,365,
BALTIMORE,2021,364,28.000000
BALTIMORE,2021,363,27.500000
BALTIMORE,2021,362,27.500000
BALTIMORE,2021,361,27.500000
BALTIMORE,2021,360,
BALTIMORE,2021,359,
BALTIMORE,2021,358,
BALTIMORE,2021,357,26.500000
BALTIMORE,2021,356,26.500000
BALTIMORE,2021,355,26.500000
BALTIMORE,2021,354,26.500000
BALTIMORE,2021,353,
BALTIMORE,2021,352,
BALTIMORE,2021,351,27.500000
BALTIMORE,2021,350,27.500000
BALTIMORE,2021,349,27.500000
BALTIMORE,2021,348,27.500000
BALTIMORE,2021,347,27.500000
BALTIMORE,2021,346,
BALTIMORE,2021,345,
BALTIMORE,2021,344,33.500000
BALTIMORE,2021,343,33.500000
BALTIMORE,2021,342,37.000000
BALTIMORE,2021,341,37.000000
BALTIMORE,2021,340,37.000000
BALTIMORE,2021,339,
BALTIMORE,2021,338,
BALTIMORE,2021,337,42.500000
BALTIMORE,2021,336,43.000000
BALTIMORE,2021,335,49.500000
BALTIMORE,2021,334,49.500000
BALTIMORE,2021,333,49.500000
BALTIMORE,2021,332,
BALTIMORE,2021,331,
BALTIMORE,2021,330,50.000000
BALTIMORE,2021,329,
BALTIMORE,2021,328,50.000000
BALTIMORE,2021,327,50.000000
BALTIMORE,2021,326,50.000000
BALTIMORE,2021,325,
BALTIMORE,2021,324,
BALTIMORE,2021,323,52.500000
BALTIMORE,2021,322,52.500000
BALTIMORE,2021,321,52.500000
BALTIMORE,2021,320,52.500000
BALTIMORE,2021,319,52.500000
BALTIMORE,2021,318,
BALTIMORE,2021,317,
BALTIMORE,2021,316,55.000000
BALTIMORE,2021,315,
BALTIMORE,2021,314,55.000000
BALTIMORE,2021,313,55.000000
BALTIMORE,2021,312,55.000000
BALTIMORE,2021,311,
BALTIMORE,2021,310,
BALTIMORE,2021,309,53.500000
BALTIMORE,2021,308,54.000000
BALTIMORE,2021,307,53.000000
BALTIMORE,2021,306,54.000000
BALTIMORE,2021,305,54.000000
BALTIMORE,2021,304,
BALTIMORE,2021,303,
BALTIMORE,2021,302,52.000000
BALTIMORE,2021,301,52.000000
BALTIMORE,2021,300,52.000000
BALTIMORE,2021,299,52.000000
BALTIMORE,2021,298,52.000000
BALTIMORE,2021,297,
BALTIMORE,2021,296,
BALTIMORE,2021,295,51.500000
BALTIMORE,2021,294,51.500000
BALTIMORE,2021,293,51.500000
BALTIMORE,2021,292,52.000000
BALTIMORE,2021,291,52.000000
BALTIMORE,2021,290,
BALTIMORE,2021,289,
BALTIMORE,2021,288,53.000000
BALTIMORE,2021,287,53.000000
BALTIMORE,2021,286,52.000000
BALTIMORE,2021,285,52.000000
BALTIMORE,2021,284,
BALTIMORE,2021,283,
BALTIMORE,2021,282,
BALTIMORE,2021,281,43.000000
BALTIMORE,2021,280,43.000000
BALTIMORE,2021,279,43.000000
BALTIMORE,2021,278,43.000000
BALTIMORE,2021,277,43.000000
BALTIMORE,2021,276,
BALTIMORE,2021,275,
BALTIMORE,2021,274,45.000000
BALTIMORE,2021,273,45.000000
BALTIMORE,2021,272,46.500000
BALTIMORE,2021,271,46.500000
BALTIMORE,2021,270,46.500000
BALTIMORE,2021,269,
BALTIMORE,2021,268,
BALTIMORE,2021,267,46.500000
BALTIMORE,2021,266,46.500000
BALTIMORE,2021,265,43.250000
BALTIMORE,2021,264,46.000000
BALTIMORE,2021,263,46.000000
BALTIMORE,2021,262,
BALTIMORE,2021,261,
BALTIMORE,2021,260,46.000000
BALTIMORE,2021,259,46.000000
BALTIMORE,2021,258,45.000000
BALTIMORE,2021,257,45.000000
BALTIMORE,2021,256,45.000000
BALTIMORE,2021,255,
BALTIMORE,2021,254,
BALTIMORE,2021,253,43.000000
BALTIMORE,2021,252,43.000000
BALTIMORE,2021,251,43.000000
BALTIMORE,2021,250,43.000000
BALTIMORE,2021,249,
BALTIMORE,2021,248,
BALTIMORE,2021,247,
BALTIMORE,2021,246,40.125000
BALTIMORE,2021,245,40.125000
BALTIMORE,2021,244,40.500000
BALTIMORE,2021,243,40.500000
BALTIMORE,2021,242,40.500000
BALTIMORE,2021,241,
BALTIMORE,2021,240,
BALTIMORE,2021,239,41.500000
BALTIMORE,2021,238,41.500000
BALTIMORE,2021,237,41.500000
BALTIMORE,2021,236,41.500000
BALTIMORE,2021,235,37.000000
BALTIMORE,2021,234,
BALTIMORE,2021,233,
BALTIMORE,2021,232,37.000000
BALTIMORE,2021,231,37.000000
BALTIMORE,2021,230,37.000000
BALTIMORE,2021,229,37.000000
BALTIMORE,2021,228,37.000000
BALTIMORE,2021,227,
BALTIMORE,2021,226,
BALTIMORE,2021,225,37.000000
BALTIMORE,2021,224,37.000000
BALTIMORE,2021,223,39.000000
BALTIMORE,2021,222,26.500000
BALTIMORE,2021,221,26.500000
BALTIMORE,2021,220,
BALTIMORE,2021,219,
BALTIMORE,2021,218,26.500000
BALTIMORE,2021,217,26.500000
BALTIMORE,2021,216,24.000000
BALTIMORE,2021,215,24.000000
BALTIMORE,2021,214,24.000000
BALTIMORE,2021,213,
BALTIMORE,2021,212,
BALTIMORE,2021,211,23.000000
BALTIMORE,2021,210,23.000000
BALTIMORE,2021,209,22.500000
BALTIMORE,2021,208,22.750000
BALTIMORE,2021,207,23.000000
BALTIMORE,2021,206,
BALTIMORE,2021,205,
BALTIMORE,2021,204,24.000000
BALTIMORE,2021,203,24.500000
BALTIMORE,2021,202,24.500000
BALTIMORE,2021,201,24.500000
BALTIMORE,2021,200,24.500000
BALTIMORE,2021,199,
BALTIMORE,2021,198,
BALTIMORE,2021,197,24.000000
BALTIMORE,2021,196,21.500000
BALTIMORE,2021,195,21.500000
BALTIMORE,2021,194,21.500000
BALTIMORE,2021,193,21.500000
BALTIMORE,2021,192,
BALTIMORE,2021,191,
BALTIMORE,2021,190,21.500000
BALTIMORE,2021,189,21.500000
BALTIMORE,2021,188,21.500000
BALTIMORE,2021,187,21.500000
BALTIMORE,2021,186,
BALTIMORE,2021,185,
BALTIMORE,2021,184,
BALTIMORE,2021,183,23.500000
BALTIMORE,2021,182,23.500000
BALTIMORE,2021,181,23.500000
BALTIMORE,2021,180,24.000000
BALTIMORE,2021,179,24.000000
BALTIMORE,2021,178,
BALTIMORE,2021,177,
BALTIMORE,2021,176,23.000000
BALTIMORE,2021,175,23.000000
BALTIMORE,2021,174,23.000000
BALTIMORE,2021,173,23.000000
BALTIMORE,2021,172,23.000000
BALTIMORE,2021,171,
BALTIMORE,2021,170,
BALTIMORE,2021,169,23.000000
BALTIMORE,2021,168,23.000000
BALTIMORE,2021,167,25.750000
BALTIMORE,2021,166,25.750000
BALTIMORE,2021,165,24.250000
BALTIMORE,2021,164,
BALTIMORE,2021,163,
BALTIMORE,2021,162,24.250000
BALTIMORE,2021,161,24.250000
BALTIMORE,2021,160,24.250000
BALTIMORE,2021,159,21.750000
BALTIMORE,2021,158,26.500000
BALTIMORE,2021,157,
BALTIMORE,2021,156,
BALTIMORE,2021,155,28.833333
BALTIMORE,2021,154,24.500000
BALTIMORE,2021,153,24.500000
BALTIMORE,2021,152,26.500000
BALTIMORE,2021,151,
BALTIMORE,2021,150,
BALTIMORE,2021,149,
BALTIMORE,2021,148,28.500000
BALTIMORE,2021,147,28.500000
BALTIMORE,2021,146,29.000000
BALTIMORE,2021,145,33.500000
BALTIMORE,2021,144,33.500000
BALTIMORE,2021,143,
BALTIMORE,2021,142,
BALTIMORE,2021,141,39.500000
BALTIMORE,2021,140,39.500000
BALTIMORE,2021,139,27.750000
BALTIMORE,2021,138,27.000000
BALTIMORE,2021,137,27.000000
BALTIMORE,2021,136,
BALTIMORE,2021,135,
BALTIMORE,2021,134,27.000000
BALTIMORE,2021,133,27.000000
BALTIMORE,2021,132,27.000000
BALTIMORE,2021,131,27.000000
BALTIMORE,2021,130,27.000000
BALTIMORE,2021,129,
BALTIMORE,2021,128,
BALTIMORE,2021,127,27.000000
BALTIMORE,2021,126,27.000000
BALTIMORE,2021,125,27.000000
BALTIMORE,2021,124,37.000000
BALTIMORE,2021,123,37.000000
BALTIMORE,2021,122,
BALTIMORE,2021,121,
BALTIMORE,2021,120,37.000000
BALTIMORE,2021,119,37.000000
BALTIMORE,2021,118,37.000000
BALTIMORE,2021,117,37.000000
BALTIMORE,2021,116,37.000000
BALTIMORE,2021,115,
BALTIMORE,2021,114,
BALTIMORE,2021,113,38.500000
BALTIMORE,2021,112,38.500000
BALTIMORE,2021,111,38.500000
BALTIMORE,2021,110,38.500000
BALTIMORE,2021,109,38.500000
BALTIMORE,2021,108,
BALTIMORE,2021,107,
BALTIMORE,2021,106,38.500000
BALTIMORE,2021,105,38.500000
BALTIMORE,2021,104,38.500000
BALTIMORE,2021,103,38.500000
BALTIMORE,2021,102,38.500000
BALTIMORE,2021,101,
BALTIMORE,2021,100,
BALTIMORE,2021,99,33.500000
BALTIMORE,2021,98,27.000000
BALTIMORE,2021,97,23.750000
BALTIMORE,2021,96,23.750000
BALTIMORE,2021,95,23.750000
BALTIMORE,2021,94,
BALTIMORE,2021,93,
BALTIMORE,2021,92,23.000000
BALTIMORE,2021,91,23.000000
BALTIMORE,2021,90,22.250000
BALTIMORE,2021,89,22.500000
BALTIMORE,2021,88,22.500000
BALTIMORE,2021,87,
BALTIMORE,2021,86,
BALTIMORE,2021,85,21.000000
BALTIMORE,2021,84,21.000000
BALTIMORE,2021,83,21.000000
BALTIMORE,2021,82,21.000000
BALTIMORE,2021,81,21.000000
BALTIMORE,2021,80,
BALTIMORE,2021,79,
BALTIMORE,2021,78,20.500000
BALTIMORE,2021,77,19.000000
BALTIMORE,2021,76,21.000000
BALTIMORE,2021,75,21.000000
BALTIMORE,2021,74,21.000000
BALTIMORE,2021,73,
BALTIMORE,2021,72,
BALTIMORE,2021,71,18.000000
BALTIMORE,2021,70,18.000000
BALTIMORE,2021,69,18.500000
BALTIMORE,2021,68,18.500000
BALTIMORE,2021,67,18.250000
BALTIMORE,2021,66,
BALTIMORE,2021,65,
BALTIMORE,2021,64,17.000000
BALTIMORE,2021,63,17.000000
BALTIMORE,2021,62,17.000000
BALTIMORE,2021,61,17.000000
BALTIMORE,2021,60,17.000000
BALTIMORE,2021,59,
BALTIMORE,2021,58,
BALTIMORE,2021,57,18.500000
BALTIMORE,2021,56,18.500000
BALTIMORE,2021,55,20.000000
BALTIMORE,2021,54,20.000000
BALTIMORE,2021,53,20.000000
BALTIMORE,2021,52,
BALTIMORE,2021,51,
BALTIMORE,2021,50,20.000000
BALTIMORE,2021,49,20.000000
BALTIMORE,2021,48,18.500000
BALTIMORE,2021,47,18.500000
BALTIMORE,2021,46,
BALTIMORE,2021,45,
BALTIMORE,2021,44,
BALTIMORE,2021,43,17.500000
BALTIMORE,2021,42,17.500000
BALTIMORE,2021,41,18.000000
BALTIMORE,2021,40,17.500000
BALTIMORE,2021,39,17.500000
BALTIMORE,2021,38,
BALTIMORE,2021,37,
BALTIMORE,2021,36,17.000000
BALTIMORE,2021,35,17.000000
BALTIMORE,2021,34,18.000000
BALTIMORE,2021,33,18.000000
BALTIMORE,2021,32,18.000000
BALTIMORE,2021,31,
BALTIMORE,2021,30,
BALTIMORE,2021,29,18.000000
BALTIMORE,2021,28,17.000000
BALTIMORE,2021,27,17.000000
BALTIMORE,2021,26,17.500000
BALTIMORE,2021,25,17.500000
BALTIMORE,2021,24,
BALTIMORE,2021,23,
BALTIMORE,2021,22,18.000000
BALTIMORE,2021,21,18.000000
BALTIMORE,2021,20,18.000000
BALTIMORE,2021,19,18.000000
BALTIMORE,2021,18,
BALTIMORE,2021,17,
BALTIMORE,2021,16,
BALTIMORE,2021,15,19.000000
BALTIMORE,2021,14,19.000000
BALTIMORE,2021,13,19.000000
BALTIMORE,2021,12,20.000000
BALTIMORE,2021,11,20.000000
BALTIMORE,2021,10,
BALTIMORE,2021,9,
BALTIMORE,2021,8,22.000000
BALTIMORE,2021,7,22.000000
BALTIMORE,2021,6,21.000000
BALTIMORE,2021,5,19.250000
BALTIMORE,2021,4,19.250000
BALTIMORE,2021,3,
BALTIMORE,2021,2,
BOSTON,2021,366,
BOSTON,2021,365,
BOSTON,2021,364,27.000000
BOSTON,2021,363,27.000000
BOSTON,2021,362,27.000000
BOSTON,2021,361,27.000000
BOSTON,2021,360,
BOSTON,2021,359,
BOSTON,2021,358,
BOSTON,2021,357,27.000000
BOSTON,2021,356,29.500000
BOSTON,2021,355,29.000000
BOSTON,2021,354,29.000000
BOSTON,2021,353,
BOSTON,2021,352,
BOSTON,2021,351,29.000000
BOSTON,2021,350,29.000000
BOSTON,2021,349,44.000000
BOSTON,2021,348,44.000000
BOSTON,2021,347,46.000000
BOSTON,2021,346,
BOSTON,2021,345,
BOSTON,2021,344,46.000000
BOSTON,2021,343,38.666666
BOSTON,2021,342,38.666666
BOSTON,2021,341,38.666666
BOSTON,2021,340,38.666666
BOSTON,2021,339,
BOSTON,2021,338,
BOSTON,2021,337,42.000000
BOSTON,2021,336,42.000000
BOSTON,2021,335,42.000000
BOSTON,2021,334,42.000000
BOSTON,2021,333,42.000000
BOSTON,2021,332,
BOSTON,2021,331,
BOSTON,2021,330,42.000000
BOSTON,2021,329,
BOSTON,2021,328,42.000000
BOSTON,2021,327,42.000000
BOSTON,2021,326,42.000000
BOSTON,2021,325,
BOSTON,2021,324,
BOSTON,2021,323,42.000000
BOSTON,2021,322,42.000000
BOSTON,2021,321,42.000000
BOSTON,2021,320,32.000000
BOSTON,2021,319,32.000000
BOSTON,2021,318,
BOSTON,2021,317,
BOSTON,2021,316,29.000000
BOSTON,2021,315,
BOSTON,2021,314,29.000000
BOSTON,2021,313,29.000000
BOSTON,2021,312,29.000000
BOSTON,2021,311,
BOSTON,2021,310,
BOSTON,2021,309,29.000000
BOSTON,2021,308,29.000000
BOSTON,2021,307,29.000000
BOSTON,2021,306,29.000000
BOSTON,2021,305,29.000000
BOSTON,2021,304,
BOSTON,2021,303,
BOSTON,2021,302,29.000000
BOSTON,2021,301,29.000000
BOSTON,2021,300,29.000000
BOSTON,2021,299,29.000000
BOSTON,2021,298,29.000000
BOSTON,2021,297,
BOSTON,2021,296,
BOSTON,2021,295,29.000000
BOSTON,2021,294,29.000000
BOSTON,2021,293,29.000000
BOSTON,2021,292,29.000000
BOSTON,2021,291,29.000000
BOSTON,2021,290,
BOSTON,2021,289,
BOSTON,2021,288,29.000000
BOSTON,2021,287,29.000000
BOSTON,2021,286,29.000000
BOSTON,2021,285,29.000000
BOSTON,2021,284,
BOSTON,2021,283,
BOSTON,2021,282,
BOSTON,2021,281,29.000000
BOSTON,2021,280,29.000000
BOSTON,2021,279,29.000000
BOSTON,2021,278,29.000000
BOSTON,2021,277,29.000000
BOSTON,2021,276,
BOSTON,2021,275,
BOSTON,2021,274,29.000000
BOSTON,2021,273,29.000000
BOSTON,2021,272,29.000000
BOSTON,2021,271,29.000000
BOSTON,2021,270,29.000000
BOSTON,2021,269,
BOSTON,2021,268,
BOSTON,2021,267,29.000000
BOSTON,2021,266,29.000000
BOSTON,2021,265,29.000000
BOSTON,2021,264,29.000000
BOSTON,2021,263,25.500000
BOSTON,2021,262,
BOSTON,2021,261,
BOSTON,2021,260,25.500000
BOSTON,2021,259,25.500000
BOSTON,2021,258,25.500000
BOSTON,2021,257,25.500000
BOSTON,2021,256,28.000000
BOSTON,2021,255,
BOSTON,2021,254,
BOSTON,2021,253,28.000000
BOSTON,2021,252,28.000000
BOSTON,2021,251,28.000000
BOSTON,2021,250,25.500000
BOSTON,2021,249,
BOSTON,2021,248,
BOSTON,2021,247,
BOSTON,2021,246,25.500000
BOSTON,2021,245,25.500000
BOSTON,2021,244,25.500000
BOSTON,2021,243,25.500000
BOSTON,2021,242,25.500000
BOSTON,2021,241,
BOSTON,2021,240,
BOSTON,2021,239,25.500000
BOSTON,2021,238,25.500000
BOSTON,2021,237,25.500000
BOSTON,2021,236,25.500000
BOSTON,2021,235,25.500000
BOSTON,2021,234,
BOSTON,2021,233,
BOSTON,2021,232,25.500000
BOSTON,2021,231,25.500000
BOSTON,2021,230,25.500000
BOSTON,2021,229,25.500000
BOSTON,2021,228,24.500000
BOSTON,2021,227,
BOSTON,2021,226,
BOSTON,2021,225,24.500000
BOSTON,2021,224,24.500000
BOSTON,2021,223,24.500000
BOSTON,2021,222,24.500000
BOSTON,2021,221,28.000000
BOSTON,2021,220,
BOSTON,2021,219,
BOSTON,2021,218,28.000000
BOSTON,2021,217,28.000000
BOSTON,2021,216,28.000000
BOSTON,2021,215,28.000000
BOSTON,2021,214,24.500000
BOSTON,2021,213,
BOSTON,2021,212,
BOSTON,2021,211,25.500000
BOSTON,2021,210,25.500000
BOSTON,2021,209,25.500000
BOSTON,2021,208,25.500000
BOSTON,2021,207,25.500000
BOSTON,2021,206,
BOSTON,2021,205,
BOSTON,2021,204,25.500000
BOSTON,2021,203,25.500000
BOSTON,2021,202,25.500000
BOSTON,2021,201,25.500000
BOSTON,2021,200,25.500000
BOSTON,2021,199,
BOSTON,2021,198,
BOSTON,2021,197,25.500000
BOSTON,2021,196,25.500000
BOSTON,2021,195,25.500000
BOSTON,2021,194,25.500000
BOSTON,2021,193,25.500000
BOSTON,2021,192,
BOSTON,2021,191,
BOSTON,2021,190,25.500000
BOSTON,2021,189,25.500000
BOSTON,2021,188,25.500000
BOSTON,2021,187,25.500000
BOSTON,2021,186,
BOSTON,2021,185,
BOSTON,2021,184,
BOSTON,2021,183,25.500000
BOSTON,2021,182,25.500000
BOSTON,2021,181,25.500000
BOSTON,2021,180,30.000000
BOSTON,2021,179,25.500000
BOSTON,2021,178,
BOSTON,2021,177,
BOSTON,2021,176,25.500000
BOSTON,2021,175,25.500000
BOSTON,2021,174,25.500000
BOSTON,2021,173,25.500000
BOSTON,2021,172,28.000000
BOSTON,2021,171,
BOSTON,2021,170,
BOSTON,2021,169,28.000000
BOSTON,2021,168,28.000000
BOSTON,2021,167,28.000000
BOSTON,2021,166,28.000000
BOSTON,2021,165,28.000000
BOSTON,2021,164,
BOSTON,2021,163,
BOSTON,2021,162,28.000000
BOSTON,2021,161,28.000000
BOSTON,2021,160,28.000000
BOSTON,2021,159,28.000000
BOSTON,2021,158,28.000000
BOSTON,2021,157,
BOSTON,2021,156,
BOSTON,2021,155,28.000000
BOSTON,2021,154,28.000000
BOSTON,2021,153,28.000000
BOSTON,2021,152,28.000000
BOSTON,2021,151,
BOSTON,2021,150,
BOSTON,2021,149,
BOSTON,2021,148,28.000000
BOSTON,2021,147,28.000000
BOSTON,2021,146,28.000000
BOSTON,2021,145,28.000000
BOSTON,2021,144,28.000000
BOSTON,2021,143,
BOSTON,2021,142,
BOSTON,2021,141,28.000000
BOSTON,2021,140,28.000000
BOSTON,2021,139,28.000000
BOSTON,2021,138,28.000000
BOSTON,2021,137,28.000000
BOSTON,2021,136,
BOSTON,2021,135,
BOSTON,2021,134,28.000000
BOSTON,2021,133,28.000000
BOSTON,2021,132,28.000000
BOSTON,2021,131,28.000000
BOSTON,2021,130,28.000000
BOSTON,2021,129,
BOSTON,2021,128,
BOSTON,2021,127,28.000000
BOSTON,2021,126,28.000000
BOSTON,2021,125,28.000000
BOSTON,2021,124,28.000000
BOSTON,2021,123,28.000000
BOSTON,2021,122,
BOSTON,2021,121,
BOSTON,2021,120,28.000000
BOSTON,2021,119,28.000000
BOSTON,2021,118,28.000000
BOSTON,2021,117,28.000000
BOSTON,2021,116,28.000000
BOSTON,2021,115,
BOSTON,2021,114,
BOSTON,2021,113,28.000000
BOSTON,2021,112,28.000000
BOSTON,2021,111,28.000000
BOSTON,2021,110,28.000000
BOSTON,2021,109,28.000000
BOSTON,2021,108,
BOSTON,2021,107,
BOSTON,2021,106,28.000000
BOSTON,2021,105,28.000000
BOSTON,2021,104,28.000000
BOSTON,2021,103,28.000000
BOSTON,2021,102,28.000000
BOSTON,2021,101,
BOSTON,2021,100,
BOSTON,2021,99,28.000000
BOSTON,2021,98,28.000000
BOSTON,2021,97,28.000000
BOSTON,2021,96,28.000000
BOSTON,2021,95,28.000000
BOSTON,2021,94,
BOSTON,2021,93,
BOSTON,2021,92,28.000000
BOSTON,2021,91,28.000000
BOSTON,2021,90,28.000000
BOSTON,2021,89,28.000000
BOSTON,2021,88,28.000000
BOSTON,2021,87,
BOSTON,2021,86,
BOSTON,2021,85,28.000000
BOSTON,2021,84,28.000000
BOSTON,2021,83,28.000000
BOSTON,2021,82,28.000000
BOSTON,2021,81,28.000000
BOSTON,2021,80,
BOSTON,2021,79,
BOSTON,2021,78,28.000000
BOSTON,2021,77,28.000000
BOSTON,2021,76,28.000000
BOSTON,2021,75,28.000000
BOSTON,2021,74,28.000000
BOSTON,2021,73,
BOSTON,2021,72,
BOSTON,2021,71,28.000000
BOSTON,2021,70,28.000000
BOSTON,2021,69,28.000000
BOSTON,2021,68,28.000000
BOSTON,2021,67,28.000000
BOSTON,2021,66,
BOSTON,2021,65,
BOSTON,2021,64,28.000000
BOSTON,2021,63,28.000000
BOSTON,2021,62,28.000000
BOSTON,2021,61,28.000000
BOSTON,2021,60,28.000000
BOSTON,2021,59,
BOSTON,2021,58,
BOSTON,2021,57,28.000000
BOSTON,2021,56,28.000000
BOSTON,2021,55,28.000000
BOSTON,2021,54,28.000000
BOSTON,2021,53,28.000000
BOSTON,2021,52,
BOSTON,2021,51,
BOSTON,2021,50,28.000000
BOSTON,2021,49,28.000000
BOSTON,2021,48,28.000000
BOSTON,2021,47,28.000000
BOSTON,2021,46,
BOSTON,2021,45,
BOSTON,2021,44,
BOSTON,2021,43,28.000000
BOSTON,2021,42,28.000000
BOSTON,2021,41,28.000000
BOSTON,2021,40,28.000000
BOSTON,2021,39,28.000000
BOSTON,2021,38,
BOSTON,2021,37,
BOSTON,2021,36,28.000000
BOSTON,2021,35,28.000000
BOSTON,2021,34,28.000000
BOSTON,2021,33,28.000000
BOSTON,2021,32,28.000000
BOSTON,2021,31,
BOSTON,2021,30,
BOSTON,2021,29,28.000000
BOSTON,2021,28,28.000000
BOSTON,2021,27,28.000000
BOSTON,2021,26,28.000000
BOSTON,2021,25,28.000000
BOSTON,2021,24,
BOSTON,2021,23,
BOSTON,2021,22,28.000000
BOSTON,2021,21,28.000000
BOSTON,2021,20,28.000000
BOSTON,2021,19,28.000000
BOSTON,2021,18,
BOSTON,2021,17,
BOSTON,2021,16,
BOSTON,2021,15,28.000000
BOSTON,2021,14,28.000000
BOSTON,2021,13,28.000000
BOSTON,2021,12,28.000000
BOSTON,2021,11,28.000000
BOSTON,2021,10,
BOSTON,2021,9,
BOSTON,2021,8,28.000000
BOSTON,2021,7,28.000000
BOSTON,2021,6,28.000000
BOSTON,2021,5,28.000000
BOSTON,2021,4,28.000000
BOSTON,2021,3,
BOSTON,2021,2,
CHICAGO,2021,366,
CHICAGO,2021,365,
CHICAGO,2021,364,29.833333
CHICAGO,2021,363,34.875000
CHICAGO,2021,362,34.875000
CHICAGO,2021,361,34.875000
CHICAGO,2021,360,
CHICAGO,2021,359,
CHICAGO,2021,358,
CHICAGO,2021,357,34.875000
CHICAGO,2021,356,34.875000
CHICAGO,2021,355,34.875000
CHICAGO,2021,354,34.875000
CHICAGO,2021,353,
CHICAGO,2021,352,
CHICAGO,2021,351,34.875000
CHICAGO,2021,350,34.875000
CHICAGO,2021,349,34.875000
CHICAGO,2021,348,34.875000
CHICAGO,2021,347,34.875000
CHICAGO,2021,346,
CHICAGO,2021,345,
CHICAGO,2021,344,34.875000
CHICAGO,2021,343,34.875000
CHICAGO,2021,342,34.875000
CHICAGO,2021,341,34.875000
CHICAGO,2021,340,34.875000
CHICAGO,2021,339,
CHICAGO,2021,338,
CHICAGO,2021,337,34.875000
CHICAGO,2021,336,34.875000
CHICAGO,2021,335,34.875000
CHICAGO,2021,334,34.875000
CHICAGO,2021,333,34.875000
CHICAGO,2021,332,
CHICAGO,2021,331,
CHICAGO,2021,330,34.875000
CHICAGO,2021,329,
CHICAGO,2021,328,34.875000
CHICAGO,2021,327,34.875000
CHICAGO,2021,326,34.875000
CHICAGO,2021,325,
CHICAGO,2021,324,
CHICAGO,2021,323,34.875000
CHICAGO,2021,322,34.875000
CHICAGO,2021,321,34.875000
CHICAGO,2021,320,34.875000
CHICAGO,2021,319,34.875000
CHICAGO,2021,318,
CHICAGO,2021,317,
CHICAGO,2021,316,34.875000
CHICAGO,2021,315,
CHICAGO,2021,314,34.875000
CHICAGO,2021,313,34.875000
CHICAGO,2021,312,34.875000
CHICAGO,2021,311,
CHICAGO,2021,310,
CHICAGO,2021,309,34.875000
CHICAGO,2021,308,34.875000
CHICAGO,2021,307,34.875000
CHICAGO,2021,306,34.875000
CHICAGO,2021,305,34.875000
CHICAGO,2021,304,
CHICAGO,2021,303,
CHICAGO,2021,302,34.875000
CHICAGO,2021,301,34.875000
CHICAGO,2021,300,34.875000
CHICAGO,2021,299,34.875000
CHICAGO,2021,298,34.875000
CHICAGO,2021,297,
CHICAGO,2021,296,
CHICAGO,2021,295,34.875000
CHICAGO,2021,294,34.875000
CHICAGO,2021,293,34.875000
CHICAGO,2021,292,34.875000
CHICAGO,2021,291,34.875000
CHICAGO,2021,290,
CHICAGO,2021,289,
CHICAGO,2021,288,34.875000
CHICAGO,2021,287,34.875000
CHICAGO,2021,286,34.875000
CHICAGO,2021,285,34.875000
CHICAGO,2021,284,
CHICAGO,2021,283,
CHICAGO,2021,282,
CHICAGO,2021,281,34.875000
CHICAGO,2021,280,34.875000
CHICAGO,2021,279,34.875000
CHICAGO,2021,278,34.875000
CHICAGO,2021,277,34.875000
CHICAGO,2021,276,
CHICAGO,2021,275,
CHICAGO,2021,274,34.875000
CHICAGO,2021,273,34.875000
CHICAGO,2021,272,34.875000
CHICAGO,2021,271,34.875000
CHICAGO,2021,270,34.875000
CHICAGO,2021,269,
CHICAGO,2021,268,
CHICAGO,2021,267,34.875000
CHICAGO,2021,266,34.875000
CHICAGO,2021,265,34.875000
CHICAGO,2021,264,34.875000
CHICAGO,2021,263,34.875000
CHICAGO,2021,262,
CHICAGO,2021,261,
CHICAGO,2021,260,34.875000
CHICAGO,2021,259,34.875000
CHICAGO,2021,258,34.875000
CHICAGO,2021,257,34.875000
CHICAGO,2021,256,34.875000
CHICAGO,2021,255,
CHICAGO,2021,254,
CHICAGO,2021,253,34.875000
CHICAGO,2021,252,34.875000
CHICAGO,2021,251,34.875000
CHICAGO,2021,250,34.875000
CHICAGO,2021,249,
CHICAGO,2021,248,
CHICAGO,2021,247,
CHICAGO,2021,246,34.875000
CHICAGO,2021,245,34.875000
CHICAGO,2021,244,34.875000
CHICAGO,2021,243,34.875000
CHICAGO,2021,242,34.875000
CHICAGO,2021,241,
CHICAGO,2021,240,
CHICAGO,2021,239,34.875000
CHICAGO,2021,238,34.875000
CHICAGO,2021,237,34.875000
CHICAGO,2021,236,34.875000
CHICAGO,2021,235,33.125000
CHICAGO,2021,234,
CHICAGO,2021,233,
CHICAGO,2021,232,33.125000
CHICAGO,2021,231,33.125000
CHICAGO,2021,230,33.125000
CHICAGO,2021,229,33.125000
CHICAGO,2021,228,34.100000
CHICAGO,2021,227,
CHICAGO,2021,226,
CHICAGO,2021,225,34.100000
CHICAGO,2021,224,29.000000
CHICAGO,2021,223,29.000000
CHICAGO,2021,222,29.000000
CHICAGO,2021,221,28.500000
CHICAGO,2021,220,
CHICAGO,2021,219,
CHICAGO,2021,218,28.500000
CHICAGO,2021,217,26.500000
CHICAGO,2021,216,26.500000
CHICAGO,2021,215,26.500000
CHICAGO,2021,214,26.250000
CHICAGO,2021,213,
CHICAGO,2021,212,
CHICAGO,2021,211,26.250000
CHICAGO,2021,210,25.666666
CHICAGO,2021,209,25.666666
CHICAGO,2021,208,24.000000
CHICAGO,2021,207,24.000000
CHICAGO,2021,206,
CHICAGO,2021,205,
CHICAGO,2021,204,24.000000
CHICAGO,2021,203,24.500000
CHICAGO,2021,202,24.500000
CHICAGO,2021,201,23.875000
CHICAGO,2021,200,23.875000
CHICAGO,2021,199,
CHICAGO,2021,198,
CHICAGO,2021,197,23.875000
CHICAGO,2021,196,23.875000
CHICAGO,2021,195,23.875000
CHICAGO,2021,194,23.875000
CHICAGO,2021,193,23.625000
CHICAGO,2021,192,
CHICAGO,2021,191,
CHICAGO,2021,190,23.625000
CHICAGO,2021,189,23.625000
CHICAGO,2021,188,24.125000
CHICAGO,2021,187,24.125000
CHICAGO,2021,186,
CHICAGO,2021,185,
CHICAGO,2021,184,
CHICAGO,2021,183,24.125000
CHICAGO,2021,182,23.500000
CHICAGO,2021,181,23.500000
CHICAGO,2021,180,23.500000
CHICAGO,2021,179,20.666666
CHICAGO,2021,178,
CHICAGO,2021,177,
CHICAGO,2021,176,20.666666
CHICAGO,2021,175,23.500000
CHICAGO,2021,174,23.500000
CHICAGO,2021,173,23.500000
CHICAGO,2021,172,23.500000
CHICAGO,2021,171,
CHICAGO,2021,170,
CHICAGO,2021,169,23.500000
CHICAGO,2021,168,24.125000
CHICAGO,2021,167,24.125000
CHICAGO,2021,166,24.375000
CHICAGO,2021,165,24.375000
CHICAGO,2021,164,
CHICAGO,2021,163,
CHICAGO,2021,162,24.375000
CHICAGO,2021,161,24.375000
CHICAGO,2021,160,31.875000
CHICAGO,2021,159,31.875000
CHICAGO,2021,158,31.750000
CHICAGO,2021,157,
CHICAGO,2021,156,
CHICAGO,2021,155,31.750000
CHICAGO,2021,154,38.500000
CHICAGO,2021,153,38.500000
CHICAGO,2021,152,38.500000
CHICAGO,2021,151,
CHICAGO,2021,150,
CHICAGO,2021,149,
CHICAGO,2021,148,38.500000
CHICAGO,2021,147,38.500000
CHICAGO,2021,146,38.500000
CHICAGO,2021,145,38.500000
CHICAGO,2021,144,37.333333
CHICAGO,2021,143,
CHICAGO,2021,142,
CHICAGO,2021,141,37.333333
CHICAGO,2021,140,38.000000
CHICAGO,2021,139,38.000000
CHICAGO,2021,138,38.000000
CHICAGO,2021,137,36.666666
CHICAGO,2021,136,
CHICAGO,2021,135,
CHICAGO,2021,134,36.666666
CHICAGO,2021,133,36.000000
CHICAGO,2021,132,36.000000
CHICAGO,2021,131,36.000000
CHICAGO,2021,130,35.750000
CHICAGO,2021,129,
CHICAGO,2021,128,
CHICAGO,2021,127,35.750000
CHICAGO,2021,126,36.333333
CHICAGO,2021,125,36.333333
CHICAGO,2021,124,36.333333
CHICAGO,2021,123,36.333333
CHICAGO,2021,122,
CHICAGO,2021,121,
CHICAGO,2021,120,36.333333
CHICAGO,2021,119,38.000000
CHICAGO,2021,118,38.000000
CHICAGO,2021,117,38.000000
CHICAGO,2021,116,37.833333
CHICAGO,2021,115,
CHICAGO,2021,114,
CHICAGO,2021,113,37.833333
CHICAGO,2021,112,37.833333
CHICAGO,2021,111,37.833333
CHICAGO,2021,110,37.833333
CHICAGO,2021,109,38.500000
CHICAGO,2021,108,
CHICAGO,2021,107,
CHICAGO,2021,106,38.500000
CHICAGO,2021,105,32.000000
CHICAGO,2021,104,32.000000
CHICAGO,2021,103,32.000000
CHICAGO,2021,102,33.333333
CHICAGO,2021,101,
CHICAGO,2021,100,
CHICAGO,2021,99,33.333333
CHICAGO,2021,98,24.500000
CHICAGO,2021,97,24.500000
CHICAGO,2021,96,24.500000
CHICAGO,2021,95,25.250000
CHICAGO,2021,94,
CHICAGO,2021,93,
CHICAGO,2021,92,25.250000
CHICAGO,2021,91,25.250000
CHICAGO,2021,90,25.250000
CHICAGO,2021,89,25.250000
CHICAGO,2021,88,23.500000
CHICAGO,2021,87,
CHICAGO,2021,86,
CHICAGO,2021,85,23.500000
CHICAGO,2021,84,24.000000
CHICAGO,2021,83,24.000000
CHICAGO,2021,82,24.000000
CHICAGO,2021,81,24.500000
CHICAGO,2021,80,
CHICAGO,2021,79,
CHICAGO,2021,78,24.500000
CHICAGO,2021,77,24.500000
CHICAGO,2021,76,24.500000
CHICAGO,2021,75,24.500000
CHICAGO,2021,74,24.500000
CHICAGO,2021,73,
CHICAGO,2021,72,
CHICAGO,2021,71,24.500000
CHICAGO,2021,70,24.500000
CHICAGO,2021,69,24.500000
CHICAGO,2021,68,22.666666
CHICAGO,2021,67,22.666666
CHICAGO,2021,66,
CHICAGO,2021,65,
CHICAGO,2021,64,22.666666
CHICAGO,2021,63,22.333333
CHICAGO,2021,62,22.333333
CHICAGO,2021,61,22.333333
CHICAGO,2021,60,22.333333
CHICAGO,2021,59,
CHICAGO,2021,58,
CHICAGO,2021,57,22.333333
CHICAGO,2021,56,21.666666
CHICAGO,2021,55,21.666666
CHICAGO,2021,54,21.666666
CHICAGO,2021,53,21.666666
CHICAGO,2021,52,
CHICAGO,2021,51,
CHICAGO,2021,50,21.666666
CHICAGO,2021,49,21.666666
CHICAGO,2021,48,21.666666
CHICAGO,2021,47,21.666666
CHICAGO,2021,46,
CHICAGO,2021,45,
CHICAGO,2021,44,
CHICAGO,2021,43,21.666666
CHICAGO,2021,42,23.500000
CHICAGO,2021,41,23.500000
CHICAGO,2021,40,23.500000
CHICAGO,2021,39,22.250000
CHICAGO,2021,38,
CHICAGO,2021,37,
CHICAGO,2021,36,22.250000
CHICAGO,2021,35,22.250000
CHICAGO,2021,34,22.250000
CHICAGO,2021,33,22.250000
CHICAGO,2021,32,22.250000
CHICAGO,2021,31,
CHICAGO,2021,30,
CHICAGO,2021,29,22.250000
CHICAGO,2021,28,22.250000
CHICAGO,2021,27,22.250000
CHICAGO,2021,26,22.250000
CHICAGO,2021,25,22.250000
CHICAGO,2021,24,
CHICAGO,2021,23,
CHICAGO,2021,22,22.250000
CHICAGO,2021,21,22.750000
CHICAGO,2021,20,22.750000
CHICAGO,2021,19,22.750000
CHICAGO,2021,18,
CHICAGO,2021,17,
CHICAGO,2021,16,
CHICAGO,2021,15,22.750000
CHICAGO,2021,14,22.750000
CHICAGO,2021,13,22.750000
CHICAGO,2021,12,22.750000
CHICAGO,2021,11,23.750000
CHICAGO,2021,10,
CHICAGO,2021,9,
CHICAGO,2021,8,23.750000
CHICAGO,2021,7,23.750000
CHICAGO,2021,6,23.750000
CHICAGO,2021,5,23.750000
CHICAGO,2021,4,23.750000
CHICAGO,2021,3,
CHICAGO,2021,2,
COLUMBIA,2021,366,
COLUMBIA,2021,365,42.500000
COLUMBIA,2021,364,42.500000
COLUMBIA,2021,363,42.500000
COLUMBIA,2021,362,
COLUMBIA,2021,361,
COLUMBIA,2021,360,
COLUMBIA,2021,359,
COLUMBIA,2021,358,
COLUMBIA,2021,357,42.500000
COLUMBIA,2021,356,42.500000
COLUMBIA,2021,355,42.500000
COLUMBIA,2021,354,42.500000
COLUMBIA,2021,353,
COLUMBIA,2021,352,
COLUMBIA,2021,351,42.500000
COLUMBIA,2021,350,42.500000
COLUMBIA,2021,349,42.500000
COLUMBIA,2021,348,42.500000
COLUMBIA,2021,347,42.500000
COLUMBIA,2021,346,
COLUMBIA,2021,345,
COLUMBIA,2021,344,42.500000
COLUMBIA,2021,343,42.500000
COLUMBIA,2021,342,42.500000
COLUMBIA,2021,341,42.500000
COLUMBIA,2021,340,
COLUMBIA,2021,339,
COLUMBIA,2021,338,
COLUMBIA,2021,337,42.500000
COLUMBIA,2021,336,42.500000
COLUMBIA,2021,335,42.500000
COLUMBIA,2021,334,42.500000
COLUMBIA,2021,333,42.500000
COLUMBIA,2021,332,
COLUMBIA,2021,331,
COLUMBIA,2021,330,
COLUMBIA,2021,329,
COLUMBIA,2021,328,42.500000
COLUMBIA,2021,327,42.500000
COLUMBIA,2021,326,42.500000
COLUMBIA,2021,325,
COLUMBIA,2021,324,
COLUMBIA,2021,323,42.500000
COLUMBIA,2021,322,42.500000
COLUMBIA,2021,321,42.500000
COLUMBIA,2021,320,42.500000
COLUMBIA,2021,319,42.500000
COLUMBIA,2021,318,
COLUMBIA,2021,317,
COLUMBIA,2021,316,42.500000
COLUMBIA,2021,315,
COLUMBIA,2021,314,42.500000
COLUMBIA,2021,313,42.500000
COLUMBIA,2021,312,42.500000
COLUMBIA,2021,311,
COLUMBIA,2021,310,
COLUMBIA,2021,309,42.500000
COLUMBIA,2021,308,42.500000
COLUMBIA,2021,307,42.500000
COLUMBIA,2021,306,42.500000
COLUMBIA,2021,305,42.500000
COLUMBIA,2021,304,
COLUMBIA,2021,303,
COLUMBIA,2021,302,42.500000
COLUMBIA,2021,301,42.500000
COLUMBIA,2021,300,42.500000
COLUMBIA,2021,299,42.500000
COLUMBIA,2021,298,42.500000
COLUMBIA,2021,297,
COLUMBIA,2021,296,
COLUMBIA,2021,295,42.500000
COLUMBIA,2021,294,42.500000
COLUMBIA,2021,293,42.500000
COLUMBIA,2021,292,42.500000
COLUMBIA,2021,291,42.500000
COLUMBIA,2021,290,
COLUMBIA,2021,289,
COLUMBIA,2021,288,42.500000
COLUMBIA,2021,287,42.500000
COLUMBIA,2021,286,42.500000
COLUMBIA,2021,285,42.500000
COLUMBIA,2021,284,42.500000
COLUMBIA,2021,283,
COLUMBIA,2021,282,
COLUMBIA,2021,281,29.750000
COLUMBIA,2021,280,29.750000
COLUMBIA,2021,279,29.750000
COLUMBIA,2021,278,29.750000
COLUMBIA,2021,277,29.750000
COLUMBIA,2021,276,
COLUMBIA,2021,275,
COLUMBIA,2021,274,29.750000
COLUMBIA,2021,273,29.750000
COLUMBIA,2021,272,29.750000
COLUMBIA,2021,271,29.750000
COLUMBIA,2021,270,29.750000
COLUMBIA,2021,269,
COLUMBIA,2021,268,
COLUMBIA,2021,267,29.750000
COLUMBIA,2021,266,29.750000
COLUMBIA,2021,265,29.750000
COLUMBIA,2021,264,29.750000
COLUMBIA,2021,263,29.000000
COLUMBIA,2021,262,
COLUMBIA,2021,261,
COLUMBIA,2021,260,29.000000
COLUMBIA,2021,259,29.000000
COLUMBIA,2021,258,29.000000
COLUMBIA,2021,257,29.000000
COLUMBIA,2021,256,29.000000
COLUMBIA,2021,255,
COLUMBIA,2021,254,
COLUMBIA,2021,253,29.000000
COLUMBIA,2021,252,29.000000
COLUMBIA,2021,251,29.000000
COLUMBIA,2021,250,29.000000
COLUMBIA,2021,249,
COLUMBIA,2021,248,
COLUMBIA,2021,247,
COLUMBIA,2021,246,29.000000
COLUMBIA,2021,245,29.000000
COLUMBIA,2021,244,29.000000
COLUMBIA,2021,243,29.000000
COLUMBIA,2021,242,29.000000
COLUMBIA,2021,241,
COLUMBIA,2021,240,
COLUMBIA,2021,239,29.000000
COLUMBIA,2021,238,29.000000
COLUMBIA,2021,237,29.000000
COLUMBIA,2021,236,29.000000
COLUMBIA,2021,235,29.000000
COLUMBIA,2021,234,
COLUMBIA,2021,233,
COLUMBIA,2021,232,29.000000
COLUMBIA,2021,231,29.000000
COLUMBIA,2021,230,29.000000
COLUMBIA,2021,229,29.000000
COLUMBIA,2021,228,29.000000
COLUMBIA,2021,227,
COLUMBIA,2021,226,
COLUMBIA,2021,225,29.000000
COLUMBIA,2021,224,29.000000
COLUMBIA,2021,223,29.000000
COLUMBIA,2021,222,29.000000
COLUMBIA,2021,221,29.000000
COLUMBIA,2021,220,
COLUMBIA,2021,219,
COLUMBIA,2021,218,29.000000
COLUMBIA,2021,217,29.000000
COLUMBIA,2021,216,29.000000
COLUMBIA,2021,215,29.000000
COLUMBIA,2021,214,29.000000
COLUMBIA,2021,213,
COLUMBIA,2021,212,
COLUMBIA,2021,211,29.000000
COLUMBIA,2021,210,29.000000
COLUMBIA,2021,209,29.000000
COLUMBIA,2021,208,29.000000
COLUMBIA,2021,207,29.000000
COLUMBIA,2021,206,
COLUMBIA,2021,205,
COLUMBIA,2021,204,23.500000
COLUMBIA,2021,203,23.500000
COLUMBIA,2021,202,23.500000
COLUMBIA,2021,201,23.500000
COLUMBIA,2021,200,23.500000
COLUMBIA,2021,199,
COLUMBIA,2021,198,
COLUMBIA,2021,197,23.000000
COLUMBIA,2021,196,23.000000
COLUMBIA,2021,195,23.000000
COLUMBIA,2021,194,23.000000
COLUMBIA,2021,193,
COLUMBIA,2021,192,
COLUMBIA,2021,191,
COLUMBIA,2021,190,22.000000
COLUMBIA,2021,189,22.000000
COLUMBIA,2021,188,22.000000
COLUMBIA,2021,187,22.000000
COLUMBIA,2021,186,
COLUMBIA,2021,185,
COLUMBIA,2021,184,
COLUMBIA,2021,183,22.000000
COLUMBIA,2021,182,22.000000
COLUMBIA,2021,181,22.000000
COLUMBIA,2021,180,22.000000
COLUMBIA,2021,179,22.000000
COLUMBIA,2021,178,
COLUMBIA,2021,177,
COLUMBIA,2021,176,22.000000
COLUMBIA,2021,175,22.000000
COLUMBIA,2021,174,22.000000
COLUMBIA,2021,173,22.000000
COLUMBIA,2021,172,22.000000
COLUMBIA,2021,171,
COLUMBIA,2021,170,
COLUMBIA,2021,169,22.000000
COLUMBIA,2021,168,22.000000
COLUMBIA,2021,167,22.000000
COLUMBIA,2021,166,22.000000
COLUMBIA,2021,165,22.000000
COLUMBIA,2021,164,
COLUMBIA,2021,163,
COLUMBIA,2021,162,22.000000
COLUMBIA,2021,161,22.000000
COLUMBIA,2021,160,22.000000
COLUMBIA,2021,159,22.000000
COLUMBIA,2021,158,22.000000
COLUMBIA,2021,157,
COLUMBIA,2021,156,
COLUMBIA,2021,155,21.500000
COLUMBIA,2021,154,21.500000
COLUMBIA,2021,153,21.500000
COLUMBIA,2021,152,21.500000
COLUMBIA,2021,151,
COLUMBIA,2021,150,
COLUMBIA,2021,149,
COLUMBIA,2021,148,31.000000
COLUMBIA,2021,147,31.000000
COLUMBIA,2021,146,31.000000
COLUMBIA,2021,145,31.000000
COLUMBIA,2021,144,31.000000
COLUMBIA,2021,143,
COLUMBIA,2021,142,
COLUMBIA,2021,141,31.000000
COLUMBIA,2021,140,31.000000
COLUMBIA,2021,139,31.000000
COLUMBIA,2021,138,31.000000
COLUMBIA,2021,137,
COLUMBIA,2021,136,
COLUMBIA,2021,135,
COLUMBIA,2021,134,31.000000
COLUMBIA,2021,133,31.000000
COLUMBIA,2021,132,31.000000
COLUMBIA,2021,131,31.000000
COLUMBIA,2021,130,
COLUMBIA,2021,129,
COLUMBIA,2021,128,
COLUMBIA,2021,127,31.000000
COLUMBIA,2021,126,31.000000
COLUMBIA,2021,125,31.000000
COLUMBIA,2021,124,31.000000
COLUMBIA,2021,123,31.000000
COLUMBIA,2021,122,
COLUMBIA,2021,121,
COLUMBIA,2021,120,31.000000
COLUMBIA,2021,119,31.000000
COLUMBIA,2021,118,31.000000
COLUMBIA,2021,117,31.000000
COLUMBIA,2021,116,31.000000
COLUMBIA,2021,115,
COLUMBIA,2021,114,
COLUMBIA,2021,113,32.333333
COLUMBIA,2021,112,32.333333
COLUMBIA,2021,111,32.333333
COLUMBIA,2021,110,32.333333
COLUMBIA,2021,109,32.333333
COLUMBIA,2021,108,
COLUMBIA,2021,107,
COLUMBIA,2021,106,30.333333
COLUMBIA,2021,105,30.333333
COLUMBIA,2021,104,23.250000
COLUMBIA,2021,103,23.250000
COLUMBIA,2021,102,23.250000
COLUMBIA,2021,101,
COLUMBIA,2021,100,
COLUMBIA,2021,99,23.250000
COLUMBIA,2021,98,23.250000
COLUMBIA,2021,97,23.250000
COLUMBIA,2021,96,23.250000
COLUMBIA,2021,95,23.250000
COLUMBIA,2021,94,
COLUMBIA,2021,93,
COLUMBIA,2021,92,21.750000
COLUMBIA,2021,91,21.750000
COLUMBIA,2021,90,21.750000
COLUMBIA,2021,89,21.750000
COLUMBIA,2021,88,21.750000
COLUMBIA,2021,87,
COLUMBIA,2021,86,
COLUMBIA,2021,85,21.750000
COLUMBIA,2021,84,21.750000
COLUMBIA,2021,83,21.750000
COLUMBIA,2021,82,21.750000
COLUMBIA,2021,81,21.750000
COLUMBIA,2021,80,
COLUMBIA,2021,79,
COLUMBIA,2021,78,21.750000
COLUMBIA,2021,77,21.750000
COLUMBIA,2021,76,21.750000
COLUMBIA,2021,75,21.750000
COLUMBIA,2021,74,21.750000
COLUMBIA,2021,73,
COLUMBIA,2021,72,
COLUMBIA,2021,71,21.750000
COLUMBIA,2021,70,21.750000
COLUMBIA,2021,69,21.750000
COLUMBIA,2021,68,21.750000
COLUMBIA,2021,67,21.750000
COLUMBIA,2021,66,
COLUMBIA,2021,65,
COLUMBIA,2021,64,21.750000
COLUMBIA,2021,63,21.750000
COLUMBIA,2021,62,21.750000
COLUMBIA,2021,61,21.750000
COLUMBIA,2021,60,21.750000
COLUMBIA,2021,59,
COLUMBIA,2021,58,
COLUMBIA,2021,57,22.000000
COLUMBIA,2021,56,22.000000
COLUMBIA,2021,55,22.000000
COLUMBIA,2021,54,22.000000
COLUMBIA,2021,53,22.000000
COLUMBIA,2021,52,
COLUMBIA,2021,51,
COLUMBIA,2021,50,22.000000
COLUMBIA,2021,49,22.000000
COLUMBIA,2021,48,22.000000
COLUMBIA,2021,47,22.000000
COLUMBIA,2021,46,
COLUMBIA,2021,45,
COLUMBIA,2021,44,
COLUMBIA,2021,43,22.666666
COLUMBIA,2021,42,22.666666
COLUMBIA,2021,41,22.666666
COLUMBIA,2021,40,22.666666
COLUMBIA,2021,39,22.666666
COLUMBIA,2021,38,
COLUMBIA,2021,37,
COLUMBIA,2021,36,22.666666
COLUMBIA,2021,35,22.666666
COLUMBIA,2021,34,22.666666
COLUMBIA,2021,33,22.666666
COLUMBIA,2021,32,22.666666
COLUMBIA,2021,31,
COLUMBIA,2021,30,
COLUMBIA,2021,29,22.666666
COLUMBIA,2021,28,22.666666
COLUMBIA,2021,27,22.666666
COLUMBIA,2021,26,22.666666
COLUMBIA,2021,25,22.666666
COLUMBIA,2021,24,
COLUMBIA,2021,23,
COLUMBIA,2021,22,22.666666
COLUMBIA,2021,21,22.666666
COLUMBIA,2021,20,22.666666
COLUMBIA,2021,19,22.666666
COLUMBIA,2021,18,
COLUMBIA,2021,17,
COLUMBIA,2021,16,
COLUMBIA,2021,15,24.166666
COLUMBIA,2021,14,24.166666
COLUMBIA,2021,13,24.166666
COLUMBIA,2021,12,24.166666
COLUMBIA,2021,11,24.166666
COLUMBIA,2021,10,
COLUMBIA,2021,9,
COLUMBIA,2021,8,24.166666
COLUMBIA,2021,7,24.166666
COLUMBIA,2021,6,24.166666
COLUMBIA,2021,5,24.166666
COLUMBIA,2021,4,24.166666
COLUMBIA,2021,3,
COLUMBIA,2021,2,
LOS ANGELES,2021,366,
LOS ANGELES,2021,365,
LOS ANGELES,2021,364,0.650000
LOS ANGELES,2021,363,0.650000
LOS ANGELES,2021,362,0.650000
LOS ANGELES,2021,361,
LOS ANGELES,2021,360,
LOS ANGELES,2021,359,
LOS ANGELES,2021,358,
LOS ANGELES,2021,357,0.650000
LOS ANGELES,2021,356,0.650000
LOS ANGELES,2021,355,0.650000
LOS ANGELES,2021,354,0.650000
LOS ANGELES,2021,353,
LOS ANGELES,2021,352,
LOS ANGELES,2021,351,0.650000
LOS ANGELES,2021,350,45.000000
LOS ANGELES,2021,349,45.000000
LOS ANGELES,2021,348,45.000000
LOS ANGELES,2021,347,45.000000
LOS ANGELES,2021,346,
LOS ANGELES,2021,345,
LOS ANGELES,2021,344,45.000000
LOS ANGELES,2021,343,45.000000
LOS ANGELES,2021,342,45.000000
LOS ANGELES,2021,341,45.000000
LOS ANGELES,2021,340,45.000000
LOS ANGELES,2021,339,
LOS ANGELES,2021,338,
LOS ANGELES,2021,337,45.000000
LOS ANGELES,2021,336,45.000000
LOS ANGELES,2021,335,61.500000
LOS ANGELES,2021,334,61.500000
LOS ANGELES,2021,333,61.500000
LOS ANGELES,2021,332,
LOS ANGELES,2021,331,
LOS ANGELES,2021,330,61.500000
LOS ANGELES,2021,329,
LOS ANGELES,2021,328,61.500000
LOS ANGELES,2021,327,61.500000
LOS ANGELES,2021,326,61.500000
LOS ANGELES,2021,325,
LOS ANGELES,2021,324,
LOS ANGELES,2021,323,61.500000
LOS ANGELES,2021,322,61.500000
LOS ANGELES,2021,321,61.500000
LOS ANGELES,2021,320,61.500000
LOS ANGELES,2021,319,61.500000
LOS ANGELES,2021,318,
LOS ANGELES,2021,317,
LOS ANGELES,2021,316,61.500000
LOS ANGELES,2021,315,
LOS ANGELES,2021,314,61.500000
LOS ANGELES,2021,313,61.500000
LOS ANGELES,2021,312,61.500000
LOS ANGELES,2021,311,
LOS ANGELES,2021,310,
LOS ANGELES,2021,309,56.500000
LOS ANGELES,2021,308,56.500000
LOS ANGELES,2021,307,56.500000
LOS ANGELES,2021,306,56.500000
LOS ANGELES,2021,305,56.500000
LOS ANGELES,2021,304,
LOS ANGELES,2021,303,
LOS ANGELES,2021,302,56.500000
LOS ANGELES,2021,301,56.500000
LOS ANGELES,2021,300,56.500000
LOS ANGELES,2021,299,56.500000
LOS ANGELES,2021,298,54.000000
LOS ANGELES,2021,297,
LOS ANGELES,2021,296,
LOS ANGELES,2021,295,54.000000
LOS ANGELES,2021,294,54.000000
LOS ANGELES,2021,293,54.000000
LOS ANGELES,2021,292,39.000000
LOS ANGELES,2021,291,39.000000
LOS ANGELES,2021,290,
LOS ANGELES,2021,289,
LOS ANGELES,2021,288,39.000000
LOS ANGELES,2021,287,39.000000
LOS ANGELES,2021,286,39.000000
LOS ANGELES,2021,285,39.000000
LOS ANGELES,2021,284,
LOS ANGELES,2021,283,
LOS ANGELES,2021,282,
LOS ANGELES,2021,281,39.000000
LOS ANGELES,2021,280,39.000000
LOS ANGELES,2021,279,39.000000
LOS ANGELES,2021,278,39.000000
LOS ANGELES,2021,277,39.000000
LOS ANGELES,2021,276,
LOS ANGELES,2021,275,
LOS ANGELES,2021,274,39.000000
LOS ANGELES,2021,273,39.000000
LOS ANGELES,2021,272,39.000000
LOS ANGELES,2021,271,39.000000
LOS ANGELES,2021,270,39.000000
LOS ANGELES,2021,269,
LOS ANGELES,2021,268,
LOS ANGELES,2021,267,39.000000
LOS ANGELES,2021,266,39.000000
LOS ANGELES,2021,265,39.000000
LOS ANGELES,2021,264,39.000000
LOS ANGELES,2021,263,39.000000
LOS ANGELES,2021,262,
LOS ANGELES,2021,261,
LOS ANGELES,2021,260,39.000000
LOS ANGELES,2021,259,39.000000
LOS ANGELES,2021,258,19.500000
LOS ANGELES,2021,257,19.500000
LOS ANGELES,2021,256,19.500000
LOS ANGELES,2021,255,
LOS ANGELES,2021,254,
LOS ANGELES,2021,253,19.500000
LOS ANGELES,2021,252,19.500000
LOS ANGELES,2021,251,19.500000
LOS ANGELES,2021,250,19.500000
LOS ANGELES,2021,249,
LOS ANGELES,2021,248,
LOS ANGELES,2021,247,
LOS ANGELES,2021,246,19.500000
LOS ANGELES,2021,245,19.500000
LOS ANGELES,2021,244,22.375000
LOS ANGELES,2021,243,22.375000
LOS ANGELES,2021,242,22.375000
LOS ANGELES,2021,241,
LOS ANGELES,2021,240,
LOS ANGELES,2021,239,22.375000
LOS ANGELES,2021,238,22.375000
LOS ANGELES,2021,237,22.375000
LOS ANGELES,2021,236,22.375000
LOS ANGELES,2021,235,22.375000
LOS ANGELES,2021,234,
LOS ANGELES,2021,233,
LOS ANGELES,2021,232,22.375000
LOS ANGELES,2021,231,22.375000
LOS ANGELES,2021,230,22.375000
LOS ANGELES,2021,229,22.375000
LOS ANGELES,2021,228,22.375000
LOS ANGELES,2021,227,
LOS ANGELES,2021,226,
LOS ANGELES,2021,225,22.375000
LOS ANGELES,2021,224,22.375000
LOS ANGELES,2021,223,22.375000
LOS ANGELES,2021,222,22.375000
LOS ANGELES,2021,221,22.375000
LOS ANGELES,2021,220,
LOS ANGELES,2021,219,
LOS ANGELES,2021,218,22.375000
LOS ANGELES,2021,217,22.375000
LOS ANGELES,2021,216,22.375000
LOS ANGELES,2021,215,22.375000
LOS ANGELES,2021,214,28.333333
LOS ANGELES,2021,213,
LOS ANGELES,2021,212,
LOS ANGELES,2021,211,28.333333
LOS ANGELES,2021,210,28.333333
LOS ANGELES,2021,209,28.333333
LOS ANGELES,2021,208,28.333333
LOS ANGELES,2021,207,28.333333
LOS ANGELES,2021,206,
LOS ANGELES,2021,205,
LOS ANGELES,2021,204,28.333333
LOS ANGELES,2021,203,30.166666
LOS ANGELES,2021,202,30.166666
LOS ANGELES,2021,201,30.166666
LOS ANGELES,2021,200,30.166666
LOS ANGELES,2021,199,
LOS ANGELES,2021,198,
LOS ANGELES,2021,197,30.166666
LOS ANGELES,2021,196,30.166666
LOS ANGELES,2021,195,30.166666
LOS ANGELES,2021,194,30.166666
LOS ANGELES,2021,193,30.166666
LOS ANGELES,2021,192,
LOS ANGELES,2021,191,
LOS ANGELES,2021,190,30.166666
LOS ANGELES,2021,189,30.166666
LOS ANGELES,2021,188,30.166666
LOS ANGELES,2021,187,20.250000
LOS ANGELES,2021,186,
LOS ANGELES,2021,185,
LOS ANGELES,2021,184,
LOS ANGELES,2021,183,20.250000
LOS ANGELES,2021,182,20.250000
LOS ANGELES,2021,181,20.250000
LOS ANGELES,2021,180,20.250000
LOS ANGELES,2021,179,20.250000
LOS ANGELES,2021,178,
LOS ANGELES,2021,177,
LOS ANGELES,2021,176,20.250000
LOS ANGELES,2021,175,20.250000
LOS ANGELES,2021,174,20.250000
LOS ANGELES,2021,173,20.250000
LOS ANGELES,2021,172,20.250000
LOS ANGELES,2021,171,
LOS ANGELES,2021,170,
LOS ANGELES,2021,169,20.250000
LOS ANGELES,2021,168,20.250000
LOS ANGELES,2021,167,13.300000
LOS ANGELES,2021,166,13.300000
LOS ANGELES,2021,165,13.300000
LOS ANGELES,2021,164,
LOS ANGELES,2021,163,
LOS ANGELES,2021,162,13.300000
LOS ANGELES,2021,161,13.300000
LOS ANGELES,2021,160,13.300000
LOS ANGELES,2021,159,13.300000
LOS ANGELES,2021,158,13.300000
LOS ANGELES,2021,157,
LOS ANGELES,2021,156,
LOS ANGELES,2021,155,13.300000
LOS ANGELES,2021,154,13.300000
LOS ANGELES,2021,153,13.300000
LOS ANGELES,2021,152,13.300000
LOS ANGELES,2021,151,
LOS ANGELES,2021,150,
LOS ANGELES,2021,149,
LOS ANGELES,2021,148,13.300000
LOS ANGELES,2021,147,13.300000
LOS ANGELES,2021,146,13.300000
LOS ANGELES,2021,145,13.300000
LOS ANGELES,2021,144,13.300000
LOS ANGELES,2021,143,
LOS ANGELES,2021,142,
LOS ANGELES,2021,141,13.300000
LOS ANGELES,2021,140,13.300000
LOS ANGELES,2021,139,13.300000
LOS ANGELES,2021,138,13.300000
LOS ANGELES,2021,137,13.300000
LOS ANGELES,2021,136,
LOS ANGELES,2021,135,
LOS ANGELES,2021,134,13.300000
LOS ANGELES,2021,133,13.300000
LOS ANGELES,2021,132,13.300000
LOS ANGELES,2021,131,13.300000
LOS ANGELES,2021,130,13.300000
LOS ANGELES,2021,129,
LOS ANGELES,2021,128,
LOS ANGELES,2021,127,13.300000
LOS ANGELES,2021,126,13.300000
LOS ANGELES,2021,125,13.300000
LOS ANGELES,2021,124,13.300000
LOS ANGELES,2021,123,13.300000
LOS ANGELES,2021,122,
LOS ANGELES,2021,121,
LOS ANGELES,2021,120,13.300000
LOS ANGELES,2021,119,13.300000
LOS ANGELES,2021,118,13.300000
LOS ANGELES,2021,117,13.300000
LOS ANGELES,2021,116,13.300000
LOS ANGELES,2021,115,
LOS ANGELES,2021,114,
LOS ANGELES,2021,113,13.300000
LOS ANGELES,2021,112,13.300000
LOS ANGELES,2021,111,13.300000
LOS ANGELES,2021,110,13.300000
LOS ANGELES,2021,109,13.300000
LOS ANGELES,2021,108,
LOS ANGELES,2021,107,
LOS ANGELES,2021,106,13.300000
LOS ANGELES,2021,105,13.300000
LOS ANGELES,2021,104,13.300000
LOS ANGELES,2021,103,13.300000
LOS ANGELES,2021,102,13.300000
LOS ANGELES,2021,101,
LOS ANGELES,2021,100,
LOS ANGELES,2021,99,13.300000
LOS ANGELES,2021,98,13.300000
LOS ANGELES,2021,97,13.300000
LOS ANGELES,2021,96,13.300000
LOS ANGELES,2021,95,13.300000
LOS ANGELES,2021,94,
LOS ANGELES,2021,93,
LOS ANGELES,2021,92,13.300000
LOS ANGELES,2021,91,13.300000
LOS ANGELES,2021,90,13.300000
LOS ANGELES,2021,89,13.300000
LOS ANGELES,2021,88,13.300000
LOS ANGELES,2021,87,
LOS ANGELES,2021,86,
LOS ANGELES,2021,85,13.300000
LOS ANGELES,2021,84,13.300000
LOS ANGELES,2021,83,13.300000
LOS ANGELES,2021,82,13.300000
LOS ANGELES,2021,81,13.300000
LOS ANGELES,2021,80,
LOS ANGELES,2021,79,
LOS ANGELES,2021,78,13.225000
LOS ANGELES,2021,77,13.225000
LOS ANGELES,2021,76,13.225000
LOS ANGELES,2021,75,13.225000
LOS ANGELES,2021,74,13.225000
LOS ANGELES,2021,73,
LOS ANGELES,2021,72,
LOS ANGELES,2021,71,13.225000
LOS ANGELES,2021,70,13.225000
LOS ANGELES,2021,69,13.725000
LOS ANGELES,2021,68,13.725000
LOS ANGELES,2021,67,13.725000
LOS ANGELES,2021,66,
LOS ANGELES,2021,65,
LOS ANGELES,2021,64,13.725000
LOS ANGELES,2021,63,13.725000
LOS ANGELES,2021,62,13.725000
LOS ANGELES,2021,61,13.725000
LOS ANGELES,2021,60,13.725000
LOS ANGELES,2021,59,
LOS ANGELES,2021,58,
LOS ANGELES,2021,57,13.725000
LOS ANGELES,2021,56,13.725000
LOS ANGELES,2021,55,13.725000
LOS ANGELES,2021,54,13.725000
LOS ANGELES,2021,53,13.725000
LOS ANGELES,2021,52,
LOS ANGELES,2021,51,
LOS ANGELES,2021,50,13.725000
LOS ANGELES,2021,49,13.725000
LOS ANGELES,2021,48,13.725000
LOS ANGELES,2021,47,13.725000
LOS ANGELES,2021,46,
LOS ANGELES,2021,45,
LOS ANGELES,2021,44,
LOS ANGELES,2021,43,13.725000
LOS ANGELES,2021,42,13.725000
LOS ANGELES,2021,41,13.725000
LOS ANGELES,2021,40,13.725000
LOS ANGELES,2021,39,13.725000
LOS ANGELES,2021,38,
LOS ANGELES,2021,37,
LOS ANGELES,2021,36,13.725000
LOS ANGELES,2021,35,13.725000
LOS ANGELES,2021,34,12.975000
LOS ANGELES,2021,33,12.975000
LOS ANGELES,2021,32,12.975000
LOS ANGELES,2021,31,
LOS ANGELES,2021,30,
LOS ANGELES,2021,29,12.965000
LOS ANGELES,2021,28,13.965000
LOS ANGELES,2021,27,13.965000
LOS ANGELES,2021,26,13.965000
LOS ANGELES,2021,25,13.965000
LOS ANGELES,2021,24,
LOS ANGELES,2021,23,
LOS ANGELES,2021,22,13.965000
LOS ANGELES,2021,21,13.965000
LOS ANGELES,2021,20,13.965000
LOS ANGELES,2021,19,13.965000
LOS ANGELES,2021,18,
LOS ANGELES,2021,17,
LOS ANGELES,2021,16,
LOS ANGELES,2021,15,13.965000
LOS ANGELES,2021,14,13.965000
LOS ANGELES,2021,13,13.965000
LOS ANGELES,2021,12,13.965000
LOS ANGELES,2021,11,13.965000
LOS ANGELES,2021,10,
LOS ANGELES,2021,9,
LOS ANGELES,2021,8,13.965000
LOS ANGELES,2021,7,13.965000
LOS ANGELES,2021,6,14.215000
LOS ANGELES,2021,5,14.215000
LOS ANGELES,2021,4,14.215000
LOS ANGELES,2021,3,
LOS ANGELES,2021,2,
MIAMI,2021,366,
MIAMI,2021,365,
MIAMI,2021,364,41.000000
MIAMI,2021,363,41.000000
MIAMI,2021,362,41.000000
MIAMI,2021,361,41.000000
MIAMI,2021,360,
MIAMI,2021,359,
MIAMI,2021,358,
MIAMI,2021,357,41.000000
MIAMI,2021,356,41.000000
MIAMI,2021,355,41.000000
MIAMI,2021,354,41.000000
MIAMI,2021,353,
MIAMI,2021,352,
MIAMI,2021,351,41.000000
MIAMI,2021,350,41.000000
MIAMI,2021,349,41.000000
MIAMI,2021,348,41.000000
MIAMI,2021,347,41.000000
MIAMI,2021,346,
MIAMI,2021,345,
MIAMI,2021,344,41.000000
MIAMI,2021,343,41.000000
MIAMI,2021,342,41.000000
MIAMI,2021,341,41.000000
MIAMI,2021,340,41.000000
MIAMI,2021,339,
MIAMI,2021,338,
MIAMI,2021,337,41.000000
MIAMI,2021,336,41.000000
MIAMI,2021,335,41.000000
MIAMI,2021,334,41.000000
MIAMI,2021,333,41.000000
MIAMI,2021,332,
MIAMI,2021,331,
MIAMI,2021,330,41.000000
MIAMI,2021,329,
MIAMI,2021,328,41.000000
MIAMI,2021,327,41.000000
MIAMI,2021,326,41.000000
MIAMI,2021,325,
MIAMI,2021,324,
MIAMI,2021,323,41.000000
MIAMI,2021,322,41.000000
MIAMI,2021,321,41.000000
MIAMI,2021,320,41.000000
MIAMI,2021,319,41.000000
MIAMI,2021,318,
MIAMI,2021,317,
MIAMI,2021,316,41.000000
MIAMI,2021,315,
MIAMI,2021,314,41.000000
MIAMI,2021,313,41.000000
MIAMI,2021,312,41.000000
MIAMI,2021,311,
MIAMI,2021,310,
MIAMI,2021,309,41.000000
MIAMI,2021,308,41.000000
MIAMI,2021,307,41.000000
MIAMI,2021,306,41.000000
MIAMI,2021,305,41.000000
MIAMI,2021,304,
MIAMI,2021,303,
MIAMI,2021,302,41.000000
MIAMI,2021,301,41.000000
MIAMI,2021,300,41.000000
MIAMI,2021,299,41.000000
MIAMI,2021,298,41.000000
MIAMI,2021,297,
MIAMI,2021,296,
MIAMI,2021,295,41.000000
MIAMI,2021,294,41.000000
MIAMI,2021,293,41.000000
MIAMI,2021,292,41.000000
MIAMI,2021,291,41.000000
MIAMI,2021,290,
MIAMI,2021,289,
MIAMI,2021,288,41.000000
MIAMI,2021,287,41.000000
MIAMI,2021,286,41.000000
MIAMI,2021,285,41.000000
MIAMI,2021,284,
MIAMI,2021,283,
MIAMI,2021,282,
MIAMI,2021,281,41.000000
MIAMI,2021,280,41.000000
MIAMI,2021,279,41.000000
MIAMI,2021,278,41.000000
MIAMI,2021,277,41.000000
MIAMI,2021,276,
MIAMI,2021,275,
MIAMI,2021,274,41.000000
MIAMI,2021,273,41.000000
MIAMI,2021,272,41.000000
MIAMI,2021,271,41.000000
MIAMI,2021,270,41.000000
MIAMI,2021,269,
MIAMI,2021,268,
MIAMI,2021,267,41.000000
MIAMI,2021,266,41.000000
MIAMI,2021,265,41.000000
MIAMI,2021,264,41.000000
MIAMI,2021,263,41.000000
MIAMI,2021,262,
MIAMI,2021,261,
MIAMI,2021,260,41.000000
MIAMI,2021,259,41.000000
MIAMI,2021,258,41.000000
MIAMI,2021,257,41.000000
MIAMI,2021,256,41.000000
MIAMI,2021,255,
MIAMI,2021,254,
MIAMI,2021,253,41.000000
MIAMI,2021,252,41.000000
MIAMI,2021,251,41.000000
MIAMI,2021,250,41.000000
MIAMI,2021,249,
MIAMI,2021,248,
MIAMI,2021,247,
MIAMI,2021,246,41.000000
MIAMI,2021,245,41.000000
MIAMI,2021,244,41.000000
MIAMI,2021,243,41.000000
MIAMI,2021,242,41.000000
MIAMI,2021,241,
MIAMI,2021,240,
MIAMI,2021,239,41.000000
MIAMI,2021,238,41.000000
MIAMI,2021,237,41.000000
MIAMI,2021,236,41.000000
MIAMI,2021,235,41.000000
MIAMI,2021,234,
MIAMI,2021,233,
MIAMI,2021,232,41.000000
MIAMI,2021,231,41.000000
MIAMI,2021,230,41.000000
MIAMI,2021,229,41.000000
MIAMI,2021,228,41.000000
MIAMI,2021,227,
MIAMI,2021,226,
MIAMI,2021,225,41.000000
MIAMI,2021,224,41.000000
MIAMI,2021,223,41.000000
MIAMI,2021,222,41.000000
MIAMI,2021,221,41.000000
MIAMI,2021,220,
MIAMI,2021,219,
MIAMI,2021,218,41.000000
MIAMI,2021,217,41.000000
MIAMI,2021,216,41.000000
MIAMI,2021,215,41.000000
MIAMI,2021,214,41.000000
MIAMI,2021,213,
MIAMI,2021,212,
MIAMI,2021,211,41.000000
MIAMI,2021,210,41.000000
MIAMI,2021,209,41.000000
MIAMI,2021,208,41.000000
MIAMI,2021,207,41.000000
MIAMI,2021,206,
MIAMI,2021,205,
MIAMI,2021,204,41.000000
MIAMI,2021,203,41.000000
MIAMI,2021,202,41.000000
MIAMI,2021,201,41.000000
MIAMI,2021,200,41.000000
MIAMI,2021,199,
MIAMI,2021,198,
MIAMI,2021,197,41.000000
MIAMI,2021,196,41.000000
MIAMI,2021,195,41.000000
MIAMI,2021,194,41.000000
MIAMI,2021,193,41.000000
MIAMI,2021,192,
MIAMI,2021,191,
MIAMI,2021,190,41.000000
MIAMI,2021,189,41.000000
MIAMI,2021,188,41.000000
MIAMI,2021,187,41.000000
MIAMI,2021,186,
MIAMI,2021,185,
MIAMI,2021,184,
MIAMI,2021,183,41.000000
MIAMI,2021,182,41.000000
MIAMI,2021,181,41.000000
MIAMI,2021,180,41.000000
MIAMI,2021,179,41.000000
MIAMI,2021,178,
MIAMI,2021,177,
MIAMI,2021,176,41.000000
MIAMI,2021,175,41.000000
MIAMI,2021,174,41.000000
MIAMI,2021,173,41.000000
MIAMI,2021,172,41.000000
MIAMI,2021,171,
MIAMI,2021,170,
MIAMI,2021,169,41.000000
MIAMI,2021,168,41.000000
MIAMI,2021,167,41.000000
MIAMI,2021,166,41.000000
MIAMI,2021,165,41.000000
MIAMI,2021,164,
MIAMI,2021,163,
MIAMI,2021,162,41.000000
MIAMI,2021,161,41.000000
MIAMI,2021,160,41.000000
MIAMI,2021,159,41.000000
MIAMI,2021,158,41.000000
MIAMI,2021,157,
MIAMI,2021,156,
MIAMI,2021,155,41.000000
MIAMI,2021,154,41.000000
MIAMI,2021,153,41.000000
MIAMI,2021,152,41.000000
MIAMI,2021,151,
MIAMI,2021,150,
MIAMI,2021,149,
MIAMI,2021,148,41.000000
MIAMI,2021,147,41.000000
MIAMI,2021,146,41.000000
MIAMI,2021,145,41.000000
MIAMI,2021,144,41.000000
MIAMI,2021,143,
MIAMI,2021,142,
MIAMI,2021,141,41.000000
MIAMI,2021,140,41.000000
MIAMI,2021,139,41.000000
MIAMI,2021,138,41.000000
MIAMI,2021,137,41.000000
MIAMI,2021,136,
MIAMI,2021,135,
MIAMI,2021,134,41.000000
MIAMI,2021,133,41.000000
MIAMI,2021,132,41.000000
MIAMI,2021,131,41.000000
MIAMI,2021,130,41.000000
MIAMI,2021,129,
MIAMI,2021,128,
MIAMI,2021,127,41.000000
MIAMI,2021,126,41.000000
MIAMI,2021,125,41.000000
MIAMI,2021,124,41.000000
MIAMI,2021,123,41.000000
MIAMI,2021,122,
MIAMI,2021,121,
MIAMI,2021,120,41.000000
MIAMI,2021,119,41.000000
MIAMI,2021,118,41.000000
MIAMI,2021,117,41.000000
MIAMI,2021,116,41.000000
MIAMI,2021,115,
MIAMI,2021,114,
MIAMI,2021,113,41.000000
MIAMI,2021,112,41.000000
MIAMI,2021,111,41.000000
MIAMI,2021,110,41.000000
MIAMI,2021,109,41.000000
MIAMI,2021,108,
MIAMI,2021,107,
MIAMI,2021,106,41.000000
MIAMI,2021,105,41.000000
MIAMI,2021,104,41.000000
MIAMI,2021,103,41.000000
MIAMI,2021,102,41.000000
MIAMI,2021,101,
MIAMI,2021,100,
MIAMI,2021,99,41.000000
MIAMI,2021,98,41.000000
MIAMI,2021,97,41.000000
MIAMI,2021,96,41.000000
MIAMI,2021,95,41.000000
MIAMI,2021,94,
MIAMI,2021,93,
MIAMI,2021,92,41.000000
MIAMI,2021,91,41.000000
MIAMI,2021,90,41.000000
MIAMI,2021,89,41.000000
MIAMI,2021,88,41.000000
MIAMI,2021,87,
MIAMI,2021,86,
MIAMI,2021,85,41.000000
MIAMI,2021,84,41.000000
MIAMI,2021,83,41.000000
MIAMI,2021,82,41.000000
MIAMI,2021,81,41.000000
MIAMI,2021,80,
MIAMI,2021,79,
MIAMI,2021,78,41.000000
MIAMI,2021,77,41.000000
MIAMI,2021,76,41.000000
MIAMI,2021,75,41.000000
MIAMI,2021,74,41.000000
MIAMI,2021,73,
MIAMI,2021,72,
MIAMI,2021,71,41.000000
MIAMI,2021,70,41.000000
MIAMI,2021,69,41.000000
MIAMI,2021,68,41.000000
MIAMI,2021,67,41.000000
MIAMI,2021,66,
MIAMI,2021,65,
MIAMI,2021,64,41.000000
MIAMI,2021,63,41.000000
MIAMI,2021,62,41.000000
MIAMI,2021,61,41.000000
MIAMI,2021,60,41.000000
MIAMI,2021,59,
MIAMI,2021,58,
MIAMI,2021,57,41.000000
MIAMI,2021,56,41.000000
MIAMI,2021,55,41.000000
MIAMI,2021,54,41.000000
MIAMI,2021,53,41.000000
MIAMI,2021,52,
MIAMI,2021,51,
MIAMI,2021,50,41.000000
MIAMI,2021,49,41.000000
MIAMI,2021,48,41.000000
MIAMI,2021,47,41.000000
MIAMI,2021,46,
MIAMI,2021,45,
MIAMI,2021,44,
MIAMI,2021,43,41.000000
MIAMI,2021,42,41.000000
MIAMI,2021,41,41.000000
MIAMI,2021,40,41.000000
MIAMI,2021,39,41.000000
MIAMI,2021,38,
MIAMI,2021,37,
MIAMI,2021,36,41.000000
MIAMI,2021,35,41.000000
MIAMI,2021,34,41.000000
MIAMI,2021,33,41.000000
MIAMI,2021,32,41.000000
MIAMI,2021,31,
MIAMI,2021,30,
MIAMI,2021,29,41.000000
MIAMI,2021,28,41.000000
MIAMI,2021,27,41.000000
MIAMI,2021,26,41.000000
MIAMI,2021,25,41.000000
MIAMI,2021,24,
MIAMI,2021,23,
MIAMI,2021,22,41.000000
MIAMI,2021,21,41.000000
MIAMI,2021,20,41.000000
MIAMI,2021,19,41.000000
MIAMI,2021,18,
MIAMI,2021,17,
MIAMI,2021,16,
MIAMI,2021,15,41.000000
MIAMI,2021,14,41.000000
MIAMI,2021,13,41.000000
MIAMI,2021,12,41.000000
MIAMI,2021,11,41.000000
MIAMI,2021,10,
MIAMI,2021,9,
MIAMI,2021,8,41.000000
MIAMI,2021,7,41.000000
MIAMI,2021,6,41.000000
MIAMI,2021,5,41.000000
MIAMI,2021,4,41.000000
MIAMI,2021,3,
MIAMI,2021,2,
NEW YORK,2021,366,
NEW YORK,2021,365,
NEW YORK,2021,364,35.666666
NEW YORK,2021,363,35.666666
NEW YORK,2021,362,35.666666
NEW YORK,2021,361,37.750000
NEW YORK,2021,360,
NEW YORK,2021,359,
NEW YORK,2021,358,
NEW YORK,2021,357,42.166666
NEW YORK,2021,356,42.166666
NEW YORK,2021,355,42.166666
NEW YORK,2021,354,41.333333
NEW YORK,2021,353,
NEW YORK,2021,352,
NEW YORK,2021,351,40.750000
NEW YORK,2021,350,40.750000
NEW YORK,2021,349,40.750000
NEW YORK,2021,348,40.750000
NEW YORK,2021,347,39.375000
NEW YORK,2021,346,
NEW YORK,2021,345,
NEW YORK,2021,344,40.000000
NEW YORK,2021,343,40.000000
NEW YORK,2021,342,38.200000
NEW YORK,2021,341,39.400000
NEW YORK,2021,340,34.800000
NEW YORK,2021,339,
NEW YORK,2021,338,
NEW YORK,2021,337,40.000000
NEW YORK,2021,336,40.000000
NEW YORK,2021,335,40.000000
NEW YORK,2021,334,40.200000
NEW YORK,2021,333,33.333333
NEW YORK,2021,332,
NEW YORK,2021,331,
NEW YORK,2021,330,
NEW YORK,2021,329,
NEW YORK,2021,328,42.500000
NEW YORK,2021,327,42.500000
NEW YORK,2021,326,42.500000
NEW YORK,2021,325,
NEW YORK,2021,324,
NEW YORK,2021,323,42.500000
NEW YORK,2021,322,42.500000
NEW YORK,2021,321,48.666666
NEW YORK,2021,320,48.666666
NEW YORK,2021,319,47.000000
NEW YORK,2021,318,
NEW YORK,2021,317,
NEW YORK,2021,316,41.500000
NEW YORK,2021,315,
NEW YORK,2021,314,41.500000
NEW YORK,2021,313,41.500000
NEW YORK,2021,312,36.333333
NEW YORK,2021,311,
NEW YORK,2021,310,
NEW YORK,2021,309,41.000000
NEW YORK,2021,308,41.000000
NEW YORK,2021,307,40.000000
NEW YORK,2021,306,40.000000
NEW YORK,2021,305,40.000000
NEW YORK,2021,304,
NEW YORK,2021,303,
NEW YORK,2021,302,40.000000
NEW YORK,2021,301,40.000000
NEW YORK,2021,300,40.000000
NEW YORK,2021,299,40.000000
NEW YORK,2021,298,40.000000
NEW YORK,2021,297,
NEW YORK,2021,296,
NEW YORK,2021,295,36.500000
NEW YORK,2021,294,36.500000
NEW YORK,2021,293,36.500000
NEW YORK,2021,292,39.166666
NEW YORK,2021,291,39.166666
NEW YORK,2021,290,
NEW YORK,2021,289,
NEW YORK,2021,288,39.166666
NEW YORK,2021,287,39.166666
NEW YORK,2021,286,39.166666
NEW YORK,2021,285,38.833333
NEW YORK,2021,284,
NEW YORK,2021,283,
NEW YORK,2021,282,
NEW YORK,2021,281,38.833333
NEW YORK,2021,280,38.833333
NEW YORK,2021,279,38.833333
NEW YORK,2021,278,38.833333
NEW YORK,2021,277,37.500000
NEW YORK,2021,276,
NEW YORK,2021,275,
NEW YORK,2021,274,38.666666
NEW YORK,2021,273,38.666666
NEW YORK,2021,272,38.166666
NEW YORK,2021,271,38.166666
NEW YORK,2021,270,38.166666
NEW YORK,2021,269,
NEW YORK,2021,268,
NEW YORK,2021,267,38.333333
NEW YORK,2021,266,38.333333
NEW YORK,2021,265,38.333333
NEW YORK,2021,264,38.333333
NEW YORK,2021,263,32.500000
NEW YORK,2021,262,
NEW YORK,2021,261,
NEW YORK,2021,260,32.750000
NEW YORK,2021,259,32.750000
NEW YORK,2021,258,32.750000
NEW YORK,2021,257,33.500000
NEW YORK,2021,256,34.500000
NEW YORK,2021,255,
NEW YORK,2021,254,
NEW YORK,2021,253,36.000000
NEW YORK,2021,252,36.000000
NEW YORK,2021,251,36.000000
NEW YORK,2021,250,34.500000
NEW YORK,2021,249,
NEW YORK,2021,248,
NEW YORK,2021,247,
NEW YORK,2021,246,29.333333
NEW YORK,2021,245,29.333333
NEW YORK,2021,244,29.333333
NEW YORK,2021,243,35.000000
NEW YORK,2021,242,20.000000
NEW YORK,2021,241,
NEW YORK,2021,240,
NEW YORK,2021,239,29.125000
NEW YORK,2021,238,29.125000
NEW YORK,2021,237,29.625000
NEW YORK,2021,236,29.625000
NEW YORK,2021,235,25.666666
NEW YORK,2021,234,
NEW YORK,2021,233,
NEW YORK,2021,232,29.000000
NEW YORK,2021,231,29.000000
NEW YORK,2021,230,29.000000
NEW YORK,2021,229,36.000000
NEW YORK,2021,228,34.000000
NEW YORK,2021,227,
NEW YORK,2021,226,
NEW YORK,2021,225,25.750000
NEW YORK,2021,224,25.750000
NEW YORK,2021,223,25.750000
NEW YORK,2021,222,25.750000
NEW YORK,2021,221,25.750000
NEW YORK,2021,220,
NEW YORK,2021,219,
NEW YORK,2021,218,24.500000
NEW YORK,2021,217,24.500000
NEW YORK,2021,216,24.500000
NEW YORK,2021,215,24.500000
NEW YORK,2021,214,24.500000
NEW YORK,2021,213,
NEW YORK,2021,212,
NEW YORK,2021,211,22.000000
NEW YORK,2021,210,22.000000
NEW YORK,2021,209,22.000000
NEW YORK,2021,208,22.000000
NEW YORK,2021,207,22.666666
NEW YORK,2021,206,
NEW YORK,2021,205,
NEW YORK,2021,204,22.100000
NEW YORK,2021,203,22.100000
NEW YORK,2021,202,21.900000
NEW YORK,2021,201,21.900000
NEW YORK,2021,200,19.000000
NEW YORK,2021,199,
NEW YORK,2021,198,
NEW YORK,2021,197,20.500000
NEW YORK,2021,196,20.500000
NEW YORK,2021,195,20.500000
NEW YORK,2021,194,21.000000
NEW YORK,2021,193,21.000000
NEW YORK,2021,192,
NEW YORK,2021,191,
NEW YORK,2021,190,21.000000
NEW YORK,2021,189,23.166666
NEW YORK,2021,188,23.166666
NEW YORK,2021,187,23.000000
NEW YORK,2021,186,
NEW YORK,2021,185,
NEW YORK,2021,184,
NEW YORK,2021,183,23.500000
NEW YORK,2021,182,23.500000
NEW YORK,2021,181,23.500000
NEW YORK,2021,180,23.500000
NEW YORK,2021,179,23.666666
NEW YORK,2021,178,
NEW YORK,2021,177,
NEW YORK,2021,176,23.500000
NEW YORK,2021,175,23.500000
NEW YORK,2021,174,23.500000
NEW YORK,2021,173,23.500000
NEW YORK,2021,172,23.833333
NEW YORK,2021,171,
NEW YORK,2021,170,
NEW YORK,2021,169,23.666666
NEW YORK,2021,168,23.666666
NEW YORK,2021,167,23.666666
NEW YORK,2021,166,23.666666
NEW YORK,2021,165,24.666666
NEW YORK,2021,164,
NEW YORK,2021,163,
NEW YORK,2021,162,24.666666
NEW YORK,2021,161,24.666666
NEW YORK,2021,160,24.666666
NEW YORK,2021,159,24.666666
NEW YORK,2021,158,28.500000
NEW YORK,2021,157,
NEW YORK,2021,156,
NEW YORK,2021,155,34.500000
NEW YORK,2021,154,34.500000
NEW YORK,2021,153,34.500000
NEW YORK,2021,152,34.833333
NEW YORK,2021,151,
NEW YORK,2021,150,
NEW YORK,2021,149,
NEW YORK,2021,148,34.333333
NEW YORK,2021,147,34.333333
NEW YORK,2021,146,34.333333
NEW YORK,2021,145,34.333333
NEW YORK,2021,144,34.333333
NEW YORK,2021,143,
NEW YORK,2021,142,
NEW YORK,2021,141,34.333333
NEW YORK,2021,140,34.333333
NEW YORK,2021,139,34.333333
NEW YORK,2021,138,34.333333
NEW YORK,2021,137,34.166666
NEW YORK,2021,136,
NEW YORK,2021,135,
NEW YORK,2021,134,31.500000
NEW YORK,2021,133,31.500000
NEW YORK,2021,132,31.500000
NEW YORK,2021,131,31.500000
NEW YORK,2021,130,33.666666
NEW YORK,2021,129,
NEW YORK,2021,128,
NEW YORK,2021,127,33.666666
NEW YORK,2021,126,33.666666
NEW YORK,2021,125,32.666666
NEW YORK,2021,124,32.666666
NEW YORK,2021,123,32.666666
NEW YORK,2021,122,
NEW YORK,2021,121,
NEW YORK,2021,120,33.000000
NEW YORK,2021,119,33.000000
NEW YORK,2021,118,33.000000
NEW YORK,2021,117,15.000000
NEW YORK,2021,116,15.000000
NEW YORK,2021,115,
NEW YORK,2021,114,
NEW YORK,2021,113,15.000000
NEW YORK,2021,112,15.000000
NEW YORK,2021,111,15.000000
NEW YORK,2021,110,15.000000
NEW YORK,2021,109,24.000000
NEW YORK,2021,108,
NEW YORK,2021,107,
NEW YORK,2021,106,24.000000
NEW YORK,2021,105,24.000000
NEW YORK,2021,104,24.000000
NEW YORK,2021,103,24.000000
NEW YORK,2021,102,23.000000
NEW YORK,2021,101,
NEW YORK,2021,100,
NEW YORK,2021,99,23.000000
NEW YORK,2021,98,23.000000
NEW YORK,2021,97,23.000000
NEW YORK,2021,96,22.500000
NEW YORK,2021,95,
NEW YORK,2021,94,
NEW YORK,2021,93,
NEW YORK,2021,92,22.500000
NEW YORK,2021,91,22.500000
NEW YORK,2021,90,22.500000
NEW YORK,2021,89,22.500000
NEW YORK,2021,88,20.000000
NEW YORK,2021,87,
NEW YORK,2021,86,
NEW YORK,2021,85,20.000000
NEW YORK,2021,84,20.000000
NEW YORK,2021,83,20.000000
NEW YORK,2021,82,20.000000
NEW YORK,2021,81,23.166666
NEW YORK,2021,80,
NEW YORK,2021,79,
NEW YORK,2021,78,23.166666
NEW YORK,2021,77,23.166666
NEW YORK,2021,76,23.166666
NEW YORK,2021,75,22.000000
NEW YORK,2021,74,15.000000
NEW YORK,2021,73,
NEW YORK,2021,72,
NEW YORK,2021,71,15.000000
NEW YORK,2021,70,14.500000
NEW YORK,2021,69,14.500000
NEW YORK,2021,68,14.500000
NEW YORK,2021,67,20.000000
NEW YORK,2021,66,
NEW YORK,2021,65,
NEW YORK,2021,64,20.000000
NEW YORK,2021,63,19.500000
NEW YORK,2021,62,19.500000
NEW YORK,2021,61,19.500000
NEW YORK,2021,60,20.500000
NEW YORK,2021,59,
NEW YORK,2021,58,
NEW YORK,2021,57,17.500000
NEW YORK,2021,56,17.500000
NEW YORK,2021,55,17.500000
NEW YORK,2021,54,17.500000
NEW YORK,2021,53,19.500000
NEW YORK,2021,52,
NEW YORK,2021,51,
NEW YORK,2021,50,19.500000
NEW YORK,2021,49,19.500000
NEW YORK,2021,48,19.500000
NEW YORK,2021,47,20.333333
NEW YORK,2021,46,
NEW YORK,2021,45,
NEW YORK,2021,44,
NEW YORK,2021,43,20.666666
NEW YORK,2021,42,20.666666
NEW YORK,2021,41,20.666666
NEW YORK,2021,40,20.666666
NEW YORK,2021,39,14.000000
NEW YORK,2021,38,
NEW YORK,2021,37,
NEW YORK,2021,36,21.000000
NEW YORK,2021,35,21.000000
NEW YORK,2021,34,21.000000
NEW YORK,2021,33,22.500000
NEW YORK,2021,32,22.500000
NEW YORK,2021,31,
NEW YORK,2021,30,
NEW YORK,2021,29,22.500000
NEW YORK,2021,28,22.500000
NEW YORK,2021,27,22.500000
NEW YORK,2021,26,22.500000
NEW YORK,2021,25,22.500000
NEW YORK,2021,24,
NEW YORK,2021,23,
NEW YORK,2021,22,19.750000
NEW YORK,2021,21,19.750000
NEW YORK,2021,20,19.750000
NEW YORK,2021,19,19.750000
NEW YORK,2021,18,
NEW YORK,2021,17,
NEW YORK,2021,16,
NEW YORK,2021,15,19.750000
NEW YORK,2021,14,23.900000
NEW YORK,2021,13,24.125000
NEW YORK,2021,12,26.375000
NEW YORK,2021,11,23.000000
NEW YORK,2021,10,
NEW YORK,2021,9,
NEW YORK,2021,8,23.000000
NEW YORK,2021,7,23.000000
NEW YORK,2021,6,23.000000
NEW YORK,2021,5,23.000000
NEW YORK,2021,4,23.000000
NEW YORK,2021,3,
NEW YORK,2021,2,
PHILADELPHIA,2021,366,
PHILADELPHIA,2021,365,
PHILADELPHIA,2021,364,30.333333
PHILADELPHIA,2021,363,30.000000
PHILADELPHIA,2021,362,30.000000
PHILADELPHIA,2021,361,30.000000
PHILADELPHIA,2021,360,
PHILADELPHIA,2021,359,
PHILADELPHIA,2021,358,
PHILADELPHIA,2021,357,31.500000
PHILADELPHIA,2021,356,31.500000
PHILADELPHIA,2021,355,31.500000
PHILADELPHIA,2021,354,38.000000
PHILADELPHIA,2021,353,
PHILADELPHIA,2021,352,
PHILADELPHIA,2021,351,37.166666
PHILADELPHIA,2021,350,37.166666
PHILADELPHIA,2021,349,37.166666
PHILADELPHIA,2021,348,37.166666
PHILADELPHIA,2021,347,33.250000
PHILADELPHIA,2021,346,
PHILADELPHIA,2021,345,
PHILADELPHIA,2021,344,38.500000
PHILADELPHIA,2021,343,38.500000
PHILADELPHIA,2021,342,38.500000
PHILADELPHIA,2021,341,38.500000
PHILADELPHIA,2021,340,38.500000
PHILADELPHIA,2021,339,
PHILADELPHIA,2021,338,
PHILADELPHIA,2021,337,48.000000
PHILADELPHIA,2021,336,48.000000
PHILADELPHIA,2021,335,48.000000
PHILADELPHIA,2021,334,56.000000
PHILADELPHIA,2021,333,56.000000
PHILADELPHIA,2021,332,
PHILADELPHIA,2021,331,
PHILADELPHIA,2021,330,
PHILADELPHIA,2021,329,
PHILADELPHIA,2021,328,59.500000
PHILADELPHIA,2021,327,59.500000
PHILADELPHIA,2021,326,59.500000
PHILADELPHIA,2021,325,
PHILADELPHIA,2021,324,
PHILADELPHIA,2021,323,66.250000
PHILADELPHIA,2021,322,66.250000
PHILADELPHIA,2021,321,66.250000
PHILADELPHIA,2021,320,66.250000
PHILADELPHIA,2021,319,63.500000
PHILADELPHIA,2021,318,
PHILADELPHIA,2021,317,
PHILADELPHIA,2021,316,55.000000
PHILADELPHIA,2021,315,
PHILADELPHIA,2021,314,56.000000
PHILADELPHIA,2021,313,56.000000
PHILADELPHIA,2021,312,56.000000
PHILADELPHIA,2021,311,
PHILADELPHIA,2021,310,
PHILADELPHIA,2021,309,43.000000
PHILADELPHIA,2021,308,43.000000
PHILADELPHIA,2021,307,43.000000
PHILADELPHIA,2021,306,43.000000
PHILADELPHIA,2021,305,43.000000
PHILADELPHIA,2021,304,
PHILADELPHIA,2021,303,
PHILADELPHIA,2021,302,42.666666
PHILADELPHIA,2021,301,42.666666
PHILADELPHIA,2021,300,42.666666
PHILADELPHIA,2021,299,42.666666
PHILADELPHIA,2021,298,40.666666
PHILADELPHIA,2021,297,
PHILADELPHIA,2021,296,
PHILADELPHIA,2021,295,45.166666
PHILADELPHIA,2021,294,
PHILADELPHIA,2021,293,43.500000
PHILADELPHIA,2021,292,
PHILADELPHIA,2021,291,36.250000
PHILADELPHIA,2021,290,
PHILADELPHIA,2021,289,
PHILADELPHIA,2021,288,36.000000
PHILADELPHIA,2021,287,
PHILADELPHIA,2021,286,36.000000
PHILADELPHIA,2021,285,
PHILADELPHIA,2021,284,
PHILADELPHIA,2021,283,
PHILADELPHIA,2021,282,
PHILADELPHIA,2021,281,33.500000
PHILADELPHIA,2021,280,
PHILADELPHIA,2021,279,33.500000
PHILADELPHIA,2021,278,
PHILADELPHIA,2021,277,37.250000
PHILADELPHIA,2021,276,
PHILADELPHIA,2021,275,
PHILADELPHIA,2021,274,27.625000
PHILADELPHIA,2021,273,
PHILADELPHIA,2021,272,27.625000
PHILADELPHIA,2021,271,
PHILADELPHIA,2021,270,27.625000
PHILADELPHIA,2021,269,
PHILADELPHIA,2021,268,
PHILADELPHIA,2021,267,29.200000
PHILADELPHIA,2021,266,29.200000
PHILADELPHIA,2021,265,27.250000
PHILADELPHIA,2021,264,26.500000
PHILADELPHIA,2021,263,28.250000
PHILADELPHIA,2021,262,
PHILADELPHIA,2021,261,
PHILADELPHIA,2021,260,28.250000
PHILADELPHIA,2021,259,28.250000
PHILADELPHIA,2021,258,28.250000
PHILADELPHIA,2021,257,28.250000
PHILADELPHIA,2021,256,28.000000
PHILADELPHIA,2021,255,
PHILADELPHIA,2021,254,
PHILADELPHIA,2021,253,28.000000
PHILADELPHIA,2021,252,28.000000
PHILADELPHIA,2021,251,28.000000
PHILADELPHIA,2021,250,28.000000
PHILADELPHIA,2021,249,
PHILADELPHIA,2021,248,
PHILADELPHIA,2021,247,
PHILADELPHIA,2021,246,25.625000
PHILADELPHIA,2021,245,25.625000
PHILADELPHIA,2021,244,25.625000
PHILADELPHIA,2021,243,25.625000
PHILADELPHIA,2021,242,25.625000
PHILADELPHIA,2021,241,
PHILADELPHIA,2021,240,
PHILADELPHIA,2021,239,33.750000
PHILADELPHIA,2021,238,33.750000
PHILADELPHIA,2021,237,33.750000
PHILADELPHIA,2021,236,32.750000
PHILADELPHIA,2021,235,32.750000
PHILADELPHIA,2021,234,
PHILADELPHIA,2021,233,
PHILADELPHIA,2021,232,33.666666
PHILADELPHIA,2021,231,33.666666
PHILADELPHIA,2021,230,32.333333
PHILADELPHIA,2021,229,32.333333
PHILADELPHIA,2021,228,32.333333
PHILADELPHIA,2021,227,
PHILADELPHIA,2021,226,
PHILADELPHIA,2021,225,25.500000
PHILADELPHIA,2021,224,25.500000
PHILADELPHIA,2021,223,25.500000
PHILADELPHIA,2021,222,25.500000
PHILADELPHIA,2021,221,25.500000
PHILADELPHIA,2021,220,
PHILADELPHIA,2021,219,
PHILADELPHIA,2021,218,26.500000
PHILADELPHIA,2021,217,26.500000
PHILADELPHIA,2021,216,26.500000
PHILADELPHIA,2021,215,26.500000
PHILADELPHIA,2021,214,23.333333
PHILADELPHIA,2021,213,
PHILADELPHIA,2021,212,
PHILADELPHIA,2021,211,28.500000
PHILADELPHIA,2021,210,28.500000
PHILADELPHIA,2021,209,28.500000
PHILADELPHIA,2021,208,28.500000
PHILADELPHIA,2021,207,28.500000
PHILADELPHIA,2021,206,
PHILADELPHIA,2021,205,
PHILADELPHIA,2021,204,28.500000
PHILADELPHIA,2021,203,28.500000
PHILADELPHIA,2021,202,28.500000
PHILADELPHIA,2021,201,28.500000
PHILADELPHIA,2021,200,23.250000
PHILADELPHIA,2021,199,
PHILADELPHIA,2021,198,
PHILADELPHIA,2021,197,23.250000
PHILADELPHIA,2021,196,23.250000
PHILADELPHIA,2021,195,23.250000
PHILADELPHIA,2021,194,23.250000
PHILADELPHIA,2021,193,27.000000
PHILADELPHIA,2021,192,
PHILADELPHIA,2021,191,
PHILADELPHIA,2021,190,28.500000
PHILADELPHIA,2021,189,28.500000
PHILADELPHIA,2021,188,28.500000
PHILADELPHIA,2021,187,28.500000
PHILADELPHIA,2021,186,
PHILADELPHIA,2021,185,
PHILADELPHIA,2021,184,
PHILADELPHIA,2021,183,
PHILADELPHIA,2021,182,
PHILADELPHIA,2021,181,
PHILADELPHIA,2021,180,
PHILADELPHIA,2021,179,
PHILADELPHIA,2021,178,
PHILADELPHIA,2021,177,
PHILADELPHIA,2021,176,28.000000
PHILADELPHIA,2021,175,28.000000
PHILADELPHIA,2021,174,28.000000
PHILADELPHIA,2021,173,28.000000
PHILADELPHIA,2021,172,28.000000
PHILADELPHIA,2021,171,
PHILADELPHIA,2021,170,
PHILADELPHIA,2021,169,
PHILADELPHIA,2021,168,
PHILADELPHIA,2021,167,
PHILADELPHIA,2021,166,
PHILADELPHIA,2021,165,
PHILADELPHIA,2021,164,
PHILADELPHIA,2021,163,
PHILADELPHIA,2021,162,28.000000
PHILADELPHIA,2021,161,28.000000
PHILADELPHIA,2021,160,28.000000
PHILADELPHIA,2021,159,28.000000
PHILADELPHIA,2021,158,28.000000
PHILADELPHIA,2021,157,
PHILADELPHIA,2021,156,
PHILADELPHIA,2021,155,34.000000
PHILADELPHIA,2021,154,34.000000
PHILADELPHIA,2021,153,34.000000
PHILADELPHIA,2021,152,30.000000
PHILADELPHIA,2021,151,
PHILADELPHIA,2021,150,
PHILADELPHIA,2021,149,
PHILADELPHIA,2021,148,38.000000
PHILADELPHIA,2021,147,38.000000
PHILADELPHIA,2021,146,38.000000
PHILADELPHIA,2021,145,38.000000
PHILADELPHIA,2021,144,40.000000
PHILADELPHIA,2021,143,
PHILADELPHIA,2021,142,
PHILADELPHIA,2021,141,44.000000
PHILADELPHIA,2021,140,44.000000
PHILADELPHIA,2021,139,44.000000
PHILADELPHIA,2021,138,44.000000
PHILADELPHIA,2021,137,44.000000
PHILADELPHIA,2021,136,
PHILADELPHIA,2021,135,
PHILADELPHIA,2021,134,33.000000
PHILADELPHIA,2021,133,33.000000
PHILADELPHIA,2021,132,33.000000
PHILADELPHIA,2021,131,33.000000
PHILADELPHIA,2021,130,29.750000
PHILADELPHIA,2021,129,
PHILADELPHIA,2021,128,
PHILADELPHIA,2021,127,29.750000
PHILADELPHIA,2021,126,29.750000
PHILADELPHIA,2021,125,29.750000
PHILADELPHIA,2021,124,29.750000
PHILADELPHIA,2021,123,29.750000
PHILADELPHIA,2021,122,
PHILADELPHIA,2021,121,
PHILADELPHIA,2021,120,29.000000
PHILADELPHIA,2021,119,29.000000
PHILADELPHIA,2021,118,29.000000
PHILADELPHIA,2021,117,29.000000
PHILADELPHIA,2021,116,29.000000
PHILADELPHIA,2021,115,
PHILADELPHIA,2021,114,
PHILADELPHIA,2021,113,31.500000
PHILADELPHIA,2021,112,31.500000
PHILADELPHIA,2021,111,31.500000
PHILADELPHIA,2021,110,31.500000
PHILADELPHIA,2021,109,31.500000
PHILADELPHIA,2021,108,
PHILADELPHIA,2021,107,
PHILADELPHIA,2021,106,32.000000
PHILADELPHIA,2021,105,32.000000
PHILADELPHIA,2021,104,32.000000
PHILADELPHIA,2021,103,31.666666
PHILADELPHIA,2021,102,25.000000
PHILADELPHIA,2021,101,
PHILADELPHIA,2021,100,
PHILADELPHIA,2021,99,25.750000
PHILADELPHIA,2021,98,25.750000
PHILADELPHIA,2021,97,25.750000
PHILADELPHIA,2021,96,25.750000
PHILADELPHIA,2021,95,
PHILADELPHIA,2021,94,
PHILADELPHIA,2021,93,
PHILADELPHIA,2021,92,25.333333
PHILADELPHIA,2021,91,25.333333
PHILADELPHIA,2021,90,25.333333
PHILADELPHIA,2021,89,25.333333
PHILADELPHIA,2021,88,25.333333
PHILADELPHIA,2021,87,
PHILADELPHIA,2021,86,
PHILADELPHIA,2021,85,24.666666
PHILADELPHIA,2021,84,24.666666
PHILADELPHIA,2021,83,24.333333
PHILADELPHIA,2021,82,24.333333
PHILADELPHIA,2021,81,24.333333
PHILADELPHIA,2021,80,
PHILADELPHIA,2021,79,
PHILADELPHIA,2021,78,24.500000
PHILADELPHIA,2021,77,24.500000
PHILADELPHIA,2021,76,24.500000
PHILADELPHIA,2021,75,24.500000
PHILADELPHIA,2021,74,24.500000
PHILADELPHIA,2021,73,
PHILADELPHIA,2021,72,
PHILADELPHIA,2021,71,23.333333
PHILADELPHIA,2021,70,23.333333
PHILADELPHIA,2021,69,23.333333
PHILADELPHIA,2021,68,23.333333
PHILADELPHIA,2021,67,23.333333
PHILADELPHIA,2021,66,
PHILADELPHIA,2021,65,
PHILADELPHIA,2021,64,23.500000
PHILADELPHIA,2021,63,23.500000
PHILADELPHIA,2021,62,23.500000
PHILADELPHIA,2021,61,23.500000
PHILADELPHIA,2021,60,23.500000
PHILADELPHIA,2021,59,
PHILADELPHIA,2021,58,
PHILADELPHIA,2021,57,23.500000
PHILADELPHIA,2021,56,23.500000
PHILADELPHIA,2021,55,23.500000
PHILADELPHIA,2021,54,23.500000
PHILADELPHIA,2021,53,23.833333
PHILADELPHIA,2021,52,
PHILADELPHIA,2021,51,
PHILADELPHIA,2021,50,23.833333
PHILADELPHIA,2021,49,23.833333
PHILADELPHIA,2021,48,23.833333
PHILADELPHIA,2021,47,23.833333
PHILADELPHIA,2021,46,
PHILADELPHIA,2021,45,
PHILADELPHIA,2021,44,
PHILADELPHIA,2021,43,24.333333
PHILADELPHIA,2021,42,24.333333
PHILADELPHIA,2021,41,24.333333
PHILADELPHIA,2021,40,24.333333
PHILADELPHIA,2021,39,24.333333
PHILADELPHIA,2021,38,
PHILADELPHIA,2021,37,
PHILADELPHIA,2021,36,21.666666
PHILADELPHIA,2021,35,21.666666
PHILADELPHIA,2021,34,22.500000
PHILADELPHIA,2021,33,21.666666
PHILADELPHIA,2021,32,
PHILADELPHIA,2021,31,
PHILADELPHIA,2021,30,
PHILADELPHIA,2021,29,21.666666
PHILADELPHIA,2021,28,21.666666
PHILADELPHIA,2021,27,21.666666
PHILADELPHIA,2021,26,21.666666
PHILADELPHIA,2021,25,21.666666
PHILADELPHIA,2021,24,
PHILADELPHIA,2021,23,
PHILADELPHIA,2021,22,22.666666
PHILADELPHIA,2021,21,22.666666
PHILADELPHIA,2021,20,22.666666
PHILADELPHIA,2021,19,22.666666
PHILADELPHIA,2021,18,
PHILADELPHIA,2021,17,
PHILADELPHIA,2021,16,
PHILADELPHIA,2021,15,23.500000
PHILADELPHIA,2021,14,23.500000
PHILADELPHIA,2021,13,23.500000
PHILADELPHIA,2021,12,23.500000
PHILADELPHIA,2021,11,23.500000
PHILADELPHIA,2021,10,
PHILADELPHIA,2021,9,
PHILADELPHIA,2021,8,23.333333
PHILADELPHIA,2021,7,23.333333
PHILADELPHIA,2021,6,23.333333
PHILADELPHIA,2021,5,23.333333
PHILADELPHIA,2021,4,23.333333
PHILADELPHIA,2021,3,
PHILADELPHIA,2021,2,
BALTIMORE,2020,366,21.500000
BALTIMORE,2020,365,21.500000
BALTIMORE,2020,364,20.000000
BALTIMORE,2020,363,20.000000
BALTIMORE,2020,362,
BALTIMORE,2020,361,
BALTIMORE,2020,360,
BALTIMORE,2020,359,
BALTIMORE,2020,358,17.000000
BALTIMORE,2020,357,17.000000
BALTIMORE,2020,356,17.000000
BALTIMORE,2020,355,
BALTIMORE,2020,354,
BALTIMORE,2020,353,17.000000
BALTIMORE,2020,352,17.000000
BALTIMORE,2020,351,17.000000
BALTIMORE,2020,350,17.000000
BALTIMORE,2020,349,17.000000
BALTIMORE,2020,348,
BALTIMORE,2020,347,
BALTIMORE,2020,346,17.000000
BALTIMORE,2020,345,18.000000
BALTIMORE,2020,344,19.000000
BALTIMORE,2020,343,19.000000
BALTIMORE,2020,342,19.000000
BALTIMORE,2020,341,
BALTIMORE,2020,340,
BALTIMORE,2020,339,20.000000
BALTIMORE,2020,338,20.000000
BALTIMORE,2020,337,20.000000
BALTIMORE,2020,336,21.000000
BALTIMORE,2020,335,21.000000
BALTIMORE,2020,334,
BALTIMORE,2020,333,
BALTIMORE,2020,332,22.000000
BALTIMORE,2020,331,
BALTIMORE,2020,330,22.000000
BALTIMORE,2020,329,22.000000
BALTIMORE,2020,328,22.000000
BALTIMORE,2020,327,
BALTIMORE,2020,326,
BALTIMORE,2020,325,21.500000
BALTIMORE,2020,324,21.500000
BALTIMORE,2020,323,22.000000
BALTIMORE,2020,322,22.000000
BALTIMORE,2020,321,22.000000
BALTIMORE,2020,320,
BALTIMORE,2020,319,
BALTIMORE,2020,318,22.000000
BALTIMORE,2020,317,22.000000
BALTIMORE,2020,316,
BALTIMORE,2020,315,18.250000
BALTIMORE,2020,314,18.250000
BALTIMORE,2020,313,
BALTIMORE,2020,312,
BALTIMORE,2020,311,18.000000
BALTIMORE,2020,310,18.000000
BALTIMORE,2020,309,18.000000
BALTIMORE,2020,308,21.000000
BALTIMORE,2020,307,20.500000
BALTIMORE,2020,306,
BALTIMORE,2020,305,
BALTIMORE,2020,304,20.500000
BALTIMORE,2020,303,20.500000
BALTIMORE,2020,302,20.500000
BALTIMORE,2020,301,20.500000
BALTIMORE,2020,300,20.250000
BALTIMORE,2020,299,
BALTIMORE,2020,298,
BALTIMORE,2020,297,24.500000
BALTIMORE,2020,296,20.750000
BALTIMORE,2020,295,21.000000
BALTIMORE,2020,294,21.000000
BALTIMORE,2020,293,20.000000
BALTIMORE,2020,292,
BALTIMORE,2020,291,
BALTIMORE,2020,290,18.750000
BALTIMORE,2020,289,18.750000
BALTIMORE,2020,288,18.500000
BALTIMORE,2020,287,18.500000
BALTIMORE,2020,286,
BALTIMORE,2020,285,
BALTIMORE,2020,284,
BALTIMORE,2020,283,18.500000
BALTIMORE,2020,282,18.500000
BALTIMORE,2020,281,18.000000
BALTIMORE,2020,280,18.000000
BALTIMORE,2020,279,18.000000
BALTIMORE,2020,278,
BALTIMORE,2020,277,
BALTIMORE,2020,276,18.500000
BALTIMORE,2020,275,18.500000
BALTIMORE,2020,274,18.500000
BALTIMORE,2020,273,23.000000
BALTIMORE,2020,272,23.000000
BALTIMORE,2020,271,
BALTIMORE,2020,270,
BALTIMORE,2020,269,23.000000
BALTIMORE,2020,268,23.000000
BALTIMORE,2020,267,23.000000
BALTIMORE,2020,266,23.000000
BALTIMORE,2020,265,23.000000
BALTIMORE,2020,264,
BALTIMORE,2020,263,
BALTIMORE,2020,262,23.500000
BALTIMORE,2020,261,23.500000
BALTIMORE,2020,260,23.000000
BALTIMORE,2020,259,25.000000
BALTIMORE,2020,258,25.000000
BALTIMORE,2020,257,
BALTIMORE,2020,256,
BALTIMORE,2020,255,25.000000
BALTIMORE,2020,254,25.000000
BALTIMORE,2020,253,25.000000
BALTIMORE,2020,252,25.000000
BALTIMORE,2020,251,
BALTIMORE,2020,250,
BALTIMORE,2020,249,
BALTIMORE,2020,248,25.500000
BALTIMORE,2020,247,25.500000
BALTIMORE,2020,246,26.000000
BALTIMORE,2020,245,26.000000
BALTIMORE,2020,244,25.500000
BALTIMORE,2020,243,
BALTIMORE,2020,242,
BALTIMORE,2020,241,22.500000
BALTIMORE,2020,240,22.500000
BALTIMORE,2020,239,20.000000
BALTIMORE,2020,238,20.500000
BALTIMORE,2020,237,20.500000
BALTIMORE,2020,236,
BALTIMORE,2020,235,
BALTIMORE,2020,234,21.000000
BALTIMORE,2020,233,21.000000
BALTIMORE,2020,232,21.000000
BALTIMORE,2020,231,21.000000
BALTIMORE,2020,230,20.000000
BALTIMORE,2020,229,
BALTIMORE,2020,228,
BALTIMORE,2020,227,19.000000
BALTIMORE,2020,226,19.000000
BALTIMORE,2020,225,19.000000
BALTIMORE,2020,224,19.000000
BALTIMORE,2020,223,19.000000
BALTIMORE,2020,222,
BALTIMORE,2020,221,
BALTIMORE,2020,220,19.000000
BALTIMORE,2020,219,19.000000
BALTIMORE,2020,218,16.250000
BALTIMORE,2020,217,16.250000
BALTIMORE,2020,216,16.250000
BALTIMORE,2020,215,
BALTIMORE,2020,214,
BALTIMORE,2020,213,18.000000
BALTIMORE,2020,212,18.000000
BALTIMORE,2020,211,18.000000
BALTIMORE,2020,210,18.000000
BALTIMORE,2020,209,18.000000
BALTIMORE,2020,208,
BALTIMORE,2020,207,
BALTIMORE,2020,206,18.500000
BALTIMORE,2020,205,18.500000
BALTIMORE,2020,204,18.000000
BALTIMORE,2020,203,18.000000
BALTIMORE,2020,202,18.500000
BALTIMORE,2020,201,
BALTIMORE,2020,200,
BALTIMORE,2020,199,16.750000
BALTIMORE,2020,198,16.750000
BALTIMORE,2020,197,17.250000
BALTIMORE,2020,196,17.750000
BALTIMORE,2020,195,17.750000
BALTIMORE,2020,194,
BALTIMORE,2020,193,
BALTIMORE,2020,192,18.000000
BALTIMORE,2020,191,21.166666
BALTIMORE,2020,190,21.625000
BALTIMORE,2020,189,21.500000
BALTIMORE,2020,188,21.500000
BALTIMORE,2020,187,
BALTIMORE,2020,186,
BALTIMORE,2020,185,
BALTIMORE,2020,184,22.500000
BALTIMORE,2020,183,22.500000
BALTIMORE,2020,182,29.500000
BALTIMORE,2020,181,29.500000
BALTIMORE,2020,180,
BALTIMORE,2020,179,
BALTIMORE,2020,178,31.500000
BALTIMORE,2020,177,31.500000
BALTIMORE,2020,176,31.500000
BALTIMORE,2020,175,32.000000
BALTIMORE,2020,174,32.000000
BALTIMORE,2020,173,
BALTIMORE,2020,172,
BALTIMORE,2020,171,33.000000
BALTIMORE,2020,170,33.000000
BALTIMORE,2020,169,33.000000
BALTIMORE,2020,168,33.000000
BALTIMORE,2020,167,33.000000
BALTIMORE,2020,166,
BALTIMORE,2020,165,
BALTIMORE,2020,164,33.000000
BALTIMORE,2020,163,33.000000
BALTIMORE,2020,162,33.000000
BALTIMORE,2020,161,33.000000
BALTIMORE,2020,160,33.000000
BALTIMORE,2020,159,
BALTIMORE,2020,158,
BALTIMORE,2020,157,32.500000
BALTIMORE,2020,156,32.500000
BALTIMORE,2020,155,33.000000
BALTIMORE,2020,154,33.000000
BALTIMORE,2020,153,32.500000
BALTIMORE,2020,152,
BALTIMORE,2020,151,
BALTIMORE,2020,150,32.500000
BALTIMORE,2020,149,32.500000
BALTIMORE,2020,148,36.250000
BALTIMORE,2020,147,36.250000
BALTIMORE,2020,146,
BALTIMORE,2020,145,
BALTIMORE,2020,144,
BALTIMORE,2020,143,47.000000
BALTIMORE,2020,142,46.000000
BALTIMORE,2020,141,42.333333
BALTIMORE,2020,140,42.333333
BALTIMORE,2020,139,42.333333
BALTIMORE,2020,138,
BALTIMORE,2020,137,
BALTIMORE,2020,136,43.500000
BALTIMORE,2020,135,44.000000
BALTIMORE,2020,134,41.250000
BALTIMORE,2020,133,44.500000
BALTIMORE,2020,132,39.500000
BALTIMORE,2020,131,
BALTIMORE,2020,130,
BALTIMORE,2020,129,26.500000
BALTIMORE,2020,128,26.500000
BALTIMORE,2020,127,27.000000
BALTIMORE,2020,126,27.000000
BALTIMORE,2020,125,29.333333
BALTIMORE,2020,124,
BALTIMORE,2020,123,
BALTIMORE,2020,122,28.500000
BALTIMORE,2020,121,28.500000
BALTIMORE,2020,120,28.500000
BALTIMORE,2020,119,28.500000
BALTIMORE,2020,118,35.333333
BALTIMORE,2020,117,
BALTIMORE,2020,116,
BALTIMORE,2020,115,35.500000
BALTIMORE,2020,114,35.500000
BALTIMORE,2020,113,31.250000
BALTIMORE,2020,112,43.500000
BALTIMORE,2020,111,43.500000
BALTIMORE,2020,110,
BALTIMORE,2020,109,
BALTIMORE,2020,108,40.000000
BALTIMORE,2020,107,38.250000
BALTIMORE,2020,106,37.500000
BALTIMORE,2020,105,37.500000
BALTIMORE,2020,104,37.500000
BALTIMORE,2020,103,
BALTIMORE,2020,102,
BALTIMORE,2020,101,33.500000
BALTIMORE,2020,100,33.500000
BALTIMORE,2020,99,34.000000
BALTIMORE,2020,98,34.000000
BALTIMORE,2020,97,34.000000
BALTIMORE,2020,96,
BALTIMORE,2020,95,
BALTIMORE,2020,94,38.000000
BALTIMORE,2020,93,38.000000
BALTIMORE,2020,92,38.500000
BALTIMORE,2020,91,38.500000
BALTIMORE,2020,90,38.500000
BALTIMORE,2020,89,
BALTIMORE,2020,88,
BALTIMORE,2020,87,38.500000
BALTIMORE,2020,86,38.500000
BALTIMORE,2020,85,39.000000
BALTIMORE,2020,84,39.000000
BALTIMORE,2020,83,38.000000
BALTIMORE,2020,82,
BALTIMORE,2020,81,
BALTIMORE,2020,80,39.000000
BALTIMORE,2020,79,38.500000
BALTIMORE,2020,78,37.500000
BALTIMORE,2020,77,34.000000
BALTIMORE,2020,76,34.000000
BALTIMORE,2020,75,
BALTIMORE,2020,74,
BALTIMORE,2020,73,36.500000
BALTIMORE,2020,72,34.250000
BALTIMORE,2020,71,30.750000
BALTIMORE,2020,70,30.750000
BALTIMORE,2020,69,30.750000
BALTIMORE,2020,68,
BALTIMORE,2020,67,
BALTIMORE,2020,66,35.000000
BALTIMORE,2020,65,30.000000
BALTIMORE,2020,64,25.000000
BALTIMORE,2020,63,25.000000
BALTIMORE,2020,62,25.000000
BALTIMORE,2020,61,
BALTIMORE,2020,60,
BALTIMORE,2020,59,27.500000
BALTIMORE,2020,58,25.000000
BALTIMORE,2020,57,25.000000
BALTIMORE,2020,56,25.000000
BALTIMORE,2020,55,25.000000
BALTIMORE,2020,54,
BALTIMORE,2020,53,
BALTIMORE,2020,52,24.000000
BALTIMORE,2020,51,25.000000
BALTIMORE,2020,50,25.000000
BALTIMORE,2020,49,25.000000
BALTIMORE,2020,48,
BALTIMORE,2020,47,
BALTIMORE,2020,46,
BALTIMORE,2020,45,28.000000
BALTIMORE,2020,44,28.000000
BALTIMORE,2020,43,27.375000
BALTIMORE,2020,42,26.000000
BALTIMORE,2020,41,26.000000
BALTIMORE,2020,40,
BALTIMORE,2020,39,
BALTIMORE,2020,38,24.500000
BALTIMORE,2020,37,24.500000
BALTIMORE,2020,36,23.000000
BALTIMORE,2020,35,23.000000
BALTIMORE,2020,34,23.000000
BALTIMORE,2020,33,
BALTIMORE,2020,32,
BALTIMORE,2020,31,22.500000
BALTIMORE,2020,30,24.500000
BALTIMORE,2020,29,24.000000
BALTIMORE,2020,28,24.000000
BALTIMORE,2020,27,24.500000
BALTIMORE,2020,26,
BALTIMORE,2020,25,
BALTIMORE,2020,24,26.000000
BALTIMORE,2020,23,26.000000
BALTIMORE,2020,22,24.500000
BALTIMORE,2020,21,24.500000
BALTIMORE,2020,20,
BALTIMORE,2020,19,
BALTIMORE,2020,18,
BALTIMORE,2020,17,24.500000
BALTIMORE,2020,16,24.500000
BALTIMORE,2020,15,26.000000
BALTIMORE,2020,14,26.000000
BALTIMORE,2020,13,26.000000
BALTIMORE,2020,12,
BALTIMORE,2020,11,
BALTIMORE,2020,10,25.500000
BALTIMORE,2020,9,24.000000
BALTIMORE,2020,8,25.000000
BALTIMORE,2020,7,24.000000
BALTIMORE,2020,6,24.000000
BALTIMORE,2020,5,
BALTIMORE,2020,4,
BALTIMORE,2020,3,23.000000
BALTIMORE,2020,2,24.500000
BOSTON,2020,366,28.000000
BOSTON,2020,365,28.000000
BOSTON,2020,364,28.000000
BOSTON,2020,363,28.000000
BOSTON,2020,362,
BOSTON,2020,361,
BOSTON,2020,360,
BOSTON,2020,359,
BOSTON,2020,358,28.000000
BOSTON,2020,357,28.000000
BOSTON,2020,356,28.000000
BOSTON,2020,355,
BOSTON,2020,354,
BOSTON,2020,353,28.000000
BOSTON,2020,352,28.000000
BOSTON,2020,351,28.000000
BOSTON,2020,350,28.000000
BOSTON,2020,349,
BOSTON,2020,348,
BOSTON,2020,347,
BOSTON,2020,346,28.000000
BOSTON,2020,345,28.000000
BOSTON,2020,344,28.000000
BOSTON,2020,343,28.000000
BOSTON,2020,342,28.000000
BOSTON,2020,341,
BOSTON,2020,340,
BOSTON,2020,339,28.000000
BOSTON,2020,338,28.000000
BOSTON,2020,337,28.000000
BOSTON,2020,336,28.000000
BOSTON,2020,335,28.000000
BOSTON,2020,334,
BOSTON,2020,333,
BOSTON,2020,332,28.000000
BOSTON,2020,331,
BOSTON,2020,330,28.000000
BOSTON,2020,329,28.000000
BOSTON,2020,328,28.666666
BOSTON,2020,327,
BOSTON,2020,326,
BOSTON,2020,325,28.666666
BOSTON,2020,324,28.666666
BOSTON,2020,323,28.666666
BOSTON,2020,322,28.666666
BOSTON,2020,321,28.666666
BOSTON,2020,320,
BOSTON,2020,319,
BOSTON,2020,318,28.666666
BOSTON,2020,317,28.666666
BOSTON,2020,316,
BOSTON,2020,315,28.666666
BOSTON,2020,314,28.666666
BOSTON,2020,313,
BOSTON,2020,312,
BOSTON,2020,311,28.666666
BOSTON,2020,310,28.666666
BOSTON,2020,309,28.666666
BOSTON,2020,308,28.666666
BOSTON,2020,307,28.666666
BOSTON,2020,306,
BOSTON,2020,305,
BOSTON,2020,304,28.666666
BOSTON,2020,303,28.666666
BOSTON,2020,302,28.666666
BOSTON,2020,301,28.666666
BOSTON,2020,300,28.666666
BOSTON,2020,299,
BOSTON,2020,298,
BOSTON,2020,297,28.666666
BOSTON,2020,296,28.666666
BOSTON,2020,295,28.666666
BOSTON,2020,294,28.666666
BOSTON,2020,293,28.666666
BOSTON,2020,292,
BOSTON,2020,291,
BOSTON,2020,290,28.666666
BOSTON,2020,289,28.666666
BOSTON,2020,288,28.666666
BOSTON,2020,287,28.666666
BOSTON,2020,286,
BOSTON,2020,285,
BOSTON,2020,284,
BOSTON,2020,283,28.666666
BOSTON,2020,282,28.666666
BOSTON,2020,281,28.666666
BOSTON,2020,280,28.666666
BOSTON,2020,279,28.666666
BOSTON,2020,278,
BOSTON,2020,277,
BOSTON,2020,276,28.666666
BOSTON,2020,275,28.666666
BOSTON,2020,274,28.666666
BOSTON,2020,273,28.666666
BOSTON,2020,272,28.666666
BOSTON,2020,271,
BOSTON,2020,270,
BOSTON,2020,269,28.666666
BOSTON,2020,268,28.666666
BOSTON,2020,267,28.666666
BOSTON,2020,266,28.666666
BOSTON,2020,265,28.666666
BOSTON,2020,264,
BOSTON,2020,263,
BOSTON,2020,262,28.666666
BOSTON,2020,261,28.666666
BOSTON,2020,260,28.666666
BOSTON,2020,259,28.666666
BOSTON,2020,258,28.666666
BOSTON,2020,257,
BOSTON,2020,256,
BOSTON,2020,255,28.666666
BOSTON,2020,254,28.666666
BOSTON,2020,253,28.666666
BOSTON,2020,252,28.666666
BOSTON,2020,251,
BOSTON,2020,250,
BOSTON,2020,249,
BOSTON,2020,248,28.666666
BOSTON,2020,247,28.666666
BOSTON,2020,246,28.666666
BOSTON,2020,245,28.666666
BOSTON,2020,244,28.666666
BOSTON,2020,243,
BOSTON,2020,242,
BOSTON,2020,241,28.666666
BOSTON,2020,240,28.666666
BOSTON,2020,239,28.666666
BOSTON,2020,238,28.000000
BOSTON,2020,237,28.000000
BOSTON,2020,236,
BOSTON,2020,235,
BOSTON,2020,234,28.000000
BOSTON,2020,233,28.000000
BOSTON,2020,232,28.000000
BOSTON,2020,231,28.000000
BOSTON,2020,230,28.000000
BOSTON,2020,229,
BOSTON,2020,228,
BOSTON,2020,227,28.000000
BOSTON,2020,226,28.000000
BOSTON,2020,225,28.000000
BOSTON,2020,224,28.000000
BOSTON,2020,223,28.000000
BOSTON,2020,222,
BOSTON,2020,221,
BOSTON,2020,220,28.000000
BOSTON,2020,219,28.000000
BOSTON,2020,218,28.000000
BOSTON,2020,217,28.000000
BOSTON,2020,216,28.000000
BOSTON,2020,215,
BOSTON,2020,214,
BOSTON,2020,213,28.000000
BOSTON,2020,212,26.666666
BOSTON,2020,211,26.666666
BOSTON,2020,210,26.666666
BOSTON,2020,209,26.666666
BOSTON,2020,208,
BOSTON,2020,207,
BOSTON,2020,206,26.666666
BOSTON,2020,205,26.666666
BOSTON,2020,204,26.666666
BOSTON,2020,203,26.666666
BOSTON,2020,202,26.666666
BOSTON,2020,201,
BOSTON,2020,200,
BOSTON,2020,199,23.333333
BOSTON,2020,198,21.333333
BOSTON,2020,197,21.333333
BOSTON,2020,196,21.333333
BOSTON,2020,195,22.000000
BOSTON,2020,194,
BOSTON,2020,193,
BOSTON,2020,192,22.000000
BOSTON,2020,191,20.000000
BOSTON,2020,190,20.000000
BOSTON,2020,189,20.000000
BOSTON,2020,188,20.000000
BOSTON,2020,187,
BOSTON,2020,186,
BOSTON,2020,185,
BOSTON,2020,184,20.000000
BOSTON,2020,183,20.000000
BOSTON,2020,182,20.000000
BOSTON,2020,181,20.000000
BOSTON,2020,180,
BOSTON,2020,179,
BOSTON,2020,178,20.000000
BOSTON,2020,177,20.000000
BOSTON,2020,176,20.000000
BOSTON,2020,175,30.000000
BOSTON,2020,174,30.000000
BOSTON,2020,173,
BOSTON,2020,172,
BOSTON,2020,171,30.000000
BOSTON,2020,170,30.000000
BOSTON,2020,169,30.000000
BOSTON,2020,168,30.000000
BOSTON,2020,167,30.000000
BOSTON,2020,166,
BOSTON,2020,165,
BOSTON,2020,164,30.000000
BOSTON,2020,163,30.000000
BOSTON,2020,162,30.000000
BOSTON,2020,161,30.000000
BOSTON,2020,160,30.000000
BOSTON,2020,159,
BOSTON,2020,158,
BOSTON,2020,157,30.000000
BOSTON,2020,156,30.000000
BOSTON,2020,155,30.000000
BOSTON,2020,154,30.000000
BOSTON,2020,153,30.000000
BOSTON,2020,152,
BOSTON,2020,151,
BOSTON,2020,150,30.000000
BOSTON,2020,149,30.000000
BOSTON,2020,148,30.000000
BOSTON,2020,147,30.000000
BOSTON,2020,146,
BOSTON,2020,145,
BOSTON,2020,144,
BOSTON,2020,143,30.000000
BOSTON,2020,142,30.000000
BOSTON,2020,141,30.000000
BOSTON,2020,140,30.000000
BOSTON,2020,139,30.000000
BOSTON,2020,138,
BOSTON,2020,137,
BOSTON,2020,136,30.000000
BOSTON,2020,135,30.000000
BOSTON,2020,134,30.000000
BOSTON,2020,133,30.000000
BOSTON,2020,132,30.000000
BOSTON,2020,131,
BOSTON,2020,130,
BOSTON,2020,129,30.000000
BOSTON,2020,128,30.000000
BOSTON,2020,127,30.000000
BOSTON,2020,126,30.000000
BOSTON,2020,125,30.000000
BOSTON,2020,124,
BOSTON,2020,123,
BOSTON,2020,122,30.000000
BOSTON,2020,121,30.000000
BOSTON,2020,120,30.000000
BOSTON,2020,119,30.000000
BOSTON,2020,118,30.000000
BOSTON,2020,117,
BOSTON,2020,116,
BOSTON,2020,115,30.000000
BOSTON,2020,114,30.000000
BOSTON,2020,113,30.000000
BOSTON,2020,112,30.000000
BOSTON,2020,111,30.000000
BOSTON,2020,110,
BOSTON,2020,109,
BOSTON,2020,108,30.000000
BOSTON,2020,107,30.000000
BOSTON,2020,106,30.000000
BOSTON,2020,105,30.000000
BOSTON,2020,104,30.000000
BOSTON,2020,103,
BOSTON,2020,102,
BOSTON,2020,101,30.000000
BOSTON,2020,100,20.000000
BOSTON,2020,99,20.000000
BOSTON,2020,98,20.000000
BOSTON,2020,97,20.000000
BOSTON,2020,96,
BOSTON,2020,95,
BOSTON,2020,94,20.000000
BOSTON,2020,93,20.000000
BOSTON,2020,92,20.000000
BOSTON,2020,91,20.000000
BOSTON,2020,90,20.000000
BOSTON,2020,89,
BOSTON,2020,88,
BOSTON,2020,87,20.000000
BOSTON,2020,86,20.000000
BOSTON,2020,85,20.000000
BOSTON,2020,84,20.000000
BOSTON,2020,83,20.000000
BOSTON,2020,82,
BOSTON,2020,81,
BOSTON,2020,80,20.000000
BOSTON,2020,79,20.000000
BOSTON,2020,78,20.000000
BOSTON,2020,77,20.000000
BOSTON,2020,76,20.000000
BOSTON,2020,75,
BOSTON,2020,74,
BOSTON,2020,73,27.500000
BOSTON,2020,72,27.500000
BOSTON,2020,71,27.500000
BOSTON,2020,70,27.500000
BOSTON,2020,69,27.500000
BOSTON,2020,68,
BOSTON,2020,67,
BOSTON,2020,66,20.000000
BOSTON,2020,65,20.000000
BOSTON,2020,64,20.000000
BOSTON,2020,63,20.000000
BOSTON,2020,62,20.000000
BOSTON,2020,61,
BOSTON,2020,60,
BOSTON,2020,59,21.000000
BOSTON,2020,58,21.000000
BOSTON,2020,57,21.000000
BOSTON,2020,56,21.000000
BOSTON,2020,55,21.000000
BOSTON,2020,54,
BOSTON,2020,53,
BOSTON,2020,52,22.000000
BOSTON,2020,51,22.000000
BOSTON,2020,50,22.000000
BOSTON,2020,49,22.000000
BOSTON,2020,48,
BOSTON,2020,47,
BOSTON,2020,46,
BOSTON,2020,45,28.000000
BOSTON,2020,44,28.000000
BOSTON,2020,43,28.000000
BOSTON,2020,42,28.000000
BOSTON,2020,41,
BOSTON,2020,40,
BOSTON,2020,39,
BOSTON,2020,38,23.500000
BOSTON,2020,37,23.500000
BOSTON,2020,36,23.500000
BOSTON,2020,35,23.500000
BOSTON,2020,34,23.500000
BOSTON,2020,33,
BOSTON,2020,32,
BOSTON,2020,31,23.000000
BOSTON,2020,30,23.000000
BOSTON,2020,29,23.000000
BOSTON,2020,28,23.000000
BOSTON,2020,27,20.000000
BOSTON,2020,26,
BOSTON,2020,25,
BOSTON,2020,24,24.000000
BOSTON,2020,23,24.000000
BOSTON,2020,22,24.000000
BOSTON,2020,21,24.000000
BOSTON,2020,20,
BOSTON,2020,19,
BOSTON,2020,18,
BOSTON,2020,17,22.000000
BOSTON,2020,16,22.000000
BOSTON,2020,15,22.000000
BOSTON,2020,14,22.000000
BOSTON,2020,13,22.000000
BOSTON,2020,12,
BOSTON,2020,11,
BOSTON,2020,10,22.000000
BOSTON,2020,9,21.666666
BOSTON,2020,8,21.000000
BOSTON,2020,7,21.000000
BOSTON,2020,6,20.333333
BOSTON,2020,5,
BOSTON,2020,4,
BOSTON,2020,3,20.333333
BOSTON,2020,2,20.333333
CHICAGO,2020,366,23.750000
CHICAGO,2020,365,20.833333
CHICAGO,2020,364,20.833333
CHICAGO,2020,363,20.833333
CHICAGO,2020,362,
CHICAGO,2020,361,
CHICAGO,2020,360,
CHICAGO,2020,359,
CHICAGO,2020,358,20.833333
CHICAGO,2020,357,21.833333
CHICAGO,2020,356,21.833333
CHICAGO,2020,355,
CHICAGO,2020,354,
CHICAGO,2020,353,21.833333
CHICAGO,2020,352,23.750000
CHICAGO,2020,351,23.750000
CHICAGO,2020,350,23.000000
CHICAGO,2020,349,23.000000
CHICAGO,2020,348,
CHICAGO,2020,347,
CHICAGO,2020,346,23.000000
CHICAGO,2020,345,23.000000
CHICAGO,2020,344,23.000000
CHICAGO,2020,343,23.000000
CHICAGO,2020,342,24.125000
CHICAGO,2020,341,
CHICAGO,2020,340,
CHICAGO,2020,339,24.125000
CHICAGO,2020,338,24.625000
CHICAGO,2020,337,24.625000
CHICAGO,2020,336,20.250000
CHICAGO,2020,335,21.000000
CHICAGO,2020,334,
CHICAGO,2020,333,
CHICAGO,2020,332,21.000000
CHICAGO,2020,331,
CHICAGO,2020,330,24.250000
CHICAGO,2020,329,24.250000
CHICAGO,2020,328,24.250000
CHICAGO,2020,327,
CHICAGO,2020,326,
CHICAGO,2020,325,24.250000
CHICAGO,2020,324,24.250000
CHICAGO,2020,323,24.250000
CHICAGO,2020,322,24.250000
CHICAGO,2020,321,24.000000
CHICAGO,2020,320,
CHICAGO,2020,319,
CHICAGO,2020,318,24.000000
CHICAGO,2020,317,24.000000
CHICAGO,2020,316,
CHICAGO,2020,315,25.000000
CHICAGO,2020,314,26.000000
CHICAGO,2020,313,
CHICAGO,2020,312,
CHICAGO,2020,311,26.000000
CHICAGO,2020,310,26.000000
CHICAGO,2020,309,26.000000
CHICAGO,2020,308,26.000000
CHICAGO,2020,307,26.000000
CHICAGO,2020,306,
CHICAGO,2020,305,
CHICAGO,2020,304,26.000000
CHICAGO,2020,303,33.500000
CHICAGO,2020,302,33.500000
CHICAGO,2020,301,33.500000
CHICAGO,2020,300,35.500000
CHICAGO,2020,299,
CHICAGO,2020,298,
CHICAGO,2020,297,35.500000
CHICAGO,2020,296,33.000000
CHICAGO,2020,295,32.000000
CHICAGO,2020,294,32.000000
CHICAGO,2020,293,28.000000
CHICAGO,2020,292,
CHICAGO,2020,291,
CHICAGO,2020,290,28.000000
CHICAGO,2020,289,28.000000
CHICAGO,2020,288,27.000000
CHICAGO,2020,287,23.000000
CHICAGO,2020,286,
CHICAGO,2020,285,
CHICAGO,2020,284,
CHICAGO,2020,283,23.000000
CHICAGO,2020,282,23.000000
CHICAGO,2020,281,23.000000
CHICAGO,2020,280,24.000000
CHICAGO,2020,279,24.000000
CHICAGO,2020,278,
CHICAGO,2020,277,
CHICAGO,2020,276,24.000000
CHICAGO,2020,275,24.000000
CHICAGO,2020,274,24.000000
CHICAGO,2020,273,23.500000
CHICAGO,2020,272,23.500000
CHICAGO,2020,271,
CHICAGO,2020,270,
CHICAGO,2020,269,23.500000
CHICAGO,2020,268,24.000000
CHICAGO,2020,267,24.000000
CHICAGO,2020,266,24.000000
CHICAGO,2020,265,24.000000
CHICAGO,2020,264,
CHICAGO,2020,263,
CHICAGO,2020,262,24.000000
CHICAGO,2020,261,24.000000
CHICAGO,2020,260,24.500000
CHICAGO,2020,259,21.708333
CHICAGO,2020,258,21.708333
CHICAGO,2020,257,
CHICAGO,2020,256,
CHICAGO,2020,255,21.708333
CHICAGO,2020,254,21.708333
CHICAGO,2020,253,21.708333
CHICAGO,2020,252,21.708333
CHICAGO,2020,251,
CHICAGO,2020,250,
CHICAGO,2020,249,
CHICAGO,2020,248,21.708333
CHICAGO,2020,247,21.708333
CHICAGO,2020,246,21.708333
CHICAGO,2020,245,20.850000
CHICAGO,2020,244,20.850000
CHICAGO,2020,243,
CHICAGO,2020,242,
CHICAGO,2020,241,20.850000
CHICAGO,2020,240,20.850000
CHICAGO,2020,239,20.850000
CHICAGO,2020,238,20.850000
CHICAGO,2020,237,21.312500
CHICAGO,2020,236,
CHICAGO,2020,235,
CHICAGO,2020,234,21.562500
CHICAGO,2020,233,21.812500
CHICAGO,2020,232,22.062500
CHICAGO,2020,231,22.062500
CHICAGO,2020,230,22.000000
CHICAGO,2020,229,
CHICAGO,2020,228,
CHICAGO,2020,227,22.000000
CHICAGO,2020,226,22.000000
CHICAGO,2020,225,21.625000
CHICAGO,2020,224,21.625000
CHICAGO,2020,223,21.625000
CHICAGO,2020,222,
CHICAGO,2020,221,
CHICAGO,2020,220,21.625000
CHICAGO,2020,219,19.875000
CHICAGO,2020,218,19.875000
CHICAGO,2020,217,19.875000
CHICAGO,2020,216,19.875000
CHICAGO,2020,215,
CHICAGO,2020,214,
CHICAGO,2020,213,21.000000
CHICAGO,2020,212,21.000000
CHICAGO,2020,211,21.000000
CHICAGO,2020,210,21.000000
CHICAGO,2020,209,21.000000
CHICAGO,2020,208,
CHICAGO,2020,207,
CHICAGO,2020,206,18.000000
CHICAGO,2020,205,18.000000
CHICAGO,2020,204,18.000000
CHICAGO,2020,203,18.000000
CHICAGO,2020,202,18.000000
CHICAGO,2020,201,
CHICAGO,2020,200,
CHICAGO,2020,199,22.000000
CHICAGO,2020,198,24.000000
CHICAGO,2020,197,24.000000
CHICAGO,2020,196,24.000000
CHICAGO,2020,195,24.000000
CHICAGO,2020,194,
CHICAGO,2020,193,
CHICAGO,2020,192,24.000000
CHICAGO,2020,191,24.000000
CHICAGO,2020,190,24.000000
CHICAGO,2020,189,24.000000
CHICAGO,2020,188,32.000000
CHICAGO,2020,187,
CHICAGO,2020,186,
CHICAGO,2020,185,
CHICAGO,2020,184,32.000000
CHICAGO,2020,183,32.000000
CHICAGO,2020,182,32.000000
CHICAGO,2020,181,32.000000
CHICAGO,2020,180,
CHICAGO,2020,179,
CHICAGO,2020,178,33.000000
CHICAGO,2020,177,32.500000
CHICAGO,2020,176,35.000000
CHICAGO,2020,175,35.000000
CHICAGO,2020,174,35.000000
CHICAGO,2020,173,
CHICAGO,2020,172,
CHICAGO,2020,171,35.000000
CHICAGO,2020,170,35.000000
CHICAGO,2020,169,35.000000
CHICAGO,2020,168,35.000000
CHICAGO,2020,167,35.500000
CHICAGO,2020,166,
CHICAGO,2020,165,
CHICAGO,2020,164,35.500000
CHICAGO,2020,163,35.500000
CHICAGO,2020,162,40.000000
CHICAGO,2020,161,40.000000
CHICAGO,2020,160,40.000000
CHICAGO,2020,159,
CHICAGO,2020,158,
CHICAGO,2020,157,40.000000
CHICAGO,2020,156,40.000000
CHICAGO,2020,155,40.000000
CHICAGO,2020,154,40.000000
CHICAGO,2020,153,40.000000
CHICAGO,2020,152,
CHICAGO,2020,151,
CHICAGO,2020,150,40.000000
CHICAGO,2020,149,40.000000
CHICAGO,2020,148,40.000000
CHICAGO,2020,147,40.000000
CHICAGO,2020,146,
CHICAGO,2020,145,
CHICAGO,2020,144,
CHICAGO,2020,143,40.000000
CHICAGO,2020,142,40.000000
CHICAGO,2020,141,40.000000
CHICAGO,2020,140,40.000000
CHICAGO,2020,139,40.000000
CHICAGO,2020,138,
CHICAGO,2020,137,
CHICAGO,2020,136,40.000000
CHICAGO,2020,135,40.000000
CHICAGO,2020,134,40.000000
CHICAGO,2020,133,40.000000
CHICAGO,2020,132,40.000000
CHICAGO,2020,131,
CHICAGO,2020,130,
CHICAGO,2020,129,40.000000
CHICAGO,2020,128,40.000000
CHICAGO,2020,127,39.000000
CHICAGO,2020,126,39.000000
CHICAGO,2020,125,39.000000
CHICAGO,2020,124,
CHICAGO,2020,123,
CHICAGO,2020,122,39.000000
CHICAGO,2020,121,39.000000
CHICAGO,2020,120,37.000000
CHICAGO,2020,119,37.000000
CHICAGO,2020,118,37.000000
CHICAGO,2020,117,
CHICAGO,2020,116,
CHICAGO,2020,115,37.000000
CHICAGO,2020,114,37.000000
CHICAGO,2020,113,37.000000
CHICAGO,2020,112,37.000000
CHICAGO,2020,111,37.000000
CHICAGO,2020,110,
CHICAGO,2020,109,
CHICAGO,2020,108,37.000000
CHICAGO,2020,107,37.000000
CHICAGO,2020,106,37.000000
CHICAGO,2020,105,37.000000
CHICAGO,2020,104,27.000000
CHICAGO,2020,103,
CHICAGO,2020,102,
CHICAGO,2020,101,27.000000
CHICAGO,2020,100,27.000000
CHICAGO,2020,99,27.000000
CHICAGO,2020,98,27.000000
CHICAGO,2020,97,27.000000
CHICAGO,2020,96,
CHICAGO,2020,95,
CHICAGO,2020,94,27.000000
CHICAGO,2020,93,27.000000
CHICAGO,2020,92,27.000000
CHICAGO,2020,91,27.000000
CHICAGO,2020,90,27.000000
CHICAGO,2020,89,
CHICAGO,2020,88,
CHICAGO,2020,87,27.000000
CHICAGO,2020,86,27.000000
CHICAGO,2020,85,27.000000
CHICAGO,2020,84,27.000000
CHICAGO,2020,83,27.000000
CHICAGO,2020,82,
CHICAGO,2020,81,
CHICAGO,2020,80,27.000000
CHICAGO,2020,79,27.000000
CHICAGO,2020,78,27.000000
CHICAGO,2020,77,27.000000
CHICAGO,2020,76,27.000000
CHICAGO,2020,75,
CHICAGO,2020,74,
CHICAGO,2020,73,27.000000
CHICAGO,2020,72,27.000000
CHICAGO,2020,71,27.000000
CHICAGO,2020,70,27.000000
CHICAGO,2020,69,27.000000
CHICAGO,2020,68,
CHICAGO,2020,67,
CHICAGO,2020,66,27.000000
CHICAGO,2020,65,27.000000
CHICAGO,2020,64,27.000000
CHICAGO,2020,63,27.000000
CHICAGO,2020,62,27.000000
CHICAGO,2020,61,
CHICAGO,2020,60,
CHICAGO,2020,59,27.000000
CHICAGO,2020,58,27.000000
CHICAGO,2020,57,27.000000
CHICAGO,2020,56,27.000000
CHICAGO,2020,55,27.000000
CHICAGO,2020,54,
CHICAGO,2020,53,
CHICAGO,2020,52,27.000000
CHICAGO,2020,51,25.333333
CHICAGO,2020,50,25.333333
CHICAGO,2020,49,25.333333
CHICAGO,2020,48,
CHICAGO,2020,47,
CHICAGO,2020,46,
CHICAGO,2020,45,25.333333
CHICAGO,2020,44,25.333333
CHICAGO,2020,43,25.333333
CHICAGO,2020,42,25.333333
CHICAGO,2020,41,25.333333
CHICAGO,2020,40,
CHICAGO,2020,39,
CHICAGO,2020,38,25.333333
CHICAGO,2020,37,25.333333
CHICAGO,2020,36,25.333333
CHICAGO,2020,35,25.333333
CHICAGO,2020,34,25.333333
CHICAGO,2020,33,
CHICAGO,2020,32,
CHICAGO,2020,31,25.333333
CHICAGO,2020,30,25.333333
CHICAGO,2020,29,25.333333
CHICAGO,2020,28,25.333333
CHICAGO,2020,27,25.333333
CHICAGO,2020,26,
CHICAGO,2020,25,
CHICAGO,2020,24,25.333333
CHICAGO,2020,23,25.333333
CHICAGO,2020,22,25.333333
CHICAGO,2020,21,25.333333
CHICAGO,2020,20,
CHICAGO,2020,19,
CHICAGO,2020,18,
CHICAGO,2020,17,25.333333
CHICAGO,2020,16,25.333333
CHICAGO,2020,15,25.333333
CHICAGO,2020,14,25.333333
CHICAGO,2020,13,25.333333
CHICAGO,2020,12,
CHICAGO,2020,11,
CHICAGO,2020,10,25.333333
CHICAGO,2020,9,25.333333
CHICAGO,2020,8,26.500000
CHICAGO,2020,7,26.500000
CHICAGO,2020,6,26.500000
CHICAGO,2020,5,
CHICAGO,2020,4,
CHICAGO,2020,3,26.500000
CHICAGO,2020,2,26.500000
COLUMBIA,2020,366,24.166666
COLUMBIA,2020,365,24.166666
COLUMBIA,2020,364,24.666666
COLUMBIA,2020,363,
COLUMBIA,2020,362,
COLUMBIA,2020,361,
COLUMBIA,2020,360,
COLUMBIA,2020,359,
COLUMBIA,2020,358,24.666666
COLUMBIA,2020,357,24.666666
COLUMBIA,2020,356,24.666666
COLUMBIA,2020,355,
COLUMBIA,2020,354,
COLUMBIA,2020,353,24.666666
COLUMBIA,2020,352,24.666666
COLUMBIA,2020,351,24.666666
COLUMBIA,2020,350,24.666666
COLUMBIA,2020,349,24.666666
COLUMBIA,2020,348,
COLUMBIA,2020,347,
COLUMBIA,2020,346,24.666666
COLUMBIA,2020,345,24.666666
COLUMBIA,2020,344,24.666666
COLUMBIA,2020,343,24.666666
COLUMBIA,2020,342,24.666666
COLUMBIA,2020,341,
COLUMBIA,2020,340,
COLUMBIA,2020,339,24.000000
COLUMBIA,2020,338,24.000000
COLUMBIA,2020,337,24.000000
COLUMBIA,2020,336,24.000000
COLUMBIA,2020,335,24.000000
COLUMBIA,2020,334,
COLUMBIA,2020,333,
COLUMBIA,2020,332,
COLUMBIA,2020,331,
COLUMBIA,2020,330,24.000000
COLUMBIA,2020,329,24.000000
COLUMBIA,2020,328,24.000000
COLUMBIA,2020,327,
COLUMBIA,2020,326,
COLUMBIA,2020,325,24.000000
COLUMBIA,2020,324,24.000000
COLUMBIA,2020,323,24.000000
COLUMBIA,2020,322,24.000000
COLUMBIA,2020,321,24.000000
COLUMBIA,2020,320,
COLUMBIA,2020,319,
COLUMBIA,2020,318,26.333333
COLUMBIA,2020,317,26.333333
COLUMBIA,2020,316,
COLUMBIA,2020,315,26.333333
COLUMBIA,2020,314,26.333333
COLUMBIA,2020,313,
COLUMBIA,2020,312,
COLUMBIA,2020,311,26.333333
COLUMBIA,2020,310,26.333333
COLUMBIA,2020,309,26.333333
COLUMBIA,2020,308,26.333333
COLUMBIA,2020,307,26.333333
COLUMBIA,2020,306,
COLUMBIA,2020,305,
COLUMBIA,2020,304,26.333333
COLUMBIA,2020,303,26.333333
COLUMBIA,2020,302,26.333333
COLUMBIA,2020,301,26.333333
COLUMBIA,2020,300,26.333333
COLUMBIA,2020,299,
COLUMBIA,2020,298,
COLUMBIA,2020,297,26.333333
COLUMBIA,2020,296,26.333333
COLUMBIA,2020,295,26.333333
COLUMBIA,2020,294,26.333333
COLUMBIA,2020,293,26.333333
COLUMBIA,2020,292,
COLUMBIA,2020,291,
COLUMBIA,2020,290,25.666666
COLUMBIA,2020,289,25.666666
COLUMBIA,2020,288,25.666666
COLUMBIA,2020,287,25.666666
COLUMBIA,2020,286,25.666666
COLUMBIA,2020,285,
COLUMBIA,2020,284,
COLUMBIA,2020,283,25.666666
COLUMBIA,2020,282,25.666666
COLUMBIA,2020,281,25.666666
COLUMBIA,2020,280,25.666666
COLUMBIA,2020,279,25.666666
COLUMBIA,2020,278,
COLUMBIA,2020,277,
COLUMBIA,2020,276,25.666666
COLUMBIA,2020,275,25.666666
COLUMBIA,2020,274,25.666666
COLUMBIA,2020,273,25.666666
COLUMBIA,2020,272,25.666666
COLUMBIA,2020,271,
COLUMBIA,2020,270,
COLUMBIA,2020,269,25.666666
COLUMBIA,2020,268,25.666666
COLUMBIA,2020,267,25.666666
COLUMBIA,2020,266,25.666666
COLUMBIA,2020,265,25.666666
COLUMBIA,2020,264,
COLUMBIA,2020,263,
COLUMBIA,2020,262,23.333333
COLUMBIA,2020,261,23.333333
COLUMBIA,2020,260,23.333333
COLUMBIA,2020,259,23.333333
COLUMBIA,2020,258,23.333333
COLUMBIA,2020,257,
COLUMBIA,2020,256,
COLUMBIA,2020,255,23.333333
COLUMBIA,2020,254,23.333333
COLUMBIA,2020,253,23.333333
COLUMBIA,2020,252,23.333333
COLUMBIA,2020,251,
COLUMBIA,2020,250,
COLUMBIA,2020,249,
COLUMBIA,2020,248,23.333333
COLUMBIA,2020,247,26.333333
COLUMBIA,2020,246,26.333333
COLUMBIA,2020,245,26.333333
COLUMBIA,2020,244,26.333333
COLUMBIA,2020,243,
COLUMBIA,2020,242,
COLUMBIA,2020,241,26.333333
COLUMBIA,2020,240,26.333333
COLUMBIA,2020,239,26.333333
COLUMBIA,2020,238,26.333333
COLUMBIA,2020,237,26.333333
COLUMBIA,2020,236,
COLUMBIA,2020,235,
COLUMBIA,2020,234,25.833333
COLUMBIA,2020,233,25.833333
COLUMBIA,2020,232,25.833333
COLUMBIA,2020,231,26.333333
COLUMBIA,2020,230,26.333333
COLUMBIA,2020,229,
COLUMBIA,2020,228,
COLUMBIA,2020,227,26.333333
COLUMBIA,2020,226,26.333333
COLUMBIA,2020,225,26.333333
COLUMBIA,2020,224,26.333333
COLUMBIA,2020,223,26.333333
COLUMBIA,2020,222,
COLUMBIA,2020,221,
COLUMBIA,2020,220,25.666666
COLUMBIA,2020,219,25.666666
COLUMBIA,2020,218,25.666666
COLUMBIA,2020,217,25.666666
COLUMBIA,2020,216,25.666666
COLUMBIA,2020,215,
COLUMBIA,2020,214,
COLUMBIA,2020,213,25.666666
COLUMBIA,2020,212,25.666666
COLUMBIA,2020,211,25.666666
COLUMBIA,2020,210,25.666666
COLUMBIA,2020,209,
COLUMBIA,2020,208,
COLUMBIA,2020,207,
COLUMBIA,2020,206,25.666666
COLUMBIA,2020,205,25.666666
COLUMBIA,2020,204,25.666666
COLUMBIA,2020,203,25.666666
COLUMBIA,2020,202,25.666666
COLUMBIA,2020,201,
COLUMBIA,2020,200,
COLUMBIA,2020,199,25.000000
COLUMBIA,2020,198,25.666666
COLUMBIA,2020,197,25.666666
COLUMBIA,2020,196,25.666666
COLUMBIA,2020,195,36.000000
COLUMBIA,2020,194,
COLUMBIA,2020,193,
COLUMBIA,2020,192,36.000000
COLUMBIA,2020,191,36.000000
COLUMBIA,2020,190,36.000000
COLUMBIA,2020,189,36.000000
COLUMBIA,2020,188,36.000000
COLUMBIA,2020,187,
COLUMBIA,2020,186,
COLUMBIA,2020,185,
COLUMBIA,2020,184,36.000000
COLUMBIA,2020,183,36.000000
COLUMBIA,2020,182,36.000000
COLUMBIA,2020,181,36.000000
COLUMBIA,2020,180,
COLUMBIA,2020,179,
COLUMBIA,2020,178,36.000000
COLUMBIA,2020,177,36.000000
COLUMBIA,2020,176,36.000000
COLUMBIA,2020,175,36.000000
COLUMBIA,2020,174,36.000000
COLUMBIA,2020,173,
COLUMBIA,2020,172,
COLUMBIA,2020,171,36.000000
COLUMBIA,2020,170,36.000000
COLUMBIA,2020,169,36.000000
COLUMBIA,2020,168,36.000000
COLUMBIA,2020,167,36.000000
COLUMBIA,2020,166,
COLUMBIA,2020,165,
COLUMBIA,2020,164,36.666666
COLUMBIA,2020,163,36.666666
COLUMBIA,2020,162,36.666666
COLUMBIA,2020,161,36.666666
COLUMBIA,2020,160,36.333333
COLUMBIA,2020,159,
COLUMBIA,2020,158,
COLUMBIA,2020,157,36.333333
COLUMBIA,2020,156,36.333333
COLUMBIA,2020,155,36.333333
COLUMBIA,2020,154,37.500000
COLUMBIA,2020,153,37.500000
COLUMBIA,2020,152,
COLUMBIA,2020,151,
COLUMBIA,2020,150,37.500000
COLUMBIA,2020,149,37.500000
COLUMBIA,2020,148,37.500000
COLUMBIA,2020,147,37.500000
COLUMBIA,2020,146,
COLUMBIA,2020,145,
COLUMBIA,2020,144,
COLUMBIA,2020,143,37.500000
COLUMBIA,2020,142,37.500000
COLUMBIA,2020,141,37.500000
COLUMBIA,2020,140,37.500000
COLUMBIA,2020,139,37.500000
COLUMBIA,2020,138,
COLUMBIA,2020,137,
COLUMBIA,2020,136,33.500000
COLUMBIA,2020,135,33.500000
COLUMBIA,2020,134,33.500000
COLUMBIA,2020,133,33.500000
COLUMBIA,2020,132,
COLUMBIA,2020,131,
COLUMBIA,2020,130,
COLUMBIA,2020,129,33.500000
COLUMBIA,2020,128,33.500000
COLUMBIA,2020,127,33.500000
COLUMBIA,2020,126,33.500000
COLUMBIA,2020,125,33.500000
COLUMBIA,2020,124,
COLUMBIA,2020,123,
COLUMBIA,2020,122,38.000000
COLUMBIA,2020,121,38.000000
COLUMBIA,2020,120,38.000000
COLUMBIA,2020,119,38.000000
COLUMBIA,2020,118,38.000000
COLUMBIA,2020,117,
COLUMBIA,2020,116,
COLUMBIA,2020,115,38.000000
COLUMBIA,2020,114,34.000000
COLUMBIA,2020,113,34.000000
COLUMBIA,2020,112,34.000000
COLUMBIA,2020,111,34.000000
COLUMBIA,2020,110,
COLUMBIA,2020,109,
COLUMBIA,2020,108,27.500000
COLUMBIA,2020,107,27.500000
COLUMBIA,2020,106,27.500000
COLUMBIA,2020,105,27.500000
COLUMBIA,2020,104,27.500000
COLUMBIA,2020,103,
COLUMBIA,2020,102,
COLUMBIA,2020,101,27.500000
COLUMBIA,2020,100,27.500000
COLUMBIA,2020,99,27.500000
COLUMBIA,2020,98,27.500000
COLUMBIA,2020,97,27.500000
COLUMBIA,2020,96,
COLUMBIA,2020,95,
COLUMBIA,2020,94,26.250000
COLUMBIA,2020,93,26.250000
COLUMBIA,2020,92,26.250000
COLUMBIA,2020,91,26.250000
COLUMBIA,2020,90,26.250000
COLUMBIA,2020,89,
COLUMBIA,2020,88,
COLUMBIA,2020,87,27.500000
COLUMBIA,2020,86,27.500000
COLUMBIA,2020,85,27.500000
COLUMBIA,2020,84,27.500000
COLUMBIA,2020,83,27.500000
COLUMBIA,2020,82,
COLUMBIA,2020,81,
COLUMBIA,2020,80,26.750000
COLUMBIA,2020,79,26.750000
COLUMBIA,2020,78,26.750000
COLUMBIA,2020,77,26.750000
COLUMBIA,2020,76,26.750000
COLUMBIA,2020,75,
COLUMBIA,2020,74,
COLUMBIA,2020,73,26.500000
COLUMBIA,2020,72,26.500000
COLUMBIA,2020,71,28.000000
COLUMBIA,2020,70,28.000000
COLUMBIA,2020,69,28.000000
COLUMBIA,2020,68,
COLUMBIA,2020,67,
COLUMBIA,2020,66,28.000000
COLUMBIA,2020,65,28.000000
COLUMBIA,2020,64,28.000000
COLUMBIA,2020,63,28.000000
COLUMBIA,2020,62,28.000000
COLUMBIA,2020,61,
COLUMBIA,2020,60,
COLUMBIA,2020,59,22.500000
COLUMBIA,2020,58,22.500000
COLUMBIA,2020,57,22.500000
COLUMBIA,2020,56,22.500000
COLUMBIA,2020,55,22.500000
COLUMBIA,2020,54,
COLUMBIA,2020,53,
COLUMBIA,2020,52,23.333333
COLUMBIA,2020,51,23.333333
COLUMBIA,2020,50,23.333333
COLUMBIA,2020,49,23.333333
COLUMBIA,2020,48,
COLUMBIA,2020,47,
COLUMBIA,2020,46,
COLUMBIA,2020,45,22.500000
COLUMBIA,2020,44,22.500000
COLUMBIA,2020,43,22.500000
COLUMBIA,2020,42,22.500000
COLUMBIA,2020,41,22.500000
COLUMBIA,2020,40,
COLUMBIA,2020,39,
COLUMBIA,2020,38,22.500000
COLUMBIA,2020,37,22.500000
COLUMBIA,2020,36,22.500000
COLUMBIA,2020,35,22.500000
COLUMBIA,2020,34,22.500000
COLUMBIA,2020,33,
COLUMBIA,2020,32,
COLUMBIA,2020,31,22.500000
COLUMBIA,2020,30,22.500000
COLUMBIA,2020,29,22.500000
COLUMBIA,2020,28,22.500000
COLUMBIA,2020,27,22.500000
COLUMBIA,2020,26,
COLUMBIA,2020,25,
COLUMBIA,2020,24,22.500000
COLUMBIA,2020,23,22.500000
COLUMBIA,2020,22,22.500000
COLUMBIA,2020,21,22.500000
COLUMBIA,2020,20,
COLUMBIA,2020,19,
COLUMBIA,2020,18,
COLUMBIA,2020,17,21.000000
COLUMBIA,2020,16,21.000000
COLUMBIA,2020,15,21.000000
COLUMBIA,2020,14,21.000000
COLUMBIA,2020,13,21.000000
COLUMBIA,2020,12,
COLUMBIA,2020,11,
COLUMBIA,2020,10,21.000000
COLUMBIA,2020,9,21.000000
COLUMBIA,2020,8,21.000000
COLUMBIA,2020,7,21.000000
COLUMBIA,2020,6,21.000000
COLUMBIA,2020,5,
COLUMBIA,2020,4,
COLUMBIA,2020,3,21.000000
COLUMBIA,2020,2,21.000000
LOS ANGELES,2020,366,14.215000
LOS ANGELES,2020,365,14.215000
LOS ANGELES,2020,364,14.215000
LOS ANGELES,2020,363,14.215000
LOS ANGELES,2020,362,
LOS ANGELES,2020,361,
LOS ANGELES,2020,360,
LOS ANGELES,2020,359,
LOS ANGELES,2020,358,14.215000
LOS ANGELES,2020,357,14.215000
LOS ANGELES,2020,356,14.215000
LOS ANGELES,2020,355,
LOS ANGELES,2020,354,
LOS ANGELES,2020,353,14.215000
LOS ANGELES,2020,352,14.225000
LOS ANGELES,2020,351,14.225000
LOS ANGELES,2020,350,14.225000
LOS ANGELES,2020,349,14.225000
LOS ANGELES,2020,348,
LOS ANGELES,2020,347,
LOS ANGELES,2020,346,14.225000
LOS ANGELES,2020,345,14.225000
LOS ANGELES,2020,344,14.225000
LOS ANGELES,2020,343,17.975000
LOS ANGELES,2020,342,17.975000
LOS ANGELES,2020,341,
LOS ANGELES,2020,340,
LOS ANGELES,2020,339,17.975000
LOS ANGELES,2020,338,17.975000
LOS ANGELES,2020,337,28.250000
LOS ANGELES,2020,336,28.250000
LOS ANGELES,2020,335,28.250000
LOS ANGELES,2020,334,
LOS ANGELES,2020,333,
LOS ANGELES,2020,332,28.250000
LOS ANGELES,2020,331,
LOS ANGELES,2020,330,28.250000
LOS ANGELES,2020,329,28.250000
LOS ANGELES,2020,328,28.250000
LOS ANGELES,2020,327,
LOS ANGELES,2020,326,
LOS ANGELES,2020,325,28.250000
LOS ANGELES,2020,324,28.250000
LOS ANGELES,2020,323,28.250000
LOS ANGELES,2020,322,28.250000
LOS ANGELES,2020,321,28.250000
LOS ANGELES,2020,320,
LOS ANGELES,2020,319,
LOS ANGELES,2020,318,28.250000
LOS ANGELES,2020,317,28.250000
LOS ANGELES,2020,316,
LOS ANGELES,2020,315,28.250000
LOS ANGELES,2020,314,28.250000
LOS ANGELES,2020,313,
LOS ANGELES,2020,312,
LOS ANGELES,2020,311,28.250000
LOS ANGELES,2020,310,28.250000
LOS ANGELES,2020,309,28.250000
LOS ANGELES,2020,308,28.250000
LOS ANGELES,2020,307,28.250000
LOS ANGELES,2020,306,
LOS ANGELES,2020,305,
LOS ANGELES,2020,304,28.250000
LOS ANGELES,2020,303,28.250000
LOS ANGELES,2020,302,28.250000
LOS ANGELES,2020,301,28.250000
LOS ANGELES,2020,300,28.250000
LOS ANGELES,2020,299,
LOS ANGELES,2020,298,
LOS ANGELES,2020,297,28.250000
LOS ANGELES,2020,296,28.250000
LOS ANGELES,2020,295,28.250000
LOS ANGELES,2020,294,28.250000
LOS ANGELES,2020,293,28.250000
LOS ANGELES,2020,292,
LOS ANGELES,2020,291,
LOS ANGELES,2020,290,28.250000
LOS ANGELES,2020,289,29.000000
LOS ANGELES,2020,288,29.000000
LOS ANGELES,2020,287,27.250000
LOS ANGELES,2020,286,
LOS ANGELES,2020,285,
LOS ANGELES,2020,284,
LOS ANGELES,2020,283,27.250000
LOS ANGELES,2020,282,27.250000
LOS ANGELES,2020,281,27.250000
LOS ANGELES,2020,280,26.500000
LOS ANGELES,2020,279,26.500000
LOS ANGELES,2020,278,
LOS ANGELES,2020,277,
LOS ANGELES,2020,276,26.500000
LOS ANGELES,2020,275,28.500000
LOS ANGELES,2020,274,28.500000
LOS ANGELES,2020,273,28.500000
LOS ANGELES,2020,272,28.500000
LOS ANGELES,2020,271,
LOS ANGELES,2020,270,
LOS ANGELES,2020,269,28.500000
LOS ANGELES,2020,268,28.500000
LOS ANGELES,2020,267,28.500000
LOS ANGELES,2020,266,28.500000
LOS ANGELES,2020,265,28.500000
LOS ANGELES,2020,264,
LOS ANGELES,2020,263,
LOS ANGELES,2020,262,28.500000
LOS ANGELES,2020,261,28.500000
LOS ANGELES,2020,260,28.500000
LOS ANGELES,2020,259,28.500000
LOS ANGELES,2020,258,28.500000
LOS ANGELES,2020,257,
LOS ANGELES,2020,256,
LOS ANGELES,2020,255,28.500000
LOS ANGELES,2020,254,19.000000
LOS ANGELES,2020,253,19.000000
LOS ANGELES,2020,252,19.000000
LOS ANGELES,2020,251,
LOS ANGELES,2020,250,
LOS ANGELES,2020,249,
LOS ANGELES,2020,248,19.000000
LOS ANGELES,2020,247,19.000000
LOS ANGELES,2020,246,15.500000
LOS ANGELES,2020,245,14.750000
LOS ANGELES,2020,244,14.750000
LOS ANGELES,2020,243,
LOS ANGELES,2020,242,
LOS ANGELES,2020,241,14.750000
LOS ANGELES,2020,240,14.750000
LOS ANGELES,2020,239,14.750000
LOS ANGELES,2020,238,14.750000
LOS ANGELES,2020,237,14.750000
LOS ANGELES,2020,236,
LOS ANGELES,2020,235,
LOS ANGELES,2020,234,14.750000
LOS ANGELES,2020,233,14.750000
LOS ANGELES,2020,232,14.750000
LOS ANGELES,2020,231,14.750000
LOS ANGELES,2020,230,14.750000
LOS ANGELES,2020,229,
LOS ANGELES,2020,228,
LOS ANGELES,2020,227,14.750000
LOS ANGELES,2020,226,14.750000
LOS ANGELES,2020,225,1.825000
LOS ANGELES,2020,224,1.825000
LOS ANGELES,2020,223,1.825000
LOS ANGELES,2020,222,
LOS ANGELES,2020,221,
LOS ANGELES,2020,220,1.825000
LOS ANGELES,2020,219,1.825000
LOS ANGELES,2020,218,1.825000
LOS ANGELES,2020,217,1.825000
LOS ANGELES,2020,216,1.900000
LOS ANGELES,2020,215,
LOS ANGELES,2020,214,
LOS ANGELES,2020,213,1.900000
LOS ANGELES,2020,212,1.900000
LOS ANGELES,2020,211,1.900000
LOS ANGELES,2020,210,1.900000
LOS ANGELES,2020,209,1.900000
LOS ANGELES,2020,208,
LOS ANGELES,2020,207,
LOS ANGELES,2020,206,1.900000
LOS ANGELES,2020,205,1.900000
LOS ANGELES,2020,204,1.900000
LOS ANGELES,2020,203,1.900000
LOS ANGELES,2020,202,1.900000
LOS ANGELES,2020,201,
LOS ANGELES,2020,200,
LOS ANGELES,2020,199,1.900000
LOS ANGELES,2020,198,1.725000
LOS ANGELES,2020,197,1.725000
LOS ANGELES,2020,196,1.725000
LOS ANGELES,2020,195,1.725000
LOS ANGELES,2020,194,
LOS ANGELES,2020,193,
LOS ANGELES,2020,192,1.850000
LOS ANGELES,2020,191,1.850000
LOS ANGELES,2020,190,1.850000
LOS ANGELES,2020,189,1.850000
LOS ANGELES,2020,188,
LOS ANGELES,2020,187,
LOS ANGELES,2020,186,
LOS ANGELES,2020,185,
LOS ANGELES,2020,184,1.850000
LOS ANGELES,2020,183,1.850000
LOS ANGELES,2020,182,1.850000
LOS ANGELES,2020,181,1.850000
LOS ANGELES,2020,180,
LOS ANGELES,2020,179,
LOS ANGELES,2020,178,1.850000
LOS ANGELES,2020,177,1.850000
LOS ANGELES,2020,176,1.850000
LOS ANGELES,2020,175,1.925000
LOS ANGELES,2020,174,1.925000
LOS ANGELES,2020,173,
LOS ANGELES,2020,172,
LOS ANGELES,2020,171,1.925000
LOS ANGELES,2020,170,1.925000
LOS ANGELES,2020,169,1.925000
LOS ANGELES,2020,168,1.925000
LOS ANGELES,2020,167,1.925000
LOS ANGELES,2020,166,
LOS ANGELES,2020,165,
LOS ANGELES,2020,164,1.925000
LOS ANGELES,2020,163,1.925000
LOS ANGELES,2020,162,1.925000
LOS ANGELES,2020,161,1.925000
LOS ANGELES,2020,160,1.925000
LOS ANGELES,2020,159,
LOS ANGELES,2020,158,
LOS ANGELES,2020,157,1.925000
LOS ANGELES,2020,156,1.925000
LOS ANGELES,2020,155,2.125000
LOS ANGELES,2020,154,2.125000
LOS ANGELES,2020,153,2.125000
LOS ANGELES,2020,152,
LOS ANGELES,2020,151,
LOS ANGELES,2020,150,2.125000
LOS ANGELES,2020,149,2.125000
LOS ANGELES,2020,148,2.125000
LOS ANGELES,2020,147,2.125000
LOS ANGELES,2020,146,
LOS ANGELES,2020,145,
LOS ANGELES,2020,144,
LOS ANGELES,2020,143,2.125000
LOS ANGELES,2020,142,2.125000
LOS ANGELES,2020,141,2.125000
LOS ANGELES,2020,140,2.125000
LOS ANGELES,2020,139,2.125000
LOS ANGELES,2020,138,
LOS ANGELES,2020,137,
LOS ANGELES,2020,136,1.553333
LOS ANGELES,2020,135,1.553333
LOS ANGELES,2020,134,1.553333
LOS ANGELES,2020,133,1.553333
LOS ANGELES,2020,132,1.553333
LOS ANGELES,2020,131,
LOS ANGELES,2020,130,
LOS ANGELES,2020,129,1.553333
LOS ANGELES,2020,128,1.553333
LOS ANGELES,2020,127,1.553333
LOS ANGELES,2020,126,1.553333
LOS ANGELES,2020,125,1.553333
LOS ANGELES,2020,124,
LOS ANGELES,2020,123,
LOS ANGELES,2020,122,1.553333
LOS ANGELES,2020,121,1.553333
LOS ANGELES,2020,120,1.600000
LOS ANGELES,2020,119,1.400000
LOS ANGELES,2020,118,1.650000
LOS ANGELES,2020,117,
LOS ANGELES,2020,116,
LOS ANGELES,2020,115,1.650000
LOS ANGELES,2020,114,1.650000
LOS ANGELES,2020,113,1.583333
LOS ANGELES,2020,112,1.583333
LOS ANGELES,2020,111,1.583333
LOS ANGELES,2020,110,
LOS ANGELES,2020,109,
LOS ANGELES,2020,108,1.583333
LOS ANGELES,2020,107,1.583333
LOS ANGELES,2020,106,1.583333
LOS ANGELES,2020,105,1.516666
LOS ANGELES,2020,104,1.350000
LOS ANGELES,2020,103,
LOS ANGELES,2020,102,
LOS ANGELES,2020,101,1.350000
LOS ANGELES,2020,100,1.350000
LOS ANGELES,2020,99,1.350000
LOS ANGELES,2020,98,1.350000
LOS ANGELES,2020,97,1.383333
LOS ANGELES,2020,96,
LOS ANGELES,2020,95,
LOS ANGELES,2020,94,1.383333
LOS ANGELES,2020,93,1.383333
LOS ANGELES,2020,92,1.383333
LOS ANGELES,2020,91,1.383333
LOS ANGELES,2020,90,1.516666
LOS ANGELES,2020,89,
LOS ANGELES,2020,88,
LOS ANGELES,2020,87,1.516666
LOS ANGELES,2020,86,1.516666
LOS ANGELES,2020,85,1.600000
LOS ANGELES,2020,84,1.633333
LOS ANGELES,2020,83,1.650000
LOS ANGELES,2020,82,
LOS ANGELES,2020,81,
LOS ANGELES,2020,80,1.650000
LOS ANGELES,2020,79,1.650000
LOS ANGELES,2020,78,1.650000
LOS ANGELES,2020,77,1.650000
LOS ANGELES,2020,76,1.650000
LOS ANGELES,2020,75,
LOS ANGELES,2020,74,
LOS ANGELES,2020,73,1.650000
LOS ANGELES,2020,72,1.643333
LOS ANGELES,2020,71,1.643333
LOS ANGELES,2020,70,1.643333
LOS ANGELES,2020,69,1.643333
LOS ANGELES,2020,68,
LOS ANGELES,2020,67,
LOS ANGELES,2020,66,1.643333
LOS ANGELES,2020,65,1.643333
LOS ANGELES,2020,64,1.643333
LOS ANGELES,2020,63,1.616666
LOS ANGELES,2020,62,1.550000
LOS ANGELES,2020,61,
LOS ANGELES,2020,60,
LOS ANGELES,2020,59,1.550000
LOS ANGELES,2020,58,1.583333
LOS ANGELES,2020,57,1.583333
LOS ANGELES,2020,56,1.536666
LOS ANGELES,2020,55,1.516666
LOS ANGELES,2020,54,
LOS ANGELES,2020,53,
LOS ANGELES,2020,52,1.450000
LOS ANGELES,2020,51,1.416666
LOS ANGELES,2020,50,1.403333
LOS ANGELES,2020,49,1.403333
LOS ANGELES,2020,48,
LOS ANGELES,2020,47,
LOS ANGELES,2020,46,
LOS ANGELES,2020,45,1.436666
LOS ANGELES,2020,44,1.436666
LOS ANGELES,2020,43,1.436666
LOS ANGELES,2020,42,1.436666
LOS ANGELES,2020,41,1.583333
LOS ANGELES,2020,40,
LOS ANGELES,2020,39,
LOS ANGELES,2020,38,1.370000
LOS ANGELES,2020,37,1.370000
LOS ANGELES,2020,36,1.370000
LOS ANGELES,2020,35,1.370000
LOS ANGELES,2020,34,1.370000
LOS ANGELES,2020,33,
LOS ANGELES,2020,32,
LOS ANGELES,2020,31,1.370000
LOS ANGELES,2020,30,1.370000
LOS ANGELES,2020,29,1.370000
LOS ANGELES,2020,28,1.370000
LOS ANGELES,2020,27,1.370000
LOS ANGELES,2020,26,
LOS ANGELES,2020,25,
LOS ANGELES,2020,24,1.370000
LOS ANGELES,2020,23,1.383333
LOS ANGELES,2020,22,1.383333
LOS ANGELES,2020,21,1.383333
LOS ANGELES,2020,20,
LOS ANGELES,2020,19,
LOS ANGELES,2020,18,
LOS ANGELES,2020,17,1.383333
LOS ANGELES,2020,16,1.383333
LOS ANGELES,2020,15,1.383333
LOS ANGELES,2020,14,1.383333
LOS ANGELES,2020,13,1.383333
LOS ANGELES,2020,12,
LOS ANGELES,2020,11,
LOS ANGELES,2020,10,1.383333
LOS ANGELES,2020,9,1.383333
LOS ANGELES,2020,8,1.533333
LOS ANGELES,2020,7,1.533333
LOS ANGELES,2020,6,1.500000
LOS ANGELES,2020,5,
LOS ANGELES,2020,4,
LOS ANGELES,2020,3,1.500000
LOS ANGELES,2020,2,1.500000
MIAMI,2020,366,41.000000
MIAMI,2020,365,41.000000
MIAMI,2020,364,41.000000
MIAMI,2020,363,41.000000
MIAMI,2020,362,
MIAMI,2020,361,
MIAMI,2020,360,
MIAMI,2020,359,
MIAMI,2020,358,41.000000
MIAMI,2020,357,41.000000
MIAMI,2020,356,41.000000
MIAMI,2020,355,
MIAMI,2020,354,
MIAMI,2020,353,41.000000
MIAMI,2020,352,41.000000
MIAMI,2020,351,41.000000
MIAMI,2020,350,41.000000
MIAMI,2020,349,41.000000
MIAMI,2020,348,
MIAMI,2020,347,
MIAMI,2020,346,41.000000
MIAMI,2020,345,41.000000
MIAMI,2020,344,41.000000
MIAMI,2020,343,41.000000
MIAMI,2020,342,41.000000
MIAMI,2020,341,
MIAMI,2020,340,
MIAMI,2020,339,41.000000
MIAMI,2020,338,41.000000
MIAMI,2020,337,41.000000
MIAMI,2020,336,41.000000
MIAMI,2020,335,41.000000
MIAMI,2020,334,
MIAMI,2020,333,
MIAMI,2020,332,41.000000
MIAMI,2020,331,
MIAMI,2020,330,41.000000
MIAMI,2020,329,41.000000
MIAMI,2020,328,41.000000
MIAMI,2020,327,
MIAMI,2020,326,
MIAMI,2020,325,41.000000
MIAMI,2020,324,41.000000
MIAMI,2020,323,41.000000
MIAMI,2020,322,41.000000
MIAMI,2020,321,41.000000
MIAMI,2020,320,
MIAMI,2020,319,
MIAMI,2020,318,41.000000
MIAMI,2020,317,41.000000
MIAMI,2020,316,
MIAMI,2020,315,41.000000
MIAMI,2020,314,41.000000
MIAMI,2020,313,
MIAMI,2020,312,
MIAMI,2020,311,41.000000
MIAMI,2020,310,41.000000
MIAMI,2020,309,41.000000
MIAMI,2020,308,41.000000
MIAMI,2020,307,41.000000
MIAMI,2020,306,
MIAMI,2020,305,
MIAMI,2020,304,41.000000
MIAMI,2020,303,41.000000
MIAMI,2020,302,41.000000
MIAMI,2020,301,41.000000
MIAMI,2020,300,41.000000
MIAMI,2020,299,
MIAMI,2020,298,
MIAMI,2020,297,41.000000
MIAMI,2020,296,41.000000
MIAMI,2020,295,41.000000
MIAMI,2020,294,41.000000
MIAMI,2020,293,41.000000
MIAMI,2020,292,
MIAMI,2020,291,
MIAMI,2020,290,41.000000
MIAMI,2020,289,41.000000
MIAMI,2020,288,41.000000
MIAMI,2020,287,41.000000
MIAMI,2020,286,
MIAMI,2020,285,
MIAMI,2020,284,
MIAMI,2020,283,41.000000
MIAMI,2020,282,41.000000
MIAMI,2020,281,41.000000
MIAMI,2020,280,41.000000
MIAMI,2020,279,41.000000
MIAMI,2020,278,
MIAMI,2020,277,
MIAMI,2020,276,41.000000
MIAMI,2020,275,41.000000
MIAMI,2020,274,41.000000
MIAMI,2020,273,41.000000
MIAMI,2020,272,41.000000
MIAMI,2020,271,
MIAMI,2020,270,
MIAMI,2020,269,41.000000
MIAMI,2020,268,41.000000
MIAMI,2020,267,41.000000
MIAMI,2020,266,41.000000
MIAMI,2020,265,41.000000
MIAMI,2020,264,
MIAMI,2020,263,
MIAMI,2020,262,41.000000
MIAMI,2020,261,41.000000
MIAMI,2020,260,41.000000
MIAMI,2020,259,41.000000
MIAMI,2020,258,41.000000
MIAMI,2020,257,
MIAMI,2020,256,
MIAMI,2020,255,41.000000
MIAMI,2020,254,41.000000
MIAMI,2020,253,41.000000
MIAMI,2020,252,41.000000
MIAMI,2020,251,
MIAMI,2020,250,
MIAMI,2020,249,
MIAMI,2020,248,41.000000
MIAMI,2020,247,42.000000
MIAMI,2020,246,42.000000
MIAMI,2020,245,42.000000
MIAMI,2020,244,42.000000
MIAMI,2020,243,
MIAMI,2020,242,
MIAMI,2020,241,42.000000
MIAMI,2020,240,42.000000
MIAMI,2020,239,42.000000
MIAMI,2020,238,42.000000
MIAMI,2020,237,42.000000
MIAMI,2020,236,
MIAMI,2020,235,
MIAMI,2020,234,42.000000
MIAMI,2020,233,42.000000
MIAMI,2020,232,42.000000
MIAMI,2020,231,42.000000
MIAMI,2020,230,42.000000
MIAMI,2020,229,
MIAMI,2020,228,
MIAMI,2020,227,42.000000
MIAMI,2020,226,42.000000
MIAMI,2020,225,42.000000
MIAMI,2020,224,42.000000
MIAMI,2020,223,42.000000
MIAMI,2020,222,
MIAMI,2020,221,
MIAMI,2020,220,42.000000
MIAMI,2020,219,42.000000
MIAMI,2020,218,42.000000
MIAMI,2020,217,42.000000
MIAMI,2020,216,42.000000
MIAMI,2020,215,
MIAMI,2020,214,
MIAMI,2020,213,42.000000
MIAMI,2020,212,42.000000
MIAMI,2020,211,42.000000
MIAMI,2020,210,42.000000
MIAMI,2020,209,42.000000
MIAMI,2020,208,
MIAMI,2020,207,
MIAMI,2020,206,42.000000
MIAMI,2020,205,42.000000
MIAMI,2020,204,42.000000
MIAMI,2020,203,42.000000
MIAMI,2020,202,42.000000
MIAMI,2020,201,
MIAMI,2020,200,
MIAMI,2020,199,42.000000
MIAMI,2020,198,42.000000
MIAMI,2020,197,42.000000
MIAMI,2020,196,42.000000
MIAMI,2020,195,42.000000
MIAMI,2020,194,
MIAMI,2020,193,
MIAMI,2020,192,42.000000
MIAMI,2020,191,42.000000
MIAMI,2020,190,42.000000
MIAMI,2020,189,42.000000
MIAMI,2020,188,42.000000
MIAMI,2020,187,
MIAMI,2020,186,
MIAMI,2020,185,
MIAMI,2020,184,42.000000
MIAMI,2020,183,42.000000
MIAMI,2020,182,42.000000
MIAMI,2020,181,42.000000
MIAMI,2020,180,
MIAMI,2020,179,
MIAMI,2020,178,42.000000
MIAMI,2020,177,42.000000
MIAMI,2020,176,42.000000
MIAMI,2020,175,42.000000
MIAMI,2020,174,42.000000
MIAMI,2020,173,
MIAMI,2020,172,
MIAMI,2020,171,42.000000
MIAMI,2020,170,42.000000
MIAMI,2020,169,42.000000
MIAMI,2020,168,42.000000
MIAMI,2020,167,42.000000
MIAMI,2020,166,
MIAMI,2020,165,
MIAMI,2020,164,42.000000
MIAMI,2020,163,42.000000
MIAMI,2020,162,42.000000
MIAMI,2020,161,42.000000
MIAMI,2020,160,42.000000
MIAMI,2020,159,
MIAMI,2020,158,
MIAMI,2020,157,42.000000
MIAMI,2020,156,42.000000
MIAMI,2020,155,42.000000
MIAMI,2020,154,42.000000
MIAMI,2020,153,42.000000
MIAMI,2020,152,
MIAMI,2020,151,
MIAMI,2020,150,42.000000
MIAMI,2020,149,42.000000
MIAMI,2020,148,42.000000
MIAMI,2020,147,42.000000
MIAMI,2020,146,
MIAMI,2020,145,
MIAMI,2020,144,
MIAMI,2020,143,42.000000
MIAMI,2020,142,42.000000
MIAMI,2020,141,42.000000
MIAMI,2020,140,42.000000
MIAMI,2020,139,42.000000
MIAMI,2020,138,
MIAMI,2020,137,
MIAMI,2020,136,42.000000
MIAMI,2020,135,42.000000
MIAMI,2020,134,42.000000
MIAMI,2020,133,42.000000
MIAMI,2020,132,42.000000
MIAMI,2020,131,
MIAMI,2020,130,
MIAMI,2020,129,42.000000
MIAMI,2020,128,42.000000
MIAMI,2020,127,42.000000
MIAMI,2020,126,42.000000
MIAMI,2020,125,42.000000
MIAMI,2020,124,
MIAMI,2020,123,
MIAMI,2020,122,42.000000
MIAMI,2020,121,42.000000
MIAMI,2020,120,42.000000
MIAMI,2020,119,42.000000
MIAMI,2020,118,42.000000
MIAMI,2020,117,
MIAMI,2020,116,
MIAMI,2020,115,42.000000
MIAMI,2020,114,42.000000
MIAMI,2020,113,42.000000
MIAMI,2020,112,27.500000
MIAMI,2020,111,27.500000
MIAMI,2020,110,
MIAMI,2020,109,
MIAMI,2020,108,27.500000
MIAMI,2020,107,27.500000
MIAMI,2020,106,27.500000
MIAMI,2020,105,27.500000
MIAMI,2020,104,27.500000
MIAMI,2020,103,
MIAMI,2020,102,
MIAMI,2020,101,27.500000
MIAMI,2020,100,27.500000
MIAMI,2020,99,27.500000
MIAMI,2020,98,27.500000
MIAMI,2020,97,27.500000
MIAMI,2020,96,
MIAMI,2020,95,
MIAMI,2020,94,27.500000
MIAMI,2020,93,27.500000
MIAMI,2020,92,27.500000
MIAMI,2020,91,27.500000
MIAMI,2020,90,27.500000
MIAMI,2020,89,
MIAMI,2020,88,
MIAMI,2020,87,27.500000
MIAMI,2020,86,27.500000
MIAMI,2020,85,27.500000
MIAMI,2020,84,27.500000
MIAMI,2020,83,27.500000
MIAMI,2020,82,
MIAMI,2020,81,
MIAMI,2020,80,27.500000
MIAMI,2020,79,27.500000
MIAMI,2020,78,27.500000
MIAMI,2020,77,27.500000
MIAMI,2020,76,27.500000
MIAMI,2020,75,
MIAMI,2020,74,
MIAMI,2020,73,27.500000
MIAMI,2020,72,27.500000
MIAMI,2020,71,27.500000
MIAMI,2020,70,27.500000
MIAMI,2020,69,27.500000
MIAMI,2020,68,
MIAMI,2020,67,
MIAMI,2020,66,27.500000
MIAMI,2020,65,27.500000
MIAMI,2020,64,25.000000
MIAMI,2020,63,25.000000
MIAMI,2020,62,25.000000
MIAMI,2020,61,
MIAMI,2020,60,
MIAMI,2020,59,25.000000
MIAMI,2020,58,25.000000
MIAMI,2020,57,25.000000
MIAMI,2020,56,25.000000
MIAMI,2020,55,25.000000
MIAMI,2020,54,
MIAMI,2020,53,
MIAMI,2020,52,25.000000
MIAMI,2020,51,25.000000
MIAMI,2020,50,25.000000
MIAMI,2020,49,25.000000
MIAMI,2020,48,
MIAMI,2020,47,
MIAMI,2020,46,
MIAMI,2020,45,25.000000
MIAMI,2020,44,25.000000
MIAMI,2020,43,25.000000
MIAMI,2020,42,25.000000
MIAMI,2020,41,25.000000
MIAMI,2020,40,
MIAMI,2020,39,
MIAMI,2020,38,25.000000
MIAMI,2020,37,25.000000
MIAMI,2020,36,25.000000
MIAMI,2020,35,25.000000
MIAMI,2020,34,25.000000
MIAMI,2020,33,
MIAMI,2020,32,
MIAMI,2020,31,25.000000
MIAMI,2020,30,25.000000
MIAMI,2020,29,25.000000
MIAMI,2020,28,25.000000
MIAMI,2020,27,25.000000
MIAMI,2020,26,
MIAMI,2020,25,
MIAMI,2020,24,25.000000
MIAMI,2020,23,25.000000
MIAMI,2020,22,25.000000
MIAMI,2020,21,25.000000
MIAMI,2020,20,
MIAMI,2020,19,
MIAMI,2020,18,
MIAMI,2020,17,25.000000
MIAMI,2020,16,25.000000
MIAMI,2020,15,25.000000
MIAMI,2020,14,25.000000
MIAMI,2020,13,25.000000
MIAMI,2020,12,
MIAMI,2020,11,
MIAMI,2020,10,25.000000
MIAMI,2020,9,25.000000
MIAMI,2020,8,25.000000
MIAMI,2020,7,25.000000
MIAMI,2020,6,25.000000
MIAMI,2020,5,
MIAMI,2020,4,
MIAMI,2020,3,25.000000
MIAMI,2020,2,25.000000
NEW YORK,2020,366,32.000000
NEW YORK,2020,365,32.000000
NEW YORK,2020,364,32.000000
NEW YORK,2020,363,32.000000
NEW YORK,2020,362,
NEW YORK,2020,361,
NEW YORK,2020,360,
NEW YORK,2020,359,
NEW YORK,2020,358,32.000000
NEW YORK,2020,357,32.000000
NEW YORK,2020,356,32.000000
NEW YORK,2020,355,
NEW YORK,2020,354,
NEW YORK,2020,353,32.000000
NEW YORK,2020,352,32.000000
NEW YORK,2020,351,32.000000
NEW YORK,2020,350,32.000000
NEW YORK,2020,349,32.000000
NEW YORK,2020,348,
NEW YORK,2020,347,
NEW YORK,2020,346,32.000000
NEW YORK,2020,345,32.000000
NEW YORK,2020,344,32.000000
NEW YORK,2020,343,32.000000
NEW YORK,2020,342,32.000000
NEW YORK,2020,341,
NEW YORK,2020,340,
NEW YORK,2020,339,25.000000
NEW YORK,2020,338,25.000000
NEW YORK,2020,337,25.000000
NEW YORK,2020,336,25.000000
NEW YORK,2020,335,33.000000
NEW YORK,2020,334,
NEW YORK,2020,333,
NEW YORK,2020,332,
NEW YORK,2020,331,
NEW YORK,2020,330,33.000000
NEW YORK,2020,329,33.000000
NEW YORK,2020,328,33.000000
NEW YORK,2020,327,
NEW YORK,2020,326,
NEW YORK,2020,325,28.000000
NEW YORK,2020,324,28.000000
NEW YORK,2020,323,28.000000
NEW YORK,2020,322,28.000000
NEW YORK,2020,321,28.000000
NEW YORK,2020,320,
NEW YORK,2020,319,
NEW YORK,2020,318,26.000000
NEW YORK,2020,317,26.000000
NEW YORK,2020,316,
NEW YORK,2020,315,34.000000
NEW YORK,2020,314,34.000000
NEW YORK,2020,313,
NEW YORK,2020,312,
NEW YORK,2020,311,27.000000
NEW YORK,2020,310,27.000000
NEW YORK,2020,309,27.000000
NEW YORK,2020,308,27.000000
NEW YORK,2020,307,27.000000
NEW YORK,2020,306,
NEW YORK,2020,305,
NEW YORK,2020,304,34.000000
NEW YORK,2020,303,34.000000
NEW YORK,2020,302,34.000000
NEW YORK,2020,301,34.000000
NEW YORK,2020,300,34.000000
NEW YORK,2020,299,
NEW YORK,2020,298,
NEW YORK,2020,297,28.000000
NEW YORK,2020,296,28.000000
NEW YORK,2020,295,26.000000
NEW YORK,2020,294,26.000000
NEW YORK,2020,293,36.000000
NEW YORK,2020,292,
NEW YORK,2020,291,
NEW YORK,2020,290,32.333333
NEW YORK,2020,289,29.500000
NEW YORK,2020,288,30.000000
NEW YORK,2020,287,34.000000
NEW YORK,2020,286,
NEW YORK,2020,285,
NEW YORK,2020,284,
NEW YORK,2020,283,27.000000
NEW YORK,2020,282,28.000000
NEW YORK,2020,281,28.000000
NEW YORK,2020,280,28.000000
NEW YORK,2020,279,
NEW YORK,2020,278,
NEW YORK,2020,277,
NEW YORK,2020,276,
NEW YORK,2020,275,
NEW YORK,2020,274,
NEW YORK,2020,273,
NEW YORK,2020,272,26.000000
NEW YORK,2020,271,
NEW YORK,2020,270,
NEW YORK,2020,269,26.000000
NEW YORK,2020,268,26.000000
NEW YORK,2020,267,27.000000
NEW YORK,2020,266,27.000000
NEW YORK,2020,265,27.000000
NEW YORK,2020,264,
NEW YORK,2020,263,
NEW YORK,2020,262,27.000000
NEW YORK,2020,261,27.000000
NEW YORK,2020,260,27.000000
NEW YORK,2020,259,27.000000
NEW YORK,2020,258,27.000000
NEW YORK,2020,257,
NEW YORK,2020,256,
NEW YORK,2020,255,27.000000
NEW YORK,2020,254,27.000000
NEW YORK,2020,253,27.000000
NEW YORK,2020,252,27.000000
NEW YORK,2020,251,
NEW YORK,2020,250,
NEW YORK,2020,249,
NEW YORK,2020,248,27.000000
NEW YORK,2020,247,27.000000
NEW YORK,2020,246,27.000000
NEW YORK,2020,245,28.000000
NEW YORK,2020,244,28.000000
NEW YORK,2020,243,
NEW YORK,2020,242,
NEW YORK,2020,241,17.250000
NEW YORK,2020,240,17.250000
NEW YORK,2020,239,17.250000
NEW YORK,2020,238,17.250000
NEW YORK,2020,237,17.250000
NEW YORK,2020,236,
NEW YORK,2020,235,
NEW YORK,2020,234,22.250000
NEW YORK,2020,233,15.500000
NEW YORK,2020,232,15.500000
NEW YORK,2020,231,15.500000
NEW YORK,2020,230,16.000000
NEW YORK,2020,229,
NEW YORK,2020,228,
NEW YORK,2020,227,29.000000
NEW YORK,2020,226,29.000000
NEW YORK,2020,225,31.000000
NEW YORK,2020,224,31.000000
NEW YORK,2020,223,31.000000
NEW YORK,2020,222,
NEW YORK,2020,221,
NEW YORK,2020,220,30.000000
NEW YORK,2020,219,30.000000
NEW YORK,2020,218,30.000000
NEW YORK,2020,217,30.000000
NEW YORK,2020,216,31.000000
NEW YORK,2020,215,
NEW YORK,2020,214,
NEW YORK,2020,213,31.000000
NEW YORK,2020,212,31.000000
NEW YORK,2020,211,32.000000
NEW YORK,2020,210,32.000000
NEW YORK,2020,209,32.000000
NEW YORK,2020,208,
NEW YORK,2020,207,
NEW YORK,2020,206,30.000000
NEW YORK,2020,205,30.000000
NEW YORK,2020,204,40.000000
NEW YORK,2020,203,40.000000
NEW YORK,2020,202,40.000000
NEW YORK,2020,201,
NEW YORK,2020,200,
NEW YORK,2020,199,40.000000
NEW YORK,2020,198,40.000000
NEW YORK,2020,197,40.000000
NEW YORK,2020,196,30.000000
NEW YORK,2020,195,30.000000
NEW YORK,2020,194,
NEW YORK,2020,193,
NEW YORK,2020,192,30.000000
NEW YORK,2020,191,30.000000
NEW YORK,2020,190,30.000000
NEW YORK,2020,189,37.500000
NEW YORK,2020,188,40.000000
NEW YORK,2020,187,
NEW YORK,2020,186,
NEW YORK,2020,185,
NEW YORK,2020,184,28.500000
NEW YORK,2020,183,28.500000
NEW YORK,2020,182,28.500000
NEW YORK,2020,181,39.000000
NEW YORK,2020,180,
NEW YORK,2020,179,
NEW YORK,2020,178,27.500000
NEW YORK,2020,177,27.500000
NEW YORK,2020,176,31.000000
NEW YORK,2020,175,27.333333
NEW YORK,2020,174,27.333333
NEW YORK,2020,173,
NEW YORK,2020,172,
NEW YORK,2020,171,14.000000
NEW YORK,2020,170,16.000000
NEW YORK,2020,169,16.000000
NEW YORK,2020,168,24.400000
NEW YORK,2020,167,25.000000
NEW YORK,2020,166,
NEW YORK,2020,165,
NEW YORK,2020,164,40.000000
NEW YORK,2020,163,40.000000
NEW YORK,2020,162,30.500000
NEW YORK,2020,161,40.000000
NEW YORK,2020,160,43.000000
NEW YORK,2020,159,
NEW YORK,2020,158,
NEW YORK,2020,157,42.500000
NEW YORK,2020,156,42.500000
NEW YORK,2020,155,42.500000
NEW YORK,2020,154,43.000000
NEW YORK,2020,153,43.000000
NEW YORK,2020,152,
NEW YORK,2020,151,
NEW YORK,2020,150,41.375000
NEW YORK,2020,149,41.375000
NEW YORK,2020,148,42.250000
NEW YORK,2020,147,42.250000
NEW YORK,2020,146,
NEW YORK,2020,145,
NEW YORK,2020,144,
NEW YORK,2020,143,42.666666
NEW YORK,2020,142,42.666666
NEW YORK,2020,141,42.666666
NEW YORK,2020,140,42.666666
NEW YORK,2020,139,44.500000
NEW YORK,2020,138,
NEW YORK,2020,137,
NEW YORK,2020,136,44.500000
NEW YORK,2020,135,44.500000
NEW YORK,2020,134,44.500000
NEW YORK,2020,133,44.500000
NEW YORK,2020,132,44.500000
NEW YORK,2020,131,
NEW YORK,2020,130,
NEW YORK,2020,129,44.500000
NEW YORK,2020,128,44.500000
NEW YORK,2020,127,44.500000
NEW YORK,2020,126,44.500000
NEW YORK,2020,125,45.500000
NEW YORK,2020,124,
NEW YORK,2020,123,
NEW YORK,2020,122,50.000000
NEW YORK,2020,121,50.000000
NEW YORK,2020,120,41.000000
NEW YORK,2020,119,41.000000
NEW YORK,2020,118,41.000000
NEW YORK,2020,117,
NEW YORK,2020,116,
NEW YORK,2020,115,
NEW YORK,2020,114,
NEW YORK,2020,113,
NEW YORK,2020,112,
NEW YORK,2020,111,
NEW YORK,2020,110,
NEW YORK,2020,109,
NEW YORK,2020,108,45.000000
NEW YORK,2020,107,45.000000
NEW YORK,2020,106,45.000000
NEW YORK,2020,105,45.000000
NEW YORK,2020,104,
NEW YORK,2020,103,
NEW YORK,2020,102,
NEW YORK,2020,101,37.000000
NEW YORK,2020,100,37.000000
NEW YORK,2020,99,37.000000
NEW YORK,2020,98,37.000000
NEW YORK,2020,97,37.000000
NEW YORK,2020,96,
NEW YORK,2020,95,
NEW YORK,2020,94,
NEW YORK,2020,93,
NEW YORK,2020,92,
NEW YORK,2020,91,36.000000
NEW YORK,2020,90,36.000000
NEW YORK,2020,89,
NEW YORK,2020,88,
NEW YORK,2020,87,33.500000
NEW YORK,2020,86,33.500000
NEW YORK,2020,85,33.500000
NEW YORK,2020,84,33.500000
NEW YORK,2020,83,32.500000
NEW YORK,2020,82,
NEW YORK,2020,81,
NEW YORK,2020,80,32.500000
NEW YORK,2020,79,32.500000
NEW YORK,2020,78,48.250000
NEW YORK,2020,77,48.250000
NEW YORK,2020,76,62.500000
NEW YORK,2020,75,
NEW YORK,2020,74,
NEW YORK,2020,73,50.000000
NEW YORK,2020,72,42.833333
NEW YORK,2020,71,42.833333
NEW YORK,2020,70,42.500000
NEW YORK,2020,69,62.500000
NEW YORK,2020,68,
NEW YORK,2020,67,
NEW YORK,2020,66,62.500000
NEW YORK,2020,65,62.500000
NEW YORK,2020,64,62.500000
NEW YORK,2020,63,62.500000
NEW YORK,2020,62,46.250000
NEW YORK,2020,61,
NEW YORK,2020,60,
NEW YORK,2020,59,46.250000
NEW YORK,2020,58,46.250000
NEW YORK,2020,57,46.250000
NEW YORK,2020,56,46.250000
NEW YORK,2020,55,46.250000
NEW YORK,2020,54,
NEW YORK,2020,53,
NEW YORK,2020,52,49.750000
NEW YORK,2020,51,49.750000
NEW YORK,2020,50,36.000000
NEW YORK,2020,49,36.000000
NEW YORK,2020,48,
NEW YORK,2020,47,
NEW YORK,2020,46,
NEW YORK,2020,45,
NEW YORK,2020,44,
NEW YORK,2020,43,
NEW YORK,2020,42,
NEW YORK,2020,41,
NEW YORK,2020,40,
NEW YORK,2020,39,
NEW YORK,2020,38,32.000000
NEW YORK,2020,37,32.000000
NEW YORK,2020,36,32.000000
NEW YORK,2020,35,32.000000
NEW YORK,2020,34,23.000000
NEW YORK,2020,33,
NEW YORK,2020,32,
NEW YORK,2020,31,14.000000
NEW YORK,2020,30,14.000000
NEW YORK,2020,29,14.000000
NEW YORK,2020,28,14.000000
NEW YORK,2020,27,14.000000
NEW YORK,2020,26,
NEW YORK,2020,25,
NEW YORK,2020,24,24.333333
NEW YORK,2020,23,24.333333
NEW YORK,2020,22,24.333333
NEW YORK,2020,21,24.333333
NEW YORK,2020,20,
NEW YORK,2020,19,
NEW YORK,2020,18,
NEW YORK,2020,17,16.500000
NEW YORK,2020,16,16.500000
NEW YORK,2020,15,20.000000
NEW YORK,2020,14,20.000000
NEW YORK,2020,13,20.000000
NEW YORK,2020,12,
NEW YORK,2020,11,
NEW YORK,2020,10,20.000000
NEW YORK,2020,9,20.000000
NEW YORK,2020,8,20.000000
NEW YORK,2020,7,20.000000
NEW YORK,2020,6,22.000000
NEW YORK,2020,5,
NEW YORK,2020,4,
NEW YORK,2020,3,22.000000
NEW YORK,2020,2,22.000000
PHILADELPHIA,2020,366,23.333333
PHILADELPHIA,2020,365,23.333333
PHILADELPHIA,2020,364,23.333333
PHILADELPHIA,2020,363,23.333333
PHILADELPHIA,2020,362,
PHILADELPHIA,2020,361,
PHILADELPHIA,2020,360,
PHILADELPHIA,2020,359,
PHILADELPHIA,2020,358,23.333333
PHILADELPHIA,2020,357,23.333333
PHILADELPHIA,2020,356,23.333333
PHILADELPHIA,2020,355,
PHILADELPHIA,2020,354,
PHILADELPHIA,2020,353,23.166666
PHILADELPHIA,2020,352,23.166666
PHILADELPHIA,2020,351,23.166666
PHILADELPHIA,2020,350,23.166666
PHILADELPHIA,2020,349,23.166666
PHILADELPHIA,2020,348,
PHILADELPHIA,2020,347,
PHILADELPHIA,2020,346,26.333333
PHILADELPHIA,2020,345,26.333333
PHILADELPHIA,2020,344,26.333333
PHILADELPHIA,2020,343,26.333333
PHILADELPHIA,2020,342,26.333333
PHILADELPHIA,2020,341,
PHILADELPHIA,2020,340,
PHILADELPHIA,2020,339,22.750000
PHILADELPHIA,2020,338,22.750000
PHILADELPHIA,2020,337,22.750000
PHILADELPHIA,2020,336,22.750000
PHILADELPHIA,2020,335,23.250000
PHILADELPHIA,2020,334,
PHILADELPHIA,2020,333,
PHILADELPHIA,2020,332,
PHILADELPHIA,2020,331,
PHILADELPHIA,2020,330,23.666666
PHILADELPHIA,2020,329,23.666666
PHILADELPHIA,2020,328,23.666666
PHILADELPHIA,2020,327,
PHILADELPHIA,2020,326,
PHILADELPHIA,2020,325,24.333333
PHILADELPHIA,2020,324,24.333333
PHILADELPHIA,2020,323,24.333333
PHILADELPHIA,2020,322,24.333333
PHILADELPHIA,2020,321,24.333333
PHILADELPHIA,2020,320,
PHILADELPHIA,2020,319,
PHILADELPHIA,2020,318,22.375000
PHILADELPHIA,2020,317,22.375000
PHILADELPHIA,2020,316,
PHILADELPHIA,2020,315,21.333333
PHILADELPHIA,2020,314,23.000000
PHILADELPHIA,2020,313,
PHILADELPHIA,2020,312,
PHILADELPHIA,2020,311,24.166666
PHILADELPHIA,2020,310,24.166666
PHILADELPHIA,2020,309,24.166666
PHILADELPHIA,2020,308,24.166666
PHILADELPHIA,2020,307,24.166666
PHILADELPHIA,2020,306,
PHILADELPHIA,2020,305,
PHILADELPHIA,2020,304,26.000000
PHILADELPHIA,2020,303,29.000000
PHILADELPHIA,2020,302,29.000000
PHILADELPHIA,2020,301,29.000000
PHILADELPHIA,2020,300,29.000000
PHILADELPHIA,2020,299,
PHILADELPHIA,2020,298,
PHILADELPHIA,2020,297,35.000000
PHILADELPHIA,2020,296,35.000000
PHILADELPHIA,2020,295,35.000000
PHILADELPHIA,2020,294,34.000000
PHILADELPHIA,2020,293,36.000000
PHILADELPHIA,2020,292,
PHILADELPHIA,2020,291,
PHILADELPHIA,2020,290,33.750000
PHILADELPHIA,2020,289,33.750000
PHILADELPHIA,2020,288,29.500000
PHILADELPHIA,2020,287,29.500000
PHILADELPHIA,2020,286,
PHILADELPHIA,2020,285,
PHILADELPHIA,2020,284,
PHILADELPHIA,2020,283,30.000000
PHILADELPHIA,2020,282,30.000000
PHILADELPHIA,2020,281,30.000000
PHILADELPHIA,2020,280,30.000000
PHILADELPHIA,2020,279,30.000000
PHILADELPHIA,2020,278,
PHILADELPHIA,2020,277,
PHILADELPHIA,2020,276,32.500000
PHILADELPHIA,2020,275,30.000000
PHILADELPHIA,2020,274,30.000000
PHILADELPHIA,2020,273,30.000000
PHILADELPHIA,2020,272,30.000000
PHILADELPHIA,2020,271,
PHILADELPHIA,2020,270,
PHILADELPHIA,2020,269,30.500000
PHILADELPHIA,2020,268,32.000000
PHILADELPHIA,2020,267,32.000000
PHILADELPHIA,2020,266,32.000000
PHILADELPHIA,2020,265,32.000000
PHILADELPHIA,2020,264,
PHILADELPHIA,2020,263,
PHILADELPHIA,2020,262,29.000000
PHILADELPHIA,2020,261,29.000000
PHILADELPHIA,2020,260,29.000000
PHILADELPHIA,2020,259,29.000000
PHILADELPHIA,2020,258,31.000000
PHILADELPHIA,2020,257,
PHILADELPHIA,2020,256,
PHILADELPHIA,2020,255,31.000000
PHILADELPHIA,2020,254,31.000000
PHILADELPHIA,2020,253,31.000000
PHILADELPHIA,2020,252,23.000000
PHILADELPHIA,2020,251,
PHILADELPHIA,2020,250,
PHILADELPHIA,2020,249,
PHILADELPHIA,2020,248,17.500000
PHILADELPHIA,2020,247,17.500000
PHILADELPHIA,2020,246,17.500000
PHILADELPHIA,2020,245,17.500000
PHILADELPHIA,2020,244,17.500000
PHILADELPHIA,2020,243,
PHILADELPHIA,2020,242,
PHILADELPHIA,2020,241,23.000000
PHILADELPHIA,2020,240,23.000000
PHILADELPHIA,2020,239,23.000000
PHILADELPHIA,2020,238,23.000000
PHILADELPHIA,2020,237,23.000000
PHILADELPHIA,2020,236,
PHILADELPHIA,2020,235,
PHILADELPHIA,2020,234,25.000000
PHILADELPHIA,2020,233,25.000000
PHILADELPHIA,2020,232,25.000000
PHILADELPHIA,2020,231,25.000000
PHILADELPHIA,2020,230,25.000000
PHILADELPHIA,2020,229,
PHILADELPHIA,2020,228,
PHILADELPHIA,2020,227,25.000000
PHILADELPHIA,2020,226,25.000000
PHILADELPHIA,2020,225,25.000000
PHILADELPHIA,2020,224,25.000000
PHILADELPHIA,2020,223,25.500000
PHILADELPHIA,2020,222,
PHILADELPHIA,2020,221,
PHILADELPHIA,2020,220,20.750000
PHILADELPHIA,2020,219,20.750000
PHILADELPHIA,2020,218,20.750000
PHILADELPHIA,2020,217,20.750000
PHILADELPHIA,2020,216,20.750000
PHILADELPHIA,2020,215,
PHILADELPHIA,2020,214,
PHILADELPHIA,2020,213,21.166666
PHILADELPHIA,2020,212,26.750000
PHILADELPHIA,2020,211,26.750000
PHILADELPHIA,2020,210,26.750000
PHILADELPHIA,2020,209,28.000000
PHILADELPHIA,2020,208,
PHILADELPHIA,2020,207,
PHILADELPHIA,2020,206,28.000000
PHILADELPHIA,2020,205,28.000000
PHILADELPHIA,2020,204,
PHILADELPHIA,2020,203,
PHILADELPHIA,2020,202,
PHILADELPHIA,2020,201,
PHILADELPHIA,2020,200,
PHILADELPHIA,2020,199,25.000000
PHILADELPHIA,2020,198,25.000000
PHILADELPHIA,2020,197,31.000000
PHILADELPHIA,2020,196,31.000000
PHILADELPHIA,2020,195,39.000000
PHILADELPHIA,2020,194,
PHILADELPHIA,2020,193,
PHILADELPHIA,2020,192,39.000000
PHILADELPHIA,2020,191,39.000000
PHILADELPHIA,2020,190,39.000000
PHILADELPHIA,2020,189,39.000000
PHILADELPHIA,2020,188,
PHILADELPHIA,2020,187,
PHILADELPHIA,2020,186,
PHILADELPHIA,2020,185,
PHILADELPHIA,2020,184,39.000000
PHILADELPHIA,2020,183,39.000000
PHILADELPHIA,2020,182,38.000000
PHILADELPHIA,2020,181,38.000000
PHILADELPHIA,2020,180,
PHILADELPHIA,2020,179,
PHILADELPHIA,2020,178,38.000000
PHILADELPHIA,2020,177,38.000000
PHILADELPHIA,2020,176,38.000000
PHILADELPHIA,2020,175,38.000000
PHILADELPHIA,2020,174,38.000000
PHILADELPHIA,2020,173,
PHILADELPHIA,2020,172,
PHILADELPHIA,2020,171,31.000000
PHILADELPHIA,2020,170,31.000000
PHILADELPHIA,2020,169,31.000000
PHILADELPHIA,2020,168,30.666666
PHILADELPHIA,2020,167,30.666666
PHILADELPHIA,2020,166,
PHILADELPHIA,2020,165,
PHILADELPHIA,2020,164,37.000000
PHILADELPHIA,2020,163,37.000000
PHILADELPHIA,2020,162,37.000000
PHILADELPHIA,2020,161,37.000000
PHILADELPHIA,2020,160,37.000000
PHILADELPHIA,2020,159,
PHILADELPHIA,2020,158,
PHILADELPHIA,2020,157,35.333333
PHILADELPHIA,2020,156,35.333333
PHILADELPHIA,2020,155,35.333333
PHILADELPHIA,2020,154,36.333333
PHILADELPHIA,2020,153,35.333333
PHILADELPHIA,2020,152,
PHILADELPHIA,2020,151,
PHILADELPHIA,2020,150,42.000000
PHILADELPHIA,2020,149,42.000000
PHILADELPHIA,2020,148,45.000000
PHILADELPHIA,2020,147,45.000000
PHILADELPHIA,2020,146,
PHILADELPHIA,2020,145,
PHILADELPHIA,2020,144,
PHILADELPHIA,2020,143,42.500000
PHILADELPHIA,2020,142,42.500000
PHILADELPHIA,2020,141,42.500000
PHILADELPHIA,2020,140,42.500000
PHILADELPHIA,2020,139,42.500000
PHILADELPHIA,2020,138,
PHILADELPHIA,2020,137,
PHILADELPHIA,2020,136,42.500000
PHILADELPHIA,2020,135,42.500000
PHILADELPHIA,2020,134,42.500000
PHILADELPHIA,2020,133,42.500000
PHILADELPHIA,2020,132,42.500000
PHILADELPHIA,2020,131,
PHILADELPHIA,2020,130,
PHILADELPHIA,2020,129,48.000000
PHILADELPHIA,2020,128,48.000000
PHILADELPHIA,2020,127,48.000000
PHILADELPHIA,2020,126,48.000000
PHILADELPHIA,2020,125,48.000000
PHILADELPHIA,2020,124,
PHILADELPHIA,2020,123,
PHILADELPHIA,2020,122,48.000000
PHILADELPHIA,2020,121,48.000000
PHILADELPHIA,2020,120,48.000000
PHILADELPHIA,2020,119,48.000000
PHILADELPHIA,2020,118,
PHILADELPHIA,2020,117,
PHILADELPHIA,2020,116,
PHILADELPHIA,2020,115,31.250000
PHILADELPHIA,2020,114,31.250000
PHILADELPHIA,2020,113,31.250000
PHILADELPHIA,2020,112,31.250000
PHILADELPHIA,2020,111,29.750000
PHILADELPHIA,2020,110,
PHILADELPHIA,2020,109,
PHILADELPHIA,2020,108,42.500000
PHILADELPHIA,2020,107,42.500000
PHILADELPHIA,2020,106,42.500000
PHILADELPHIA,2020,105,42.500000
PHILADELPHIA,2020,104,
PHILADELPHIA,2020,103,
PHILADELPHIA,2020,102,
PHILADELPHIA,2020,101,42.500000
PHILADELPHIA,2020,100,42.500000
PHILADELPHIA,2020,99,42.500000
PHILADELPHIA,2020,98,42.500000
PHILADELPHIA,2020,97,42.500000
PHILADELPHIA,2020,96,
PHILADELPHIA,2020,95,
PHILADELPHIA,2020,94,42.500000
PHILADELPHIA,2020,93,42.500000
PHILADELPHIA,2020,92,42.500000
PHILADELPHIA,2020,91,42.500000
PHILADELPHIA,2020,90,43.000000
PHILADELPHIA,2020,89,
PHILADELPHIA,2020,88,
PHILADELPHIA,2020,87,37.750000
PHILADELPHIA,2020,86,37.750000
PHILADELPHIA,2020,85,36.500000
PHILADELPHIA,2020,84,36.500000
PHILADELPHIA,2020,83,36.500000
PHILADELPHIA,2020,82,
PHILADELPHIA,2020,81,
PHILADELPHIA,2020,80,33.000000
PHILADELPHIA,2020,79,33.000000
PHILADELPHIA,2020,78,33.000000
PHILADELPHIA,2020,77,33.000000
PHILADELPHIA,2020,76,33.000000
PHILADELPHIA,2020,75,
PHILADELPHIA,2020,74,
PHILADELPHIA,2020,73,32.000000
PHILADELPHIA,2020,72,32.000000
PHILADELPHIA,2020,71,32.000000
PHILADELPHIA,2020,70,32.000000
PHILADELPHIA,2020,69,31.000000
PHILADELPHIA,2020,68,
PHILADELPHIA,2020,67,
PHILADELPHIA,2020,66,31.000000
PHILADELPHIA,2020,65,31.000000
PHILADELPHIA,2020,64,31.000000
PHILADELPHIA,2020,63,31.000000
PHILADELPHIA,2020,62,33.500000
PHILADELPHIA,2020,61,
PHILADELPHIA,2020,60,
PHILADELPHIA,2020,59,38.000000
PHILADELPHIA,2020,58,38.000000
PHILADELPHIA,2020,57,38.000000
PHILADELPHIA,2020,56,38.000000
PHILADELPHIA,2020,55,38.000000
PHILADELPHIA,2020,54,
PHILADELPHIA,2020,53,
PHILADELPHIA,2020,52,34.000000
PHILADELPHIA,2020,51,34.000000
PHILADELPHIA,2020,50,34.000000
PHILADELPHIA,2020,49,35.000000
PHILADELPHIA,2020,48,
PHILADELPHIA,2020,47,
PHILADELPHIA,2020,46,
PHILADELPHIA,2020,45,33.000000
PHILADELPHIA,2020,44,33.000000
PHILADELPHIA,2020,43,33.000000
PHILADELPHIA,2020,42,33.000000
PHILADELPHIA,2020,41,33.000000
PHILADELPHIA,2020,40,
PHILADELPHIA,2020,39,
PHILADELPHIA,2020,38,32.000000
PHILADELPHIA,2020,37,32.000000
PHILADELPHIA,2020,36,33.500000
PHILADELPHIA,2020,35,33.500000
PHILADELPHIA,2020,34,32.000000
PHILADELPHIA,2020,33,
PHILADELPHIA,2020,32,
PHILADELPHIA,2020,31,32.000000
PHILADELPHIA,2020,30,32.000000
PHILADELPHIA,2020,29,32.000000
PHILADELPHIA,2020,28,33.000000
PHILADELPHIA,2020,27,33.000000
PHILADELPHIA,2020,26,
PHILADELPHIA,2020,25,
PHILADELPHIA,2020,24,33.000000
PHILADELPHIA,2020,23,33.000000
PHILADELPHIA,2020,22,33.000000
PHILADELPHIA,2020,21,
PHILADELPHIA,2020,20,
PHILADELPHIA,2020,19,
PHILADELPHIA,2020,18,
PHILADELPHIA,2020,17,25.250000
PHILADELPHIA,2020,16,25.250000
PHILADELPHIA,2020,15,25.250000
PHILADELPHIA,2020,14,35.000000
PHILADELPHIA,2020,13,32.000000
PHILADELPHIA,2020,12,
PHILADELPHIA,2020,11,
PHILADELPHIA,2020,10,32.000000
PHILADELPHIA,2020,9,32.000000
PHILADELPHIA,2020,8,32.000000
PHILADELPHIA,2020,7,32.000000
PHILADELPHIA,2020,6,
PHILADELPHIA,2020,5,
PHILADELPHIA,2020,4,
PHILADELPHIA,2020,3,27.500000
PHILADELPHIA,2020,2,27.500000
BALTIMORE,2019,366,
BALTIMORE,2019,365,22.000000
BALTIMORE,2019,364,22.000000
BALTIMORE,2019,363,
BALTIMORE,2019,362,
BALTIMORE,2019,361,22.000000
BALTIMORE,2019,360,21.000000
BALTIMORE,2019,359,
BALTIMORE,2019,358,
BALTIMORE,2019,357,21.000000
BALTIMORE,2019,356,
BALTIMORE,2019,355,
BALTIMORE,2019,354,24.000000
BALTIMORE,2019,353,24.000000
BALTIMORE,2019,352,24.000000
BALTIMORE,2019,351,24.000000
BALTIMORE,2019,350,24.000000
BALTIMORE,2019,349,
BALTIMORE,2019,348,
BALTIMORE,2019,347,24.000000
BALTIMORE,2019,346,24.000000
BALTIMORE,2019,345,25.000000
BALTIMORE,2019,344,25.000000
BALTIMORE,2019,343,25.000000
BALTIMORE,2019,342,
BALTIMORE,2019,341,
BALTIMORE,2019,340,25.000000
BALTIMORE,2019,339,25.000000
BALTIMORE,2019,338,24.000000
BALTIMORE,2019,337,24.000000
BALTIMORE,2019,336,24.000000
BALTIMORE,2019,335,
BALTIMORE,2019,334,
BALTIMORE,2019,333,23.500000
BALTIMORE,2019,332,
BALTIMORE,2019,331,23.500000
BALTIMORE,2019,330,23.500000
BALTIMORE,2019,329,23.500000
BALTIMORE,2019,328,
BALTIMORE,2019,327,
BALTIMORE,2019,326,17.000000
BALTIMORE,2019,325,17.000000
BALTIMORE,2019,324,17.750000
BALTIMORE,2019,323,16.500000
BALTIMORE,2019,322,16.500000
BALTIMORE,2019,321,
BALTIMORE,2019,320,
BALTIMORE,2019,319,18.000000
BALTIMORE,2019,318,18.000000
BALTIMORE,2019,317,18.000000
BALTIMORE,2019,316,26.000000
BALTIMORE,2019,315,
BALTIMORE,2019,314,
BALTIMORE,2019,313,
BALTIMORE,2019,312,27.000000
BALTIMORE,2019,311,28.500000
BALTIMORE,2019,310,28.500000
BALTIMORE,2019,309,28.500000
BALTIMORE,2019,308,28.500000
BALTIMORE,2019,307,
BALTIMORE,2019,306,
BALTIMORE,2019,305,24.000000
BALTIMORE,2019,304,24.000000
BALTIMORE,2019,303,24.000000
BALTIMORE,2019,302,24.000000
BALTIMORE,2019,301,24.000000
BALTIMORE,2019,300,
BALTIMORE,2019,299,
BALTIMORE,2019,298,24.000000
BALTIMORE,2019,297,23.500000
BALTIMORE,2019,296,23.500000
BALTIMORE,2019,295,23.500000
BALTIMORE,2019,294,22.000000
BALTIMORE,2019,293,
BALTIMORE,2019,292,
BALTIMORE,2019,291,24.000000
BALTIMORE,2019,290,24.000000
BALTIMORE,2019,289,25.000000
BALTIMORE,2019,288,25.000000
BALTIMORE,2019,287,
BALTIMORE,2019,286,
BALTIMORE,2019,285,
BALTIMORE,2019,284,25.000000
BALTIMORE,2019,283,25.000000
BALTIMORE,2019,282,26.000000
BALTIMORE,2019,281,24.500000
BALTIMORE,2019,280,24.500000
BALTIMORE,2019,279,
BALTIMORE,2019,278,
BALTIMORE,2019,277,23.000000
BALTIMORE,2019,276,23.000000
BALTIMORE,2019,275,23.000000
BALTIMORE,2019,274,23.000000
BALTIMORE,2019,273,23.000000
BALTIMORE,2019,272,
BALTIMORE,2019,271,
BALTIMORE,2019,270,23.000000
BALTIMORE,2019,269,23.000000
BALTIMORE,2019,268,23.500000
BALTIMORE,2019,267,23.500000
BALTIMORE,2019,266,23.500000
BALTIMORE,2019,265,
BALTIMORE,2019,264,
BALTIMORE,2019,263,22.500000
BALTIMORE,2019,262,22.500000
BALTIMORE,2019,261,22.500000
BALTIMORE,2019,260,22.500000
BALTIMORE,2019,259,22.500000
BALTIMORE,2019,258,
BALTIMORE,2019,257,
BALTIMORE,2019,256,20.500000
BALTIMORE,2019,255,22.000000
BALTIMORE,2019,254,23.000000
BALTIMORE,2019,253,23.000000
BALTIMORE,2019,252,23.000000
BALTIMORE,2019,251,
BALTIMORE,2019,250,
BALTIMORE,2019,249,23.000000
BALTIMORE,2019,248,18.500000
BALTIMORE,2019,247,18.500000
BALTIMORE,2019,246,16.750000
BALTIMORE,2019,245,
BALTIMORE,2019,244,
BALTIMORE,2019,243,
BALTIMORE,2019,242,16.750000
BALTIMORE,2019,241,16.750000
BALTIMORE,2019,240,17.000000
BALTIMORE,2019,239,17.250000
BALTIMORE,2019,238,16.500000
BALTIMORE,2019,237,
BALTIMORE,2019,236,
BALTIMORE,2019,235,17.250000
BALTIMORE,2019,234,16.500000
BALTIMORE,2019,233,16.500000
BALTIMORE,2019,232,16.500000
BALTIMORE,2019,231,16.500000
BALTIMORE,2019,230,
BALTIMORE,2019,229,
BALTIMORE,2019,228,
BALTIMORE,2019,227,17.000000
BALTIMORE,2019,226,17.000000
BALTIMORE,2019,225,17.000000
BALTIMORE,2019,224,17.000000
BALTIMORE,2019,223,
BALTIMORE,2019,222,
BALTIMORE,2019,221,17.000000
BALTIMORE,2019,220,17.000000
BALTIMORE,2019,219,17.000000
BALTIMORE,2019,218,17.000000
BALTIMORE,2019,217,17.000000
BALTIMORE,2019,216,
BALTIMORE,2019,215,
BALTIMORE,2019,214,17.000000
BALTIMORE,2019,213,17.000000
BALTIMORE,2019,212,20.000000
BALTIMORE,2019,211,20.000000
BALTIMORE,2019,210,20.000000
BALTIMORE,2019,209,
BALTIMORE,2019,208,
BALTIMORE,2019,207,21.000000
BALTIMORE,2019,206,21.000000
BALTIMORE,2019,205,22.250000
BALTIMORE,2019,204,24.000000
BALTIMORE,2019,203,24.000000
BALTIMORE,2019,202,
BALTIMORE,2019,201,
BALTIMORE,2019,200,23.250000
BALTIMORE,2019,199,22.000000
BALTIMORE,2019,198,22.500000
BALTIMORE,2019,197,22.750000
BALTIMORE,2019,196,22.750000
BALTIMORE,2019,195,
BALTIMORE,2019,194,
BALTIMORE,2019,193,22.500000
BALTIMORE,2019,192,22.500000
BALTIMORE,2019,191,22.000000
BALTIMORE,2019,190,22.000000
BALTIMORE,2019,189,24.000000
BALTIMORE,2019,188,
BALTIMORE,2019,187,
BALTIMORE,2019,186,20.000000
BALTIMORE,2019,185,
BALTIMORE,2019,184,21.500000
BALTIMORE,2019,183,21.500000
BALTIMORE,2019,182,21.500000
BALTIMORE,2019,181,
BALTIMORE,2019,180,
BALTIMORE,2019,179,21.500000
BALTIMORE,2019,178,20.500000
BALTIMORE,2019,177,20.500000
BALTIMORE,2019,176,20.500000
BALTIMORE,2019,175,20.500000
BALTIMORE,2019,174,
BALTIMORE,2019,173,
BALTIMORE,2019,172,20.000000
BALTIMORE,2019,171,20.000000
BALTIMORE,2019,170,21.500000
BALTIMORE,2019,169,23.000000
BALTIMORE,2019,168,23.000000
BALTIMORE,2019,167,
BALTIMORE,2019,166,
BALTIMORE,2019,165,24.000000
BALTIMORE,2019,164,23.500000
BALTIMORE,2019,163,21.000000
BALTIMORE,2019,162,21.000000
BALTIMORE,2019,161,21.000000
BALTIMORE,2019,160,
BALTIMORE,2019,159,
BALTIMORE,2019,158,23.000000
BALTIMORE,2019,157,23.000000
BALTIMORE,2019,156,23.000000
BALTIMORE,2019,155,24.250000
BALTIMORE,2019,154,24.250000
BALTIMORE,2019,153,
BALTIMORE,2019,152,
BALTIMORE,2019,151,22.500000
BALTIMORE,2019,150,22.500000
BALTIMORE,2019,149,23.000000
BALTIMORE,2019,148,23.000000
BALTIMORE,2019,147,
BALTIMORE,2019,146,
BALTIMORE,2019,145,
BALTIMORE,2019,144,24.500000
BALTIMORE,2019,143,23.500000
BALTIMORE,2019,142,25.250000
BALTIMORE,2019,141,25.250000
BALTIMORE,2019,140,25.250000
BALTIMORE,2019,139,
BALTIMORE,2019,138,
BALTIMORE,2019,137,23.500000
BALTIMORE,2019,136,23.500000
BALTIMORE,2019,135,24.000000
BALTIMORE,2019,134,24.000000
BALTIMORE,2019,133,24.000000
BALTIMORE,2019,132,
BALTIMORE,2019,131,
BALTIMORE,2019,130,29.250000
BALTIMORE,2019,129,29.500000
BALTIMORE,2019,128,29.500000
BALTIMORE,2019,127,29.500000
BALTIMORE,2019,126,27.000000
BALTIMORE,2019,125,
BALTIMORE,2019,124,
BALTIMORE,2019,123,28.500000
BALTIMORE,2019,122,28.500000
BALTIMORE,2019,121,28.500000
BALTIMORE,2019,120,28.500000
BALTIMORE,2019,119,28.500000
BALTIMORE,2019,118,
BALTIMORE,2019,117,
BALTIMORE,2019,116,28.000000
BALTIMORE,2019,115,28.000000
BALTIMORE,2019,114,25.500000
BALTIMORE,2019,113,22.500000
BALTIMORE,2019,112,20.000000
BALTIMORE,2019,111,
BALTIMORE,2019,110,
BALTIMORE,2019,109,20.000000
BALTIMORE,2019,108,20.000000
BALTIMORE,2019,107,20.000000
BALTIMORE,2019,106,20.000000
BALTIMORE,2019,105,21.500000
BALTIMORE,2019,104,
BALTIMORE,2019,103,
BALTIMORE,2019,102,23.000000
BALTIMORE,2019,101,23.000000
BALTIMORE,2019,100,23.000000
BALTIMORE,2019,99,23.000000
BALTIMORE,2019,98,23.000000
BALTIMORE,2019,97,
BALTIMORE,2019,96,
BALTIMORE,2019,95,23.000000
BALTIMORE,2019,94,23.000000
BALTIMORE,2019,93,23.000000
BALTIMORE,2019,92,23.000000
BALTIMORE,2019,91,23.000000
BALTIMORE,2019,90,
BALTIMORE,2019,89,
BALTIMORE,2019,88,23.000000
BALTIMORE,2019,87,23.000000
BALTIMORE,2019,86,22.500000
BALTIMORE,2019,85,22.500000
BALTIMORE,2019,84,22.000000
BALTIMORE,2019,83,
BALTIMORE,2019,82,
BALTIMORE,2019,81,22.000000
BALTIMORE,2019,80,22.000000
BALTIMORE,2019,79,22.000000
BALTIMORE,2019,78,22.500000
BALTIMORE,2019,77,22.500000
BALTIMORE,2019,76,
BALTIMORE,2019,75,
BALTIMORE,2019,74,29.000000
BALTIMORE,2019,73,29.000000
BALTIMORE,2019,72,29.000000
BALTIMORE,2019,71,29.000000
BALTIMORE,2019,70,29.000000
BALTIMORE,2019,69,
BALTIMORE,2019,68,
BALTIMORE,2019,67,29.000000
BALTIMORE,2019,66,29.000000
BALTIMORE,2019,65,26.750000
BALTIMORE,2019,64,26.750000
BALTIMORE,2019,63,28.500000
BALTIMORE,2019,62,
BALTIMORE,2019,61,
BALTIMORE,2019,60,37.500000
BALTIMORE,2019,59,37.500000
BALTIMORE,2019,58,37.500000
BALTIMORE,2019,57,37.500000
BALTIMORE,2019,56,37.500000
BALTIMORE,2019,55,
BALTIMORE,2019,54,
BALTIMORE,2019,53,37.500000
BALTIMORE,2019,52,37.500000
BALTIMORE,2019,51,37.500000
BALTIMORE,2019,50,37.500000
BALTIMORE,2019,49,
BALTIMORE,2019,48,
BALTIMORE,2019,47,
BALTIMORE,2019,46,
BALTIMORE,2019,45,44.000000
BALTIMORE,2019,44,44.000000
BALTIMORE,2019,43,44.000000
BALTIMORE,2019,42,42.500000
BALTIMORE,2019,41,
BALTIMORE,2019,40,
BALTIMORE,2019,39,39.000000
BALTIMORE,2019,38,39.000000
BALTIMORE,2019,37,39.000000
BALTIMORE,2019,36,39.500000
BALTIMORE,2019,35,39.500000
BALTIMORE,2019,34,
BALTIMORE,2019,33,
BALTIMORE,2019,32,46.500000
BALTIMORE,2019,31,51.500000
BALTIMORE,2019,30,55.000000
BALTIMORE,2019,29,61.500000
BALTIMORE,2019,28,63.500000
BALTIMORE,2019,27,
BALTIMORE,2019,26,
BALTIMORE,2019,25,79.500000
BALTIMORE,2019,24,79.500000
BALTIMORE,2019,23,84.000000
BALTIMORE,2019,22,84.000000
BALTIMORE,2019,21,
BALTIMORE,2019,20,
BALTIMORE,2019,19,
BALTIMORE,2019,18,88.000000
BALTIMORE,2019,17,89.000000
BALTIMORE,2019,16,89.000000
BALTIMORE,2019,15,82.500000
BALTIMORE,2019,14,82.000000
BALTIMORE,2019,13,
BALTIMORE,2019,12,
BALTIMORE,2019,11,78.250000
BALTIMORE,2019,10,78.250000
BALTIMORE,2019,9,85.000000
BALTIMORE,2019,8,92.000000
BALTIMORE,2019,7,51.500000
BALTIMORE,2019,6,
BALTIMORE,2019,5,
BALTIMORE,2019,4,73.000000
BALTIMORE,2019,3,67.833333
BALTIMORE,2019,2,73.000000
BOSTON,2019,366,
BOSTON,2019,365,17.500000
BOSTON,2019,364,20.000000
BOSTON,2019,363,
BOSTON,2019,362,
BOSTON,2019,361,20.000000
BOSTON,2019,360,20.000000
BOSTON,2019,359,
BOSTON,2019,358,
BOSTON,2019,357,17.500000
BOSTON,2019,356,
BOSTON,2019,355,
BOSTON,2019,354,17.500000
BOSTON,2019,353,17.500000
BOSTON,2019,352,17.500000
BOSTON,2019,351,17.500000
BOSTON,2019,350,17.500000
BOSTON,2019,349,
BOSTON,2019,348,
BOSTON,2019,347,22.500000
BOSTON,2019,346,22.500000
BOSTON,2019,345,24.500000
BOSTON,2019,344,24.500000
BOSTON,2019,343,24.500000
BOSTON,2019,342,
BOSTON,2019,341,
BOSTON,2019,340,24.500000
BOSTON,2019,339,24.500000
BOSTON,2019,338,24.500000
BOSTON,2019,337,24.500000
BOSTON,2019,336,24.500000
BOSTON,2019,335,
BOSTON,2019,334,
BOSTON,2019,333,24.500000
BOSTON,2019,332,
BOSTON,2019,331,24.500000
BOSTON,2019,330,24.500000
BOSTON,2019,329,24.500000
BOSTON,2019,328,
BOSTON,2019,327,
BOSTON,2019,326,24.500000
BOSTON,2019,325,19.000000
BOSTON,2019,324,19.000000
BOSTON,2019,323,19.000000
BOSTON,2019,322,19.000000
BOSTON,2019,321,
BOSTON,2019,320,
BOSTON,2019,319,19.000000
BOSTON,2019,318,19.000000
BOSTON,2019,317,19.000000
BOSTON,2019,316,19.000000
BOSTON,2019,315,
BOSTON,2019,314,
BOSTON,2019,313,
BOSTON,2019,312,19.000000
BOSTON,2019,311,19.000000
BOSTON,2019,310,19.000000
BOSTON,2019,309,19.000000
BOSTON,2019,308,19.000000
BOSTON,2019,307,
BOSTON,2019,306,
BOSTON,2019,305,19.000000
BOSTON,2019,304,19.000000
BOSTON,2019,303,19.000000
BOSTON,2019,302,19.000000
BOSTON,2019,301,19.000000
BOSTON,2019,300,
BOSTON,2019,299,
BOSTON,2019,298,19.000000
BOSTON,2019,297,19.000000
BOSTON,2019,296,19.000000
BOSTON,2019,295,19.000000
BOSTON,2019,294,19.000000
BOSTON,2019,293,
BOSTON,2019,292,
BOSTON,2019,291,19.000000
BOSTON,2019,290,19.000000
BOSTON,2019,289,19.000000
BOSTON,2019,288,19.000000
BOSTON,2019,287,
BOSTON,2019,286,
BOSTON,2019,285,
BOSTON,2019,284,19.000000
BOSTON,2019,283,19.000000
BOSTON,2019,282,19.000000
BOSTON,2019,281,19.000000
BOSTON,2019,280,19.000000
BOSTON,2019,279,
BOSTON,2019,278,
BOSTON,2019,277,19.000000
BOSTON,2019,276,19.000000
BOSTON,2019,275,19.000000
BOSTON,2019,274,19.000000
BOSTON,2019,273,19.000000
BOSTON,2019,272,
BOSTON,2019,271,
BOSTON,2019,270,19.000000
BOSTON,2019,269,19.000000
BOSTON,2019,268,19.000000
BOSTON,2019,267,20.000000
BOSTON,2019,266,20.000000
BOSTON,2019,265,
BOSTON,2019,264,
BOSTON,2019,263,20.000000
BOSTON,2019,262,20.000000
BOSTON,2019,261,20.000000
BOSTON,2019,260,20.000000
BOSTON,2019,259,20.000000
BOSTON,2019,258,
BOSTON,2019,257,
BOSTON,2019,256,20.000000
BOSTON,2019,255,20.000000
BOSTON,2019,254,20.000000
BOSTON,2019,253,20.000000
BOSTON,2019,252,20.000000
BOSTON,2019,251,
BOSTON,2019,250,
BOSTON,2019,249,20.000000
BOSTON,2019,248,20.000000
BOSTON,2019,247,20.000000
BOSTON,2019,246,20.000000
BOSTON,2019,245,
BOSTON,2019,244,
BOSTON,2019,243,
BOSTON,2019,242,20.000000
BOSTON,2019,241,20.000000
BOSTON,2019,240,20.000000
BOSTON,2019,239,20.000000
BOSTON,2019,238,20.000000
BOSTON,2019,237,
BOSTON,2019,236,
BOSTON,2019,235,30.000000
BOSTON,2019,234,30.000000
BOSTON,2019,233,30.000000
BOSTON,2019,232,30.000000
BOSTON,2019,231,30.000000
BOSTON,2019,230,
BOSTON,2019,229,
BOSTON,2019,228,
BOSTON,2019,227,
BOSTON,2019,226,30.000000
BOSTON,2019,225,30.000000
BOSTON,2019,224,30.000000
BOSTON,2019,223,
BOSTON,2019,222,
BOSTON,2019,221,30.000000
BOSTON,2019,220,30.000000
BOSTON,2019,219,30.000000
BOSTON,2019,218,30.000000
BOSTON,2019,217,30.000000
BOSTON,2019,216,
BOSTON,2019,215,
BOSTON,2019,214,30.000000
BOSTON,2019,213,30.000000
BOSTON,2019,212,30.000000
BOSTON,2019,211,30.000000
BOSTON,2019,210,30.000000
BOSTON,2019,209,
BOSTON,2019,208,
BOSTON,2019,207,30.000000
BOSTON,2019,206,30.000000
BOSTON,2019,205,30.000000
BOSTON,2019,204,30.000000
BOSTON,2019,203,30.000000
BOSTON,2019,202,
BOSTON,2019,201,
BOSTON,2019,200,30.000000
BOSTON,2019,199,30.000000
BOSTON,2019,198,30.000000
BOSTON,2019,197,30.000000
BOSTON,2019,196,30.000000
BOSTON,2019,195,
BOSTON,2019,194,
BOSTON,2019,193,30.000000
BOSTON,2019,192,30.000000
BOSTON,2019,191,30.000000
BOSTON,2019,190,30.000000
BOSTON,2019,189,30.000000
BOSTON,2019,188,
BOSTON,2019,187,
BOSTON,2019,186,30.000000
BOSTON,2019,185,
BOSTON,2019,184,30.000000
BOSTON,2019,183,30.000000
BOSTON,2019,182,30.000000
BOSTON,2019,181,
BOSTON,2019,180,
BOSTON,2019,179,30.000000
BOSTON,2019,178,30.000000
BOSTON,2019,177,30.000000
BOSTON,2019,176,30.000000
BOSTON,2019,175,30.000000
BOSTON,2019,174,
BOSTON,2019,173,
BOSTON,2019,172,30.000000
BOSTON,2019,171,30.000000
BOSTON,2019,170,30.000000
BOSTON,2019,169,30.000000
BOSTON,2019,168,30.000000
BOSTON,2019,167,
BOSTON,2019,166,
BOSTON,2019,165,30.000000
BOSTON,2019,164,30.000000
BOSTON,2019,163,30.000000
BOSTON,2019,162,30.000000
BOSTON,2019,161,30.000000
BOSTON,2019,160,
BOSTON,2019,159,
BOSTON,2019,158,30.000000
BOSTON,2019,157,30.000000
BOSTON,2019,156,30.000000
BOSTON,2019,155,30.000000
BOSTON,2019,154,30.000000
BOSTON,2019,153,
BOSTON,2019,152,
BOSTON,2019,151,30.000000
BOSTON,2019,150,30.000000
BOSTON,2019,149,30.000000
BOSTON,2019,148,30.000000
BOSTON,2019,147,
BOSTON,2019,146,
BOSTON,2019,145,
BOSTON,2019,144,30.000000
BOSTON,2019,143,30.000000
BOSTON,2019,142,30.000000
BOSTON,2019,141,30.000000
BOSTON,2019,140,30.000000
BOSTON,2019,139,
BOSTON,2019,138,
BOSTON,2019,137,30.000000
BOSTON,2019,136,30.000000
BOSTON,2019,135,30.000000
BOSTON,2019,134,30.000000
BOSTON,2019,133,30.000000
BOSTON,2019,132,
BOSTON,2019,131,
BOSTON,2019,130,30.000000
BOSTON,2019,129,27.000000
BOSTON,2019,128,27.000000
BOSTON,2019,127,27.000000
BOSTON,2019,126,27.000000
BOSTON,2019,125,
BOSTON,2019,124,
BOSTON,2019,123,27.000000
BOSTON,2019,122,27.000000
BOSTON,2019,121,27.000000
BOSTON,2019,120,27.000000
BOSTON,2019,119,27.000000
BOSTON,2019,118,
BOSTON,2019,117,
BOSTON,2019,116,27.000000
BOSTON,2019,115,27.000000
BOSTON,2019,114,27.000000
BOSTON,2019,113,27.000000
BOSTON,2019,112,27.000000
BOSTON,2019,111,
BOSTON,2019,110,
BOSTON,2019,109,27.000000
BOSTON,2019,108,27.000000
BOSTON,2019,107,27.000000
BOSTON,2019,106,27.000000
BOSTON,2019,105,27.000000
BOSTON,2019,104,
BOSTON,2019,103,
BOSTON,2019,102,27.000000
BOSTON,2019,101,27.000000
BOSTON,2019,100,27.000000
BOSTON,2019,99,27.000000
BOSTON,2019,98,27.000000
BOSTON,2019,97,
BOSTON,2019,96,
BOSTON,2019,95,27.000000
BOSTON,2019,94,27.000000
BOSTON,2019,93,27.000000
BOSTON,2019,92,27.000000
BOSTON,2019,91,27.000000
BOSTON,2019,90,
BOSTON,2019,89,
BOSTON,2019,88,27.000000
BOSTON,2019,87,27.000000
BOSTON,2019,86,27.000000
BOSTON,2019,85,27.000000
BOSTON,2019,84,27.000000
BOSTON,2019,83,
BOSTON,2019,82,
BOSTON,2019,81,27.000000
BOSTON,2019,80,29.000000
BOSTON,2019,79,29.000000
BOSTON,2019,78,29.000000
BOSTON,2019,77,29.000000
BOSTON,2019,76,
BOSTON,2019,75,
BOSTON,2019,74,29.000000
BOSTON,2019,73,29.000000
BOSTON,2019,72,29.000000
BOSTON,2019,71,29.000000
BOSTON,2019,70,29.000000
BOSTON,2019,69,
BOSTON,2019,68,
BOSTON,2019,67,29.000000
BOSTON,2019,66,29.000000
BOSTON,2019,65,29.000000
BOSTON,2019,64,29.000000
BOSTON,2019,63,29.000000
BOSTON,2019,62,
BOSTON,2019,61,
BOSTON,2019,60,29.000000
BOSTON,2019,59,29.000000
BOSTON,2019,58,29.000000
BOSTON,2019,57,29.000000
BOSTON,2019,56,29.000000
BOSTON,2019,55,
BOSTON,2019,54,
BOSTON,2019,53,29.000000
BOSTON,2019,52,29.000000
BOSTON,2019,51,29.000000
BOSTON,2019,50,29.000000
BOSTON,2019,49,
BOSTON,2019,48,
BOSTON,2019,47,
BOSTON,2019,46,29.000000
BOSTON,2019,45,29.000000
BOSTON,2019,44,29.000000
BOSTON,2019,43,29.000000
BOSTON,2019,42,29.000000
BOSTON,2019,41,
BOSTON,2019,40,
BOSTON,2019,39,29.000000
BOSTON,2019,38,29.000000
BOSTON,2019,37,29.000000
BOSTON,2019,36,29.000000
BOSTON,2019,35,29.000000
BOSTON,2019,34,
BOSTON,2019,33,
BOSTON,2019,32,29.000000
BOSTON,2019,31,29.000000
BOSTON,2019,30,29.000000
BOSTON,2019,29,29.000000
BOSTON,2019,28,29.000000
BOSTON,2019,27,
BOSTON,2019,26,
BOSTON,2019,25,29.000000
BOSTON,2019,24,29.000000
BOSTON,2019,23,29.000000
BOSTON,2019,22,28.000000
BOSTON,2019,21,
BOSTON,2019,20,
BOSTON,2019,19,
BOSTON,2019,18,28.000000
BOSTON,2019,17,28.000000
BOSTON,2019,16,28.000000
BOSTON,2019,15,28.000000
BOSTON,2019,14,28.000000
BOSTON,2019,13,
BOSTON,2019,12,
BOSTON,2019,11,28.000000
BOSTON,2019,10,28.000000
BOSTON,2019,9,28.000000
BOSTON,2019,8,28.000000
BOSTON,2019,7,24.000000
BOSTON,2019,6,
BOSTON,2019,5,
BOSTON,2019,4,24.000000
BOSTON,2019,3,24.000000
BOSTON,2019,2,24.000000
CHICAGO,2019,366,
CHICAGO,2019,365,26.500000
CHICAGO,2019,364,26.500000
CHICAGO,2019,363,
CHICAGO,2019,362,
CHICAGO,2019,361,26.500000
CHICAGO,2019,360,
CHICAGO,2019,359,
CHICAGO,2019,358,
CHICAGO,2019,357,26.500000
CHICAGO,2019,356,
CHICAGO,2019,355,
CHICAGO,2019,354,26.500000
CHICAGO,2019,353,
CHICAGO,2019,352,26.500000
CHICAGO,2019,351,
CHICAGO,2019,350,26.500000
CHICAGO,2019,349,
CHICAGO,2019,348,
CHICAGO,2019,347,26.500000
CHICAGO,2019,346,26.500000
CHICAGO,2019,345,26.500000
CHICAGO,2019,344,26.500000
CHICAGO,2019,343,26.500000
CHICAGO,2019,342,
CHICAGO,2019,341,
CHICAGO,2019,340,26.500000
CHICAGO,2019,339,26.500000
CHICAGO,2019,338,26.500000
CHICAGO,2019,337,26.500000
CHICAGO,2019,336,26.500000
CHICAGO,2019,335,
CHICAGO,2019,334,
CHICAGO,2019,333,26.500000
CHICAGO,2019,332,
CHICAGO,2019,331,26.500000
CHICAGO,2019,330,26.500000
CHICAGO,2019,329,26.500000
CHICAGO,2019,328,
CHICAGO,2019,327,
CHICAGO,2019,326,26.500000
CHICAGO,2019,325,26.500000
CHICAGO,2019,324,26.500000
CHICAGO,2019,323,26.500000
CHICAGO,2019,322,26.500000
CHICAGO,2019,321,
CHICAGO,2019,320,
CHICAGO,2019,319,26.500000
CHICAGO,2019,318,26.500000
CHICAGO,2019,317,22.500000
CHICAGO,2019,316,22.500000
CHICAGO,2019,315,
CHICAGO,2019,314,
CHICAGO,2019,313,
CHICAGO,2019,312,22.500000
CHICAGO,2019,311,22.500000
CHICAGO,2019,310,22.500000
CHICAGO,2019,309,22.500000
CHICAGO,2019,308,22.500000
CHICAGO,2019,307,
CHICAGO,2019,306,
CHICAGO,2019,305,22.500000
CHICAGO,2019,304,22.500000
CHICAGO,2019,303,22.500000
CHICAGO,2019,302,22.500000
CHICAGO,2019,301,22.500000
CHICAGO,2019,300,
CHICAGO,2019,299,
CHICAGO,2019,298,22.500000
CHICAGO,2019,297,22.500000
CHICAGO,2019,296,22.500000
CHICAGO,2019,295,22.500000
CHICAGO,2019,294,22.500000
CHICAGO,2019,293,
CHICAGO,2019,292,
CHICAGO,2019,291,22.500000
CHICAGO,2019,290,21.833333
CHICAGO,2019,289,21.833333
CHICAGO,2019,288,21.833333
CHICAGO,2019,287,
CHICAGO,2019,286,
CHICAGO,2019,285,
CHICAGO,2019,284,21.833333
CHICAGO,2019,283,21.833333
CHICAGO,2019,282,21.833333
CHICAGO,2019,281,23.428571
CHICAGO,2019,280,23.428571
CHICAGO,2019,279,
CHICAGO,2019,278,
CHICAGO,2019,277,23.428571
CHICAGO,2019,276,23.428571
CHICAGO,2019,275,23.428571
CHICAGO,2019,274,23.428571
CHICAGO,2019,273,23.428571
CHICAGO,2019,272,
CHICAGO,2019,271,
CHICAGO,2019,270,23.428571
CHICAGO,2019,269,23.428571
CHICAGO,2019,268,23.428571
CHICAGO,2019,267,23.428571
CHICAGO,2019,266,23.428571
CHICAGO,2019,265,
CHICAGO,2019,264,
CHICAGO,2019,263,23.428571
CHICAGO,2019,262,23.428571
CHICAGO,2019,261,23.428571
CHICAGO,2019,260,23.000000
CHICAGO,2019,259,23.000000
CHICAGO,2019,258,
CHICAGO,2019,257,
CHICAGO,2019,256,23.000000
CHICAGO,2019,255,23.000000
CHICAGO,2019,254,23.000000
CHICAGO,2019,253,23.000000
CHICAGO,2019,252,23.000000
CHICAGO,2019,251,
CHICAGO,2019,250,
CHICAGO,2019,249,23.000000
CHICAGO,2019,248,
CHICAGO,2019,247,23.000000
CHICAGO,2019,246,
CHICAGO,2019,245,
CHICAGO,2019,244,
CHICAGO,2019,243,
CHICAGO,2019,242,23.000000
CHICAGO,2019,241,23.000000
CHICAGO,2019,240,23.000000
CHICAGO,2019,239,23.833333
CHICAGO,2019,238,24.000000
CHICAGO,2019,237,
CHICAGO,2019,236,
CHICAGO,2019,235,24.500000
CHICAGO,2019,234,24.500000
CHICAGO,2019,233,24.500000
CHICAGO,2019,232,23.333333
CHICAGO,2019,231,23.333333
CHICAGO,2019,230,
CHICAGO,2019,229,
CHICAGO,2019,228,
CHICAGO,2019,227,
CHICAGO,2019,226,23.333333
CHICAGO,2019,225,
CHICAGO,2019,224,26.500000
CHICAGO,2019,223,
CHICAGO,2019,222,
CHICAGO,2019,221,26.500000
CHICAGO,2019,220,
CHICAGO,2019,219,26.500000
CHICAGO,2019,218,
CHICAGO,2019,217,21.500000
CHICAGO,2019,216,
CHICAGO,2019,215,
CHICAGO,2019,214,21.500000
CHICAGO,2019,213,
CHICAGO,2019,212,21.500000
CHICAGO,2019,211,
CHICAGO,2019,210,21.500000
CHICAGO,2019,209,
CHICAGO,2019,208,
CHICAGO,2019,207,21.500000
CHICAGO,2019,206,
CHICAGO,2019,205,21.500000
CHICAGO,2019,204,
CHICAGO,2019,203,21.500000
CHICAGO,2019,202,
CHICAGO,2019,201,
CHICAGO,2019,200,21.250000
CHICAGO,2019,199,
CHICAGO,2019,198,21.250000
CHICAGO,2019,197,
CHICAGO,2019,196,21.250000
CHICAGO,2019,195,
CHICAGO,2019,194,
CHICAGO,2019,193,21.250000
CHICAGO,2019,192,
CHICAGO,2019,191,20.875000
CHICAGO,2019,190,
CHICAGO,2019,189,19.500000
CHICAGO,2019,188,
CHICAGO,2019,187,
CHICAGO,2019,186,19.500000
CHICAGO,2019,185,
CHICAGO,2019,184,19.500000
CHICAGO,2019,183,
CHICAGO,2019,182,19.500000
CHICAGO,2019,181,
CHICAGO,2019,180,
CHICAGO,2019,179,19.500000
CHICAGO,2019,178,
CHICAGO,2019,177,19.500000
CHICAGO,2019,176,
CHICAGO,2019,175,16.250000
CHICAGO,2019,174,
CHICAGO,2019,173,
CHICAGO,2019,172,20.500000
CHICAGO,2019,171,
CHICAGO,2019,170,26.250000
CHICAGO,2019,169,
CHICAGO,2019,168,26.250000
CHICAGO,2019,167,
CHICAGO,2019,166,
CHICAGO,2019,165,26.250000
CHICAGO,2019,164,
CHICAGO,2019,163,26.250000
CHICAGO,2019,162,
CHICAGO,2019,161,26.250000
CHICAGO,2019,160,
CHICAGO,2019,159,
CHICAGO,2019,158,26.250000
CHICAGO,2019,157,
CHICAGO,2019,156,26.250000
CHICAGO,2019,155,
CHICAGO,2019,154,26.250000
CHICAGO,2019,153,
CHICAGO,2019,152,
CHICAGO,2019,151,26.250000
CHICAGO,2019,150,
CHICAGO,2019,149,26.250000
CHICAGO,2019,148,
CHICAGO,2019,147,
CHICAGO,2019,146,
CHICAGO,2019,145,
CHICAGO,2019,144,26.250000
CHICAGO,2019,143,
CHICAGO,2019,142,26.250000
CHICAGO,2019,141,
CHICAGO,2019,140,26.250000
CHICAGO,2019,139,
CHICAGO,2019,138,
CHICAGO,2019,137,26.250000
CHICAGO,2019,136,
CHICAGO,2019,135,23.500000
CHICAGO,2019,134,
CHICAGO,2019,133,24.000000
CHICAGO,2019,132,
CHICAGO,2019,131,
CHICAGO,2019,130,24.000000
CHICAGO,2019,129,
CHICAGO,2019,128,24.000000
CHICAGO,2019,127,
CHICAGO,2019,126,27.333333
CHICAGO,2019,125,
CHICAGO,2019,124,
CHICAGO,2019,123,24.500000
CHICAGO,2019,122,24.500000
CHICAGO,2019,121,24.500000
CHICAGO,2019,120,24.500000
CHICAGO,2019,119,24.500000
CHICAGO,2019,118,
CHICAGO,2019,117,
CHICAGO,2019,116,24.500000
CHICAGO,2019,115,
CHICAGO,2019,114,24.500000
CHICAGO,2019,113,24.500000
CHICAGO,2019,112,24.833333
CHICAGO,2019,111,
CHICAGO,2019,110,
CHICAGO,2019,109,24.833333
CHICAGO,2019,108,24.833333
CHICAGO,2019,107,24.833333
CHICAGO,2019,106,
CHICAGO,2019,105,
CHICAGO,2019,104,
CHICAGO,2019,103,
CHICAGO,2019,102,
CHICAGO,2019,101,
CHICAGO,2019,100,24.833333
CHICAGO,2019,99,
CHICAGO,2019,98,24.833333
CHICAGO,2019,97,
CHICAGO,2019,96,
CHICAGO,2019,95,25.500000
CHICAGO,2019,94,25.500000
CHICAGO,2019,93,21.250000
CHICAGO,2019,92,27.333333
CHICAGO,2019,91,27.333333
CHICAGO,2019,90,
CHICAGO,2019,89,
CHICAGO,2019,88,27.333333
CHICAGO,2019,87,27.333333
CHICAGO,2019,86,27.333333
CHICAGO,2019,85,27.333333
CHICAGO,2019,84,27.333333
CHICAGO,2019,83,
CHICAGO,2019,82,
CHICAGO,2019,81,27.166666
CHICAGO,2019,80,27.166666
CHICAGO,2019,79,27.166666
CHICAGO,2019,78,27.166666
CHICAGO,2019,77,26.375000
CHICAGO,2019,76,
CHICAGO,2019,75,
CHICAGO,2019,74,26.375000
CHICAGO,2019,73,31.500000
CHICAGO,2019,72,31.250000
CHICAGO,2019,71,36.000000
CHICAGO,2019,70,36.000000
CHICAGO,2019,69,
CHICAGO,2019,68,
CHICAGO,2019,67,36.000000
CHICAGO,2019,66,36.000000
CHICAGO,2019,65,36.000000
CHICAGO,2019,64,36.000000
CHICAGO,2019,63,36.000000
CHICAGO,2019,62,
CHICAGO,2019,61,
CHICAGO,2019,60,42.000000
CHICAGO,2019,59,42.000000
CHICAGO,2019,58,42.000000
CHICAGO,2019,57,42.000000
CHICAGO,2019,56,42.000000
CHICAGO,2019,55,
CHICAGO,2019,54,
CHICAGO,2019,53,42.000000
CHICAGO,2019,52,42.000000
CHICAGO,2019,51,42.000000
CHICAGO,2019,50,42.000000
CHICAGO,2019,49,
CHICAGO,2019,48,
CHICAGO,2019,47,
CHICAGO,2019,46,43.375000
CHICAGO,2019,45,43.375000
CHICAGO,2019,44,43.375000
CHICAGO,2019,43,43.375000
CHICAGO,2019,42,43.375000
CHICAGO,2019,41,
CHICAGO,2019,40,
CHICAGO,2019,39,54.625000
CHICAGO,2019,38,54.625000
CHICAGO,2019,37,54.625000
CHICAGO,2019,36,54.625000
CHICAGO,2019,35,54.625000
CHICAGO,2019,34,
CHICAGO,2019,33,
CHICAGO,2019,32,54.625000
CHICAGO,2019,31,54.625000
CHICAGO,2019,30,54.625000
CHICAGO,2019,29,54.625000
CHICAGO,2019,28,54.625000
CHICAGO,2019,27,
CHICAGO,2019,26,
CHICAGO,2019,25,55.000000
CHICAGO,2019,24,56.000000
CHICAGO,2019,23,56.000000
CHICAGO,2019,22,56.000000
CHICAGO,2019,21,
CHICAGO,2019,20,
CHICAGO,2019,19,
CHICAGO,2019,18,56.000000
CHICAGO,2019,17,56.125000
CHICAGO,2019,16,55.875000
CHICAGO,2019,15,55.875000
CHICAGO,2019,14,55.875000
CHICAGO,2019,13,
CHICAGO,2019,12,
CHICAGO,2019,11,55.875000
CHICAGO,2019,10,55.875000
CHICAGO,2019,9,
CHICAGO,2019,8,55.875000
CHICAGO,2019,7,55.875000
CHICAGO,2019,6,
CHICAGO,2019,5,
CHICAGO,2019,4,46.500000
CHICAGO,2019,3,46.500000
CHICAGO,2019,2,
COLUMBIA,2019,366,
COLUMBIA,2019,365,21.000000
COLUMBIA,2019,364,21.000000
COLUMBIA,2019,363,
COLUMBIA,2019,362,
COLUMBIA,2019,361,20.000000
COLUMBIA,2019,360,
COLUMBIA,2019,359,
COLUMBIA,2019,358,
COLUMBIA,2019,357,20.000000
COLUMBIA,2019,356,
COLUMBIA,2019,355,
COLUMBIA,2019,354,20.000000
COLUMBIA,2019,353,20.000000
COLUMBIA,2019,352,20.000000
COLUMBIA,2019,351,20.000000
COLUMBIA,2019,350,20.000000
COLUMBIA,2019,349,
COLUMBIA,2019,348,
COLUMBIA,2019,347,20.000000
COLUMBIA,2019,346,20.000000
COLUMBIA,2019,345,20.000000
COLUMBIA,2019,344,20.000000
COLUMBIA,2019,343,20.000000
COLUMBIA,2019,342,
COLUMBIA,2019,341,
COLUMBIA,2019,340,19.750000
COLUMBIA,2019,339,24.500000
COLUMBIA,2019,338,24.500000
COLUMBIA,2019,337,24.500000
COLUMBIA,2019,336,24.500000
COLUMBIA,2019,335,
COLUMBIA,2019,334,
COLUMBIA,2019,333,
COLUMBIA,2019,332,
COLUMBIA,2019,331,24.500000
COLUMBIA,2019,330,24.500000
COLUMBIA,2019,329,24.500000
COLUMBIA,2019,328,
COLUMBIA,2019,327,
COLUMBIA,2019,326,24.500000
COLUMBIA,2019,325,24.500000
COLUMBIA,2019,324,25.000000
COLUMBIA,2019,323,25.000000
COLUMBIA,2019,322,25.000000
COLUMBIA,2019,321,
COLUMBIA,2019,320,
COLUMBIA,2019,319,25.000000
COLUMBIA,2019,318,25.000000
COLUMBIA,2019,317,20.000000
COLUMBIA,2019,316,20.000000
COLUMBIA,2019,315,
COLUMBIA,2019,314,
COLUMBIA,2019,313,
COLUMBIA,2019,312,20.666666
COLUMBIA,2019,311,20.666666
COLUMBIA,2019,310,20.666666
COLUMBIA,2019,309,20.666666
COLUMBIA,2019,308,20.666666
COLUMBIA,2019,307,
COLUMBIA,2019,306,
COLUMBIA,2019,305,20.666666
COLUMBIA,2019,304,20.666666
COLUMBIA,2019,303,20.666666
COLUMBIA,2019,302,20.666666
COLUMBIA,2019,301,20.666666
COLUMBIA,2019,300,
COLUMBIA,2019,299,
COLUMBIA,2019,298,20.666666
COLUMBIA,2019,297,20.666666
COLUMBIA,2019,296,20.666666
COLUMBIA,2019,295,20.666666
COLUMBIA,2019,294,
COLUMBIA,2019,293,
COLUMBIA,2019,292,
COLUMBIA,2019,291,20.666666
COLUMBIA,2019,290,20.666666
COLUMBIA,2019,289,20.666666
COLUMBIA,2019,288,20.666666
COLUMBIA,2019,287,20.666666
COLUMBIA,2019,286,
COLUMBIA,2019,285,
COLUMBIA,2019,284,24.500000
COLUMBIA,2019,283,24.500000
COLUMBIA,2019,282,24.000000
COLUMBIA,2019,281,24.000000
COLUMBIA,2019,280,24.000000
COLUMBIA,2019,279,
COLUMBIA,2019,278,
COLUMBIA,2019,277,24.000000
COLUMBIA,2019,276,24.000000
COLUMBIA,2019,275,24.666666
COLUMBIA,2019,274,24.666666
COLUMBIA,2019,273,24.666666
COLUMBIA,2019,272,
COLUMBIA,2019,271,
COLUMBIA,2019,270,24.666666
COLUMBIA,2019,269,24.666666
COLUMBIA,2019,268,24.666666
COLUMBIA,2019,267,24.666666
COLUMBIA,2019,266,24.666666
COLUMBIA,2019,265,
COLUMBIA,2019,264,
COLUMBIA,2019,263,24.666666
COLUMBIA,2019,262,24.666666
COLUMBIA,2019,261,24.666666
COLUMBIA,2019,260,24.666666
COLUMBIA,2019,259,24.666666
COLUMBIA,2019,258,
COLUMBIA,2019,257,
COLUMBIA,2019,256,22.666666
COLUMBIA,2019,255,22.666666
COLUMBIA,2019,254,20.750000
COLUMBIA,2019,253,20.750000
COLUMBIA,2019,252,20.750000
COLUMBIA,2019,251,
COLUMBIA,2019,250,
COLUMBIA,2019,249,20.750000
COLUMBIA,2019,248,20.750000
COLUMBIA,2019,247,20.750000
COLUMBIA,2019,246,
COLUMBIA,2019,245,
COLUMBIA,2019,244,
COLUMBIA,2019,243,
COLUMBIA,2019,242,20.750000
COLUMBIA,2019,241,20.750000
COLUMBIA,2019,240,20.750000
COLUMBIA,2019,239,20.750000
COLUMBIA,2019,238,20.750000
COLUMBIA,2019,237,
COLUMBIA,2019,236,
COLUMBIA,2019,235,20.500000
COLUMBIA,2019,234,20.500000
COLUMBIA,2019,233,20.500000
COLUMBIA,2019,232,20.500000
COLUMBIA,2019,231,20.500000
COLUMBIA,2019,230,
COLUMBIA,2019,229,
COLUMBIA,2019,228,20.500000
COLUMBIA,2019,227,20.500000
COLUMBIA,2019,226,20.500000
COLUMBIA,2019,225,20.500000
COLUMBIA,2019,224,20.500000
COLUMBIA,2019,223,
COLUMBIA,2019,222,
COLUMBIA,2019,221,20.500000
COLUMBIA,2019,220,20.500000
COLUMBIA,2019,219,20.500000
COLUMBIA,2019,218,22.333333
COLUMBIA,2019,217,20.000000
COLUMBIA,2019,216,
COLUMBIA,2019,215,
COLUMBIA,2019,214,20.000000
COLUMBIA,2019,213,20.000000
COLUMBIA,2019,212,20.000000
COLUMBIA,2019,211,20.000000
COLUMBIA,2019,210,20.000000
COLUMBIA,2019,209,
COLUMBIA,2019,208,
COLUMBIA,2019,207,20.000000
COLUMBIA,2019,206,20.000000
COLUMBIA,2019,205,20.000000
COLUMBIA,2019,204,20.000000
COLUMBIA,2019,203,20.000000
COLUMBIA,2019,202,
COLUMBIA,2019,201,
COLUMBIA,2019,200,20.000000
COLUMBIA,2019,199,20.000000
COLUMBIA,2019,198,20.000000
COLUMBIA,2019,197,20.000000
COLUMBIA,2019,196,20.000000
COLUMBIA,2019,195,
COLUMBIA,2019,194,
COLUMBIA,2019,193,20.000000
COLUMBIA,2019,192,20.000000
COLUMBIA,2019,191,20.000000
COLUMBIA,2019,190,20.000000
COLUMBIA,2019,189,20.000000
COLUMBIA,2019,188,
COLUMBIA,2019,187,
COLUMBIA,2019,186,19.000000
COLUMBIA,2019,185,
COLUMBIA,2019,184,20.000000
COLUMBIA,2019,183,20.000000
COLUMBIA,2019,182,20.000000
COLUMBIA,2019,181,
COLUMBIA,2019,180,
COLUMBIA,2019,179,20.750000
COLUMBIA,2019,178,20.750000
COLUMBIA,2019,177,20.750000
COLUMBIA,2019,176,20.750000
COLUMBIA,2019,175,20.750000
COLUMBIA,2019,174,
COLUMBIA,2019,173,
COLUMBIA,2019,172,20.750000
COLUMBIA,2019,171,20.750000
COLUMBIA,2019,170,20.750000
COLUMBIA,2019,169,20.750000
COLUMBIA,2019,168,20.750000
COLUMBIA,2019,167,
COLUMBIA,2019,166,
COLUMBIA,2019,165,20.750000
COLUMBIA,2019,164,20.750000
COLUMBIA,2019,163,20.750000
COLUMBIA,2019,162,20.750000
COLUMBIA,2019,161,20.750000
COLUMBIA,2019,160,
COLUMBIA,2019,159,
COLUMBIA,2019,158,20.750000
COLUMBIA,2019,157,20.750000
COLUMBIA,2019,156,20.750000
COLUMBIA,2019,155,20.750000
COLUMBIA,2019,154,20.750000
COLUMBIA,2019,153,
COLUMBIA,2019,152,
COLUMBIA,2019,151,21.250000
COLUMBIA,2019,150,21.250000
COLUMBIA,2019,149,21.500000
COLUMBIA,2019,148,21.500000
COLUMBIA,2019,147,
COLUMBIA,2019,146,
COLUMBIA,2019,145,
COLUMBIA,2019,144,21.000000
COLUMBIA,2019,143,21.500000
COLUMBIA,2019,142,21.500000
COLUMBIA,2019,141,21.500000
COLUMBIA,2019,140,21.500000
COLUMBIA,2019,139,
COLUMBIA,2019,138,
COLUMBIA,2019,137,22.000000
COLUMBIA,2019,136,22.000000
COLUMBIA,2019,135,22.000000
COLUMBIA,2019,134,22.000000
COLUMBIA,2019,133,22.000000
COLUMBIA,2019,132,
COLUMBIA,2019,131,
COLUMBIA,2019,130,
COLUMBIA,2019,129,23.250000
COLUMBIA,2019,128,23.250000
COLUMBIA,2019,127,23.250000
COLUMBIA,2019,126,23.250000
COLUMBIA,2019,125,
COLUMBIA,2019,124,
COLUMBIA,2019,123,22.250000
COLUMBIA,2019,122,22.250000
COLUMBIA,2019,121,22.250000
COLUMBIA,2019,120,22.250000
COLUMBIA,2019,119,22.250000
COLUMBIA,2019,118,
COLUMBIA,2019,117,
COLUMBIA,2019,116,22.250000
COLUMBIA,2019,115,22.250000
COLUMBIA,2019,114,22.250000
COLUMBIA,2019,113,22.250000
COLUMBIA,2019,112,22.250000
COLUMBIA,2019,111,
COLUMBIA,2019,110,
COLUMBIA,2019,109,21.500000
COLUMBIA,2019,108,21.500000
COLUMBIA,2019,107,21.500000
COLUMBIA,2019,106,21.750000
COLUMBIA,2019,105,21.750000
COLUMBIA,2019,104,
COLUMBIA,2019,103,
COLUMBIA,2019,102,21.750000
COLUMBIA,2019,101,21.750000
COLUMBIA,2019,100,21.750000
COLUMBIA,2019,99,21.750000
COLUMBIA,2019,98,21.750000
COLUMBIA,2019,97,
COLUMBIA,2019,96,
COLUMBIA,2019,95,21.250000
COLUMBIA,2019,94,21.250000
COLUMBIA,2019,93,21.250000
COLUMBIA,2019,92,21.250000
COLUMBIA,2019,91,21.250000
COLUMBIA,2019,90,
COLUMBIA,2019,89,
COLUMBIA,2019,88,21.750000
COLUMBIA,2019,87,21.750000
COLUMBIA,2019,86,21.750000
COLUMBIA,2019,85,21.750000
COLUMBIA,2019,84,
COLUMBIA,2019,83,
COLUMBIA,2019,82,
COLUMBIA,2019,81,21.500000
COLUMBIA,2019,80,21.500000
COLUMBIA,2019,79,21.500000
COLUMBIA,2019,78,21.500000
COLUMBIA,2019,77,21.500000
COLUMBIA,2019,76,
COLUMBIA,2019,75,
COLUMBIA,2019,74,28.000000
COLUMBIA,2019,73,28.000000
COLUMBIA,2019,72,28.000000
COLUMBIA,2019,71,22.500000
COLUMBIA,2019,70,35.000000
COLUMBIA,2019,69,
COLUMBIA,2019,68,
COLUMBIA,2019,67,33.750000
COLUMBIA,2019,66,33.750000
COLUMBIA,2019,65,33.750000
COLUMBIA,2019,64,37.750000
COLUMBIA,2019,63,37.750000
COLUMBIA,2019,62,
COLUMBIA,2019,61,
COLUMBIA,2019,60,37.750000
COLUMBIA,2019,59,37.750000
COLUMBIA,2019,58,37.750000
COLUMBIA,2019,57,37.750000
COLUMBIA,2019,56,42.500000
COLUMBIA,2019,55,
COLUMBIA,2019,54,
COLUMBIA,2019,53,42.500000
COLUMBIA,2019,52,42.500000
COLUMBIA,2019,51,42.500000
COLUMBIA,2019,50,42.500000
COLUMBIA,2019,49,
COLUMBIA,2019,48,
COLUMBIA,2019,47,
COLUMBIA,2019,46,52.500000
COLUMBIA,2019,45,52.500000
COLUMBIA,2019,44,52.500000
COLUMBIA,2019,43,52.500000
COLUMBIA,2019,42,52.500000
COLUMBIA,2019,41,
COLUMBIA,2019,40,
COLUMBIA,2019,39,36.500000
COLUMBIA,2019,38,36.500000
COLUMBIA,2019,37,36.500000
COLUMBIA,2019,36,36.500000
COLUMBIA,2019,35,36.500000
COLUMBIA,2019,34,
COLUMBIA,2019,33,
COLUMBIA,2019,32,62.500000
COLUMBIA,2019,31,62.500000
COLUMBIA,2019,30,62.500000
COLUMBIA,2019,29,62.500000
COLUMBIA,2019,28,
COLUMBIA,2019,27,
COLUMBIA,2019,26,
COLUMBIA,2019,25,56.500000
COLUMBIA,2019,24,56.500000
COLUMBIA,2019,23,56.500000
COLUMBIA,2019,22,56.500000
COLUMBIA,2019,21,
COLUMBIA,2019,20,
COLUMBIA,2019,19,
COLUMBIA,2019,18,35.000000
COLUMBIA,2019,17,35.000000
COLUMBIA,2019,16,35.000000
COLUMBIA,2019,15,35.000000
COLUMBIA,2019,14,35.000000
COLUMBIA,2019,13,
COLUMBIA,2019,12,
COLUMBIA,2019,11,35.250000
COLUMBIA,2019,10,35.250000
COLUMBIA,2019,9,35.250000
COLUMBIA,2019,8,45.500000
COLUMBIA,2019,7,45.500000
COLUMBIA,2019,6,
COLUMBIA,2019,5,
COLUMBIA,2019,4,47.500000
COLUMBIA,2019,3,47.500000
COLUMBIA,2019,2,47.500000
LOS ANGELES,2019,366,
LOS ANGELES,2019,365,1.500000
LOS ANGELES,2019,364,1.460000
LOS ANGELES,2019,363,
LOS ANGELES,2019,362,
LOS ANGELES,2019,361,1.460000
LOS ANGELES,2019,360,0.440000
LOS ANGELES,2019,359,
LOS ANGELES,2019,358,
LOS ANGELES,2019,357,0.440000
LOS ANGELES,2019,356,
LOS ANGELES,2019,355,
LOS ANGELES,2019,354,0.440000
LOS ANGELES,2019,353,0.440000
LOS ANGELES,2019,352,0.440000
LOS ANGELES,2019,351,0.490000
LOS ANGELES,2019,350,0.490000
LOS ANGELES,2019,349,
LOS ANGELES,2019,348,
LOS ANGELES,2019,347,0.480000
LOS ANGELES,2019,346,0.480000
LOS ANGELES,2019,345,0.480000
LOS ANGELES,2019,344,0.480000
LOS ANGELES,2019,343,0.480000
LOS ANGELES,2019,342,
LOS ANGELES,2019,341,
LOS ANGELES,2019,340,0.480000
LOS ANGELES,2019,339,0.480000
LOS ANGELES,2019,338,0.580000
LOS ANGELES,2019,337,0.580000
LOS ANGELES,2019,336,0.530000
LOS ANGELES,2019,335,
LOS ANGELES,2019,334,
LOS ANGELES,2019,333,0.530000
LOS ANGELES,2019,332,
LOS ANGELES,2019,331,0.555000
LOS ANGELES,2019,330,0.555000
LOS ANGELES,2019,329,0.555000
LOS ANGELES,2019,328,
LOS ANGELES,2019,327,
LOS ANGELES,2019,326,0.555000
LOS ANGELES,2019,325,0.555000
LOS ANGELES,2019,324,0.555000
LOS ANGELES,2019,323,0.555000
LOS ANGELES,2019,322,0.555000
LOS ANGELES,2019,321,
LOS ANGELES,2019,320,
LOS ANGELES,2019,319,0.555000
LOS ANGELES,2019,318,0.555000
LOS ANGELES,2019,317,0.555000
LOS ANGELES,2019,316,0.530000
LOS ANGELES,2019,315,
LOS ANGELES,2019,314,
LOS ANGELES,2019,313,
LOS ANGELES,2019,312,0.530000
LOS ANGELES,2019,311,0.530000
LOS ANGELES,2019,310,0.530000
LOS ANGELES,2019,309,0.530000
LOS ANGELES,2019,308,0.530000
LOS ANGELES,2019,307,
LOS ANGELES,2019,306,
LOS ANGELES,2019,305,0.480000
LOS ANGELES,2019,304,0.480000
LOS ANGELES,2019,303,0.480000
LOS ANGELES,2019,302,0.480000
LOS ANGELES,2019,301,0.480000
LOS ANGELES,2019,300,
LOS ANGELES,2019,299,
LOS ANGELES,2019,298,0.480000
LOS ANGELES,2019,297,0.480000
LOS ANGELES,2019,296,0.480000
LOS ANGELES,2019,295,0.480000
LOS ANGELES,2019,294,0.480000
LOS ANGELES,2019,293,
LOS ANGELES,2019,292,
LOS ANGELES,2019,291,0.480000
LOS ANGELES,2019,290,0.480000
LOS ANGELES,2019,289,0.480000
LOS ANGELES,2019,288,0.480000
LOS ANGELES,2019,287,
LOS ANGELES,2019,286,
LOS ANGELES,2019,285,
LOS ANGELES,2019,284,0.480000
LOS ANGELES,2019,283,0.480000
LOS ANGELES,2019,282,0.480000
LOS ANGELES,2019,281,0.480000
LOS ANGELES,2019,280,0.480000
LOS ANGELES,2019,279,
LOS ANGELES,2019,278,
LOS ANGELES,2019,277,0.480000
LOS ANGELES,2019,276,0.480000
LOS ANGELES,2019,275,0.380000
LOS ANGELES,2019,274,0.380000
LOS ANGELES,2019,273,0.350000
LOS ANGELES,2019,272,
LOS ANGELES,2019,271,
LOS ANGELES,2019,270,0.350000
LOS ANGELES,2019,269,0.350000
LOS ANGELES,2019,268,0.350000
LOS ANGELES,2019,267,0.450000
LOS ANGELES,2019,266,0.450000
LOS ANGELES,2019,265,
LOS ANGELES,2019,264,
LOS ANGELES,2019,263,0.450000
LOS ANGELES,2019,262,0.450000
LOS ANGELES,2019,261,0.450000
LOS ANGELES,2019,260,0.450000
LOS ANGELES,2019,259,0.450000
LOS ANGELES,2019,258,
LOS ANGELES,2019,257,
LOS ANGELES,2019,256,0.450000
LOS ANGELES,2019,255,0.450000
LOS ANGELES,2019,254,0.450000
LOS ANGELES,2019,253,0.450000
LOS ANGELES,2019,252,0.450000
LOS ANGELES,2019,251,
LOS ANGELES,2019,250,
LOS ANGELES,2019,249,0.550000
LOS ANGELES,2019,248,0.550000
LOS ANGELES,2019,247,0.550000
LOS ANGELES,2019,246,0.550000
LOS ANGELES,2019,245,
LOS ANGELES,2019,244,
LOS ANGELES,2019,243,
LOS ANGELES,2019,242,0.550000
LOS ANGELES,2019,241,0.550000
LOS ANGELES,2019,240,0.550000
LOS ANGELES,2019,239,0.550000
LOS ANGELES,2019,238,0.550000
LOS ANGELES,2019,237,
LOS ANGELES,2019,236,
LOS ANGELES,2019,235,0.550000
LOS ANGELES,2019,234,0.550000
LOS ANGELES,2019,233,0.550000
LOS ANGELES,2019,232,0.550000
LOS ANGELES,2019,231,0.550000
LOS ANGELES,2019,230,
LOS ANGELES,2019,229,
LOS ANGELES,2019,228,
LOS ANGELES,2019,227,0.550000
LOS ANGELES,2019,226,0.550000
LOS ANGELES,2019,225,0.550000
LOS ANGELES,2019,224,0.550000
LOS ANGELES,2019,223,
LOS ANGELES,2019,222,
LOS ANGELES,2019,221,0.550000
LOS ANGELES,2019,220,0.550000
LOS ANGELES,2019,219,0.550000
LOS ANGELES,2019,218,0.550000
LOS ANGELES,2019,217,0.550000
LOS ANGELES,2019,216,
LOS ANGELES,2019,215,
LOS ANGELES,2019,214,0.550000
LOS ANGELES,2019,213,0.550000
LOS ANGELES,2019,212,0.750000
LOS ANGELES,2019,211,0.750000
LOS ANGELES,2019,210,0.750000
LOS ANGELES,2019,209,
LOS ANGELES,2019,208,
LOS ANGELES,2019,207,0.500000
LOS ANGELES,2019,206,0.650000
LOS ANGELES,2019,205,0.650000
LOS ANGELES,2019,204,0.650000
LOS ANGELES,2019,203,0.680000
LOS ANGELES,2019,202,
LOS ANGELES,2019,201,
LOS ANGELES,2019,200,0.680000
LOS ANGELES,2019,199,0.680000
LOS ANGELES,2019,198,0.680000
LOS ANGELES,2019,197,0.680000
LOS ANGELES,2019,196,0.680000
LOS ANGELES,2019,195,
LOS ANGELES,2019,194,
LOS ANGELES,2019,193,0.680000
LOS ANGELES,2019,192,0.680000
LOS ANGELES,2019,191,0.680000
LOS ANGELES,2019,190,0.680000
LOS ANGELES,2019,189,0.680000
LOS ANGELES,2019,188,
LOS ANGELES,2019,187,
LOS ANGELES,2019,186,0.680000
LOS ANGELES,2019,185,
LOS ANGELES,2019,184,0.680000
LOS ANGELES,2019,183,0.680000
LOS ANGELES,2019,182,0.680000
LOS ANGELES,2019,181,
LOS ANGELES,2019,180,
LOS ANGELES,2019,179,0.680000
LOS ANGELES,2019,178,0.680000
LOS ANGELES,2019,177,0.680000
LOS ANGELES,2019,176,0.680000
LOS ANGELES,2019,175,0.530000
LOS ANGELES,2019,174,
LOS ANGELES,2019,173,
LOS ANGELES,2019,172,0.530000
LOS ANGELES,2019,171,0.530000
LOS ANGELES,2019,170,0.530000
LOS ANGELES,2019,169,0.530000
LOS ANGELES,2019,168,0.530000
LOS ANGELES,2019,167,
LOS ANGELES,2019,166,
LOS ANGELES,2019,165,0.530000
LOS ANGELES,2019,164,0.530000
LOS ANGELES,2019,163,0.530000
LOS ANGELES,2019,162,0.530000
LOS ANGELES,2019,161,0.530000
LOS ANGELES,2019,160,
LOS ANGELES,2019,159,
LOS ANGELES,2019,158,0.530000
LOS ANGELES,2019,157,0.530000
LOS ANGELES,2019,156,0.530000
LOS ANGELES,2019,155,0.530000
LOS ANGELES,2019,154,0.530000
LOS ANGELES,2019,153,
LOS ANGELES,2019,152,
LOS ANGELES,2019,151,0.530000
LOS ANGELES,2019,150,0.530000
LOS ANGELES,2019,149,0.630000
LOS ANGELES,2019,148,0.630000
LOS ANGELES,2019,147,
LOS ANGELES,2019,146,
LOS ANGELES,2019,145,
LOS ANGELES,2019,144,0.630000
LOS ANGELES,2019,143,0.630000
LOS ANGELES,2019,142,0.630000
LOS ANGELES,2019,141,0.450000
LOS ANGELES,2019,140,0.450000
LOS ANGELES,2019,139,
LOS ANGELES,2019,138,
LOS ANGELES,2019,137,0.450000
LOS ANGELES,2019,136,0.450000
LOS ANGELES,2019,135,0.450000
LOS ANGELES,2019,134,0.450000
LOS ANGELES,2019,133,0.450000
LOS ANGELES,2019,132,
LOS ANGELES,2019,131,
LOS ANGELES,2019,130,0.450000
LOS ANGELES,2019,129,0.450000
LOS ANGELES,2019,128,0.450000
LOS ANGELES,2019,127,0.450000
LOS ANGELES,2019,126,0.450000
LOS ANGELES,2019,125,
LOS ANGELES,2019,124,
LOS ANGELES,2019,123,0.450000
LOS ANGELES,2019,122,0.450000
LOS ANGELES,2019,121,0.450000
LOS ANGELES,2019,120,0.450000
LOS ANGELES,2019,119,0.450000
LOS ANGELES,2019,118,
LOS ANGELES,2019,117,
LOS ANGELES,2019,116,0.450000
LOS ANGELES,2019,115,0.450000
LOS ANGELES,2019,114,0.450000
LOS ANGELES,2019,113,0.450000
LOS ANGELES,2019,112,0.450000
LOS ANGELES,2019,111,
LOS ANGELES,2019,110,
LOS ANGELES,2019,109,0.500000
LOS ANGELES,2019,108,0.500000
LOS ANGELES,2019,107,0.500000
LOS ANGELES,2019,106,0.500000
LOS ANGELES,2019,105,0.500000
LOS ANGELES,2019,104,
LOS ANGELES,2019,103,
LOS ANGELES,2019,102,0.500000
LOS ANGELES,2019,101,0.500000
LOS ANGELES,2019,100,0.550000
LOS ANGELES,2019,99,0.550000
LOS ANGELES,2019,98,0.550000
LOS ANGELES,2019,97,
LOS ANGELES,2019,96,
LOS ANGELES,2019,95,0.550000
LOS ANGELES,2019,94,0.550000
LOS ANGELES,2019,93,0.550000
LOS ANGELES,2019,92,0.550000
LOS ANGELES,2019,91,0.550000
LOS ANGELES,2019,90,
LOS ANGELES,2019,89,
LOS ANGELES,2019,88,0.550000
LOS ANGELES,2019,87,0.550000
LOS ANGELES,2019,86,0.550000
LOS ANGELES,2019,85,0.550000
LOS ANGELES,2019,84,0.550000
LOS ANGELES,2019,83,
LOS ANGELES,2019,82,
LOS ANGELES,2019,81,0.550000
LOS ANGELES,2019,80,0.550000
LOS ANGELES,2019,79,0.550000
LOS ANGELES,2019,78,0.550000
LOS ANGELES,2019,77,0.780000
LOS ANGELES,2019,76,
LOS ANGELES,2019,75,
LOS ANGELES,2019,74,0.780000
LOS ANGELES,2019,73,0.780000
LOS ANGELES,2019,72,0.780000
LOS ANGELES,2019,71,0.780000
LOS ANGELES,2019,70,0.780000
LOS ANGELES,2019,69,
LOS ANGELES,2019,68,
LOS ANGELES,2019,67,0.780000
LOS ANGELES,2019,66,0.850000
LOS ANGELES,2019,65,0.850000
LOS ANGELES,2019,64,0.850000
LOS ANGELES,2019,63,1.550000
LOS ANGELES,2019,62,
LOS ANGELES,2019,61,
LOS ANGELES,2019,60,1.550000
LOS ANGELES,2019,59,1.550000
LOS ANGELES,2019,58,1.550000
LOS ANGELES,2019,57,1.550000
LOS ANGELES,2019,56,1.550000
LOS ANGELES,2019,55,
LOS ANGELES,2019,54,
LOS ANGELES,2019,53,1.550000
LOS ANGELES,2019,52,1.550000
LOS ANGELES,2019,51,1.550000
LOS ANGELES,2019,50,1.550000
LOS ANGELES,2019,49,
LOS ANGELES,2019,48,
LOS ANGELES,2019,47,
LOS ANGELES,2019,46,1.550000
LOS ANGELES,2019,45,1.550000
LOS ANGELES,2019,44,1.550000
LOS ANGELES,2019,43,1.550000
LOS ANGELES,2019,42,1.550000
LOS ANGELES,2019,41,
LOS ANGELES,2019,40,
LOS ANGELES,2019,39,1.550000
LOS ANGELES,2019,38,1.550000
LOS ANGELES,2019,37,1.550000
LOS ANGELES,2019,36,1.550000
LOS ANGELES,2019,35,1.550000
LOS ANGELES,2019,34,
LOS ANGELES,2019,33,
LOS ANGELES,2019,32,1.550000
LOS ANGELES,2019,31,1.550000
LOS ANGELES,2019,30,2.000000
LOS ANGELES,2019,29,2.000000
LOS ANGELES,2019,28,2.000000
LOS ANGELES,2019,27,
LOS ANGELES,2019,26,
LOS ANGELES,2019,25,2.000000
LOS ANGELES,2019,24,2.000000
LOS ANGELES,2019,23,2.000000
LOS ANGELES,2019,22,2.000000
LOS ANGELES,2019,21,
LOS ANGELES,2019,20,
LOS ANGELES,2019,19,
LOS ANGELES,2019,18,2.000000
LOS ANGELES,2019,17,2.000000
LOS ANGELES,2019,16,2.000000
LOS ANGELES,2019,15,2.000000
LOS ANGELES,2019,14,2.000000
LOS ANGELES,2019,13,
LOS ANGELES,2019,12,
LOS ANGELES,2019,11,2.000000
LOS ANGELES,2019,10,2.000000
LOS ANGELES,2019,9,2.000000
LOS ANGELES,2019,8,2.000000
LOS ANGELES,2019,7,2.000000
LOS ANGELES,2019,6,
LOS ANGELES,2019,5,
LOS ANGELES,2019,4,2.000000
LOS ANGELES,2019,3,2.000000
LOS ANGELES,2019,2,1.880000
MIAMI,2019,366,
MIAMI,2019,365,25.000000
MIAMI,2019,364,25.000000
MIAMI,2019,363,
MIAMI,2019,362,
MIAMI,2019,361,25.000000
MIAMI,2019,360,25.000000
MIAMI,2019,359,
MIAMI,2019,358,
MIAMI,2019,357,25.000000
MIAMI,2019,356,
MIAMI,2019,355,
MIAMI,2019,354,25.000000
MIAMI,2019,353,25.000000
MIAMI,2019,352,25.000000
MIAMI,2019,351,25.000000
MIAMI,2019,350,25.000000
MIAMI,2019,349,
MIAMI,2019,348,
MIAMI,2019,347,25.000000
MIAMI,2019,346,25.000000
MIAMI,2019,345,25.000000
MIAMI,2019,344,25.000000
MIAMI,2019,343,25.000000
MIAMI,2019,342,
MIAMI,2019,341,
MIAMI,2019,340,25.000000
MIAMI,2019,339,25.000000
MIAMI,2019,338,25.000000
MIAMI,2019,337,25.000000
MIAMI,2019,336,25.000000
MIAMI,2019,335,
MIAMI,2019,334,
MIAMI,2019,333,25.000000
MIAMI,2019,332,
MIAMI,2019,331,25.000000
MIAMI,2019,330,25.000000
MIAMI,2019,329,25.000000
MIAMI,2019,328,
MIAMI,2019,327,
MIAMI,2019,326,25.000000
MIAMI,2019,325,25.000000
MIAMI,2019,324,25.000000
MIAMI,2019,323,25.000000
MIAMI,2019,322,25.000000
MIAMI,2019,321,
MIAMI,2019,320,
MIAMI,2019,319,25.000000
MIAMI,2019,318,25.000000
MIAMI,2019,317,25.000000
MIAMI,2019,316,25.000000
MIAMI,2019,315,
MIAMI,2019,314,
MIAMI,2019,313,
MIAMI,2019,312,25.000000
MIAMI,2019,311,25.000000
MIAMI,2019,310,25.000000
MIAMI,2019,309,25.000000
MIAMI,2019,308,25.000000
MIAMI,2019,307,
MIAMI,2019,306,
MIAMI,2019,305,25.000000
MIAMI,2019,304,25.000000
MIAMI,2019,303,25.000000
MIAMI,2019,302,25.000000
MIAMI,2019,301,25.000000
MIAMI,2019,300,
MIAMI,2019,299,
MIAMI,2019,298,25.000000
MIAMI,2019,297,25.000000
MIAMI,2019,296,26.000000
MIAMI,2019,295,26.000000
MIAMI,2019,294,26.000000
MIAMI,2019,293,
MIAMI,2019,292,
MIAMI,2019,291,26.000000
MIAMI,2019,290,26.000000
MIAMI,2019,289,26.000000
MIAMI,2019,288,26.000000
MIAMI,2019,287,
MIAMI,2019,286,
MIAMI,2019,285,
MIAMI,2019,284,26.000000
MIAMI,2019,283,26.000000
MIAMI,2019,282,26.000000
MIAMI,2019,281,26.000000
MIAMI,2019,280,26.000000
MIAMI,2019,279,
MIAMI,2019,278,
MIAMI,2019,277,26.000000
MIAMI,2019,276,26.000000
MIAMI,2019,275,26.000000
MIAMI,2019,274,26.000000
MIAMI,2019,273,26.000000
MIAMI,2019,272,
MIAMI,2019,271,
MIAMI,2019,270,37.000000
MIAMI,2019,269,37.000000
MIAMI,2019,268,37.000000
MIAMI,2019,267,37.000000
MIAMI,2019,266,37.000000
MIAMI,2019,265,
MIAMI,2019,264,
MIAMI,2019,263,37.000000
MIAMI,2019,262,37.000000
MIAMI,2019,261,37.000000
MIAMI,2019,260,37.000000
MIAMI,2019,259,37.000000
MIAMI,2019,258,
MIAMI,2019,257,
MIAMI,2019,256,37.000000
MIAMI,2019,255,37.000000
MIAMI,2019,254,37.000000
MIAMI,2019,253,37.000000
MIAMI,2019,252,37.000000
MIAMI,2019,251,
MIAMI,2019,250,
MIAMI,2019,249,37.000000
MIAMI,2019,248,37.000000
MIAMI,2019,247,37.000000
MIAMI,2019,246,37.000000
MIAMI,2019,245,
MIAMI,2019,244,
MIAMI,2019,243,
MIAMI,2019,242,37.000000
MIAMI,2019,241,37.000000
MIAMI,2019,240,37.000000
MIAMI,2019,239,37.000000
MIAMI,2019,238,37.000000
MIAMI,2019,237,
MIAMI,2019,236,
MIAMI,2019,235,37.000000
MIAMI,2019,234,37.000000
MIAMI,2019,233,37.000000
MIAMI,2019,232,37.000000
MIAMI,2019,231,37.000000
MIAMI,2019,230,
MIAMI,2019,229,
MIAMI,2019,228,
MIAMI,2019,227,
MIAMI,2019,226,37.000000
MIAMI,2019,225,37.000000
MIAMI,2019,224,37.000000
MIAMI,2019,223,
MIAMI,2019,222,
MIAMI,2019,221,37.000000
MIAMI,2019,220,37.000000
MIAMI,2019,219,37.000000
MIAMI,2019,218,37.000000
MIAMI,2019,217,37.000000
MIAMI,2019,216,
MIAMI,2019,215,
MIAMI,2019,214,37.000000
MIAMI,2019,213,37.000000
MIAMI,2019,212,37.000000
MIAMI,2019,211,37.000000
MIAMI,2019,210,37.000000
MIAMI,2019,209,
MIAMI,2019,208,
MIAMI,2019,207,37.000000
MIAMI,2019,206,37.000000
MIAMI,2019,205,37.000000
MIAMI,2019,204,37.000000
MIAMI,2019,203,37.000000
MIAMI,2019,202,
MIAMI,2019,201,
MIAMI,2019,200,37.000000
MIAMI,2019,199,37.000000
MIAMI,2019,198,37.000000
MIAMI,2019,197,37.000000
MIAMI,2019,196,37.000000
MIAMI,2019,195,
MIAMI,2019,194,
MIAMI,2019,193,37.000000
MIAMI,2019,192,37.000000
MIAMI,2019,191,37.000000
MIAMI,2019,190,37.000000
MIAMI,2019,189,37.000000
MIAMI,2019,188,
MIAMI,2019,187,
MIAMI,2019,186,37.000000
MIAMI,2019,185,
MIAMI,2019,184,37.000000
MIAMI,2019,183,37.000000
MIAMI,2019,182,37.000000
MIAMI,2019,181,
MIAMI,2019,180,
MIAMI,2019,179,37.000000
MIAMI,2019,178,37.000000
MIAMI,2019,177,37.000000
MIAMI,2019,176,37.000000
MIAMI,2019,175,37.000000
MIAMI,2019,174,
MIAMI,2019,173,
MIAMI,2019,172,37.000000
MIAMI,2019,171,37.000000
MIAMI,2019,170,37.000000
MIAMI,2019,169,37.000000
MIAMI,2019,168,37.000000
MIAMI,2019,167,
MIAMI,2019,166,
MIAMI,2019,165,37.000000
MIAMI,2019,164,37.000000
MIAMI,2019,163,37.000000
MIAMI,2019,162,37.000000
MIAMI,2019,161,37.000000
MIAMI,2019,160,
MIAMI,2019,159,
MIAMI,2019,158,37.000000
MIAMI,2019,157,37.000000
MIAMI,2019,156,37.000000
MIAMI,2019,155,37.000000
MIAMI,2019,154,37.000000
MIAMI,2019,153,
MIAMI,2019,152,
MIAMI,2019,151,37.000000
MIAMI,2019,150,37.000000
MIAMI,2019,149,37.000000
MIAMI,2019,148,37.000000
MIAMI,2019,147,
MIAMI,2019,146,
MIAMI,2019,145,
MIAMI,2019,144,37.000000
MIAMI,2019,143,37.000000
MIAMI,2019,142,37.000000
MIAMI,2019,141,37.000000
MIAMI,2019,140,37.000000
MIAMI,2019,139,
MIAMI,2019,138,
MIAMI,2019,137,37.000000
MIAMI,2019,136,37.000000
MIAMI,2019,135,37.000000
MIAMI,2019,134,37.000000
MIAMI,2019,133,37.000000
MIAMI,2019,132,
MIAMI,2019,131,
MIAMI,2019,130,37.000000
MIAMI,2019,129,37.000000
MIAMI,2019,128,37.000000
MIAMI,2019,127,37.000000
MIAMI,2019,126,37.000000
MIAMI,2019,125,
MIAMI,2019,124,
MIAMI,2019,123,37.000000
MIAMI,2019,122,37.000000
MIAMI,2019,121,37.000000
MIAMI,2019,120,37.000000
MIAMI,2019,119,37.000000
MIAMI,2019,118,
MIAMI,2019,117,
MIAMI,2019,116,37.000000
MIAMI,2019,115,37.000000
MIAMI,2019,114,37.000000
MIAMI,2019,113,37.000000
MIAMI,2019,112,37.000000
MIAMI,2019,111,
MIAMI,2019,110,
MIAMI,2019,109,37.000000
MIAMI,2019,108,37.000000
MIAMI,2019,107,37.000000
MIAMI,2019,106,37.000000
MIAMI,2019,105,37.000000
MIAMI,2019,104,
MIAMI,2019,103,
MIAMI,2019,102,37.000000
MIAMI,2019,101,37.000000
MIAMI,2019,100,37.000000
MIAMI,2019,99,37.000000
MIAMI,2019,98,37.000000
MIAMI,2019,97,
MIAMI,2019,96,
MIAMI,2019,95,37.000000
MIAMI,2019,94,37.000000
MIAMI,2019,93,37.000000
MIAMI,2019,92,37.000000
MIAMI,2019,91,27.000000
MIAMI,2019,90,
MIAMI,2019,89,
MIAMI,2019,88,27.000000
MIAMI,2019,87,27.000000
MIAMI,2019,86,44.500000
MIAMI,2019,85,44.500000
MIAMI,2019,84,44.500000
MIAMI,2019,83,
MIAMI,2019,82,
MIAMI,2019,81,44.500000
MIAMI,2019,80,44.500000
MIAMI,2019,79,44.500000
MIAMI,2019,78,44.500000
MIAMI,2019,77,44.500000
MIAMI,2019,76,
MIAMI,2019,75,
MIAMI,2019,74,44.500000
MIAMI,2019,73,44.500000
MIAMI,2019,72,44.500000
MIAMI,2019,71,44.500000
MIAMI,2019,70,44.500000
MIAMI,2019,69,
MIAMI,2019,68,
MIAMI,2019,67,44.500000
MIAMI,2019,66,44.500000
MIAMI,2019,65,44.500000
MIAMI,2019,64,44.500000
MIAMI,2019,63,44.500000
MIAMI,2019,62,
MIAMI,2019,61,
MIAMI,2019,60,44.500000
MIAMI,2019,59,44.500000
MIAMI,2019,58,44.500000
MIAMI,2019,57,44.500000
MIAMI,2019,56,44.500000
MIAMI,2019,55,
MIAMI,2019,54,
MIAMI,2019,53,44.500000
MIAMI,2019,52,44.500000
MIAMI,2019,51,44.500000
MIAMI,2019,50,44.500000
MIAMI,2019,49,
MIAMI,2019,48,
MIAMI,2019,47,
MIAMI,2019,46,44.500000
MIAMI,2019,45,
MIAMI,2019,44,
MIAMI,2019,43,
MIAMI,2019,42,
MIAMI,2019,41,
MIAMI,2019,40,
MIAMI,2019,39,
MIAMI,2019,38,
MIAMI,2019,37,
MIAMI,2019,36,
MIAMI,2019,35,
MIAMI,2019,34,
MIAMI,2019,33,
MIAMI,2019,32,
MIAMI,2019,31,
MIAMI,2019,30,
MIAMI,2019,29,
MIAMI,2019,28,
MIAMI,2019,27,
MIAMI,2019,26,
MIAMI,2019,25,
MIAMI,2019,24,
MIAMI,2019,23,
MIAMI,2019,22,
MIAMI,2019,21,
MIAMI,2019,20,
MIAMI,2019,19,
MIAMI,2019,18,
MIAMI,2019,17,
MIAMI,2019,16,
MIAMI,2019,15,
MIAMI,2019,14,
MIAMI,2019,13,
MIAMI,2019,12,
MIAMI,2019,11,
MIAMI,2019,10,
MIAMI,2019,9,
MIAMI,2019,8,
MIAMI,2019,7,69.000000
MIAMI,2019,6,
MIAMI,2019,5,
MIAMI,2019,4,26.000000
MIAMI,2019,3,26.000000
MIAMI,2019,2,26.000000
NEW YORK,2019,366,
NEW YORK,2019,365,22.000000
NEW YORK,2019,364,18.500000
NEW YORK,2019,363,
NEW YORK,2019,362,
NEW YORK,2019,361,18.500000
NEW YORK,2019,360,
NEW YORK,2019,359,
NEW YORK,2019,358,
NEW YORK,2019,357,18.500000
NEW YORK,2019,356,
NEW YORK,2019,355,
NEW YORK,2019,354,18.500000
NEW YORK,2019,353,18.500000
NEW YORK,2019,352,18.500000
NEW YORK,2019,351,18.500000
NEW YORK,2019,350,18.500000
NEW YORK,2019,349,
NEW YORK,2019,348,
NEW YORK,2019,347,18.500000
NEW YORK,2019,346,18.500000
NEW YORK,2019,345,18.500000
NEW YORK,2019,344,18.500000
NEW YORK,2019,343,18.500000
NEW YORK,2019,342,
NEW YORK,2019,341,
NEW YORK,2019,340,18.500000
NEW YORK,2019,339,18.500000
NEW YORK,2019,338,18.500000
NEW YORK,2019,337,18.500000
NEW YORK,2019,336,21.666666
NEW YORK,2019,335,
NEW YORK,2019,334,
NEW YORK,2019,333,
NEW YORK,2019,332,
NEW YORK,2019,331,21.666666
NEW YORK,2019,330,21.666666
NEW YORK,2019,329,21.666666
NEW YORK,2019,328,
NEW YORK,2019,327,
NEW YORK,2019,326,21.666666
NEW YORK,2019,325,21.666666
NEW YORK,2019,324,21.666666
NEW YORK,2019,323,21.666666
NEW YORK,2019,322,21.666666
NEW YORK,2019,321,
NEW YORK,2019,320,
NEW YORK,2019,319,23.125000
NEW YORK,2019,318,23.125000
NEW YORK,2019,317,23.125000
NEW YORK,2019,316,26.166666
NEW YORK,2019,315,
NEW YORK,2019,314,
NEW YORK,2019,313,
NEW YORK,2019,312,22.000000
NEW YORK,2019,311,26.750000
NEW YORK,2019,310,26.750000
NEW YORK,2019,309,22.000000
NEW YORK,2019,308,
NEW YORK,2019,307,
NEW YORK,2019,306,
NEW YORK,2019,305,32.000000
NEW YORK,2019,304,16.750000
NEW YORK,2019,303,16.500000
NEW YORK,2019,302,21.500000
NEW YORK,2019,301,16.250000
NEW YORK,2019,300,
NEW YORK,2019,299,
NEW YORK,2019,298,
NEW YORK,2019,297,30.000000
NEW YORK,2019,296,30.000000
NEW YORK,2019,295,30.000000
NEW YORK,2019,294,30.000000
NEW YORK,2019,293,
NEW YORK,2019,292,
NEW YORK,2019,291,29.000000
NEW YORK,2019,290,29.000000
NEW YORK,2019,289,29.000000
NEW YORK,2019,288,
NEW YORK,2019,287,
NEW YORK,2019,286,
NEW YORK,2019,285,
NEW YORK,2019,284,30.000000
NEW YORK,2019,283,30.000000
NEW YORK,2019,282,30.000000
NEW YORK,2019,281,30.000000
NEW YORK,2019,280,31.000000
NEW YORK,2019,279,
NEW YORK,2019,278,
NEW YORK,2019,277,31.000000
NEW YORK,2019,276,31.000000
NEW YORK,2019,275,31.000000
NEW YORK,2019,274,31.000000
NEW YORK,2019,273,31.000000
NEW YORK,2019,272,
NEW YORK,2019,271,
NEW YORK,2019,270,32.000000
NEW YORK,2019,269,
NEW YORK,2019,268,
NEW YORK,2019,267,30.000000
NEW YORK,2019,266,30.000000
NEW YORK,2019,265,
NEW YORK,2019,264,
NEW YORK,2019,263,25.000000
NEW YORK,2019,262,25.000000
NEW YORK,2019,261,25.000000
NEW YORK,2019,260,25.000000
NEW YORK,2019,259,25.000000
NEW YORK,2019,258,
NEW YORK,2019,257,
NEW YORK,2019,256,19.750000
NEW YORK,2019,255,19.750000
NEW YORK,2019,254,19.750000
NEW YORK,2019,253,19.500000
NEW YORK,2019,252,14.000000
NEW YORK,2019,251,
NEW YORK,2019,250,
NEW YORK,2019,249,
NEW YORK,2019,248,
NEW YORK,2019,247,17.500000
NEW YORK,2019,246,25.000000
NEW YORK,2019,245,
NEW YORK,2019,244,
NEW YORK,2019,243,
NEW YORK,2019,242,25.000000
NEW YORK,2019,241,25.000000
NEW YORK,2019,240,25.000000
NEW YORK,2019,239,28.000000
NEW YORK,2019,238,
NEW YORK,2019,237,
NEW YORK,2019,236,
NEW YORK,2019,235,
NEW YORK,2019,234,
NEW YORK,2019,233,16.000000
NEW YORK,2019,232,16.000000
NEW YORK,2019,231,
NEW YORK,2019,230,
NEW YORK,2019,229,
NEW YORK,2019,228,
NEW YORK,2019,227,
NEW YORK,2019,226,
NEW YORK,2019,225,
NEW YORK,2019,224,
NEW YORK,2019,223,
NEW YORK,2019,222,
NEW YORK,2019,221,
NEW YORK,2019,220,
NEW YORK,2019,219,28.000000
NEW YORK,2019,218,28.000000
NEW YORK,2019,217,28.000000
NEW YORK,2019,216,
NEW YORK,2019,215,
NEW YORK,2019,214,
NEW YORK,2019,213,
NEW YORK,2019,212,
NEW YORK,2019,211,
NEW YORK,2019,210,
NEW YORK,2019,209,
NEW YORK,2019,208,
NEW YORK,2019,207,
NEW YORK,2019,206,
NEW YORK,2019,205,29.000000
NEW YORK,2019,204,29.000000
NEW YORK,2019,203,29.000000
NEW YORK,2019,202,
NEW YORK,2019,201,
NEW YORK,2019,200,
NEW YORK,2019,199,
NEW YORK,2019,198,
NEW YORK,2019,197,
NEW YORK,2019,196,
NEW YORK,2019,195,
NEW YORK,2019,194,
NEW YORK,2019,193,27.000000
NEW YORK,2019,192,27.000000
NEW YORK,2019,191,27.000000
NEW YORK,2019,190,
NEW YORK,2019,189,
NEW YORK,2019,188,
NEW YORK,2019,187,
NEW YORK,2019,186,
NEW YORK,2019,185,
NEW YORK,2019,184,
NEW YORK,2019,183,
NEW YORK,2019,182,
NEW YORK,2019,181,
NEW YORK,2019,180,
NEW YORK,2019,179,27.000000
NEW YORK,2019,178,27.000000
NEW YORK,2019,177,27.000000
NEW YORK,2019,176,27.000000
NEW YORK,2019,175,27.000000
NEW YORK,2019,174,
NEW YORK,2019,173,
NEW YORK,2019,172,27.000000
NEW YORK,2019,171,27.000000
NEW YORK,2019,170,
NEW YORK,2019,169,
NEW YORK,2019,168,12.000000
NEW YORK,2019,167,
NEW YORK,2019,166,
NEW YORK,2019,165,12.000000
NEW YORK,2019,164,12.000000
NEW YORK,2019,163,12.000000
NEW YORK,2019,162,12.000000
NEW YORK,2019,161,12.000000
NEW YORK,2019,160,
NEW YORK,2019,159,
NEW YORK,2019,158,
NEW YORK,2019,157,
NEW YORK,2019,156,
NEW YORK,2019,155,
NEW YORK,2019,154,
NEW YORK,2019,153,
NEW YORK,2019,152,
NEW YORK,2019,151,
NEW YORK,2019,150,
NEW YORK,2019,149,
NEW YORK,2019,148,
NEW YORK,2019,147,
NEW YORK,2019,146,
NEW YORK,2019,145,
NEW YORK,2019,144,
NEW YORK,2019,143,33.000000
NEW YORK,2019,142,33.000000
NEW YORK,2019,141,
NEW YORK,2019,140,
NEW YORK,2019,139,
NEW YORK,2019,138,
NEW YORK,2019,137,
NEW YORK,2019,136,
NEW YORK,2019,135,
NEW YORK,2019,134,
NEW YORK,2019,133,
NEW YORK,2019,132,
NEW YORK,2019,131,
NEW YORK,2019,130,
NEW YORK,2019,129,
NEW YORK,2019,128,
NEW YORK,2019,127,
NEW YORK,2019,126,
NEW YORK,2019,125,
NEW YORK,2019,124,
NEW YORK,2019,123,
NEW YORK,2019,122,
NEW YORK,2019,121,
NEW YORK,2019,120,
NEW YORK,2019,119,
NEW YORK,2019,118,
NEW YORK,2019,117,
NEW YORK,2019,116,
NEW YORK,2019,115,
NEW YORK,2019,114,
NEW YORK,2019,113,
NEW YORK,2019,112,
NEW YORK,2019,111,
NEW YORK,2019,110,
NEW YORK,2019,109,
NEW YORK,2019,108,
NEW YORK,2019,107,
NEW YORK,2019,106,
NEW YORK,2019,105,
NEW YORK,2019,104,
NEW YORK,2019,103,
NEW YORK,2019,102,
NEW YORK,2019,101,25.000000
NEW YORK,2019,100,28.000000
NEW YORK,2019,99,31.000000
NEW YORK,2019,98,31.000000
NEW YORK,2019,97,
NEW YORK,2019,96,
NEW YORK,2019,95,
NEW YORK,2019,94,
NEW YORK,2019,93,
NEW YORK,2019,92,
NEW YORK,2019,91,
NEW YORK,2019,90,
NEW YORK,2019,89,
NEW YORK,2019,88,
NEW YORK,2019,87,
NEW YORK,2019,86,39.500000
NEW YORK,2019,85,40.000000
NEW YORK,2019,84,40.000000
NEW YORK,2019,83,
NEW YORK,2019,82,
NEW YORK,2019,81,
NEW YORK,2019,80,28.000000
NEW YORK,2019,79,28.000000
NEW YORK,2019,78,28.000000
NEW YORK,2019,77,28.000000
NEW YORK,2019,76,
NEW YORK,2019,75,
NEW YORK,2019,74,28.000000
NEW YORK,2019,73,28.000000
NEW YORK,2019,72,28.000000
NEW YORK,2019,71,28.000000
NEW YORK,2019,70,28.000000
NEW YORK,2019,69,
NEW YORK,2019,68,
NEW YORK,2019,67,28.000000
NEW YORK,2019,66,33.500000
NEW YORK,2019,65,33.500000
NEW YORK,2019,64,33.500000
NEW YORK,2019,63,33.500000
NEW YORK,2019,62,
NEW YORK,2019,61,
NEW YORK,2019,60,28.000000
NEW YORK,2019,59,28.000000
NEW YORK,2019,58,28.000000
NEW YORK,2019,57,28.000000
NEW YORK,2019,56,28.000000
NEW YORK,2019,55,
NEW YORK,2019,54,
NEW YORK,2019,53,28.000000
NEW YORK,2019,52,43.000000
NEW YORK,2019,51,43.000000
NEW YORK,2019,50,43.000000
NEW YORK,2019,49,
NEW YORK,2019,48,
NEW YORK,2019,47,
NEW YORK,2019,46,28.000000
NEW YORK,2019,45,28.000000
NEW YORK,2019,44,46.500000
NEW YORK,2019,43,46.500000
NEW YORK,2019,42,46.500000
NEW YORK,2019,41,
NEW YORK,2019,40,
NEW YORK,2019,39,49.500000
NEW YORK,2019,38,49.500000
NEW YORK,2019,37,49.500000
NEW YORK,2019,36,49.500000
NEW YORK,2019,35,49.500000
NEW YORK,2019,34,
NEW YORK,2019,33,
NEW YORK,2019,32,28.000000
NEW YORK,2019,31,56.500000
NEW YORK,2019,30,56.500000
NEW YORK,2019,29,56.500000
NEW YORK,2019,28,56.500000
NEW YORK,2019,27,
NEW YORK,2019,26,
NEW YORK,2019,25,56.500000
NEW YORK,2019,24,56.500000
NEW YORK,2019,23,28.000000
NEW YORK,2019,22,28.000000
NEW YORK,2019,21,
NEW YORK,2019,20,
NEW YORK,2019,19,
NEW YORK,2019,18,28.000000
NEW YORK,2019,17,28.000000
NEW YORK,2019,16,28.000000
NEW YORK,2019,15,28.000000
NEW YORK,2019,14,28.000000
NEW YORK,2019,13,
NEW YORK,2019,12,
NEW YORK,2019,11,
NEW YORK,2019,10,
NEW YORK,2019,9,
NEW YORK,2019,8,
NEW YORK,2019,7,
NEW YORK,2019,6,
NEW YORK,2019,5,
NEW YORK,2019,4,
NEW YORK,2019,3,
NEW YORK,2019,2,
PHILADELPHIA,2019,366,
PHILADELPHIA,2019,365,27.500000
PHILADELPHIA,2019,364,27.000000
PHILADELPHIA,2019,363,
PHILADELPHIA,2019,362,
PHILADELPHIA,2019,361,27.000000
PHILADELPHIA,2019,360,27.000000
PHILADELPHIA,2019,359,
PHILADELPHIA,2019,358,
PHILADELPHIA,2019,357,27.000000
PHILADELPHIA,2019,356,
PHILADELPHIA,2019,355,
PHILADELPHIA,2019,354,31.500000
PHILADELPHIA,2019,353,31.500000
PHILADELPHIA,2019,352,31.500000
PHILADELPHIA,2019,351,31.500000
PHILADELPHIA,2019,350,31.500000
PHILADELPHIA,2019,349,
PHILADELPHIA,2019,348,
PHILADELPHIA,2019,347,31.500000
PHILADELPHIA,2019,346,31.500000
PHILADELPHIA,2019,345,31.500000
PHILADELPHIA,2019,344,31.500000
PHILADELPHIA,2019,343,31.000000
PHILADELPHIA,2019,342,
PHILADELPHIA,2019,341,
PHILADELPHIA,2019,340,28.500000
PHILADELPHIA,2019,339,28.500000
PHILADELPHIA,2019,338,28.000000
PHILADELPHIA,2019,337,28.000000
PHILADELPHIA,2019,336,
PHILADELPHIA,2019,335,
PHILADELPHIA,2019,334,
PHILADELPHIA,2019,333,
PHILADELPHIA,2019,332,
PHILADELPHIA,2019,331,
PHILADELPHIA,2019,330,
PHILADELPHIA,2019,329,
PHILADELPHIA,2019,328,
PHILADELPHIA,2019,327,
PHILADELPHIA,2019,326,32.000000
PHILADELPHIA,2019,325,32.000000
PHILADELPHIA,2019,324,32.000000
PHILADELPHIA,2019,323,32.000000
PHILADELPHIA,2019,322,27.000000
PHILADELPHIA,2019,321,
PHILADELPHIA,2019,320,
PHILADELPHIA,2019,319,27.000000
PHILADELPHIA,2019,318,27.000000
PHILADELPHIA,2019,317,27.000000
PHILADELPHIA,2019,316,27.000000
PHILADELPHIA,2019,315,
PHILADELPHIA,2019,314,
PHILADELPHIA,2019,313,
PHILADELPHIA,2019,312,30.500000
PHILADELPHIA,2019,311,30.500000
PHILADELPHIA,2019,310,30.500000
PHILADELPHIA,2019,309,34.000000
PHILADELPHIA,2019,308,34.000000
PHILADELPHIA,2019,307,
PHILADELPHIA,2019,306,
PHILADELPHIA,2019,305,24.500000
PHILADELPHIA,2019,304,24.500000
PHILADELPHIA,2019,303,24.500000
PHILADELPHIA,2019,302,24.500000
PHILADELPHIA,2019,301,26.000000
PHILADELPHIA,2019,300,
PHILADELPHIA,2019,299,
PHILADELPHIA,2019,298,21.500000
PHILADELPHIA,2019,297,24.250000
PHILADELPHIA,2019,296,24.250000
PHILADELPHIA,2019,295,23.000000
PHILADELPHIA,2019,294,20.000000
PHILADELPHIA,2019,293,
PHILADELPHIA,2019,292,
PHILADELPHIA,2019,291,30.000000
PHILADELPHIA,2019,290,30.000000
PHILADELPHIA,2019,289,30.000000
PHILADELPHIA,2019,288,30.000000
PHILADELPHIA,2019,287,
PHILADELPHIA,2019,286,
PHILADELPHIA,2019,285,
PHILADELPHIA,2019,284,22.500000
PHILADELPHIA,2019,283,22.500000
PHILADELPHIA,2019,282,22.500000
PHILADELPHIA,2019,281,20.750000
PHILADELPHIA,2019,280,20.750000
PHILADELPHIA,2019,279,
PHILADELPHIA,2019,278,
PHILADELPHIA,2019,277,20.750000
PHILADELPHIA,2019,276,20.750000
PHILADELPHIA,2019,275,20.750000
PHILADELPHIA,2019,274,20.750000
PHILADELPHIA,2019,273,19.500000
PHILADELPHIA,2019,272,
PHILADELPHIA,2019,271,
PHILADELPHIA,2019,270,23.000000
PHILADELPHIA,2019,269,23.000000
PHILADELPHIA,2019,268,23.000000
PHILADELPHIA,2019,267,23.000000
PHILADELPHIA,2019,266,18.500000
PHILADELPHIA,2019,265,
PHILADELPHIA,2019,264,
PHILADELPHIA,2019,263,18.500000
PHILADELPHIA,2019,262,18.500000
PHILADELPHIA,2019,261,18.500000
PHILADELPHIA,2019,260,17.500000
PHILADELPHIA,2019,259,17.500000
PHILADELPHIA,2019,258,
PHILADELPHIA,2019,257,
PHILADELPHIA,2019,256,23.000000
PHILADELPHIA,2019,255,23.000000
PHILADELPHIA,2019,254,23.000000
PHILADELPHIA,2019,253,23.000000
PHILADELPHIA,2019,252,23.000000
PHILADELPHIA,2019,251,
PHILADELPHIA,2019,250,
PHILADELPHIA,2019,249,23.000000
PHILADELPHIA,2019,248,23.000000
PHILADELPHIA,2019,247,23.000000
PHILADELPHIA,2019,246,23.000000
PHILADELPHIA,2019,245,
PHILADELPHIA,2019,244,
PHILADELPHIA,2019,243,
PHILADELPHIA,2019,242,23.000000
PHILADELPHIA,2019,241,23.000000
PHILADELPHIA,2019,240,23.000000
PHILADELPHIA,2019,239,23.000000
PHILADELPHIA,2019,238,23.000000
PHILADELPHIA,2019,237,
PHILADELPHIA,2019,236,
PHILADELPHIA,2019,235,16.500000
PHILADELPHIA,2019,234,16.500000
PHILADELPHIA,2019,233,16.500000
PHILADELPHIA,2019,232,16.500000
PHILADELPHIA,2019,231,16.500000
PHILADELPHIA,2019,230,
PHILADELPHIA,2019,229,
PHILADELPHIA,2019,228,18.750000
PHILADELPHIA,2019,227,18.750000
PHILADELPHIA,2019,226,18.750000
PHILADELPHIA,2019,225,
PHILADELPHIA,2019,224,18.750000
PHILADELPHIA,2019,223,
PHILADELPHIA,2019,222,
PHILADELPHIA,2019,221,
PHILADELPHIA,2019,220,
PHILADELPHIA,2019,219,
PHILADELPHIA,2019,218,
PHILADELPHIA,2019,217,
PHILADELPHIA,2019,216,
PHILADELPHIA,2019,215,
PHILADELPHIA,2019,214,28.000000
PHILADELPHIA,2019,213,28.000000
PHILADELPHIA,2019,212,28.000000
PHILADELPHIA,2019,211,28.000000
PHILADELPHIA,2019,210,28.000000
PHILADELPHIA,2019,209,
PHILADELPHIA,2019,208,
PHILADELPHIA,2019,207,28.000000
PHILADELPHIA,2019,206,28.000000
PHILADELPHIA,2019,205,28.000000
PHILADELPHIA,2019,204,28.000000
PHILADELPHIA,2019,203,28.000000
PHILADELPHIA,2019,202,
PHILADELPHIA,2019,201,
PHILADELPHIA,2019,200,
PHILADELPHIA,2019,199,
PHILADELPHIA,2019,198,
PHILADELPHIA,2019,197,
PHILADELPHIA,2019,196,28.000000
PHILADELPHIA,2019,195,
PHILADELPHIA,2019,194,
PHILADELPHIA,2019,193,28.000000
PHILADELPHIA,2019,192,28.000000
PHILADELPHIA,2019,191,28.000000
PHILADELPHIA,2019,190,28.000000
PHILADELPHIA,2019,189,
PHILADELPHIA,2019,188,
PHILADELPHIA,2019,187,
PHILADELPHIA,2019,186,
PHILADELPHIA,2019,185,
PHILADELPHIA,2019,184,
PHILADELPHIA,2019,183,
PHILADELPHIA,2019,182,
PHILADELPHIA,2019,181,
PHILADELPHIA,2019,180,
PHILADELPHIA,2019,179,23.666666
PHILADELPHIA,2019,178,23.666666
PHILADELPHIA,2019,177,23.666666
PHILADELPHIA,2019,176,23.666666
PHILADELPHIA,2019,175,22.333333
PHILADELPHIA,2019,174,
PHILADELPHIA,2019,173,
PHILADELPHIA,2019,172,24.000000
PHILADELPHIA,2019,171,24.000000
PHILADELPHIA,2019,170,22.666666
PHILADELPHIA,2019,169,22.666666
PHILADELPHIA,2019,168,20.000000
PHILADELPHIA,2019,167,
PHILADELPHIA,2019,166,
PHILADELPHIA,2019,165,21.333333
PHILADELPHIA,2019,164,21.333333
PHILADELPHIA,2019,163,23.000000
PHILADELPHIA,2019,162,23.000000
PHILADELPHIA,2019,161,23.000000
PHILADELPHIA,2019,160,
PHILADELPHIA,2019,159,
PHILADELPHIA,2019,158,25.500000
PHILADELPHIA,2019,157,25.500000
PHILADELPHIA,2019,156,25.500000
PHILADELPHIA,2019,155,24.000000
PHILADELPHIA,2019,154,27.500000
PHILADELPHIA,2019,153,
PHILADELPHIA,2019,152,
PHILADELPHIA,2019,151,27.500000
PHILADELPHIA,2019,150,27.500000
PHILADELPHIA,2019,149,27.500000
PHILADELPHIA,2019,148,27.500000
PHILADELPHIA,2019,147,
PHILADELPHIA,2019,146,
PHILADELPHIA,2019,145,
PHILADELPHIA,2019,144,21.000000
PHILADELPHIA,2019,143,21.000000
PHILADELPHIA,2019,142,
PHILADELPHIA,2019,141,
PHILADELPHIA,2019,140,33.000000
PHILADELPHIA,2019,139,
PHILADELPHIA,2019,138,
PHILADELPHIA,2019,137,26.250000
PHILADELPHIA,2019,136,26.250000
PHILADELPHIA,2019,135,30.500000
PHILADELPHIA,2019,134,30.500000
PHILADELPHIA,2019,133,30.000000
PHILADELPHIA,2019,132,
PHILADELPHIA,2019,131,
PHILADELPHIA,2019,130,33.000000
PHILADELPHIA,2019,129,33.000000
PHILADELPHIA,2019,128,33.000000
PHILADELPHIA,2019,127,33.000000
PHILADELPHIA,2019,126,30.000000
PHILADELPHIA,2019,125,
PHILADELPHIA,2019,124,
PHILADELPHIA,2019,123,30.000000
PHILADELPHIA,2019,122,30.000000
PHILADELPHIA,2019,121,30.000000
PHILADELPHIA,2019,120,30.000000
PHILADELPHIA,2019,119,27.000000
PHILADELPHIA,2019,118,
PHILADELPHIA,2019,117,
PHILADELPHIA,2019,116,
PHILADELPHIA,2019,115,27.000000
PHILADELPHIA,2019,114,
PHILADELPHIA,2019,113,27.000000
PHILADELPHIA,2019,112,
PHILADELPHIA,2019,111,
PHILADELPHIA,2019,110,
PHILADELPHIA,2019,109,25.500000
PHILADELPHIA,2019,108,25.500000
PHILADELPHIA,2019,107,25.500000
PHILADELPHIA,2019,106,25.500000
PHILADELPHIA,2019,105,25.500000
PHILADELPHIA,2019,104,
PHILADELPHIA,2019,103,
PHILADELPHIA,2019,102,27.000000
PHILADELPHIA,2019,101,27.000000
PHILADELPHIA,2019,100,27.000000
PHILADELPHIA,2019,99,27.000000
PHILADELPHIA,2019,98,25.000000
PHILADELPHIA,2019,97,
PHILADELPHIA,2019,96,
PHILADELPHIA,2019,95,29.000000
PHILADELPHIA,2019,94,29.000000
PHILADELPHIA,2019,93,29.000000
PHILADELPHIA,2019,92,29.000000
PHILADELPHIA,2019,91,30.000000
PHILADELPHIA,2019,90,
PHILADELPHIA,2019,89,
PHILADELPHIA,2019,88,30.000000
PHILADELPHIA,2019,87,30.000000
PHILADELPHIA,2019,86,30.000000
PHILADELPHIA,2019,85,30.000000
PHILADELPHIA,2019,84,29.500000
PHILADELPHIA,2019,83,
PHILADELPHIA,2019,82,
PHILADELPHIA,2019,81,29.500000
PHILADELPHIA,2019,80,29.500000
PHILADELPHIA,2019,79,29.500000
PHILADELPHIA,2019,78,29.500000
PHILADELPHIA,2019,77,26.000000
PHILADELPHIA,2019,76,
PHILADELPHIA,2019,75,
PHILADELPHIA,2019,74,28.000000
PHILADELPHIA,2019,73,28.000000
PHILADELPHIA,2019,72,28.000000
PHILADELPHIA,2019,71,28.000000
PHILADELPHIA,2019,70,28.000000
PHILADELPHIA,2019,69,
PHILADELPHIA,2019,68,
PHILADELPHIA,2019,67,25.333333
PHILADELPHIA,2019,66,25.333333
PHILADELPHIA,2019,65,25.333333
PHILADELPHIA,2019,64,30.000000
PHILADELPHIA,2019,63,31.500000
PHILADELPHIA,2019,62,
PHILADELPHIA,2019,61,
PHILADELPHIA,2019,60,35.500000
PHILADELPHIA,2019,59,35.500000
PHILADELPHIA,2019,58,35.500000
PHILADELPHIA,2019,57,
PHILADELPHIA,2019,56,46.000000
PHILADELPHIA,2019,55,
PHILADELPHIA,2019,54,
PHILADELPHIA,2019,53,50.000000
PHILADELPHIA,2019,52,50.000000
PHILADELPHIA,2019,51,50.000000
PHILADELPHIA,2019,50,50.000000
PHILADELPHIA,2019,49,
PHILADELPHIA,2019,48,
PHILADELPHIA,2019,47,
PHILADELPHIA,2019,46,49.500000
PHILADELPHIA,2019,45,49.500000
PHILADELPHIA,2019,44,49.500000
PHILADELPHIA,2019,43,49.500000
PHILADELPHIA,2019,42,49.500000
PHILADELPHIA,2019,41,
PHILADELPHIA,2019,40,
PHILADELPHIA,2019,39,72.500000
PHILADELPHIA,2019,38,72.500000
PHILADELPHIA,2019,37,72.500000
PHILADELPHIA,2019,36,72.500000
PHILADELPHIA,2019,35,72.500000
PHILADELPHIA,2019,34,
PHILADELPHIA,2019,33,
PHILADELPHIA,2019,32,73.000000
PHILADELPHIA,2019,31,73.000000
PHILADELPHIA,2019,30,73.000000
PHILADELPHIA,2019,29,73.000000
PHILADELPHIA,2019,28,
PHILADELPHIA,2019,27,
PHILADELPHIA,2019,26,
PHILADELPHIA,2019,25,
PHILADELPHIA,2019,24,
PHILADELPHIA,2019,23,
PHILADELPHIA,2019,22,
PHILADELPHIA,2019,21,
PHILADELPHIA,2019,20,
PHILADELPHIA,2019,19,
PHILADELPHIA,2019,18,
PHILADELPHIA,2019,17,
PHILADELPHIA,2019,16,
PHILADELPHIA,2019,15,
PHILADELPHIA,2019,14,
PHILADELPHIA,2019,13,
PHILADELPHIA,2019,12,
PHILADELPHIA,2019,11,
PHILADELPHIA,2019,10,
PHILADELPHIA,2019,9,
PHILADELPHIA,2019,8,
PHILADELPHIA,2019,7,
PHILADELPHIA,2019,6,
PHILADELPHIA,2019,5,
PHILADELPHIA,2019,4,44.000000
PHILADELPHIA,2019,3,44.000000
PHILADELPHIA,2019,2,44.000000
BALTIMORE,2018,366,
BALTIMORE,2018,365,60.000000
BALTIMORE,2018,364,
BALTIMORE,2018,363,
BALTIMORE,2018,362,54.500000
BALTIMORE,2018,361,52.500000
BALTIMORE,2018,360,
BALTIMORE,2018,359,
BALTIMORE,2018,358,
BALTIMORE,2018,357,
BALTIMORE,2018,356,
BALTIMORE,2018,355,61.000000
BALTIMORE,2018,354,58.000000
BALTIMORE,2018,353,48.500000
BALTIMORE,2018,352,48.500000
BALTIMORE,2018,351,48.500000
BALTIMORE,2018,350,
BALTIMORE,2018,349,
BALTIMORE,2018,348,
BALTIMORE,2018,347,42.000000
BALTIMORE,2018,346,30.000000
BALTIMORE,2018,345,30.000000
BALTIMORE,2018,344,30.000000
BALTIMORE,2018,343,
BALTIMORE,2018,342,
BALTIMORE,2018,341,30.000000
BALTIMORE,2018,340,30.000000
BALTIMORE,2018,339,29.500000
BALTIMORE,2018,338,29.500000
BALTIMORE,2018,337,29.500000
BALTIMORE,2018,336,
BALTIMORE,2018,335,
BALTIMORE,2018,334,28.500000
BALTIMORE,2018,333,28.500000
BALTIMORE,2018,332,28.500000
BALTIMORE,2018,331,28.500000
BALTIMORE,2018,330,28.500000
BALTIMORE,2018,329,
BALTIMORE,2018,328,
BALTIMORE,2018,327,33.000000
BALTIMORE,2018,326,
BALTIMORE,2018,325,33.000000
BALTIMORE,2018,324,30.500000
BALTIMORE,2018,323,25.666666
BALTIMORE,2018,322,
BALTIMORE,2018,321,
BALTIMORE,2018,320,24.500000
BALTIMORE,2018,319,33.000000
BALTIMORE,2018,318,32.500000
BALTIMORE,2018,317,32.500000
BALTIMORE,2018,316,
BALTIMORE,2018,315,
BALTIMORE,2018,314,
BALTIMORE,2018,313,30.666666
BALTIMORE,2018,312,29.500000
BALTIMORE,2018,311,29.500000
BALTIMORE,2018,310,30.333333
BALTIMORE,2018,309,30.333333
BALTIMORE,2018,308,
BALTIMORE,2018,307,
BALTIMORE,2018,306,24.500000
BALTIMORE,2018,305,24.500000
BALTIMORE,2018,304,24.500000
BALTIMORE,2018,303,24.250000
BALTIMORE,2018,302,24.250000
BALTIMORE,2018,301,
BALTIMORE,2018,300,
BALTIMORE,2018,299,24.750000
BALTIMORE,2018,298,24.750000
BALTIMORE,2018,297,24.750000
BALTIMORE,2018,296,24.750000
BALTIMORE,2018,295,24.750000
BALTIMORE,2018,294,
BALTIMORE,2018,293,
BALTIMORE,2018,292,21.500000
BALTIMORE,2018,291,21.500000
BALTIMORE,2018,290,21.250000
BALTIMORE,2018,289,21.250000
BALTIMORE,2018,288,21.250000
BALTIMORE,2018,287,
BALTIMORE,2018,286,
BALTIMORE,2018,285,19.500000
BALTIMORE,2018,284,19.500000
BALTIMORE,2018,283,21.500000
BALTIMORE,2018,282,22.000000
BALTIMORE,2018,281,
BALTIMORE,2018,280,
BALTIMORE,2018,279,
BALTIMORE,2018,278,22.000000
BALTIMORE,2018,277,22.000000
BALTIMORE,2018,276,22.000000
BALTIMORE,2018,275,21.500000
BALTIMORE,2018,274,21.500000
BALTIMORE,2018,273,
BALTIMORE,2018,272,
BALTIMORE,2018,271,22.500000
BALTIMORE,2018,270,22.500000
BALTIMORE,2018,269,22.500000
BALTIMORE,2018,268,22.500000
BALTIMORE,2018,267,22.500000
BALTIMORE,2018,266,
BALTIMORE,2018,265,
BALTIMORE,2018,264,20.000000
BALTIMORE,2018,263,20.000000
BALTIMORE,2018,262,20.000000
BALTIMORE,2018,261,20.000000
BALTIMORE,2018,260,20.000000
BALTIMORE,2018,259,
BALTIMORE,2018,258,
BALTIMORE,2018,257,22.000000
BALTIMORE,2018,256,22.000000
BALTIMORE,2018,255,20.000000
BALTIMORE,2018,254,20.000000
BALTIMORE,2018,253,20.000000
BALTIMORE,2018,252,
BALTIMORE,2018,251,
BALTIMORE,2018,250,20.000000
BALTIMORE,2018,249,20.000000
BALTIMORE,2018,248,19.500000
BALTIMORE,2018,247,19.000000
BALTIMORE,2018,246,
BALTIMORE,2018,245,
BALTIMORE,2018,244,
BALTIMORE,2018,243,19.000000
BALTIMORE,2018,242,19.000000
BALTIMORE,2018,241,19.000000
BALTIMORE,2018,240,19.000000
BALTIMORE,2018,239,19.000000
BALTIMORE,2018,238,
BALTIMORE,2018,237,
BALTIMORE,2018,236,19.000000
BALTIMORE,2018,235,19.000000
BALTIMORE,2018,234,19.000000
BALTIMORE,2018,233,19.000000
BALTIMORE,2018,232,
BALTIMORE,2018,231,
BALTIMORE,2018,230,
BALTIMORE,2018,229,18.000000
BALTIMORE,2018,228,18.000000
BALTIMORE,2018,227,18.000000
BALTIMORE,2018,226,18.000000
BALTIMORE,2018,225,18.000000
BALTIMORE,2018,224,
BALTIMORE,2018,223,
BALTIMORE,2018,222,18.000000
BALTIMORE,2018,221,18.000000
BALTIMORE,2018,220,18.000000
BALTIMORE,2018,219,18.000000
BALTIMORE,2018,218,18.000000
BALTIMORE,2018,217,
BALTIMORE,2018,216,
BALTIMORE,2018,215,18.000000
BALTIMORE,2018,214,18.000000
BALTIMORE,2018,213,18.000000
BALTIMORE,2018,212,18.000000
BALTIMORE,2018,211,18.000000
BALTIMORE,2018,210,
BALTIMORE,2018,209,
BALTIMORE,2018,208,18.000000
BALTIMORE,2018,207,18.000000
BALTIMORE,2018,206,18.250000
BALTIMORE,2018,205,18.250000
BALTIMORE,2018,204,18.250000
BALTIMORE,2018,203,
BALTIMORE,2018,202,
BALTIMORE,2018,201,18.000000
BALTIMORE,2018,200,18.000000
BALTIMORE,2018,199,18.500000
BALTIMORE,2018,198,18.500000
BALTIMORE,2018,197,18.500000
BALTIMORE,2018,196,
BALTIMORE,2018,195,
BALTIMORE,2018,194,18.500000
BALTIMORE,2018,193,18.500000
BALTIMORE,2018,192,18.000000
BALTIMORE,2018,191,18.000000
BALTIMORE,2018,190,18.000000
BALTIMORE,2018,189,
BALTIMORE,2018,188,
BALTIMORE,2018,187,17.500000
BALTIMORE,2018,186,17.500000
BALTIMORE,2018,185,
BALTIMORE,2018,184,18.250000
BALTIMORE,2018,183,17.500000
BALTIMORE,2018,182,
BALTIMORE,2018,181,
BALTIMORE,2018,180,17.500000
BALTIMORE,2018,179,17.250000
BALTIMORE,2018,178,17.000000
BALTIMORE,2018,177,17.000000
BALTIMORE,2018,176,17.000000
BALTIMORE,2018,175,
BALTIMORE,2018,174,
BALTIMORE,2018,173,16.500000
BALTIMORE,2018,172,16.500000
BALTIMORE,2018,171,16.500000
BALTIMORE,2018,170,19.000000
BALTIMORE,2018,169,19.000000
BALTIMORE,2018,168,
BALTIMORE,2018,167,
BALTIMORE,2018,166,17.000000
BALTIMORE,2018,165,17.000000
BALTIMORE,2018,164,
BALTIMORE,2018,163,18.000000
BALTIMORE,2018,162,18.000000
BALTIMORE,2018,161,
BALTIMORE,2018,160,
BALTIMORE,2018,159,19.000000
BALTIMORE,2018,158,19.000000
BALTIMORE,2018,157,19.000000
BALTIMORE,2018,156,19.000000
BALTIMORE,2018,155,19.000000
BALTIMORE,2018,154,
BALTIMORE,2018,153,
BALTIMORE,2018,152,19.000000
BALTIMORE,2018,151,19.000000
BALTIMORE,2018,150,17.500000
BALTIMORE,2018,149,17.500000
BALTIMORE,2018,148,
BALTIMORE,2018,147,
BALTIMORE,2018,146,
BALTIMORE,2018,145,17.000000
BALTIMORE,2018,144,17.000000
BALTIMORE,2018,143,19.500000
BALTIMORE,2018,142,19.500000
BALTIMORE,2018,141,19.500000
BALTIMORE,2018,140,
BALTIMORE,2018,139,
BALTIMORE,2018,138,23.500000
BALTIMORE,2018,137,23.500000
BALTIMORE,2018,136,23.500000
BALTIMORE,2018,135,23.500000
BALTIMORE,2018,134,23.500000
BALTIMORE,2018,133,
BALTIMORE,2018,132,
BALTIMORE,2018,131,23.500000
BALTIMORE,2018,130,23.500000
BALTIMORE,2018,129,23.500000
BALTIMORE,2018,128,23.500000
BALTIMORE,2018,127,23.500000
BALTIMORE,2018,126,
BALTIMORE,2018,125,
BALTIMORE,2018,124,23.500000
BALTIMORE,2018,123,23.500000
BALTIMORE,2018,122,23.500000
BALTIMORE,2018,121,24.000000
BALTIMORE,2018,120,24.000000
BALTIMORE,2018,119,
BALTIMORE,2018,118,
BALTIMORE,2018,117,24.000000
BALTIMORE,2018,116,24.000000
BALTIMORE,2018,115,24.500000
BALTIMORE,2018,114,23.000000
BALTIMORE,2018,113,23.000000
BALTIMORE,2018,112,
BALTIMORE,2018,111,
BALTIMORE,2018,110,23.000000
BALTIMORE,2018,109,23.000000
BALTIMORE,2018,108,18.500000
BALTIMORE,2018,107,18.500000
BALTIMORE,2018,106,18.500000
BALTIMORE,2018,105,
BALTIMORE,2018,104,
BALTIMORE,2018,103,19.500000
BALTIMORE,2018,102,23.000000
BALTIMORE,2018,101,23.000000
BALTIMORE,2018,100,23.000000
BALTIMORE,2018,99,23.000000
BALTIMORE,2018,98,
BALTIMORE,2018,97,
BALTIMORE,2018,96,22.000000
BALTIMORE,2018,95,20.000000
BALTIMORE,2018,94,22.000000
BALTIMORE,2018,93,22.000000
BALTIMORE,2018,92,22.000000
BALTIMORE,2018,91,
BALTIMORE,2018,90,
BALTIMORE,2018,89,19.500000
BALTIMORE,2018,88,19.500000
BALTIMORE,2018,87,22.500000
BALTIMORE,2018,86,22.500000
BALTIMORE,2018,85,20.000000
BALTIMORE,2018,84,
BALTIMORE,2018,83,
BALTIMORE,2018,82,19.500000
BALTIMORE,2018,81,19.500000
BALTIMORE,2018,80,
BALTIMORE,2018,79,20.000000
BALTIMORE,2018,78,20.000000
BALTIMORE,2018,77,
BALTIMORE,2018,76,
BALTIMORE,2018,75,19.000000
BALTIMORE,2018,74,19.000000
BALTIMORE,2018,73,16.500000
BALTIMORE,2018,72,16.500000
BALTIMORE,2018,71,16.500000
BALTIMORE,2018,70,
BALTIMORE,2018,69,
BALTIMORE,2018,68,
BALTIMORE,2018,67,
BALTIMORE,2018,66,16.500000
BALTIMORE,2018,65,16.500000
BALTIMORE,2018,64,17.000000
BALTIMORE,2018,63,
BALTIMORE,2018,62,
BALTIMORE,2018,61,17.000000
BALTIMORE,2018,60,17.000000
BALTIMORE,2018,59,20.333333
BALTIMORE,2018,58,20.333333
BALTIMORE,2018,57,20.333333
BALTIMORE,2018,56,
BALTIMORE,2018,55,
BALTIMORE,2018,54,19.000000
BALTIMORE,2018,53,19.000000
BALTIMORE,2018,52,20.500000
BALTIMORE,2018,51,20.500000
BALTIMORE,2018,50,
BALTIMORE,2018,49,
BALTIMORE,2018,48,
BALTIMORE,2018,47,20.000000
BALTIMORE,2018,46,20.000000
BALTIMORE,2018,45,19.000000
BALTIMORE,2018,44,19.000000
BALTIMORE,2018,43,20.000000
BALTIMORE,2018,42,
BALTIMORE,2018,41,
BALTIMORE,2018,40,20.000000
BALTIMORE,2018,39,20.000000
BALTIMORE,2018,38,18.000000
BALTIMORE,2018,37,18.000000
BALTIMORE,2018,36,18.000000
BALTIMORE,2018,35,
BALTIMORE,2018,34,
BALTIMORE,2018,33,17.500000
BALTIMORE,2018,32,17.500000
BALTIMORE,2018,31,17.000000
BALTIMORE,2018,30,17.000000
BALTIMORE,2018,29,17.000000
BALTIMORE,2018,28,
BALTIMORE,2018,27,
BALTIMORE,2018,26,19.000000
BALTIMORE,2018,25,18.000000
BALTIMORE,2018,24,18.000000
BALTIMORE,2018,23,18.000000
BALTIMORE,2018,22,18.000000
BALTIMORE,2018,21,
BALTIMORE,2018,20,
BALTIMORE,2018,19,19.000000
BALTIMORE,2018,18,21.000000
BALTIMORE,2018,17,20.000000
BALTIMORE,2018,16,20.000000
BALTIMORE,2018,15,
BALTIMORE,2018,14,
BALTIMORE,2018,13,
BALTIMORE,2018,12,23.000000
BALTIMORE,2018,11,21.500000
BALTIMORE,2018,10,20.000000
BALTIMORE,2018,9,20.000000
BALTIMORE,2018,8,20.000000
BALTIMORE,2018,7,
BALTIMORE,2018,6,
BALTIMORE,2018,5,22.500000
BALTIMORE,2018,4,32.500000
BALTIMORE,2018,3,22.000000
BALTIMORE,2018,2,22.000000
BOSTON,2018,366,
BOSTON,2018,365,21.000000
BOSTON,2018,364,
BOSTON,2018,363,
BOSTON,2018,362,21.000000
BOSTON,2018,361,21.000000
BOSTON,2018,360,21.000000
BOSTON,2018,359,
BOSTON,2018,358,
BOSTON,2018,357,
BOSTON,2018,356,
BOSTON,2018,355,18.000000
BOSTON,2018,354,18.000000
BOSTON,2018,353,18.000000
BOSTON,2018,352,18.000000
BOSTON,2018,351,24.000000
BOSTON,2018,350,
BOSTON,2018,349,
BOSTON,2018,348,24.000000
BOSTON,2018,347,24.000000
BOSTON,2018,346,24.000000
BOSTON,2018,345,24.000000
BOSTON,2018,344,24.000000
BOSTON,2018,343,
BOSTON,2018,342,
BOSTON,2018,341,24.000000
BOSTON,2018,340,24.000000
BOSTON,2018,339,24.000000
BOSTON,2018,338,24.000000
BOSTON,2018,337,24.000000
BOSTON,2018,336,
BOSTON,2018,335,
BOSTON,2018,334,24.000000
BOSTON,2018,333,24.000000
BOSTON,2018,332,24.000000
BOSTON,2018,331,24.000000
BOSTON,2018,330,24.000000
BOSTON,2018,329,
BOSTON,2018,328,
BOSTON,2018,327,24.000000
BOSTON,2018,326,
BOSTON,2018,325,24.000000
BOSTON,2018,324,24.000000
BOSTON,2018,323,24.000000
BOSTON,2018,322,
BOSTON,2018,321,
BOSTON,2018,320,24.000000
BOSTON,2018,319,24.000000
BOSTON,2018,318,24.000000
BOSTON,2018,317,24.000000
BOSTON,2018,316,
BOSTON,2018,315,
BOSTON,2018,314,
BOSTON,2018,313,24.000000
BOSTON,2018,312,24.000000
BOSTON,2018,311,24.000000
BOSTON,2018,310,24.000000
BOSTON,2018,309,24.000000
BOSTON,2018,308,
BOSTON,2018,307,
BOSTON,2018,306,24.000000
BOSTON,2018,305,24.000000
BOSTON,2018,304,24.000000
BOSTON,2018,303,18.000000
BOSTON,2018,302,18.000000
BOSTON,2018,301,
BOSTON,2018,300,
BOSTON,2018,299,18.000000
BOSTON,2018,298,18.000000
BOSTON,2018,297,18.000000
BOSTON,2018,296,18.000000
BOSTON,2018,295,18.000000
BOSTON,2018,294,
BOSTON,2018,293,
BOSTON,2018,292,18.000000
BOSTON,2018,291,18.000000
BOSTON,2018,290,18.000000
BOSTON,2018,289,18.000000
BOSTON,2018,288,18.000000
BOSTON,2018,287,
BOSTON,2018,286,
BOSTON,2018,285,18.000000
BOSTON,2018,284,18.000000
BOSTON,2018,283,18.000000
BOSTON,2018,282,18.000000
BOSTON,2018,281,
BOSTON,2018,280,
BOSTON,2018,279,
BOSTON,2018,278,18.000000
BOSTON,2018,277,18.000000
BOSTON,2018,276,18.000000
BOSTON,2018,275,18.000000
BOSTON,2018,274,18.000000
BOSTON,2018,273,
BOSTON,2018,272,
BOSTON,2018,271,18.000000
BOSTON,2018,270,18.000000
BOSTON,2018,269,18.000000
BOSTON,2018,268,18.000000
BOSTON,2018,267,18.000000
BOSTON,2018,266,
BOSTON,2018,265,
BOSTON,2018,264,18.000000
BOSTON,2018,263,18.000000
BOSTON,2018,262,18.000000
BOSTON,2018,261,18.000000
BOSTON,2018,260,18.000000
BOSTON,2018,259,
BOSTON,2018,258,
BOSTON,2018,257,18.000000
BOSTON,2018,256,18.000000
BOSTON,2018,255,18.000000
BOSTON,2018,254,18.000000
BOSTON,2018,253,18.000000
BOSTON,2018,252,
BOSTON,2018,251,
BOSTON,2018,250,18.000000
BOSTON,2018,249,18.000000
BOSTON,2018,248,18.000000
BOSTON,2018,247,18.000000
BOSTON,2018,246,
BOSTON,2018,245,
BOSTON,2018,244,
BOSTON,2018,243,18.000000
BOSTON,2018,242,18.000000
BOSTON,2018,241,18.000000
BOSTON,2018,240,18.000000
BOSTON,2018,239,18.000000
BOSTON,2018,238,
BOSTON,2018,237,
BOSTON,2018,236,18.000000
BOSTON,2018,235,18.000000
BOSTON,2018,234,
BOSTON,2018,233,18.000000
BOSTON,2018,232,18.000000
BOSTON,2018,231,
BOSTON,2018,230,
BOSTON,2018,229,18.000000
BOSTON,2018,228,18.000000
BOSTON,2018,227,18.000000
BOSTON,2018,226,18.000000
BOSTON,2018,225,18.000000
BOSTON,2018,224,
BOSTON,2018,223,
BOSTON,2018,222,18.000000
BOSTON,2018,221,18.000000
BOSTON,2018,220,18.000000
BOSTON,2018,219,18.000000
BOSTON,2018,218,18.000000
BOSTON,2018,217,
BOSTON,2018,216,
BOSTON,2018,215,18.000000
BOSTON,2018,214,18.000000
BOSTON,2018,213,18.000000
BOSTON,2018,212,18.000000
BOSTON,2018,211,18.000000
BOSTON,2018,210,
BOSTON,2018,209,
BOSTON,2018,208,18.000000
BOSTON,2018,207,18.000000
BOSTON,2018,206,18.000000
BOSTON,2018,205,18.000000
BOSTON,2018,204,18.000000
BOSTON,2018,203,
BOSTON,2018,202,
BOSTON,2018,201,18.000000
BOSTON,2018,200,18.000000
BOSTON,2018,199,18.000000
BOSTON,2018,198,18.000000
BOSTON,2018,197,18.000000
BOSTON,2018,196,
BOSTON,2018,195,
BOSTON,2018,194,18.000000
BOSTON,2018,193,18.000000
BOSTON,2018,192,18.000000
BOSTON,2018,191,18.000000
BOSTON,2018,190,18.000000
BOSTON,2018,189,
BOSTON,2018,188,
BOSTON,2018,187,18.000000
BOSTON,2018,186,18.000000
BOSTON,2018,185,
BOSTON,2018,184,18.000000
BOSTON,2018,183,18.000000
BOSTON,2018,182,
BOSTON,2018,181,
BOSTON,2018,180,18.000000
BOSTON,2018,179,18.000000
BOSTON,2018,178,18.000000
BOSTON,2018,177,18.000000
BOSTON,2018,176,18.000000
BOSTON,2018,175,
BOSTON,2018,174,
BOSTON,2018,173,18.000000
BOSTON,2018,172,18.000000
BOSTON,2018,171,18.000000
BOSTON,2018,170,18.000000
BOSTON,2018,169,18.000000
BOSTON,2018,168,
BOSTON,2018,167,
BOSTON,2018,166,18.000000
BOSTON,2018,165,18.000000
BOSTON,2018,164,18.000000
BOSTON,2018,163,18.000000
BOSTON,2018,162,18.000000
BOSTON,2018,161,
BOSTON,2018,160,
BOSTON,2018,159,18.000000
BOSTON,2018,158,18.000000
BOSTON,2018,157,18.000000
BOSTON,2018,156,18.000000
BOSTON,2018,155,18.000000
BOSTON,2018,154,
BOSTON,2018,153,
BOSTON,2018,152,17.000000
BOSTON,2018,151,
BOSTON,2018,150,17.000000
BOSTON,2018,149,17.000000
BOSTON,2018,148,
BOSTON,2018,147,
BOSTON,2018,146,
BOSTON,2018,145,17.000000
BOSTON,2018,144,17.000000
BOSTON,2018,143,17.000000
BOSTON,2018,142,17.000000
BOSTON,2018,141,17.000000
BOSTON,2018,140,
BOSTON,2018,139,
BOSTON,2018,138,17.000000
BOSTON,2018,137,18.000000
BOSTON,2018,136,18.000000
BOSTON,2018,135,18.000000
BOSTON,2018,134,18.000000
BOSTON,2018,133,
BOSTON,2018,132,
BOSTON,2018,131,18.000000
BOSTON,2018,130,19.000000
BOSTON,2018,129,19.000000
BOSTON,2018,128,19.000000
BOSTON,2018,127,19.000000
BOSTON,2018,126,
BOSTON,2018,125,
BOSTON,2018,124,19.000000
BOSTON,2018,123,17.000000
BOSTON,2018,122,17.000000
BOSTON,2018,121,17.000000
BOSTON,2018,120,17.000000
BOSTON,2018,119,
BOSTON,2018,118,
BOSTON,2018,117,17.000000
BOSTON,2018,116,19.000000
BOSTON,2018,115,19.000000
BOSTON,2018,114,19.000000
BOSTON,2018,113,19.000000
BOSTON,2018,112,
BOSTON,2018,111,
BOSTON,2018,110,19.000000
BOSTON,2018,109,17.000000
BOSTON,2018,108,17.000000
BOSTON,2018,107,17.000000
BOSTON,2018,106,17.000000
BOSTON,2018,105,
BOSTON,2018,104,
BOSTON,2018,103,17.000000
BOSTON,2018,102,18.000000
BOSTON,2018,101,18.000000
BOSTON,2018,100,18.000000
BOSTON,2018,99,18.000000
BOSTON,2018,98,
BOSTON,2018,97,
BOSTON,2018,96,18.000000
BOSTON,2018,95,
BOSTON,2018,94,
BOSTON,2018,93,
BOSTON,2018,92,
BOSTON,2018,91,
BOSTON,2018,90,
BOSTON,2018,89,
BOSTON,2018,88,18.000000
BOSTON,2018,87,18.000000
BOSTON,2018,86,18.000000
BOSTON,2018,85,18.000000
BOSTON,2018,84,
BOSTON,2018,83,
BOSTON,2018,82,18.000000
BOSTON,2018,81,18.000000
BOSTON,2018,80,18.000000
BOSTON,2018,79,18.000000
BOSTON,2018,78,18.000000
BOSTON,2018,77,
BOSTON,2018,76,
BOSTON,2018,75,18.000000
BOSTON,2018,74,18.000000
BOSTON,2018,73,18.000000
BOSTON,2018,72,
BOSTON,2018,71,18.000000
BOSTON,2018,70,
BOSTON,2018,69,
BOSTON,2018,68,18.000000
BOSTON,2018,67,
BOSTON,2018,66,18.000000
BOSTON,2018,65,18.000000
BOSTON,2018,64,18.000000
BOSTON,2018,63,
BOSTON,2018,62,
BOSTON,2018,61,18.000000
BOSTON,2018,60,24.500000
BOSTON,2018,59,24.500000
BOSTON,2018,58,24.500000
BOSTON,2018,57,24.500000
BOSTON,2018,56,
BOSTON,2018,55,
BOSTON,2018,54,24.500000
BOSTON,2018,53,18.000000
BOSTON,2018,52,18.000000
BOSTON,2018,51,18.000000
BOSTON,2018,50,
BOSTON,2018,49,
BOSTON,2018,48,
BOSTON,2018,47,18.000000
BOSTON,2018,46,19.000000
BOSTON,2018,45,19.000000
BOSTON,2018,44,19.000000
BOSTON,2018,43,19.000000
BOSTON,2018,42,
BOSTON,2018,41,
BOSTON,2018,40,19.000000
BOSTON,2018,39,29.500000
BOSTON,2018,38,29.500000
BOSTON,2018,37,29.500000
BOSTON,2018,36,29.500000
BOSTON,2018,35,
BOSTON,2018,34,
BOSTON,2018,33,29.500000
BOSTON,2018,32,28.750000
BOSTON,2018,31,28.750000
BOSTON,2018,30,28.750000
BOSTON,2018,29,28.750000
BOSTON,2018,28,
BOSTON,2018,27,
BOSTON,2018,26,28.750000
BOSTON,2018,25,23.000000
BOSTON,2018,24,23.000000
BOSTON,2018,23,23.000000
BOSTON,2018,22,23.000000
BOSTON,2018,21,
BOSTON,2018,20,
BOSTON,2018,19,23.000000
BOSTON,2018,18,23.000000
BOSTON,2018,17,23.000000
BOSTON,2018,16,23.000000
BOSTON,2018,15,
BOSTON,2018,14,
BOSTON,2018,13,
BOSTON,2018,12,23.000000
BOSTON,2018,11,21.000000
BOSTON,2018,10,21.000000
BOSTON,2018,9,21.000000
BOSTON,2018,8,21.000000
BOSTON,2018,7,
BOSTON,2018,6,
BOSTON,2018,5,21.000000
BOSTON,2018,4,
BOSTON,2018,3,23.000000
BOSTON,2018,2,23.000000
CHICAGO,2018,366,
CHICAGO,2018,365,46.500000
CHICAGO,2018,364,
CHICAGO,2018,363,
CHICAGO,2018,362,46.500000
CHICAGO,2018,361,
CHICAGO,2018,360,
CHICAGO,2018,359,
CHICAGO,2018,358,
CHICAGO,2018,357,
CHICAGO,2018,356,
CHICAGO,2018,355,48.000000
CHICAGO,2018,354,48.000000
CHICAGO,2018,353,48.000000
CHICAGO,2018,352,42.666666
CHICAGO,2018,351,
CHICAGO,2018,350,
CHICAGO,2018,349,
CHICAGO,2018,348,
CHICAGO,2018,347,36.833333
CHICAGO,2018,346,25.750000
CHICAGO,2018,345,25.750000
CHICAGO,2018,344,25.875000
CHICAGO,2018,343,
CHICAGO,2018,342,
CHICAGO,2018,341,
CHICAGO,2018,340,25.875000
CHICAGO,2018,339,25.875000
CHICAGO,2018,338,25.875000
CHICAGO,2018,337,26.125000
CHICAGO,2018,336,
CHICAGO,2018,335,
CHICAGO,2018,334,26.125000
CHICAGO,2018,333,26.125000
CHICAGO,2018,332,26.125000
CHICAGO,2018,331,26.125000
CHICAGO,2018,330,26.125000
CHICAGO,2018,329,
CHICAGO,2018,328,
CHICAGO,2018,327,26.125000
CHICAGO,2018,326,
CHICAGO,2018,325,26.125000
CHICAGO,2018,324,26.125000
CHICAGO,2018,323,26.125000
CHICAGO,2018,322,
CHICAGO,2018,321,
CHICAGO,2018,320,26.125000
CHICAGO,2018,319,26.125000
CHICAGO,2018,318,26.125000
CHICAGO,2018,317,26.125000
CHICAGO,2018,316,
CHICAGO,2018,315,
CHICAGO,2018,314,
CHICAGO,2018,313,25.250000
CHICAGO,2018,312,25.250000
CHICAGO,2018,311,25.250000
CHICAGO,2018,310,
CHICAGO,2018,309,26.625000
CHICAGO,2018,308,
CHICAGO,2018,307,
CHICAGO,2018,306,26.625000
CHICAGO,2018,305,26.625000
CHICAGO,2018,304,26.625000
CHICAGO,2018,303,26.625000
CHICAGO,2018,302,23.750000
CHICAGO,2018,301,
CHICAGO,2018,300,
CHICAGO,2018,299,23.750000
CHICAGO,2018,298,23.750000
CHICAGO,2018,297,23.750000
CHICAGO,2018,296,23.750000
CHICAGO,2018,295,22.500000
CHICAGO,2018,294,
CHICAGO,2018,293,
CHICAGO,2018,292,22.500000
CHICAGO,2018,291,22.500000
CHICAGO,2018,290,21.750000
CHICAGO,2018,289,21.750000
CHICAGO,2018,288,21.750000
CHICAGO,2018,287,
CHICAGO,2018,286,
CHICAGO,2018,285,21.750000
CHICAGO,2018,284,21.750000
CHICAGO,2018,283,21.750000
CHICAGO,2018,282,21.625000
CHICAGO,2018,281,
CHICAGO,2018,280,
CHICAGO,2018,279,
CHICAGO,2018,278,21.625000
CHICAGO,2018,277,21.625000
CHICAGO,2018,276,21.625000
CHICAGO,2018,275,21.625000
CHICAGO,2018,274,20.000000
CHICAGO,2018,273,
CHICAGO,2018,272,
CHICAGO,2018,271,20.000000
CHICAGO,2018,270,20.000000
CHICAGO,2018,269,20.000000
CHICAGO,2018,268,20.000000
CHICAGO,2018,267,19.750000
CHICAGO,2018,266,
CHICAGO,2018,265,
CHICAGO,2018,264,19.750000
CHICAGO,2018,263,19.750000
CHICAGO,2018,262,19.750000
CHICAGO,2018,261,19.750000
CHICAGO,2018,260,19.750000
CHICAGO,2018,259,
CHICAGO,2018,258,
CHICAGO,2018,257,19.750000
CHICAGO,2018,256,19.750000
CHICAGO,2018,255,19.750000
CHICAGO,2018,254,19.750000
CHICAGO,2018,253,19.750000
CHICAGO,2018,252,
CHICAGO,2018,251,
CHICAGO,2018,250,20.875000
CHICAGO,2018,249,20.875000
CHICAGO,2018,248,20.875000
CHICAGO,2018,247,20.250000
CHICAGO,2018,246,
CHICAGO,2018,245,
CHICAGO,2018,244,
CHICAGO,2018,243,20.250000
CHICAGO,2018,242,20.250000
CHICAGO,2018,241,20.250000
CHICAGO,2018,240,20.250000
CHICAGO,2018,239,20.250000
CHICAGO,2018,238,
CHICAGO,2018,237,
CHICAGO,2018,236,21.000000
CHICAGO,2018,235,21.000000
CHICAGO,2018,234,21.000000
CHICAGO,2018,233,21.000000
CHICAGO,2018,232,20.000000
CHICAGO,2018,231,
CHICAGO,2018,230,
CHICAGO,2018,229,20.000000
CHICAGO,2018,228,20.000000
CHICAGO,2018,227,20.000000
CHICAGO,2018,226,20.000000
CHICAGO,2018,225,18.833333
CHICAGO,2018,224,
CHICAGO,2018,223,
CHICAGO,2018,222,18.833333
CHICAGO,2018,221,18.833333
CHICAGO,2018,220,18.833333
CHICAGO,2018,219,18.833333
CHICAGO,2018,218,19.833333
CHICAGO,2018,217,
CHICAGO,2018,216,
CHICAGO,2018,215,19.833333
CHICAGO,2018,214,19.833333
CHICAGO,2018,213,19.500000
CHICAGO,2018,212,19.500000
CHICAGO,2018,211,19.500000
CHICAGO,2018,210,
CHICAGO,2018,209,
CHICAGO,2018,208,19.500000
CHICAGO,2018,207,19.500000
CHICAGO,2018,206,19.500000
CHICAGO,2018,205,19.500000
CHICAGO,2018,204,19.500000
CHICAGO,2018,203,
CHICAGO,2018,202,
CHICAGO,2018,201,20.666666
CHICAGO,2018,200,20.666666
CHICAGO,2018,199,20.666666
CHICAGO,2018,198,20.666666
CHICAGO,2018,197,20.833333
CHICAGO,2018,196,
CHICAGO,2018,195,
CHICAGO,2018,194,20.833333
CHICAGO,2018,193,20.833333
CHICAGO,2018,192,20.833333
CHICAGO,2018,191,20.833333
CHICAGO,2018,190,
CHICAGO,2018,189,
CHICAGO,2018,188,
CHICAGO,2018,187,18.833333
CHICAGO,2018,186,18.833333
CHICAGO,2018,185,
CHICAGO,2018,184,18.833333
CHICAGO,2018,183,17.166666
CHICAGO,2018,182,
CHICAGO,2018,181,
CHICAGO,2018,180,17.166666
CHICAGO,2018,179,17.166666
CHICAGO,2018,178,17.166666
CHICAGO,2018,177,17.166666
CHICAGO,2018,176,17.166666
CHICAGO,2018,175,
CHICAGO,2018,174,
CHICAGO,2018,173,16.500000
CHICAGO,2018,172,16.500000
CHICAGO,2018,171,16.500000
CHICAGO,2018,170,16.500000
CHICAGO,2018,169,16.500000
CHICAGO,2018,168,
CHICAGO,2018,167,
CHICAGO,2018,166,16.000000
CHICAGO,2018,165,16.000000
CHICAGO,2018,164,16.000000
CHICAGO,2018,163,16.000000
CHICAGO,2018,162,18.166666
CHICAGO,2018,161,
CHICAGO,2018,160,
CHICAGO,2018,159,18.166666
CHICAGO,2018,158,18.166666
CHICAGO,2018,157,18.166666
CHICAGO,2018,156,18.166666
CHICAGO,2018,155,18.166666
CHICAGO,2018,154,
CHICAGO,2018,153,
CHICAGO,2018,152,19.000000
CHICAGO,2018,151,19.000000
CHICAGO,2018,150,19.000000
CHICAGO,2018,149,19.000000
CHICAGO,2018,148,
CHICAGO,2018,147,
CHICAGO,2018,146,
CHICAGO,2018,145,18.333333
CHICAGO,2018,144,18.333333
CHICAGO,2018,143,18.333333
CHICAGO,2018,142,18.333333
CHICAGO,2018,141,18.333333
CHICAGO,2018,140,
CHICAGO,2018,139,
CHICAGO,2018,138,18.666666
CHICAGO,2018,137,18.666666
CHICAGO,2018,136,18.666666
CHICAGO,2018,135,18.666666
CHICAGO,2018,134,19.833333
CHICAGO,2018,133,
CHICAGO,2018,132,
CHICAGO,2018,131,19.833333
CHICAGO,2018,130,19.833333
CHICAGO,2018,129,19.833333
CHICAGO,2018,128,19.833333
CHICAGO,2018,127,21.333333
CHICAGO,2018,126,
CHICAGO,2018,125,
CHICAGO,2018,124,21.333333
CHICAGO,2018,123,21.333333
CHICAGO,2018,122,21.333333
CHICAGO,2018,121,21.333333
CHICAGO,2018,120,21.333333
CHICAGO,2018,119,
CHICAGO,2018,118,
CHICAGO,2018,117,21.833333
CHICAGO,2018,116,21.833333
CHICAGO,2018,115,21.833333
CHICAGO,2018,114,21.833333
CHICAGO,2018,113,21.833333
CHICAGO,2018,112,
CHICAGO,2018,111,
CHICAGO,2018,110,21.833333
CHICAGO,2018,109,21.833333
CHICAGO,2018,108,21.833333
CHICAGO,2018,107,21.833333
CHICAGO,2018,106,21.333333
CHICAGO,2018,105,
CHICAGO,2018,104,
CHICAGO,2018,103,21.333333
CHICAGO,2018,102,21.333333
CHICAGO,2018,101,21.333333
CHICAGO,2018,100,21.333333
CHICAGO,2018,99,17.500000
CHICAGO,2018,98,
CHICAGO,2018,97,
CHICAGO,2018,96,17.500000
CHICAGO,2018,95,17.500000
CHICAGO,2018,94,17.500000
CHICAGO,2018,93,17.500000
CHICAGO,2018,92,17.500000
CHICAGO,2018,91,
CHICAGO,2018,90,
CHICAGO,2018,89,17.500000
CHICAGO,2018,88,17.500000
CHICAGO,2018,87,17.500000
CHICAGO,2018,86,17.500000
CHICAGO,2018,85,17.500000
CHICAGO,2018,84,
CHICAGO,2018,83,
CHICAGO,2018,82,17.500000
CHICAGO,2018,81,17.500000
CHICAGO,2018,80,17.500000
CHICAGO,2018,79,17.500000
CHICAGO,2018,78,17.500000
CHICAGO,2018,77,
CHICAGO,2018,76,
CHICAGO,2018,75,18.333333
CHICAGO,2018,74,18.333333
CHICAGO,2018,73,18.333333
CHICAGO,2018,72,18.333333
CHICAGO,2018,71,18.333333
CHICAGO,2018,70,
CHICAGO,2018,69,
CHICAGO,2018,68,
CHICAGO,2018,67,
CHICAGO,2018,66,19.500000
CHICAGO,2018,65,19.500000
CHICAGO,2018,64,19.500000
CHICAGO,2018,63,
CHICAGO,2018,62,
CHICAGO,2018,61,19.166666
CHICAGO,2018,60,19.166666
CHICAGO,2018,59,19.166666
CHICAGO,2018,58,19.166666
CHICAGO,2018,57,18.500000
CHICAGO,2018,56,
CHICAGO,2018,55,
CHICAGO,2018,54,18.500000
CHICAGO,2018,53,18.500000
CHICAGO,2018,52,18.500000
CHICAGO,2018,51,18.500000
CHICAGO,2018,50,
CHICAGO,2018,49,
CHICAGO,2018,48,
CHICAGO,2018,47,18.666666
CHICAGO,2018,46,18.666666
CHICAGO,2018,45,18.666666
CHICAGO,2018,44,18.666666
CHICAGO,2018,43,17.000000
CHICAGO,2018,42,
CHICAGO,2018,41,
CHICAGO,2018,40,17.000000
CHICAGO,2018,39,17.000000
CHICAGO,2018,38,17.000000
CHICAGO,2018,37,
CHICAGO,2018,36,17.666666
CHICAGO,2018,35,
CHICAGO,2018,34,
CHICAGO,2018,33,17.666666
CHICAGO,2018,32,17.666666
CHICAGO,2018,31,17.666666
CHICAGO,2018,30,17.666666
CHICAGO,2018,29,18.333333
CHICAGO,2018,28,
CHICAGO,2018,27,
CHICAGO,2018,26,18.333333
CHICAGO,2018,25,18.333333
CHICAGO,2018,24,18.333333
CHICAGO,2018,23,18.333333
CHICAGO,2018,22,18.333333
CHICAGO,2018,21,
CHICAGO,2018,20,
CHICAGO,2018,19,18.833333
CHICAGO,2018,18,18.833333
CHICAGO,2018,17,18.833333
CHICAGO,2018,16,
CHICAGO,2018,15,
CHICAGO,2018,14,
CHICAGO,2018,13,
CHICAGO,2018,12,19.666666
CHICAGO,2018,11,19.666666
CHICAGO,2018,10,19.666666
CHICAGO,2018,9,19.666666
CHICAGO,2018,8,19.000000
CHICAGO,2018,7,
CHICAGO,2018,6,
CHICAGO,2018,5,19.000000
CHICAGO,2018,4,19.000000
CHICAGO,2018,3,19.000000
CHICAGO,2018,2,19.000000
COLUMBIA,2018,366,
COLUMBIA,2018,365,50.000000
COLUMBIA,2018,364,
COLUMBIA,2018,363,
COLUMBIA,2018,362,36.250000
COLUMBIA,2018,361,36.250000
COLUMBIA,2018,360,
COLUMBIA,2018,359,
COLUMBIA,2018,358,
COLUMBIA,2018,357,
COLUMBIA,2018,356,
COLUMBIA,2018,355,35.000000
COLUMBIA,2018,354,35.000000
COLUMBIA,2018,353,35.000000
COLUMBIA,2018,352,35.000000
COLUMBIA,2018,351,35.000000
COLUMBIA,2018,350,
COLUMBIA,2018,349,
COLUMBIA,2018,348,28.000000
COLUMBIA,2018,347,28.000000
COLUMBIA,2018,346,28.000000
COLUMBIA,2018,345,28.000000
COLUMBIA,2018,344,28.000000
COLUMBIA,2018,343,
COLUMBIA,2018,342,
COLUMBIA,2018,341,28.000000
COLUMBIA,2018,340,28.000000
COLUMBIA,2018,339,28.000000
COLUMBIA,2018,338,28.000000
COLUMBIA,2018,337,28.000000
COLUMBIA,2018,336,
COLUMBIA,2018,335,
COLUMBIA,2018,334,26.500000
COLUMBIA,2018,333,26.500000
COLUMBIA,2018,332,26.500000
COLUMBIA,2018,331,26.500000
COLUMBIA,2018,330,26.500000
COLUMBIA,2018,329,
COLUMBIA,2018,328,
COLUMBIA,2018,327,
COLUMBIA,2018,326,
COLUMBIA,2018,325,26.500000
COLUMBIA,2018,324,26.500000
COLUMBIA,2018,323,26.500000
COLUMBIA,2018,322,
COLUMBIA,2018,321,
COLUMBIA,2018,320,28.000000
COLUMBIA,2018,319,28.000000
COLUMBIA,2018,318,28.000000
COLUMBIA,2018,317,28.000000
COLUMBIA,2018,316,
COLUMBIA,2018,315,
COLUMBIA,2018,314,
COLUMBIA,2018,313,27.500000
COLUMBIA,2018,312,27.500000
COLUMBIA,2018,311,27.500000
COLUMBIA,2018,310,27.500000
COLUMBIA,2018,309,27.500000
COLUMBIA,2018,308,
COLUMBIA,2018,307,
COLUMBIA,2018,306,28.333333
COLUMBIA,2018,305,28.333333
COLUMBIA,2018,304,28.333333
COLUMBIA,2018,303,28.333333
COLUMBIA,2018,302,28.333333
COLUMBIA,2018,301,
COLUMBIA,2018,300,
COLUMBIA,2018,299,28.000000
COLUMBIA,2018,298,27.000000
COLUMBIA,2018,297,27.000000
COLUMBIA,2018,296,27.000000
COLUMBIA,2018,295,21.750000
COLUMBIA,2018,294,
COLUMBIA,2018,293,
COLUMBIA,2018,292,20.500000
COLUMBIA,2018,291,20.000000
COLUMBIA,2018,290,20.000000
COLUMBIA,2018,289,20.000000
COLUMBIA,2018,288,20.000000
COLUMBIA,2018,287,
COLUMBIA,2018,286,
COLUMBIA,2018,285,19.666666
COLUMBIA,2018,284,
COLUMBIA,2018,283,19.666666
COLUMBIA,2018,282,19.666666
COLUMBIA,2018,281,19.666666
COLUMBIA,2018,280,
COLUMBIA,2018,279,
COLUMBIA,2018,278,19.666666
COLUMBIA,2018,277,19.666666
COLUMBIA,2018,276,19.000000
COLUMBIA,2018,275,19.000000
COLUMBIA,2018,274,19.000000
COLUMBIA,2018,273,
COLUMBIA,2018,272,
COLUMBIA,2018,271,19.000000
COLUMBIA,2018,270,19.000000
COLUMBIA,2018,269,19.000000
COLUMBIA,2018,268,19.000000
COLUMBIA,2018,267,19.000000
COLUMBIA,2018,266,
COLUMBIA,2018,265,
COLUMBIA,2018,264,19.000000
COLUMBIA,2018,263,19.000000
COLUMBIA,2018,262,19.000000
COLUMBIA,2018,261,19.000000
COLUMBIA,2018,260,19.000000
COLUMBIA,2018,259,
COLUMBIA,2018,258,
COLUMBIA,2018,257,
COLUMBIA,2018,256,
COLUMBIA,2018,255,
COLUMBIA,2018,254,
COLUMBIA,2018,253,18.000000
COLUMBIA,2018,252,
COLUMBIA,2018,251,
COLUMBIA,2018,250,18.000000
COLUMBIA,2018,249,18.000000
COLUMBIA,2018,248,18.000000
COLUMBIA,2018,247,18.000000
COLUMBIA,2018,246,
COLUMBIA,2018,245,
COLUMBIA,2018,244,
COLUMBIA,2018,243,18.000000
COLUMBIA,2018,242,18.000000
COLUMBIA,2018,241,18.000000
COLUMBIA,2018,240,18.000000
COLUMBIA,2018,239,18.000000
COLUMBIA,2018,238,
COLUMBIA,2018,237,
COLUMBIA,2018,236,18.000000
COLUMBIA,2018,235,18.000000
COLUMBIA,2018,234,18.000000
COLUMBIA,2018,233,18.000000
COLUMBIA,2018,232,18.000000
COLUMBIA,2018,231,
COLUMBIA,2018,230,
COLUMBIA,2018,229,20.000000
COLUMBIA,2018,228,20.000000
COLUMBIA,2018,227,20.000000
COLUMBIA,2018,226,20.000000
COLUMBIA,2018,225,20.000000
COLUMBIA,2018,224,
COLUMBIA,2018,223,
COLUMBIA,2018,222,20.000000
COLUMBIA,2018,221,20.000000
COLUMBIA,2018,220,20.000000
COLUMBIA,2018,219,19.250000
COLUMBIA,2018,218,19.250000
COLUMBIA,2018,217,
COLUMBIA,2018,216,
COLUMBIA,2018,215,20.000000
COLUMBIA,2018,214,20.000000
COLUMBIA,2018,213,20.000000
COLUMBIA,2018,212,20.000000
COLUMBIA,2018,211,20.000000
COLUMBIA,2018,210,
COLUMBIA,2018,209,
COLUMBIA,2018,208,20.000000
COLUMBIA,2018,207,20.000000
COLUMBIA,2018,206,20.000000
COLUMBIA,2018,205,20.000000
COLUMBIA,2018,204,20.000000
COLUMBIA,2018,203,
COLUMBIA,2018,202,
COLUMBIA,2018,201,20.000000
COLUMBIA,2018,200,20.000000
COLUMBIA,2018,199,20.000000
COLUMBIA,2018,198,20.000000
COLUMBIA,2018,197,20.000000
COLUMBIA,2018,196,
COLUMBIA,2018,195,
COLUMBIA,2018,194,19.250000
COLUMBIA,2018,193,19.250000
COLUMBIA,2018,192,19.000000
COLUMBIA,2018,191,19.000000
COLUMBIA,2018,190,
COLUMBIA,2018,189,
COLUMBIA,2018,188,
COLUMBIA,2018,187,18.000000
COLUMBIA,2018,186,18.000000
COLUMBIA,2018,185,
COLUMBIA,2018,184,18.000000
COLUMBIA,2018,183,18.000000
COLUMBIA,2018,182,
COLUMBIA,2018,181,
COLUMBIA,2018,180,20.250000
COLUMBIA,2018,179,20.250000
COLUMBIA,2018,178,20.250000
COLUMBIA,2018,177,20.250000
COLUMBIA,2018,176,20.250000
COLUMBIA,2018,175,
COLUMBIA,2018,174,
COLUMBIA,2018,173,20.250000
COLUMBIA,2018,172,20.250000
COLUMBIA,2018,171,20.333333
COLUMBIA,2018,170,20.333333
COLUMBIA,2018,169,19.666666
COLUMBIA,2018,168,
COLUMBIA,2018,167,
COLUMBIA,2018,166,19.666666
COLUMBIA,2018,165,19.666666
COLUMBIA,2018,164,19.666666
COLUMBIA,2018,163,19.666666
COLUMBIA,2018,162,19.666666
COLUMBIA,2018,161,
COLUMBIA,2018,160,
COLUMBIA,2018,159,21.000000
COLUMBIA,2018,158,21.000000
COLUMBIA,2018,157,21.000000
COLUMBIA,2018,156,21.000000
COLUMBIA,2018,155,
COLUMBIA,2018,154,
COLUMBIA,2018,153,
COLUMBIA,2018,152,17.000000
COLUMBIA,2018,151,17.000000
COLUMBIA,2018,150,17.000000
COLUMBIA,2018,149,17.000000
COLUMBIA,2018,148,
COLUMBIA,2018,147,
COLUMBIA,2018,146,
COLUMBIA,2018,145,17.000000
COLUMBIA,2018,144,17.000000
COLUMBIA,2018,143,17.000000
COLUMBIA,2018,142,17.000000
COLUMBIA,2018,141,17.000000
COLUMBIA,2018,140,
COLUMBIA,2018,139,
COLUMBIA,2018,138,21.000000
COLUMBIA,2018,137,21.000000
COLUMBIA,2018,136,21.000000
COLUMBIA,2018,135,21.000000
COLUMBIA,2018,134,21.000000
COLUMBIA,2018,133,
COLUMBIA,2018,132,
COLUMBIA,2018,131,19.750000
COLUMBIA,2018,130,
COLUMBIA,2018,129,19.750000
COLUMBIA,2018,128,19.750000
COLUMBIA,2018,127,19.750000
COLUMBIA,2018,126,
COLUMBIA,2018,125,
COLUMBIA,2018,124,19.750000
COLUMBIA,2018,123,19.750000
COLUMBIA,2018,122,19.750000
COLUMBIA,2018,121,19.750000
COLUMBIA,2018,120,19.750000
COLUMBIA,2018,119,
COLUMBIA,2018,118,
COLUMBIA,2018,117,20.500000
COLUMBIA,2018,116,20.500000
COLUMBIA,2018,115,20.500000
COLUMBIA,2018,114,20.000000
COLUMBIA,2018,113,20.000000
COLUMBIA,2018,112,
COLUMBIA,2018,111,
COLUMBIA,2018,110,20.000000
COLUMBIA,2018,109,20.000000
COLUMBIA,2018,108,20.000000
COLUMBIA,2018,107,20.000000
COLUMBIA,2018,106,20.000000
COLUMBIA,2018,105,
COLUMBIA,2018,104,
COLUMBIA,2018,103,20.000000
COLUMBIA,2018,102,20.000000
COLUMBIA,2018,101,20.000000
COLUMBIA,2018,100,20.000000
COLUMBIA,2018,99,16.500000
COLUMBIA,2018,98,
COLUMBIA,2018,97,
COLUMBIA,2018,96,16.500000
COLUMBIA,2018,95,16.500000
COLUMBIA,2018,94,16.500000
COLUMBIA,2018,93,16.500000
COLUMBIA,2018,92,16.500000
COLUMBIA,2018,91,
COLUMBIA,2018,90,
COLUMBIA,2018,89,16.500000
COLUMBIA,2018,88,16.500000
COLUMBIA,2018,87,16.500000
COLUMBIA,2018,86,16.500000
COLUMBIA,2018,85,16.500000
COLUMBIA,2018,84,
COLUMBIA,2018,83,
COLUMBIA,2018,82,16.500000
COLUMBIA,2018,81,16.500000
COLUMBIA,2018,80,16.500000
COLUMBIA,2018,79,16.500000
COLUMBIA,2018,78,16.500000
COLUMBIA,2018,77,
COLUMBIA,2018,76,
COLUMBIA,2018,75,16.500000
COLUMBIA,2018,74,16.500000
COLUMBIA,2018,73,16.500000
COLUMBIA,2018,72,
COLUMBIA,2018,71,16.500000
COLUMBIA,2018,70,
COLUMBIA,2018,69,
COLUMBIA,2018,68,16.500000
COLUMBIA,2018,67,16.500000
COLUMBIA,2018,66,16.500000
COLUMBIA,2018,65,16.500000
COLUMBIA,2018,64,16.500000
COLUMBIA,2018,63,
COLUMBIA,2018,62,
COLUMBIA,2018,61,16.500000
COLUMBIA,2018,60,16.500000
COLUMBIA,2018,59,16.500000
COLUMBIA,2018,58,16.500000
COLUMBIA,2018,57,16.500000
COLUMBIA,2018,56,
COLUMBIA,2018,55,
COLUMBIA,2018,54,19.666666
COLUMBIA,2018,53,16.500000
COLUMBIA,2018,52,
COLUMBIA,2018,51,16.500000
COLUMBIA,2018,50,
COLUMBIA,2018,49,
COLUMBIA,2018,48,
COLUMBIA,2018,47,16.500000
COLUMBIA,2018,46,16.500000
COLUMBIA,2018,45,16.500000
COLUMBIA,2018,44,16.500000
COLUMBIA,2018,43,16.500000
COLUMBIA,2018,42,
COLUMBIA,2018,41,
COLUMBIA,2018,40,16.500000
COLUMBIA,2018,39,16.500000
COLUMBIA,2018,38,16.500000
COLUMBIA,2018,37,16.500000
COLUMBIA,2018,36,
COLUMBIA,2018,35,
COLUMBIA,2018,34,
COLUMBIA,2018,33,16.500000
COLUMBIA,2018,32,16.500000
COLUMBIA,2018,31,16.500000
COLUMBIA,2018,30,16.500000
COLUMBIA,2018,29,16.500000
COLUMBIA,2018,28,
COLUMBIA,2018,27,
COLUMBIA,2018,26,16.500000
COLUMBIA,2018,25,16.500000
COLUMBIA,2018,24,16.500000
COLUMBIA,2018,23,20.000000
COLUMBIA,2018,22,20.000000
COLUMBIA,2018,21,
COLUMBIA,2018,20,
COLUMBIA,2018,19,22.000000
COLUMBIA,2018,18,22.000000
COLUMBIA,2018,17,
COLUMBIA,2018,16,22.000000
COLUMBIA,2018,15,
COLUMBIA,2018,14,
COLUMBIA,2018,13,
COLUMBIA,2018,12,26.000000
COLUMBIA,2018,11,18.000000
COLUMBIA,2018,10,14.000000
COLUMBIA,2018,9,14.000000
COLUMBIA,2018,8,30.000000
COLUMBIA,2018,7,
COLUMBIA,2018,6,
COLUMBIA,2018,5,30.000000
COLUMBIA,2018,4,30.000000
COLUMBIA,2018,3,18.000000
COLUMBIA,2018,2,18.000000
LOS ANGELES,2018,366,
LOS ANGELES,2018,365,1.900000
LOS ANGELES,2018,364,
LOS ANGELES,2018,363,
LOS ANGELES,2018,362,1.700000
LOS ANGELES,2018,361,1.300000
LOS ANGELES,2018,360,1.300000
LOS ANGELES,2018,359,
LOS ANGELES,2018,358,
LOS ANGELES,2018,357,
LOS ANGELES,2018,356,
LOS ANGELES,2018,355,1.300000
LOS ANGELES,2018,354,1.300000
LOS ANGELES,2018,353,1.300000
LOS ANGELES,2018,352,1.000000
LOS ANGELES,2018,351,1.000000
LOS ANGELES,2018,350,
LOS ANGELES,2018,349,
LOS ANGELES,2018,348,1.000000
LOS ANGELES,2018,347,1.000000
LOS ANGELES,2018,346,1.000000
LOS ANGELES,2018,345,0.750000
LOS ANGELES,2018,344,0.600000
LOS ANGELES,2018,343,
LOS ANGELES,2018,342,
LOS ANGELES,2018,341,0.600000
LOS ANGELES,2018,340,0.600000
LOS ANGELES,2018,339,0.600000
LOS ANGELES,2018,338,0.600000
LOS ANGELES,2018,337,0.600000
LOS ANGELES,2018,336,
LOS ANGELES,2018,335,
LOS ANGELES,2018,334,0.600000
LOS ANGELES,2018,333,0.600000
LOS ANGELES,2018,332,0.600000
LOS ANGELES,2018,331,0.600000
LOS ANGELES,2018,330,0.600000
LOS ANGELES,2018,329,
LOS ANGELES,2018,328,
LOS ANGELES,2018,327,0.600000
LOS ANGELES,2018,326,
LOS ANGELES,2018,325,0.600000
LOS ANGELES,2018,324,0.600000
LOS ANGELES,2018,323,0.600000
LOS ANGELES,2018,322,
LOS ANGELES,2018,321,
LOS ANGELES,2018,320,0.600000
LOS ANGELES,2018,319,0.600000
LOS ANGELES,2018,318,0.600000
LOS ANGELES,2018,317,0.600000
LOS ANGELES,2018,316,
LOS ANGELES,2018,315,
LOS ANGELES,2018,314,
LOS ANGELES,2018,313,0.600000
LOS ANGELES,2018,312,0.600000
LOS ANGELES,2018,311,0.600000
LOS ANGELES,2018,310,0.600000
LOS ANGELES,2018,309,0.600000
LOS ANGELES,2018,308,
LOS ANGELES,2018,307,
LOS ANGELES,2018,306,0.600000
LOS ANGELES,2018,305,0.600000
LOS ANGELES,2018,304,0.600000
LOS ANGELES,2018,303,0.600000
LOS ANGELES,2018,302,0.600000
LOS ANGELES,2018,301,
LOS ANGELES,2018,300,
LOS ANGELES,2018,299,0.600000
LOS ANGELES,2018,298,0.600000
LOS ANGELES,2018,297,0.600000
LOS ANGELES,2018,296,0.600000
LOS ANGELES,2018,295,0.600000
LOS ANGELES,2018,294,
LOS ANGELES,2018,293,
LOS ANGELES,2018,292,0.600000
LOS ANGELES,2018,291,0.600000
LOS ANGELES,2018,290,0.500000
LOS ANGELES,2018,289,0.500000
LOS ANGELES,2018,288,0.500000
LOS ANGELES,2018,287,
LOS ANGELES,2018,286,
LOS ANGELES,2018,285,0.500000
LOS ANGELES,2018,284,0.500000
LOS ANGELES,2018,283,0.500000
LOS ANGELES,2018,282,0.430000
LOS ANGELES,2018,281,
LOS ANGELES,2018,280,
LOS ANGELES,2018,279,
LOS ANGELES,2018,278,0.430000
LOS ANGELES,2018,277,0.430000
LOS ANGELES,2018,276,0.430000
LOS ANGELES,2018,275,0.430000
LOS ANGELES,2018,274,0.330000
LOS ANGELES,2018,273,
LOS ANGELES,2018,272,
LOS ANGELES,2018,271,0.330000
LOS ANGELES,2018,270,0.330000
LOS ANGELES,2018,269,0.330000
LOS ANGELES,2018,268,0.330000
LOS ANGELES,2018,267,0.330000
LOS ANGELES,2018,266,
LOS ANGELES,2018,265,
LOS ANGELES,2018,264,0.330000
LOS ANGELES,2018,263,0.330000
LOS ANGELES,2018,262,0.330000
LOS ANGELES,2018,261,0.330000
LOS ANGELES,2018,260,0.330000
LOS ANGELES,2018,259,
LOS ANGELES,2018,258,
LOS ANGELES,2018,257,0.330000
LOS ANGELES,2018,256,0.330000
LOS ANGELES,2018,255,0.330000
LOS ANGELES,2018,254,0.330000
LOS ANGELES,2018,253,0.330000
LOS ANGELES,2018,252,
LOS ANGELES,2018,251,
LOS ANGELES,2018,250,0.330000
LOS ANGELES,2018,249,0.330000
LOS ANGELES,2018,248,0.330000
LOS ANGELES,2018,247,0.330000
LOS ANGELES,2018,246,
LOS ANGELES,2018,245,
LOS ANGELES,2018,244,
LOS ANGELES,2018,243,0.330000
LOS ANGELES,2018,242,0.330000
LOS ANGELES,2018,241,0.330000
LOS ANGELES,2018,240,0.330000
LOS ANGELES,2018,239,0.330000
LOS ANGELES,2018,238,
LOS ANGELES,2018,237,
LOS ANGELES,2018,236,0.330000
LOS ANGELES,2018,235,0.330000
LOS ANGELES,2018,234,0.330000
LOS ANGELES,2018,233,0.430000
LOS ANGELES,2018,232,0.430000
LOS ANGELES,2018,231,
LOS ANGELES,2018,230,
LOS ANGELES,2018,229,0.430000
LOS ANGELES,2018,228,0.430000
LOS ANGELES,2018,227,0.430000
LOS ANGELES,2018,226,0.430000
LOS ANGELES,2018,225,0.430000
LOS ANGELES,2018,224,
LOS ANGELES,2018,223,
LOS ANGELES,2018,222,0.430000
LOS ANGELES,2018,221,0.430000
LOS ANGELES,2018,220,0.430000
LOS ANGELES,2018,219,0.430000
LOS ANGELES,2018,218,0.430000
LOS ANGELES,2018,217,
LOS ANGELES,2018,216,
LOS ANGELES,2018,215,0.430000
LOS ANGELES,2018,214,0.430000
LOS ANGELES,2018,213,0.430000
LOS ANGELES,2018,212,0.430000
LOS ANGELES,2018,211,0.460000
LOS ANGELES,2018,210,
LOS ANGELES,2018,209,
LOS ANGELES,2018,208,0.460000
LOS ANGELES,2018,207,0.460000
LOS ANGELES,2018,206,0.460000
LOS ANGELES,2018,205,0.480000
LOS ANGELES,2018,204,0.480000
LOS ANGELES,2018,203,
LOS ANGELES,2018,202,
LOS ANGELES,2018,201,0.480000
LOS ANGELES,2018,200,0.480000
LOS ANGELES,2018,199,0.480000
LOS ANGELES,2018,198,0.480000
LOS ANGELES,2018,197,0.550000
LOS ANGELES,2018,196,
LOS ANGELES,2018,195,
LOS ANGELES,2018,194,0.550000
LOS ANGELES,2018,193,0.550000
LOS ANGELES,2018,192,0.550000
LOS ANGELES,2018,191,0.550000
LOS ANGELES,2018,190,0.550000
LOS ANGELES,2018,189,
LOS ANGELES,2018,188,
LOS ANGELES,2018,187,0.550000
LOS ANGELES,2018,186,0.550000
LOS ANGELES,2018,185,
LOS ANGELES,2018,184,0.550000
LOS ANGELES,2018,183,0.430000
LOS ANGELES,2018,182,
LOS ANGELES,2018,181,
LOS ANGELES,2018,180,0.430000
LOS ANGELES,2018,179,0.430000
LOS ANGELES,2018,178,0.430000
LOS ANGELES,2018,177,0.430000
LOS ANGELES,2018,176,0.430000
LOS ANGELES,2018,175,
LOS ANGELES,2018,174,
LOS ANGELES,2018,173,0.530000
LOS ANGELES,2018,172,0.530000
LOS ANGELES,2018,171,0.530000
LOS ANGELES,2018,170,0.530000
LOS ANGELES,2018,169,0.530000
LOS ANGELES,2018,168,
LOS ANGELES,2018,167,
LOS ANGELES,2018,166,0.530000
LOS ANGELES,2018,165,0.530000
LOS ANGELES,2018,164,0.530000
LOS ANGELES,2018,163,0.530000
LOS ANGELES,2018,162,0.530000
LOS ANGELES,2018,161,
LOS ANGELES,2018,160,
LOS ANGELES,2018,159,0.530000
LOS ANGELES,2018,158,0.530000
LOS ANGELES,2018,157,0.530000
LOS ANGELES,2018,156,0.530000
LOS ANGELES,2018,155,0.530000
LOS ANGELES,2018,154,
LOS ANGELES,2018,153,
LOS ANGELES,2018,152,0.530000
LOS ANGELES,2018,151,0.530000
LOS ANGELES,2018,150,0.530000
LOS ANGELES,2018,149,0.530000
LOS ANGELES,2018,148,
LOS ANGELES,2018,147,
LOS ANGELES,2018,146,
LOS ANGELES,2018,145,0.530000
LOS ANGELES,2018,144,0.530000
LOS ANGELES,2018,143,0.530000
LOS ANGELES,2018,142,0.530000
LOS ANGELES,2018,141,0.530000
LOS ANGELES,2018,140,
LOS ANGELES,2018,139,
LOS ANGELES,2018,138,0.530000
LOS ANGELES,2018,137,0.530000
LOS ANGELES,2018,136,0.530000
LOS ANGELES,2018,135,0.530000
LOS ANGELES,2018,134,0.530000
LOS ANGELES,2018,133,
LOS ANGELES,2018,132,
LOS ANGELES,2018,131,0.530000
LOS ANGELES,2018,130,0.530000
LOS ANGELES,2018,129,0.530000
LOS ANGELES,2018,128,0.530000
LOS ANGELES,2018,127,0.530000
LOS ANGELES,2018,126,
LOS ANGELES,2018,125,
LOS ANGELES,2018,124,0.450000
LOS ANGELES,2018,123,0.450000
LOS ANGELES,2018,122,0.450000
LOS ANGELES,2018,121,0.450000
LOS ANGELES,2018,120,0.450000
LOS ANGELES,2018,119,
LOS ANGELES,2018,118,
LOS ANGELES,2018,117,0.450000
LOS ANGELES,2018,116,0.450000
LOS ANGELES,2018,115,0.450000
LOS ANGELES,2018,114,0.450000
LOS ANGELES,2018,113,0.450000
LOS ANGELES,2018,112,
LOS ANGELES,2018,111,
LOS ANGELES,2018,110,0.450000
LOS ANGELES,2018,109,0.450000
LOS ANGELES,2018,108,0.450000
LOS ANGELES,2018,107,0.450000
LOS ANGELES,2018,106,0.450000
LOS ANGELES,2018,105,
LOS ANGELES,2018,104,
LOS ANGELES,2018,103,0.450000
LOS ANGELES,2018,102,0.550000
LOS ANGELES,2018,101,0.550000
LOS ANGELES,2018,100,0.550000
LOS ANGELES,2018,99,0.550000
LOS ANGELES,2018,98,
LOS ANGELES,2018,97,
LOS ANGELES,2018,96,0.550000
LOS ANGELES,2018,95,0.550000
LOS ANGELES,2018,94,0.550000
LOS ANGELES,2018,93,0.550000
LOS ANGELES,2018,92,0.550000
LOS ANGELES,2018,91,
LOS ANGELES,2018,90,
LOS ANGELES,2018,89,0.550000
LOS ANGELES,2018,88,0.550000
LOS ANGELES,2018,87,0.380000
LOS ANGELES,2018,86,0.380000
LOS ANGELES,2018,85,0.380000
LOS ANGELES,2018,84,
LOS ANGELES,2018,83,
LOS ANGELES,2018,82,0.380000
LOS ANGELES,2018,81,0.380000
LOS ANGELES,2018,80,0.380000
LOS ANGELES,2018,79,0.380000
LOS ANGELES,2018,78,0.380000
LOS ANGELES,2018,77,
LOS ANGELES,2018,76,
LOS ANGELES,2018,75,0.380000
LOS ANGELES,2018,74,0.380000
LOS ANGELES,2018,73,0.380000
LOS ANGELES,2018,72,0.380000
LOS ANGELES,2018,71,0.380000
LOS ANGELES,2018,70,
LOS ANGELES,2018,69,
LOS ANGELES,2018,68,0.380000
LOS ANGELES,2018,67,0.380000
LOS ANGELES,2018,66,0.380000
LOS ANGELES,2018,65,0.380000
LOS ANGELES,2018,64,0.380000
LOS ANGELES,2018,63,
LOS ANGELES,2018,62,
LOS ANGELES,2018,61,0.380000
LOS ANGELES,2018,60,0.380000
LOS ANGELES,2018,59,0.380000
LOS ANGELES,2018,58,0.380000
LOS ANGELES,2018,57,0.380000
LOS ANGELES,2018,56,
LOS ANGELES,2018,55,
LOS ANGELES,2018,54,0.380000
LOS ANGELES,2018,53,0.380000
LOS ANGELES,2018,52,0.380000
LOS ANGELES,2018,51,0.380000
LOS ANGELES,2018,50,
LOS ANGELES,2018,49,
LOS ANGELES,2018,48,
LOS ANGELES,2018,47,0.380000
LOS ANGELES,2018,46,0.380000
LOS ANGELES,2018,45,0.380000
LOS ANGELES,2018,44,0.380000
LOS ANGELES,2018,43,0.380000
LOS ANGELES,2018,42,
LOS ANGELES,2018,41,
LOS ANGELES,2018,40,0.380000
LOS ANGELES,2018,39,0.380000
LOS ANGELES,2018,38,0.380000
LOS ANGELES,2018,37,0.380000
LOS ANGELES,2018,36,0.380000
LOS ANGELES,2018,35,
LOS ANGELES,2018,34,
LOS ANGELES,2018,33,0.380000
LOS ANGELES,2018,32,0.380000
LOS ANGELES,2018,31,0.380000
LOS ANGELES,2018,30,0.380000
LOS ANGELES,2018,29,0.380000
LOS ANGELES,2018,28,
LOS ANGELES,2018,27,
LOS ANGELES,2018,26,0.380000
LOS ANGELES,2018,25,0.380000
LOS ANGELES,2018,24,0.400000
LOS ANGELES,2018,23,0.400000
LOS ANGELES,2018,22,0.400000
LOS ANGELES,2018,21,
LOS ANGELES,2018,20,
LOS ANGELES,2018,19,0.400000
LOS ANGELES,2018,18,0.400000
LOS ANGELES,2018,17,0.400000
LOS ANGELES,2018,16,0.400000
LOS ANGELES,2018,15,
LOS ANGELES,2018,14,
LOS ANGELES,2018,13,
LOS ANGELES,2018,12,0.400000
LOS ANGELES,2018,11,0.400000
LOS ANGELES,2018,10,0.400000
LOS ANGELES,2018,9,0.400000
LOS ANGELES,2018,8,0.400000
LOS ANGELES,2018,7,
LOS ANGELES,2018,6,
LOS ANGELES,2018,5,0.400000
LOS ANGELES,2018,4,0.400000
LOS ANGELES,2018,3,0.400000
LOS ANGELES,2018,2,0.400000
MIAMI,2018,366,
MIAMI,2018,365,26.000000
MIAMI,2018,364,
MIAMI,2018,363,
MIAMI,2018,362,26.000000
MIAMI,2018,361,26.000000
MIAMI,2018,360,26.000000
MIAMI,2018,359,
MIAMI,2018,358,
MIAMI,2018,357,
MIAMI,2018,356,
MIAMI,2018,355,26.500000
MIAMI,2018,354,26.500000
MIAMI,2018,353,26.500000
MIAMI,2018,352,26.500000
MIAMI,2018,351,26.500000
MIAMI,2018,350,
MIAMI,2018,349,
MIAMI,2018,348,26.500000
MIAMI,2018,347,26.500000
MIAMI,2018,346,26.500000
MIAMI,2018,345,26.500000
MIAMI,2018,344,26.500000
MIAMI,2018,343,
MIAMI,2018,342,
MIAMI,2018,341,26.500000
MIAMI,2018,340,26.500000
MIAMI,2018,339,26.500000
MIAMI,2018,338,26.500000
MIAMI,2018,337,26.500000
MIAMI,2018,336,
MIAMI,2018,335,
MIAMI,2018,334,26.500000
MIAMI,2018,333,26.500000
MIAMI,2018,332,26.500000
MIAMI,2018,331,26.500000
MIAMI,2018,330,26.500000
MIAMI,2018,329,
MIAMI,2018,328,
MIAMI,2018,327,26.500000
MIAMI,2018,326,
MIAMI,2018,325,26.500000
MIAMI,2018,324,26.500000
MIAMI,2018,323,26.500000
MIAMI,2018,322,
MIAMI,2018,321,
MIAMI,2018,320,26.500000
MIAMI,2018,319,26.500000
MIAMI,2018,318,26.500000
MIAMI,2018,317,26.500000
MIAMI,2018,316,
MIAMI,2018,315,
MIAMI,2018,314,
MIAMI,2018,313,26.500000
MIAMI,2018,312,26.500000
MIAMI,2018,311,26.500000
MIAMI,2018,310,26.500000
MIAMI,2018,309,26.500000
MIAMI,2018,308,
MIAMI,2018,307,
MIAMI,2018,306,26.500000
MIAMI,2018,305,26.500000
MIAMI,2018,304,26.500000
MIAMI,2018,303,26.500000
MIAMI,2018,302,26.500000
MIAMI,2018,301,
MIAMI,2018,300,
MIAMI,2018,299,26.500000
MIAMI,2018,298,26.500000
MIAMI,2018,297,26.500000
MIAMI,2018,296,26.500000
MIAMI,2018,295,26.500000
MIAMI,2018,294,
MIAMI,2018,293,
MIAMI,2018,292,26.500000
MIAMI,2018,291,26.500000
MIAMI,2018,290,26.500000
MIAMI,2018,289,26.500000
MIAMI,2018,288,26.500000
MIAMI,2018,287,
MIAMI,2018,286,
MIAMI,2018,285,26.500000
MIAMI,2018,284,26.500000
MIAMI,2018,283,26.500000
MIAMI,2018,282,26.500000
MIAMI,2018,281,
MIAMI,2018,280,
MIAMI,2018,279,
MIAMI,2018,278,26.500000
MIAMI,2018,277,26.500000
MIAMI,2018,276,26.500000
MIAMI,2018,275,26.500000
MIAMI,2018,274,26.500000
MIAMI,2018,273,
MIAMI,2018,272,
MIAMI,2018,271,26.500000
MIAMI,2018,270,26.500000
MIAMI,2018,269,26.500000
MIAMI,2018,268,26.500000
MIAMI,2018,267,26.500000
MIAMI,2018,266,
MIAMI,2018,265,
MIAMI,2018,264,26.500000
MIAMI,2018,263,26.500000
MIAMI,2018,262,26.500000
MIAMI,2018,261,26.500000
MIAMI,2018,260,26.500000
MIAMI,2018,259,
MIAMI,2018,258,
MIAMI,2018,257,26.500000
MIAMI,2018,256,26.500000
MIAMI,2018,255,26.500000
MIAMI,2018,254,26.500000
MIAMI,2018,253,26.500000
MIAMI,2018,252,
MIAMI,2018,251,
MIAMI,2018,250,26.500000
MIAMI,2018,249,26.500000
MIAMI,2018,248,26.500000
MIAMI,2018,247,26.500000
MIAMI,2018,246,
MIAMI,2018,245,
MIAMI,2018,244,
MIAMI,2018,243,26.500000
MIAMI,2018,242,26.500000
MIAMI,2018,241,26.500000
MIAMI,2018,240,26.500000
MIAMI,2018,239,26.500000
MIAMI,2018,238,
MIAMI,2018,237,
MIAMI,2018,236,26.500000
MIAMI,2018,235,26.500000
MIAMI,2018,234,26.500000
MIAMI,2018,233,26.500000
MIAMI,2018,232,26.500000
MIAMI,2018,231,
MIAMI,2018,230,
MIAMI,2018,229,26.500000
MIAMI,2018,228,26.500000
MIAMI,2018,227,26.500000
MIAMI,2018,226,26.500000
MIAMI,2018,225,26.500000
MIAMI,2018,224,
MIAMI,2018,223,
MIAMI,2018,222,26.500000
MIAMI,2018,221,26.500000
MIAMI,2018,220,26.500000
MIAMI,2018,219,26.500000
MIAMI,2018,218,26.500000
MIAMI,2018,217,
MIAMI,2018,216,
MIAMI,2018,215,26.500000
MIAMI,2018,214,26.500000
MIAMI,2018,213,26.500000
MIAMI,2018,212,26.500000
MIAMI,2018,211,26.500000
MIAMI,2018,210,
MIAMI,2018,209,
MIAMI,2018,208,26.500000
MIAMI,2018,207,26.500000
MIAMI,2018,206,26.500000
MIAMI,2018,205,26.500000
MIAMI,2018,204,26.500000
MIAMI,2018,203,
MIAMI,2018,202,
MIAMI,2018,201,26.500000
MIAMI,2018,200,26.500000
MIAMI,2018,199,26.500000
MIAMI,2018,198,26.500000
MIAMI,2018,197,26.500000
MIAMI,2018,196,
MIAMI,2018,195,
MIAMI,2018,194,26.500000
MIAMI,2018,193,26.500000
MIAMI,2018,192,26.500000
MIAMI,2018,191,26.500000
MIAMI,2018,190,26.500000
MIAMI,2018,189,
MIAMI,2018,188,
MIAMI,2018,187,26.500000
MIAMI,2018,186,26.500000
MIAMI,2018,185,
MIAMI,2018,184,26.500000
MIAMI,2018,183,26.500000
MIAMI,2018,182,
MIAMI,2018,181,
MIAMI,2018,180,26.500000
MIAMI,2018,179,26.500000
MIAMI,2018,178,26.500000
MIAMI,2018,177,26.500000
MIAMI,2018,176,26.500000
MIAMI,2018,175,
MIAMI,2018,174,
MIAMI,2018,173,26.500000
MIAMI,2018,172,26.500000
MIAMI,2018,171,26.500000
MIAMI,2018,170,26.500000
MIAMI,2018,169,26.500000
MIAMI,2018,168,
MIAMI,2018,167,
MIAMI,2018,166,26.500000
MIAMI,2018,165,26.500000
MIAMI,2018,164,26.500000
MIAMI,2018,163,26.500000
MIAMI,2018,162,26.500000
MIAMI,2018,161,
MIAMI,2018,160,
MIAMI,2018,159,26.500000
MIAMI,2018,158,26.500000
MIAMI,2018,157,26.500000
MIAMI,2018,156,26.500000
MIAMI,2018,155,26.500000
MIAMI,2018,154,
MIAMI,2018,153,
MIAMI,2018,152,26.500000
MIAMI,2018,151,26.500000
MIAMI,2018,150,26.500000
MIAMI,2018,149,26.500000
MIAMI,2018,148,
MIAMI,2018,147,
MIAMI,2018,146,
MIAMI,2018,145,26.500000
MIAMI,2018,144,26.500000
MIAMI,2018,143,26.500000
MIAMI,2018,142,26.500000
MIAMI,2018,141,26.500000
MIAMI,2018,140,
MIAMI,2018,139,
MIAMI,2018,138,26.500000
MIAMI,2018,137,26.500000
MIAMI,2018,136,26.500000
MIAMI,2018,135,26.500000
MIAMI,2018,134,26.500000
MIAMI,2018,133,
MIAMI,2018,132,
MIAMI,2018,131,26.500000
MIAMI,2018,130,26.500000
MIAMI,2018,129,26.500000
MIAMI,2018,128,26.500000
MIAMI,2018,127,26.500000
MIAMI,2018,126,
MIAMI,2018,125,
MIAMI,2018,124,26.500000
MIAMI,2018,123,26.500000
MIAMI,2018,122,26.500000
MIAMI,2018,121,26.500000
MIAMI,2018,120,26.500000
MIAMI,2018,119,
MIAMI,2018,118,
MIAMI,2018,117,26.500000
MIAMI,2018,116,26.500000
MIAMI,2018,115,26.500000
MIAMI,2018,114,26.500000
MIAMI,2018,113,26.500000
MIAMI,2018,112,
MIAMI,2018,111,
MIAMI,2018,110,26.500000
MIAMI,2018,109,26.500000
MIAMI,2018,108,26.500000
MIAMI,2018,107,26.500000
MIAMI,2018,106,26.500000
MIAMI,2018,105,
MIAMI,2018,104,
MIAMI,2018,103,26.500000
MIAMI,2018,102,29.000000
MIAMI,2018,101,29.000000
MIAMI,2018,100,29.000000
MIAMI,2018,99,29.000000
MIAMI,2018,98,
MIAMI,2018,97,
MIAMI,2018,96,29.000000
MIAMI,2018,95,29.000000
MIAMI,2018,94,29.000000
MIAMI,2018,93,29.000000
MIAMI,2018,92,29.000000
MIAMI,2018,91,
MIAMI,2018,90,
MIAMI,2018,89,29.000000
MIAMI,2018,88,29.000000
MIAMI,2018,87,29.000000
MIAMI,2018,86,29.000000
MIAMI,2018,85,29.000000
MIAMI,2018,84,
MIAMI,2018,83,
MIAMI,2018,82,29.000000
MIAMI,2018,81,29.000000
MIAMI,2018,80,29.000000
MIAMI,2018,79,29.000000
MIAMI,2018,78,29.000000
MIAMI,2018,77,
MIAMI,2018,76,
MIAMI,2018,75,29.000000
MIAMI,2018,74,29.000000
MIAMI,2018,73,29.000000
MIAMI,2018,72,29.000000
MIAMI,2018,71,29.000000
MIAMI,2018,70,
MIAMI,2018,69,
MIAMI,2018,68,
MIAMI,2018,67,
MIAMI,2018,66,29.000000
MIAMI,2018,65,29.000000
MIAMI,2018,64,29.000000
MIAMI,2018,63,
MIAMI,2018,62,
MIAMI,2018,61,29.000000
MIAMI,2018,60,29.000000
MIAMI,2018,59,29.000000
MIAMI,2018,58,29.000000
MIAMI,2018,57,29.000000
MIAMI,2018,56,
MIAMI,2018,55,
MIAMI,2018,54,29.000000
MIAMI,2018,53,29.000000
MIAMI,2018,52,29.000000
MIAMI,2018,51,29.000000
MIAMI,2018,50,
MIAMI,2018,49,
MIAMI,2018,48,
MIAMI,2018,47,29.000000
MIAMI,2018,46,29.000000
MIAMI,2018,45,29.000000
MIAMI,2018,44,29.000000
MIAMI,2018,43,29.000000
MIAMI,2018,42,
MIAMI,2018,41,
MIAMI,2018,40,29.000000
MIAMI,2018,39,29.000000
MIAMI,2018,38,29.000000
MIAMI,2018,37,29.000000
MIAMI,2018,36,29.000000
MIAMI,2018,35,
MIAMI,2018,34,
MIAMI,2018,33,29.000000
MIAMI,2018,32,29.000000
MIAMI,2018,31,29.000000
MIAMI,2018,30,30.500000
MIAMI,2018,29,30.500000
MIAMI,2018,28,
MIAMI,2018,27,
MIAMI,2018,26,30.500000
MIAMI,2018,25,30.500000
MIAMI,2018,24,30.500000
MIAMI,2018,23,30.500000
MIAMI,2018,22,30.500000
MIAMI,2018,21,
MIAMI,2018,20,
MIAMI,2018,19,30.500000
MIAMI,2018,18,30.500000
MIAMI,2018,17,30.500000
MIAMI,2018,16,30.500000
MIAMI,2018,15,
MIAMI,2018,14,
MIAMI,2018,13,
MIAMI,2018,12,30.500000
MIAMI,2018,11,30.500000
MIAMI,2018,10,30.500000
MIAMI,2018,9,30.500000
MIAMI,2018,8,30.500000
MIAMI,2018,7,
MIAMI,2018,6,
MIAMI,2018,5,31.500000
MIAMI,2018,4,31.500000
MIAMI,2018,3,31.500000
MIAMI,2018,2,31.500000
NEW YORK,2018,366,
NEW YORK,2018,365,
NEW YORK,2018,364,
NEW YORK,2018,363,
NEW YORK,2018,362,
NEW YORK,2018,361,
NEW YORK,2018,360,
NEW YORK,2018,359,
NEW YORK,2018,358,
NEW YORK,2018,357,
NEW YORK,2018,356,
NEW YORK,2018,355,
NEW YORK,2018,354,
NEW YORK,2018,353,
NEW YORK,2018,352,
NEW YORK,2018,351,
NEW YORK,2018,350,
NEW YORK,2018,349,
NEW YORK,2018,348,43.000000
NEW YORK,2018,347,43.000000
NEW YORK,2018,346,43.000000
NEW YORK,2018,345,43.000000
NEW YORK,2018,344,
NEW YORK,2018,343,
NEW YORK,2018,342,
NEW YORK,2018,341,
NEW YORK,2018,340,
NEW YORK,2018,339,
NEW YORK,2018,338,
NEW YORK,2018,337,
NEW YORK,2018,336,
NEW YORK,2018,335,
NEW YORK,2018,334,
NEW YORK,2018,333,
NEW YORK,2018,332,
NEW YORK,2018,331,
NEW YORK,2018,330,
NEW YORK,2018,329,
NEW YORK,2018,328,
NEW YORK,2018,327,
NEW YORK,2018,326,
NEW YORK,2018,325,
NEW YORK,2018,324,
NEW YORK,2018,323,
NEW YORK,2018,322,
NEW YORK,2018,321,
NEW YORK,2018,320,
NEW YORK,2018,319,
NEW YORK,2018,318,
NEW YORK,2018,317,
NEW YORK,2018,316,
NEW YORK,2018,315,
NEW YORK,2018,314,
NEW YORK,2018,313,
NEW YORK,2018,312,
NEW YORK,2018,311,
NEW YORK,2018,310,
NEW YORK,2018,309,
NEW YORK,2018,308,
NEW YORK,2018,307,
NEW YORK,2018,306,
NEW YORK,2018,305,
NEW YORK,2018,304,
NEW YORK,2018,303,
NEW YORK,2018,302,
NEW YORK,2018,301,
NEW YORK,2018,300,
NEW YORK,2018,299,
NEW YORK,2018,298,
NEW YORK,2018,297,
NEW YORK,2018,296,
NEW YORK,2018,295,
NEW YORK,2018,294,
NEW YORK,2018,293,
NEW YORK,2018,292,
NEW YORK,2018,291,
NEW YORK,2018,290,
NEW YORK,2018,289,
NEW YORK,2018,288,
NEW YORK,2018,287,
NEW YORK,2018,286,
NEW YORK,2018,285,
NEW YORK,2018,284,
NEW YORK,2018,283,
NEW YORK,2018,282,
NEW YORK,2018,281,
NEW YORK,2018,280,
NEW YORK,2018,279,
NEW YORK,2018,278,
NEW YORK,2018,277,
NEW YORK,2018,276,
NEW YORK,2018,275,
NEW YORK,2018,274,
NEW YORK,2018,273,
NEW YORK,2018,272,
NEW YORK,2018,271,
NEW YORK,2018,270,
NEW YORK,2018,269,
NEW YORK,2018,268,
NEW YORK,2018,267,
NEW YORK,2018,266,
NEW YORK,2018,265,
NEW YORK,2018,264,
NEW YORK,2018,263,
NEW YORK,2018,262,
NEW YORK,2018,261,
NEW YORK,2018,260,
NEW YORK,2018,259,
NEW YORK,2018,258,
NEW YORK,2018,257,
NEW YORK,2018,256,
NEW YORK,2018,255,
NEW YORK,2018,254,
NEW YORK,2018,253,
NEW YORK,2018,252,
NEW YORK,2018,251,
NEW YORK,2018,250,
NEW YORK,2018,249,
NEW YORK,2018,248,
NEW YORK,2018,247,
NEW YORK,2018,246,
NEW YORK,2018,245,
NEW YORK,2018,244,
NEW YORK,2018,243,
NEW YORK,2018,242,
NEW YORK,2018,241,
NEW YORK,2018,240,
NEW YORK,2018,239,
NEW YORK,2018,238,
NEW YORK,2018,237,
NEW YORK,2018,236,
NEW YORK,2018,235,
NEW YORK,2018,234,
NEW YORK,2018,233,
NEW YORK,2018,232,
NEW YORK,2018,231,
NEW YORK,2018,230,
NEW YORK,2018,229,
NEW YORK,2018,228,
NEW YORK,2018,227,
NEW YORK,2018,226,
NEW YORK,2018,225,
NEW YORK,2018,224,
NEW YORK,2018,223,
NEW YORK,2018,222,
NEW YORK,2018,221,
NEW YORK,2018,220,
NEW YORK,2018,219,
NEW YORK,2018,218,
NEW YORK,2018,217,
NEW YORK,2018,216,
NEW YORK,2018,215,21.000000
NEW YORK,2018,214,
NEW YORK,2018,213,
NEW YORK,2018,212,
NEW YORK,2018,211,
NEW YORK,2018,210,
NEW YORK,2018,209,
NEW YORK,2018,208,
NEW YORK,2018,207,
NEW YORK,2018,206,
NEW YORK,2018,205,
NEW YORK,2018,204,
NEW YORK,2018,203,
NEW YORK,2018,202,
NEW YORK,2018,201,
NEW YORK,2018,200,
NEW YORK,2018,199,
NEW YORK,2018,198,
NEW YORK,2018,197,
NEW YORK,2018,196,
NEW YORK,2018,195,
NEW YORK,2018,194,
NEW YORK,2018,193,
NEW YORK,2018,192,
NEW YORK,2018,191,
NEW YORK,2018,190,
NEW YORK,2018,189,
NEW YORK,2018,188,
NEW YORK,2018,187,
NEW YORK,2018,186,
NEW YORK,2018,185,
NEW YORK,2018,184,
NEW YORK,2018,183,
NEW YORK,2018,182,
NEW YORK,2018,181,
NEW YORK,2018,180,
NEW YORK,2018,179,
NEW YORK,2018,178,
NEW YORK,2018,177,
NEW YORK,2018,176,
NEW YORK,2018,175,
NEW YORK,2018,174,
NEW YORK,2018,173,
NEW YORK,2018,172,
NEW YORK,2018,171,
NEW YORK,2018,170,
NEW YORK,2018,169,
NEW YORK,2018,168,
NEW YORK,2018,167,
NEW YORK,2018,166,34.000000
NEW YORK,2018,165,34.000000
NEW YORK,2018,164,34.000000
NEW YORK,2018,163,
NEW YORK,2018,162,
NEW YORK,2018,161,
NEW YORK,2018,160,
NEW YORK,2018,159,
NEW YORK,2018,158,
NEW YORK,2018,157,
NEW YORK,2018,156,
NEW YORK,2018,155,
NEW YORK,2018,154,
NEW YORK,2018,153,
NEW YORK,2018,152,
NEW YORK,2018,151,
NEW YORK,2018,150,
NEW YORK,2018,149,
NEW YORK,2018,148,
NEW YORK,2018,147,
NEW YORK,2018,146,
NEW YORK,2018,145,
NEW YORK,2018,144,
NEW YORK,2018,143,
NEW YORK,2018,142,
NEW YORK,2018,141,
NEW YORK,2018,140,
NEW YORK,2018,139,
NEW YORK,2018,138,
NEW YORK,2018,137,
NEW YORK,2018,136,
NEW YORK,2018,135,
NEW YORK,2018,134,
NEW YORK,2018,133,
NEW YORK,2018,132,
NEW YORK,2018,131,
NEW YORK,2018,130,
NEW YORK,2018,129,
NEW YORK,2018,128,
NEW YORK,2018,127,
NEW YORK,2018,126,
NEW YORK,2018,125,
NEW YORK,2018,124,
NEW YORK,2018,123,
NEW YORK,2018,122,
NEW YORK,2018,121,
NEW YORK,2018,120,
NEW YORK,2018,119,
NEW YORK,2018,118,
NEW YORK,2018,117,
NEW YORK,2018,116,13.500000
NEW YORK,2018,115,13.500000
NEW YORK,2018,114,13.500000
NEW YORK,2018,113,13.500000
NEW YORK,2018,112,
NEW YORK,2018,111,
NEW YORK,2018,110,
NEW YORK,2018,109,
NEW YORK,2018,108,
NEW YORK,2018,107,
NEW YORK,2018,106,19.000000
NEW YORK,2018,105,
NEW YORK,2018,104,
NEW YORK,2018,103,19.000000
NEW YORK,2018,102,19.000000
NEW YORK,2018,101,19.000000
NEW YORK,2018,100,19.000000
NEW YORK,2018,99,
NEW YORK,2018,98,
NEW YORK,2018,97,
NEW YORK,2018,96,24.000000
NEW YORK,2018,95,24.000000
NEW YORK,2018,94,29.000000
NEW YORK,2018,93,28.000000
NEW YORK,2018,92,
NEW YORK,2018,91,
NEW YORK,2018,90,
NEW YORK,2018,89,28.000000
NEW YORK,2018,88,28.000000
NEW YORK,2018,87,28.000000
NEW YORK,2018,86,28.000000
NEW YORK,2018,85,28.000000
NEW YORK,2018,84,
NEW YORK,2018,83,
NEW YORK,2018,82,28.000000
NEW YORK,2018,81,28.000000
NEW YORK,2018,80,27.000000
NEW YORK,2018,79,27.000000
NEW YORK,2018,78,27.000000
NEW YORK,2018,77,
NEW YORK,2018,76,
NEW YORK,2018,75,27.000000
NEW YORK,2018,74,27.000000
NEW YORK,2018,73,
NEW YORK,2018,72,
NEW YORK,2018,71,
NEW YORK,2018,70,
NEW YORK,2018,69,
NEW YORK,2018,68,
NEW YORK,2018,67,
NEW YORK,2018,66,
NEW YORK,2018,65,
NEW YORK,2018,64,
NEW YORK,2018,63,
NEW YORK,2018,62,
NEW YORK,2018,61,
NEW YORK,2018,60,
NEW YORK,2018,59,
NEW YORK,2018,58,
NEW YORK,2018,57,
NEW YORK,2018,56,
NEW YORK,2018,55,
NEW YORK,2018,54,
NEW YORK,2018,53,
NEW YORK,2018,52,
NEW YORK,2018,51,
NEW YORK,2018,50,
NEW YORK,2018,49,
NEW YORK,2018,48,
NEW YORK,2018,47,
NEW YORK,2018,46,
NEW YORK,2018,45,
NEW YORK,2018,44,
NEW YORK,2018,43,
NEW YORK,2018,42,
NEW YORK,2018,41,
NEW YORK,2018,40,28.000000
NEW YORK,2018,39,28.000000
NEW YORK,2018,38,28.000000
NEW YORK,2018,37,23.000000
NEW YORK,2018,36,23.000000
NEW YORK,2018,35,
NEW YORK,2018,34,
NEW YORK,2018,33,23.000000
NEW YORK,2018,32,23.000000
NEW YORK,2018,31,27.000000
NEW YORK,2018,30,27.000000
NEW YORK,2018,29,27.000000
NEW YORK,2018,28,
NEW YORK,2018,27,
NEW YORK,2018,26,27.000000
NEW YORK,2018,25,27.000000
NEW YORK,2018,24,27.333333
NEW YORK,2018,23,27.333333
NEW YORK,2018,22,27.333333
NEW YORK,2018,21,
NEW YORK,2018,20,
NEW YORK,2018,19,27.333333
NEW YORK,2018,18,27.333333
NEW YORK,2018,17,27.333333
NEW YORK,2018,16,26.500000
NEW YORK,2018,15,
NEW YORK,2018,14,
NEW YORK,2018,13,
NEW YORK,2018,12,26.500000
NEW YORK,2018,11,26.500000
NEW YORK,2018,10,21.333333
NEW YORK,2018,9,21.333333
NEW YORK,2018,8,19.125000
NEW YORK,2018,7,
NEW YORK,2018,6,
NEW YORK,2018,5,
NEW YORK,2018,4,26.500000
NEW YORK,2018,3,26.500000
NEW YORK,2018,2,18.000000
PHILADELPHIA,2018,366,
PHILADELPHIA,2018,365,44.000000
PHILADELPHIA,2018,364,
PHILADELPHIA,2018,363,
PHILADELPHIA,2018,362,
PHILADELPHIA,2018,361,
PHILADELPHIA,2018,360,
PHILADELPHIA,2018,359,
PHILADELPHIA,2018,358,
PHILADELPHIA,2018,357,
PHILADELPHIA,2018,356,
PHILADELPHIA,2018,355,37.000000
PHILADELPHIA,2018,354,37.000000
PHILADELPHIA,2018,353,37.000000
PHILADELPHIA,2018,352,37.000000
PHILADELPHIA,2018,351,30.000000
PHILADELPHIA,2018,350,
PHILADELPHIA,2018,349,
PHILADELPHIA,2018,348,32.000000
PHILADELPHIA,2018,347,32.000000
PHILADELPHIA,2018,346,32.000000
PHILADELPHIA,2018,345,27.000000
PHILADELPHIA,2018,344,27.000000
PHILADELPHIA,2018,343,
PHILADELPHIA,2018,342,
PHILADELPHIA,2018,341,27.000000
PHILADELPHIA,2018,340,27.000000
PHILADELPHIA,2018,339,29.500000
PHILADELPHIA,2018,338,
PHILADELPHIA,2018,337,29.500000
PHILADELPHIA,2018,336,
PHILADELPHIA,2018,335,
PHILADELPHIA,2018,334,30.000000
PHILADELPHIA,2018,333,30.000000
PHILADELPHIA,2018,332,30.000000
PHILADELPHIA,2018,331,22.000000
PHILADELPHIA,2018,330,21.000000
PHILADELPHIA,2018,329,
PHILADELPHIA,2018,328,
PHILADELPHIA,2018,327,
PHILADELPHIA,2018,326,
PHILADELPHIA,2018,325,31.500000
PHILADELPHIA,2018,324,31.500000
PHILADELPHIA,2018,323,21.000000
PHILADELPHIA,2018,322,
PHILADELPHIA,2018,321,
PHILADELPHIA,2018,320,37.500000
PHILADELPHIA,2018,319,37.500000
PHILADELPHIA,2018,318,37.500000
PHILADELPHIA,2018,317,37.500000
PHILADELPHIA,2018,316,
PHILADELPHIA,2018,315,
PHILADELPHIA,2018,314,
PHILADELPHIA,2018,313,29.750000
PHILADELPHIA,2018,312,29.750000
PHILADELPHIA,2018,311,29.750000
PHILADELPHIA,2018,310,29.750000
PHILADELPHIA,2018,309,29.250000
PHILADELPHIA,2018,308,
PHILADELPHIA,2018,307,
PHILADELPHIA,2018,306,29.250000
PHILADELPHIA,2018,305,29.250000
PHILADELPHIA,2018,304,29.250000
PHILADELPHIA,2018,303,29.250000
PHILADELPHIA,2018,302,28.000000
PHILADELPHIA,2018,301,
PHILADELPHIA,2018,300,
PHILADELPHIA,2018,299,34.000000
PHILADELPHIA,2018,298,34.000000
PHILADELPHIA,2018,297,30.000000
PHILADELPHIA,2018,296,30.000000
PHILADELPHIA,2018,295,30.000000
PHILADELPHIA,2018,294,
PHILADELPHIA,2018,293,
PHILADELPHIA,2018,292,20.000000
PHILADELPHIA,2018,291,20.000000
PHILADELPHIA,2018,290,20.000000
PHILADELPHIA,2018,289,20.000000
PHILADELPHIA,2018,288,20.000000
PHILADELPHIA,2018,287,
PHILADELPHIA,2018,286,
PHILADELPHIA,2018,285,23.500000
PHILADELPHIA,2018,284,23.500000
PHILADELPHIA,2018,283,23.500000
PHILADELPHIA,2018,282,23.500000
PHILADELPHIA,2018,281,
PHILADELPHIA,2018,280,
PHILADELPHIA,2018,279,
PHILADELPHIA,2018,278,23.500000
PHILADELPHIA,2018,277,23.500000
PHILADELPHIA,2018,276,23.500000
PHILADELPHIA,2018,275,23.500000
PHILADELPHIA,2018,274,24.000000
PHILADELPHIA,2018,273,
PHILADELPHIA,2018,272,
PHILADELPHIA,2018,271,24.000000
PHILADELPHIA,2018,270,24.000000
PHILADELPHIA,2018,269,24.000000
PHILADELPHIA,2018,268,23.500000
PHILADELPHIA,2018,267,26.000000
PHILADELPHIA,2018,266,
PHILADELPHIA,2018,265,
PHILADELPHIA,2018,264,26.000000
PHILADELPHIA,2018,263,26.000000
PHILADELPHIA,2018,262,26.000000
PHILADELPHIA,2018,261,26.000000
PHILADELPHIA,2018,260,22.000000
PHILADELPHIA,2018,259,
PHILADELPHIA,2018,258,
PHILADELPHIA,2018,257,22.000000
PHILADELPHIA,2018,256,22.000000
PHILADELPHIA,2018,255,22.000000
PHILADELPHIA,2018,254,22.000000
PHILADELPHIA,2018,253,22.000000
PHILADELPHIA,2018,252,
PHILADELPHIA,2018,251,
PHILADELPHIA,2018,250,
PHILADELPHIA,2018,249,
PHILADELPHIA,2018,248,30.000000
PHILADELPHIA,2018,247,30.000000
PHILADELPHIA,2018,246,
PHILADELPHIA,2018,245,
PHILADELPHIA,2018,244,
PHILADELPHIA,2018,243,30.000000
PHILADELPHIA,2018,242,30.000000
PHILADELPHIA,2018,241,30.000000
PHILADELPHIA,2018,240,30.000000
PHILADELPHIA,2018,239,30.000000
PHILADELPHIA,2018,238,
PHILADELPHIA,2018,237,
PHILADELPHIA,2018,236,27.000000
PHILADELPHIA,2018,235,27.000000
PHILADELPHIA,2018,234,27.000000
PHILADELPHIA,2018,233,27.000000
PHILADELPHIA,2018,232,27.000000
PHILADELPHIA,2018,231,
PHILADELPHIA,2018,230,
PHILADELPHIA,2018,229,25.750000
PHILADELPHIA,2018,228,25.750000
PHILADELPHIA,2018,227,25.750000
PHILADELPHIA,2018,226,25.750000
PHILADELPHIA,2018,225,21.000000
PHILADELPHIA,2018,224,
PHILADELPHIA,2018,223,
PHILADELPHIA,2018,222,21.000000
PHILADELPHIA,2018,221,21.000000
PHILADELPHIA,2018,220,21.000000
PHILADELPHIA,2018,219,21.000000
PHILADELPHIA,2018,218,24.375000
PHILADELPHIA,2018,217,
PHILADELPHIA,2018,216,
PHILADELPHIA,2018,215,24.375000
PHILADELPHIA,2018,214,24.375000
PHILADELPHIA,2018,213,24.375000
PHILADELPHIA,2018,212,24.375000
PHILADELPHIA,2018,211,24.375000
PHILADELPHIA,2018,210,
PHILADELPHIA,2018,209,
PHILADELPHIA,2018,208,24.375000
PHILADELPHIA,2018,207,24.375000
PHILADELPHIA,2018,206,24.375000
PHILADELPHIA,2018,205,24.375000
PHILADELPHIA,2018,204,24.500000
PHILADELPHIA,2018,203,
PHILADELPHIA,2018,202,
PHILADELPHIA,2018,201,24.500000
PHILADELPHIA,2018,200,24.500000
PHILADELPHIA,2018,199,24.500000
PHILADELPHIA,2018,198,24.500000
PHILADELPHIA,2018,197,23.500000
PHILADELPHIA,2018,196,
PHILADELPHIA,2018,195,
PHILADELPHIA,2018,194,23.500000
PHILADELPHIA,2018,193,23.500000
PHILADELPHIA,2018,192,23.500000
PHILADELPHIA,2018,191,23.500000
PHILADELPHIA,2018,190,20.000000
PHILADELPHIA,2018,189,
PHILADELPHIA,2018,188,
PHILADELPHIA,2018,187,26.750000
PHILADELPHIA,2018,186,26.750000
PHILADELPHIA,2018,185,
PHILADELPHIA,2018,184,26.750000
PHILADELPHIA,2018,183,24.000000
PHILADELPHIA,2018,182,
PHILADELPHIA,2018,181,
PHILADELPHIA,2018,180,24.000000
PHILADELPHIA,2018,179,24.000000
PHILADELPHIA,2018,178,25.000000
PHILADELPHIA,2018,177,25.000000
PHILADELPHIA,2018,176,25.000000
PHILADELPHIA,2018,175,
PHILADELPHIA,2018,174,
PHILADELPHIA,2018,173,25.000000
PHILADELPHIA,2018,172,25.000000
PHILADELPHIA,2018,171,25.000000
PHILADELPHIA,2018,170,25.000000
PHILADELPHIA,2018,169,25.000000
PHILADELPHIA,2018,168,
PHILADELPHIA,2018,167,
PHILADELPHIA,2018,166,28.000000
PHILADELPHIA,2018,165,28.000000
PHILADELPHIA,2018,164,28.000000
PHILADELPHIA,2018,163,23.000000
PHILADELPHIA,2018,162,24.250000
PHILADELPHIA,2018,161,
PHILADELPHIA,2018,160,
PHILADELPHIA,2018,159,24.250000
PHILADELPHIA,2018,158,24.250000
PHILADELPHIA,2018,157,24.250000
PHILADELPHIA,2018,156,24.250000
PHILADELPHIA,2018,155,24.250000
PHILADELPHIA,2018,154,
PHILADELPHIA,2018,153,
PHILADELPHIA,2018,152,19.833333
PHILADELPHIA,2018,151,19.833333
PHILADELPHIA,2018,150,19.833333
PHILADELPHIA,2018,149,19.833333
PHILADELPHIA,2018,148,
PHILADELPHIA,2018,147,
PHILADELPHIA,2018,146,
PHILADELPHIA,2018,145,22.333333
PHILADELPHIA,2018,144,22.333333
PHILADELPHIA,2018,143,22.333333
PHILADELPHIA,2018,142,23.333333
PHILADELPHIA,2018,141,22.666666
PHILADELPHIA,2018,140,
PHILADELPHIA,2018,139,
PHILADELPHIA,2018,138,27.833333
PHILADELPHIA,2018,137,27.833333
PHILADELPHIA,2018,136,27.833333
PHILADELPHIA,2018,135,27.833333
PHILADELPHIA,2018,134,27.333333
PHILADELPHIA,2018,133,
PHILADELPHIA,2018,132,
PHILADELPHIA,2018,131,27.333333
PHILADELPHIA,2018,130,27.333333
PHILADELPHIA,2018,129,27.333333
PHILADELPHIA,2018,128,27.333333
PHILADELPHIA,2018,127,26.666666
PHILADELPHIA,2018,126,
PHILADELPHIA,2018,125,
PHILADELPHIA,2018,124,26.000000
PHILADELPHIA,2018,123,26.000000
PHILADELPHIA,2018,122,26.333333
PHILADELPHIA,2018,121,26.333333
PHILADELPHIA,2018,120,24.000000
PHILADELPHIA,2018,119,
PHILADELPHIA,2018,118,
PHILADELPHIA,2018,117,24.500000
PHILADELPHIA,2018,116,24.500000
PHILADELPHIA,2018,115,24.500000
PHILADELPHIA,2018,114,23.500000
PHILADELPHIA,2018,113,26.000000
PHILADELPHIA,2018,112,
PHILADELPHIA,2018,111,
PHILADELPHIA,2018,110,27.000000
PHILADELPHIA,2018,109,27.000000
PHILADELPHIA,2018,108,27.000000
PHILADELPHIA,2018,107,27.000000
PHILADELPHIA,2018,106,26.000000
PHILADELPHIA,2018,105,
PHILADELPHIA,2018,104,
PHILADELPHIA,2018,103,25.000000
PHILADELPHIA,2018,102,25.000000
PHILADELPHIA,2018,101,25.000000
PHILADELPHIA,2018,100,25.000000
PHILADELPHIA,2018,99,
PHILADELPHIA,2018,98,
PHILADELPHIA,2018,97,
PHILADELPHIA,2018,96,26.750000
PHILADELPHIA,2018,95,26.750000
PHILADELPHIA,2018,94,26.750000
PHILADELPHIA,2018,93,25.250000
PHILADELPHIA,2018,92,
PHILADELPHIA,2018,91,
PHILADELPHIA,2018,90,
PHILADELPHIA,2018,89,25.250000
PHILADELPHIA,2018,88,25.250000
PHILADELPHIA,2018,87,25.250000
PHILADELPHIA,2018,86,25.250000
PHILADELPHIA,2018,85,
PHILADELPHIA,2018,84,
PHILADELPHIA,2018,83,
PHILADELPHIA,2018,82,20.500000
PHILADELPHIA,2018,81,20.500000
PHILADELPHIA,2018,80,
PHILADELPHIA,2018,79,20.500000
PHILADELPHIA,2018,78,21.000000
PHILADELPHIA,2018,77,
PHILADELPHIA,2018,76,
PHILADELPHIA,2018,75,21.000000
PHILADELPHIA,2018,74,21.250000
PHILADELPHIA,2018,73,21.250000
PHILADELPHIA,2018,72,21.250000
PHILADELPHIA,2018,71,21.000000
PHILADELPHIA,2018,70,
PHILADELPHIA,2018,69,
PHILADELPHIA,2018,68,
PHILADELPHIA,2018,67,
PHILADELPHIA,2018,66,
PHILADELPHIA,2018,65,20.833333
PHILADELPHIA,2018,64,20.833333
PHILADELPHIA,2018,63,
PHILADELPHIA,2018,62,
PHILADELPHIA,2018,61,21.000000
PHILADELPHIA,2018,60,21.000000
PHILADELPHIA,2018,59,21.000000
PHILADELPHIA,2018,58,21.000000
PHILADELPHIA,2018,57,21.000000
PHILADELPHIA,2018,56,
PHILADELPHIA,2018,55,
PHILADELPHIA,2018,54,21.666666
PHILADELPHIA,2018,53,21.666666
PHILADELPHIA,2018,52,21.666666
PHILADELPHIA,2018,51,21.666666
PHILADELPHIA,2018,50,
PHILADELPHIA,2018,49,
PHILADELPHIA,2018,48,
PHILADELPHIA,2018,47,22.000000
PHILADELPHIA,2018,46,22.000000
PHILADELPHIA,2018,45,22.000000
PHILADELPHIA,2018,44,22.000000
PHILADELPHIA,2018,43,22.000000
PHILADELPHIA,2018,42,
PHILADELPHIA,2018,41,
PHILADELPHIA,2018,40,21.000000
PHILADELPHIA,2018,39,21.000000
PHILADELPHIA,2018,38,21.000000
PHILADELPHIA,2018,37,21.000000
PHILADELPHIA,2018,36,22.000000
PHILADELPHIA,2018,35,
PHILADELPHIA,2018,34,
PHILADELPHIA,2018,33,23.000000
PHILADELPHIA,2018,32,23.000000
PHILADELPHIA,2018,31,25.750000
PHILADELPHIA,2018,30,25.750000
PHILADELPHIA,2018,29,27.000000
PHILADELPHIA,2018,28,
PHILADELPHIA,2018,27,
PHILADELPHIA,2018,26,27.000000
PHILADELPHIA,2018,25,27.000000
PHILADELPHIA,2018,24,27.000000
PHILADELPHIA,2018,23,24.000000
PHILADELPHIA,2018,22,
PHILADELPHIA,2018,21,
PHILADELPHIA,2018,20,
PHILADELPHIA,2018,19,29.000000
PHILADELPHIA,2018,18,29.000000
PHILADELPHIA,2018,17,26.750000
PHILADELPHIA,2018,16,26.333333
PHILADELPHIA,2018,15,
PHILADELPHIA,2018,14,
PHILADELPHIA,2018,13,
PHILADELPHIA,2018,12,22.000000
PHILADELPHIA,2018,11,22.000000
PHILADELPHIA,2018,10,28.500000
PHILADELPHIA,2018,9,28.500000
PHILADELPHIA,2018,8,28.500000
PHILADELPHIA,2018,7,
PHILADELPHIA,2018,6,
PHILADELPHIA,2018,5,31.000000
PHILADELPHIA,2018,4,31.000000
PHILADELPHIA,2018,3,31.000000
PHILADELPHIA,2018,2,34.000000
