CityName,Year,Day,Price
BALTIMORE,2024,366,
BALTIMORE,2024,365,
BALTIMORE,2024,364,
BALTIMORE,2024,363,
BALTIMORE,2024,362,
BALTIMORE,2024,361,
BALTIMORE,2024,360,
BALTIMORE,2024,359,
BALTIMORE,2024,358,
BALTIMORE,2024,357,
BALTIMORE,2024,356,
BALTIMORE,2024,355,
BALTIMORE,2024,354,
BALTIMORE,2024,353,
BALTIMORE,2024,352,
BALTIMORE,2024,351,
BALTIMORE,2024,350,
BALTIMORE,2024,349,
BALTIMORE,2024,348,
BALTIMORE,2024,347,
BALTIMORE,2024,346,
BALTIMORE,2024,345,
BALTIMORE,2024,344,
BALTIMORE,2024,343,
BALTIMORE,2024,342,
BALTIMORE,2024,341,
BALTIMORE,2024,340,
BALTIMORE,2024,339,
BALTIMORE,2024,338,
BALTIMORE,2024,337,
BALTIMORE,2024,336,
BALTIMORE,2024,335,
BALTIMORE,2024,334,
BALTIMORE,2024,333,
BALTIMORE,2024,332,
BALTIMORE,2024,331,
BALTIMORE,2024,330,
BALTIMORE,2024,329,
BALTIMORE,2024,328,
BALTIMORE,2024,327,
BALTIMORE,2024,326,
BALTIMORE,2024,325,
BALTIMORE,2024,324,
BALTIMORE,2024,323,
BALTIMORE,2024,322,
BALTIMORE,2024,321,
BALTIMORE,2024,320,
BALTIMORE,2024,319,
BALTIMORE,2024,318,
BALTIMORE,2024,317,
BALTIMORE,2024,316,
BALTIMORE,2024,315,
BALTIMORE,2024,314,
BALTIMORE,2024,313,
BALTIMORE,2024,312,
BALTIMORE,2024,311,
BALTIMORE,2024,310,
BALTIMORE,2024,309,
BALTIMORE,2024,308,
BALTIMORE,2024,307,
BALTIMORE,2024,306,
BALTIMORE,2024,305,
BALTIMORE,2024,304,
BALTIMORE,2024,303,
BALTIMORE,2024,302,
BALTIMORE,2024,301,
BALTIMORE,2024,300,
BALTIMORE,2024,299,
BALTIMORE,2024,298,
BALTIMORE,2024,297,
BALTIMORE,2024,296,
BALTIMORE,2024,295,
BALTIMORE,2024,294,
BALTIMORE,2024,293,
BALTIMORE,2024,292,
BALTIMORE,2024,291,
BALTIMORE,2024,290,
BALTIMORE,2024,289,
BALTIMORE,2024,288,
BALTIMORE,2024,287,
BALTIMORE,2024,286,
BALTIMORE,2024,285,
BALTIMORE,2024,284,
BALTIMORE,2024,283,
BALTIMORE,2024,282,
BALTIMORE,2024,281,
BALTIMORE,2024,280,
BALTIMORE,2024,279,
BALTIMORE,2024,278,
BALTIMORE,2024,277,
BALTIMORE,2024,276,
BALTIMORE,2024,275,
BALTIMORE,2024,274,
BALTIMORE,2024,273,
BALTIMORE,2024,272,
BALTIMORE,2024,271,
BALTIMORE,2024,270,
BALTIMORE,2024,269,
BALTIMORE,2024,268,
BALTIMORE,2024,267,
BALTIMORE,2024,266,
BALTIMORE,2024,265,
BALTIMORE,2024,264,
BALTIMORE,2024,263,
BALTIMORE,2024,262,
BALTIMORE,2024,261,
BALTIMORE,2024,260,
BALTIMORE,2024,259,
BALTIMORE,2024,258,
BALTIMORE,2024,257,
BALTIMORE,2024,256,
BALTIMORE,2024,255,
BALTIMORE,2024,254,
BALTIMORE,2024,253,
BALTIMORE,2024,252,
BALTIMORE,2024,251,
BALTIMORE,2024,250,
BALTIMORE,2024,249,
BALTIMORE,2024,248,
BALTIMORE,2024,247,
BALTIMORE,2024,246,
BALTIMORE,2024,245,
BALTIMORE,2024,244,
BALTIMORE,2024,243,
BALTIMORE,2024,242,
BALTIMORE,2024,241,
BALTIMORE,2024,240,
BALTIMORE,2024,239,
BALTIMORE,2024,238,
BALTIMORE,2024,237,
BALTIMORE,2024,236,
BALTIMORE,2024,235,
BALTIMORE,2024,234,
BALTIMORE,2024,233,
BALTIMORE,2024,232,
BALTIMORE,2024,231,
BALTIMORE,2024,230,
BALTIMORE,2024,229,
BALTIMORE,2024,228,
BALTIMORE,2024,227,
BALTIMORE,2024,226,
BALTIMORE,2024,225,
BALTIMORE,2024,224,
BALTIMORE,2024,223,
BALTIMORE,2024,222,
BALTIMORE,2024,221,
BALTIMORE,2024,220,
BALTIMORE,2024,219,
BALTIMORE,2024,218,
BALTIMORE,2024,217,
BALTIMORE,2024,216,
BALTIMORE,2024,215,
BALTIMORE,2024,214,
BALTIMORE,2024,213,
BALTIMORE,2024,212,
BALTIMORE,2024,211,
BALTIMORE,2024,210,
BALTIMORE,2024,209,
BALTIMORE,2024,208,
BALTIMORE,2024,207,
BALTIMORE,2024,206,
BALTIMORE,2024,205,
BALTIMORE,2024,204,
BALTIMORE,2024,203,
BALTIMORE,2024,202,
BALTIMORE,2024,201,
BALTIMORE,2024,200,
BALTIMORE,2024,199,
BALTIMORE,2024,198,
BALTIMORE,2024,197,
BALTIMORE,2024,196,
BALTIMORE,2024,195,
BALTIMORE,2024,194,
BALTIMORE,2024,193,
BALTIMORE,2024,192,
BALTIMORE,2024,191,
BALTIMORE,2024,190,
BALTIMORE,2024,189,
BALTIMORE,2024,188,
BALTIMORE,2024,187,45.000000
BALTIMORE,2024,186,
BALTIMORE,2024,185,45.000000
BALTIMORE,2024,184,60.000000
BALTIMORE,2024,183,60.000000
BALTIMORE,2024,182,
BALTIMORE,2024,181,
BALTIMORE,2024,180,60.000000
BALTIMORE,2024,179,60.000000
BALTIMORE,2024,178,60.000000
BALTIMORE,2024,177,60.000000
BALTIMORE,2024,176,60.000000
BALTIMORE,2024,175,
BALTIMORE,2024,174,
BALTIMORE,2024,173,60.000000
BALTIMORE,2024,172,60.000000
BALTIMORE,2024,171,
BALTIMORE,2024,170,60.000000
BALTIMORE,2024,169,75.000000
BALTIMORE,2024,168,
BALTIMORE,2024,167,
BALTIMORE,2024,166,75.000000
BALTIMORE,2024,165,75.000000
BALTIMORE,2024,164,75.000000
BALTIMORE,2024,163,75.000000
BALTIMORE,2024,162,75.000000
BALTIMORE,2024,161,
BALTIMORE,2024,160,
BALTIMORE,2024,159,75.000000
BALTIMORE,2024,158,75.000000
BALTIMORE,2024,157,75.000000
BALTIMORE,2024,156,75.000000
BALTIMORE,2024,155,75.000000
BALTIMORE,2024,154,
BALTIMORE,2024,153,
BALTIMORE,2024,152,
BALTIMORE,2024,151,
BALTIMORE,2024,150,
BALTIMORE,2024,149,
BALTIMORE,2024,148,
BALTIMORE,2024,147,
BALTIMORE,2024,146,
BALTIMORE,2024,145,
BALTIMORE,2024,144,
BALTIMORE,2024,143,
BALTIMORE,2024,142,
BALTIMORE,2024,141,
BALTIMORE,2024,140,
BALTIMORE,2024,139,
BALTIMORE,2024,138,
BALTIMORE,2024,137,
BALTIMORE,2024,136,
BALTIMORE,2024,135,
BALTIMORE,2024,134,
BALTIMORE,2024,133,
BALTIMORE,2024,132,
BALTIMORE,2024,131,
BALTIMORE,2024,130,
BALTIMORE,2024,129,
BALTIMORE,2024,128,
BALTIMORE,2024,127,
BALTIMORE,2024,126,
BALTIMORE,2024,125,
BALTIMORE,2024,124,
BALTIMORE,2024,123,
BALTIMORE,2024,122,
BALTIMORE,2024,121,
BALTIMORE,2024,120,
BALTIMORE,2024,119,
BALTIMORE,2024,118,
BALTIMORE,2024,117,
BALTIMORE,2024,116,
BALTIMORE,2024,115,
BALTIMORE,2024,114,
BALTIMORE,2024,113,
BALTIMORE,2024,112,
BALTIMORE,2024,111,
BALTIMORE,2024,110,
BALTIMORE,2024,109,
BALTIMORE,2024,108,
BALTIMORE,2024,107,
BALTIMORE,2024,106,
BALTIMORE,2024,105,
BALTIMORE,2024,104,
BALTIMORE,2024,103,
BALTIMORE,2024,102,
BALTIMORE,2024,101,
BALTIMORE,2024,100,
BALTIMORE,2024,99,
BALTIMORE,2024,98,
BALTIMORE,2024,97,
BALTIMORE,2024,96,
BALTIMORE,2024,95,
BALTIMORE,2024,94,
BALTIMORE,2024,93,
BALTIMORE,2024,92,
BALTIMORE,2024,91,
BALTIMORE,2024,90,
BALTIMORE,2024,89,
BALTIMORE,2024,88,
BALTIMORE,2024,87,
BALTIMORE,2024,86,
BALTIMORE,2024,85,
BALTIMORE,2024,84,
BALTIMORE,2024,83,
BALTIMORE,2024,82,
BALTIMORE,2024,81,
BALTIMORE,2024,80,
BALTIMORE,2024,79,
BALTIMORE,2024,78,
BALTIMORE,2024,77,
BALTIMORE,2024,76,
BALTIMORE,2024,75,
BALTIMORE,2024,74,
BALTIMORE,2024,73,
BALTIMORE,2024,72,
BALTIMORE,2024,71,
BALTIMORE,2024,70,
BALTIMORE,2024,69,
BALTIMORE,2024,68,
BALTIMORE,2024,67,
BALTIMORE,2024,66,
BALTIMORE,2024,65,
BALTIMORE,2024,64,
BALTIMORE,2024,63,
BALTIMORE,2024,62,
BALTIMORE,2024,61,
BALTIMORE,2024,60,
BALTIMORE,2024,59,
BALTIMORE,2024,58,
BALTIMORE,2024,57,
BALTIMORE,2024,56,
BALTIMORE,2024,55,
BALTIMORE,2024,54,
BALTIMORE,2024,53,
BALTIMORE,2024,52,
BALTIMORE,2024,51,
BALTIMORE,2024,50,
BALTIMORE,2024,49,
BALTIMORE,2024,48,
BALTIMORE,2024,47,
BALTIMORE,2024,46,
BALTIMORE,2024,45,
BALTIMORE,2024,44,
BALTIMORE,2024,43,
BALTIMORE,2024,42,
BALTIMORE,2024,41,
BALTIMORE,2024,40,
BALTIMORE,2024,39,
BALTIMORE,2024,38,
BALTIMORE,2024,37,
BALTIMORE,2024,36,
BALTIMORE,2024,35,
BALTIMORE,2024,34,
BALTIMORE,2024,33,
BALTIMORE,2024,32,
BALTIMORE,2024,31,
BALTIMORE,2024,30,
BALTIMORE,2024,29,
BALTIMORE,2024,28,
BALTIMORE,2024,27,
BALTIMORE,2024,26,
BALTIMORE,2024,25,
BALTIMORE,2024,24,
BALTIMORE,2024,23,
BALTIMORE,2024,22,
BALTIMORE,2024,21,
BALTIMORE,2024,20,
BALTIMORE,2024,19,
BALTIMORE,2024,18,
BALTIMORE,2024,17,
BALTIMORE,2024,16,
BALTIMORE,2024,15,
BALTIMORE,2024,14,
BALTIMORE,2024,13,
BALTIMORE,2024,12,
BALTIMORE,2024,11,
BALTIMORE,2024,10,
BALTIMORE,2024,9,
BALTIMORE,2024,8,
BALTIMORE,2024,7,
BALTIMORE,2024,6,
BALTIMORE,2024,5,
BALTIMORE,2024,4,
BALTIMORE,2024,3,
BALTIMORE,2024,2,
BOSTON,2024,366,
BOSTON,2024,365,
BOSTON,2024,364,
BOSTON,2024,363,
BOSTON,2024,362,
BOSTON,2024,361,
BOSTON,2024,360,
BOSTON,2024,359,
BOSTON,2024,358,
BOSTON,2024,357,
BOSTON,2024,356,
BOSTON,2024,355,
BOSTON,2024,354,
BOSTON,2024,353,
BOSTON,2024,352,
BOSTON,2024,351,
BOSTON,2024,350,
BOSTON,2024,349,
BOSTON,2024,348,
BOSTON,2024,347,
BOSTON,2024,346,
BOSTON,2024,345,
BOSTON,2024,344,
BOSTON,2024,343,
BOSTON,2024,342,
BOSTON,2024,341,
BOSTON,2024,340,
BOSTON,2024,339,
BOSTON,2024,338,
BOSTON,2024,337,
BOSTON,2024,336,
BOSTON,2024,335,
BOSTON,2024,334,
BOSTON,2024,333,
BOSTON,2024,332,
BOSTON,2024,331,
BOSTON,2024,330,
BOSTON,2024,329,
BOSTON,2024,328,
BOSTON,2024,327,
BOSTON,2024,326,
BOSTON,2024,325,
BOSTON,2024,324,
BOSTON,2024,323,
BOSTON,2024,322,
BOSTON,2024,321,
BOSTON,2024,320,
BOSTON,2024,319,
BOSTON,2024,318,
BOSTON,2024,317,
BOSTON,2024,316,
BOSTON,2024,315,
BOSTON,2024,314,
BOSTON,2024,313,
BOSTON,2024,312,
BOSTON,2024,311,
BOSTON,2024,310,
BOSTON,2024,309,
BOSTON,2024,308,
BOSTON,2024,307,
BOSTON,2024,306,
BOSTON,2024,305,
BOSTON,2024,304,
BOSTON,2024,303,
BOSTON,2024,302,
BOSTON,2024,301,
BOSTON,2024,300,
BOSTON,2024,299,
BOSTON,2024,298,
BOSTON,2024,297,
BOSTON,2024,296,
BOSTON,2024,295,
BOSTON,2024,294,
BOSTON,2024,293,
BOSTON,2024,292,
BOSTON,2024,291,
BOSTON,2024,290,
BOSTON,2024,289,
BOSTON,2024,288,
BOSTON,2024,287,
BOSTON,2024,286,
BOSTON,2024,285,
BOSTON,2024,284,
BOSTON,2024,283,
BOSTON,2024,282,
BOSTON,2024,281,
BOSTON,2024,280,
BOSTON,2024,279,
BOSTON,2024,278,
BOSTON,2024,277,
BOSTON,2024,276,
BOSTON,2024,275,
BOSTON,2024,274,31.500000
BOSTON,2024,273,
BOSTON,2024,272,
BOSTON,2024,271,31.500000
BOSTON,2024,270,31.500000
BOSTON,2024,269,31.500000
BOSTON,2024,268,31.500000
BOSTON,2024,267,31.500000
BOSTON,2024,266,
BOSTON,2024,265,
BOSTON,2024,264,31.500000
BOSTON,2024,263,31.500000
BOSTON,2024,262,31.500000
BOSTON,2024,261,31.500000
BOSTON,2024,260,31.500000
BOSTON,2024,259,
BOSTON,2024,258,
BOSTON,2024,257,31.500000
BOSTON,2024,256,31.500000
BOSTON,2024,255,31.500000
BOSTON,2024,254,31.500000
BOSTON,2024,253,31.500000
BOSTON,2024,252,
BOSTON,2024,251,
BOSTON,2024,250,31.500000
BOSTON,2024,249,31.500000
BOSTON,2024,248,31.500000
BOSTON,2024,247,31.500000
BOSTON,2024,246,
BOSTON,2024,245,
BOSTON,2024,244,
BOSTON,2024,243,31.500000
BOSTON,2024,242,31.500000
BOSTON,2024,241,31.500000
BOSTON,2024,240,31.500000
BOSTON,2024,239,31.500000
BOSTON,2024,238,
BOSTON,2024,237,
BOSTON,2024,236,31.500000
BOSTON,2024,235,31.500000
BOSTON,2024,234,31.500000
BOSTON,2024,233,44.500000
BOSTON,2024,232,44.500000
BOSTON,2024,231,
BOSTON,2024,230,
BOSTON,2024,229,44.500000
BOSTON,2024,228,44.500000
BOSTON,2024,227,44.500000
BOSTON,2024,226,44.500000
BOSTON,2024,225,44.500000
BOSTON,2024,224,
BOSTON,2024,223,
BOSTON,2024,222,44.500000
BOSTON,2024,221,44.500000
BOSTON,2024,220,44.500000
BOSTON,2024,219,44.500000
BOSTON,2024,218,44.500000
BOSTON,2024,217,
BOSTON,2024,216,
BOSTON,2024,215,44.500000
BOSTON,2024,214,44.500000
BOSTON,2024,213,44.500000
BOSTON,2024,212,44.500000
BOSTON,2024,211,44.500000
BOSTON,2024,210,
BOSTON,2024,209,
BOSTON,2024,208,44.500000
BOSTON,2024,207,44.500000
BOSTON,2024,206,44.500000
BOSTON,2024,205,44.500000
BOSTON,2024,204,44.500000
BOSTON,2024,203,
BOSTON,2024,202,
BOSTON,2024,201,44.500000
BOSTON,2024,200,44.500000
BOSTON,2024,199,44.500000
BOSTON,2024,198,44.500000
BOSTON,2024,197,
BOSTON,2024,196,
BOSTON,2024,195,
BOSTON,2024,194,44.500000
BOSTON,2024,193,44.500000
BOSTON,2024,192,44.500000
BOSTON,2024,191,44.500000
BOSTON,2024,190,39.000000
BOSTON,2024,189,
BOSTON,2024,188,
BOSTON,2024,187,39.000000
BOSTON,2024,186,
BOSTON,2024,185,39.000000
BOSTON,2024,184,39.000000
BOSTON,2024,183,39.000000
BOSTON,2024,182,
BOSTON,2024,181,
BOSTON,2024,180,39.000000
BOSTON,2024,179,39.000000
BOSTON,2024,178,39.000000
BOSTON,2024,177,39.000000
BOSTON,2024,176,39.000000
BOSTON,2024,175,
BOSTON,2024,174,
BOSTON,2024,173,39.000000
BOSTON,2024,172,39.000000
BOSTON,2024,171,
BOSTON,2024,170,34.000000
BOSTON,2024,169,34.000000
BOSTON,2024,168,
BOSTON,2024,167,
BOSTON,2024,166,34.000000
BOSTON,2024,165,34.000000
BOSTON,2024,164,34.000000
BOSTON,2024,163,34.000000
BOSTON,2024,162,34.000000
BOSTON,2024,161,
BOSTON,2024,160,
BOSTON,2024,159,34.000000
BOSTON,2024,158,34.000000
BOSTON,2024,157,34.000000
BOSTON,2024,156,34.000000
BOSTON,2024,155,34.000000
BOSTON,2024,154,
BOSTON,2024,153,
BOSTON,2024,152,34.000000
BOSTON,2024,151,34.000000
BOSTON,2024,150,34.000000
BOSTON,2024,149,34.000000
BOSTON,2024,148,
BOSTON,2024,147,
BOSTON,2024,146,
BOSTON,2024,145,34.000000
BOSTON,2024,144,34.000000
BOSTON,2024,143,34.000000
BOSTON,2024,142,34.000000
BOSTON,2024,141,34.000000
BOSTON,2024,140,
BOSTON,2024,139,
BOSTON,2024,138,34.000000
BOSTON,2024,137,34.000000
BOSTON,2024,136,34.000000
BOSTON,2024,135,34.000000
BOSTON,2024,134,34.000000
BOSTON,2024,133,
BOSTON,2024,132,
BOSTON,2024,131,34.000000
BOSTON,2024,130,34.000000
BOSTON,2024,129,34.000000
BOSTON,2024,128,34.000000
BOSTON,2024,127,34.000000
BOSTON,2024,126,
BOSTON,2024,125,
BOSTON,2024,124,34.000000
BOSTON,2024,123,34.000000
BOSTON,2024,122,34.000000
BOSTON,2024,121,34.000000
BOSTON,2024,120,34.000000
BOSTON,2024,119,
BOSTON,2024,118,
BOSTON,2024,117,34.000000
BOSTON,2024,116,34.000000
BOSTON,2024,115,34.000000
BOSTON,2024,114,34.000000
BOSTON,2024,113,34.000000
BOSTON,2024,112,
BOSTON,2024,111,
BOSTON,2024,110,34.000000
BOSTON,2024,109,34.000000
BOSTON,2024,108,34.000000
BOSTON,2024,107,34.000000
BOSTON,2024,106,34.000000
BOSTON,2024,105,
BOSTON,2024,104,
BOSTON,2024,103,34.000000
BOSTON,2024,102,34.000000
BOSTON,2024,101,34.000000
BOSTON,2024,100,34.000000
BOSTON,2024,99,34.000000
BOSTON,2024,98,
BOSTON,2024,97,
BOSTON,2024,96,34.000000
BOSTON,2024,95,34.000000
BOSTON,2024,94,34.000000
BOSTON,2024,93,34.000000
BOSTON,2024,92,34.000000
BOSTON,2024,91,
BOSTON,2024,90,
BOSTON,2024,89,34.000000
BOSTON,2024,88,34.000000
BOSTON,2024,87,34.000000
BOSTON,2024,86,34.000000
BOSTON,2024,85,34.000000
BOSTON,2024,84,
BOSTON,2024,83,
BOSTON,2024,82,34.000000
BOSTON,2024,81,34.000000
BOSTON,2024,80,34.000000
BOSTON,2024,79,34.000000
BOSTON,2024,78,34.000000
BOSTON,2024,77,
BOSTON,2024,76,
BOSTON,2024,75,34.000000
BOSTON,2024,74,34.000000
BOSTON,2024,73,34.000000
BOSTON,2024,72,34.000000
BOSTON,2024,71,34.000000
BOSTON,2024,70,
BOSTON,2024,69,
BOSTON,2024,68,34.000000
BOSTON,2024,67,34.000000
BOSTON,2024,66,34.000000
BOSTON,2024,65,34.000000
BOSTON,2024,64,34.000000
BOSTON,2024,63,
BOSTON,2024,62,
BOSTON,2024,61,34.000000
BOSTON,2024,60,34.000000
BOSTON,2024,59,34.000000
BOSTON,2024,58,34.000000
BOSTON,2024,57,34.000000
BOSTON,2024,56,
BOSTON,2024,55,
BOSTON,2024,54,34.000000
BOSTON,2024,53,34.000000
BOSTON,2024,52,34.000000
BOSTON,2024,51,34.000000
BOSTON,2024,50,
BOSTON,2024,49,
BOSTON,2024,48,
BOSTON,2024,47,34.000000
BOSTON,2024,46,34.000000
BOSTON,2024,45,34.000000
BOSTON,2024,44,34.000000
BOSTON,2024,43,34.000000
BOSTON,2024,42,
BOSTON,2024,41,
BOSTON,2024,40,34.000000
BOSTON,2024,39,34.000000
BOSTON,2024,38,34.000000
BOSTON,2024,37,34.000000
BOSTON,2024,36,34.000000
BOSTON,2024,35,
BOSTON,2024,34,
BOSTON,2024,33,34.000000
BOSTON,2024,32,34.000000
BOSTON,2024,31,34.000000
BOSTON,2024,30,34.000000
BOSTON,2024,29,34.000000
BOSTON,2024,28,
BOSTON,2024,27,
BOSTON,2024,26,34.000000
BOSTON,2024,25,34.000000
BOSTON,2024,24,34.000000
BOSTON,2024,23,34.000000
BOSTON,2024,22,34.000000
BOSTON,2024,21,
BOSTON,2024,20,
BOSTON,2024,19,34.000000
BOSTON,2024,18,34.000000
BOSTON,2024,17,34.000000
BOSTON,2024,16,34.000000
BOSTON,2024,15,
BOSTON,2024,14,
BOSTON,2024,13,
BOSTON,2024,12,34.000000
BOSTON,2024,11,34.000000
BOSTON,2024,10,34.000000
BOSTON,2024,9,34.000000
BOSTON,2024,8,34.000000
BOSTON,2024,7,
BOSTON,2024,6,
BOSTON,2024,5,34.000000
BOSTON,2024,4,34.000000
BOSTON,2024,3,34.000000
BOSTON,2024,2,30.333333
CHICAGO,2024,366,
CHICAGO,2024,365,
CHICAGO,2024,364,
CHICAGO,2024,363,
CHICAGO,2024,362,
CHICAGO,2024,361,
CHICAGO,2024,360,
CHICAGO,2024,359,
CHICAGO,2024,358,
CHICAGO,2024,357,
CHICAGO,2024,356,
CHICAGO,2024,355,
CHICAGO,2024,354,
CHICAGO,2024,353,
CHICAGO,2024,352,
CHICAGO,2024,351,
CHICAGO,2024,350,
CHICAGO,2024,349,
CHICAGO,2024,348,
CHICAGO,2024,347,
CHICAGO,2024,346,
CHICAGO,2024,345,
CHICAGO,2024,344,
CHICAGO,2024,343,
CHICAGO,2024,342,
CHICAGO,2024,341,
CHICAGO,2024,340,
CHICAGO,2024,339,
CHICAGO,2024,338,
CHICAGO,2024,337,
CHICAGO,2024,336,
CHICAGO,2024,335,
CHICAGO,2024,334,
CHICAGO,2024,333,
CHICAGO,2024,332,
CHICAGO,2024,331,
CHICAGO,2024,330,
CHICAGO,2024,329,
CHICAGO,2024,328,
CHICAGO,2024,327,
CHICAGO,2024,326,
CHICAGO,2024,325,
CHICAGO,2024,324,
CHICAGO,2024,323,
CHICAGO,2024,322,
CHICAGO,2024,321,
CHICAGO,2024,320,
CHICAGO,2024,319,
CHICAGO,2024,318,
CHICAGO,2024,317,
CHICAGO,2024,316,
CHICAGO,2024,315,
CHICAGO,2024,314,
CHICAGO,2024,313,
CHICAGO,2024,312,
CHICAGO,2024,311,
CHICAGO,2024,310,
CHICAGO,2024,309,
CHICAGO,2024,308,
CHICAGO,2024,307,
CHICAGO,2024,306,
CHICAGO,2024,305,
CHICAGO,2024,304,
CHICAGO,2024,303,
CHICAGO,2024,302,
CHICAGO,2024,301,
CHICAGO,2024,300,
CHICAGO,2024,299,
CHICAGO,2024,298,
CHICAGO,2024,297,
CHICAGO,2024,296,
CHICAGO,2024,295,
CHICAGO,2024,294,
CHICAGO,2024,293,
CHICAGO,2024,292,
CHICAGO,2024,291,
CHICAGO,2024,290,
CHICAGO,2024,289,
CHICAGO,2024,288,
CHICAGO,2024,287,
CHICAGO,2024,286,
CHICAGO,2024,285,
CHICAGO,2024,284,
CHICAGO,2024,283,
CHICAGO,2024,282,
CHICAGO,2024,281,
CHICAGO,2024,280,
CHICAGO,2024,279,
CHICAGO,2024,278,
CHICAGO,2024,277,
CHICAGO,2024,276,
CHICAGO,2024,275,
CHICAGO,2024,274,63.500000
CHICAGO,2024,273,
CHICAGO,2024,272,
CHICAGO,2024,271,63.500000
CHICAGO,2024,270,63.500000
CHICAGO,2024,269,63.500000
CHICAGO,2024,268,63.500000
CHICAGO,2024,267,
CHICAGO,2024,266,
CHICAGO,2024,265,
CHICAGO,2024,264,63.500000
CHICAGO,2024,263,63.500000
CHICAGO,2024,262,63.500000
CHICAGO,2024,261,63.500000
CHICAGO,2024,260,63.500000
CHICAGO,2024,259,
CHICAGO,2024,258,
CHICAGO,2024,257,63.500000
CHICAGO,2024,256,63.500000
CHICAGO,2024,255,63.500000
CHICAGO,2024,254,63.500000
CHICAGO,2024,253,63.500000
CHICAGO,2024,252,
CHICAGO,2024,251,
CHICAGO,2024,250,63.500000
CHICAGO,2024,249,63.500000
CHICAGO,2024,248,63.500000
CHICAGO,2024,247,63.500000
CHICAGO,2024,246,
CHICAGO,2024,245,
CHICAGO,2024,244,
CHICAGO,2024,243,63.500000
CHICAGO,2024,242,63.500000
CHICAGO,2024,241,63.500000
CHICAGO,2024,240,63.500000
CHICAGO,2024,239,63.500000
CHICAGO,2024,238,
CHICAGO,2024,237,
CHICAGO,2024,236,63.500000
CHICAGO,2024,235,63.500000
CHICAGO,2024,234,63.500000
CHICAGO,2024,233,63.500000
CHICAGO,2024,232,63.500000
CHICAGO,2024,231,
CHICAGO,2024,230,
CHICAGO,2024,229,63.500000
CHICAGO,2024,228,63.500000
CHICAGO,2024,227,63.500000
CHICAGO,2024,226,63.500000
CHICAGO,2024,225,63.500000
CHICAGO,2024,224,
CHICAGO,2024,223,
CHICAGO,2024,222,63.500000
CHICAGO,2024,221,63.500000
CHICAGO,2024,220,63.500000
CHICAGO,2024,219,63.500000
CHICAGO,2024,218,63.500000
CHICAGO,2024,217,
CHICAGO,2024,216,
CHICAGO,2024,215,63.500000
CHICAGO,2024,214,63.500000
CHICAGO,2024,213,63.500000
CHICAGO,2024,212,63.500000
CHICAGO,2024,211,63.500000
CHICAGO,2024,210,
CHICAGO,2024,209,
CHICAGO,2024,208,63.500000
CHICAGO,2024,207,63.500000
CHICAGO,2024,206,63.500000
CHICAGO,2024,205,63.500000
CHICAGO,2024,204,63.500000
CHICAGO,2024,203,
CHICAGO,2024,202,
CHICAGO,2024,201,63.500000
CHICAGO,2024,200,63.500000
CHICAGO,2024,199,63.500000
CHICAGO,2024,198,63.500000
CHICAGO,2024,197,63.500000
CHICAGO,2024,196,
CHICAGO,2024,195,
CHICAGO,2024,194,63.500000
CHICAGO,2024,193,63.500000
CHICAGO,2024,192,63.500000
CHICAGO,2024,191,63.500000
CHICAGO,2024,190,63.500000
CHICAGO,2024,189,
CHICAGO,2024,188,
CHICAGO,2024,187,63.500000
CHICAGO,2024,186,
CHICAGO,2024,185,63.500000
CHICAGO,2024,184,63.500000
CHICAGO,2024,183,63.500000
CHICAGO,2024,182,
CHICAGO,2024,181,
CHICAGO,2024,180,63.500000
CHICAGO,2024,179,63.500000
CHICAGO,2024,178,63.500000
CHICAGO,2024,177,63.500000
CHICAGO,2024,176,63.500000
CHICAGO,2024,175,
CHICAGO,2024,174,
CHICAGO,2024,173,63.500000
CHICAGO,2024,172,42.000000
CHICAGO,2024,171,
CHICAGO,2024,170,42.000000
CHICAGO,2024,169,42.000000
CHICAGO,2024,168,
CHICAGO,2024,167,
CHICAGO,2024,166,42.000000
CHICAGO,2024,165,42.000000
CHICAGO,2024,164,42.000000
CHICAGO,2024,163,42.000000
CHICAGO,2024,162,42.000000
CHICAGO,2024,161,
CHICAGO,2024,160,
CHICAGO,2024,159,42.000000
CHICAGO,2024,158,42.000000
CHICAGO,2024,157,42.000000
CHICAGO,2024,156,42.000000
CHICAGO,2024,155,42.000000
CHICAGO,2024,154,
CHICAGO,2024,153,
CHICAGO,2024,152,42.000000
CHICAGO,2024,151,42.000000
CHICAGO,2024,150,42.000000
CHICAGO,2024,149,42.000000
CHICAGO,2024,148,
CHICAGO,2024,147,
CHICAGO,2024,146,
CHICAGO,2024,145,42.000000
CHICAGO,2024,144,42.000000
CHICAGO,2024,143,42.000000
CHICAGO,2024,142,42.000000
CHICAGO,2024,141,42.000000
CHICAGO,2024,140,
CHICAGO,2024,139,
CHICAGO,2024,138,42.000000
CHICAGO,2024,137,42.000000
CHICAGO,2024,136,42.000000
CHICAGO,2024,135,42.000000
CHICAGO,2024,134,42.000000
CHICAGO,2024,133,
CHICAGO,2024,132,
CHICAGO,2024,131,42.000000
CHICAGO,2024,130,42.000000
CHICAGO,2024,129,42.000000
CHICAGO,2024,128,42.000000
CHICAGO,2024,127,42.000000
CHICAGO,2024,126,
CHICAGO,2024,125,
CHICAGO,2024,124,42.000000
CHICAGO,2024,123,42.000000
CHICAGO,2024,122,42.000000
CHICAGO,2024,121,42.000000
CHICAGO,2024,120,42.000000
CHICAGO,2024,119,
CHICAGO,2024,118,
CHICAGO,2024,117,42.000000
CHICAGO,2024,116,42.000000
CHICAGO,2024,115,42.000000
CHICAGO,2024,114,42.000000
CHICAGO,2024,113,42.000000
CHICAGO,2024,112,
CHICAGO,2024,111,
CHICAGO,2024,110,42.000000
CHICAGO,2024,109,42.000000
CHICAGO,2024,108,42.000000
CHICAGO,2024,107,42.000000
CHICAGO,2024,106,42.000000
CHICAGO,2024,105,
CHICAGO,2024,104,
CHICAGO,2024,103,42.000000
CHICAGO,2024,102,42.000000
CHICAGO,2024,101,42.000000
CHICAGO,2024,100,42.000000
CHICAGO,2024,99,42.000000
CHICAGO,2024,98,
CHICAGO,2024,97,
CHICAGO,2024,96,42.000000
CHICAGO,2024,95,
CHICAGO,2024,94,42.000000
CHICAGO,2024,93,42.000000
CHICAGO,2024,92,42.000000
CHICAGO,2024,91,
CHICAGO,2024,90,
CHICAGO,2024,89,42.000000
CHICAGO,2024,88,42.000000
CHICAGO,2024,87,42.000000
CHICAGO,2024,86,36.000000
CHICAGO,2024,85,36.000000
CHICAGO,2024,84,
CHICAGO,2024,83,
CHICAGO,2024,82,36.000000
CHICAGO,2024,81,36.000000
CHICAGO,2024,80,36.000000
CHICAGO,2024,79,36.000000
CHICAGO,2024,78,36.000000
CHICAGO,2024,77,
CHICAGO,2024,76,
CHICAGO,2024,75,36.000000
CHICAGO,2024,74,36.000000
CHICAGO,2024,73,36.000000
CHICAGO,2024,72,35.000000
CHICAGO,2024,71,35.000000
CHICAGO,2024,70,
CHICAGO,2024,69,
CHICAGO,2024,68,35.000000
CHICAGO,2024,67,35.000000
CHICAGO,2024,66,35.000000
CHICAGO,2024,65,35.000000
CHICAGO,2024,64,35.000000
CHICAGO,2024,63,
CHICAGO,2024,62,
CHICAGO,2024,61,35.000000
CHICAGO,2024,60,35.000000
CHICAGO,2024,59,35.000000
CHICAGO,2024,58,35.000000
CHICAGO,2024,57,35.000000
CHICAGO,2024,56,
CHICAGO,2024,55,
CHICAGO,2024,54,35.000000
CHICAGO,2024,53,35.000000
CHICAGO,2024,52,35.000000
CHICAGO,2024,51,35.000000
CHICAGO,2024,50,
CHICAGO,2024,49,
CHICAGO,2024,48,
CHICAGO,2024,47,35.000000
CHICAGO,2024,46,35.000000
CHICAGO,2024,45,35.000000
CHICAGO,2024,44,35.000000
CHICAGO,2024,43,35.000000
CHICAGO,2024,42,
CHICAGO,2024,41,
CHICAGO,2024,40,35.000000
CHICAGO,2024,39,35.000000
CHICAGO,2024,38,35.000000
CHICAGO,2024,37,35.000000
CHICAGO,2024,36,35.000000
CHICAGO,2024,35,
CHICAGO,2024,34,
CHICAGO,2024,33,35.000000
CHICAGO,2024,32,35.000000
CHICAGO,2024,31,
CHICAGO,2024,30,35.000000
CHICAGO,2024,29,35.000000
CHICAGO,2024,28,
CHICAGO,2024,27,
CHICAGO,2024,26,35.000000
CHICAGO,2024,25,35.000000
CHICAGO,2024,24,35.000000
CHICAGO,2024,23,35.000000
CHICAGO,2024,22,35.000000
CHICAGO,2024,21,
CHICAGO,2024,20,
CHICAGO,2024,19,35.000000
CHICAGO,2024,18,35.000000
CHICAGO,2024,17,35.000000
CHICAGO,2024,16,35.000000
CHICAGO,2024,15,
CHICAGO,2024,14,
CHICAGO,2024,13,
CHICAGO,2024,12,35.000000
CHICAGO,2024,11,35.000000
CHICAGO,2024,10,35.000000
CHICAGO,2024,9,32.666666
CHICAGO,2024,8,32.666666
CHICAGO,2024,7,
CHICAGO,2024,6,
CHICAGO,2024,5,32.666666
CHICAGO,2024,4,32.666666
CHICAGO,2024,3,32.666666
CHICAGO,2024,2,32.666666
LOS ANGELES,2024,366,
LOS ANGELES,2024,365,
LOS ANGELES,2024,364,
LOS ANGELES,2024,363,
LOS ANGELES,2024,362,
LOS ANGELES,2024,361,
LOS ANGELES,2024,360,
LOS ANGELES,2024,359,
LOS ANGELES,2024,358,
LOS ANGELES,2024,357,
LOS ANGELES,2024,356,
LOS ANGELES,2024,355,
LOS ANGELES,2024,354,
LOS ANGELES,2024,353,
LOS ANGELES,2024,352,
LOS ANGELES,2024,351,
LOS ANGELES,2024,350,
LOS ANGELES,2024,349,
LOS ANGELES,2024,348,
LOS ANGELES,2024,347,
LOS ANGELES,2024,346,
LOS ANGELES,2024,345,
LOS ANGELES,2024,344,
LOS ANGELES,2024,343,
LOS ANGELES,2024,342,
LOS ANGELES,2024,341,
LOS ANGELES,2024,340,
LOS ANGELES,2024,339,
LOS ANGELES,2024,338,
LOS ANGELES,2024,337,
LOS ANGELES,2024,336,
LOS ANGELES,2024,335,
LOS ANGELES,2024,334,
LOS ANGELES,2024,333,
LOS ANGELES,2024,332,
LOS ANGELES,2024,331,
LOS ANGELES,2024,330,
LOS ANGELES,2024,329,
LOS ANGELES,2024,328,
LOS ANGELES,2024,327,
LOS ANGELES,2024,326,
LOS ANGELES,2024,325,
LOS ANGELES,2024,324,
LOS ANGELES,2024,323,
LOS ANGELES,2024,322,
LOS ANGELES,2024,321,
LOS ANGELES,2024,320,
LOS ANGELES,2024,319,
LOS ANGELES,2024,318,
LOS ANGELES,2024,317,
LOS ANGELES,2024,316,
LOS ANGELES,2024,315,
LOS ANGELES,2024,314,
LOS ANGELES,2024,313,
LOS ANGELES,2024,312,
LOS ANGELES,2024,311,
LOS ANGELES,2024,310,
LOS ANGELES,2024,309,
LOS ANGELES,2024,308,
LOS ANGELES,2024,307,
LOS ANGELES,2024,306,
LOS ANGELES,2024,305,
LOS ANGELES,2024,304,
LOS ANGELES,2024,303,
LOS ANGELES,2024,302,
LOS ANGELES,2024,301,
LOS ANGELES,2024,300,
LOS ANGELES,2024,299,
LOS ANGELES,2024,298,
LOS ANGELES,2024,297,
LOS ANGELES,2024,296,
LOS ANGELES,2024,295,
LOS ANGELES,2024,294,
LOS ANGELES,2024,293,
LOS ANGELES,2024,292,
LOS ANGELES,2024,291,
LOS ANGELES,2024,290,
LOS ANGELES,2024,289,
LOS ANGELES,2024,288,
LOS ANGELES,2024,287,
LOS ANGELES,2024,286,
LOS ANGELES,2024,285,
LOS ANGELES,2024,284,
LOS ANGELES,2024,283,
LOS ANGELES,2024,282,
LOS ANGELES,2024,281,
LOS ANGELES,2024,280,
LOS ANGELES,2024,279,
LOS ANGELES,2024,278,
LOS ANGELES,2024,277,
LOS ANGELES,2024,276,
LOS ANGELES,2024,275,
LOS ANGELES,2024,274,
LOS ANGELES,2024,273,
LOS ANGELES,2024,272,
LOS ANGELES,2024,271,
LOS ANGELES,2024,270,
LOS ANGELES,2024,269,
LOS ANGELES,2024,268,
LOS ANGELES,2024,267,
LOS ANGELES,2024,266,
LOS ANGELES,2024,265,
LOS ANGELES,2024,264,
LOS ANGELES,2024,263,
LOS ANGELES,2024,262,
LOS ANGELES,2024,261,
LOS ANGELES,2024,260,
LOS ANGELES,2024,259,
LOS ANGELES,2024,258,
LOS ANGELES,2024,257,
LOS ANGELES,2024,256,
LOS ANGELES,2024,255,
LOS ANGELES,2024,254,
LOS ANGELES,2024,253,
LOS ANGELES,2024,252,
LOS ANGELES,2024,251,
LOS ANGELES,2024,250,
LOS ANGELES,2024,249,
LOS ANGELES,2024,248,
LOS ANGELES,2024,247,
LOS ANGELES,2024,246,
LOS ANGELES,2024,245,
LOS ANGELES,2024,244,
LOS ANGELES,2024,243,
LOS ANGELES,2024,242,
LOS ANGELES,2024,241,
LOS ANGELES,2024,240,
LOS ANGELES,2024,239,
LOS ANGELES,2024,238,
LOS ANGELES,2024,237,
LOS ANGELES,2024,236,
LOS ANGELES,2024,235,
LOS ANGELES,2024,234,
LOS ANGELES,2024,233,
LOS ANGELES,2024,232,
LOS ANGELES,2024,231,
LOS ANGELES,2024,230,
LOS ANGELES,2024,229,
LOS ANGELES,2024,228,
LOS ANGELES,2024,227,
LOS ANGELES,2024,226,
LOS ANGELES,2024,225,
LOS ANGELES,2024,224,
LOS ANGELES,2024,223,
LOS ANGELES,2024,222,
LOS ANGELES,2024,221,
LOS ANGELES,2024,220,
LOS ANGELES,2024,219,
LOS ANGELES,2024,218,
LOS ANGELES,2024,217,
LOS ANGELES,2024,216,
LOS ANGELES,2024,215,
LOS ANGELES,2024,214,
LOS ANGELES,2024,213,
LOS ANGELES,2024,212,
LOS ANGELES,2024,211,
LOS ANGELES,2024,210,
LOS ANGELES,2024,209,
LOS ANGELES,2024,208,
LOS ANGELES,2024,207,
LOS ANGELES,2024,206,
LOS ANGELES,2024,205,
LOS ANGELES,2024,204,
LOS ANGELES,2024,203,
LOS ANGELES,2024,202,
LOS ANGELES,2024,201,
LOS ANGELES,2024,200,73.750000
LOS ANGELES,2024,199,73.750000
LOS ANGELES,2024,198,73.750000
LOS ANGELES,2024,197,73.750000
LOS ANGELES,2024,196,
LOS ANGELES,2024,195,
LOS ANGELES,2024,194,73.750000
LOS ANGELES,2024,193,73.750000
LOS ANGELES,2024,192,73.750000
LOS ANGELES,2024,191,73.750000
LOS ANGELES,2024,190,73.750000
LOS ANGELES,2024,189,
LOS ANGELES,2024,188,
LOS ANGELES,2024,187,73.750000
LOS ANGELES,2024,186,
LOS ANGELES,2024,185,73.750000
LOS ANGELES,2024,184,73.750000
LOS ANGELES,2024,183,73.750000
LOS ANGELES,2024,182,
LOS ANGELES,2024,181,
LOS ANGELES,2024,180,73.750000
LOS ANGELES,2024,179,73.750000
LOS ANGELES,2024,178,73.750000
LOS ANGELES,2024,177,63.833333
LOS ANGELES,2024,176,63.833333
LOS ANGELES,2024,175,
LOS ANGELES,2024,174,
LOS ANGELES,2024,173,63.833333
LOS ANGELES,2024,172,63.833333
LOS ANGELES,2024,171,
LOS ANGELES,2024,170,65.000000
LOS ANGELES,2024,169,65.000000
LOS ANGELES,2024,168,
LOS ANGELES,2024,167,
LOS ANGELES,2024,166,65.000000
LOS ANGELES,2024,165,65.000000
LOS ANGELES,2024,164,65.000000
LOS ANGELES,2024,163,65.000000
LOS ANGELES,2024,162,65.000000
LOS ANGELES,2024,161,
LOS ANGELES,2024,160,
LOS ANGELES,2024,159,65.000000
LOS ANGELES,2024,158,76.666666
LOS ANGELES,2024,157,76.666666
LOS ANGELES,2024,156,76.666666
LOS ANGELES,2024,155,76.666666
LOS ANGELES,2024,154,
LOS ANGELES,2024,153,
LOS ANGELES,2024,152,
LOS ANGELES,2024,151,100.000000
LOS ANGELES,2024,150,100.000000
LOS ANGELES,2024,149,100.000000
LOS ANGELES,2024,148,
LOS ANGELES,2024,147,
LOS ANGELES,2024,146,
LOS ANGELES,2024,145,100.000000
LOS ANGELES,2024,144,100.000000
LOS ANGELES,2024,143,100.000000
LOS ANGELES,2024,142,100.000000
LOS ANGELES,2024,141,100.000000
LOS ANGELES,2024,140,
LOS ANGELES,2024,139,
LOS ANGELES,2024,138,100.000000
LOS ANGELES,2024,137,100.000000
LOS ANGELES,2024,136,100.000000
LOS ANGELES,2024,135,102.500000
LOS ANGELES,2024,134,102.500000
LOS ANGELES,2024,133,
LOS ANGELES,2024,132,
LOS ANGELES,2024,131,102.500000
LOS ANGELES,2024,130,102.500000
LOS ANGELES,2024,129,102.500000
LOS ANGELES,2024,128,120.000000
LOS ANGELES,2024,127,120.000000
LOS ANGELES,2024,126,
LOS ANGELES,2024,125,
LOS ANGELES,2024,124,120.000000
LOS ANGELES,2024,123,120.000000
LOS ANGELES,2024,122,120.000000
LOS ANGELES,2024,121,120.000000
LOS ANGELES,2024,120,120.000000
LOS ANGELES,2024,119,
LOS ANGELES,2024,118,
LOS ANGELES,2024,117,120.000000
LOS ANGELES,2024,116,120.000000
LOS ANGELES,2024,115,120.000000
LOS ANGELES,2024,114,120.000000
LOS ANGELES,2024,113,120.000000
LOS ANGELES,2024,112,
LOS ANGELES,2024,111,
LOS ANGELES,2024,110,120.000000
LOS ANGELES,2024,109,120.000000
LOS ANGELES,2024,108,120.000000
LOS ANGELES,2024,107,120.000000
LOS ANGELES,2024,106,120.000000
LOS ANGELES,2024,105,
LOS ANGELES,2024,104,
LOS ANGELES,2024,103,120.000000
LOS ANGELES,2024,102,120.000000
LOS ANGELES,2024,101,120.000000
LOS ANGELES,2024,100,120.000000
LOS ANGELES,2024,99,120.000000
LOS ANGELES,2024,98,
LOS ANGELES,2024,97,
LOS ANGELES,2024,96,115.000000
LOS ANGELES,2024,95,115.000000
LOS ANGELES,2024,94,115.000000
LOS ANGELES,2024,93,115.000000
LOS ANGELES,2024,92,115.000000
LOS ANGELES,2024,91,
LOS ANGELES,2024,90,
LOS ANGELES,2024,89,115.000000
LOS ANGELES,2024,88,115.000000
LOS ANGELES,2024,87,63.000000
LOS ANGELES,2024,86,63.000000
LOS ANGELES,2024,85,63.000000
LOS ANGELES,2024,84,
LOS ANGELES,2024,83,
LOS ANGELES,2024,82,63.000000
LOS ANGELES,2024,81,63.000000
LOS ANGELES,2024,80,63.000000
LOS ANGELES,2024,79,63.000000
LOS ANGELES,2024,78,63.000000
LOS ANGELES,2024,77,
LOS ANGELES,2024,76,
LOS ANGELES,2024,75,63.000000
LOS ANGELES,2024,74,63.000000
LOS ANGELES,2024,73,63.000000
LOS ANGELES,2024,72,22.500000
LOS ANGELES,2024,71,22.500000
LOS ANGELES,2024,70,
LOS ANGELES,2024,69,
LOS ANGELES,2024,68,22.500000
LOS ANGELES,2024,67,22.500000
LOS ANGELES,2024,66,22.500000
LOS ANGELES,2024,65,22.500000
LOS ANGELES,2024,64,22.500000
LOS ANGELES,2024,63,
LOS ANGELES,2024,62,
LOS ANGELES,2024,61,22.500000
LOS ANGELES,2024,60,22.500000
LOS ANGELES,2024,59,22.500000
LOS ANGELES,2024,58,22.500000
LOS ANGELES,2024,57,22.500000
LOS ANGELES,2024,56,
LOS ANGELES,2024,55,
LOS ANGELES,2024,54,22.500000
LOS ANGELES,2024,53,22.500000
LOS ANGELES,2024,52,22.500000
LOS ANGELES,2024,51,22.500000
LOS ANGELES,2024,50,
LOS ANGELES,2024,49,
LOS ANGELES,2024,48,
LOS ANGELES,2024,47,22.500000
LOS ANGELES,2024,46,22.500000
LOS ANGELES,2024,45,22.500000
LOS ANGELES,2024,44,22.500000
LOS ANGELES,2024,43,22.500000
LOS ANGELES,2024,42,
LOS ANGELES,2024,41,
LOS ANGELES,2024,40,22.500000
LOS ANGELES,2024,39,22.500000
LOS ANGELES,2024,38,22.500000
LOS ANGELES,2024,37,22.500000
LOS ANGELES,2024,36,22.500000
LOS ANGELES,2024,35,
LOS ANGELES,2024,34,
LOS ANGELES,2024,33,22.500000
LOS ANGELES,2024,32,22.500000
LOS ANGELES,2024,31,22.500000
LOS ANGELES,2024,30,22.500000
LOS ANGELES,2024,29,22.500000
LOS ANGELES,2024,28,
LOS ANGELES,2024,27,
LOS ANGELES,2024,26,22.500000
LOS ANGELES,2024,25,22.500000
LOS ANGELES,2024,24,22.500000
LOS ANGELES,2024,23,22.500000
LOS ANGELES,2024,22,22.500000
LOS ANGELES,2024,21,
LOS ANGELES,2024,20,
LOS ANGELES,2024,19,22.500000
LOS ANGELES,2024,18,22.500000
LOS ANGELES,2024,17,22.500000
LOS ANGELES,2024,16,22.500000
LOS ANGELES,2024,15,
LOS ANGELES,2024,14,
LOS ANGELES,2024,13,
LOS ANGELES,2024,12,22.500000
LOS ANGELES,2024,11,22.500000
LOS ANGELES,2024,10,22.500000
LOS ANGELES,2024,9,22.500000
LOS ANGELES,2024,8,22.500000
LOS ANGELES,2024,7,
LOS ANGELES,2024,6,
LOS ANGELES,2024,5,22.500000
LOS ANGELES,2024,4,22.500000
LOS ANGELES,2024,3,22.500000
LOS ANGELES,2024,2,22.500000
NEW YORK,2024,366,
NEW YORK,2024,365,
NEW YORK,2024,364,
NEW YORK,2024,363,
NEW YORK,2024,362,
NEW YORK,2024,361,
NEW YORK,2024,360,
NEW YORK,2024,359,
NEW YORK,2024,358,
NEW YORK,2024,357,
NEW YORK,2024,356,
NEW YORK,2024,355,
NEW YORK,2024,354,
NEW YORK,2024,353,
NEW YORK,2024,352,
NEW YORK,2024,351,
NEW YORK,2024,350,
NEW YORK,2024,349,
NEW YORK,2024,348,
NEW YORK,2024,347,
NEW YORK,2024,346,
NEW YORK,2024,345,
NEW YORK,2024,344,
NEW YORK,2024,343,
NEW YORK,2024,342,
NEW YORK,2024,341,
NEW YORK,2024,340,
NEW YORK,2024,339,
NEW YORK,2024,338,
NEW YORK,2024,337,
NEW YORK,2024,336,
NEW YORK,2024,335,
NEW YORK,2024,334,
NEW YORK,2024,333,
NEW YORK,2024,332,
NEW YORK,2024,331,
NEW YORK,2024,330,
NEW YORK,2024,329,
NEW YORK,2024,328,
NEW YORK,2024,327,
NEW YORK,2024,326,
NEW YORK,2024,325,
NEW YORK,2024,324,
NEW YORK,2024,323,
NEW YORK,2024,322,
NEW YORK,2024,321,
NEW YORK,2024,320,
NEW YORK,2024,319,
NEW YORK,2024,318,
NEW YORK,2024,317,
NEW YORK,2024,316,
NEW YORK,2024,315,
NEW YORK,2024,314,
NEW YORK,2024,313,
NEW YORK,2024,312,
NEW YORK,2024,311,
NEW YORK,2024,310,
NEW YORK,2024,309,
NEW YORK,2024,308,
NEW YORK,2024,307,
NEW YORK,2024,306,
NEW YORK,2024,305,
NEW YORK,2024,304,
NEW YORK,2024,303,
NEW YORK,2024,302,
NEW YORK,2024,301,
NEW YORK,2024,300,
NEW YORK,2024,299,
NEW YORK,2024,298,
NEW YORK,2024,297,
NEW YORK,2024,296,
NEW YORK,2024,295,
NEW YORK,2024,294,
NEW YORK,2024,293,
NEW YORK,2024,292,
NEW YORK,2024,291,
NEW YORK,2024,290,
NEW YORK,2024,289,
NEW YORK,2024,288,
NEW YORK,2024,287,
NEW YORK,2024,286,
NEW YORK,2024,285,
NEW YORK,2024,284,
NEW YORK,2024,283,
NEW YORK,2024,282,
NEW YORK,2024,281,
NEW YORK,2024,280,
NEW YORK,2024,279,
NEW YORK,2024,278,
NEW YORK,2024,277,
NEW YORK,2024,276,
NEW YORK,2024,275,
NEW YORK,2024,274,27.000000
NEW YORK,2024,273,
NEW YORK,2024,272,
NEW YORK,2024,271,27.000000
NEW YORK,2024,270,27.000000
NEW YORK,2024,269,27.000000
NEW YORK,2024,268,27.000000
NEW YORK,2024,267,27.000000
NEW YORK,2024,266,
NEW YORK,2024,265,
NEW YORK,2024,264,27.000000
NEW YORK,2024,263,27.000000
NEW YORK,2024,262,27.000000
NEW YORK,2024,261,26.000000
NEW YORK,2024,260,26.000000
NEW YORK,2024,259,
NEW YORK,2024,258,
NEW YORK,2024,257,26.000000
NEW YORK,2024,256,26.000000
NEW YORK,2024,255,26.000000
NEW YORK,2024,254,26.000000
NEW YORK,2024,253,26.000000
NEW YORK,2024,252,
NEW YORK,2024,251,
NEW YORK,2024,250,26.000000
NEW YORK,2024,249,28.000000
NEW YORK,2024,248,
NEW YORK,2024,247,
NEW YORK,2024,246,
NEW YORK,2024,245,
NEW YORK,2024,244,
NEW YORK,2024,243,43.500000
NEW YORK,2024,242,43.500000
NEW YORK,2024,241,43.500000
NEW YORK,2024,240,43.500000
NEW YORK,2024,239,43.500000
NEW YORK,2024,238,
NEW YORK,2024,237,
NEW YORK,2024,236,43.500000
NEW YORK,2024,235,43.500000
NEW YORK,2024,234,43.500000
NEW YORK,2024,233,43.500000
NEW YORK,2024,232,43.500000
NEW YORK,2024,231,
NEW YORK,2024,230,
NEW YORK,2024,229,43.500000
NEW YORK,2024,228,43.500000
NEW YORK,2024,227,43.500000
NEW YORK,2024,226,43.500000
NEW YORK,2024,225,48.000000
NEW YORK,2024,224,
NEW YORK,2024,223,
NEW YORK,2024,222,48.000000
NEW YORK,2024,221,48.000000
NEW YORK,2024,220,48.000000
NEW YORK,2024,219,48.000000
NEW YORK,2024,218,48.000000
NEW YORK,2024,217,
NEW YORK,2024,216,
NEW YORK,2024,215,48.000000
NEW YORK,2024,214,51.000000
NEW YORK,2024,213,51.000000
NEW YORK,2024,212,51.000000
NEW YORK,2024,211,51.000000
NEW YORK,2024,210,
NEW YORK,2024,209,
NEW YORK,2024,208,51.000000
NEW YORK,2024,207,51.000000
NEW YORK,2024,206,51.000000
NEW YORK,2024,205,51.000000
NEW YORK,2024,204,53.000000
NEW YORK,2024,203,
NEW YORK,2024,202,
NEW YORK,2024,201,53.000000
NEW YORK,2024,200,53.000000
NEW YORK,2024,199,53.000000
NEW YORK,2024,198,53.000000
NEW YORK,2024,197,53.000000
NEW YORK,2024,196,
NEW YORK,2024,195,
NEW YORK,2024,194,53.000000
NEW YORK,2024,193,53.000000
NEW YORK,2024,192,52.000000
NEW YORK,2024,191,52.000000
NEW YORK,2024,190,
NEW YORK,2024,189,
NEW YORK,2024,188,
NEW YORK,2024,187,
NEW YORK,2024,186,
NEW YORK,2024,185,
NEW YORK,2024,184,
NEW YORK,2024,183,
NEW YORK,2024,182,
NEW YORK,2024,181,
NEW YORK,2024,180,
NEW YORK,2024,179,
NEW YORK,2024,178,
NEW YORK,2024,177,
NEW YORK,2024,176,
NEW YORK,2024,175,
NEW YORK,2024,174,
NEW YORK,2024,173,
NEW YORK,2024,172,
NEW YORK,2024,171,
NEW YORK,2024,170,
NEW YORK,2024,169,
NEW YORK,2024,168,
NEW YORK,2024,167,
NEW YORK,2024,166,
NEW YORK,2024,165,
NEW YORK,2024,164,
NEW YORK,2024,163,
NEW YORK,2024,162,
NEW YORK,2024,161,
NEW YORK,2024,160,
NEW YORK,2024,159,
NEW YORK,2024,158,
NEW YORK,2024,157,
NEW YORK,2024,156,
NEW YORK,2024,155,
NEW YORK,2024,154,
NEW YORK,2024,153,
NEW YORK,2024,152,
NEW YORK,2024,151,
NEW YORK,2024,150,
NEW YORK,2024,149,
NEW YORK,2024,148,
NEW YORK,2024,147,
NEW YORK,2024,146,
NEW YORK,2024,145,
NEW YORK,2024,144,
NEW YORK,2024,143,
NEW YORK,2024,142,
NEW YORK,2024,141,
NEW YORK,2024,140,
NEW YORK,2024,139,
NEW YORK,2024,138,53.500000
NEW YORK,2024,137,53.500000
NEW YORK,2024,136,53.500000
NEW YORK,2024,135,53.500000
NEW YORK,2024,134,53.500000
NEW YORK,2024,133,
NEW YORK,2024,132,
NEW YORK,2024,131,56.750000
NEW YORK,2024,130,56.750000
NEW YORK,2024,129,56.750000
NEW YORK,2024,128,56.750000
NEW YORK,2024,127,56.750000
NEW YORK,2024,126,
NEW YORK,2024,125,
NEW YORK,2024,124,56.750000
NEW YORK,2024,123,56.750000
NEW YORK,2024,122,56.750000
NEW YORK,2024,121,56.750000
NEW YORK,2024,120,59.250000
NEW YORK,2024,119,
NEW YORK,2024,118,
NEW YORK,2024,117,59.250000
NEW YORK,2024,116,59.250000
NEW YORK,2024,115,59.250000
NEW YORK,2024,114,60.500000
NEW YORK,2024,113,60.500000
NEW YORK,2024,112,
NEW YORK,2024,111,
NEW YORK,2024,110,58.000000
NEW YORK,2024,109,58.000000
NEW YORK,2024,108,58.000000
NEW YORK,2024,107,58.000000
NEW YORK,2024,106,58.000000
NEW YORK,2024,105,
NEW YORK,2024,104,
NEW YORK,2024,103,58.000000
NEW YORK,2024,102,58.000000
NEW YORK,2024,101,58.000000
NEW YORK,2024,100,58.000000
NEW YORK,2024,99,58.000000
NEW YORK,2024,98,
NEW YORK,2024,97,
NEW YORK,2024,96,57.000000
NEW YORK,2024,95,48.000000
NEW YORK,2024,94,48.000000
NEW YORK,2024,93,48.000000
NEW YORK,2024,92,
NEW YORK,2024,91,
NEW YORK,2024,90,
NEW YORK,2024,89,48.000000
NEW YORK,2024,88,48.000000
NEW YORK,2024,87,48.000000
NEW YORK,2024,86,48.000000
NEW YORK,2024,85,48.000000
NEW YORK,2024,84,
NEW YORK,2024,83,
NEW YORK,2024,82,47.000000
NEW YORK,2024,81,47.000000
NEW YORK,2024,80,49.000000
NEW YORK,2024,79,49.000000
NEW YORK,2024,78,49.000000
NEW YORK,2024,77,
NEW YORK,2024,76,
NEW YORK,2024,75,41.000000
NEW YORK,2024,74,41.000000
NEW YORK,2024,73,41.000000
NEW YORK,2024,72,41.500000
NEW YORK,2024,71,39.500000
NEW YORK,2024,70,
NEW YORK,2024,69,
NEW YORK,2024,68,28.000000
NEW YORK,2024,67,28.000000
NEW YORK,2024,66,28.000000
NEW YORK,2024,65,28.000000
NEW YORK,2024,64,28.000000
NEW YORK,2024,63,
NEW YORK,2024,62,
NEW YORK,2024,61,28.000000
NEW YORK,2024,60,28.000000
NEW YORK,2024,59,28.000000
NEW YORK,2024,58,28.000000
NEW YORK,2024,57,28.000000
NEW YORK,2024,56,
NEW YORK,2024,55,
NEW YORK,2024,54,28.000000
NEW YORK,2024,53,28.000000
NEW YORK,2024,52,28.000000
NEW YORK,2024,51,28.000000
NEW YORK,2024,50,
NEW YORK,2024,49,
NEW YORK,2024,48,
NEW YORK,2024,47,25.500000
NEW YORK,2024,46,25.500000
NEW YORK,2024,45,24.500000
NEW YORK,2024,44,24.500000
NEW YORK,2024,43,24.500000
NEW YORK,2024,42,
NEW YORK,2024,41,
NEW YORK,2024,40,24.500000
NEW YORK,2024,39,24.500000
NEW YORK,2024,38,24.500000
NEW YORK,2024,37,22.000000
NEW YORK,2024,36,22.000000
NEW YORK,2024,35,
NEW YORK,2024,34,
NEW YORK,2024,33,22.000000
NEW YORK,2024,32,21.000000
NEW YORK,2024,31,21.000000
NEW YORK,2024,30,21.000000
NEW YORK,2024,29,21.000000
NEW YORK,2024,28,
NEW YORK,2024,27,
NEW YORK,2024,26,24.000000
NEW YORK,2024,25,24.000000
NEW YORK,2024,24,24.000000
NEW YORK,2024,23,24.000000
NEW YORK,2024,22,24.000000
NEW YORK,2024,21,
NEW YORK,2024,20,
NEW YORK,2024,19,24.000000
NEW YORK,2024,18,24.000000
NEW YORK,2024,17,24.000000
NEW YORK,2024,16,24.000000
NEW YORK,2024,15,
NEW YORK,2024,14,
NEW YORK,2024,13,
NEW YORK,2024,12,24.000000
NEW YORK,2024,11,24.000000
NEW YORK,2024,10,24.000000
NEW YORK,2024,9,24.000000
NEW YORK,2024,8,24.000000
NEW YORK,2024,7,
NEW YORK,2024,6,
NEW YORK,2024,5,23.000000
NEW YORK,2024,4,24.000000
NEW YORK,2024,3,24.000000
NEW YORK,2024,2,24.000000
BALTIMORE,2023,366,
BALTIMORE,2023,365,
BALTIMORE,2023,364,
BALTIMORE,2023,363,
BALTIMORE,2023,362,
BALTIMORE,2023,361,
BALTIMORE,2023,360,
BALTIMORE,2023,359,
BALTIMORE,2023,358,
BALTIMORE,2023,357,
BALTIMORE,2023,356,
BALTIMORE,2023,355,
BALTIMORE,2023,354,
BALTIMORE,2023,353,
BALTIMORE,2023,352,
BALTIMORE,2023,351,
BALTIMORE,2023,350,
BALTIMORE,2023,349,
BALTIMORE,2023,348,
BALTIMORE,2023,347,
BALTIMORE,2023,346,
BALTIMORE,2023,345,
BALTIMORE,2023,344,
BALTIMORE,2023,343,
BALTIMORE,2023,342,
BALTIMORE,2023,341,
BALTIMORE,2023,340,
BALTIMORE,2023,339,
BALTIMORE,2023,338,
BALTIMORE,2023,337,
BALTIMORE,2023,336,
BALTIMORE,2023,335,
BALTIMORE,2023,334,
BALTIMORE,2023,333,
BALTIMORE,2023,332,
BALTIMORE,2023,331,
BALTIMORE,2023,330,
BALTIMORE,2023,329,
BALTIMORE,2023,328,
BALTIMORE,2023,327,
BALTIMORE,2023,326,
BALTIMORE,2023,325,
BALTIMORE,2023,324,
BALTIMORE,2023,323,
BALTIMORE,2023,322,
BALTIMORE,2023,321,
BALTIMORE,2023,320,
BALTIMORE,2023,319,
BALTIMORE,2023,318,
BALTIMORE,2023,317,
BALTIMORE,2023,316,
BALTIMORE,2023,315,
BALTIMORE,2023,314,
BALTIMORE,2023,313,
BALTIMORE,2023,312,
BALTIMORE,2023,311,
BALTIMORE,2023,310,40.000000
BALTIMORE,2023,309,
BALTIMORE,2023,308,
BALTIMORE,2023,307,40.000000
BALTIMORE,2023,306,40.000000
BALTIMORE,2023,305,40.000000
BALTIMORE,2023,304,40.000000
BALTIMORE,2023,303,40.000000
BALTIMORE,2023,302,
BALTIMORE,2023,301,
BALTIMORE,2023,300,40.000000
BALTIMORE,2023,299,40.000000
BALTIMORE,2023,298,40.000000
BALTIMORE,2023,297,40.000000
BALTIMORE,2023,296,40.000000
BALTIMORE,2023,295,
BALTIMORE,2023,294,
BALTIMORE,2023,293,33.500000
BALTIMORE,2023,292,33.500000
BALTIMORE,2023,291,33.500000
BALTIMORE,2023,290,33.500000
BALTIMORE,2023,289,33.500000
BALTIMORE,2023,288,
BALTIMORE,2023,287,
BALTIMORE,2023,286,33.500000
BALTIMORE,2023,285,33.500000
BALTIMORE,2023,284,33.500000
BALTIMORE,2023,283,33.500000
BALTIMORE,2023,282,
BALTIMORE,2023,281,
BALTIMORE,2023,280,
BALTIMORE,2023,279,33.500000
BALTIMORE,2023,278,33.500000
BALTIMORE,2023,277,33.500000
BALTIMORE,2023,276,33.500000
BALTIMORE,2023,275,33.500000
BALTIMORE,2023,274,
BALTIMORE,2023,273,
BALTIMORE,2023,272,33.500000
BALTIMORE,2023,271,33.500000
BALTIMORE,2023,270,33.500000
BALTIMORE,2023,269,33.500000
BALTIMORE,2023,268,
BALTIMORE,2023,267,
BALTIMORE,2023,266,
BALTIMORE,2023,265,
BALTIMORE,2023,264,
BALTIMORE,2023,263,
BALTIMORE,2023,262,
BALTIMORE,2023,261,
BALTIMORE,2023,260,
BALTIMORE,2023,259,
BALTIMORE,2023,258,
BALTIMORE,2023,257,
BALTIMORE,2023,256,
BALTIMORE,2023,255,
BALTIMORE,2023,254,
BALTIMORE,2023,253,
BALTIMORE,2023,252,
BALTIMORE,2023,251,
BALTIMORE,2023,250,
BALTIMORE,2023,249,
BALTIMORE,2023,248,
BALTIMORE,2023,247,
BALTIMORE,2023,246,
BALTIMORE,2023,245,
BALTIMORE,2023,244,
BALTIMORE,2023,243,
BALTIMORE,2023,242,40.000000
BALTIMORE,2023,241,40.000000
BALTIMORE,2023,240,40.000000
BALTIMORE,2023,239,
BALTIMORE,2023,238,
BALTIMORE,2023,237,40.000000
BALTIMORE,2023,236,40.000000
BALTIMORE,2023,235,40.000000
BALTIMORE,2023,234,40.000000
BALTIMORE,2023,233,40.000000
BALTIMORE,2023,232,
BALTIMORE,2023,231,
BALTIMORE,2023,230,40.000000
BALTIMORE,2023,229,40.000000
BALTIMORE,2023,228,40.000000
BALTIMORE,2023,227,40.000000
BALTIMORE,2023,226,40.000000
BALTIMORE,2023,225,
BALTIMORE,2023,224,
BALTIMORE,2023,223,40.000000
BALTIMORE,2023,222,40.000000
BALTIMORE,2023,221,40.000000
BALTIMORE,2023,220,40.000000
BALTIMORE,2023,219,40.000000
BALTIMORE,2023,218,
BALTIMORE,2023,217,
BALTIMORE,2023,216,34.000000
BALTIMORE,2023,215,34.000000
BALTIMORE,2023,214,34.000000
BALTIMORE,2023,213,34.000000
BALTIMORE,2023,212,34.000000
BALTIMORE,2023,211,
BALTIMORE,2023,210,
BALTIMORE,2023,209,34.000000
BALTIMORE,2023,208,34.000000
BALTIMORE,2023,207,34.000000
BALTIMORE,2023,206,34.000000
BALTIMORE,2023,205,34.000000
BALTIMORE,2023,204,
BALTIMORE,2023,203,
BALTIMORE,2023,202,34.000000
BALTIMORE,2023,201,34.000000
BALTIMORE,2023,200,34.000000
BALTIMORE,2023,199,34.000000
BALTIMORE,2023,198,34.000000
BALTIMORE,2023,197,
BALTIMORE,2023,196,
BALTIMORE,2023,195,34.000000
BALTIMORE,2023,194,34.000000
BALTIMORE,2023,193,34.000000
BALTIMORE,2023,192,34.000000
BALTIMORE,2023,191,34.000000
BALTIMORE,2023,190,
BALTIMORE,2023,189,
BALTIMORE,2023,188,34.000000
BALTIMORE,2023,187,34.000000
BALTIMORE,2023,186,34.000000
BALTIMORE,2023,185,
BALTIMORE,2023,184,34.000000
BALTIMORE,2023,183,
BALTIMORE,2023,182,
BALTIMORE,2023,181,34.000000
BALTIMORE,2023,180,34.000000
BALTIMORE,2023,179,34.000000
BALTIMORE,2023,178,34.000000
BALTIMORE,2023,177,34.000000
BALTIMORE,2023,176,
BALTIMORE,2023,175,
BALTIMORE,2023,174,34.000000
BALTIMORE,2023,173,34.000000
BALTIMORE,2023,172,34.000000
BALTIMORE,2023,171,34.000000
BALTIMORE,2023,170,
BALTIMORE,2023,169,
BALTIMORE,2023,168,
BALTIMORE,2023,167,34.000000
BALTIMORE,2023,166,34.000000
BALTIMORE,2023,165,34.000000
BALTIMORE,2023,164,34.000000
BALTIMORE,2023,163,34.000000
BALTIMORE,2023,162,
BALTIMORE,2023,161,
BALTIMORE,2023,160,34.000000
BALTIMORE,2023,159,28.000000
BALTIMORE,2023,158,28.000000
BALTIMORE,2023,157,28.000000
BALTIMORE,2023,156,28.000000
BALTIMORE,2023,155,
BALTIMORE,2023,154,
BALTIMORE,2023,153,28.000000
BALTIMORE,2023,152,28.000000
BALTIMORE,2023,151,28.000000
BALTIMORE,2023,150,28.000000
BALTIMORE,2023,149,
BALTIMORE,2023,148,
BALTIMORE,2023,147,
BALTIMORE,2023,146,28.000000
BALTIMORE,2023,145,28.000000
BALTIMORE,2023,144,28.000000
BALTIMORE,2023,143,28.000000
BALTIMORE,2023,142,28.000000
BALTIMORE,2023,141,
BALTIMORE,2023,140,
BALTIMORE,2023,139,28.000000
BALTIMORE,2023,138,28.000000
BALTIMORE,2023,137,28.000000
BALTIMORE,2023,136,28.000000
BALTIMORE,2023,135,28.000000
BALTIMORE,2023,134,
BALTIMORE,2023,133,
BALTIMORE,2023,132,28.000000
BALTIMORE,2023,131,28.000000
BALTIMORE,2023,130,28.000000
BALTIMORE,2023,129,28.000000
BALTIMORE,2023,128,28.000000
BALTIMORE,2023,127,
BALTIMORE,2023,126,
BALTIMORE,2023,125,28.000000
BALTIMORE,2023,124,28.000000
BALTIMORE,2023,123,
BALTIMORE,2023,122,
BALTIMORE,2023,121,
BALTIMORE,2023,120,
BALTIMORE,2023,119,
BALTIMORE,2023,118,28.000000
BALTIMORE,2023,117,28.000000
BALTIMORE,2023,116,28.000000
BALTIMORE,2023,115,28.000000
BALTIMORE,2023,114,28.000000
BALTIMORE,2023,113,
BALTIMORE,2023,112,
BALTIMORE,2023,111,43.500000
BALTIMORE,2023,110,
BALTIMORE,2023,109,
BALTIMORE,2023,108,
BALTIMORE,2023,107,
BALTIMORE,2023,106,
BALTIMORE,2023,105,
BALTIMORE,2023,104,
BALTIMORE,2023,103,
BALTIMORE,2023,102,
BALTIMORE,2023,101,
BALTIMORE,2023,100,
BALTIMORE,2023,99,
BALTIMORE,2023,98,
BALTIMORE,2023,97,
BALTIMORE,2023,96,
BALTIMORE,2023,95,
BALTIMORE,2023,94,
BALTIMORE,2023,93,
BALTIMORE,2023,92,
BALTIMORE,2023,91,
BALTIMORE,2023,90,
BALTIMORE,2023,89,
BALTIMORE,2023,88,
BALTIMORE,2023,87,
BALTIMORE,2023,86,
BALTIMORE,2023,85,
BALTIMORE,2023,84,
BALTIMORE,2023,83,
BALTIMORE,2023,82,
BALTIMORE,2023,81,
BALTIMORE,2023,80,
BALTIMORE,2023,79,
BALTIMORE,2023,78,
BALTIMORE,2023,77,
BALTIMORE,2023,76,
BALTIMORE,2023,75,
BALTIMORE,2023,74,
BALTIMORE,2023,73,
BALTIMORE,2023,72,
BALTIMORE,2023,71,
BALTIMORE,2023,70,
BALTIMORE,2023,69,
BALTIMORE,2023,68,
BALTIMORE,2023,67,
BALTIMORE,2023,66,
BALTIMORE,2023,65,
BALTIMORE,2023,64,
BALTIMORE,2023,63,
BALTIMORE,2023,62,
BALTIMORE,2023,61,
BALTIMORE,2023,60,
BALTIMORE,2023,59,
BALTIMORE,2023,58,
BALTIMORE,2023,57,
BALTIMORE,2023,56,
BALTIMORE,2023,55,
BALTIMORE,2023,54,
BALTIMORE,2023,53,
BALTIMORE,2023,52,
BALTIMORE,2023,51,
BALTIMORE,2023,50,
BALTIMORE,2023,49,
BALTIMORE,2023,48,
BALTIMORE,2023,47,
BALTIMORE,2023,46,
BALTIMORE,2023,45,
BALTIMORE,2023,44,
BALTIMORE,2023,43,
BALTIMORE,2023,42,
BALTIMORE,2023,41,
BALTIMORE,2023,40,
BALTIMORE,2023,39,
BALTIMORE,2023,38,
BALTIMORE,2023,37,
BALTIMORE,2023,36,
BALTIMORE,2023,35,
BALTIMORE,2023,34,
BALTIMORE,2023,33,
BALTIMORE,2023,32,
BALTIMORE,2023,31,
BALTIMORE,2023,30,
BALTIMORE,2023,29,
BALTIMORE,2023,28,
BALTIMORE,2023,27,
BALTIMORE,2023,26,
BALTIMORE,2023,25,
BALTIMORE,2023,24,
BALTIMORE,2023,23,
BALTIMORE,2023,22,
BALTIMORE,2023,21,
BALTIMORE,2023,20,
BALTIMORE,2023,19,
BALTIMORE,2023,18,
BALTIMORE,2023,17,
BALTIMORE,2023,16,
BALTIMORE,2023,15,
BALTIMORE,2023,14,
BALTIMORE,2023,13,
BALTIMORE,2023,12,
BALTIMORE,2023,11,
BALTIMORE,2023,10,
BALTIMORE,2023,9,
BALTIMORE,2023,8,
BALTIMORE,2023,7,
BALTIMORE,2023,6,
BALTIMORE,2023,5,
BALTIMORE,2023,4,28.000000
BALTIMORE,2023,3,28.000000
BALTIMORE,2023,2,
BOSTON,2023,366,
BOSTON,2023,365,
BOSTON,2023,364,
BOSTON,2023,363,30.333333
BOSTON,2023,362,30.333333
BOSTON,2023,361,30.333333
BOSTON,2023,360,30.333333
BOSTON,2023,359,
BOSTON,2023,358,
BOSTON,2023,357,
BOSTON,2023,356,30.333333
BOSTON,2023,355,30.333333
BOSTON,2023,354,30.333333
BOSTON,2023,353,30.333333
BOSTON,2023,352,30.333333
BOSTON,2023,351,
BOSTON,2023,350,
BOSTON,2023,349,30.333333
BOSTON,2023,348,30.333333
BOSTON,2023,347,30.333333
BOSTON,2023,346,30.333333
BOSTON,2023,345,30.333333
BOSTON,2023,344,
BOSTON,2023,343,
BOSTON,2023,342,30.333333
BOSTON,2023,341,30.333333
BOSTON,2023,340,30.333333
BOSTON,2023,339,30.500000
BOSTON,2023,338,30.500000
BOSTON,2023,337,
BOSTON,2023,336,
BOSTON,2023,335,30.500000
BOSTON,2023,334,30.500000
BOSTON,2023,333,30.500000
BOSTON,2023,332,30.500000
BOSTON,2023,331,30.500000
BOSTON,2023,330,
BOSTON,2023,329,
BOSTON,2023,328,30.500000
BOSTON,2023,327,
BOSTON,2023,326,30.500000
BOSTON,2023,325,30.500000
BOSTON,2023,324,30.500000
BOSTON,2023,323,
BOSTON,2023,322,
BOSTON,2023,321,30.500000
BOSTON,2023,320,30.250000
BOSTON,2023,319,30.250000
BOSTON,2023,318,30.250000
BOSTON,2023,317,30.250000
BOSTON,2023,316,
BOSTON,2023,315,
BOSTON,2023,314,
BOSTON,2023,313,30.250000
BOSTON,2023,312,30.250000
BOSTON,2023,311,30.250000
BOSTON,2023,310,30.250000
BOSTON,2023,309,
BOSTON,2023,308,
BOSTON,2023,307,30.250000
BOSTON,2023,306,30.250000
BOSTON,2023,305,30.250000
BOSTON,2023,304,30.250000
BOSTON,2023,303,30.250000
BOSTON,2023,302,
BOSTON,2023,301,
BOSTON,2023,300,30.250000
BOSTON,2023,299,30.250000
BOSTON,2023,298,30.250000
BOSTON,2023,297,30.250000
BOSTON,2023,296,29.000000
BOSTON,2023,295,
BOSTON,2023,294,
BOSTON,2023,293,29.000000
BOSTON,2023,292,29.000000
BOSTON,2023,291,29.000000
BOSTON,2023,290,28.800000
BOSTON,2023,289,28.800000
BOSTON,2023,288,
BOSTON,2023,287,
BOSTON,2023,286,28.800000
BOSTON,2023,285,28.800000
BOSTON,2023,284,28.800000
BOSTON,2023,283,28.800000
BOSTON,2023,282,
BOSTON,2023,281,
BOSTON,2023,280,
BOSTON,2023,279,28.800000
BOSTON,2023,278,28.800000
BOSTON,2023,277,28.800000
BOSTON,2023,276,28.800000
BOSTON,2023,275,28.800000
BOSTON,2023,274,
BOSTON,2023,273,
BOSTON,2023,272,28.800000
BOSTON,2023,271,28.800000
BOSTON,2023,270,28.800000
BOSTON,2023,269,28.800000
BOSTON,2023,268,28.800000
BOSTON,2023,267,
BOSTON,2023,266,
BOSTON,2023,265,28.800000
BOSTON,2023,264,29.000000
BOSTON,2023,263,29.000000
BOSTON,2023,262,29.000000
BOSTON,2023,261,29.000000
BOSTON,2023,260,
BOSTON,2023,259,
BOSTON,2023,258,29.000000
BOSTON,2023,257,29.000000
BOSTON,2023,256,29.000000
BOSTON,2023,255,29.000000
BOSTON,2023,254,29.000000
BOSTON,2023,253,
BOSTON,2023,252,
BOSTON,2023,251,29.000000
BOSTON,2023,250,29.000000
BOSTON,2023,249,29.000000
BOSTON,2023,248,29.000000
BOSTON,2023,247,
BOSTON,2023,246,
BOSTON,2023,245,
BOSTON,2023,244,29.000000
BOSTON,2023,243,29.000000
BOSTON,2023,242,29.000000
BOSTON,2023,241,29.000000
BOSTON,2023,240,29.000000
BOSTON,2023,239,
BOSTON,2023,238,
BOSTON,2023,237,29.000000
BOSTON,2023,236,29.000000
BOSTON,2023,235,29.000000
BOSTON,2023,234,29.000000
BOSTON,2023,233,27.000000
BOSTON,2023,232,
BOSTON,2023,231,
BOSTON,2023,230,27.000000
BOSTON,2023,229,27.000000
BOSTON,2023,228,27.000000
BOSTON,2023,227,27.000000
BOSTON,2023,226,27.000000
BOSTON,2023,225,
BOSTON,2023,224,
BOSTON,2023,223,27.000000
BOSTON,2023,222,27.000000
BOSTON,2023,221,27.000000
BOSTON,2023,220,27.000000
BOSTON,2023,219,27.000000
BOSTON,2023,218,
BOSTON,2023,217,
BOSTON,2023,216,27.000000
BOSTON,2023,215,27.000000
BOSTON,2023,214,27.000000
BOSTON,2023,213,27.000000
BOSTON,2023,212,27.000000
BOSTON,2023,211,
BOSTON,2023,210,
BOSTON,2023,209,27.000000
BOSTON,2023,208,27.000000
BOSTON,2023,207,27.000000
BOSTON,2023,206,27.000000
BOSTON,2023,205,27.000000
BOSTON,2023,204,
BOSTON,2023,203,
BOSTON,2023,202,27.000000
BOSTON,2023,201,27.000000
BOSTON,2023,200,27.000000
BOSTON,2023,199,27.000000
BOSTON,2023,198,25.000000
BOSTON,2023,197,
BOSTON,2023,196,
BOSTON,2023,195,25.000000
BOSTON,2023,194,25.000000
BOSTON,2023,193,25.000000
BOSTON,2023,192,25.000000
BOSTON,2023,191,25.000000
BOSTON,2023,190,
BOSTON,2023,189,
BOSTON,2023,188,25.000000
BOSTON,2023,187,25.000000
BOSTON,2023,186,25.000000
BOSTON,2023,185,
BOSTON,2023,184,25.000000
BOSTON,2023,183,
BOSTON,2023,182,
BOSTON,2023,181,25.000000
BOSTON,2023,180,25.000000
BOSTON,2023,179,25.000000
BOSTON,2023,178,25.000000
BOSTON,2023,177,25.000000
BOSTON,2023,176,
BOSTON,2023,175,
BOSTON,2023,174,32.500000
BOSTON,2023,173,32.500000
BOSTON,2023,172,32.500000
BOSTON,2023,171,32.500000
BOSTON,2023,170,
BOSTON,2023,169,
BOSTON,2023,168,
BOSTON,2023,167,32.500000
BOSTON,2023,166,32.500000
BOSTON,2023,165,32.500000
BOSTON,2023,164,32.500000
BOSTON,2023,163,32.500000
BOSTON,2023,162,
BOSTON,2023,161,
BOSTON,2023,160,32.500000
BOSTON,2023,159,32.500000
BOSTON,2023,158,32.500000
BOSTON,2023,157,32.500000
BOSTON,2023,156,32.500000
BOSTON,2023,155,
BOSTON,2023,154,
BOSTON,2023,153,32.500000
BOSTON,2023,152,28.000000
BOSTON,2023,151,28.000000
BOSTON,2023,150,28.000000
BOSTON,2023,149,
BOSTON,2023,148,
BOSTON,2023,147,
BOSTON,2023,146,28.000000
BOSTON,2023,145,28.000000
BOSTON,2023,144,28.000000
BOSTON,2023,143,28.000000
BOSTON,2023,142,28.000000
BOSTON,2023,141,
BOSTON,2023,140,
BOSTON,2023,139,28.000000
BOSTON,2023,138,28.000000
BOSTON,2023,137,28.000000
BOSTON,2023,136,28.000000
BOSTON,2023,135,28.000000
BOSTON,2023,134,
BOSTON,2023,133,
BOSTON,2023,132,28.000000
BOSTON,2023,131,28.000000
BOSTON,2023,130,28.000000
BOSTON,2023,129,28.000000
BOSTON,2023,128,28.000000
BOSTON,2023,127,
BOSTON,2023,126,
BOSTON,2023,125,28.000000
BOSTON,2023,124,28.000000
BOSTON,2023,123,28.000000
BOSTON,2023,122,28.000000
BOSTON,2023,121,28.000000
BOSTON,2023,120,
BOSTON,2023,119,
BOSTON,2023,118,28.000000
BOSTON,2023,117,28.000000
BOSTON,2023,116,28.000000
BOSTON,2023,115,28.000000
BOSTON,2023,114,28.000000
BOSTON,2023,113,
BOSTON,2023,112,
BOSTON,2023,111,28.000000
BOSTON,2023,110,28.000000
BOSTON,2023,109,28.000000
BOSTON,2023,108,28.000000
BOSTON,2023,107,28.000000
BOSTON,2023,106,
BOSTON,2023,105,
BOSTON,2023,104,28.000000
BOSTON,2023,103,28.000000
BOSTON,2023,102,28.000000
BOSTON,2023,101,28.000000
BOSTON,2023,100,28.000000
BOSTON,2023,99,
BOSTON,2023,98,
BOSTON,2023,97,28.000000
BOSTON,2023,96,28.000000
BOSTON,2023,95,28.000000
BOSTON,2023,94,28.000000
BOSTON,2023,93,28.000000
BOSTON,2023,92,
BOSTON,2023,91,
BOSTON,2023,90,28.000000
BOSTON,2023,89,28.000000
BOSTON,2023,88,28.000000
BOSTON,2023,87,28.000000
BOSTON,2023,86,28.000000
BOSTON,2023,85,
BOSTON,2023,84,
BOSTON,2023,83,28.000000
BOSTON,2023,82,28.000000
BOSTON,2023,81,28.000000
BOSTON,2023,80,28.000000
BOSTON,2023,79,28.000000
BOSTON,2023,78,
BOSTON,2023,77,
BOSTON,2023,76,28.000000
BOSTON,2023,75,27.500000
BOSTON,2023,74,27.500000
BOSTON,2023,73,27.500000
BOSTON,2023,72,27.500000
BOSTON,2023,71,
BOSTON,2023,70,
BOSTON,2023,69,27.500000
BOSTON,2023,68,27.500000
BOSTON,2023,67,27.500000
BOSTON,2023,66,24.500000
BOSTON,2023,65,24.500000
BOSTON,2023,64,
BOSTON,2023,63,
BOSTON,2023,62,24.500000
BOSTON,2023,61,27.500000
BOSTON,2023,60,27.500000
BOSTON,2023,59,27.500000
BOSTON,2023,58,27.500000
BOSTON,2023,57,
BOSTON,2023,56,
BOSTON,2023,55,27.500000
BOSTON,2023,54,27.500000
BOSTON,2023,53,27.500000
BOSTON,2023,52,27.500000
BOSTON,2023,51,
BOSTON,2023,50,
BOSTON,2023,49,
BOSTON,2023,48,27.500000
BOSTON,2023,47,27.500000
BOSTON,2023,46,27.500000
BOSTON,2023,45,27.500000
BOSTON,2023,44,27.500000
BOSTON,2023,43,
BOSTON,2023,42,
BOSTON,2023,41,27.500000
BOSTON,2023,40,27.500000
BOSTON,2023,39,27.500000
BOSTON,2023,38,27.500000
BOSTON,2023,37,27.500000
BOSTON,2023,36,
BOSTON,2023,35,
BOSTON,2023,34,27.500000
BOSTON,2023,33,27.500000
BOSTON,2023,32,27.500000
BOSTON,2023,31,27.500000
BOSTON,2023,30,25.000000
BOSTON,2023,29,
BOSTON,2023,28,
BOSTON,2023,27,25.000000
BOSTON,2023,26,25.000000
BOSTON,2023,25,25.000000
BOSTON,2023,24,25.000000
BOSTON,2023,23,25.000000
BOSTON,2023,22,
BOSTON,2023,21,
BOSTON,2023,20,25.000000
BOSTON,2023,19,25.000000
BOSTON,2023,18,30.000000
BOSTON,2023,17,30.000000
BOSTON,2023,16,
BOSTON,2023,15,
BOSTON,2023,14,
BOSTON,2023,13,30.000000
BOSTON,2023,12,30.000000
BOSTON,2023,11,30.000000
BOSTON,2023,10,30.000000
BOSTON,2023,9,30.000000
BOSTON,2023,8,
BOSTON,2023,7,
BOSTON,2023,6,30.000000
BOSTON,2023,5,30.000000
BOSTON,2023,4,30.000000
BOSTON,2023,3,30.000000
BOSTON,2023,2,
CHICAGO,2023,366,
CHICAGO,2023,365,
CHICAGO,2023,364,
CHICAGO,2023,363,32.666666
CHICAGO,2023,362,32.666666
CHICAGO,2023,361,32.666666
CHICAGO,2023,360,32.666666
CHICAGO,2023,359,
CHICAGO,2023,358,
CHICAGO,2023,357,
CHICAGO,2023,356,32.666666
CHICAGO,2023,355,32.666666
CHICAGO,2023,354,32.666666
CHICAGO,2023,353,32.666666
CHICAGO,2023,352,32.666666
CHICAGO,2023,351,
CHICAGO,2023,350,
CHICAGO,2023,349,32.666666
CHICAGO,2023,348,32.666666
CHICAGO,2023,347,32.666666
CHICAGO,2023,346,32.666666
CHICAGO,2023,345,32.666666
CHICAGO,2023,344,
CHICAGO,2023,343,
CHICAGO,2023,342,32.666666
CHICAGO,2023,341,32.666666
CHICAGO,2023,340,32.666666
CHICAGO,2023,339,32.666666
CHICAGO,2023,338,32.666666
CHICAGO,2023,337,
CHICAGO,2023,336,
CHICAGO,2023,335,32.666666
CHICAGO,2023,334,32.666666
CHICAGO,2023,333,32.666666
CHICAGO,2023,332,32.666666
CHICAGO,2023,331,32.666666
CHICAGO,2023,330,
CHICAGO,2023,329,
CHICAGO,2023,328,32.666666
CHICAGO,2023,327,
CHICAGO,2023,326,32.666666
CHICAGO,2023,325,32.666666
CHICAGO,2023,324,32.666666
CHICAGO,2023,323,
CHICAGO,2023,322,
CHICAGO,2023,321,32.666666
CHICAGO,2023,320,32.666666
CHICAGO,2023,319,32.666666
CHICAGO,2023,318,32.666666
CHICAGO,2023,317,32.666666
CHICAGO,2023,316,
CHICAGO,2023,315,
CHICAGO,2023,314,
CHICAGO,2023,313,32.666666
CHICAGO,2023,312,32.666666
CHICAGO,2023,311,32.666666
CHICAGO,2023,310,32.666666
CHICAGO,2023,309,
CHICAGO,2023,308,
CHICAGO,2023,307,32.666666
CHICAGO,2023,306,32.666666
CHICAGO,2023,305,32.666666
CHICAGO,2023,304,32.666666
CHICAGO,2023,303,32.666666
CHICAGO,2023,302,
CHICAGO,2023,301,
CHICAGO,2023,300,32.666666
CHICAGO,2023,299,32.666666
CHICAGO,2023,298,32.666666
CHICAGO,2023,297,32.666666
CHICAGO,2023,296,32.666666
CHICAGO,2023,295,
CHICAGO,2023,294,
CHICAGO,2023,293,32.666666
CHICAGO,2023,292,34.166666
CHICAGO,2023,291,34.166666
CHICAGO,2023,290,34.166666
CHICAGO,2023,289,34.166666
CHICAGO,2023,288,
CHICAGO,2023,287,
CHICAGO,2023,286,34.166666
CHICAGO,2023,285,34.166666
CHICAGO,2023,284,34.166666
CHICAGO,2023,283,34.166666
CHICAGO,2023,282,
CHICAGO,2023,281,
CHICAGO,2023,280,
CHICAGO,2023,279,34.166666
CHICAGO,2023,278,34.166666
CHICAGO,2023,277,34.166666
CHICAGO,2023,276,34.166666
CHICAGO,2023,275,35.500000
CHICAGO,2023,274,
CHICAGO,2023,273,
CHICAGO,2023,272,35.500000
CHICAGO,2023,271,35.500000
CHICAGO,2023,270,35.500000
CHICAGO,2023,269,35.500000
CHICAGO,2023,268,35.500000
CHICAGO,2023,267,
CHICAGO,2023,266,
CHICAGO,2023,265,35.500000
CHICAGO,2023,264,35.500000
CHICAGO,2023,263,35.500000
CHICAGO,2023,262,35.500000
CHICAGO,2023,261,35.500000
CHICAGO,2023,260,
CHICAGO,2023,259,
CHICAGO,2023,258,35.500000
CHICAGO,2023,257,35.500000
CHICAGO,2023,256,35.500000
CHICAGO,2023,255,35.500000
CHICAGO,2023,254,35.500000
CHICAGO,2023,253,
CHICAGO,2023,252,
CHICAGO,2023,251,35.500000
CHICAGO,2023,250,35.500000
CHICAGO,2023,249,35.500000
CHICAGO,2023,248,35.500000
CHICAGO,2023,247,
CHICAGO,2023,246,
CHICAGO,2023,245,
CHICAGO,2023,244,35.500000
CHICAGO,2023,243,35.500000
CHICAGO,2023,242,35.500000
CHICAGO,2023,241,35.500000
CHICAGO,2023,240,35.500000
CHICAGO,2023,239,
CHICAGO,2023,238,
CHICAGO,2023,237,35.500000
CHICAGO,2023,236,35.500000
CHICAGO,2023,235,35.500000
CHICAGO,2023,234,35.500000
CHICAGO,2023,233,35.500000
CHICAGO,2023,232,
CHICAGO,2023,231,
CHICAGO,2023,230,35.500000
CHICAGO,2023,229,35.500000
CHICAGO,2023,228,35.500000
CHICAGO,2023,227,35.500000
CHICAGO,2023,226,35.500000
CHICAGO,2023,225,
CHICAGO,2023,224,
CHICAGO,2023,223,35.500000
CHICAGO,2023,222,35.500000
CHICAGO,2023,221,35.500000
CHICAGO,2023,220,35.500000
CHICAGO,2023,219,35.500000
CHICAGO,2023,218,
CHICAGO,2023,217,
CHICAGO,2023,216,35.500000
CHICAGO,2023,215,35.500000
CHICAGO,2023,214,35.500000
CHICAGO,2023,213,35.500000
CHICAGO,2023,212,35.500000
CHICAGO,2023,211,
CHICAGO,2023,210,
CHICAGO,2023,209,35.500000
CHICAGO,2023,208,35.500000
CHICAGO,2023,207,35.500000
CHICAGO,2023,206,35.500000
CHICAGO,2023,205,33.166666
CHICAGO,2023,204,
CHICAGO,2023,203,
CHICAGO,2023,202,33.166666
CHICAGO,2023,201,33.166666
CHICAGO,2023,200,33.166666
CHICAGO,2023,199,33.166666
CHICAGO,2023,198,33.166666
CHICAGO,2023,197,
CHICAGO,2023,196,
CHICAGO,2023,195,33.166666
CHICAGO,2023,194,33.166666
CHICAGO,2023,193,33.166666
CHICAGO,2023,192,33.166666
CHICAGO,2023,191,33.166666
CHICAGO,2023,190,
CHICAGO,2023,189,
CHICAGO,2023,188,33.166666
CHICAGO,2023,187,33.166666
CHICAGO,2023,186,33.166666
CHICAGO,2023,185,
CHICAGO,2023,184,33.166666
CHICAGO,2023,183,
CHICAGO,2023,182,
CHICAGO,2023,181,33.166666
CHICAGO,2023,180,27.250000
CHICAGO,2023,179,27.250000
CHICAGO,2023,178,27.250000
CHICAGO,2023,177,27.250000
CHICAGO,2023,176,
CHICAGO,2023,175,
CHICAGO,2023,174,27.250000
CHICAGO,2023,173,27.250000
CHICAGO,2023,172,27.250000
CHICAGO,2023,171,27.250000
CHICAGO,2023,170,
CHICAGO,2023,169,
CHICAGO,2023,168,
CHICAGO,2023,167,27.250000
CHICAGO,2023,166,27.250000
CHICAGO,2023,165,27.250000
CHICAGO,2023,164,27.250000
CHICAGO,2023,163,27.250000
CHICAGO,2023,162,
CHICAGO,2023,161,
CHICAGO,2023,160,27.250000
CHICAGO,2023,159,27.250000
CHICAGO,2023,158,27.250000
CHICAGO,2023,157,27.250000
CHICAGO,2023,156,27.250000
CHICAGO,2023,155,
CHICAGO,2023,154,
CHICAGO,2023,153,27.250000
CHICAGO,2023,152,27.250000
CHICAGO,2023,151,27.250000
CHICAGO,2023,150,27.250000
CHICAGO,2023,149,
CHICAGO,2023,148,
CHICAGO,2023,147,
CHICAGO,2023,146,27.250000
CHICAGO,2023,145,27.250000
CHICAGO,2023,144,27.250000
CHICAGO,2023,143,27.250000
CHICAGO,2023,142,27.250000
CHICAGO,2023,141,
CHICAGO,2023,140,
CHICAGO,2023,139,27.250000
CHICAGO,2023,138,27.250000
CHICAGO,2023,137,27.250000
CHICAGO,2023,136,27.250000
CHICAGO,2023,135,27.250000
CHICAGO,2023,134,
CHICAGO,2023,133,
CHICAGO,2023,132,27.250000
CHICAGO,2023,131,27.250000
CHICAGO,2023,130,27.250000
CHICAGO,2023,129,27.250000
CHICAGO,2023,128,27.250000
CHICAGO,2023,127,
CHICAGO,2023,126,
CHICAGO,2023,125,27.250000
CHICAGO,2023,124,27.250000
CHICAGO,2023,123,27.250000
CHICAGO,2023,122,27.250000
CHICAGO,2023,121,27.250000
CHICAGO,2023,120,
CHICAGO,2023,119,
CHICAGO,2023,118,27.250000
CHICAGO,2023,117,27.250000
CHICAGO,2023,116,27.250000
CHICAGO,2023,115,27.250000
CHICAGO,2023,114,27.250000
CHICAGO,2023,113,
CHICAGO,2023,112,
CHICAGO,2023,111,27.250000
CHICAGO,2023,110,27.250000
CHICAGO,2023,109,27.250000
CHICAGO,2023,108,27.250000
CHICAGO,2023,107,27.250000
CHICAGO,2023,106,
CHICAGO,2023,105,
CHICAGO,2023,104,27.250000
CHICAGO,2023,103,27.250000
CHICAGO,2023,102,27.250000
CHICAGO,2023,101,27.250000
CHICAGO,2023,100,27.250000
CHICAGO,2023,99,
CHICAGO,2023,98,
CHICAGO,2023,97,27.250000
CHICAGO,2023,96,27.250000
CHICAGO,2023,95,27.250000
CHICAGO,2023,94,27.250000
CHICAGO,2023,93,27.250000
CHICAGO,2023,92,
CHICAGO,2023,91,
CHICAGO,2023,90,27.250000
CHICAGO,2023,89,27.250000
CHICAGO,2023,88,27.250000
CHICAGO,2023,87,27.250000
CHICAGO,2023,86,27.250000
CHICAGO,2023,85,
CHICAGO,2023,84,
CHICAGO,2023,83,27.250000
CHICAGO,2023,82,27.250000
CHICAGO,2023,81,27.250000
CHICAGO,2023,80,27.250000
CHICAGO,2023,79,27.250000
CHICAGO,2023,78,
CHICAGO,2023,77,
CHICAGO,2023,76,27.250000
CHICAGO,2023,75,27.250000
CHICAGO,2023,74,27.250000
CHICAGO,2023,73,27.250000
CHICAGO,2023,72,27.250000
CHICAGO,2023,71,
CHICAGO,2023,70,
CHICAGO,2023,69,27.250000
CHICAGO,2023,68,27.250000
CHICAGO,2023,67,27.250000
CHICAGO,2023,66,27.250000
CHICAGO,2023,65,27.250000
CHICAGO,2023,64,
CHICAGO,2023,63,
CHICAGO,2023,62,27.250000
CHICAGO,2023,61,27.250000
CHICAGO,2023,60,27.250000
CHICAGO,2023,59,27.250000
CHICAGO,2023,58,27.250000
CHICAGO,2023,57,
CHICAGO,2023,56,
CHICAGO,2023,55,27.250000
CHICAGO,2023,54,27.250000
CHICAGO,2023,53,27.250000
CHICAGO,2023,52,27.250000
CHICAGO,2023,51,
CHICAGO,2023,50,
CHICAGO,2023,49,
CHICAGO,2023,48,27.250000
CHICAGO,2023,47,27.250000
CHICAGO,2023,46,27.250000
CHICAGO,2023,45,27.250000
CHICAGO,2023,44,27.250000
CHICAGO,2023,43,
CHICAGO,2023,42,
CHICAGO,2023,41,27.250000
CHICAGO,2023,40,27.250000
CHICAGO,2023,39,27.250000
CHICAGO,2023,38,27.250000
CHICAGO,2023,37,27.250000
CHICAGO,2023,36,
CHICAGO,2023,35,
CHICAGO,2023,34,27.250000
CHICAGO,2023,33,32.500000
CHICAGO,2023,32,32.500000
CHICAGO,2023,31,32.500000
CHICAGO,2023,30,32.500000
CHICAGO,2023,29,
CHICAGO,2023,28,
CHICAGO,2023,27,32.500000
CHICAGO,2023,26,32.500000
CHICAGO,2023,25,32.500000
CHICAGO,2023,24,32.500000
CHICAGO,2023,23,32.500000
CHICAGO,2023,22,
CHICAGO,2023,21,
CHICAGO,2023,20,32.500000
CHICAGO,2023,19,32.500000
CHICAGO,2023,18,32.500000
CHICAGO,2023,17,32.500000
CHICAGO,2023,16,
CHICAGO,2023,15,
CHICAGO,2023,14,
CHICAGO,2023,13,32.500000
CHICAGO,2023,12,32.500000
CHICAGO,2023,11,32.500000
CHICAGO,2023,10,32.500000
CHICAGO,2023,9,32.500000
CHICAGO,2023,8,
CHICAGO,2023,7,
CHICAGO,2023,6,32.500000
CHICAGO,2023,5,32.500000
CHICAGO,2023,4,32.500000
CHICAGO,2023,3,32.500000
CHICAGO,2023,2,
LOS ANGELES,2023,366,
LOS ANGELES,2023,365,
LOS ANGELES,2023,364,
LOS ANGELES,2023,363,22.500000
LOS ANGELES,2023,362,22.500000
LOS ANGELES,2023,361,22.500000
LOS ANGELES,2023,360,22.500000
LOS ANGELES,2023,359,
LOS ANGELES,2023,358,
LOS ANGELES,2023,357,
LOS ANGELES,2023,356,22.500000
LOS ANGELES,2023,355,24.500000
LOS ANGELES,2023,354,24.500000
LOS ANGELES,2023,353,24.500000
LOS ANGELES,2023,352,24.500000
LOS ANGELES,2023,351,
LOS ANGELES,2023,350,
LOS ANGELES,2023,349,29.500000
LOS ANGELES,2023,348,29.500000
LOS ANGELES,2023,347,29.500000
LOS ANGELES,2023,346,29.500000
LOS ANGELES,2023,345,29.500000
LOS ANGELES,2023,344,
LOS ANGELES,2023,343,
LOS ANGELES,2023,342,29.500000
LOS ANGELES,2023,341,29.500000
LOS ANGELES,2023,340,29.500000
LOS ANGELES,2023,339,29.500000
LOS ANGELES,2023,338,29.500000
LOS ANGELES,2023,337,
LOS ANGELES,2023,336,
LOS ANGELES,2023,335,33.500000
LOS ANGELES,2023,334,33.500000
LOS ANGELES,2023,333,33.500000
LOS ANGELES,2023,332,33.500000
LOS ANGELES,2023,331,33.500000
LOS ANGELES,2023,330,
LOS ANGELES,2023,329,
LOS ANGELES,2023,328,33.500000
LOS ANGELES,2023,327,
LOS ANGELES,2023,326,33.500000
LOS ANGELES,2023,325,33.500000
LOS ANGELES,2023,324,33.500000
LOS ANGELES,2023,323,
LOS ANGELES,2023,322,
LOS ANGELES,2023,321,33.500000
LOS ANGELES,2023,320,33.500000
LOS ANGELES,2023,319,33.500000
LOS ANGELES,2023,318,27.500000
LOS ANGELES,2023,317,27.500000
LOS ANGELES,2023,316,
LOS ANGELES,2023,315,
LOS ANGELES,2023,314,
LOS ANGELES,2023,313,27.500000
LOS ANGELES,2023,312,27.500000
LOS ANGELES,2023,311,27.500000
LOS ANGELES,2023,310,27.500000
LOS ANGELES,2023,309,
LOS ANGELES,2023,308,
LOS ANGELES,2023,307,27.500000
LOS ANGELES,2023,306,27.500000
LOS ANGELES,2023,305,27.500000
LOS ANGELES,2023,304,27.500000
LOS ANGELES,2023,303,27.500000
LOS ANGELES,2023,302,
LOS ANGELES,2023,301,
LOS ANGELES,2023,300,23.500000
LOS ANGELES,2023,299,23.500000
LOS ANGELES,2023,298,23.500000
LOS ANGELES,2023,297,23.500000
LOS ANGELES,2023,296,23.000000
LOS ANGELES,2023,295,
LOS ANGELES,2023,294,
LOS ANGELES,2023,293,23.000000
LOS ANGELES,2023,292,23.000000
LOS ANGELES,2023,291,23.000000
LOS ANGELES,2023,290,23.000000
LOS ANGELES,2023,289,23.000000
LOS ANGELES,2023,288,
LOS ANGELES,2023,287,
LOS ANGELES,2023,286,23.000000
LOS ANGELES,2023,285,23.000000
LOS ANGELES,2023,284,23.000000
LOS ANGELES,2023,283,23.000000
LOS ANGELES,2023,282,
LOS ANGELES,2023,281,
LOS ANGELES,2023,280,
LOS ANGELES,2023,279,23.000000
LOS ANGELES,2023,278,23.000000
LOS ANGELES,2023,277,23.000000
LOS ANGELES,2023,276,23.000000
LOS ANGELES,2023,275,23.000000
LOS ANGELES,2023,274,
LOS ANGELES,2023,273,
LOS ANGELES,2023,272,17.000000
LOS ANGELES,2023,271,17.000000
LOS ANGELES,2023,270,17.000000
LOS ANGELES,2023,269,17.000000
LOS ANGELES,2023,268,17.000000
LOS ANGELES,2023,267,
LOS ANGELES,2023,266,
LOS ANGELES,2023,265,17.000000
LOS ANGELES,2023,264,17.000000
LOS ANGELES,2023,263,17.000000
LOS ANGELES,2023,262,17.000000
LOS ANGELES,2023,261,17.000000
LOS ANGELES,2023,260,
LOS ANGELES,2023,259,
LOS ANGELES,2023,258,17.000000
LOS ANGELES,2023,257,17.000000
LOS ANGELES,2023,256,17.000000
LOS ANGELES,2023,255,17.000000
LOS ANGELES,2023,254,17.000000
LOS ANGELES,2023,253,
LOS ANGELES,2023,252,
LOS ANGELES,2023,251,17.000000
LOS ANGELES,2023,250,19.000000
LOS ANGELES,2023,249,19.000000
LOS ANGELES,2023,248,19.000000
LOS ANGELES,2023,247,
LOS ANGELES,2023,246,
LOS ANGELES,2023,245,
LOS ANGELES,2023,244,19.000000
LOS ANGELES,2023,243,19.000000
LOS ANGELES,2023,242,19.000000
LOS ANGELES,2023,241,19.000000
LOS ANGELES,2023,240,19.000000
LOS ANGELES,2023,239,
LOS ANGELES,2023,238,
LOS ANGELES,2023,237,19.000000
LOS ANGELES,2023,236,19.000000
LOS ANGELES,2023,235,19.000000
LOS ANGELES,2023,234,19.000000
LOS ANGELES,2023,233,19.000000
LOS ANGELES,2023,232,
LOS ANGELES,2023,231,
LOS ANGELES,2023,230,19.000000
LOS ANGELES,2023,229,19.000000
LOS ANGELES,2023,228,19.000000
LOS ANGELES,2023,227,19.000000
LOS ANGELES,2023,226,19.000000
LOS ANGELES,2023,225,
LOS ANGELES,2023,224,
LOS ANGELES,2023,223,19.000000
LOS ANGELES,2023,222,19.000000
LOS ANGELES,2023,221,19.000000
LOS ANGELES,2023,220,19.000000
LOS ANGELES,2023,219,19.000000
LOS ANGELES,2023,218,
LOS ANGELES,2023,217,
LOS ANGELES,2023,216,25.000000
LOS ANGELES,2023,215,25.000000
LOS ANGELES,2023,214,25.000000
LOS ANGELES,2023,213,39.000000
LOS ANGELES,2023,212,39.000000
LOS ANGELES,2023,211,
LOS ANGELES,2023,210,
LOS ANGELES,2023,209,39.000000
LOS ANGELES,2023,208,39.000000
LOS ANGELES,2023,207,39.000000
LOS ANGELES,2023,206,39.000000
LOS ANGELES,2023,205,39.000000
LOS ANGELES,2023,204,
LOS ANGELES,2023,203,
LOS ANGELES,2023,202,39.000000
LOS ANGELES,2023,201,38.000000
LOS ANGELES,2023,200,38.000000
LOS ANGELES,2023,199,38.000000
LOS ANGELES,2023,198,38.000000
LOS ANGELES,2023,197,
LOS ANGELES,2023,196,
LOS ANGELES,2023,195,38.000000
LOS ANGELES,2023,194,38.000000
LOS ANGELES,2023,193,38.000000
LOS ANGELES,2023,192,38.000000
LOS ANGELES,2023,191,38.000000
LOS ANGELES,2023,190,
LOS ANGELES,2023,189,
LOS ANGELES,2023,188,38.000000
LOS ANGELES,2023,187,38.000000
LOS ANGELES,2023,186,38.500000
LOS ANGELES,2023,185,
LOS ANGELES,2023,184,38.500000
LOS ANGELES,2023,183,
LOS ANGELES,2023,182,
LOS ANGELES,2023,181,38.500000
LOS ANGELES,2023,180,38.500000
LOS ANGELES,2023,179,38.500000
LOS ANGELES,2023,178,38.500000
LOS ANGELES,2023,177,38.500000
LOS ANGELES,2023,176,
LOS ANGELES,2023,175,
LOS ANGELES,2023,174,38.500000
LOS ANGELES,2023,173,38.500000
LOS ANGELES,2023,172,38.500000
LOS ANGELES,2023,171,38.500000
LOS ANGELES,2023,170,
LOS ANGELES,2023,169,
LOS ANGELES,2023,168,
LOS ANGELES,2023,167,39.000000
LOS ANGELES,2023,166,39.000000
LOS ANGELES,2023,165,39.000000
LOS ANGELES,2023,164,39.000000
LOS ANGELES,2023,163,39.000000
LOS ANGELES,2023,162,
LOS ANGELES,2023,161,
LOS ANGELES,2023,160,47.000000
LOS ANGELES,2023,159,47.000000
LOS ANGELES,2023,158,47.000000
LOS ANGELES,2023,157,47.000000
LOS ANGELES,2023,156,47.000000
LOS ANGELES,2023,155,
LOS ANGELES,2023,154,
LOS ANGELES,2023,153,47.000000
LOS ANGELES,2023,152,47.000000
LOS ANGELES,2023,151,47.000000
LOS ANGELES,2023,150,47.000000
LOS ANGELES,2023,149,
LOS ANGELES,2023,148,
LOS ANGELES,2023,147,
LOS ANGELES,2023,146,47.000000
LOS ANGELES,2023,145,47.000000
LOS ANGELES,2023,144,47.000000
LOS ANGELES,2023,143,47.000000
LOS ANGELES,2023,142,47.000000
LOS ANGELES,2023,141,
LOS ANGELES,2023,140,
LOS ANGELES,2023,139,47.000000
LOS ANGELES,2023,138,47.000000
LOS ANGELES,2023,137,47.000000
LOS ANGELES,2023,136,47.000000
LOS ANGELES,2023,135,47.000000
LOS ANGELES,2023,134,
LOS ANGELES,2023,133,
LOS ANGELES,2023,132,47.000000
LOS ANGELES,2023,131,47.000000
LOS ANGELES,2023,130,47.000000
LOS ANGELES,2023,129,47.000000
LOS ANGELES,2023,128,46.250000
LOS ANGELES,2023,127,
LOS ANGELES,2023,126,
LOS ANGELES,2023,125,46.250000
LOS ANGELES,2023,124,46.250000
LOS ANGELES,2023,123,46.250000
LOS ANGELES,2023,122,46.250000
LOS ANGELES,2023,121,46.250000
LOS ANGELES,2023,120,
LOS ANGELES,2023,119,
LOS ANGELES,2023,118,46.250000
LOS ANGELES,2023,117,46.250000
LOS ANGELES,2023,116,45.500000
LOS ANGELES,2023,115,45.500000
LOS ANGELES,2023,114,45.500000
LOS ANGELES,2023,113,
LOS ANGELES,2023,112,
LOS ANGELES,2023,111,45.500000
LOS ANGELES,2023,110,45.500000
LOS ANGELES,2023,109,45.500000
LOS ANGELES,2023,108,45.500000
LOS ANGELES,2023,107,45.500000
LOS ANGELES,2023,106,
LOS ANGELES,2023,105,
LOS ANGELES,2023,104,45.500000
LOS ANGELES,2023,103,45.500000
LOS ANGELES,2023,102,45.500000
LOS ANGELES,2023,101,45.500000
LOS ANGELES,2023,100,45.500000
LOS ANGELES,2023,99,
LOS ANGELES,2023,98,
LOS ANGELES,2023,97,45.500000
LOS ANGELES,2023,96,45.500000
LOS ANGELES,2023,95,45.500000
LOS ANGELES,2023,94,45.500000
LOS ANGELES,2023,93,45.500000
LOS ANGELES,2023,92,
LOS ANGELES,2023,91,
LOS ANGELES,2023,90,45.500000
LOS ANGELES,2023,89,45.500000
LOS ANGELES,2023,88,45.500000
LOS ANGELES,2023,87,45.500000
LOS ANGELES,2023,86,45.500000
LOS ANGELES,2023,85,
LOS ANGELES,2023,84,
LOS ANGELES,2023,83,45.500000
LOS ANGELES,2023,82,45.500000
LOS ANGELES,2023,81,45.500000
LOS ANGELES,2023,80,45.500000
LOS ANGELES,2023,79,45.500000
LOS ANGELES,2023,78,
LOS ANGELES,2023,77,
LOS ANGELES,2023,76,45.500000
LOS ANGELES,2023,75,45.500000
LOS ANGELES,2023,74,45.500000
LOS ANGELES,2023,73,45.500000
LOS ANGELES,2023,72,45.500000
LOS ANGELES,2023,71,
LOS ANGELES,2023,70,
LOS ANGELES,2023,69,45.500000
LOS ANGELES,2023,68,45.500000
LOS ANGELES,2023,67,45.500000
LOS ANGELES,2023,66,45.500000
LOS ANGELES,2023,65,56.000000
LOS ANGELES,2023,64,
LOS ANGELES,2023,63,
LOS ANGELES,2023,62,56.000000
LOS ANGELES,2023,61,56.000000
LOS ANGELES,2023,60,56.000000
LOS ANGELES,2023,59,56.000000
LOS ANGELES,2023,58,28.250000
LOS ANGELES,2023,57,
LOS ANGELES,2023,56,
LOS ANGELES,2023,55,28.250000
LOS ANGELES,2023,54,28.250000
LOS ANGELES,2023,53,28.250000
LOS ANGELES,2023,52,28.250000
LOS ANGELES,2023,51,
LOS ANGELES,2023,50,
LOS ANGELES,2023,49,
LOS ANGELES,2023,48,28.250000
LOS ANGELES,2023,47,28.250000
LOS ANGELES,2023,46,28.250000
LOS ANGELES,2023,45,28.250000
LOS ANGELES,2023,44,28.250000
LOS ANGELES,2023,43,
LOS ANGELES,2023,42,
LOS ANGELES,2023,41,28.250000
LOS ANGELES,2023,40,28.250000
LOS ANGELES,2023,39,28.250000
LOS ANGELES,2023,38,31.000000
LOS ANGELES,2023,37,31.000000
LOS ANGELES,2023,36,
LOS ANGELES,2023,35,
LOS ANGELES,2023,34,31.000000
LOS ANGELES,2023,33,31.000000
LOS ANGELES,2023,32,31.000000
LOS ANGELES,2023,31,31.000000
LOS ANGELES,2023,30,31.000000
LOS ANGELES,2023,29,
LOS ANGELES,2023,28,
LOS ANGELES,2023,27,31.000000
LOS ANGELES,2023,26,31.000000
LOS ANGELES,2023,25,31.000000
LOS ANGELES,2023,24,31.000000
LOS ANGELES,2023,23,31.000000
LOS ANGELES,2023,22,
LOS ANGELES,2023,21,
LOS ANGELES,2023,20,31.000000
LOS ANGELES,2023,19,31.000000
LOS ANGELES,2023,18,31.000000
LOS ANGELES,2023,17,31.000000
LOS ANGELES,2023,16,
LOS ANGELES,2023,15,
LOS ANGELES,2023,14,
LOS ANGELES,2023,13,31.000000
LOS ANGELES,2023,12,31.000000
LOS ANGELES,2023,11,31.000000
LOS ANGELES,2023,10,31.000000
LOS ANGELES,2023,9,31.000000
LOS ANGELES,2023,8,
LOS ANGELES,2023,7,
LOS ANGELES,2023,6,31.000000
LOS ANGELES,2023,5,31.000000
LOS ANGELES,2023,4,31.000000
LOS ANGELES,2023,3,31.000000
LOS ANGELES,2023,2,
NEW YORK,2023,366,
NEW YORK,2023,365,
NEW YORK,2023,364,
NEW YORK,2023,363,24.000000
NEW YORK,2023,362,24.000000
NEW YORK,2023,361,24.000000
NEW YORK,2023,360,
NEW YORK,2023,359,
NEW YORK,2023,358,
NEW YORK,2023,357,
NEW YORK,2023,356,26.000000
NEW YORK,2023,355,26.000000
NEW YORK,2023,354,26.000000
NEW YORK,2023,353,26.000000
NEW YORK,2023,352,26.000000
NEW YORK,2023,351,
NEW YORK,2023,350,
NEW YORK,2023,349,26.000000
NEW YORK,2023,348,26.000000
NEW YORK,2023,347,26.000000
NEW YORK,2023,346,26.000000
NEW YORK,2023,345,26.000000
NEW YORK,2023,344,
NEW YORK,2023,343,
NEW YORK,2023,342,28.000000
NEW YORK,2023,341,28.000000
NEW YORK,2023,340,28.000000
NEW YORK,2023,339,28.000000
NEW YORK,2023,338,28.000000
NEW YORK,2023,337,
NEW YORK,2023,336,
NEW YORK,2023,335,27.000000
NEW YORK,2023,334,27.000000
NEW YORK,2023,333,28.000000
NEW YORK,2023,332,28.000000
NEW YORK,2023,331,28.000000
NEW YORK,2023,330,
NEW YORK,2023,329,
NEW YORK,2023,328,
NEW YORK,2023,327,
NEW YORK,2023,326,26.000000
NEW YORK,2023,325,26.000000
NEW YORK,2023,324,28.000000
NEW YORK,2023,323,
NEW YORK,2023,322,
NEW YORK,2023,321,28.000000
NEW YORK,2023,320,28.000000
NEW YORK,2023,319,28.000000
NEW YORK,2023,318,28.000000
NEW YORK,2023,317,28.000000
NEW YORK,2023,316,
NEW YORK,2023,315,
NEW YORK,2023,314,
NEW YORK,2023,313,28.000000
NEW YORK,2023,312,26.000000
NEW YORK,2023,311,26.000000
NEW YORK,2023,310,26.000000
NEW YORK,2023,309,
NEW YORK,2023,308,
NEW YORK,2023,307,26.000000
NEW YORK,2023,306,26.000000
NEW YORK,2023,305,26.000000
NEW YORK,2023,304,26.000000
NEW YORK,2023,303,26.000000
NEW YORK,2023,302,
NEW YORK,2023,301,
NEW YORK,2023,300,26.000000
NEW YORK,2023,299,26.000000
NEW YORK,2023,298,26.000000
NEW YORK,2023,297,28.000000
NEW YORK,2023,296,28.000000
NEW YORK,2023,295,
NEW YORK,2023,294,
NEW YORK,2023,293,24.000000
NEW YORK,2023,292,24.000000
NEW YORK,2023,291,26.000000
NEW YORK,2023,290,26.000000
NEW YORK,2023,289,26.000000
NEW YORK,2023,288,
NEW YORK,2023,287,
NEW YORK,2023,286,26.000000
NEW YORK,2023,285,26.000000
NEW YORK,2023,284,26.000000
NEW YORK,2023,283,26.000000
NEW YORK,2023,282,
NEW YORK,2023,281,
NEW YORK,2023,280,
NEW YORK,2023,279,20.000000
NEW YORK,2023,278,20.000000
NEW YORK,2023,277,20.000000
NEW YORK,2023,276,20.000000
NEW YORK,2023,275,20.000000
NEW YORK,2023,274,
NEW YORK,2023,273,
NEW YORK,2023,272,22.000000
NEW YORK,2023,271,22.000000
NEW YORK,2023,270,22.000000
NEW YORK,2023,269,20.000000
NEW YORK,2023,268,20.000000
NEW YORK,2023,267,
NEW YORK,2023,266,
NEW YORK,2023,265,20.000000
NEW YORK,2023,264,20.000000
NEW YORK,2023,263,20.000000
NEW YORK,2023,262,20.000000
NEW YORK,2023,261,20.000000
NEW YORK,2023,260,
NEW YORK,2023,259,
NEW YORK,2023,258,20.000000
NEW YORK,2023,257,20.000000
NEW YORK,2023,256,20.000000
NEW YORK,2023,255,20.000000
NEW YORK,2023,254,20.000000
NEW YORK,2023,253,
NEW YORK,2023,252,
NEW YORK,2023,251,20.000000
NEW YORK,2023,250,20.000000
NEW YORK,2023,249,20.000000
NEW YORK,2023,248,20.000000
NEW YORK,2023,247,
NEW YORK,2023,246,
NEW YORK,2023,245,
NEW YORK,2023,244,21.000000
NEW YORK,2023,243,21.000000
NEW YORK,2023,242,18.000000
NEW YORK,2023,241,
NEW YORK,2023,240,
NEW YORK,2023,239,
NEW YORK,2023,238,
NEW YORK,2023,237,25.000000
NEW YORK,2023,236,25.000000
NEW YORK,2023,235,25.000000
NEW YORK,2023,234,
NEW YORK,2023,233,
NEW YORK,2023,232,
NEW YORK,2023,231,
NEW YORK,2023,230,28.000000
NEW YORK,2023,229,28.000000
NEW YORK,2023,228,28.000000
NEW YORK,2023,227,28.000000
NEW YORK,2023,226,28.000000
NEW YORK,2023,225,
NEW YORK,2023,224,
NEW YORK,2023,223,28.000000
NEW YORK,2023,222,28.000000
NEW YORK,2023,221,28.000000
NEW YORK,2023,220,28.000000
NEW YORK,2023,219,28.000000
NEW YORK,2023,218,
NEW YORK,2023,217,
NEW YORK,2023,216,27.000000
NEW YORK,2023,215,27.000000
NEW YORK,2023,214,27.000000
NEW YORK,2023,213,32.000000
NEW YORK,2023,212,32.000000
NEW YORK,2023,211,
NEW YORK,2023,210,
NEW YORK,2023,209,32.000000
NEW YORK,2023,208,32.000000
NEW YORK,2023,207,32.000000
NEW YORK,2023,206,32.000000
NEW YORK,2023,205,32.000000
NEW YORK,2023,204,
NEW YORK,2023,203,
NEW YORK,2023,202,32.000000
NEW YORK,2023,201,32.000000
NEW YORK,2023,200,32.000000
NEW YORK,2023,199,32.000000
NEW YORK,2023,198,
NEW YORK,2023,197,
NEW YORK,2023,196,
NEW YORK,2023,195,
NEW YORK,2023,194,
NEW YORK,2023,193,
NEW YORK,2023,192,
NEW YORK,2023,191,
NEW YORK,2023,190,
NEW YORK,2023,189,
NEW YORK,2023,188,
NEW YORK,2023,187,
NEW YORK,2023,186,
NEW YORK,2023,185,
NEW YORK,2023,184,
NEW YORK,2023,183,
NEW YORK,2023,182,
NEW YORK,2023,181,
NEW YORK,2023,180,30.000000
NEW YORK,2023,179,30.000000
NEW YORK,2023,178,30.000000
NEW YORK,2023,177,32.000000
NEW YORK,2023,176,
NEW YORK,2023,175,
NEW YORK,2023,174,26.000000
NEW YORK,2023,173,26.000000
NEW YORK,2023,172,26.000000
NEW YORK,2023,171,26.000000
NEW YORK,2023,170,
NEW YORK,2023,169,
NEW YORK,2023,168,
NEW YORK,2023,167,26.000000
NEW YORK,2023,166,26.000000
NEW YORK,2023,165,26.000000
NEW YORK,2023,164,41.500000
NEW YORK,2023,163,41.500000
NEW YORK,2023,162,
NEW YORK,2023,161,
NEW YORK,2023,160,41.500000
NEW YORK,2023,159,41.500000
NEW YORK,2023,158,41.500000
NEW YORK,2023,157,41.500000
NEW YORK,2023,156,41.500000
NEW YORK,2023,155,
NEW YORK,2023,154,
NEW YORK,2023,153,33.000000
NEW YORK,2023,152,33.000000
NEW YORK,2023,151,34.000000
NEW YORK,2023,150,34.000000
NEW YORK,2023,149,
NEW YORK,2023,148,
NEW YORK,2023,147,
NEW YORK,2023,146,
NEW YORK,2023,145,
NEW YORK,2023,144,
NEW YORK,2023,143,
NEW YORK,2023,142,42.000000
NEW YORK,2023,141,
NEW YORK,2023,140,
NEW YORK,2023,139,42.000000
NEW YORK,2023,138,42.000000
NEW YORK,2023,137,42.000000
NEW YORK,2023,136,42.000000
NEW YORK,2023,135,44.000000
NEW YORK,2023,134,
NEW YORK,2023,133,
NEW YORK,2023,132,44.000000
NEW YORK,2023,131,44.000000
NEW YORK,2023,130,46.000000
NEW YORK,2023,129,46.000000
NEW YORK,2023,128,46.000000
NEW YORK,2023,127,
NEW YORK,2023,126,
NEW YORK,2023,125,
NEW YORK,2023,124,
NEW YORK,2023,123,
NEW YORK,2023,122,
NEW YORK,2023,121,
NEW YORK,2023,120,
NEW YORK,2023,119,
NEW YORK,2023,118,
NEW YORK,2023,117,
NEW YORK,2023,116,38.000000
NEW YORK,2023,115,38.000000
NEW YORK,2023,114,38.000000
NEW YORK,2023,113,
NEW YORK,2023,112,
NEW YORK,2023,111,
NEW YORK,2023,110,
NEW YORK,2023,109,38.000000
NEW YORK,2023,108,38.000000
NEW YORK,2023,107,
NEW YORK,2023,106,
NEW YORK,2023,105,
NEW YORK,2023,104,
NEW YORK,2023,103,
NEW YORK,2023,102,
NEW YORK,2023,101,
NEW YORK,2023,100,
NEW YORK,2023,99,
NEW YORK,2023,98,
NEW YORK,2023,97,41.000000
NEW YORK,2023,96,41.000000
NEW YORK,2023,95,41.000000
NEW YORK,2023,94,41.000000
NEW YORK,2023,93,
NEW YORK,2023,92,
NEW YORK,2023,91,
NEW YORK,2023,90,
NEW YORK,2023,89,
NEW YORK,2023,88,50.000000
NEW YORK,2023,87,47.500000
NEW YORK,2023,86,47.500000
NEW YORK,2023,85,
NEW YORK,2023,84,
NEW YORK,2023,83,
NEW YORK,2023,82,
NEW YORK,2023,81,55.000000
NEW YORK,2023,80,55.000000
NEW YORK,2023,79,
NEW YORK,2023,78,
NEW YORK,2023,77,
NEW YORK,2023,76,
NEW YORK,2023,75,52.000000
NEW YORK,2023,74,52.000000
NEW YORK,2023,73,
NEW YORK,2023,72,58.000000
NEW YORK,2023,71,
NEW YORK,2023,70,
NEW YORK,2023,69,40.000000
NEW YORK,2023,68,40.000000
NEW YORK,2023,67,40.000000
NEW YORK,2023,66,40.000000
NEW YORK,2023,65,40.000000
NEW YORK,2023,64,
NEW YORK,2023,63,
NEW YORK,2023,62,34.000000
NEW YORK,2023,61,34.000000
NEW YORK,2023,60,
NEW YORK,2023,59,
NEW YORK,2023,58,
NEW YORK,2023,57,
NEW YORK,2023,56,
NEW YORK,2023,55,45.000000
NEW YORK,2023,54,45.000000
NEW YORK,2023,53,34.500000
NEW YORK,2023,52,34.500000
NEW YORK,2023,51,
NEW YORK,2023,50,
NEW YORK,2023,49,
NEW YORK,2023,48,28.000000
NEW YORK,2023,47,28.000000
NEW YORK,2023,46,28.000000
NEW YORK,2023,45,
NEW YORK,2023,44,
NEW YORK,2023,43,
NEW YORK,2023,42,
NEW YORK,2023,41,25.500000
NEW YORK,2023,40,25.500000
NEW YORK,2023,39,25.500000
NEW YORK,2023,38,27.500000
NEW YORK,2023,37,28.000000
NEW YORK,2023,36,
NEW YORK,2023,35,
NEW YORK,2023,34,28.000000
NEW YORK,2023,33,
NEW YORK,2023,32,28.000000
NEW YORK,2023,31,
NEW YORK,2023,30,
NEW YORK,2023,29,
NEW YORK,2023,28,
NEW YORK,2023,27,
NEW YORK,2023,26,
NEW YORK,2023,25,30.000000
NEW YORK,2023,24,30.000000
NEW YORK,2023,23,30.000000
NEW YORK,2023,22,
NEW YORK,2023,21,
NEW YORK,2023,20,32.000000
NEW YORK,2023,19,32.000000
NEW YORK,2023,18,32.000000
NEW YORK,2023,17,32.000000
NEW YORK,2023,16,
NEW YORK,2023,15,
NEW YORK,2023,14,
NEW YORK,2023,13,32.000000
NEW YORK,2023,12,32.000000
NEW YORK,2023,11,32.000000
NEW YORK,2023,10,32.000000
NEW YORK,2023,9,32.000000
NEW YORK,2023,8,
NEW YORK,2023,7,
NEW YORK,2023,6,
NEW YORK,2023,5,32.000000
NEW YORK,2023,4,32.000000
NEW YORK,2023,3,32.000000
NEW YORK,2023,2,
PHILADELPHIA,2023,366,
PHILADELPHIA,2023,365,
PHILADELPHIA,2023,364,
PHILADELPHIA,2023,363,
PHILADELPHIA,2023,362,
PHILADELPHIA,2023,361,
PHILADELPHIA,2023,360,
PHILADELPHIA,2023,359,
PHILADELPHIA,2023,358,
PHILADELPHIA,2023,357,
PHILADELPHIA,2023,356,
PHILADELPHIA,2023,355,
PHILADELPHIA,2023,354,
PHILADELPHIA,2023,353,
PHILADELPHIA,2023,352,
PHILADELPHIA,2023,351,
PHILADELPHIA,2023,350,
PHILADELPHIA,2023,349,
PHILADELPHIA,2023,348,
PHILADELPHIA,2023,347,
PHILADELPHIA,2023,346,
PHILADELPHIA,2023,345,
PHILADELPHIA,2023,344,
PHILADELPHIA,2023,343,
PHILADELPHIA,2023,342,
PHILADELPHIA,2023,341,
PHILADELPHIA,2023,340,
PHILADELPHIA,2023,339,
PHILADELPHIA,2023,338,
PHILADELPHIA,2023,337,
PHILADELPHIA,2023,336,
PHILADELPHIA,2023,335,
PHILADELPHIA,2023,334,
PHILADELPHIA,2023,333,
PHILADELPHIA,2023,332,
PHILADELPHIA,2023,331,
PHILADELPHIA,2023,330,
PHILADELPHIA,2023,329,
PHILADELPHIA,2023,328,
PHILADELPHIA,2023,327,
PHILADELPHIA,2023,326,
PHILADELPHIA,2023,325,20.000000
PHILADELPHIA,2023,324,20.000000
PHILADELPHIA,2023,323,
PHILADELPHIA,2023,322,
PHILADELPHIA,2023,321,
PHILADELPHIA,2023,320,
PHILADELPHIA,2023,319,
PHILADELPHIA,2023,318,
PHILADELPHIA,2023,317,
PHILADELPHIA,2023,316,
PHILADELPHIA,2023,315,
PHILADELPHIA,2023,314,
PHILADELPHIA,2023,313,24.000000
PHILADELPHIA,2023,312,24.000000
PHILADELPHIA,2023,311,24.000000
PHILADELPHIA,2023,310,24.000000
PHILADELPHIA,2023,309,
PHILADELPHIA,2023,308,
PHILADELPHIA,2023,307,24.000000
PHILADELPHIA,2023,306,24.000000
PHILADELPHIA,2023,305,24.000000
PHILADELPHIA,2023,304,24.000000
PHILADELPHIA,2023,303,24.000000
PHILADELPHIA,2023,302,
PHILADELPHIA,2023,301,
PHILADELPHIA,2023,300,24.000000
PHILADELPHIA,2023,299,24.000000
PHILADELPHIA,2023,298,24.000000
PHILADELPHIA,2023,297,24.000000
PHILADELPHIA,2023,296,24.000000
PHILADELPHIA,2023,295,
PHILADELPHIA,2023,294,
PHILADELPHIA,2023,293,24.000000
PHILADELPHIA,2023,292,24.000000
PHILADELPHIA,2023,291,24.000000
PHILADELPHIA,2023,290,24.000000
PHILADELPHIA,2023,289,24.000000
PHILADELPHIA,2023,288,
PHILADELPHIA,2023,287,
PHILADELPHIA,2023,286,24.000000
PHILADELPHIA,2023,285,24.000000
PHILADELPHIA,2023,284,24.000000
PHILADELPHIA,2023,283,24.000000
PHILADELPHIA,2023,282,
PHILADELPHIA,2023,281,
PHILADELPHIA,2023,280,
PHILADELPHIA,2023,279,24.000000
PHILADELPHIA,2023,278,24.000000
PHILADELPHIA,2023,277,24.000000
PHILADELPHIA,2023,276,24.000000
PHILADELPHIA,2023,275,24.000000
PHILADELPHIA,2023,274,
PHILADELPHIA,2023,273,
PHILADELPHIA,2023,272,24.000000
PHILADELPHIA,2023,271,24.000000
PHILADELPHIA,2023,270,24.000000
PHILADELPHIA,2023,269,24.000000
PHILADELPHIA,2023,268,
PHILADELPHIA,2023,267,
PHILADELPHIA,2023,266,
PHILADELPHIA,2023,265,
PHILADELPHIA,2023,264,
PHILADELPHIA,2023,263,
PHILADELPHIA,2023,262,
PHILADELPHIA,2023,261,
PHILADELPHIA,2023,260,
PHILADELPHIA,2023,259,
PHILADELPHIA,2023,258,
PHILADELPHIA,2023,257,
PHILADELPHIA,2023,256,
PHILADELPHIA,2023,255,
PHILADELPHIA,2023,254,
PHILADELPHIA,2023,253,
PHILADELPHIA,2023,252,
PHILADELPHIA,2023,251,
PHILADELPHIA,2023,250,
PHILADELPHIA,2023,249,
PHILADELPHIA,2023,248,
PHILADELPHIA,2023,247,
PHILADELPHIA,2023,246,
PHILADELPHIA,2023,245,
PHILADELPHIA,2023,244,
PHILADELPHIA,2023,243,
PHILADELPHIA,2023,242,
PHILADELPHIA,2023,241,
PHILADELPHIA,2023,240,
PHILADELPHIA,2023,239,
PHILADELPHIA,2023,238,
PHILADELPHIA,2023,237,
PHILADELPHIA,2023,236,
PHILADELPHIA,2023,235,
PHILADELPHIA,2023,234,
PHILADELPHIA,2023,233,
PHILADELPHIA,2023,232,
PHILADELPHIA,2023,231,
PHILADELPHIA,2023,230,
PHILADELPHIA,2023,229,
PHILADELPHIA,2023,228,
PHILADELPHIA,2023,227,
PHILADELPHIA,2023,226,
PHILADELPHIA,2023,225,
PHILADELPHIA,2023,224,
PHILADELPHIA,2023,223,
PHILADELPHIA,2023,222,
PHILADELPHIA,2023,221,
PHILADELPHIA,2023,220,
PHILADELPHIA,2023,219,
PHILADELPHIA,2023,218,
PHILADELPHIA,2023,217,
PHILADELPHIA,2023,216,
PHILADELPHIA,2023,215,
PHILADELPHIA,2023,214,
PHILADELPHIA,2023,213,
PHILADELPHIA,2023,212,
PHILADELPHIA,2023,211,
PHILADELPHIA,2023,210,
PHILADELPHIA,2023,209,
PHILADELPHIA,2023,208,
PHILADELPHIA,2023,207,
PHILADELPHIA,2023,206,
PHILADELPHIA,2023,205,
PHILADELPHIA,2023,204,
PHILADELPHIA,2023,203,
PHILADELPHIA,2023,202,16.000000
PHILADELPHIA,2023,201,16.000000
PHILADELPHIA,2023,200,16.000000
PHILADELPHIA,2023,199,16.000000
PHILADELPHIA,2023,198,16.000000
PHILADELPHIA,2023,197,
PHILADELPHIA,2023,196,
PHILADELPHIA,2023,195,
PHILADELPHIA,2023,194,
PHILADELPHIA,2023,193,
PHILADELPHIA,2023,192,
PHILADELPHIA,2023,191,
PHILADELPHIA,2023,190,
PHILADELPHIA,2023,189,
PHILADELPHIA,2023,188,
PHILADELPHIA,2023,187,
PHILADELPHIA,2023,186,
PHILADELPHIA,2023,185,
PHILADELPHIA,2023,184,
PHILADELPHIA,2023,183,
PHILADELPHIA,2023,182,
PHILADELPHIA,2023,181,30.000000
PHILADELPHIA,2023,180,30.000000
PHILADELPHIA,2023,179,30.000000
PHILADELPHIA,2023,178,30.000000
PHILADELPHIA,2023,177,30.000000
PHILADELPHIA,2023,176,
PHILADELPHIA,2023,175,
PHILADELPHIA,2023,174,
PHILADELPHIA,2023,173,
PHILADELPHIA,2023,172,
PHILADELPHIA,2023,171,
PHILADELPHIA,2023,170,
PHILADELPHIA,2023,169,
PHILADELPHIA,2023,168,
PHILADELPHIA,2023,167,
PHILADELPHIA,2023,166,
PHILADELPHIA,2023,165,
PHILADELPHIA,2023,164,
PHILADELPHIA,2023,163,
PHILADELPHIA,2023,162,
PHILADELPHIA,2023,161,
PHILADELPHIA,2023,160,
PHILADELPHIA,2023,159,
PHILADELPHIA,2023,158,
PHILADELPHIA,2023,157,
PHILADELPHIA,2023,156,
PHILADELPHIA,2023,155,
PHILADELPHIA,2023,154,
PHILADELPHIA,2023,153,
PHILADELPHIA,2023,152,
PHILADELPHIA,2023,151,
PHILADELPHIA,2023,150,
PHILADELPHIA,2023,149,
PHILADELPHIA,2023,148,
PHILADELPHIA,2023,147,
PHILADELPHIA,2023,146,
PHILADELPHIA,2023,145,
PHILADELPHIA,2023,144,
PHILADELPHIA,2023,143,
PHILADELPHIA,2023,142,
PHILADELPHIA,2023,141,
PHILADELPHIA,2023,140,
PHILADELPHIA,2023,139,
PHILADELPHIA,2023,138,
PHILADELPHIA,2023,137,
PHILADELPHIA,2023,136,
PHILADELPHIA,2023,135,
PHILADELPHIA,2023,134,
PHILADELPHIA,2023,133,
PHILADELPHIA,2023,132,
PHILADELPHIA,2023,131,
PHILADELPHIA,2023,130,
PHILADELPHIA,2023,129,
PHILADELPHIA,2023,128,
PHILADELPHIA,2023,127,
PHILADELPHIA,2023,126,
PHILADELPHIA,2023,125,
PHILADELPHIA,2023,124,
PHILADELPHIA,2023,123,
PHILADELPHIA,2023,122,
PHILADELPHIA,2023,121,
PHILADELPHIA,2023,120,
PHILADELPHIA,2023,119,
PHILADELPHIA,2023,118,
PHILADELPHIA,2023,117,
PHILADELPHIA,2023,116,
PHILADELPHIA,2023,115,
PHILADELPHIA,2023,114,
PHILADELPHIA,2023,113,
PHILADELPHIA,2023,112,
PHILADELPHIA,2023,111,
PHILADELPHIA,2023,110,
PHILADELPHIA,2023,109,
PHILADELPHIA,2023,108,
PHILADELPHIA,2023,107,
PHILADELPHIA,2023,106,
PHILADELPHIA,2023,105,
PHILADELPHIA,2023,104,
PHILADELPHIA,2023,103,
PHILADELPHIA,2023,102,
PHILADELPHIA,2023,101,
PHILADELPHIA,2023,100,
PHILADELPHIA,2023,99,
PHILADELPHIA,2023,98,
PHILADELPHIA,2023,97,
PHILADELPHIA,2023,96,
PHILADELPHIA,2023,95,
PHILADELPHIA,2023,94,
PHILADELPHIA,2023,93,
PHILADELPHIA,2023,92,
PHILADELPHIA,2023,91,
PHILADELPHIA,2023,90,
PHILADELPHIA,2023,89,
PHILADELPHIA,2023,88,
PHILADELPHIA,2023,87,
PHILADELPHIA,2023,86,
PHILADELPHIA,2023,85,
PHILADELPHIA,2023,84,
PHILADELPHIA,2023,83,
PHILADELPHIA,2023,82,
PHILADELPHIA,2023,81,
PHILADELPHIA,2023,80,
PHILADELPHIA,2023,79,
PHILADELPHIA,2023,78,
PHILADELPHIA,2023,77,
PHILADELPHIA,2023,76,
PHILADELPHIA,2023,75,
PHILADELPHIA,2023,74,
PHILADELPHIA,2023,73,
PHILADELPHIA,2023,72,
PHILADELPHIA,2023,71,
PHILADELPHIA,2023,70,
PHILADELPHIA,2023,69,
PHILADELPHIA,2023,68,
PHILADELPHIA,2023,67,
PHILADELPHIA,2023,66,
PHILADELPHIA,2023,65,
PHILADELPHIA,2023,64,
PHILADELPHIA,2023,63,
PHILADELPHIA,2023,62,
PHILADELPHIA,2023,61,
PHILADELPHIA,2023,60,
PHILADELPHIA,2023,59,
PHILADELPHIA,2023,58,
PHILADELPHIA,2023,57,
PHILADELPHIA,2023,56,
PHILADELPHIA,2023,55,
PHILADELPHIA,2023,54,
PHILADELPHIA,2023,53,
PHILADELPHIA,2023,52,
PHILADELPHIA,2023,51,
PHILADELPHIA,2023,50,
PHILADELPHIA,2023,49,
PHILADELPHIA,2023,48,
PHILADELPHIA,2023,47,
PHILADELPHIA,2023,46,
PHILADELPHIA,2023,45,
PHILADELPHIA,2023,44,
PHILADELPHIA,2023,43,
PHILADELPHIA,2023,42,
PHILADELPHIA,2023,41,
PHILADELPHIA,2023,40,
PHILADELPHIA,2023,39,
PHILADELPHIA,2023,38,
PHILADELPHIA,2023,37,
PHILADELPHIA,2023,36,
PHILADELPHIA,2023,35,
PHILADELPHIA,2023,34,
PHILADELPHIA,2023,33,
PHILADELPHIA,2023,32,
PHILADELPHIA,2023,31,
PHILADELPHIA,2023,30,
PHILADELPHIA,2023,29,
PHILADELPHIA,2023,28,
PHILADELPHIA,2023,27,
PHILADELPHIA,2023,26,
PHILADELPHIA,2023,25,
PHILADELPHIA,2023,24,
PHILADELPHIA,2023,23,
PHILADELPHIA,2023,22,
PHILADELPHIA,2023,21,
PHILADELPHIA,2023,20,
PHILADELPHIA,2023,19,
PHILADELPHIA,2023,18,
PHILADELPHIA,2023,17,
PHILADELPHIA,2023,16,
PHILADELPHIA,2023,15,
PHILADELPHIA,2023,14,
PHILADELPHIA,2023,13,
PHILADELPHIA,2023,12,
PHILADELPHIA,2023,11,
PHILADELPHIA,2023,10,
PHILADELPHIA,2023,9,
PHILADELPHIA,2023,8,
PHILADELPHIA,2023,7,
PHILADELPHIA,2023,6,
PHILADELPHIA,2023,5,
PHILADELPHIA,2023,4,
PHILADELPHIA,2023,3,
PHILADELPHIA,2023,2,
BALTIMORE,2022,366,
BALTIMORE,2022,365,
BALTIMORE,2022,364,28.000000
BALTIMORE,2022,363,28.000000
BALTIMORE,2022,362,28.000000
BALTIMORE,2022,361,28.000000
BALTIMORE,2022,360,
BALTIMORE,2022,359,
BALTIMORE,2022,358,
BALTIMORE,2022,357,28.000000
BALTIMORE,2022,356,28.000000
BALTIMORE,2022,355,28.000000
BALTIMORE,2022,354,28.000000
BALTIMORE,2022,353,28.000000
BALTIMORE,2022,352,
BALTIMORE,2022,351,
BALTIMORE,2022,350,28.000000
BALTIMORE,2022,349,28.000000
BALTIMORE,2022,348,28.000000
BALTIMORE,2022,347,28.000000
BALTIMORE,2022,346,28.000000
BALTIMORE,2022,345,
BALTIMORE,2022,344,
BALTIMORE,2022,343,28.000000
BALTIMORE,2022,342,28.000000
BALTIMORE,2022,341,28.000000
BALTIMORE,2022,340,28.000000
BALTIMORE,2022,339,28.000000
BALTIMORE,2022,338,
BALTIMORE,2022,337,
BALTIMORE,2022,336,28.000000
BALTIMORE,2022,335,28.000000
BALTIMORE,2022,334,28.000000
BALTIMORE,2022,333,28.000000
BALTIMORE,2022,332,28.000000
BALTIMORE,2022,331,
BALTIMORE,2022,330,
BALTIMORE,2022,329,28.000000
BALTIMORE,2022,328,
BALTIMORE,2022,327,
BALTIMORE,2022,326,
BALTIMORE,2022,325,
BALTIMORE,2022,324,
BALTIMORE,2022,323,
BALTIMORE,2022,322,
BALTIMORE,2022,321,
BALTIMORE,2022,320,
BALTIMORE,2022,319,
BALTIMORE,2022,318,
BALTIMORE,2022,317,
BALTIMORE,2022,316,
BALTIMORE,2022,315,
BALTIMORE,2022,314,
BALTIMORE,2022,313,
BALTIMORE,2022,312,
BALTIMORE,2022,311,
BALTIMORE,2022,310,
BALTIMORE,2022,309,
BALTIMORE,2022,308,
BALTIMORE,2022,307,
BALTIMORE,2022,306,
BALTIMORE,2022,305,
BALTIMORE,2022,304,
BALTIMORE,2022,303,
BALTIMORE,2022,302,
BALTIMORE,2022,301,
BALTIMORE,2022,300,
BALTIMORE,2022,299,
BALTIMORE,2022,298,
BALTIMORE,2022,297,
BALTIMORE,2022,296,
BALTIMORE,2022,295,
BALTIMORE,2022,294,
BALTIMORE,2022,293,
BALTIMORE,2022,292,
BALTIMORE,2022,291,
BALTIMORE,2022,290,
BALTIMORE,2022,289,
BALTIMORE,2022,288,
BALTIMORE,2022,287,
BALTIMORE,2022,286,
BALTIMORE,2022,285,
BALTIMORE,2022,284,
BALTIMORE,2022,283,
BALTIMORE,2022,282,
BALTIMORE,2022,281,
BALTIMORE,2022,280,
BALTIMORE,2022,279,
BALTIMORE,2022,278,
BALTIMORE,2022,277,
BALTIMORE,2022,276,
BALTIMORE,2022,275,
BALTIMORE,2022,274,
BALTIMORE,2022,273,
BALTIMORE,2022,272,
BALTIMORE,2022,271,
BALTIMORE,2022,270,
BALTIMORE,2022,269,
BALTIMORE,2022,268,
BALTIMORE,2022,267,
BALTIMORE,2022,266,
BALTIMORE,2022,265,
BALTIMORE,2022,264,
BALTIMORE,2022,263,
BALTIMORE,2022,262,
BALTIMORE,2022,261,
BALTIMORE,2022,260,
BALTIMORE,2022,259,
BALTIMORE,2022,258,
BALTIMORE,2022,257,
BALTIMORE,2022,256,
BALTIMORE,2022,255,
BALTIMORE,2022,254,
BALTIMORE,2022,253,
BALTIMORE,2022,252,
BALTIMORE,2022,251,
BALTIMORE,2022,250,
BALTIMORE,2022,249,
BALTIMORE,2022,248,
BALTIMORE,2022,247,
BALTIMORE,2022,246,
BALTIMORE,2022,245,
BALTIMORE,2022,244,
BALTIMORE,2022,243,
BALTIMORE,2022,242,
BALTIMORE,2022,241,
BALTIMORE,2022,240,
BALTIMORE,2022,239,
BALTIMORE,2022,238,
BALTIMORE,2022,237,
BALTIMORE,2022,236,
BALTIMORE,2022,235,
BALTIMORE,2022,234,
BALTIMORE,2022,233,
BALTIMORE,2022,232,
BALTIMORE,2022,231,
BALTIMORE,2022,230,
BALTIMORE,2022,229,
BALTIMORE,2022,228,
BALTIMORE,2022,227,
BALTIMORE,2022,226,
BALTIMORE,2022,225,
BALTIMORE,2022,224,
BALTIMORE,2022,223,
BALTIMORE,2022,222,
BALTIMORE,2022,221,
BALTIMORE,2022,220,
BALTIMORE,2022,219,
BALTIMORE,2022,218,
BALTIMORE,2022,217,
BALTIMORE,2022,216,
BALTIMORE,2022,215,34.000000
BALTIMORE,2022,214,34.000000
BALTIMORE,2022,213,34.000000
BALTIMORE,2022,212,
BALTIMORE,2022,211,
BALTIMORE,2022,210,34.000000
BALTIMORE,2022,209,34.000000
BALTIMORE,2022,208,34.000000
BALTIMORE,2022,207,34.000000
BALTIMORE,2022,206,34.000000
BALTIMORE,2022,205,
BALTIMORE,2022,204,
BALTIMORE,2022,203,
BALTIMORE,2022,202,
BALTIMORE,2022,201,
BALTIMORE,2022,200,
BALTIMORE,2022,199,
BALTIMORE,2022,198,
BALTIMORE,2022,197,
BALTIMORE,2022,196,
BALTIMORE,2022,195,
BALTIMORE,2022,194,
BALTIMORE,2022,193,
BALTIMORE,2022,192,
BALTIMORE,2022,191,
BALTIMORE,2022,190,
BALTIMORE,2022,189,44.000000
BALTIMORE,2022,188,44.000000
BALTIMORE,2022,187,44.000000
BALTIMORE,2022,186,44.000000
BALTIMORE,2022,185,
BALTIMORE,2022,184,
BALTIMORE,2022,183,
BALTIMORE,2022,182,44.000000
BALTIMORE,2022,181,44.000000
BALTIMORE,2022,180,44.000000
BALTIMORE,2022,179,44.000000
BALTIMORE,2022,178,
BALTIMORE,2022,177,
BALTIMORE,2022,176,
BALTIMORE,2022,175,
BALTIMORE,2022,174,
BALTIMORE,2022,173,
BALTIMORE,2022,172,
BALTIMORE,2022,171,
BALTIMORE,2022,170,
BALTIMORE,2022,169,
BALTIMORE,2022,168,
BALTIMORE,2022,167,
BALTIMORE,2022,166,
BALTIMORE,2022,165,
BALTIMORE,2022,164,
BALTIMORE,2022,163,
BALTIMORE,2022,162,
BALTIMORE,2022,161,
BALTIMORE,2022,160,
BALTIMORE,2022,159,
BALTIMORE,2022,158,
BALTIMORE,2022,157,
BALTIMORE,2022,156,
BALTIMORE,2022,155,
BALTIMORE,2022,154,
BALTIMORE,2022,153,
BALTIMORE,2022,152,
BALTIMORE,2022,151,
BALTIMORE,2022,150,
BALTIMORE,2022,149,
BALTIMORE,2022,148,
BALTIMORE,2022,147,
BALTIMORE,2022,146,
BALTIMORE,2022,145,
BALTIMORE,2022,144,
BALTIMORE,2022,143,
BALTIMORE,2022,142,
BALTIMORE,2022,141,
BALTIMORE,2022,140,
BALTIMORE,2022,139,
BALTIMORE,2022,138,
BALTIMORE,2022,137,
BALTIMORE,2022,136,
BALTIMORE,2022,135,
BALTIMORE,2022,134,
BALTIMORE,2022,133,
BALTIMORE,2022,132,
BALTIMORE,2022,131,
BALTIMORE,2022,130,
BALTIMORE,2022,129,
BALTIMORE,2022,128,
BALTIMORE,2022,127,
BALTIMORE,2022,126,
BALTIMORE,2022,125,
BALTIMORE,2022,124,
BALTIMORE,2022,123,
BALTIMORE,2022,122,
BALTIMORE,2022,121,
BALTIMORE,2022,120,
BALTIMORE,2022,119,50.000000
BALTIMORE,2022,118,50.000000
BALTIMORE,2022,117,50.000000
BALTIMORE,2022,116,
BALTIMORE,2022,115,
BALTIMORE,2022,114,
BALTIMORE,2022,113,
BALTIMORE,2022,112,
BALTIMORE,2022,111,
BALTIMORE,2022,110,
BALTIMORE,2022,109,
BALTIMORE,2022,108,
BALTIMORE,2022,107,
BALTIMORE,2022,106,
BALTIMORE,2022,105,
BALTIMORE,2022,104,
BALTIMORE,2022,103,
BALTIMORE,2022,102,
BALTIMORE,2022,101,
BALTIMORE,2022,100,
BALTIMORE,2022,99,
BALTIMORE,2022,98,
BALTIMORE,2022,97,
BALTIMORE,2022,96,
BALTIMORE,2022,95,
BALTIMORE,2022,94,
BALTIMORE,2022,93,
BALTIMORE,2022,92,
BALTIMORE,2022,91,
BALTIMORE,2022,90,
BALTIMORE,2022,89,
BALTIMORE,2022,88,
BALTIMORE,2022,87,
BALTIMORE,2022,86,
BALTIMORE,2022,85,
BALTIMORE,2022,84,
BALTIMORE,2022,83,
BALTIMORE,2022,82,
BALTIMORE,2022,81,
BALTIMORE,2022,80,
BALTIMORE,2022,79,
BALTIMORE,2022,78,
BALTIMORE,2022,77,
BALTIMORE,2022,76,
BALTIMORE,2022,75,
BALTIMORE,2022,74,
BALTIMORE,2022,73,
BALTIMORE,2022,72,
BALTIMORE,2022,71,
BALTIMORE,2022,70,
BALTIMORE,2022,69,
BALTIMORE,2022,68,
BALTIMORE,2022,67,
BALTIMORE,2022,66,
BALTIMORE,2022,65,
BALTIMORE,2022,64,
BALTIMORE,2022,63,
BALTIMORE,2022,62,
BALTIMORE,2022,61,
BALTIMORE,2022,60,
BALTIMORE,2022,59,
BALTIMORE,2022,58,
BALTIMORE,2022,57,
BALTIMORE,2022,56,
BALTIMORE,2022,55,
BALTIMORE,2022,54,
BALTIMORE,2022,53,
BALTIMORE,2022,52,
BALTIMORE,2022,51,
BALTIMORE,2022,50,
BALTIMORE,2022,49,
BALTIMORE,2022,48,
BALTIMORE,2022,47,
BALTIMORE,2022,46,
BALTIMORE,2022,45,
BALTIMORE,2022,44,
BALTIMORE,2022,43,
BALTIMORE,2022,42,
BALTIMORE,2022,41,
BALTIMORE,2022,40,
BALTIMORE,2022,39,
BALTIMORE,2022,38,
BALTIMORE,2022,37,
BALTIMORE,2022,36,
BALTIMORE,2022,35,
BALTIMORE,2022,34,
BALTIMORE,2022,33,
BALTIMORE,2022,32,
BALTIMORE,2022,31,
BALTIMORE,2022,30,
BALTIMORE,2022,29,
BALTIMORE,2022,28,
BALTIMORE,2022,27,
BALTIMORE,2022,26,
BALTIMORE,2022,25,
BALTIMORE,2022,24,
BALTIMORE,2022,23,
BALTIMORE,2022,22,
BALTIMORE,2022,21,
BALTIMORE,2022,20,
BALTIMORE,2022,19,
BALTIMORE,2022,18,
BALTIMORE,2022,17,
BALTIMORE,2022,16,
BALTIMORE,2022,15,
BALTIMORE,2022,14,
BALTIMORE,2022,13,
BALTIMORE,2022,12,
BALTIMORE,2022,11,
BALTIMORE,2022,10,
BALTIMORE,2022,9,
BALTIMORE,2022,8,
BALTIMORE,2022,7,
BALTIMORE,2022,6,
BALTIMORE,2022,5,
BALTIMORE,2022,4,
BALTIMORE,2022,3,
BALTIMORE,2022,2,
BOSTON,2022,366,
BOSTON,2022,365,
BOSTON,2022,364,30.000000
BOSTON,2022,363,30.000000
BOSTON,2022,362,30.000000
BOSTON,2022,361,30.000000
BOSTON,2022,360,
BOSTON,2022,359,
BOSTON,2022,358,
BOSTON,2022,357,30.000000
BOSTON,2022,356,30.000000
BOSTON,2022,355,30.000000
BOSTON,2022,354,30.000000
BOSTON,2022,353,30.000000
BOSTON,2022,352,
BOSTON,2022,351,
BOSTON,2022,350,30.000000
BOSTON,2022,349,30.000000
BOSTON,2022,348,30.000000
BOSTON,2022,347,30.000000
BOSTON,2022,346,30.000000
BOSTON,2022,345,
BOSTON,2022,344,
BOSTON,2022,343,30.000000
BOSTON,2022,342,30.000000
BOSTON,2022,341,30.000000
BOSTON,2022,340,30.000000
BOSTON,2022,339,30.000000
BOSTON,2022,338,
BOSTON,2022,337,
BOSTON,2022,336,30.000000
BOSTON,2022,335,30.000000
BOSTON,2022,334,30.000000
BOSTON,2022,333,30.000000
BOSTON,2022,332,30.000000
BOSTON,2022,331,
BOSTON,2022,330,
BOSTON,2022,329,30.000000
BOSTON,2022,328,
BOSTON,2022,327,30.000000
BOSTON,2022,326,30.000000
BOSTON,2022,325,30.000000
BOSTON,2022,324,
BOSTON,2022,323,
BOSTON,2022,322,30.000000
BOSTON,2022,321,30.000000
BOSTON,2022,320,30.000000
BOSTON,2022,319,30.000000
BOSTON,2022,318,30.000000
BOSTON,2022,317,
BOSTON,2022,316,
BOSTON,2022,315,
BOSTON,2022,314,30.000000
BOSTON,2022,313,30.000000
BOSTON,2022,312,30.000000
BOSTON,2022,311,30.000000
BOSTON,2022,310,
BOSTON,2022,309,
BOSTON,2022,308,30.000000
BOSTON,2022,307,30.000000
BOSTON,2022,306,30.000000
BOSTON,2022,305,30.000000
BOSTON,2022,304,30.000000
BOSTON,2022,303,
BOSTON,2022,302,
BOSTON,2022,301,30.000000
BOSTON,2022,300,30.000000
BOSTON,2022,299,30.000000
BOSTON,2022,298,26.000000
BOSTON,2022,297,26.000000
BOSTON,2022,296,
BOSTON,2022,295,
BOSTON,2022,294,26.000000
BOSTON,2022,293,26.000000
BOSTON,2022,292,26.000000
BOSTON,2022,291,26.000000
BOSTON,2022,290,26.000000
BOSTON,2022,289,
BOSTON,2022,288,
BOSTON,2022,287,26.000000
BOSTON,2022,286,26.000000
BOSTON,2022,285,26.000000
BOSTON,2022,284,26.000000
BOSTON,2022,283,
BOSTON,2022,282,
BOSTON,2022,281,
BOSTON,2022,280,26.000000
BOSTON,2022,279,26.000000
BOSTON,2022,278,26.000000
BOSTON,2022,277,26.000000
BOSTON,2022,276,26.000000
BOSTON,2022,275,
BOSTON,2022,274,
BOSTON,2022,273,26.000000
BOSTON,2022,272,26.000000
BOSTON,2022,271,26.000000
BOSTON,2022,270,26.000000
BOSTON,2022,269,30.000000
BOSTON,2022,268,
BOSTON,2022,267,
BOSTON,2022,266,30.000000
BOSTON,2022,265,30.000000
BOSTON,2022,264,30.000000
BOSTON,2022,263,30.000000
BOSTON,2022,262,30.000000
BOSTON,2022,261,
BOSTON,2022,260,
BOSTON,2022,259,30.000000
BOSTON,2022,258,30.000000
BOSTON,2022,257,30.000000
BOSTON,2022,256,30.000000
BOSTON,2022,255,30.000000
BOSTON,2022,254,
BOSTON,2022,253,
BOSTON,2022,252,30.000000
BOSTON,2022,251,30.000000
BOSTON,2022,250,30.000000
BOSTON,2022,249,30.000000
BOSTON,2022,248,
BOSTON,2022,247,
BOSTON,2022,246,
BOSTON,2022,245,30.000000
BOSTON,2022,244,30.000000
BOSTON,2022,243,30.000000
BOSTON,2022,242,30.000000
BOSTON,2022,241,30.000000
BOSTON,2022,240,
BOSTON,2022,239,
BOSTON,2022,238,30.000000
BOSTON,2022,237,30.000000
BOSTON,2022,236,30.000000
BOSTON,2022,235,30.000000
BOSTON,2022,234,30.000000
BOSTON,2022,233,
BOSTON,2022,232,
BOSTON,2022,231,30.000000
BOSTON,2022,230,30.000000
BOSTON,2022,229,30.000000
BOSTON,2022,228,30.000000
BOSTON,2022,227,30.000000
BOSTON,2022,226,
BOSTON,2022,225,
BOSTON,2022,224,30.000000
BOSTON,2022,223,30.000000
BOSTON,2022,222,30.000000
BOSTON,2022,221,30.000000
BOSTON,2022,220,30.000000
BOSTON,2022,219,
BOSTON,2022,218,
BOSTON,2022,217,
BOSTON,2022,216,
BOSTON,2022,215,
BOSTON,2022,214,
BOSTON,2022,213,
BOSTON,2022,212,
BOSTON,2022,211,
BOSTON,2022,210,
BOSTON,2022,209,
BOSTON,2022,208,
BOSTON,2022,207,
BOSTON,2022,206,
BOSTON,2022,205,
BOSTON,2022,204,
BOSTON,2022,203,
BOSTON,2022,202,
BOSTON,2022,201,
BOSTON,2022,200,
BOSTON,2022,199,
BOSTON,2022,198,
BOSTON,2022,197,
BOSTON,2022,196,
BOSTON,2022,195,
BOSTON,2022,194,
BOSTON,2022,193,
BOSTON,2022,192,
BOSTON,2022,191,
BOSTON,2022,190,
BOSTON,2022,189,
BOSTON,2022,188,
BOSTON,2022,187,
BOSTON,2022,186,
BOSTON,2022,185,
BOSTON,2022,184,
BOSTON,2022,183,
BOSTON,2022,182,
BOSTON,2022,181,
BOSTON,2022,180,
BOSTON,2022,179,
BOSTON,2022,178,
BOSTON,2022,177,
BOSTON,2022,176,
BOSTON,2022,175,
BOSTON,2022,174,
BOSTON,2022,173,
BOSTON,2022,172,
BOSTON,2022,171,
BOSTON,2022,170,
BOSTON,2022,169,
BOSTON,2022,168,
BOSTON,2022,167,
BOSTON,2022,166,
BOSTON,2022,165,
BOSTON,2022,164,
BOSTON,2022,163,
BOSTON,2022,162,
BOSTON,2022,161,
BOSTON,2022,160,
BOSTON,2022,159,
BOSTON,2022,158,
BOSTON,2022,157,
BOSTON,2022,156,
BOSTON,2022,155,
BOSTON,2022,154,
BOSTON,2022,153,
BOSTON,2022,152,
BOSTON,2022,151,
BOSTON,2022,150,
BOSTON,2022,149,
BOSTON,2022,148,
BOSTON,2022,147,
BOSTON,2022,146,
BOSTON,2022,145,
BOSTON,2022,144,
BOSTON,2022,143,
BOSTON,2022,142,
BOSTON,2022,141,
BOSTON,2022,140,
BOSTON,2022,139,
BOSTON,2022,138,
BOSTON,2022,137,
BOSTON,2022,136,
BOSTON,2022,135,
BOSTON,2022,134,
BOSTON,2022,133,
BOSTON,2022,132,
BOSTON,2022,131,
BOSTON,2022,130,
BOSTON,2022,129,
BOSTON,2022,128,
BOSTON,2022,127,
BOSTON,2022,126,
BOSTON,2022,125,
BOSTON,2022,124,
BOSTON,2022,123,
BOSTON,2022,122,
BOSTON,2022,121,
BOSTON,2022,120,
BOSTON,2022,119,
BOSTON,2022,118,
BOSTON,2022,117,
BOSTON,2022,116,
BOSTON,2022,115,
BOSTON,2022,114,
BOSTON,2022,113,
BOSTON,2022,112,
BOSTON,2022,111,
BOSTON,2022,110,
BOSTON,2022,109,
BOSTON,2022,108,
BOSTON,2022,107,
BOSTON,2022,106,
BOSTON,2022,105,
BOSTON,2022,104,
BOSTON,2022,103,
BOSTON,2022,102,
BOSTON,2022,101,
BOSTON,2022,100,
BOSTON,2022,99,
BOSTON,2022,98,
BOSTON,2022,97,
BOSTON,2022,96,
BOSTON,2022,95,
BOSTON,2022,94,
BOSTON,2022,93,
BOSTON,2022,92,
BOSTON,2022,91,
BOSTON,2022,90,
BOSTON,2022,89,
BOSTON,2022,88,
BOSTON,2022,87,
BOSTON,2022,86,
BOSTON,2022,85,
BOSTON,2022,84,
BOSTON,2022,83,
BOSTON,2022,82,
BOSTON,2022,81,
BOSTON,2022,80,
BOSTON,2022,79,
BOSTON,2022,78,
BOSTON,2022,77,
BOSTON,2022,76,
BOSTON,2022,75,
BOSTON,2022,74,
BOSTON,2022,73,
BOSTON,2022,72,
BOSTON,2022,71,
BOSTON,2022,70,
BOSTON,2022,69,
BOSTON,2022,68,
BOSTON,2022,67,
BOSTON,2022,66,
BOSTON,2022,65,
BOSTON,2022,64,
BOSTON,2022,63,
BOSTON,2022,62,
BOSTON,2022,61,
BOSTON,2022,60,
BOSTON,2022,59,
BOSTON,2022,58,
BOSTON,2022,57,
BOSTON,2022,56,
BOSTON,2022,55,
BOSTON,2022,54,
BOSTON,2022,53,
BOSTON,2022,52,
BOSTON,2022,51,
BOSTON,2022,50,
BOSTON,2022,49,
BOSTON,2022,48,
BOSTON,2022,47,
BOSTON,2022,46,
BOSTON,2022,45,
BOSTON,2022,44,
BOSTON,2022,43,
BOSTON,2022,42,
BOSTON,2022,41,
BOSTON,2022,40,
BOSTON,2022,39,
BOSTON,2022,38,
BOSTON,2022,37,
BOSTON,2022,36,
BOSTON,2022,35,
BOSTON,2022,34,
BOSTON,2022,33,
BOSTON,2022,32,
BOSTON,2022,31,
BOSTON,2022,30,
BOSTON,2022,29,
BOSTON,2022,28,
BOSTON,2022,27,
BOSTON,2022,26,
BOSTON,2022,25,27.000000
BOSTON,2022,24,27.000000
BOSTON,2022,23,
BOSTON,2022,22,
BOSTON,2022,21,27.000000
BOSTON,2022,20,27.000000
BOSTON,2022,19,27.000000
BOSTON,2022,18,27.000000
BOSTON,2022,17,
BOSTON,2022,16,
BOSTON,2022,15,
BOSTON,2022,14,27.000000
BOSTON,2022,13,27.000000
BOSTON,2022,12,27.000000
BOSTON,2022,11,27.000000
BOSTON,2022,10,27.000000
BOSTON,2022,9,
BOSTON,2022,8,
BOSTON,2022,7,27.000000
BOSTON,2022,6,27.000000
BOSTON,2022,5,27.000000
BOSTON,2022,4,27.000000
BOSTON,2022,3,27.000000
BOSTON,2022,2,
CHICAGO,2022,366,
CHICAGO,2022,365,
CHICAGO,2022,364,32.500000
CHICAGO,2022,363,32.500000
CHICAGO,2022,362,32.500000
CHICAGO,2022,361,32.500000
CHICAGO,2022,360,
CHICAGO,2022,359,
CHICAGO,2022,358,
CHICAGO,2022,357,32.500000
CHICAGO,2022,356,32.500000
CHICAGO,2022,355,32.500000
CHICAGO,2022,354,32.500000
CHICAGO,2022,353,32.500000
CHICAGO,2022,352,
CHICAGO,2022,351,
CHICAGO,2022,350,32.500000
CHICAGO,2022,349,32.500000
CHICAGO,2022,348,32.500000
CHICAGO,2022,347,32.500000
CHICAGO,2022,346,32.500000
CHICAGO,2022,345,
CHICAGO,2022,344,
CHICAGO,2022,343,32.500000
CHICAGO,2022,342,32.500000
CHICAGO,2022,341,32.500000
CHICAGO,2022,340,32.500000
CHICAGO,2022,339,32.500000
CHICAGO,2022,338,
CHICAGO,2022,337,
CHICAGO,2022,336,32.500000
CHICAGO,2022,335,32.500000
CHICAGO,2022,334,32.500000
CHICAGO,2022,333,32.500000
CHICAGO,2022,332,32.500000
CHICAGO,2022,331,
CHICAGO,2022,330,
CHICAGO,2022,329,
CHICAGO,2022,328,
CHICAGO,2022,327,32.500000
CHICAGO,2022,326,32.500000
CHICAGO,2022,325,32.500000
CHICAGO,2022,324,
CHICAGO,2022,323,
CHICAGO,2022,322,32.500000
CHICAGO,2022,321,32.500000
CHICAGO,2022,320,32.500000
CHICAGO,2022,319,32.500000
CHICAGO,2022,318,32.500000
CHICAGO,2022,317,
CHICAGO,2022,316,
CHICAGO,2022,315,
CHICAGO,2022,314,32.500000
CHICAGO,2022,313,32.500000
CHICAGO,2022,312,32.500000
CHICAGO,2022,311,32.500000
CHICAGO,2022,310,
CHICAGO,2022,309,
CHICAGO,2022,308,32.500000
CHICAGO,2022,307,32.500000
CHICAGO,2022,306,32.500000
CHICAGO,2022,305,32.500000
CHICAGO,2022,304,32.500000
CHICAGO,2022,303,
CHICAGO,2022,302,
CHICAGO,2022,301,32.500000
CHICAGO,2022,300,32.500000
CHICAGO,2022,299,38.500000
CHICAGO,2022,298,38.500000
CHICAGO,2022,297,38.500000
CHICAGO,2022,296,
CHICAGO,2022,295,
CHICAGO,2022,294,38.500000
CHICAGO,2022,293,38.500000
CHICAGO,2022,292,38.500000
CHICAGO,2022,291,38.500000
CHICAGO,2022,290,38.500000
CHICAGO,2022,289,
CHICAGO,2022,288,
CHICAGO,2022,287,38.500000
CHICAGO,2022,286,38.500000
CHICAGO,2022,285,38.500000
CHICAGO,2022,284,38.500000
CHICAGO,2022,283,
CHICAGO,2022,282,
CHICAGO,2022,281,
CHICAGO,2022,280,38.500000
CHICAGO,2022,279,38.500000
CHICAGO,2022,278,38.500000
CHICAGO,2022,277,38.500000
CHICAGO,2022,276,38.500000
CHICAGO,2022,275,
CHICAGO,2022,274,
CHICAGO,2022,273,38.500000
CHICAGO,2022,272,38.500000
CHICAGO,2022,271,38.500000
CHICAGO,2022,270,38.500000
CHICAGO,2022,269,38.500000
CHICAGO,2022,268,
CHICAGO,2022,267,
CHICAGO,2022,266,38.500000
CHICAGO,2022,265,38.500000
CHICAGO,2022,264,38.500000
CHICAGO,2022,263,38.500000
CHICAGO,2022,262,38.500000
CHICAGO,2022,261,
CHICAGO,2022,260,
CHICAGO,2022,259,38.500000
CHICAGO,2022,258,38.500000
CHICAGO,2022,257,38.500000
CHICAGO,2022,256,38.500000
CHICAGO,2022,255,38.500000
CHICAGO,2022,254,
CHICAGO,2022,253,
CHICAGO,2022,252,38.500000
CHICAGO,2022,251,38.500000
CHICAGO,2022,250,38.500000
CHICAGO,2022,249,38.500000
CHICAGO,2022,248,
CHICAGO,2022,247,
CHICAGO,2022,246,
CHICAGO,2022,245,38.500000
CHICAGO,2022,244,38.500000
CHICAGO,2022,243,38.500000
CHICAGO,2022,242,38.500000
CHICAGO,2022,241,38.500000
CHICAGO,2022,240,
CHICAGO,2022,239,
CHICAGO,2022,238,38.500000
CHICAGO,2022,237,38.500000
CHICAGO,2022,236,38.500000
CHICAGO,2022,235,38.500000
CHICAGO,2022,234,38.500000
CHICAGO,2022,233,
CHICAGO,2022,232,
CHICAGO,2022,231,38.500000
CHICAGO,2022,230,38.500000
CHICAGO,2022,229,38.500000
CHICAGO,2022,228,38.500000
CHICAGO,2022,227,38.500000
CHICAGO,2022,226,
CHICAGO,2022,225,
CHICAGO,2022,224,38.500000
CHICAGO,2022,223,38.500000
CHICAGO,2022,222,38.500000
CHICAGO,2022,221,38.500000
CHICAGO,2022,220,38.500000
CHICAGO,2022,219,
CHICAGO,2022,218,
CHICAGO,2022,217,36.000000
CHICAGO,2022,216,36.000000
CHICAGO,2022,215,36.000000
CHICAGO,2022,214,36.000000
CHICAGO,2022,213,39.500000
CHICAGO,2022,212,
CHICAGO,2022,211,
CHICAGO,2022,210,39.500000
CHICAGO,2022,209,39.500000
CHICAGO,2022,208,39.500000
CHICAGO,2022,207,39.500000
CHICAGO,2022,206,38.500000
CHICAGO,2022,205,
CHICAGO,2022,204,
CHICAGO,2022,203,38.500000
CHICAGO,2022,202,38.500000
CHICAGO,2022,201,38.500000
CHICAGO,2022,200,38.500000
CHICAGO,2022,199,38.500000
CHICAGO,2022,198,
CHICAGO,2022,197,
CHICAGO,2022,196,38.500000
CHICAGO,2022,195,38.500000
CHICAGO,2022,194,38.500000
CHICAGO,2022,193,38.500000
CHICAGO,2022,192,38.500000
CHICAGO,2022,191,
CHICAGO,2022,190,
CHICAGO,2022,189,38.500000
CHICAGO,2022,188,38.500000
CHICAGO,2022,187,38.500000
CHICAGO,2022,186,38.500000
CHICAGO,2022,185,
CHICAGO,2022,184,
CHICAGO,2022,183,
CHICAGO,2022,182,38.500000
CHICAGO,2022,181,38.500000
CHICAGO,2022,180,38.500000
CHICAGO,2022,179,38.500000
CHICAGO,2022,178,38.500000
CHICAGO,2022,177,
CHICAGO,2022,176,
CHICAGO,2022,175,38.500000
CHICAGO,2022,174,38.500000
CHICAGO,2022,173,38.500000
CHICAGO,2022,172,38.500000
CHICAGO,2022,171,
CHICAGO,2022,170,
CHICAGO,2022,169,
CHICAGO,2022,168,38.500000
CHICAGO,2022,167,38.500000
CHICAGO,2022,166,38.500000
CHICAGO,2022,165,38.500000
CHICAGO,2022,164,38.500000
CHICAGO,2022,163,
CHICAGO,2022,162,
CHICAGO,2022,161,38.500000
CHICAGO,2022,160,38.500000
CHICAGO,2022,159,38.500000
CHICAGO,2022,158,35.000000
CHICAGO,2022,157,35.000000
CHICAGO,2022,156,
CHICAGO,2022,155,
CHICAGO,2022,154,35.000000
CHICAGO,2022,153,35.000000
CHICAGO,2022,152,35.000000
CHICAGO,2022,151,35.000000
CHICAGO,2022,150,
CHICAGO,2022,149,
CHICAGO,2022,148,
CHICAGO,2022,147,35.000000
CHICAGO,2022,146,35.000000
CHICAGO,2022,145,35.000000
CHICAGO,2022,144,35.000000
CHICAGO,2022,143,35.000000
CHICAGO,2022,142,
CHICAGO,2022,141,
CHICAGO,2022,140,35.000000
CHICAGO,2022,139,35.000000
CHICAGO,2022,138,35.000000
CHICAGO,2022,137,35.000000
CHICAGO,2022,136,35.000000
CHICAGO,2022,135,
CHICAGO,2022,134,
CHICAGO,2022,133,35.000000
CHICAGO,2022,132,35.000000
CHICAGO,2022,131,35.000000
CHICAGO,2022,130,35.000000
CHICAGO,2022,129,35.000000
CHICAGO,2022,128,
CHICAGO,2022,127,
CHICAGO,2022,126,35.000000
CHICAGO,2022,125,35.000000
CHICAGO,2022,124,35.000000
CHICAGO,2022,123,35.000000
CHICAGO,2022,122,35.000000
CHICAGO,2022,121,
CHICAGO,2022,120,
CHICAGO,2022,119,35.000000
CHICAGO,2022,118,35.000000
CHICAGO,2022,117,35.000000
CHICAGO,2022,116,35.000000
CHICAGO,2022,115,31.500000
CHICAGO,2022,114,
CHICAGO,2022,113,
CHICAGO,2022,112,31.500000
CHICAGO,2022,111,31.500000
CHICAGO,2022,110,31.500000
CHICAGO,2022,109,31.500000
CHICAGO,2022,108,31.500000
CHICAGO,2022,107,
CHICAGO,2022,106,
CHICAGO,2022,105,31.500000
CHICAGO,2022,104,31.500000
CHICAGO,2022,103,31.500000
CHICAGO,2022,102,31.500000
CHICAGO,2022,101,31.500000
CHICAGO,2022,100,
CHICAGO,2022,99,
CHICAGO,2022,98,31.500000
CHICAGO,2022,97,31.500000
CHICAGO,2022,96,31.500000
CHICAGO,2022,95,29.500000
CHICAGO,2022,94,29.500000
CHICAGO,2022,93,
CHICAGO,2022,92,
CHICAGO,2022,91,29.500000
CHICAGO,2022,90,29.500000
CHICAGO,2022,89,29.500000
CHICAGO,2022,88,29.500000
CHICAGO,2022,87,29.500000
CHICAGO,2022,86,
CHICAGO,2022,85,
CHICAGO,2022,84,29.500000
CHICAGO,2022,83,31.500000
CHICAGO,2022,82,31.500000
CHICAGO,2022,81,31.500000
CHICAGO,2022,80,31.500000
CHICAGO,2022,79,
CHICAGO,2022,78,
CHICAGO,2022,77,31.500000
CHICAGO,2022,76,31.500000
CHICAGO,2022,75,31.500000
CHICAGO,2022,74,31.500000
CHICAGO,2022,73,31.500000
CHICAGO,2022,72,
CHICAGO,2022,71,
CHICAGO,2022,70,31.500000
CHICAGO,2022,69,31.500000
CHICAGO,2022,68,31.500000
CHICAGO,2022,67,31.500000
CHICAGO,2022,66,31.500000
CHICAGO,2022,65,
CHICAGO,2022,64,
CHICAGO,2022,63,31.500000
CHICAGO,2022,62,28.500000
CHICAGO,2022,61,28.500000
CHICAGO,2022,60,28.500000
CHICAGO,2022,59,28.500000
CHICAGO,2022,58,
CHICAGO,2022,57,
CHICAGO,2022,56,28.500000
CHICAGO,2022,55,28.500000
CHICAGO,2022,54,28.500000
CHICAGO,2022,53,28.500000
CHICAGO,2022,52,
CHICAGO,2022,51,
CHICAGO,2022,50,
CHICAGO,2022,49,28.500000
CHICAGO,2022,48,25.000000
CHICAGO,2022,47,25.000000
CHICAGO,2022,46,25.000000
CHICAGO,2022,45,25.000000
CHICAGO,2022,44,
CHICAGO,2022,43,
CHICAGO,2022,42,25.000000
CHICAGO,2022,41,25.000000
CHICAGO,2022,40,25.000000
CHICAGO,2022,39,25.000000
CHICAGO,2022,38,25.000000
CHICAGO,2022,37,
CHICAGO,2022,36,
CHICAGO,2022,35,25.000000
CHICAGO,2022,34,25.000000
CHICAGO,2022,33,25.000000
CHICAGO,2022,32,25.000000
CHICAGO,2022,31,25.000000
CHICAGO,2022,30,
CHICAGO,2022,29,
CHICAGO,2022,28,25.000000
CHICAGO,2022,27,30.000000
CHICAGO,2022,26,30.000000
CHICAGO,2022,25,30.000000
CHICAGO,2022,24,30.000000
CHICAGO,2022,23,
CHICAGO,2022,22,
CHICAGO,2022,21,30.000000
CHICAGO,2022,20,29.500000
CHICAGO,2022,19,29.500000
CHICAGO,2022,18,29.500000
CHICAGO,2022,17,
CHICAGO,2022,16,
CHICAGO,2022,15,
CHICAGO,2022,14,29.500000
CHICAGO,2022,13,29.500000
CHICAGO,2022,12,29.500000
CHICAGO,2022,11,29.500000
CHICAGO,2022,10,29.500000
CHICAGO,2022,9,
CHICAGO,2022,8,
CHICAGO,2022,7,29.500000
CHICAGO,2022,6,29.500000
CHICAGO,2022,5,29.500000
CHICAGO,2022,4,29.500000
CHICAGO,2022,3,29.500000
CHICAGO,2022,2,
LOS ANGELES,2022,366,
LOS ANGELES,2022,365,
LOS ANGELES,2022,364,49.500000
LOS ANGELES,2022,363,49.500000
LOS ANGELES,2022,362,49.500000
LOS ANGELES,2022,361,49.500000
LOS ANGELES,2022,360,
LOS ANGELES,2022,359,
LOS ANGELES,2022,358,
LOS ANGELES,2022,357,49.500000
LOS ANGELES,2022,356,49.500000
LOS ANGELES,2022,355,49.500000
LOS ANGELES,2022,354,49.500000
LOS ANGELES,2022,353,49.500000
LOS ANGELES,2022,352,
LOS ANGELES,2022,351,
LOS ANGELES,2022,350,49.500000
LOS ANGELES,2022,349,49.500000
LOS ANGELES,2022,348,49.500000
LOS ANGELES,2022,347,49.500000
LOS ANGELES,2022,346,49.500000
LOS ANGELES,2022,345,
LOS ANGELES,2022,344,
LOS ANGELES,2022,343,49.500000
LOS ANGELES,2022,342,49.500000
LOS ANGELES,2022,341,49.500000
LOS ANGELES,2022,340,49.500000
LOS ANGELES,2022,339,49.500000
LOS ANGELES,2022,338,
LOS ANGELES,2022,337,
LOS ANGELES,2022,336,49.500000
LOS ANGELES,2022,335,49.500000
LOS ANGELES,2022,334,49.500000
LOS ANGELES,2022,333,49.500000
LOS ANGELES,2022,332,49.500000
LOS ANGELES,2022,331,
LOS ANGELES,2022,330,
LOS ANGELES,2022,329,49.500000
LOS ANGELES,2022,328,
LOS ANGELES,2022,327,49.500000
LOS ANGELES,2022,326,49.500000
LOS ANGELES,2022,325,49.000000
LOS ANGELES,2022,324,
LOS ANGELES,2022,323,
LOS ANGELES,2022,322,49.000000
LOS ANGELES,2022,321,41.500000
LOS ANGELES,2022,320,41.500000
LOS ANGELES,2022,319,41.500000
LOS ANGELES,2022,318,41.500000
LOS ANGELES,2022,317,
LOS ANGELES,2022,316,
LOS ANGELES,2022,315,
LOS ANGELES,2022,314,55.000000
LOS ANGELES,2022,313,55.000000
LOS ANGELES,2022,312,55.000000
LOS ANGELES,2022,311,55.000000
LOS ANGELES,2022,310,
LOS ANGELES,2022,309,
LOS ANGELES,2022,308,55.000000
LOS ANGELES,2022,307,55.000000
LOS ANGELES,2022,306,55.000000
LOS ANGELES,2022,305,55.000000
LOS ANGELES,2022,304,55.000000
LOS ANGELES,2022,303,
LOS ANGELES,2022,302,
LOS ANGELES,2022,301,55.000000
LOS ANGELES,2022,300,55.000000
LOS ANGELES,2022,299,55.000000
LOS ANGELES,2022,298,55.000000
LOS ANGELES,2022,297,55.000000
LOS ANGELES,2022,296,
LOS ANGELES,2022,295,
LOS ANGELES,2022,294,55.000000
LOS ANGELES,2022,293,55.000000
LOS ANGELES,2022,292,55.000000
LOS ANGELES,2022,291,55.000000
LOS ANGELES,2022,290,55.000000
LOS ANGELES,2022,289,
LOS ANGELES,2022,288,
LOS ANGELES,2022,287,55.000000
LOS ANGELES,2022,286,55.000000
LOS ANGELES,2022,285,55.000000
LOS ANGELES,2022,284,55.000000
LOS ANGELES,2022,283,
LOS ANGELES,2022,282,
LOS ANGELES,2022,281,
LOS ANGELES,2022,280,55.000000
LOS ANGELES,2022,279,55.000000
LOS ANGELES,2022,278,55.000000
LOS ANGELES,2022,277,55.000000
LOS ANGELES,2022,276,55.000000
LOS ANGELES,2022,275,
LOS ANGELES,2022,274,
LOS ANGELES,2022,273,55.000000
LOS ANGELES,2022,272,55.000000
LOS ANGELES,2022,271,55.000000
LOS ANGELES,2022,270,55.000000
LOS ANGELES,2022,269,55.000000
LOS ANGELES,2022,268,
LOS ANGELES,2022,267,
LOS ANGELES,2022,266,55.000000
LOS ANGELES,2022,265,55.000000
LOS ANGELES,2022,264,55.000000
LOS ANGELES,2022,263,55.000000
LOS ANGELES,2022,262,55.000000
LOS ANGELES,2022,261,
LOS ANGELES,2022,260,
LOS ANGELES,2022,259,55.000000
LOS ANGELES,2022,258,55.000000
LOS ANGELES,2022,257,55.000000
LOS ANGELES,2022,256,55.000000
LOS ANGELES,2022,255,55.000000
LOS ANGELES,2022,254,
LOS ANGELES,2022,253,
LOS ANGELES,2022,252,55.000000
LOS ANGELES,2022,251,55.000000
LOS ANGELES,2022,250,55.000000
LOS ANGELES,2022,249,55.000000
LOS ANGELES,2022,248,
LOS ANGELES,2022,247,
LOS ANGELES,2022,246,
LOS ANGELES,2022,245,55.000000
LOS ANGELES,2022,244,55.000000
LOS ANGELES,2022,243,55.000000
LOS ANGELES,2022,242,55.000000
LOS ANGELES,2022,241,55.000000
LOS ANGELES,2022,240,
LOS ANGELES,2022,239,
LOS ANGELES,2022,238,55.000000
LOS ANGELES,2022,237,55.000000
LOS ANGELES,2022,236,55.000000
LOS ANGELES,2022,235,55.000000
LOS ANGELES,2022,234,55.000000
LOS ANGELES,2022,233,
LOS ANGELES,2022,232,
LOS ANGELES,2022,231,55.000000
LOS ANGELES,2022,230,55.000000
LOS ANGELES,2022,229,55.000000
LOS ANGELES,2022,228,55.000000
LOS ANGELES,2022,227,55.000000
LOS ANGELES,2022,226,
LOS ANGELES,2022,225,
LOS ANGELES,2022,224,55.000000
LOS ANGELES,2022,223,55.000000
LOS ANGELES,2022,222,55.000000
LOS ANGELES,2022,221,55.000000
LOS ANGELES,2022,220,55.000000
LOS ANGELES,2022,219,
LOS ANGELES,2022,218,
LOS ANGELES,2022,217,55.000000
LOS ANGELES,2022,216,55.000000
LOS ANGELES,2022,215,55.000000
LOS ANGELES,2022,214,55.000000
LOS ANGELES,2022,213,55.000000
LOS ANGELES,2022,212,
LOS ANGELES,2022,211,
LOS ANGELES,2022,210,55.000000
LOS ANGELES,2022,209,55.000000
LOS ANGELES,2022,208,55.000000
LOS ANGELES,2022,207,55.000000
LOS ANGELES,2022,206,55.000000
LOS ANGELES,2022,205,
LOS ANGELES,2022,204,
LOS ANGELES,2022,203,55.000000
LOS ANGELES,2022,202,55.000000
LOS ANGELES,2022,201,55.000000
LOS ANGELES,2022,200,55.000000
LOS ANGELES,2022,199,55.000000
LOS ANGELES,2022,198,
LOS ANGELES,2022,197,
LOS ANGELES,2022,196,55.000000
LOS ANGELES,2022,195,55.000000
LOS ANGELES,2022,194,55.000000
LOS ANGELES,2022,193,55.000000
LOS ANGELES,2022,192,55.000000
LOS ANGELES,2022,191,
LOS ANGELES,2022,190,
LOS ANGELES,2022,189,55.000000
LOS ANGELES,2022,188,55.000000
LOS ANGELES,2022,187,55.000000
LOS ANGELES,2022,186,55.000000
LOS ANGELES,2022,185,
LOS ANGELES,2022,184,
LOS ANGELES,2022,183,
LOS ANGELES,2022,182,55.000000
LOS ANGELES,2022,181,55.000000
LOS ANGELES,2022,180,55.000000
LOS ANGELES,2022,179,55.000000
LOS ANGELES,2022,178,55.000000
LOS ANGELES,2022,177,
LOS ANGELES,2022,176,
LOS ANGELES,2022,175,55.000000
LOS ANGELES,2022,174,55.000000
LOS ANGELES,2022,173,55.000000
LOS ANGELES,2022,172,55.000000
LOS ANGELES,2022,171,
LOS ANGELES,2022,170,
LOS ANGELES,2022,169,
LOS ANGELES,2022,168,55.000000
LOS ANGELES,2022,167,55.000000
LOS ANGELES,2022,166,55.000000
LOS ANGELES,2022,165,43.666666
LOS ANGELES,2022,164,43.666666
LOS ANGELES,2022,163,
LOS ANGELES,2022,162,
LOS ANGELES,2022,161,43.666666
LOS ANGELES,2022,160,43.666666
LOS ANGELES,2022,159,43.666666
LOS ANGELES,2022,158,43.666666
LOS ANGELES,2022,157,43.666666
LOS ANGELES,2022,156,
LOS ANGELES,2022,155,
LOS ANGELES,2022,154,43.666666
LOS ANGELES,2022,153,43.666666
LOS ANGELES,2022,152,43.666666
LOS ANGELES,2022,151,43.666666
LOS ANGELES,2022,150,
LOS ANGELES,2022,149,
LOS ANGELES,2022,148,
LOS ANGELES,2022,147,43.666666
LOS ANGELES,2022,146,43.666666
LOS ANGELES,2022,145,43.666666
LOS ANGELES,2022,144,43.666666
LOS ANGELES,2022,143,43.666666
LOS ANGELES,2022,142,
LOS ANGELES,2022,141,
LOS ANGELES,2022,140,43.666666
LOS ANGELES,2022,139,43.666666
LOS ANGELES,2022,138,43.666666
LOS ANGELES,2022,137,43.666666
LOS ANGELES,2022,136,43.666666
LOS ANGELES,2022,135,
LOS ANGELES,2022,134,
LOS ANGELES,2022,133,43.666666
LOS ANGELES,2022,132,43.666666
LOS ANGELES,2022,131,43.666666
LOS ANGELES,2022,130,38.000000
LOS ANGELES,2022,129,38.000000
LOS ANGELES,2022,128,
LOS ANGELES,2022,127,
LOS ANGELES,2022,126,38.000000
LOS ANGELES,2022,125,38.000000
LOS ANGELES,2022,124,38.000000
LOS ANGELES,2022,123,38.000000
LOS ANGELES,2022,122,38.000000
LOS ANGELES,2022,121,
LOS ANGELES,2022,120,
LOS ANGELES,2022,119,38.000000
LOS ANGELES,2022,118,38.000000
LOS ANGELES,2022,117,38.000000
LOS ANGELES,2022,116,38.000000
LOS ANGELES,2022,115,38.000000
LOS ANGELES,2022,114,
LOS ANGELES,2022,113,
LOS ANGELES,2022,112,38.000000
LOS ANGELES,2022,111,38.000000
LOS ANGELES,2022,110,38.000000
LOS ANGELES,2022,109,38.000000
LOS ANGELES,2022,108,38.000000
LOS ANGELES,2022,107,
LOS ANGELES,2022,106,
LOS ANGELES,2022,105,38.000000
LOS ANGELES,2022,104,38.000000
LOS ANGELES,2022,103,38.000000
LOS ANGELES,2022,102,38.000000
LOS ANGELES,2022,101,38.000000
LOS ANGELES,2022,100,
LOS ANGELES,2022,99,
LOS ANGELES,2022,98,38.000000
LOS ANGELES,2022,97,38.000000
LOS ANGELES,2022,96,38.000000
LOS ANGELES,2022,95,38.000000
LOS ANGELES,2022,94,38.000000
LOS ANGELES,2022,93,
LOS ANGELES,2022,92,
LOS ANGELES,2022,91,38.000000
LOS ANGELES,2022,90,38.000000
LOS ANGELES,2022,89,38.000000
LOS ANGELES,2022,88,38.000000
LOS ANGELES,2022,87,38.000000
LOS ANGELES,2022,86,
LOS ANGELES,2022,85,
LOS ANGELES,2022,84,38.000000
LOS ANGELES,2022,83,38.000000
LOS ANGELES,2022,82,38.000000
LOS ANGELES,2022,81,38.000000
LOS ANGELES,2022,80,38.000000
LOS ANGELES,2022,79,
LOS ANGELES,2022,78,
LOS ANGELES,2022,77,38.000000
LOS ANGELES,2022,76,38.000000
LOS ANGELES,2022,75,38.000000
LOS ANGELES,2022,74,38.000000
LOS ANGELES,2022,73,38.000000
LOS ANGELES,2022,72,
LOS ANGELES,2022,71,
LOS ANGELES,2022,70,38.000000
LOS ANGELES,2022,69,38.000000
LOS ANGELES,2022,68,38.000000
LOS ANGELES,2022,67,38.000000
LOS ANGELES,2022,66,44.000000
LOS ANGELES,2022,65,
LOS ANGELES,2022,64,
LOS ANGELES,2022,63,44.000000
LOS ANGELES,2022,62,44.000000
LOS ANGELES,2022,61,44.000000
LOS ANGELES,2022,60,44.000000
LOS ANGELES,2022,59,35.000000
LOS ANGELES,2022,58,
LOS ANGELES,2022,57,
LOS ANGELES,2022,56,35.000000
LOS ANGELES,2022,55,35.000000
LOS ANGELES,2022,54,35.000000
LOS ANGELES,2022,53,35.000000
LOS ANGELES,2022,52,
LOS ANGELES,2022,51,
LOS ANGELES,2022,50,
LOS ANGELES,2022,49,35.000000
LOS ANGELES,2022,48,35.000000
LOS ANGELES,2022,47,
LOS ANGELES,2022,46,
LOS ANGELES,2022,45,
LOS ANGELES,2022,44,
LOS ANGELES,2022,43,
LOS ANGELES,2022,42,
LOS ANGELES,2022,41,
LOS ANGELES,2022,40,
LOS ANGELES,2022,39,
LOS ANGELES,2022,38,
LOS ANGELES,2022,37,
LOS ANGELES,2022,36,
LOS ANGELES,2022,35,
LOS ANGELES,2022,34,
LOS ANGELES,2022,33,
LOS ANGELES,2022,32,
LOS ANGELES,2022,31,
LOS ANGELES,2022,30,
LOS ANGELES,2022,29,
LOS ANGELES,2022,28,
LOS ANGELES,2022,27,
LOS ANGELES,2022,26,
LOS ANGELES,2022,25,
LOS ANGELES,2022,24,
LOS ANGELES,2022,23,
LOS ANGELES,2022,22,
LOS ANGELES,2022,21,
LOS ANGELES,2022,20,
LOS ANGELES,2022,19,
LOS ANGELES,2022,18,
LOS ANGELES,2022,17,
LOS ANGELES,2022,16,
LOS ANGELES,2022,15,
LOS ANGELES,2022,14,
LOS ANGELES,2022,13,
LOS ANGELES,2022,12,
LOS ANGELES,2022,11,
LOS ANGELES,2022,10,
LOS ANGELES,2022,9,
LOS ANGELES,2022,8,
LOS ANGELES,2022,7,
LOS ANGELES,2022,6,
LOS ANGELES,2022,5,
LOS ANGELES,2022,4,
LOS ANGELES,2022,3,
LOS ANGELES,2022,2,
NEW YORK,2022,366,
NEW YORK,2022,365,
NEW YORK,2022,364,32.000000
NEW YORK,2022,363,32.000000
NEW YORK,2022,362,32.000000
NEW YORK,2022,361,32.000000
NEW YORK,2022,360,
NEW YORK,2022,359,
NEW YORK,2022,358,
NEW YORK,2022,357,34.000000
NEW YORK,2022,356,34.000000
NEW YORK,2022,355,34.000000
NEW YORK,2022,354,34.000000
NEW YORK,2022,353,
NEW YORK,2022,352,
NEW YORK,2022,351,
NEW YORK,2022,350,33.000000
NEW YORK,2022,349,33.000000
NEW YORK,2022,348,33.000000
NEW YORK,2022,347,33.000000
NEW YORK,2022,346,33.000000
NEW YORK,2022,345,
NEW YORK,2022,344,
NEW YORK,2022,343,34.000000
NEW YORK,2022,342,34.000000
NEW YORK,2022,341,34.000000
NEW YORK,2022,340,34.000000
NEW YORK,2022,339,34.000000
NEW YORK,2022,338,
NEW YORK,2022,337,
NEW YORK,2022,336,36.000000
NEW YORK,2022,335,38.000000
NEW YORK,2022,334,38.000000
NEW YORK,2022,333,
NEW YORK,2022,332,
NEW YORK,2022,331,
NEW YORK,2022,330,
NEW YORK,2022,329,
NEW YORK,2022,328,
NEW YORK,2022,327,
NEW YORK,2022,326,
NEW YORK,2022,325,
NEW YORK,2022,324,
NEW YORK,2022,323,
NEW YORK,2022,322,35.000000
NEW YORK,2022,321,35.000000
NEW YORK,2022,320,35.000000
NEW YORK,2022,319,35.000000
NEW YORK,2022,318,35.000000
NEW YORK,2022,317,
NEW YORK,2022,316,
NEW YORK,2022,315,
NEW YORK,2022,314,35.000000
NEW YORK,2022,313,35.000000
NEW YORK,2022,312,
NEW YORK,2022,311,
NEW YORK,2022,310,
NEW YORK,2022,309,
NEW YORK,2022,308,
NEW YORK,2022,307,
NEW YORK,2022,306,
NEW YORK,2022,305,
NEW YORK,2022,304,
NEW YORK,2022,303,
NEW YORK,2022,302,
NEW YORK,2022,301,35.000000
NEW YORK,2022,300,35.000000
NEW YORK,2022,299,35.000000
NEW YORK,2022,298,35.000000
NEW YORK,2022,297,35.000000
NEW YORK,2022,296,
NEW YORK,2022,295,
NEW YORK,2022,294,30.000000
NEW YORK,2022,293,30.000000
NEW YORK,2022,292,30.000000
NEW YORK,2022,291,31.000000
NEW YORK,2022,290,31.000000
NEW YORK,2022,289,
NEW YORK,2022,288,
NEW YORK,2022,287,27.000000
NEW YORK,2022,286,27.000000
NEW YORK,2022,285,27.000000
NEW YORK,2022,284,27.000000
NEW YORK,2022,283,
NEW YORK,2022,282,
NEW YORK,2022,281,
NEW YORK,2022,280,21.000000
NEW YORK,2022,279,21.000000
NEW YORK,2022,278,21.000000
NEW YORK,2022,277,21.000000
NEW YORK,2022,276,21.000000
NEW YORK,2022,275,
NEW YORK,2022,274,
NEW YORK,2022,273,20.000000
NEW YORK,2022,272,20.000000
NEW YORK,2022,271,20.000000
NEW YORK,2022,270,38.000000
NEW YORK,2022,269,38.000000
NEW YORK,2022,268,
NEW YORK,2022,267,
NEW YORK,2022,266,38.000000
NEW YORK,2022,265,38.000000
NEW YORK,2022,264,38.000000
NEW YORK,2022,263,38.000000
NEW YORK,2022,262,38.000000
NEW YORK,2022,261,
NEW YORK,2022,260,
NEW YORK,2022,259,30.000000
NEW YORK,2022,258,30.000000
NEW YORK,2022,257,36.000000
NEW YORK,2022,256,40.000000
NEW YORK,2022,255,34.000000
NEW YORK,2022,254,
NEW YORK,2022,253,
NEW YORK,2022,252,34.000000
NEW YORK,2022,251,34.000000
NEW YORK,2022,250,26.000000
NEW YORK,2022,249,26.000000
NEW YORK,2022,248,
NEW YORK,2022,247,
NEW YORK,2022,246,
NEW YORK,2022,245,26.000000
NEW YORK,2022,244,26.000000
NEW YORK,2022,243,26.000000
NEW YORK,2022,242,26.000000
NEW YORK,2022,241,26.000000
NEW YORK,2022,240,
NEW YORK,2022,239,
NEW YORK,2022,238,23.500000
NEW YORK,2022,237,23.500000
NEW YORK,2022,236,26.000000
NEW YORK,2022,235,26.000000
NEW YORK,2022,234,26.000000
NEW YORK,2022,233,
NEW YORK,2022,232,
NEW YORK,2022,231,26.500000
NEW YORK,2022,230,26.500000
NEW YORK,2022,229,26.500000
NEW YORK,2022,228,26.500000
NEW YORK,2022,227,26.500000
NEW YORK,2022,226,
NEW YORK,2022,225,
NEW YORK,2022,224,27.500000
NEW YORK,2022,223,24.500000
NEW YORK,2022,222,24.500000
NEW YORK,2022,221,24.500000
NEW YORK,2022,220,30.000000
NEW YORK,2022,219,
NEW YORK,2022,218,
NEW YORK,2022,217,30.000000
NEW YORK,2022,216,30.000000
NEW YORK,2022,215,32.000000
NEW YORK,2022,214,32.000000
NEW YORK,2022,213,32.000000
NEW YORK,2022,212,
NEW YORK,2022,211,
NEW YORK,2022,210,28.250000
NEW YORK,2022,209,29.500000
NEW YORK,2022,208,32.000000
NEW YORK,2022,207,32.000000
NEW YORK,2022,206,32.000000
NEW YORK,2022,205,
NEW YORK,2022,204,
NEW YORK,2022,203,30.666666
NEW YORK,2022,202,30.666666
NEW YORK,2022,201,30.666666
NEW YORK,2022,200,30.666666
NEW YORK,2022,199,22.000000
NEW YORK,2022,198,
NEW YORK,2022,197,
NEW YORK,2022,196,44.000000
NEW YORK,2022,195,44.000000
NEW YORK,2022,194,44.000000
NEW YORK,2022,193,32.000000
NEW YORK,2022,192,32.000000
NEW YORK,2022,191,
NEW YORK,2022,190,
NEW YORK,2022,189,12.000000
NEW YORK,2022,188,22.000000
NEW YORK,2022,187,22.000000
NEW YORK,2022,186,32.000000
NEW YORK,2022,185,
NEW YORK,2022,184,
NEW YORK,2022,183,
NEW YORK,2022,182,33.000000
NEW YORK,2022,181,33.000000
NEW YORK,2022,180,33.000000
NEW YORK,2022,179,33.000000
NEW YORK,2022,178,33.000000
NEW YORK,2022,177,
NEW YORK,2022,176,
NEW YORK,2022,175,33.000000
NEW YORK,2022,174,33.000000
NEW YORK,2022,173,32.000000
NEW YORK,2022,172,32.000000
NEW YORK,2022,171,
NEW YORK,2022,170,
NEW YORK,2022,169,
NEW YORK,2022,168,28.500000
NEW YORK,2022,167,28.500000
NEW YORK,2022,166,35.000000
NEW YORK,2022,165,35.000000
NEW YORK,2022,164,36.000000
NEW YORK,2022,163,
NEW YORK,2022,162,
NEW YORK,2022,161,36.000000
NEW YORK,2022,160,36.000000
NEW YORK,2022,159,36.000000
NEW YORK,2022,158,36.000000
NEW YORK,2022,157,36.000000
NEW YORK,2022,156,
NEW YORK,2022,155,
NEW YORK,2022,154,36.000000
NEW YORK,2022,153,36.000000
NEW YORK,2022,152,36.000000
NEW YORK,2022,151,36.000000
NEW YORK,2022,150,
NEW YORK,2022,149,
NEW YORK,2022,148,
NEW YORK,2022,147,36.000000
NEW YORK,2022,146,36.000000
NEW YORK,2022,145,36.000000
NEW YORK,2022,144,36.000000
NEW YORK,2022,143,36.000000
NEW YORK,2022,142,
NEW YORK,2022,141,
NEW YORK,2022,140,37.500000
NEW YORK,2022,139,37.500000
NEW YORK,2022,138,37.500000
NEW YORK,2022,137,38.500000
NEW YORK,2022,136,38.500000
NEW YORK,2022,135,
NEW YORK,2022,134,
NEW YORK,2022,133,39.000000
NEW YORK,2022,132,39.000000
NEW YORK,2022,131,39.000000
NEW YORK,2022,130,39.000000
NEW YORK,2022,129,39.000000
NEW YORK,2022,128,
NEW YORK,2022,127,
NEW YORK,2022,126,38.000000
NEW YORK,2022,125,38.000000
NEW YORK,2022,124,38.000000
NEW YORK,2022,123,38.000000
NEW YORK,2022,122,38.000000
NEW YORK,2022,121,
NEW YORK,2022,120,
NEW YORK,2022,119,35.000000
NEW YORK,2022,118,35.000000
NEW YORK,2022,117,32.000000
NEW YORK,2022,116,32.000000
NEW YORK,2022,115,32.000000
NEW YORK,2022,114,
NEW YORK,2022,113,
NEW YORK,2022,112,31.500000
NEW YORK,2022,111,31.500000
NEW YORK,2022,110,31.500000
NEW YORK,2022,109,34.000000
NEW YORK,2022,108,
NEW YORK,2022,107,
NEW YORK,2022,106,
NEW YORK,2022,105,33.500000
NEW YORK,2022,104,33.500000
NEW YORK,2022,103,33.500000
NEW YORK,2022,102,33.500000
NEW YORK,2022,101,33.500000
NEW YORK,2022,100,
NEW YORK,2022,99,
NEW YORK,2022,98,35.000000
NEW YORK,2022,97,35.000000
NEW YORK,2022,96,33.500000
NEW YORK,2022,95,33.500000
NEW YORK,2022,94,33.500000
NEW YORK,2022,93,
NEW YORK,2022,92,
NEW YORK,2022,91,33.500000
NEW YORK,2022,90,33.500000
NEW YORK,2022,89,33.500000
NEW YORK,2022,88,33.500000
NEW YORK,2022,87,33.500000
NEW YORK,2022,86,
NEW YORK,2022,85,
NEW YORK,2022,84,33.500000
NEW YORK,2022,83,33.500000
NEW YORK,2022,82,33.500000
NEW YORK,2022,81,33.500000
NEW YORK,2022,80,32.000000
NEW YORK,2022,79,
NEW YORK,2022,78,
NEW YORK,2022,77,36.500000
NEW YORK,2022,76,36.500000
NEW YORK,2022,75,36.500000
NEW YORK,2022,74,37.500000
NEW YORK,2022,73,37.500000
NEW YORK,2022,72,
NEW YORK,2022,71,
NEW YORK,2022,70,42.000000
NEW YORK,2022,69,42.000000
NEW YORK,2022,68,42.000000
NEW YORK,2022,67,42.000000
NEW YORK,2022,66,42.000000
NEW YORK,2022,65,
NEW YORK,2022,64,
NEW YORK,2022,63,47.000000
NEW YORK,2022,62,47.000000
NEW YORK,2022,61,47.000000
NEW YORK,2022,60,36.000000
NEW YORK,2022,59,36.333333
NEW YORK,2022,58,
NEW YORK,2022,57,
NEW YORK,2022,56,
NEW YORK,2022,55,
NEW YORK,2022,54,37.000000
NEW YORK,2022,53,37.000000
NEW YORK,2022,52,
NEW YORK,2022,51,
NEW YORK,2022,50,
NEW YORK,2022,49,37.000000
NEW YORK,2022,48,37.000000
NEW YORK,2022,47,37.000000
NEW YORK,2022,46,37.000000
NEW YORK,2022,45,37.000000
NEW YORK,2022,44,
NEW YORK,2022,43,
NEW YORK,2022,42,36.000000
NEW YORK,2022,41,36.000000
NEW YORK,2022,40,32.000000
NEW YORK,2022,39,32.000000
NEW YORK,2022,38,32.000000
NEW YORK,2022,37,
NEW YORK,2022,36,
NEW YORK,2022,35,32.000000
NEW YORK,2022,34,32.000000
NEW YORK,2022,33,32.000000
NEW YORK,2022,32,32.000000
NEW YORK,2022,31,32.000000
NEW YORK,2022,30,
NEW YORK,2022,29,
NEW YORK,2022,28,36.000000
NEW YORK,2022,27,36.000000
NEW YORK,2022,26,36.000000
NEW YORK,2022,25,34.000000
NEW YORK,2022,24,34.000000
NEW YORK,2022,23,
NEW YORK,2022,22,
NEW YORK,2022,21,30.000000
NEW YORK,2022,20,30.000000
NEW YORK,2022,19,30.000000
NEW YORK,2022,18,30.000000
NEW YORK,2022,17,
NEW YORK,2022,16,
NEW YORK,2022,15,
NEW YORK,2022,14,30.000000
NEW YORK,2022,13,30.000000
NEW YORK,2022,12,32.000000
NEW YORK,2022,11,32.000000
NEW YORK,2022,10,32.000000
NEW YORK,2022,9,
NEW YORK,2022,8,
NEW YORK,2022,7,34.000000
NEW YORK,2022,6,34.000000
NEW YORK,2022,5,34.000000
NEW YORK,2022,4,34.000000
NEW YORK,2022,3,34.000000
NEW YORK,2022,2,
PHILADELPHIA,2022,366,
PHILADELPHIA,2022,365,
PHILADELPHIA,2022,364,
PHILADELPHIA,2022,363,
PHILADELPHIA,2022,362,
PHILADELPHIA,2022,361,
PHILADELPHIA,2022,360,
PHILADELPHIA,2022,359,
PHILADELPHIA,2022,358,
PHILADELPHIA,2022,357,
PHILADELPHIA,2022,356,
PHILADELPHIA,2022,355,
PHILADELPHIA,2022,354,
PHILADELPHIA,2022,353,
PHILADELPHIA,2022,352,
PHILADELPHIA,2022,351,
PHILADELPHIA,2022,350,
PHILADELPHIA,2022,349,
PHILADELPHIA,2022,348,
PHILADELPHIA,2022,347,
PHILADELPHIA,2022,346,
PHILADELPHIA,2022,345,
PHILADELPHIA,2022,344,
PHILADELPHIA,2022,343,
PHILADELPHIA,2022,342,
PHILADELPHIA,2022,341,
PHILADELPHIA,2022,340,
PHILADELPHIA,2022,339,
PHILADELPHIA,2022,338,
PHILADELPHIA,2022,337,
PHILADELPHIA,2022,336,
PHILADELPHIA,2022,335,
PHILADELPHIA,2022,334,
PHILADELPHIA,2022,333,
PHILADELPHIA,2022,332,
PHILADELPHIA,2022,331,
PHILADELPHIA,2022,330,
PHILADELPHIA,2022,329,
PHILADELPHIA,2022,328,
PHILADELPHIA,2022,327,
PHILADELPHIA,2022,326,
PHILADELPHIA,2022,325,
PHILADELPHIA,2022,324,
PHILADELPHIA,2022,323,
PHILADELPHIA,2022,322,
PHILADELPHIA,2022,321,
PHILADELPHIA,2022,320,
PHILADELPHIA,2022,319,
PHILADELPHIA,2022,318,
PHILADELPHIA,2022,317,
PHILADELPHIA,2022,316,
PHILADELPHIA,2022,315,
PHILADELPHIA,2022,314,
PHILADELPHIA,2022,313,
PHILADELPHIA,2022,312,
PHILADELPHIA,2022,311,
PHILADELPHIA,2022,310,
PHILADELPHIA,2022,309,
PHILADELPHIA,2022,308,
PHILADELPHIA,2022,307,
PHILADELPHIA,2022,306,
PHILADELPHIA,2022,305,
PHILADELPHIA,2022,304,
PHILADELPHIA,2022,303,
PHILADELPHIA,2022,302,
PHILADELPHIA,2022,301,
PHILADELPHIA,2022,300,
PHILADELPHIA,2022,299,
PHILADELPHIA,2022,298,
PHILADELPHIA,2022,297,
PHILADELPHIA,2022,296,
PHILADELPHIA,2022,295,
PHILADELPHIA,2022,294,
PHILADELPHIA,2022,293,
PHILADELPHIA,2022,292,
PHILADELPHIA,2022,291,
PHILADELPHIA,2022,290,
PHILADELPHIA,2022,289,
PHILADELPHIA,2022,288,
PHILADELPHIA,2022,287,30.000000
PHILADELPHIA,2022,286,30.000000
PHILADELPHIA,2022,285,30.000000
PHILADELPHIA,2022,284,30.000000
PHILADELPHIA,2022,283,
PHILADELPHIA,2022,282,
PHILADELPHIA,2022,281,
PHILADELPHIA,2022,280,30.000000
PHILADELPHIA,2022,279,30.000000
PHILADELPHIA,2022,278,30.000000
PHILADELPHIA,2022,277,30.000000
PHILADELPHIA,2022,276,30.000000
PHILADELPHIA,2022,275,
PHILADELPHIA,2022,274,
PHILADELPHIA,2022,273,36.500000
PHILADELPHIA,2022,272,36.500000
PHILADELPHIA,2022,271,36.500000
PHILADELPHIA,2022,270,36.500000
PHILADELPHIA,2022,269,36.500000
PHILADELPHIA,2022,268,
PHILADELPHIA,2022,267,
PHILADELPHIA,2022,266,36.500000
PHILADELPHIA,2022,265,36.500000
PHILADELPHIA,2022,264,36.500000
PHILADELPHIA,2022,263,36.500000
PHILADELPHIA,2022,262,36.500000
PHILADELPHIA,2022,261,
PHILADELPHIA,2022,260,
PHILADELPHIA,2022,259,36.500000
PHILADELPHIA,2022,258,36.500000
PHILADELPHIA,2022,257,36.500000
PHILADELPHIA,2022,256,36.500000
PHILADELPHIA,2022,255,36.500000
PHILADELPHIA,2022,254,
PHILADELPHIA,2022,253,
PHILADELPHIA,2022,252,38.000000
PHILADELPHIA,2022,251,38.000000
PHILADELPHIA,2022,250,38.000000
PHILADELPHIA,2022,249,38.000000
PHILADELPHIA,2022,248,
PHILADELPHIA,2022,247,
PHILADELPHIA,2022,246,
PHILADELPHIA,2022,245,38.000000
PHILADELPHIA,2022,244,38.000000
PHILADELPHIA,2022,243,38.000000
PHILADELPHIA,2022,242,38.000000
PHILADELPHIA,2022,241,38.000000
PHILADELPHIA,2022,240,
PHILADELPHIA,2022,239,
PHILADELPHIA,2022,238,31.500000
PHILADELPHIA,2022,237,31.500000
PHILADELPHIA,2022,236,31.500000
PHILADELPHIA,2022,235,31.500000
PHILADELPHIA,2022,234,31.500000
PHILADELPHIA,2022,233,
PHILADELPHIA,2022,232,
PHILADELPHIA,2022,231,35.000000
PHILADELPHIA,2022,230,35.000000
PHILADELPHIA,2022,229,35.000000
PHILADELPHIA,2022,228,35.000000
PHILADELPHIA,2022,227,35.000000
PHILADELPHIA,2022,226,
PHILADELPHIA,2022,225,
PHILADELPHIA,2022,224,35.000000
PHILADELPHIA,2022,223,35.000000
PHILADELPHIA,2022,222,35.000000
PHILADELPHIA,2022,221,34.750000
PHILADELPHIA,2022,220,38.000000
PHILADELPHIA,2022,219,
PHILADELPHIA,2022,218,
PHILADELPHIA,2022,217,38.000000
PHILADELPHIA,2022,216,38.000000
PHILADELPHIA,2022,215,
PHILADELPHIA,2022,214,
PHILADELPHIA,2022,213,
PHILADELPHIA,2022,212,
PHILADELPHIA,2022,211,
PHILADELPHIA,2022,210,
PHILADELPHIA,2022,209,
PHILADELPHIA,2022,208,
PHILADELPHIA,2022,207,
PHILADELPHIA,2022,206,
PHILADELPHIA,2022,205,
PHILADELPHIA,2022,204,
PHILADELPHIA,2022,203,
PHILADELPHIA,2022,202,
PHILADELPHIA,2022,201,
PHILADELPHIA,2022,200,
PHILADELPHIA,2022,199,
PHILADELPHIA,2022,198,
PHILADELPHIA,2022,197,
PHILADELPHIA,2022,196,37.000000
PHILADELPHIA,2022,195,37.000000
PHILADELPHIA,2022,194,37.000000
PHILADELPHIA,2022,193,37.000000
PHILADELPHIA,2022,192,37.000000
PHILADELPHIA,2022,191,
PHILADELPHIA,2022,190,
PHILADELPHIA,2022,189,37.000000
PHILADELPHIA,2022,188,37.000000
PHILADELPHIA,2022,187,37.000000
PHILADELPHIA,2022,186,37.000000
PHILADELPHIA,2022,185,
PHILADELPHIA,2022,184,
PHILADELPHIA,2022,183,
PHILADELPHIA,2022,182,37.000000
PHILADELPHIA,2022,181,37.000000
PHILADELPHIA,2022,180,37.000000
PHILADELPHIA,2022,179,37.000000
PHILADELPHIA,2022,178,36.000000
PHILADELPHIA,2022,177,
PHILADELPHIA,2022,176,
PHILADELPHIA,2022,175,36.000000
PHILADELPHIA,2022,174,36.000000
PHILADELPHIA,2022,173,36.000000
PHILADELPHIA,2022,172,36.000000
PHILADELPHIA,2022,171,
PHILADELPHIA,2022,170,
PHILADELPHIA,2022,169,
PHILADELPHIA,2022,168,36.000000
PHILADELPHIA,2022,167,36.000000
PHILADELPHIA,2022,166,36.000000
PHILADELPHIA,2022,165,36.000000
PHILADELPHIA,2022,164,36.000000
PHILADELPHIA,2022,163,
PHILADELPHIA,2022,162,
PHILADELPHIA,2022,161,36.000000
PHILADELPHIA,2022,160,36.000000
PHILADELPHIA,2022,159,36.000000
PHILADELPHIA,2022,158,36.000000
PHILADELPHIA,2022,157,
PHILADELPHIA,2022,156,
PHILADELPHIA,2022,155,
PHILADELPHIA,2022,154,
PHILADELPHIA,2022,153,
PHILADELPHIA,2022,152,
PHILADELPHIA,2022,151,
PHILADELPHIA,2022,150,
PHILADELPHIA,2022,149,
PHILADELPHIA,2022,148,
PHILADELPHIA,2022,147,
PHILADELPHIA,2022,146,
PHILADELPHIA,2022,145,
PHILADELPHIA,2022,144,
PHILADELPHIA,2022,143,
PHILADELPHIA,2022,142,
PHILADELPHIA,2022,141,
PHILADELPHIA,2022,140,
PHILADELPHIA,2022,139,
PHILADELPHIA,2022,138,
PHILADELPHIA,2022,137,
PHILADELPHIA,2022,136,
PHILADELPHIA,2022,135,
PHILADELPHIA,2022,134,
PHILADELPHIA,2022,133,
PHILADELPHIA,2022,132,
PHILADELPHIA,2022,131,
PHILADELPHIA,2022,130,
PHILADELPHIA,2022,129,
PHILADELPHIA,2022,128,
PHILADELPHIA,2022,127,
PHILADELPHIA,2022,126,
PHILADELPHIA,2022,125,
PHILADELPHIA,2022,124,
PHILADELPHIA,2022,123,
PHILADELPHIA,2022,122,
PHILADELPHIA,2022,121,
PHILADELPHIA,2022,120,
PHILADELPHIA,2022,119,
PHILADELPHIA,2022,118,
PHILADELPHIA,2022,117,
PHILADELPHIA,2022,116,
PHILADELPHIA,2022,115,
PHILADELPHIA,2022,114,
PHILADELPHIA,2022,113,
PHILADELPHIA,2022,112,
PHILADELPHIA,2022,111,
PHILADELPHIA,2022,110,
PHILADELPHIA,2022,109,
PHILADELPHIA,2022,108,
PHILADELPHIA,2022,107,
PHILADELPHIA,2022,106,
PHILADELPHIA,2022,105,
PHILADELPHIA,2022,104,
PHILADELPHIA,2022,103,
PHILADELPHIA,2022,102,
PHILADELPHIA,2022,101,
PHILADELPHIA,2022,100,
PHILADELPHIA,2022,99,
PHILADELPHIA,2022,98,
PHILADELPHIA,2022,97,
PHILADELPHIA,2022,96,
PHILADELPHIA,2022,95,
PHILADELPHIA,2022,94,
PHILADELPHIA,2022,93,
PHILADELPHIA,2022,92,
PHILADELPHIA,2022,91,
PHILADELPHIA,2022,90,
PHILADELPHIA,2022,89,
PHILADELPHIA,2022,88,
PHILADELPHIA,2022,87,
PHILADELPHIA,2022,86,
PHILADELPHIA,2022,85,
PHILADELPHIA,2022,84,
PHILADELPHIA,2022,83,
PHILADELPHIA,2022,82,
PHILADELPHIA,2022,81,
PHILADELPHIA,2022,80,
PHILADELPHIA,2022,79,
PHILADELPHIA,2022,78,
PHILADELPHIA,2022,77,
PHILADELPHIA,2022,76,
PHILADELPHIA,2022,75,
PHILADELPHIA,2022,74,
PHILADELPHIA,2022,73,
PHILADELPHIA,2022,72,
PHILADELPHIA,2022,71,
PHILADELPHIA,2022,70,
PHILADELPHIA,2022,69,
PHILADELPHIA,2022,68,
PHILADELPHIA,2022,67,
PHILADELPHIA,2022,66,
PHILADELPHIA,2022,65,
PHILADELPHIA,2022,64,
PHILADELPHIA,2022,63,
PHILADELPHIA,2022,62,
PHILADELPHIA,2022,61,
PHILADELPHIA,2022,60,
PHILADELPHIA,2022,59,
PHILADELPHIA,2022,58,
PHILADELPHIA,2022,57,
PHILADELPHIA,2022,56,
PHILADELPHIA,2022,55,
PHILADELPHIA,2022,54,
PHILADELPHIA,2022,53,
PHILADELPHIA,2022,52,
PHILADELPHIA,2022,51,
PHILADELPHIA,2022,50,
PHILADELPHIA,2022,49,
PHILADELPHIA,2022,48,
PHILADELPHIA,2022,47,
PHILADELPHIA,2022,46,
PHILADELPHIA,2022,45,
PHILADELPHIA,2022,44,
PHILADELPHIA,2022,43,
PHILADELPHIA,2022,42,
PHILADELPHIA,2022,41,
PHILADELPHIA,2022,40,
PHILADELPHIA,2022,39,
PHILADELPHIA,2022,38,
PHILADELPHIA,2022,37,
PHILADELPHIA,2022,36,
PHILADELPHIA,2022,35,
PHILADELPHIA,2022,34,
PHILADELPHIA,2022,33,
PHILADELPHIA,2022,32,
PHILADELPHIA,2022,31,
PHILADELPHIA,2022,30,
PHILADELPHIA,2022,29,
PHILADELPHIA,2022,28,
PHILADELPHIA,2022,27,
PHILADELPHIA,2022,26,
PHILADELPHIA,2022,25,
PHILADELPHIA,2022,24,
PHILADELPHIA,2022,23,
PHILADELPHIA,2022,22,
PHILADELPHIA,2022,21,
PHILADELPHIA,2022,20,
PHILADELPHIA,2022,19,
PHILADELPHIA,2022,18,
PHILADELPHIA,2022,17,
PHILADELPHIA,2022,16,
PHILADELPHIA,2022,15,
PHILADELPHIA,2022,14,
PHILADELPHIA,2022,13,
PHILADELPHIA,2022,12,
PHILADELPHIA,2022,11,
PHILADELPHIA,2022,10,
PHILADELPHIA,2022,9,
PHILADELPHIA,2022,8,
PHILADELPHIA,2022,7,
PHILADELPHIA,2022,6,
PHILADELPHIA,2022,5,
PHILADELPHIA,2022,4,
PHILADELPHIA,2022,3,
PHILADELPHIA,2022,2,
BALTIMORE,2021,366,
BALTIMORE,2021,365,
BALTIMORE,2021,364,
BALTIMORE,2021,363,
BALTIMORE,2021,362,
BALTIMORE,2021,361,
BALTIMORE,2021,360,
BALTIMORE,2021,359,
BALTIMORE,2021,358,
BALTIMORE,2021,357,
BALTIMORE,2021,356,
BALTIMORE,2021,355,
BALTIMORE,2021,354,
BALTIMORE,2021,353,
BALTIMORE,2021,352,
BALTIMORE,2021,351,
BALTIMORE,2021,350,
BALTIMORE,2021,349,
BALTIMORE,2021,348,
BALTIMORE,2021,347,
BALTIMORE,2021,346,
BALTIMORE,2021,345,
BALTIMORE,2021,344,
BALTIMORE,2021,343,
BALTIMORE,2021,342,
BALTIMORE,2021,341,
BALTIMORE,2021,340,
BALTIMORE,2021,339,
BALTIMORE,2021,338,
BALTIMORE,2021,337,
BALTIMORE,2021,336,
BALTIMORE,2021,335,
BALTIMORE,2021,334,
BALTIMORE,2021,333,
BALTIMORE,2021,332,
BALTIMORE,2021,331,
BALTIMORE,2021,330,
BALTIMORE,2021,329,
BALTIMORE,2021,328,
BALTIMORE,2021,327,
BALTIMORE,2021,326,
BALTIMORE,2021,325,
BALTIMORE,2021,324,
BALTIMORE,2021,323,
BALTIMORE,2021,322,
BALTIMORE,2021,321,
BALTIMORE,2021,320,55.000000
BALTIMORE,2021,319,55.000000
BALTIMORE,2021,318,
BALTIMORE,2021,317,
BALTIMORE,2021,316,
BALTIMORE,2021,315,
BALTIMORE,2021,314,
BALTIMORE,2021,313,
BALTIMORE,2021,312,
BALTIMORE,2021,311,
BALTIMORE,2021,310,
BALTIMORE,2021,309,
BALTIMORE,2021,308,
BALTIMORE,2021,307,
BALTIMORE,2021,306,
BALTIMORE,2021,305,
BALTIMORE,2021,304,
BALTIMORE,2021,303,
BALTIMORE,2021,302,
BALTIMORE,2021,301,
BALTIMORE,2021,300,
BALTIMORE,2021,299,
BALTIMORE,2021,298,
BALTIMORE,2021,297,
BALTIMORE,2021,296,
BALTIMORE,2021,295,
BALTIMORE,2021,294,
BALTIMORE,2021,293,
BALTIMORE,2021,292,
BALTIMORE,2021,291,
BALTIMORE,2021,290,
BALTIMORE,2021,289,
BALTIMORE,2021,288,
BALTIMORE,2021,287,
BALTIMORE,2021,286,
BALTIMORE,2021,285,
BALTIMORE,2021,284,
BALTIMORE,2021,283,
BALTIMORE,2021,282,
BALTIMORE,2021,281,
BALTIMORE,2021,280,
BALTIMORE,2021,279,
BALTIMORE,2021,278,
BALTIMORE,2021,277,
BALTIMORE,2021,276,
BALTIMORE,2021,275,
BALTIMORE,2021,274,
BALTIMORE,2021,273,
BALTIMORE,2021,272,
BALTIMORE,2021,271,
BALTIMORE,2021,270,
BALTIMORE,2021,269,
BALTIMORE,2021,268,
BALTIMORE,2021,267,
BALTIMORE,2021,266,
BALTIMORE,2021,265,
BALTIMORE,2021,264,
BALTIMORE,2021,263,
BALTIMORE,2021,262,
BALTIMORE,2021,261,
BALTIMORE,2021,260,42.250000
BALTIMORE,2021,259,42.250000
BALTIMORE,2021,258,42.250000
BALTIMORE,2021,257,42.250000
BALTIMORE,2021,256,42.250000
BALTIMORE,2021,255,
BALTIMORE,2021,254,
BALTIMORE,2021,253,42.250000
BALTIMORE,2021,252,42.250000
BALTIMORE,2021,251,
BALTIMORE,2021,250,
BALTIMORE,2021,249,
BALTIMORE,2021,248,
BALTIMORE,2021,247,
BALTIMORE,2021,246,
BALTIMORE,2021,245,
BALTIMORE,2021,244,
BALTIMORE,2021,243,
BALTIMORE,2021,242,
BALTIMORE,2021,241,
BALTIMORE,2021,240,
BALTIMORE,2021,239,
BALTIMORE,2021,238,
BALTIMORE,2021,237,
BALTIMORE,2021,236,
BALTIMORE,2021,235,
BALTIMORE,2021,234,
BALTIMORE,2021,233,
BALTIMORE,2021,232,42.500000
BALTIMORE,2021,231,
BALTIMORE,2021,230,
BALTIMORE,2021,229,
BALTIMORE,2021,228,
BALTIMORE,2021,227,
BALTIMORE,2021,226,
BALTIMORE,2021,225,
BALTIMORE,2021,224,
BALTIMORE,2021,223,
BALTIMORE,2021,222,
BALTIMORE,2021,221,
BALTIMORE,2021,220,
BALTIMORE,2021,219,
BALTIMORE,2021,218,
BALTIMORE,2021,217,
BALTIMORE,2021,216,
BALTIMORE,2021,215,
BALTIMORE,2021,214,
BALTIMORE,2021,213,
BALTIMORE,2021,212,
BALTIMORE,2021,211,
BALTIMORE,2021,210,
BALTIMORE,2021,209,
BALTIMORE,2021,208,
BALTIMORE,2021,207,
BALTIMORE,2021,206,
BALTIMORE,2021,205,
BALTIMORE,2021,204,
BALTIMORE,2021,203,
BALTIMORE,2021,202,
BALTIMORE,2021,201,
BALTIMORE,2021,200,
BALTIMORE,2021,199,
BALTIMORE,2021,198,
BALTIMORE,2021,197,
BALTIMORE,2021,196,
BALTIMORE,2021,195,
BALTIMORE,2021,194,
BALTIMORE,2021,193,
BALTIMORE,2021,192,
BALTIMORE,2021,191,
BALTIMORE,2021,190,
BALTIMORE,2021,189,
BALTIMORE,2021,188,
BALTIMORE,2021,187,
BALTIMORE,2021,186,
BALTIMORE,2021,185,
BALTIMORE,2021,184,
BALTIMORE,2021,183,
BALTIMORE,2021,182,
BALTIMORE,2021,181,
BALTIMORE,2021,180,
BALTIMORE,2021,179,
BALTIMORE,2021,178,
BALTIMORE,2021,177,
BALTIMORE,2021,176,
BALTIMORE,2021,175,
BALTIMORE,2021,174,
BALTIMORE,2021,173,
BALTIMORE,2021,172,
BALTIMORE,2021,171,
BALTIMORE,2021,170,
BALTIMORE,2021,169,
BALTIMORE,2021,168,
BALTIMORE,2021,167,
BALTIMORE,2021,166,
BALTIMORE,2021,165,
BALTIMORE,2021,164,
BALTIMORE,2021,163,
BALTIMORE,2021,162,
BALTIMORE,2021,161,
BALTIMORE,2021,160,
BALTIMORE,2021,159,
BALTIMORE,2021,158,
BALTIMORE,2021,157,
BALTIMORE,2021,156,
BALTIMORE,2021,155,
BALTIMORE,2021,154,
BALTIMORE,2021,153,
BALTIMORE,2021,152,
BALTIMORE,2021,151,
BALTIMORE,2021,150,
BALTIMORE,2021,149,
BALTIMORE,2021,148,
BALTIMORE,2021,147,
BALTIMORE,2021,146,
BALTIMORE,2021,145,
BALTIMORE,2021,144,
BALTIMORE,2021,143,
BALTIMORE,2021,142,
BALTIMORE,2021,141,
BALTIMORE,2021,140,
BALTIMORE,2021,139,32.000000
BALTIMORE,2021,138,32.000000
BALTIMORE,2021,137,32.000000
BALTIMORE,2021,136,
BALTIMORE,2021,135,
BALTIMORE,2021,134,32.000000
BALTIMORE,2021,133,32.000000
BALTIMORE,2021,132,32.000000
BALTIMORE,2021,131,32.000000
BALTIMORE,2021,130,32.000000
BALTIMORE,2021,129,
BALTIMORE,2021,128,
BALTIMORE,2021,127,32.000000
BALTIMORE,2021,126,32.000000
BALTIMORE,2021,125,32.000000
BALTIMORE,2021,124,
BALTIMORE,2021,123,
BALTIMORE,2021,122,
BALTIMORE,2021,121,
BALTIMORE,2021,120,
BALTIMORE,2021,119,
BALTIMORE,2021,118,
BALTIMORE,2021,117,
BALTIMORE,2021,116,
BALTIMORE,2021,115,
BALTIMORE,2021,114,
BALTIMORE,2021,113,
BALTIMORE,2021,112,
BALTIMORE,2021,111,
BALTIMORE,2021,110,
BALTIMORE,2021,109,
BALTIMORE,2021,108,
BALTIMORE,2021,107,
BALTIMORE,2021,106,
BALTIMORE,2021,105,
BALTIMORE,2021,104,
BALTIMORE,2021,103,
BALTIMORE,2021,102,
BALTIMORE,2021,101,
BALTIMORE,2021,100,
BALTIMORE,2021,99,
BALTIMORE,2021,98,
BALTIMORE,2021,97,
BALTIMORE,2021,96,
BALTIMORE,2021,95,
BALTIMORE,2021,94,
BALTIMORE,2021,93,
BALTIMORE,2021,92,8.000000
BALTIMORE,2021,91,8.000000
BALTIMORE,2021,90,8.000000
BALTIMORE,2021,89,8.000000
BALTIMORE,2021,88,8.000000
BALTIMORE,2021,87,
BALTIMORE,2021,86,
BALTIMORE,2021,85,
BALTIMORE,2021,84,
BALTIMORE,2021,83,24.000000
BALTIMORE,2021,82,24.000000
BALTIMORE,2021,81,24.000000
BALTIMORE,2021,80,
BALTIMORE,2021,79,
BALTIMORE,2021,78,
BALTIMORE,2021,77,
BALTIMORE,2021,76,
BALTIMORE,2021,75,
BALTIMORE,2021,74,
BALTIMORE,2021,73,
BALTIMORE,2021,72,
BALTIMORE,2021,71,
BALTIMORE,2021,70,
BALTIMORE,2021,69,
BALTIMORE,2021,68,
BALTIMORE,2021,67,
BALTIMORE,2021,66,
BALTIMORE,2021,65,
BALTIMORE,2021,64,
BALTIMORE,2021,63,
BALTIMORE,2021,62,
BALTIMORE,2021,61,
BALTIMORE,2021,60,
BALTIMORE,2021,59,
BALTIMORE,2021,58,
BALTIMORE,2021,57,
BALTIMORE,2021,56,
BALTIMORE,2021,55,
BALTIMORE,2021,54,
BALTIMORE,2021,53,
BALTIMORE,2021,52,
BALTIMORE,2021,51,
BALTIMORE,2021,50,
BALTIMORE,2021,49,
BALTIMORE,2021,48,
BALTIMORE,2021,47,
BALTIMORE,2021,46,
BALTIMORE,2021,45,
BALTIMORE,2021,44,
BALTIMORE,2021,43,
BALTIMORE,2021,42,
BALTIMORE,2021,41,
BALTIMORE,2021,40,
BALTIMORE,2021,39,
BALTIMORE,2021,38,
BALTIMORE,2021,37,
BALTIMORE,2021,36,
BALTIMORE,2021,35,
BALTIMORE,2021,34,23.000000
BALTIMORE,2021,33,23.000000
BALTIMORE,2021,32,23.000000
BALTIMORE,2021,31,
BALTIMORE,2021,30,
BALTIMORE,2021,29,23.000000
BALTIMORE,2021,28,23.000000
BALTIMORE,2021,27,24.000000
BALTIMORE,2021,26,24.000000
BALTIMORE,2021,25,24.000000
BALTIMORE,2021,24,
BALTIMORE,2021,23,
BALTIMORE,2021,22,
BALTIMORE,2021,21,
BALTIMORE,2021,20,
BALTIMORE,2021,19,
BALTIMORE,2021,18,
BALTIMORE,2021,17,
BALTIMORE,2021,16,
BALTIMORE,2021,15,
BALTIMORE,2021,14,
BALTIMORE,2021,13,24.000000
BALTIMORE,2021,12,24.000000
BALTIMORE,2021,11,24.000000
BALTIMORE,2021,10,
BALTIMORE,2021,9,
BALTIMORE,2021,8,22.000000
BALTIMORE,2021,7,22.000000
BALTIMORE,2021,6,22.000000
BALTIMORE,2021,5,22.000000
BALTIMORE,2021,4,22.000000
BALTIMORE,2021,3,
BALTIMORE,2021,2,
BOSTON,2021,366,
BOSTON,2021,365,
BOSTON,2021,364,27.000000
BOSTON,2021,363,27.000000
BOSTON,2021,362,27.000000
BOSTON,2021,361,27.000000
BOSTON,2021,360,
BOSTON,2021,359,
BOSTON,2021,358,
BOSTON,2021,357,27.000000
BOSTON,2021,356,27.000000
BOSTON,2021,355,27.000000
BOSTON,2021,354,27.000000
BOSTON,2021,353,
BOSTON,2021,352,
BOSTON,2021,351,27.000000
BOSTON,2021,350,27.000000
BOSTON,2021,349,40.000000
BOSTON,2021,348,
BOSTON,2021,347,
BOSTON,2021,346,
BOSTON,2021,345,
BOSTON,2021,344,
BOSTON,2021,343,
BOSTON,2021,342,
BOSTON,2021,341,
BOSTON,2021,340,
BOSTON,2021,339,
BOSTON,2021,338,
BOSTON,2021,337,
BOSTON,2021,336,
BOSTON,2021,335,
BOSTON,2021,334,
BOSTON,2021,333,
BOSTON,2021,332,
BOSTON,2021,331,
BOSTON,2021,330,
BOSTON,2021,329,
BOSTON,2021,328,
BOSTON,2021,327,
BOSTON,2021,326,
BOSTON,2021,325,
BOSTON,2021,324,
BOSTON,2021,323,
BOSTON,2021,322,
BOSTON,2021,321,
BOSTON,2021,320,
BOSTON,2021,319,
BOSTON,2021,318,
BOSTON,2021,317,
BOSTON,2021,316,30.000000
BOSTON,2021,315,
BOSTON,2021,314,30.000000
BOSTON,2021,313,30.000000
BOSTON,2021,312,30.000000
BOSTON,2021,311,
BOSTON,2021,310,
BOSTON,2021,309,30.000000
BOSTON,2021,308,30.000000
BOSTON,2021,307,30.000000
BOSTON,2021,306,30.000000
BOSTON,2021,305,30.000000
BOSTON,2021,304,
BOSTON,2021,303,
BOSTON,2021,302,30.000000
BOSTON,2021,301,30.000000
BOSTON,2021,300,30.000000
BOSTON,2021,299,30.000000
BOSTON,2021,298,30.000000
BOSTON,2021,297,
BOSTON,2021,296,
BOSTON,2021,295,30.000000
BOSTON,2021,294,30.000000
BOSTON,2021,293,30.000000
BOSTON,2021,292,30.000000
BOSTON,2021,291,30.000000
BOSTON,2021,290,
BOSTON,2021,289,
BOSTON,2021,288,30.000000
BOSTON,2021,287,30.000000
BOSTON,2021,286,30.000000
BOSTON,2021,285,30.000000
BOSTON,2021,284,
BOSTON,2021,283,
BOSTON,2021,282,
BOSTON,2021,281,30.000000
BOSTON,2021,280,30.000000
BOSTON,2021,279,30.000000
BOSTON,2021,278,30.000000
BOSTON,2021,277,30.000000
BOSTON,2021,276,
BOSTON,2021,275,
BOSTON,2021,274,30.000000
BOSTON,2021,273,30.000000
BOSTON,2021,272,30.000000
BOSTON,2021,271,30.000000
BOSTON,2021,270,30.000000
BOSTON,2021,269,
BOSTON,2021,268,
BOSTON,2021,267,30.000000
BOSTON,2021,266,30.000000
BOSTON,2021,265,30.000000
BOSTON,2021,264,30.000000
BOSTON,2021,263,30.000000
BOSTON,2021,262,
BOSTON,2021,261,
BOSTON,2021,260,30.000000
BOSTON,2021,259,30.000000
BOSTON,2021,258,30.000000
BOSTON,2021,257,
BOSTON,2021,256,30.000000
BOSTON,2021,255,
BOSTON,2021,254,
BOSTON,2021,253,30.000000
BOSTON,2021,252,30.000000
BOSTON,2021,251,
BOSTON,2021,250,
BOSTON,2021,249,
BOSTON,2021,248,
BOSTON,2021,247,
BOSTON,2021,246,
BOSTON,2021,245,
BOSTON,2021,244,
BOSTON,2021,243,
BOSTON,2021,242,
BOSTON,2021,241,
BOSTON,2021,240,
BOSTON,2021,239,
BOSTON,2021,238,
BOSTON,2021,237,
BOSTON,2021,236,
BOSTON,2021,235,30.000000
BOSTON,2021,234,
BOSTON,2021,233,
BOSTON,2021,232,30.000000
BOSTON,2021,231,30.000000
BOSTON,2021,230,30.000000
BOSTON,2021,229,30.000000
BOSTON,2021,228,30.000000
BOSTON,2021,227,
BOSTON,2021,226,
BOSTON,2021,225,30.000000
BOSTON,2021,224,30.000000
BOSTON,2021,223,30.000000
BOSTON,2021,222,30.000000
BOSTON,2021,221,
BOSTON,2021,220,
BOSTON,2021,219,
BOSTON,2021,218,
BOSTON,2021,217,
BOSTON,2021,216,
BOSTON,2021,215,
BOSTON,2021,214,
BOSTON,2021,213,
BOSTON,2021,212,
BOSTON,2021,211,
BOSTON,2021,210,
BOSTON,2021,209,
BOSTON,2021,208,
BOSTON,2021,207,
BOSTON,2021,206,
BOSTON,2021,205,
BOSTON,2021,204,
BOSTON,2021,203,
BOSTON,2021,202,
BOSTON,2021,201,
BOSTON,2021,200,
BOSTON,2021,199,
BOSTON,2021,198,
BOSTON,2021,197,
BOSTON,2021,196,
BOSTON,2021,195,
BOSTON,2021,194,
BOSTON,2021,193,
BOSTON,2021,192,
BOSTON,2021,191,
BOSTON,2021,190,
BOSTON,2021,189,
BOSTON,2021,188,
BOSTON,2021,187,
BOSTON,2021,186,
BOSTON,2021,185,
BOSTON,2021,184,
BOSTON,2021,183,
BOSTON,2021,182,
BOSTON,2021,181,
BOSTON,2021,180,
BOSTON,2021,179,
BOSTON,2021,178,
BOSTON,2021,177,
BOSTON,2021,176,
BOSTON,2021,175,
BOSTON,2021,174,
BOSTON,2021,173,
BOSTON,2021,172,36.000000
BOSTON,2021,171,
BOSTON,2021,170,
BOSTON,2021,169,36.000000
BOSTON,2021,168,36.000000
BOSTON,2021,167,36.000000
BOSTON,2021,166,36.000000
BOSTON,2021,165,36.000000
BOSTON,2021,164,
BOSTON,2021,163,
BOSTON,2021,162,36.000000
BOSTON,2021,161,36.000000
BOSTON,2021,160,36.000000
BOSTON,2021,159,36.000000
BOSTON,2021,158,36.000000
BOSTON,2021,157,
BOSTON,2021,156,
BOSTON,2021,155,36.000000
BOSTON,2021,154,36.000000
BOSTON,2021,153,36.000000
BOSTON,2021,152,36.000000
BOSTON,2021,151,
BOSTON,2021,150,
BOSTON,2021,149,
BOSTON,2021,148,36.000000
BOSTON,2021,147,36.000000
BOSTON,2021,146,36.000000
BOSTON,2021,145,36.000000
BOSTON,2021,144,36.000000
BOSTON,2021,143,
BOSTON,2021,142,
BOSTON,2021,141,36.000000
BOSTON,2021,140,36.000000
BOSTON,2021,139,36.000000
BOSTON,2021,138,36.000000
BOSTON,2021,137,36.000000
BOSTON,2021,136,
BOSTON,2021,135,
BOSTON,2021,134,36.000000
BOSTON,2021,133,36.000000
BOSTON,2021,132,36.000000
BOSTON,2021,131,36.000000
BOSTON,2021,130,36.000000
BOSTON,2021,129,
BOSTON,2021,128,
BOSTON,2021,127,36.000000
BOSTON,2021,126,36.000000
BOSTON,2021,125,36.000000
BOSTON,2021,124,36.000000
BOSTON,2021,123,36.000000
BOSTON,2021,122,
BOSTON,2021,121,
BOSTON,2021,120,36.000000
BOSTON,2021,119,36.000000
BOSTON,2021,118,36.000000
BOSTON,2021,117,36.000000
BOSTON,2021,116,36.000000
BOSTON,2021,115,
BOSTON,2021,114,
BOSTON,2021,113,36.000000
BOSTON,2021,112,36.000000
BOSTON,2021,111,36.000000
BOSTON,2021,110,36.000000
BOSTON,2021,109,36.000000
BOSTON,2021,108,
BOSTON,2021,107,
BOSTON,2021,106,36.000000
BOSTON,2021,105,36.000000
BOSTON,2021,104,36.000000
BOSTON,2021,103,36.000000
BOSTON,2021,102,36.000000
BOSTON,2021,101,
BOSTON,2021,100,
BOSTON,2021,99,36.000000
BOSTON,2021,98,36.000000
BOSTON,2021,97,36.000000
BOSTON,2021,96,36.000000
BOSTON,2021,95,36.000000
BOSTON,2021,94,
BOSTON,2021,93,
BOSTON,2021,92,36.000000
BOSTON,2021,91,36.000000
BOSTON,2021,90,36.000000
BOSTON,2021,89,36.000000
BOSTON,2021,88,36.000000
BOSTON,2021,87,
BOSTON,2021,86,
BOSTON,2021,85,36.000000
BOSTON,2021,84,36.000000
BOSTON,2021,83,36.000000
BOSTON,2021,82,36.000000
BOSTON,2021,81,36.000000
BOSTON,2021,80,
BOSTON,2021,79,
BOSTON,2021,78,36.000000
BOSTON,2021,77,36.000000
BOSTON,2021,76,36.000000
BOSTON,2021,75,36.000000
BOSTON,2021,74,36.000000
BOSTON,2021,73,
BOSTON,2021,72,
BOSTON,2021,71,36.000000
BOSTON,2021,70,36.000000
BOSTON,2021,69,36.000000
BOSTON,2021,68,36.000000
BOSTON,2021,67,36.000000
BOSTON,2021,66,
BOSTON,2021,65,
BOSTON,2021,64,36.000000
BOSTON,2021,63,36.000000
BOSTON,2021,62,36.000000
BOSTON,2021,61,36.000000
BOSTON,2021,60,36.000000
BOSTON,2021,59,
BOSTON,2021,58,
BOSTON,2021,57,36.000000
BOSTON,2021,56,36.000000
BOSTON,2021,55,36.000000
BOSTON,2021,54,36.000000
BOSTON,2021,53,36.000000
BOSTON,2021,52,
BOSTON,2021,51,
BOSTON,2021,50,36.000000
BOSTON,2021,49,36.000000
BOSTON,2021,48,36.000000
BOSTON,2021,47,36.000000
BOSTON,2021,46,
BOSTON,2021,45,
BOSTON,2021,44,
BOSTON,2021,43,36.000000
BOSTON,2021,42,36.000000
BOSTON,2021,41,36.000000
BOSTON,2021,40,36.000000
BOSTON,2021,39,36.000000
BOSTON,2021,38,
BOSTON,2021,37,
BOSTON,2021,36,36.000000
BOSTON,2021,35,36.000000
BOSTON,2021,34,36.000000
BOSTON,2021,33,36.000000
BOSTON,2021,32,36.000000
BOSTON,2021,31,
BOSTON,2021,30,
BOSTON,2021,29,36.000000
BOSTON,2021,28,36.000000
BOSTON,2021,27,36.000000
BOSTON,2021,26,36.000000
BOSTON,2021,25,36.000000
BOSTON,2021,24,
BOSTON,2021,23,
BOSTON,2021,22,36.000000
BOSTON,2021,21,36.000000
BOSTON,2021,20,36.000000
BOSTON,2021,19,36.000000
BOSTON,2021,18,
BOSTON,2021,17,
BOSTON,2021,16,
BOSTON,2021,15,36.000000
BOSTON,2021,14,36.000000
BOSTON,2021,13,36.000000
BOSTON,2021,12,36.000000
BOSTON,2021,11,36.000000
BOSTON,2021,10,
BOSTON,2021,9,
BOSTON,2021,8,36.000000
BOSTON,2021,7,36.000000
BOSTON,2021,6,36.000000
BOSTON,2021,5,36.000000
BOSTON,2021,4,36.000000
BOSTON,2021,3,
BOSTON,2021,2,
CHICAGO,2021,366,
CHICAGO,2021,365,
CHICAGO,2021,364,29.500000
CHICAGO,2021,363,29.500000
CHICAGO,2021,362,29.500000
CHICAGO,2021,361,29.500000
CHICAGO,2021,360,
CHICAGO,2021,359,
CHICAGO,2021,358,
CHICAGO,2021,357,29.500000
CHICAGO,2021,356,29.500000
CHICAGO,2021,355,29.500000
CHICAGO,2021,354,29.500000
CHICAGO,2021,353,
CHICAGO,2021,352,
CHICAGO,2021,351,29.500000
CHICAGO,2021,350,29.500000
CHICAGO,2021,349,29.500000
CHICAGO,2021,348,29.500000
CHICAGO,2021,347,29.500000
CHICAGO,2021,346,
CHICAGO,2021,345,
CHICAGO,2021,344,29.500000
CHICAGO,2021,343,29.500000
CHICAGO,2021,342,29.500000
CHICAGO,2021,341,29.500000
CHICAGO,2021,340,29.500000
CHICAGO,2021,339,
CHICAGO,2021,338,
CHICAGO,2021,337,29.500000
CHICAGO,2021,336,29.500000
CHICAGO,2021,335,29.500000
CHICAGO,2021,334,29.500000
CHICAGO,2021,333,29.500000
CHICAGO,2021,332,
CHICAGO,2021,331,
CHICAGO,2021,330,29.500000
CHICAGO,2021,329,
CHICAGO,2021,328,29.500000
CHICAGO,2021,327,29.500000
CHICAGO,2021,326,29.500000
CHICAGO,2021,325,
CHICAGO,2021,324,
CHICAGO,2021,323,29.500000
CHICAGO,2021,322,29.500000
CHICAGO,2021,321,29.500000
CHICAGO,2021,320,29.500000
CHICAGO,2021,319,29.500000
CHICAGO,2021,318,
CHICAGO,2021,317,
CHICAGO,2021,316,29.500000
CHICAGO,2021,315,
CHICAGO,2021,314,29.500000
CHICAGO,2021,313,29.500000
CHICAGO,2021,312,29.500000
CHICAGO,2021,311,
CHICAGO,2021,310,
CHICAGO,2021,309,29.500000
CHICAGO,2021,308,29.500000
CHICAGO,2021,307,29.500000
CHICAGO,2021,306,29.500000
CHICAGO,2021,305,29.500000
CHICAGO,2021,304,
CHICAGO,2021,303,
CHICAGO,2021,302,29.500000
CHICAGO,2021,301,29.500000
CHICAGO,2021,300,29.500000
CHICAGO,2021,299,29.500000
CHICAGO,2021,298,29.500000
CHICAGO,2021,297,
CHICAGO,2021,296,
CHICAGO,2021,295,29.500000
CHICAGO,2021,294,29.500000
CHICAGO,2021,293,29.500000
CHICAGO,2021,292,29.500000
CHICAGO,2021,291,29.500000
CHICAGO,2021,290,
CHICAGO,2021,289,
CHICAGO,2021,288,29.500000
CHICAGO,2021,287,29.500000
CHICAGO,2021,286,29.500000
CHICAGO,2021,285,29.500000
CHICAGO,2021,284,
CHICAGO,2021,283,
CHICAGO,2021,282,
CHICAGO,2021,281,29.500000
CHICAGO,2021,280,29.500000
CHICAGO,2021,279,29.500000
CHICAGO,2021,278,29.500000
CHICAGO,2021,277,29.500000
CHICAGO,2021,276,
CHICAGO,2021,275,
CHICAGO,2021,274,29.500000
CHICAGO,2021,273,29.500000
CHICAGO,2021,272,29.500000
CHICAGO,2021,271,29.500000
CHICAGO,2021,270,29.500000
CHICAGO,2021,269,
CHICAGO,2021,268,
CHICAGO,2021,267,29.500000
CHICAGO,2021,266,29.500000
CHICAGO,2021,265,29.500000
CHICAGO,2021,264,29.500000
CHICAGO,2021,263,29.500000
CHICAGO,2021,262,
CHICAGO,2021,261,
CHICAGO,2021,260,29.500000
CHICAGO,2021,259,29.500000
CHICAGO,2021,258,29.500000
CHICAGO,2021,257,29.500000
CHICAGO,2021,256,29.500000
CHICAGO,2021,255,
CHICAGO,2021,254,
CHICAGO,2021,253,29.500000
CHICAGO,2021,252,29.500000
CHICAGO,2021,251,29.500000
CHICAGO,2021,250,29.500000
CHICAGO,2021,249,
CHICAGO,2021,248,
CHICAGO,2021,247,
CHICAGO,2021,246,29.500000
CHICAGO,2021,245,29.500000
CHICAGO,2021,244,29.500000
CHICAGO,2021,243,29.500000
CHICAGO,2021,242,29.500000
CHICAGO,2021,241,
CHICAGO,2021,240,
CHICAGO,2021,239,29.500000
CHICAGO,2021,238,29.500000
CHICAGO,2021,237,29.500000
CHICAGO,2021,236,29.500000
CHICAGO,2021,235,26.250000
CHICAGO,2021,234,
CHICAGO,2021,233,
CHICAGO,2021,232,26.250000
CHICAGO,2021,231,30.000000
CHICAGO,2021,230,30.000000
CHICAGO,2021,229,30.000000
CHICAGO,2021,228,30.000000
CHICAGO,2021,227,
CHICAGO,2021,226,
CHICAGO,2021,225,30.000000
CHICAGO,2021,224,30.000000
CHICAGO,2021,223,30.000000
CHICAGO,2021,222,30.000000
CHICAGO,2021,221,34.500000
CHICAGO,2021,220,
CHICAGO,2021,219,
CHICAGO,2021,218,34.500000
CHICAGO,2021,217,34.500000
CHICAGO,2021,216,34.500000
CHICAGO,2021,215,34.500000
CHICAGO,2021,214,34.500000
CHICAGO,2021,213,
CHICAGO,2021,212,
CHICAGO,2021,211,34.500000
CHICAGO,2021,210,34.500000
CHICAGO,2021,209,34.500000
CHICAGO,2021,208,34.250000
CHICAGO,2021,207,34.250000
CHICAGO,2021,206,
CHICAGO,2021,205,
CHICAGO,2021,204,34.250000
CHICAGO,2021,203,34.250000
CHICAGO,2021,202,34.250000
CHICAGO,2021,201,34.250000
CHICAGO,2021,200,34.250000
CHICAGO,2021,199,
CHICAGO,2021,198,
CHICAGO,2021,197,34.250000
CHICAGO,2021,196,34.250000
CHICAGO,2021,195,34.250000
CHICAGO,2021,194,34.250000
CHICAGO,2021,193,36.250000
CHICAGO,2021,192,
CHICAGO,2021,191,
CHICAGO,2021,190,36.250000
CHICAGO,2021,189,36.250000
CHICAGO,2021,188,36.500000
CHICAGO,2021,187,36.500000
CHICAGO,2021,186,
CHICAGO,2021,185,
CHICAGO,2021,184,
CHICAGO,2021,183,36.500000
CHICAGO,2021,182,36.500000
CHICAGO,2021,181,36.500000
CHICAGO,2021,180,36.500000
CHICAGO,2021,179,33.000000
CHICAGO,2021,178,
CHICAGO,2021,177,
CHICAGO,2021,176,33.000000
CHICAGO,2021,175,33.000000
CHICAGO,2021,174,33.000000
CHICAGO,2021,173,31.000000
CHICAGO,2021,172,31.000000
CHICAGO,2021,171,
CHICAGO,2021,170,
CHICAGO,2021,169,31.000000
CHICAGO,2021,168,31.000000
CHICAGO,2021,167,31.000000
CHICAGO,2021,166,36.000000
CHICAGO,2021,165,36.000000
CHICAGO,2021,164,
CHICAGO,2021,163,
CHICAGO,2021,162,36.000000
CHICAGO,2021,161,36.000000
CHICAGO,2021,160,25.000000
CHICAGO,2021,159,25.000000
CHICAGO,2021,158,25.000000
CHICAGO,2021,157,
CHICAGO,2021,156,
CHICAGO,2021,155,25.000000
CHICAGO,2021,154,28.000000
CHICAGO,2021,153,28.000000
CHICAGO,2021,152,28.000000
CHICAGO,2021,151,
CHICAGO,2021,150,
CHICAGO,2021,149,
CHICAGO,2021,148,28.000000
CHICAGO,2021,147,28.000000
CHICAGO,2021,146,28.000000
CHICAGO,2021,145,28.000000
CHICAGO,2021,144,28.000000
CHICAGO,2021,143,
CHICAGO,2021,142,
CHICAGO,2021,141,28.000000
CHICAGO,2021,140,28.000000
CHICAGO,2021,139,28.000000
CHICAGO,2021,138,28.000000
CHICAGO,2021,137,26.000000
CHICAGO,2021,136,
CHICAGO,2021,135,
CHICAGO,2021,134,26.000000
CHICAGO,2021,133,26.000000
CHICAGO,2021,132,26.000000
CHICAGO,2021,131,26.000000
CHICAGO,2021,130,42.000000
CHICAGO,2021,129,
CHICAGO,2021,128,
CHICAGO,2021,127,42.000000
CHICAGO,2021,126,34.000000
CHICAGO,2021,125,34.000000
CHICAGO,2021,124,34.000000
CHICAGO,2021,123,34.000000
CHICAGO,2021,122,
CHICAGO,2021,121,
CHICAGO,2021,120,34.000000
CHICAGO,2021,119,34.000000
CHICAGO,2021,118,34.000000
CHICAGO,2021,117,34.000000
CHICAGO,2021,116,35.000000
CHICAGO,2021,115,
CHICAGO,2021,114,
CHICAGO,2021,113,35.000000
CHICAGO,2021,112,35.000000
CHICAGO,2021,111,35.000000
CHICAGO,2021,110,35.000000
CHICAGO,2021,109,21.500000
CHICAGO,2021,108,
CHICAGO,2021,107,
CHICAGO,2021,106,21.500000
CHICAGO,2021,105,22.750000
CHICAGO,2021,104,22.750000
CHICAGO,2021,103,22.750000
CHICAGO,2021,102,22.750000
CHICAGO,2021,101,
CHICAGO,2021,100,
CHICAGO,2021,99,22.750000
CHICAGO,2021,98,23.000000
CHICAGO,2021,97,23.000000
CHICAGO,2021,96,23.000000
CHICAGO,2021,95,23.000000
CHICAGO,2021,94,
CHICAGO,2021,93,
CHICAGO,2021,92,23.000000
CHICAGO,2021,91,23.000000
CHICAGO,2021,90,23.000000
CHICAGO,2021,89,23.000000
CHICAGO,2021,88,23.000000
CHICAGO,2021,87,
CHICAGO,2021,86,
CHICAGO,2021,85,23.000000
CHICAGO,2021,84,23.000000
CHICAGO,2021,83,23.000000
CHICAGO,2021,82,23.000000
CHICAGO,2021,81,23.000000
CHICAGO,2021,80,
CHICAGO,2021,79,
CHICAGO,2021,78,23.000000
CHICAGO,2021,77,23.000000
CHICAGO,2021,76,23.000000
CHICAGO,2021,75,23.250000
CHICAGO,2021,74,23.250000
CHICAGO,2021,73,
CHICAGO,2021,72,
CHICAGO,2021,71,23.250000
CHICAGO,2021,70,23.250000
CHICAGO,2021,69,23.250000
CHICAGO,2021,68,23.250000
CHICAGO,2021,67,23.250000
CHICAGO,2021,66,
CHICAGO,2021,65,
CHICAGO,2021,64,23.250000
CHICAGO,2021,63,23.000000
CHICAGO,2021,62,23.000000
CHICAGO,2021,61,23.000000
CHICAGO,2021,60,23.000000
CHICAGO,2021,59,
CHICAGO,2021,58,
CHICAGO,2021,57,23.000000
CHICAGO,2021,56,23.000000
CHICAGO,2021,55,23.000000
CHICAGO,2021,54,23.000000
CHICAGO,2021,53,24.250000
CHICAGO,2021,52,
CHICAGO,2021,51,
CHICAGO,2021,50,24.250000
CHICAGO,2021,49,24.250000
CHICAGO,2021,48,24.250000
CHICAGO,2021,47,24.250000
CHICAGO,2021,46,
CHICAGO,2021,45,
CHICAGO,2021,44,
CHICAGO,2021,43,24.250000
CHICAGO,2021,42,24.250000
CHICAGO,2021,41,24.250000
CHICAGO,2021,40,24.250000
CHICAGO,2021,39,24.250000
CHICAGO,2021,38,
CHICAGO,2021,37,
CHICAGO,2021,36,24.250000
CHICAGO,2021,35,24.250000
CHICAGO,2021,34,24.250000
CHICAGO,2021,33,24.250000
CHICAGO,2021,32,24.250000
CHICAGO,2021,31,
CHICAGO,2021,30,
CHICAGO,2021,29,24.250000
CHICAGO,2021,28,24.250000
CHICAGO,2021,27,24.500000
CHICAGO,2021,26,24.500000
CHICAGO,2021,25,24.500000
CHICAGO,2021,24,
CHICAGO,2021,23,
CHICAGO,2021,22,24.500000
CHICAGO,2021,21,24.500000
CHICAGO,2021,20,24.500000
CHICAGO,2021,19,24.500000
CHICAGO,2021,18,
CHICAGO,2021,17,
CHICAGO,2021,16,
CHICAGO,2021,15,24.500000
CHICAGO,2021,14,24.500000
CHICAGO,2021,13,23.750000
CHICAGO,2021,12,23.750000
CHICAGO,2021,11,20.250000
CHICAGO,2021,10,
CHICAGO,2021,9,
CHICAGO,2021,8,20.250000
CHICAGO,2021,7,20.250000
CHICAGO,2021,6,20.250000
CHICAGO,2021,5,20.250000
CHICAGO,2021,4,20.250000
CHICAGO,2021,3,
CHICAGO,2021,2,
LOS ANGELES,2021,366,
LOS ANGELES,2021,365,
LOS ANGELES,2021,364,
LOS ANGELES,2021,363,
LOS ANGELES,2021,362,
LOS ANGELES,2021,361,
LOS ANGELES,2021,360,
LOS ANGELES,2021,359,
LOS ANGELES,2021,358,
LOS ANGELES,2021,357,
LOS ANGELES,2021,356,
LOS ANGELES,2021,355,
LOS ANGELES,2021,354,
LOS ANGELES,2021,353,
LOS ANGELES,2021,352,
LOS ANGELES,2021,351,
LOS ANGELES,2021,350,
LOS ANGELES,2021,349,
LOS ANGELES,2021,348,
LOS ANGELES,2021,347,
LOS ANGELES,2021,346,
LOS ANGELES,2021,345,
LOS ANGELES,2021,344,
LOS ANGELES,2021,343,
LOS ANGELES,2021,342,
LOS ANGELES,2021,341,
LOS ANGELES,2021,340,
LOS ANGELES,2021,339,
LOS ANGELES,2021,338,
LOS ANGELES,2021,337,
LOS ANGELES,2021,336,
LOS ANGELES,2021,335,
LOS ANGELES,2021,334,
LOS ANGELES,2021,333,
LOS ANGELES,2021,332,
LOS ANGELES,2021,331,
LOS ANGELES,2021,330,
LOS ANGELES,2021,329,
LOS ANGELES,2021,328,
LOS ANGELES,2021,327,
LOS ANGELES,2021,326,
LOS ANGELES,2021,325,
LOS ANGELES,2021,324,
LOS ANGELES,2021,323,
LOS ANGELES,2021,322,
LOS ANGELES,2021,321,
LOS ANGELES,2021,320,
LOS ANGELES,2021,319,
LOS ANGELES,2021,318,
LOS ANGELES,2021,317,
LOS ANGELES,2021,316,
LOS ANGELES,2021,315,
LOS ANGELES,2021,314,
LOS ANGELES,2021,313,
LOS ANGELES,2021,312,
LOS ANGELES,2021,311,
LOS ANGELES,2021,310,
LOS ANGELES,2021,309,
LOS ANGELES,2021,308,
LOS ANGELES,2021,307,
LOS ANGELES,2021,306,
LOS ANGELES,2021,305,
LOS ANGELES,2021,304,
LOS ANGELES,2021,303,
LOS ANGELES,2021,302,
LOS ANGELES,2021,301,
LOS ANGELES,2021,300,
LOS ANGELES,2021,299,
LOS ANGELES,2021,298,
LOS ANGELES,2021,297,
LOS ANGELES,2021,296,
LOS ANGELES,2021,295,
LOS ANGELES,2021,294,
LOS ANGELES,2021,293,
LOS ANGELES,2021,292,
LOS ANGELES,2021,291,
LOS ANGELES,2021,290,
LOS ANGELES,2021,289,
LOS ANGELES,2021,288,
LOS ANGELES,2021,287,
LOS ANGELES,2021,286,
LOS ANGELES,2021,285,
LOS ANGELES,2021,284,
LOS ANGELES,2021,283,
LOS ANGELES,2021,282,
LOS ANGELES,2021,281,
LOS ANGELES,2021,280,
LOS ANGELES,2021,279,
LOS ANGELES,2021,278,
LOS ANGELES,2021,277,
LOS ANGELES,2021,276,
LOS ANGELES,2021,275,
LOS ANGELES,2021,274,
LOS ANGELES,2021,273,
LOS ANGELES,2021,272,
LOS ANGELES,2021,271,
LOS ANGELES,2021,270,
LOS ANGELES,2021,269,
LOS ANGELES,2021,268,
LOS ANGELES,2021,267,
LOS ANGELES,2021,266,
LOS ANGELES,2021,265,
LOS ANGELES,2021,264,
LOS ANGELES,2021,263,
LOS ANGELES,2021,262,
LOS ANGELES,2021,261,
LOS ANGELES,2021,260,
LOS ANGELES,2021,259,
LOS ANGELES,2021,258,25.000000
LOS ANGELES,2021,257,25.000000
LOS ANGELES,2021,256,25.000000
LOS ANGELES,2021,255,
LOS ANGELES,2021,254,
LOS ANGELES,2021,253,25.000000
LOS ANGELES,2021,252,25.000000
LOS ANGELES,2021,251,25.000000
LOS ANGELES,2021,250,25.000000
LOS ANGELES,2021,249,
LOS ANGELES,2021,248,
LOS ANGELES,2021,247,
LOS ANGELES,2021,246,25.000000
LOS ANGELES,2021,245,25.000000
LOS ANGELES,2021,244,35.000000
LOS ANGELES,2021,243,35.000000
LOS ANGELES,2021,242,35.000000
LOS ANGELES,2021,241,
LOS ANGELES,2021,240,
LOS ANGELES,2021,239,35.000000
LOS ANGELES,2021,238,35.000000
LOS ANGELES,2021,237,35.000000
LOS ANGELES,2021,236,35.000000
LOS ANGELES,2021,235,35.000000
LOS ANGELES,2021,234,
LOS ANGELES,2021,233,
LOS ANGELES,2021,232,35.000000
LOS ANGELES,2021,231,35.000000
LOS ANGELES,2021,230,35.000000
LOS ANGELES,2021,229,35.000000
LOS ANGELES,2021,228,35.000000
LOS ANGELES,2021,227,
LOS ANGELES,2021,226,
LOS ANGELES,2021,225,35.000000
LOS ANGELES,2021,224,35.000000
LOS ANGELES,2021,223,35.000000
LOS ANGELES,2021,222,35.000000
LOS ANGELES,2021,221,35.000000
LOS ANGELES,2021,220,
LOS ANGELES,2021,219,
LOS ANGELES,2021,218,35.000000
LOS ANGELES,2021,217,35.000000
LOS ANGELES,2021,216,35.000000
LOS ANGELES,2021,215,35.000000
LOS ANGELES,2021,214,35.000000
LOS ANGELES,2021,213,
LOS ANGELES,2021,212,
LOS ANGELES,2021,211,35.000000
LOS ANGELES,2021,210,35.000000
LOS ANGELES,2021,209,35.000000
LOS ANGELES,2021,208,35.000000
LOS ANGELES,2021,207,35.000000
LOS ANGELES,2021,206,
LOS ANGELES,2021,205,
LOS ANGELES,2021,204,35.000000
LOS ANGELES,2021,203,35.500000
LOS ANGELES,2021,202,35.500000
LOS ANGELES,2021,201,35.500000
LOS ANGELES,2021,200,35.500000
LOS ANGELES,2021,199,
LOS ANGELES,2021,198,
LOS ANGELES,2021,197,35.500000
LOS ANGELES,2021,196,35.500000
LOS ANGELES,2021,195,35.500000
LOS ANGELES,2021,194,35.500000
LOS ANGELES,2021,193,35.500000
LOS ANGELES,2021,192,
LOS ANGELES,2021,191,
LOS ANGELES,2021,190,35.500000
LOS ANGELES,2021,189,35.500000
LOS ANGELES,2021,188,35.500000
LOS ANGELES,2021,187,35.000000
LOS ANGELES,2021,186,
LOS ANGELES,2021,185,
LOS ANGELES,2021,184,
LOS ANGELES,2021,183,35.000000
LOS ANGELES,2021,182,35.000000
LOS ANGELES,2021,181,35.000000
LOS ANGELES,2021,180,35.000000
LOS ANGELES,2021,179,35.000000
LOS ANGELES,2021,178,
LOS ANGELES,2021,177,
LOS ANGELES,2021,176,35.000000
LOS ANGELES,2021,175,35.000000
LOS ANGELES,2021,174,35.000000
LOS ANGELES,2021,173,35.000000
LOS ANGELES,2021,172,35.000000
LOS ANGELES,2021,171,
LOS ANGELES,2021,170,
LOS ANGELES,2021,169,35.000000
LOS ANGELES,2021,168,35.000000
LOS ANGELES,2021,167,28.250000
LOS ANGELES,2021,166,28.250000
LOS ANGELES,2021,165,28.250000
LOS ANGELES,2021,164,
LOS ANGELES,2021,163,
LOS ANGELES,2021,162,28.250000
LOS ANGELES,2021,161,28.250000
LOS ANGELES,2021,160,28.250000
LOS ANGELES,2021,159,28.250000
LOS ANGELES,2021,158,28.250000
LOS ANGELES,2021,157,
LOS ANGELES,2021,156,
LOS ANGELES,2021,155,28.250000
LOS ANGELES,2021,154,28.250000
LOS ANGELES,2021,153,28.250000
LOS ANGELES,2021,152,28.250000
LOS ANGELES,2021,151,
LOS ANGELES,2021,150,
LOS ANGELES,2021,149,
LOS ANGELES,2021,148,28.250000
LOS ANGELES,2021,147,28.250000
LOS ANGELES,2021,146,28.250000
LOS ANGELES,2021,145,28.250000
LOS ANGELES,2021,144,25.000000
LOS ANGELES,2021,143,
LOS ANGELES,2021,142,
LOS ANGELES,2021,141,25.000000
LOS ANGELES,2021,140,25.000000
LOS ANGELES,2021,139,25.000000
LOS ANGELES,2021,138,25.000000
LOS ANGELES,2021,137,25.000000
LOS ANGELES,2021,136,
LOS ANGELES,2021,135,
LOS ANGELES,2021,134,25.000000
LOS ANGELES,2021,133,25.000000
LOS ANGELES,2021,132,25.000000
LOS ANGELES,2021,131,25.000000
LOS ANGELES,2021,130,25.000000
LOS ANGELES,2021,129,
LOS ANGELES,2021,128,
LOS ANGELES,2021,127,25.000000
LOS ANGELES,2021,126,25.000000
LOS ANGELES,2021,125,25.000000
LOS ANGELES,2021,124,25.000000
LOS ANGELES,2021,123,25.000000
LOS ANGELES,2021,122,
LOS ANGELES,2021,121,
LOS ANGELES,2021,120,25.000000
LOS ANGELES,2021,119,25.000000
LOS ANGELES,2021,118,25.000000
LOS ANGELES,2021,117,25.000000
LOS ANGELES,2021,116,25.000000
LOS ANGELES,2021,115,
LOS ANGELES,2021,114,
LOS ANGELES,2021,113,25.000000
LOS ANGELES,2021,112,25.000000
LOS ANGELES,2021,111,25.000000
LOS ANGELES,2021,110,25.000000
LOS ANGELES,2021,109,25.000000
LOS ANGELES,2021,108,
LOS ANGELES,2021,107,
LOS ANGELES,2021,106,25.000000
LOS ANGELES,2021,105,25.000000
LOS ANGELES,2021,104,25.000000
LOS ANGELES,2021,103,25.000000
LOS ANGELES,2021,102,25.000000
LOS ANGELES,2021,101,
LOS ANGELES,2021,100,
LOS ANGELES,2021,99,25.000000
LOS ANGELES,2021,98,25.000000
LOS ANGELES,2021,97,25.000000
LOS ANGELES,2021,96,25.000000
LOS ANGELES,2021,95,25.000000
LOS ANGELES,2021,94,
LOS ANGELES,2021,93,
LOS ANGELES,2021,92,25.000000
LOS ANGELES,2021,91,25.000000
LOS ANGELES,2021,90,25.000000
LOS ANGELES,2021,89,25.000000
LOS ANGELES,2021,88,25.000000
LOS ANGELES,2021,87,
LOS ANGELES,2021,86,
LOS ANGELES,2021,85,25.000000
LOS ANGELES,2021,84,25.000000
LOS ANGELES,2021,83,25.000000
LOS ANGELES,2021,82,25.000000
LOS ANGELES,2021,81,25.000000
LOS ANGELES,2021,80,
LOS ANGELES,2021,79,
LOS ANGELES,2021,78,25.000000
LOS ANGELES,2021,77,25.000000
LOS ANGELES,2021,76,25.000000
LOS ANGELES,2021,75,25.000000
LOS ANGELES,2021,74,25.000000
LOS ANGELES,2021,73,
LOS ANGELES,2021,72,
LOS ANGELES,2021,71,25.000000
LOS ANGELES,2021,70,25.000000
LOS ANGELES,2021,69,25.000000
LOS ANGELES,2021,68,25.000000
LOS ANGELES,2021,67,25.000000
LOS ANGELES,2021,66,
LOS ANGELES,2021,65,
LOS ANGELES,2021,64,25.000000
LOS ANGELES,2021,63,25.000000
LOS ANGELES,2021,62,25.000000
LOS ANGELES,2021,61,25.000000
LOS ANGELES,2021,60,25.000000
LOS ANGELES,2021,59,
LOS ANGELES,2021,58,
LOS ANGELES,2021,57,25.000000
LOS ANGELES,2021,56,25.000000
LOS ANGELES,2021,55,25.000000
LOS ANGELES,2021,54,25.000000
LOS ANGELES,2021,53,25.000000
LOS ANGELES,2021,52,
LOS ANGELES,2021,51,
LOS ANGELES,2021,50,25.000000
LOS ANGELES,2021,49,25.000000
LOS ANGELES,2021,48,25.000000
LOS ANGELES,2021,47,25.000000
LOS ANGELES,2021,46,
LOS ANGELES,2021,45,
LOS ANGELES,2021,44,
LOS ANGELES,2021,43,25.000000
LOS ANGELES,2021,42,25.000000
LOS ANGELES,2021,41,25.000000
LOS ANGELES,2021,40,25.000000
LOS ANGELES,2021,39,25.000000
LOS ANGELES,2021,38,
LOS ANGELES,2021,37,
LOS ANGELES,2021,36,25.000000
LOS ANGELES,2021,35,25.000000
LOS ANGELES,2021,34,25.000000
LOS ANGELES,2021,33,25.000000
LOS ANGELES,2021,32,25.000000
LOS ANGELES,2021,31,
LOS ANGELES,2021,30,
LOS ANGELES,2021,29,25.000000
LOS ANGELES,2021,28,25.000000
LOS ANGELES,2021,27,25.000000
LOS ANGELES,2021,26,25.000000
LOS ANGELES,2021,25,25.000000
LOS ANGELES,2021,24,
LOS ANGELES,2021,23,
LOS ANGELES,2021,22,25.000000
LOS ANGELES,2021,21,25.000000
LOS ANGELES,2021,20,25.000000
LOS ANGELES,2021,19,25.000000
LOS ANGELES,2021,18,
LOS ANGELES,2021,17,
LOS ANGELES,2021,16,
LOS ANGELES,2021,15,25.000000
LOS ANGELES,2021,14,25.000000
LOS ANGELES,2021,13,25.000000
LOS ANGELES,2021,12,25.000000
LOS ANGELES,2021,11,25.000000
LOS ANGELES,2021,10,
LOS ANGELES,2021,9,
LOS ANGELES,2021,8,25.000000
LOS ANGELES,2021,7,25.000000
LOS ANGELES,2021,6,25.000000
LOS ANGELES,2021,5,25.000000
LOS ANGELES,2021,4,25.000000
LOS ANGELES,2021,3,
LOS ANGELES,2021,2,
NEW YORK,2021,366,
NEW YORK,2021,365,
NEW YORK,2021,364,35.000000
NEW YORK,2021,363,35.000000
NEW YORK,2021,362,33.666666
NEW YORK,2021,361,34.000000
NEW YORK,2021,360,
NEW YORK,2021,359,
NEW YORK,2021,358,
NEW YORK,2021,357,45.000000
NEW YORK,2021,356,45.000000
NEW YORK,2021,355,45.000000
NEW YORK,2021,354,45.000000
NEW YORK,2021,353,
NEW YORK,2021,352,
NEW YORK,2021,351,50.000000
NEW YORK,2021,350,46.000000
NEW YORK,2021,349,46.000000
NEW YORK,2021,348,43.000000
NEW YORK,2021,347,36.000000
NEW YORK,2021,346,
NEW YORK,2021,345,
NEW YORK,2021,344,65.000000
NEW YORK,2021,343,65.000000
NEW YORK,2021,342,47.250000
NEW YORK,2021,341,49.750000
NEW YORK,2021,340,49.750000
NEW YORK,2021,339,
NEW YORK,2021,338,
NEW YORK,2021,337,55.000000
NEW YORK,2021,336,55.000000
NEW YORK,2021,335,55.000000
NEW YORK,2021,334,80.000000
NEW YORK,2021,333,80.000000
NEW YORK,2021,332,
NEW YORK,2021,331,
NEW YORK,2021,330,
NEW YORK,2021,329,
NEW YORK,2021,328,80.000000
NEW YORK,2021,327,80.000000
NEW YORK,2021,326,80.000000
NEW YORK,2021,325,
NEW YORK,2021,324,
NEW YORK,2021,323,45.000000
NEW YORK,2021,322,45.000000
NEW YORK,2021,321,45.500000
NEW YORK,2021,320,46.000000
NEW YORK,2021,319,46.000000
NEW YORK,2021,318,
NEW YORK,2021,317,
NEW YORK,2021,316,48.000000
NEW YORK,2021,315,
NEW YORK,2021,314,48.000000
NEW YORK,2021,313,48.000000
NEW YORK,2021,312,48.000000
NEW YORK,2021,311,
NEW YORK,2021,310,
NEW YORK,2021,309,30.500000
NEW YORK,2021,308,30.500000
NEW YORK,2021,307,30.500000
NEW YORK,2021,306,30.500000
NEW YORK,2021,305,30.500000
NEW YORK,2021,304,
NEW YORK,2021,303,
NEW YORK,2021,302,26.666666
NEW YORK,2021,301,26.666666
NEW YORK,2021,300,26.666666
NEW YORK,2021,299,26.333333
NEW YORK,2021,298,26.333333
NEW YORK,2021,297,
NEW YORK,2021,296,
NEW YORK,2021,295,37.000000
NEW YORK,2021,294,37.000000
NEW YORK,2021,293,37.000000
NEW YORK,2021,292,37.000000
NEW YORK,2021,291,37.000000
NEW YORK,2021,290,
NEW YORK,2021,289,
NEW YORK,2021,288,37.000000
NEW YORK,2021,287,37.000000
NEW YORK,2021,286,37.000000
NEW YORK,2021,285,36.000000
NEW YORK,2021,284,
NEW YORK,2021,283,
NEW YORK,2021,282,
NEW YORK,2021,281,36.000000
NEW YORK,2021,280,36.000000
NEW YORK,2021,279,36.000000
NEW YORK,2021,278,36.000000
NEW YORK,2021,277,36.000000
NEW YORK,2021,276,
NEW YORK,2021,275,
NEW YORK,2021,274,32.000000
NEW YORK,2021,273,32.000000
NEW YORK,2021,272,32.000000
NEW YORK,2021,271,32.000000
NEW YORK,2021,270,32.000000
NEW YORK,2021,269,
NEW YORK,2021,268,
NEW YORK,2021,267,35.000000
NEW YORK,2021,266,35.000000
NEW YORK,2021,265,35.000000
NEW YORK,2021,264,35.000000
NEW YORK,2021,263,38.000000
NEW YORK,2021,262,
NEW YORK,2021,261,
NEW YORK,2021,260,36.000000
NEW YORK,2021,259,36.000000
NEW YORK,2021,258,36.000000
NEW YORK,2021,257,36.000000
NEW YORK,2021,256,36.000000
NEW YORK,2021,255,
NEW YORK,2021,254,
NEW YORK,2021,253,33.000000
NEW YORK,2021,252,33.000000
NEW YORK,2021,251,33.000000
NEW YORK,2021,250,34.000000
NEW YORK,2021,249,
NEW YORK,2021,248,
NEW YORK,2021,247,
NEW YORK,2021,246,34.000000
NEW YORK,2021,245,34.000000
NEW YORK,2021,244,34.000000
NEW YORK,2021,243,34.000000
NEW YORK,2021,242,34.000000
NEW YORK,2021,241,
NEW YORK,2021,240,
NEW YORK,2021,239,22.000000
NEW YORK,2021,238,22.000000
NEW YORK,2021,237,29.000000
NEW YORK,2021,236,29.000000
NEW YORK,2021,235,35.000000
NEW YORK,2021,234,
NEW YORK,2021,233,
NEW YORK,2021,232,40.000000
NEW YORK,2021,231,40.000000
NEW YORK,2021,230,40.000000
NEW YORK,2021,229,40.000000
NEW YORK,2021,228,
NEW YORK,2021,227,
NEW YORK,2021,226,
NEW YORK,2021,225,31.000000
NEW YORK,2021,224,31.000000
NEW YORK,2021,223,32.000000
NEW YORK,2021,222,32.000000
NEW YORK,2021,221,32.000000
NEW YORK,2021,220,
NEW YORK,2021,219,
NEW YORK,2021,218,36.000000
NEW YORK,2021,217,36.000000
NEW YORK,2021,216,36.000000
NEW YORK,2021,215,36.000000
NEW YORK,2021,214,32.000000
NEW YORK,2021,213,
NEW YORK,2021,212,
NEW YORK,2021,211,
NEW YORK,2021,210,
NEW YORK,2021,209,
NEW YORK,2021,208,
NEW YORK,2021,207,
NEW YORK,2021,206,
NEW YORK,2021,205,
NEW YORK,2021,204,36.000000
NEW YORK,2021,203,36.000000
NEW YORK,2021,202,37.500000
NEW YORK,2021,201,40.000000
NEW YORK,2021,200,40.000000
NEW YORK,2021,199,
NEW YORK,2021,198,
NEW YORK,2021,197,38.500000
NEW YORK,2021,196,38.500000
NEW YORK,2021,195,38.500000
NEW YORK,2021,194,29.500000
NEW YORK,2021,193,29.666666
NEW YORK,2021,192,
NEW YORK,2021,191,
NEW YORK,2021,190,30.000000
NEW YORK,2021,189,30.000000
NEW YORK,2021,188,30.000000
NEW YORK,2021,187,33.500000
NEW YORK,2021,186,
NEW YORK,2021,185,
NEW YORK,2021,184,
NEW YORK,2021,183,28.000000
NEW YORK,2021,182,28.000000
NEW YORK,2021,181,35.500000
NEW YORK,2021,180,35.500000
NEW YORK,2021,179,27.500000
NEW YORK,2021,178,
NEW YORK,2021,177,
NEW YORK,2021,176,27.500000
NEW YORK,2021,175,27.500000
NEW YORK,2021,174,27.500000
NEW YORK,2021,173,27.500000
NEW YORK,2021,172,27.500000
NEW YORK,2021,171,
NEW YORK,2021,170,
NEW YORK,2021,169,21.750000
NEW YORK,2021,168,35.333333
NEW YORK,2021,167,35.333333
NEW YORK,2021,166,35.333333
NEW YORK,2021,165,32.875000
NEW YORK,2021,164,
NEW YORK,2021,163,
NEW YORK,2021,162,33.875000
NEW YORK,2021,161,33.875000
NEW YORK,2021,160,33.875000
NEW YORK,2021,159,33.875000
NEW YORK,2021,158,43.833333
NEW YORK,2021,157,
NEW YORK,2021,156,
NEW YORK,2021,155,43.000000
NEW YORK,2021,154,45.000000
NEW YORK,2021,153,45.000000
NEW YORK,2021,152,48.333333
NEW YORK,2021,151,
NEW YORK,2021,150,
NEW YORK,2021,149,
NEW YORK,2021,148,61.333333
NEW YORK,2021,147,61.333333
NEW YORK,2021,146,60.750000
NEW YORK,2021,145,60.750000
NEW YORK,2021,144,63.250000
NEW YORK,2021,143,
NEW YORK,2021,142,
NEW YORK,2021,141,50.750000
NEW YORK,2021,140,50.750000
NEW YORK,2021,139,60.166666
NEW YORK,2021,138,72.500000
NEW YORK,2021,137,
NEW YORK,2021,136,
NEW YORK,2021,135,
NEW YORK,2021,134,42.000000
NEW YORK,2021,133,42.000000
NEW YORK,2021,132,42.000000
NEW YORK,2021,131,42.000000
NEW YORK,2021,130,42.000000
NEW YORK,2021,129,
NEW YORK,2021,128,
NEW YORK,2021,127,42.000000
NEW YORK,2021,126,42.000000
NEW YORK,2021,125,42.000000
NEW YORK,2021,124,42.000000
NEW YORK,2021,123,42.000000
NEW YORK,2021,122,
NEW YORK,2021,121,
NEW YORK,2021,120,42.000000
NEW YORK,2021,119,42.000000
NEW YORK,2021,118,42.000000
NEW YORK,2021,117,38.000000
NEW YORK,2021,116,38.000000
NEW YORK,2021,115,
NEW YORK,2021,114,
NEW YORK,2021,113,38.000000
NEW YORK,2021,112,31.000000
NEW YORK,2021,111,31.000000
NEW YORK,2021,110,31.000000
NEW YORK,2021,109,27.000000
NEW YORK,2021,108,
NEW YORK,2021,107,
NEW YORK,2021,106,23.750000
NEW YORK,2021,105,23.750000
NEW YORK,2021,104,23.750000
NEW YORK,2021,103,23.750000
NEW YORK,2021,102,23.750000
NEW YORK,2021,101,
NEW YORK,2021,100,
NEW YORK,2021,99,19.000000
NEW YORK,2021,98,19.000000
NEW YORK,2021,97,19.333333
NEW YORK,2021,96,19.333333
NEW YORK,2021,95,
NEW YORK,2021,94,
NEW YORK,2021,93,
NEW YORK,2021,92,19.500000
NEW YORK,2021,91,19.500000
NEW YORK,2021,90,19.500000
NEW YORK,2021,89,19.500000
NEW YORK,2021,88,19.500000
NEW YORK,2021,87,
NEW YORK,2021,86,
NEW YORK,2021,85,19.500000
NEW YORK,2021,84,19.500000
NEW YORK,2021,83,19.500000
NEW YORK,2021,82,17.500000
NEW YORK,2021,81,14.333333
NEW YORK,2021,80,
NEW YORK,2021,79,
NEW YORK,2021,78,14.333333
NEW YORK,2021,77,14.333333
NEW YORK,2021,76,14.333333
NEW YORK,2021,75,14.333333
NEW YORK,2021,74,20.000000
NEW YORK,2021,73,
NEW YORK,2021,72,
NEW YORK,2021,71,20.000000
NEW YORK,2021,70,20.000000
NEW YORK,2021,69,20.000000
NEW YORK,2021,68,20.000000
NEW YORK,2021,67,23.000000
NEW YORK,2021,66,
NEW YORK,2021,65,
NEW YORK,2021,64,23.000000
NEW YORK,2021,63,26.000000
NEW YORK,2021,62,26.000000
NEW YORK,2021,61,26.000000
NEW YORK,2021,60,26.000000
NEW YORK,2021,59,
NEW YORK,2021,58,
NEW YORK,2021,57,26.000000
NEW YORK,2021,56,26.000000
NEW YORK,2021,55,26.000000
NEW YORK,2021,54,26.000000
NEW YORK,2021,53,26.000000
NEW YORK,2021,52,
NEW YORK,2021,51,
NEW YORK,2021,50,26.000000
NEW YORK,2021,49,26.000000
NEW YORK,2021,48,26.000000
NEW YORK,2021,47,26.000000
NEW YORK,2021,46,
NEW YORK,2021,45,
NEW YORK,2021,44,
NEW YORK,2021,43,26.000000
NEW YORK,2021,42,26.000000
NEW YORK,2021,41,26.000000
NEW YORK,2021,40,26.000000
NEW YORK,2021,39,26.000000
NEW YORK,2021,38,
NEW YORK,2021,37,
NEW YORK,2021,36,26.000000
NEW YORK,2021,35,26.000000
NEW YORK,2021,34,26.000000
NEW YORK,2021,33,18.000000
NEW YORK,2021,32,18.000000
NEW YORK,2021,31,
NEW YORK,2021,30,
NEW YORK,2021,29,18.000000
NEW YORK,2021,28,18.000000
NEW YORK,2021,27,18.000000
NEW YORK,2021,26,18.000000
NEW YORK,2021,25,26.000000
NEW YORK,2021,24,
NEW YORK,2021,23,
NEW YORK,2021,22,20.666666
NEW YORK,2021,21,20.666666
NEW YORK,2021,20,23.000000
NEW YORK,2021,19,23.000000
NEW YORK,2021,18,
NEW YORK,2021,17,
NEW YORK,2021,16,
NEW YORK,2021,15,23.000000
NEW YORK,2021,14,16.500000
NEW YORK,2021,13,16.500000
NEW YORK,2021,12,23.000000
NEW YORK,2021,11,23.000000
NEW YORK,2021,10,
NEW YORK,2021,9,
NEW YORK,2021,8,24.000000
NEW YORK,2021,7,24.000000
NEW YORK,2021,6,28.000000
NEW YORK,2021,5,28.000000
NEW YORK,2021,4,28.000000
NEW YORK,2021,3,
NEW YORK,2021,2,
PHILADELPHIA,2021,366,
PHILADELPHIA,2021,365,
PHILADELPHIA,2021,364,
PHILADELPHIA,2021,363,
PHILADELPHIA,2021,362,
PHILADELPHIA,2021,361,
PHILADELPHIA,2021,360,
PHILADELPHIA,2021,359,
PHILADELPHIA,2021,358,
PHILADELPHIA,2021,357,
PHILADELPHIA,2021,356,
PHILADELPHIA,2021,355,
PHILADELPHIA,2021,354,
PHILADELPHIA,2021,353,
PHILADELPHIA,2021,352,
PHILADELPHIA,2021,351,
PHILADELPHIA,2021,350,
PHILADELPHIA,2021,349,
PHILADELPHIA,2021,348,
PHILADELPHIA,2021,347,
PHILADELPHIA,2021,346,
PHILADELPHIA,2021,345,
PHILADELPHIA,2021,344,
PHILADELPHIA,2021,343,
PHILADELPHIA,2021,342,
PHILADELPHIA,2021,341,
PHILADELPHIA,2021,340,
PHILADELPHIA,2021,339,
PHILADELPHIA,2021,338,
PHILADELPHIA,2021,337,
PHILADELPHIA,2021,336,
PHILADELPHIA,2021,335,
PHILADELPHIA,2021,334,
PHILADELPHIA,2021,333,
PHILADELPHIA,2021,332,
PHILADELPHIA,2021,331,
PHILADELPHIA,2021,330,
PHILADELPHIA,2021,329,
PHILADELPHIA,2021,328,
PHILADELPHIA,2021,327,
PHILADELPHIA,2021,326,
PHILADELPHIA,2021,325,
PHILADELPHIA,2021,324,
PHILADELPHIA,2021,323,
PHILADELPHIA,2021,322,
PHILADELPHIA,2021,321,
PHILADELPHIA,2021,320,
PHILADELPHIA,2021,319,
PHILADELPHIA,2021,318,
PHILADELPHIA,2021,317,
PHILADELPHIA,2021,316,
PHILADELPHIA,2021,315,
PHILADELPHIA,2021,314,
PHILADELPHIA,2021,313,
PHILADELPHIA,2021,312,
PHILADELPHIA,2021,311,
PHILADELPHIA,2021,310,
PHILADELPHIA,2021,309,
PHILADELPHIA,2021,308,
PHILADELPHIA,2021,307,
PHILADELPHIA,2021,306,
PHILADELPHIA,2021,305,
PHILADELPHIA,2021,304,
PHILADELPHIA,2021,303,
PHILADELPHIA,2021,302,
PHILADELPHIA,2021,301,
PHILADELPHIA,2021,300,
PHILADELPHIA,2021,299,
PHILADELPHIA,2021,298,
PHILADELPHIA,2021,297,
PHILADELPHIA,2021,296,
PHILADELPHIA,2021,295,27.500000
PHILADELPHIA,2021,294,
PHILADELPHIA,2021,293,
PHILADELPHIA,2021,292,
PHILADELPHIA,2021,291,
PHILADELPHIA,2021,290,
PHILADELPHIA,2021,289,
PHILADELPHIA,2021,288,
PHILADELPHIA,2021,287,
PHILADELPHIA,2021,286,
PHILADELPHIA,2021,285,
PHILADELPHIA,2021,284,
PHILADELPHIA,2021,283,
PHILADELPHIA,2021,282,
PHILADELPHIA,2021,281,
PHILADELPHIA,2021,280,
PHILADELPHIA,2021,279,
PHILADELPHIA,2021,278,
PHILADELPHIA,2021,277,
PHILADELPHIA,2021,276,
PHILADELPHIA,2021,275,
PHILADELPHIA,2021,274,
PHILADELPHIA,2021,273,
PHILADELPHIA,2021,272,
PHILADELPHIA,2021,271,
PHILADELPHIA,2021,270,
PHILADELPHIA,2021,269,
PHILADELPHIA,2021,268,
PHILADELPHIA,2021,267,
PHILADELPHIA,2021,266,
PHILADELPHIA,2021,265,
PHILADELPHIA,2021,264,
PHILADELPHIA,2021,263,
PHILADELPHIA,2021,262,
PHILADELPHIA,2021,261,
PHILADELPHIA,2021,260,
PHILADELPHIA,2021,259,
PHILADELPHIA,2021,258,
PHILADELPHIA,2021,257,
PHILADELPHIA,2021,256,
PHILADELPHIA,2021,255,
PHILADELPHIA,2021,254,
PHILADELPHIA,2021,253,
PHILADELPHIA,2021,252,
PHILADELPHIA,2021,251,
PHILADELPHIA,2021,250,
PHILADELPHIA,2021,249,
PHILADELPHIA,2021,248,
PHILADELPHIA,2021,247,
PHILADELPHIA,2021,246,
PHILADELPHIA,2021,245,
PHILADELPHIA,2021,244,
PHILADELPHIA,2021,243,
PHILADELPHIA,2021,242,
PHILADELPHIA,2021,241,
PHILADELPHIA,2021,240,
PHILADELPHIA,2021,239,
PHILADELPHIA,2021,238,
PHILADELPHIA,2021,237,
PHILADELPHIA,2021,236,
PHILADELPHIA,2021,235,
PHILADELPHIA,2021,234,
PHILADELPHIA,2021,233,
PHILADELPHIA,2021,232,
PHILADELPHIA,2021,231,
PHILADELPHIA,2021,230,
PHILADELPHIA,2021,229,
PHILADELPHIA,2021,228,
PHILADELPHIA,2021,227,
PHILADELPHIA,2021,226,
PHILADELPHIA,2021,225,
PHILADELPHIA,2021,224,
PHILADELPHIA,2021,223,
PHILADELPHIA,2021,222,
PHILADELPHIA,2021,221,
PHILADELPHIA,2021,220,
PHILADELPHIA,2021,219,
PHILADELPHIA,2021,218,
PHILADELPHIA,2021,217,
PHILADELPHIA,2021,216,
PHILADELPHIA,2021,215,
PHILADELPHIA,2021,214,
PHILADELPHIA,2021,213,
PHILADELPHIA,2021,212,
PHILADELPHIA,2021,211,
PHILADELPHIA,2021,210,
PHILADELPHIA,2021,209,
PHILADELPHIA,2021,208,
PHILADELPHIA,2021,207,
PHILADELPHIA,2021,206,
PHILADELPHIA,2021,205,
PHILADELPHIA,2021,204,
PHILADELPHIA,2021,203,
PHILADELPHIA,2021,202,
PHILADELPHIA,2021,201,
PHILADELPHIA,2021,200,
PHILADELPHIA,2021,199,
PHILADELPHIA,2021,198,
PHILADELPHIA,2021,197,
PHILADELPHIA,2021,196,
PHILADELPHIA,2021,195,
PHILADELPHIA,2021,194,
PHILADELPHIA,2021,193,
PHILADELPHIA,2021,192,
PHILADELPHIA,2021,191,
PHILADELPHIA,2021,190,
PHILADELPHIA,2021,189,
PHILADELPHIA,2021,188,
PHILADELPHIA,2021,187,
PHILADELPHIA,2021,186,
PHILADELPHIA,2021,185,
PHILADELPHIA,2021,184,
PHILADELPHIA,2021,183,
PHILADELPHIA,2021,182,
PHILADELPHIA,2021,181,
PHILADELPHIA,2021,180,
PHILADELPHIA,2021,179,
PHILADELPHIA,2021,178,
PHILADELPHIA,2021,177,
PHILADELPHIA,2021,176,
PHILADELPHIA,2021,175,
PHILADELPHIA,2021,174,
PHILADELPHIA,2021,173,
PHILADELPHIA,2021,172,
PHILADELPHIA,2021,171,
PHILADELPHIA,2021,170,
PHILADELPHIA,2021,169,
PHILADELPHIA,2021,168,
PHILADELPHIA,2021,167,
PHILADELPHIA,2021,166,
PHILADELPHIA,2021,165,
PHILADELPHIA,2021,164,
PHILADELPHIA,2021,163,
PHILADELPHIA,2021,162,
PHILADELPHIA,2021,161,
PHILADELPHIA,2021,160,
PHILADELPHIA,2021,159,
PHILADELPHIA,2021,158,
PHILADELPHIA,2021,157,
PHILADELPHIA,2021,156,
PHILADELPHIA,2021,155,
PHILADELPHIA,2021,154,
PHILADELPHIA,2021,153,
PHILADELPHIA,2021,152,
PHILADELPHIA,2021,151,
PHILADELPHIA,2021,150,
PHILADELPHIA,2021,149,
PHILADELPHIA,2021,148,38.000000
PHILADELPHIA,2021,147,38.000000
PHILADELPHIA,2021,146,38.000000
PHILADELPHIA,2021,145,38.000000
PHILADELPHIA,2021,144,55.000000
PHILADELPHIA,2021,143,
PHILADELPHIA,2021,142,
PHILADELPHIA,2021,141,55.000000
PHILADELPHIA,2021,140,55.000000
PHILADELPHIA,2021,139,55.000000
PHILADELPHIA,2021,138,55.000000
PHILADELPHIA,2021,137,55.000000
PHILADELPHIA,2021,136,
PHILADELPHIA,2021,135,
PHILADELPHIA,2021,134,29.500000
PHILADELPHIA,2021,133,29.500000
PHILADELPHIA,2021,132,29.500000
PHILADELPHIA,2021,131,29.500000
PHILADELPHIA,2021,130,29.500000
PHILADELPHIA,2021,129,
PHILADELPHIA,2021,128,
PHILADELPHIA,2021,127,29.500000
PHILADELPHIA,2021,126,29.500000
PHILADELPHIA,2021,125,29.500000
PHILADELPHIA,2021,124,29.500000
PHILADELPHIA,2021,123,29.500000
PHILADELPHIA,2021,122,
PHILADELPHIA,2021,121,
PHILADELPHIA,2021,120,24.000000
PHILADELPHIA,2021,119,24.000000
PHILADELPHIA,2021,118,24.000000
PHILADELPHIA,2021,117,24.000000
PHILADELPHIA,2021,116,24.000000
PHILADELPHIA,2021,115,
PHILADELPHIA,2021,114,
PHILADELPHIA,2021,113,20.000000
PHILADELPHIA,2021,112,20.000000
PHILADELPHIA,2021,111,20.000000
PHILADELPHIA,2021,110,20.000000
PHILADELPHIA,2021,109,20.000000
PHILADELPHIA,2021,108,
PHILADELPHIA,2021,107,
PHILADELPHIA,2021,106,21.000000
PHILADELPHIA,2021,105,21.000000
PHILADELPHIA,2021,104,21.000000
PHILADELPHIA,2021,103,21.000000
PHILADELPHIA,2021,102,21.000000
PHILADELPHIA,2021,101,
PHILADELPHIA,2021,100,
PHILADELPHIA,2021,99,21.000000
PHILADELPHIA,2021,98,21.000000
PHILADELPHIA,2021,97,21.000000
PHILADELPHIA,2021,96,21.000000
PHILADELPHIA,2021,95,
PHILADELPHIA,2021,94,
PHILADELPHIA,2021,93,
PHILADELPHIA,2021,92,21.000000
PHILADELPHIA,2021,91,21.000000
PHILADELPHIA,2021,90,21.000000
PHILADELPHIA,2021,89,21.000000
PHILADELPHIA,2021,88,21.000000
PHILADELPHIA,2021,87,
PHILADELPHIA,2021,86,
PHILADELPHIA,2021,85,20.000000
PHILADELPHIA,2021,84,20.000000
PHILADELPHIA,2021,83,20.000000
PHILADELPHIA,2021,82,20.000000
PHILADELPHIA,2021,81,20.000000
PHILADELPHIA,2021,80,
PHILADELPHIA,2021,79,
PHILADELPHIA,2021,78,20.000000
PHILADELPHIA,2021,77,20.000000
PHILADELPHIA,2021,76,20.000000
PHILADELPHIA,2021,75,20.000000
PHILADELPHIA,2021,74,20.000000
PHILADELPHIA,2021,73,
PHILADELPHIA,2021,72,
PHILADELPHIA,2021,71,21.500000
PHILADELPHIA,2021,70,21.500000
PHILADELPHIA,2021,69,21.500000
PHILADELPHIA,2021,68,21.500000
PHILADELPHIA,2021,67,21.500000
PHILADELPHIA,2021,66,
PHILADELPHIA,2021,65,
PHILADELPHIA,2021,64,22.500000
PHILADELPHIA,2021,63,22.500000
PHILADELPHIA,2021,62,22.500000
PHILADELPHIA,2021,61,22.500000
PHILADELPHIA,2021,60,22.500000
PHILADELPHIA,2021,59,
PHILADELPHIA,2021,58,
PHILADELPHIA,2021,57,21.000000
PHILADELPHIA,2021,56,21.000000
PHILADELPHIA,2021,55,21.000000
PHILADELPHIA,2021,54,21.000000
PHILADELPHIA,2021,53,21.000000
PHILADELPHIA,2021,52,
PHILADELPHIA,2021,51,
PHILADELPHIA,2021,50,31.000000
PHILADELPHIA,2021,49,31.000000
PHILADELPHIA,2021,48,31.000000
PHILADELPHIA,2021,47,31.000000
PHILADELPHIA,2021,46,
PHILADELPHIA,2021,45,
PHILADELPHIA,2021,44,
PHILADELPHIA,2021,43,29.000000
PHILADELPHIA,2021,42,29.000000
PHILADELPHIA,2021,41,29.000000
PHILADELPHIA,2021,40,29.000000
PHILADELPHIA,2021,39,29.000000
PHILADELPHIA,2021,38,
PHILADELPHIA,2021,37,
PHILADELPHIA,2021,36,30.000000
PHILADELPHIA,2021,35,30.000000
PHILADELPHIA,2021,34,30.000000
PHILADELPHIA,2021,33,19.500000
PHILADELPHIA,2021,32,
PHILADELPHIA,2021,31,
PHILADELPHIA,2021,30,
PHILADELPHIA,2021,29,19.500000
PHILADELPHIA,2021,28,19.500000
PHILADELPHIA,2021,27,20.500000
PHILADELPHIA,2021,26,20.500000
PHILADELPHIA,2021,25,20.500000
PHILADELPHIA,2021,24,
PHILADELPHIA,2021,23,
PHILADELPHIA,2021,22,20.500000
PHILADELPHIA,2021,21,20.500000
PHILADELPHIA,2021,20,20.500000
PHILADELPHIA,2021,19,20.500000
PHILADELPHIA,2021,18,
PHILADELPHIA,2021,17,
PHILADELPHIA,2021,16,
PHILADELPHIA,2021,15,19.500000
PHILADELPHIA,2021,14,19.500000
PHILADELPHIA,2021,13,19.500000
PHILADELPHIA,2021,12,19.500000
PHILADELPHIA,2021,11,19.500000
PHILADELPHIA,2021,10,
PHILADELPHIA,2021,9,
PHILADELPHIA,2021,8,19.000000
PHILADELPHIA,2021,7,19.000000
PHILADELPHIA,2021,6,19.000000
PHILADELPHIA,2021,5,19.000000
PHILADELPHIA,2021,4,19.000000
PHILADELPHIA,2021,3,
PHILADELPHIA,2021,2,
BALTIMORE,2020,366,
BALTIMORE,2020,365,24.000000
BALTIMORE,2020,364,24.000000
BALTIMORE,2020,363,
BALTIMORE,2020,362,
BALTIMORE,2020,361,
BALTIMORE,2020,360,
BALTIMORE,2020,359,
BALTIMORE,2020,358,
BALTIMORE,2020,357,
BALTIMORE,2020,356,
BALTIMORE,2020,355,
BALTIMORE,2020,354,
BALTIMORE,2020,353,
BALTIMORE,2020,352,
BALTIMORE,2020,351,
BALTIMORE,2020,350,
BALTIMORE,2020,349,
BALTIMORE,2020,348,
BALTIMORE,2020,347,
BALTIMORE,2020,346,
BALTIMORE,2020,345,
BALTIMORE,2020,344,
BALTIMORE,2020,343,
BALTIMORE,2020,342,
BALTIMORE,2020,341,
BALTIMORE,2020,340,
BALTIMORE,2020,339,
BALTIMORE,2020,338,
BALTIMORE,2020,337,
BALTIMORE,2020,336,
BALTIMORE,2020,335,
BALTIMORE,2020,334,
BALTIMORE,2020,333,
BALTIMORE,2020,332,
BALTIMORE,2020,331,
BALTIMORE,2020,330,
BALTIMORE,2020,329,
BALTIMORE,2020,328,
BALTIMORE,2020,327,
BALTIMORE,2020,326,
BALTIMORE,2020,325,
BALTIMORE,2020,324,
BALTIMORE,2020,323,
BALTIMORE,2020,322,
BALTIMORE,2020,321,
BALTIMORE,2020,320,
BALTIMORE,2020,319,
BALTIMORE,2020,318,
BALTIMORE,2020,317,
BALTIMORE,2020,316,
BALTIMORE,2020,315,
BALTIMORE,2020,314,
BALTIMORE,2020,313,
BALTIMORE,2020,312,
BALTIMORE,2020,311,
BALTIMORE,2020,310,
BALTIMORE,2020,309,
BALTIMORE,2020,308,
BALTIMORE,2020,307,
BALTIMORE,2020,306,
BALTIMORE,2020,305,
BALTIMORE,2020,304,
BALTIMORE,2020,303,
BALTIMORE,2020,302,
BALTIMORE,2020,301,
BALTIMORE,2020,300,
BALTIMORE,2020,299,
BALTIMORE,2020,298,
BALTIMORE,2020,297,
BALTIMORE,2020,296,
BALTIMORE,2020,295,
BALTIMORE,2020,294,
BALTIMORE,2020,293,
BALTIMORE,2020,292,
BALTIMORE,2020,291,
BALTIMORE,2020,290,
BALTIMORE,2020,289,
BALTIMORE,2020,288,
BALTIMORE,2020,287,
BALTIMORE,2020,286,
BALTIMORE,2020,285,
BALTIMORE,2020,284,
BALTIMORE,2020,283,
BALTIMORE,2020,282,
BALTIMORE,2020,281,
BALTIMORE,2020,280,
BALTIMORE,2020,279,
BALTIMORE,2020,278,
BALTIMORE,2020,277,
BALTIMORE,2020,276,
BALTIMORE,2020,275,
BALTIMORE,2020,274,
BALTIMORE,2020,273,
BALTIMORE,2020,272,
BALTIMORE,2020,271,
BALTIMORE,2020,270,
BALTIMORE,2020,269,
BALTIMORE,2020,268,
BALTIMORE,2020,267,
BALTIMORE,2020,266,
BALTIMORE,2020,265,
BALTIMORE,2020,264,
BALTIMORE,2020,263,
BALTIMORE,2020,262,
BALTIMORE,2020,261,
BALTIMORE,2020,260,
BALTIMORE,2020,259,
BALTIMORE,2020,258,
BALTIMORE,2020,257,
BALTIMORE,2020,256,
BALTIMORE,2020,255,
BALTIMORE,2020,254,
BALTIMORE,2020,253,
BALTIMORE,2020,252,
BALTIMORE,2020,251,
BALTIMORE,2020,250,
BALTIMORE,2020,249,
BALTIMORE,2020,248,
BALTIMORE,2020,247,
BALTIMORE,2020,246,
BALTIMORE,2020,245,
BALTIMORE,2020,244,
BALTIMORE,2020,243,
BALTIMORE,2020,242,
BALTIMORE,2020,241,
BALTIMORE,2020,240,
BALTIMORE,2020,239,
BALTIMORE,2020,238,
BALTIMORE,2020,237,
BALTIMORE,2020,236,
BALTIMORE,2020,235,
BALTIMORE,2020,234,26.000000
BALTIMORE,2020,233,26.500000
BALTIMORE,2020,232,26.500000
BALTIMORE,2020,231,26.500000
BALTIMORE,2020,230,
BALTIMORE,2020,229,
BALTIMORE,2020,228,
BALTIMORE,2020,227,
BALTIMORE,2020,226,
BALTIMORE,2020,225,
BALTIMORE,2020,224,
BALTIMORE,2020,223,
BALTIMORE,2020,222,
BALTIMORE,2020,221,
BALTIMORE,2020,220,
BALTIMORE,2020,219,
BALTIMORE,2020,218,
BALTIMORE,2020,217,
BALTIMORE,2020,216,
BALTIMORE,2020,215,
BALTIMORE,2020,214,
BALTIMORE,2020,213,
BALTIMORE,2020,212,
BALTIMORE,2020,211,
BALTIMORE,2020,210,
BALTIMORE,2020,209,
BALTIMORE,2020,208,
BALTIMORE,2020,207,
BALTIMORE,2020,206,
BALTIMORE,2020,205,
BALTIMORE,2020,204,
BALTIMORE,2020,203,
BALTIMORE,2020,202,
BALTIMORE,2020,201,
BALTIMORE,2020,200,
BALTIMORE,2020,199,
BALTIMORE,2020,198,
BALTIMORE,2020,197,
BALTIMORE,2020,196,
BALTIMORE,2020,195,
BALTIMORE,2020,194,
BALTIMORE,2020,193,
BALTIMORE,2020,192,
BALTIMORE,2020,191,32.000000
BALTIMORE,2020,190,
BALTIMORE,2020,189,
BALTIMORE,2020,188,
BALTIMORE,2020,187,
BALTIMORE,2020,186,
BALTIMORE,2020,185,
BALTIMORE,2020,184,33.500000
BALTIMORE,2020,183,33.500000
BALTIMORE,2020,182,34.000000
BALTIMORE,2020,181,34.000000
BALTIMORE,2020,180,
BALTIMORE,2020,179,
BALTIMORE,2020,178,
BALTIMORE,2020,177,
BALTIMORE,2020,176,
BALTIMORE,2020,175,
BALTIMORE,2020,174,
BALTIMORE,2020,173,
BALTIMORE,2020,172,
BALTIMORE,2020,171,33.500000
BALTIMORE,2020,170,33.500000
BALTIMORE,2020,169,33.500000
BALTIMORE,2020,168,33.500000
BALTIMORE,2020,167,33.500000
BALTIMORE,2020,166,
BALTIMORE,2020,165,
BALTIMORE,2020,164,33.500000
BALTIMORE,2020,163,34.000000
BALTIMORE,2020,162,34.000000
BALTIMORE,2020,161,34.000000
BALTIMORE,2020,160,34.000000
BALTIMORE,2020,159,
BALTIMORE,2020,158,
BALTIMORE,2020,157,36.250000
BALTIMORE,2020,156,36.250000
BALTIMORE,2020,155,36.250000
BALTIMORE,2020,154,36.250000
BALTIMORE,2020,153,
BALTIMORE,2020,152,
BALTIMORE,2020,151,
BALTIMORE,2020,150,
BALTIMORE,2020,149,
BALTIMORE,2020,148,
BALTIMORE,2020,147,
BALTIMORE,2020,146,
BALTIMORE,2020,145,
BALTIMORE,2020,144,
BALTIMORE,2020,143,
BALTIMORE,2020,142,
BALTIMORE,2020,141,
BALTIMORE,2020,140,
BALTIMORE,2020,139,
BALTIMORE,2020,138,
BALTIMORE,2020,137,
BALTIMORE,2020,136,
BALTIMORE,2020,135,33.000000
BALTIMORE,2020,134,
BALTIMORE,2020,133,33.500000
BALTIMORE,2020,132,34.000000
BALTIMORE,2020,131,
BALTIMORE,2020,130,
BALTIMORE,2020,129,
BALTIMORE,2020,128,
BALTIMORE,2020,127,34.000000
BALTIMORE,2020,126,34.000000
BALTIMORE,2020,125,34.000000
BALTIMORE,2020,124,
BALTIMORE,2020,123,
BALTIMORE,2020,122,34.000000
BALTIMORE,2020,121,34.000000
BALTIMORE,2020,120,34.000000
BALTIMORE,2020,119,34.000000
BALTIMORE,2020,118,34.000000
BALTIMORE,2020,117,
BALTIMORE,2020,116,
BALTIMORE,2020,115,34.000000
BALTIMORE,2020,114,34.000000
BALTIMORE,2020,113,
BALTIMORE,2020,112,
BALTIMORE,2020,111,
BALTIMORE,2020,110,
BALTIMORE,2020,109,
BALTIMORE,2020,108,
BALTIMORE,2020,107,
BALTIMORE,2020,106,34.000000
BALTIMORE,2020,105,34.000000
BALTIMORE,2020,104,34.000000
BALTIMORE,2020,103,
BALTIMORE,2020,102,
BALTIMORE,2020,101,
BALTIMORE,2020,100,
BALTIMORE,2020,99,33.500000
BALTIMORE,2020,98,33.500000
BALTIMORE,2020,97,33.500000
BALTIMORE,2020,96,
BALTIMORE,2020,95,
BALTIMORE,2020,94,34.000000
BALTIMORE,2020,93,34.000000
BALTIMORE,2020,92,34.000000
BALTIMORE,2020,91,34.000000
BALTIMORE,2020,90,34.000000
BALTIMORE,2020,89,
BALTIMORE,2020,88,
BALTIMORE,2020,87,34.000000
BALTIMORE,2020,86,34.000000
BALTIMORE,2020,85,34.000000
BALTIMORE,2020,84,34.000000
BALTIMORE,2020,83,34.000000
BALTIMORE,2020,82,
BALTIMORE,2020,81,
BALTIMORE,2020,80,
BALTIMORE,2020,79,
BALTIMORE,2020,78,
BALTIMORE,2020,77,
BALTIMORE,2020,76,
BALTIMORE,2020,75,
BALTIMORE,2020,74,
BALTIMORE,2020,73,33.500000
BALTIMORE,2020,72,
BALTIMORE,2020,71,
BALTIMORE,2020,70,
BALTIMORE,2020,69,
BALTIMORE,2020,68,
BALTIMORE,2020,67,
BALTIMORE,2020,66,
BALTIMORE,2020,65,
BALTIMORE,2020,64,
BALTIMORE,2020,63,
BALTIMORE,2020,62,
BALTIMORE,2020,61,
BALTIMORE,2020,60,
BALTIMORE,2020,59,
BALTIMORE,2020,58,
BALTIMORE,2020,57,
BALTIMORE,2020,56,
BALTIMORE,2020,55,31.250000
BALTIMORE,2020,54,
BALTIMORE,2020,53,
BALTIMORE,2020,52,34.000000
BALTIMORE,2020,51,34.000000
BALTIMORE,2020,50,34.000000
BALTIMORE,2020,49,
BALTIMORE,2020,48,
BALTIMORE,2020,47,
BALTIMORE,2020,46,
BALTIMORE,2020,45,
BALTIMORE,2020,44,
BALTIMORE,2020,43,
BALTIMORE,2020,42,
BALTIMORE,2020,41,
BALTIMORE,2020,40,
BALTIMORE,2020,39,
BALTIMORE,2020,38,
BALTIMORE,2020,37,
BALTIMORE,2020,36,
BALTIMORE,2020,35,
BALTIMORE,2020,34,
BALTIMORE,2020,33,
BALTIMORE,2020,32,
BALTIMORE,2020,31,
BALTIMORE,2020,30,
BALTIMORE,2020,29,
BALTIMORE,2020,28,
BALTIMORE,2020,27,
BALTIMORE,2020,26,
BALTIMORE,2020,25,
BALTIMORE,2020,24,
BALTIMORE,2020,23,
BALTIMORE,2020,22,
BALTIMORE,2020,21,
BALTIMORE,2020,20,
BALTIMORE,2020,19,
BALTIMORE,2020,18,
BALTIMORE,2020,17,
BALTIMORE,2020,16,
BALTIMORE,2020,15,
BALTIMORE,2020,14,
BALTIMORE,2020,13,
BALTIMORE,2020,12,
BALTIMORE,2020,11,
BALTIMORE,2020,10,
BALTIMORE,2020,9,
BALTIMORE,2020,8,
BALTIMORE,2020,7,
BALTIMORE,2020,6,
BALTIMORE,2020,5,
BALTIMORE,2020,4,
BALTIMORE,2020,3,
BALTIMORE,2020,2,
BOSTON,2020,366,36.000000
BOSTON,2020,365,36.000000
BOSTON,2020,364,36.000000
BOSTON,2020,363,36.000000
BOSTON,2020,362,
BOSTON,2020,361,
BOSTON,2020,360,
BOSTON,2020,359,
BOSTON,2020,358,36.000000
BOSTON,2020,357,36.000000
BOSTON,2020,356,36.000000
BOSTON,2020,355,
BOSTON,2020,354,
BOSTON,2020,353,36.000000
BOSTON,2020,352,36.000000
BOSTON,2020,351,36.000000
BOSTON,2020,350,36.000000
BOSTON,2020,349,
BOSTON,2020,348,
BOSTON,2020,347,
BOSTON,2020,346,36.000000
BOSTON,2020,345,36.000000
BOSTON,2020,344,36.000000
BOSTON,2020,343,36.000000
BOSTON,2020,342,36.000000
BOSTON,2020,341,
BOSTON,2020,340,
BOSTON,2020,339,36.000000
BOSTON,2020,338,36.000000
BOSTON,2020,337,36.000000
BOSTON,2020,336,36.000000
BOSTON,2020,335,36.000000
BOSTON,2020,334,
BOSTON,2020,333,
BOSTON,2020,332,36.000000
BOSTON,2020,331,
BOSTON,2020,330,36.000000
BOSTON,2020,329,36.000000
BOSTON,2020,328,36.000000
BOSTON,2020,327,
BOSTON,2020,326,
BOSTON,2020,325,36.000000
BOSTON,2020,324,36.000000
BOSTON,2020,323,36.000000
BOSTON,2020,322,36.000000
BOSTON,2020,321,36.000000
BOSTON,2020,320,
BOSTON,2020,319,
BOSTON,2020,318,36.000000
BOSTON,2020,317,36.000000
BOSTON,2020,316,
BOSTON,2020,315,36.000000
BOSTON,2020,314,36.000000
BOSTON,2020,313,
BOSTON,2020,312,
BOSTON,2020,311,36.000000
BOSTON,2020,310,36.000000
BOSTON,2020,309,36.000000
BOSTON,2020,308,36.000000
BOSTON,2020,307,
BOSTON,2020,306,
BOSTON,2020,305,
BOSTON,2020,304,
BOSTON,2020,303,
BOSTON,2020,302,
BOSTON,2020,301,
BOSTON,2020,300,
BOSTON,2020,299,
BOSTON,2020,298,
BOSTON,2020,297,
BOSTON,2020,296,
BOSTON,2020,295,
BOSTON,2020,294,
BOSTON,2020,293,
BOSTON,2020,292,
BOSTON,2020,291,
BOSTON,2020,290,
BOSTON,2020,289,
BOSTON,2020,288,
BOSTON,2020,287,
BOSTON,2020,286,
BOSTON,2020,285,
BOSTON,2020,284,
BOSTON,2020,283,
BOSTON,2020,282,
BOSTON,2020,281,
BOSTON,2020,280,
BOSTON,2020,279,
BOSTON,2020,278,
BOSTON,2020,277,
BOSTON,2020,276,
BOSTON,2020,275,24.000000
BOSTON,2020,274,24.000000
BOSTON,2020,273,24.000000
BOSTON,2020,272,24.000000
BOSTON,2020,271,
BOSTON,2020,270,
BOSTON,2020,269,24.000000
BOSTON,2020,268,24.000000
BOSTON,2020,267,24.000000
BOSTON,2020,266,24.000000
BOSTON,2020,265,
BOSTON,2020,264,
BOSTON,2020,263,
BOSTON,2020,262,
BOSTON,2020,261,
BOSTON,2020,260,
BOSTON,2020,259,
BOSTON,2020,258,
BOSTON,2020,257,
BOSTON,2020,256,
BOSTON,2020,255,
BOSTON,2020,254,
BOSTON,2020,253,
BOSTON,2020,252,
BOSTON,2020,251,
BOSTON,2020,250,
BOSTON,2020,249,
BOSTON,2020,248,
BOSTON,2020,247,
BOSTON,2020,246,
BOSTON,2020,245,
BOSTON,2020,244,
BOSTON,2020,243,
BOSTON,2020,242,
BOSTON,2020,241,
BOSTON,2020,240,
BOSTON,2020,239,
BOSTON,2020,238,
BOSTON,2020,237,
BOSTON,2020,236,
BOSTON,2020,235,
BOSTON,2020,234,
BOSTON,2020,233,
BOSTON,2020,232,
BOSTON,2020,231,
BOSTON,2020,230,
BOSTON,2020,229,
BOSTON,2020,228,
BOSTON,2020,227,
BOSTON,2020,226,
BOSTON,2020,225,
BOSTON,2020,224,
BOSTON,2020,223,
BOSTON,2020,222,
BOSTON,2020,221,
BOSTON,2020,220,
BOSTON,2020,219,
BOSTON,2020,218,
BOSTON,2020,217,
BOSTON,2020,216,
BOSTON,2020,215,
BOSTON,2020,214,
BOSTON,2020,213,
BOSTON,2020,212,
BOSTON,2020,211,
BOSTON,2020,210,
BOSTON,2020,209,
BOSTON,2020,208,
BOSTON,2020,207,
BOSTON,2020,206,
BOSTON,2020,205,
BOSTON,2020,204,
BOSTON,2020,203,
BOSTON,2020,202,
BOSTON,2020,201,
BOSTON,2020,200,
BOSTON,2020,199,
BOSTON,2020,198,
BOSTON,2020,197,
BOSTON,2020,196,
BOSTON,2020,195,
BOSTON,2020,194,
BOSTON,2020,193,
BOSTON,2020,192,
BOSTON,2020,191,
BOSTON,2020,190,
BOSTON,2020,189,
BOSTON,2020,188,
BOSTON,2020,187,
BOSTON,2020,186,
BOSTON,2020,185,
BOSTON,2020,184,
BOSTON,2020,183,
BOSTON,2020,182,
BOSTON,2020,181,
BOSTON,2020,180,
BOSTON,2020,179,
BOSTON,2020,178,
BOSTON,2020,177,
BOSTON,2020,176,
BOSTON,2020,175,
BOSTON,2020,174,
BOSTON,2020,173,
BOSTON,2020,172,
BOSTON,2020,171,
BOSTON,2020,170,
BOSTON,2020,169,
BOSTON,2020,168,
BOSTON,2020,167,
BOSTON,2020,166,
BOSTON,2020,165,
BOSTON,2020,164,
BOSTON,2020,163,
BOSTON,2020,162,
BOSTON,2020,161,
BOSTON,2020,160,
BOSTON,2020,159,
BOSTON,2020,158,
BOSTON,2020,157,
BOSTON,2020,156,
BOSTON,2020,155,
BOSTON,2020,154,
BOSTON,2020,153,
BOSTON,2020,152,
BOSTON,2020,151,
BOSTON,2020,150,
BOSTON,2020,149,
BOSTON,2020,148,
BOSTON,2020,147,
BOSTON,2020,146,
BOSTON,2020,145,
BOSTON,2020,144,
BOSTON,2020,143,
BOSTON,2020,142,
BOSTON,2020,141,
BOSTON,2020,140,
BOSTON,2020,139,
BOSTON,2020,138,
BOSTON,2020,137,
BOSTON,2020,136,
BOSTON,2020,135,
BOSTON,2020,134,
BOSTON,2020,133,
BOSTON,2020,132,
BOSTON,2020,131,
BOSTON,2020,130,
BOSTON,2020,129,
BOSTON,2020,128,
BOSTON,2020,127,
BOSTON,2020,126,
BOSTON,2020,125,
BOSTON,2020,124,
BOSTON,2020,123,
BOSTON,2020,122,
BOSTON,2020,121,
BOSTON,2020,120,
BOSTON,2020,119,
BOSTON,2020,118,
BOSTON,2020,117,
BOSTON,2020,116,
BOSTON,2020,115,
BOSTON,2020,114,
BOSTON,2020,113,
BOSTON,2020,112,
BOSTON,2020,111,
BOSTON,2020,110,
BOSTON,2020,109,
BOSTON,2020,108,
BOSTON,2020,107,
BOSTON,2020,106,
BOSTON,2020,105,
BOSTON,2020,104,
BOSTON,2020,103,
BOSTON,2020,102,
BOSTON,2020,101,
BOSTON,2020,100,
BOSTON,2020,99,
BOSTON,2020,98,
BOSTON,2020,97,
BOSTON,2020,96,
BOSTON,2020,95,
BOSTON,2020,94,
BOSTON,2020,93,
BOSTON,2020,92,
BOSTON,2020,91,
BOSTON,2020,90,
BOSTON,2020,89,
BOSTON,2020,88,
BOSTON,2020,87,
BOSTON,2020,86,
BOSTON,2020,85,
BOSTON,2020,84,
BOSTON,2020,83,
BOSTON,2020,82,
BOSTON,2020,81,
BOSTON,2020,80,
BOSTON,2020,79,
BOSTON,2020,78,
BOSTON,2020,77,
BOSTON,2020,76,
BOSTON,2020,75,
BOSTON,2020,74,
BOSTON,2020,73,
BOSTON,2020,72,
BOSTON,2020,71,
BOSTON,2020,70,
BOSTON,2020,69,
BOSTON,2020,68,
BOSTON,2020,67,
BOSTON,2020,66,
BOSTON,2020,65,
BOSTON,2020,64,
BOSTON,2020,63,
BOSTON,2020,62,
BOSTON,2020,61,
BOSTON,2020,60,
BOSTON,2020,59,
BOSTON,2020,58,
BOSTON,2020,57,
BOSTON,2020,56,
BOSTON,2020,55,
BOSTON,2020,54,
BOSTON,2020,53,
BOSTON,2020,52,
BOSTON,2020,51,
BOSTON,2020,50,
BOSTON,2020,49,
BOSTON,2020,48,
BOSTON,2020,47,
BOSTON,2020,46,
BOSTON,2020,45,
BOSTON,2020,44,
BOSTON,2020,43,
BOSTON,2020,42,
BOSTON,2020,41,
BOSTON,2020,40,
BOSTON,2020,39,
BOSTON,2020,38,
BOSTON,2020,37,
BOSTON,2020,36,
BOSTON,2020,35,
BOSTON,2020,34,
BOSTON,2020,33,
BOSTON,2020,32,
BOSTON,2020,31,
BOSTON,2020,30,
BOSTON,2020,29,
BOSTON,2020,28,
BOSTON,2020,27,
BOSTON,2020,26,
BOSTON,2020,25,
BOSTON,2020,24,
BOSTON,2020,23,
BOSTON,2020,22,
BOSTON,2020,21,
BOSTON,2020,20,
BOSTON,2020,19,
BOSTON,2020,18,
BOSTON,2020,17,
BOSTON,2020,16,
BOSTON,2020,15,
BOSTON,2020,14,
BOSTON,2020,13,
BOSTON,2020,12,
BOSTON,2020,11,
BOSTON,2020,10,
BOSTON,2020,9,
BOSTON,2020,8,
BOSTON,2020,7,
BOSTON,2020,6,
BOSTON,2020,5,
BOSTON,2020,4,
BOSTON,2020,3,
BOSTON,2020,2,
CHICAGO,2020,366,20.250000
CHICAGO,2020,365,20.250000
CHICAGO,2020,364,20.250000
CHICAGO,2020,363,20.250000
CHICAGO,2020,362,
CHICAGO,2020,361,
CHICAGO,2020,360,
CHICAGO,2020,359,
CHICAGO,2020,358,16.250000
CHICAGO,2020,357,20.000000
CHICAGO,2020,356,20.000000
CHICAGO,2020,355,
CHICAGO,2020,354,
CHICAGO,2020,353,20.000000
CHICAGO,2020,352,24.500000
CHICAGO,2020,351,24.500000
CHICAGO,2020,350,24.500000
CHICAGO,2020,349,24.500000
CHICAGO,2020,348,
CHICAGO,2020,347,
CHICAGO,2020,346,24.500000
CHICAGO,2020,345,25.500000
CHICAGO,2020,344,25.500000
CHICAGO,2020,343,25.500000
CHICAGO,2020,342,25.500000
CHICAGO,2020,341,
CHICAGO,2020,340,
CHICAGO,2020,339,25.500000
CHICAGO,2020,338,25.500000
CHICAGO,2020,337,25.500000
CHICAGO,2020,336,28.500000
CHICAGO,2020,335,28.500000
CHICAGO,2020,334,
CHICAGO,2020,333,
CHICAGO,2020,332,28.500000
CHICAGO,2020,331,
CHICAGO,2020,330,28.250000
CHICAGO,2020,329,28.250000
CHICAGO,2020,328,28.250000
CHICAGO,2020,327,
CHICAGO,2020,326,
CHICAGO,2020,325,28.250000
CHICAGO,2020,324,28.250000
CHICAGO,2020,323,34.000000
CHICAGO,2020,322,34.000000
CHICAGO,2020,321,34.000000
CHICAGO,2020,320,
CHICAGO,2020,319,
CHICAGO,2020,318,34.000000
CHICAGO,2020,317,34.000000
CHICAGO,2020,316,
CHICAGO,2020,315,
CHICAGO,2020,314,
CHICAGO,2020,313,
CHICAGO,2020,312,
CHICAGO,2020,311,
CHICAGO,2020,310,
CHICAGO,2020,309,
CHICAGO,2020,308,
CHICAGO,2020,307,
CHICAGO,2020,306,
CHICAGO,2020,305,
CHICAGO,2020,304,
CHICAGO,2020,303,
CHICAGO,2020,302,
CHICAGO,2020,301,
CHICAGO,2020,300,
CHICAGO,2020,299,
CHICAGO,2020,298,
CHICAGO,2020,297,
CHICAGO,2020,296,29.250000
CHICAGO,2020,295,29.250000
CHICAGO,2020,294,29.250000
CHICAGO,2020,293,29.250000
CHICAGO,2020,292,
CHICAGO,2020,291,
CHICAGO,2020,290,29.250000
CHICAGO,2020,289,29.250000
CHICAGO,2020,288,29.250000
CHICAGO,2020,287,29.250000
CHICAGO,2020,286,
CHICAGO,2020,285,
CHICAGO,2020,284,
CHICAGO,2020,283,29.250000
CHICAGO,2020,282,29.250000
CHICAGO,2020,281,29.250000
CHICAGO,2020,280,30.000000
CHICAGO,2020,279,30.000000
CHICAGO,2020,278,
CHICAGO,2020,277,
CHICAGO,2020,276,30.000000
CHICAGO,2020,275,30.000000
CHICAGO,2020,274,30.000000
CHICAGO,2020,273,30.000000
CHICAGO,2020,272,30.000000
CHICAGO,2020,271,
CHICAGO,2020,270,
CHICAGO,2020,269,23.750000
CHICAGO,2020,268,23.250000
CHICAGO,2020,267,23.250000
CHICAGO,2020,266,23.250000
CHICAGO,2020,265,23.250000
CHICAGO,2020,264,
CHICAGO,2020,263,
CHICAGO,2020,262,23.250000
CHICAGO,2020,261,23.250000
CHICAGO,2020,260,23.250000
CHICAGO,2020,259,23.250000
CHICAGO,2020,258,23.250000
CHICAGO,2020,257,
CHICAGO,2020,256,
CHICAGO,2020,255,23.250000
CHICAGO,2020,254,23.250000
CHICAGO,2020,253,23.250000
CHICAGO,2020,252,23.250000
CHICAGO,2020,251,
CHICAGO,2020,250,
CHICAGO,2020,249,
CHICAGO,2020,248,21.500000
CHICAGO,2020,247,21.500000
CHICAGO,2020,246,21.500000
CHICAGO,2020,245,22.250000
CHICAGO,2020,244,22.250000
CHICAGO,2020,243,
CHICAGO,2020,242,
CHICAGO,2020,241,22.250000
CHICAGO,2020,240,22.250000
CHICAGO,2020,239,22.250000
CHICAGO,2020,238,22.250000
CHICAGO,2020,237,22.250000
CHICAGO,2020,236,
CHICAGO,2020,235,
CHICAGO,2020,234,27.250000
CHICAGO,2020,233,27.250000
CHICAGO,2020,232,27.250000
CHICAGO,2020,231,27.250000
CHICAGO,2020,230,27.250000
CHICAGO,2020,229,
CHICAGO,2020,228,
CHICAGO,2020,227,27.250000
CHICAGO,2020,226,27.250000
CHICAGO,2020,225,27.250000
CHICAGO,2020,224,27.250000
CHICAGO,2020,223,27.250000
CHICAGO,2020,222,
CHICAGO,2020,221,
CHICAGO,2020,220,27.250000
CHICAGO,2020,219,27.250000
CHICAGO,2020,218,27.250000
CHICAGO,2020,217,27.500000
CHICAGO,2020,216,27.500000
CHICAGO,2020,215,
CHICAGO,2020,214,
CHICAGO,2020,213,27.000000
CHICAGO,2020,212,27.000000
CHICAGO,2020,211,27.000000
CHICAGO,2020,210,26.500000
CHICAGO,2020,209,26.500000
CHICAGO,2020,208,
CHICAGO,2020,207,
CHICAGO,2020,206,26.500000
CHICAGO,2020,205,30.000000
CHICAGO,2020,204,30.000000
CHICAGO,2020,203,30.000000
CHICAGO,2020,202,30.000000
CHICAGO,2020,201,
CHICAGO,2020,200,
CHICAGO,2020,199,30.000000
CHICAGO,2020,198,30.000000
CHICAGO,2020,197,30.000000
CHICAGO,2020,196,30.000000
CHICAGO,2020,195,30.000000
CHICAGO,2020,194,
CHICAGO,2020,193,
CHICAGO,2020,192,30.000000
CHICAGO,2020,191,30.000000
CHICAGO,2020,190,30.000000
CHICAGO,2020,189,30.000000
CHICAGO,2020,188,30.000000
CHICAGO,2020,187,
CHICAGO,2020,186,
CHICAGO,2020,185,
CHICAGO,2020,184,29.000000
CHICAGO,2020,183,29.000000
CHICAGO,2020,182,29.000000
CHICAGO,2020,181,29.000000
CHICAGO,2020,180,
CHICAGO,2020,179,
CHICAGO,2020,178,30.000000
CHICAGO,2020,177,28.000000
CHICAGO,2020,176,28.000000
CHICAGO,2020,175,28.000000
CHICAGO,2020,174,28.000000
CHICAGO,2020,173,
CHICAGO,2020,172,
CHICAGO,2020,171,28.000000
CHICAGO,2020,170,28.000000
CHICAGO,2020,169,33.000000
CHICAGO,2020,168,33.000000
CHICAGO,2020,167,33.000000
CHICAGO,2020,166,
CHICAGO,2020,165,
CHICAGO,2020,164,33.000000
CHICAGO,2020,163,33.000000
CHICAGO,2020,162,33.000000
CHICAGO,2020,161,22.000000
CHICAGO,2020,160,22.000000
CHICAGO,2020,159,
CHICAGO,2020,158,
CHICAGO,2020,157,22.000000
CHICAGO,2020,156,22.000000
CHICAGO,2020,155,22.000000
CHICAGO,2020,154,22.000000
CHICAGO,2020,153,22.000000
CHICAGO,2020,152,
CHICAGO,2020,151,
CHICAGO,2020,150,22.000000
CHICAGO,2020,149,22.000000
CHICAGO,2020,148,22.000000
CHICAGO,2020,147,22.000000
CHICAGO,2020,146,
CHICAGO,2020,145,
CHICAGO,2020,144,
CHICAGO,2020,143,22.000000
CHICAGO,2020,142,22.000000
CHICAGO,2020,141,22.000000
CHICAGO,2020,140,22.000000
CHICAGO,2020,139,22.000000
CHICAGO,2020,138,
CHICAGO,2020,137,
CHICAGO,2020,136,22.000000
CHICAGO,2020,135,22.000000
CHICAGO,2020,134,22.000000
CHICAGO,2020,133,22.000000
CHICAGO,2020,132,22.000000
CHICAGO,2020,131,
CHICAGO,2020,130,
CHICAGO,2020,129,22.000000
CHICAGO,2020,128,22.000000
CHICAGO,2020,127,
CHICAGO,2020,126,
CHICAGO,2020,125,
CHICAGO,2020,124,
CHICAGO,2020,123,
CHICAGO,2020,122,
CHICAGO,2020,121,
CHICAGO,2020,120,
CHICAGO,2020,119,
CHICAGO,2020,118,
CHICAGO,2020,117,
CHICAGO,2020,116,
CHICAGO,2020,115,
CHICAGO,2020,114,
CHICAGO,2020,113,
CHICAGO,2020,112,
CHICAGO,2020,111,
CHICAGO,2020,110,
CHICAGO,2020,109,
CHICAGO,2020,108,
CHICAGO,2020,107,
CHICAGO,2020,106,
CHICAGO,2020,105,
CHICAGO,2020,104,
CHICAGO,2020,103,
CHICAGO,2020,102,
CHICAGO,2020,101,
CHICAGO,2020,100,
CHICAGO,2020,99,
CHICAGO,2020,98,
CHICAGO,2020,97,
CHICAGO,2020,96,
CHICAGO,2020,95,
CHICAGO,2020,94,
CHICAGO,2020,93,
CHICAGO,2020,92,
CHICAGO,2020,91,
CHICAGO,2020,90,
CHICAGO,2020,89,
CHICAGO,2020,88,
CHICAGO,2020,87,
CHICAGO,2020,86,
CHICAGO,2020,85,
CHICAGO,2020,84,
CHICAGO,2020,83,
CHICAGO,2020,82,
CHICAGO,2020,81,
CHICAGO,2020,80,
CHICAGO,2020,79,
CHICAGO,2020,78,
CHICAGO,2020,77,
CHICAGO,2020,76,
CHICAGO,2020,75,
CHICAGO,2020,74,
CHICAGO,2020,73,
CHICAGO,2020,72,
CHICAGO,2020,71,
CHICAGO,2020,70,
CHICAGO,2020,69,
CHICAGO,2020,68,
CHICAGO,2020,67,
CHICAGO,2020,66,
CHICAGO,2020,65,
CHICAGO,2020,64,
CHICAGO,2020,63,
CHICAGO,2020,62,
CHICAGO,2020,61,
CHICAGO,2020,60,
CHICAGO,2020,59,
CHICAGO,2020,58,
CHICAGO,2020,57,
CHICAGO,2020,56,
CHICAGO,2020,55,
CHICAGO,2020,54,
CHICAGO,2020,53,
CHICAGO,2020,52,
CHICAGO,2020,51,
CHICAGO,2020,50,
CHICAGO,2020,49,
CHICAGO,2020,48,
CHICAGO,2020,47,
CHICAGO,2020,46,
CHICAGO,2020,45,
CHICAGO,2020,44,
CHICAGO,2020,43,
CHICAGO,2020,42,
CHICAGO,2020,41,
CHICAGO,2020,40,
CHICAGO,2020,39,
CHICAGO,2020,38,
CHICAGO,2020,37,
CHICAGO,2020,36,
CHICAGO,2020,35,
CHICAGO,2020,34,
CHICAGO,2020,33,
CHICAGO,2020,32,
CHICAGO,2020,31,
CHICAGO,2020,30,
CHICAGO,2020,29,
CHICAGO,2020,28,
CHICAGO,2020,27,
CHICAGO,2020,26,
CHICAGO,2020,25,
CHICAGO,2020,24,
CHICAGO,2020,23,
CHICAGO,2020,22,
CHICAGO,2020,21,
CHICAGO,2020,20,
CHICAGO,2020,19,
CHICAGO,2020,18,
CHICAGO,2020,17,
CHICAGO,2020,16,
CHICAGO,2020,15,
CHICAGO,2020,14,
CHICAGO,2020,13,
CHICAGO,2020,12,
CHICAGO,2020,11,
CHICAGO,2020,10,
CHICAGO,2020,9,
CHICAGO,2020,8,
CHICAGO,2020,7,
CHICAGO,2020,6,
CHICAGO,2020,5,
CHICAGO,2020,4,
CHICAGO,2020,3,
CHICAGO,2020,2,
LOS ANGELES,2020,366,25.000000
LOS ANGELES,2020,365,25.000000
LOS ANGELES,2020,364,25.000000
LOS ANGELES,2020,363,25.000000
LOS ANGELES,2020,362,
LOS ANGELES,2020,361,
LOS ANGELES,2020,360,
LOS ANGELES,2020,359,
LOS ANGELES,2020,358,25.000000
LOS ANGELES,2020,357,25.000000
LOS ANGELES,2020,356,25.000000
LOS ANGELES,2020,355,
LOS ANGELES,2020,354,
LOS ANGELES,2020,353,25.000000
LOS ANGELES,2020,352,25.000000
LOS ANGELES,2020,351,25.000000
LOS ANGELES,2020,350,25.000000
LOS ANGELES,2020,349,25.000000
LOS ANGELES,2020,348,
LOS ANGELES,2020,347,
LOS ANGELES,2020,346,25.000000
LOS ANGELES,2020,345,25.000000
LOS ANGELES,2020,344,25.000000
LOS ANGELES,2020,343,25.000000
LOS ANGELES,2020,342,25.000000
LOS ANGELES,2020,341,
LOS ANGELES,2020,340,
LOS ANGELES,2020,339,25.000000
LOS ANGELES,2020,338,25.000000
LOS ANGELES,2020,337,25.000000
LOS ANGELES,2020,336,25.000000
LOS ANGELES,2020,335,25.000000
LOS ANGELES,2020,334,
LOS ANGELES,2020,333,
LOS ANGELES,2020,332,25.000000
LOS ANGELES,2020,331,
LOS ANGELES,2020,330,28.750000
LOS ANGELES,2020,329,28.750000
LOS ANGELES,2020,328,28.750000
LOS ANGELES,2020,327,
LOS ANGELES,2020,326,
LOS ANGELES,2020,325,28.750000
LOS ANGELES,2020,324,28.750000
LOS ANGELES,2020,323,28.750000
LOS ANGELES,2020,322,28.750000
LOS ANGELES,2020,321,28.750000
LOS ANGELES,2020,320,
LOS ANGELES,2020,319,
LOS ANGELES,2020,318,28.750000
LOS ANGELES,2020,317,28.750000
LOS ANGELES,2020,316,
LOS ANGELES,2020,315,28.750000
LOS ANGELES,2020,314,28.750000
LOS ANGELES,2020,313,
LOS ANGELES,2020,312,
LOS ANGELES,2020,311,28.750000
LOS ANGELES,2020,310,28.750000
LOS ANGELES,2020,309,28.750000
LOS ANGELES,2020,308,28.750000
LOS ANGELES,2020,307,28.750000
LOS ANGELES,2020,306,
LOS ANGELES,2020,305,
LOS ANGELES,2020,304,28.750000
LOS ANGELES,2020,303,28.750000
LOS ANGELES,2020,302,28.750000
LOS ANGELES,2020,301,28.750000
LOS ANGELES,2020,300,28.750000
LOS ANGELES,2020,299,
LOS ANGELES,2020,298,
LOS ANGELES,2020,297,28.750000
LOS ANGELES,2020,296,28.750000
LOS ANGELES,2020,295,28.750000
LOS ANGELES,2020,294,28.750000
LOS ANGELES,2020,293,28.750000
LOS ANGELES,2020,292,
LOS ANGELES,2020,291,
LOS ANGELES,2020,290,28.750000
LOS ANGELES,2020,289,28.750000
LOS ANGELES,2020,288,28.750000
LOS ANGELES,2020,287,28.750000
LOS ANGELES,2020,286,
LOS ANGELES,2020,285,
LOS ANGELES,2020,284,
LOS ANGELES,2020,283,28.750000
LOS ANGELES,2020,282,28.750000
LOS ANGELES,2020,281,28.750000
LOS ANGELES,2020,280,31.000000
LOS ANGELES,2020,279,31.000000
LOS ANGELES,2020,278,
LOS ANGELES,2020,277,
LOS ANGELES,2020,276,31.000000
LOS ANGELES,2020,275,32.333333
LOS ANGELES,2020,274,32.333333
LOS ANGELES,2020,273,32.333333
LOS ANGELES,2020,272,32.333333
LOS ANGELES,2020,271,
LOS ANGELES,2020,270,
LOS ANGELES,2020,269,32.333333
LOS ANGELES,2020,268,32.333333
LOS ANGELES,2020,267,32.333333
LOS ANGELES,2020,266,32.333333
LOS ANGELES,2020,265,32.333333
LOS ANGELES,2020,264,
LOS ANGELES,2020,263,
LOS ANGELES,2020,262,32.333333
LOS ANGELES,2020,261,32.333333
LOS ANGELES,2020,260,32.333333
LOS ANGELES,2020,259,32.333333
LOS ANGELES,2020,258,32.333333
LOS ANGELES,2020,257,
LOS ANGELES,2020,256,
LOS ANGELES,2020,255,32.333333
LOS ANGELES,2020,254,25.000000
LOS ANGELES,2020,253,25.000000
LOS ANGELES,2020,252,25.000000
LOS ANGELES,2020,251,
LOS ANGELES,2020,250,
LOS ANGELES,2020,249,
LOS ANGELES,2020,248,25.000000
LOS ANGELES,2020,247,25.000000
LOS ANGELES,2020,246,25.000000
LOS ANGELES,2020,245,25.000000
LOS ANGELES,2020,244,25.000000
LOS ANGELES,2020,243,
LOS ANGELES,2020,242,
LOS ANGELES,2020,241,25.000000
LOS ANGELES,2020,240,25.000000
LOS ANGELES,2020,239,25.000000
LOS ANGELES,2020,238,25.000000
LOS ANGELES,2020,237,25.000000
LOS ANGELES,2020,236,
LOS ANGELES,2020,235,
LOS ANGELES,2020,234,25.000000
LOS ANGELES,2020,233,25.000000
LOS ANGELES,2020,232,25.000000
LOS ANGELES,2020,231,25.000000
LOS ANGELES,2020,230,25.000000
LOS ANGELES,2020,229,
LOS ANGELES,2020,228,
LOS ANGELES,2020,227,25.000000
LOS ANGELES,2020,226,
LOS ANGELES,2020,225,1.100000
LOS ANGELES,2020,224,1.100000
LOS ANGELES,2020,223,1.100000
LOS ANGELES,2020,222,
LOS ANGELES,2020,221,
LOS ANGELES,2020,220,1.100000
LOS ANGELES,2020,219,1.100000
LOS ANGELES,2020,218,1.100000
LOS ANGELES,2020,217,1.100000
LOS ANGELES,2020,216,1.100000
LOS ANGELES,2020,215,
LOS ANGELES,2020,214,
LOS ANGELES,2020,213,1.100000
LOS ANGELES,2020,212,1.100000
LOS ANGELES,2020,211,1.100000
LOS ANGELES,2020,210,1.100000
LOS ANGELES,2020,209,1.100000
LOS ANGELES,2020,208,
LOS ANGELES,2020,207,
LOS ANGELES,2020,206,1.100000
LOS ANGELES,2020,205,1.100000
LOS ANGELES,2020,204,1.100000
LOS ANGELES,2020,203,1.100000
LOS ANGELES,2020,202,1.100000
LOS ANGELES,2020,201,
LOS ANGELES,2020,200,
LOS ANGELES,2020,199,1.100000
LOS ANGELES,2020,198,1.100000
LOS ANGELES,2020,197,1.100000
LOS ANGELES,2020,196,1.100000
LOS ANGELES,2020,195,1.100000
LOS ANGELES,2020,194,
LOS ANGELES,2020,193,
LOS ANGELES,2020,192,1.100000
LOS ANGELES,2020,191,1.100000
LOS ANGELES,2020,190,1.100000
LOS ANGELES,2020,189,1.100000
LOS ANGELES,2020,188,
LOS ANGELES,2020,187,
LOS ANGELES,2020,186,
LOS ANGELES,2020,185,
LOS ANGELES,2020,184,1.100000
LOS ANGELES,2020,183,1.100000
LOS ANGELES,2020,182,1.100000
LOS ANGELES,2020,181,1.100000
LOS ANGELES,2020,180,
LOS ANGELES,2020,179,
LOS ANGELES,2020,178,1.100000
LOS ANGELES,2020,177,1.100000
LOS ANGELES,2020,176,1.100000
LOS ANGELES,2020,175,2.575000
LOS ANGELES,2020,174,2.575000
LOS ANGELES,2020,173,
LOS ANGELES,2020,172,
LOS ANGELES,2020,171,2.575000
LOS ANGELES,2020,170,2.575000
LOS ANGELES,2020,169,2.575000
LOS ANGELES,2020,168,2.575000
LOS ANGELES,2020,167,2.575000
LOS ANGELES,2020,166,
LOS ANGELES,2020,165,
LOS ANGELES,2020,164,2.575000
LOS ANGELES,2020,163,2.575000
LOS ANGELES,2020,162,2.575000
LOS ANGELES,2020,161,2.575000
LOS ANGELES,2020,160,2.575000
LOS ANGELES,2020,159,
LOS ANGELES,2020,158,
LOS ANGELES,2020,157,2.575000
LOS ANGELES,2020,156,2.575000
LOS ANGELES,2020,155,2.575000
LOS ANGELES,2020,154,2.575000
LOS ANGELES,2020,153,2.575000
LOS ANGELES,2020,152,
LOS ANGELES,2020,151,
LOS ANGELES,2020,150,2.575000
LOS ANGELES,2020,149,2.575000
LOS ANGELES,2020,148,2.575000
LOS ANGELES,2020,147,2.575000
LOS ANGELES,2020,146,
LOS ANGELES,2020,145,
LOS ANGELES,2020,144,
LOS ANGELES,2020,143,2.575000
LOS ANGELES,2020,142,2.575000
LOS ANGELES,2020,141,2.575000
LOS ANGELES,2020,140,2.575000
LOS ANGELES,2020,139,2.575000
LOS ANGELES,2020,138,
LOS ANGELES,2020,137,
LOS ANGELES,2020,136,2.575000
LOS ANGELES,2020,135,2.575000
LOS ANGELES,2020,134,2.575000
LOS ANGELES,2020,133,2.575000
LOS ANGELES,2020,132,2.575000
LOS ANGELES,2020,131,
LOS ANGELES,2020,130,
LOS ANGELES,2020,129,2.575000
LOS ANGELES,2020,128,2.575000
LOS ANGELES,2020,127,2.575000
LOS ANGELES,2020,126,2.575000
LOS ANGELES,2020,125,2.575000
LOS ANGELES,2020,124,
LOS ANGELES,2020,123,
LOS ANGELES,2020,122,2.575000
LOS ANGELES,2020,121,2.575000
LOS ANGELES,2020,120,2.575000
LOS ANGELES,2020,119,2.450000
LOS ANGELES,2020,118,2.450000
LOS ANGELES,2020,117,
LOS ANGELES,2020,116,
LOS ANGELES,2020,115,2.450000
LOS ANGELES,2020,114,2.450000
LOS ANGELES,2020,113,2.450000
LOS ANGELES,2020,112,2.450000
LOS ANGELES,2020,111,2.450000
LOS ANGELES,2020,110,
LOS ANGELES,2020,109,
LOS ANGELES,2020,108,2.450000
LOS ANGELES,2020,107,2.450000
LOS ANGELES,2020,106,2.450000
LOS ANGELES,2020,105,2.450000
LOS ANGELES,2020,104,2.450000
LOS ANGELES,2020,103,
LOS ANGELES,2020,102,
LOS ANGELES,2020,101,2.450000
LOS ANGELES,2020,100,2.450000
LOS ANGELES,2020,99,2.450000
LOS ANGELES,2020,98,2.450000
LOS ANGELES,2020,97,2.450000
LOS ANGELES,2020,96,
LOS ANGELES,2020,95,
LOS ANGELES,2020,94,2.450000
LOS ANGELES,2020,93,2.450000
LOS ANGELES,2020,92,2.450000
LOS ANGELES,2020,91,2.450000
LOS ANGELES,2020,90,2.500000
LOS ANGELES,2020,89,
LOS ANGELES,2020,88,
LOS ANGELES,2020,87,2.500000
LOS ANGELES,2020,86,2.500000
LOS ANGELES,2020,85,2.500000
LOS ANGELES,2020,84,2.500000
LOS ANGELES,2020,83,2.500000
LOS ANGELES,2020,82,
LOS ANGELES,2020,81,
LOS ANGELES,2020,80,2.500000
LOS ANGELES,2020,79,2.500000
LOS ANGELES,2020,78,2.500000
LOS ANGELES,2020,77,2.500000
LOS ANGELES,2020,76,2.500000
LOS ANGELES,2020,75,
LOS ANGELES,2020,74,
LOS ANGELES,2020,73,2.500000
LOS ANGELES,2020,72,2.500000
LOS ANGELES,2020,71,2.500000
LOS ANGELES,2020,70,2.500000
LOS ANGELES,2020,69,2.500000
LOS ANGELES,2020,68,
LOS ANGELES,2020,67,
LOS ANGELES,2020,66,2.500000
LOS ANGELES,2020,65,2.500000
LOS ANGELES,2020,64,2.500000
LOS ANGELES,2020,63,2.500000
LOS ANGELES,2020,62,2.750000
LOS ANGELES,2020,61,
LOS ANGELES,2020,60,
LOS ANGELES,2020,59,2.750000
LOS ANGELES,2020,58,2.750000
LOS ANGELES,2020,57,2.750000
LOS ANGELES,2020,56,2.750000
LOS ANGELES,2020,55,2.750000
LOS ANGELES,2020,54,
LOS ANGELES,2020,53,
LOS ANGELES,2020,52,2.750000
LOS ANGELES,2020,51,2.750000
LOS ANGELES,2020,50,2.750000
LOS ANGELES,2020,49,2.750000
LOS ANGELES,2020,48,
LOS ANGELES,2020,47,
LOS ANGELES,2020,46,
LOS ANGELES,2020,45,2.750000
LOS ANGELES,2020,44,2.750000
LOS ANGELES,2020,43,2.750000
LOS ANGELES,2020,42,2.750000
LOS ANGELES,2020,41,2.750000
LOS ANGELES,2020,40,
LOS ANGELES,2020,39,
LOS ANGELES,2020,38,2.750000
LOS ANGELES,2020,37,2.750000
LOS ANGELES,2020,36,2.750000
LOS ANGELES,2020,35,2.750000
LOS ANGELES,2020,34,2.750000
LOS ANGELES,2020,33,
LOS ANGELES,2020,32,
LOS ANGELES,2020,31,2.750000
LOS ANGELES,2020,30,2.750000
LOS ANGELES,2020,29,2.750000
LOS ANGELES,2020,28,2.750000
LOS ANGELES,2020,27,2.750000
LOS ANGELES,2020,26,
LOS ANGELES,2020,25,
LOS ANGELES,2020,24,2.750000
LOS ANGELES,2020,23,2.750000
LOS ANGELES,2020,22,2.750000
LOS ANGELES,2020,21,2.750000
LOS ANGELES,2020,20,
LOS ANGELES,2020,19,
LOS ANGELES,2020,18,
LOS ANGELES,2020,17,2.750000
LOS ANGELES,2020,16,2.750000
LOS ANGELES,2020,15,2.750000
LOS ANGELES,2020,14,2.750000
LOS ANGELES,2020,13,2.750000
LOS ANGELES,2020,12,
LOS ANGELES,2020,11,
LOS ANGELES,2020,10,2.750000
LOS ANGELES,2020,9,2.750000
LOS ANGELES,2020,8,1.200000
LOS ANGELES,2020,7,1.200000
LOS ANGELES,2020,6,1.200000
LOS ANGELES,2020,5,
LOS ANGELES,2020,4,
LOS ANGELES,2020,3,1.200000
LOS ANGELES,2020,2,1.200000
NEW YORK,2020,366,
NEW YORK,2020,365,
NEW YORK,2020,364,
NEW YORK,2020,363,
NEW YORK,2020,362,
NEW YORK,2020,361,
NEW YORK,2020,360,
NEW YORK,2020,359,
NEW YORK,2020,358,
NEW YORK,2020,357,
NEW YORK,2020,356,
NEW YORK,2020,355,
NEW YORK,2020,354,
NEW YORK,2020,353,
NEW YORK,2020,352,
NEW YORK,2020,351,
NEW YORK,2020,350,
NEW YORK,2020,349,
NEW YORK,2020,348,
NEW YORK,2020,347,
NEW YORK,2020,346,
NEW YORK,2020,345,
NEW YORK,2020,344,
NEW YORK,2020,343,
NEW YORK,2020,342,
NEW YORK,2020,341,
NEW YORK,2020,340,
NEW YORK,2020,339,
NEW YORK,2020,338,
NEW YORK,2020,337,
NEW YORK,2020,336,
NEW YORK,2020,335,
NEW YORK,2020,334,
NEW YORK,2020,333,
NEW YORK,2020,332,
NEW YORK,2020,331,
NEW YORK,2020,330,
NEW YORK,2020,329,
NEW YORK,2020,328,
NEW YORK,2020,327,
NEW YORK,2020,326,
NEW YORK,2020,325,
NEW YORK,2020,324,
NEW YORK,2020,323,
NEW YORK,2020,322,
NEW YORK,2020,321,
NEW YORK,2020,320,
NEW YORK,2020,319,
NEW YORK,2020,318,
NEW YORK,2020,317,
NEW YORK,2020,316,
NEW YORK,2020,315,
NEW YORK,2020,314,
NEW YORK,2020,313,
NEW YORK,2020,312,
NEW YORK,2020,311,
NEW YORK,2020,310,
NEW YORK,2020,309,
NEW YORK,2020,308,
NEW YORK,2020,307,
NEW YORK,2020,306,
NEW YORK,2020,305,
NEW YORK,2020,304,
NEW YORK,2020,303,
NEW YORK,2020,302,
NEW YORK,2020,301,
NEW YORK,2020,300,
NEW YORK,2020,299,
NEW YORK,2020,298,
NEW YORK,2020,297,
NEW YORK,2020,296,
NEW YORK,2020,295,
NEW YORK,2020,294,
NEW YORK,2020,293,
NEW YORK,2020,292,
NEW YORK,2020,291,
NEW YORK,2020,290,
NEW YORK,2020,289,
NEW YORK,2020,288,
NEW YORK,2020,287,
NEW YORK,2020,286,
NEW YORK,2020,285,
NEW YORK,2020,284,
NEW YORK,2020,283,
NEW YORK,2020,282,
NEW YORK,2020,281,
NEW YORK,2020,280,
NEW YORK,2020,279,
NEW YORK,2020,278,
NEW YORK,2020,277,
NEW YORK,2020,276,
NEW YORK,2020,275,
NEW YORK,2020,274,
NEW YORK,2020,273,
NEW YORK,2020,272,
NEW YORK,2020,271,
NEW YORK,2020,270,
NEW YORK,2020,269,
NEW YORK,2020,268,
NEW YORK,2020,267,
NEW YORK,2020,266,
NEW YORK,2020,265,
NEW YORK,2020,264,
NEW YORK,2020,263,
NEW YORK,2020,262,
NEW YORK,2020,261,
NEW YORK,2020,260,
NEW YORK,2020,259,
NEW YORK,2020,258,
NEW YORK,2020,257,
NEW YORK,2020,256,
NEW YORK,2020,255,
NEW YORK,2020,254,
NEW YORK,2020,253,
NEW YORK,2020,252,
NEW YORK,2020,251,
NEW YORK,2020,250,
NEW YORK,2020,249,
NEW YORK,2020,248,
NEW YORK,2020,247,
NEW YORK,2020,246,
NEW YORK,2020,245,
NEW YORK,2020,244,
NEW YORK,2020,243,
NEW YORK,2020,242,
NEW YORK,2020,241,
NEW YORK,2020,240,
NEW YORK,2020,239,
NEW YORK,2020,238,
NEW YORK,2020,237,
NEW YORK,2020,236,
NEW YORK,2020,235,
NEW YORK,2020,234,
NEW YORK,2020,233,
NEW YORK,2020,232,
NEW YORK,2020,231,
NEW YORK,2020,230,
NEW YORK,2020,229,
NEW YORK,2020,228,
NEW YORK,2020,227,
NEW YORK,2020,226,
NEW YORK,2020,225,
NEW YORK,2020,224,
NEW YORK,2020,223,
NEW YORK,2020,222,
NEW YORK,2020,221,
NEW YORK,2020,220,
NEW YORK,2020,219,
NEW YORK,2020,218,
NEW YORK,2020,217,
NEW YORK,2020,216,
NEW YORK,2020,215,
NEW YORK,2020,214,
NEW YORK,2020,213,
NEW YORK,2020,212,
NEW YORK,2020,211,
NEW YORK,2020,210,
NEW YORK,2020,209,
NEW YORK,2020,208,
NEW YORK,2020,207,
NEW YORK,2020,206,9.000000
NEW YORK,2020,205,9.000000
NEW YORK,2020,204,9.000000
NEW YORK,2020,203,
NEW YORK,2020,202,
NEW YORK,2020,201,
NEW YORK,2020,200,
NEW YORK,2020,199,26.333333
NEW YORK,2020,198,21.625000
NEW YORK,2020,197,21.625000
NEW YORK,2020,196,21.625000
NEW YORK,2020,195,21.625000
NEW YORK,2020,194,
NEW YORK,2020,193,
NEW YORK,2020,192,33.500000
NEW YORK,2020,191,
NEW YORK,2020,190,
NEW YORK,2020,189,12.000000
NEW YORK,2020,188,
NEW YORK,2020,187,
NEW YORK,2020,186,
NEW YORK,2020,185,
NEW YORK,2020,184,15.500000
NEW YORK,2020,183,11.833333
NEW YORK,2020,182,12.166666
NEW YORK,2020,181,12.166666
NEW YORK,2020,180,
NEW YORK,2020,179,
NEW YORK,2020,178,16.750000
NEW YORK,2020,177,16.500000
NEW YORK,2020,176,15.333333
NEW YORK,2020,175,18.000000
NEW YORK,2020,174,18.000000
NEW YORK,2020,173,
NEW YORK,2020,172,
NEW YORK,2020,171,22.000000
NEW YORK,2020,170,16.000000
NEW YORK,2020,169,12.000000
NEW YORK,2020,168,12.000000
NEW YORK,2020,167,12.000000
NEW YORK,2020,166,
NEW YORK,2020,165,
NEW YORK,2020,164,18.000000
NEW YORK,2020,163,18.000000
NEW YORK,2020,162,
NEW YORK,2020,161,7.000000
NEW YORK,2020,160,
NEW YORK,2020,159,
NEW YORK,2020,158,
NEW YORK,2020,157,
NEW YORK,2020,156,
NEW YORK,2020,155,
NEW YORK,2020,154,
NEW YORK,2020,153,
NEW YORK,2020,152,
NEW YORK,2020,151,
NEW YORK,2020,150,
NEW YORK,2020,149,
NEW YORK,2020,148,
NEW YORK,2020,147,
NEW YORK,2020,146,
NEW YORK,2020,145,
NEW YORK,2020,144,
NEW YORK,2020,143,
NEW YORK,2020,142,
NEW YORK,2020,141,
NEW YORK,2020,140,
NEW YORK,2020,139,
NEW YORK,2020,138,
NEW YORK,2020,137,
NEW YORK,2020,136,
NEW YORK,2020,135,
NEW YORK,2020,134,
NEW YORK,2020,133,
NEW YORK,2020,132,
NEW YORK,2020,131,
NEW YORK,2020,130,
NEW YORK,2020,129,
NEW YORK,2020,128,
NEW YORK,2020,127,
NEW YORK,2020,126,
NEW YORK,2020,125,
NEW YORK,2020,124,
NEW YORK,2020,123,
NEW YORK,2020,122,
NEW YORK,2020,121,
NEW YORK,2020,120,
NEW YORK,2020,119,
NEW YORK,2020,118,
NEW YORK,2020,117,
NEW YORK,2020,116,
NEW YORK,2020,115,20.000000
NEW YORK,2020,114,20.000000
NEW YORK,2020,113,20.000000
NEW YORK,2020,112,20.000000
NEW YORK,2020,111,20.000000
NEW YORK,2020,110,
NEW YORK,2020,109,
NEW YORK,2020,108,20.000000
NEW YORK,2020,107,20.000000
NEW YORK,2020,106,20.000000
NEW YORK,2020,105,35.000000
NEW YORK,2020,104,
NEW YORK,2020,103,
NEW YORK,2020,102,
NEW YORK,2020,101,35.000000
NEW YORK,2020,100,35.000000
NEW YORK,2020,99,35.000000
NEW YORK,2020,98,35.000000
NEW YORK,2020,97,35.000000
NEW YORK,2020,96,
NEW YORK,2020,95,
NEW YORK,2020,94,24.000000
NEW YORK,2020,93,24.000000
NEW YORK,2020,92,24.000000
NEW YORK,2020,91,24.000000
NEW YORK,2020,90,24.000000
NEW YORK,2020,89,
NEW YORK,2020,88,
NEW YORK,2020,87,24.000000
NEW YORK,2020,86,24.000000
NEW YORK,2020,85,24.000000
NEW YORK,2020,84,24.000000
NEW YORK,2020,83,35.000000
NEW YORK,2020,82,
NEW YORK,2020,81,
NEW YORK,2020,80,35.000000
NEW YORK,2020,79,35.000000
NEW YORK,2020,78,35.000000
NEW YORK,2020,77,35.000000
NEW YORK,2020,76,35.000000
NEW YORK,2020,75,
NEW YORK,2020,74,
NEW YORK,2020,73,35.000000
NEW YORK,2020,72,35.000000
NEW YORK,2020,71,35.000000
NEW YORK,2020,70,
NEW YORK,2020,69,
NEW YORK,2020,68,
NEW YORK,2020,67,
NEW YORK,2020,66,
NEW YORK,2020,65,
NEW YORK,2020,64,
NEW YORK,2020,63,
NEW YORK,2020,62,
NEW YORK,2020,61,
NEW YORK,2020,60,
NEW YORK,2020,59,
NEW YORK,2020,58,
NEW YORK,2020,57,
NEW YORK,2020,56,
NEW YORK,2020,55,
NEW YORK,2020,54,
NEW YORK,2020,53,
NEW YORK,2020,52,
NEW YORK,2020,51,
NEW YORK,2020,50,
NEW YORK,2020,49,
NEW YORK,2020,48,
NEW YORK,2020,47,
NEW YORK,2020,46,
NEW YORK,2020,45,
NEW YORK,2020,44,
NEW YORK,2020,43,
NEW YORK,2020,42,
NEW YORK,2020,41,
NEW YORK,2020,40,
NEW YORK,2020,39,
NEW YORK,2020,38,
NEW YORK,2020,37,
NEW YORK,2020,36,
NEW YORK,2020,35,
NEW YORK,2020,34,
NEW YORK,2020,33,
NEW YORK,2020,32,
NEW YORK,2020,31,
NEW YORK,2020,30,
NEW YORK,2020,29,
NEW YORK,2020,28,
NEW YORK,2020,27,
NEW YORK,2020,26,
NEW YORK,2020,25,
NEW YORK,2020,24,
NEW YORK,2020,23,
NEW YORK,2020,22,
NEW YORK,2020,21,
NEW YORK,2020,20,
NEW YORK,2020,19,
NEW YORK,2020,18,
NEW YORK,2020,17,19.000000
NEW YORK,2020,16,19.000000
NEW YORK,2020,15,19.000000
NEW YORK,2020,14,19.000000
NEW YORK,2020,13,19.000000
NEW YORK,2020,12,
NEW YORK,2020,11,
NEW YORK,2020,10,19.000000
NEW YORK,2020,9,19.000000
NEW YORK,2020,8,19.000000
NEW YORK,2020,7,19.000000
NEW YORK,2020,6,19.000000
NEW YORK,2020,5,
NEW YORK,2020,4,
NEW YORK,2020,3,19.000000
NEW YORK,2020,2,19.000000
PHILADELPHIA,2020,366,22.000000
PHILADELPHIA,2020,365,22.000000
PHILADELPHIA,2020,364,22.000000
PHILADELPHIA,2020,363,22.000000
PHILADELPHIA,2020,362,
PHILADELPHIA,2020,361,
PHILADELPHIA,2020,360,
PHILADELPHIA,2020,359,
PHILADELPHIA,2020,358,20.500000
PHILADELPHIA,2020,357,20.500000
PHILADELPHIA,2020,356,20.500000
PHILADELPHIA,2020,355,
PHILADELPHIA,2020,354,
PHILADELPHIA,2020,353,19.500000
PHILADELPHIA,2020,352,19.500000
PHILADELPHIA,2020,351,
PHILADELPHIA,2020,350,
PHILADELPHIA,2020,349,
PHILADELPHIA,2020,348,
PHILADELPHIA,2020,347,
PHILADELPHIA,2020,346,
PHILADELPHIA,2020,345,
PHILADELPHIA,2020,344,
PHILADELPHIA,2020,343,
PHILADELPHIA,2020,342,
PHILADELPHIA,2020,341,
PHILADELPHIA,2020,340,
PHILADELPHIA,2020,339,
PHILADELPHIA,2020,338,
PHILADELPHIA,2020,337,
PHILADELPHIA,2020,336,
PHILADELPHIA,2020,335,
PHILADELPHIA,2020,334,
PHILADELPHIA,2020,333,
PHILADELPHIA,2020,332,
PHILADELPHIA,2020,331,
PHILADELPHIA,2020,330,
PHILADELPHIA,2020,329,
PHILADELPHIA,2020,328,
PHILADELPHIA,2020,327,
PHILADELPHIA,2020,326,
PHILADELPHIA,2020,325,
PHILADELPHIA,2020,324,
PHILADELPHIA,2020,323,
PHILADELPHIA,2020,322,
PHILADELPHIA,2020,321,
PHILADELPHIA,2020,320,
PHILADELPHIA,2020,319,
PHILADELPHIA,2020,318,
PHILADELPHIA,2020,317,
PHILADELPHIA,2020,316,
PHILADELPHIA,2020,315,
PHILADELPHIA,2020,314,
PHILADELPHIA,2020,313,
PHILADELPHIA,2020,312,
PHILADELPHIA,2020,311,
PHILADELPHIA,2020,310,
PHILADELPHIA,2020,309,
PHILADELPHIA,2020,308,
PHILADELPHIA,2020,307,
PHILADELPHIA,2020,306,
PHILADELPHIA,2020,305,
PHILADELPHIA,2020,304,
PHILADELPHIA,2020,303,
PHILADELPHIA,2020,302,
PHILADELPHIA,2020,301,
PHILADELPHIA,2020,300,
PHILADELPHIA,2020,299,
PHILADELPHIA,2020,298,
PHILADELPHIA,2020,297,
PHILADELPHIA,2020,296,
PHILADELPHIA,2020,295,
PHILADELPHIA,2020,294,
PHILADELPHIA,2020,293,
PHILADELPHIA,2020,292,
PHILADELPHIA,2020,291,
PHILADELPHIA,2020,290,
PHILADELPHIA,2020,289,
PHILADELPHIA,2020,288,
PHILADELPHIA,2020,287,
PHILADELPHIA,2020,286,
PHILADELPHIA,2020,285,
PHILADELPHIA,2020,284,
PHILADELPHIA,2020,283,
PHILADELPHIA,2020,282,
PHILADELPHIA,2020,281,
PHILADELPHIA,2020,280,
PHILADELPHIA,2020,279,
PHILADELPHIA,2020,278,
PHILADELPHIA,2020,277,
PHILADELPHIA,2020,276,
PHILADELPHIA,2020,275,
PHILADELPHIA,2020,274,
PHILADELPHIA,2020,273,
PHILADELPHIA,2020,272,
PHILADELPHIA,2020,271,
PHILADELPHIA,2020,270,
PHILADELPHIA,2020,269,
PHILADELPHIA,2020,268,
PHILADELPHIA,2020,267,
PHILADELPHIA,2020,266,
PHILADELPHIA,2020,265,
PHILADELPHIA,2020,264,
PHILADELPHIA,2020,263,
PHILADELPHIA,2020,262,
PHILADELPHIA,2020,261,
PHILADELPHIA,2020,260,
PHILADELPHIA,2020,259,
PHILADELPHIA,2020,258,
PHILADELPHIA,2020,257,
PHILADELPHIA,2020,256,
PHILADELPHIA,2020,255,
PHILADELPHIA,2020,254,
PHILADELPHIA,2020,253,
PHILADELPHIA,2020,252,8.000000
PHILADELPHIA,2020,251,
PHILADELPHIA,2020,250,
PHILADELPHIA,2020,249,
PHILADELPHIA,2020,248,8.000000
PHILADELPHIA,2020,247,8.000000
PHILADELPHIA,2020,246,8.000000
PHILADELPHIA,2020,245,8.000000
PHILADELPHIA,2020,244,8.000000
PHILADELPHIA,2020,243,
PHILADELPHIA,2020,242,
PHILADELPHIA,2020,241,6.000000
PHILADELPHIA,2020,240,6.000000
PHILADELPHIA,2020,239,6.000000
PHILADELPHIA,2020,238,6.000000
PHILADELPHIA,2020,237,6.000000
PHILADELPHIA,2020,236,
PHILADELPHIA,2020,235,
PHILADELPHIA,2020,234,7.000000
PHILADELPHIA,2020,233,7.000000
PHILADELPHIA,2020,232,7.000000
PHILADELPHIA,2020,231,7.000000
PHILADELPHIA,2020,230,7.000000
PHILADELPHIA,2020,229,
PHILADELPHIA,2020,228,
PHILADELPHIA,2020,227,8.000000
PHILADELPHIA,2020,226,8.000000
PHILADELPHIA,2020,225,8.000000
PHILADELPHIA,2020,224,8.000000
PHILADELPHIA,2020,223,
PHILADELPHIA,2020,222,
PHILADELPHIA,2020,221,
PHILADELPHIA,2020,220,
PHILADELPHIA,2020,219,
PHILADELPHIA,2020,218,
PHILADELPHIA,2020,217,
PHILADELPHIA,2020,216,
PHILADELPHIA,2020,215,
PHILADELPHIA,2020,214,
PHILADELPHIA,2020,213,
PHILADELPHIA,2020,212,
PHILADELPHIA,2020,211,
PHILADELPHIA,2020,210,
PHILADELPHIA,2020,209,
PHILADELPHIA,2020,208,
PHILADELPHIA,2020,207,
PHILADELPHIA,2020,206,
PHILADELPHIA,2020,205,
PHILADELPHIA,2020,204,
PHILADELPHIA,2020,203,
PHILADELPHIA,2020,202,
PHILADELPHIA,2020,201,
PHILADELPHIA,2020,200,
PHILADELPHIA,2020,199,
PHILADELPHIA,2020,198,
PHILADELPHIA,2020,197,
PHILADELPHIA,2020,196,
PHILADELPHIA,2020,195,
PHILADELPHIA,2020,194,
PHILADELPHIA,2020,193,
PHILADELPHIA,2020,192,
PHILADELPHIA,2020,191,
PHILADELPHIA,2020,190,
PHILADELPHIA,2020,189,
PHILADELPHIA,2020,188,
PHILADELPHIA,2020,187,
PHILADELPHIA,2020,186,
PHILADELPHIA,2020,185,
PHILADELPHIA,2020,184,
PHILADELPHIA,2020,183,
PHILADELPHIA,2020,182,
PHILADELPHIA,2020,181,
PHILADELPHIA,2020,180,
PHILADELPHIA,2020,179,
PHILADELPHIA,2020,178,
PHILADELPHIA,2020,177,
PHILADELPHIA,2020,176,
PHILADELPHIA,2020,175,
PHILADELPHIA,2020,174,
PHILADELPHIA,2020,173,
PHILADELPHIA,2020,172,
PHILADELPHIA,2020,171,
PHILADELPHIA,2020,170,
PHILADELPHIA,2020,169,
PHILADELPHIA,2020,168,
PHILADELPHIA,2020,167,
PHILADELPHIA,2020,166,
PHILADELPHIA,2020,165,
PHILADELPHIA,2020,164,
PHILADELPHIA,2020,163,
PHILADELPHIA,2020,162,
PHILADELPHIA,2020,161,
PHILADELPHIA,2020,160,
PHILADELPHIA,2020,159,
PHILADELPHIA,2020,158,
PHILADELPHIA,2020,157,
PHILADELPHIA,2020,156,
PHILADELPHIA,2020,155,
PHILADELPHIA,2020,154,
PHILADELPHIA,2020,153,
PHILADELPHIA,2020,152,
PHILADELPHIA,2020,151,
PHILADELPHIA,2020,150,
PHILADELPHIA,2020,149,
PHILADELPHIA,2020,148,
PHILADELPHIA,2020,147,
PHILADELPHIA,2020,146,
PHILADELPHIA,2020,145,
PHILADELPHIA,2020,144,
PHILADELPHIA,2020,143,
PHILADELPHIA,2020,142,
PHILADELPHIA,2020,141,
PHILADELPHIA,2020,140,
PHILADELPHIA,2020,139,
PHILADELPHIA,2020,138,
PHILADELPHIA,2020,137,
PHILADELPHIA,2020,136,
PHILADELPHIA,2020,135,
PHILADELPHIA,2020,134,
PHILADELPHIA,2020,133,
PHILADELPHIA,2020,132,
PHILADELPHIA,2020,131,
PHILADELPHIA,2020,130,
PHILADELPHIA,2020,129,
PHILADELPHIA,2020,128,
PHILADELPHIA,2020,127,
PHILADELPHIA,2020,126,
PHILADELPHIA,2020,125,
PHILADELPHIA,2020,124,
PHILADELPHIA,2020,123,
PHILADELPHIA,2020,122,
PHILADELPHIA,2020,121,
PHILADELPHIA,2020,120,
PHILADELPHIA,2020,119,
PHILADELPHIA,2020,118,
PHILADELPHIA,2020,117,
PHILADELPHIA,2020,116,
PHILADELPHIA,2020,115,
PHILADELPHIA,2020,114,
PHILADELPHIA,2020,113,
PHILADELPHIA,2020,112,
PHILADELPHIA,2020,111,
PHILADELPHIA,2020,110,
PHILADELPHIA,2020,109,
PHILADELPHIA,2020,108,
PHILADELPHIA,2020,107,
PHILADELPHIA,2020,106,
PHILADELPHIA,2020,105,
PHILADELPHIA,2020,104,
PHILADELPHIA,2020,103,
PHILADELPHIA,2020,102,
PHILADELPHIA,2020,101,
PHILADELPHIA,2020,100,
PHILADELPHIA,2020,99,
PHILADELPHIA,2020,98,
PHILADELPHIA,2020,97,
PHILADELPHIA,2020,96,
PHILADELPHIA,2020,95,
PHILADELPHIA,2020,94,
PHILADELPHIA,2020,93,
PHILADELPHIA,2020,92,
PHILADELPHIA,2020,91,
PHILADELPHIA,2020,90,
PHILADELPHIA,2020,89,
PHILADELPHIA,2020,88,
PHILADELPHIA,2020,87,
PHILADELPHIA,2020,86,
PHILADELPHIA,2020,85,
PHILADELPHIA,2020,84,
PHILADELPHIA,2020,83,
PHILADELPHIA,2020,82,
PHILADELPHIA,2020,81,
PHILADELPHIA,2020,80,
PHILADELPHIA,2020,79,
PHILADELPHIA,2020,78,
PHILADELPHIA,2020,77,
PHILADELPHIA,2020,76,
PHILADELPHIA,2020,75,
PHILADELPHIA,2020,74,
PHILADELPHIA,2020,73,
PHILADELPHIA,2020,72,
PHILADELPHIA,2020,71,
PHILADELPHIA,2020,70,
PHILADELPHIA,2020,69,
PHILADELPHIA,2020,68,
PHILADELPHIA,2020,67,
PHILADELPHIA,2020,66,
PHILADELPHIA,2020,65,
PHILADELPHIA,2020,64,
PHILADELPHIA,2020,63,
PHILADELPHIA,2020,62,
PHILADELPHIA,2020,61,
PHILADELPHIA,2020,60,
PHILADELPHIA,2020,59,
PHILADELPHIA,2020,58,
PHILADELPHIA,2020,57,
PHILADELPHIA,2020,56,
PHILADELPHIA,2020,55,
PHILADELPHIA,2020,54,
PHILADELPHIA,2020,53,
PHILADELPHIA,2020,52,
PHILADELPHIA,2020,51,
PHILADELPHIA,2020,50,
PHILADELPHIA,2020,49,
PHILADELPHIA,2020,48,
PHILADELPHIA,2020,47,
PHILADELPHIA,2020,46,
PHILADELPHIA,2020,45,
PHILADELPHIA,2020,44,
PHILADELPHIA,2020,43,
PHILADELPHIA,2020,42,
PHILADELPHIA,2020,41,
PHILADELPHIA,2020,40,
PHILADELPHIA,2020,39,
PHILADELPHIA,2020,38,
PHILADELPHIA,2020,37,
PHILADELPHIA,2020,36,
PHILADELPHIA,2020,35,
PHILADELPHIA,2020,34,
PHILADELPHIA,2020,33,
PHILADELPHIA,2020,32,
PHILADELPHIA,2020,31,
PHILADELPHIA,2020,30,
PHILADELPHIA,2020,29,
PHILADELPHIA,2020,28,
PHILADELPHIA,2020,27,
PHILADELPHIA,2020,26,
PHILADELPHIA,2020,25,
PHILADELPHIA,2020,24,
PHILADELPHIA,2020,23,
PHILADELPHIA,2020,22,
PHILADELPHIA,2020,21,
PHILADELPHIA,2020,20,
PHILADELPHIA,2020,19,
PHILADELPHIA,2020,18,
PHILADELPHIA,2020,17,
PHILADELPHIA,2020,16,
PHILADELPHIA,2020,15,
PHILADELPHIA,2020,14,
PHILADELPHIA,2020,13,
PHILADELPHIA,2020,12,
PHILADELPHIA,2020,11,
PHILADELPHIA,2020,10,
PHILADELPHIA,2020,9,
PHILADELPHIA,2020,8,
PHILADELPHIA,2020,7,
PHILADELPHIA,2020,6,
PHILADELPHIA,2020,5,
PHILADELPHIA,2020,4,
PHILADELPHIA,2020,3,
PHILADELPHIA,2020,2,
BALTIMORE,2019,366,
BALTIMORE,2019,365,
BALTIMORE,2019,364,
BALTIMORE,2019,363,
BALTIMORE,2019,362,
BALTIMORE,2019,361,
BALTIMORE,2019,360,
BALTIMORE,2019,359,
BALTIMORE,2019,358,
BALTIMORE,2019,357,
BALTIMORE,2019,356,
BALTIMORE,2019,355,
BALTIMORE,2019,354,
BALTIMORE,2019,353,
BALTIMORE,2019,352,
BALTIMORE,2019,351,
BALTIMORE,2019,350,
BALTIMORE,2019,349,
BALTIMORE,2019,348,
BALTIMORE,2019,347,
BALTIMORE,2019,346,
BALTIMORE,2019,345,
BALTIMORE,2019,344,
BALTIMORE,2019,343,
BALTIMORE,2019,342,
BALTIMORE,2019,341,
BALTIMORE,2019,340,
BALTIMORE,2019,339,
BALTIMORE,2019,338,
BALTIMORE,2019,337,
BALTIMORE,2019,336,
BALTIMORE,2019,335,
BALTIMORE,2019,334,
BALTIMORE,2019,333,
BALTIMORE,2019,332,
BALTIMORE,2019,331,
BALTIMORE,2019,330,
BALTIMORE,2019,329,
BALTIMORE,2019,328,
BALTIMORE,2019,327,
BALTIMORE,2019,326,
BALTIMORE,2019,325,
BALTIMORE,2019,324,
BALTIMORE,2019,323,
BALTIMORE,2019,322,
BALTIMORE,2019,321,
BALTIMORE,2019,320,
BALTIMORE,2019,319,
BALTIMORE,2019,318,
BALTIMORE,2019,317,
BALTIMORE,2019,316,
BALTIMORE,2019,315,
BALTIMORE,2019,314,
BALTIMORE,2019,313,
BALTIMORE,2019,312,
BALTIMORE,2019,311,
BALTIMORE,2019,310,
BALTIMORE,2019,309,
BALTIMORE,2019,308,
BALTIMORE,2019,307,
BALTIMORE,2019,306,
BALTIMORE,2019,305,
BALTIMORE,2019,304,
BALTIMORE,2019,303,
BALTIMORE,2019,302,
BALTIMORE,2019,301,
BALTIMORE,2019,300,
BALTIMORE,2019,299,
BALTIMORE,2019,298,
BALTIMORE,2019,297,
BALTIMORE,2019,296,
BALTIMORE,2019,295,
BALTIMORE,2019,294,
BALTIMORE,2019,293,
BALTIMORE,2019,292,
BALTIMORE,2019,291,
BALTIMORE,2019,290,
BALTIMORE,2019,289,
BALTIMORE,2019,288,
BALTIMORE,2019,287,
BALTIMORE,2019,286,
BALTIMORE,2019,285,
BALTIMORE,2019,284,
BALTIMORE,2019,283,
BALTIMORE,2019,282,
BALTIMORE,2019,281,
BALTIMORE,2019,280,
BALTIMORE,2019,279,
BALTIMORE,2019,278,
BALTIMORE,2019,277,
BALTIMORE,2019,276,
BALTIMORE,2019,275,
BALTIMORE,2019,274,
BALTIMORE,2019,273,
BALTIMORE,2019,272,
BALTIMORE,2019,271,
BALTIMORE,2019,270,
BALTIMORE,2019,269,
BALTIMORE,2019,268,
BALTIMORE,2019,267,
BALTIMORE,2019,266,
BALTIMORE,2019,265,
BALTIMORE,2019,264,
BALTIMORE,2019,263,
BALTIMORE,2019,262,
BALTIMORE,2019,261,
BALTIMORE,2019,260,
BALTIMORE,2019,259,
BALTIMORE,2019,258,
BALTIMORE,2019,257,
BALTIMORE,2019,256,
BALTIMORE,2019,255,
BALTIMORE,2019,254,
BALTIMORE,2019,253,
BALTIMORE,2019,252,
BALTIMORE,2019,251,
BALTIMORE,2019,250,
BALTIMORE,2019,249,
BALTIMORE,2019,248,
BALTIMORE,2019,247,
BALTIMORE,2019,246,
BALTIMORE,2019,245,
BALTIMORE,2019,244,
BALTIMORE,2019,243,
BALTIMORE,2019,242,
BALTIMORE,2019,241,
BALTIMORE,2019,240,
BALTIMORE,2019,239,23.250000
BALTIMORE,2019,238,23.250000
BALTIMORE,2019,237,
BALTIMORE,2019,236,
BALTIMORE,2019,235,23.250000
BALTIMORE,2019,234,24.500000
BALTIMORE,2019,233,
BALTIMORE,2019,232,
BALTIMORE,2019,231,
BALTIMORE,2019,230,
BALTIMORE,2019,229,
BALTIMORE,2019,228,
BALTIMORE,2019,227,
BALTIMORE,2019,226,
BALTIMORE,2019,225,
BALTIMORE,2019,224,
BALTIMORE,2019,223,
BALTIMORE,2019,222,
BALTIMORE,2019,221,
BALTIMORE,2019,220,
BALTIMORE,2019,219,
BALTIMORE,2019,218,
BALTIMORE,2019,217,
BALTIMORE,2019,216,
BALTIMORE,2019,215,
BALTIMORE,2019,214,
BALTIMORE,2019,213,
BALTIMORE,2019,212,
BALTIMORE,2019,211,
BALTIMORE,2019,210,
BALTIMORE,2019,209,
BALTIMORE,2019,208,
BALTIMORE,2019,207,
BALTIMORE,2019,206,
BALTIMORE,2019,205,
BALTIMORE,2019,204,
BALTIMORE,2019,203,
BALTIMORE,2019,202,
BALTIMORE,2019,201,
BALTIMORE,2019,200,
BALTIMORE,2019,199,
BALTIMORE,2019,198,
BALTIMORE,2019,197,
BALTIMORE,2019,196,
BALTIMORE,2019,195,
BALTIMORE,2019,194,
BALTIMORE,2019,193,
BALTIMORE,2019,192,
BALTIMORE,2019,191,
BALTIMORE,2019,190,
BALTIMORE,2019,189,
BALTIMORE,2019,188,
BALTIMORE,2019,187,
BALTIMORE,2019,186,
BALTIMORE,2019,185,
BALTIMORE,2019,184,
BALTIMORE,2019,183,
BALTIMORE,2019,182,
BALTIMORE,2019,181,
BALTIMORE,2019,180,
BALTIMORE,2019,179,
BALTIMORE,2019,178,12.000000
BALTIMORE,2019,177,12.000000
BALTIMORE,2019,176,12.000000
BALTIMORE,2019,175,12.000000
BALTIMORE,2019,174,
BALTIMORE,2019,173,
BALTIMORE,2019,172,16.000000
BALTIMORE,2019,171,16.000000
BALTIMORE,2019,170,16.000000
BALTIMORE,2019,169,16.000000
BALTIMORE,2019,168,16.000000
BALTIMORE,2019,167,
BALTIMORE,2019,166,
BALTIMORE,2019,165,
BALTIMORE,2019,164,
BALTIMORE,2019,163,
BALTIMORE,2019,162,
BALTIMORE,2019,161,
BALTIMORE,2019,160,
BALTIMORE,2019,159,
BALTIMORE,2019,158,
BALTIMORE,2019,157,
BALTIMORE,2019,156,
BALTIMORE,2019,155,
BALTIMORE,2019,154,
BALTIMORE,2019,153,
BALTIMORE,2019,152,
BALTIMORE,2019,151,
BALTIMORE,2019,150,
BALTIMORE,2019,149,
BALTIMORE,2019,148,
BALTIMORE,2019,147,
BALTIMORE,2019,146,
BALTIMORE,2019,145,
BALTIMORE,2019,144,
BALTIMORE,2019,143,
BALTIMORE,2019,142,
BALTIMORE,2019,141,
BALTIMORE,2019,140,
BALTIMORE,2019,139,
BALTIMORE,2019,138,
BALTIMORE,2019,137,
BALTIMORE,2019,136,
BALTIMORE,2019,135,
BALTIMORE,2019,134,
BALTIMORE,2019,133,
BALTIMORE,2019,132,
BALTIMORE,2019,131,
BALTIMORE,2019,130,
BALTIMORE,2019,129,
BALTIMORE,2019,128,
BALTIMORE,2019,127,
BALTIMORE,2019,126,
BALTIMORE,2019,125,
BALTIMORE,2019,124,
BALTIMORE,2019,123,
BALTIMORE,2019,122,
BALTIMORE,2019,121,
BALTIMORE,2019,120,
BALTIMORE,2019,119,
BALTIMORE,2019,118,
BALTIMORE,2019,117,
BALTIMORE,2019,116,
BALTIMORE,2019,115,
BALTIMORE,2019,114,
BALTIMORE,2019,113,
BALTIMORE,2019,112,
BALTIMORE,2019,111,
BALTIMORE,2019,110,
BALTIMORE,2019,109,
BALTIMORE,2019,108,
BALTIMORE,2019,107,
BALTIMORE,2019,106,
BALTIMORE,2019,105,
BALTIMORE,2019,104,
BALTIMORE,2019,103,
BALTIMORE,2019,102,
BALTIMORE,2019,101,
BALTIMORE,2019,100,
BALTIMORE,2019,99,
BALTIMORE,2019,98,
BALTIMORE,2019,97,
BALTIMORE,2019,96,
BALTIMORE,2019,95,
BALTIMORE,2019,94,
BALTIMORE,2019,93,
BALTIMORE,2019,92,
BALTIMORE,2019,91,
BALTIMORE,2019,90,
BALTIMORE,2019,89,
BALTIMORE,2019,88,
BALTIMORE,2019,87,
BALTIMORE,2019,86,
BALTIMORE,2019,85,
BALTIMORE,2019,84,
BALTIMORE,2019,83,
BALTIMORE,2019,82,
BALTIMORE,2019,81,
BALTIMORE,2019,80,
BALTIMORE,2019,79,
BALTIMORE,2019,78,
BALTIMORE,2019,77,
BALTIMORE,2019,76,
BALTIMORE,2019,75,
BALTIMORE,2019,74,
BALTIMORE,2019,73,
BALTIMORE,2019,72,
BALTIMORE,2019,71,
BALTIMORE,2019,70,
BALTIMORE,2019,69,
BALTIMORE,2019,68,
BALTIMORE,2019,67,
BALTIMORE,2019,66,
BALTIMORE,2019,65,
BALTIMORE,2019,64,
BALTIMORE,2019,63,
BALTIMORE,2019,62,
BALTIMORE,2019,61,
BALTIMORE,2019,60,
BALTIMORE,2019,59,
BALTIMORE,2019,58,
BALTIMORE,2019,57,
BALTIMORE,2019,56,
BALTIMORE,2019,55,
BALTIMORE,2019,54,
BALTIMORE,2019,53,
BALTIMORE,2019,52,
BALTIMORE,2019,51,
BALTIMORE,2019,50,
BALTIMORE,2019,49,
BALTIMORE,2019,48,
BALTIMORE,2019,47,
BALTIMORE,2019,46,
BALTIMORE,2019,45,
BALTIMORE,2019,44,
BALTIMORE,2019,43,
BALTIMORE,2019,42,
BALTIMORE,2019,41,
BALTIMORE,2019,40,
BALTIMORE,2019,39,
BALTIMORE,2019,38,
BALTIMORE,2019,37,
BALTIMORE,2019,36,
BALTIMORE,2019,35,
BALTIMORE,2019,34,
BALTIMORE,2019,33,
BALTIMORE,2019,32,
BALTIMORE,2019,31,
BALTIMORE,2019,30,
BALTIMORE,2019,29,
BALTIMORE,2019,28,
BALTIMORE,2019,27,
BALTIMORE,2019,26,
BALTIMORE,2019,25,
BALTIMORE,2019,24,
BALTIMORE,2019,23,
BALTIMORE,2019,22,
BALTIMORE,2019,21,
BALTIMORE,2019,20,
BALTIMORE,2019,19,
BALTIMORE,2019,18,
BALTIMORE,2019,17,
BALTIMORE,2019,16,
BALTIMORE,2019,15,
BALTIMORE,2019,14,
BALTIMORE,2019,13,
BALTIMORE,2019,12,
BALTIMORE,2019,11,
BALTIMORE,2019,10,
BALTIMORE,2019,9,
BALTIMORE,2019,8,
BALTIMORE,2019,7,
BALTIMORE,2019,6,
BALTIMORE,2019,5,
BALTIMORE,2019,4,
BALTIMORE,2019,3,
BALTIMORE,2019,2,
CHICAGO,2019,366,
CHICAGO,2019,365,
CHICAGO,2019,364,
CHICAGO,2019,363,
CHICAGO,2019,362,
CHICAGO,2019,361,
CHICAGO,2019,360,
CHICAGO,2019,359,
CHICAGO,2019,358,
CHICAGO,2019,357,
CHICAGO,2019,356,
CHICAGO,2019,355,
CHICAGO,2019,354,
CHICAGO,2019,353,
CHICAGO,2019,352,
CHICAGO,2019,351,
CHICAGO,2019,350,
CHICAGO,2019,349,
CHICAGO,2019,348,
CHICAGO,2019,347,
CHICAGO,2019,346,
CHICAGO,2019,345,
CHICAGO,2019,344,
CHICAGO,2019,343,
CHICAGO,2019,342,
CHICAGO,2019,341,
CHICAGO,2019,340,
CHICAGO,2019,339,
CHICAGO,2019,338,
CHICAGO,2019,337,
CHICAGO,2019,336,
CHICAGO,2019,335,
CHICAGO,2019,334,
CHICAGO,2019,333,
CHICAGO,2019,332,
CHICAGO,2019,331,
CHICAGO,2019,330,
CHICAGO,2019,329,
CHICAGO,2019,328,
CHICAGO,2019,327,
CHICAGO,2019,326,
CHICAGO,2019,325,
CHICAGO,2019,324,
CHICAGO,2019,323,
CHICAGO,2019,322,
CHICAGO,2019,321,
CHICAGO,2019,320,
CHICAGO,2019,319,
CHICAGO,2019,318,
CHICAGO,2019,317,
CHICAGO,2019,316,
CHICAGO,2019,315,
CHICAGO,2019,314,
CHICAGO,2019,313,
CHICAGO,2019,312,
CHICAGO,2019,311,
CHICAGO,2019,310,
CHICAGO,2019,309,
CHICAGO,2019,308,
CHICAGO,2019,307,
CHICAGO,2019,306,
CHICAGO,2019,305,
CHICAGO,2019,304,
CHICAGO,2019,303,
CHICAGO,2019,302,
CHICAGO,2019,301,
CHICAGO,2019,300,
CHICAGO,2019,299,
CHICAGO,2019,298,
CHICAGO,2019,297,
CHICAGO,2019,296,
CHICAGO,2019,295,
CHICAGO,2019,294,
CHICAGO,2019,293,
CHICAGO,2019,292,
CHICAGO,2019,291,
CHICAGO,2019,290,
CHICAGO,2019,289,18.000000
CHICAGO,2019,288,18.000000
CHICAGO,2019,287,
CHICAGO,2019,286,
CHICAGO,2019,285,
CHICAGO,2019,284,18.000000
CHICAGO,2019,283,18.000000
CHICAGO,2019,282,18.000000
CHICAGO,2019,281,18.000000
CHICAGO,2019,280,18.000000
CHICAGO,2019,279,
CHICAGO,2019,278,
CHICAGO,2019,277,18.000000
CHICAGO,2019,276,18.000000
CHICAGO,2019,275,18.000000
CHICAGO,2019,274,18.000000
CHICAGO,2019,273,18.000000
CHICAGO,2019,272,
CHICAGO,2019,271,
CHICAGO,2019,270,18.000000
CHICAGO,2019,269,18.000000
CHICAGO,2019,268,18.000000
CHICAGO,2019,267,18.000000
CHICAGO,2019,266,18.000000
CHICAGO,2019,265,
CHICAGO,2019,264,
CHICAGO,2019,263,18.000000
CHICAGO,2019,262,18.000000
CHICAGO,2019,261,18.000000
CHICAGO,2019,260,19.000000
CHICAGO,2019,259,19.000000
CHICAGO,2019,258,
CHICAGO,2019,257,
CHICAGO,2019,256,19.000000
CHICAGO,2019,255,19.000000
CHICAGO,2019,254,19.000000
CHICAGO,2019,253,19.000000
CHICAGO,2019,252,19.000000
CHICAGO,2019,251,
CHICAGO,2019,250,
CHICAGO,2019,249,19.000000
CHICAGO,2019,248,
CHICAGO,2019,247,19.000000
CHICAGO,2019,246,
CHICAGO,2019,245,
CHICAGO,2019,244,
CHICAGO,2019,243,
CHICAGO,2019,242,19.000000
CHICAGO,2019,241,19.000000
CHICAGO,2019,240,23.500000
CHICAGO,2019,239,23.500000
CHICAGO,2019,238,23.500000
CHICAGO,2019,237,
CHICAGO,2019,236,
CHICAGO,2019,235,23.500000
CHICAGO,2019,234,23.500000
CHICAGO,2019,233,23.500000
CHICAGO,2019,232,21.750000
CHICAGO,2019,231,31.000000
CHICAGO,2019,230,
CHICAGO,2019,229,
CHICAGO,2019,228,
CHICAGO,2019,227,
CHICAGO,2019,226,31.000000
CHICAGO,2019,225,
CHICAGO,2019,224,31.000000
CHICAGO,2019,223,
CHICAGO,2019,222,
CHICAGO,2019,221,31.000000
CHICAGO,2019,220,
CHICAGO,2019,219,31.000000
CHICAGO,2019,218,
CHICAGO,2019,217,23.000000
CHICAGO,2019,216,
CHICAGO,2019,215,
CHICAGO,2019,214,23.000000
CHICAGO,2019,213,
CHICAGO,2019,212,23.000000
CHICAGO,2019,211,
CHICAGO,2019,210,23.000000
CHICAGO,2019,209,
CHICAGO,2019,208,
CHICAGO,2019,207,23.000000
CHICAGO,2019,206,
CHICAGO,2019,205,23.000000
CHICAGO,2019,204,
CHICAGO,2019,203,23.000000
CHICAGO,2019,202,
CHICAGO,2019,201,
CHICAGO,2019,200,23.000000
CHICAGO,2019,199,
CHICAGO,2019,198,23.000000
CHICAGO,2019,197,
CHICAGO,2019,196,23.000000
CHICAGO,2019,195,
CHICAGO,2019,194,
CHICAGO,2019,193,21.000000
CHICAGO,2019,192,
CHICAGO,2019,191,21.000000
CHICAGO,2019,190,
CHICAGO,2019,189,21.000000
CHICAGO,2019,188,
CHICAGO,2019,187,
CHICAGO,2019,186,21.000000
CHICAGO,2019,185,
CHICAGO,2019,184,21.000000
CHICAGO,2019,183,
CHICAGO,2019,182,21.000000
CHICAGO,2019,181,
CHICAGO,2019,180,
CHICAGO,2019,179,21.000000
CHICAGO,2019,178,
CHICAGO,2019,177,21.000000
CHICAGO,2019,176,
CHICAGO,2019,175,21.000000
CHICAGO,2019,174,
CHICAGO,2019,173,
CHICAGO,2019,172,22.000000
CHICAGO,2019,171,
CHICAGO,2019,170,22.000000
CHICAGO,2019,169,
CHICAGO,2019,168,22.000000
CHICAGO,2019,167,
CHICAGO,2019,166,
CHICAGO,2019,165,22.000000
CHICAGO,2019,164,
CHICAGO,2019,163,22.000000
CHICAGO,2019,162,
CHICAGO,2019,161,32.000000
CHICAGO,2019,160,
CHICAGO,2019,159,
CHICAGO,2019,158,32.000000
CHICAGO,2019,157,
CHICAGO,2019,156,32.000000
CHICAGO,2019,155,
CHICAGO,2019,154,32.000000
CHICAGO,2019,153,
CHICAGO,2019,152,
CHICAGO,2019,151,32.000000
CHICAGO,2019,150,
CHICAGO,2019,149,32.000000
CHICAGO,2019,148,
CHICAGO,2019,147,
CHICAGO,2019,146,
CHICAGO,2019,145,
CHICAGO,2019,144,32.000000
CHICAGO,2019,143,
CHICAGO,2019,142,32.000000
CHICAGO,2019,141,
CHICAGO,2019,140,32.000000
CHICAGO,2019,139,
CHICAGO,2019,138,
CHICAGO,2019,137,32.000000
CHICAGO,2019,136,
CHICAGO,2019,135,32.000000
CHICAGO,2019,134,
CHICAGO,2019,133,32.000000
CHICAGO,2019,132,
CHICAGO,2019,131,
CHICAGO,2019,130,32.000000
CHICAGO,2019,129,
CHICAGO,2019,128,32.000000
CHICAGO,2019,127,
CHICAGO,2019,126,
CHICAGO,2019,125,
CHICAGO,2019,124,
CHICAGO,2019,123,
CHICAGO,2019,122,
CHICAGO,2019,121,
CHICAGO,2019,120,
CHICAGO,2019,119,
CHICAGO,2019,118,
CHICAGO,2019,117,
CHICAGO,2019,116,
CHICAGO,2019,115,
CHICAGO,2019,114,
CHICAGO,2019,113,
CHICAGO,2019,112,
CHICAGO,2019,111,
CHICAGO,2019,110,
CHICAGO,2019,109,
CHICAGO,2019,108,
CHICAGO,2019,107,
CHICAGO,2019,106,
CHICAGO,2019,105,
CHICAGO,2019,104,
CHICAGO,2019,103,
CHICAGO,2019,102,
CHICAGO,2019,101,
CHICAGO,2019,100,
CHICAGO,2019,99,
CHICAGO,2019,98,
CHICAGO,2019,97,
CHICAGO,2019,96,
CHICAGO,2019,95,
CHICAGO,2019,94,
CHICAGO,2019,93,
CHICAGO,2019,92,
CHICAGO,2019,91,
CHICAGO,2019,90,
CHICAGO,2019,89,
CHICAGO,2019,88,
CHICAGO,2019,87,
CHICAGO,2019,86,
CHICAGO,2019,85,
CHICAGO,2019,84,
CHICAGO,2019,83,
CHICAGO,2019,82,
CHICAGO,2019,81,
CHICAGO,2019,80,
CHICAGO,2019,79,
CHICAGO,2019,78,
CHICAGO,2019,77,
CHICAGO,2019,76,
CHICAGO,2019,75,
CHICAGO,2019,74,
CHICAGO,2019,73,
CHICAGO,2019,72,
CHICAGO,2019,71,
CHICAGO,2019,70,
CHICAGO,2019,69,
CHICAGO,2019,68,
CHICAGO,2019,67,
CHICAGO,2019,66,
CHICAGO,2019,65,
CHICAGO,2019,64,
CHICAGO,2019,63,
CHICAGO,2019,62,
CHICAGO,2019,61,
CHICAGO,2019,60,
CHICAGO,2019,59,
CHICAGO,2019,58,
CHICAGO,2019,57,
CHICAGO,2019,56,
CHICAGO,2019,55,
CHICAGO,2019,54,
CHICAGO,2019,53,
CHICAGO,2019,52,
CHICAGO,2019,51,
CHICAGO,2019,50,
CHICAGO,2019,49,
CHICAGO,2019,48,
CHICAGO,2019,47,
CHICAGO,2019,46,
CHICAGO,2019,45,
CHICAGO,2019,44,
CHICAGO,2019,43,
CHICAGO,2019,42,
CHICAGO,2019,41,
CHICAGO,2019,40,
CHICAGO,2019,39,
CHICAGO,2019,38,
CHICAGO,2019,37,
CHICAGO,2019,36,
CHICAGO,2019,35,
CHICAGO,2019,34,
CHICAGO,2019,33,
CHICAGO,2019,32,
CHICAGO,2019,31,
CHICAGO,2019,30,
CHICAGO,2019,29,
CHICAGO,2019,28,
CHICAGO,2019,27,
CHICAGO,2019,26,
CHICAGO,2019,25,
CHICAGO,2019,24,
CHICAGO,2019,23,
CHICAGO,2019,22,
CHICAGO,2019,21,
CHICAGO,2019,20,
CHICAGO,2019,19,
CHICAGO,2019,18,
CHICAGO,2019,17,
CHICAGO,2019,16,
CHICAGO,2019,15,
CHICAGO,2019,14,
CHICAGO,2019,13,
CHICAGO,2019,12,
CHICAGO,2019,11,
CHICAGO,2019,10,
CHICAGO,2019,9,
CHICAGO,2019,8,
CHICAGO,2019,7,
CHICAGO,2019,6,
CHICAGO,2019,5,
CHICAGO,2019,4,
CHICAGO,2019,3,
CHICAGO,2019,2,
LOS ANGELES,2019,366,
LOS ANGELES,2019,365,1.200000
LOS ANGELES,2019,364,1.200000
LOS ANGELES,2019,363,
LOS ANGELES,2019,362,
LOS ANGELES,2019,361,1.200000
LOS ANGELES,2019,360,1.200000
LOS ANGELES,2019,359,
LOS ANGELES,2019,358,
LOS ANGELES,2019,357,1.200000
LOS ANGELES,2019,356,
LOS ANGELES,2019,355,
LOS ANGELES,2019,354,1.200000
LOS ANGELES,2019,353,1.200000
LOS ANGELES,2019,352,1.200000
LOS ANGELES,2019,351,1.200000
LOS ANGELES,2019,350,1.200000
LOS ANGELES,2019,349,
LOS ANGELES,2019,348,
LOS ANGELES,2019,347,1.200000
LOS ANGELES,2019,346,1.200000
LOS ANGELES,2019,345,1.200000
LOS ANGELES,2019,344,1.200000
LOS ANGELES,2019,343,1.200000
LOS ANGELES,2019,342,
LOS ANGELES,2019,341,
LOS ANGELES,2019,340,1.200000
LOS ANGELES,2019,339,1.200000
LOS ANGELES,2019,338,1.200000
LOS ANGELES,2019,337,1.200000
LOS ANGELES,2019,336,1.200000
LOS ANGELES,2019,335,
LOS ANGELES,2019,334,
LOS ANGELES,2019,333,1.200000
LOS ANGELES,2019,332,
LOS ANGELES,2019,331,1.200000
LOS ANGELES,2019,330,1.200000
LOS ANGELES,2019,329,1.200000
LOS ANGELES,2019,328,
LOS ANGELES,2019,327,
LOS ANGELES,2019,326,1.200000
LOS ANGELES,2019,325,1.200000
LOS ANGELES,2019,324,1.200000
LOS ANGELES,2019,323,1.200000
LOS ANGELES,2019,322,1.200000
LOS ANGELES,2019,321,
LOS ANGELES,2019,320,
LOS ANGELES,2019,319,1.200000
LOS ANGELES,2019,318,1.200000
LOS ANGELES,2019,317,1.200000
LOS ANGELES,2019,316,1.200000
LOS ANGELES,2019,315,
LOS ANGELES,2019,314,
LOS ANGELES,2019,313,
LOS ANGELES,2019,312,1.200000
LOS ANGELES,2019,311,1.200000
LOS ANGELES,2019,310,1.200000
LOS ANGELES,2019,309,1.200000
LOS ANGELES,2019,308,1.200000
LOS ANGELES,2019,307,
LOS ANGELES,2019,306,
LOS ANGELES,2019,305,1.200000
LOS ANGELES,2019,304,1.200000
LOS ANGELES,2019,303,1.200000
LOS ANGELES,2019,302,1.200000
LOS ANGELES,2019,301,1.200000
LOS ANGELES,2019,300,
LOS ANGELES,2019,299,
LOS ANGELES,2019,298,1.200000
LOS ANGELES,2019,297,1.200000
LOS ANGELES,2019,296,1.200000
LOS ANGELES,2019,295,1.200000
LOS ANGELES,2019,294,1.200000
LOS ANGELES,2019,293,
LOS ANGELES,2019,292,
LOS ANGELES,2019,291,1.200000
LOS ANGELES,2019,290,1.200000
LOS ANGELES,2019,289,1.200000
LOS ANGELES,2019,288,1.200000
LOS ANGELES,2019,287,
LOS ANGELES,2019,286,
LOS ANGELES,2019,285,
LOS ANGELES,2019,284,1.200000
LOS ANGELES,2019,283,1.200000
LOS ANGELES,2019,282,1.200000
LOS ANGELES,2019,281,1.200000
LOS ANGELES,2019,280,1.200000
LOS ANGELES,2019,279,
LOS ANGELES,2019,278,
LOS ANGELES,2019,277,1.200000
LOS ANGELES,2019,276,1.200000
LOS ANGELES,2019,275,1.200000
LOS ANGELES,2019,274,1.200000
LOS ANGELES,2019,273,1.200000
LOS ANGELES,2019,272,
LOS ANGELES,2019,271,
LOS ANGELES,2019,270,1.200000
LOS ANGELES,2019,269,1.200000
LOS ANGELES,2019,268,1.200000
LOS ANGELES,2019,267,1.200000
LOS ANGELES,2019,266,1.200000
LOS ANGELES,2019,265,
LOS ANGELES,2019,264,
LOS ANGELES,2019,263,1.200000
LOS ANGELES,2019,262,1.200000
LOS ANGELES,2019,261,1.200000
LOS ANGELES,2019,260,1.200000
LOS ANGELES,2019,259,1.200000
LOS ANGELES,2019,258,
LOS ANGELES,2019,257,
LOS ANGELES,2019,256,1.200000
LOS ANGELES,2019,255,1.200000
LOS ANGELES,2019,254,1.200000
LOS ANGELES,2019,253,1.200000
LOS ANGELES,2019,252,1.200000
LOS ANGELES,2019,251,
LOS ANGELES,2019,250,
LOS ANGELES,2019,249,1.200000
LOS ANGELES,2019,248,1.200000
LOS ANGELES,2019,247,1.200000
LOS ANGELES,2019,246,1.200000
LOS ANGELES,2019,245,
LOS ANGELES,2019,244,
LOS ANGELES,2019,243,
LOS ANGELES,2019,242,1.200000
LOS ANGELES,2019,241,1.200000
LOS ANGELES,2019,240,1.200000
LOS ANGELES,2019,239,1.200000
LOS ANGELES,2019,238,1.200000
LOS ANGELES,2019,237,
LOS ANGELES,2019,236,
LOS ANGELES,2019,235,1.200000
LOS ANGELES,2019,234,1.200000
LOS ANGELES,2019,233,1.200000
LOS ANGELES,2019,232,1.200000
LOS ANGELES,2019,231,1.200000
LOS ANGELES,2019,230,
LOS ANGELES,2019,229,
LOS ANGELES,2019,228,
LOS ANGELES,2019,227,1.200000
LOS ANGELES,2019,226,1.200000
LOS ANGELES,2019,225,1.200000
LOS ANGELES,2019,224,1.200000
LOS ANGELES,2019,223,
LOS ANGELES,2019,222,
LOS ANGELES,2019,221,1.200000
LOS ANGELES,2019,220,1.200000
LOS ANGELES,2019,219,1.200000
LOS ANGELES,2019,218,1.200000
LOS ANGELES,2019,217,1.200000
LOS ANGELES,2019,216,
LOS ANGELES,2019,215,
LOS ANGELES,2019,214,1.200000
LOS ANGELES,2019,213,1.200000
LOS ANGELES,2019,212,1.200000
LOS ANGELES,2019,211,1.200000
LOS ANGELES,2019,210,1.200000
LOS ANGELES,2019,209,
LOS ANGELES,2019,208,
LOS ANGELES,2019,207,1.200000
LOS ANGELES,2019,206,1.200000
LOS ANGELES,2019,205,1.200000
LOS ANGELES,2019,204,1.200000
LOS ANGELES,2019,203,
LOS ANGELES,2019,202,
LOS ANGELES,2019,201,
LOS ANGELES,2019,200,
LOS ANGELES,2019,199,
LOS ANGELES,2019,198,
LOS ANGELES,2019,197,
LOS ANGELES,2019,196,
LOS ANGELES,2019,195,
LOS ANGELES,2019,194,
LOS ANGELES,2019,193,
LOS ANGELES,2019,192,
LOS ANGELES,2019,191,
LOS ANGELES,2019,190,
LOS ANGELES,2019,189,
LOS ANGELES,2019,188,
LOS ANGELES,2019,187,
LOS ANGELES,2019,186,
LOS ANGELES,2019,185,
LOS ANGELES,2019,184,
LOS ANGELES,2019,183,
LOS ANGELES,2019,182,
LOS ANGELES,2019,181,
LOS ANGELES,2019,180,
LOS ANGELES,2019,179,
LOS ANGELES,2019,178,
LOS ANGELES,2019,177,19.000000
LOS ANGELES,2019,176,19.000000
LOS ANGELES,2019,175,19.000000
LOS ANGELES,2019,174,
LOS ANGELES,2019,173,
LOS ANGELES,2019,172,19.000000
LOS ANGELES,2019,171,19.000000
LOS ANGELES,2019,170,19.000000
LOS ANGELES,2019,169,19.000000
LOS ANGELES,2019,168,19.000000
LOS ANGELES,2019,167,
LOS ANGELES,2019,166,
LOS ANGELES,2019,165,19.000000
LOS ANGELES,2019,164,19.000000
LOS ANGELES,2019,163,19.000000
LOS ANGELES,2019,162,19.000000
LOS ANGELES,2019,161,19.000000
LOS ANGELES,2019,160,
LOS ANGELES,2019,159,
LOS ANGELES,2019,158,19.000000
LOS ANGELES,2019,157,19.000000
LOS ANGELES,2019,156,19.000000
LOS ANGELES,2019,155,19.000000
LOS ANGELES,2019,154,19.000000
LOS ANGELES,2019,153,
LOS ANGELES,2019,152,
LOS ANGELES,2019,151,21.000000
LOS ANGELES,2019,150,21.000000
LOS ANGELES,2019,149,21.000000
LOS ANGELES,2019,148,21.000000
LOS ANGELES,2019,147,
LOS ANGELES,2019,146,
LOS ANGELES,2019,145,
LOS ANGELES,2019,144,21.000000
LOS ANGELES,2019,143,21.000000
LOS ANGELES,2019,142,21.000000
LOS ANGELES,2019,141,21.000000
LOS ANGELES,2019,140,21.000000
LOS ANGELES,2019,139,
LOS ANGELES,2019,138,
LOS ANGELES,2019,137,21.000000
LOS ANGELES,2019,136,21.000000
LOS ANGELES,2019,135,21.000000
LOS ANGELES,2019,134,21.000000
LOS ANGELES,2019,133,21.000000
LOS ANGELES,2019,132,
LOS ANGELES,2019,131,
LOS ANGELES,2019,130,21.000000
LOS ANGELES,2019,129,21.000000
LOS ANGELES,2019,128,21.000000
LOS ANGELES,2019,127,21.000000
LOS ANGELES,2019,126,21.000000
LOS ANGELES,2019,125,
LOS ANGELES,2019,124,
LOS ANGELES,2019,123,21.000000
LOS ANGELES,2019,122,21.000000
LOS ANGELES,2019,121,21.000000
LOS ANGELES,2019,120,21.000000
LOS ANGELES,2019,119,21.000000
LOS ANGELES,2019,118,
LOS ANGELES,2019,117,
LOS ANGELES,2019,116,21.000000
LOS ANGELES,2019,115,21.000000
LOS ANGELES,2019,114,21.000000
LOS ANGELES,2019,113,21.000000
LOS ANGELES,2019,112,21.000000
LOS ANGELES,2019,111,
LOS ANGELES,2019,110,
LOS ANGELES,2019,109,21.000000
LOS ANGELES,2019,108,21.000000
LOS ANGELES,2019,107,21.000000
LOS ANGELES,2019,106,21.000000
LOS ANGELES,2019,105,21.000000
LOS ANGELES,2019,104,
LOS ANGELES,2019,103,
LOS ANGELES,2019,102,21.000000
LOS ANGELES,2019,101,21.000000
LOS ANGELES,2019,100,21.000000
LOS ANGELES,2019,99,21.000000
LOS ANGELES,2019,98,21.000000
LOS ANGELES,2019,97,
LOS ANGELES,2019,96,
LOS ANGELES,2019,95,21.000000
LOS ANGELES,2019,94,21.000000
LOS ANGELES,2019,93,21.000000
LOS ANGELES,2019,92,21.000000
LOS ANGELES,2019,91,21.000000
LOS ANGELES,2019,90,
LOS ANGELES,2019,89,
LOS ANGELES,2019,88,21.000000
LOS ANGELES,2019,87,21.000000
LOS ANGELES,2019,86,21.000000
LOS ANGELES,2019,85,21.000000
LOS ANGELES,2019,84,21.000000
LOS ANGELES,2019,83,
LOS ANGELES,2019,82,
LOS ANGELES,2019,81,21.000000
LOS ANGELES,2019,80,21.000000
LOS ANGELES,2019,79,21.000000
LOS ANGELES,2019,78,21.000000
LOS ANGELES,2019,77,21.000000
LOS ANGELES,2019,76,
LOS ANGELES,2019,75,
LOS ANGELES,2019,74,21.000000
LOS ANGELES,2019,73,21.000000
LOS ANGELES,2019,72,21.000000
LOS ANGELES,2019,71,21.000000
LOS ANGELES,2019,70,21.000000
LOS ANGELES,2019,69,
LOS ANGELES,2019,68,
LOS ANGELES,2019,67,21.000000
LOS ANGELES,2019,66,21.000000
LOS ANGELES,2019,65,21.000000
LOS ANGELES,2019,64,21.000000
LOS ANGELES,2019,63,21.000000
LOS ANGELES,2019,62,
LOS ANGELES,2019,61,
LOS ANGELES,2019,60,21.000000
LOS ANGELES,2019,59,21.000000
LOS ANGELES,2019,58,21.000000
LOS ANGELES,2019,57,21.000000
LOS ANGELES,2019,56,21.000000
LOS ANGELES,2019,55,
LOS ANGELES,2019,54,
LOS ANGELES,2019,53,21.000000
LOS ANGELES,2019,52,21.000000
LOS ANGELES,2019,51,21.000000
LOS ANGELES,2019,50,21.000000
LOS ANGELES,2019,49,
LOS ANGELES,2019,48,
LOS ANGELES,2019,47,
LOS ANGELES,2019,46,21.000000
LOS ANGELES,2019,45,21.000000
LOS ANGELES,2019,44,21.000000
LOS ANGELES,2019,43,21.000000
LOS ANGELES,2019,42,21.000000
LOS ANGELES,2019,41,
LOS ANGELES,2019,40,
LOS ANGELES,2019,39,21.000000
LOS ANGELES,2019,38,21.000000
LOS ANGELES,2019,37,21.000000
LOS ANGELES,2019,36,21.000000
LOS ANGELES,2019,35,21.000000
LOS ANGELES,2019,34,
LOS ANGELES,2019,33,
LOS ANGELES,2019,32,21.000000
LOS ANGELES,2019,31,21.000000
LOS ANGELES,2019,30,21.000000
LOS ANGELES,2019,29,21.000000
LOS ANGELES,2019,28,21.000000
LOS ANGELES,2019,27,
LOS ANGELES,2019,26,
LOS ANGELES,2019,25,21.000000
LOS ANGELES,2019,24,21.000000
LOS ANGELES,2019,23,21.000000
LOS ANGELES,2019,22,21.000000
LOS ANGELES,2019,21,
LOS ANGELES,2019,20,
LOS ANGELES,2019,19,
LOS ANGELES,2019,18,21.000000
LOS ANGELES,2019,17,21.000000
LOS ANGELES,2019,16,21.000000
LOS ANGELES,2019,15,21.000000
LOS ANGELES,2019,14,21.000000
LOS ANGELES,2019,13,
LOS ANGELES,2019,12,
LOS ANGELES,2019,11,21.000000
LOS ANGELES,2019,10,21.000000
LOS ANGELES,2019,9,21.000000
LOS ANGELES,2019,8,21.000000
LOS ANGELES,2019,7,21.000000
LOS ANGELES,2019,6,
LOS ANGELES,2019,5,
LOS ANGELES,2019,4,21.000000
LOS ANGELES,2019,3,21.000000
LOS ANGELES,2019,2,21.000000
NEW YORK,2019,366,
NEW YORK,2019,365,19.000000
NEW YORK,2019,364,19.000000
NEW YORK,2019,363,
NEW YORK,2019,362,
NEW YORK,2019,361,
NEW YORK,2019,360,
NEW YORK,2019,359,
NEW YORK,2019,358,
NEW YORK,2019,357,
NEW YORK,2019,356,
NEW YORK,2019,355,
NEW YORK,2019,354,
NEW YORK,2019,353,
NEW YORK,2019,352,
NEW YORK,2019,351,
NEW YORK,2019,350,
NEW YORK,2019,349,
NEW YORK,2019,348,
NEW YORK,2019,347,
NEW YORK,2019,346,
NEW YORK,2019,345,
NEW YORK,2019,344,
NEW YORK,2019,343,
NEW YORK,2019,342,
NEW YORK,2019,341,
NEW YORK,2019,340,5.000000
NEW YORK,2019,339,16.000000
NEW YORK,2019,338,16.000000
NEW YORK,2019,337,16.000000
NEW YORK,2019,336,12.500000
NEW YORK,2019,335,
NEW YORK,2019,334,
NEW YORK,2019,333,
NEW YORK,2019,332,
NEW YORK,2019,331,12.500000
NEW YORK,2019,330,12.500000
NEW YORK,2019,329,12.500000
NEW YORK,2019,328,
NEW YORK,2019,327,
NEW YORK,2019,326,12.500000
NEW YORK,2019,325,12.500000
NEW YORK,2019,324,12.500000
NEW YORK,2019,323,12.500000
NEW YORK,2019,322,12.500000
NEW YORK,2019,321,
NEW YORK,2019,320,
NEW YORK,2019,319,
NEW YORK,2019,318,
NEW YORK,2019,317,
NEW YORK,2019,316,
NEW YORK,2019,315,
NEW YORK,2019,314,
NEW YORK,2019,313,
NEW YORK,2019,312,
NEW YORK,2019,311,
NEW YORK,2019,310,
NEW YORK,2019,309,
NEW YORK,2019,308,
NEW YORK,2019,307,
NEW YORK,2019,306,
NEW YORK,2019,305,
NEW YORK,2019,304,
NEW YORK,2019,303,
NEW YORK,2019,302,
NEW YORK,2019,301,
NEW YORK,2019,300,
NEW YORK,2019,299,
NEW YORK,2019,298,
NEW YORK,2019,297,
NEW YORK,2019,296,
NEW YORK,2019,295,
NEW YORK,2019,294,
NEW YORK,2019,293,
NEW YORK,2019,292,
NEW YORK,2019,291,
NEW YORK,2019,290,
NEW YORK,2019,289,
NEW YORK,2019,288,
NEW YORK,2019,287,
NEW YORK,2019,286,
NEW YORK,2019,285,
NEW YORK,2019,284,
NEW YORK,2019,283,
NEW YORK,2019,282,
NEW YORK,2019,281,
NEW YORK,2019,280,
NEW YORK,2019,279,
NEW YORK,2019,278,
NEW YORK,2019,277,
NEW YORK,2019,276,
NEW YORK,2019,275,
NEW YORK,2019,274,
NEW YORK,2019,273,
NEW YORK,2019,272,
NEW YORK,2019,271,
NEW YORK,2019,270,
NEW YORK,2019,269,
NEW YORK,2019,268,
NEW YORK,2019,267,
NEW YORK,2019,266,
NEW YORK,2019,265,
NEW YORK,2019,264,
NEW YORK,2019,263,
NEW YORK,2019,262,
NEW YORK,2019,261,
NEW YORK,2019,260,
NEW YORK,2019,259,
NEW YORK,2019,258,
NEW YORK,2019,257,
NEW YORK,2019,256,
NEW YORK,2019,255,
NEW YORK,2019,254,
NEW YORK,2019,253,
NEW YORK,2019,252,
NEW YORK,2019,251,
NEW YORK,2019,250,
NEW YORK,2019,249,
NEW YORK,2019,248,
NEW YORK,2019,247,
NEW YORK,2019,246,
NEW YORK,2019,245,
NEW YORK,2019,244,
NEW YORK,2019,243,
NEW YORK,2019,242,
NEW YORK,2019,241,
NEW YORK,2019,240,
NEW YORK,2019,239,
NEW YORK,2019,238,
NEW YORK,2019,237,
NEW YORK,2019,236,
NEW YORK,2019,235,
NEW YORK,2019,234,
NEW YORK,2019,233,
NEW YORK,2019,232,
NEW YORK,2019,231,
NEW YORK,2019,230,
NEW YORK,2019,229,
NEW YORK,2019,228,
NEW YORK,2019,227,
NEW YORK,2019,226,
NEW YORK,2019,225,
NEW YORK,2019,224,
NEW YORK,2019,223,
NEW YORK,2019,222,
NEW YORK,2019,221,
NEW YORK,2019,220,
NEW YORK,2019,219,
NEW YORK,2019,218,
NEW YORK,2019,217,
NEW YORK,2019,216,
NEW YORK,2019,215,
NEW YORK,2019,214,
NEW YORK,2019,213,
NEW YORK,2019,212,
NEW YORK,2019,211,
NEW YORK,2019,210,
NEW YORK,2019,209,
NEW YORK,2019,208,
NEW YORK,2019,207,
NEW YORK,2019,206,
NEW YORK,2019,205,
NEW YORK,2019,204,
NEW YORK,2019,203,
NEW YORK,2019,202,
NEW YORK,2019,201,
NEW YORK,2019,200,
NEW YORK,2019,199,
NEW YORK,2019,198,
NEW YORK,2019,197,
NEW YORK,2019,196,
NEW YORK,2019,195,
NEW YORK,2019,194,
NEW YORK,2019,193,
NEW YORK,2019,192,
NEW YORK,2019,191,
NEW YORK,2019,190,
NEW YORK,2019,189,
NEW YORK,2019,188,
NEW YORK,2019,187,
NEW YORK,2019,186,
NEW YORK,2019,185,
NEW YORK,2019,184,
NEW YORK,2019,183,
NEW YORK,2019,182,
NEW YORK,2019,181,
NEW YORK,2019,180,
NEW YORK,2019,179,
NEW YORK,2019,178,
NEW YORK,2019,177,
NEW YORK,2019,176,
NEW YORK,2019,175,
NEW YORK,2019,174,
NEW YORK,2019,173,
NEW YORK,2019,172,
NEW YORK,2019,171,
NEW YORK,2019,170,
NEW YORK,2019,169,
NEW YORK,2019,168,18.000000
NEW YORK,2019,167,
NEW YORK,2019,166,
NEW YORK,2019,165,18.000000
NEW YORK,2019,164,18.000000
NEW YORK,2019,163,18.000000
NEW YORK,2019,162,18.000000
NEW YORK,2019,161,18.000000
NEW YORK,2019,160,
NEW YORK,2019,159,
NEW YORK,2019,158,
NEW YORK,2019,157,
NEW YORK,2019,156,7.500000
NEW YORK,2019,155,7.500000
NEW YORK,2019,154,7.500000
NEW YORK,2019,153,
NEW YORK,2019,152,
NEW YORK,2019,151,
NEW YORK,2019,150,
NEW YORK,2019,149,
NEW YORK,2019,148,
NEW YORK,2019,147,
NEW YORK,2019,146,
NEW YORK,2019,145,
NEW YORK,2019,144,
NEW YORK,2019,143,
NEW YORK,2019,142,
NEW YORK,2019,141,
NEW YORK,2019,140,
NEW YORK,2019,139,
NEW YORK,2019,138,
NEW YORK,2019,137,
NEW YORK,2019,136,
NEW YORK,2019,135,
NEW YORK,2019,134,
NEW YORK,2019,133,
NEW YORK,2019,132,
NEW YORK,2019,131,
NEW YORK,2019,130,
NEW YORK,2019,129,
NEW YORK,2019,128,
NEW YORK,2019,127,
NEW YORK,2019,126,
NEW YORK,2019,125,
NEW YORK,2019,124,
NEW YORK,2019,123,
NEW YORK,2019,122,
NEW YORK,2019,121,
NEW YORK,2019,120,
NEW YORK,2019,119,
NEW YORK,2019,118,
NEW YORK,2019,117,
NEW YORK,2019,116,
NEW YORK,2019,115,39.000000
NEW YORK,2019,114,
NEW YORK,2019,113,
NEW YORK,2019,112,
NEW YORK,2019,111,
NEW YORK,2019,110,
NEW YORK,2019,109,
NEW YORK,2019,108,39.000000
NEW YORK,2019,107,39.000000
NEW YORK,2019,106,39.000000
NEW YORK,2019,105,39.000000
NEW YORK,2019,104,
NEW YORK,2019,103,
NEW YORK,2019,102,39.000000
NEW YORK,2019,101,39.000000
NEW YORK,2019,100,39.000000
NEW YORK,2019,99,39.000000
NEW YORK,2019,98,39.000000
NEW YORK,2019,97,
NEW YORK,2019,96,
NEW YORK,2019,95,32.500000
NEW YORK,2019,94,32.500000
NEW YORK,2019,93,32.500000
NEW YORK,2019,92,32.500000
NEW YORK,2019,91,32.500000
NEW YORK,2019,90,
NEW YORK,2019,89,
NEW YORK,2019,88,32.500000
NEW YORK,2019,87,32.500000
NEW YORK,2019,86,32.500000
NEW YORK,2019,85,32.500000
NEW YORK,2019,84,32.500000
NEW YORK,2019,83,
NEW YORK,2019,82,
NEW YORK,2019,81,
NEW YORK,2019,80,
NEW YORK,2019,79,
NEW YORK,2019,78,
NEW YORK,2019,77,
NEW YORK,2019,76,
NEW YORK,2019,75,
NEW YORK,2019,74,51.000000
NEW YORK,2019,73,51.000000
NEW YORK,2019,72,51.000000
NEW YORK,2019,71,51.000000
NEW YORK,2019,70,
NEW YORK,2019,69,
NEW YORK,2019,68,
NEW YORK,2019,67,51.000000
NEW YORK,2019,66,
NEW YORK,2019,65,
NEW YORK,2019,64,
NEW YORK,2019,63,
NEW YORK,2019,62,
NEW YORK,2019,61,
NEW YORK,2019,60,
NEW YORK,2019,59,
NEW YORK,2019,58,
NEW YORK,2019,57,
NEW YORK,2019,56,
NEW YORK,2019,55,
NEW YORK,2019,54,
NEW YORK,2019,53,
NEW YORK,2019,52,
NEW YORK,2019,51,
NEW YORK,2019,50,
NEW YORK,2019,49,
NEW YORK,2019,48,
NEW YORK,2019,47,
NEW YORK,2019,46,
NEW YORK,2019,45,
NEW YORK,2019,44,
NEW YORK,2019,43,
NEW YORK,2019,42,
NEW YORK,2019,41,
NEW YORK,2019,40,
NEW YORK,2019,39,
NEW YORK,2019,38,46.500000
NEW YORK,2019,37,46.500000
NEW YORK,2019,36,46.500000
NEW YORK,2019,35,46.500000
NEW YORK,2019,34,
NEW YORK,2019,33,
NEW YORK,2019,32,46.500000
NEW YORK,2019,31,46.500000
NEW YORK,2019,30,46.500000
NEW YORK,2019,29,46.500000
NEW YORK,2019,28,46.500000
NEW YORK,2019,27,
NEW YORK,2019,26,
NEW YORK,2019,25,46.500000
NEW YORK,2019,24,46.500000
NEW YORK,2019,23,46.500000
NEW YORK,2019,22,46.500000
NEW YORK,2019,21,
NEW YORK,2019,20,
NEW YORK,2019,19,
NEW YORK,2019,18,
NEW YORK,2019,17,40.000000
NEW YORK,2019,16,40.000000
NEW YORK,2019,15,40.000000
NEW YORK,2019,14,50.000000
NEW YORK,2019,13,
NEW YORK,2019,12,
NEW YORK,2019,11,
NEW YORK,2019,10,
NEW YORK,2019,9,
NEW YORK,2019,8,
NEW YORK,2019,7,
NEW YORK,2019,6,
NEW YORK,2019,5,
NEW YORK,2019,4,
NEW YORK,2019,3,
NEW YORK,2019,2,
PHILADELPHIA,2019,366,
PHILADELPHIA,2019,365,
PHILADELPHIA,2019,364,
PHILADELPHIA,2019,363,
PHILADELPHIA,2019,362,
PHILADELPHIA,2019,361,
PHILADELPHIA,2019,360,
PHILADELPHIA,2019,359,
PHILADELPHIA,2019,358,
PHILADELPHIA,2019,357,
PHILADELPHIA,2019,356,
PHILADELPHIA,2019,355,
PHILADELPHIA,2019,354,
PHILADELPHIA,2019,353,
PHILADELPHIA,2019,352,
PHILADELPHIA,2019,351,
PHILADELPHIA,2019,350,
PHILADELPHIA,2019,349,
PHILADELPHIA,2019,348,
PHILADELPHIA,2019,347,
PHILADELPHIA,2019,346,
PHILADELPHIA,2019,345,
PHILADELPHIA,2019,344,
PHILADELPHIA,2019,343,
PHILADELPHIA,2019,342,
PHILADELPHIA,2019,341,
PHILADELPHIA,2019,340,
PHILADELPHIA,2019,339,
PHILADELPHIA,2019,338,
PHILADELPHIA,2019,337,
PHILADELPHIA,2019,336,
PHILADELPHIA,2019,335,
PHILADELPHIA,2019,334,
PHILADELPHIA,2019,333,
PHILADELPHIA,2019,332,
PHILADELPHIA,2019,331,
PHILADELPHIA,2019,330,
PHILADELPHIA,2019,329,
PHILADELPHIA,2019,328,
PHILADELPHIA,2019,327,
PHILADELPHIA,2019,326,
PHILADELPHIA,2019,325,
PHILADELPHIA,2019,324,
PHILADELPHIA,2019,323,
PHILADELPHIA,2019,322,
PHILADELPHIA,2019,321,
PHILADELPHIA,2019,320,
PHILADELPHIA,2019,319,
PHILADELPHIA,2019,318,
PHILADELPHIA,2019,317,
PHILADELPHIA,2019,316,
PHILADELPHIA,2019,315,
PHILADELPHIA,2019,314,
PHILADELPHIA,2019,313,
PHILADELPHIA,2019,312,
PHILADELPHIA,2019,311,
PHILADELPHIA,2019,310,
PHILADELPHIA,2019,309,
PHILADELPHIA,2019,308,
PHILADELPHIA,2019,307,
PHILADELPHIA,2019,306,
PHILADELPHIA,2019,305,
PHILADELPHIA,2019,304,
PHILADELPHIA,2019,303,
PHILADELPHIA,2019,302,
PHILADELPHIA,2019,301,
PHILADELPHIA,2019,300,
PHILADELPHIA,2019,299,
PHILADELPHIA,2019,298,
PHILADELPHIA,2019,297,
PHILADELPHIA,2019,296,
PHILADELPHIA,2019,295,
PHILADELPHIA,2019,294,
PHILADELPHIA,2019,293,
PHILADELPHIA,2019,292,
PHILADELPHIA,2019,291,
PHILADELPHIA,2019,290,
PHILADELPHIA,2019,289,
PHILADELPHIA,2019,288,
PHILADELPHIA,2019,287,
PHILADELPHIA,2019,286,
PHILADELPHIA,2019,285,
PHILADELPHIA,2019,284,
PHILADELPHIA,2019,283,
PHILADELPHIA,2019,282,
PHILADELPHIA,2019,281,
PHILADELPHIA,2019,280,
PHILADELPHIA,2019,279,
PHILADELPHIA,2019,278,
PHILADELPHIA,2019,277,
PHILADELPHIA,2019,276,
PHILADELPHIA,2019,275,
PHILADELPHIA,2019,274,
PHILADELPHIA,2019,273,
PHILADELPHIA,2019,272,
PHILADELPHIA,2019,271,
PHILADELPHIA,2019,270,
PHILADELPHIA,2019,269,
PHILADELPHIA,2019,268,
PHILADELPHIA,2019,267,
PHILADELPHIA,2019,266,
PHILADELPHIA,2019,265,
PHILADELPHIA,2019,264,
PHILADELPHIA,2019,263,
PHILADELPHIA,2019,262,
PHILADELPHIA,2019,261,
PHILADELPHIA,2019,260,
PHILADELPHIA,2019,259,
PHILADELPHIA,2019,258,
PHILADELPHIA,2019,257,
PHILADELPHIA,2019,256,
PHILADELPHIA,2019,255,
PHILADELPHIA,2019,254,
PHILADELPHIA,2019,253,
PHILADELPHIA,2019,252,
PHILADELPHIA,2019,251,
PHILADELPHIA,2019,250,
PHILADELPHIA,2019,249,
PHILADELPHIA,2019,248,
PHILADELPHIA,2019,247,
PHILADELPHIA,2019,246,
PHILADELPHIA,2019,245,
PHILADELPHIA,2019,244,
PHILADELPHIA,2019,243,
PHILADELPHIA,2019,242,
PHILADELPHIA,2019,241,
PHILADELPHIA,2019,240,
PHILADELPHIA,2019,239,
PHILADELPHIA,2019,238,
PHILADELPHIA,2019,237,
PHILADELPHIA,2019,236,
PHILADELPHIA,2019,235,
PHILADELPHIA,2019,234,
PHILADELPHIA,2019,233,
PHILADELPHIA,2019,232,
PHILADELPHIA,2019,231,
PHILADELPHIA,2019,230,
PHILADELPHIA,2019,229,
PHILADELPHIA,2019,228,
PHILADELPHIA,2019,227,
PHILADELPHIA,2019,226,
PHILADELPHIA,2019,225,
PHILADELPHIA,2019,224,
PHILADELPHIA,2019,223,
PHILADELPHIA,2019,222,
PHILADELPHIA,2019,221,
PHILADELPHIA,2019,220,
PHILADELPHIA,2019,219,
PHILADELPHIA,2019,218,
PHILADELPHIA,2019,217,
PHILADELPHIA,2019,216,
PHILADELPHIA,2019,215,
PHILADELPHIA,2019,214,
PHILADELPHIA,2019,213,
PHILADELPHIA,2019,212,
PHILADELPHIA,2019,211,
PHILADELPHIA,2019,210,
PHILADELPHIA,2019,209,
PHILADELPHIA,2019,208,
PHILADELPHIA,2019,207,
PHILADELPHIA,2019,206,
PHILADELPHIA,2019,205,
PHILADELPHIA,2019,204,
PHILADELPHIA,2019,203,
PHILADELPHIA,2019,202,
PHILADELPHIA,2019,201,
PHILADELPHIA,2019,200,
PHILADELPHIA,2019,199,
PHILADELPHIA,2019,198,
PHILADELPHIA,2019,197,
PHILADELPHIA,2019,196,
PHILADELPHIA,2019,195,
PHILADELPHIA,2019,194,
PHILADELPHIA,2019,193,
PHILADELPHIA,2019,192,
PHILADELPHIA,2019,191,
PHILADELPHIA,2019,190,
PHILADELPHIA,2019,189,
PHILADELPHIA,2019,188,
PHILADELPHIA,2019,187,
PHILADELPHIA,2019,186,
PHILADELPHIA,2019,185,
PHILADELPHIA,2019,184,
PHILADELPHIA,2019,183,
PHILADELPHIA,2019,182,
PHILADELPHIA,2019,181,
PHILADELPHIA,2019,180,
PHILADELPHIA,2019,179,
PHILADELPHIA,2019,178,
PHILADELPHIA,2019,177,
PHILADELPHIA,2019,176,
PHILADELPHIA,2019,175,
PHILADELPHIA,2019,174,
PHILADELPHIA,2019,173,
PHILADELPHIA,2019,172,
PHILADELPHIA,2019,171,
PHILADELPHIA,2019,170,
PHILADELPHIA,2019,169,
PHILADELPHIA,2019,168,
PHILADELPHIA,2019,167,
PHILADELPHIA,2019,166,
PHILADELPHIA,2019,165,
PHILADELPHIA,2019,164,
PHILADELPHIA,2019,163,
PHILADELPHIA,2019,162,
PHILADELPHIA,2019,161,
PHILADELPHIA,2019,160,
PHILADELPHIA,2019,159,
PHILADELPHIA,2019,158,
PHILADELPHIA,2019,157,
PHILADELPHIA,2019,156,
PHILADELPHIA,2019,155,
PHILADELPHIA,2019,154,
PHILADELPHIA,2019,153,
PHILADELPHIA,2019,152,
PHILADELPHIA,2019,151,
PHILADELPHIA,2019,150,
PHILADELPHIA,2019,149,
PHILADELPHIA,2019,148,
PHILADELPHIA,2019,147,
PHILADELPHIA,2019,146,
PHILADELPHIA,2019,145,
PHILADELPHIA,2019,144,
PHILADELPHIA,2019,143,
PHILADELPHIA,2019,142,
PHILADELPHIA,2019,141,
PHILADELPHIA,2019,140,
PHILADELPHIA,2019,139,
PHILADELPHIA,2019,138,
PHILADELPHIA,2019,137,
PHILADELPHIA,2019,136,
PHILADELPHIA,2019,135,
PHILADELPHIA,2019,134,
PHILADELPHIA,2019,133,
PHILADELPHIA,2019,132,
PHILADELPHIA,2019,131,
PHILADELPHIA,2019,130,
PHILADELPHIA,2019,129,
PHILADELPHIA,2019,128,
PHILADELPHIA,2019,127,
PHILADELPHIA,2019,126,
PHILADELPHIA,2019,125,
PHILADELPHIA,2019,124,
PHILADELPHIA,2019,123,
PHILADELPHIA,2019,122,
PHILADELPHIA,2019,121,
PHILADELPHIA,2019,120,
PHILADELPHIA,2019,119,29.000000
PHILADELPHIA,2019,118,
PHILADELPHIA,2019,117,
PHILADELPHIA,2019,116,
PHILADELPHIA,2019,115,29.000000
PHILADELPHIA,2019,114,
PHILADELPHIA,2019,113,29.000000
PHILADELPHIA,2019,112,
PHILADELPHIA,2019,111,
PHILADELPHIA,2019,110,
PHILADELPHIA,2019,109,29.000000
PHILADELPHIA,2019,108,29.000000
PHILADELPHIA,2019,107,32.000000
PHILADELPHIA,2019,106,32.000000
PHILADELPHIA,2019,105,32.000000
PHILADELPHIA,2019,104,
PHILADELPHIA,2019,103,
PHILADELPHIA,2019,102,30.000000
PHILADELPHIA,2019,101,30.000000
PHILADELPHIA,2019,100,30.000000
PHILADELPHIA,2019,99,30.000000
PHILADELPHIA,2019,98,30.000000
PHILADELPHIA,2019,97,
PHILADELPHIA,2019,96,
PHILADELPHIA,2019,95,30.000000
PHILADELPHIA,2019,94,30.000000
PHILADELPHIA,2019,93,30.000000
PHILADELPHIA,2019,92,30.000000
PHILADELPHIA,2019,91,30.000000
PHILADELPHIA,2019,90,
PHILADELPHIA,2019,89,
PHILADELPHIA,2019,88,30.000000
PHILADELPHIA,2019,87,30.000000
PHILADELPHIA,2019,86,30.000000
PHILADELPHIA,2019,85,30.000000
PHILADELPHIA,2019,84,28.000000
PHILADELPHIA,2019,83,
PHILADELPHIA,2019,82,
PHILADELPHIA,2019,81,28.000000
PHILADELPHIA,2019,80,28.000000
PHILADELPHIA,2019,79,28.000000
PHILADELPHIA,2019,78,28.000000
PHILADELPHIA,2019,77,20.000000
PHILADELPHIA,2019,76,
PHILADELPHIA,2019,75,
PHILADELPHIA,2019,74,20.000000
PHILADELPHIA,2019,73,20.000000
PHILADELPHIA,2019,72,20.000000
PHILADELPHIA,2019,71,20.000000
PHILADELPHIA,2019,70,20.000000
PHILADELPHIA,2019,69,
PHILADELPHIA,2019,68,
PHILADELPHIA,2019,67,20.000000
PHILADELPHIA,2019,66,20.000000
PHILADELPHIA,2019,65,20.000000
PHILADELPHIA,2019,64,20.000000
PHILADELPHIA,2019,63,30.000000
PHILADELPHIA,2019,62,
PHILADELPHIA,2019,61,
PHILADELPHIA,2019,60,30.000000
PHILADELPHIA,2019,59,30.000000
PHILADELPHIA,2019,58,30.000000
PHILADELPHIA,2019,57,
PHILADELPHIA,2019,56,42.500000
PHILADELPHIA,2019,55,
PHILADELPHIA,2019,54,
PHILADELPHIA,2019,53,42.500000
PHILADELPHIA,2019,52,42.500000
PHILADELPHIA,2019,51,42.500000
PHILADELPHIA,2019,50,42.500000
PHILADELPHIA,2019,49,
PHILADELPHIA,2019,48,
PHILADELPHIA,2019,47,
PHILADELPHIA,2019,46,42.500000
PHILADELPHIA,2019,45,42.500000
PHILADELPHIA,2019,44,42.500000
PHILADELPHIA,2019,43,42.500000
PHILADELPHIA,2019,42,42.500000
PHILADELPHIA,2019,41,
PHILADELPHIA,2019,40,
PHILADELPHIA,2019,39,
PHILADELPHIA,2019,38,
PHILADELPHIA,2019,37,
PHILADELPHIA,2019,36,
PHILADELPHIA,2019,35,
PHILADELPHIA,2019,34,
PHILADELPHIA,2019,33,
PHILADELPHIA,2019,32,
PHILADELPHIA,2019,31,
PHILADELPHIA,2019,30,
PHILADELPHIA,2019,29,
PHILADELPHIA,2019,28,
PHILADELPHIA,2019,27,
PHILADELPHIA,2019,26,
PHILADELPHIA,2019,25,
PHILADELPHIA,2019,24,
PHILADELPHIA,2019,23,
PHILADELPHIA,2019,22,
PHILADELPHIA,2019,21,
PHILADELPHIA,2019,20,
PHILADELPHIA,2019,19,
PHILADELPHIA,2019,18,30.000000
PHILADELPHIA,2019,17,30.000000
PHILADELPHIA,2019,16,30.000000
PHILADELPHIA,2019,15,30.000000
PHILADELPHIA,2019,14,30.000000
PHILADELPHIA,2019,13,
PHILADELPHIA,2019,12,
PHILADELPHIA,2019,11,40.000000
PHILADELPHIA,2019,10,40.000000
PHILADELPHIA,2019,9,40.000000
PHILADELPHIA,2019,8,40.000000
PHILADELPHIA,2019,7,40.000000
PHILADELPHIA,2019,6,
PHILADELPHIA,2019,5,
PHILADELPHIA,2019,4,
PHILADELPHIA,2019,3,
PHILADELPHIA,2019,2,
BALTIMORE,2018,366,
BALTIMORE,2018,365,
BALTIMORE,2018,364,
BALTIMORE,2018,363,
BALTIMORE,2018,362,
BALTIMORE,2018,361,
BALTIMORE,2018,360,
BALTIMORE,2018,359,
BALTIMORE,2018,358,
BALTIMORE,2018,357,
BALTIMORE,2018,356,
BALTIMORE,2018,355,
BALTIMORE,2018,354,
BALTIMORE,2018,353,
BALTIMORE,2018,352,
BALTIMORE,2018,351,
BALTIMORE,2018,350,
BALTIMORE,2018,349,
BALTIMORE,2018,348,
BALTIMORE,2018,347,
BALTIMORE,2018,346,
BALTIMORE,2018,345,
BALTIMORE,2018,344,
BALTIMORE,2018,343,
BALTIMORE,2018,342,
BALTIMORE,2018,341,
BALTIMORE,2018,340,
BALTIMORE,2018,339,
BALTIMORE,2018,338,
BALTIMORE,2018,337,
BALTIMORE,2018,336,
BALTIMORE,2018,335,
BALTIMORE,2018,334,
BALTIMORE,2018,333,
BALTIMORE,2018,332,
BALTIMORE,2018,331,
BALTIMORE,2018,330,
BALTIMORE,2018,329,
BALTIMORE,2018,328,
BALTIMORE,2018,327,
BALTIMORE,2018,326,
BALTIMORE,2018,325,
BALTIMORE,2018,324,
BALTIMORE,2018,323,
BALTIMORE,2018,322,
BALTIMORE,2018,321,
BALTIMORE,2018,320,
BALTIMORE,2018,319,
BALTIMORE,2018,318,
BALTIMORE,2018,317,
BALTIMORE,2018,316,
BALTIMORE,2018,315,
BALTIMORE,2018,314,
BALTIMORE,2018,313,
BALTIMORE,2018,312,
BALTIMORE,2018,311,
BALTIMORE,2018,310,
BALTIMORE,2018,309,
BALTIMORE,2018,308,
BALTIMORE,2018,307,
BALTIMORE,2018,306,
BALTIMORE,2018,305,
BALTIMORE,2018,304,
BALTIMORE,2018,303,
BALTIMORE,2018,302,
BALTIMORE,2018,301,
BALTIMORE,2018,300,
BALTIMORE,2018,299,
BALTIMORE,2018,298,
BALTIMORE,2018,297,
BALTIMORE,2018,296,
BALTIMORE,2018,295,
BALTIMORE,2018,294,
BALTIMORE,2018,293,
BALTIMORE,2018,292,
BALTIMORE,2018,291,
BALTIMORE,2018,290,
BALTIMORE,2018,289,
BALTIMORE,2018,288,
BALTIMORE,2018,287,
BALTIMORE,2018,286,
BALTIMORE,2018,285,
BALTIMORE,2018,284,
BALTIMORE,2018,283,
BALTIMORE,2018,282,
BALTIMORE,2018,281,
BALTIMORE,2018,280,
BALTIMORE,2018,279,
BALTIMORE,2018,278,
BALTIMORE,2018,277,
BALTIMORE,2018,276,
BALTIMORE,2018,275,
BALTIMORE,2018,274,
BALTIMORE,2018,273,
BALTIMORE,2018,272,
BALTIMORE,2018,271,
BALTIMORE,2018,270,
BALTIMORE,2018,269,
BALTIMORE,2018,268,
BALTIMORE,2018,267,
BALTIMORE,2018,266,
BALTIMORE,2018,265,
BALTIMORE,2018,264,12.000000
BALTIMORE,2018,263,12.000000
BALTIMORE,2018,262,12.000000
BALTIMORE,2018,261,12.000000
BALTIMORE,2018,260,12.000000
BALTIMORE,2018,259,
BALTIMORE,2018,258,
BALTIMORE,2018,257,
BALTIMORE,2018,256,
BALTIMORE,2018,255,
BALTIMORE,2018,254,
BALTIMORE,2018,253,
BALTIMORE,2018,252,
BALTIMORE,2018,251,
BALTIMORE,2018,250,
BALTIMORE,2018,249,
BALTIMORE,2018,248,
BALTIMORE,2018,247,
BALTIMORE,2018,246,
BALTIMORE,2018,245,
BALTIMORE,2018,244,
BALTIMORE,2018,243,
BALTIMORE,2018,242,
BALTIMORE,2018,241,
BALTIMORE,2018,240,
BALTIMORE,2018,239,
BALTIMORE,2018,238,
BALTIMORE,2018,237,
BALTIMORE,2018,236,
BALTIMORE,2018,235,
BALTIMORE,2018,234,
BALTIMORE,2018,233,
BALTIMORE,2018,232,
BALTIMORE,2018,231,
BALTIMORE,2018,230,
BALTIMORE,2018,229,
BALTIMORE,2018,228,
BALTIMORE,2018,227,
BALTIMORE,2018,226,
BALTIMORE,2018,225,
BALTIMORE,2018,224,
BALTIMORE,2018,223,
BALTIMORE,2018,222,
BALTIMORE,2018,221,
BALTIMORE,2018,220,
BALTIMORE,2018,219,
BALTIMORE,2018,218,
BALTIMORE,2018,217,
BALTIMORE,2018,216,
BALTIMORE,2018,215,
BALTIMORE,2018,214,
BALTIMORE,2018,213,
BALTIMORE,2018,212,
BALTIMORE,2018,211,
BALTIMORE,2018,210,
BALTIMORE,2018,209,
BALTIMORE,2018,208,
BALTIMORE,2018,207,
BALTIMORE,2018,206,
BALTIMORE,2018,205,
BALTIMORE,2018,204,
BALTIMORE,2018,203,
BALTIMORE,2018,202,
BALTIMORE,2018,201,
BALTIMORE,2018,200,
BALTIMORE,2018,199,
BALTIMORE,2018,198,
BALTIMORE,2018,197,
BALTIMORE,2018,196,
BALTIMORE,2018,195,
BALTIMORE,2018,194,
BALTIMORE,2018,193,
BALTIMORE,2018,192,
BALTIMORE,2018,191,
BALTIMORE,2018,190,
BALTIMORE,2018,189,
BALTIMORE,2018,188,
BALTIMORE,2018,187,
BALTIMORE,2018,186,
BALTIMORE,2018,185,
BALTIMORE,2018,184,
BALTIMORE,2018,183,
BALTIMORE,2018,182,
BALTIMORE,2018,181,
BALTIMORE,2018,180,
BALTIMORE,2018,179,
BALTIMORE,2018,178,
BALTIMORE,2018,177,
BALTIMORE,2018,176,
BALTIMORE,2018,175,
BALTIMORE,2018,174,
BALTIMORE,2018,173,
BALTIMORE,2018,172,
BALTIMORE,2018,171,
BALTIMORE,2018,170,
BALTIMORE,2018,169,
BALTIMORE,2018,168,
BALTIMORE,2018,167,
BALTIMORE,2018,166,
BALTIMORE,2018,165,
BALTIMORE,2018,164,
BALTIMORE,2018,163,
BALTIMORE,2018,162,
BALTIMORE,2018,161,
BALTIMORE,2018,160,
BALTIMORE,2018,159,
BALTIMORE,2018,158,
BALTIMORE,2018,157,
BALTIMORE,2018,156,
BALTIMORE,2018,155,
BALTIMORE,2018,154,
BALTIMORE,2018,153,
BALTIMORE,2018,152,
BALTIMORE,2018,151,
BALTIMORE,2018,150,
BALTIMORE,2018,149,
BALTIMORE,2018,148,
BALTIMORE,2018,147,
BALTIMORE,2018,146,
BALTIMORE,2018,145,
BALTIMORE,2018,144,
BALTIMORE,2018,143,
BALTIMORE,2018,142,
BALTIMORE,2018,141,
BALTIMORE,2018,140,
BALTIMORE,2018,139,
BALTIMORE,2018,138,
BALTIMORE,2018,137,
BALTIMORE,2018,136,
BALTIMORE,2018,135,
BALTIMORE,2018,134,
BALTIMORE,2018,133,
BALTIMORE,2018,132,
BALTIMORE,2018,131,
BALTIMORE,2018,130,
BALTIMORE,2018,129,
BALTIMORE,2018,128,
BALTIMORE,2018,127,
BALTIMORE,2018,126,
BALTIMORE,2018,125,
BALTIMORE,2018,124,
BALTIMORE,2018,123,
BALTIMORE,2018,122,
BALTIMORE,2018,121,
BALTIMORE,2018,120,
BALTIMORE,2018,119,
BALTIMORE,2018,118,
BALTIMORE,2018,117,
BALTIMORE,2018,116,
BALTIMORE,2018,115,
BALTIMORE,2018,114,
BALTIMORE,2018,113,
BALTIMORE,2018,112,
BALTIMORE,2018,111,
BALTIMORE,2018,110,
BALTIMORE,2018,109,
BALTIMORE,2018,108,
BALTIMORE,2018,107,
BALTIMORE,2018,106,
BALTIMORE,2018,105,
BALTIMORE,2018,104,
BALTIMORE,2018,103,
BALTIMORE,2018,102,
BALTIMORE,2018,101,
BALTIMORE,2018,100,
BALTIMORE,2018,99,
BALTIMORE,2018,98,
BALTIMORE,2018,97,
BALTIMORE,2018,96,
BALTIMORE,2018,95,
BALTIMORE,2018,94,
BALTIMORE,2018,93,
BALTIMORE,2018,92,
BALTIMORE,2018,91,
BALTIMORE,2018,90,
BALTIMORE,2018,89,
BALTIMORE,2018,88,
BALTIMORE,2018,87,
BALTIMORE,2018,86,
BALTIMORE,2018,85,
BALTIMORE,2018,84,
BALTIMORE,2018,83,
BALTIMORE,2018,82,
BALTIMORE,2018,81,
BALTIMORE,2018,80,
BALTIMORE,2018,79,
BALTIMORE,2018,78,
BALTIMORE,2018,77,
BALTIMORE,2018,76,
BALTIMORE,2018,75,
BALTIMORE,2018,74,
BALTIMORE,2018,73,
BALTIMORE,2018,72,
BALTIMORE,2018,71,
BALTIMORE,2018,70,
BALTIMORE,2018,69,
BALTIMORE,2018,68,
BALTIMORE,2018,67,
BALTIMORE,2018,66,
BALTIMORE,2018,65,
BALTIMORE,2018,64,
BALTIMORE,2018,63,
BALTIMORE,2018,62,
BALTIMORE,2018,61,
BALTIMORE,2018,60,
BALTIMORE,2018,59,
BALTIMORE,2018,58,
BALTIMORE,2018,57,
BALTIMORE,2018,56,
BALTIMORE,2018,55,
BALTIMORE,2018,54,
BALTIMORE,2018,53,
BALTIMORE,2018,52,
BALTIMORE,2018,51,
BALTIMORE,2018,50,
BALTIMORE,2018,49,
BALTIMORE,2018,48,
BALTIMORE,2018,47,
BALTIMORE,2018,46,
BALTIMORE,2018,45,
BALTIMORE,2018,44,
BALTIMORE,2018,43,
BALTIMORE,2018,42,
BALTIMORE,2018,41,
BALTIMORE,2018,40,
BALTIMORE,2018,39,
BALTIMORE,2018,38,
BALTIMORE,2018,37,
BALTIMORE,2018,36,
BALTIMORE,2018,35,
BALTIMORE,2018,34,
BALTIMORE,2018,33,
BALTIMORE,2018,32,
BALTIMORE,2018,31,
BALTIMORE,2018,30,
BALTIMORE,2018,29,
BALTIMORE,2018,28,
BALTIMORE,2018,27,
BALTIMORE,2018,26,
BALTIMORE,2018,25,
BALTIMORE,2018,24,
BALTIMORE,2018,23,
BALTIMORE,2018,22,
BALTIMORE,2018,21,
BALTIMORE,2018,20,
BALTIMORE,2018,19,
BALTIMORE,2018,18,
BALTIMORE,2018,17,
BALTIMORE,2018,16,
BALTIMORE,2018,15,
BALTIMORE,2018,14,
BALTIMORE,2018,13,
BALTIMORE,2018,12,
BALTIMORE,2018,11,
BALTIMORE,2018,10,
BALTIMORE,2018,9,
BALTIMORE,2018,8,
BALTIMORE,2018,7,
BALTIMORE,2018,6,
BALTIMORE,2018,5,
BALTIMORE,2018,4,
BALTIMORE,2018,3,
BALTIMORE,2018,2,
LOS ANGELES,2018,366,
LOS ANGELES,2018,365,21.000000
LOS ANGELES,2018,364,
LOS ANGELES,2018,363,
LOS ANGELES,2018,362,21.000000
LOS ANGELES,2018,361,21.000000
LOS ANGELES,2018,360,21.000000
LOS ANGELES,2018,359,
LOS ANGELES,2018,358,
LOS ANGELES,2018,357,
LOS ANGELES,2018,356,
LOS ANGELES,2018,355,21.000000
LOS ANGELES,2018,354,21.000000
LOS ANGELES,2018,353,21.000000
LOS ANGELES,2018,352,21.000000
LOS ANGELES,2018,351,21.000000
LOS ANGELES,2018,350,
LOS ANGELES,2018,349,
LOS ANGELES,2018,348,21.000000
LOS ANGELES,2018,347,21.000000
LOS ANGELES,2018,346,21.000000
LOS ANGELES,2018,345,21.000000
LOS ANGELES,2018,344,21.000000
LOS ANGELES,2018,343,
LOS ANGELES,2018,342,
LOS ANGELES,2018,341,21.000000
LOS ANGELES,2018,340,21.000000
LOS ANGELES,2018,339,21.000000
LOS ANGELES,2018,338,21.000000
LOS ANGELES,2018,337,21.000000
LOS ANGELES,2018,336,
LOS ANGELES,2018,335,
LOS ANGELES,2018,334,21.000000
LOS ANGELES,2018,333,21.000000
LOS ANGELES,2018,332,21.000000
LOS ANGELES,2018,331,21.000000
LOS ANGELES,2018,330,21.000000
LOS ANGELES,2018,329,
LOS ANGELES,2018,328,
LOS ANGELES,2018,327,21.000000
LOS ANGELES,2018,326,
LOS ANGELES,2018,325,21.000000
LOS ANGELES,2018,324,21.000000
LOS ANGELES,2018,323,21.000000
LOS ANGELES,2018,322,
LOS ANGELES,2018,321,
LOS ANGELES,2018,320,21.000000
LOS ANGELES,2018,319,21.000000
LOS ANGELES,2018,318,21.000000
LOS ANGELES,2018,317,21.000000
LOS ANGELES,2018,316,
LOS ANGELES,2018,315,
LOS ANGELES,2018,314,
LOS ANGELES,2018,313,21.000000
LOS ANGELES,2018,312,21.000000
LOS ANGELES,2018,311,21.000000
LOS ANGELES,2018,310,21.000000
LOS ANGELES,2018,309,21.000000
LOS ANGELES,2018,308,
LOS ANGELES,2018,307,
LOS ANGELES,2018,306,21.000000
LOS ANGELES,2018,305,21.000000
LOS ANGELES,2018,304,21.000000
LOS ANGELES,2018,303,21.000000
LOS ANGELES,2018,302,21.000000
LOS ANGELES,2018,301,
LOS ANGELES,2018,300,
LOS ANGELES,2018,299,21.000000
LOS ANGELES,2018,298,21.000000
LOS ANGELES,2018,297,21.000000
LOS ANGELES,2018,296,21.000000
LOS ANGELES,2018,295,21.000000
LOS ANGELES,2018,294,
LOS ANGELES,2018,293,
LOS ANGELES,2018,292,21.000000
LOS ANGELES,2018,291,21.000000
LOS ANGELES,2018,290,21.000000
LOS ANGELES,2018,289,21.000000
LOS ANGELES,2018,288,21.000000
LOS ANGELES,2018,287,
LOS ANGELES,2018,286,
LOS ANGELES,2018,285,21.000000
LOS ANGELES,2018,284,21.000000
LOS ANGELES,2018,283,21.000000
LOS ANGELES,2018,282,21.000000
LOS ANGELES,2018,281,
LOS ANGELES,2018,280,
LOS ANGELES,2018,279,
LOS ANGELES,2018,278,21.000000
LOS ANGELES,2018,277,21.000000
LOS ANGELES,2018,276,21.000000
LOS ANGELES,2018,275,21.000000
LOS ANGELES,2018,274,21.000000
LOS ANGELES,2018,273,
LOS ANGELES,2018,272,
LOS ANGELES,2018,271,21.000000
LOS ANGELES,2018,270,21.000000
LOS ANGELES,2018,269,21.000000
LOS ANGELES,2018,268,21.000000
LOS ANGELES,2018,267,21.000000
LOS ANGELES,2018,266,
LOS ANGELES,2018,265,
LOS ANGELES,2018,264,21.000000
LOS ANGELES,2018,263,21.000000
LOS ANGELES,2018,262,24.625000
LOS ANGELES,2018,261,24.625000
LOS ANGELES,2018,260,24.625000
LOS ANGELES,2018,259,
LOS ANGELES,2018,258,
LOS ANGELES,2018,257,24.625000
LOS ANGELES,2018,256,24.625000
LOS ANGELES,2018,255,24.625000
LOS ANGELES,2018,254,24.083333
LOS ANGELES,2018,253,24.083333
LOS ANGELES,2018,252,
LOS ANGELES,2018,251,
LOS ANGELES,2018,250,24.083333
LOS ANGELES,2018,249,24.083333
LOS ANGELES,2018,248,24.083333
LOS ANGELES,2018,247,24.083333
LOS ANGELES,2018,246,
LOS ANGELES,2018,245,
LOS ANGELES,2018,244,
LOS ANGELES,2018,243,24.083333
LOS ANGELES,2018,242,24.083333
LOS ANGELES,2018,241,24.083333
LOS ANGELES,2018,240,24.083333
LOS ANGELES,2018,239,24.083333
LOS ANGELES,2018,238,
LOS ANGELES,2018,237,
LOS ANGELES,2018,236,24.083333
LOS ANGELES,2018,235,24.083333
LOS ANGELES,2018,234,24.083333
LOS ANGELES,2018,233,24.083333
LOS ANGELES,2018,232,24.083333
LOS ANGELES,2018,231,
LOS ANGELES,2018,230,
LOS ANGELES,2018,229,24.083333
LOS ANGELES,2018,228,24.083333
LOS ANGELES,2018,227,24.083333
LOS ANGELES,2018,226,24.083333
LOS ANGELES,2018,225,24.083333
LOS ANGELES,2018,224,
LOS ANGELES,2018,223,
LOS ANGELES,2018,222,24.083333
LOS ANGELES,2018,221,24.083333
LOS ANGELES,2018,220,24.083333
LOS ANGELES,2018,219,24.083333
LOS ANGELES,2018,218,24.083333
LOS ANGELES,2018,217,
LOS ANGELES,2018,216,
LOS ANGELES,2018,215,24.083333
LOS ANGELES,2018,214,24.083333
LOS ANGELES,2018,213,25.000000
LOS ANGELES,2018,212,25.000000
LOS ANGELES,2018,211,25.000000
LOS ANGELES,2018,210,
LOS ANGELES,2018,209,
LOS ANGELES,2018,208,25.000000
LOS ANGELES,2018,207,25.000000
LOS ANGELES,2018,206,25.000000
LOS ANGELES,2018,205,25.000000
LOS ANGELES,2018,204,25.000000
LOS ANGELES,2018,203,
LOS ANGELES,2018,202,
LOS ANGELES,2018,201,25.000000
LOS ANGELES,2018,200,25.000000
LOS ANGELES,2018,199,25.000000
LOS ANGELES,2018,198,25.000000
LOS ANGELES,2018,197,25.000000
LOS ANGELES,2018,196,
LOS ANGELES,2018,195,
LOS ANGELES,2018,194,25.000000
LOS ANGELES,2018,193,25.000000
LOS ANGELES,2018,192,25.000000
LOS ANGELES,2018,191,25.000000
LOS ANGELES,2018,190,25.000000
LOS ANGELES,2018,189,
LOS ANGELES,2018,188,
LOS ANGELES,2018,187,25.000000
LOS ANGELES,2018,186,25.000000
LOS ANGELES,2018,185,
LOS ANGELES,2018,184,25.000000
LOS ANGELES,2018,183,25.000000
LOS ANGELES,2018,182,
LOS ANGELES,2018,181,
LOS ANGELES,2018,180,25.000000
LOS ANGELES,2018,179,25.000000
LOS ANGELES,2018,178,25.000000
LOS ANGELES,2018,177,25.000000
LOS ANGELES,2018,176,25.000000
LOS ANGELES,2018,175,
LOS ANGELES,2018,174,
LOS ANGELES,2018,173,25.000000
LOS ANGELES,2018,172,25.000000
LOS ANGELES,2018,171,25.000000
LOS ANGELES,2018,170,25.000000
LOS ANGELES,2018,169,25.000000
LOS ANGELES,2018,168,
LOS ANGELES,2018,167,
LOS ANGELES,2018,166,25.000000
LOS ANGELES,2018,165,25.000000
LOS ANGELES,2018,164,25.000000
LOS ANGELES,2018,163,25.000000
LOS ANGELES,2018,162,25.000000
LOS ANGELES,2018,161,
LOS ANGELES,2018,160,
LOS ANGELES,2018,159,25.000000
LOS ANGELES,2018,158,25.000000
LOS ANGELES,2018,157,25.000000
LOS ANGELES,2018,156,25.000000
LOS ANGELES,2018,155,25.000000
LOS ANGELES,2018,154,
LOS ANGELES,2018,153,
LOS ANGELES,2018,152,25.000000
LOS ANGELES,2018,151,25.000000
LOS ANGELES,2018,150,25.000000
LOS ANGELES,2018,149,25.000000
LOS ANGELES,2018,148,
LOS ANGELES,2018,147,
LOS ANGELES,2018,146,
LOS ANGELES,2018,145,25.000000
LOS ANGELES,2018,144,25.000000
LOS ANGELES,2018,143,25.000000
LOS ANGELES,2018,142,25.000000
LOS ANGELES,2018,141,25.000000
LOS ANGELES,2018,140,
LOS ANGELES,2018,139,
LOS ANGELES,2018,138,25.000000
LOS ANGELES,2018,137,25.000000
LOS ANGELES,2018,136,25.000000
LOS ANGELES,2018,135,25.000000
LOS ANGELES,2018,134,25.000000
LOS ANGELES,2018,133,
LOS ANGELES,2018,132,
LOS ANGELES,2018,131,25.000000
LOS ANGELES,2018,130,25.000000
LOS ANGELES,2018,129,25.000000
LOS ANGELES,2018,128,25.000000
LOS ANGELES,2018,127,25.000000
LOS ANGELES,2018,126,
LOS ANGELES,2018,125,
LOS ANGELES,2018,124,25.000000
LOS ANGELES,2018,123,25.000000
LOS ANGELES,2018,122,25.000000
LOS ANGELES,2018,121,25.000000
LOS ANGELES,2018,120,25.000000
LOS ANGELES,2018,119,
LOS ANGELES,2018,118,
LOS ANGELES,2018,117,25.000000
LOS ANGELES,2018,116,25.000000
LOS ANGELES,2018,115,25.000000
LOS ANGELES,2018,114,25.000000
LOS ANGELES,2018,113,25.000000
LOS ANGELES,2018,112,
LOS ANGELES,2018,111,
LOS ANGELES,2018,110,25.000000
LOS ANGELES,2018,109,25.000000
LOS ANGELES,2018,108,25.000000
LOS ANGELES,2018,107,25.000000
LOS ANGELES,2018,106,
LOS ANGELES,2018,105,
LOS ANGELES,2018,104,
LOS ANGELES,2018,103,
LOS ANGELES,2018,102,
LOS ANGELES,2018,101,
LOS ANGELES,2018,100,
LOS ANGELES,2018,99,
LOS ANGELES,2018,98,
LOS ANGELES,2018,97,
LOS ANGELES,2018,96,
LOS ANGELES,2018,95,
LOS ANGELES,2018,94,
LOS ANGELES,2018,93,
LOS ANGELES,2018,92,
LOS ANGELES,2018,91,
LOS ANGELES,2018,90,
LOS ANGELES,2018,89,
LOS ANGELES,2018,88,
LOS ANGELES,2018,87,
LOS ANGELES,2018,86,
LOS ANGELES,2018,85,
LOS ANGELES,2018,84,
LOS ANGELES,2018,83,
LOS ANGELES,2018,82,
LOS ANGELES,2018,81,
LOS ANGELES,2018,80,
LOS ANGELES,2018,79,
LOS ANGELES,2018,78,
LOS ANGELES,2018,77,
LOS ANGELES,2018,76,
LOS ANGELES,2018,75,
LOS ANGELES,2018,74,
LOS ANGELES,2018,73,
LOS ANGELES,2018,72,
LOS ANGELES,2018,71,
LOS ANGELES,2018,70,
LOS ANGELES,2018,69,
LOS ANGELES,2018,68,
LOS ANGELES,2018,67,
LOS ANGELES,2018,66,
LOS ANGELES,2018,65,
LOS ANGELES,2018,64,
LOS ANGELES,2018,63,
LOS ANGELES,2018,62,
LOS ANGELES,2018,61,
LOS ANGELES,2018,60,
LOS ANGELES,2018,59,
LOS ANGELES,2018,58,
LOS ANGELES,2018,57,
LOS ANGELES,2018,56,
LOS ANGELES,2018,55,
LOS ANGELES,2018,54,
LOS ANGELES,2018,53,
LOS ANGELES,2018,52,
LOS ANGELES,2018,51,
LOS ANGELES,2018,50,
LOS ANGELES,2018,49,
LOS ANGELES,2018,48,
LOS ANGELES,2018,47,
LOS ANGELES,2018,46,
LOS ANGELES,2018,45,
LOS ANGELES,2018,44,
LOS ANGELES,2018,43,
LOS ANGELES,2018,42,
LOS ANGELES,2018,41,
LOS ANGELES,2018,40,
LOS ANGELES,2018,39,
LOS ANGELES,2018,38,
LOS ANGELES,2018,37,
LOS ANGELES,2018,36,
LOS ANGELES,2018,35,
LOS ANGELES,2018,34,
LOS ANGELES,2018,33,
LOS ANGELES,2018,32,
LOS ANGELES,2018,31,
LOS ANGELES,2018,30,
LOS ANGELES,2018,29,
LOS ANGELES,2018,28,
LOS ANGELES,2018,27,
LOS ANGELES,2018,26,
LOS ANGELES,2018,25,
LOS ANGELES,2018,24,
LOS ANGELES,2018,23,
LOS ANGELES,2018,22,
LOS ANGELES,2018,21,
LOS ANGELES,2018,20,
LOS ANGELES,2018,19,
LOS ANGELES,2018,18,
LOS ANGELES,2018,17,
LOS ANGELES,2018,16,
LOS ANGELES,2018,15,
LOS ANGELES,2018,14,
LOS ANGELES,2018,13,
LOS ANGELES,2018,12,
LOS ANGELES,2018,11,
LOS ANGELES,2018,10,
LOS ANGELES,2018,9,
LOS ANGELES,2018,8,
LOS ANGELES,2018,7,
LOS ANGELES,2018,6,
LOS ANGELES,2018,5,
LOS ANGELES,2018,4,
LOS ANGELES,2018,3,
LOS ANGELES,2018,2,
NEW YORK,2018,366,
NEW YORK,2018,365,
NEW YORK,2018,364,
NEW YORK,2018,363,
NEW YORK,2018,362,
NEW YORK,2018,361,
NEW YORK,2018,360,
NEW YORK,2018,359,
NEW YORK,2018,358,
NEW YORK,2018,357,
NEW YORK,2018,356,
NEW YORK,2018,355,
NEW YORK,2018,354,
NEW YORK,2018,353,
NEW YORK,2018,352,
NEW YORK,2018,351,
NEW YORK,2018,350,
NEW YORK,2018,349,
NEW YORK,2018,348,
NEW YORK,2018,347,
NEW YORK,2018,346,
NEW YORK,2018,345,
NEW YORK,2018,344,
NEW YORK,2018,343,
NEW YORK,2018,342,
NEW YORK,2018,341,21.000000
NEW YORK,2018,340,21.000000
NEW YORK,2018,339,21.000000
NEW YORK,2018,338,21.000000
NEW YORK,2018,337,
NEW YORK,2018,336,
NEW YORK,2018,335,
NEW YORK,2018,334,
NEW YORK,2018,333,
NEW YORK,2018,332,
NEW YORK,2018,331,
NEW YORK,2018,330,
NEW YORK,2018,329,
NEW YORK,2018,328,
NEW YORK,2018,327,
NEW YORK,2018,326,
NEW YORK,2018,325,
NEW YORK,2018,324,
NEW YORK,2018,323,
NEW YORK,2018,322,
NEW YORK,2018,321,
NEW YORK,2018,320,
NEW YORK,2018,319,
NEW YORK,2018,318,
NEW YORK,2018,317,
NEW YORK,2018,316,
NEW YORK,2018,315,
NEW YORK,2018,314,
NEW YORK,2018,313,
NEW YORK,2018,312,
NEW YORK,2018,311,
NEW YORK,2018,310,
NEW YORK,2018,309,
NEW YORK,2018,308,
NEW YORK,2018,307,
NEW YORK,2018,306,
NEW YORK,2018,305,
NEW YORK,2018,304,
NEW YORK,2018,303,
NEW YORK,2018,302,
NEW YORK,2018,301,
NEW YORK,2018,300,
NEW YORK,2018,299,
NEW YORK,2018,298,
NEW YORK,2018,297,
NEW YORK,2018,296,
NEW YORK,2018,295,
NEW YORK,2018,294,
NEW YORK,2018,293,
NEW YORK,2018,292,
NEW YORK,2018,291,
NEW YORK,2018,290,
NEW YORK,2018,289,
NEW YORK,2018,288,
NEW YORK,2018,287,
NEW YORK,2018,286,
NEW YORK,2018,285,
NEW YORK,2018,284,
NEW YORK,2018,283,
NEW YORK,2018,282,
NEW YORK,2018,281,
NEW YORK,2018,280,
NEW YORK,2018,279,
NEW YORK,2018,278,
NEW YORK,2018,277,
NEW YORK,2018,276,
NEW YORK,2018,275,
NEW YORK,2018,274,
NEW YORK,2018,273,
NEW YORK,2018,272,
NEW YORK,2018,271,
NEW YORK,2018,270,
NEW YORK,2018,269,
NEW YORK,2018,268,
NEW YORK,2018,267,
NEW YORK,2018,266,
NEW YORK,2018,265,
NEW YORK,2018,264,
NEW YORK,2018,263,
NEW YORK,2018,262,
NEW YORK,2018,261,
NEW YORK,2018,260,
NEW YORK,2018,259,
NEW YORK,2018,258,
NEW YORK,2018,257,
NEW YORK,2018,256,
NEW YORK,2018,255,
NEW YORK,2018,254,
NEW YORK,2018,253,
NEW YORK,2018,252,
NEW YORK,2018,251,
NEW YORK,2018,250,
NEW YORK,2018,249,
NEW YORK,2018,248,
NEW YORK,2018,247,
NEW YORK,2018,246,
NEW YORK,2018,245,
NEW YORK,2018,244,
NEW YORK,2018,243,
NEW YORK,2018,242,
NEW YORK,2018,241,
NEW YORK,2018,240,
NEW YORK,2018,239,
NEW YORK,2018,238,
NEW YORK,2018,237,
NEW YORK,2018,236,
NEW YORK,2018,235,
NEW YORK,2018,234,
NEW YORK,2018,233,
NEW YORK,2018,232,
NEW YORK,2018,231,
NEW YORK,2018,230,
NEW YORK,2018,229,
NEW YORK,2018,228,18.000000
NEW YORK,2018,227,18.000000
NEW YORK,2018,226,18.000000
NEW YORK,2018,225,18.000000
NEW YORK,2018,224,
NEW YORK,2018,223,
NEW YORK,2018,222,
NEW YORK,2018,221,
NEW YORK,2018,220,
NEW YORK,2018,219,
NEW YORK,2018,218,
NEW YORK,2018,217,
NEW YORK,2018,216,
NEW YORK,2018,215,
NEW YORK,2018,214,
NEW YORK,2018,213,
NEW YORK,2018,212,
NEW YORK,2018,211,
NEW YORK,2018,210,
NEW YORK,2018,209,
NEW YORK,2018,208,
NEW YORK,2018,207,
NEW YORK,2018,206,
NEW YORK,2018,205,
NEW YORK,2018,204,
NEW YORK,2018,203,
NEW YORK,2018,202,
NEW YORK,2018,201,
NEW YORK,2018,200,
NEW YORK,2018,199,
NEW YORK,2018,198,
NEW YORK,2018,197,
NEW YORK,2018,196,
NEW YORK,2018,195,
NEW YORK,2018,194,
NEW YORK,2018,193,
NEW YORK,2018,192,
NEW YORK,2018,191,
NEW YORK,2018,190,
NEW YORK,2018,189,
NEW YORK,2018,188,
NEW YORK,2018,187,
NEW YORK,2018,186,
NEW YORK,2018,185,
NEW YORK,2018,184,
NEW YORK,2018,183,
NEW YORK,2018,182,
NEW YORK,2018,181,
NEW YORK,2018,180,
NEW YORK,2018,179,
NEW YORK,2018,178,
NEW YORK,2018,177,
NEW YORK,2018,176,
NEW YORK,2018,175,
NEW YORK,2018,174,
NEW YORK,2018,173,
NEW YORK,2018,172,
NEW YORK,2018,171,
NEW YORK,2018,170,
NEW YORK,2018,169,
NEW YORK,2018,168,
NEW YORK,2018,167,
NEW YORK,2018,166,
NEW YORK,2018,165,
NEW YORK,2018,164,
NEW YORK,2018,163,
NEW YORK,2018,162,
NEW YORK,2018,161,
NEW YORK,2018,160,
NEW YORK,2018,159,
NEW YORK,2018,158,
NEW YORK,2018,157,
NEW YORK,2018,156,
NEW YORK,2018,155,
NEW YORK,2018,154,
NEW YORK,2018,153,
NEW YORK,2018,152,
NEW YORK,2018,151,
NEW YORK,2018,150,
NEW YORK,2018,149,
NEW YORK,2018,148,
NEW YORK,2018,147,
NEW YORK,2018,146,
NEW YORK,2018,145,
NEW YORK,2018,144,
NEW YORK,2018,143,
NEW YORK,2018,142,
NEW YORK,2018,141,
NEW YORK,2018,140,
NEW YORK,2018,139,
NEW YORK,2018,138,
NEW YORK,2018,137,
NEW YORK,2018,136,
NEW YORK,2018,135,
NEW YORK,2018,134,
NEW YORK,2018,133,
NEW YORK,2018,132,
NEW YORK,2018,131,
NEW YORK,2018,130,
NEW YORK,2018,129,
NEW YORK,2018,128,
NEW YORK,2018,127,
NEW YORK,2018,126,
NEW YORK,2018,125,
NEW YORK,2018,124,
NEW YORK,2018,123,
NEW YORK,2018,122,
NEW YORK,2018,121,
NEW YORK,2018,120,
NEW YORK,2018,119,
NEW YORK,2018,118,
NEW YORK,2018,117,
NEW YORK,2018,116,
NEW YORK,2018,115,
NEW YORK,2018,114,
NEW YORK,2018,113,
NEW YORK,2018,112,
NEW YORK,2018,111,
NEW YORK,2018,110,
NEW YORK,2018,109,
NEW YORK,2018,108,
NEW YORK,2018,107,
NEW YORK,2018,106,22.000000
NEW YORK,2018,105,
NEW YORK,2018,104,
NEW YORK,2018,103,31.000000
NEW YORK,2018,102,31.000000
NEW YORK,2018,101,31.000000
NEW YORK,2018,100,
NEW YORK,2018,99,
NEW YORK,2018,98,
NEW YORK,2018,97,
NEW YORK,2018,96,
NEW YORK,2018,95,
NEW YORK,2018,94,
NEW YORK,2018,93,
NEW YORK,2018,92,
NEW YORK,2018,91,
NEW YORK,2018,90,
NEW YORK,2018,89,
NEW YORK,2018,88,
NEW YORK,2018,87,
NEW YORK,2018,86,
NEW YORK,2018,85,
NEW YORK,2018,84,
NEW YORK,2018,83,
NEW YORK,2018,82,
NEW YORK,2018,81,
NEW YORK,2018,80,
NEW YORK,2018,79,
NEW YORK,2018,78,
NEW YORK,2018,77,
NEW YORK,2018,76,
NEW YORK,2018,75,
NEW YORK,2018,74,
NEW YORK,2018,73,
NEW YORK,2018,72,
NEW YORK,2018,71,
NEW YORK,2018,70,
NEW YORK,2018,69,
NEW YORK,2018,68,
NEW YORK,2018,67,
NEW YORK,2018,66,
NEW YORK,2018,65,
NEW YORK,2018,64,
NEW YORK,2018,63,
NEW YORK,2018,62,
NEW YORK,2018,61,
NEW YORK,2018,60,
NEW YORK,2018,59,
NEW YORK,2018,58,
NEW YORK,2018,57,
NEW YORK,2018,56,
NEW YORK,2018,55,
NEW YORK,2018,54,
NEW YORK,2018,53,
NEW YORK,2018,52,
NEW YORK,2018,51,
NEW YORK,2018,50,
NEW YORK,2018,49,
NEW YORK,2018,48,
NEW YORK,2018,47,
NEW YORK,2018,46,
NEW YORK,2018,45,
NEW YORK,2018,44,
NEW YORK,2018,43,
NEW YORK,2018,42,
NEW YORK,2018,41,
NEW YORK,2018,40,
NEW YORK,2018,39,20.000000
NEW YORK,2018,38,20.000000
NEW YORK,2018,37,20.000000
NEW YORK,2018,36,20.000000
NEW YORK,2018,35,
NEW YORK,2018,34,
NEW YORK,2018,33,12.000000
NEW YORK,2018,32,12.000000
NEW YORK,2018,31,12.000000
NEW YORK,2018,30,12.000000
NEW YORK,2018,29,
NEW YORK,2018,28,
NEW YORK,2018,27,
NEW YORK,2018,26,
NEW YORK,2018,25,
NEW YORK,2018,24,
NEW YORK,2018,23,
NEW YORK,2018,22,
NEW YORK,2018,21,
NEW YORK,2018,20,
NEW YORK,2018,19,
NEW YORK,2018,18,
NEW YORK,2018,17,
NEW YORK,2018,16,
NEW YORK,2018,15,
NEW YORK,2018,14,
NEW YORK,2018,13,
NEW YORK,2018,12,10.250000
NEW YORK,2018,11,10.250000
NEW YORK,2018,10,14.750000
NEW YORK,2018,9,24.000000
NEW YORK,2018,8,24.000000
NEW YORK,2018,7,
NEW YORK,2018,6,
NEW YORK,2018,5,
NEW YORK,2018,4,14.000000
NEW YORK,2018,3,14.000000
NEW YORK,2018,2,14.000000
PHILADELPHIA,2018,366,
PHILADELPHIA,2018,365,
PHILADELPHIA,2018,364,
PHILADELPHIA,2018,363,
PHILADELPHIA,2018,362,
PHILADELPHIA,2018,361,
PHILADELPHIA,2018,360,
PHILADELPHIA,2018,359,
PHILADELPHIA,2018,358,
PHILADELPHIA,2018,357,
PHILADELPHIA,2018,356,
PHILADELPHIA,2018,355,
PHILADELPHIA,2018,354,
PHILADELPHIA,2018,353,
PHILADELPHIA,2018,352,
PHILADELPHIA,2018,351,
PHILADELPHIA,2018,350,
PHILADELPHIA,2018,349,
PHILADELPHIA,2018,348,
PHILADELPHIA,2018,347,
PHILADELPHIA,2018,346,
PHILADELPHIA,2018,345,
PHILADELPHIA,2018,344,
PHILADELPHIA,2018,343,
PHILADELPHIA,2018,342,
PHILADELPHIA,2018,341,
PHILADELPHIA,2018,340,
PHILADELPHIA,2018,339,
PHILADELPHIA,2018,338,
PHILADELPHIA,2018,337,
PHILADELPHIA,2018,336,
PHILADELPHIA,2018,335,
PHILADELPHIA,2018,334,
PHILADELPHIA,2018,333,
PHILADELPHIA,2018,332,
PHILADELPHIA,2018,331,
PHILADELPHIA,2018,330,
PHILADELPHIA,2018,329,
PHILADELPHIA,2018,328,
PHILADELPHIA,2018,327,
PHILADELPHIA,2018,326,
PHILADELPHIA,2018,325,
PHILADELPHIA,2018,324,
PHILADELPHIA,2018,323,
PHILADELPHIA,2018,322,
PHILADELPHIA,2018,321,
PHILADELPHIA,2018,320,
PHILADELPHIA,2018,319,
PHILADELPHIA,2018,318,
PHILADELPHIA,2018,317,
PHILADELPHIA,2018,316,
PHILADELPHIA,2018,315,
PHILADELPHIA,2018,314,
PHILADELPHIA,2018,313,
PHILADELPHIA,2018,312,
PHILADELPHIA,2018,311,
PHILADELPHIA,2018,310,
PHILADELPHIA,2018,309,
PHILADELPHIA,2018,308,
PHILADELPHIA,2018,307,
PHILADELPHIA,2018,306,
PHILADELPHIA,2018,305,
PHILADELPHIA,2018,304,
PHILADELPHIA,2018,303,
PHILADELPHIA,2018,302,
PHILADELPHIA,2018,301,
PHILADELPHIA,2018,300,
PHILADELPHIA,2018,299,
PHILADELPHIA,2018,298,
PHILADELPHIA,2018,297,
PHILADELPHIA,2018,296,
PHILADELPHIA,2018,295,
PHILADELPHIA,2018,294,
PHILADELPHIA,2018,293,
PHILADELPHIA,2018,292,
PHILADELPHIA,2018,291,
PHILADELPHIA,2018,290,
PHILADELPHIA,2018,289,
PHILADELPHIA,2018,288,
PHILADELPHIA,2018,287,
PHILADELPHIA,2018,286,
PHILADELPHIA,2018,285,
PHILADELPHIA,2018,284,
PHILADELPHIA,2018,283,
PHILADELPHIA,2018,282,
PHILADELPHIA,2018,281,
PHILADELPHIA,2018,280,
PHILADELPHIA,2018,279,
PHILADELPHIA,2018,278,
PHILADELPHIA,2018,277,
PHILADELPHIA,2018,276,
PHILADELPHIA,2018,275,
PHILADELPHIA,2018,274,
PHILADELPHIA,2018,273,
PHILADELPHIA,2018,272,
PHILADELPHIA,2018,271,
PHILADELPHIA,2018,270,
PHILADELPHIA,2018,269,
PHILADELPHIA,2018,268,
PHILADELPHIA,2018,267,
PHILADELPHIA,2018,266,
PHILADELPHIA,2018,265,
PHILADELPHIA,2018,264,
PHILADELPHIA,2018,263,
PHILADELPHIA,2018,262,
PHILADELPHIA,2018,261,
PHILADELPHIA,2018,260,
PHILADELPHIA,2018,259,
PHILADELPHIA,2018,258,
PHILADELPHIA,2018,257,
PHILADELPHIA,2018,256,
PHILADELPHIA,2018,255,
PHILADELPHIA,2018,254,
PHILADELPHIA,2018,253,
PHILADELPHIA,2018,252,
PHILADELPHIA,2018,251,
PHILADELPHIA,2018,250,
PHILADELPHIA,2018,249,
PHILADELPHIA,2018,248,
PHILADELPHIA,2018,247,
PHILADELPHIA,2018,246,
PHILADELPHIA,2018,245,
PHILADELPHIA,2018,244,
PHILADELPHIA,2018,243,
PHILADELPHIA,2018,242,
PHILADELPHIA,2018,241,
PHILADELPHIA,2018,240,
PHILADELPHIA,2018,239,
PHILADELPHIA,2018,238,
PHILADELPHIA,2018,237,
PHILADELPHIA,2018,236,10.000000
PHILADELPHIA,2018,235,10.000000
PHILADELPHIA,2018,234,10.000000
PHILADELPHIA,2018,233,10.000000
PHILADELPHIA,2018,232,10.000000
PHILADELPHIA,2018,231,
PHILADELPHIA,2018,230,
PHILADELPHIA,2018,229,17.500000
PHILADELPHIA,2018,228,17.500000
PHILADELPHIA,2018,227,17.500000
PHILADELPHIA,2018,226,17.500000
PHILADELPHIA,2018,225,17.000000
PHILADELPHIA,2018,224,
PHILADELPHIA,2018,223,
PHILADELPHIA,2018,222,17.000000
PHILADELPHIA,2018,221,17.000000
PHILADELPHIA,2018,220,17.000000
PHILADELPHIA,2018,219,17.000000
PHILADELPHIA,2018,218,17.000000
PHILADELPHIA,2018,217,
PHILADELPHIA,2018,216,
PHILADELPHIA,2018,215,17.000000
PHILADELPHIA,2018,214,17.000000
PHILADELPHIA,2018,213,17.000000
PHILADELPHIA,2018,212,18.000000
PHILADELPHIA,2018,211,18.000000
PHILADELPHIA,2018,210,
PHILADELPHIA,2018,209,
PHILADELPHIA,2018,208,24.000000
PHILADELPHIA,2018,207,24.000000
PHILADELPHIA,2018,206,24.000000
PHILADELPHIA,2018,205,24.000000
PHILADELPHIA,2018,204,24.000000
PHILADELPHIA,2018,203,
PHILADELPHIA,2018,202,
PHILADELPHIA,2018,201,24.000000
PHILADELPHIA,2018,200,24.000000
PHILADELPHIA,2018,199,24.000000
PHILADELPHIA,2018,198,24.000000
PHILADELPHIA,2018,197,22.000000
PHILADELPHIA,2018,196,
PHILADELPHIA,2018,195,
PHILADELPHIA,2018,194,22.000000
PHILADELPHIA,2018,193,22.000000
PHILADELPHIA,2018,192,22.000000
PHILADELPHIA,2018,191,22.000000
PHILADELPHIA,2018,190,22.000000
PHILADELPHIA,2018,189,
PHILADELPHIA,2018,188,
PHILADELPHIA,2018,187,
PHILADELPHIA,2018,186,
PHILADELPHIA,2018,185,
PHILADELPHIA,2018,184,
PHILADELPHIA,2018,183,
PHILADELPHIA,2018,182,
PHILADELPHIA,2018,181,
PHILADELPHIA,2018,180,
PHILADELPHIA,2018,179,
PHILADELPHIA,2018,178,
PHILADELPHIA,2018,177,
PHILADELPHIA,2018,176,
PHILADELPHIA,2018,175,
PHILADELPHIA,2018,174,
PHILADELPHIA,2018,173,
PHILADELPHIA,2018,172,
PHILADELPHIA,2018,171,
PHILADELPHIA,2018,170,
PHILADELPHIA,2018,169,
PHILADELPHIA,2018,168,
PHILADELPHIA,2018,167,
PHILADELPHIA,2018,166,
PHILADELPHIA,2018,165,
PHILADELPHIA,2018,164,
PHILADELPHIA,2018,163,
PHILADELPHIA,2018,162,
PHILADELPHIA,2018,161,
PHILADELPHIA,2018,160,
PHILADELPHIA,2018,159,
PHILADELPHIA,2018,158,
PHILADELPHIA,2018,157,
PHILADELPHIA,2018,156,
PHILADELPHIA,2018,155,
PHILADELPHIA,2018,154,
PHILADELPHIA,2018,153,
PHILADELPHIA,2018,152,
PHILADELPHIA,2018,151,
PHILADELPHIA,2018,150,
PHILADELPHIA,2018,149,
PHILADELPHIA,2018,148,
PHILADELPHIA,2018,147,
PHILADELPHIA,2018,146,
PHILADELPHIA,2018,145,
PHILADELPHIA,2018,144,
PHILADELPHIA,2018,143,
PHILADELPHIA,2018,142,
PHILADELPHIA,2018,141,
PHILADELPHIA,2018,140,
PHILADELPHIA,2018,139,
PHILADELPHIA,2018,138,
PHILADELPHIA,2018,137,
PHILADELPHIA,2018,136,
PHILADELPHIA,2018,135,
PHILADELPHIA,2018,134,
PHILADELPHIA,2018,133,
PHILADELPHIA,2018,132,
PHILADELPHIA,2018,131,
PHILADELPHIA,2018,130,
PHILADELPHIA,2018,129,
PHILADELPHIA,2018,128,
PHILADELPHIA,2018,127,
PHILADELPHIA,2018,126,
PHILADELPHIA,2018,125,
PHILADELPHIA,2018,124,
PHILADELPHIA,2018,123,
PHILADELPHIA,2018,122,
PHILADELPHIA,2018,121,
PHILADELPHIA,2018,120,
PHILADELPHIA,2018,119,
PHILADELPHIA,2018,118,
PHILADELPHIA,2018,117,
PHILADELPHIA,2018,116,
PHILADELPHIA,2018,115,
PHILADELPHIA,2018,114,
PHILADELPHIA,2018,113,
PHILADELPHIA,2018,112,
PHILADELPHIA,2018,111,
PHILADELPHIA,2018,110,
PHILADELPHIA,2018,109,
PHILADELPHIA,2018,108,
PHILADELPHIA,2018,107,
PHILADELPHIA,2018,106,
PHILADELPHIA,2018,105,
PHILADELPHIA,2018,104,
PHILADELPHIA,2018,103,18.000000
PHILADELPHIA,2018,102,18.000000
PHILADELPHIA,2018,101,18.000000
PHILADELPHIA,2018,100,18.000000
PHILADELPHIA,2018,99,18.000000
PHILADELPHIA,2018,98,
PHILADELPHIA,2018,97,
PHILADELPHIA,2018,96,19.000000
PHILADELPHIA,2018,95,19.000000
PHILADELPHIA,2018,94,19.000000
PHILADELPHIA,2018,93,19.000000
PHILADELPHIA,2018,92,
PHILADELPHIA,2018,91,
PHILADELPHIA,2018,90,
PHILADELPHIA,2018,89,19.000000
PHILADELPHIA,2018,88,19.000000
PHILADELPHIA,2018,87,19.000000
PHILADELPHIA,2018,86,19.000000
PHILADELPHIA,2018,85,
PHILADELPHIA,2018,84,
PHILADELPHIA,2018,83,
PHILADELPHIA,2018,82,
PHILADELPHIA,2018,81,
PHILADELPHIA,2018,80,
PHILADELPHIA,2018,79,
PHILADELPHIA,2018,78,
PHILADELPHIA,2018,77,
PHILADELPHIA,2018,76,
PHILADELPHIA,2018,75,
PHILADELPHIA,2018,74,
PHILADELPHIA,2018,73,
PHILADELPHIA,2018,72,
PHILADELPHIA,2018,71,
PHILADELPHIA,2018,70,
PHILADELPHIA,2018,69,
PHILADELPHIA,2018,68,
PHILADELPHIA,2018,67,
PHILADELPHIA,2018,66,
PHILADELPHIA,2018,65,
PHILADELPHIA,2018,64,
PHILADELPHIA,2018,63,
PHILADELPHIA,2018,62,
PHILADELPHIA,2018,61,
PHILADELPHIA,2018,60,
PHILADELPHIA,2018,59,
PHILADELPHIA,2018,58,
PHILADELPHIA,2018,57,
PHILADELPHIA,2018,56,
PHILADELPHIA,2018,55,
PHILADELPHIA,2018,54,23.500000
PHILADELPHIA,2018,53,23.500000
PHILADELPHIA,2018,52,23.500000
PHILADELPHIA,2018,51,23.500000
PHILADELPHIA,2018,50,
PHILADELPHIA,2018,49,
PHILADELPHIA,2018,48,
PHILADELPHIA,2018,47,23.500000
PHILADELPHIA,2018,46,23.500000
PHILADELPHIA,2018,45,25.500000
PHILADELPHIA,2018,44,25.500000
PHILADELPHIA,2018,43,25.500000
PHILADELPHIA,2018,42,
PHILADELPHIA,2018,41,
PHILADELPHIA,2018,40,25.500000
PHILADELPHIA,2018,39,25.500000
PHILADELPHIA,2018,38,25.500000
PHILADELPHIA,2018,37,25.500000
PHILADELPHIA,2018,36,25.500000
PHILADELPHIA,2018,35,
PHILADELPHIA,2018,34,
PHILADELPHIA,2018,33,
PHILADELPHIA,2018,32,
PHILADELPHIA,2018,31,
PHILADELPHIA,2018,30,
PHILADELPHIA,2018,29,
PHILADELPHIA,2018,28,
PHILADELPHIA,2018,27,
PHILADELPHIA,2018,26,
PHILADELPHIA,2018,25,
PHILADELPHIA,2018,24,
PHILADELPHIA,2018,23,
PHILADELPHIA,2018,22,
PHILADELPHIA,2018,21,
PHILADELPHIA,2018,20,
PHILADELPHIA,2018,19,
PHILADELPHIA,2018,18,
PHILADELPHIA,2018,17,
PHILADELPHIA,2018,16,
PHILADELPHIA,2018,15,
PHILADELPHIA,2018,14,
PHILADELPHIA,2018,13,
PHILADELPHIA,2018,12,24.000000
PHILADELPHIA,2018,11,24.000000
PHILADELPHIA,2018,10,24.000000
PHILADELPHIA,2018,9,24.000000
PHILADELPHIA,2018,8,24.000000
PHILADELPHIA,2018,7,
PHILADELPHIA,2018,6,
PHILADELPHIA,2018,5,
PHILADELPHIA,2018,4,
PHILADELPHIA,2018,3,
PHILADELPHIA,2018,2,
